id,eventId,typeId,periodId,timeMin,timeSec,contestantId,outcome,x,y,timeStamp,lastModified,qualifier,playerId,playerName,keyPass,Squad,Position
2824000811,1,34,16,0,0,esvbnzqbyvxp2k570ez7h1a1g,1,0.0,0.0,2025-06-23T01:06:39.541Z,2025-06-23T02:27:41Z,"[{'id': 5778760445, 'qualifierId': 59, 'value': '1, 6, 75, 21, 3, 14, 20, 10, 9, 11, 7, 12, 15, 17, 19, 25, 28, 30, 31, 34'}, {'id': 5778760443, 'qualifierId': 44, 'value': '1, 2, 2, 3, 2, 2, 3, 3, 4, 3, 3, 5, 5, 5, 5, 5, 5, 5, 5, 5'}, {'id': 5778760449, 'qualifierId': 131, 'value': '1, 2, 3, 4, 5, 6, 7, 8, 9, 10, 11, 0, 0, 0, 0, 0, 0, 0, 0, 0'}, {'id': 5778760441, 'qualifierId': 30, 'value': '4yb9avzbrzt8m4c4h1yy98jbp, auyj06nha2syoygo7prfadobu, 3x6baiktcpcjxxh258a5uebpx, 6h8t7apz5vzk0pjxo8hbbkfhm, 9ms54l53wseuxarpn4vfcx9g4, 6p2318moul9op4hmigk1xbaw9, 3gu9gaz6w7eq79qnaqj3b7jdh, dzfr9ktjmxqj2eh2xibt7konp, 321yjdo3gio1l33hc1pdps4wl, efynp5qo9b9x0lh9b4ft0ic8a, 1he80t4tdvj86rbvng0956prd, 184w1exd2fg2pia1hanq3h5gp, 1p7mhkqn7vxnady8q0vboi02d, 7p8n46qssxb0drknt952vivbo, 7wy32l2np787xm3b61zyd79t6, 5kaxtpwnuplnrodirmblx3cb8, bcliy6oxtz7380e9cyr38dj4k, 5awt3jkiwx648u4pz5rxwy96, bxf73uaptcz0uj7uy1g0euod1, 90uj2c13ubln7tk1c9y0ra4x6'}, {'id': 5778760455, 'qualifierId': 227, 'value': '0, 0, 0, 0, 0, 0, 0, 0, 0, 0, 0, 0, 0, 0, 0, 0, 0, 0, 0, 0'}, {'id': 5778760447, 'qualifierId': 130, 'value': '8'}, {'id': 5778760453, 'qualifierId': 197, 'value': '24267'}, {'id': 5778760451, 'qualifierId': 194, 'value': '4yb9avzbrzt8m4c4h1yy98jbp'}]",,,,San Diego Wave,Home
2824004305,1,34,16,0,0,f1ks82wpiewyqs6h3oz9v4hzj,1,0.0,0.0,2025-06-23T01:49:18.245Z,2025-06-23T02:12:15Z,"[{'id': 5778781239, 'qualifierId': 59, 'value': '1, 14, 3, 17, 9, 24, 5, 4, 21, 7, 8, 28, 6, 13, 16, 19, 22, 25, 39'}, {'id': 5778781247, 'qualifierId': 197, 'value': '28271'}, {'id': 5778781235, 'qualifierId': 30, 'value': 'd9dirjpaqkq3gga2zyeykcv6d, en29qfiuu01nsmekoqhycjo45, 4ullol3wa4qdi9ydgrxgxbcgl, coy005g9noltjta4ka7utllp0, 27dktxivmcqmi1lkz1vs49qi2, bo5e35lsptja0pnlvk1y38dex, b8xa1whpr8m3e5zbziz9e91bd, 1v67tba1l3sxow1geovdqefo5, yay5mq8trvoxv9mwm4mqzn8q, 4wgwp2bd4xrjbg7s4p193aooa, 73q03evwuq5rdm7scz31yj4a2, 6vqain7mmp94wueprv9aj5xp1, 1za1zeyvqpbqjb1jw3sx4de5l, 42vdmyzhg3m7or9duzcuwkusp, 4h6jpaeqynme21y5gnho24ob8, 1jlc387u7fdpnnus9nlsb179w, bz6tei03n7cj4mbdsx20wd0yc, 8jc8ndxlodfrhxxao3k1fknbo, as2gs38ai4i235sz36rmvpa1g'}, {'id': 5778781241, 'qualifierId': 130, 'value': '8'}, {'id': 5778781249, 'qualifierId': 227, 'value': '0, 0, 0, 0, 0, 0, 0, 0, 0, 0, 0, 0, 0, 0, 0, 0, 0, 0, 0'}, {'id': 5778781243, 'qualifierId': 131, 'value': '1, 2, 3, 4, 5, 6, 7, 8, 9, 10, 11, 0, 0, 0, 0, 0, 0, 0, 0'}, {'id': 5778781237, 'qualifierId': 44, 'value': '1, 2, 2, 3, 2, 2, 3, 3, 4, 3, 3, 5, 5, 5, 5, 5, 5, 5, 5'}, {'id': 5778781245, 'qualifierId': 194, 'value': 'd9dirjpaqkq3gga2zyeykcv6d'}]",,,,Washington Spirit,Away
2824004857,2,32,1,0,0,esvbnzqbyvxp2k570ez7h1a1g,1,0.0,0.0,2025-06-23T02:08:12.614Z,2025-07-01T13:40:39Z,"[{'id': 5778784525, 'qualifierId': 127, 'value': 'Left to Right'}]",,,,San Diego Wave,Home
2824004859,3,32,1,0,0,f1ks82wpiewyqs6h3oz9v4hzj,1,0.0,0.0,2025-06-23T02:08:12.614Z,2025-06-23T02:08:13Z,"[{'id': 5778784527, 'qualifierId': 127, 'value': 'Right to Left'}]",,,,Washington Spirit,Away
2824004865,3,1,1,0,0,esvbnzqbyvxp2k570ez7h1a1g,1,49.8,49.9,2025-06-23T02:08:12.615Z,2025-06-23T02:19:00Z,"[{'id': 5778784559, 'qualifierId': 140, 'value': '26.8'}, {'id': 5778784565, 'qualifierId': 213, 'value': '3.03'}, {'id': 5778784561, 'qualifierId': 141, 'value': '53.9'}, {'id': 5778784563, 'qualifierId': 212, 'value': '24.3'}, {'id': 5778784567, 'qualifierId': 279, 'value': 'S'}, {'id': 5778784557, 'qualifierId': 56, 'value': 'Back'}]",6h8t7apz5vzk0pjxo8hbbkfhm,S. McCaskill,,San Diego Wave,Home
2824004871,4,1,1,0,4,esvbnzqbyvxp2k570ez7h1a1g,1,26.8,53.1,2025-06-23T02:08:17Z,2025-06-23T02:08:21Z,"[{'id': 5778784609, 'qualifierId': 141, 'value': '94.5'}, {'id': 5778784605, 'qualifierId': 56, 'value': 'Back'}, {'id': 5778784615, 'qualifierId': 1}, {'id': 5778784611, 'qualifierId': 212, 'value': '34.9'}, {'id': 5778784613, 'qualifierId': 213, 'value': '0.94'}, {'id': 5778784607, 'qualifierId': 140, 'value': '46.5'}]",4yb9avzbrzt8m4c4h1yy98jbp,K. Sheridan,,San Diego Wave,Home
2824004879,5,1,1,0,9,esvbnzqbyvxp2k570ez7h1a1g,1,46.3,91.8,2025-06-23T02:08:21.800Z,2025-06-23T02:08:25Z,"[{'id': 5778784665, 'qualifierId': 213, 'value': '3.88'}, {'id': 5778784659, 'qualifierId': 140, 'value': '35.0'}, {'id': 5778784663, 'qualifierId': 212, 'value': '16.0'}, {'id': 5778784661, 'qualifierId': 141, 'value': '76.0'}, {'id': 5778784657, 'qualifierId': 56, 'value': 'Back'}]",3x6baiktcpcjxxh258a5uebpx,P. Morroni,,San Diego Wave,Home
2824004883,6,1,1,0,12,esvbnzqbyvxp2k570ez7h1a1g,1,35.3,68.7,2025-06-23T02:08:25.176Z,2025-06-23T02:08:28Z,"[{'id': 5778784699, 'qualifierId': 213, 'value': '4.60'}, {'id': 5778784691, 'qualifierId': 56, 'value': 'Back'}, {'id': 5778784693, 'qualifierId': 140, 'value': '32.9'}, {'id': 5778784697, 'qualifierId': 212, 'value': '22.9'}, {'id': 5778784695, 'qualifierId': 141, 'value': '35.2'}]",6p2318moul9op4hmigk1xbaw9,K. McNabb,,San Diego Wave,Home
2824004887,7,1,1,0,15,esvbnzqbyvxp2k570ez7h1a1g,1,33.3,31.2,2025-06-23T02:08:28.600Z,2025-06-23T02:08:32Z,"[{'id': 5778784719, 'qualifierId': 141, 'value': '8.0'}, {'id': 5778784721, 'qualifierId': 212, 'value': '19.6'}, {'id': 5778784715, 'qualifierId': 56, 'value': 'Back'}, {'id': 5778784723, 'qualifierId': 213, 'value': '5.35'}, {'id': 5778784717, 'qualifierId': 140, 'value': '44.4'}]",9ms54l53wseuxarpn4vfcx9g4,T. Armstrong,,San Diego Wave,Home
2824004895,8,1,1,0,19,esvbnzqbyvxp2k570ez7h1a1g,1,41.7,7.1,2025-06-23T02:08:31.960Z,2025-06-23T02:08:33Z,"[{'id': 5778784767, 'qualifierId': 140, 'value': '30.1'}, {'id': 5778784765, 'qualifierId': 56, 'value': 'Back'}, {'id': 5778784769, 'qualifierId': 141, 'value': '14.7'}, {'id': 5778784773, 'qualifierId': 213, 'value': '2.74'}, {'id': 5778784771, 'qualifierId': 212, 'value': '13.2'}]",auyj06nha2syoygo7prfadobu,H. Lundkvist,,San Diego Wave,Home
2824004903,9,1,1,0,21,esvbnzqbyvxp2k570ez7h1a1g,1,29.9,16.7,2025-06-23T02:08:33.736Z,2025-06-23T02:08:39Z,"[{'id': 5778784795, 'qualifierId': 56, 'value': 'Back'}, {'id': 5778784801, 'qualifierId': 212, 'value': '20.0'}, {'id': 5778784799, 'qualifierId': 141, 'value': '41.3'}, {'id': 5778784803, 'qualifierId': 213, 'value': '2.15'}, {'id': 5778784797, 'qualifierId': 140, 'value': '19.4'}]",9ms54l53wseuxarpn4vfcx9g4,T. Armstrong,,San Diego Wave,Home
2824004921,10,1,1,0,26,esvbnzqbyvxp2k570ez7h1a1g,1,20.2,42.1,2025-06-23T02:08:39.592Z,2025-06-23T02:08:44Z,"[{'id': 5778784905, 'qualifierId': 155}, {'id': 5778784917, 'qualifierId': 1}, {'id': 5778784909, 'qualifierId': 140, 'value': '41.5'}, {'id': 5778784911, 'qualifierId': 141, 'value': '7.0'}, {'id': 5778784907, 'qualifierId': 56, 'value': 'Back'}, {'id': 5778784913, 'qualifierId': 212, 'value': '32.7'}, {'id': 5778784915, 'qualifierId': 213, 'value': '5.47'}]",4yb9avzbrzt8m4c4h1yy98jbp,K. Sheridan,,San Diego Wave,Home
2824004927,4,83,1,0,30,f1ks82wpiewyqs6h3oz9v4hzj,0,45.3,75.7,2025-06-23T02:08:43.045Z,2025-06-23T02:53:22Z,"[{'id': 5778820441, 'qualifierId': 399, 'value': 'auyj06nha2syoygo7prfadobu'}]",b8xa1whpr8m3e5zbziz9e91bd,N. Miura,,Washington Spirit,Away
2824004935,11,1,1,0,31,esvbnzqbyvxp2k570ez7h1a1g,1,59.5,7.1,2025-06-23T02:08:44.488Z,2025-06-23T02:08:49Z,"[{'id': 5778784991, 'qualifierId': 141, 'value': '23.6'}, {'id': 5778784993, 'qualifierId': 212, 'value': '11.8'}, {'id': 5778784989, 'qualifierId': 140, 'value': '63.0'}, {'id': 5778784995, 'qualifierId': 213, 'value': '1.25'}, {'id': 5778784987, 'qualifierId': 56, 'value': 'Center'}]",auyj06nha2syoygo7prfadobu,H. Lundkvist,,San Diego Wave,Home
2824004937,5,45,1,0,37,f1ks82wpiewyqs6h3oz9v4hzj,0,39.1,79.9,2025-06-23T02:08:49.880Z,2025-06-23T02:42:17Z,"[{'id': 5778784999, 'qualifierId': 56, 'value': 'Back'}, {'id': 5778785001, 'qualifierId': 285}, {'id': 5778785025, 'qualifierId': 233, 'value': '12'}]",4wgwp2bd4xrjbg7s4p193aooa,C. Bethune,,Washington Spirit,Away
2824004941,12,3,1,0,37,esvbnzqbyvxp2k570ez7h1a1g,1,60.9,20.1,2025-06-23T02:08:49.880Z,2025-07-01T13:47:38Z,"[{'id': 5778785005, 'qualifierId': 56, 'value': 'Right'}, {'id': 5778785007, 'qualifierId': 286}, {'id': 5785719223, 'qualifierId': 464}, {'id': 5778785009, 'qualifierId': 233, 'value': '5'}]",efynp5qo9b9x0lh9b4ft0ic8a,G. Corley,,San Diego Wave,Home
2824004947,13,1,1,0,37,esvbnzqbyvxp2k570ez7h1a1g,1,68.5,20.4,2025-06-23T02:08:50.519Z,2025-06-23T02:08:51Z,"[{'id': 5778785031, 'qualifierId': 140, 'value': '66.4'}, {'id': 5778785033, 'qualifierId': 141, 'value': '15.6'}, {'id': 5778785037, 'qualifierId': 213, 'value': '4.12'}, {'id': 5778785029, 'qualifierId': 56, 'value': 'Right'}, {'id': 5778785035, 'qualifierId': 212, 'value': '3.9'}]",efynp5qo9b9x0lh9b4ft0ic8a,G. Corley,,San Diego Wave,Home
2824004953,14,1,1,0,38,esvbnzqbyvxp2k570ez7h1a1g,1,66.2,15.5,2025-06-23T02:08:51.319Z,2025-06-23T02:08:52Z,"[{'id': 5778785079, 'qualifierId': 141, 'value': '21.3'}, {'id': 5778785075, 'qualifierId': 56, 'value': 'Center'}, {'id': 5778785081, 'qualifierId': 212, 'value': '4.2'}, {'id': 5778785083, 'qualifierId': 213, 'value': '1.90'}, {'id': 5778785077, 'qualifierId': 140, 'value': '64.9'}]",dzfr9ktjmxqj2eh2xibt7konp,K. Dali,,San Diego Wave,Home
2824004963,15,1,1,0,40,esvbnzqbyvxp2k570ez7h1a1g,1,64.7,22.1,2025-06-23T02:08:52.776Z,2025-06-23T02:08:55Z,"[{'id': 5778785119, 'qualifierId': 140, 'value': '56.1'}, {'id': 5778785125, 'qualifierId': 213, 'value': '2.37'}, {'id': 5778785121, 'qualifierId': 141, 'value': '34.9'}, {'id': 5778785123, 'qualifierId': 212, 'value': '12.5'}, {'id': 5778785117, 'qualifierId': 56, 'value': 'Center'}]",auyj06nha2syoygo7prfadobu,H. Lundkvist,,San Diego Wave,Home
2824004969,16,1,1,0,43,esvbnzqbyvxp2k570ez7h1a1g,1,53.5,42.2,2025-06-23T02:08:55.815Z,2025-06-23T02:08:58Z,"[{'id': 5778785159, 'qualifierId': 141, 'value': '68.2'}, {'id': 5778785163, 'qualifierId': 213, 'value': '1.39'}, {'id': 5778785155, 'qualifierId': 56, 'value': 'Center'}, {'id': 5778785157, 'qualifierId': 140, 'value': '56.6'}, {'id': 5778785161, 'qualifierId': 212, 'value': '18.0'}]",6p2318moul9op4hmigk1xbaw9,K. McNabb,,San Diego Wave,Home
2824004973,17,1,1,0,45,esvbnzqbyvxp2k570ez7h1a1g,1,54.3,60.2,2025-06-23T02:08:58.280Z,2025-06-23T02:08:59Z,"[{'id': 5778785181, 'qualifierId': 140, 'value': '58.3'}, {'id': 5778785183, 'qualifierId': 141, 'value': '57.8'}, {'id': 5778785187, 'qualifierId': 213, 'value': '5.91'}, {'id': 5778785179, 'qualifierId': 56, 'value': 'Center'}, {'id': 5778785185, 'qualifierId': 212, 'value': '4.5'}]",3x6baiktcpcjxxh258a5uebpx,P. Morroni,,San Diego Wave,Home
2824004985,18,1,1,0,46,esvbnzqbyvxp2k570ez7h1a1g,1,58.0,59.7,2025-06-23T02:08:59.400Z,2025-06-23T02:09:05Z,"[{'id': 5778785255, 'qualifierId': 212, 'value': '22.2'}, {'id': 5778785257, 'qualifierId': 213, 'value': '1.59'}, {'id': 5778785253, 'qualifierId': 141, 'value': '92.4'}, {'id': 5778785251, 'qualifierId': 140, 'value': '57.6'}, {'id': 5778785249, 'qualifierId': 56, 'value': 'Left'}]",6h8t7apz5vzk0pjxo8hbbkfhm,S. McCaskill,,San Diego Wave,Home
2824004991,19,1,1,0,52,esvbnzqbyvxp2k570ez7h1a1g,1,55.2,90.6,2025-06-23T02:09:05.080Z,2025-07-01T13:48:47Z,"[{'id': 5778785287, 'qualifierId': 56, 'value': 'Back'}, {'id': 5778785295, 'qualifierId': 213, 'value': '3.50'}, {'id': 5778785289, 'qualifierId': 140, 'value': '40.7'}, {'id': 5778785293, 'qualifierId': 212, 'value': '16.2'}, {'id': 5778785291, 'qualifierId': 141, 'value': '82.3'}]",1he80t4tdvj86rbvng0956prd,M. Sánchez,,San Diego Wave,Home
2824004993,20,1,1,0,54,esvbnzqbyvxp2k570ez7h1a1g,1,40.5,80.5,2025-06-23T02:09:07.351Z,2025-06-23T02:09:08Z,"[{'id': 5778785301, 'qualifierId': 140, 'value': '44.4'}, {'id': 5778785303, 'qualifierId': 141, 'value': '77.6'}, {'id': 5778785307, 'qualifierId': 213, 'value': '5.83'}, {'id': 5778785299, 'qualifierId': 56, 'value': 'Back'}, {'id': 5778785305, 'qualifierId': 212, 'value': '4.5'}]",6p2318moul9op4hmigk1xbaw9,K. McNabb,,San Diego Wave,Home
2824004999,21,1,1,0,55,esvbnzqbyvxp2k570ez7h1a1g,1,44.5,78.7,2025-06-23T02:09:08.361Z,2025-06-23T02:09:10Z,"[{'id': 5778785335, 'qualifierId': 56, 'value': 'Back'}, {'id': 5778785339, 'qualifierId': 141, 'value': '95.3'}, {'id': 5778785337, 'qualifierId': 140, 'value': '43.0'}, {'id': 5778785343, 'qualifierId': 213, 'value': '1.71'}, {'id': 5778785341, 'qualifierId': 212, 'value': '11.4'}]",6h8t7apz5vzk0pjxo8hbbkfhm,S. McCaskill,,San Diego Wave,Home
2824005007,22,1,1,0,57,esvbnzqbyvxp2k570ez7h1a1g,1,43.0,95.3,2025-06-23T02:09:10.520Z,2025-07-01T13:49:21Z,"[{'id': 5778785385, 'qualifierId': 56, 'value': 'Back'}, {'id': 5778785387, 'qualifierId': 140, 'value': '28.6'}, {'id': 5778785391, 'qualifierId': 212, 'value': '16.2'}, {'id': 5778785393, 'qualifierId': 213, 'value': '3.51'}, {'id': 5778785389, 'qualifierId': 141, 'value': '86.6'}]",1he80t4tdvj86rbvng0956prd,M. Sánchez,,San Diego Wave,Home
2824005015,23,1,1,1,1,esvbnzqbyvxp2k570ez7h1a1g,1,28.0,83.2,2025-06-23T02:09:14.168Z,2025-06-23T02:09:18Z,"[{'id': 5778785439, 'qualifierId': 140, 'value': '18.2'}, {'id': 5778785445, 'qualifierId': 213, 'value': '4.11'}, {'id': 5778785437, 'qualifierId': 56, 'value': 'Back'}, {'id': 5778785443, 'qualifierId': 212, 'value': '18.0'}, {'id': 5778785441, 'qualifierId': 141, 'value': '61.4'}]",6p2318moul9op4hmigk1xbaw9,K. McNabb,,San Diego Wave,Home
2824005021,24,1,1,1,5,esvbnzqbyvxp2k570ez7h1a1g,1,22.2,55.7,2025-06-23T02:09:18.056Z,2025-06-23T02:09:21Z,"[{'id': 5778785467, 'qualifierId': 56, 'value': 'Back'}, {'id': 5778785475, 'qualifierId': 213, 'value': '4.98'}, {'id': 5778785477, 'qualifierId': 1}, {'id': 5778785473, 'qualifierId': 212, 'value': '36.4'}, {'id': 5778785469, 'qualifierId': 140, 'value': '31.5'}, {'id': 5778785471, 'qualifierId': 141, 'value': '4.1'}]",4yb9avzbrzt8m4c4h1yy98jbp,K. Sheridan,,San Diego Wave,Home
2824005025,25,1,1,1,9,esvbnzqbyvxp2k570ez7h1a1g,1,32.0,4.1,2025-06-23T02:09:21.832Z,2025-06-23T02:09:23Z,"[{'id': 5778785495, 'qualifierId': 140, 'value': '19.6'}, {'id': 5778785499, 'qualifierId': 212, 'value': '14.8'}, {'id': 5778785493, 'qualifierId': 56, 'value': 'Back'}, {'id': 5778785497, 'qualifierId': 141, 'value': '14.3'}, {'id': 5778785501, 'qualifierId': 213, 'value': '2.65'}]",auyj06nha2syoygo7prfadobu,H. Lundkvist,,San Diego Wave,Home
2824005029,26,1,1,1,11,esvbnzqbyvxp2k570ez7h1a1g,1,19.6,14.3,2025-06-23T02:09:23.640Z,2025-06-23T02:09:24Z,"[{'id': 5778785517, 'qualifierId': 56, 'value': 'Back'}, {'id': 5778785523, 'qualifierId': 212, 'value': '9.5'}, {'id': 5778785521, 'qualifierId': 141, 'value': '20.6'}, {'id': 5778785519, 'qualifierId': 140, 'value': '27.7'}, {'id': 5778785525, 'qualifierId': 213, 'value': '0.47'}]",9ms54l53wseuxarpn4vfcx9g4,T. Armstrong,,San Diego Wave,Home
2824005031,27,1,1,1,12,esvbnzqbyvxp2k570ez7h1a1g,0,27.7,20.6,2025-06-23T02:09:24.744Z,2025-06-23T02:09:26Z,"[{'id': 5778785531, 'qualifierId': 140, 'value': '28.0'}, {'id': 5778785533, 'qualifierId': 141, 'value': '23.3'}, {'id': 5778785537, 'qualifierId': 213, 'value': '1.40'}, {'id': 5778785529, 'qualifierId': 56, 'value': 'Back'}, {'id': 5778785535, 'qualifierId': 212, 'value': '1.9'}]",6h8t7apz5vzk0pjxo8hbbkfhm,S. McCaskill,,San Diego Wave,Home
2824007085,166,61,1,1,13,esvbnzqbyvxp2k570ez7h1a1g,1,28.1,30.7,2025-06-23T02:09:26.005Z,2025-06-23T02:23:55Z,"[{'id': 5778797499, 'qualifierId': 56, 'value': 'Back'}]",1he80t4tdvj86rbvng0956prd,M. Sánchez,,San Diego Wave,Home
2824005037,28,1,1,1,17,esvbnzqbyvxp2k570ez7h1a1g,0,30.9,58.4,2025-06-23T02:09:30.104Z,2025-06-23T02:09:32Z,"[{'id': 5778785567, 'qualifierId': 140, 'value': '61.9'}, {'id': 5778785575, 'qualifierId': 1}, {'id': 5778785573, 'qualifierId': 213, 'value': '0.43'}, {'id': 5778785571, 'qualifierId': 212, 'value': '35.9'}, {'id': 5778785565, 'qualifierId': 56, 'value': 'Left'}, {'id': 5778785569, 'qualifierId': 141, 'value': '80.6'}, {'id': 5778785563, 'qualifierId': 155}]",6p2318moul9op4hmigk1xbaw9,K. McNabb,,San Diego Wave,Home
2824005055,6,12,1,1,23,f1ks82wpiewyqs6h3oz9v4hzj,1,38.3,17.0,2025-06-23T02:09:36.097Z,2025-06-23T02:09:38Z,"[{'id': 5778785665, 'qualifierId': 141, 'value': '0.0'}, {'id': 5778785661, 'qualifierId': 56, 'value': 'Back'}, {'id': 5778785669, 'qualifierId': 213, 'value': '4.35'}, {'id': 5778785663, 'qualifierId': 140, 'value': '33.7'}, {'id': 5778785667, 'qualifierId': 212, 'value': '13.8'}, {'id': 5778785679, 'qualifierId': 167}]",1v67tba1l3sxow1geovdqefo5,R. Bernal,,Washington Spirit,Away
2824005059,7,5,1,1,24,f1ks82wpiewyqs6h3oz9v4hzj,0,34.8,-2.0,2025-06-23T02:09:37.369Z,2025-06-23T02:27:30Z,"[{'id': 5778785675, 'qualifierId': 56, 'value': 'Back'}, {'id': 5778785677, 'qualifierId': 347}, {'id': 5778785685, 'qualifierId': 233, 'value': '29'}]",1v67tba1l3sxow1geovdqefo5,R. Bernal,,Washington Spirit,Away
2824005047,29,5,1,1,24,esvbnzqbyvxp2k570ez7h1a1g,1,65.2,102.0,2025-06-23T02:09:37.369Z,2025-06-23T02:13:51Z,"[{'id': 5778785681, 'qualifierId': 233, 'value': '7'}, {'id': 5778785621, 'qualifierId': 56, 'value': 'Left'}, {'id': 5778785623, 'qualifierId': 347}]",6p2318moul9op4hmigk1xbaw9,K. McNabb,,San Diego Wave,Home
2824005083,30,1,1,1,27,esvbnzqbyvxp2k570ez7h1a1g,1,62.2,100.0,2025-06-23T02:09:40.218Z,2025-06-23T02:09:48Z,"[{'id': 5778785795, 'qualifierId': 140, 'value': '54.3'}, {'id': 5778785793, 'qualifierId': 56, 'value': 'Left'}, {'id': 5778785791, 'qualifierId': 107}, {'id': 5778785801, 'qualifierId': 213, 'value': '3.73'}, {'id': 5778785799, 'qualifierId': 212, 'value': '10.0'}, {'id': 5778785797, 'qualifierId': 141, 'value': '93.8'}]",1he80t4tdvj86rbvng0956prd,M. Sánchez,,San Diego Wave,Home
2824005085,31,1,1,1,35,esvbnzqbyvxp2k570ez7h1a1g,1,63.4,89.1,2025-06-23T02:09:48.296Z,2025-06-23T02:25:03Z,"[{'id': 5778785817, 'qualifierId': 213, 'value': '2.18'}, {'id': 5778785815, 'qualifierId': 212, 'value': '5.5'}, {'id': 5778785809, 'qualifierId': 56, 'value': 'Left'}, {'id': 5778785811, 'qualifierId': 140, 'value': '60.4'}, {'id': 5778785813, 'qualifierId': 141, 'value': '95.7'}]",3x6baiktcpcjxxh258a5uebpx,P. Morroni,,San Diego Wave,Home
2824005089,32,1,1,1,37,esvbnzqbyvxp2k570ez7h1a1g,1,60.1,96.2,2025-06-23T02:09:49.736Z,2025-06-23T02:09:52Z,"[{'id': 5778785829, 'qualifierId': 141, 'value': '91.5'}, {'id': 5778785825, 'qualifierId': 56, 'value': 'Left'}, {'id': 5778785833, 'qualifierId': 213, 'value': '4.20'}, {'id': 5778785831, 'qualifierId': 212, 'value': '3.7'}, {'id': 5778785827, 'qualifierId': 140, 'value': '58.4'}]",1he80t4tdvj86rbvng0956prd,M. Sánchez,,San Diego Wave,Home
2824005095,33,1,1,1,39,esvbnzqbyvxp2k570ez7h1a1g,1,57.0,84.5,2025-06-23T02:09:52.008Z,2025-06-23T02:09:56Z,"[{'id': 5778785877, 'qualifierId': 212, 'value': '22.0'}, {'id': 5778785875, 'qualifierId': 141, 'value': '53.6'}, {'id': 5778785871, 'qualifierId': 56, 'value': 'Center'}, {'id': 5778785879, 'qualifierId': 213, 'value': '5.01'}, {'id': 5778785873, 'qualifierId': 140, 'value': '63.1'}]",6h8t7apz5vzk0pjxo8hbbkfhm,S. McCaskill,,San Diego Wave,Home
2824005101,34,1,1,1,43,esvbnzqbyvxp2k570ez7h1a1g,1,62.8,64.9,2025-06-23T02:09:55.929Z,2025-06-23T02:10:00Z,"[{'id': 5778785919, 'qualifierId': 212, 'value': '21.2'}, {'id': 5778785913, 'qualifierId': 56, 'value': 'Left'}, {'id': 5778785917, 'qualifierId': 141, 'value': '95.3'}, {'id': 5778785921, 'qualifierId': 213, 'value': '1.35'}, {'id': 5778785915, 'qualifierId': 140, 'value': '67.2'}]",dzfr9ktjmxqj2eh2xibt7konp,K. Dali,,San Diego Wave,Home
2824005105,35,1,1,1,47,esvbnzqbyvxp2k570ez7h1a1g,0,69.1,95.0,2025-06-23T02:09:59.944Z,2025-06-23T02:25:34Z,"[{'id': 5778785943, 'qualifierId': 141, 'value': '90.8'}, {'id': 5778785939, 'qualifierId': 56, 'value': 'Left'}, {'id': 5778785941, 'qualifierId': 140, 'value': '81.8'}, {'id': 5778785945, 'qualifierId': 212, 'value': '13.6'}, {'id': 5778785947, 'qualifierId': 213, 'value': '6.07'}]",1he80t4tdvj86rbvng0956prd,M. Sánchez,,San Diego Wave,Home
2824005107,36,43,1,1,49,esvbnzqbyvxp2k570ez7h1a1g,1,0.0,0.0,2025-06-23T02:10:01.960Z,2025-06-23T02:10:58Z,"[{'id': 5778786749, 'qualifierId': 144, 'value': '3'}, {'id': 5778785953, 'qualifierId': 286, 'value': '0'}, {'id': 5778785951, 'qualifierId': 56, 'value': 'Left'}]",1he80t4tdvj86rbvng0956prd,M. Sánchez,,San Diego Wave,Home
2824005109,8,8,1,1,51,f1ks82wpiewyqs6h3oz9v4hzj,1,10.7,11.9,2025-06-23T02:10:03.668Z,2025-07-01T13:52:22Z,"[{'id': 5778785955, 'qualifierId': 56, 'value': 'Back'}, {'id': 5785720175, 'qualifierId': 385}]",1v67tba1l3sxow1geovdqefo5,R. Bernal,,Washington Spirit,Away
2824005137,37,1,1,1,54,esvbnzqbyvxp2k570ez7h1a1g,1,79.9,93.6,2025-06-23T02:10:06.936Z,2025-07-01T13:52:43Z,"[{'id': 5778786099, 'qualifierId': 140, 'value': '82.3'}, {'id': 5778786105, 'qualifierId': 213, 'value': '5.17'}, {'id': 5778786101, 'qualifierId': 141, 'value': '86.0'}, {'id': 5778786097, 'qualifierId': 56, 'value': 'Left'}, {'id': 5778786103, 'qualifierId': 212, 'value': '5.7'}]",3x6baiktcpcjxxh258a5uebpx,P. Morroni,,San Diego Wave,Home
2824005115,9,83,1,1,54,f1ks82wpiewyqs6h3oz9v4hzj,0,15.6,18.9,2025-06-23T02:10:07.403Z,2025-06-23T02:25:57Z,"[{'id': 5778786139, 'qualifierId': 399, 'value': 'dzfr9ktjmxqj2eh2xibt7konp'}]",b8xa1whpr8m3e5zbziz9e91bd,N. Miura,,Washington Spirit,Away
2824005119,10,83,1,1,55,f1ks82wpiewyqs6h3oz9v4hzj,0,15.6,18.9,2025-06-23T02:10:07.747Z,2025-06-23T02:25:56Z,"[{'id': 5778786125, 'qualifierId': 399, 'value': 'dzfr9ktjmxqj2eh2xibt7konp'}]",b8xa1whpr8m3e5zbziz9e91bd,N. Miura,,Washington Spirit,Away
2824005139,38,1,1,2,0,esvbnzqbyvxp2k570ez7h1a1g,1,73.6,66.9,2025-06-23T02:10:13.341Z,2025-06-23T02:12:25Z,"[{'id': 5778786117, 'qualifierId': 141, 'value': '27.1'}, {'id': 5778786119, 'qualifierId': 212, 'value': '33.3'}, {'id': 5778786111, 'qualifierId': 155}, {'id': 5778786113, 'qualifierId': 56, 'value': 'Center'}, {'id': 5778786179, 'qualifierId': 1}, {'id': 5778786115, 'qualifierId': 140, 'value': '92.1'}, {'id': 5778786121, 'qualifierId': 213, 'value': '5.33'}]",dzfr9ktjmxqj2eh2xibt7konp,K. Dali,,San Diego Wave,Home
2824005151,39,1,1,2,3,esvbnzqbyvxp2k570ez7h1a1g,0,97.3,25.2,2025-06-23T02:10:16.121Z,2025-07-01T13:53:19Z,"[{'id': 5778786197, 'qualifierId': 56, 'value': 'Center'}, {'id': 5778786205, 'qualifierId': 213, 'value': '1.86'}, {'id': 5778786199, 'qualifierId': 140, 'value': '92.2'}, {'id': 5785720261, 'qualifierId': 20}, {'id': 5778786193, 'qualifierId': 2}, {'id': 5778786203, 'qualifierId': 212, 'value': '19.1'}, {'id': 5785720259, 'qualifierId': 224}, {'id': 5778786195, 'qualifierId': 155}, {'id': 5778786201, 'qualifierId': 141, 'value': '52.1'}]",auyj06nha2syoygo7prfadobu,H. Lundkvist,,San Diego Wave,Home
2824005153,11,12,1,2,6,f1ks82wpiewyqs6h3oz9v4hzj,1,11.1,54.8,2025-06-23T02:10:18.838Z,2025-06-23T02:10:25Z,"[{'id': 5778786211, 'qualifierId': 141, 'value': '54.9'}, {'id': 5778786213, 'qualifierId': 212, 'value': '8.9'}, {'id': 5778786207, 'qualifierId': 56, 'value': 'Back'}, {'id': 5778786229, 'qualifierId': 15}, {'id': 5778786215, 'qualifierId': 213, 'value': '0.01'}, {'id': 5778786209, 'qualifierId': 140, 'value': '19.6'}]",coy005g9noltjta4ka7utllp0,H. Hershfelt,,Washington Spirit,Away
2824005169,40,13,1,2,7,esvbnzqbyvxp2k570ez7h1a1g,1,79.6,41.6,2025-06-23T02:10:19.992Z,2025-07-01T13:02:52Z,"[{'id': 5778786617, 'qualifierId': 153}, {'id': 5778786287, 'qualifierId': 22}, {'id': 5785706987, 'qualifierId': 137}, {'id': 5778786365, 'qualifierId': 20}, {'id': 5778786615, 'qualifierId': 458}, {'id': 5778786619, 'qualifierId': 146, 'value': '99.1'}, {'id': 5778786611, 'qualifierId': 108}, {'id': 5778786613, 'qualifierId': 328}, {'id': 5778786289, 'qualifierId': 18}, {'id': 5778786609, 'qualifierId': 215}, {'id': 5778786605, 'qualifierId': 102, 'value': '59.3'}, {'id': 5778786623, 'qualifierId': 230, 'value': '98.6'}, {'id': 5778786621, 'qualifierId': 147, 'value': '56.7'}, {'id': 5778786625, 'qualifierId': 231, 'value': '51.8'}, {'id': 5785706473, 'qualifierId': 77}, {'id': 5778786291, 'qualifierId': 56, 'value': 'Center'}, {'id': 5778786607, 'qualifierId': 103, 'value': '43.1'}]",dzfr9ktjmxqj2eh2xibt7konp,K. Dali,,San Diego Wave,Home
2824005217,13,10,1,2,8,f1ks82wpiewyqs6h3oz9v4hzj,1,1.7,42.4,2025-06-23T02:10:20.630Z,2025-07-01T13:01:57Z,"[{'id': 5778802757, 'qualifierId': 178}, {'id': 5778802759, 'qualifierId': 182}, {'id': 5778802753, 'qualifierId': 174}, {'id': 5778802761, 'qualifierId': 190}, {'id': 5778786553, 'qualifierId': 56, 'value': 'Back'}, {'id': 5785706749, 'qualifierId': 378}, {'id': 5778802755, 'qualifierId': 381}]",d9dirjpaqkq3gga2zyeykcv6d,A. Kingsbury,,Washington Spirit,Away
2824005161,12,6,1,2,9,f1ks82wpiewyqs6h3oz9v4hzj,0,10.2,47.4,2025-06-23T02:10:21.937Z,2025-07-01T13:53:57Z,"[{'id': 5778786593, 'qualifierId': 233, 'value': '41'}, {'id': 5778786255, 'qualifierId': 56, 'value': 'Back'}, {'id': 5778786587, 'qualifierId': 73}]",d9dirjpaqkq3gga2zyeykcv6d,A. Kingsbury,,Washington Spirit,Away
2824005171,41,6,1,2,9,esvbnzqbyvxp2k570ez7h1a1g,1,89.8,52.6,2025-06-23T02:10:21.937Z,2025-06-23T02:38:42Z,"[{'id': 5778786299, 'qualifierId': 56, 'value': 'Center'}, {'id': 5778786301, 'qualifierId': 73}, {'id': 5778786589, 'qualifierId': 233, 'value': '12'}]",dzfr9ktjmxqj2eh2xibt7konp,K. Dali,,San Diego Wave,Home
2824005255,42,1,1,2,49,esvbnzqbyvxp2k570ez7h1a1g,0,99.5,99.5,2025-06-23T02:11:01.961Z,2025-07-01T13:54:12Z,"[{'id': 5778786815, 'qualifierId': 212, 'value': '31.3'}, {'id': 5778786807, 'qualifierId': 223}, {'id': 5785720499, 'qualifierId': 20}, {'id': 5778786813, 'qualifierId': 141, 'value': '54.5'}, {'id': 5778786811, 'qualifierId': 140, 'value': '93.4'}, {'id': 5778786801, 'qualifierId': 2}, {'id': 5778786809, 'qualifierId': 56, 'value': 'Center'}, {'id': 5778786817, 'qualifierId': 213, 'value': '4.51'}, {'id': 5778786803, 'qualifierId': 6}, {'id': 5778786805, 'qualifierId': 155}]",dzfr9ktjmxqj2eh2xibt7konp,K. Dali,,San Diego Wave,Home
2824005257,14,44,1,2,51,f1ks82wpiewyqs6h3oz9v4hzj,1,6.0,45.1,2025-06-23T02:11:04.548Z,2025-06-23T02:33:14Z,"[{'id': 5778786821, 'qualifierId': 285}, {'id': 5778786839, 'qualifierId': 233, 'value': '43'}, {'id': 5778786819, 'qualifierId': 56, 'value': 'Back'}]",coy005g9noltjta4ka7utllp0,H. Hershfelt,,Washington Spirit,Away
2824005261,43,44,1,2,51,esvbnzqbyvxp2k570ez7h1a1g,0,94.0,54.9,2025-06-23T02:11:04.549Z,2025-06-23T02:33:15Z,"[{'id': 5778786835, 'qualifierId': 286}, {'id': 5778786833, 'qualifierId': 56, 'value': 'Center'}, {'id': 5778786843, 'qualifierId': 233, 'value': '14'}]",6p2318moul9op4hmigk1xbaw9,K. McNabb,,San Diego Wave,Home
2824005259,15,12,1,2,52,f1ks82wpiewyqs6h3oz9v4hzj,1,4.8,44.6,2025-06-23T02:11:04.860Z,2025-06-23T02:11:07Z,"[{'id': 5778786825, 'qualifierId': 140, 'value': '13.1'}, {'id': 5778786829, 'qualifierId': 212, 'value': '8.9'}, {'id': 5778786837, 'qualifierId': 15}, {'id': 5778786823, 'qualifierId': 56, 'value': 'Back'}, {'id': 5778786831, 'qualifierId': 213, 'value': '0.19'}, {'id': 5778786827, 'qualifierId': 141, 'value': '47.0'}]",coy005g9noltjta4ka7utllp0,H. Hershfelt,,Washington Spirit,Away
2824005263,16,12,1,2,52,f1ks82wpiewyqs6h3oz9v4hzj,1,13.1,47.0,2025-06-23T02:11:05.375Z,2025-07-01T13:54:43Z,"[{'id': 5778786847, 'qualifierId': 56, 'value': 'Back'}, {'id': 5778786869, 'qualifierId': 15}, {'id': 5778786855, 'qualifierId': 213, 'value': '5.69'}, {'id': 5778786851, 'qualifierId': 141, 'value': '36.4'}, {'id': 5778786849, 'qualifierId': 140, 'value': '23.2'}, {'id': 5778786853, 'qualifierId': 212, 'value': '12.8'}]",bo5e35lsptja0pnlvk1y38dex,E. Morgan,,Washington Spirit,Away
2824005273,44,13,1,2,56,esvbnzqbyvxp2k570ez7h1a1g,1,78.4,67.8,2025-06-23T02:11:09.143Z,2025-06-23T02:11:18Z,"[{'id': 5778787025, 'qualifierId': 103, 'value': '54.2'}, {'id': 5778787023, 'qualifierId': 102, 'value': '60.2'}, {'id': 5778787029, 'qualifierId': 328}, {'id': 5778787021, 'qualifierId': 77}, {'id': 5778787033, 'qualifierId': 230, 'value': '99.0'}, {'id': 5778787031, 'qualifierId': 458}, {'id': 5778787027, 'qualifierId': 108}, {'id': 5778787035, 'qualifierId': 231, 'value': '51.4'}, {'id': 5778786973, 'qualifierId': 72}, {'id': 5778786971, 'qualifierId': 25}, {'id': 5778786901, 'qualifierId': 18}, {'id': 5778786903, 'qualifierId': 56, 'value': 'Center'}]",1he80t4tdvj86rbvng0956prd,M. Sánchez,,San Diego Wave,Home
2824005281,17,5,1,2,58,f1ks82wpiewyqs6h3oz9v4hzj,1,-1.6,44.9,2025-06-23T02:11:10.999Z,2025-06-23T02:11:18Z,"[{'id': 5778786933, 'qualifierId': 56, 'value': 'Back'}, {'id': 5778786949, 'qualifierId': 233, 'value': '45'}, {'id': 5778786935, 'qualifierId': 346}]",bo5e35lsptja0pnlvk1y38dex,E. Morgan,,Washington Spirit,Away
2824005279,45,5,1,2,58,esvbnzqbyvxp2k570ez7h1a1g,0,101.6,55.1,2025-06-23T02:11:10.999Z,2025-06-23T02:27:31Z,"[{'id': 5778786931, 'qualifierId': 346}, {'id': 5778786929, 'qualifierId': 56, 'value': 'Center'}, {'id': 5778786969, 'qualifierId': 233, 'value': '17'}]",1he80t4tdvj86rbvng0956prd,M. Sánchez,,San Diego Wave,Home
2824005313,18,1,1,3,18,f1ks82wpiewyqs6h3oz9v4hzj,1,5.1,50.3,2025-06-23T02:11:30.871Z,2025-07-01T13:56:13Z,"[{'id': 5778787177, 'qualifierId': 140, 'value': '15.6'}, {'id': 5778787183, 'qualifierId': 213, 'value': '1.02'}, {'id': 5778787181, 'qualifierId': 212, 'value': '21.0'}, {'id': 5778787179, 'qualifierId': 141, 'value': '76.6'}, {'id': 5778787173, 'qualifierId': 124}, {'id': 5778787187, 'qualifierId': 237}, {'id': 5785720931, 'qualifierId': 189}, {'id': 5778787175, 'qualifierId': 56, 'value': 'Back'}]",d9dirjpaqkq3gga2zyeykcv6d,A. Kingsbury,,Washington Spirit,Away
2824005331,19,1,1,3,21,f1ks82wpiewyqs6h3oz9v4hzj,1,21.9,77.8,2025-06-23T02:11:33.933Z,2025-06-23T02:11:35Z,"[{'id': 5778787269, 'qualifierId': 56, 'value': 'Back'}, {'id': 5778787273, 'qualifierId': 141, 'value': '93.5'}, {'id': 5778787271, 'qualifierId': 140, 'value': '37.0'}, {'id': 5778787275, 'qualifierId': 212, 'value': '19.1'}, {'id': 5778787277, 'qualifierId': 213, 'value': '0.59'}]",bo5e35lsptja0pnlvk1y38dex,E. Morgan,,Washington Spirit,Away
2824005335,20,1,1,3,23,f1ks82wpiewyqs6h3oz9v4hzj,0,37.0,93.5,2025-06-23T02:11:35.838Z,2025-06-23T02:11:37Z,"[{'id': 5778787311, 'qualifierId': 141, 'value': '89.3'}, {'id': 5778787313, 'qualifierId': 212, 'value': '28.5'}, {'id': 5778787307, 'qualifierId': 56, 'value': 'Left'}, {'id': 5778787309, 'qualifierId': 140, 'value': '64.0'}, {'id': 5778787315, 'qualifierId': 213, 'value': '6.18'}]",4ullol3wa4qdi9ydgrxgxbcgl,C. Krueger,,Washington Spirit,Away
2824005339,46,61,1,3,25,esvbnzqbyvxp2k570ez7h1a1g,1,41.0,4.6,2025-06-23T02:11:38.505Z,2025-06-23T02:11:38Z,"[{'id': 5778787329, 'qualifierId': 56, 'value': 'Back'}]",auyj06nha2syoygo7prfadobu,H. Lundkvist,,San Diego Wave,Home
2824005351,47,49,1,3,27,esvbnzqbyvxp2k570ez7h1a1g,1,34.6,10.1,2025-06-23T02:11:40.489Z,2025-06-23T02:11:40Z,[],9ms54l53wseuxarpn4vfcx9g4,T. Armstrong,,San Diego Wave,Home
2824005355,48,1,1,3,28,esvbnzqbyvxp2k570ez7h1a1g,1,30.9,12.3,2025-06-23T02:11:41.144Z,2025-06-23T02:11:46Z,"[{'id': 5778787439, 'qualifierId': 141, 'value': '40.4'}, {'id': 5778787435, 'qualifierId': 56, 'value': 'Back'}, {'id': 5778787443, 'qualifierId': 213, 'value': '2.48'}, {'id': 5778787441, 'qualifierId': 212, 'value': '31.2'}, {'id': 5778787437, 'qualifierId': 140, 'value': '7.4'}]",9ms54l53wseuxarpn4vfcx9g4,T. Armstrong,,San Diego Wave,Home
2824005363,49,1,1,3,33,esvbnzqbyvxp2k570ez7h1a1g,1,4.1,33.0,2025-06-23T02:11:46.072Z,2025-06-23T02:11:50Z,"[{'id': 5778787495, 'qualifierId': 213, 'value': '5.63'}, {'id': 5778787487, 'qualifierId': 56, 'value': 'Back'}, {'id': 5778787485, 'qualifierId': 155}, {'id': 5778787497, 'qualifierId': 1}, {'id': 5778787493, 'qualifierId': 212, 'value': '32.2'}, {'id': 5778787489, 'qualifierId': 140, 'value': '28.5'}, {'id': 5778787491, 'qualifierId': 141, 'value': '4.3'}]",4yb9avzbrzt8m4c4h1yy98jbp,K. Sheridan,,San Diego Wave,Home
2824005369,50,1,1,3,37,esvbnzqbyvxp2k570ez7h1a1g,1,27.8,11.3,2025-06-23T02:11:50.184Z,2025-06-23T02:11:53Z,"[{'id': 5778787529, 'qualifierId': 141, 'value': '50.4'}, {'id': 5778787527, 'qualifierId': 140, 'value': '17.4'}, {'id': 5778787531, 'qualifierId': 212, 'value': '28.7'}, {'id': 5778787533, 'qualifierId': 213, 'value': '1.96'}, {'id': 5778787525, 'qualifierId': 56, 'value': 'Back'}]",auyj06nha2syoygo7prfadobu,H. Lundkvist,,San Diego Wave,Home
2824005383,51,1,1,3,40,esvbnzqbyvxp2k570ez7h1a1g,1,17.8,51.9,2025-06-23T02:11:53.048Z,2025-06-23T02:11:59Z,"[{'id': 5778787623, 'qualifierId': 141, 'value': '90.8'}, {'id': 5778787621, 'qualifierId': 140, 'value': '28.9'}, {'id': 5778787619, 'qualifierId': 56, 'value': 'Back'}, {'id': 5778787625, 'qualifierId': 212, 'value': '28.9'}, {'id': 5778787627, 'qualifierId': 213, 'value': '1.16'}]",6p2318moul9op4hmigk1xbaw9,K. McNabb,,San Diego Wave,Home
2824005389,52,1,1,3,46,esvbnzqbyvxp2k570ez7h1a1g,1,35.2,91.8,2025-06-23T02:11:59.161Z,2025-06-23T02:12:00Z,"[{'id': 5778787655, 'qualifierId': 213, 'value': '5.97'}, {'id': 5778787647, 'qualifierId': 56, 'value': 'Left'}, {'id': 5778787653, 'qualifierId': 212, 'value': '18.8'}, {'id': 5778787651, 'qualifierId': 141, 'value': '83.3'}, {'id': 5778787649, 'qualifierId': 140, 'value': '52.2'}]",3x6baiktcpcjxxh258a5uebpx,P. Morroni,,San Diego Wave,Home
2824005397,53,1,1,3,48,esvbnzqbyvxp2k570ez7h1a1g,1,52.2,83.3,2025-06-23T02:12:00.679Z,2025-06-23T02:12:02Z,"[{'id': 5778787699, 'qualifierId': 141, 'value': '80.3'}, {'id': 5778787697, 'qualifierId': 140, 'value': '43.3'}, {'id': 5778787701, 'qualifierId': 212, 'value': '9.6'}, {'id': 5778787703, 'qualifierId': 213, 'value': '3.36'}, {'id': 5778787695, 'qualifierId': 56, 'value': 'Back'}]",321yjdo3gio1l33hc1pdps4wl,A. Leon,,San Diego Wave,Home
2824005403,54,1,1,3,49,esvbnzqbyvxp2k570ez7h1a1g,1,43.1,77.2,2025-06-23T02:12:02.584Z,2025-06-23T02:12:03Z,"[{'id': 5778787723, 'qualifierId': 56, 'value': 'Back'}, {'id': 5778787729, 'qualifierId': 212, 'value': '2.5'}, {'id': 5778787725, 'qualifierId': 140, 'value': '42.1'}, {'id': 5778787731, 'qualifierId': 213, 'value': '4.29'}, {'id': 5778787727, 'qualifierId': 141, 'value': '73.8'}]",3x6baiktcpcjxxh258a5uebpx,P. Morroni,,San Diego Wave,Home
2824005427,55,1,1,3,51,esvbnzqbyvxp2k570ez7h1a1g,1,41.7,70.5,2025-06-23T02:12:03.720Z,2025-06-23T02:12:12Z,"[{'id': 5778787857, 'qualifierId': 212, 'value': '34.6'}, {'id': 5778787861, 'qualifierId': 1}, {'id': 5778787855, 'qualifierId': 141, 'value': '20.1'}, {'id': 5778787851, 'qualifierId': 56, 'value': 'Back'}, {'id': 5778787859, 'qualifierId': 213, 'value': '4.84'}, {'id': 5778787853, 'qualifierId': 140, 'value': '46.0'}]",6h8t7apz5vzk0pjxo8hbbkfhm,S. McCaskill,,San Diego Wave,Home
2824005445,56,1,1,3,59,esvbnzqbyvxp2k570ez7h1a1g,0,71.6,22.5,2025-06-23T02:12:12.104Z,2025-06-23T02:12:15Z,"[{'id': 5778787921, 'qualifierId': 212, 'value': '30.3'}, {'id': 5778787915, 'qualifierId': 56, 'value': 'Right'}, {'id': 5778787917, 'qualifierId': 140, 'value': '100.0'}, {'id': 5778787923, 'qualifierId': 213, 'value': '6.22'}, {'id': 5778787919, 'qualifierId': 141, 'value': '19.8'}]",auyj06nha2syoygo7prfadobu,H. Lundkvist,,San Diego Wave,Home
2824005459,21,5,1,4,2,f1ks82wpiewyqs6h3oz9v4hzj,1,-0.8,80.6,2025-06-23T02:12:15.595Z,2025-06-23T02:27:31Z,"[{'id': 5778787995, 'qualifierId': 56, 'value': 'Back'}, {'id': 5778787997, 'qualifierId': 346}, {'id': 5778787999, 'qualifierId': 233, 'value': '57'}]",b8xa1whpr8m3e5zbziz9e91bd,N. Miura,,Washington Spirit,Away
2824005457,57,5,1,4,2,esvbnzqbyvxp2k570ez7h1a1g,0,100.8,19.4,2025-06-23T02:12:15.595Z,2025-06-23T02:27:31Z,"[{'id': 5778787983, 'qualifierId': 346}, {'id': 5778787981, 'qualifierId': 56, 'value': 'Right'}, {'id': 5778788007, 'qualifierId': 233, 'value': '21'}]",auyj06nha2syoygo7prfadobu,H. Lundkvist,,San Diego Wave,Home
2824005527,22,1,1,4,36,f1ks82wpiewyqs6h3oz9v4hzj,1,4.5,49.3,2025-06-23T02:12:49.243Z,2025-06-23T02:12:50Z,"[{'id': 5778788365, 'qualifierId': 140, 'value': '7.2'}, {'id': 5778788363, 'qualifierId': 56, 'value': 'Back'}, {'id': 5778788369, 'qualifierId': 212, 'value': '11.8'}, {'id': 5778788361, 'qualifierId': 124}, {'id': 5778788375, 'qualifierId': 237}, {'id': 5778788367, 'qualifierId': 141, 'value': '32.4'}, {'id': 5778788371, 'qualifierId': 213, 'value': '4.95'}]",d9dirjpaqkq3gga2zyeykcv6d,A. Kingsbury,,Washington Spirit,Away
2824005533,23,1,1,4,37,f1ks82wpiewyqs6h3oz9v4hzj,1,7.2,32.4,2025-06-23T02:12:50.540Z,2025-06-23T02:12:52Z,"[{'id': 5778788409, 'qualifierId': 141, 'value': '52.5'}, {'id': 5778788405, 'qualifierId': 56, 'value': 'Back'}, {'id': 5778788407, 'qualifierId': 140, 'value': '3.9'}, {'id': 5778788413, 'qualifierId': 213, 'value': '1.82'}, {'id': 5778788411, 'qualifierId': 212, 'value': '14.1'}]",27dktxivmcqmi1lkz1vs49qi2,T. McKeown,,Washington Spirit,Away
2824005537,24,1,1,4,39,f1ks82wpiewyqs6h3oz9v4hzj,1,3.9,52.5,2025-06-23T02:12:52.243Z,2025-06-23T02:12:53Z,"[{'id': 5778788431, 'qualifierId': 140, 'value': '6.8'}, {'id': 5778788433, 'qualifierId': 141, 'value': '79.0'}, {'id': 5778788437, 'qualifierId': 213, 'value': '1.40'}, {'id': 5778788429, 'qualifierId': 56, 'value': 'Back'}, {'id': 5778788435, 'qualifierId': 212, 'value': '18.3'}]",d9dirjpaqkq3gga2zyeykcv6d,A. Kingsbury,,Washington Spirit,Away
2824005541,25,1,1,4,40,f1ks82wpiewyqs6h3oz9v4hzj,1,6.8,79.0,2025-06-23T02:12:53.586Z,2025-06-23T02:12:55Z,"[{'id': 5778788453, 'qualifierId': 56, 'value': 'Back'}, {'id': 5778788459, 'qualifierId': 212, 'value': '11.1'}, {'id': 5778788455, 'qualifierId': 140, 'value': '11.2'}, {'id': 5778788461, 'qualifierId': 213, 'value': '1.14'}, {'id': 5778788457, 'qualifierId': 141, 'value': '93.8'}]",bo5e35lsptja0pnlvk1y38dex,E. Morgan,,Washington Spirit,Away
2824005553,26,1,1,4,42,f1ks82wpiewyqs6h3oz9v4hzj,1,11.2,93.8,2025-06-23T02:12:54.961Z,2025-06-23T02:32:52Z,"[{'id': 5778788499, 'qualifierId': 56, 'value': 'Back'}, {'id': 5778788507, 'qualifierId': 213, 'value': '5.20'}, {'id': 5778788501, 'qualifierId': 140, 'value': '14.2'}, {'id': 5778788503, 'qualifierId': 141, 'value': '85.1'}, {'id': 5778788505, 'qualifierId': 212, 'value': '6.7'}]",4ullol3wa4qdi9ydgrxgxbcgl,C. Krueger,,Washington Spirit,Away
2824005565,27,3,1,4,43,f1ks82wpiewyqs6h3oz9v4hzj,0,15.0,85.2,2025-06-23T02:12:55.825Z,2025-07-01T13:58:04Z,"[{'id': 5778805651, 'qualifierId': 233, 'value': '58'}, {'id': 5778788553, 'qualifierId': 56, 'value': 'Back'}, {'id': 5778805593, 'qualifierId': 285}, {'id': 5785721333, 'qualifierId': 464}]",coy005g9noltjta4ka7utllp0,H. Hershfelt,,Washington Spirit,Away
2824005549,58,7,1,4,43,esvbnzqbyvxp2k570ez7h1a1g,0,85.0,14.8,2025-06-23T02:12:55.826Z,2025-07-01T13:58:08Z,"[{'id': 5778805619, 'qualifierId': 286}, {'id': 5785721335, 'qualifierId': 383}, {'id': 5785721337, 'qualifierId': 178}, {'id': 5778788493, 'qualifierId': 56, 'value': 'Right'}, {'id': 5778805647, 'qualifierId': 233, 'value': '27'}]",dzfr9ktjmxqj2eh2xibt7konp,K. Dali,,San Diego Wave,Home
2825243099,721,61,1,4,43,f1ks82wpiewyqs6h3oz9v4hzj,1,17.9,85.9,2025-06-23T02:12:56.325Z,2025-07-01T13:58:21Z,"[{'id': 5785721383, 'qualifierId': 56, 'value': 'Back'}]",coy005g9noltjta4ka7utllp0,H. Hershfelt,,Washington Spirit,Away
2824005557,59,49,1,4,45,esvbnzqbyvxp2k570ez7h1a1g,1,84.7,7.4,2025-06-23T02:12:58.296Z,2025-06-23T02:12:58Z,[],auyj06nha2syoygo7prfadobu,H. Lundkvist,,San Diego Wave,Home
2824005569,28,43,1,4,46,f1ks82wpiewyqs6h3oz9v4hzj,1,0.0,0.0,2025-06-23T02:12:58.788Z,2025-06-23T02:33:09Z,"[{'id': 5778788659, 'qualifierId': 399, 'value': 'auyj06nha2syoygo7prfadobu'}, {'id': 5778805811, 'qualifierId': 144, 'value': '83'}]",coy005g9noltjta4ka7utllp0,H. Hershfelt,,Washington Spirit,Away
2824005573,60,1,1,4,47,esvbnzqbyvxp2k570ez7h1a1g,1,84.9,7.0,2025-06-23T02:13:00.536Z,2025-06-23T02:13:16Z,"[{'id': 5778788613, 'qualifierId': 140, 'value': '87.7'}, {'id': 5778788619, 'qualifierId': 213, 'value': '0.02'}, {'id': 5778788611, 'qualifierId': 56, 'value': 'Right'}, {'id': 5778788615, 'qualifierId': 141, 'value': '7.1'}, {'id': 5778788617, 'qualifierId': 212, 'value': '2.9'}]",auyj06nha2syoygo7prfadobu,H. Lundkvist,,San Diego Wave,Home
2824005575,61,1,1,4,49,esvbnzqbyvxp2k570ez7h1a1g,0,97.0,11.1,2025-06-23T02:13:02.412Z,2025-07-01T13:58:42Z,"[{'id': 5785721405, 'qualifierId': 224}, {'id': 5785721407, 'qualifierId': 20}, {'id': 5778788647, 'qualifierId': 286}, {'id': 5778788635, 'qualifierId': 213, 'value': '1.41'}, {'id': 5778788627, 'qualifierId': 56, 'value': 'Right'}, {'id': 5778788631, 'qualifierId': 141, 'value': '17.6'}, {'id': 5778788633, 'qualifierId': 212, 'value': '4.5'}, {'id': 5778788629, 'qualifierId': 140, 'value': '97.7'}, {'id': 5778788623, 'qualifierId': 2}, {'id': 5778788641, 'qualifierId': 236}, {'id': 5778788643, 'qualifierId': 233, 'value': '29'}, {'id': 5778788625, 'qualifierId': 155}]",3gu9gaz6w7eq79qnaqj3b7jdh,D. Cascarino,,San Diego Wave,Home
2824005577,29,12,1,4,49,f1ks82wpiewyqs6h3oz9v4hzj,1,4.3,82.4,2025-06-23T02:13:02.512Z,2025-06-23T02:13:58Z,"[{'id': 5778788649, 'qualifierId': 233, 'value': '61'}, {'id': 5778788639, 'qualifierId': 56, 'value': 'Back'}, {'id': 5778788637, 'qualifierId': 185}]",4ullol3wa4qdi9ydgrxgxbcgl,C. Krueger,,Washington Spirit,Away
2824005579,30,6,1,4,50,f1ks82wpiewyqs6h3oz9v4hzj,0,4.8,84.0,2025-06-23T02:13:03.334Z,2025-07-01T13:59:14Z,"[{'id': 5778788655, 'qualifierId': 73}, {'id': 5778788685, 'qualifierId': 233, 'value': '62'}, {'id': 5778788653, 'qualifierId': 56, 'value': 'Back'}]",4ullol3wa4qdi9ydgrxgxbcgl,C. Krueger,,Washington Spirit,Away
2824005581,62,6,1,4,50,esvbnzqbyvxp2k570ez7h1a1g,1,95.2,16.0,2025-06-23T02:13:03.334Z,2025-06-23T02:38:43Z,"[{'id': 5778788663, 'qualifierId': 75}, {'id': 5778788661, 'qualifierId': 56, 'value': 'Right'}, {'id': 5778788665, 'qualifierId': 233, 'value': '30'}]",3gu9gaz6w7eq79qnaqj3b7jdh,D. Cascarino,,San Diego Wave,Home
2824005601,63,1,1,5,12,esvbnzqbyvxp2k570ez7h1a1g,0,99.5,0.5,2025-06-23T02:13:24.618Z,2025-07-01T13:59:18Z,"[{'id': 5778788843, 'qualifierId': 141, 'value': '46.4'}, {'id': 5778788841, 'qualifierId': 140, 'value': '95.4'}, {'id': 5778788845, 'qualifierId': 212, 'value': '31.5'}, {'id': 5778788837, 'qualifierId': 223}, {'id': 5785721439, 'qualifierId': 72}, {'id': 5778788833, 'qualifierId': 6}, {'id': 5778788831, 'qualifierId': 2}, {'id': 5778788839, 'qualifierId': 56, 'value': 'Center'}, {'id': 5778788835, 'qualifierId': 155}, {'id': 5778788847, 'qualifierId': 213, 'value': '1.71'}]",1he80t4tdvj86rbvng0956prd,M. Sánchez,,San Diego Wave,Home
2824005603,31,12,1,5,14,f1ks82wpiewyqs6h3oz9v4hzj,1,3.9,59.4,2025-06-23T02:13:27.121Z,2025-06-23T02:13:29Z,"[{'id': 5778788861, 'qualifierId': 15}, {'id': 5778788857, 'qualifierId': 212, 'value': '12.1'}, {'id': 5778788855, 'qualifierId': 141, 'value': '54.6'}, {'id': 5778788859, 'qualifierId': 213, 'value': '6.01'}, {'id': 5778788851, 'qualifierId': 56, 'value': 'Back'}, {'id': 5778788853, 'qualifierId': 140, 'value': '15.0'}]",coy005g9noltjta4ka7utllp0,H. Hershfelt,,Washington Spirit,Away
2824005609,32,61,1,5,16,f1ks82wpiewyqs6h3oz9v4hzj,0,15.0,54.6,2025-06-23T02:13:28.980Z,2025-06-23T02:13:29Z,"[{'id': 5778788883, 'qualifierId': 56, 'value': 'Back'}]",yay5mq8trvoxv9mwm4mqzn8q,G. Monday,,Washington Spirit,Away
2824005617,64,13,1,5,18,esvbnzqbyvxp2k570ez7h1a1g,1,74.0,65.6,2025-06-23T02:13:31.322Z,2025-07-01T13:04:15Z,"[{'id': 5785707485, 'qualifierId': 108}, {'id': 5778789111, 'qualifierId': 102, 'value': '61.8'}, {'id': 5778789119, 'qualifierId': 458}, {'id': 5778789113, 'qualifierId': 103, 'value': '70.8'}, {'id': 5778788939, 'qualifierId': 56, 'value': 'Center'}, {'id': 5778789115, 'qualifierId': 215}, {'id': 5778789025, 'qualifierId': 72}, {'id': 5778789117, 'qualifierId': 328}, {'id': 5778788937, 'qualifierId': 18}, {'id': 5778789023, 'qualifierId': 25}, {'id': 5778789123, 'qualifierId': 231, 'value': '50.9'}, {'id': 5778789121, 'qualifierId': 230, 'value': '98.8'}, {'id': 5778789109, 'qualifierId': 77}]",auyj06nha2syoygo7prfadobu,H. Lundkvist,,San Diego Wave,Home
2824005619,33,5,1,5,20,f1ks82wpiewyqs6h3oz9v4hzj,1,-1.5,38.2,2025-06-23T02:13:32.823Z,2025-06-23T02:34:44Z,"[{'id': 5778788955, 'qualifierId': 233, 'value': '65'}, {'id': 5778788947, 'qualifierId': 56, 'value': 'Back'}, {'id': 5778788949, 'qualifierId': 346}]",yay5mq8trvoxv9mwm4mqzn8q,G. Monday,,Washington Spirit,Away
2824005623,65,5,1,5,20,esvbnzqbyvxp2k570ez7h1a1g,0,101.5,61.8,2025-06-23T02:13:32.823Z,2025-06-23T02:34:46Z,"[{'id': 5778788953, 'qualifierId': 346}, {'id': 5778788959, 'qualifierId': 233, 'value': '33'}, {'id': 5778788951, 'qualifierId': 56, 'value': 'Center'}]",auyj06nha2syoygo7prfadobu,H. Lundkvist,,San Diego Wave,Home
2824005699,34,1,1,5,47,f1ks82wpiewyqs6h3oz9v4hzj,1,3.9,49.0,2025-06-23T02:14:00.333Z,2025-06-23T02:14:05Z,"[{'id': 5778789459, 'qualifierId': 212, 'value': '48.6'}, {'id': 5778789451, 'qualifierId': 155}, {'id': 5778789453, 'qualifierId': 56, 'value': 'Back'}, {'id': 5778789461, 'qualifierId': 213, 'value': '5.72'}, {'id': 5778789455, 'qualifierId': 140, 'value': '43.1'}, {'id': 5778789463, 'qualifierId': 1}, {'id': 5778789467, 'qualifierId': 74}, {'id': 5778789449, 'qualifierId': 124}, {'id': 5778789457, 'qualifierId': 141, 'value': '10.9'}]",d9dirjpaqkq3gga2zyeykcv6d,A. Kingsbury,,Washington Spirit,Away
2824005707,35,1,1,5,52,f1ks82wpiewyqs6h3oz9v4hzj,0,44.6,5.6,2025-06-23T02:14:05.428Z,2025-06-23T02:14:08Z,"[{'id': 5778789501, 'qualifierId': 212, 'value': '14.6'}, {'id': 5778789499, 'qualifierId': 141, 'value': '0.0'}, {'id': 5778789503, 'qualifierId': 213, 'value': '5.92'}, {'id': 5778789497, 'qualifierId': 140, 'value': '57.6'}, {'id': 5778789495, 'qualifierId': 56, 'value': 'Right'}]",yay5mq8trvoxv9mwm4mqzn8q,G. Monday,,Washington Spirit,Away
2824005711,36,5,1,5,55,f1ks82wpiewyqs6h3oz9v4hzj,0,57.2,-1.8,2025-06-23T02:14:08.427Z,2025-06-23T02:14:10Z,"[{'id': 5778789517, 'qualifierId': 56, 'value': 'Right'}, {'id': 5778789531, 'qualifierId': 233, 'value': '66'}, {'id': 5778789519, 'qualifierId': 347}]",yay5mq8trvoxv9mwm4mqzn8q,G. Monday,,Washington Spirit,Away
2824005713,66,5,1,5,55,esvbnzqbyvxp2k570ez7h1a1g,1,42.8,101.8,2025-06-23T02:14:08.427Z,2025-06-23T02:27:32Z,"[{'id': 5778789525, 'qualifierId': 233, 'value': '36'}, {'id': 5778789523, 'qualifierId': 347}, {'id': 5778789521, 'qualifierId': 56, 'value': 'Back'}]",auyj06nha2syoygo7prfadobu,H. Lundkvist,,San Diego Wave,Home
2824005725,67,1,1,5,58,esvbnzqbyvxp2k570ez7h1a1g,1,41.5,100.0,2025-06-23T02:14:10.697Z,2025-06-23T02:14:14Z,"[{'id': 5778789583, 'qualifierId': 140, 'value': '30.6'}, {'id': 5778789589, 'qualifierId': 213, 'value': '3.57'}, {'id': 5778789581, 'qualifierId': 56, 'value': 'Back'}, {'id': 5778789585, 'qualifierId': 141, 'value': '94.1'}, {'id': 5778789579, 'qualifierId': 107}, {'id': 5778789587, 'qualifierId': 212, 'value': '12.6'}]",3x6baiktcpcjxxh258a5uebpx,P. Morroni,,San Diego Wave,Home
2824005733,68,1,1,6,1,esvbnzqbyvxp2k570ez7h1a1g,1,28.5,92.0,2025-06-23T02:14:14.393Z,2025-06-23T02:14:17Z,"[{'id': 5778789635, 'qualifierId': 212, 'value': '19.8'}, {'id': 5778789637, 'qualifierId': 213, 'value': '3.87'}, {'id': 5778789629, 'qualifierId': 56, 'value': 'Back'}, {'id': 5778789633, 'qualifierId': 141, 'value': '72.7'}, {'id': 5778789631, 'qualifierId': 140, 'value': '14.4'}]",6p2318moul9op4hmigk1xbaw9,K. McNabb,,San Diego Wave,Home
2824005747,69,1,1,6,4,esvbnzqbyvxp2k570ez7h1a1g,1,13.4,67.2,2025-06-23T02:14:17.049Z,2025-06-23T02:14:22Z,"[{'id': 5778789711, 'qualifierId': 213, 'value': '4.72'}, {'id': 5778789705, 'qualifierId': 140, 'value': '13.6'}, {'id': 5778789707, 'qualifierId': 141, 'value': '35.1'}, {'id': 5778789703, 'qualifierId': 56, 'value': 'Back'}, {'id': 5778789709, 'qualifierId': 212, 'value': '21.8'}]",4yb9avzbrzt8m4c4h1yy98jbp,K. Sheridan,,San Diego Wave,Home
2824005753,70,1,1,6,9,esvbnzqbyvxp2k570ez7h1a1g,1,18.1,33.0,2025-06-23T02:14:21.945Z,2025-06-23T02:14:25Z,"[{'id': 5778789743, 'qualifierId': 56, 'value': 'Back'}, {'id': 5778789751, 'qualifierId': 213, 'value': '1.75'}, {'id': 5778789749, 'qualifierId': 212, 'value': '15.5'}, {'id': 5778789745, 'qualifierId': 140, 'value': '15.4'}, {'id': 5778789747, 'qualifierId': 141, 'value': '55.4'}]",9ms54l53wseuxarpn4vfcx9g4,T. Armstrong,,San Diego Wave,Home
2824005769,71,1,1,6,12,esvbnzqbyvxp2k570ez7h1a1g,1,17.9,54.8,2025-06-23T02:14:25.401Z,2025-06-23T02:14:29Z,"[{'id': 5778789831, 'qualifierId': 56, 'value': 'Back'}, {'id': 5778789839, 'qualifierId': 213, 'value': '1.02'}, {'id': 5778789833, 'qualifierId': 140, 'value': '33.3'}, {'id': 5778789835, 'qualifierId': 141, 'value': '93.8'}, {'id': 5778789837, 'qualifierId': 212, 'value': '31.1'}]",4yb9avzbrzt8m4c4h1yy98jbp,K. Sheridan,,San Diego Wave,Home
2824005777,72,1,1,6,17,esvbnzqbyvxp2k570ez7h1a1g,1,34.6,92.9,2025-06-23T02:14:29.737Z,2025-06-23T02:14:33Z,"[{'id': 5778789887, 'qualifierId': 212, 'value': '13.0'}, {'id': 5778789885, 'qualifierId': 141, 'value': '90.9'}, {'id': 5778789881, 'qualifierId': 56, 'value': 'Back'}, {'id': 5778789889, 'qualifierId': 213, 'value': '3.25'}, {'id': 5778789883, 'qualifierId': 140, 'value': '22.3'}]",3x6baiktcpcjxxh258a5uebpx,P. Morroni,,San Diego Wave,Home
2824005799,73,1,1,6,20,esvbnzqbyvxp2k570ez7h1a1g,1,18.7,92.0,2025-06-23T02:14:33.257Z,2025-06-23T02:14:36Z,"[{'id': 5778789997, 'qualifierId': 141, 'value': '67.5'}, {'id': 5778789995, 'qualifierId': 140, 'value': '5.1'}, {'id': 5778789999, 'qualifierId': 212, 'value': '21.9'}, {'id': 5778789993, 'qualifierId': 56, 'value': 'Back'}, {'id': 5778790001, 'qualifierId': 213, 'value': '4.00'}]",6p2318moul9op4hmigk1xbaw9,K. McNabb,,San Diego Wave,Home
2824005805,74,1,1,6,24,esvbnzqbyvxp2k570ez7h1a1g,0,5.6,67.5,2025-06-23T02:14:36.697Z,2025-06-23T02:14:38Z,"[{'id': 5778790045, 'qualifierId': 141, 'value': '65.7'}, {'id': 5778790049, 'qualifierId': 213, 'value': '6.24'}, {'id': 5778790041, 'qualifierId': 56, 'value': 'Back'}, {'id': 5778790043, 'qualifierId': 140, 'value': '32.8'}, {'id': 5778790047, 'qualifierId': 212, 'value': '28.6'}, {'id': 5778790039, 'qualifierId': 157}, {'id': 5778790051, 'qualifierId': 1}]",4yb9avzbrzt8m4c4h1yy98jbp,K. Sheridan,,San Diego Wave,Home
2824005809,37,8,1,6,26,f1ks82wpiewyqs6h3oz9v4hzj,1,63.7,34.9,2025-06-23T02:14:39.300Z,2025-07-01T14:01:30Z,"[{'id': 5785722061, 'qualifierId': 384}, {'id': 5778790073, 'qualifierId': 56, 'value': 'Center'}]",coy005g9noltjta4ka7utllp0,H. Hershfelt,,Washington Spirit,Away
2824005813,75,12,1,6,27,esvbnzqbyvxp2k570ez7h1a1g,1,12.1,69.1,2025-06-23T02:14:40.394Z,2025-06-23T02:14:42Z,"[{'id': 5778790101, 'qualifierId': 56, 'value': 'Back'}, {'id': 5778790109, 'qualifierId': 213, 'value': '5.19'}, {'id': 5778790103, 'qualifierId': 140, 'value': '21.1'}, {'id': 5778790107, 'qualifierId': 212, 'value': '20.5'}, {'id': 5778790133, 'qualifierId': 15}, {'id': 5778790105, 'qualifierId': 141, 'value': '42.4'}]",6p2318moul9op4hmigk1xbaw9,K. McNabb,,San Diego Wave,Home
2824005815,38,49,1,6,30,f1ks82wpiewyqs6h3oz9v4hzj,1,77.8,63.0,2025-06-23T02:14:42.814Z,2025-06-23T02:14:42Z,[],4wgwp2bd4xrjbg7s4p193aooa,C. Bethune,,Washington Spirit,Away
2824005821,39,1,1,6,31,f1ks82wpiewyqs6h3oz9v4hzj,0,80.1,67.8,2025-06-23T02:14:43.861Z,2025-06-23T02:14:44Z,"[{'id': 5778790151, 'qualifierId': 141, 'value': '64.5'}, {'id': 5778790149, 'qualifierId': 140, 'value': '83.2'}, {'id': 5778790153, 'qualifierId': 212, 'value': '4.0'}, {'id': 5778790147, 'qualifierId': 56, 'value': 'Center'}, {'id': 5778790155, 'qualifierId': 213, 'value': '5.68'}]",4wgwp2bd4xrjbg7s4p193aooa,C. Bethune,,Washington Spirit,Away
2824005847,76,12,1,6,32,esvbnzqbyvxp2k570ez7h1a1g,1,18.9,38.9,2025-06-23T02:14:45.562Z,2025-06-23T02:14:58Z,"[{'id': 5778790309, 'qualifierId': 140, 'value': '33.5'}, {'id': 5778790315, 'qualifierId': 213, 'value': '0.05'}, {'id': 5778790311, 'qualifierId': 141, 'value': '40.1'}, {'id': 5778790313, 'qualifierId': 212, 'value': '15.4'}, {'id': 5778790307, 'qualifierId': 56, 'value': 'Back'}]",6h8t7apz5vzk0pjxo8hbbkfhm,S. McCaskill,,San Diego Wave,Home
2824005837,40,1,1,6,36,f1ks82wpiewyqs6h3oz9v4hzj,1,60.8,56.4,2025-06-23T02:14:48.735Z,2025-06-23T02:14:51Z,"[{'id': 5778790249, 'qualifierId': 212, 'value': '16.1'}, {'id': 5778790251, 'qualifierId': 213, 'value': '4.28'}, {'id': 5778790243, 'qualifierId': 56, 'value': 'Center'}, {'id': 5778790247, 'qualifierId': 141, 'value': '34.9'}, {'id': 5778790245, 'qualifierId': 140, 'value': '54.4'}]",bo5e35lsptja0pnlvk1y38dex,E. Morgan,,Washington Spirit,Away
2824005843,41,1,1,6,38,f1ks82wpiewyqs6h3oz9v4hzj,1,54.4,34.9,2025-06-23T02:14:51.047Z,2025-06-23T02:14:56Z,"[{'id': 5778790293, 'qualifierId': 213, 'value': '5.23'}, {'id': 5778790289, 'qualifierId': 141, 'value': '7.9'}, {'id': 5778790291, 'qualifierId': 212, 'value': '21.2'}, {'id': 5778790287, 'qualifierId': 140, 'value': '64.4'}, {'id': 5778790285, 'qualifierId': 56, 'value': 'Right'}]",27dktxivmcqmi1lkz1vs49qi2,T. McKeown,,Washington Spirit,Away
2824005845,42,61,1,6,43,f1ks82wpiewyqs6h3oz9v4hzj,0,65.5,7.6,2025-06-23T02:14:55.936Z,2025-06-23T02:14:56Z,"[{'id': 5778790299, 'qualifierId': 56, 'value': 'Right'}]",en29qfiuu01nsmekoqhycjo45,G. Carle,,Washington Spirit,Away
2824005849,77,3,1,6,44,esvbnzqbyvxp2k570ez7h1a1g,0,25.0,93.4,2025-06-23T02:14:57.560Z,2025-07-01T14:02:33Z,"[{'id': 5778790319, 'qualifierId': 285}, {'id': 5778790337, 'qualifierId': 233, 'value': '43'}, {'id': 5785722377, 'qualifierId': 465}, {'id': 5778790317, 'qualifierId': 56, 'value': 'Back'}]",3x6baiktcpcjxxh258a5uebpx,P. Morroni,,San Diego Wave,Home
2824005851,43,7,1,6,44,f1ks82wpiewyqs6h3oz9v4hzj,0,75.0,6.6,2025-06-23T02:14:57.561Z,2025-07-01T14:02:39Z,"[{'id': 5778790325, 'qualifierId': 286}, {'id': 5785722409, 'qualifierId': 383}, {'id': 5778790323, 'qualifierId': 56, 'value': 'Right'}, {'id': 5785722411, 'qualifierId': 178}, {'id': 5778790329, 'qualifierId': 233, 'value': '77'}]",en29qfiuu01nsmekoqhycjo45,G. Carle,,Washington Spirit,Away
2824005853,78,4,1,6,49,esvbnzqbyvxp2k570ez7h1a1g,1,6.9,96.4,2025-06-23T02:15:01.865Z,2025-06-23T02:15:11Z,"[{'id': 5778790341, 'qualifierId': 285}, {'id': 5778790455, 'qualifierId': 233, 'value': '44'}, {'id': 5778790339, 'qualifierId': 56, 'value': 'Back'}, {'id': 5778790425, 'qualifierId': 265}, {'id': 5778790421, 'qualifierId': 13}, {'id': 5778790423, 'qualifierId': 152}]",1he80t4tdvj86rbvng0956prd,M. Sánchez,,San Diego Wave,Home
2824005859,44,4,1,6,49,f1ks82wpiewyqs6h3oz9v4hzj,0,93.1,3.6,2025-06-23T02:15:01.866Z,2025-06-23T02:15:30Z,"[{'id': 5778790377, 'qualifierId': 286}, {'id': 5778790369, 'qualifierId': 13}, {'id': 5778790375, 'qualifierId': 265}, {'id': 5778790373, 'qualifierId': 152}, {'id': 5778790463, 'qualifierId': 233, 'value': '78'}, {'id': 5778790371, 'qualifierId': 56, 'value': 'Right'}]",en29qfiuu01nsmekoqhycjo45,G. Carle,,Washington Spirit,Away
2824005889,79,1,1,7,11,esvbnzqbyvxp2k570ez7h1a1g,1,5.5,97.4,2025-06-23T02:15:24.104Z,2025-07-01T14:02:47Z,"[{'id': 5778790555, 'qualifierId': 141, 'value': '86.2'}, {'id': 5778790547, 'qualifierId': 5}, {'id': 5785722429, 'qualifierId': 189}, {'id': 5778790553, 'qualifierId': 140, 'value': '29.6'}, {'id': 5778790559, 'qualifierId': 213, 'value': '5.99'}, {'id': 5778790551, 'qualifierId': 56, 'value': 'Back'}, {'id': 5778790557, 'qualifierId': 212, 'value': '26.4'}, {'id': 5778790549, 'qualifierId': 152}]",3x6baiktcpcjxxh258a5uebpx,P. Morroni,,San Diego Wave,Home
2824005891,80,4,1,7,14,esvbnzqbyvxp2k570ez7h1a1g,1,31.7,89.4,2025-06-23T02:15:26.761Z,2025-06-23T02:33:13Z,"[{'id': 5778790567, 'qualifierId': 152}, {'id': 5778790571, 'qualifierId': 285}, {'id': 5778790565, 'qualifierId': 56, 'value': 'Back'}, {'id': 5778790563, 'qualifierId': 13}, {'id': 5778790585, 'qualifierId': 233, 'value': '45'}, {'id': 5778790569, 'qualifierId': 265}]",6h8t7apz5vzk0pjxo8hbbkfhm,S. McCaskill,,San Diego Wave,Home
2824005893,45,4,1,7,14,f1ks82wpiewyqs6h3oz9v4hzj,0,68.3,10.6,2025-06-23T02:15:26.762Z,2025-06-23T02:33:14Z,"[{'id': 5778790579, 'qualifierId': 152}, {'id': 5778790575, 'qualifierId': 13}, {'id': 5778790581, 'qualifierId': 265}, {'id': 5778790601, 'qualifierId': 233, 'value': '80'}, {'id': 5778790577, 'qualifierId': 56, 'value': 'Right'}, {'id': 5778790583, 'qualifierId': 286}]",yay5mq8trvoxv9mwm4mqzn8q,G. Monday,,Washington Spirit,Away
2824005967,81,1,1,7,44,esvbnzqbyvxp2k570ez7h1a1g,1,29.8,82.1,2025-06-23T02:15:57.225Z,2025-06-23T02:16:00Z,"[{'id': 5778790965, 'qualifierId': 140, 'value': '21.7'}, {'id': 5778790959, 'qualifierId': 5}, {'id': 5778790963, 'qualifierId': 56, 'value': 'Back'}, {'id': 5778790969, 'qualifierId': 212, 'value': '30.2'}, {'id': 5778790961, 'qualifierId': 152}, {'id': 5778790975, 'qualifierId': 189}, {'id': 5778790967, 'qualifierId': 141, 'value': '39.5'}, {'id': 5778790971, 'qualifierId': 213, 'value': '4.43'}]",6p2318moul9op4hmigk1xbaw9,K. McNabb,,San Diego Wave,Home
2824005975,82,1,1,7,48,esvbnzqbyvxp2k570ez7h1a1g,1,22.2,37.9,2025-06-23T02:16:00.926Z,2025-06-23T02:16:03Z,"[{'id': 5778791005, 'qualifierId': 141, 'value': '4.6'}, {'id': 5778791007, 'qualifierId': 212, 'value': '25.0'}, {'id': 5778791003, 'qualifierId': 140, 'value': '32.3'}, {'id': 5778791009, 'qualifierId': 213, 'value': '5.15'}, {'id': 5778791001, 'qualifierId': 56, 'value': 'Back'}]",9ms54l53wseuxarpn4vfcx9g4,T. Armstrong,,San Diego Wave,Home
2824005977,46,45,1,7,50,f1ks82wpiewyqs6h3oz9v4hzj,0,63.5,94.2,2025-06-23T02:16:03.161Z,2025-06-23T02:42:18Z,"[{'id': 5778791013, 'qualifierId': 56, 'value': 'Left'}, {'id': 5778791015, 'qualifierId': 285}, {'id': 5778791055, 'qualifierId': 233, 'value': '83'}]",73q03evwuq5rdm7scz31yj4a2,M. Morris,,Washington Spirit,Away
2824005981,83,3,1,7,50,esvbnzqbyvxp2k570ez7h1a1g,1,36.5,5.8,2025-06-23T02:16:03.161Z,2025-07-01T14:04:17Z,"[{'id': 5785722849, 'qualifierId': 464}, {'id': 5778791051, 'qualifierId': 233, 'value': '46'}, {'id': 5778791049, 'qualifierId': 286}, {'id': 5778791047, 'qualifierId': 56, 'value': 'Back'}]",auyj06nha2syoygo7prfadobu,H. Lundkvist,,San Diego Wave,Home
2824005991,84,1,1,7,53,esvbnzqbyvxp2k570ez7h1a1g,1,32.8,18.9,2025-06-23T02:16:06.249Z,2025-06-23T02:16:12Z,"[{'id': 5778791103, 'qualifierId': 56, 'value': 'Back'}, {'id': 5778791109, 'qualifierId': 212, 'value': '31.8'}, {'id': 5778791105, 'qualifierId': 140, 'value': '30.5'}, {'id': 5778791111, 'qualifierId': 213, 'value': '1.65'}, {'id': 5778791107, 'qualifierId': 141, 'value': '65.5'}]",auyj06nha2syoygo7prfadobu,H. Lundkvist,,San Diego Wave,Home
2824006001,85,1,1,7,59,esvbnzqbyvxp2k570ez7h1a1g,1,36.1,67.8,2025-06-23T02:16:12.042Z,2025-06-23T02:16:13Z,"[{'id': 5778791157, 'qualifierId': 140, 'value': '34.0'}, {'id': 5778791161, 'qualifierId': 212, 'value': '15.9'}, {'id': 5778791163, 'qualifierId': 213, 'value': '1.71'}, {'id': 5778791155, 'qualifierId': 56, 'value': 'Back'}, {'id': 5778791159, 'qualifierId': 141, 'value': '90.9'}]",6p2318moul9op4hmigk1xbaw9,K. McNabb,,San Diego Wave,Home
2824006007,86,1,1,8,0,esvbnzqbyvxp2k570ez7h1a1g,1,34.0,90.9,2025-06-23T02:16:13.593Z,2025-06-23T02:16:17Z,"[{'id': 5778791209, 'qualifierId': 141, 'value': '94.7'}, {'id': 5778791205, 'qualifierId': 56, 'value': 'Back'}, {'id': 5778791211, 'qualifierId': 212, 'value': '13.2'}, {'id': 5778791207, 'qualifierId': 140, 'value': '46.3'}, {'id': 5778791213, 'qualifierId': 213, 'value': '0.20'}]",3x6baiktcpcjxxh258a5uebpx,P. Morroni,,San Diego Wave,Home
2824006013,87,1,1,8,4,esvbnzqbyvxp2k570ez7h1a1g,1,44.4,75.1,2025-06-23T02:16:17.401Z,2025-06-23T02:16:21Z,"[{'id': 5778791253, 'qualifierId': 213, 'value': '5.81'}, {'id': 5778791251, 'qualifierId': 212, 'value': '12.2'}, {'id': 5778791249, 'qualifierId': 141, 'value': '66.9'}, {'id': 5778791245, 'qualifierId': 56, 'value': 'Center'}, {'id': 5778791247, 'qualifierId': 140, 'value': '54.7'}]",1he80t4tdvj86rbvng0956prd,M. Sánchez,,San Diego Wave,Home
2824006019,88,1,1,8,8,esvbnzqbyvxp2k570ez7h1a1g,1,58.6,76.4,2025-06-23T02:16:21.178Z,2025-06-23T02:16:25Z,"[{'id': 5778791287, 'qualifierId': 141, 'value': '92.1'}, {'id': 5778791291, 'qualifierId': 213, 'value': '0.97'}, {'id': 5778791283, 'qualifierId': 56, 'value': 'Left'}, {'id': 5778791289, 'qualifierId': 212, 'value': '13.0'}, {'id': 5778791285, 'qualifierId': 140, 'value': '65.6'}]",321yjdo3gio1l33hc1pdps4wl,A. Leon,,San Diego Wave,Home
2824006023,89,1,1,8,12,esvbnzqbyvxp2k570ez7h1a1g,1,68.0,95.1,2025-06-23T02:16:25.257Z,2025-07-01T14:05:03Z,"[{'id': 5778791315, 'qualifierId': 213, 'value': '6.17'}, {'id': 5778791309, 'qualifierId': 140, 'value': '75.1'}, {'id': 5778791313, 'qualifierId': 212, 'value': '7.5'}, {'id': 5778791307, 'qualifierId': 56, 'value': 'Left'}, {'id': 5778791311, 'qualifierId': 141, 'value': '93.8'}]",efynp5qo9b9x0lh9b4ft0ic8a,G. Corley,,San Diego Wave,Home
2824006027,90,1,1,8,14,esvbnzqbyvxp2k570ez7h1a1g,0,70.8,88.9,2025-06-23T02:16:26.937Z,2025-07-01T14:05:16Z,"[{'id': 5778791335, 'qualifierId': 141, 'value': '85.3'}, {'id': 5778791339, 'qualifierId': 213, 'value': '4.38'}, {'id': 5778791331, 'qualifierId': 56, 'value': 'Left'}, {'id': 5778791333, 'qualifierId': 140, 'value': '70.0'}, {'id': 5785723059, 'qualifierId': 156}, {'id': 5778791337, 'qualifierId': 212, 'value': '2.6'}]",3x6baiktcpcjxxh258a5uebpx,P. Morroni,,San Diego Wave,Home
2824006035,47,12,1,8,15,f1ks82wpiewyqs6h3oz9v4hzj,1,22.4,16.2,2025-06-23T02:16:27.784Z,2025-06-23T02:16:32Z,"[{'id': 5778791383, 'qualifierId': 140, 'value': '70.9'}, {'id': 5778791381, 'qualifierId': 56, 'value': 'Center'}, {'id': 5778791389, 'qualifierId': 213, 'value': '0.27'}, {'id': 5778791385, 'qualifierId': 141, 'value': '36.9'}, {'id': 5778791387, 'qualifierId': 212, 'value': '52.8'}]",1v67tba1l3sxow1geovdqefo5,R. Bernal,,Washington Spirit,Away
2824006049,91,1,1,8,23,esvbnzqbyvxp2k570ez7h1a1g,1,32.4,51.0,2025-06-23T02:16:35.818Z,2025-06-23T02:16:38Z,"[{'id': 5778791439, 'qualifierId': 56, 'value': 'Back'}, {'id': 5778791447, 'qualifierId': 213, 'value': '5.32'}, {'id': 5778791441, 'qualifierId': 140, 'value': '38.3'}, {'id': 5778791443, 'qualifierId': 141, 'value': '37.9'}, {'id': 5778791445, 'qualifierId': 212, 'value': '10.9'}]",4yb9avzbrzt8m4c4h1yy98jbp,K. Sheridan,,San Diego Wave,Home
2824006057,92,1,1,8,25,esvbnzqbyvxp2k570ez7h1a1g,1,41.9,34.5,2025-06-23T02:16:38.425Z,2025-06-23T02:16:42Z,"[{'id': 5778791485, 'qualifierId': 140, 'value': '47.7'}, {'id': 5778791489, 'qualifierId': 212, 'value': '6.1'}, {'id': 5778791491, 'qualifierId': 213, 'value': '6.18'}, {'id': 5778791483, 'qualifierId': 56, 'value': 'Back'}, {'id': 5778791487, 'qualifierId': 141, 'value': '33.6'}]",9ms54l53wseuxarpn4vfcx9g4,T. Armstrong,,San Diego Wave,Home
2824006065,93,1,1,8,30,esvbnzqbyvxp2k570ez7h1a1g,1,49.3,28.6,2025-06-23T02:16:42.730Z,2025-06-23T02:16:45Z,"[{'id': 5778791537, 'qualifierId': 140, 'value': '37.3'}, {'id': 5778791541, 'qualifierId': 212, 'value': '13.6'}, {'id': 5778791543, 'qualifierId': 213, 'value': '3.54'}, {'id': 5778791535, 'qualifierId': 56, 'value': 'Back'}, {'id': 5778791539, 'qualifierId': 141, 'value': '20.9'}]",dzfr9ktjmxqj2eh2xibt7konp,K. Dali,,San Diego Wave,Home
2824006073,94,1,1,8,32,esvbnzqbyvxp2k570ez7h1a1g,1,38.1,15.6,2025-06-23T02:16:45.306Z,2025-06-23T02:16:47Z,"[{'id': 5778791555, 'qualifierId': 213, 'value': '1.10'}, {'id': 5778791547, 'qualifierId': 56, 'value': 'Back'}, {'id': 5778791553, 'qualifierId': 212, 'value': '13.3'}, {'id': 5778791551, 'qualifierId': 141, 'value': '33.0'}, {'id': 5778791549, 'qualifierId': 140, 'value': '43.8'}]",9ms54l53wseuxarpn4vfcx9g4,T. Armstrong,,San Diego Wave,Home
2824006083,95,1,1,8,35,esvbnzqbyvxp2k570ez7h1a1g,1,43.8,33.0,2025-06-23T02:16:47.626Z,2025-06-23T02:16:51Z,"[{'id': 5778791601, 'qualifierId': 213, 'value': '2.82'}, {'id': 5778791593, 'qualifierId': 56, 'value': 'Back'}, {'id': 5778791599, 'qualifierId': 212, 'value': '22.7'}, {'id': 5778791595, 'qualifierId': 140, 'value': '23.3'}, {'id': 5778791597, 'qualifierId': 141, 'value': '43.7'}]",6h8t7apz5vzk0pjxo8hbbkfhm,S. McCaskill,,San Diego Wave,Home
2824006095,96,1,1,8,38,esvbnzqbyvxp2k570ez7h1a1g,1,24.6,47.5,2025-06-23T02:16:51.514Z,2025-06-23T02:16:55Z,"[{'id': 5778791683, 'qualifierId': 141, 'value': '62.1'}, {'id': 5778791681, 'qualifierId': 140, 'value': '28.9'}, {'id': 5778791685, 'qualifierId': 212, 'value': '10.9'}, {'id': 5778791679, 'qualifierId': 56, 'value': 'Back'}, {'id': 5778791687, 'qualifierId': 213, 'value': '1.14'}]",4yb9avzbrzt8m4c4h1yy98jbp,K. Sheridan,,San Diego Wave,Home
2824006107,97,1,1,8,43,esvbnzqbyvxp2k570ez7h1a1g,1,32.3,62.0,2025-06-23T02:16:55.865Z,2025-06-23T02:16:59Z,"[{'id': 5778791749, 'qualifierId': 56, 'value': 'Back'}, {'id': 5778791751, 'qualifierId': 140, 'value': '48.2'}, {'id': 5778791753, 'qualifierId': 141, 'value': '73.9'}, {'id': 5778791757, 'qualifierId': 213, 'value': '0.45'}, {'id': 5778791755, 'qualifierId': 212, 'value': '18.6'}]",6p2318moul9op4hmigk1xbaw9,K. McNabb,,San Diego Wave,Home
2824006111,98,1,1,8,46,esvbnzqbyvxp2k570ez7h1a1g,1,57.2,77.9,2025-06-23T02:16:59.274Z,2025-06-23T02:17:03Z,"[{'id': 5778791779, 'qualifierId': 141, 'value': '97.1'}, {'id': 5778791777, 'qualifierId': 140, 'value': '65.8'}, {'id': 5778791783, 'qualifierId': 213, 'value': '0.97'}, {'id': 5778791781, 'qualifierId': 212, 'value': '15.9'}, {'id': 5778791775, 'qualifierId': 56, 'value': 'Left'}]",321yjdo3gio1l33hc1pdps4wl,A. Leon,,San Diego Wave,Home
2824006127,99,1,1,8,50,esvbnzqbyvxp2k570ez7h1a1g,1,69.7,93.8,2025-06-23T02:17:03.530Z,2025-06-23T02:20:41Z,"[{'id': 5778791873, 'qualifierId': 141, 'value': '87.4'}, {'id': 5778791871, 'qualifierId': 140, 'value': '90.3'}, {'id': 5778791875, 'qualifierId': 212, 'value': '22.1'}, {'id': 5778791869, 'qualifierId': 56, 'value': 'Left'}, {'id': 5778794639, 'qualifierId': 210, 'value': '15'}, {'id': 5778791877, 'qualifierId': 213, 'value': '6.08'}]",1he80t4tdvj86rbvng0956prd,M. Sánchez,1.0,San Diego Wave,Home
2824006129,48,45,1,8,58,f1ks82wpiewyqs6h3oz9v4hzj,0,5.0,16.0,2025-06-23T02:17:11.243Z,2025-07-01T22:22:17Z,"[{'id': 5778791881, 'qualifierId': 56, 'value': 'Back'}, {'id': 5778791883, 'qualifierId': 285}, {'id': 5778792003, 'qualifierId': 233, 'value': '100'}]",1v67tba1l3sxow1geovdqefo5,R. Bernal,,Washington Spirit,Away
2824006147,100,3,1,8,58,esvbnzqbyvxp2k570ez7h1a1g,1,95.0,84.0,2025-06-23T02:17:11.243Z,2025-07-01T22:22:17Z,"[{'id': 5778791983, 'qualifierId': 56, 'value': 'Left'}, {'id': 5778791999, 'qualifierId': 233, 'value': '48'}, {'id': 5778791985, 'qualifierId': 286}, {'id': 5785723199, 'qualifierId': 465}]",321yjdo3gio1l33hc1pdps4wl,A. Leon,,San Diego Wave,Home
2824006149,101,15,1,8,59,esvbnzqbyvxp2k570ez7h1a1g,1,94.6,70.1,2025-06-23T02:17:12.459Z,2025-07-01T13:07:34Z,"[{'id': 5778794675, 'qualifierId': 147, 'value': '55.6'}, {'id': 5778794657, 'qualifierId': 55, 'value': '99'}, {'id': 5778794671, 'qualifierId': 146, 'value': '98.1'}, {'id': 5785708537, 'qualifierId': 100}, {'id': 5778794665, 'qualifierId': 215}, {'id': 5778794661, 'qualifierId': 102, 'value': '47.8'}, {'id': 5778794663, 'qualifierId': 103, 'value': '19'}, {'id': 5778792627, 'qualifierId': 82}, {'id': 5778791991, 'qualifierId': 56, 'value': 'Center'}, {'id': 5778796165, 'qualifierId': 233, 'value': '51'}, {'id': 5785708535, 'qualifierId': 80}, {'id': 5778792621, 'qualifierId': 20}, {'id': 5778791987, 'qualifierId': 22}, {'id': 5785708533, 'qualifierId': 65}, {'id': 5778794679, 'qualifierId': 230, 'value': '99.3'}, {'id': 5778794681, 'qualifierId': 231, 'value': '53.6'}, {'id': 5778794655, 'qualifierId': 29}]",321yjdo3gio1l33hc1pdps4wl,A. Leon,,San Diego Wave,Home
2824006217,51,10,1,8,59,f1ks82wpiewyqs6h3oz9v4hzj,1,4.6,33.2,2025-06-23T02:17:12.559Z,2025-06-23T02:36:22Z,"[{'id': 5778792393, 'qualifierId': 94}, {'id': 5778796169, 'qualifierId': 233, 'value': '101'}, {'id': 5778792395, 'qualifierId': 56, 'value': 'Back'}]",27dktxivmcqmi1lkz1vs49qi2,T. McKeown,,Washington Spirit,Away
2824006157,50,6,1,9,2,f1ks82wpiewyqs6h3oz9v4hzj,0,4.8,74.0,2025-06-23T02:17:14.755Z,2025-07-01T14:06:20Z,"[{'id': 5778792049, 'qualifierId': 56, 'value': 'Back'}, {'id': 5778792387, 'qualifierId': 73}, {'id': 5778792569, 'qualifierId': 361}, {'id': 5778792389, 'qualifierId': 233, 'value': '102'}]",27dktxivmcqmi1lkz1vs49qi2,T. McKeown,,Washington Spirit,Away
2824006169,102,6,1,9,2,esvbnzqbyvxp2k570ez7h1a1g,1,95.2,26.0,2025-06-23T02:17:14.755Z,2025-06-23T02:38:43Z,"[{'id': 5778807863, 'qualifierId': 361}, {'id': 5778792379, 'qualifierId': 75}, {'id': 5778792103, 'qualifierId': 56, 'value': 'Center'}, {'id': 5778792383, 'qualifierId': 233, 'value': '50'}]",321yjdo3gio1l33hc1pdps4wl,A. Leon,,San Diego Wave,Home
2824006155,49,43,1,9,5,f1ks82wpiewyqs6h3oz9v4hzj,1,0.0,0.0,2025-06-23T02:17:18.242Z,2025-06-23T02:17:37Z,"[{'id': 5778792033, 'qualifierId': 56, 'value': 'Back'}, {'id': 5778792031, 'qualifierId': 94, 'value': '0'}, {'id': 5778792263, 'qualifierId': 144, 'value': '10'}]",b8xa1whpr8m3e5zbziz9e91bd,N. Miura,,Washington Spirit,Away
2824006271,103,1,1,10,0,esvbnzqbyvxp2k570ez7h1a1g,1,99.5,0.7,2025-06-23T02:18:13.162Z,2025-06-23T02:18:17Z,"[{'id': 5778792727, 'qualifierId': 212, 'value': '15.2'}, {'id': 5778792719, 'qualifierId': 6}, {'id': 5778792725, 'qualifierId': 141, 'value': '7.4'}, {'id': 5778792723, 'qualifierId': 140, 'value': '85.7'}, {'id': 5778792721, 'qualifierId': 56, 'value': 'Right'}, {'id': 5778792729, 'qualifierId': 213, 'value': '2.84'}]",1he80t4tdvj86rbvng0956prd,M. Sánchez,,San Diego Wave,Home
2824006273,104,1,1,10,3,esvbnzqbyvxp2k570ez7h1a1g,1,87.7,7.9,2025-06-23T02:18:16.314Z,2025-06-23T02:18:16Z,"[{'id': 5778792737, 'qualifierId': 140, 'value': '88.9'}, {'id': 5778792741, 'qualifierId': 212, 'value': '3.6'}, {'id': 5778792743, 'qualifierId': 213, 'value': '1.22'}, {'id': 5778792735, 'qualifierId': 56, 'value': 'Right'}, {'id': 5778792739, 'qualifierId': 141, 'value': '12.9'}]",6h8t7apz5vzk0pjxo8hbbkfhm,S. McCaskill,,San Diego Wave,Home
2824006275,105,1,1,10,5,esvbnzqbyvxp2k570ez7h1a1g,0,89.3,12.3,2025-06-23T02:18:18.138Z,2025-06-23T02:39:54Z,"[{'id': 5778792755, 'qualifierId': 140, 'value': '85.7'}, {'id': 5778792761, 'qualifierId': 213, 'value': '3.30'}, {'id': 5778792757, 'qualifierId': 141, 'value': '11.4'}, {'id': 5778792753, 'qualifierId': 56, 'value': 'Right'}, {'id': 5778792759, 'qualifierId': 212, 'value': '3.8'}]",3gu9gaz6w7eq79qnaqj3b7jdh,D. Cascarino,,San Diego Wave,Home
2824006599,65,8,1,10,7,f1ks82wpiewyqs6h3oz9v4hzj,1,12.2,90.6,2025-06-23T02:18:20.010Z,2025-07-01T14:07:03Z,"[{'id': 5785723435, 'qualifierId': 383}, {'id': 5778794621, 'qualifierId': 56, 'value': 'Back'}]",b8xa1whpr8m3e5zbziz9e91bd,N. Miura,,Washington Spirit,Away
2824006287,52,49,1,10,8,f1ks82wpiewyqs6h3oz9v4hzj,1,12.5,82.7,2025-06-23T02:18:20.768Z,2025-06-23T02:20:56Z,[],b8xa1whpr8m3e5zbziz9e91bd,N. Miura,,Washington Spirit,Away
2824006679,66,1,1,10,9,f1ks82wpiewyqs6h3oz9v4hzj,1,12.4,83.2,2025-06-23T02:18:21.712Z,2025-06-23T02:21:03Z,"[{'id': 5778794979, 'qualifierId': 213, 'value': '1.50'}, {'id': 5778794971, 'qualifierId': 56, 'value': 'Back'}, {'id': 5778794973, 'qualifierId': 140, 'value': '12.7'}, {'id': 5778794975, 'qualifierId': 141, 'value': '89.7'}, {'id': 5778794977, 'qualifierId': 212, 'value': '4.4'}]",b8xa1whpr8m3e5zbziz9e91bd,N. Miura,,Washington Spirit,Away
2824006293,106,43,1,10,9,esvbnzqbyvxp2k570ez7h1a1g,1,0.0,0.0,2025-06-23T02:18:22.445Z,2025-06-23T02:38:31Z,"[{'id': 5778809451, 'qualifierId': 144, 'value': '8'}, {'id': 5778792849, 'qualifierId': 56, 'value': 'Right'}]",3gu9gaz6w7eq79qnaqj3b7jdh,D. Cascarino,,San Diego Wave,Home
2824006845,79,61,1,10,10,f1ks82wpiewyqs6h3oz9v4hzj,0,13.0,87.4,2025-06-23T02:18:23.319Z,2025-06-23T02:38:53Z,"[{'id': 5778795803, 'qualifierId': 56, 'value': 'Back'}]",4wgwp2bd4xrjbg7s4p193aooa,C. Bethune,,Washington Spirit,Away
2824006295,53,45,1,10,11,f1ks82wpiewyqs6h3oz9v4hzj,0,20.4,88.6,2025-06-23T02:18:23.633Z,2025-06-23T02:42:19Z,"[{'id': 5778792851, 'qualifierId': 56, 'value': 'Back'}, {'id': 5778792853, 'qualifierId': 285}, {'id': 5778810837, 'qualifierId': 233, 'value': '287'}]",b8xa1whpr8m3e5zbziz9e91bd,N. Miura,,Washington Spirit,Away
2824009413,287,3,1,10,11,esvbnzqbyvxp2k570ez7h1a1g,1,79.6,11.4,2025-06-23T02:18:23.633Z,2025-07-01T14:07:41Z,"[{'id': 5778810833, 'qualifierId': 233, 'value': '53'}, {'id': 5778810825, 'qualifierId': 56, 'value': 'Right'}, {'id': 5778810827, 'qualifierId': 286}, {'id': 5785723561, 'qualifierId': 464}]",3gu9gaz6w7eq79qnaqj3b7jdh,D. Cascarino,,San Diego Wave,Home
2824006861,80,43,1,10,12,f1ks82wpiewyqs6h3oz9v4hzj,1,0.0,0.0,2025-06-23T02:18:24.701Z,2025-06-23T02:40:38Z,"[{'id': 5778811629, 'qualifierId': 144, 'value': '83'}, {'id': 5778795957, 'qualifierId': 399, 'value': '3gu9gaz6w7eq79qnaqj3b7jdh'}]",4wgwp2bd4xrjbg7s4p193aooa,C. Bethune,,Washington Spirit,Away
2824006307,108,61,1,10,13,esvbnzqbyvxp2k570ez7h1a1g,1,73.0,8.6,2025-06-23T02:18:26.011Z,2025-06-23T02:42:02Z,"[{'id': 5778792899, 'qualifierId': 56, 'value': 'Right'}]",3gu9gaz6w7eq79qnaqj3b7jdh,D. Cascarino,,San Diego Wave,Home
2824006305,107,49,1,10,14,esvbnzqbyvxp2k570ez7h1a1g,1,73.0,8.6,2025-06-23T02:18:26.882Z,2025-06-23T02:42:04Z,[],dzfr9ktjmxqj2eh2xibt7konp,K. Dali,,San Diego Wave,Home
2824009687,304,1,1,10,14,esvbnzqbyvxp2k570ez7h1a1g,1,76.9,14.3,2025-06-23T02:18:27.423Z,2025-06-23T02:41:21Z,"[{'id': 5778812335, 'qualifierId': 140, 'value': '86.6'}, {'id': 5778812339, 'qualifierId': 212, 'value': '10.6'}, {'id': 5778812333, 'qualifierId': 56, 'value': 'Right'}, {'id': 5778812337, 'qualifierId': 141, 'value': '10.1'}, {'id': 5778812341, 'qualifierId': 213, 'value': '6.01'}]",dzfr9ktjmxqj2eh2xibt7konp,K. Dali,,San Diego Wave,Home
2824006313,109,1,1,10,15,esvbnzqbyvxp2k570ez7h1a1g,1,77.2,7.1,2025-06-23T02:18:27.762Z,2025-06-23T02:42:06Z,"[{'id': 5778792937, 'qualifierId': 140, 'value': '88.9'}, {'id': 5778792943, 'qualifierId': 213, 'value': '0.05'}, {'id': 5778792941, 'qualifierId': 212, 'value': '12.3'}, {'id': 5778792935, 'qualifierId': 56, 'value': 'Right'}, {'id': 5778792939, 'qualifierId': 141, 'value': '8.0'}]",6h8t7apz5vzk0pjxo8hbbkfhm,S. McCaskill,,San Diego Wave,Home
2824006315,110,1,1,10,17,esvbnzqbyvxp2k570ez7h1a1g,1,88.9,7.3,2025-06-23T02:18:30.506Z,2025-06-23T02:42:08Z,"[{'id': 5778792947, 'qualifierId': 56, 'value': 'Right'}, {'id': 5778792955, 'qualifierId': 213, 'value': '1.86'}, {'id': 5778792951, 'qualifierId': 141, 'value': '10.4'}, {'id': 5778792949, 'qualifierId': 140, 'value': '88.3'}, {'id': 5778792953, 'qualifierId': 212, 'value': '2.2'}]",3gu9gaz6w7eq79qnaqj3b7jdh,D. Cascarino,,San Diego Wave,Home
2824006321,111,1,1,10,19,esvbnzqbyvxp2k570ez7h1a1g,1,88.3,9.2,2025-06-23T02:18:31.786Z,2025-06-23T02:42:10Z,"[{'id': 5778792985, 'qualifierId': 141, 'value': '5.9'}, {'id': 5778792987, 'qualifierId': 212, 'value': '2.8'}, {'id': 5778792983, 'qualifierId': 140, 'value': '86.7'}, {'id': 5778792989, 'qualifierId': 213, 'value': '4.07'}, {'id': 5778792981, 'qualifierId': 56, 'value': 'Right'}]",dzfr9ktjmxqj2eh2xibt7konp,K. Dali,,San Diego Wave,Home
2824006343,112,1,1,10,20,esvbnzqbyvxp2k570ez7h1a1g,1,84.0,4.9,2025-06-23T02:18:33.450Z,2025-07-01T14:08:27Z,"[{'id': 5778793087, 'qualifierId': 140, 'value': '92.9'}, {'id': 5785723659, 'qualifierId': 20}, {'id': 5778793085, 'qualifierId': 56, 'value': 'Center'}, {'id': 5785723657, 'qualifierId': 224}, {'id': 5778793089, 'qualifierId': 141, 'value': '49.3'}, {'id': 5778793081, 'qualifierId': 2}, {'id': 5778793083, 'qualifierId': 155}, {'id': 5778793361, 'qualifierId': 154}, {'id': 5778793359, 'qualifierId': 210, 'value': '13'}, {'id': 5778793093, 'qualifierId': 213, 'value': '1.27'}, {'id': 5778793091, 'qualifierId': 212, 'value': '31.6'}]",6h8t7apz5vzk0pjxo8hbbkfhm,S. McCaskill,1.0,San Diego Wave,Home
2824006345,113,13,1,10,25,esvbnzqbyvxp2k570ez7h1a1g,1,91.4,52.3,2025-06-23T02:18:38.378Z,2025-07-01T13:10:50Z,"[{'id': 5778793377, 'qualifierId': 29}, {'id': 5778793389, 'qualifierId': 230, 'value': '99.5'}, {'id': 5778793381, 'qualifierId': 55, 'value': '112'}, {'id': 5778793385, 'qualifierId': 102, 'value': '45.7'}, {'id': 5778793237, 'qualifierId': 328}, {'id': 5778793105, 'qualifierId': 56, 'value': 'Center'}, {'id': 5778793233, 'qualifierId': 15}, {'id': 5778793379, 'qualifierId': 154}, {'id': 5778793101, 'qualifierId': 22}, {'id': 5778793103, 'qualifierId': 17}, {'id': 5778793387, 'qualifierId': 103, 'value': '62.5'}, {'id': 5778793391, 'qualifierId': 231, 'value': '49.3'}, {'id': 5785709683, 'qualifierId': 74}]",9ms54l53wseuxarpn4vfcx9g4,T. Armstrong,,San Diego Wave,Home
2824006333,54,5,1,10,27,f1ks82wpiewyqs6h3oz9v4hzj,1,-0.9,55.7,2025-06-23T02:18:40.366Z,2025-06-23T02:19:22Z,"[{'id': 5778793121, 'qualifierId': 233, 'value': '114'}, {'id': 5778793049, 'qualifierId': 56, 'value': 'Back'}, {'id': 5778793051, 'qualifierId': 346}]",4wgwp2bd4xrjbg7s4p193aooa,C. Bethune,,Washington Spirit,Away
2824006347,114,5,1,10,27,esvbnzqbyvxp2k570ez7h1a1g,0,100.9,44.3,2025-06-23T02:18:40.366Z,2025-06-23T02:27:32Z,"[{'id': 5778793117, 'qualifierId': 56, 'value': 'Center'}, {'id': 5778793137, 'qualifierId': 233, 'value': '54'}, {'id': 5778793119, 'qualifierId': 346}]",9ms54l53wseuxarpn4vfcx9g4,T. Armstrong,,San Diego Wave,Home
2824006415,55,1,1,10,52,f1ks82wpiewyqs6h3oz9v4hzj,1,4.5,52.4,2025-06-23T02:19:04.649Z,2025-06-23T02:19:08Z,"[{'id': 5778793527, 'qualifierId': 213, 'value': '1.58'}, {'id': 5778793531, 'qualifierId': 237}, {'id': 5778793525, 'qualifierId': 212, 'value': '11.3'}, {'id': 5778793519, 'qualifierId': 56, 'value': 'Back'}, {'id': 5778793521, 'qualifierId': 140, 'value': '4.4'}, {'id': 5778793517, 'qualifierId': 124}, {'id': 5778793523, 'qualifierId': 141, 'value': '69.0'}]",d9dirjpaqkq3gga2zyeykcv6d,A. Kingsbury,,Washington Spirit,Away
2824006421,56,1,1,10,56,f1ks82wpiewyqs6h3oz9v4hzj,1,10.3,74.7,2025-06-23T02:19:08.854Z,2025-06-23T02:19:14Z,"[{'id': 5778793563, 'qualifierId': 213, 'value': '0.76'}, {'id': 5778793555, 'qualifierId': 56, 'value': 'Back'}, {'id': 5778793557, 'qualifierId': 140, 'value': '23.8'}, {'id': 5778793561, 'qualifierId': 212, 'value': '19.6'}, {'id': 5778793559, 'qualifierId': 141, 'value': '94.5'}]",bo5e35lsptja0pnlvk1y38dex,E. Morgan,,Washington Spirit,Away
2824006423,57,1,1,11,1,f1ks82wpiewyqs6h3oz9v4hzj,0,28.3,97.5,2025-06-23T02:19:14.158Z,2025-06-23T02:19:17Z,"[{'id': 5778793571, 'qualifierId': 56, 'value': 'Back'}, {'id': 5778793619, 'qualifierId': 233, 'value': '115'}, {'id': 5778793579, 'qualifierId': 213, 'value': '5.88'}, {'id': 5778793573, 'qualifierId': 140, 'value': '32.6'}, {'id': 5778793623, 'qualifierId': 286}, {'id': 5778793575, 'qualifierId': 141, 'value': '94.7'}, {'id': 5778793577, 'qualifierId': 212, 'value': '4.9'}, {'id': 5778793617, 'qualifierId': 236}]",4ullol3wa4qdi9ydgrxgxbcgl,C. Krueger,,Washington Spirit,Away
2824006431,115,74,1,11,1,esvbnzqbyvxp2k570ez7h1a1g,1,65.7,3.4,2025-06-23T02:19:14.159Z,2025-06-23T02:33:13Z,"[{'id': 5778793615, 'qualifierId': 285}, {'id': 5778793625, 'qualifierId': 233, 'value': '57'}, {'id': 5778793613, 'qualifierId': 56, 'value': 'Right'}]",3gu9gaz6w7eq79qnaqj3b7jdh,D. Cascarino,,San Diego Wave,Home
2824006435,58,5,1,11,5,f1ks82wpiewyqs6h3oz9v4hzj,1,34.6,101.6,2025-06-23T02:19:17.690Z,2025-06-23T02:27:33Z,"[{'id': 5778793635, 'qualifierId': 347}, {'id': 5778793637, 'qualifierId': 233, 'value': '116'}, {'id': 5778793633, 'qualifierId': 56, 'value': 'Back'}]",4ullol3wa4qdi9ydgrxgxbcgl,C. Krueger,,Washington Spirit,Away
2824006433,116,5,1,11,5,esvbnzqbyvxp2k570ez7h1a1g,0,65.4,-1.6,2025-06-23T02:19:17.690Z,2025-06-23T02:27:33Z,"[{'id': 5778793643, 'qualifierId': 233, 'value': '58'}, {'id': 5778793631, 'qualifierId': 347}, {'id': 5778793629, 'qualifierId': 56, 'value': 'Right'}]",3gu9gaz6w7eq79qnaqj3b7jdh,D. Cascarino,,San Diego Wave,Home
2824006455,59,1,1,11,12,f1ks82wpiewyqs6h3oz9v4hzj,1,36.4,100.0,2025-06-23T02:19:24.686Z,2025-06-23T02:19:28Z,"[{'id': 5778793741, 'qualifierId': 212, 'value': '12.3'}, {'id': 5778793743, 'qualifierId': 213, 'value': '5.20'}, {'id': 5778793737, 'qualifierId': 140, 'value': '41.9'}, {'id': 5778793739, 'qualifierId': 141, 'value': '86.0'}, {'id': 5778793733, 'qualifierId': 107}, {'id': 5778793735, 'qualifierId': 56, 'value': 'Back'}]",4ullol3wa4qdi9ydgrxgxbcgl,C. Krueger,,Washington Spirit,Away
2824006459,60,1,1,11,16,f1ks82wpiewyqs6h3oz9v4hzj,1,34.1,90.2,2025-06-23T02:19:28.623Z,2025-06-23T02:19:30Z,"[{'id': 5778793747, 'qualifierId': 56, 'value': 'Back'}, {'id': 5778793755, 'qualifierId': 213, 'value': '2.40'}, {'id': 5778793749, 'qualifierId': 140, 'value': '29.8'}, {'id': 5778793751, 'qualifierId': 141, 'value': '96.3'}, {'id': 5778793753, 'qualifierId': 212, 'value': '6.1'}]",coy005g9noltjta4ka7utllp0,H. Hershfelt,,Washington Spirit,Away
2824006485,61,1,1,11,17,f1ks82wpiewyqs6h3oz9v4hzj,1,29.8,96.3,2025-06-23T02:19:29.935Z,2025-06-23T02:19:37Z,"[{'id': 5778793887, 'qualifierId': 212, 'value': '15.6'}, {'id': 5778793885, 'qualifierId': 141, 'value': '86.6'}, {'id': 5778793881, 'qualifierId': 56, 'value': 'Back'}, {'id': 5778793889, 'qualifierId': 213, 'value': '3.58'}, {'id': 5778793883, 'qualifierId': 140, 'value': '16.3'}]",4ullol3wa4qdi9ydgrxgxbcgl,C. Krueger,,Washington Spirit,Away
2824006491,62,1,1,11,24,f1ks82wpiewyqs6h3oz9v4hzj,1,27.9,81.5,2025-06-23T02:19:37.199Z,2025-06-23T02:19:39Z,"[{'id': 5778793921, 'qualifierId': 141, 'value': '83.9'}, {'id': 5778793923, 'qualifierId': 212, 'value': '14.1'}, {'id': 5778793917, 'qualifierId': 56, 'value': 'Back'}, {'id': 5778793925, 'qualifierId': 213, 'value': '0.12'}, {'id': 5778793919, 'qualifierId': 140, 'value': '41.2'}]",bo5e35lsptja0pnlvk1y38dex,E. Morgan,,Washington Spirit,Away
2824006497,63,1,1,11,26,f1ks82wpiewyqs6h3oz9v4hzj,0,34.2,76.4,2025-06-23T02:19:39.308Z,2025-06-23T02:43:09Z,"[{'id': 5778793959, 'qualifierId': 212, 'value': '20.8'}, {'id': 5778793953, 'qualifierId': 56, 'value': 'Center'}, {'id': 5778793957, 'qualifierId': 141, 'value': '67.2'}, {'id': 5778793961, 'qualifierId': 213, 'value': '5.98'}, {'id': 5778793955, 'qualifierId': 140, 'value': '53.1'}]",coy005g9noltjta4ka7utllp0,H. Hershfelt,,Washington Spirit,Away
2824006499,117,8,1,11,28,esvbnzqbyvxp2k570ez7h1a1g,1,43.6,33.0,2025-06-23T02:19:41.036Z,2025-07-01T14:09:13Z,"[{'id': 5785723821, 'qualifierId': 384}, {'id': 5778793963, 'qualifierId': 56, 'value': 'Back'}]",6p2318moul9op4hmigk1xbaw9,K. McNabb,,San Diego Wave,Home
2824006505,118,49,1,11,29,esvbnzqbyvxp2k570ez7h1a1g,1,52.8,34.3,2025-06-23T02:19:42.458Z,2025-06-23T02:19:42Z,[],6h8t7apz5vzk0pjxo8hbbkfhm,S. McCaskill,,San Diego Wave,Home
2824006513,119,1,1,11,29,esvbnzqbyvxp2k570ez7h1a1g,1,52.8,34.3,2025-06-23T02:19:42.570Z,2025-06-23T02:19:46Z,"[{'id': 5778794025, 'qualifierId': 56, 'value': 'Back'}, {'id': 5778794033, 'qualifierId': 213, 'value': '2.26'}, {'id': 5778794031, 'qualifierId': 212, 'value': '23.1'}, {'id': 5778794027, 'qualifierId': 140, 'value': '38.8'}, {'id': 5778794029, 'qualifierId': 141, 'value': '60.5'}]",6h8t7apz5vzk0pjxo8hbbkfhm,S. McCaskill,,San Diego Wave,Home
2824006535,120,1,1,11,33,esvbnzqbyvxp2k570ez7h1a1g,1,41.1,59.0,2025-06-23T02:19:46.091Z,2025-06-23T02:19:59Z,"[{'id': 5778794157, 'qualifierId': 141, 'value': '24.3'}, {'id': 5778794161, 'qualifierId': 213, 'value': '4.96'}, {'id': 5778794155, 'qualifierId': 140, 'value': '46.9'}, {'id': 5778794151, 'qualifierId': 155}, {'id': 5778794159, 'qualifierId': 212, 'value': '24.4'}, {'id': 5778794153, 'qualifierId': 56, 'value': 'Back'}]",3x6baiktcpcjxxh258a5uebpx,P. Morroni,,San Diego Wave,Home
2824006579,64,27,1,11,46,f1ks82wpiewyqs6h3oz9v4hzj,1,0.0,0.0,2025-06-23T02:19:58.980Z,2025-06-23T02:27:35Z,"[{'id': 5778794825, 'qualifierId': 53, 'value': 'yay5mq8trvoxv9mwm4mqzn8q'}, {'id': 5778794823, 'qualifierId': 41, 'value': 'Injury'}, {'id': 5778800847, 'qualifierId': 233, 'value': '121'}]",,,,Washington Spirit,Away
2824006537,121,27,1,11,46,esvbnzqbyvxp2k570ez7h1a1g,1,0.0,0.0,2025-06-23T02:19:58.980Z,2025-06-23T02:27:35Z,"[{'id': 5778800831, 'qualifierId': 233, 'value': '64'}]",,,,San Diego Wave,Home
2824006693,67,28,1,12,39,f1ks82wpiewyqs6h3oz9v4hzj,1,0.0,0.0,2025-06-23T02:20:52.204Z,2025-06-23T02:27:36Z,"[{'id': 5778795055, 'qualifierId': 55, 'value': '64'}, {'id': 5778800869, 'qualifierId': 233, 'value': '122'}]",,,,Washington Spirit,Away
2824006667,122,28,1,12,39,esvbnzqbyvxp2k570ez7h1a1g,1,0.0,0.0,2025-06-23T02:20:52.204Z,2025-06-23T02:27:36Z,"[{'id': 5778794865, 'qualifierId': 55, 'value': '121'}, {'id': 5778800865, 'qualifierId': 233, 'value': '67'}]",,,,San Diego Wave,Home
2824006697,68,68,1,12,55,f1ks82wpiewyqs6h3oz9v4hzj,0,25.2,90.6,2025-06-23T02:21:08.035Z,2025-07-01T14:13:45Z,"[{'id': 5785724649, 'qualifierId': 189}]",,,,Washington Spirit,Away
2824006689,123,68,1,12,55,esvbnzqbyvxp2k570ez7h1a1g,1,63.1,9.7,2025-06-23T02:21:08.412Z,2025-07-01T14:13:47Z,"[{'id': 5785724651, 'qualifierId': 189}]",,,,San Diego Wave,Home
2825243541,899,61,1,12,57,esvbnzqbyvxp2k570ez7h1a1g,1,59.8,21.0,2025-06-23T02:21:09.895Z,2025-07-01T14:12:05Z,"[{'id': 5785724333, 'qualifierId': 189}, {'id': 5785724331, 'qualifierId': 56, 'value': 'Right'}]",dzfr9ktjmxqj2eh2xibt7konp,K. Dali,,San Diego Wave,Home
2825243555,722,61,1,12,57,f1ks82wpiewyqs6h3oz9v4hzj,1,27.7,76.1,2025-06-23T02:21:09.995Z,2025-07-01T14:12:22Z,"[{'id': 5785724449, 'qualifierId': 189}, {'id': 5785724399, 'qualifierId': 56, 'value': 'Back'}]",bo5e35lsptja0pnlvk1y38dex,E. Morgan,,Washington Spirit,Away
2824006695,124,61,1,12,58,esvbnzqbyvxp2k570ez7h1a1g,0,66.4,10.1,2025-06-23T02:21:10.821Z,2025-06-23T02:45:41Z,"[{'id': 5778795059, 'qualifierId': 56, 'value': 'Right'}]",efynp5qo9b9x0lh9b4ft0ic8a,G. Corley,,San Diego Wave,Home
2824006711,69,1,1,13,1,f1ks82wpiewyqs6h3oz9v4hzj,0,48.4,24.4,2025-06-23T02:21:14.565Z,2025-06-23T02:21:15Z,"[{'id': 5778795141, 'qualifierId': 140, 'value': '69.5'}, {'id': 5778795139, 'qualifierId': 56, 'value': 'Center'}, {'id': 5778795143, 'qualifierId': 141, 'value': '52.7'}, {'id': 5778795147, 'qualifierId': 213, 'value': '0.72'}, {'id': 5778795145, 'qualifierId': 212, 'value': '29.3'}]",en29qfiuu01nsmekoqhycjo45,G. Carle,,Washington Spirit,Away
2824006731,125,12,1,13,2,esvbnzqbyvxp2k570ez7h1a1g,1,27.7,52.1,2025-06-23T02:21:15.580Z,2025-06-23T02:21:20Z,"[{'id': 5778795207, 'qualifierId': 56, 'value': 'Back'}, {'id': 5778795213, 'qualifierId': 212, 'value': '27.9'}, {'id': 5778795211, 'qualifierId': 141, 'value': '90.6'}, {'id': 5778795209, 'qualifierId': 140, 'value': '36.8'}, {'id': 5778795215, 'qualifierId': 213, 'value': '1.22'}]",9ms54l53wseuxarpn4vfcx9g4,T. Armstrong,,San Diego Wave,Home
2824006733,126,49,1,13,4,esvbnzqbyvxp2k570ez7h1a1g,1,33.7,78.7,2025-06-23T02:21:17.588Z,2025-06-23T02:48:07Z,[],3x6baiktcpcjxxh258a5uebpx,P. Morroni,,San Diego Wave,Home
2824010507,357,1,1,13,5,esvbnzqbyvxp2k570ez7h1a1g,0,27.1,84.0,2025-06-23T02:21:17.939Z,2025-06-23T02:47:57Z,"[{'id': 5778817023, 'qualifierId': 141, 'value': '84.6'}, {'id': 5778817021, 'qualifierId': 140, 'value': '33.8'}, {'id': 5778817019, 'qualifierId': 56, 'value': 'Back'}, {'id': 5778817025, 'qualifierId': 212, 'value': '7.0'}, {'id': 5778817027, 'qualifierId': 213, 'value': '0.06'}]",3x6baiktcpcjxxh258a5uebpx,P. Morroni,,San Diego Wave,Home
2824006725,74,8,1,13,6,f1ks82wpiewyqs6h3oz9v4hzj,1,67.3,5.2,2025-06-23T02:21:18.908Z,2025-07-01T14:14:29Z,"[{'id': 5778795205, 'qualifierId': 56, 'value': 'Right'}, {'id': 5785724799, 'qualifierId': 383}]",en29qfiuu01nsmekoqhycjo45,G. Carle,,Washington Spirit,Away
2824006741,76,43,1,13,9,f1ks82wpiewyqs6h3oz9v4hzj,1,0.0,0.0,2025-06-23T02:21:22.594Z,2025-06-23T02:48:56Z,"[{'id': 5778817633, 'qualifierId': 144, 'value': '83'}]",4wgwp2bd4xrjbg7s4p193aooa,C. Bethune,,Washington Spirit,Away
2824006739,75,45,1,13,10,f1ks82wpiewyqs6h3oz9v4hzj,0,64.4,29.0,2025-06-23T02:21:22.719Z,2025-06-23T02:21:25Z,"[{'id': 5778795229, 'qualifierId': 56, 'value': 'Center'}, {'id': 5778795271, 'qualifierId': 233, 'value': '127'}, {'id': 5778795231, 'qualifierId': 285}]",4wgwp2bd4xrjbg7s4p193aooa,C. Bethune,,Washington Spirit,Away
2824006743,127,3,1,13,10,esvbnzqbyvxp2k570ez7h1a1g,1,35.6,71.0,2025-06-23T02:21:22.719Z,2025-07-01T14:14:38Z,"[{'id': 5778795249, 'qualifierId': 286}, {'id': 5778795251, 'qualifierId': 233, 'value': '75'}, {'id': 5785724801, 'qualifierId': 465}, {'id': 5778795247, 'qualifierId': 56, 'value': 'Back'}]",3x6baiktcpcjxxh258a5uebpx,P. Morroni,,San Diego Wave,Home
2824006749,128,1,1,13,10,esvbnzqbyvxp2k570ez7h1a1g,1,38.3,70.0,2025-06-23T02:21:23.611Z,2025-06-23T02:21:26Z,"[{'id': 5778795293, 'qualifierId': 140, 'value': '35.8'}, {'id': 5778795291, 'qualifierId': 56, 'value': 'Back'}, {'id': 5778795299, 'qualifierId': 213, 'value': '3.86'}, {'id': 5778795295, 'qualifierId': 141, 'value': '66.6'}, {'id': 5778795297, 'qualifierId': 212, 'value': '3.5'}]",3x6baiktcpcjxxh258a5uebpx,P. Morroni,,San Diego Wave,Home
2824006753,129,1,1,13,12,esvbnzqbyvxp2k570ez7h1a1g,1,36.3,66.6,2025-06-23T02:21:24.619Z,2025-06-23T02:21:27Z,"[{'id': 5778795317, 'qualifierId': 140, 'value': '32.6'}, {'id': 5778795315, 'qualifierId': 56, 'value': 'Back'}, {'id': 5778795321, 'qualifierId': 212, 'value': '6.1'}, {'id': 5778795323, 'qualifierId': 213, 'value': '2.26'}, {'id': 5778795319, 'qualifierId': 141, 'value': '73.5'}]",dzfr9ktjmxqj2eh2xibt7konp,K. Dali,,San Diego Wave,Home
2824006761,130,1,1,13,15,esvbnzqbyvxp2k570ez7h1a1g,1,33.0,70.5,2025-06-23T02:21:27.852Z,2025-06-23T02:21:32Z,"[{'id': 5778795401, 'qualifierId': 1}, {'id': 5778795397, 'qualifierId': 212, 'value': '38.9'}, {'id': 5778795395, 'qualifierId': 141, 'value': '16.7'}, {'id': 5778795389, 'qualifierId': 155}, {'id': 5778795393, 'qualifierId': 140, 'value': '45.5'}, {'id': 5778795391, 'qualifierId': 56, 'value': 'Back'}, {'id': 5778795399, 'qualifierId': 213, 'value': '5.06'}]",6h8t7apz5vzk0pjxo8hbbkfhm,S. McCaskill,,San Diego Wave,Home
2824006771,131,1,1,13,19,esvbnzqbyvxp2k570ez7h1a1g,1,65.8,18.6,2025-06-23T02:21:32.555Z,2025-06-23T02:21:39Z,"[{'id': 5778795427, 'qualifierId': 141, 'value': '15.6'}, {'id': 5778795431, 'qualifierId': 213, 'value': '6.22'}, {'id': 5778795433, 'qualifierId': 1}, {'id': 5778795425, 'qualifierId': 140, 'value': '96.8'}, {'id': 5778795429, 'qualifierId': 212, 'value': '32.6'}, {'id': 5778795423, 'qualifierId': 56, 'value': 'Right'}]",auyj06nha2syoygo7prfadobu,H. Lundkvist,,San Diego Wave,Home
2824006785,132,1,1,13,26,esvbnzqbyvxp2k570ez7h1a1g,1,94.8,12.9,2025-06-23T02:21:39.148Z,2025-06-23T02:22:09Z,"[{'id': 5778795519, 'qualifierId': 212, 'value': '16.2'}, {'id': 5778795513, 'qualifierId': 56, 'value': 'Center'}, {'id': 5778795521, 'qualifierId': 213, 'value': '2.66'}, {'id': 5778795515, 'qualifierId': 140, 'value': '81.1'}, {'id': 5778795517, 'qualifierId': 141, 'value': '23.9'}]",3gu9gaz6w7eq79qnaqj3b7jdh,D. Cascarino,,San Diego Wave,Home
2824006795,133,1,1,13,31,esvbnzqbyvxp2k570ez7h1a1g,1,80.2,26.2,2025-06-23T02:21:44.285Z,2025-06-23T02:21:46Z,"[{'id': 5778795555, 'qualifierId': 141, 'value': '27.1'}, {'id': 5778795557, 'qualifierId': 212, 'value': '15.3'}, {'id': 5778795553, 'qualifierId': 140, 'value': '94.8'}, {'id': 5778795549, 'qualifierId': 155}, {'id': 5778795551, 'qualifierId': 56, 'value': 'Center'}, {'id': 5778795559, 'qualifierId': 213, 'value': '0.04'}]",dzfr9ktjmxqj2eh2xibt7konp,K. Dali,,San Diego Wave,Home
2824006797,134,1,1,13,33,esvbnzqbyvxp2k570ez7h1a1g,1,95.3,27.1,2025-06-23T02:21:46.156Z,2025-06-23T02:21:47Z,"[{'id': 5778795571, 'qualifierId': 213, 'value': '4.28'}, {'id': 5778795567, 'qualifierId': 141, 'value': '20.4'}, {'id': 5778795563, 'qualifierId': 56, 'value': 'Right'}, {'id': 5778795569, 'qualifierId': 212, 'value': '5.0'}, {'id': 5778795565, 'qualifierId': 140, 'value': '93.3'}]",efynp5qo9b9x0lh9b4ft0ic8a,G. Corley,,San Diego Wave,Home
2824006799,135,1,1,13,34,esvbnzqbyvxp2k570ez7h1a1g,1,93.1,20.0,2025-06-23T02:21:46.987Z,2025-06-23T02:21:47Z,"[{'id': 5778795579, 'qualifierId': 141, 'value': '17.0'}, {'id': 5778795575, 'qualifierId': 56, 'value': 'Right'}, {'id': 5778795581, 'qualifierId': 212, 'value': '3.2'}, {'id': 5778795583, 'qualifierId': 213, 'value': '3.82'}, {'id': 5778795577, 'qualifierId': 140, 'value': '90.7'}]",3gu9gaz6w7eq79qnaqj3b7jdh,D. Cascarino,,San Diego Wave,Home
2824006803,136,1,1,13,35,esvbnzqbyvxp2k570ez7h1a1g,1,90.0,16.1,2025-06-23T02:21:47.804Z,2025-06-23T02:21:49Z,"[{'id': 5778795603, 'qualifierId': 141, 'value': '13.7'}, {'id': 5778795599, 'qualifierId': 56, 'value': 'Right'}, {'id': 5778795601, 'qualifierId': 140, 'value': '83.3'}, {'id': 5778795605, 'qualifierId': 212, 'value': '7.2'}, {'id': 5778795607, 'qualifierId': 213, 'value': '3.37'}]",efynp5qo9b9x0lh9b4ft0ic8a,G. Corley,,San Diego Wave,Home
2824006807,137,1,1,13,37,esvbnzqbyvxp2k570ez7h1a1g,1,80.7,13.7,2025-06-23T02:21:49.675Z,2025-06-23T02:21:53Z,"[{'id': 5778795631, 'qualifierId': 213, 'value': '6.09'}, {'id': 5778795627, 'qualifierId': 141, 'value': '11.1'}, {'id': 5778795625, 'qualifierId': 140, 'value': '89.2'}, {'id': 5778795629, 'qualifierId': 212, 'value': '9.1'}, {'id': 5778795623, 'qualifierId': 56, 'value': 'Right'}]",auyj06nha2syoygo7prfadobu,H. Lundkvist,,San Diego Wave,Home
2824006815,138,1,1,13,40,esvbnzqbyvxp2k570ez7h1a1g,1,90.8,10.7,2025-06-23T02:21:52.940Z,2025-06-23T02:21:57Z,"[{'id': 5778795669, 'qualifierId': 213, 'value': '2.58'}, {'id': 5778795661, 'qualifierId': 56, 'value': 'Right'}, {'id': 5778795663, 'qualifierId': 140, 'value': '87.1'}, {'id': 5778795667, 'qualifierId': 212, 'value': '4.6'}, {'id': 5778795665, 'qualifierId': 141, 'value': '14.3'}]",efynp5qo9b9x0lh9b4ft0ic8a,G. Corley,,San Diego Wave,Home
2824006817,139,3,1,13,44,esvbnzqbyvxp2k570ez7h1a1g,0,89.8,16.6,2025-06-23T02:21:57.114Z,2025-07-01T14:15:28Z,"[{'id': 5785724891, 'qualifierId': 465}, {'id': 5778795727, 'qualifierId': 233, 'value': '77'}, {'id': 5778795675, 'qualifierId': 286}, {'id': 5778795673, 'qualifierId': 56, 'value': 'Right'}]",3gu9gaz6w7eq79qnaqj3b7jdh,D. Cascarino,,San Diego Wave,Home
2824006821,77,7,1,13,44,f1ks82wpiewyqs6h3oz9v4hzj,1,10.2,83.4,2025-06-23T02:21:57.115Z,2025-07-01T14:15:31Z,"[{'id': 5778795697, 'qualifierId': 285}, {'id': 5785724895, 'qualifierId': 178}, {'id': 5778795713, 'qualifierId': 233, 'value': '139'}, {'id': 5785724893, 'qualifierId': 383}, {'id': 5778795695, 'qualifierId': 56, 'value': 'Back'}]",b8xa1whpr8m3e5zbziz9e91bd,N. Miura,,Washington Spirit,Away
2824006827,78,4,1,13,47,f1ks82wpiewyqs6h3oz9v4hzj,1,7.8,75.2,2025-06-23T02:21:59.821Z,2025-06-23T02:22:03Z,"[{'id': 5778795749, 'qualifierId': 265}, {'id': 5778795743, 'qualifierId': 13}, {'id': 5778795745, 'qualifierId': 56, 'value': 'Back'}, {'id': 5778795751, 'qualifierId': 285}, {'id': 5778795747, 'qualifierId': 152}, {'id': 5778795763, 'qualifierId': 233, 'value': '140'}]",b8xa1whpr8m3e5zbziz9e91bd,N. Miura,,Washington Spirit,Away
2824006823,140,4,1,13,47,esvbnzqbyvxp2k570ez7h1a1g,0,92.2,24.8,2025-06-23T02:21:59.822Z,2025-06-23T02:22:03Z,"[{'id': 5778795769, 'qualifierId': 233, 'value': '78'}, {'id': 5778795717, 'qualifierId': 13}, {'id': 5778795721, 'qualifierId': 152}, {'id': 5778795723, 'qualifierId': 265}, {'id': 5778795719, 'qualifierId': 56, 'value': 'Center'}, {'id': 5778795725, 'qualifierId': 286}]",3gu9gaz6w7eq79qnaqj3b7jdh,D. Cascarino,,San Diego Wave,Home
2824006915,81,1,1,14,22,f1ks82wpiewyqs6h3oz9v4hzj,0,8.4,78.2,2025-06-23T02:22:35.423Z,2025-06-23T02:22:37Z,"[{'id': 5778796253, 'qualifierId': 212, 'value': '42.8'}, {'id': 5778796251, 'qualifierId': 141, 'value': '85.7'}, {'id': 5778796255, 'qualifierId': 213, 'value': '0.12'}, {'id': 5778796247, 'qualifierId': 56, 'value': 'Back'}, {'id': 5778796243, 'qualifierId': 157}, {'id': 5778796241, 'qualifierId': 5}, {'id': 5778796249, 'qualifierId': 140, 'value': '48.9'}, {'id': 5778796245, 'qualifierId': 152}, {'id': 5778796257, 'qualifierId': 1}]",d9dirjpaqkq3gga2zyeykcv6d,A. Kingsbury,,Washington Spirit,Away
2824006923,141,1,1,14,26,esvbnzqbyvxp2k570ez7h1a1g,0,54.4,8.3,2025-06-23T02:22:38.619Z,2025-06-23T02:22:40Z,"[{'id': 5778796305, 'qualifierId': 213, 'value': '0.04'}, {'id': 5778796299, 'qualifierId': 140, 'value': '67.8'}, {'id': 5778796295, 'qualifierId': 3}, {'id': 5778796303, 'qualifierId': 212, 'value': '14.1'}, {'id': 5778796301, 'qualifierId': 141, 'value': '9.1'}, {'id': 5778796297, 'qualifierId': 56, 'value': 'Right'}]",dzfr9ktjmxqj2eh2xibt7konp,K. Dali,,San Diego Wave,Home
2824006941,82,1,1,14,28,f1ks82wpiewyqs6h3oz9v4hzj,0,32.7,84.8,2025-06-23T02:22:40.657Z,2025-06-23T02:22:48Z,"[{'id': 5778796391, 'qualifierId': 56, 'value': 'Left'}, {'id': 5778796399, 'qualifierId': 213, 'value': '0.10'}, {'id': 5778796393, 'qualifierId': 140, 'value': '61.6'}, {'id': 5778796389, 'qualifierId': 157}, {'id': 5778796395, 'qualifierId': 141, 'value': '89.4'}, {'id': 5778796397, 'qualifierId': 212, 'value': '30.5'}, {'id': 5778796401, 'qualifierId': 1}]",4ullol3wa4qdi9ydgrxgxbcgl,C. Krueger,,Washington Spirit,Away
2824006937,142,44,1,14,34,esvbnzqbyvxp2k570ez7h1a1g,1,37.0,9.1,2025-06-23T02:22:46.811Z,2025-06-23T02:33:15Z,"[{'id': 5778796427, 'qualifierId': 233, 'value': '83'}, {'id': 5778796375, 'qualifierId': 285}, {'id': 5778796373, 'qualifierId': 56, 'value': 'Back'}]",9ms54l53wseuxarpn4vfcx9g4,T. Armstrong,,San Diego Wave,Home
2824006947,83,44,1,14,34,f1ks82wpiewyqs6h3oz9v4hzj,0,63.0,90.9,2025-06-23T02:22:46.812Z,2025-06-23T02:33:15Z,"[{'id': 5778796419, 'qualifierId': 56, 'value': 'Left'}, {'id': 5778796431, 'qualifierId': 233, 'value': '142'}, {'id': 5778796421, 'qualifierId': 286}]",yay5mq8trvoxv9mwm4mqzn8q,G. Monday,,Washington Spirit,Away
2824006943,143,1,1,14,34,esvbnzqbyvxp2k570ez7h1a1g,0,36.0,6.8,2025-06-23T02:22:47.308Z,2025-07-01T14:16:23Z,"[{'id': 5785725013, 'qualifierId': 3}, {'id': 5778796409, 'qualifierId': 141, 'value': '6.8'}, {'id': 5778796405, 'qualifierId': 56, 'value': 'Back'}, {'id': 5778796411, 'qualifierId': 212, 'value': '2.7'}, {'id': 5778796413, 'qualifierId': 213, 'value': '0.00'}, {'id': 5778796407, 'qualifierId': 140, 'value': '38.6'}]",9ms54l53wseuxarpn4vfcx9g4,T. Armstrong,,San Diego Wave,Home
2825243671,723,61,1,14,35,f1ks82wpiewyqs6h3oz9v4hzj,1,59.0,91.6,2025-06-23T02:22:47.874Z,2025-07-01T14:16:39Z,"[{'id': 5785725089, 'qualifierId': 56, 'value': 'Left'}]",yay5mq8trvoxv9mwm4mqzn8q,G. Monday,,Washington Spirit,Away
2824006955,144,49,1,14,36,esvbnzqbyvxp2k570ez7h1a1g,1,40.1,6.8,2025-06-23T02:22:49.291Z,2025-06-23T02:22:49Z,[],auyj06nha2syoygo7prfadobu,H. Lundkvist,,San Diego Wave,Home
2824006949,84,83,1,14,36,f1ks82wpiewyqs6h3oz9v4hzj,0,59.0,94.1,2025-06-23T02:22:49.374Z,2025-06-23T02:22:50Z,"[{'id': 5778796475, 'qualifierId': 399, 'value': 'auyj06nha2syoygo7prfadobu'}]",yay5mq8trvoxv9mwm4mqzn8q,G. Monday,,Washington Spirit,Away
2824006959,145,1,1,14,36,esvbnzqbyvxp2k570ez7h1a1g,1,40.1,6.8,2025-06-23T02:22:49.404Z,2025-06-23T02:22:50Z,"[{'id': 5778796467, 'qualifierId': 141, 'value': '4.9'}, {'id': 5778796471, 'qualifierId': 213, 'value': '5.39'}, {'id': 5778796465, 'qualifierId': 140, 'value': '41.1'}, {'id': 5778796469, 'qualifierId': 212, 'value': '1.7'}, {'id': 5778796463, 'qualifierId': 56, 'value': 'Back'}]",auyj06nha2syoygo7prfadobu,H. Lundkvist,,San Diego Wave,Home
2824006965,146,1,1,14,37,esvbnzqbyvxp2k570ez7h1a1g,1,41.1,4.9,2025-06-23T02:22:50.268Z,2025-06-23T02:22:51Z,"[{'id': 5778796509, 'qualifierId': 213, 'value': '1.81'}, {'id': 5778796501, 'qualifierId': 56, 'value': 'Back'}, {'id': 5778796503, 'qualifierId': 140, 'value': '40.0'}, {'id': 5778796507, 'qualifierId': 212, 'value': '5.0'}, {'id': 5778796505, 'qualifierId': 141, 'value': '12.0'}]",dzfr9ktjmxqj2eh2xibt7konp,K. Dali,,San Diego Wave,Home
2824006967,147,1,1,14,38,esvbnzqbyvxp2k570ez7h1a1g,1,40.7,12.3,2025-06-23T02:22:51.533Z,2025-06-23T02:22:52Z,"[{'id': 5778796517, 'qualifierId': 140, 'value': '55.5'}, {'id': 5778796523, 'qualifierId': 213, 'value': '5.97'}, {'id': 5778796515, 'qualifierId': 56, 'value': 'Right'}, {'id': 5778796521, 'qualifierId': 212, 'value': '16.3'}, {'id': 5778796519, 'qualifierId': 141, 'value': '5.0'}]",6h8t7apz5vzk0pjxo8hbbkfhm,S. McCaskill,,San Diego Wave,Home
2824006971,148,1,1,14,39,esvbnzqbyvxp2k570ez7h1a1g,1,55.5,5.0,2025-06-23T02:22:52.523Z,2025-06-23T02:22:54Z,"[{'id': 5778796547, 'qualifierId': 213, 'value': '3.13'}, {'id': 5778796539, 'qualifierId': 56, 'value': 'Back'}, {'id': 5778796545, 'qualifierId': 212, 'value': '8.8'}, {'id': 5778796541, 'qualifierId': 140, 'value': '47.1'}, {'id': 5778796543, 'qualifierId': 141, 'value': '5.2'}]",auyj06nha2syoygo7prfadobu,H. Lundkvist,,San Diego Wave,Home
2824006985,149,1,1,14,41,esvbnzqbyvxp2k570ez7h1a1g,1,44.4,6.2,2025-06-23T02:22:54.284Z,2025-06-23T02:22:58Z,"[{'id': 5778796637, 'qualifierId': 1}, {'id': 5778796629, 'qualifierId': 140, 'value': '23.8'}, {'id': 5778796635, 'qualifierId': 213, 'value': '2.29'}, {'id': 5778796631, 'qualifierId': 141, 'value': '42.5'}, {'id': 5778796627, 'qualifierId': 56, 'value': 'Back'}, {'id': 5778796633, 'qualifierId': 212, 'value': '32.8'}]",dzfr9ktjmxqj2eh2xibt7konp,K. Dali,,San Diego Wave,Home
2824006989,150,1,1,14,45,esvbnzqbyvxp2k570ez7h1a1g,1,23.8,42.5,2025-06-23T02:22:58.300Z,2025-06-23T02:22:59Z,"[{'id': 5778796647, 'qualifierId': 140, 'value': '26.9'}, {'id': 5778796645, 'qualifierId': 56, 'value': 'Back'}, {'id': 5778796651, 'qualifierId': 212, 'value': '6.6'}, {'id': 5778796649, 'qualifierId': 141, 'value': '51.0'}, {'id': 5778796653, 'qualifierId': 213, 'value': '1.06'}]",4yb9avzbrzt8m4c4h1yy98jbp,K. Sheridan,,San Diego Wave,Home
2824006991,151,1,1,14,46,esvbnzqbyvxp2k570ez7h1a1g,1,27.5,51.3,2025-06-23T02:22:59.612Z,2025-06-23T02:23:01Z,"[{'id': 5778796665, 'qualifierId': 213, 'value': '3.80'}, {'id': 5778796659, 'qualifierId': 140, 'value': '22.6'}, {'id': 5778796663, 'qualifierId': 212, 'value': '6.5'}, {'id': 5778796661, 'qualifierId': 141, 'value': '45.5'}, {'id': 5778796657, 'qualifierId': 56, 'value': 'Back'}]",6p2318moul9op4hmigk1xbaw9,K. McNabb,,San Diego Wave,Home
2824007003,152,1,1,14,48,esvbnzqbyvxp2k570ez7h1a1g,1,22.6,44.3,2025-06-23T02:23:01.051Z,2025-06-23T02:23:03Z,"[{'id': 5778796723, 'qualifierId': 141, 'value': '24.4'}, {'id': 5778796721, 'qualifierId': 140, 'value': '25.4'}, {'id': 5778796719, 'qualifierId': 56, 'value': 'Back'}, {'id': 5778796725, 'qualifierId': 212, 'value': '13.8'}, {'id': 5778796727, 'qualifierId': 213, 'value': '4.93'}]",4yb9avzbrzt8m4c4h1yy98jbp,K. Sheridan,,San Diego Wave,Home
2824007011,153,1,1,14,50,esvbnzqbyvxp2k570ez7h1a1g,1,25.7,22.1,2025-06-23T02:23:03.468Z,2025-06-23T02:23:07Z,"[{'id': 5778796777, 'qualifierId': 212, 'value': '17.2'}, {'id': 5778796775, 'qualifierId': 141, 'value': '3.4'}, {'id': 5778796779, 'qualifierId': 213, 'value': '5.45'}, {'id': 5778796771, 'qualifierId': 56, 'value': 'Back'}, {'id': 5778796773, 'qualifierId': 140, 'value': '36.7'}]",9ms54l53wseuxarpn4vfcx9g4,T. Armstrong,,San Diego Wave,Home
2824007021,154,1,1,14,54,esvbnzqbyvxp2k570ez7h1a1g,1,42.8,5.2,2025-06-23T02:23:07.148Z,2025-06-23T02:23:09Z,"[{'id': 5778796829, 'qualifierId': 140, 'value': '53.0'}, {'id': 5778796835, 'qualifierId': 213, 'value': '0.77'}, {'id': 5778796833, 'qualifierId': 212, 'value': '14.9'}, {'id': 5778796831, 'qualifierId': 141, 'value': '20.4'}, {'id': 5778796827, 'qualifierId': 56, 'value': 'Right'}]",auyj06nha2syoygo7prfadobu,H. Lundkvist,,San Diego Wave,Home
2824007029,85,43,1,14,56,f1ks82wpiewyqs6h3oz9v4hzj,1,0.0,0.0,2025-06-23T02:23:09.373Z,2025-06-23T02:49:23Z,"[{'id': 5778796931, 'qualifierId': 399, 'value': 'dzfr9ktjmxqj2eh2xibt7konp'}, {'id': 5778818097, 'qualifierId': 144, 'value': '83'}]",coy005g9noltjta4ka7utllp0,H. Hershfelt,,Washington Spirit,Away
2824007031,155,1,1,14,56,esvbnzqbyvxp2k570ez7h1a1g,1,53.5,18.8,2025-06-23T02:23:09.563Z,2025-06-23T02:23:13Z,"[{'id': 5778796875, 'qualifierId': 141, 'value': '18.0'}, {'id': 5778796871, 'qualifierId': 56, 'value': 'Back'}, {'id': 5778796879, 'qualifierId': 213, 'value': '3.19'}, {'id': 5778796873, 'qualifierId': 140, 'value': '41.6'}, {'id': 5778796877, 'qualifierId': 212, 'value': '12.5'}]",dzfr9ktjmxqj2eh2xibt7konp,K. Dali,,San Diego Wave,Home
2824007033,156,1,1,15,0,esvbnzqbyvxp2k570ez7h1a1g,1,41.8,16.4,2025-06-23T02:23:13.180Z,2025-06-23T02:23:14Z,"[{'id': 5778796887, 'qualifierId': 140, 'value': '43.9'}, {'id': 5778796885, 'qualifierId': 56, 'value': 'Back'}, {'id': 5778796889, 'qualifierId': 141, 'value': '21.2'}, {'id': 5778796893, 'qualifierId': 213, 'value': '0.98'}, {'id': 5778796891, 'qualifierId': 212, 'value': '3.9'}]",9ms54l53wseuxarpn4vfcx9g4,T. Armstrong,,San Diego Wave,Home
2824007037,157,1,1,15,1,esvbnzqbyvxp2k570ez7h1a1g,1,43.9,21.2,2025-06-23T02:23:14.059Z,2025-06-23T02:23:15Z,"[{'id': 5778796911, 'qualifierId': 56, 'value': 'Back'}, {'id': 5778796919, 'qualifierId': 213, 'value': '3.42'}, {'id': 5778796913, 'qualifierId': 140, 'value': '35.2'}, {'id': 5778796915, 'qualifierId': 141, 'value': '17.3'}, {'id': 5778796929, 'qualifierId': 156}, {'id': 5778796917, 'qualifierId': 212, 'value': '9.5'}]",dzfr9ktjmxqj2eh2xibt7konp,K. Dali,,San Diego Wave,Home
2824007045,158,1,1,15,3,esvbnzqbyvxp2k570ez7h1a1g,1,31.5,17.0,2025-06-23T02:23:16.252Z,2025-06-23T02:23:19Z,"[{'id': 5778796959, 'qualifierId': 56, 'value': 'Back'}, {'id': 5778796967, 'qualifierId': 213, 'value': '2.81'}, {'id': 5778796965, 'qualifierId': 212, 'value': '28.1'}, {'id': 5778796961, 'qualifierId': 140, 'value': '6.2'}, {'id': 5778796963, 'qualifierId': 141, 'value': '30.4'}]",9ms54l53wseuxarpn4vfcx9g4,T. Armstrong,,San Diego Wave,Home
2824007051,159,1,1,15,7,esvbnzqbyvxp2k570ez7h1a1g,1,6.6,28.0,2025-06-23T02:23:19.867Z,2025-06-23T02:23:21Z,"[{'id': 5778796989, 'qualifierId': 212, 'value': '11.6'}, {'id': 5778796991, 'qualifierId': 213, 'value': '0.03'}, {'id': 5778796983, 'qualifierId': 56, 'value': 'Back'}, {'id': 5778796985, 'qualifierId': 140, 'value': '17.6'}, {'id': 5778796987, 'qualifierId': 141, 'value': '28.5'}]",4yb9avzbrzt8m4c4h1yy98jbp,K. Sheridan,,San Diego Wave,Home
2824007055,160,1,1,15,8,esvbnzqbyvxp2k570ez7h1a1g,1,17.6,28.5,2025-06-23T02:23:20.989Z,2025-06-23T02:23:23Z,"[{'id': 5778797009, 'qualifierId': 140, 'value': '3.1'}, {'id': 5778797031, 'qualifierId': 156}, {'id': 5778797015, 'qualifierId': 213, 'value': '2.21'}, {'id': 5778797013, 'qualifierId': 212, 'value': '25.5'}, {'id': 5778797007, 'qualifierId': 56, 'value': 'Back'}, {'id': 5778797011, 'qualifierId': 141, 'value': '58.5'}]",6h8t7apz5vzk0pjxo8hbbkfhm,S. McCaskill,,San Diego Wave,Home
2824007069,161,1,1,15,13,esvbnzqbyvxp2k570ez7h1a1g,1,3.9,72.1,2025-06-23T02:23:26.284Z,2025-06-23T02:23:30Z,"[{'id': 5778797113, 'qualifierId': 141, 'value': '77.2'}, {'id': 5778797111, 'qualifierId': 140, 'value': '21.7'}, {'id': 5778797109, 'qualifierId': 56, 'value': 'Back'}, {'id': 5778797115, 'qualifierId': 212, 'value': '19.0'}, {'id': 5778797117, 'qualifierId': 213, 'value': '0.18'}]",6p2318moul9op4hmigk1xbaw9,K. McNabb,,San Diego Wave,Home
2824007073,162,1,1,15,18,esvbnzqbyvxp2k570ez7h1a1g,1,21.4,88.6,2025-06-23T02:23:30.908Z,2025-06-23T02:49:50Z,"[{'id': 5778797143, 'qualifierId': 213, 'value': '3.32'}, {'id': 5778797141, 'qualifierId': 212, 'value': '11.4'}, {'id': 5778797137, 'qualifierId': 140, 'value': '10.7'}, {'id': 5778797139, 'qualifierId': 141, 'value': '85.6'}, {'id': 5778797135, 'qualifierId': 56, 'value': 'Back'}]",1he80t4tdvj86rbvng0956prd,M. Sánchez,,San Diego Wave,Home
2824007077,163,1,1,15,20,esvbnzqbyvxp2k570ez7h1a1g,1,10.3,85.1,2025-06-23T02:23:32.924Z,2025-06-23T02:23:34Z,"[{'id': 5778797171, 'qualifierId': 213, 'value': '0.20'}, {'id': 5778797167, 'qualifierId': 141, 'value': '90.0'}, {'id': 5778797161, 'qualifierId': 155}, {'id': 5778797169, 'qualifierId': 212, 'value': '16.5'}, {'id': 5778797163, 'qualifierId': 56, 'value': 'Back'}, {'id': 5778797165, 'qualifierId': 140, 'value': '25.7'}]",6p2318moul9op4hmigk1xbaw9,K. McNabb,,San Diego Wave,Home
2824007081,164,1,1,15,21,esvbnzqbyvxp2k570ez7h1a1g,0,26.2,90.9,2025-06-23T02:23:34.172Z,2025-06-23T02:23:36Z,"[{'id': 5778797203, 'qualifierId': 140, 'value': '26.5'}, {'id': 5778797209, 'qualifierId': 213, 'value': '1.53'}, {'id': 5778797201, 'qualifierId': 56, 'value': 'Back'}, {'id': 5778797205, 'qualifierId': 141, 'value': '100.0'}, {'id': 5778797207, 'qualifierId': 212, 'value': '7.3'}]",6h8t7apz5vzk0pjxo8hbbkfhm,S. McCaskill,,San Diego Wave,Home
2824007087,86,5,1,15,23,f1ks82wpiewyqs6h3oz9v4hzj,1,72.2,-1.6,2025-06-23T02:23:35.932Z,2025-06-23T02:27:33Z,"[{'id': 5778797223, 'qualifierId': 233, 'value': '165'}, {'id': 5778797217, 'qualifierId': 347}, {'id': 5778797215, 'qualifierId': 56, 'value': 'Right'}]",en29qfiuu01nsmekoqhycjo45,G. Carle,,Washington Spirit,Away
2824007083,165,5,1,15,23,esvbnzqbyvxp2k570ez7h1a1g,0,27.8,101.6,2025-06-23T02:23:35.932Z,2025-06-23T02:27:33Z,"[{'id': 5778797229, 'qualifierId': 233, 'value': '86'}, {'id': 5778797213, 'qualifierId': 347}, {'id': 5778797211, 'qualifierId': 56, 'value': 'Back'}]",6h8t7apz5vzk0pjxo8hbbkfhm,S. McCaskill,,San Diego Wave,Home
2824007103,87,1,1,15,27,f1ks82wpiewyqs6h3oz9v4hzj,1,70.1,0.0,2025-06-23T02:23:40.589Z,2025-06-23T02:23:43Z,"[{'id': 5778797299, 'qualifierId': 56, 'value': 'Right'}, {'id': 5778797307, 'qualifierId': 213, 'value': '2.14'}, {'id': 5778797301, 'qualifierId': 140, 'value': '63.6'}, {'id': 5778797297, 'qualifierId': 107}, {'id': 5778797303, 'qualifierId': 141, 'value': '14.1'}, {'id': 5778797305, 'qualifierId': 212, 'value': '12.7'}]",en29qfiuu01nsmekoqhycjo45,G. Carle,,Washington Spirit,Away
2824007105,88,1,1,15,30,f1ks82wpiewyqs6h3oz9v4hzj,1,63.6,14.1,2025-06-23T02:23:43.245Z,2025-06-23T02:23:44Z,"[{'id': 5778797317, 'qualifierId': 212, 'value': '4.2'}, {'id': 5778797315, 'qualifierId': 141, 'value': '8.9'}, {'id': 5778797319, 'qualifierId': 213, 'value': '4.15'}, {'id': 5778797311, 'qualifierId': 56, 'value': 'Right'}, {'id': 5778797313, 'qualifierId': 140, 'value': '61.5'}]",b8xa1whpr8m3e5zbziz9e91bd,N. Miura,,Washington Spirit,Away
2824007107,89,1,1,15,31,f1ks82wpiewyqs6h3oz9v4hzj,0,61.5,8.9,2025-06-23T02:23:43.995Z,2025-06-23T02:23:44Z,"[{'id': 5778797323, 'qualifierId': 3}, {'id': 5778797329, 'qualifierId': 141, 'value': '20.3'}, {'id': 5778797325, 'qualifierId': 56, 'value': 'Right'}, {'id': 5778797333, 'qualifierId': 213, 'value': '0.72'}, {'id': 5778797331, 'qualifierId': 212, 'value': '11.8'}, {'id': 5778797327, 'qualifierId': 140, 'value': '70.0'}]",1v67tba1l3sxow1geovdqefo5,R. Bernal,,Washington Spirit,Away
2824007111,167,49,1,15,35,esvbnzqbyvxp2k570ez7h1a1g,1,29.7,81.2,2025-06-23T02:23:47.633Z,2025-06-23T02:23:47Z,[],1he80t4tdvj86rbvng0956prd,M. Sánchez,,San Diego Wave,Home
2824007115,168,1,1,15,35,esvbnzqbyvxp2k570ez7h1a1g,1,29.7,81.2,2025-06-23T02:23:47.820Z,2025-06-23T02:23:49Z,"[{'id': 5778797355, 'qualifierId': 140, 'value': '28.1'}, {'id': 5778797357, 'qualifierId': 141, 'value': '85.9'}, {'id': 5778797361, 'qualifierId': 213, 'value': '2.05'}, {'id': 5778797353, 'qualifierId': 56, 'value': 'Back'}, {'id': 5778797359, 'qualifierId': 212, 'value': '3.6'}]",1he80t4tdvj86rbvng0956prd,M. Sánchez,,San Diego Wave,Home
2824007119,90,45,1,15,36,f1ks82wpiewyqs6h3oz9v4hzj,0,71.2,13.6,2025-06-23T02:23:48.924Z,2025-06-23T02:42:20Z,"[{'id': 5778797379, 'qualifierId': 286}, {'id': 5778797421, 'qualifierId': 233, 'value': '169'}, {'id': 5778797377, 'qualifierId': 56, 'value': 'Right'}]",73q03evwuq5rdm7scz31yj4a2,M. Morris,,Washington Spirit,Away
2824007127,169,3,1,15,36,esvbnzqbyvxp2k570ez7h1a1g,1,28.8,86.4,2025-06-23T02:23:48.924Z,2025-07-01T14:19:24Z,"[{'id': 5778797407, 'qualifierId': 285}, {'id': 5778797413, 'qualifierId': 233, 'value': '90'}, {'id': 5778797405, 'qualifierId': 56, 'value': 'Back'}, {'id': 5785725423, 'qualifierId': 464}]",3x6baiktcpcjxxh258a5uebpx,P. Morroni,,San Diego Wave,Home
2824007137,170,1,1,15,38,esvbnzqbyvxp2k570ez7h1a1g,1,25.4,92.6,2025-06-23T02:23:50.795Z,2025-06-23T02:23:53Z,"[{'id': 5778797459, 'qualifierId': 212, 'value': '15.4'}, {'id': 5778797453, 'qualifierId': 56, 'value': 'Back'}, {'id': 5778797461, 'qualifierId': 213, 'value': '3.39'}, {'id': 5778797457, 'qualifierId': 141, 'value': '87.1'}, {'id': 5778797455, 'qualifierId': 140, 'value': '11.2'}]",3x6baiktcpcjxxh258a5uebpx,P. Morroni,,San Diego Wave,Home
2824007139,171,1,1,15,40,esvbnzqbyvxp2k570ez7h1a1g,0,12.7,90.3,2025-06-23T02:23:53.371Z,2025-06-23T02:23:54Z,"[{'id': 5778797479, 'qualifierId': 56, 'value': 'Back'}, {'id': 5778797485, 'qualifierId': 212, 'value': '16.4'}, {'id': 5778797487, 'qualifierId': 213, 'value': '5.66'}, {'id': 5778797483, 'qualifierId': 141, 'value': '76.3'}, {'id': 5778797481, 'qualifierId': 140, 'value': '25.4'}]",6p2318moul9op4hmigk1xbaw9,K. McNabb,,San Diego Wave,Home
2824007147,91,8,1,15,43,f1ks82wpiewyqs6h3oz9v4hzj,1,70.4,26.1,2025-06-23T02:23:56.445Z,2025-07-01T14:19:56Z,"[{'id': 5778797535, 'qualifierId': 56, 'value': 'Center'}, {'id': 5785725445, 'qualifierId': 384}]",coy005g9noltjta4ka7utllp0,H. Hershfelt,,Washington Spirit,Away
2824007159,92,1,1,15,45,f1ks82wpiewyqs6h3oz9v4hzj,0,70.7,18.3,2025-06-23T02:23:57.976Z,2025-06-23T02:50:54Z,"[{'id': 5778797585, 'qualifierId': 3}, {'id': 5778797595, 'qualifierId': 213, 'value': '2.29'}, {'id': 5778797587, 'qualifierId': 56, 'value': 'Center'}, {'id': 5778797591, 'qualifierId': 141, 'value': '28.6'}, {'id': 5778797589, 'qualifierId': 140, 'value': '64.9'}, {'id': 5778797593, 'qualifierId': 212, 'value': '9.3'}]",b8xa1whpr8m3e5zbziz9e91bd,N. Miura,,Washington Spirit,Away
2825243755,900,3,1,15,45,esvbnzqbyvxp2k570ez7h1a1g,0,35.2,72.8,2025-06-23T02:23:58.445Z,2025-07-01T19:02:55Z,"[{'id': 5785725541, 'qualifierId': 465}, {'id': 5785725539, 'qualifierId': 286}, {'id': 5785725537, 'qualifierId': 56, 'value': 'Back'}, {'id': 5785852051, 'qualifierId': 233, 'value': '93'}]",efynp5qo9b9x0lh9b4ft0ic8a,G. Corley,,San Diego Wave,Home
2824007163,93,7,1,15,45,f1ks82wpiewyqs6h3oz9v4hzj,0,64.8,27.2,2025-06-23T02:23:58.446Z,2025-07-01T19:02:54Z,"[{'id': 5785725545, 'qualifierId': 178}, {'id': 5785725529, 'qualifierId': 285}, {'id': 5785725543, 'qualifierId': 384}, {'id': 5778797605, 'qualifierId': 56, 'value': 'Center'}, {'id': 5785852047, 'qualifierId': 233, 'value': '900'}]",1v67tba1l3sxow1geovdqefo5,R. Bernal,,Washington Spirit,Away
2824007167,172,43,1,15,49,esvbnzqbyvxp2k570ez7h1a1g,1,0.0,0.0,2025-06-23T02:24:01.997Z,2025-07-01T14:22:02Z,"[{'id': 5785725579, 'qualifierId': 144, 'value': '49'}]",3x6baiktcpcjxxh258a5uebpx,P. Morroni,,San Diego Wave,Home
2824007175,173,1,1,15,49,esvbnzqbyvxp2k570ez7h1a1g,1,27.0,75.9,2025-06-23T02:24:02.316Z,2025-06-23T02:24:03Z,"[{'id': 5778797643, 'qualifierId': 213, 'value': '5.30'}, {'id': 5778797641, 'qualifierId': 212, 'value': '14.4'}, {'id': 5778797637, 'qualifierId': 140, 'value': '34.6'}, {'id': 5778797639, 'qualifierId': 141, 'value': '58.2'}, {'id': 5778797635, 'qualifierId': 56, 'value': 'Back'}]",3x6baiktcpcjxxh258a5uebpx,P. Morroni,,San Diego Wave,Home
2824007179,174,1,1,15,51,esvbnzqbyvxp2k570ez7h1a1g,1,35.8,53.4,2025-06-23T02:24:03.852Z,2025-06-23T02:24:09Z,"[{'id': 5778797679, 'qualifierId': 212, 'value': '21.4'}, {'id': 5778797673, 'qualifierId': 56, 'value': 'Back'}, {'id': 5778797675, 'qualifierId': 140, 'value': '43.3'}, {'id': 5778797677, 'qualifierId': 141, 'value': '24.1'}, {'id': 5778797681, 'qualifierId': 213, 'value': '5.09'}]",dzfr9ktjmxqj2eh2xibt7konp,K. Dali,,San Diego Wave,Home
2824007187,175,1,1,15,57,esvbnzqbyvxp2k570ez7h1a1g,1,65.3,14.7,2025-06-23T02:24:09.724Z,2025-06-23T02:24:13Z,"[{'id': 5778797745, 'qualifierId': 140, 'value': '65.3'}, {'id': 5778797747, 'qualifierId': 141, 'value': '24.0'}, {'id': 5778797743, 'qualifierId': 56, 'value': 'Center'}, {'id': 5778797751, 'qualifierId': 213, 'value': '1.57'}, {'id': 5778797749, 'qualifierId': 212, 'value': '6.3'}]",auyj06nha2syoygo7prfadobu,H. Lundkvist,,San Diego Wave,Home
2824007191,176,1,1,16,0,esvbnzqbyvxp2k570ez7h1a1g,0,72.7,29.5,2025-06-23T02:24:13.132Z,2025-06-23T02:24:15Z,"[{'id': 5778797771, 'qualifierId': 140, 'value': '100.0'}, {'id': 5778797773, 'qualifierId': 141, 'value': '27.0'}, {'id': 5778797769, 'qualifierId': 56, 'value': 'Center'}, {'id': 5778797777, 'qualifierId': 213, 'value': '6.22'}, {'id': 5778797775, 'qualifierId': 212, 'value': '29.0'}]",dzfr9ktjmxqj2eh2xibt7konp,K. Dali,,San Diego Wave,Home
2824007199,94,5,1,16,2,f1ks82wpiewyqs6h3oz9v4hzj,1,-0.6,74.5,2025-06-23T02:24:15.078Z,2025-06-23T02:27:34Z,"[{'id': 5778797819, 'qualifierId': 346}, {'id': 5778798171, 'qualifierId': 233, 'value': '177'}, {'id': 5778797817, 'qualifierId': 56, 'value': 'Back'}]",1v67tba1l3sxow1geovdqefo5,R. Bernal,,Washington Spirit,Away
2824007265,177,5,1,16,2,esvbnzqbyvxp2k570ez7h1a1g,0,100.6,25.5,2025-06-23T02:24:15.078Z,2025-06-23T02:27:34Z,"[{'id': 5778798167, 'qualifierId': 56, 'value': 'Center'}, {'id': 5778798183, 'qualifierId': 233, 'value': '94'}, {'id': 5778798169, 'qualifierId': 346}]",dzfr9ktjmxqj2eh2xibt7konp,K. Dali,,San Diego Wave,Home
2824007241,95,1,1,16,21,f1ks82wpiewyqs6h3oz9v4hzj,1,4.4,53.8,2025-06-23T02:24:34.326Z,2025-07-01T14:23:09Z,"[{'id': 5778798045, 'qualifierId': 237}, {'id': 5778798037, 'qualifierId': 141, 'value': '38.7'}, {'id': 5778798041, 'qualifierId': 213, 'value': '4.71'}, {'id': 5778798035, 'qualifierId': 140, 'value': '4.4'}, {'id': 5785725657, 'qualifierId': 189}, {'id': 5778798033, 'qualifierId': 56, 'value': 'Back'}, {'id': 5778798039, 'qualifierId': 212, 'value': '10.3'}, {'id': 5778798031, 'qualifierId': 124}]",d9dirjpaqkq3gga2zyeykcv6d,A. Kingsbury,,Washington Spirit,Away
2825243769,724,1,1,16,23,f1ks82wpiewyqs6h3oz9v4hzj,1,4.8,38.6,2025-06-23T02:24:36.446Z,2025-07-01T14:23:03Z,"[{'id': 5785725645, 'qualifierId': 56, 'value': 'Back'}, {'id': 5785725647, 'qualifierId': 140, 'value': '26.7'}, {'id': 5785725653, 'qualifierId': 213, 'value': '5.80'}, {'id': 5785725649, 'qualifierId': 141, 'value': '21.0'}, {'id': 5785725651, 'qualifierId': 212, 'value': '25.9'}]",27dktxivmcqmi1lkz1vs49qi2,T. McKeown,,Washington Spirit,Away
2824007247,96,1,1,16,26,f1ks82wpiewyqs6h3oz9v4hzj,1,28.3,23.4,2025-06-23T02:24:39.232Z,2025-06-23T02:24:40Z,"[{'id': 5778798067, 'qualifierId': 140, 'value': '27.8'}, {'id': 5778798065, 'qualifierId': 56, 'value': 'Back'}, {'id': 5778798073, 'qualifierId': 213, 'value': '4.67'}, {'id': 5778798069, 'qualifierId': 141, 'value': '4.0'}, {'id': 5778798071, 'qualifierId': 212, 'value': '13.2'}]",b8xa1whpr8m3e5zbziz9e91bd,N. Miura,,Washington Spirit,Away
2824007255,97,1,1,16,27,f1ks82wpiewyqs6h3oz9v4hzj,1,27.8,4.0,2025-06-23T02:24:40.200Z,2025-06-23T02:24:43Z,"[{'id': 5778798119, 'qualifierId': 212, 'value': '29.6'}, {'id': 5778798113, 'qualifierId': 56, 'value': 'Back'}, {'id': 5778798117, 'qualifierId': 141, 'value': '18.2'}, {'id': 5778798115, 'qualifierId': 140, 'value': '1.2'}, {'id': 5778798121, 'qualifierId': 213, 'value': '2.81'}]",en29qfiuu01nsmekoqhycjo45,G. Carle,,Washington Spirit,Away
2824007259,98,1,1,16,30,f1ks82wpiewyqs6h3oz9v4hzj,1,7.4,10.7,2025-06-23T02:24:42.986Z,2025-06-23T02:24:45Z,"[{'id': 5778798135, 'qualifierId': 141, 'value': '27.1'}, {'id': 5778798131, 'qualifierId': 56, 'value': 'Back'}, {'id': 5778798139, 'qualifierId': 213, 'value': '0.75'}, {'id': 5778798133, 'qualifierId': 140, 'value': '18.8'}, {'id': 5778798137, 'qualifierId': 212, 'value': '16.4'}]",27dktxivmcqmi1lkz1vs49qi2,T. McKeown,,Washington Spirit,Away
2824007269,178,83,1,16,32,esvbnzqbyvxp2k570ez7h1a1g,0,79.4,77.9,2025-06-23T02:24:44.652Z,2025-07-01T13:14:25Z,"[{'id': 5778822085, 'qualifierId': 399, 'value': '1v67tba1l3sxow1geovdqefo5'}]",efynp5qo9b9x0lh9b4ft0ic8a,G. Corley,,San Diego Wave,Home
2824007263,99,1,1,16,32,f1ks82wpiewyqs6h3oz9v4hzj,0,23.3,28.0,2025-06-23T02:24:45.548Z,2025-06-23T02:24:46Z,"[{'id': 5778798163, 'qualifierId': 212, 'value': '9.4'}, {'id': 5778798157, 'qualifierId': 56, 'value': 'Back'}, {'id': 5778798161, 'qualifierId': 141, 'value': '37.6'}, {'id': 5778798165, 'qualifierId': 213, 'value': '0.76'}, {'id': 5778798159, 'qualifierId': 140, 'value': '29.8'}]",1v67tba1l3sxow1geovdqefo5,R. Bernal,,Washington Spirit,Away
2824007329,107,51,1,16,33,f1ks82wpiewyqs6h3oz9v4hzj,1,19.9,24.1,2025-06-23T02:24:46.171Z,2025-06-23T02:25:25Z,"[{'id': 5778798735, 'qualifierId': 169, 'value': '180'}]",1v67tba1l3sxow1geovdqefo5,R. Bernal,,Washington Spirit,Away
2824007273,179,49,1,16,36,esvbnzqbyvxp2k570ez7h1a1g,1,71.2,63.9,2025-06-23T02:24:48.684Z,2025-06-23T02:24:48Z,[],6h8t7apz5vzk0pjxo8hbbkfhm,S. McCaskill,,San Diego Wave,Home
2824007281,180,15,1,16,37,esvbnzqbyvxp2k570ez7h1a1g,1,73.2,63.2,2025-06-23T02:24:50.446Z,2025-07-01T13:14:25Z,"[{'id': 5778798345, 'qualifierId': 146, 'value': '97.8'}, {'id': 5778798341, 'qualifierId': 103, 'value': '6.3'}, {'id': 5778798227, 'qualifierId': 56, 'value': 'Center'}, {'id': 5778798343, 'qualifierId': 215}, {'id': 5778798347, 'qualifierId': 147, 'value': '51.1'}, {'id': 5778798271, 'qualifierId': 20}, {'id': 5785710931, 'qualifierId': 458}, {'id': 5778798223, 'qualifierId': 22}, {'id': 5778798331, 'qualifierId': 78}, {'id': 5778798225, 'qualifierId': 18}, {'id': 5778798339, 'qualifierId': 102, 'value': '50.5'}, {'id': 5778798353, 'qualifierId': 233, 'value': '100'}]",6h8t7apz5vzk0pjxo8hbbkfhm,S. McCaskill,,San Diego Wave,Home
2824007277,100,10,1,16,37,f1ks82wpiewyqs6h3oz9v4hzj,1,2.0,48.8,2025-06-23T02:24:50.546Z,2025-07-01T13:14:45Z,"[{'id': 5778798215, 'qualifierId': 182}, {'id': 5785711105, 'qualifierId': 376}, {'id': 5778798359, 'qualifierId': 233, 'value': '180'}, {'id': 5778798213, 'qualifierId': 178}, {'id': 5778798217, 'qualifierId': 56, 'value': 'Back'}, {'id': 5778798251, 'qualifierId': 177}]",d9dirjpaqkq3gga2zyeykcv6d,A. Kingsbury,,Washington Spirit,Away
2824007285,101,52,1,16,38,f1ks82wpiewyqs6h3oz9v4hzj,1,2.1,49.6,2025-06-23T02:24:51.556Z,2025-07-01T14:23:41Z,"[{'id': 5785725693, 'qualifierId': 376}]",d9dirjpaqkq3gga2zyeykcv6d,A. Kingsbury,,Washington Spirit,Away
2824007307,102,1,1,16,48,f1ks82wpiewyqs6h3oz9v4hzj,1,9.0,50.7,2025-06-23T02:25:00.638Z,2025-06-23T02:25:02Z,"[{'id': 5778798393, 'qualifierId': 123}, {'id': 5778798407, 'qualifierId': 189}, {'id': 5778798399, 'qualifierId': 141, 'value': '72.1'}, {'id': 5778798395, 'qualifierId': 56, 'value': 'Back'}, {'id': 5778798401, 'qualifierId': 212, 'value': '16.1'}, {'id': 5778798397, 'qualifierId': 140, 'value': '15.6'}, {'id': 5778798403, 'qualifierId': 213, 'value': '1.13'}]",d9dirjpaqkq3gga2zyeykcv6d,A. Kingsbury,,Washington Spirit,Away
2824007311,103,1,1,16,50,f1ks82wpiewyqs6h3oz9v4hzj,1,15.6,72.1,2025-06-23T02:25:03.106Z,2025-06-23T02:25:05Z,"[{'id': 5778798431, 'qualifierId': 213, 'value': '5.57'}, {'id': 5778798427, 'qualifierId': 141, 'value': '63.0'}, {'id': 5778798425, 'qualifierId': 140, 'value': '22.4'}, {'id': 5778798429, 'qualifierId': 212, 'value': '9.4'}, {'id': 5778798423, 'qualifierId': 56, 'value': 'Back'}]",bo5e35lsptja0pnlvk1y38dex,E. Morgan,,Washington Spirit,Away
2824007317,104,1,1,16,52,f1ks82wpiewyqs6h3oz9v4hzj,1,21.7,59.9,2025-06-23T02:25:05.199Z,2025-06-23T02:25:06Z,"[{'id': 5778798471, 'qualifierId': 155}, {'id': 5778798479, 'qualifierId': 212, 'value': '31.6'}, {'id': 5778798473, 'qualifierId': 56, 'value': 'Back'}, {'id': 5778798475, 'qualifierId': 140, 'value': '32.5'}, {'id': 5778798477, 'qualifierId': 141, 'value': '16.5'}, {'id': 5778798481, 'qualifierId': 213, 'value': '5.08'}]",coy005g9noltjta4ka7utllp0,H. Hershfelt,,Washington Spirit,Away
2824007321,105,1,1,16,53,f1ks82wpiewyqs6h3oz9v4hzj,1,32.5,16.5,2025-06-23T02:25:06.355Z,2025-06-23T02:25:10Z,"[{'id': 5778798485, 'qualifierId': 56, 'value': 'Back'}, {'id': 5778798487, 'qualifierId': 140, 'value': '39.6'}, {'id': 5778798491, 'qualifierId': 212, 'value': '10.7'}, {'id': 5778798493, 'qualifierId': 213, 'value': '0.80'}, {'id': 5778798489, 'qualifierId': 141, 'value': '27.7'}]",en29qfiuu01nsmekoqhycjo45,G. Carle,,Washington Spirit,Away
2824007323,106,4,1,16,57,f1ks82wpiewyqs6h3oz9v4hzj,1,43.2,25.0,2025-06-23T02:25:09.803Z,2025-07-01T14:28:00Z,"[{'id': 5785725871, 'qualifierId': 294}, {'id': 5778798517, 'qualifierId': 233, 'value': '181'}, {'id': 5778798509, 'qualifierId': 56, 'value': 'Back'}, {'id': 5778798511, 'qualifierId': 152}, {'id': 5778798507, 'qualifierId': 13}, {'id': 5778798515, 'qualifierId': 286}]",b8xa1whpr8m3e5zbziz9e91bd,N. Miura,,Washington Spirit,Away
2824007319,181,4,1,16,57,esvbnzqbyvxp2k570ez7h1a1g,0,56.8,75.0,2025-06-23T02:25:09.804Z,2025-07-01T14:28:03Z,"[{'id': 5778798523, 'qualifierId': 233, 'value': '106'}, {'id': 5778798499, 'qualifierId': 56, 'value': 'Center'}, {'id': 5778798505, 'qualifierId': 285}, {'id': 5778798497, 'qualifierId': 13}, {'id': 5785725875, 'qualifierId': 294}, {'id': 5778798501, 'qualifierId': 152}]",1he80t4tdvj86rbvng0956prd,M. Sánchez,,San Diego Wave,Home
2824007371,108,1,1,17,15,f1ks82wpiewyqs6h3oz9v4hzj,1,45.1,26.4,2025-06-23T02:25:27.699Z,2025-06-23T02:25:29Z,"[{'id': 5778798787, 'qualifierId': 56, 'value': 'Center'}, {'id': 5778798791, 'qualifierId': 141, 'value': '21.2'}, {'id': 5778798783, 'qualifierId': 5}, {'id': 5778798793, 'qualifierId': 212, 'value': '9.6'}, {'id': 5778798789, 'qualifierId': 140, 'value': '53.6'}, {'id': 5778798785, 'qualifierId': 152}, {'id': 5778798795, 'qualifierId': 213, 'value': '5.91'}]",27dktxivmcqmi1lkz1vs49qi2,T. McKeown,,Washington Spirit,Away
2824007375,109,1,1,17,17,f1ks82wpiewyqs6h3oz9v4hzj,1,48.8,21.3,2025-06-23T02:25:29.621Z,2025-06-23T02:25:30Z,"[{'id': 5778798815, 'qualifierId': 141, 'value': '26.8'}, {'id': 5778798817, 'qualifierId': 212, 'value': '8.4'}, {'id': 5778798813, 'qualifierId': 140, 'value': '41.6'}, {'id': 5778798819, 'qualifierId': 213, 'value': '2.68'}, {'id': 5778798811, 'qualifierId': 56, 'value': 'Back'}]",1v67tba1l3sxow1geovdqefo5,R. Bernal,,Washington Spirit,Away
2824007379,110,1,1,17,18,f1ks82wpiewyqs6h3oz9v4hzj,1,42.6,22.5,2025-06-23T02:25:30.792Z,2025-06-23T02:25:33Z,"[{'id': 5778798837, 'qualifierId': 140, 'value': '56.8'}, {'id': 5778798841, 'qualifierId': 212, 'value': '18.3'}, {'id': 5778798843, 'qualifierId': 213, 'value': '5.66'}, {'id': 5778798835, 'qualifierId': 56, 'value': 'Right'}, {'id': 5778798839, 'qualifierId': 141, 'value': '6.8'}]",27dktxivmcqmi1lkz1vs49qi2,T. McKeown,,Washington Spirit,Away
2824007393,182,83,1,17,19,esvbnzqbyvxp2k570ez7h1a1g,0,55.3,96.5,2025-06-23T02:25:32.148Z,2025-06-23T02:25:56Z,"[{'id': 5778798987, 'qualifierId': 399, 'value': 'en29qfiuu01nsmekoqhycjo45'}]",1he80t4tdvj86rbvng0956prd,M. Sánchez,,San Diego Wave,Home
2824007383,111,1,1,17,20,f1ks82wpiewyqs6h3oz9v4hzj,1,48.2,3.5,2025-06-23T02:25:33.526Z,2025-06-23T02:25:34Z,"[{'id': 5778798859, 'qualifierId': 56, 'value': 'Back'}, {'id': 5778798867, 'qualifierId': 213, 'value': '2.83'}, {'id': 5778798865, 'qualifierId': 212, 'value': '11.7'}, {'id': 5778798861, 'qualifierId': 140, 'value': '37.6'}, {'id': 5778798863, 'qualifierId': 141, 'value': '8.8'}]",en29qfiuu01nsmekoqhycjo45,G. Carle,,Washington Spirit,Away
2824007385,112,1,1,17,21,f1ks82wpiewyqs6h3oz9v4hzj,1,37.6,8.8,2025-06-23T02:25:34.588Z,2025-06-23T02:25:35Z,"[{'id': 5778798877, 'qualifierId': 212, 'value': '12.6'}, {'id': 5778798875, 'qualifierId': 141, 'value': '14.3'}, {'id': 5778798873, 'qualifierId': 140, 'value': '49.1'}, {'id': 5778798879, 'qualifierId': 213, 'value': '0.30'}, {'id': 5778798871, 'qualifierId': 56, 'value': 'Back'}]",1v67tba1l3sxow1geovdqefo5,R. Bernal,,Washington Spirit,Away
2824007387,113,1,1,17,23,f1ks82wpiewyqs6h3oz9v4hzj,1,49.1,14.3,2025-06-23T02:25:35.698Z,2025-06-23T02:25:38Z,"[{'id': 5778798887, 'qualifierId': 141, 'value': '12.3'}, {'id': 5778798889, 'qualifierId': 212, 'value': '14.9'}, {'id': 5778798883, 'qualifierId': 56, 'value': 'Back'}, {'id': 5778798891, 'qualifierId': 213, 'value': '3.23'}, {'id': 5778798895, 'qualifierId': 156}, {'id': 5778798885, 'qualifierId': 140, 'value': '35.0'}]",b8xa1whpr8m3e5zbziz9e91bd,N. Miura,,Washington Spirit,Away
2824007397,114,1,1,17,25,f1ks82wpiewyqs6h3oz9v4hzj,1,34.6,15.3,2025-06-23T02:25:38.119Z,2025-06-23T02:25:39Z,"[{'id': 5778798953, 'qualifierId': 213, 'value': '0.69'}, {'id': 5778798949, 'qualifierId': 141, 'value': '20.9'}, {'id': 5778798951, 'qualifierId': 212, 'value': '6.0'}, {'id': 5778798945, 'qualifierId': 56, 'value': 'Back'}, {'id': 5778798947, 'qualifierId': 140, 'value': '39.0'}]",1v67tba1l3sxow1geovdqefo5,R. Bernal,,Washington Spirit,Away
2824007401,115,1,1,17,26,f1ks82wpiewyqs6h3oz9v4hzj,1,39.0,20.9,2025-06-23T02:25:39.056Z,2025-06-23T02:25:40Z,"[{'id': 5778798979, 'qualifierId': 141, 'value': '4.0'}, {'id': 5778798981, 'qualifierId': 212, 'value': '11.9'}, {'id': 5778798975, 'qualifierId': 56, 'value': 'Back'}, {'id': 5778798983, 'qualifierId': 213, 'value': '4.97'}, {'id': 5778798977, 'qualifierId': 140, 'value': '41.9'}]",coy005g9noltjta4ka7utllp0,H. Hershfelt,,Washington Spirit,Away
2824007407,116,1,1,17,28,f1ks82wpiewyqs6h3oz9v4hzj,1,41.9,4.0,2025-06-23T02:25:41.087Z,2025-06-23T02:25:42Z,"[{'id': 5778799013, 'qualifierId': 140, 'value': '42.5'}, {'id': 5778799011, 'qualifierId': 56, 'value': 'Back'}, {'id': 5778799019, 'qualifierId': 213, 'value': '1.42'}, {'id': 5778799015, 'qualifierId': 141, 'value': '10.3'}, {'id': 5778799017, 'qualifierId': 212, 'value': '4.3'}]",en29qfiuu01nsmekoqhycjo45,G. Carle,,Washington Spirit,Away
2824007411,117,3,1,17,29,f1ks82wpiewyqs6h3oz9v4hzj,0,39.0,7.0,2025-06-23T02:25:42.540Z,2025-07-01T14:29:13Z,"[{'id': 5785725921, 'qualifierId': 464}, {'id': 5778799041, 'qualifierId': 286}, {'id': 5778799039, 'qualifierId': 56, 'value': 'Back'}, {'id': 5778799133, 'qualifierId': 233, 'value': '183'}]",b8xa1whpr8m3e5zbziz9e91bd,N. Miura,,Washington Spirit,Away
2824007427,183,7,1,17,29,esvbnzqbyvxp2k570ez7h1a1g,1,61.0,93.0,2025-06-23T02:25:42.541Z,2025-07-01T14:29:17Z,"[{'id': 5778799127, 'qualifierId': 233, 'value': '117'}, {'id': 5778799107, 'qualifierId': 167}, {'id': 5778799111, 'qualifierId': 285}, {'id': 5785725923, 'qualifierId': 383}, {'id': 5778799109, 'qualifierId': 56, 'value': 'Left'}, {'id': 5785725925, 'qualifierId': 178}]",1he80t4tdvj86rbvng0956prd,M. Sánchez,,San Diego Wave,Home
2824007423,118,5,1,17,32,f1ks82wpiewyqs6h3oz9v4hzj,1,43.4,-0.8,2025-06-23T02:25:45.539Z,2025-06-23T02:27:34Z,"[{'id': 5778799091, 'qualifierId': 56, 'value': 'Back'}, {'id': 5778799177, 'qualifierId': 233, 'value': '184'}, {'id': 5778799093, 'qualifierId': 347}]",b8xa1whpr8m3e5zbziz9e91bd,N. Miura,,Washington Spirit,Away
2824007439,184,5,1,17,32,esvbnzqbyvxp2k570ez7h1a1g,0,56.6,100.8,2025-06-23T02:25:45.539Z,2025-06-23T02:27:35Z,"[{'id': 5778799175, 'qualifierId': 347}, {'id': 5778799191, 'qualifierId': 233, 'value': '118'}, {'id': 5778799173, 'qualifierId': 56, 'value': 'Left'}]",1he80t4tdvj86rbvng0956prd,M. Sánchez,,San Diego Wave,Home
2824007461,119,1,1,17,41,f1ks82wpiewyqs6h3oz9v4hzj,1,51.9,0.0,2025-06-23T02:25:54.334Z,2025-06-23T02:25:55Z,"[{'id': 5778799267, 'qualifierId': 107}, {'id': 5778799275, 'qualifierId': 212, 'value': '11.1'}, {'id': 5778799277, 'qualifierId': 213, 'value': '0.99'}, {'id': 5778799273, 'qualifierId': 141, 'value': '11.6'}, {'id': 5778799269, 'qualifierId': 56, 'value': 'Right'}, {'id': 5778799271, 'qualifierId': 140, 'value': '57.7'}]",en29qfiuu01nsmekoqhycjo45,G. Carle,,Washington Spirit,Away
2824007467,120,1,1,17,42,f1ks82wpiewyqs6h3oz9v4hzj,1,57.7,11.6,2025-06-23T02:25:55.146Z,2025-06-23T02:25:56Z,"[{'id': 5778799299, 'qualifierId': 141, 'value': '4.6'}, {'id': 5778799303, 'qualifierId': 213, 'value': '3.94'}, {'id': 5778799295, 'qualifierId': 56, 'value': 'Right'}, {'id': 5778799297, 'qualifierId': 140, 'value': '53.3'}, {'id': 5778799301, 'qualifierId': 212, 'value': '6.6'}]",b8xa1whpr8m3e5zbziz9e91bd,N. Miura,,Washington Spirit,Away
2825243813,726,43,1,17,43,f1ks82wpiewyqs6h3oz9v4hzj,1,0.0,0.0,2025-06-23T02:25:55.694Z,2025-07-01T14:31:51Z,"[{'id': 5785726069, 'qualifierId': 347, 'value': '0'}, {'id': 5785726073, 'qualifierId': 144, 'value': '5'}, {'id': 5785726067, 'qualifierId': 56, 'value': 'Right'}]",b8xa1whpr8m3e5zbziz9e91bd,N. Miura,,Washington Spirit,Away
2824007481,121,1,1,17,45,f1ks82wpiewyqs6h3oz9v4hzj,1,53.3,4.6,2025-06-23T02:25:57.708Z,2025-06-23T02:25:59Z,"[{'id': 5778799357, 'qualifierId': 141, 'value': '12.3'}, {'id': 5778799361, 'qualifierId': 213, 'value': '2.57'}, {'id': 5778799355, 'qualifierId': 140, 'value': '45.6'}, {'id': 5778799359, 'qualifierId': 212, 'value': '9.6'}, {'id': 5778799353, 'qualifierId': 56, 'value': 'Back'}]",en29qfiuu01nsmekoqhycjo45,G. Carle,,Washington Spirit,Away
2824007487,122,1,1,17,46,f1ks82wpiewyqs6h3oz9v4hzj,1,38.7,14.6,2025-06-23T02:25:59.130Z,2025-07-01T14:31:19Z,"[{'id': 5778799397, 'qualifierId': 141, 'value': '6.4'}, {'id': 5778799395, 'qualifierId': 140, 'value': '50.9'}, {'id': 5778799401, 'qualifierId': 213, 'value': '5.87'}, {'id': 5778799399, 'qualifierId': 212, 'value': '14.0'}, {'id': 5778799393, 'qualifierId': 56, 'value': 'Right'}]",coy005g9noltjta4ka7utllp0,H. Hershfelt,,Washington Spirit,Away
2825243811,725,1,1,17,47,f1ks82wpiewyqs6h3oz9v4hzj,0,54.2,10.7,2025-06-23T02:25:59.694Z,2025-07-01T14:32:21Z,"[{'id': 5785726059, 'qualifierId': 140, 'value': '64.1'}, {'id': 5785726065, 'qualifierId': 213, 'value': '5.64'}, {'id': 5785726061, 'qualifierId': 141, 'value': '0.0'}, {'id': 5785726057, 'qualifierId': 56, 'value': 'Right'}, {'id': 5785726063, 'qualifierId': 212, 'value': '13.0'}]",b8xa1whpr8m3e5zbziz9e91bd,N. Miura,,Washington Spirit,Away
2824007491,123,5,1,17,49,f1ks82wpiewyqs6h3oz9v4hzj,0,64.3,-1.6,2025-06-23T02:26:02.285Z,2025-06-23T02:26:08Z,"[{'id': 5778799415, 'qualifierId': 56, 'value': 'Right'}, {'id': 5778799417, 'qualifierId': 347}, {'id': 5778799499, 'qualifierId': 233, 'value': '185'}]",coy005g9noltjta4ka7utllp0,H. Hershfelt,,Washington Spirit,Away
2824007505,185,5,1,17,49,esvbnzqbyvxp2k570ez7h1a1g,1,35.7,101.6,2025-06-23T02:26:02.285Z,2025-06-23T02:27:35Z,"[{'id': 5778799483, 'qualifierId': 347}, {'id': 5778799489, 'qualifierId': 233, 'value': '123'}, {'id': 5778799481, 'qualifierId': 56, 'value': 'Back'}]",1he80t4tdvj86rbvng0956prd,M. Sánchez,,San Diego Wave,Home
2824007535,186,1,1,18,2,esvbnzqbyvxp2k570ez7h1a1g,1,35.8,100.0,2025-06-23T02:26:15.148Z,2025-06-23T02:26:17Z,"[{'id': 5778799635, 'qualifierId': 56, 'value': 'Back'}, {'id': 5778799639, 'qualifierId': 141, 'value': '95.4'}, {'id': 5778799633, 'qualifierId': 107}, {'id': 5778799637, 'qualifierId': 140, 'value': '27.4'}, {'id': 5778799641, 'qualifierId': 212, 'value': '9.9'}, {'id': 5778799643, 'qualifierId': 213, 'value': '3.61'}]",3x6baiktcpcjxxh258a5uebpx,P. Morroni,,San Diego Wave,Home
2824007541,187,1,1,18,4,esvbnzqbyvxp2k570ez7h1a1g,1,28.8,93.5,2025-06-23T02:26:17.148Z,2025-06-23T02:26:20Z,"[{'id': 5778799679, 'qualifierId': 141, 'value': '96.8'}, {'id': 5778799681, 'qualifierId': 212, 'value': '9.4'}, {'id': 5778799675, 'qualifierId': 56, 'value': 'Back'}, {'id': 5778799677, 'qualifierId': 140, 'value': '37.5'}, {'id': 5778799683, 'qualifierId': 213, 'value': '0.24'}]",6h8t7apz5vzk0pjxo8hbbkfhm,S. McCaskill,,San Diego Wave,Home
2824007543,188,3,1,18,7,esvbnzqbyvxp2k570ez7h1a1g,0,40.8,96.8,2025-06-23T02:26:20.540Z,2025-07-01T14:32:52Z,"[{'id': 5778799687, 'qualifierId': 56, 'value': 'Back'}, {'id': 5785726113, 'qualifierId': 465}, {'id': 5778799765, 'qualifierId': 233, 'value': '124'}, {'id': 5778799689, 'qualifierId': 286}]",1he80t4tdvj86rbvng0956prd,M. Sánchez,,San Diego Wave,Home
2824007553,124,7,1,18,7,f1ks82wpiewyqs6h3oz9v4hzj,1,59.2,3.2,2025-06-23T02:26:20.541Z,2025-07-01T14:32:57Z,"[{'id': 5778799743, 'qualifierId': 56, 'value': 'Right'}, {'id': 5785726117, 'qualifierId': 178}, {'id': 5778799761, 'qualifierId': 233, 'value': '188'}, {'id': 5778799745, 'qualifierId': 285}, {'id': 5785726115, 'qualifierId': 384}]",1v67tba1l3sxow1geovdqefo5,R. Bernal,,Washington Spirit,Away
2824007559,125,1,1,18,11,f1ks82wpiewyqs6h3oz9v4hzj,1,61.3,3.8,2025-06-23T02:26:23.640Z,2025-06-23T02:26:24Z,"[{'id': 5778799775, 'qualifierId': 140, 'value': '56.4'}, {'id': 5778799779, 'qualifierId': 212, 'value': '5.6'}, {'id': 5778799773, 'qualifierId': 56, 'value': 'Right'}, {'id': 5778799777, 'qualifierId': 141, 'value': '7.1'}, {'id': 5778799781, 'qualifierId': 213, 'value': '2.73'}]",en29qfiuu01nsmekoqhycjo45,G. Carle,,Washington Spirit,Away
2824007563,126,49,1,18,11,f1ks82wpiewyqs6h3oz9v4hzj,1,56.4,7.1,2025-06-23T02:26:24.530Z,2025-06-23T02:26:25Z,[],1v67tba1l3sxow1geovdqefo5,R. Bernal,,Washington Spirit,Away
2824007571,127,1,1,18,12,f1ks82wpiewyqs6h3oz9v4hzj,1,56.4,7.1,2025-06-23T02:26:24.687Z,2025-06-23T02:26:26Z,"[{'id': 5778799797, 'qualifierId': 141, 'value': '17.6'}, {'id': 5778799805, 'qualifierId': 213, 'value': '0.62'}, {'id': 5778799795, 'qualifierId': 140, 'value': '65.9'}, {'id': 5778799793, 'qualifierId': 56, 'value': 'Right'}, {'id': 5778799801, 'qualifierId': 212, 'value': '12.3'}]",1v67tba1l3sxow1geovdqefo5,R. Bernal,,Washington Spirit,Away
2824007575,128,1,1,18,13,f1ks82wpiewyqs6h3oz9v4hzj,1,65.9,17.6,2025-06-23T02:26:25.936Z,2025-06-23T02:27:10Z,"[{'id': 5778799845, 'qualifierId': 156}, {'id': 5778799823, 'qualifierId': 140, 'value': '58.5'}, {'id': 5778799821, 'qualifierId': 56, 'value': 'Center'}, {'id': 5778799829, 'qualifierId': 213, 'value': '2.53'}, {'id': 5778799825, 'qualifierId': 141, 'value': '25.6'}, {'id': 5778799827, 'qualifierId': 212, 'value': '9.5'}]",b8xa1whpr8m3e5zbziz9e91bd,N. Miura,,Washington Spirit,Away
2824007581,129,1,1,18,15,f1ks82wpiewyqs6h3oz9v4hzj,1,58.5,25.6,2025-06-23T02:26:27.811Z,2025-06-23T02:26:28Z,"[{'id': 5778799863, 'qualifierId': 140, 'value': '64.1'}, {'id': 5778799861, 'qualifierId': 56, 'value': 'Center'}, {'id': 5778799869, 'qualifierId': 213, 'value': '0.92'}, {'id': 5778799865, 'qualifierId': 141, 'value': '37.0'}, {'id': 5778799867, 'qualifierId': 212, 'value': '9.7'}]",coy005g9noltjta4ka7utllp0,H. Hershfelt,,Washington Spirit,Away
2824007591,130,1,1,18,16,f1ks82wpiewyqs6h3oz9v4hzj,1,64.1,37.0,2025-06-23T02:26:28.686Z,2025-06-23T02:27:12Z,"[{'id': 5778799919, 'qualifierId': 212, 'value': '20.5'}, {'id': 5778799913, 'qualifierId': 56, 'value': 'Center'}, {'id': 5778799917, 'qualifierId': 141, 'value': '66.0'}, {'id': 5778799921, 'qualifierId': 213, 'value': '1.85'}, {'id': 5778799915, 'qualifierId': 140, 'value': '58.8'}]",4wgwp2bd4xrjbg7s4p193aooa,C. Bethune,,Washington Spirit,Away
2824007601,131,1,1,18,21,f1ks82wpiewyqs6h3oz9v4hzj,0,63.8,75.0,2025-06-23T02:26:33.653Z,2025-06-23T02:33:51Z,"[{'id': 5778799985, 'qualifierId': 213, 'value': '5.62'}, {'id': 5778799979, 'qualifierId': 140, 'value': '94.2'}, {'id': 5778799987, 'qualifierId': 1}, {'id': 5778799977, 'qualifierId': 56, 'value': 'Center'}, {'id': 5778799983, 'qualifierId': 212, 'value': '40.4'}, {'id': 5778799981, 'qualifierId': 141, 'value': '38.5'}]",4ullol3wa4qdi9ydgrxgxbcgl,C. Krueger,,Washington Spirit,Away
2824007605,189,43,1,18,24,esvbnzqbyvxp2k570ez7h1a1g,1,0.0,0.0,2025-06-23T02:26:37.358Z,2025-06-23T02:27:00Z,"[{'id': 5778800331, 'qualifierId': 144, 'value': '54'}, {'id': 5778800003, 'qualifierId': 232, 'value': '0'}]",4yb9avzbrzt8m4c4h1yy98jbp,K. Sheridan,,San Diego Wave,Home
2824007619,190,4,1,18,27,esvbnzqbyvxp2k570ez7h1a1g,1,7.2,61.0,2025-06-23T02:26:39.948Z,2025-06-23T02:26:58Z,"[{'id': 5778800071, 'qualifierId': 13}, {'id': 5778800079, 'qualifierId': 285}, {'id': 5778800073, 'qualifierId': 56, 'value': 'Back'}, {'id': 5778800289, 'qualifierId': 294}, {'id': 5778800075, 'qualifierId': 152}, {'id': 5778800081, 'qualifierId': 233, 'value': '132'}]",3x6baiktcpcjxxh258a5uebpx,P. Morroni,,San Diego Wave,Home
2824007615,132,4,1,18,27,f1ks82wpiewyqs6h3oz9v4hzj,0,92.8,39.0,2025-06-23T02:26:39.949Z,2025-06-23T02:52:46Z,"[{'id': 5778800049, 'qualifierId': 56, 'value': 'Center'}, {'id': 5778800379, 'qualifierId': 294}, {'id': 5778800099, 'qualifierId': 233, 'value': '190'}, {'id': 5778800051, 'qualifierId': 152}, {'id': 5778800055, 'qualifierId': 286}, {'id': 5778800047, 'qualifierId': 13}]",4wgwp2bd4xrjbg7s4p193aooa,C. Bethune,,Washington Spirit,Away
2824007695,191,1,1,18,57,esvbnzqbyvxp2k570ez7h1a1g,1,8.7,58.7,2025-06-23T02:27:10.381Z,2025-06-23T02:27:14Z,"[{'id': 5778800517, 'qualifierId': 152}, {'id': 5778800527, 'qualifierId': 213, 'value': '4.43'}, {'id': 5778800523, 'qualifierId': 141, 'value': '38.6'}, {'id': 5778800521, 'qualifierId': 140, 'value': '4.9'}, {'id': 5778800515, 'qualifierId': 5}, {'id': 5778800525, 'qualifierId': 212, 'value': '14.2'}, {'id': 5778800519, 'qualifierId': 56, 'value': 'Back'}]",4yb9avzbrzt8m4c4h1yy98jbp,K. Sheridan,,San Diego Wave,Home
2824007703,192,1,1,19,1,esvbnzqbyvxp2k570ez7h1a1g,1,9.5,38.6,2025-06-23T02:27:14.236Z,2025-06-23T02:27:17Z,"[{'id': 5778800565, 'qualifierId': 212, 'value': '25.7'}, {'id': 5778800567, 'qualifierId': 213, 'value': '1.51'}, {'id': 5778800559, 'qualifierId': 56, 'value': 'Back'}, {'id': 5778800563, 'qualifierId': 141, 'value': '76.4'}, {'id': 5778800561, 'qualifierId': 140, 'value': '10.9'}]",9ms54l53wseuxarpn4vfcx9g4,T. Armstrong,,San Diego Wave,Home
2824007711,193,1,1,19,4,esvbnzqbyvxp2k570ez7h1a1g,1,11.1,77.0,2025-06-23T02:27:17.181Z,2025-06-23T02:27:20Z,"[{'id': 5778800597, 'qualifierId': 56, 'value': 'Back'}, {'id': 5778800605, 'qualifierId': 213, 'value': '0.01'}, {'id': 5778800601, 'qualifierId': 141, 'value': '77.3'}, {'id': 5778800603, 'qualifierId': 212, 'value': '21.4'}, {'id': 5778800599, 'qualifierId': 140, 'value': '31.5'}]",6p2318moul9op4hmigk1xbaw9,K. McNabb,,San Diego Wave,Home
2824007713,194,50,1,19,7,esvbnzqbyvxp2k570ez7h1a1g,1,29.0,82.6,2025-06-23T02:27:20.278Z,2025-06-23T02:27:23Z,"[{'id': 5778800623, 'qualifierId': 233, 'value': '133'}, {'id': 5778800609, 'qualifierId': 56, 'value': 'Back'}, {'id': 5778800611, 'qualifierId': 285}]",efynp5qo9b9x0lh9b4ft0ic8a,G. Corley,,San Diego Wave,Home
2824007715,133,7,1,19,7,f1ks82wpiewyqs6h3oz9v4hzj,0,71.0,17.4,2025-06-23T02:27:20.279Z,2025-07-01T17:56:28Z,"[{'id': 5785814805, 'qualifierId': 178}, {'id': 5778800613, 'qualifierId': 56, 'value': 'Right'}, {'id': 5778800617, 'qualifierId': 233, 'value': '194'}, {'id': 5785814803, 'qualifierId': 383}, {'id': 5778800615, 'qualifierId': 286}]",b8xa1whpr8m3e5zbziz9e91bd,N. Miura,,Washington Spirit,Away
2824007717,195,50,1,19,9,esvbnzqbyvxp2k570ez7h1a1g,1,23.8,84.8,2025-06-23T02:27:21.870Z,2025-06-23T02:51:12Z,"[{'id': 5778800625, 'qualifierId': 56, 'value': 'Back'}, {'id': 5778800627, 'qualifierId': 285}, {'id': 5778800701, 'qualifierId': 233, 'value': '134'}]",efynp5qo9b9x0lh9b4ft0ic8a,G. Corley,,San Diego Wave,Home
2824007725,134,7,1,19,9,f1ks82wpiewyqs6h3oz9v4hzj,1,76.2,15.2,2025-06-23T02:27:21.871Z,2025-07-01T17:56:37Z,"[{'id': 5778800681, 'qualifierId': 56, 'value': 'Right'}, {'id': 5785814813, 'qualifierId': 384}, {'id': 5778800683, 'qualifierId': 286}, {'id': 5785814815, 'qualifierId': 178}, {'id': 5778800697, 'qualifierId': 233, 'value': '195'}]",en29qfiuu01nsmekoqhycjo45,G. Carle,,Washington Spirit,Away
2824007731,135,1,1,19,12,f1ks82wpiewyqs6h3oz9v4hzj,1,80.9,14.1,2025-06-23T02:27:25.371Z,2025-06-23T02:27:26Z,"[{'id': 5778800725, 'qualifierId': 141, 'value': '8.3'}, {'id': 5778800727, 'qualifierId': 212, 'value': '5.3'}, {'id': 5778800723, 'qualifierId': 140, 'value': '77.5'}, {'id': 5778800729, 'qualifierId': 213, 'value': '3.98'}, {'id': 5778800721, 'qualifierId': 56, 'value': 'Right'}]",yay5mq8trvoxv9mwm4mqzn8q,G. Monday,,Washington Spirit,Away
2824007737,136,49,1,19,13,f1ks82wpiewyqs6h3oz9v4hzj,1,77.5,8.3,2025-06-23T02:27:26.496Z,2025-06-23T02:27:27Z,[],en29qfiuu01nsmekoqhycjo45,G. Carle,,Washington Spirit,Away
2824007741,137,1,1,19,14,f1ks82wpiewyqs6h3oz9v4hzj,1,77.5,8.3,2025-06-23T02:27:26.699Z,2025-06-23T02:27:27Z,"[{'id': 5778800751, 'qualifierId': 140, 'value': '68.8'}, {'id': 5778800749, 'qualifierId': 56, 'value': 'Center'}, {'id': 5778800753, 'qualifierId': 141, 'value': '27.0'}, {'id': 5778800757, 'qualifierId': 213, 'value': '2.19'}, {'id': 5778800755, 'qualifierId': 212, 'value': '15.7'}]",en29qfiuu01nsmekoqhycjo45,G. Carle,,Washington Spirit,Away
2824007751,138,1,1,19,15,f1ks82wpiewyqs6h3oz9v4hzj,1,68.8,27.0,2025-06-23T02:27:27.839Z,2025-06-23T02:27:31Z,"[{'id': 5778800795, 'qualifierId': 213, 'value': '3.20'}, {'id': 5778800787, 'qualifierId': 56, 'value': 'Center'}, {'id': 5778800791, 'qualifierId': 141, 'value': '25.8'}, {'id': 5778800789, 'qualifierId': 140, 'value': '54.7'}, {'id': 5778800793, 'qualifierId': 212, 'value': '14.8'}]",coy005g9noltjta4ka7utllp0,H. Hershfelt,,Washington Spirit,Away
2824007765,139,1,1,19,18,f1ks82wpiewyqs6h3oz9v4hzj,1,55.8,25.5,2025-06-23T02:27:31.495Z,2025-06-23T02:27:36Z,"[{'id': 5778800881, 'qualifierId': 213, 'value': '5.19'}, {'id': 5778800877, 'qualifierId': 141, 'value': '15.3'}, {'id': 5778800875, 'qualifierId': 140, 'value': '59.2'}, {'id': 5778800873, 'qualifierId': 56, 'value': 'Right'}, {'id': 5778800879, 'qualifierId': 212, 'value': '7.8'}]",27dktxivmcqmi1lkz1vs49qi2,T. McKeown,,Washington Spirit,Away
2824007785,140,1,1,19,23,f1ks82wpiewyqs6h3oz9v4hzj,1,57.0,22.4,2025-06-23T02:27:36.400Z,2025-06-23T02:27:42Z,"[{'id': 5778801005, 'qualifierId': 141, 'value': '48.1'}, {'id': 5778801007, 'qualifierId': 212, 'value': '22.2'}, {'id': 5778801003, 'qualifierId': 140, 'value': '44.0'}, {'id': 5778801009, 'qualifierId': 213, 'value': '2.23'}, {'id': 5778801001, 'qualifierId': 56, 'value': 'Back'}]",1v67tba1l3sxow1geovdqefo5,R. Bernal,,Washington Spirit,Away
2824007789,141,1,1,19,29,f1ks82wpiewyqs6h3oz9v4hzj,1,45.5,41.9,2025-06-23T02:27:42.086Z,2025-06-23T02:27:45Z,"[{'id': 5778801027, 'qualifierId': 212, 'value': '14.0'}, {'id': 5778801025, 'qualifierId': 141, 'value': '21.5'}, {'id': 5778801029, 'qualifierId': 213, 'value': '4.83'}, {'id': 5778801021, 'qualifierId': 56, 'value': 'Back'}, {'id': 5778801023, 'qualifierId': 140, 'value': '47.0'}]",27dktxivmcqmi1lkz1vs49qi2,T. McKeown,,Washington Spirit,Away
2824007793,142,1,1,19,32,f1ks82wpiewyqs6h3oz9v4hzj,0,56.9,20.1,2025-06-23T02:27:45.039Z,2025-06-23T02:27:46Z,"[{'id': 5778801049, 'qualifierId': 141, 'value': '33.0'}, {'id': 5778801051, 'qualifierId': 212, 'value': '10.9'}, {'id': 5778801053, 'qualifierId': 213, 'value': '0.94'}, {'id': 5778801047, 'qualifierId': 140, 'value': '63.0'}, {'id': 5778801045, 'qualifierId': 56, 'value': 'Center'}]",1v67tba1l3sxow1geovdqefo5,R. Bernal,,Washington Spirit,Away
2824007799,196,8,1,19,34,esvbnzqbyvxp2k570ez7h1a1g,1,38.2,66.4,2025-06-23T02:27:46.829Z,2025-07-01T17:57:56Z,"[{'id': 5778801085, 'qualifierId': 56, 'value': 'Back'}, {'id': 5785815371, 'qualifierId': 383}]",efynp5qo9b9x0lh9b4ft0ic8a,G. Corley,,San Diego Wave,Home
2824007795,143,61,1,19,35,f1ks82wpiewyqs6h3oz9v4hzj,1,63.0,33.0,2025-06-23T02:27:47.866Z,2025-06-23T02:27:47Z,"[{'id': 5778801079, 'qualifierId': 56, 'value': 'Center'}]",4wgwp2bd4xrjbg7s4p193aooa,C. Bethune,,Washington Spirit,Away
2824007807,197,4,1,19,37,esvbnzqbyvxp2k570ez7h1a1g,1,34.4,68.2,2025-06-23T02:27:50.036Z,2025-06-23T02:27:53Z,"[{'id': 5778801119, 'qualifierId': 56, 'value': 'Back'}, {'id': 5778801125, 'qualifierId': 286}, {'id': 5778801127, 'qualifierId': 233, 'value': '144'}, {'id': 5778801117, 'qualifierId': 13}, {'id': 5778801123, 'qualifierId': 265}, {'id': 5778801121, 'qualifierId': 152}]",efynp5qo9b9x0lh9b4ft0ic8a,G. Corley,,San Diego Wave,Home
2824007805,144,4,1,19,37,f1ks82wpiewyqs6h3oz9v4hzj,0,65.6,31.8,2025-06-23T02:27:50.037Z,2025-06-23T02:29:08Z,"[{'id': 5778801109, 'qualifierId': 56, 'value': 'Center'}, {'id': 5778801133, 'qualifierId': 233, 'value': '197'}, {'id': 5778801115, 'qualifierId': 285}, {'id': 5778801113, 'qualifierId': 265}, {'id': 5778801107, 'qualifierId': 13}, {'id': 5778801111, 'qualifierId': 152}]",yay5mq8trvoxv9mwm4mqzn8q,G. Monday,,Washington Spirit,Away
2824007843,198,1,1,19,50,esvbnzqbyvxp2k570ez7h1a1g,1,34.5,57.9,2025-06-23T02:28:03.198Z,2025-06-23T02:28:05Z,"[{'id': 5778801319, 'qualifierId': 5}, {'id': 5778801325, 'qualifierId': 140, 'value': '29.0'}, {'id': 5778801327, 'qualifierId': 141, 'value': '67.6'}, {'id': 5778801331, 'qualifierId': 213, 'value': '2.29'}, {'id': 5778801323, 'qualifierId': 56, 'value': 'Back'}, {'id': 5778801321, 'qualifierId': 152}, {'id': 5778801329, 'qualifierId': 212, 'value': '8.8'}]",6h8t7apz5vzk0pjxo8hbbkfhm,S. McCaskill,,San Diego Wave,Home
2824007857,199,1,1,19,52,esvbnzqbyvxp2k570ez7h1a1g,1,29.3,67.0,2025-06-23T02:28:05.469Z,2025-06-23T02:28:09Z,"[{'id': 5778801409, 'qualifierId': 140, 'value': '23.5'}, {'id': 5778801415, 'qualifierId': 213, 'value': '4.14'}, {'id': 5778801411, 'qualifierId': 141, 'value': '53.1'}, {'id': 5778801407, 'qualifierId': 56, 'value': 'Back'}, {'id': 5778801413, 'qualifierId': 212, 'value': '11.2'}]",6p2318moul9op4hmigk1xbaw9,K. McNabb,,San Diego Wave,Home
2824007875,200,1,1,19,57,esvbnzqbyvxp2k570ez7h1a1g,1,24.6,50.7,2025-06-23T02:28:09.855Z,2025-06-23T02:28:15Z,"[{'id': 5778801521, 'qualifierId': 213, 'value': '5.11'}, {'id': 5778801515, 'qualifierId': 140, 'value': '37.2'}, {'id': 5778801523, 'qualifierId': 1}, {'id': 5778801513, 'qualifierId': 56, 'value': 'Back'}, {'id': 5778801511, 'qualifierId': 155}, {'id': 5778801519, 'qualifierId': 212, 'value': '34.0'}, {'id': 5778801517, 'qualifierId': 141, 'value': '4.6'}]",4yb9avzbrzt8m4c4h1yy98jbp,K. Sheridan,,San Diego Wave,Home
2824007885,201,1,1,20,2,esvbnzqbyvxp2k570ez7h1a1g,1,55.6,6.4,2025-06-23T02:28:15.133Z,2025-06-23T02:28:18Z,"[{'id': 5778801595, 'qualifierId': 213, 'value': '3.62'}, {'id': 5778801587, 'qualifierId': 56, 'value': 'Right'}, {'id': 5778801591, 'qualifierId': 141, 'value': '4.7'}, {'id': 5778801589, 'qualifierId': 140, 'value': '53.5'}, {'id': 5778801593, 'qualifierId': 212, 'value': '2.5'}]",auyj06nha2syoygo7prfadobu,H. Lundkvist,,San Diego Wave,Home
2824007887,202,1,1,20,5,esvbnzqbyvxp2k570ez7h1a1g,1,58.9,9.2,2025-06-23T02:28:18.077Z,2025-06-23T02:28:19Z,"[{'id': 5778801601, 'qualifierId': 140, 'value': '61.0'}, {'id': 5778801599, 'qualifierId': 56, 'value': 'Right'}, {'id': 5778801607, 'qualifierId': 212, 'value': '6.0'}, {'id': 5778801605, 'qualifierId': 141, 'value': '17.4'}, {'id': 5778801611, 'qualifierId': 213, 'value': '1.19'}]",3gu9gaz6w7eq79qnaqj3b7jdh,D. Cascarino,,San Diego Wave,Home
2824007905,203,1,1,20,6,esvbnzqbyvxp2k570ez7h1a1g,0,61.5,17.4,2025-06-23T02:28:19.116Z,2025-06-23T02:28:23Z,"[{'id': 5778801689, 'qualifierId': 141, 'value': '7.0'}, {'id': 5778801693, 'qualifierId': 213, 'value': '6.04'}, {'id': 5778801691, 'qualifierId': 212, 'value': '29.9'}, {'id': 5778801687, 'qualifierId': 140, 'value': '89.2'}, {'id': 5778801685, 'qualifierId': 56, 'value': 'Right'}]",6h8t7apz5vzk0pjxo8hbbkfhm,S. McCaskill,,San Diego Wave,Home
2824007907,145,49,1,20,11,f1ks82wpiewyqs6h3oz9v4hzj,1,8.6,91.1,2025-06-23T02:28:23.920Z,2025-06-23T02:28:24Z,[],4ullol3wa4qdi9ydgrxgxbcgl,C. Krueger,,Washington Spirit,Away
2824007915,146,1,1,20,11,f1ks82wpiewyqs6h3oz9v4hzj,1,8.7,90.5,2025-06-23T02:28:24.576Z,2025-06-23T02:28:27Z,"[{'id': 5778801739, 'qualifierId': 140, 'value': '8.8'}, {'id': 5778801737, 'qualifierId': 56, 'value': 'Back'}, {'id': 5778801745, 'qualifierId': 213, 'value': '4.72'}, {'id': 5778801741, 'qualifierId': 141, 'value': '71.1'}, {'id': 5778801743, 'qualifierId': 212, 'value': '13.2'}]",4ullol3wa4qdi9ydgrxgxbcgl,C. Krueger,,Washington Spirit,Away
2824007923,147,1,1,20,15,f1ks82wpiewyqs6h3oz9v4hzj,1,12.2,70.3,2025-06-23T02:28:27.701Z,2025-06-23T02:28:29Z,"[{'id': 5778801793, 'qualifierId': 212, 'value': '10.9'}, {'id': 5778801789, 'qualifierId': 140, 'value': '21.8'}, {'id': 5778801791, 'qualifierId': 141, 'value': '76.4'}, {'id': 5778801795, 'qualifierId': 213, 'value': '0.39'}, {'id': 5778801787, 'qualifierId': 56, 'value': 'Back'}]",bo5e35lsptja0pnlvk1y38dex,E. Morgan,,Washington Spirit,Away
2824007925,148,1,1,20,16,f1ks82wpiewyqs6h3oz9v4hzj,1,14.1,75.0,2025-06-23T02:28:29.489Z,2025-06-23T02:28:30Z,"[{'id': 5778801829, 'qualifierId': 141, 'value': '87.5'}, {'id': 5778801825, 'qualifierId': 56, 'value': 'Back'}, {'id': 5778801833, 'qualifierId': 213, 'value': '2.00'}, {'id': 5778801831, 'qualifierId': 212, 'value': '9.3'}, {'id': 5778801827, 'qualifierId': 140, 'value': '10.4'}]",coy005g9noltjta4ka7utllp0,H. Hershfelt,,Washington Spirit,Away
2824007931,149,1,1,20,17,f1ks82wpiewyqs6h3oz9v4hzj,1,10.4,87.5,2025-06-23T02:28:30.348Z,2025-06-23T02:28:31Z,"[{'id': 5778801867, 'qualifierId': 212, 'value': '5.0'}, {'id': 5778801865, 'qualifierId': 141, 'value': '80.2'}, {'id': 5778801869, 'qualifierId': 213, 'value': '4.82'}, {'id': 5778801861, 'qualifierId': 56, 'value': 'Back'}, {'id': 5778801863, 'qualifierId': 140, 'value': '10.9'}]",4ullol3wa4qdi9ydgrxgxbcgl,C. Krueger,,Washington Spirit,Away
2824007935,150,1,1,20,18,f1ks82wpiewyqs6h3oz9v4hzj,1,10.9,80.2,2025-06-23T02:28:31.598Z,2025-06-23T02:28:32Z,"[{'id': 5778801885, 'qualifierId': 213, 'value': '4.50'}, {'id': 5778801879, 'qualifierId': 140, 'value': '9.4'}, {'id': 5778801883, 'qualifierId': 212, 'value': '7.6'}, {'id': 5778801877, 'qualifierId': 56, 'value': 'Back'}, {'id': 5778801881, 'qualifierId': 141, 'value': '69.3'}]",coy005g9noltjta4ka7utllp0,H. Hershfelt,,Washington Spirit,Away
2824007967,151,12,1,20,20,f1ks82wpiewyqs6h3oz9v4hzj,1,9.4,69.3,2025-06-23T02:28:32.863Z,2025-06-23T02:28:50Z,"[{'id': 5778802099, 'qualifierId': 141, 'value': '85.9'}, {'id': 5778802101, 'qualifierId': 212, 'value': '35.9'}, {'id': 5778802097, 'qualifierId': 140, 'value': '41.9'}, {'id': 5778802103, 'qualifierId': 213, 'value': '0.32'}, {'id': 5778802095, 'qualifierId': 56, 'value': 'Back'}]",bo5e35lsptja0pnlvk1y38dex,E. Morgan,,Washington Spirit,Away
2824007947,204,1,1,20,23,esvbnzqbyvxp2k570ez7h1a1g,1,63.2,10.0,2025-06-23T02:28:36.334Z,2025-06-23T02:28:38Z,"[{'id': 5778801957, 'qualifierId': 140, 'value': '79.1'}, {'id': 5778801961, 'qualifierId': 212, 'value': '17.7'}, {'id': 5778801963, 'qualifierId': 213, 'value': '0.33'}, {'id': 5778801955, 'qualifierId': 56, 'value': 'Right'}, {'id': 5778801959, 'qualifierId': 141, 'value': '18.5'}, {'id': 5778801965, 'qualifierId': 1}, {'id': 5778801953, 'qualifierId': 157}]",9ms54l53wseuxarpn4vfcx9g4,T. Armstrong,,San Diego Wave,Home
2824007949,205,1,1,20,25,esvbnzqbyvxp2k570ez7h1a1g,0,79.1,18.5,2025-06-23T02:28:38.607Z,2025-06-23T02:28:39Z,"[{'id': 5778801973, 'qualifierId': 56, 'value': 'Center'}, {'id': 5778801971, 'qualifierId': 168}, {'id': 5778801979, 'qualifierId': 212, 'value': '19.6'}, {'id': 5778801975, 'qualifierId': 140, 'value': '96.9'}, {'id': 5778801969, 'qualifierId': 3}, {'id': 5778801981, 'qualifierId': 213, 'value': '0.31'}, {'id': 5778801977, 'qualifierId': 141, 'value': '27.4'}]",auyj06nha2syoygo7prfadobu,H. Lundkvist,,San Diego Wave,Home
2824007971,152,1,1,20,37,f1ks82wpiewyqs6h3oz9v4hzj,1,8.4,54.2,2025-06-23T02:28:50.359Z,2025-06-23T02:28:51Z,"[{'id': 5778802117, 'qualifierId': 56, 'value': 'Back'}, {'id': 5778802123, 'qualifierId': 212, 'value': '15.6'}, {'id': 5778802121, 'qualifierId': 141, 'value': '63.7'}, {'id': 5778802125, 'qualifierId': 213, 'value': '0.43'}, {'id': 5778802119, 'qualifierId': 140, 'value': '21.9'}]",d9dirjpaqkq3gga2zyeykcv6d,A. Kingsbury,,Washington Spirit,Away
2824007975,153,1,1,20,39,f1ks82wpiewyqs6h3oz9v4hzj,1,21.9,63.7,2025-06-23T02:28:51.906Z,2025-06-23T02:28:53Z,"[{'id': 5778802145, 'qualifierId': 141, 'value': '72.6'}, {'id': 5778802149, 'qualifierId': 213, 'value': '2.55'}, {'id': 5778802141, 'qualifierId': 56, 'value': 'Back'}, {'id': 5778802143, 'qualifierId': 140, 'value': '13.3'}, {'id': 5778802147, 'qualifierId': 212, 'value': '10.9'}]",coy005g9noltjta4ka7utllp0,H. Hershfelt,,Washington Spirit,Away
2824007977,154,1,1,20,41,f1ks82wpiewyqs6h3oz9v4hzj,1,13.3,72.6,2025-06-23T02:28:53.765Z,2025-06-23T02:28:55Z,"[{'id': 5778802159, 'qualifierId': 141, 'value': '75.3'}, {'id': 5778802161, 'qualifierId': 212, 'value': '20.1'}, {'id': 5778802157, 'qualifierId': 140, 'value': '32.4'}, {'id': 5778802155, 'qualifierId': 56, 'value': 'Back'}, {'id': 5778802163, 'qualifierId': 213, 'value': '0.09'}]",bo5e35lsptja0pnlvk1y38dex,E. Morgan,,Washington Spirit,Away
2824007979,155,1,1,20,42,f1ks82wpiewyqs6h3oz9v4hzj,1,32.4,75.3,2025-06-23T02:28:55.233Z,2025-06-23T02:30:44Z,"[{'id': 5778802167, 'qualifierId': 56, 'value': 'Back'}, {'id': 5778802175, 'qualifierId': 213, 'value': '3.19'}, {'id': 5778802173, 'qualifierId': 212, 'value': '11.4'}, {'id': 5778802169, 'qualifierId': 140, 'value': '21.6'}, {'id': 5778802171, 'qualifierId': 141, 'value': '74.5'}, {'id': 5778802179, 'qualifierId': 156}]",4wgwp2bd4xrjbg7s4p193aooa,C. Bethune,,Washington Spirit,Away
2824007983,156,1,1,20,44,f1ks82wpiewyqs6h3oz9v4hzj,1,21.6,74.5,2025-06-23T02:28:57.045Z,2025-06-23T02:28:58Z,"[{'id': 5778802199, 'qualifierId': 56, 'value': 'Back'}, {'id': 5778802205, 'qualifierId': 212, 'value': '16.3'}, {'id': 5778802207, 'qualifierId': 213, 'value': '1.14'}, {'id': 5778802203, 'qualifierId': 141, 'value': '96.3'}, {'id': 5778802201, 'qualifierId': 140, 'value': '28.1'}]",coy005g9noltjta4ka7utllp0,H. Hershfelt,,Washington Spirit,Away
2824007987,157,61,1,20,45,f1ks82wpiewyqs6h3oz9v4hzj,0,28.1,96.3,2025-06-23T02:28:58.560Z,2025-06-23T02:28:58Z,"[{'id': 5778802215, 'qualifierId': 56, 'value': 'Back'}]",4ullol3wa4qdi9ydgrxgxbcgl,C. Krueger,,Washington Spirit,Away
2824007991,158,5,1,20,46,f1ks82wpiewyqs6h3oz9v4hzj,0,27.4,101.6,2025-06-23T02:28:59.353Z,2025-06-23T02:38:40Z,"[{'id': 5778802235, 'qualifierId': 347}, {'id': 5778802241, 'qualifierId': 233, 'value': '206'}, {'id': 5778802233, 'qualifierId': 56, 'value': 'Back'}]",4ullol3wa4qdi9ydgrxgxbcgl,C. Krueger,,Washington Spirit,Away
2824007985,206,5,1,20,46,esvbnzqbyvxp2k570ez7h1a1g,1,72.6,-1.6,2025-06-23T02:28:59.353Z,2025-06-23T02:30:27Z,"[{'id': 5778802237, 'qualifierId': 233, 'value': '158'}, {'id': 5778802213, 'qualifierId': 347}, {'id': 5778802211, 'qualifierId': 56, 'value': 'Right'}]",auyj06nha2syoygo7prfadobu,H. Lundkvist,,San Diego Wave,Home
2824008045,207,1,1,20,58,esvbnzqbyvxp2k570ez7h1a1g,1,72.6,0.0,2025-06-23T02:29:10.973Z,2025-06-23T02:29:19Z,"[{'id': 5778802591, 'qualifierId': 141, 'value': '7.7'}, {'id': 5778802589, 'qualifierId': 140, 'value': '74.1'}, {'id': 5778802593, 'qualifierId': 212, 'value': '6.3'}, {'id': 5778802585, 'qualifierId': 107}, {'id': 5778802595, 'qualifierId': 213, 'value': '1.32'}, {'id': 5778802587, 'qualifierId': 56, 'value': 'Right'}]",auyj06nha2syoygo7prfadobu,H. Lundkvist,,San Diego Wave,Home
2824008051,208,1,1,21,6,esvbnzqbyvxp2k570ez7h1a1g,1,88.8,24.1,2025-06-23T02:29:19.469Z,2025-06-23T02:29:20Z,"[{'id': 5778802623, 'qualifierId': 56, 'value': 'Center'}, {'id': 5778802629, 'qualifierId': 212, 'value': '7.0'}, {'id': 5778802625, 'qualifierId': 140, 'value': '82.2'}, {'id': 5778802627, 'qualifierId': 141, 'value': '25.8'}, {'id': 5778802631, 'qualifierId': 213, 'value': '2.98'}]",321yjdo3gio1l33hc1pdps4wl,A. Leon,,San Diego Wave,Home
2824008061,209,1,1,21,8,esvbnzqbyvxp2k570ez7h1a1g,1,83.2,25.8,2025-06-23T02:29:20.909Z,2025-06-23T02:29:23Z,"[{'id': 5778802679, 'qualifierId': 56, 'value': 'Right'}, {'id': 5778802685, 'qualifierId': 212, 'value': '11.2'}, {'id': 5778802687, 'qualifierId': 213, 'value': '5.76'}, {'id': 5778802683, 'qualifierId': 141, 'value': '17.6'}, {'id': 5778802681, 'qualifierId': 140, 'value': '92.5'}]",dzfr9ktjmxqj2eh2xibt7konp,K. Dali,,San Diego Wave,Home
2824008073,210,1,1,21,10,esvbnzqbyvxp2k570ez7h1a1g,0,92.5,17.6,2025-06-23T02:29:22.973Z,2025-07-01T18:01:00Z,"[{'id': 5778802739, 'qualifierId': 56, 'value': 'Center'}, {'id': 5778802747, 'qualifierId': 213, 'value': '1.44'}, {'id': 5778802735, 'qualifierId': 2}, {'id': 5778802741, 'qualifierId': 140, 'value': '95.3'}, {'id': 5785816265, 'qualifierId': 20}, {'id': 5778802821, 'qualifierId': 233, 'value': '159'}, {'id': 5778802743, 'qualifierId': 141, 'value': '50.4'}, {'id': 5778802737, 'qualifierId': 155}, {'id': 5778802745, 'qualifierId': 212, 'value': '22.5'}, {'id': 5785816263, 'qualifierId': 224}]",3gu9gaz6w7eq79qnaqj3b7jdh,D. Cascarino,,San Diego Wave,Home
2824008085,159,41,1,21,12,f1ks82wpiewyqs6h3oz9v4hzj,1,4.3,49.9,2025-06-23T02:29:25.513Z,2025-07-01T18:01:08Z,"[{'id': 5785816317, 'qualifierId': 378}, {'id': 5778802817, 'qualifierId': 212, 'value': '22.1'}, {'id': 5778802819, 'qualifierId': 213, 'value': '6.00'}, {'id': 5778802813, 'qualifierId': 140, 'value': '24.5'}, {'id': 5778802815, 'qualifierId': 141, 'value': '40.7'}, {'id': 5778802837, 'qualifierId': 233, 'value': '210'}]",d9dirjpaqkq3gga2zyeykcv6d,A. Kingsbury,,Washington Spirit,Away
2824008087,160,12,1,21,14,f1ks82wpiewyqs6h3oz9v4hzj,1,24.5,40.7,2025-06-23T02:29:27.153Z,2025-06-23T02:29:48Z,"[{'id': 5778802833, 'qualifierId': 212, 'value': '16.0'}, {'id': 5778802831, 'qualifierId': 141, 'value': '39.5'}, {'id': 5778802827, 'qualifierId': 56, 'value': 'Back'}, {'id': 5778802835, 'qualifierId': 213, 'value': '6.23'}, {'id': 5778802841, 'qualifierId': 15}, {'id': 5778802829, 'qualifierId': 140, 'value': '39.7'}]",yay5mq8trvoxv9mwm4mqzn8q,G. Monday,,Washington Spirit,Away
2824008103,211,1,1,21,17,esvbnzqbyvxp2k570ez7h1a1g,1,60.3,55.4,2025-06-23T02:29:30.061Z,2025-06-23T02:29:33Z,"[{'id': 5778802953, 'qualifierId': 140, 'value': '52.2'}, {'id': 5778802959, 'qualifierId': 213, 'value': '3.94'}, {'id': 5778802951, 'qualifierId': 56, 'value': 'Center'}, {'id': 5778802955, 'qualifierId': 141, 'value': '42.5'}, {'id': 5778802957, 'qualifierId': 212, 'value': '12.2'}]",6p2318moul9op4hmigk1xbaw9,K. McNabb,,San Diego Wave,Home
2824008107,212,1,1,21,21,esvbnzqbyvxp2k570ez7h1a1g,1,54.4,31.9,2025-06-23T02:29:33.884Z,2025-06-23T02:29:35Z,"[{'id': 5778802987, 'qualifierId': 212, 'value': '12.9'}, {'id': 5778802985, 'qualifierId': 141, 'value': '31.6'}, {'id': 5778802989, 'qualifierId': 213, 'value': '6.27'}, {'id': 5778802981, 'qualifierId': 56, 'value': 'Center'}, {'id': 5778802983, 'qualifierId': 140, 'value': '66.7'}]",9ms54l53wseuxarpn4vfcx9g4,T. Armstrong,,San Diego Wave,Home
2824008117,213,1,1,21,23,esvbnzqbyvxp2k570ez7h1a1g,1,66.7,31.6,2025-06-23T02:29:35.805Z,2025-06-23T02:29:39Z,"[{'id': 5778803023, 'qualifierId': 212, 'value': '20.5'}, {'id': 5778803017, 'qualifierId': 56, 'value': 'Right'}, {'id': 5778803021, 'qualifierId': 141, 'value': '3.4'}, {'id': 5778803025, 'qualifierId': 213, 'value': '5.08'}, {'id': 5778803019, 'qualifierId': 140, 'value': '73.7'}]",dzfr9ktjmxqj2eh2xibt7konp,K. Dali,,San Diego Wave,Home
2824008125,214,1,1,21,26,esvbnzqbyvxp2k570ez7h1a1g,1,83.2,3.5,2025-06-23T02:29:39.582Z,2025-06-23T02:29:43Z,"[{'id': 5778803055, 'qualifierId': 140, 'value': '80.7'}, {'id': 5778803061, 'qualifierId': 213, 'value': '2.22'}, {'id': 5778803057, 'qualifierId': 141, 'value': '8.6'}, {'id': 5778803053, 'qualifierId': 56, 'value': 'Right'}, {'id': 5778803059, 'qualifierId': 212, 'value': '4.3'}]",auyj06nha2syoygo7prfadobu,H. Lundkvist,,San Diego Wave,Home
2824008133,215,1,1,21,31,esvbnzqbyvxp2k570ez7h1a1g,1,87.1,23.4,2025-06-23T02:29:43.854Z,2025-06-23T02:29:47Z,"[{'id': 5778803121, 'qualifierId': 213, 'value': '1.95'}, {'id': 5778803115, 'qualifierId': 140, 'value': '81.5'}, {'id': 5778803117, 'qualifierId': 141, 'value': '44.9'}, {'id': 5778803113, 'qualifierId': 56, 'value': 'Center'}, {'id': 5778803119, 'qualifierId': 212, 'value': '15.8'}]",3gu9gaz6w7eq79qnaqj3b7jdh,D. Cascarino,,San Diego Wave,Home
2824008139,161,45,1,21,34,f1ks82wpiewyqs6h3oz9v4hzj,0,17.4,53.8,2025-06-23T02:29:47.533Z,2025-06-23T02:42:20Z,"[{'id': 5778803143, 'qualifierId': 285}, {'id': 5778803165, 'qualifierId': 233, 'value': '216'}, {'id': 5778803141, 'qualifierId': 56, 'value': 'Back'}]",b8xa1whpr8m3e5zbziz9e91bd,N. Miura,,Washington Spirit,Away
2824008135,216,3,1,21,34,esvbnzqbyvxp2k570ez7h1a1g,1,82.6,46.2,2025-06-23T02:29:47.533Z,2025-07-01T18:01:45Z,"[{'id': 5778803157, 'qualifierId': 233, 'value': '161'}, {'id': 5778803125, 'qualifierId': 56, 'value': 'Center'}, {'id': 5785816465, 'qualifierId': 465}, {'id': 5778803127, 'qualifierId': 286}]",efynp5qo9b9x0lh9b4ft0ic8a,G. Corley,,San Diego Wave,Home
2824008147,217,1,1,21,35,esvbnzqbyvxp2k570ez7h1a1g,1,81.3,44.9,2025-06-23T02:29:48.061Z,2025-06-23T02:29:52Z,"[{'id': 5778803187, 'qualifierId': 141, 'value': '57.9'}, {'id': 5778803185, 'qualifierId': 140, 'value': '78.2'}, {'id': 5778803191, 'qualifierId': 213, 'value': '1.92'}, {'id': 5778803183, 'qualifierId': 56, 'value': 'Center'}, {'id': 5778803189, 'qualifierId': 212, 'value': '9.4'}]",efynp5qo9b9x0lh9b4ft0ic8a,G. Corley,,San Diego Wave,Home
2824008153,218,1,1,21,39,esvbnzqbyvxp2k570ez7h1a1g,1,77.1,59.0,2025-06-23T02:29:52.094Z,2025-06-23T02:30:20Z,"[{'id': 5778803221, 'qualifierId': 140, 'value': '78.9'}, {'id': 5778803223, 'qualifierId': 141, 'value': '65.4'}, {'id': 5778803227, 'qualifierId': 213, 'value': '1.16'}, {'id': 5778803219, 'qualifierId': 56, 'value': 'Center'}, {'id': 5778803225, 'qualifierId': 212, 'value': '4.7'}, {'id': 5778803611, 'qualifierId': 210, 'value': '15'}]",3x6baiktcpcjxxh258a5uebpx,P. Morroni,1.0,San Diego Wave,Home
2824008155,219,15,1,21,41,esvbnzqbyvxp2k570ez7h1a1g,1,76.9,60.8,2025-06-23T02:29:54.381Z,2025-07-01T13:17:07Z,"[{'id': 5778803621, 'qualifierId': 102, 'value': '52.8'}, {'id': 5778803629, 'qualifierId': 147, 'value': '59.2'}, {'id': 5778803623, 'qualifierId': 103, 'value': '19'}, {'id': 5778803625, 'qualifierId': 215}, {'id': 5778803635, 'qualifierId': 233, 'value': '162'}, {'id': 5778803627, 'qualifierId': 146, 'value': '81.5'}, {'id': 5778803631, 'qualifierId': 230, 'value': '99.3'}, {'id': 5778803633, 'qualifierId': 231, 'value': '50.5'}, {'id': 5778803615, 'qualifierId': 29}, {'id': 5778803235, 'qualifierId': 56, 'value': 'Center'}, {'id': 5778803231, 'qualifierId': 22}, {'id': 5778803233, 'qualifierId': 18}, {'id': 5785711997, 'qualifierId': 76}, {'id': 5778803559, 'qualifierId': 20}, {'id': 5778803617, 'qualifierId': 55, 'value': '218'}, {'id': 5778803563, 'qualifierId': 82}]",321yjdo3gio1l33hc1pdps4wl,A. Leon,,San Diego Wave,Home
2824008159,162,10,1,21,41,f1ks82wpiewyqs6h3oz9v4hzj,1,20.1,40.4,2025-06-23T02:29:54.481Z,2025-06-23T02:33:32Z,"[{'id': 5778803257, 'qualifierId': 56, 'value': 'Back'}, {'id': 5778803255, 'qualifierId': 94}, {'id': 5778803639, 'qualifierId': 233, 'value': '219'}]",en29qfiuu01nsmekoqhycjo45,G. Carle,1.0,Washington Spirit,Away
2824008163,163,49,1,21,46,f1ks82wpiewyqs6h3oz9v4hzj,1,36.2,42.4,2025-06-23T02:29:58.895Z,2025-06-23T02:29:58Z,[],yay5mq8trvoxv9mwm4mqzn8q,G. Monday,,Washington Spirit,Away
2824008187,164,15,1,21,54,f1ks82wpiewyqs6h3oz9v4hzj,1,85.4,46.6,2025-06-23T02:30:07.549Z,2025-06-23T02:30:32Z,"[{'id': 5778803767, 'qualifierId': 147, 'value': '48.0'}, {'id': 5778803749, 'qualifierId': 78}, {'id': 5778803771, 'qualifierId': 233, 'value': '220'}, {'id': 5778803759, 'qualifierId': 102, 'value': '51.3'}, {'id': 5778803535, 'qualifierId': 72}, {'id': 5778803751, 'qualifierId': 29}, {'id': 5778803753, 'qualifierId': 133}, {'id': 5778803765, 'qualifierId': 146, 'value': '98.6'}, {'id': 5778803761, 'qualifierId': 103, 'value': '4.4'}, {'id': 5778803533, 'qualifierId': 23}, {'id': 5778803755, 'qualifierId': 55, 'value': '162'}, {'id': 5778803763, 'qualifierId': 215}, {'id': 5778803397, 'qualifierId': 17}, {'id': 5778803399, 'qualifierId': 56, 'value': 'Center'}]",yay5mq8trvoxv9mwm4mqzn8q,G. Monday,,Washington Spirit,Away
2824008191,220,10,1,21,55,esvbnzqbyvxp2k570ez7h1a1g,1,2.9,49.7,2025-06-23T02:30:07.649Z,2025-07-01T13:18:25Z,"[{'id': 5778803433, 'qualifierId': 56, 'value': 'Back'}, {'id': 5785712553, 'qualifierId': 376}, {'id': 5778803427, 'qualifierId': 173}, {'id': 5778803431, 'qualifierId': 182}, {'id': 5778803489, 'qualifierId': 179}, {'id': 5778803775, 'qualifierId': 233, 'value': '164'}]",4yb9avzbrzt8m4c4h1yy98jbp,K. Sheridan,,San Diego Wave,Home
2824008195,165,6,1,21,56,f1ks82wpiewyqs6h3oz9v4hzj,1,92.2,48.8,2025-06-23T02:30:09.587Z,2025-06-23T02:30:14Z,"[{'id': 5778803471, 'qualifierId': 233, 'value': '221'}, {'id': 5778803445, 'qualifierId': 73}, {'id': 5778803443, 'qualifierId': 56, 'value': 'Center'}]",yay5mq8trvoxv9mwm4mqzn8q,G. Monday,,Washington Spirit,Away
2824008197,221,6,1,21,56,esvbnzqbyvxp2k570ez7h1a1g,0,7.8,51.2,2025-06-23T02:30:09.587Z,2025-07-01T18:03:04Z,"[{'id': 5778803439, 'qualifierId': 56, 'value': 'Back'}, {'id': 5778803441, 'qualifierId': 73}, {'id': 5778803483, 'qualifierId': 233, 'value': '165'}]",4yb9avzbrzt8m4c4h1yy98jbp,K. Sheridan,,San Diego Wave,Home
2824008291,166,1,1,22,38,f1ks82wpiewyqs6h3oz9v4hzj,0,99.5,99.5,2025-06-23T02:30:50.857Z,2025-07-01T18:03:10Z,"[{'id': 5778804143, 'qualifierId': 233, 'value': '222'}, {'id': 5785816853, 'qualifierId': 20}, {'id': 5778804031, 'qualifierId': 6}, {'id': 5778804039, 'qualifierId': 140, 'value': '96.2'}, {'id': 5778804033, 'qualifierId': 155}, {'id': 5778804047, 'qualifierId': 1}, {'id': 5778804035, 'qualifierId': 223}, {'id': 5778804041, 'qualifierId': 141, 'value': '51.6'}, {'id': 5778804043, 'qualifierId': 212, 'value': '32.8'}, {'id': 5778804029, 'qualifierId': 2}, {'id': 5778804037, 'qualifierId': 56, 'value': 'Center'}, {'id': 5778804045, 'qualifierId': 213, 'value': '4.61'}]",b8xa1whpr8m3e5zbziz9e91bd,N. Miura,,Washington Spirit,Away
2824008357,224,44,1,22,40,esvbnzqbyvxp2k570ez7h1a1g,1,3.3,49.7,2025-06-23T02:30:52.910Z,2025-06-23T02:31:20Z,"[{'id': 5778804419, 'qualifierId': 285}, {'id': 5778804421, 'qualifierId': 233, 'value': '167'}, {'id': 5778804417, 'qualifierId': 56, 'value': 'Back'}]",4yb9avzbrzt8m4c4h1yy98jbp,K. Sheridan,,San Diego Wave,Home
2824008297,167,44,1,22,40,f1ks82wpiewyqs6h3oz9v4hzj,0,96.7,50.3,2025-06-23T02:30:52.911Z,2025-06-23T02:31:21Z,"[{'id': 5778804117, 'qualifierId': 286}, {'id': 5778804115, 'qualifierId': 56, 'value': 'Center'}, {'id': 5778804451, 'qualifierId': 233, 'value': '224'}]",27dktxivmcqmi1lkz1vs49qi2,T. McKeown,,Washington Spirit,Away
2824008303,222,41,1,22,40,esvbnzqbyvxp2k570ez7h1a1g,0,2.8,50.3,2025-06-23T02:30:53.015Z,2025-07-01T18:03:32Z,"[{'id': 5778804139, 'qualifierId': 212, 'value': '19.6'}, {'id': 5778804135, 'qualifierId': 140, 'value': '20.2'}, {'id': 5778804141, 'qualifierId': 213, 'value': '0.37'}, {'id': 5778804149, 'qualifierId': 233, 'value': '166'}, {'id': 5785817093, 'qualifierId': 378}, {'id': 5778804137, 'qualifierId': 141, 'value': '60.8'}]",4yb9avzbrzt8m4c4h1yy98jbp,K. Sheridan,,San Diego Wave,Home
2824008315,168,13,1,22,45,f1ks82wpiewyqs6h3oz9v4hzj,1,80.2,37.3,2025-06-23T02:30:58.371Z,2025-06-23T03:03:24Z,"[{'id': 5778804581, 'qualifierId': 230, 'value': '98.8'}, {'id': 5778804583, 'qualifierId': 231, 'value': '49.3'}, {'id': 5778804577, 'qualifierId': 328}, {'id': 5778804575, 'qualifierId': 103, 'value': '63.9'}, {'id': 5778804201, 'qualifierId': 56, 'value': 'Center'}, {'id': 5778804573, 'qualifierId': 102, 'value': '46.6'}, {'id': 5778804489, 'qualifierId': 25}, {'id': 5778804571, 'qualifierId': 74}, {'id': 5778804579, 'qualifierId': 458}, {'id': 5778804491, 'qualifierId': 20}, {'id': 5778804199, 'qualifierId': 18}]",73q03evwuq5rdm7scz31yj4a2,M. Morris,,Washington Spirit,Away
2824008325,169,5,1,22,46,f1ks82wpiewyqs6h3oz9v4hzj,0,101.4,46.6,2025-06-23T02:30:59.136Z,2025-06-23T02:32:46Z,"[{'id': 5778804249, 'qualifierId': 346}, {'id': 5778804247, 'qualifierId': 56, 'value': 'Center'}, {'id': 5778804255, 'qualifierId': 233, 'value': '223'}]",b8xa1whpr8m3e5zbziz9e91bd,N. Miura,,Washington Spirit,Away
2824008311,223,5,1,22,46,esvbnzqbyvxp2k570ez7h1a1g,1,-1.4,53.4,2025-06-23T02:30:59.136Z,2025-06-23T02:38:40Z,"[{'id': 5778804251, 'qualifierId': 233, 'value': '169'}, {'id': 5778804175, 'qualifierId': 346}, {'id': 5778804173, 'qualifierId': 56, 'value': 'Back'}]",4yb9avzbrzt8m4c4h1yy98jbp,K. Sheridan,,San Diego Wave,Home
2824008385,225,1,1,23,11,esvbnzqbyvxp2k570ez7h1a1g,1,4.8,38.6,2025-06-23T02:31:24.030Z,2025-06-23T02:31:27Z,"[{'id': 5778804599, 'qualifierId': 124}, {'id': 5778804603, 'qualifierId': 140, 'value': '3.6'}, {'id': 5778804601, 'qualifierId': 56, 'value': 'Back'}, {'id': 5778804609, 'qualifierId': 213, 'value': '1.73'}, {'id': 5778804605, 'qualifierId': 141, 'value': '50.0'}, {'id': 5778804607, 'qualifierId': 212, 'value': '7.9'}, {'id': 5778804613, 'qualifierId': 237}]",9ms54l53wseuxarpn4vfcx9g4,T. Armstrong,,San Diego Wave,Home
2824008425,226,1,1,23,14,esvbnzqbyvxp2k570ez7h1a1g,1,5.5,49.3,2025-06-23T02:31:27.214Z,2025-06-23T02:31:36Z,"[{'id': 5778804807, 'qualifierId': 1}, {'id': 5778804797, 'qualifierId': 56, 'value': 'Back'}, {'id': 5778804799, 'qualifierId': 140, 'value': '25.9'}, {'id': 5778804801, 'qualifierId': 141, 'value': '3.8'}, {'id': 5778804803, 'qualifierId': 212, 'value': '37.6'}, {'id': 5778804793, 'qualifierId': 155}, {'id': 5778804805, 'qualifierId': 213, 'value': '5.32'}]",4yb9avzbrzt8m4c4h1yy98jbp,K. Sheridan,,San Diego Wave,Home
2824008437,227,1,1,23,23,esvbnzqbyvxp2k570ez7h1a1g,0,64.6,13.7,2025-06-23T02:31:36.414Z,2025-06-23T02:31:39Z,"[{'id': 5778804861, 'qualifierId': 140, 'value': '90.1'}, {'id': 5778804863, 'qualifierId': 141, 'value': '31.0'}, {'id': 5778804867, 'qualifierId': 213, 'value': '0.41'}, {'id': 5778804859, 'qualifierId': 56, 'value': 'Center'}, {'id': 5778804865, 'qualifierId': 212, 'value': '29.2'}]",auyj06nha2syoygo7prfadobu,H. Lundkvist,,San Diego Wave,Home
2825259519,727,54,1,23,25,f1ks82wpiewyqs6h3oz9v4hzj,1,8.2,67.4,2025-06-23T02:31:38.195Z,2025-07-01T18:04:54Z,"[{'id': 5785817927, 'qualifierId': 232}]",d9dirjpaqkq3gga2zyeykcv6d,A. Kingsbury,,Washington Spirit,Away
2824008445,170,52,1,23,28,f1ks82wpiewyqs6h3oz9v4hzj,1,7.7,69.1,2025-06-23T02:31:41.185Z,2025-07-01T18:04:57Z,"[{'id': 5785817955, 'qualifierId': 376}]",d9dirjpaqkq3gga2zyeykcv6d,A. Kingsbury,,Washington Spirit,Away
2824008481,171,80,1,23,41,f1ks82wpiewyqs6h3oz9v4hzj,0,11.1,65.8,2025-06-23T02:31:53.842Z,2025-06-23T02:31:53Z,[],d9dirjpaqkq3gga2zyeykcv6d,A. Kingsbury,,Washington Spirit,Away
2824008491,172,1,1,23,46,f1ks82wpiewyqs6h3oz9v4hzj,1,9.0,54.6,2025-06-23T02:31:59.043Z,2025-06-23T02:32:00Z,"[{'id': 5778805113, 'qualifierId': 141, 'value': '74.1'}, {'id': 5778805111, 'qualifierId': 140, 'value': '16.0'}, {'id': 5778805109, 'qualifierId': 56, 'value': 'Back'}, {'id': 5778805115, 'qualifierId': 212, 'value': '15.2'}, {'id': 5778805117, 'qualifierId': 213, 'value': '1.06'}]",d9dirjpaqkq3gga2zyeykcv6d,A. Kingsbury,,Washington Spirit,Away
2824008493,173,1,1,23,47,f1ks82wpiewyqs6h3oz9v4hzj,1,24.0,70.9,2025-06-23T02:32:00.590Z,2025-06-23T02:32:01Z,"[{'id': 5778805123, 'qualifierId': 140, 'value': '35.6'}, {'id': 5778805121, 'qualifierId': 56, 'value': 'Back'}, {'id': 5778805129, 'qualifierId': 213, 'value': '0.15'}, {'id': 5778805125, 'qualifierId': 141, 'value': '73.6'}, {'id': 5778805127, 'qualifierId': 212, 'value': '12.3'}]",bo5e35lsptja0pnlvk1y38dex,E. Morgan,,Washington Spirit,Away
2824008495,174,1,1,23,48,f1ks82wpiewyqs6h3oz9v4hzj,1,35.6,73.6,2025-06-23T02:32:01.496Z,2025-07-01T18:05:34Z,"[{'id': 5778805137, 'qualifierId': 141, 'value': '93.0'}, {'id': 5785818303, 'qualifierId': 156}, {'id': 5778805141, 'qualifierId': 213, 'value': '2.13'}, {'id': 5778805135, 'qualifierId': 140, 'value': '27.7'}, {'id': 5778805139, 'qualifierId': 212, 'value': '15.6'}, {'id': 5778805133, 'qualifierId': 56, 'value': 'Back'}]",4wgwp2bd4xrjbg7s4p193aooa,C. Bethune,,Washington Spirit,Away
2824008509,175,1,1,23,50,f1ks82wpiewyqs6h3oz9v4hzj,1,27.7,93.0,2025-06-23T02:32:03.246Z,2025-06-23T02:32:06Z,"[{'id': 5778805209, 'qualifierId': 213, 'value': '4.02'}, {'id': 5778805201, 'qualifierId': 56, 'value': 'Back'}, {'id': 5778805203, 'qualifierId': 140, 'value': '15.4'}, {'id': 5778805207, 'qualifierId': 212, 'value': '20.1'}, {'id': 5778805205, 'qualifierId': 141, 'value': '70.3'}]",4ullol3wa4qdi9ydgrxgxbcgl,C. Krueger,,Washington Spirit,Away
2824008515,176,1,1,23,53,f1ks82wpiewyqs6h3oz9v4hzj,1,15.4,70.3,2025-06-23T02:32:06.573Z,2025-06-23T02:32:11Z,"[{'id': 5778805255, 'qualifierId': 56, 'value': 'Back'}, {'id': 5778805263, 'qualifierId': 213, 'value': '5.26'}, {'id': 5778805261, 'qualifierId': 212, 'value': '36.9'}, {'id': 5778805253, 'qualifierId': 155}, {'id': 5778805265, 'qualifierId': 1}, {'id': 5778805259, 'qualifierId': 141, 'value': '23.9'}, {'id': 5778805257, 'qualifierId': 140, 'value': '33.7'}]",bo5e35lsptja0pnlvk1y38dex,E. Morgan,,Washington Spirit,Away
2824008519,177,1,1,23,58,f1ks82wpiewyqs6h3oz9v4hzj,1,33.7,23.9,2025-06-23T02:32:11.275Z,2025-06-23T02:32:12Z,"[{'id': 5778805277, 'qualifierId': 212, 'value': '22.6'}, {'id': 5778805271, 'qualifierId': 56, 'value': 'Center'}, {'id': 5778805279, 'qualifierId': 213, 'value': '0.18'}, {'id': 5778805273, 'qualifierId': 140, 'value': '54.9'}, {'id': 5778805275, 'qualifierId': 141, 'value': '29.8'}]",1v67tba1l3sxow1geovdqefo5,R. Bernal,,Washington Spirit,Away
2824008523,178,1,1,24,0,f1ks82wpiewyqs6h3oz9v4hzj,1,54.9,29.8,2025-06-23T02:32:12.837Z,2025-06-23T02:32:14Z,"[{'id': 5778805317, 'qualifierId': 141, 'value': '29.4'}, {'id': 5778805319, 'qualifierId': 212, 'value': '11.6'}, {'id': 5778805325, 'qualifierId': 156}, {'id': 5778805313, 'qualifierId': 56, 'value': 'Back'}, {'id': 5778805315, 'qualifierId': 140, 'value': '43.9'}, {'id': 5778805321, 'qualifierId': 213, 'value': '3.17'}]",yay5mq8trvoxv9mwm4mqzn8q,G. Monday,,Washington Spirit,Away
2824008529,179,1,1,24,2,f1ks82wpiewyqs6h3oz9v4hzj,1,43.9,29.4,2025-06-23T02:32:14.774Z,2025-06-23T02:32:17Z,"[{'id': 5778805345, 'qualifierId': 140, 'value': '63.8'}, {'id': 5778805349, 'qualifierId': 212, 'value': '21.1'}, {'id': 5778805341, 'qualifierId': 155}, {'id': 5778805343, 'qualifierId': 56, 'value': 'Center'}, {'id': 5778805347, 'qualifierId': 141, 'value': '25.5'}, {'id': 5778805351, 'qualifierId': 213, 'value': '6.16'}]",b8xa1whpr8m3e5zbziz9e91bd,N. Miura,,Washington Spirit,Away
2824008531,228,83,1,24,4,esvbnzqbyvxp2k570ez7h1a1g,0,31.7,68.7,2025-06-23T02:32:16.855Z,2025-06-23T02:55:46Z,"[{'id': 5778821865, 'qualifierId': 399, 'value': '4wgwp2bd4xrjbg7s4p193aooa'}]",9ms54l53wseuxarpn4vfcx9g4,T. Armstrong,,San Diego Wave,Home
2824008533,180,1,1,24,5,f1ks82wpiewyqs6h3oz9v4hzj,0,68.5,22.1,2025-06-23T02:32:17.836Z,2025-06-23T02:32:19Z,"[{'id': 5778805361, 'qualifierId': 140, 'value': '87.7'}, {'id': 5778805363, 'qualifierId': 141, 'value': '15.8'}, {'id': 5778805359, 'qualifierId': 56, 'value': 'Right'}, {'id': 5778805367, 'qualifierId': 213, 'value': '6.07'}, {'id': 5778805365, 'qualifierId': 212, 'value': '20.6'}]",4wgwp2bd4xrjbg7s4p193aooa,C. Bethune,,Washington Spirit,Away
2824008535,229,49,1,24,6,esvbnzqbyvxp2k570ez7h1a1g,1,12.3,84.5,2025-06-23T02:32:19.535Z,2025-06-23T02:32:19Z,[],3x6baiktcpcjxxh258a5uebpx,P. Morroni,,San Diego Wave,Home
2824008543,230,1,1,24,9,esvbnzqbyvxp2k570ez7h1a1g,1,10.5,92.0,2025-06-23T02:32:21.742Z,2025-06-23T02:32:27Z,"[{'id': 5778805415, 'qualifierId': 213, 'value': '0.17'}, {'id': 5778805409, 'qualifierId': 140, 'value': '21.9'}, {'id': 5778805413, 'qualifierId': 212, 'value': '12.1'}, {'id': 5778805407, 'qualifierId': 56, 'value': 'Back'}, {'id': 5778805411, 'qualifierId': 141, 'value': '95.0'}]",3x6baiktcpcjxxh258a5uebpx,P. Morroni,,San Diego Wave,Home
2824008545,231,4,1,24,13,esvbnzqbyvxp2k570ez7h1a1g,1,22.8,93.4,2025-06-23T02:32:26.021Z,2025-06-23T02:32:31Z,"[{'id': 5778805439, 'qualifierId': 285}, {'id': 5778805431, 'qualifierId': 13}, {'id': 5778805433, 'qualifierId': 56, 'value': 'Back'}, {'id': 5778805469, 'qualifierId': 233, 'value': '181'}, {'id': 5778805437, 'qualifierId': 265}, {'id': 5778805435, 'qualifierId': 152}]",1he80t4tdvj86rbvng0956prd,M. Sánchez,,San Diego Wave,Home
2824008541,181,4,1,24,13,f1ks82wpiewyqs6h3oz9v4hzj,0,77.2,6.6,2025-06-23T02:32:26.022Z,2025-06-23T02:32:32Z,"[{'id': 5778805399, 'qualifierId': 56, 'value': 'Right'}, {'id': 5778805475, 'qualifierId': 233, 'value': '231'}, {'id': 5778805405, 'qualifierId': 286}, {'id': 5778805397, 'qualifierId': 13}, {'id': 5778805403, 'qualifierId': 265}, {'id': 5778805401, 'qualifierId': 152}]",b8xa1whpr8m3e5zbziz9e91bd,N. Miura,,Washington Spirit,Away
2824008613,232,1,1,24,49,esvbnzqbyvxp2k570ez7h1a1g,1,24.9,95.0,2025-06-23T02:33:02.350Z,2025-06-23T02:33:04Z,"[{'id': 5778805735, 'qualifierId': 212, 'value': '28.6'}, {'id': 5778805727, 'qualifierId': 152}, {'id': 5778805731, 'qualifierId': 140, 'value': '16.0'}, {'id': 5778805733, 'qualifierId': 141, 'value': '55.2'}, {'id': 5778805753, 'qualifierId': 189}, {'id': 5778805729, 'qualifierId': 56, 'value': 'Back'}, {'id': 5778805737, 'qualifierId': 213, 'value': '4.38'}, {'id': 5778805725, 'qualifierId': 5}]",4yb9avzbrzt8m4c4h1yy98jbp,K. Sheridan,,San Diego Wave,Home
2824008623,233,1,1,24,54,esvbnzqbyvxp2k570ez7h1a1g,1,18.7,48.5,2025-06-23T02:33:06.830Z,2025-06-23T02:33:08Z,"[{'id': 5778805805, 'qualifierId': 213, 'value': '1.27'}, {'id': 5778805799, 'qualifierId': 140, 'value': '23.8'}, {'id': 5778805801, 'qualifierId': 141, 'value': '74.1'}, {'id': 5778805803, 'qualifierId': 212, 'value': '18.2'}, {'id': 5778805797, 'qualifierId': 56, 'value': 'Back'}]",9ms54l53wseuxarpn4vfcx9g4,T. Armstrong,,San Diego Wave,Home
2824008625,234,1,1,24,55,esvbnzqbyvxp2k570ez7h1a1g,1,23.9,75.4,2025-06-23T02:33:08.078Z,2025-06-23T02:33:09Z,"[{'id': 5778805817, 'qualifierId': 141, 'value': '61.1'}, {'id': 5778805821, 'qualifierId': 213, 'value': '3.92'}, {'id': 5778805815, 'qualifierId': 140, 'value': '14.5'}, {'id': 5778805819, 'qualifierId': 212, 'value': '13.9'}, {'id': 5778805813, 'qualifierId': 56, 'value': 'Back'}]",6p2318moul9op4hmigk1xbaw9,K. McNabb,,San Diego Wave,Home
2824008631,235,1,1,24,57,esvbnzqbyvxp2k570ez7h1a1g,1,14.8,56.0,2025-06-23T02:33:09.694Z,2025-06-23T02:33:14Z,"[{'id': 5778805857, 'qualifierId': 212, 'value': '12.3'}, {'id': 5778805855, 'qualifierId': 141, 'value': '42.7'}, {'id': 5778805851, 'qualifierId': 56, 'value': 'Back'}, {'id': 5778805859, 'qualifierId': 213, 'value': '5.45'}, {'id': 5778805853, 'qualifierId': 140, 'value': '22.7'}]",4yb9avzbrzt8m4c4h1yy98jbp,K. Sheridan,,San Diego Wave,Home
2824008639,236,1,1,25,1,esvbnzqbyvxp2k570ez7h1a1g,1,25.4,35.4,2025-06-23T02:33:14.334Z,2025-06-23T02:33:16Z,"[{'id': 5778805897, 'qualifierId': 141, 'value': '32.7'}, {'id': 5778805895, 'qualifierId': 140, 'value': '29.1'}, {'id': 5778805899, 'qualifierId': 212, 'value': '4.3'}, {'id': 5778805901, 'qualifierId': 213, 'value': '5.84'}, {'id': 5778805893, 'qualifierId': 56, 'value': 'Back'}]",6h8t7apz5vzk0pjxo8hbbkfhm,S. McCaskill,,San Diego Wave,Home
2824008641,237,1,1,25,3,esvbnzqbyvxp2k570ez7h1a1g,1,31.7,29.4,2025-06-23T02:33:16.223Z,2025-06-23T02:33:17Z,"[{'id': 5778805907, 'qualifierId': 140, 'value': '26.4'}, {'id': 5778805913, 'qualifierId': 213, 'value': '4.23'}, {'id': 5778805911, 'qualifierId': 212, 'value': '12.0'}, {'id': 5778805909, 'qualifierId': 141, 'value': '13.7'}, {'id': 5778805917, 'qualifierId': 156}, {'id': 5778805905, 'qualifierId': 56, 'value': 'Back'}]",dzfr9ktjmxqj2eh2xibt7konp,K. Dali,,San Diego Wave,Home
2824008649,238,1,1,25,5,esvbnzqbyvxp2k570ez7h1a1g,1,29.2,5.5,2025-06-23T02:33:18.398Z,2025-06-23T02:33:23Z,"[{'id': 5778805957, 'qualifierId': 212, 'value': '25.6'}, {'id': 5778805955, 'qualifierId': 141, 'value': '14.3'}, {'id': 5778805959, 'qualifierId': 213, 'value': '0.24'}, {'id': 5778805951, 'qualifierId': 56, 'value': 'Right'}, {'id': 5778805953, 'qualifierId': 140, 'value': '52.9'}]",9ms54l53wseuxarpn4vfcx9g4,T. Armstrong,,San Diego Wave,Home
2824008647,182,83,1,25,9,f1ks82wpiewyqs6h3oz9v4hzj,0,46.1,78.7,2025-06-23T02:33:22.378Z,2025-06-23T02:33:24Z,"[{'id': 5778805975, 'qualifierId': 399, 'value': '3gu9gaz6w7eq79qnaqj3b7jdh'}]",bo5e35lsptja0pnlvk1y38dex,E. Morgan,,Washington Spirit,Away
2824008651,239,1,1,25,10,esvbnzqbyvxp2k570ez7h1a1g,0,46.3,7.7,2025-06-23T02:33:23.470Z,2025-06-23T02:33:23Z,"[{'id': 5778805969, 'qualifierId': 212, 'value': '3.4'}, {'id': 5778805963, 'qualifierId': 56, 'value': 'Back'}, {'id': 5778805971, 'qualifierId': 213, 'value': '2.45'}, {'id': 5778805967, 'qualifierId': 141, 'value': '10.9'}, {'id': 5778805965, 'qualifierId': 140, 'value': '43.8'}]",3gu9gaz6w7eq79qnaqj3b7jdh,D. Cascarino,,San Diego Wave,Home
2824008653,183,61,1,25,11,f1ks82wpiewyqs6h3oz9v4hzj,0,62.8,82.9,2025-06-23T02:33:24.330Z,2025-06-23T02:33:24Z,"[{'id': 5778805973, 'qualifierId': 56, 'value': 'Left'}]",yay5mq8trvoxv9mwm4mqzn8q,G. Monday,,Washington Spirit,Away
2824008661,240,1,1,25,12,esvbnzqbyvxp2k570ez7h1a1g,1,41.8,14.1,2025-06-23T02:33:25.374Z,2025-06-23T02:33:26Z,"[{'id': 5778806019, 'qualifierId': 140, 'value': '36.8'}, {'id': 5778806025, 'qualifierId': 213, 'value': '4.01'}, {'id': 5778806021, 'qualifierId': 141, 'value': '5.0'}, {'id': 5778806017, 'qualifierId': 56, 'value': 'Back'}, {'id': 5778806023, 'qualifierId': 212, 'value': '8.1'}]",6h8t7apz5vzk0pjxo8hbbkfhm,S. McCaskill,,San Diego Wave,Home
2824008669,241,1,1,25,14,esvbnzqbyvxp2k570ez7h1a1g,1,35.9,5.5,2025-06-23T02:33:26.670Z,2025-06-23T02:33:31Z,"[{'id': 5778806071, 'qualifierId': 212, 'value': '26.2'}, {'id': 5778806073, 'qualifierId': 213, 'value': '2.52'}, {'id': 5778806069, 'qualifierId': 141, 'value': '28.0'}, {'id': 5778806065, 'qualifierId': 56, 'value': 'Back'}, {'id': 5778806067, 'qualifierId': 140, 'value': '15.7'}]",9ms54l53wseuxarpn4vfcx9g4,T. Armstrong,,San Diego Wave,Home
2824008675,242,1,1,25,18,esvbnzqbyvxp2k570ez7h1a1g,1,16.3,35.5,2025-06-23T02:33:31.407Z,2025-06-23T02:33:34Z,"[{'id': 5778806115, 'qualifierId': 141, 'value': '62.7'}, {'id': 5778806117, 'qualifierId': 212, 'value': '19.5'}, {'id': 5778806113, 'qualifierId': 140, 'value': '22.2'}, {'id': 5778806119, 'qualifierId': 213, 'value': '1.25'}, {'id': 5778806111, 'qualifierId': 56, 'value': 'Back'}]",4yb9avzbrzt8m4c4h1yy98jbp,K. Sheridan,,San Diego Wave,Home
2824008685,243,1,1,25,22,esvbnzqbyvxp2k570ez7h1a1g,1,22.9,62.7,2025-06-23T02:33:34.719Z,2025-06-23T02:33:37Z,"[{'id': 5778806177, 'qualifierId': 56, 'value': 'Back'}, {'id': 5778806183, 'qualifierId': 212, 'value': '12.8'}, {'id': 5778806181, 'qualifierId': 141, 'value': '46.3'}, {'id': 5778806179, 'qualifierId': 140, 'value': '17.0'}, {'id': 5778806185, 'qualifierId': 213, 'value': '4.21'}]",6p2318moul9op4hmigk1xbaw9,K. McNabb,,San Diego Wave,Home
2824008695,244,1,1,25,24,esvbnzqbyvxp2k570ez7h1a1g,1,16.6,46.7,2025-06-23T02:33:37.182Z,2025-06-23T02:33:42Z,"[{'id': 5778806231, 'qualifierId': 140, 'value': '21.1'}, {'id': 5778806233, 'qualifierId': 141, 'value': '68.4'}, {'id': 5778806237, 'qualifierId': 213, 'value': '1.26'}, {'id': 5778806229, 'qualifierId': 56, 'value': 'Back'}, {'id': 5778806235, 'qualifierId': 212, 'value': '15.5'}]",4yb9avzbrzt8m4c4h1yy98jbp,K. Sheridan,,San Diego Wave,Home
2824008707,245,1,1,25,29,esvbnzqbyvxp2k570ez7h1a1g,1,27.3,74.1,2025-06-23T02:33:42.078Z,2025-06-23T02:33:46Z,"[{'id': 5778806281, 'qualifierId': 140, 'value': '16.5'}, {'id': 5778806283, 'qualifierId': 141, 'value': '49.6'}, {'id': 5778806287, 'qualifierId': 213, 'value': '4.11'}, {'id': 5778806279, 'qualifierId': 56, 'value': 'Back'}, {'id': 5778806285, 'qualifierId': 212, 'value': '20.2'}]",6p2318moul9op4hmigk1xbaw9,K. McNabb,,San Diego Wave,Home
2824008725,246,1,1,25,33,esvbnzqbyvxp2k570ez7h1a1g,1,21.1,44.6,2025-06-23T02:33:46.126Z,2025-06-23T02:33:55Z,"[{'id': 5778806379, 'qualifierId': 141, 'value': '25.6'}, {'id': 5778806383, 'qualifierId': 213, 'value': '4.83'}, {'id': 5778806377, 'qualifierId': 140, 'value': '22.5'}, {'id': 5778806381, 'qualifierId': 212, 'value': '13.0'}, {'id': 5778806375, 'qualifierId': 56, 'value': 'Back'}]",4yb9avzbrzt8m4c4h1yy98jbp,K. Sheridan,,San Diego Wave,Home
2824008729,247,1,1,25,42,esvbnzqbyvxp2k570ez7h1a1g,1,28.4,25.2,2025-06-23T02:33:54.958Z,2025-06-23T02:33:56Z,"[{'id': 5778806407, 'qualifierId': 213, 'value': '0.20'}, {'id': 5778806405, 'qualifierId': 212, 'value': '5.2'}, {'id': 5778806399, 'qualifierId': 56, 'value': 'Back'}, {'id': 5778806401, 'qualifierId': 140, 'value': '33.3'}, {'id': 5778806403, 'qualifierId': 141, 'value': '26.7'}]",9ms54l53wseuxarpn4vfcx9g4,T. Armstrong,,San Diego Wave,Home
2824008737,248,1,1,25,44,esvbnzqbyvxp2k570ez7h1a1g,1,33.0,27.7,2025-06-23T02:33:56.670Z,2025-06-23T02:34:02Z,"[{'id': 5778806451, 'qualifierId': 213, 'value': '4.44'}, {'id': 5778806449, 'qualifierId': 212, 'value': '15.4'}, {'id': 5778806443, 'qualifierId': 56, 'value': 'Back'}, {'id': 5778806447, 'qualifierId': 141, 'value': '5.9'}, {'id': 5778806445, 'qualifierId': 140, 'value': '29.1'}]",dzfr9ktjmxqj2eh2xibt7konp,K. Dali,,San Diego Wave,Home
2824008741,249,1,1,25,49,esvbnzqbyvxp2k570ez7h1a1g,1,31.6,7.1,2025-06-23T02:34:02.014Z,2025-06-23T02:34:03Z,"[{'id': 5778806467, 'qualifierId': 56, 'value': 'Back'}, {'id': 5778806475, 'qualifierId': 213, 'value': '1.06'}, {'id': 5778806473, 'qualifierId': 212, 'value': '6.9'}, {'id': 5778806469, 'qualifierId': 140, 'value': '34.8'}, {'id': 5778806471, 'qualifierId': 141, 'value': '15.9'}]",9ms54l53wseuxarpn4vfcx9g4,T. Armstrong,,San Diego Wave,Home
2824008745,250,1,1,25,51,esvbnzqbyvxp2k570ez7h1a1g,1,34.7,17.3,2025-06-23T02:34:03.774Z,2025-06-23T02:34:06Z,"[{'id': 5778806495, 'qualifierId': 141, 'value': '39.1'}, {'id': 5778806493, 'qualifierId': 140, 'value': '12.3'}, {'id': 5778806499, 'qualifierId': 213, 'value': '2.58'}, {'id': 5778806491, 'qualifierId': 56, 'value': 'Back'}, {'id': 5778806497, 'qualifierId': 212, 'value': '27.8'}]",dzfr9ktjmxqj2eh2xibt7konp,K. Dali,,San Diego Wave,Home
2824008751,251,1,1,25,53,esvbnzqbyvxp2k570ez7h1a1g,0,12.3,39.1,2025-06-23T02:34:05.967Z,2025-06-23T02:34:08Z,"[{'id': 5778806555, 'qualifierId': 1}, {'id': 5778806545, 'qualifierId': 56, 'value': 'Back'}, {'id': 5778806547, 'qualifierId': 140, 'value': '32.3'}, {'id': 5778806553, 'qualifierId': 213, 'value': '0.92'}, {'id': 5778806543, 'qualifierId': 157}, {'id': 5778806549, 'qualifierId': 141, 'value': '79.7'}, {'id': 5778806551, 'qualifierId': 212, 'value': '34.7'}]",4yb9avzbrzt8m4c4h1yy98jbp,K. Sheridan,,San Diego Wave,Home
2824008753,184,61,1,25,57,f1ks82wpiewyqs6h3oz9v4hzj,0,68.1,26.8,2025-06-23T02:34:10.215Z,2025-06-23T02:34:10Z,"[{'id': 5778806557, 'qualifierId': 56, 'value': 'Center'}]",en29qfiuu01nsmekoqhycjo45,G. Carle,,Washington Spirit,Away
2824008761,252,61,1,25,59,esvbnzqbyvxp2k570ez7h1a1g,1,29.0,68.1,2025-06-23T02:34:12.518Z,2025-06-23T02:34:12Z,"[{'id': 5778806595, 'qualifierId': 56, 'value': 'Back'}]",efynp5qo9b9x0lh9b4ft0ic8a,G. Corley,,San Diego Wave,Home
2824008777,185,43,1,26,0,f1ks82wpiewyqs6h3oz9v4hzj,1,0.0,0.0,2025-06-23T02:34:13.510Z,2025-07-01T18:09:22Z,"[{'id': 5785820721, 'qualifierId': 144, 'value': '61'}, {'id': 5778806679, 'qualifierId': 56, 'value': 'Center'}]",4wgwp2bd4xrjbg7s4p193aooa,C. Bethune,,Washington Spirit,Away
2824008773,253,1,1,26,1,esvbnzqbyvxp2k570ez7h1a1g,1,28.5,68.1,2025-06-23T02:34:14.454Z,2025-06-23T04:10:07Z,"[{'id': 5778806653, 'qualifierId': 212, 'value': '7.0'}, {'id': 5778806649, 'qualifierId': 140, 'value': '26.4'}, {'id': 5778806651, 'qualifierId': 141, 'value': '77.8'}, {'id': 5778806655, 'qualifierId': 213, 'value': '1.89'}, {'id': 5778806647, 'qualifierId': 56, 'value': 'Back'}]",6h8t7apz5vzk0pjxo8hbbkfhm,S. McCaskill,,San Diego Wave,Home
2824008775,254,1,1,26,3,esvbnzqbyvxp2k570ez7h1a1g,1,26.9,78.4,2025-06-23T02:34:15.773Z,2025-06-23T02:34:18Z,"[{'id': 5778806665, 'qualifierId': 140, 'value': '26.8'}, {'id': 5778806669, 'qualifierId': 212, 'value': '4.4'}, {'id': 5778806663, 'qualifierId': 56, 'value': 'Back'}, {'id': 5778806667, 'qualifierId': 141, 'value': '72.0'}, {'id': 5778806671, 'qualifierId': 213, 'value': '4.69'}]",3x6baiktcpcjxxh258a5uebpx,P. Morroni,,San Diego Wave,Home
2824008781,187,83,1,26,4,f1ks82wpiewyqs6h3oz9v4hzj,0,70.4,31.2,2025-06-23T02:34:16.760Z,2025-07-01T19:03:21Z,"[{'id': 5778806799, 'qualifierId': 399, 'value': '6h8t7apz5vzk0pjxo8hbbkfhm'}]",4wgwp2bd4xrjbg7s4p193aooa,C. Bethune,,Washington Spirit,Away
2824008779,186,43,1,26,5,f1ks82wpiewyqs6h3oz9v4hzj,1,0.0,0.0,2025-06-23T02:34:18.557Z,2025-06-23T02:34:21Z,"[{'id': 5778806735, 'qualifierId': 144, 'value': '45'}, {'id': 5778806711, 'qualifierId': 56, 'value': 'Center'}, {'id': 5778806713, 'qualifierId': 286, 'value': '0'}]",4wgwp2bd4xrjbg7s4p193aooa,C. Bethune,,Washington Spirit,Away
2824008787,255,1,1,26,6,esvbnzqbyvxp2k570ez7h1a1g,1,25.2,70.3,2025-06-23T02:34:19.110Z,2025-06-23T03:16:58Z,"[{'id': 5778806759, 'qualifierId': 141, 'value': '50.4'}, {'id': 5778806755, 'qualifierId': 56, 'value': 'Back'}, {'id': 5778806763, 'qualifierId': 213, 'value': '3.77'}, {'id': 5778806761, 'qualifierId': 212, 'value': '23.0'}, {'id': 5778806757, 'qualifierId': 140, 'value': '7.5'}]",6h8t7apz5vzk0pjxo8hbbkfhm,S. McCaskill,,San Diego Wave,Home
2824008789,256,1,1,26,10,esvbnzqbyvxp2k570ez7h1a1g,1,7.7,49.9,2025-06-23T02:34:23.149Z,2025-06-23T02:34:25Z,"[{'id': 5778806777, 'qualifierId': 212, 'value': '14.7'}, {'id': 5778806775, 'qualifierId': 141, 'value': '39.4'}, {'id': 5778806773, 'qualifierId': 140, 'value': '19.9'}, {'id': 5778806771, 'qualifierId': 56, 'value': 'Back'}, {'id': 5778806779, 'qualifierId': 213, 'value': '5.77'}]",4yb9avzbrzt8m4c4h1yy98jbp,K. Sheridan,,San Diego Wave,Home
2824008799,257,1,1,26,12,esvbnzqbyvxp2k570ez7h1a1g,1,20.4,39.1,2025-06-23T02:34:25.214Z,2025-06-23T02:34:26Z,"[{'id': 5778806839, 'qualifierId': 212, 'value': '14.9'}, {'id': 5778806833, 'qualifierId': 56, 'value': 'Back'}, {'id': 5778806835, 'qualifierId': 140, 'value': '8.6'}, {'id': 5778806841, 'qualifierId': 213, 'value': '3.74'}, {'id': 5778806837, 'qualifierId': 141, 'value': '26.8'}, {'id': 5778806845, 'qualifierId': 156}]",6h8t7apz5vzk0pjxo8hbbkfhm,S. McCaskill,,San Diego Wave,Home
2824008805,258,1,1,26,14,esvbnzqbyvxp2k570ez7h1a1g,1,8.8,26.8,2025-06-23T02:34:27.230Z,2025-06-23T02:34:30Z,"[{'id': 5778806867, 'qualifierId': 212, 'value': '16.5'}, {'id': 5778806865, 'qualifierId': 141, 'value': '10.0'}, {'id': 5778806869, 'qualifierId': 213, 'value': '5.52'}, {'id': 5778806861, 'qualifierId': 56, 'value': 'Back'}, {'id': 5778806863, 'qualifierId': 140, 'value': '20.2'}]",9ms54l53wseuxarpn4vfcx9g4,T. Armstrong,,San Diego Wave,Home
2824008817,259,1,1,26,18,esvbnzqbyvxp2k570ez7h1a1g,1,23.8,13.7,2025-06-23T02:34:30.686Z,2025-06-23T02:34:42Z,"[{'id': 5778806933, 'qualifierId': 213, 'value': '0.01'}, {'id': 5778806931, 'qualifierId': 212, 'value': '11.2'}, {'id': 5778806927, 'qualifierId': 140, 'value': '34.5'}, {'id': 5778806925, 'qualifierId': 56, 'value': 'Back'}, {'id': 5778806929, 'qualifierId': 141, 'value': '13.8'}]",auyj06nha2syoygo7prfadobu,H. Lundkvist,,San Diego Wave,Home
2824008823,260,61,1,26,19,esvbnzqbyvxp2k570ez7h1a1g,0,34.9,14.3,2025-06-23T02:34:32.391Z,2025-06-23T02:35:21Z,"[{'id': 5778806969, 'qualifierId': 56, 'value': 'Back'}]",efynp5qo9b9x0lh9b4ft0ic8a,G. Corley,,San Diego Wave,Home
2824008825,188,49,1,26,22,f1ks82wpiewyqs6h3oz9v4hzj,1,53.6,73.0,2025-06-23T02:34:35.460Z,2025-06-23T02:34:35Z,[],bo5e35lsptja0pnlvk1y38dex,E. Morgan,,Washington Spirit,Away
2824008829,189,1,1,26,23,f1ks82wpiewyqs6h3oz9v4hzj,1,53.6,73.0,2025-06-23T02:34:35.897Z,2025-06-23T02:34:37Z,"[{'id': 5778806985, 'qualifierId': 140, 'value': '64.8'}, {'id': 5778806991, 'qualifierId': 213, 'value': '0.08'}, {'id': 5778806983, 'qualifierId': 56, 'value': 'Center'}, {'id': 5778806989, 'qualifierId': 212, 'value': '11.8'}, {'id': 5778806987, 'qualifierId': 141, 'value': '74.4'}]",bo5e35lsptja0pnlvk1y38dex,E. Morgan,,Washington Spirit,Away
2824008833,190,1,1,26,24,f1ks82wpiewyqs6h3oz9v4hzj,1,65.5,75.9,2025-06-23T02:34:37.506Z,2025-06-23T02:34:39Z,"[{'id': 5778807035, 'qualifierId': 56, 'value': 'Left'}, {'id': 5778807039, 'qualifierId': 141, 'value': '82.1'}, {'id': 5778807037, 'qualifierId': 140, 'value': '54.5'}, {'id': 5778807041, 'qualifierId': 212, 'value': '12.3'}, {'id': 5778807043, 'qualifierId': 213, 'value': '2.79'}]",b8xa1whpr8m3e5zbziz9e91bd,N. Miura,,Washington Spirit,Away
2824008831,261,83,1,26,24,esvbnzqbyvxp2k570ez7h1a1g,0,34.1,16.7,2025-06-23T02:34:37.591Z,2025-06-23T02:35:47Z,"[{'id': 5778807087, 'qualifierId': 399, 'value': 'coy005g9noltjta4ka7utllp0'}]",efynp5qo9b9x0lh9b4ft0ic8a,G. Corley,,San Diego Wave,Home
2824008837,191,1,1,26,26,f1ks82wpiewyqs6h3oz9v4hzj,1,54.3,84.4,2025-06-23T02:34:39.053Z,2025-06-23T02:34:41Z,"[{'id': 5778807067, 'qualifierId': 141, 'value': '74.4'}, {'id': 5778807071, 'qualifierId': 213, 'value': '3.65'}, {'id': 5778807065, 'qualifierId': 140, 'value': '42.6'}, {'id': 5778807063, 'qualifierId': 56, 'value': 'Back'}, {'id': 5778807069, 'qualifierId': 212, 'value': '14.0'}]",coy005g9noltjta4ka7utllp0,H. Hershfelt,,Washington Spirit,Away
2824008839,192,1,1,26,28,f1ks82wpiewyqs6h3oz9v4hzj,1,42.6,74.4,2025-06-23T02:34:40.927Z,2025-06-23T02:34:45Z,"[{'id': 5778807083, 'qualifierId': 213, 'value': '3.99'}, {'id': 5778807077, 'qualifierId': 140, 'value': '31.1'}, {'id': 5778807081, 'qualifierId': 212, 'value': '18.3'}, {'id': 5778807075, 'qualifierId': 56, 'value': 'Back'}, {'id': 5778807079, 'qualifierId': 141, 'value': '54.2'}]",bo5e35lsptja0pnlvk1y38dex,E. Morgan,,Washington Spirit,Away
2824008849,193,1,1,26,33,f1ks82wpiewyqs6h3oz9v4hzj,1,33.5,55.7,2025-06-23T02:34:45.661Z,2025-06-23T02:34:47Z,"[{'id': 5778807153, 'qualifierId': 212, 'value': '9.9'}, {'id': 5778807149, 'qualifierId': 140, 'value': '33.5'}, {'id': 5778807151, 'qualifierId': 141, 'value': '70.3'}, {'id': 5778807155, 'qualifierId': 213, 'value': '1.57'}, {'id': 5778807147, 'qualifierId': 56, 'value': 'Back'}]",27dktxivmcqmi1lkz1vs49qi2,T. McKeown,,Washington Spirit,Away
2824008851,194,1,1,26,34,f1ks82wpiewyqs6h3oz9v4hzj,1,33.5,70.3,2025-06-23T02:34:46.926Z,2025-06-23T02:34:49Z,"[{'id': 5778807187, 'qualifierId': 141, 'value': '70.8'}, {'id': 5778807183, 'qualifierId': 56, 'value': 'Back'}, {'id': 5778807191, 'qualifierId': 213, 'value': '0.03'}, {'id': 5778807189, 'qualifierId': 212, 'value': '11.7'}, {'id': 5778807185, 'qualifierId': 140, 'value': '44.6'}]",bo5e35lsptja0pnlvk1y38dex,E. Morgan,,Washington Spirit,Away
2824008853,195,43,1,26,36,f1ks82wpiewyqs6h3oz9v4hzj,1,0.0,0.0,2025-06-23T02:34:49.238Z,2025-06-23T02:34:53Z,"[{'id': 5778807261, 'qualifierId': 144, 'value': '61'}, {'id': 5778807219, 'qualifierId': 56, 'value': 'Back'}]",4wgwp2bd4xrjbg7s4p193aooa,C. Bethune,,Washington Spirit,Away
2824008855,196,4,1,26,38,f1ks82wpiewyqs6h3oz9v4hzj,1,44.1,72.0,2025-06-23T02:34:51.425Z,2025-06-23T02:38:44Z,"[{'id': 5778807255, 'qualifierId': 56, 'value': 'Back'}, {'id': 5778807253, 'qualifierId': 294}, {'id': 5778807251, 'qualifierId': 13}, {'id': 5778807259, 'qualifierId': 286}, {'id': 5778807257, 'qualifierId': 152}, {'id': 5778807275, 'qualifierId': 233, 'value': '262'}]",4wgwp2bd4xrjbg7s4p193aooa,C. Bethune,,Washington Spirit,Away
2824008859,262,4,1,26,38,esvbnzqbyvxp2k570ez7h1a1g,0,55.9,28.0,2025-06-23T02:34:51.426Z,2025-06-23T02:38:44Z,"[{'id': 5778807269, 'qualifierId': 56, 'value': 'Center'}, {'id': 5778807273, 'qualifierId': 285}, {'id': 5778807279, 'qualifierId': 233, 'value': '196'}, {'id': 5778807271, 'qualifierId': 152}, {'id': 5778807267, 'qualifierId': 294}, {'id': 5778807265, 'qualifierId': 13}]",6h8t7apz5vzk0pjxo8hbbkfhm,S. McCaskill,,San Diego Wave,Home
2824008887,197,1,1,27,6,f1ks82wpiewyqs6h3oz9v4hzj,1,43.6,72.0,2025-06-23T02:35:19.539Z,2025-06-23T02:35:22Z,"[{'id': 5778807429, 'qualifierId': 212, 'value': '20.5'}, {'id': 5778807421, 'qualifierId': 152}, {'id': 5778807423, 'qualifierId': 56, 'value': 'Back'}, {'id': 5778807431, 'qualifierId': 213, 'value': '3.57'}, {'id': 5778807427, 'qualifierId': 141, 'value': '59.4'}, {'id': 5778807425, 'qualifierId': 140, 'value': '25.9'}, {'id': 5778807419, 'qualifierId': 5}]",bo5e35lsptja0pnlvk1y38dex,E. Morgan,,Washington Spirit,Away
2824008889,198,1,1,27,9,f1ks82wpiewyqs6h3oz9v4hzj,1,25.9,59.4,2025-06-23T02:35:22.428Z,2025-06-23T02:35:24Z,"[{'id': 5778807443, 'qualifierId': 213, 'value': '4.95'}, {'id': 5778807441, 'qualifierId': 212, 'value': '16.4'}, {'id': 5778807437, 'qualifierId': 140, 'value': '29.5'}, {'id': 5778807439, 'qualifierId': 141, 'value': '36.0'}, {'id': 5778807435, 'qualifierId': 56, 'value': 'Back'}]",d9dirjpaqkq3gga2zyeykcv6d,A. Kingsbury,,Washington Spirit,Away
2824008893,199,1,1,27,11,f1ks82wpiewyqs6h3oz9v4hzj,1,29.5,36.0,2025-06-23T02:35:24.522Z,2025-06-23T02:35:27Z,"[{'id': 5778807455, 'qualifierId': 140, 'value': '36.3'}, {'id': 5778807461, 'qualifierId': 213, 'value': '0.80'}, {'id': 5778807457, 'qualifierId': 141, 'value': '46.9'}, {'id': 5778807453, 'qualifierId': 56, 'value': 'Back'}, {'id': 5778807459, 'qualifierId': 212, 'value': '10.3'}]",27dktxivmcqmi1lkz1vs49qi2,T. McKeown,,Washington Spirit,Away
2824008895,200,1,1,27,14,f1ks82wpiewyqs6h3oz9v4hzj,0,36.3,46.9,2025-06-23T02:35:27.177Z,2025-06-23T02:35:30Z,"[{'id': 5778807487, 'qualifierId': 1}, {'id': 5778807485, 'qualifierId': 213, 'value': '0.10'}, {'id': 5778807479, 'qualifierId': 140, 'value': '73.2'}, {'id': 5778807481, 'qualifierId': 141, 'value': '52.8'}, {'id': 5778807475, 'qualifierId': 155}, {'id': 5778807483, 'qualifierId': 212, 'value': '39.0'}, {'id': 5778807477, 'qualifierId': 56, 'value': 'Center'}]",coy005g9noltjta4ka7utllp0,H. Hershfelt,,Washington Spirit,Away
2824008897,263,12,1,27,17,esvbnzqbyvxp2k570ez7h1a1g,1,25.9,43.1,2025-06-23T02:35:29.694Z,2025-06-23T02:35:30Z,"[{'id': 5778807489, 'qualifierId': 56, 'value': 'Back'}, {'id': 5778807493, 'qualifierId': 141, 'value': '46.9'}, {'id': 5778807491, 'qualifierId': 140, 'value': '31.0'}, {'id': 5778807499, 'qualifierId': 15}, {'id': 5778807495, 'qualifierId': 212, 'value': '5.9'}, {'id': 5778807497, 'qualifierId': 213, 'value': '0.45'}]",9ms54l53wseuxarpn4vfcx9g4,T. Armstrong,,San Diego Wave,Home
2824008907,201,1,1,27,18,f1ks82wpiewyqs6h3oz9v4hzj,1,66.6,41.5,2025-06-23T02:35:31.583Z,2025-06-23T02:35:40Z,"[{'id': 5778807527, 'qualifierId': 140, 'value': '73.5'}, {'id': 5778807531, 'qualifierId': 212, 'value': '14.7'}, {'id': 5778807533, 'qualifierId': 213, 'value': '1.06'}, {'id': 5778807525, 'qualifierId': 56, 'value': 'Center'}, {'id': 5778807529, 'qualifierId': 141, 'value': '60.3'}]",yay5mq8trvoxv9mwm4mqzn8q,G. Monday,,Washington Spirit,Away
2824008913,202,1,1,27,28,f1ks82wpiewyqs6h3oz9v4hzj,1,98.1,75.0,2025-06-23T02:35:40.815Z,2025-06-23T02:36:04Z,"[{'id': 5778807549, 'qualifierId': 155}, {'id': 5778807557, 'qualifierId': 212, 'value': '17.3'}, {'id': 5778807553, 'qualifierId': 140, 'value': '89.1'}, {'id': 5778807551, 'qualifierId': 56, 'value': 'Center'}, {'id': 5778807695, 'qualifierId': 154}, {'id': 5778807559, 'qualifierId': 213, 'value': '4.13'}, {'id': 5778807555, 'qualifierId': 141, 'value': '53.7'}, {'id': 5778807693, 'qualifierId': 210, 'value': '13'}]",4wgwp2bd4xrjbg7s4p193aooa,C. Bethune,1.0,Washington Spirit,Away
2824008915,203,13,1,27,29,f1ks82wpiewyqs6h3oz9v4hzj,1,89.1,53.7,2025-06-23T02:35:42.533Z,2025-06-23T02:36:04Z,"[{'id': 5778807717, 'qualifierId': 231, 'value': '51.3'}, {'id': 5778807713, 'qualifierId': 391}, {'id': 5778807711, 'qualifierId': 328}, {'id': 5778807715, 'qualifierId': 230, 'value': '98.6'}, {'id': 5778807563, 'qualifierId': 22}, {'id': 5778807699, 'qualifierId': 29}, {'id': 5778807565, 'qualifierId': 17}, {'id': 5778807709, 'qualifierId': 103, 'value': '73.6'}, {'id': 5778807701, 'qualifierId': 154}, {'id': 5778807703, 'qualifierId': 55, 'value': '202'}, {'id': 5778807707, 'qualifierId': 102, 'value': '47.6'}, {'id': 5778807587, 'qualifierId': 72}, {'id': 5778807697, 'qualifierId': 74}, {'id': 5778807567, 'qualifierId': 56, 'value': 'Center'}]",b8xa1whpr8m3e5zbziz9e91bd,N. Miura,,Washington Spirit,Away
2824008917,204,5,1,27,30,f1ks82wpiewyqs6h3oz9v4hzj,0,101.4,49.4,2025-06-23T02:35:43.415Z,2025-06-23T02:38:40Z,"[{'id': 5778807575, 'qualifierId': 56, 'value': 'Center'}, {'id': 5778807583, 'qualifierId': 233, 'value': '264'}, {'id': 5778807577, 'qualifierId': 346}]",b8xa1whpr8m3e5zbziz9e91bd,N. Miura,,Washington Spirit,Away
2824008911,264,5,1,27,30,esvbnzqbyvxp2k570ez7h1a1g,1,-1.4,50.6,2025-06-23T02:35:43.415Z,2025-06-23T02:35:52Z,"[{'id': 5778807545, 'qualifierId': 56, 'value': 'Back'}, {'id': 5778807579, 'qualifierId': 233, 'value': '204'}, {'id': 5778807547, 'qualifierId': 346}]",9ms54l53wseuxarpn4vfcx9g4,T. Armstrong,,San Diego Wave,Home
2824008939,265,1,1,27,59,esvbnzqbyvxp2k570ez7h1a1g,1,5.0,63.0,2025-06-23T02:36:12.366Z,2025-06-23T02:36:17Z,"[{'id': 5778807775, 'qualifierId': 141, 'value': '40.1'}, {'id': 5778807857, 'qualifierId': 189}, {'id': 5778807773, 'qualifierId': 140, 'value': '7.2'}, {'id': 5778807771, 'qualifierId': 56, 'value': 'Back'}, {'id': 5778807779, 'qualifierId': 213, 'value': '4.86'}, {'id': 5778807777, 'qualifierId': 212, 'value': '15.7'}, {'id': 5778807783, 'qualifierId': 237}, {'id': 5778807769, 'qualifierId': 124}]",4yb9avzbrzt8m4c4h1yy98jbp,K. Sheridan,,San Diego Wave,Home
2824008941,266,1,1,28,0,esvbnzqbyvxp2k570ez7h1a1g,1,7.6,40.3,2025-06-23T02:36:13.391Z,2025-06-23T02:36:18Z,"[{'id': 5778807787, 'qualifierId': 140, 'value': '7.2'}, {'id': 5778807785, 'qualifierId': 56, 'value': 'Back'}, {'id': 5778807793, 'qualifierId': 213, 'value': '1.64'}, {'id': 5778807789, 'qualifierId': 141, 'value': '49.1'}, {'id': 5778807861, 'qualifierId': 189}, {'id': 5778807791, 'qualifierId': 212, 'value': '6.0'}]",9ms54l53wseuxarpn4vfcx9g4,T. Armstrong,,San Diego Wave,Home
2824008947,267,1,1,28,1,esvbnzqbyvxp2k570ez7h1a1g,0,7.2,49.1,2025-06-23T02:36:14.351Z,2025-06-23T02:36:15Z,"[{'id': 5778807819, 'qualifierId': 140, 'value': '34.1'}, {'id': 5778807825, 'qualifierId': 213, 'value': '5.40'}, {'id': 5778807821, 'qualifierId': 141, 'value': '0.0'}, {'id': 5778807815, 'qualifierId': 155}, {'id': 5778807823, 'qualifierId': 212, 'value': '44.6'}, {'id': 5778807827, 'qualifierId': 1}, {'id': 5778807817, 'qualifierId': 56, 'value': 'Back'}]",4yb9avzbrzt8m4c4h1yy98jbp,K. Sheridan,,San Diego Wave,Home
2824008943,205,5,1,28,2,f1ks82wpiewyqs6h3oz9v4hzj,1,65.0,101.6,2025-06-23T02:36:14.825Z,2025-06-23T02:38:40Z,"[{'id': 5778807833, 'qualifierId': 233, 'value': '268'}, {'id': 5778807799, 'qualifierId': 56, 'value': 'Left'}, {'id': 5778807801, 'qualifierId': 347}]",b8xa1whpr8m3e5zbziz9e91bd,N. Miura,,Washington Spirit,Away
2824008949,268,5,1,28,2,esvbnzqbyvxp2k570ez7h1a1g,0,35.0,-1.6,2025-06-23T02:36:14.825Z,2025-06-23T02:38:41Z,"[{'id': 5778807829, 'qualifierId': 56, 'value': 'Back'}, {'id': 5778807831, 'qualifierId': 347}, {'id': 5778807853, 'qualifierId': 233, 'value': '205'}]",4yb9avzbrzt8m4c4h1yy98jbp,K. Sheridan,,San Diego Wave,Home
2824008977,206,1,1,28,20,f1ks82wpiewyqs6h3oz9v4hzj,1,56.6,100.0,2025-06-23T02:36:32.879Z,2025-06-23T02:36:34Z,"[{'id': 5778808007, 'qualifierId': 141, 'value': '83.8'}, {'id': 5778808005, 'qualifierId': 140, 'value': '71.5'}, {'id': 5778808011, 'qualifierId': 213, 'value': '5.62'}, {'id': 5778808009, 'qualifierId': 212, 'value': '19.9'}, {'id': 5778808001, 'qualifierId': 107}, {'id': 5778808003, 'qualifierId': 56, 'value': 'Left'}]",4ullol3wa4qdi9ydgrxgxbcgl,C. Krueger,,Washington Spirit,Away
2824008979,207,50,1,28,20,f1ks82wpiewyqs6h3oz9v4hzj,1,67.6,86.6,2025-06-23T02:36:33.598Z,2025-06-23T02:37:31Z,"[{'id': 5778808017, 'qualifierId': 286}, {'id': 5778808015, 'qualifierId': 56, 'value': 'Left'}, {'id': 5778808667, 'qualifierId': 233, 'value': '269'}]",yay5mq8trvoxv9mwm4mqzn8q,G. Monday,,Washington Spirit,Away
2824008973,269,7,1,28,20,esvbnzqbyvxp2k570ez7h1a1g,0,32.4,13.4,2025-06-23T02:36:33.599Z,2025-07-01T18:13:19Z,"[{'id': 5785822925, 'qualifierId': 384}, {'id': 5778807983, 'qualifierId': 285}, {'id': 5778807981, 'qualifierId': 56, 'value': 'Back'}, {'id': 5785822927, 'qualifierId': 178}, {'id': 5778808663, 'qualifierId': 233, 'value': '207'}]",9ms54l53wseuxarpn4vfcx9g4,T. Armstrong,,San Diego Wave,Home
2824008983,208,1,1,28,23,f1ks82wpiewyqs6h3oz9v4hzj,1,65.8,89.6,2025-06-23T02:36:36.019Z,2025-06-23T02:36:37Z,"[{'id': 5778808037, 'qualifierId': 212, 'value': '11.0'}, {'id': 5778808039, 'qualifierId': 213, 'value': '2.75'}, {'id': 5778808031, 'qualifierId': 56, 'value': 'Left'}, {'id': 5778808033, 'qualifierId': 140, 'value': '56.1'}, {'id': 5778808035, 'qualifierId': 141, 'value': '95.7'}]",yay5mq8trvoxv9mwm4mqzn8q,G. Monday,,Washington Spirit,Away
2824008989,210,4,1,28,24,f1ks82wpiewyqs6h3oz9v4hzj,1,56.4,93.8,2025-06-23T02:36:36.817Z,2025-06-23T02:54:12Z,"[{'id': 5778808157, 'qualifierId': 233, 'value': '270'}, {'id': 5778808091, 'qualifierId': 56, 'value': 'Left'}, {'id': 5778808093, 'qualifierId': 152}, {'id': 5778808089, 'qualifierId': 13}, {'id': 5778808097, 'qualifierId': 286}, {'id': 5778820981, 'qualifierId': 294}]",4ullol3wa4qdi9ydgrxgxbcgl,C. Krueger,,Washington Spirit,Away
2824008981,270,4,1,28,24,esvbnzqbyvxp2k570ez7h1a1g,0,43.6,6.2,2025-06-23T02:36:36.818Z,2025-06-23T02:54:14Z,"[{'id': 5778808149, 'qualifierId': 56, 'value': 'Back'}, {'id': 5778820949, 'qualifierId': 294}, {'id': 5778808151, 'qualifierId': 152}, {'id': 5778808155, 'qualifierId': 285}, {'id': 5778808147, 'qualifierId': 13}, {'id': 5778808161, 'qualifierId': 233, 'value': '210'}]",3gu9gaz6w7eq79qnaqj3b7jdh,D. Cascarino,,San Diego Wave,Home
2824008985,209,43,1,28,24,f1ks82wpiewyqs6h3oz9v4hzj,1,0.0,0.0,2025-06-23T02:36:37.316Z,2025-06-23T02:36:44Z,"[{'id': 5778808057, 'qualifierId': 212, 'value': '17.7'}, {'id': 5778808053, 'qualifierId': 140, 'value': '38.2'}, {'id': 5778808051, 'qualifierId': 56, 'value': 'Back'}, {'id': 5778808059, 'qualifierId': 213, 'value': '3.48'}, {'id': 5778808055, 'qualifierId': 141, 'value': '86.8'}, {'id': 5778808115, 'qualifierId': 144, 'value': '1'}]",4ullol3wa4qdi9ydgrxgxbcgl,C. Krueger,,Washington Spirit,Away
2824009009,211,1,1,28,48,f1ks82wpiewyqs6h3oz9v4hzj,1,54.3,93.5,2025-06-23T02:37:00.641Z,2025-06-23T02:37:01Z,"[{'id': 5778808241, 'qualifierId': 212, 'value': '17.9'}, {'id': 5778808243, 'qualifierId': 213, 'value': '3.18'}, {'id': 5778808237, 'qualifierId': 140, 'value': '37.3'}, {'id': 5778808239, 'qualifierId': 141, 'value': '92.6'}, {'id': 5778808231, 'qualifierId': 5}, {'id': 5778808233, 'qualifierId': 152}, {'id': 5778808235, 'qualifierId': 56, 'value': 'Back'}]",4ullol3wa4qdi9ydgrxgxbcgl,C. Krueger,,Washington Spirit,Away
2824009015,212,1,1,28,48,f1ks82wpiewyqs6h3oz9v4hzj,1,37.3,92.6,2025-06-23T02:37:01.437Z,2025-06-23T02:37:02Z,"[{'id': 5778808273, 'qualifierId': 140, 'value': '52.1'}, {'id': 5778808279, 'qualifierId': 213, 'value': '6.13'}, {'id': 5778808271, 'qualifierId': 56, 'value': 'Left'}, {'id': 5778808275, 'qualifierId': 141, 'value': '89.1'}, {'id': 5778808277, 'qualifierId': 212, 'value': '15.7'}]",bo5e35lsptja0pnlvk1y38dex,E. Morgan,,Washington Spirit,Away
2824009017,271,83,1,28,48,esvbnzqbyvxp2k570ez7h1a1g,0,57.5,5.9,2025-06-23T02:37:01.444Z,2025-07-01T19:02:30Z,"[{'id': 5778808413, 'qualifierId': 399, 'value': '4ullol3wa4qdi9ydgrxgxbcgl'}]",dzfr9ktjmxqj2eh2xibt7konp,K. Dali,,San Diego Wave,Home
2824009029,213,1,1,28,49,f1ks82wpiewyqs6h3oz9v4hzj,1,44.2,92.1,2025-06-23T02:37:02.593Z,2025-06-23T02:37:04Z,"[{'id': 5778808359, 'qualifierId': 213, 'value': '3.74'}, {'id': 5778808351, 'qualifierId': 56, 'value': 'Back'}, {'id': 5778808353, 'qualifierId': 140, 'value': '27.2'}, {'id': 5778808357, 'qualifierId': 212, 'value': '21.6'}, {'id': 5778808355, 'qualifierId': 141, 'value': '74.1'}]",4ullol3wa4qdi9ydgrxgxbcgl,C. Krueger,,Washington Spirit,Away
2824009033,214,1,1,28,52,f1ks82wpiewyqs6h3oz9v4hzj,0,27.2,74.1,2025-06-23T02:37:04.827Z,2025-06-23T02:37:06Z,"[{'id': 5778808379, 'qualifierId': 141, 'value': '42.5'}, {'id': 5778808375, 'qualifierId': 56, 'value': 'Back'}, {'id': 5778808381, 'qualifierId': 212, 'value': '22.6'}, {'id': 5778808383, 'qualifierId': 213, 'value': '5.03'}, {'id': 5778808377, 'qualifierId': 140, 'value': '33.9'}]",coy005g9noltjta4ka7utllp0,H. Hershfelt,,Washington Spirit,Away
2824009043,272,61,1,28,55,esvbnzqbyvxp2k570ez7h1a1g,1,65.1,63.4,2025-06-23T02:37:08.587Z,2025-06-23T02:37:08Z,"[{'id': 5778808427, 'qualifierId': 56, 'value': 'Center'}]",1he80t4tdvj86rbvng0956prd,M. Sánchez,,San Diego Wave,Home
2824009065,215,1,1,28,58,f1ks82wpiewyqs6h3oz9v4hzj,1,50.3,11.0,2025-06-23T02:37:11.388Z,2025-06-23T02:37:15Z,"[{'id': 5778808517, 'qualifierId': 56, 'value': 'Center'}, {'id': 5778808523, 'qualifierId': 212, 'value': '25.8'}, {'id': 5778808521, 'qualifierId': 141, 'value': '22.4'}, {'id': 5778808519, 'qualifierId': 140, 'value': '73.7'}, {'id': 5778808525, 'qualifierId': 213, 'value': '0.31'}]",1v67tba1l3sxow1geovdqefo5,R. Bernal,,Washington Spirit,Away
2824009069,273,83,1,29,1,esvbnzqbyvxp2k570ez7h1a1g,0,32.5,72.7,2025-06-23T02:37:13.969Z,2025-07-01T19:02:36Z,"[{'id': 5778808583, 'qualifierId': 399, 'value': '4wgwp2bd4xrjbg7s4p193aooa'}]",3x6baiktcpcjxxh258a5uebpx,P. Morroni,,San Diego Wave,Home
2824009071,216,1,1,29,2,f1ks82wpiewyqs6h3oz9v4hzj,1,68.7,27.1,2025-06-23T02:37:14.966Z,2025-06-23T02:37:16Z,"[{'id': 5778808539, 'qualifierId': 140, 'value': '61.7'}, {'id': 5778808545, 'qualifierId': 213, 'value': '2.14'}, {'id': 5778808537, 'qualifierId': 56, 'value': 'Center'}, {'id': 5778808543, 'qualifierId': 212, 'value': '13.6'}, {'id': 5778808541, 'qualifierId': 141, 'value': '44.0'}]",4wgwp2bd4xrjbg7s4p193aooa,C. Bethune,,Washington Spirit,Away
2824009077,217,1,1,29,4,f1ks82wpiewyqs6h3oz9v4hzj,1,61.7,44.0,2025-06-23T02:37:16.746Z,2025-06-23T02:37:22Z,"[{'id': 5778808585, 'qualifierId': 1}, {'id': 5778808577, 'qualifierId': 212, 'value': '38.3'}, {'id': 5778808579, 'qualifierId': 213, 'value': '0.78'}, {'id': 5778808571, 'qualifierId': 56, 'value': 'Left'}, {'id': 5778808573, 'qualifierId': 140, 'value': '87.6'}, {'id': 5778808575, 'qualifierId': 141, 'value': '83.6'}]",coy005g9noltjta4ka7utllp0,H. Hershfelt,,Washington Spirit,Away
2824009079,218,1,1,29,9,f1ks82wpiewyqs6h3oz9v4hzj,0,92.9,78.1,2025-06-23T02:37:22.308Z,2025-07-01T18:15:05Z,"[{'id': 5785823831, 'qualifierId': 72}, {'id': 5785823829, 'qualifierId': 224}, {'id': 5778808587, 'qualifierId': 2}, {'id': 5778808593, 'qualifierId': 140, 'value': '94.9'}, {'id': 5778809009, 'qualifierId': 286}, {'id': 5778808599, 'qualifierId': 213, 'value': '5.10'}, {'id': 5778808591, 'qualifierId': 56, 'value': 'Center'}, {'id': 5778809003, 'qualifierId': 236}, {'id': 5778808595, 'qualifierId': 141, 'value': '70.5'}, {'id': 5778809005, 'qualifierId': 233, 'value': '274'}, {'id': 5778808597, 'qualifierId': 212, 'value': '5.6'}]",4ullol3wa4qdi9ydgrxgxbcgl,C. Krueger,,Washington Spirit,Away
2824009083,274,12,1,29,9,esvbnzqbyvxp2k570ez7h1a1g,1,6.3,25.2,2025-06-23T02:37:22.408Z,2025-06-23T02:38:01Z,"[{'id': 5778808617, 'qualifierId': 185}, {'id': 5778809011, 'qualifierId': 233, 'value': '218'}, {'id': 5778808619, 'qualifierId': 56, 'value': 'Back'}]",auyj06nha2syoygo7prfadobu,H. Lundkvist,,San Diego Wave,Home
2824009087,219,6,1,29,12,f1ks82wpiewyqs6h3oz9v4hzj,1,94.6,74.6,2025-06-23T02:37:25.391Z,2025-06-23T02:38:44Z,"[{'id': 5778808627, 'qualifierId': 73}, {'id': 5778808625, 'qualifierId': 56, 'value': 'Center'}, {'id': 5778808643, 'qualifierId': 233, 'value': '275'}]",4ullol3wa4qdi9ydgrxgxbcgl,C. Krueger,,Washington Spirit,Away
2824009085,275,6,1,29,12,esvbnzqbyvxp2k570ez7h1a1g,0,5.4,25.4,2025-06-23T02:37:25.391Z,2025-07-01T18:15:19Z,"[{'id': 5778808623, 'qualifierId': 73}, {'id': 5778808621, 'qualifierId': 56, 'value': 'Back'}, {'id': 5778808649, 'qualifierId': 233, 'value': '219'}]",auyj06nha2syoygo7prfadobu,H. Lundkvist,,San Diego Wave,Home
2824009117,220,1,1,29,33,f1ks82wpiewyqs6h3oz9v4hzj,1,99.5,99.5,2025-06-23T02:37:45.693Z,2025-06-23T02:37:50Z,"[{'id': 5778808787, 'qualifierId': 141, 'value': '89.4'}, {'id': 5778808785, 'qualifierId': 140, 'value': '89.0'}, {'id': 5778808791, 'qualifierId': 213, 'value': '3.70'}, {'id': 5778808783, 'qualifierId': 56, 'value': 'Left'}, {'id': 5778808781, 'qualifierId': 6}, {'id': 5778808789, 'qualifierId': 212, 'value': '13.0'}]",b8xa1whpr8m3e5zbziz9e91bd,N. Miura,,Washington Spirit,Away
2824009119,221,1,1,29,34,f1ks82wpiewyqs6h3oz9v4hzj,1,89.0,89.4,2025-06-23T02:37:46.786Z,2025-06-23T02:37:48Z,"[{'id': 5778808799, 'qualifierId': 56, 'value': 'Left'}, {'id': 5778808801, 'qualifierId': 140, 'value': '72.8'}, {'id': 5778808803, 'qualifierId': 141, 'value': '85.0'}, {'id': 5778808805, 'qualifierId': 212, 'value': '17.3'}, {'id': 5778808807, 'qualifierId': 213, 'value': '3.32'}]",4wgwp2bd4xrjbg7s4p193aooa,C. Bethune,,Washington Spirit,Away
2824009123,222,1,1,29,35,f1ks82wpiewyqs6h3oz9v4hzj,0,72.8,85.0,2025-06-23T02:37:48.411Z,2025-07-01T18:15:32Z,"[{'id': 5778808825, 'qualifierId': 155}, {'id': 5785824043, 'qualifierId': 20}, {'id': 5778808823, 'qualifierId': 2}, {'id': 5778808829, 'qualifierId': 140, 'value': '84.9'}, {'id': 5785824041, 'qualifierId': 223}, {'id': 5778808833, 'qualifierId': 212, 'value': '31.2'}, {'id': 5778808827, 'qualifierId': 56, 'value': 'Center'}, {'id': 5778808831, 'qualifierId': 141, 'value': '43.1'}, {'id': 5778808835, 'qualifierId': 213, 'value': '5.13'}]",b8xa1whpr8m3e5zbziz9e91bd,N. Miura,,Washington Spirit,Away
2824009125,276,12,1,29,40,esvbnzqbyvxp2k570ez7h1a1g,1,13.8,59.3,2025-06-23T02:37:52.784Z,2025-06-23T02:37:54Z,"[{'id': 5778808853, 'qualifierId': 15}, {'id': 5778808843, 'qualifierId': 56, 'value': 'Back'}, {'id': 5778808851, 'qualifierId': 213, 'value': '1.44'}, {'id': 5778808849, 'qualifierId': 212, 'value': '29.0'}, {'id': 5778808871, 'qualifierId': 167}, {'id': 5778808845, 'qualifierId': 140, 'value': '17.5'}, {'id': 5778808847, 'qualifierId': 141, 'value': '100.0'}]",6p2318moul9op4hmigk1xbaw9,K. McNabb,,San Diego Wave,Home
2824009133,223,5,1,29,41,f1ks82wpiewyqs6h3oz9v4hzj,1,82.6,-1.6,2025-06-23T02:37:53.912Z,2025-06-23T02:38:41Z,"[{'id': 5778808899, 'qualifierId': 233, 'value': '277'}, {'id': 5778808885, 'qualifierId': 56, 'value': 'Right'}, {'id': 5778808887, 'qualifierId': 347}]",b8xa1whpr8m3e5zbziz9e91bd,N. Miura,,Washington Spirit,Away
2824009127,277,5,1,29,41,esvbnzqbyvxp2k570ez7h1a1g,0,17.4,101.6,2025-06-23T02:37:53.912Z,2025-06-23T02:38:41Z,"[{'id': 5778808959, 'qualifierId': 233, 'value': '223'}, {'id': 5778808855, 'qualifierId': 56, 'value': 'Back'}, {'id': 5778808857, 'qualifierId': 347}]",6p2318moul9op4hmigk1xbaw9,K. McNabb,,San Diego Wave,Home
2824009159,224,1,1,29,55,f1ks82wpiewyqs6h3oz9v4hzj,0,81.7,0.0,2025-06-23T02:38:08.563Z,2025-06-23T02:38:10Z,"[{'id': 5778809081, 'qualifierId': 107}, {'id': 5778809089, 'qualifierId': 212, 'value': '16.2'}, {'id': 5778809091, 'qualifierId': 213, 'value': '1.33'}, {'id': 5778809083, 'qualifierId': 56, 'value': 'Center'}, {'id': 5778809087, 'qualifierId': 141, 'value': '21.2'}, {'id': 5778809085, 'qualifierId': 140, 'value': '85.4'}]",en29qfiuu01nsmekoqhycjo45,G. Carle,,Washington Spirit,Away
2824009161,278,12,1,29,58,esvbnzqbyvxp2k570ez7h1a1g,1,14.3,83.0,2025-06-23T02:38:10.702Z,2025-07-01T18:16:21Z,"[{'id': 5778809103, 'qualifierId': 212, 'value': '12.9'}, {'id': 5778809101, 'qualifierId': 141, 'value': '73.8'}, {'id': 5778809097, 'qualifierId': 56, 'value': 'Back'}, {'id': 5778809105, 'qualifierId': 213, 'value': '5.78'}, {'id': 5778809107, 'qualifierId': 15}, {'id': 5778809099, 'qualifierId': 140, 'value': '25.0'}]",1he80t4tdvj86rbvng0956prd,M. Sánchez,,San Diego Wave,Home
2824009171,279,1,1,30,2,esvbnzqbyvxp2k570ez7h1a1g,0,25.4,73.3,2025-06-23T02:38:15.297Z,2025-06-23T02:38:20Z,"[{'id': 5778809173, 'qualifierId': 1}, {'id': 5778809171, 'qualifierId': 213, 'value': '5.84'}, {'id': 5778809167, 'qualifierId': 141, 'value': '56.9'}, {'id': 5778809169, 'qualifierId': 212, 'value': '26.0'}, {'id': 5778809161, 'qualifierId': 157}, {'id': 5778809163, 'qualifierId': 56, 'value': 'Back'}, {'id': 5778809165, 'qualifierId': 140, 'value': '47.8'}]",efynp5qo9b9x0lh9b4ft0ic8a,G. Corley,,San Diego Wave,Home
2824009177,225,1,1,30,4,f1ks82wpiewyqs6h3oz9v4hzj,1,52.7,44.8,2025-06-23T02:38:17.592Z,2025-06-23T02:38:19Z,"[{'id': 5778809207, 'qualifierId': 140, 'value': '53.1'}, {'id': 5778809213, 'qualifierId': 213, 'value': '4.74'}, {'id': 5778809211, 'qualifierId': 212, 'value': '13.3'}, {'id': 5778809205, 'qualifierId': 56, 'value': 'Center'}, {'id': 5778809209, 'qualifierId': 141, 'value': '25.2'}]",bo5e35lsptja0pnlvk1y38dex,E. Morgan,,Washington Spirit,Away
2824009183,226,1,1,30,6,f1ks82wpiewyqs6h3oz9v4hzj,1,53.1,25.2,2025-06-23T02:38:18.951Z,2025-06-23T02:38:20Z,"[{'id': 5778809245, 'qualifierId': 141, 'value': '30.9'}, {'id': 5778809243, 'qualifierId': 140, 'value': '58.2'}, {'id': 5778809241, 'qualifierId': 56, 'value': 'Center'}, {'id': 5778809249, 'qualifierId': 213, 'value': '0.63'}, {'id': 5778809247, 'qualifierId': 212, 'value': '6.6'}]",1v67tba1l3sxow1geovdqefo5,R. Bernal,,Washington Spirit,Away
2824009195,227,1,1,30,7,f1ks82wpiewyqs6h3oz9v4hzj,1,58.2,30.9,2025-06-23T02:38:20.294Z,2025-06-23T02:38:23Z,"[{'id': 5778809309, 'qualifierId': 56, 'value': 'Right'}, {'id': 5778809315, 'qualifierId': 212, 'value': '10.1'}, {'id': 5778809317, 'qualifierId': 213, 'value': '5.19'}, {'id': 5778809313, 'qualifierId': 141, 'value': '17.7'}, {'id': 5778809311, 'qualifierId': 140, 'value': '62.6'}]",coy005g9noltjta4ka7utllp0,H. Hershfelt,,Washington Spirit,Away
2824009201,228,1,1,30,10,f1ks82wpiewyqs6h3oz9v4hzj,1,63.6,15.0,2025-06-23T02:38:23.091Z,2025-06-23T02:38:25Z,"[{'id': 5778809349, 'qualifierId': 140, 'value': '68.0'}, {'id': 5778809351, 'qualifierId': 141, 'value': '3.7'}, {'id': 5778809353, 'qualifierId': 212, 'value': '9.0'}, {'id': 5778809347, 'qualifierId': 56, 'value': 'Right'}, {'id': 5778809355, 'qualifierId': 213, 'value': '5.25'}]",b8xa1whpr8m3e5zbziz9e91bd,N. Miura,,Washington Spirit,Away
2824009203,229,1,1,30,12,f1ks82wpiewyqs6h3oz9v4hzj,0,68.0,3.7,2025-06-23T02:38:25.043Z,2025-06-23T02:38:25Z,"[{'id': 5778809361, 'qualifierId': 140, 'value': '72.0'}, {'id': 5778809363, 'qualifierId': 141, 'value': '4.9'}, {'id': 5778809359, 'qualifierId': 56, 'value': 'Right'}, {'id': 5778809367, 'qualifierId': 213, 'value': '0.19'}, {'id': 5778809365, 'qualifierId': 212, 'value': '4.3'}]",en29qfiuu01nsmekoqhycjo45,G. Carle,,Washington Spirit,Away
2824009207,280,8,1,30,14,esvbnzqbyvxp2k570ez7h1a1g,1,30.9,96.6,2025-06-23T02:38:27.295Z,2025-07-01T18:17:12Z,"[{'id': 5778809381, 'qualifierId': 56, 'value': 'Back'}, {'id': 5785825031, 'qualifierId': 385}]",3x6baiktcpcjxxh258a5uebpx,P. Morroni,,San Diego Wave,Home
2824009211,230,5,1,30,14,f1ks82wpiewyqs6h3oz9v4hzj,1,65.3,-2.0,2025-06-23T02:38:27.308Z,2025-06-23T02:38:41Z,"[{'id': 5778809399, 'qualifierId': 56, 'value': 'Right'}, {'id': 5778809417, 'qualifierId': 233, 'value': '281'}, {'id': 5778809401, 'qualifierId': 347}]",en29qfiuu01nsmekoqhycjo45,G. Carle,,Washington Spirit,Away
2824009213,281,5,1,30,14,esvbnzqbyvxp2k570ez7h1a1g,0,34.7,102.0,2025-06-23T02:38:27.308Z,2025-06-23T02:38:42Z,"[{'id': 5778809405, 'qualifierId': 347}, {'id': 5778809403, 'qualifierId': 56, 'value': 'Back'}, {'id': 5778809421, 'qualifierId': 233, 'value': '230'}]",3x6baiktcpcjxxh258a5uebpx,P. Morroni,,San Diego Wave,Home
2824009243,231,1,1,30,21,f1ks82wpiewyqs6h3oz9v4hzj,1,66.8,0.0,2025-06-23T02:38:34.534Z,2025-06-23T02:38:36Z,"[{'id': 5778809541, 'qualifierId': 140, 'value': '74.4'}, {'id': 5778809543, 'qualifierId': 141, 'value': '11.7'}, {'id': 5778809537, 'qualifierId': 107}, {'id': 5778809545, 'qualifierId': 212, 'value': '12.2'}, {'id': 5778809539, 'qualifierId': 56, 'value': 'Right'}, {'id': 5778809547, 'qualifierId': 213, 'value': '0.86'}]",en29qfiuu01nsmekoqhycjo45,G. Carle,,Washington Spirit,Away
2824009253,232,1,1,30,24,f1ks82wpiewyqs6h3oz9v4hzj,1,71.7,12.0,2025-06-23T02:38:36.721Z,2025-06-23T02:38:38Z,"[{'id': 5778809589, 'qualifierId': 56, 'value': 'Center'}, {'id': 5778809593, 'qualifierId': 141, 'value': '22.2'}, {'id': 5778809591, 'qualifierId': 140, 'value': '65.6'}, {'id': 5778809595, 'qualifierId': 212, 'value': '9.4'}, {'id': 5778809597, 'qualifierId': 213, 'value': '2.32'}]",73q03evwuq5rdm7scz31yj4a2,M. Morris,,Washington Spirit,Away
2824009257,233,1,1,30,26,f1ks82wpiewyqs6h3oz9v4hzj,1,65.6,22.2,2025-06-23T02:38:38.626Z,2025-06-23T02:39:01Z,"[{'id': 5778809617, 'qualifierId': 212, 'value': '16.4'}, {'id': 5778809615, 'qualifierId': 141, 'value': '36.4'}, {'id': 5778809611, 'qualifierId': 56, 'value': 'Center'}, {'id': 5778809619, 'qualifierId': 213, 'value': '2.51'}, {'id': 5778809613, 'qualifierId': 140, 'value': '53.0'}]",b8xa1whpr8m3e5zbziz9e91bd,N. Miura,,Washington Spirit,Away
2824009273,234,1,1,30,30,f1ks82wpiewyqs6h3oz9v4hzj,1,61.9,44.3,2025-06-23T02:38:43.360Z,2025-06-23T02:38:44Z,"[{'id': 5778809695, 'qualifierId': 213, 'value': '1.46'}, {'id': 5778809687, 'qualifierId': 56, 'value': 'Center'}, {'id': 5778809691, 'qualifierId': 141, 'value': '65.4'}, {'id': 5778809689, 'qualifierId': 140, 'value': '63.4'}, {'id': 5778809693, 'qualifierId': 212, 'value': '14.4'}]",27dktxivmcqmi1lkz1vs49qi2,T. McKeown,,Washington Spirit,Away
2824009275,235,1,1,30,31,f1ks82wpiewyqs6h3oz9v4hzj,1,63.4,65.4,2025-06-23T02:38:44.328Z,2025-06-23T02:38:45Z,"[{'id': 5778809709, 'qualifierId': 212, 'value': '7.4'}, {'id': 5778809703, 'qualifierId': 56, 'value': 'Center'}, {'id': 5778809707, 'qualifierId': 141, 'value': '56.9'}, {'id': 5778809711, 'qualifierId': 213, 'value': '5.39'}, {'id': 5778809705, 'qualifierId': 140, 'value': '67.8'}]",bo5e35lsptja0pnlvk1y38dex,E. Morgan,,Washington Spirit,Away
2824009279,236,1,1,30,32,f1ks82wpiewyqs6h3oz9v4hzj,1,67.8,56.9,2025-06-23T02:38:45.328Z,2025-06-23T02:38:50Z,"[{'id': 5778809727, 'qualifierId': 213, 'value': '3.80'}, {'id': 5778809743, 'qualifierId': 156}, {'id': 5778809719, 'qualifierId': 56, 'value': 'Center'}, {'id': 5778809725, 'qualifierId': 212, 'value': '19.6'}, {'id': 5778809721, 'qualifierId': 140, 'value': '53.1'}, {'id': 5778809723, 'qualifierId': 141, 'value': '39.2'}]",coy005g9noltjta4ka7utllp0,H. Hershfelt,,Washington Spirit,Away
2824009301,237,1,1,30,37,f1ks82wpiewyqs6h3oz9v4hzj,1,60.1,32.2,2025-06-23T02:38:50.358Z,2025-06-23T02:38:54Z,"[{'id': 5778809853, 'qualifierId': 213, 'value': '5.04'}, {'id': 5778809851, 'qualifierId': 212, 'value': '19.0'}, {'id': 5778809849, 'qualifierId': 141, 'value': '5.8'}, {'id': 5778809845, 'qualifierId': 56, 'value': 'Right'}, {'id': 5778809847, 'qualifierId': 140, 'value': '66.0'}]",27dktxivmcqmi1lkz1vs49qi2,T. McKeown,,Washington Spirit,Away
2824009311,238,1,1,30,41,f1ks82wpiewyqs6h3oz9v4hzj,1,66.0,5.8,2025-06-23T02:38:53.967Z,2025-06-23T02:38:55Z,"[{'id': 5778809903, 'qualifierId': 141, 'value': '15.3'}, {'id': 5778809901, 'qualifierId': 140, 'value': '71.2'}, {'id': 5778809899, 'qualifierId': 56, 'value': 'Right'}, {'id': 5778809905, 'qualifierId': 212, 'value': '8.5'}, {'id': 5778809907, 'qualifierId': 213, 'value': '0.87'}]",en29qfiuu01nsmekoqhycjo45,G. Carle,,Washington Spirit,Away
2824009313,239,1,1,30,42,f1ks82wpiewyqs6h3oz9v4hzj,1,71.2,15.3,2025-06-23T02:38:55.310Z,2025-06-23T02:39:00Z,"[{'id': 5778809913, 'qualifierId': 140, 'value': '58.4'}, {'id': 5778809911, 'qualifierId': 56, 'value': 'Right'}, {'id': 5778809919, 'qualifierId': 213, 'value': '3.46'}, {'id': 5778809915, 'qualifierId': 141, 'value': '8.8'}, {'id': 5778809917, 'qualifierId': 212, 'value': '14.1'}, {'id': 5778809923, 'qualifierId': 156}]",b8xa1whpr8m3e5zbziz9e91bd,N. Miura,,Washington Spirit,Away
2824009339,240,1,1,30,47,f1ks82wpiewyqs6h3oz9v4hzj,1,60.0,15.0,2025-06-23T02:39:00.403Z,2025-06-23T02:39:03Z,"[{'id': 5778810041, 'qualifierId': 140, 'value': '46.5'}, {'id': 5778810043, 'qualifierId': 141, 'value': '48.1'}, {'id': 5778810045, 'qualifierId': 212, 'value': '26.6'}, {'id': 5778810039, 'qualifierId': 56, 'value': 'Back'}, {'id': 5778810047, 'qualifierId': 213, 'value': '2.13'}]",1v67tba1l3sxow1geovdqefo5,R. Bernal,,Washington Spirit,Away
2824009347,241,1,1,30,51,f1ks82wpiewyqs6h3oz9v4hzj,1,48.6,34.2,2025-06-23T02:39:03.871Z,2025-06-23T02:39:05Z,"[{'id': 5778810083, 'qualifierId': 141, 'value': '18.3'}, {'id': 5778810081, 'qualifierId': 140, 'value': '54.2'}, {'id': 5778810085, 'qualifierId': 212, 'value': '12.3'}, {'id': 5778810079, 'qualifierId': 56, 'value': 'Right'}, {'id': 5778810087, 'qualifierId': 213, 'value': '5.21'}]",27dktxivmcqmi1lkz1vs49qi2,T. McKeown,,Washington Spirit,Away
2824009355,242,1,1,30,52,f1ks82wpiewyqs6h3oz9v4hzj,1,54.2,18.3,2025-06-23T02:39:05.417Z,2025-06-23T02:39:07Z,"[{'id': 5778810113, 'qualifierId': 140, 'value': '63.8'}, {'id': 5778810119, 'qualifierId': 213, 'value': '5.58'}, {'id': 5778810111, 'qualifierId': 56, 'value': 'Right'}, {'id': 5778810115, 'qualifierId': 141, 'value': '5.8'}, {'id': 5778810117, 'qualifierId': 212, 'value': '13.2'}]",1v67tba1l3sxow1geovdqefo5,R. Bernal,,Washington Spirit,Away
2824009359,243,1,1,30,54,f1ks82wpiewyqs6h3oz9v4hzj,0,63.8,5.8,2025-06-23T02:39:07.073Z,2025-06-23T02:39:07Z,"[{'id': 5778810135, 'qualifierId': 56, 'value': 'Right'}, {'id': 5778810137, 'qualifierId': 140, 'value': '65.4'}, {'id': 5778810143, 'qualifierId': 213, 'value': '1.37'}, {'id': 5778810139, 'qualifierId': 141, 'value': '17.7'}, {'id': 5778810141, 'qualifierId': 212, 'value': '8.3'}]",en29qfiuu01nsmekoqhycjo45,G. Carle,,Washington Spirit,Away
2824009363,282,1,1,30,55,esvbnzqbyvxp2k570ez7h1a1g,1,31.1,90.0,2025-06-23T02:39:08.271Z,2025-06-23T02:39:10Z,"[{'id': 5778810157, 'qualifierId': 56, 'value': 'Back'}, {'id': 5778810161, 'qualifierId': 141, 'value': '96.2'}, {'id': 5778810163, 'qualifierId': 212, 'value': '9.1'}, {'id': 5778810159, 'qualifierId': 140, 'value': '38.8'}, {'id': 5778810165, 'qualifierId': 213, 'value': '0.48'}]",6h8t7apz5vzk0pjxo8hbbkfhm,S. McCaskill,,San Diego Wave,Home
2824009367,283,49,1,30,57,esvbnzqbyvxp2k570ez7h1a1g,1,40.4,96.2,2025-06-23T02:39:10.096Z,2025-06-23T02:39:10Z,[],1he80t4tdvj86rbvng0956prd,M. Sánchez,,San Diego Wave,Home
2824009371,244,83,1,30,58,f1ks82wpiewyqs6h3oz9v4hzj,0,57.2,12.8,2025-06-23T02:39:10.666Z,2025-06-23T02:39:14Z,"[{'id': 5778810251, 'qualifierId': 399, 'value': '1he80t4tdvj86rbvng0956prd'}]",b8xa1whpr8m3e5zbziz9e91bd,N. Miura,,Washington Spirit,Away
2824009387,284,3,1,31,1,esvbnzqbyvxp2k570ez7h1a1g,0,56.1,96.0,2025-06-23T02:39:14.097Z,2025-07-01T18:19:32Z,"[{'id': 5778810235, 'qualifierId': 56, 'value': 'Left'}, {'id': 5778810237, 'qualifierId': 286}, {'id': 5778810261, 'qualifierId': 233, 'value': '245'}, {'id': 5785826321, 'qualifierId': 465}]",1he80t4tdvj86rbvng0956prd,M. Sánchez,,San Diego Wave,Home
2824009391,245,7,1,31,1,f1ks82wpiewyqs6h3oz9v4hzj,0,43.9,4.0,2025-06-23T02:39:14.098Z,2025-07-01T18:19:36Z,"[{'id': 5778810257, 'qualifierId': 233, 'value': '284'}, {'id': 5785826349, 'qualifierId': 178}, {'id': 5778810255, 'qualifierId': 285}, {'id': 5785826347, 'qualifierId': 383}, {'id': 5778810253, 'qualifierId': 56, 'value': 'Back'}]",1v67tba1l3sxow1geovdqefo5,R. Bernal,,Washington Spirit,Away
2824009393,285,61,1,31,2,esvbnzqbyvxp2k570ez7h1a1g,1,54.9,97.8,2025-06-23T02:39:15.440Z,2025-06-23T02:39:15Z,"[{'id': 5778810265, 'qualifierId': 56, 'value': 'Left'}]",1he80t4tdvj86rbvng0956prd,M. Sánchez,,San Diego Wave,Home
2824009399,286,43,1,31,3,esvbnzqbyvxp2k570ez7h1a1g,1,0.0,0.0,2025-06-23T02:39:16.507Z,2025-06-23T02:42:44Z,"[{'id': 5778810297, 'qualifierId': 56, 'value': 'Left'}, {'id': 5778813619, 'qualifierId': 144, 'value': '50'}, {'id': 5778810323, 'qualifierId': 233, 'value': '246'}, {'id': 5778810299, 'qualifierId': 286, 'value': '0'}]",1he80t4tdvj86rbvng0956prd,M. Sánchez,,San Diego Wave,Home
2824009397,246,61,1,31,3,f1ks82wpiewyqs6h3oz9v4hzj,1,45.4,4.4,2025-06-23T02:39:16.508Z,2025-06-23T02:42:48Z,"[{'id': 5778810293, 'qualifierId': 56, 'value': 'Back'}]",1v67tba1l3sxow1geovdqefo5,R. Bernal,,Washington Spirit,Away
2824009405,247,1,1,31,5,f1ks82wpiewyqs6h3oz9v4hzj,1,44.6,4.6,2025-06-23T02:39:17.821Z,2025-06-23T02:42:52Z,"[{'id': 5778810345, 'qualifierId': 212, 'value': '8.4'}, {'id': 5778810343, 'qualifierId': 141, 'value': '7.7'}, {'id': 5778810341, 'qualifierId': 140, 'value': '36.9'}, {'id': 5778810347, 'qualifierId': 213, 'value': '2.89'}, {'id': 5778810339, 'qualifierId': 56, 'value': 'Back'}]",en29qfiuu01nsmekoqhycjo45,G. Carle,,Washington Spirit,Away
2824009407,248,49,1,31,6,f1ks82wpiewyqs6h3oz9v4hzj,1,36.9,7.7,2025-06-23T02:39:19.055Z,2025-06-23T02:39:20Z,[],b8xa1whpr8m3e5zbziz9e91bd,N. Miura,,Washington Spirit,Away
2824009423,249,1,1,31,6,f1ks82wpiewyqs6h3oz9v4hzj,1,36.9,7.7,2025-06-23T02:39:19.227Z,2025-06-23T02:39:24Z,"[{'id': 5778810419, 'qualifierId': 141, 'value': '25.6'}, {'id': 5778810423, 'qualifierId': 213, 'value': '1.98'}, {'id': 5778810421, 'qualifierId': 212, 'value': '13.3'}, {'id': 5778810415, 'qualifierId': 56, 'value': 'Back'}, {'id': 5778810417, 'qualifierId': 140, 'value': '31.9'}]",b8xa1whpr8m3e5zbziz9e91bd,N. Miura,,Washington Spirit,Away
2824009439,250,1,1,31,14,f1ks82wpiewyqs6h3oz9v4hzj,1,31.3,46.1,2025-06-23T02:39:27.377Z,2025-06-23T02:39:30Z,"[{'id': 5778810507, 'qualifierId': 141, 'value': '27.4'}, {'id': 5778810511, 'qualifierId': 213, 'value': '4.83'}, {'id': 5778810505, 'qualifierId': 140, 'value': '32.7'}, {'id': 5778810509, 'qualifierId': 212, 'value': '12.8'}, {'id': 5778810503, 'qualifierId': 56, 'value': 'Back'}]",27dktxivmcqmi1lkz1vs49qi2,T. McKeown,,Washington Spirit,Away
2824009449,251,1,1,31,18,f1ks82wpiewyqs6h3oz9v4hzj,0,34.6,27.7,2025-06-23T02:39:30.767Z,2025-06-23T02:39:36Z,"[{'id': 5778810567, 'qualifierId': 56, 'value': 'Center'}, {'id': 5778810575, 'qualifierId': 213, 'value': '0.20'}, {'id': 5778810573, 'qualifierId': 212, 'value': '57.0'}, {'id': 5778810571, 'qualifierId': 141, 'value': '44.2'}, {'id': 5778810603, 'qualifierId': 157}, {'id': 5778810577, 'qualifierId': 1}, {'id': 5778810569, 'qualifierId': 140, 'value': '87.8'}]",1v67tba1l3sxow1geovdqefo5,R. Bernal,,Washington Spirit,Away
2824009455,288,52,1,31,22,esvbnzqbyvxp2k570ez7h1a1g,1,12.9,55.5,2025-06-23T02:39:35.439Z,2025-07-01T18:19:59Z,"[{'id': 5785826657, 'qualifierId': 377}]",4yb9avzbrzt8m4c4h1yy98jbp,K. Sheridan,,San Diego Wave,Home
2824009461,289,1,1,31,23,esvbnzqbyvxp2k570ez7h1a1g,1,12.9,55.5,2025-06-23T02:39:35.807Z,2025-06-23T02:39:37Z,"[{'id': 5778810623, 'qualifierId': 56, 'value': 'Back'}, {'id': 5778810629, 'qualifierId': 212, 'value': '14.2'}, {'id': 5778810621, 'qualifierId': 123}, {'id': 5778810625, 'qualifierId': 140, 'value': '26.4'}, {'id': 5778810631, 'qualifierId': 213, 'value': '0.00'}, {'id': 5778810627, 'qualifierId': 141, 'value': '55.5'}]",4yb9avzbrzt8m4c4h1yy98jbp,K. Sheridan,,San Diego Wave,Home
2824009487,290,1,1,31,25,esvbnzqbyvxp2k570ez7h1a1g,1,29.2,56.1,2025-06-23T02:39:37.920Z,2025-06-23T02:39:46Z,"[{'id': 5778810757, 'qualifierId': 213, 'value': '6.08'}, {'id': 5778810755, 'qualifierId': 212, 'value': '19.2'}, {'id': 5778810749, 'qualifierId': 56, 'value': 'Back'}, {'id': 5778810751, 'qualifierId': 140, 'value': '47.1'}, {'id': 5778810753, 'qualifierId': 141, 'value': '50.4'}]",6h8t7apz5vzk0pjxo8hbbkfhm,S. McCaskill,,San Diego Wave,Home
2824009483,252,43,1,31,30,f1ks82wpiewyqs6h3oz9v4hzj,1,0.0,0.0,2025-06-23T02:39:43.576Z,2025-06-23T02:41:49Z,"[{'id': 5778810805, 'qualifierId': 399, 'value': 'efynp5qo9b9x0lh9b4ft0ic8a'}, {'id': 5778812923, 'qualifierId': 144, 'value': '83'}]",b8xa1whpr8m3e5zbziz9e91bd,N. Miura,,Washington Spirit,Away
2824009489,291,1,1,31,33,esvbnzqbyvxp2k570ez7h1a1g,0,76.4,37.4,2025-06-23T02:39:46.064Z,2025-06-23T02:40:46Z,"[{'id': 5778810767, 'qualifierId': 56, 'value': 'Center'}, {'id': 5778810775, 'qualifierId': 213, 'value': '6.03'}, {'id': 5778810771, 'qualifierId': 141, 'value': '33.6'}, {'id': 5778810769, 'qualifierId': 140, 'value': '85.9'}, {'id': 5778810773, 'qualifierId': 212, 'value': '10.3'}]",efynp5qo9b9x0lh9b4ft0ic8a,G. Corley,,San Diego Wave,Home
2824009499,253,3,1,31,35,f1ks82wpiewyqs6h3oz9v4hzj,1,13.7,66.6,2025-06-23T02:39:48.017Z,2025-07-01T18:20:27Z,"[{'id': 5778810853, 'qualifierId': 233, 'value': '292'}, {'id': 5778810831, 'qualifierId': 285}, {'id': 5785826845, 'qualifierId': 465}, {'id': 5778810829, 'qualifierId': 56, 'value': 'Back'}]",4ullol3wa4qdi9ydgrxgxbcgl,C. Krueger,,Washington Spirit,Away
2824009497,292,45,1,31,35,esvbnzqbyvxp2k570ez7h1a1g,0,86.3,33.4,2025-06-23T02:39:48.017Z,2025-06-23T02:42:21Z,"[{'id': 5778810859, 'qualifierId': 233, 'value': '253'}, {'id': 5778810819, 'qualifierId': 56, 'value': 'Center'}, {'id': 5778810821, 'qualifierId': 286}]",efynp5qo9b9x0lh9b4ft0ic8a,G. Corley,,San Diego Wave,Home
2824009501,254,49,1,31,36,f1ks82wpiewyqs6h3oz9v4hzj,1,18.2,71.2,2025-06-23T02:39:48.700Z,2025-06-23T02:39:49Z,[],4ullol3wa4qdi9ydgrxgxbcgl,C. Krueger,,Washington Spirit,Away
2824009507,255,1,1,31,37,f1ks82wpiewyqs6h3oz9v4hzj,0,21.1,73.9,2025-06-23T02:39:49.841Z,2025-06-23T02:39:50Z,"[{'id': 5778810883, 'qualifierId': 212, 'value': '6.4'}, {'id': 5778810877, 'qualifierId': 56, 'value': 'Back'}, {'id': 5778810881, 'qualifierId': 141, 'value': '71.8'}, {'id': 5778810875, 'qualifierId': 157}, {'id': 5778810879, 'qualifierId': 140, 'value': '27.0'}, {'id': 5778810885, 'qualifierId': 213, 'value': '6.06'}, {'id': 5778810887, 'qualifierId': 1}]",4ullol3wa4qdi9ydgrxgxbcgl,C. Krueger,,Washington Spirit,Away
2824009515,293,61,1,31,40,esvbnzqbyvxp2k570ez7h1a1g,1,73.0,31.3,2025-06-23T02:39:53.071Z,2025-06-23T02:39:53Z,"[{'id': 5778810927, 'qualifierId': 56, 'value': 'Center'}]",dzfr9ktjmxqj2eh2xibt7konp,K. Dali,,San Diego Wave,Home
2824009521,294,49,1,31,41,esvbnzqbyvxp2k570ez7h1a1g,1,55.0,29.2,2025-06-23T02:39:54.192Z,2025-06-23T02:39:54Z,[],9ms54l53wseuxarpn4vfcx9g4,T. Armstrong,,San Diego Wave,Home
2824009525,295,1,1,31,41,esvbnzqbyvxp2k570ez7h1a1g,1,55.0,29.2,2025-06-23T02:39:54.320Z,2025-06-23T02:39:55Z,"[{'id': 5778810975, 'qualifierId': 213, 'value': '6.07'}, {'id': 5778810967, 'qualifierId': 56, 'value': 'Center'}, {'id': 5778810973, 'qualifierId': 212, 'value': '11.0'}, {'id': 5778810969, 'qualifierId': 140, 'value': '65.2'}, {'id': 5778810971, 'qualifierId': 141, 'value': '25.8'}]",9ms54l53wseuxarpn4vfcx9g4,T. Armstrong,,San Diego Wave,Home
2824009529,296,1,1,31,42,esvbnzqbyvxp2k570ez7h1a1g,1,65.2,25.8,2025-06-23T02:39:55.215Z,2025-06-23T02:39:58Z,"[{'id': 5778810993, 'qualifierId': 56, 'value': 'Center'}, {'id': 5778810999, 'qualifierId': 212, 'value': '7.9'}, {'id': 5778810995, 'qualifierId': 140, 'value': '72.0'}, {'id': 5778810997, 'qualifierId': 141, 'value': '30.6'}, {'id': 5778811001, 'qualifierId': 213, 'value': '0.43'}]",auyj06nha2syoygo7prfadobu,H. Lundkvist,,San Diego Wave,Home
2824009537,297,1,1,31,45,esvbnzqbyvxp2k570ez7h1a1g,1,78.3,19.5,2025-06-23T02:39:58.383Z,2025-06-23T02:40:00Z,"[{'id': 5778811041, 'qualifierId': 213, 'value': '0.32'}, {'id': 5778811037, 'qualifierId': 141, 'value': '26.8'}, {'id': 5778811039, 'qualifierId': 212, 'value': '16.0'}, {'id': 5778811033, 'qualifierId': 56, 'value': 'Center'}, {'id': 5778811035, 'qualifierId': 140, 'value': '92.8'}]",dzfr9ktjmxqj2eh2xibt7konp,K. Dali,,San Diego Wave,Home
2824009541,298,1,1,31,48,esvbnzqbyvxp2k570ez7h1a1g,0,95.1,27.9,2025-06-23T02:40:00.751Z,2025-06-23T02:40:01Z,"[{'id': 5778811053, 'qualifierId': 56, 'value': 'Center'}, {'id': 5778811059, 'qualifierId': 212, 'value': '4.9'}, {'id': 5778811055, 'qualifierId': 140, 'value': '94.5'}, {'id': 5778811057, 'qualifierId': 141, 'value': '35.1'}, {'id': 5778811061, 'qualifierId': 213, 'value': '1.70'}]",3gu9gaz6w7eq79qnaqj3b7jdh,D. Cascarino,,San Diego Wave,Home
2824009557,256,12,1,31,49,f1ks82wpiewyqs6h3oz9v4hzj,1,4.2,58.2,2025-06-23T02:40:01.619Z,2025-06-23T02:40:08Z,"[{'id': 5778811121, 'qualifierId': 56, 'value': 'Back'}, {'id': 5778811129, 'qualifierId': 213, 'value': '0.76'}, {'id': 5778811123, 'qualifierId': 140, 'value': '15.5'}, {'id': 5778811127, 'qualifierId': 212, 'value': '16.4'}, {'id': 5778811125, 'qualifierId': 141, 'value': '74.8'}]",bo5e35lsptja0pnlvk1y38dex,E. Morgan,,Washington Spirit,Away
2824009553,299,1,1,31,52,esvbnzqbyvxp2k570ez7h1a1g,1,97.6,23.6,2025-06-23T02:40:05.232Z,2025-06-23T02:40:07Z,"[{'id': 5778811113, 'qualifierId': 213, 'value': '2.92'}, {'id': 5778811107, 'qualifierId': 140, 'value': '94.5'}, {'id': 5778811111, 'qualifierId': 212, 'value': '3.3'}, {'id': 5778811109, 'qualifierId': 141, 'value': '24.7'}, {'id': 5778811105, 'qualifierId': 56, 'value': 'Center'}]",dzfr9ktjmxqj2eh2xibt7konp,K. Dali,,San Diego Wave,Home
2824009559,300,1,1,31,54,esvbnzqbyvxp2k570ez7h1a1g,0,91.7,23.7,2025-06-23T02:40:07.055Z,2025-07-01T18:21:21Z,"[{'id': 5778811137, 'qualifierId': 140, 'value': '94.7'}, {'id': 5778811143, 'qualifierId': 213, 'value': '1.38'}, {'id': 5785827527, 'qualifierId': 20}, {'id': 5778811141, 'qualifierId': 212, 'value': '16.9'}, {'id': 5778811135, 'qualifierId': 56, 'value': 'Center'}, {'id': 5778811133, 'qualifierId': 155}, {'id': 5778811139, 'qualifierId': 141, 'value': '48.1'}, {'id': 5778811131, 'qualifierId': 2}, {'id': 5785827525, 'qualifierId': 224}]",3gu9gaz6w7eq79qnaqj3b7jdh,D. Cascarino,,San Diego Wave,Home
2824009561,257,12,1,31,55,f1ks82wpiewyqs6h3oz9v4hzj,1,6.3,56.7,2025-06-23T02:40:08.024Z,2025-06-23T02:40:12Z,"[{'id': 5778811155, 'qualifierId': 15}, {'id': 5778811145, 'qualifierId': 56, 'value': 'Back'}, {'id': 5778811147, 'qualifierId': 140, 'value': '24.5'}, {'id': 5778811153, 'qualifierId': 213, 'value': '5.53'}, {'id': 5778811149, 'qualifierId': 141, 'value': '30.6'}, {'id': 5778811151, 'qualifierId': 212, 'value': '26.1'}]",bo5e35lsptja0pnlvk1y38dex,E. Morgan,,Washington Spirit,Away
2824009579,258,49,1,31,59,f1ks82wpiewyqs6h3oz9v4hzj,1,23.2,30.4,2025-06-23T02:40:12.344Z,2025-06-23T02:40:12Z,[],en29qfiuu01nsmekoqhycjo45,G. Carle,,Washington Spirit,Away
2824009583,259,1,1,32,0,f1ks82wpiewyqs6h3oz9v4hzj,0,23.2,30.4,2025-06-23T02:40:12.781Z,2025-06-23T02:40:14Z,"[{'id': 5778811267, 'qualifierId': 56, 'value': 'Center'}, {'id': 5778811275, 'qualifierId': 213, 'value': '6.15'}, {'id': 5778811277, 'qualifierId': 1}, {'id': 5778811265, 'qualifierId': 155}, {'id': 5778811269, 'qualifierId': 140, 'value': '53.8'}, {'id': 5778811273, 'qualifierId': 212, 'value': '32.4'}, {'id': 5778811271, 'qualifierId': 141, 'value': '24.0'}]",en29qfiuu01nsmekoqhycjo45,G. Carle,,Washington Spirit,Away
2824009587,301,12,1,32,1,esvbnzqbyvxp2k570ez7h1a1g,1,43.7,73.0,2025-06-23T02:40:14.607Z,2025-06-23T02:40:16Z,"[{'id': 5778811295, 'qualifierId': 141, 'value': '73.2'}, {'id': 5778811297, 'qualifierId': 212, 'value': '3.9'}, {'id': 5778811301, 'qualifierId': 15}, {'id': 5778811293, 'qualifierId': 140, 'value': '47.4'}, {'id': 5778811291, 'qualifierId': 56, 'value': 'Back'}, {'id': 5778811299, 'qualifierId': 213, 'value': '0.03'}]",6p2318moul9op4hmigk1xbaw9,K. McNabb,,San Diego Wave,Home
2824009599,260,3,1,32,5,f1ks82wpiewyqs6h3oz9v4hzj,1,53.8,26.5,2025-06-23T02:40:17.811Z,2025-07-01T18:21:40Z,"[{'id': 5778811377, 'qualifierId': 233, 'value': '302'}, {'id': 5778811361, 'qualifierId': 56, 'value': 'Center'}, {'id': 5785827781, 'qualifierId': 464}, {'id': 5778811363, 'qualifierId': 286}]",yay5mq8trvoxv9mwm4mqzn8q,G. Monday,,Washington Spirit,Away
2824009593,302,45,1,32,5,esvbnzqbyvxp2k570ez7h1a1g,0,46.2,73.5,2025-06-23T02:40:17.811Z,2025-06-23T02:42:21Z,"[{'id': 5778811335, 'qualifierId': 285}, {'id': 5778811381, 'qualifierId': 233, 'value': '260'}, {'id': 5778811333, 'qualifierId': 56, 'value': 'Back'}]",3x6baiktcpcjxxh258a5uebpx,P. Morroni,,San Diego Wave,Home
2824009605,261,1,1,32,8,f1ks82wpiewyqs6h3oz9v4hzj,1,44.4,31.6,2025-06-23T02:40:21.014Z,2025-06-23T02:40:23Z,"[{'id': 5778811405, 'qualifierId': 212, 'value': '10.7'}, {'id': 5778811399, 'qualifierId': 56, 'value': 'Back'}, {'id': 5778811407, 'qualifierId': 213, 'value': '3.40'}, {'id': 5778811403, 'qualifierId': 141, 'value': '27.6'}, {'id': 5778811401, 'qualifierId': 140, 'value': '34.5'}]",yay5mq8trvoxv9mwm4mqzn8q,G. Monday,,Washington Spirit,Away
2824009619,262,1,1,32,10,f1ks82wpiewyqs6h3oz9v4hzj,1,36.8,29.8,2025-06-23T02:40:23.435Z,2025-06-23T02:40:34Z,"[{'id': 5778811497, 'qualifierId': 140, 'value': '32.2'}, {'id': 5778811501, 'qualifierId': 212, 'value': '7.1'}, {'id': 5778811503, 'qualifierId': 213, 'value': '2.32'}, {'id': 5778811495, 'qualifierId': 56, 'value': 'Back'}, {'id': 5778811499, 'qualifierId': 141, 'value': '37.4'}]",1v67tba1l3sxow1geovdqefo5,R. Bernal,,Washington Spirit,Away
2824009637,263,1,1,32,22,f1ks82wpiewyqs6h3oz9v4hzj,1,35.4,43.1,2025-06-23T02:40:34.667Z,2025-06-23T02:40:41Z,"[{'id': 5778811647, 'qualifierId': 56, 'value': 'Back'}, {'id': 5778811655, 'qualifierId': 213, 'value': '4.70'}, {'id': 5778811649, 'qualifierId': 140, 'value': '35.3'}, {'id': 5778811651, 'qualifierId': 141, 'value': '24.4'}, {'id': 5778811653, 'qualifierId': 212, 'value': '12.7'}]",27dktxivmcqmi1lkz1vs49qi2,T. McKeown,,Washington Spirit,Away
2824009643,264,1,1,32,28,f1ks82wpiewyqs6h3oz9v4hzj,1,40.0,26.2,2025-06-23T02:40:41.356Z,2025-06-23T02:40:44Z,"[{'id': 5778811679, 'qualifierId': 212, 'value': '11.9'}, {'id': 5778811673, 'qualifierId': 56, 'value': 'Back'}, {'id': 5778811675, 'qualifierId': 140, 'value': '34.9'}, {'id': 5778811677, 'qualifierId': 141, 'value': '41.9'}, {'id': 5778811681, 'qualifierId': 213, 'value': '2.04'}]",1v67tba1l3sxow1geovdqefo5,R. Bernal,,Washington Spirit,Away
2824009645,265,1,1,32,31,f1ks82wpiewyqs6h3oz9v4hzj,1,34.2,49.6,2025-06-23T02:40:44.236Z,2025-06-23T02:40:46Z,"[{'id': 5778811695, 'qualifierId': 213, 'value': '1.43'}, {'id': 5778811687, 'qualifierId': 56, 'value': 'Back'}, {'id': 5778811691, 'qualifierId': 141, 'value': '66.6'}, {'id': 5778811693, 'qualifierId': 212, 'value': '11.7'}, {'id': 5778811689, 'qualifierId': 140, 'value': '35.8'}]",27dktxivmcqmi1lkz1vs49qi2,T. McKeown,,Washington Spirit,Away
2824009651,266,1,1,32,33,f1ks82wpiewyqs6h3oz9v4hzj,1,35.8,66.6,2025-06-23T02:40:45.970Z,2025-06-23T02:40:47Z,"[{'id': 5778811729, 'qualifierId': 212, 'value': '7.4'}, {'id': 5778811723, 'qualifierId': 56, 'value': 'Back'}, {'id': 5778811727, 'qualifierId': 141, 'value': '56.9'}, {'id': 5778811731, 'qualifierId': 213, 'value': '5.18'}, {'id': 5778811725, 'qualifierId': 140, 'value': '39.0'}]",bo5e35lsptja0pnlvk1y38dex,E. Morgan,,Washington Spirit,Away
2824009665,267,1,1,32,35,f1ks82wpiewyqs6h3oz9v4hzj,1,36.2,52.1,2025-06-23T02:40:47.626Z,2025-06-23T02:40:51Z,"[{'id': 5778811797, 'qualifierId': 213, 'value': '4.47'}, {'id': 5778811795, 'qualifierId': 212, 'value': '19.7'}, {'id': 5778811791, 'qualifierId': 140, 'value': '31.7'}, {'id': 5778811793, 'qualifierId': 141, 'value': '23.9'}, {'id': 5778811789, 'qualifierId': 56, 'value': 'Back'}]",coy005g9noltjta4ka7utllp0,H. Hershfelt,,Washington Spirit,Away
2824009667,268,1,1,32,38,f1ks82wpiewyqs6h3oz9v4hzj,1,31.7,23.9,2025-06-23T02:40:50.953Z,2025-06-23T02:40:53Z,"[{'id': 5778811815, 'qualifierId': 213, 'value': '5.34'}, {'id': 5778811809, 'qualifierId': 140, 'value': '39.6'}, {'id': 5778811807, 'qualifierId': 56, 'value': 'Back'}, {'id': 5778811813, 'qualifierId': 212, 'value': '14.1'}, {'id': 5778811811, 'qualifierId': 141, 'value': '7.1'}]",1v67tba1l3sxow1geovdqefo5,R. Bernal,,Washington Spirit,Away
2824009669,303,83,1,32,39,esvbnzqbyvxp2k570ez7h1a1g,0,57.4,95.9,2025-06-23T02:40:52.567Z,2025-07-01T19:02:17Z,"[{'id': 5778811871, 'qualifierId': 399, 'value': 'en29qfiuu01nsmekoqhycjo45'}]",3x6baiktcpcjxxh258a5uebpx,P. Morroni,,San Diego Wave,Home
2824009673,269,1,1,32,40,f1ks82wpiewyqs6h3oz9v4hzj,1,39.6,7.1,2025-06-23T02:40:53.343Z,2025-06-23T02:40:54Z,"[{'id': 5778811845, 'qualifierId': 140, 'value': '39.9'}, {'id': 5778811847, 'qualifierId': 141, 'value': '19.2'}, {'id': 5778811843, 'qualifierId': 56, 'value': 'Back'}, {'id': 5778811849, 'qualifierId': 212, 'value': '8.2'}, {'id': 5778811851, 'qualifierId': 213, 'value': '1.53'}]",en29qfiuu01nsmekoqhycjo45,G. Carle,,Washington Spirit,Away
2824009675,270,1,1,32,41,f1ks82wpiewyqs6h3oz9v4hzj,1,39.9,19.2,2025-06-23T02:40:54.280Z,2025-06-23T02:40:56Z,"[{'id': 5778811861, 'qualifierId': 140, 'value': '27.8'}, {'id': 5778811863, 'qualifierId': 141, 'value': '16.5'}, {'id': 5778811867, 'qualifierId': 213, 'value': '3.29'}, {'id': 5778811859, 'qualifierId': 56, 'value': 'Back'}, {'id': 5778811865, 'qualifierId': 212, 'value': '12.8'}]",b8xa1whpr8m3e5zbziz9e91bd,N. Miura,,Washington Spirit,Away
2824009693,271,1,1,32,44,f1ks82wpiewyqs6h3oz9v4hzj,1,27.8,16.5,2025-06-23T02:40:56.780Z,2025-06-23T02:41:00Z,"[{'id': 5778811961, 'qualifierId': 213, 'value': '2.47'}, {'id': 5778811957, 'qualifierId': 141, 'value': '41.8'}, {'id': 5778811955, 'qualifierId': 140, 'value': '7.3'}, {'id': 5778811959, 'qualifierId': 212, 'value': '27.6'}, {'id': 5778811953, 'qualifierId': 56, 'value': 'Back'}]",1v67tba1l3sxow1geovdqefo5,R. Bernal,,Washington Spirit,Away
2824009701,272,1,1,32,47,f1ks82wpiewyqs6h3oz9v4hzj,0,9.9,44.9,2025-06-23T02:41:00.420Z,2025-06-23T02:41:03Z,"[{'id': 5778812009, 'qualifierId': 141, 'value': '66.4'}, {'id': 5778812003, 'qualifierId': 155}, {'id': 5778812005, 'qualifierId': 56, 'value': 'Back'}, {'id': 5778812015, 'qualifierId': 1}, {'id': 5778812007, 'qualifierId': 140, 'value': '42.5'}, {'id': 5778812013, 'qualifierId': 213, 'value': '0.40'}, {'id': 5778812011, 'qualifierId': 212, 'value': '37.2'}]",d9dirjpaqkq3gga2zyeykcv6d,A. Kingsbury,,Washington Spirit,Away
2824009707,305,8,1,32,51,esvbnzqbyvxp2k570ez7h1a1g,1,57.8,31.9,2025-06-23T02:41:04.466Z,2025-07-01T18:33:03Z,"[{'id': 5778812043, 'qualifierId': 15}, {'id': 5785835881, 'qualifierId': 384}, {'id': 5778812037, 'qualifierId': 56, 'value': 'Center'}]",6h8t7apz5vzk0pjxo8hbbkfhm,S. McCaskill,,San Diego Wave,Home
2824009729,273,1,1,32,58,f1ks82wpiewyqs6h3oz9v4hzj,1,35.0,73.0,2025-06-23T02:41:11.323Z,2025-06-23T02:41:14Z,"[{'id': 5778812209, 'qualifierId': 212, 'value': '25.9'}, {'id': 5778812203, 'qualifierId': 56, 'value': 'Center'}, {'id': 5778812207, 'qualifierId': 141, 'value': '71.2'}, {'id': 5778812211, 'qualifierId': 213, 'value': '6.24'}, {'id': 5778812205, 'qualifierId': 140, 'value': '59.6'}]",4wgwp2bd4xrjbg7s4p193aooa,C. Bethune,,Washington Spirit,Away
2824009737,274,1,1,33,2,f1ks82wpiewyqs6h3oz9v4hzj,1,66.4,72.0,2025-06-23T02:41:14.651Z,2025-06-23T02:41:16Z,"[{'id': 5778812247, 'qualifierId': 141, 'value': '69.4'}, {'id': 5778812245, 'qualifierId': 140, 'value': '74.6'}, {'id': 5778812249, 'qualifierId': 212, 'value': '8.8'}, {'id': 5778812251, 'qualifierId': 213, 'value': '6.08'}, {'id': 5778812243, 'qualifierId': 56, 'value': 'Center'}]",73q03evwuq5rdm7scz31yj4a2,M. Morris,,Washington Spirit,Away
2824009741,275,1,1,33,4,f1ks82wpiewyqs6h3oz9v4hzj,0,74.6,69.4,2025-06-23T02:41:16.760Z,2025-06-23T02:41:18Z,"[{'id': 5778812275, 'qualifierId': 213, 'value': '3.87'}, {'id': 5778812267, 'qualifierId': 56, 'value': 'Center'}, {'id': 5778812279, 'qualifierId': 156}, {'id': 5778812271, 'qualifierId': 141, 'value': '58.4'}, {'id': 5778812269, 'qualifierId': 140, 'value': '66.6'}, {'id': 5778812273, 'qualifierId': 212, 'value': '11.2'}]",yay5mq8trvoxv9mwm4mqzn8q,G. Monday,,Washington Spirit,Away
2824009749,306,49,1,33,6,esvbnzqbyvxp2k570ez7h1a1g,1,28.7,44.5,2025-06-23T02:41:19.441Z,2025-06-23T02:41:19Z,[],efynp5qo9b9x0lh9b4ft0ic8a,G. Corley,,San Diego Wave,Home
2824009755,307,1,1,33,6,esvbnzqbyvxp2k570ez7h1a1g,1,28.7,44.5,2025-06-23T02:41:19.583Z,2025-06-23T02:41:21Z,"[{'id': 5778812357, 'qualifierId': 56, 'value': 'Back'}, {'id': 5778812365, 'qualifierId': 213, 'value': '5.44'}, {'id': 5778812359, 'qualifierId': 140, 'value': '33.0'}, {'id': 5778812363, 'qualifierId': 212, 'value': '6.8'}, {'id': 5778812361, 'qualifierId': 141, 'value': '37.0'}]",efynp5qo9b9x0lh9b4ft0ic8a,G. Corley,,San Diego Wave,Home
2824009763,308,1,1,33,8,esvbnzqbyvxp2k570ez7h1a1g,0,34.8,36.9,2025-06-23T02:41:21.313Z,2025-06-23T02:41:22Z,"[{'id': 5778812407, 'qualifierId': 56, 'value': 'Back'}, {'id': 5778812413, 'qualifierId': 212, 'value': '17.7'}, {'id': 5778812411, 'qualifierId': 141, 'value': '57.2'}, {'id': 5778812415, 'qualifierId': 213, 'value': '0.90'}, {'id': 5778812405, 'qualifierId': 155}, {'id': 5778812409, 'qualifierId': 140, 'value': '45.3'}]",dzfr9ktjmxqj2eh2xibt7konp,K. Dali,,San Diego Wave,Home
2824009785,276,1,1,33,11,f1ks82wpiewyqs6h3oz9v4hzj,1,53.1,43.4,2025-06-23T02:41:23.680Z,2025-06-23T02:41:28Z,"[{'id': 5778812515, 'qualifierId': 56, 'value': 'Right'}, {'id': 5778812521, 'qualifierId': 212, 'value': '28.0'}, {'id': 5778812523, 'qualifierId': 213, 'value': '5.23'}, {'id': 5778812513, 'qualifierId': 3}, {'id': 5778812519, 'qualifierId': 141, 'value': '7.7'}, {'id': 5778812517, 'qualifierId': 140, 'value': '66.3'}]",1v67tba1l3sxow1geovdqefo5,R. Bernal,,Washington Spirit,Away
2824009787,277,49,1,33,15,f1ks82wpiewyqs6h3oz9v4hzj,1,66.3,7.7,2025-06-23T02:41:28.179Z,2025-06-23T02:41:28Z,[],en29qfiuu01nsmekoqhycjo45,G. Carle,,Washington Spirit,Away
2824009793,278,61,1,33,16,f1ks82wpiewyqs6h3oz9v4hzj,0,66.3,7.7,2025-06-23T02:41:29.538Z,2025-06-23T02:41:29Z,"[{'id': 5778812555, 'qualifierId': 56, 'value': 'Right'}]",en29qfiuu01nsmekoqhycjo45,G. Carle,,Washington Spirit,Away
2824009801,279,5,1,33,17,f1ks82wpiewyqs6h3oz9v4hzj,0,68.0,-1.8,2025-06-23T02:41:29.944Z,2025-06-23T02:41:33Z,"[{'id': 5778812623, 'qualifierId': 233, 'value': '309'}, {'id': 5778812583, 'qualifierId': 347}, {'id': 5778812581, 'qualifierId': 56, 'value': 'Right'}]",en29qfiuu01nsmekoqhycjo45,G. Carle,,Washington Spirit,Away
2824009807,309,5,1,33,17,esvbnzqbyvxp2k570ez7h1a1g,1,32.0,101.8,2025-06-23T02:41:29.944Z,2025-06-23T02:51:07Z,"[{'id': 5778812611, 'qualifierId': 347}, {'id': 5778812609, 'qualifierId': 56, 'value': 'Back'}, {'id': 5778812617, 'qualifierId': 233, 'value': '279'}]",3x6baiktcpcjxxh258a5uebpx,P. Morroni,,San Diego Wave,Home
2824009895,310,1,1,33,44,esvbnzqbyvxp2k570ez7h1a1g,1,32.9,100.0,2025-06-23T02:41:56.912Z,2025-06-23T02:41:59Z,"[{'id': 5778813079, 'qualifierId': 213, 'value': '5.17'}, {'id': 5778813071, 'qualifierId': 56, 'value': 'Back'}, {'id': 5778813073, 'qualifierId': 140, 'value': '36.8'}, {'id': 5778813075, 'qualifierId': 141, 'value': '89.4'}, {'id': 5778813069, 'qualifierId': 107}, {'id': 5778813077, 'qualifierId': 212, 'value': '9.3'}]",3x6baiktcpcjxxh258a5uebpx,P. Morroni,,San Diego Wave,Home
2824009897,311,43,1,33,46,esvbnzqbyvxp2k570ez7h1a1g,1,0.0,0.0,2025-06-23T02:41:59.345Z,2025-06-23T02:42:01Z,"[{'id': 5778813087, 'qualifierId': 56, 'value': 'Back'}, {'id': 5778813101, 'qualifierId': 144, 'value': '45'}, {'id': 5778813089, 'qualifierId': 285, 'value': '0'}]",321yjdo3gio1l33hc1pdps4wl,A. Leon,,San Diego Wave,Home
2824009899,312,61,1,33,46,esvbnzqbyvxp2k570ez7h1a1g,0,36.9,87.1,2025-06-23T02:41:59.375Z,2025-06-23T02:41:59Z,"[{'id': 5778813091, 'qualifierId': 56, 'value': 'Back'}]",321yjdo3gio1l33hc1pdps4wl,A. Leon,,San Diego Wave,Home
2824009901,280,49,1,33,48,f1ks82wpiewyqs6h3oz9v4hzj,1,63.6,30.3,2025-06-23T02:42:01.269Z,2025-06-23T02:42:01Z,[],b8xa1whpr8m3e5zbziz9e91bd,N. Miura,,Washington Spirit,Away
2824009905,281,1,1,33,49,f1ks82wpiewyqs6h3oz9v4hzj,1,61.6,33.1,2025-06-23T02:42:02.426Z,2025-06-23T02:42:04Z,"[{'id': 5778813155, 'qualifierId': 56, 'value': 'Back'}, {'id': 5778813163, 'qualifierId': 213, 'value': '3.18'}, {'id': 5778813161, 'qualifierId': 212, 'value': '17.5'}, {'id': 5778813157, 'qualifierId': 140, 'value': '44.9'}, {'id': 5778813159, 'qualifierId': 141, 'value': '32.1'}]",b8xa1whpr8m3e5zbziz9e91bd,N. Miura,,Washington Spirit,Away
2824009909,282,1,1,33,51,f1ks82wpiewyqs6h3oz9v4hzj,1,44.9,32.1,2025-06-23T02:42:04.488Z,2025-06-23T02:42:05Z,"[{'id': 5778813183, 'qualifierId': 140, 'value': '54.0'}, {'id': 5778813189, 'qualifierId': 213, 'value': '5.76'}, {'id': 5778813181, 'qualifierId': 56, 'value': 'Center'}, {'id': 5778813185, 'qualifierId': 141, 'value': '24.0'}, {'id': 5778813187, 'qualifierId': 212, 'value': '11.0'}]",bo5e35lsptja0pnlvk1y38dex,E. Morgan,,Washington Spirit,Away
2824009911,283,1,1,33,52,f1ks82wpiewyqs6h3oz9v4hzj,1,54.0,24.0,2025-06-23T02:42:05.612Z,2025-06-23T02:46:59Z,"[{'id': 5778813199, 'qualifierId': 141, 'value': '24.9'}, {'id': 5778813195, 'qualifierId': 56, 'value': 'Back'}, {'id': 5778813201, 'qualifierId': 212, 'value': '14.8'}, {'id': 5778813197, 'qualifierId': 140, 'value': '39.9'}, {'id': 5778813203, 'qualifierId': 213, 'value': '3.10'}]",b8xa1whpr8m3e5zbziz9e91bd,N. Miura,,Washington Spirit,Away
2824009915,284,1,1,33,57,f1ks82wpiewyqs6h3oz9v4hzj,1,43.3,28.6,2025-06-23T02:42:09.862Z,2025-06-23T02:42:11Z,"[{'id': 5778813227, 'qualifierId': 212, 'value': '19.3'}, {'id': 5778813225, 'qualifierId': 141, 'value': '28.3'}, {'id': 5778813221, 'qualifierId': 56, 'value': 'Center'}, {'id': 5778813229, 'qualifierId': 213, 'value': '6.27'}, {'id': 5778813223, 'qualifierId': 140, 'value': '61.7'}]",27dktxivmcqmi1lkz1vs49qi2,T. McKeown,,Washington Spirit,Away
2824009917,285,1,1,33,58,f1ks82wpiewyqs6h3oz9v4hzj,1,61.7,28.3,2025-06-23T02:42:11.580Z,2025-06-23T02:42:14Z,"[{'id': 5778813241, 'qualifierId': 213, 'value': '4.79'}, {'id': 5778813245, 'qualifierId': 156}, {'id': 5778813237, 'qualifierId': 141, 'value': '16.4'}, {'id': 5778813233, 'qualifierId': 56, 'value': 'Right'}, {'id': 5778813239, 'qualifierId': 212, 'value': '8.1'}, {'id': 5778813235, 'qualifierId': 140, 'value': '62.3'}]",yay5mq8trvoxv9mwm4mqzn8q,G. Monday,,Washington Spirit,Away
2824009927,286,1,1,34,1,f1ks82wpiewyqs6h3oz9v4hzj,1,65.1,14.0,2025-06-23T02:42:14.423Z,2025-06-23T02:42:20Z,"[{'id': 5778813287, 'qualifierId': 141, 'value': '19.4'}, {'id': 5778813285, 'qualifierId': 140, 'value': '79.1'}, {'id': 5778813289, 'qualifierId': 212, 'value': '15.2'}, {'id': 5778813283, 'qualifierId': 56, 'value': 'Right'}, {'id': 5778813291, 'qualifierId': 213, 'value': '0.24'}]",b8xa1whpr8m3e5zbziz9e91bd,N. Miura,,Washington Spirit,Away
2824009931,287,1,1,34,7,f1ks82wpiewyqs6h3oz9v4hzj,0,83.1,35.2,2025-06-23T02:42:19.938Z,2025-07-01T18:35:37Z,"[{'id': 5778813307, 'qualifierId': 56, 'value': 'Center'}, {'id': 5778813313, 'qualifierId': 212, 'value': '15.4'}, {'id': 5778813311, 'qualifierId': 141, 'value': '35.1'}, {'id': 5778813315, 'qualifierId': 213, 'value': '6.28'}, {'id': 5778813309, 'qualifierId': 140, 'value': '97.8'}]",73q03evwuq5rdm7scz31yj4a2,M. Morris,,Washington Spirit,Away
2824009935,313,52,1,34,11,esvbnzqbyvxp2k570ez7h1a1g,1,2.4,60.0,2025-06-23T02:42:24.496Z,2025-07-01T18:35:43Z,"[{'id': 5785838061, 'qualifierId': 376}]",4yb9avzbrzt8m4c4h1yy98jbp,K. Sheridan,,San Diego Wave,Home
2824009949,314,1,1,34,18,esvbnzqbyvxp2k570ez7h1a1g,1,13.6,39.8,2025-06-23T02:42:31.282Z,2025-06-23T02:42:33Z,"[{'id': 5778813429, 'qualifierId': 140, 'value': '23.5'}, {'id': 5778813425, 'qualifierId': 123}, {'id': 5778813435, 'qualifierId': 213, 'value': '5.14'}, {'id': 5778813431, 'qualifierId': 141, 'value': '6.1'}, {'id': 5778813427, 'qualifierId': 56, 'value': 'Back'}, {'id': 5778813439, 'qualifierId': 189}, {'id': 5778813433, 'qualifierId': 212, 'value': '25.2'}]",4yb9avzbrzt8m4c4h1yy98jbp,K. Sheridan,,San Diego Wave,Home
2824009965,315,1,1,34,21,esvbnzqbyvxp2k570ez7h1a1g,1,25.0,8.0,2025-06-23T02:42:34.576Z,2025-06-23T02:42:38Z,"[{'id': 5778813529, 'qualifierId': 213, 'value': '1.13'}, {'id': 5778813521, 'qualifierId': 56, 'value': 'Back'}, {'id': 5778813523, 'qualifierId': 140, 'value': '28.3'}, {'id': 5778813527, 'qualifierId': 212, 'value': '8.2'}, {'id': 5778813525, 'qualifierId': 141, 'value': '18.9'}]",auyj06nha2syoygo7prfadobu,H. Lundkvist,,San Diego Wave,Home
2824009983,316,1,1,34,26,esvbnzqbyvxp2k570ez7h1a1g,1,28.4,20.7,2025-06-23T02:42:38.752Z,2025-06-23T02:42:42Z,"[{'id': 5778813599, 'qualifierId': 141, 'value': '44.3'}, {'id': 5778813603, 'qualifierId': 213, 'value': '2.42'}, {'id': 5778813601, 'qualifierId': 212, 'value': '24.4'}, {'id': 5778813597, 'qualifierId': 140, 'value': '10.9'}, {'id': 5778813595, 'qualifierId': 56, 'value': 'Back'}]",dzfr9ktjmxqj2eh2xibt7konp,K. Dali,,San Diego Wave,Home
2824009987,317,1,1,34,29,esvbnzqbyvxp2k570ez7h1a1g,1,13.4,46.4,2025-06-23T02:42:42.528Z,2025-06-23T02:42:45Z,"[{'id': 5778813625, 'qualifierId': 141, 'value': '67.8'}, {'id': 5778813627, 'qualifierId': 212, 'value': '17.1'}, {'id': 5778813623, 'qualifierId': 140, 'value': '22.0'}, {'id': 5778813621, 'qualifierId': 56, 'value': 'Back'}, {'id': 5778813629, 'qualifierId': 213, 'value': '1.02'}]",4yb9avzbrzt8m4c4h1yy98jbp,K. Sheridan,,San Diego Wave,Home
2824010011,318,1,1,34,32,esvbnzqbyvxp2k570ez7h1a1g,1,22.0,65.7,2025-06-23T02:42:45.120Z,2025-06-23T02:42:53Z,"[{'id': 5778813771, 'qualifierId': 140, 'value': '23.2'}, {'id': 5778813773, 'qualifierId': 141, 'value': '40.4'}, {'id': 5778813769, 'qualifierId': 56, 'value': 'Back'}, {'id': 5778813777, 'qualifierId': 213, 'value': '4.79'}, {'id': 5778813775, 'qualifierId': 212, 'value': '17.3'}]",6p2318moul9op4hmigk1xbaw9,K. McNabb,,San Diego Wave,Home
2824010013,319,1,1,34,40,esvbnzqbyvxp2k570ez7h1a1g,1,36.0,17.1,2025-06-23T02:42:53.439Z,2025-06-23T02:42:56Z,"[{'id': 5778813795, 'qualifierId': 141, 'value': '16.7'}, {'id': 5778813799, 'qualifierId': 213, 'value': '6.27'}, {'id': 5778813791, 'qualifierId': 56, 'value': 'Right'}, {'id': 5778813793, 'qualifierId': 140, 'value': '52.5'}, {'id': 5778813797, 'qualifierId': 212, 'value': '17.3'}]",6h8t7apz5vzk0pjxo8hbbkfhm,S. McCaskill,,San Diego Wave,Home
2824010015,288,83,1,34,42,f1ks82wpiewyqs6h3oz9v4hzj,0,52.6,80.3,2025-06-23T02:42:54.946Z,2025-06-23T02:42:59Z,"[{'id': 5778813849, 'qualifierId': 399, 'value': '3gu9gaz6w7eq79qnaqj3b7jdh'}]",coy005g9noltjta4ka7utllp0,H. Hershfelt,,Washington Spirit,Away
2824010019,320,1,1,34,43,esvbnzqbyvxp2k570ez7h1a1g,1,47.0,15.6,2025-06-23T02:42:55.952Z,2025-06-23T02:42:58Z,"[{'id': 5778813827, 'qualifierId': 140, 'value': '34.0'}, {'id': 5778813831, 'qualifierId': 212, 'value': '16.2'}, {'id': 5778813833, 'qualifierId': 213, 'value': '2.57'}, {'id': 5778813825, 'qualifierId': 56, 'value': 'Back'}, {'id': 5778813829, 'qualifierId': 141, 'value': '28.5'}]",3gu9gaz6w7eq79qnaqj3b7jdh,D. Cascarino,,San Diego Wave,Home
2824010021,321,43,1,34,45,esvbnzqbyvxp2k570ez7h1a1g,1,0.0,0.0,2025-06-23T02:42:58.528Z,2025-06-23T02:43:00Z,"[{'id': 5778813851, 'qualifierId': 144, 'value': '1'}, {'id': 5778813839, 'qualifierId': 140, 'value': '34.0'}, {'id': 5778813841, 'qualifierId': 141, 'value': '29.5'}, {'id': 5778813843, 'qualifierId': 212, 'value': '0'}, {'id': 5778813837, 'qualifierId': 56, 'value': 'Back'}, {'id': 5778813845, 'qualifierId': 213, 'value': '0.00'}]",9ms54l53wseuxarpn4vfcx9g4,T. Armstrong,,San Diego Wave,Home
2824010027,322,1,1,34,47,esvbnzqbyvxp2k570ez7h1a1g,1,31.2,30.6,2025-06-23T02:43:00.112Z,2025-06-23T02:43:03Z,"[{'id': 5778813889, 'qualifierId': 212, 'value': '22.3'}, {'id': 5778813883, 'qualifierId': 56, 'value': 'Back'}, {'id': 5778813891, 'qualifierId': 213, 'value': '1.55'}, {'id': 5778813885, 'qualifierId': 140, 'value': '31.6'}, {'id': 5778813887, 'qualifierId': 141, 'value': '63.4'}]",9ms54l53wseuxarpn4vfcx9g4,T. Armstrong,,San Diego Wave,Home
2824010029,323,1,1,34,51,esvbnzqbyvxp2k570ez7h1a1g,1,35.6,65.8,2025-06-23T02:43:03.713Z,2025-06-23T02:43:05Z,"[{'id': 5778813899, 'qualifierId': 140, 'value': '37.4'}, {'id': 5778813901, 'qualifierId': 141, 'value': '92.6'}, {'id': 5778813903, 'qualifierId': 212, 'value': '18.3'}, {'id': 5778813897, 'qualifierId': 56, 'value': 'Back'}, {'id': 5778813905, 'qualifierId': 213, 'value': '1.47'}]",6p2318moul9op4hmigk1xbaw9,K. McNabb,,San Diego Wave,Home
2824010033,324,1,1,34,53,esvbnzqbyvxp2k570ez7h1a1g,1,37.0,90.5,2025-06-23T02:43:05.824Z,2025-06-23T02:43:09Z,"[{'id': 5778813929, 'qualifierId': 213, 'value': '4.16'}, {'id': 5778813921, 'qualifierId': 56, 'value': 'Back'}, {'id': 5778813923, 'qualifierId': 140, 'value': '30.5'}, {'id': 5778813927, 'qualifierId': 212, 'value': '13.1'}, {'id': 5778813925, 'qualifierId': 141, 'value': '74.1'}]",3x6baiktcpcjxxh258a5uebpx,P. Morroni,,San Diego Wave,Home
2824010039,325,1,1,34,56,esvbnzqbyvxp2k570ez7h1a1g,1,29.8,70.8,2025-06-23T02:43:08.944Z,2025-06-23T02:43:11Z,"[{'id': 5778813967, 'qualifierId': 141, 'value': '56.3'}, {'id': 5778813971, 'qualifierId': 213, 'value': '4.17'}, {'id': 5778813965, 'qualifierId': 140, 'value': '24.2'}, {'id': 5778813963, 'qualifierId': 56, 'value': 'Back'}, {'id': 5778813969, 'qualifierId': 212, 'value': '11.5'}]",6p2318moul9op4hmigk1xbaw9,K. McNabb,,San Diego Wave,Home
2824010055,326,1,1,34,58,esvbnzqbyvxp2k570ez7h1a1g,1,25.1,53.1,2025-06-23T02:43:11.424Z,2025-06-23T02:43:18Z,"[{'id': 5778814087, 'qualifierId': 56, 'value': 'Back'}, {'id': 5778814095, 'qualifierId': 213, 'value': '5.66'}, {'id': 5778814089, 'qualifierId': 140, 'value': '31.5'}, {'id': 5778814093, 'qualifierId': 212, 'value': '8.3'}, {'id': 5778814091, 'qualifierId': 141, 'value': '46.0'}]",4yb9avzbrzt8m4c4h1yy98jbp,K. Sheridan,,San Diego Wave,Home
2824010061,327,1,1,35,5,esvbnzqbyvxp2k570ez7h1a1g,1,36.1,32.5,2025-06-23T02:43:18.176Z,2025-06-23T02:43:20Z,"[{'id': 5778814117, 'qualifierId': 141, 'value': '3.5'}, {'id': 5778814121, 'qualifierId': 213, 'value': '5.04'}, {'id': 5778814115, 'qualifierId': 140, 'value': '42.4'}, {'id': 5778814119, 'qualifierId': 212, 'value': '20.8'}, {'id': 5778814113, 'qualifierId': 56, 'value': 'Back'}]",6h8t7apz5vzk0pjxo8hbbkfhm,S. McCaskill,,San Diego Wave,Home
2824010069,328,1,1,35,7,esvbnzqbyvxp2k570ez7h1a1g,0,42.4,3.5,2025-06-23T02:43:20.135Z,2025-06-23T02:43:21Z,"[{'id': 5778814161, 'qualifierId': 213, 'value': '0.33'}, {'id': 5778814157, 'qualifierId': 141, 'value': '11.0'}, {'id': 5778814155, 'qualifierId': 140, 'value': '56.7'}, {'id': 5778814159, 'qualifierId': 212, 'value': '15.9'}, {'id': 5778814153, 'qualifierId': 56, 'value': 'Right'}]",auyj06nha2syoygo7prfadobu,H. Lundkvist,,San Diego Wave,Home
2824010077,289,8,1,35,10,f1ks82wpiewyqs6h3oz9v4hzj,1,40.5,84.2,2025-06-23T02:43:23.534Z,2025-07-01T18:36:51Z,"[{'id': 5778814185, 'qualifierId': 56, 'value': 'Back'}, {'id': 5785838677, 'qualifierId': 384}]",4ullol3wa4qdi9ydgrxgxbcgl,C. Krueger,,Washington Spirit,Away
2824010087,291,49,1,35,11,f1ks82wpiewyqs6h3oz9v4hzj,1,41.3,80.3,2025-06-23T02:43:23.736Z,2025-06-23T02:44:53Z,[],coy005g9noltjta4ka7utllp0,H. Hershfelt,,Washington Spirit,Away
2824010085,290,1,1,35,12,f1ks82wpiewyqs6h3oz9v4hzj,1,46.8,79.9,2025-06-23T02:43:25.424Z,2025-06-23T02:44:52Z,"[{'id': 5778814209, 'qualifierId': 141, 'value': '70.9'}, {'id': 5778814205, 'qualifierId': 56, 'value': 'Back'}, {'id': 5778814213, 'qualifierId': 213, 'value': '3.53'}, {'id': 5778814207, 'qualifierId': 140, 'value': '32.5'}, {'id': 5778814211, 'qualifierId': 212, 'value': '16.2'}]",coy005g9noltjta4ka7utllp0,H. Hershfelt,,Washington Spirit,Away
2824010095,292,1,1,35,15,f1ks82wpiewyqs6h3oz9v4hzj,1,30.9,69.1,2025-06-23T02:43:28.189Z,2025-06-23T02:43:31Z,"[{'id': 5778814305, 'qualifierId': 141, 'value': '45.7'}, {'id': 5778814307, 'qualifierId': 212, 'value': '16.0'}, {'id': 5778814303, 'qualifierId': 140, 'value': '28.9'}, {'id': 5778814309, 'qualifierId': 213, 'value': '4.58'}, {'id': 5778814301, 'qualifierId': 56, 'value': 'Back'}]",bo5e35lsptja0pnlvk1y38dex,E. Morgan,,Washington Spirit,Away
2824010099,293,1,1,35,19,f1ks82wpiewyqs6h3oz9v4hzj,1,31.0,46.4,2025-06-23T02:43:31.761Z,2025-06-23T02:43:35Z,"[{'id': 5778814329, 'qualifierId': 140, 'value': '53.6'}, {'id': 5778814325, 'qualifierId': 155}, {'id': 5778814335, 'qualifierId': 213, 'value': '0.60'}, {'id': 5778814331, 'qualifierId': 141, 'value': '70.3'}, {'id': 5778814327, 'qualifierId': 56, 'value': 'Center'}, {'id': 5778814333, 'qualifierId': 212, 'value': '28.8'}]",27dktxivmcqmi1lkz1vs49qi2,T. McKeown,,Washington Spirit,Away
2824010107,294,1,1,35,23,f1ks82wpiewyqs6h3oz9v4hzj,1,56.0,70.0,2025-06-23T02:43:35.749Z,2025-06-23T02:43:58Z,"[{'id': 5778814413, 'qualifierId': 141, 'value': '80.8'}, {'id': 5778814419, 'qualifierId': 1}, {'id': 5778814631, 'qualifierId': 210, 'value': '13'}, {'id': 5778814411, 'qualifierId': 140, 'value': '94.6'}, {'id': 5778814415, 'qualifierId': 212, 'value': '41.2'}, {'id': 5778814409, 'qualifierId': 56, 'value': 'Left'}, {'id': 5778814417, 'qualifierId': 213, 'value': '0.18'}]",4wgwp2bd4xrjbg7s4p193aooa,C. Bethune,1.0,Washington Spirit,Away
2824010115,295,3,1,35,28,f1ks82wpiewyqs6h3oz9v4hzj,1,95.0,80.1,2025-06-23T02:43:41.498Z,2025-07-01T18:37:28Z,"[{'id': 5778814455, 'qualifierId': 56, 'value': 'Left'}, {'id': 5778814471, 'qualifierId': 233, 'value': '329'}, {'id': 5778814457, 'qualifierId': 286}, {'id': 5785839045, 'qualifierId': 464}]",73q03evwuq5rdm7scz31yj4a2,M. Morris,,Washington Spirit,Away
2824010109,329,45,1,35,28,esvbnzqbyvxp2k570ez7h1a1g,0,5.0,19.9,2025-06-23T02:43:41.498Z,2025-06-23T03:02:48Z,"[{'id': 5778814425, 'qualifierId': 285}, {'id': 5778814475, 'qualifierId': 233, 'value': '295'}, {'id': 5778814423, 'qualifierId': 56, 'value': 'Back'}]",auyj06nha2syoygo7prfadobu,H. Lundkvist,,San Diego Wave,Home
2824010117,296,13,1,35,32,f1ks82wpiewyqs6h3oz9v4hzj,1,92.3,71.6,2025-06-23T02:43:44.966Z,2025-07-01T13:23:02Z,"[{'id': 5778814647, 'qualifierId': 230, 'value': '99.7'}, {'id': 5778814635, 'qualifierId': 29}, {'id': 5778814633, 'qualifierId': 83}, {'id': 5778814637, 'qualifierId': 55, 'value': '294'}, {'id': 5778814645, 'qualifierId': 215}, {'id': 5778814641, 'qualifierId': 102, 'value': '58.5'}, {'id': 5778814649, 'qualifierId': 231, 'value': '52.3'}, {'id': 5778814643, 'qualifierId': 103, 'value': '5.6'}, {'id': 5778814463, 'qualifierId': 56, 'value': 'Center'}, {'id': 5778814461, 'qualifierId': 64}, {'id': 5778814537, 'qualifierId': 20}, {'id': 5778814459, 'qualifierId': 22}]",73q03evwuq5rdm7scz31yj4a2,M. Morris,,Washington Spirit,Away
2824010121,297,5,1,35,33,f1ks82wpiewyqs6h3oz9v4hzj,0,101.2,56.1,2025-06-23T02:43:46.128Z,2025-06-23T02:51:08Z,"[{'id': 5778814487, 'qualifierId': 56, 'value': 'Center'}, {'id': 5778814495, 'qualifierId': 233, 'value': '330'}, {'id': 5778814489, 'qualifierId': 346}]",73q03evwuq5rdm7scz31yj4a2,M. Morris,,Washington Spirit,Away
2824010119,330,5,1,35,33,esvbnzqbyvxp2k570ez7h1a1g,1,-1.2,43.9,2025-06-23T02:43:46.128Z,2025-06-23T02:51:07Z,"[{'id': 5778814491, 'qualifierId': 233, 'value': '297'}, {'id': 5778814481, 'qualifierId': 346}, {'id': 5778814479, 'qualifierId': 56, 'value': 'Back'}]",9ms54l53wseuxarpn4vfcx9g4,T. Armstrong,,San Diego Wave,Home
2824010163,331,1,1,36,1,esvbnzqbyvxp2k570ez7h1a1g,1,5.0,37.0,2025-06-23T02:44:13.936Z,2025-06-23T02:44:15Z,"[{'id': 5778814781, 'qualifierId': 124}, {'id': 5778814789, 'qualifierId': 212, 'value': '11.8'}, {'id': 5778814791, 'qualifierId': 213, 'value': '5.80'}, {'id': 5778814783, 'qualifierId': 56, 'value': 'Back'}, {'id': 5778814795, 'qualifierId': 237}, {'id': 5778814785, 'qualifierId': 140, 'value': '14.9'}, {'id': 5778814787, 'qualifierId': 141, 'value': '28.9'}, {'id': 5778814797, 'qualifierId': 189}]",4yb9avzbrzt8m4c4h1yy98jbp,K. Sheridan,,San Diego Wave,Home
2824010171,332,1,1,36,4,esvbnzqbyvxp2k570ez7h1a1g,1,28.3,20.1,2025-06-23T02:44:16.913Z,2025-06-23T02:44:18Z,"[{'id': 5778814853, 'qualifierId': 141, 'value': '17.6'}, {'id': 5778814849, 'qualifierId': 56, 'value': 'Back'}, {'id': 5778814851, 'qualifierId': 140, 'value': '46.5'}, {'id': 5778814855, 'qualifierId': 212, 'value': '19.2'}, {'id': 5778814857, 'qualifierId': 213, 'value': '6.19'}]",9ms54l53wseuxarpn4vfcx9g4,T. Armstrong,,San Diego Wave,Home
2824010177,333,1,1,36,7,esvbnzqbyvxp2k570ez7h1a1g,1,45.1,14.1,2025-06-23T02:44:20.336Z,2025-06-23T02:44:24Z,"[{'id': 5778814897, 'qualifierId': 140, 'value': '47.8'}, {'id': 5778814895, 'qualifierId': 56, 'value': 'Back'}, {'id': 5778814899, 'qualifierId': 141, 'value': '4.0'}, {'id': 5778814901, 'qualifierId': 212, 'value': '7.4'}, {'id': 5778814903, 'qualifierId': 213, 'value': '5.10'}]",3gu9gaz6w7eq79qnaqj3b7jdh,D. Cascarino,,San Diego Wave,Home
2824010185,334,1,1,36,11,esvbnzqbyvxp2k570ez7h1a1g,1,68.8,12.3,2025-06-23T02:44:24.433Z,2025-06-23T02:44:26Z,"[{'id': 5778814943, 'qualifierId': 212, 'value': '11.1'}, {'id': 5778814941, 'qualifierId': 141, 'value': '19.7'}, {'id': 5778814945, 'qualifierId': 213, 'value': '0.47'}, {'id': 5778814937, 'qualifierId': 56, 'value': 'Right'}, {'id': 5778814939, 'qualifierId': 140, 'value': '78.2'}]",auyj06nha2syoygo7prfadobu,H. Lundkvist,,San Diego Wave,Home
2824010187,335,61,1,36,13,esvbnzqbyvxp2k570ez7h1a1g,0,78.6,19.5,2025-06-23T02:44:26.336Z,2025-06-23T02:44:26Z,"[{'id': 5778814949, 'qualifierId': 56, 'value': 'Right'}]",321yjdo3gio1l33hc1pdps4wl,A. Leon,,San Diego Wave,Home
2824010191,298,1,1,36,16,f1ks82wpiewyqs6h3oz9v4hzj,0,11.2,90.6,2025-06-23T02:44:28.688Z,2025-06-23T02:44:30Z,"[{'id': 5778814971, 'qualifierId': 141, 'value': '88.7'}, {'id': 5778814973, 'qualifierId': 212, 'value': '6.7'}, {'id': 5778814975, 'qualifierId': 213, 'value': '6.09'}, {'id': 5778814967, 'qualifierId': 56, 'value': 'Back'}, {'id': 5778814969, 'qualifierId': 140, 'value': '17.5'}, {'id': 5778814995, 'qualifierId': 286}, {'id': 5778814991, 'qualifierId': 233, 'value': '336'}, {'id': 5778814989, 'qualifierId': 236}]",4ullol3wa4qdi9ydgrxgxbcgl,C. Krueger,,Washington Spirit,Away
2824010189,336,74,1,36,16,esvbnzqbyvxp2k570ez7h1a1g,1,83.2,13.7,2025-06-23T02:44:28.689Z,2025-06-23T02:44:29Z,"[{'id': 5778814959, 'qualifierId': 56, 'value': 'Right'}, {'id': 5778814961, 'qualifierId': 285}, {'id': 5778815011, 'qualifierId': 233, 'value': '298'}]",321yjdo3gio1l33hc1pdps4wl,A. Leon,,San Diego Wave,Home
2824010203,299,1,1,36,17,f1ks82wpiewyqs6h3oz9v4hzj,1,7.3,93.8,2025-06-23T02:44:30.518Z,2025-07-01T18:39:12Z,"[{'id': 5778815059, 'qualifierId': 212, 'value': '6.6'}, {'id': 5778815053, 'qualifierId': 56, 'value': 'Back'}, {'id': 5778815057, 'qualifierId': 141, 'value': '85.4'}, {'id': 5778815061, 'qualifierId': 213, 'value': '4.19'}, {'id': 5778815055, 'qualifierId': 140, 'value': '4.2'}]",4ullol3wa4qdi9ydgrxgxbcgl,C. Krueger,,Washington Spirit,Away
2825263431,728,49,1,36,18,f1ks82wpiewyqs6h3oz9v4hzj,1,5.2,85.3,2025-06-23T02:44:31.445Z,2025-07-01T18:39:08Z,[],bo5e35lsptja0pnlvk1y38dex,E. Morgan,,Washington Spirit,Away
2824010215,300,1,1,36,19,f1ks82wpiewyqs6h3oz9v4hzj,1,4.2,85.4,2025-06-23T02:44:32.409Z,2025-06-23T02:44:34Z,"[{'id': 5778815115, 'qualifierId': 212, 'value': '6.8'}, {'id': 5778815109, 'qualifierId': 56, 'value': 'Back'}, {'id': 5778815117, 'qualifierId': 213, 'value': '1.35'}, {'id': 5778815113, 'qualifierId': 141, 'value': '95.1'}, {'id': 5778815111, 'qualifierId': 140, 'value': '5.6'}]",bo5e35lsptja0pnlvk1y38dex,E. Morgan,,Washington Spirit,Away
2824010231,301,1,1,36,21,f1ks82wpiewyqs6h3oz9v4hzj,0,5.6,95.1,2025-06-23T02:44:34.049Z,2025-06-23T02:54:57Z,"[{'id': 5778815197, 'qualifierId': 56, 'value': 'Back'}, {'id': 5778815203, 'qualifierId': 212, 'value': '31.2'}, {'id': 5778815195, 'qualifierId': 157}, {'id': 5778815201, 'qualifierId': 141, 'value': '93.2'}, {'id': 5778815205, 'qualifierId': 213, 'value': '6.24'}, {'id': 5778815199, 'qualifierId': 140, 'value': '35.3'}, {'id': 5778815207, 'qualifierId': 1}]",4ullol3wa4qdi9ydgrxgxbcgl,C. Krueger,,Washington Spirit,Away
2824010237,337,49,1,36,27,esvbnzqbyvxp2k570ez7h1a1g,1,61.1,14.1,2025-06-23T02:44:40.144Z,2025-06-23T02:54:59Z,[],6h8t7apz5vzk0pjxo8hbbkfhm,S. McCaskill,,San Diego Wave,Home
2824010239,338,1,1,36,27,esvbnzqbyvxp2k570ez7h1a1g,1,61.1,14.1,2025-06-23T02:44:40.304Z,2025-06-23T02:54:58Z,"[{'id': 5778815231, 'qualifierId': 140, 'value': '46.3'}, {'id': 5778815233, 'qualifierId': 141, 'value': '13.5'}, {'id': 5778815229, 'qualifierId': 56, 'value': 'Back'}, {'id': 5778815237, 'qualifierId': 213, 'value': '3.17'}, {'id': 5778815235, 'qualifierId': 212, 'value': '15.5'}]",6h8t7apz5vzk0pjxo8hbbkfhm,S. McCaskill,,San Diego Wave,Home
2824010243,339,1,1,36,29,esvbnzqbyvxp2k570ez7h1a1g,1,43.6,12.9,2025-06-23T02:44:41.729Z,2025-06-23T02:44:45Z,"[{'id': 5778815257, 'qualifierId': 141, 'value': '40.0'}, {'id': 5778815261, 'qualifierId': 213, 'value': '1.99'}, {'id': 5778815255, 'qualifierId': 140, 'value': '35.8'}, {'id': 5778815259, 'qualifierId': 212, 'value': '20.2'}, {'id': 5778815253, 'qualifierId': 56, 'value': 'Back'}]",6p2318moul9op4hmigk1xbaw9,K. McNabb,,San Diego Wave,Home
2824010257,340,2,1,36,33,esvbnzqbyvxp2k570ez7h1a1g,1,36.8,40.3,2025-06-23T02:44:45.728Z,2025-06-23T02:55:30Z,"[{'id': 5778815323, 'qualifierId': 140, 'value': '61.9'}, {'id': 5778815329, 'qualifierId': 1}, {'id': 5778815325, 'qualifierId': 141, 'value': '12.5'}, {'id': 5778815331, 'qualifierId': 56, 'value': 'Right'}, {'id': 5778815327, 'qualifierId': 7, 'value': '3gu9gaz6w7eq79qnaqj3b7jdh'}]",4yb9avzbrzt8m4c4h1yy98jbp,K. Sheridan,,San Diego Wave,Home
2824010263,302,55,1,36,33,f1ks82wpiewyqs6h3oz9v4hzj,1,29.8,50.9,2025-06-23T02:44:45.729Z,2025-07-01T13:23:48Z,"[{'id': 5778815591, 'qualifierId': 189}]",4ullol3wa4qdi9ydgrxgxbcgl,C. Krueger,,Washington Spirit,Away
2824010311,303,1,1,37,5,f1ks82wpiewyqs6h3oz9v4hzj,1,27.5,89.7,2025-06-23T02:45:17.907Z,2025-06-23T02:45:19Z,"[{'id': 5778815623, 'qualifierId': 241}, {'id': 5778815629, 'qualifierId': 141, 'value': '77.9'}, {'id': 5778815621, 'qualifierId': 5}, {'id': 5778815625, 'qualifierId': 56, 'value': 'Back'}, {'id': 5778815633, 'qualifierId': 213, 'value': '5.64'}, {'id': 5778815631, 'qualifierId': 212, 'value': '13.5'}, {'id': 5778815627, 'qualifierId': 140, 'value': '37.8'}]",bo5e35lsptja0pnlvk1y38dex,E. Morgan,,Washington Spirit,Away
2824010315,304,1,1,37,6,f1ks82wpiewyqs6h3oz9v4hzj,1,39.7,80.8,2025-06-23T02:45:19.531Z,2025-06-23T02:45:21Z,"[{'id': 5778815643, 'qualifierId': 141, 'value': '84.7'}, {'id': 5778815641, 'qualifierId': 140, 'value': '58.9'}, {'id': 5778815645, 'qualifierId': 212, 'value': '20.3'}, {'id': 5778815639, 'qualifierId': 56, 'value': 'Left'}, {'id': 5778815647, 'qualifierId': 213, 'value': '0.13'}]",coy005g9noltjta4ka7utllp0,H. Hershfelt,,Washington Spirit,Away
2824010317,305,1,1,37,9,f1ks82wpiewyqs6h3oz9v4hzj,0,62.7,80.8,2025-06-23T02:45:21.656Z,2025-07-01T18:41:12Z,"[{'id': 5778815651, 'qualifierId': 56, 'value': 'Center'}, {'id': 5778815659, 'qualifierId': 213, 'value': '5.95'}, {'id': 5778815653, 'qualifierId': 140, 'value': '91.5'}, {'id': 5778815657, 'qualifierId': 212, 'value': '32.0'}, {'id': 5778815655, 'qualifierId': 141, 'value': '65.6'}]",4wgwp2bd4xrjbg7s4p193aooa,C. Bethune,,Washington Spirit,Away
2824010323,341,43,1,37,9,esvbnzqbyvxp2k570ez7h1a1g,1,0.0,0.0,2025-06-23T02:45:21.657Z,2025-07-01T18:41:06Z,"[{'id': 5778815693, 'qualifierId': 56, 'value': 'Back'}, {'id': 5778815705, 'qualifierId': 233, 'value': '305'}, {'id': 5785841619, 'qualifierId': 144, 'value': '74'}, {'id': 5778815695, 'qualifierId': 285, 'value': '0'}]",dzfr9ktjmxqj2eh2xibt7konp,K. Dali,,San Diego Wave,Home
2824010325,342,52,1,37,13,esvbnzqbyvxp2k570ez7h1a1g,1,3.8,25.8,2025-06-23T02:45:26.561Z,2025-07-01T18:41:17Z,"[{'id': 5785841795, 'qualifierId': 376}]",4yb9avzbrzt8m4c4h1yy98jbp,K. Sheridan,,San Diego Wave,Home
2824010327,343,1,1,37,14,esvbnzqbyvxp2k570ez7h1a1g,0,4.5,26.8,2025-06-23T02:45:27.521Z,2025-06-23T02:45:29Z,"[{'id': 5778815729, 'qualifierId': 56, 'value': 'Back'}, {'id': 5778815737, 'qualifierId': 213, 'value': '1.03'}, {'id': 5778815731, 'qualifierId': 140, 'value': '21.1'}, {'id': 5778815727, 'qualifierId': 123}, {'id': 5778815739, 'qualifierId': 1}, {'id': 5778815733, 'qualifierId': 141, 'value': '69.1'}, {'id': 5778815747, 'qualifierId': 287}, {'id': 5778815735, 'qualifierId': 212, 'value': '33.6'}]",4yb9avzbrzt8m4c4h1yy98jbp,K. Sheridan,,San Diego Wave,Home
2824010337,344,51,1,37,15,esvbnzqbyvxp2k570ez7h1a1g,1,6.3,30.8,2025-06-23T02:45:28.320Z,2025-06-23T02:47:00Z,"[{'id': 5778815777, 'qualifierId': 169, 'value': '307'}]",4yb9avzbrzt8m4c4h1yy98jbp,K. Sheridan,,San Diego Wave,Home
2824010331,306,49,1,37,18,f1ks82wpiewyqs6h3oz9v4hzj,1,80.4,35.4,2025-06-23T02:45:30.981Z,2025-06-23T02:45:31Z,[],en29qfiuu01nsmekoqhycjo45,G. Carle,,Washington Spirit,Away
2824010339,307,13,1,37,19,f1ks82wpiewyqs6h3oz9v4hzj,1,82.1,43.4,2025-06-23T02:45:32.216Z,2025-07-01T13:24:37Z,"[{'id': 5778815901, 'qualifierId': 18}, {'id': 5778816569, 'qualifierId': 468, 'value': '344'}, {'id': 5778815871, 'qualifierId': 102, 'value': '42.5'}, {'id': 5778815879, 'qualifierId': 230, 'value': '99.1'}, {'id': 5778815873, 'qualifierId': 103, 'value': '4.2'}, {'id': 5778815875, 'qualifierId': 215}, {'id': 5778815781, 'qualifierId': 22}, {'id': 5778815809, 'qualifierId': 72}, {'id': 5778815869, 'qualifierId': 84}, {'id': 5778815877, 'qualifierId': 458}, {'id': 5778815785, 'qualifierId': 56, 'value': 'Center'}, {'id': 5778815881, 'qualifierId': 231, 'value': '49.3'}]",en29qfiuu01nsmekoqhycjo45,G. Carle,,Washington Spirit,Away
2824010343,308,5,1,37,21,f1ks82wpiewyqs6h3oz9v4hzj,0,101.3,40.6,2025-06-23T02:45:33.809Z,2025-06-23T02:51:08Z,"[{'id': 5778815799, 'qualifierId': 346}, {'id': 5778815805, 'qualifierId': 233, 'value': '345'}, {'id': 5778815797, 'qualifierId': 56, 'value': 'Center'}]",en29qfiuu01nsmekoqhycjo45,G. Carle,,Washington Spirit,Away
2824010341,345,5,1,37,21,esvbnzqbyvxp2k570ez7h1a1g,1,-1.3,59.4,2025-06-23T02:45:33.809Z,2025-06-23T02:51:08Z,"[{'id': 5778815795, 'qualifierId': 346}, {'id': 5778815801, 'qualifierId': 233, 'value': '308'}, {'id': 5778815793, 'qualifierId': 56, 'value': 'Back'}]",4yb9avzbrzt8m4c4h1yy98jbp,K. Sheridan,,San Diego Wave,Home
2824010379,346,1,1,37,44,esvbnzqbyvxp2k570ez7h1a1g,1,5.0,63.0,2025-06-23T02:45:57.312Z,2025-06-23T02:46:03Z,"[{'id': 5778815987, 'qualifierId': 212, 'value': '73.0'}, {'id': 5778815979, 'qualifierId': 124}, {'id': 5778815995, 'qualifierId': 74}, {'id': 5778815985, 'qualifierId': 141, 'value': '24.7'}, {'id': 5778816081, 'qualifierId': 189}, {'id': 5778815989, 'qualifierId': 213, 'value': '5.92'}, {'id': 5778815981, 'qualifierId': 56, 'value': 'Center'}, {'id': 5778815983, 'qualifierId': 140, 'value': '69.9'}, {'id': 5778815991, 'qualifierId': 1}]",4yb9avzbrzt8m4c4h1yy98jbp,K. Sheridan,,San Diego Wave,Home
2824010381,347,3,1,37,46,esvbnzqbyvxp2k570ez7h1a1g,0,74.1,27.8,2025-06-23T02:45:58.722Z,2025-07-01T18:42:25Z,"[{'id': 5778815999, 'qualifierId': 286}, {'id': 5778815997, 'qualifierId': 56, 'value': 'Center'}, {'id': 5785842621, 'qualifierId': 465}, {'id': 5778816025, 'qualifierId': 233, 'value': '309'}]",auyj06nha2syoygo7prfadobu,H. Lundkvist,,San Diego Wave,Home
2824010383,309,7,1,37,46,f1ks82wpiewyqs6h3oz9v4hzj,1,25.9,72.2,2025-06-23T02:45:58.723Z,2025-07-01T18:42:32Z,"[{'id': 5778816003, 'qualifierId': 56, 'value': 'Back'}, {'id': 5778816001, 'qualifierId': 167}, {'id': 5778816005, 'qualifierId': 285}, {'id': 5785842721, 'qualifierId': 384}, {'id': 5785842723, 'qualifierId': 178}, {'id': 5778816007, 'qualifierId': 233, 'value': '347'}]",bo5e35lsptja0pnlvk1y38dex,E. Morgan,,Washington Spirit,Away
2824010399,310,5,1,37,47,f1ks82wpiewyqs6h3oz9v4hzj,0,27.4,101.6,2025-06-23T02:45:59.732Z,2025-06-23T02:51:09Z,"[{'id': 5778816077, 'qualifierId': 233, 'value': '348'}, {'id': 5778816071, 'qualifierId': 347}, {'id': 5778816069, 'qualifierId': 56, 'value': 'Back'}]",bo5e35lsptja0pnlvk1y38dex,E. Morgan,,Washington Spirit,Away
2824010389,348,5,1,37,47,esvbnzqbyvxp2k570ez7h1a1g,1,72.6,-1.6,2025-06-23T02:45:59.732Z,2025-06-23T02:51:08Z,"[{'id': 5778816073, 'qualifierId': 233, 'value': '310'}, {'id': 5778816033, 'qualifierId': 347}, {'id': 5778816031, 'qualifierId': 56, 'value': 'Right'}]",auyj06nha2syoygo7prfadobu,H. Lundkvist,,San Diego Wave,Home
2824010401,349,1,1,37,52,esvbnzqbyvxp2k570ez7h1a1g,1,65.7,0.0,2025-06-23T02:46:04.881Z,2025-06-23T02:46:06Z,"[{'id': 5778816097, 'qualifierId': 213, 'value': '1.72'}, {'id': 5778816087, 'qualifierId': 107}, {'id': 5778816095, 'qualifierId': 212, 'value': '5.8'}, {'id': 5778816091, 'qualifierId': 140, 'value': '64.9'}, {'id': 5778816093, 'qualifierId': 141, 'value': '7.1'}, {'id': 5778816089, 'qualifierId': 56, 'value': 'Right'}]",dzfr9ktjmxqj2eh2xibt7konp,K. Dali,,San Diego Wave,Home
2824010405,350,1,1,37,53,esvbnzqbyvxp2k570ez7h1a1g,1,62.4,7.9,2025-06-23T02:46:06.513Z,2025-06-23T02:46:08Z,"[{'id': 5778816101, 'qualifierId': 56, 'value': 'Right'}, {'id': 5778816109, 'qualifierId': 213, 'value': '0.99'}, {'id': 5778816103, 'qualifierId': 140, 'value': '65.9'}, {'id': 5778816107, 'qualifierId': 212, 'value': '6.7'}, {'id': 5778816105, 'qualifierId': 141, 'value': '16.2'}]",3gu9gaz6w7eq79qnaqj3b7jdh,D. Cascarino,,San Diego Wave,Home
2824010409,351,1,1,37,55,esvbnzqbyvxp2k570ez7h1a1g,1,66.0,15.2,2025-06-23T02:46:07.985Z,2025-06-23T02:46:09Z,"[{'id': 5778816119, 'qualifierId': 140, 'value': '70.1'}, {'id': 5778816125, 'qualifierId': 213, 'value': '6.10'}, {'id': 5778816123, 'qualifierId': 212, 'value': '4.4'}, {'id': 5778816117, 'qualifierId': 56, 'value': 'Right'}, {'id': 5778816121, 'qualifierId': 141, 'value': '14.0'}]",6h8t7apz5vzk0pjxo8hbbkfhm,S. McCaskill,,San Diego Wave,Home
2824010411,352,1,1,37,55,esvbnzqbyvxp2k570ez7h1a1g,1,71.3,14.1,2025-06-23T02:46:08.020Z,2025-06-23T02:58:32Z,"[{'id': 5778816129, 'qualifierId': 56, 'value': 'Right'}, {'id': 5778816137, 'qualifierId': 213, 'value': '3.57'}, {'id': 5778816145, 'qualifierId': 156}, {'id': 5778816135, 'qualifierId': 212, 'value': '4.6'}, {'id': 5778816131, 'qualifierId': 140, 'value': '67.3'}, {'id': 5778816133, 'qualifierId': 141, 'value': '11.3'}]",auyj06nha2syoygo7prfadobu,H. Lundkvist,,San Diego Wave,Home
2824010589,363,61,1,37,56,esvbnzqbyvxp2k570ez7h1a1g,0,66.0,9.4,2025-06-23T02:46:08.785Z,2025-06-23T02:58:52Z,"[{'id': 5778817181, 'qualifierId': 56, 'value': 'Right'}]",dzfr9ktjmxqj2eh2xibt7konp,K. Dali,,San Diego Wave,Home
2824010569,317,61,1,37,56,f1ks82wpiewyqs6h3oz9v4hzj,1,40.0,85.7,2025-06-23T02:46:09.478Z,2025-06-23T02:48:07Z,"[{'id': 5778817069, 'qualifierId': 56, 'value': 'Back'}]",yay5mq8trvoxv9mwm4mqzn8q,G. Monday,,Washington Spirit,Away
2824010581,318,3,1,37,57,f1ks82wpiewyqs6h3oz9v4hzj,0,36.0,76.9,2025-06-23T02:46:09.829Z,2025-07-01T18:43:17Z,"[{'id': 5778817129, 'qualifierId': 56, 'value': 'Back'}, {'id': 5785843231, 'qualifierId': 464}, {'id': 5778817173, 'qualifierId': 233, 'value': '362'}, {'id': 5778817131, 'qualifierId': 286}]",4wgwp2bd4xrjbg7s4p193aooa,C. Bethune,,Washington Spirit,Away
2824010585,362,7,1,37,57,esvbnzqbyvxp2k570ez7h1a1g,1,64.0,23.1,2025-06-23T02:46:09.830Z,2025-07-01T18:43:22Z,"[{'id': 5778817147, 'qualifierId': 285}, {'id': 5785843311, 'qualifierId': 178}, {'id': 5778817145, 'qualifierId': 56, 'value': 'Center'}, {'id': 5785843309, 'qualifierId': 384}, {'id': 5778817165, 'qualifierId': 233, 'value': '318'}]",6h8t7apz5vzk0pjxo8hbbkfhm,S. McCaskill,,San Diego Wave,Home
2824010419,353,43,1,37,59,esvbnzqbyvxp2k570ez7h1a1g,1,0.0,0.0,2025-06-23T02:46:12.578Z,2025-06-23T02:48:35Z,"[{'id': 5778816175, 'qualifierId': 56, 'value': 'Right'}, {'id': 5778817347, 'qualifierId': 144, 'value': '61'}]",dzfr9ktjmxqj2eh2xibt7konp,K. Dali,,San Diego Wave,Home
2824010433,354,1,1,38,6,esvbnzqbyvxp2k570ez7h1a1g,1,69.6,38.5,2025-06-23T02:46:19.185Z,2025-06-23T02:46:22Z,"[{'id': 5778816231, 'qualifierId': 140, 'value': '69.6'}, {'id': 5778816233, 'qualifierId': 141, 'value': '54.2'}, {'id': 5778816229, 'qualifierId': 56, 'value': 'Center'}, {'id': 5778816237, 'qualifierId': 213, 'value': '1.57'}, {'id': 5778816235, 'qualifierId': 212, 'value': '10.7'}]",3gu9gaz6w7eq79qnaqj3b7jdh,D. Cascarino,,San Diego Wave,Home
2824010445,355,1,1,38,10,esvbnzqbyvxp2k570ez7h1a1g,0,71.1,52.5,2025-06-23T02:46:22.801Z,2025-06-23T02:46:31Z,"[{'id': 5778816321, 'qualifierId': 212, 'value': '25.2'}, {'id': 5778816315, 'qualifierId': 56, 'value': 'Center'}, {'id': 5778816323, 'qualifierId': 213, 'value': '5.71'}, {'id': 5778816319, 'qualifierId': 141, 'value': '32.4'}, {'id': 5778816317, 'qualifierId': 140, 'value': '91.3'}, {'id': 5778816383, 'qualifierId': 4}]",efynp5qo9b9x0lh9b4ft0ic8a,G. Corley,,San Diego Wave,Home
2824010451,312,12,1,38,14,f1ks82wpiewyqs6h3oz9v4hzj,1,7.1,68.1,2025-06-23T02:46:27.132Z,2025-06-23T02:46:29Z,"[{'id': 5778816345, 'qualifierId': 140, 'value': '4.7'}, {'id': 5778816343, 'qualifierId': 56, 'value': 'Back'}, {'id': 5778816349, 'qualifierId': 212, 'value': '23.2'}, {'id': 5778816361, 'qualifierId': 167}, {'id': 5778816347, 'qualifierId': 141, 'value': '100.0'}, {'id': 5778816351, 'qualifierId': 213, 'value': '1.68'}]",4ullol3wa4qdi9ydgrxgxbcgl,C. Krueger,,Washington Spirit,Away
2824010453,313,5,1,38,16,f1ks82wpiewyqs6h3oz9v4hzj,0,4.4,101.4,2025-06-23T02:46:28.737Z,2025-06-23T02:51:09Z,"[{'id': 5778816369, 'qualifierId': 233, 'value': '356'}, {'id': 5778816355, 'qualifierId': 347}, {'id': 5778816353, 'qualifierId': 56, 'value': 'Back'}]",4ullol3wa4qdi9ydgrxgxbcgl,C. Krueger,,Washington Spirit,Away
2824010455,356,5,1,38,16,esvbnzqbyvxp2k570ez7h1a1g,1,95.6,-1.4,2025-06-23T02:46:28.737Z,2025-06-23T02:46:30Z,"[{'id': 5778816359, 'qualifierId': 347}, {'id': 5778816357, 'qualifierId': 56, 'value': 'Right'}, {'id': 5778816363, 'qualifierId': 233, 'value': '313'}]",efynp5qo9b9x0lh9b4ft0ic8a,G. Corley,,San Diego Wave,Home
2824010511,358,1,1,39,14,esvbnzqbyvxp2k570ez7h1a1g,1,91.0,0.0,2025-06-23T02:47:26.913Z,2025-06-23T02:47:28Z,"[{'id': 5778816719, 'qualifierId': 213, 'value': '1.36'}, {'id': 5778816711, 'qualifierId': 56, 'value': 'Right'}, {'id': 5778816713, 'qualifierId': 140, 'value': '92.5'}, {'id': 5778816717, 'qualifierId': 212, 'value': '7.5'}, {'id': 5778816715, 'qualifierId': 141, 'value': '9.5'}, {'id': 5778816709, 'qualifierId': 107}]",auyj06nha2syoygo7prfadobu,H. Lundkvist,,San Diego Wave,Home
2824010519,314,83,1,39,15,f1ks82wpiewyqs6h3oz9v4hzj,0,13.1,85.7,2025-06-23T02:47:28.252Z,2025-06-23T02:47:45Z,"[{'id': 5778816911, 'qualifierId': 399, 'value': 'dzfr9ktjmxqj2eh2xibt7konp'}]",coy005g9noltjta4ka7utllp0,H. Hershfelt,,Washington Spirit,Away
2824010517,359,1,1,39,15,esvbnzqbyvxp2k570ez7h1a1g,1,93.7,9.2,2025-06-23T02:47:28.513Z,2025-06-23T02:47:30Z,"[{'id': 5778816743, 'qualifierId': 140, 'value': '93.4'}, {'id': 5778816741, 'qualifierId': 56, 'value': 'Right'}, {'id': 5778816749, 'qualifierId': 213, 'value': '4.63'}, {'id': 5778816745, 'qualifierId': 141, 'value': '3.5'}, {'id': 5778816747, 'qualifierId': 212, 'value': '3.9'}]",dzfr9ktjmxqj2eh2xibt7konp,K. Dali,,San Diego Wave,Home
2824010541,360,1,1,39,17,esvbnzqbyvxp2k570ez7h1a1g,1,92.1,3.5,2025-06-23T02:47:30.161Z,2025-06-23T02:47:38Z,"[{'id': 5778816847, 'qualifierId': 140, 'value': '89.7'}, {'id': 5778816845, 'qualifierId': 56, 'value': 'Right'}, {'id': 5778816849, 'qualifierId': 141, 'value': '6.4'}, {'id': 5778816851, 'qualifierId': 212, 'value': '3.2'}, {'id': 5778816853, 'qualifierId': 213, 'value': '2.48'}]",auyj06nha2syoygo7prfadobu,H. Lundkvist,,San Diego Wave,Home
2824010533,315,43,1,39,23,f1ks82wpiewyqs6h3oz9v4hzj,1,0.0,0.0,2025-06-23T02:47:36.360Z,2025-06-23T02:47:40Z,"[{'id': 5778816887, 'qualifierId': 144, 'value': '83'}]",4wgwp2bd4xrjbg7s4p193aooa,C. Bethune,,Washington Spirit,Away
2824010543,361,4,1,39,25,esvbnzqbyvxp2k570ez7h1a1g,1,78.2,19.0,2025-06-23T02:47:37.827Z,2025-06-23T02:47:41Z,"[{'id': 5778816877, 'qualifierId': 286}, {'id': 5778816869, 'qualifierId': 13}, {'id': 5778816875, 'qualifierId': 265}, {'id': 5778816873, 'qualifierId': 152}, {'id': 5778816879, 'qualifierId': 233, 'value': '316'}, {'id': 5778816871, 'qualifierId': 56, 'value': 'Right'}]",dzfr9ktjmxqj2eh2xibt7konp,K. Dali,,San Diego Wave,Home
2824010537,316,4,1,39,25,f1ks82wpiewyqs6h3oz9v4hzj,0,21.8,81.0,2025-06-23T02:47:37.828Z,2025-06-23T02:49:59Z,"[{'id': 5778816863, 'qualifierId': 56, 'value': 'Back'}, {'id': 5778816885, 'qualifierId': 233, 'value': '361'}, {'id': 5778816859, 'qualifierId': 13}, {'id': 5778816865, 'qualifierId': 152}, {'id': 5778816867, 'qualifierId': 285}, {'id': 5778817345, 'qualifierId': 265}]",4wgwp2bd4xrjbg7s4p193aooa,C. Bethune,,Washington Spirit,Away
2824010629,364,15,1,40,25,esvbnzqbyvxp2k570ez7h1a1g,1,81.3,25.0,2025-06-23T02:48:38.354Z,2025-07-01T13:25:32Z,"[{'id': 5778817391, 'qualifierId': 56, 'value': 'Center'}, {'id': 5778817417, 'qualifierId': 72}, {'id': 5778817493, 'qualifierId': 233, 'value': '319'}, {'id': 5778817471, 'qualifierId': 146, 'value': '99.3'}, {'id': 5778817473, 'qualifierId': 147, 'value': '48.4'}, {'id': 5778817389, 'qualifierId': 18}, {'id': 5778817467, 'qualifierId': 103, 'value': '8.2'}, {'id': 5778817463, 'qualifierId': 76}, {'id': 5778817469, 'qualifierId': 458}, {'id': 5778817461, 'qualifierId': 120}, {'id': 5778817387, 'qualifierId': 26}, {'id': 5778817465, 'qualifierId': 102, 'value': '53.9'}]",1he80t4tdvj86rbvng0956prd,M. Sánchez,,San Diego Wave,Home
2824010627,319,10,1,40,25,f1ks82wpiewyqs6h3oz9v4hzj,1,1.9,51.7,2025-06-23T02:48:38.454Z,2025-07-01T13:25:42Z,"[{'id': 5785714503, 'qualifierId': 376}, {'id': 5778817497, 'qualifierId': 233, 'value': '364'}, {'id': 5778817411, 'qualifierId': 177}, {'id': 5778817383, 'qualifierId': 56, 'value': 'Back'}, {'id': 5778817381, 'qualifierId': 182}, {'id': 5778817413, 'qualifierId': 179}]",d9dirjpaqkq3gga2zyeykcv6d,A. Kingsbury,,Washington Spirit,Away
2824010633,320,52,1,40,26,f1ks82wpiewyqs6h3oz9v4hzj,1,1.4,51.0,2025-06-23T02:48:39.179Z,2025-07-01T18:45:08Z,"[{'id': 5785844437, 'qualifierId': 376}]",d9dirjpaqkq3gga2zyeykcv6d,A. Kingsbury,,Washington Spirit,Away
2824010641,321,4,1,40,34,f1ks82wpiewyqs6h3oz9v4hzj,1,15.1,40.6,2025-06-23T02:48:47.396Z,2025-06-23T02:50:13Z,"[{'id': 5778817503, 'qualifierId': 398}, {'id': 5778817933, 'qualifierId': 233, 'value': '365'}, {'id': 5778817509, 'qualifierId': 285}, {'id': 5778817505, 'qualifierId': 56, 'value': 'Back'}, {'id': 5778817507, 'qualifierId': 152}]",d9dirjpaqkq3gga2zyeykcv6d,A. Kingsbury,,Washington Spirit,Away
2824010679,365,4,1,40,34,esvbnzqbyvxp2k570ez7h1a1g,0,84.9,59.4,2025-06-23T02:48:47.397Z,2025-06-23T02:50:11Z,"[{'id': 5778818333, 'qualifierId': 398}, {'id': 5778817679, 'qualifierId': 286}, {'id': 5778817937, 'qualifierId': 233, 'value': '321'}, {'id': 5778817673, 'qualifierId': 56, 'value': 'Center'}, {'id': 5778818269, 'qualifierId': 55, 'value': '366'}, {'id': 5778817675, 'qualifierId': 152}]",efynp5qo9b9x0lh9b4ft0ic8a,G. Corley,,San Diego Wave,Home
2824010695,366,17,1,40,38,esvbnzqbyvxp2k570ez7h1a1g,1,0.0,0.0,2025-06-23T02:48:51.434Z,2025-07-01T13:27:24Z,"[{'id': 5778817969, 'qualifierId': 13, 'value': '243'}, {'id': 5778817971, 'qualifierId': 55, 'value': '365'}, {'id': 5778817967, 'qualifierId': 393}, {'id': 5785714739, 'qualifierId': 189}, {'id': 5778817965, 'qualifierId': 31}]",efynp5qo9b9x0lh9b4ft0ic8a,G. Corley,,San Diego Wave,Home
2824010741,322,1,1,40,58,f1ks82wpiewyqs6h3oz9v4hzj,1,17.6,38.3,2025-06-23T02:49:11.441Z,2025-06-23T02:50:38Z,"[{'id': 5778817997, 'qualifierId': 140, 'value': '14.2'}, {'id': 5778817993, 'qualifierId': 152}, {'id': 5778817991, 'qualifierId': 5}, {'id': 5778817999, 'qualifierId': 141, 'value': '53.4'}, {'id': 5778818001, 'qualifierId': 212, 'value': '10.9'}, {'id': 5778817995, 'qualifierId': 56, 'value': 'Back'}, {'id': 5778818003, 'qualifierId': 213, 'value': '1.91'}]",27dktxivmcqmi1lkz1vs49qi2,T. McKeown,,Washington Spirit,Away
2824010743,323,1,1,40,59,f1ks82wpiewyqs6h3oz9v4hzj,0,14.2,53.4,2025-06-23T02:49:12.487Z,2025-06-23T02:50:41Z,"[{'id': 5778818017, 'qualifierId': 213, 'value': '0.35'}, {'id': 5778818009, 'qualifierId': 56, 'value': 'Back'}, {'id': 5778818011, 'qualifierId': 140, 'value': '44.5'}, {'id': 5778818019, 'qualifierId': 1}, {'id': 5778818013, 'qualifierId': 141, 'value': '70.5'}, {'id': 5778818015, 'qualifierId': 212, 'value': '33.9'}, {'id': 5778818957, 'qualifierId': 155}]",d9dirjpaqkq3gga2zyeykcv6d,A. Kingsbury,,Washington Spirit,Away
2824010951,325,44,1,41,0,f1ks82wpiewyqs6h3oz9v4hzj,1,47.8,68.0,2025-06-23T02:49:13.213Z,2025-06-23T03:02:49Z,"[{'id': 5778819109, 'qualifierId': 56, 'value': 'Back'}, {'id': 5778819113, 'qualifierId': 233, 'value': '367'}, {'id': 5778819111, 'qualifierId': 285}]",73q03evwuq5rdm7scz31yj4a2,M. Morris,,Washington Spirit,Away
2824010745,367,44,1,41,0,esvbnzqbyvxp2k570ez7h1a1g,0,52.2,32.0,2025-06-23T02:49:13.214Z,2025-06-23T03:02:49Z,"[{'id': 5778819011, 'qualifierId': 286}, {'id': 5778819117, 'qualifierId': 233, 'value': '325'}, {'id': 5778818023, 'qualifierId': 56, 'value': 'Center'}]",9ms54l53wseuxarpn4vfcx9g4,T. Armstrong,,San Diego Wave,Home
2824010961,326,61,1,41,0,f1ks82wpiewyqs6h3oz9v4hzj,0,45.5,76.3,2025-06-23T02:49:13.351Z,2025-06-23T02:50:59Z,"[{'id': 5778819141, 'qualifierId': 56, 'value': 'Back'}]",73q03evwuq5rdm7scz31yj4a2,M. Morris,,Washington Spirit,Away
2824010749,368,49,1,41,6,esvbnzqbyvxp2k570ez7h1a1g,1,61.8,29.2,2025-06-23T02:49:19.586Z,2025-06-23T02:49:19Z,[],dzfr9ktjmxqj2eh2xibt7konp,K. Dali,,San Diego Wave,Home
2824010761,369,1,1,41,7,esvbnzqbyvxp2k570ez7h1a1g,0,63.0,29.1,2025-06-23T02:49:19.955Z,2025-06-23T02:49:24Z,"[{'id': 5778818119, 'qualifierId': 141, 'value': '27.9'}, {'id': 5778818113, 'qualifierId': 155}, {'id': 5778818123, 'qualifierId': 213, 'value': '6.25'}, {'id': 5778818117, 'qualifierId': 140, 'value': '88.5'}, {'id': 5778818115, 'qualifierId': 56, 'value': 'Center'}, {'id': 5778818121, 'qualifierId': 212, 'value': '26.8'}]",dzfr9ktjmxqj2eh2xibt7konp,K. Dali,,San Diego Wave,Home
2824010777,324,43,1,41,12,f1ks82wpiewyqs6h3oz9v4hzj,1,0.0,0.0,2025-06-23T02:49:25.469Z,2025-06-23T03:01:50Z,"[{'id': 5778822877, 'qualifierId': 144, 'value': '12'}, {'id': 5778818179, 'qualifierId': 140, 'value': '13.2'}, {'id': 5778818185, 'qualifierId': 213, 'value': '1.41'}, {'id': 5778818181, 'qualifierId': 141, 'value': '88.1'}, {'id': 5778818183, 'qualifierId': 212, 'value': '11.8'}, {'id': 5778818177, 'qualifierId': 56, 'value': 'Back'}]",27dktxivmcqmi1lkz1vs49qi2,T. McKeown,,Washington Spirit,Away
2824011157,334,12,1,41,13,f1ks82wpiewyqs6h3oz9v4hzj,1,14.1,73.6,2025-06-23T02:49:26.336Z,2025-06-23T02:59:43Z,"[{'id': 5778820101, 'qualifierId': 140, 'value': '14.4'}, {'id': 5778820103, 'qualifierId': 141, 'value': '75.0'}, {'id': 5778820107, 'qualifierId': 213, 'value': '1.25'}, {'id': 5778820099, 'qualifierId': 56, 'value': 'Back'}, {'id': 5778820105, 'qualifierId': 212, 'value': '1.0'}]",bo5e35lsptja0pnlvk1y38dex,E. Morgan,,Washington Spirit,Away
2824011099,373,61,1,41,13,esvbnzqbyvxp2k570ez7h1a1g,1,86.9,29.7,2025-06-23T02:49:26.375Z,2025-06-23T03:01:01Z,"[{'id': 5778819849, 'qualifierId': 56, 'value': 'Center'}]",3gu9gaz6w7eq79qnaqj3b7jdh,D. Cascarino,,San Diego Wave,Home
2824011631,379,61,1,41,14,f1ks82wpiewyqs6h3oz9v4hzj,1,15.2,70.8,2025-06-23T02:49:26.614Z,2025-06-23T03:01:24Z,"[{'id': 5778822871, 'qualifierId': 56, 'value': 'Back'}]",bo5e35lsptja0pnlvk1y38dex,E. Morgan,,Washington Spirit,Away
2824011103,374,43,1,41,14,esvbnzqbyvxp2k570ez7h1a1g,1,0.0,0.0,2025-06-23T02:49:27.570Z,2025-06-23T03:01:09Z,"[{'id': 5778822865, 'qualifierId': 144, 'value': '61'}, {'id': 5778819863, 'qualifierId': 56, 'value': 'Center'}]",3gu9gaz6w7eq79qnaqj3b7jdh,D. Cascarino,,San Diego Wave,Home
2824010979,327,27,1,41,15,f1ks82wpiewyqs6h3oz9v4hzj,1,0.0,0.0,2025-06-23T02:49:28.098Z,2025-06-23T03:02:13Z,"[{'id': 5778819289, 'qualifierId': 233, 'value': '370'}]",,,,Washington Spirit,Away
2824010773,370,27,1,41,15,esvbnzqbyvxp2k570ez7h1a1g,1,0.0,0.0,2025-06-23T02:49:28.098Z,2025-06-23T02:51:09Z,"[{'id': 5778819143, 'qualifierId': 41, 'value': 'Injury'}, {'id': 5778819273, 'qualifierId': 233, 'value': '327'}, {'id': 5778819145, 'qualifierId': 53, 'value': '3gu9gaz6w7eq79qnaqj3b7jdh'}]",,,,San Diego Wave,Home
2824010987,328,28,1,42,52,f1ks82wpiewyqs6h3oz9v4hzj,1,0.0,0.0,2025-06-23T02:51:04.682Z,2025-06-23T02:51:07Z,"[{'id': 5778819237, 'qualifierId': 55, 'value': '327'}, {'id': 5778819245, 'qualifierId': 233, 'value': '371'}]",,,,Washington Spirit,Away
2824010983,371,28,1,42,52,esvbnzqbyvxp2k570ez7h1a1g,1,0.0,0.0,2025-06-23T02:51:04.682Z,2025-06-23T02:51:06Z,"[{'id': 5778819217, 'qualifierId': 55, 'value': '370'}, {'id': 5778819241, 'qualifierId': 233, 'value': '328'}]",,,,San Diego Wave,Home
2824011091,372,68,1,44,6,esvbnzqbyvxp2k570ez7h1a1g,0,87.4,29.7,2025-06-23T02:52:18.963Z,2025-06-23T02:52:19Z,[],,,,San Diego Wave,Home
2824011093,329,68,1,44,7,f1ks82wpiewyqs6h3oz9v4hzj,1,14.6,68.1,2025-06-23T02:52:19.902Z,2025-06-23T02:52:20Z,[],,,,Washington Spirit,Away
2824011109,330,52,1,44,10,f1ks82wpiewyqs6h3oz9v4hzj,1,13.6,68.1,2025-06-23T02:52:23.011Z,2025-07-01T18:51:12Z,"[{'id': 5785847287, 'qualifierId': 376}]",d9dirjpaqkq3gga2zyeykcv6d,A. Kingsbury,,Washington Spirit,Away
2824011133,331,1,1,44,19,f1ks82wpiewyqs6h3oz9v4hzj,1,14.4,54.9,2025-06-23T02:52:31.963Z,2025-06-23T02:52:33Z,"[{'id': 5778819997, 'qualifierId': 56, 'value': 'Back'}, {'id': 5778820005, 'qualifierId': 213, 'value': '0.86'}, {'id': 5778819995, 'qualifierId': 123}, {'id': 5778820001, 'qualifierId': 141, 'value': '73.3'}, {'id': 5778819999, 'qualifierId': 140, 'value': '24.6'}, {'id': 5778820003, 'qualifierId': 212, 'value': '16.5'}]",d9dirjpaqkq3gga2zyeykcv6d,A. Kingsbury,,Washington Spirit,Away
2824011139,332,1,1,44,20,f1ks82wpiewyqs6h3oz9v4hzj,1,24.6,73.3,2025-06-23T02:52:33.181Z,2025-06-23T02:52:34Z,"[{'id': 5778820013, 'qualifierId': 140, 'value': '42.2'}, {'id': 5778820019, 'qualifierId': 213, 'value': '6.25'}, {'id': 5778820011, 'qualifierId': 56, 'value': 'Back'}, {'id': 5778820015, 'qualifierId': 141, 'value': '72.3'}, {'id': 5778820017, 'qualifierId': 212, 'value': '18.5'}]",bo5e35lsptja0pnlvk1y38dex,E. Morgan,,Washington Spirit,Away
2824011141,333,61,1,44,22,f1ks82wpiewyqs6h3oz9v4hzj,0,42.2,72.3,2025-06-23T02:52:34.618Z,2025-06-23T02:52:34Z,"[{'id': 5778820025, 'qualifierId': 56, 'value': 'Back'}]",73q03evwuq5rdm7scz31yj4a2,M. Morris,,Washington Spirit,Away
2824011147,375,49,1,44,25,esvbnzqbyvxp2k570ez7h1a1g,1,61.6,27.7,2025-06-23T02:52:37.727Z,2025-06-23T02:52:37Z,[],dzfr9ktjmxqj2eh2xibt7konp,K. Dali,,San Diego Wave,Home
2824011149,376,1,1,44,25,esvbnzqbyvxp2k570ez7h1a1g,1,61.6,27.7,2025-06-23T02:52:38.178Z,2025-06-23T02:52:39Z,"[{'id': 5778820057, 'qualifierId': 212, 'value': '16.4'}, {'id': 5778820055, 'qualifierId': 141, 'value': '4.1'}, {'id': 5778820059, 'qualifierId': 213, 'value': '4.93'}, {'id': 5778820051, 'qualifierId': 56, 'value': 'Right'}, {'id': 5778820053, 'qualifierId': 140, 'value': '64.9'}]",dzfr9ktjmxqj2eh2xibt7konp,K. Dali,,San Diego Wave,Home
2824011161,335,83,1,44,26,f1ks82wpiewyqs6h3oz9v4hzj,0,34.0,83.2,2025-06-23T02:52:39.371Z,2025-07-01T19:02:00Z,"[{'id': 5778820191, 'qualifierId': 399, 'value': 'auyj06nha2syoygo7prfadobu'}]",yay5mq8trvoxv9mwm4mqzn8q,G. Monday,,Washington Spirit,Away
2824011159,377,1,1,44,27,esvbnzqbyvxp2k570ez7h1a1g,1,66.5,4.7,2025-06-23T02:52:39.730Z,2025-06-23T02:52:44Z,"[{'id': 5778820139, 'qualifierId': 140, 'value': '65.3'}, {'id': 5778820137, 'qualifierId': 56, 'value': 'Right'}, {'id': 5778820145, 'qualifierId': 213, 'value': '1.85'}, {'id': 5778820141, 'qualifierId': 141, 'value': '11.1'}, {'id': 5778820143, 'qualifierId': 212, 'value': '4.5'}]",auyj06nha2syoygo7prfadobu,H. Lundkvist,,San Diego Wave,Home
2824011165,378,1,1,44,31,esvbnzqbyvxp2k570ez7h1a1g,1,69.0,12.2,2025-06-23T02:52:44.354Z,2025-06-23T02:52:48Z,"[{'id': 5778820171, 'qualifierId': 212, 'value': '6.6'}, {'id': 5778820173, 'qualifierId': 213, 'value': '6.10'}, {'id': 5778820169, 'qualifierId': 141, 'value': '10.4'}, {'id': 5778820165, 'qualifierId': 56, 'value': 'Right'}, {'id': 5778820167, 'qualifierId': 140, 'value': '75.2'}]",dzfr9ktjmxqj2eh2xibt7konp,K. Dali,,San Diego Wave,Home
2824011163,336,43,1,44,36,f1ks82wpiewyqs6h3oz9v4hzj,1,0.0,0.0,2025-06-23T02:52:48.682Z,2025-06-23T03:00:54Z,"[{'id': 5778820187, 'qualifierId': 399, 'value': 'auyj06nha2syoygo7prfadobu'}, {'id': 5778822863, 'qualifierId': 144, 'value': '83'}]",yay5mq8trvoxv9mwm4mqzn8q,G. Monday,,Washington Spirit,Away
2824011167,379,1,1,44,36,esvbnzqbyvxp2k570ez7h1a1g,0,75.6,20.0,2025-06-23T02:52:48.883Z,2025-06-23T02:52:49Z,"[{'id': 5778820185, 'qualifierId': 213, 'value': '1.91'}, {'id': 5778820179, 'qualifierId': 140, 'value': '74.1'}, {'id': 5778820181, 'qualifierId': 141, 'value': '26.5'}, {'id': 5778820177, 'qualifierId': 56, 'value': 'Center'}, {'id': 5778820183, 'qualifierId': 212, 'value': '4.7'}]",auyj06nha2syoygo7prfadobu,H. Lundkvist,,San Diego Wave,Home
2824011169,337,49,1,44,37,f1ks82wpiewyqs6h3oz9v4hzj,1,34.8,74.5,2025-06-23T02:52:50.198Z,2025-06-23T02:52:50Z,[],4wgwp2bd4xrjbg7s4p193aooa,C. Bethune,,Washington Spirit,Away
2824011175,338,1,1,44,38,f1ks82wpiewyqs6h3oz9v4hzj,1,36.8,69.7,2025-06-23T02:52:50.807Z,2025-06-23T02:52:53Z,"[{'id': 5778820229, 'qualifierId': 212, 'value': '12.3'}, {'id': 5778820223, 'qualifierId': 56, 'value': 'Back'}, {'id': 5778820231, 'qualifierId': 213, 'value': '4.08'}, {'id': 5778820227, 'qualifierId': 141, 'value': '55.1'}, {'id': 5778820225, 'qualifierId': 140, 'value': '29.9'}]",4wgwp2bd4xrjbg7s4p193aooa,C. Bethune,,Washington Spirit,Away
2824011183,339,1,1,44,41,f1ks82wpiewyqs6h3oz9v4hzj,0,32.9,56.3,2025-06-23T02:52:53.869Z,2025-06-23T02:52:55Z,"[{'id': 5778820247, 'qualifierId': 155}, {'id': 5778820257, 'qualifierId': 213, 'value': '4.83'}, {'id': 5778820255, 'qualifierId': 212, 'value': '39.9'}, {'id': 5778820259, 'qualifierId': 1}, {'id': 5778820249, 'qualifierId': 56, 'value': 'Back'}, {'id': 5778820251, 'qualifierId': 140, 'value': '37.5'}, {'id': 5778820253, 'qualifierId': 141, 'value': '0.0'}]",b8xa1whpr8m3e5zbziz9e91bd,N. Miura,,Washington Spirit,Away
2824011185,340,5,1,44,42,f1ks82wpiewyqs6h3oz9v4hzj,0,38.4,-1.8,2025-06-23T02:52:55.228Z,2025-06-23T02:52:58Z,"[{'id': 5778820261, 'qualifierId': 56, 'value': 'Back'}, {'id': 5778820263, 'qualifierId': 347}, {'id': 5778820275, 'qualifierId': 233, 'value': '380'}]",b8xa1whpr8m3e5zbziz9e91bd,N. Miura,,Washington Spirit,Away
2824011187,380,5,1,44,42,esvbnzqbyvxp2k570ez7h1a1g,1,61.6,101.8,2025-06-23T02:52:55.228Z,2025-06-23T03:02:14Z,"[{'id': 5778820267, 'qualifierId': 347}, {'id': 5778820265, 'qualifierId': 56, 'value': 'Left'}, {'id': 5778820269, 'qualifierId': 233, 'value': '340'}]",auyj06nha2syoygo7prfadobu,H. Lundkvist,,San Diego Wave,Home
2824011199,381,1,1,44,49,esvbnzqbyvxp2k570ez7h1a1g,1,60.1,100.0,2025-06-23T02:53:02.306Z,2025-06-23T02:53:05Z,"[{'id': 5778820315, 'qualifierId': 140, 'value': '40.8'}, {'id': 5778820321, 'qualifierId': 213, 'value': '3.53'}, {'id': 5778820323, 'qualifierId': 1}, {'id': 5778820313, 'qualifierId': 56, 'value': 'Back'}, {'id': 5778820319, 'qualifierId': 212, 'value': '21.9'}, {'id': 5778820311, 'qualifierId': 107}, {'id': 5778820317, 'qualifierId': 141, 'value': '89.3'}]",3x6baiktcpcjxxh258a5uebpx,P. Morroni,,San Diego Wave,Home
2824011203,382,1,1,44,52,esvbnzqbyvxp2k570ez7h1a1g,1,38.8,77.5,2025-06-23T02:53:05.058Z,2025-06-23T02:53:10Z,"[{'id': 5778820353, 'qualifierId': 140, 'value': '35.9'}, {'id': 5778820351, 'qualifierId': 56, 'value': 'Back'}, {'id': 5778820359, 'qualifierId': 213, 'value': '4.59'}, {'id': 5778820355, 'qualifierId': 141, 'value': '42.1'}, {'id': 5778820357, 'qualifierId': 212, 'value': '24.3'}]",6p2318moul9op4hmigk1xbaw9,K. McNabb,,San Diego Wave,Home
2824011205,383,1,1,44,58,esvbnzqbyvxp2k570ez7h1a1g,0,39.9,34.5,2025-06-23T02:53:10.868Z,2025-06-23T02:53:11Z,"[{'id': 5778820371, 'qualifierId': 212, 'value': '42.2'}, {'id': 5778820373, 'qualifierId': 213, 'value': '0.47'}, {'id': 5778820367, 'qualifierId': 140, 'value': '75.7'}, {'id': 5778820375, 'qualifierId': 1}, {'id': 5778820363, 'qualifierId': 157}, {'id': 5778820369, 'qualifierId': 141, 'value': '62.6'}, {'id': 5778820365, 'qualifierId': 56, 'value': 'Center'}]",9ms54l53wseuxarpn4vfcx9g4,T. Armstrong,,San Diego Wave,Home
2824011209,341,12,1,44,59,f1ks82wpiewyqs6h3oz9v4hzj,1,24.9,35.8,2025-06-23T02:53:12.354Z,2025-06-23T02:56:10Z,"[{'id': 5778820395, 'qualifierId': 212, 'value': '13.5'}, {'id': 5778820397, 'qualifierId': 213, 'value': '0.09'}, {'id': 5778820389, 'qualifierId': 56, 'value': 'Back'}, {'id': 5778820393, 'qualifierId': 141, 'value': '37.6'}, {'id': 5778820391, 'qualifierId': 140, 'value': '37.7'}, {'id': 5778820399, 'qualifierId': 15}]",1v67tba1l3sxow1geovdqefo5,R. Bernal,,Washington Spirit,Away
2824011223,384,70,1,45,0,esvbnzqbyvxp2k570ez7h1a1g,1,0.0,0.0,2025-06-23T02:53:12.706Z,2025-06-23T02:53:25Z,"[{'id': 5778820455, 'qualifierId': 277, 'value': '4'}]",,,,San Diego Wave,Home
2824011215,342,49,1,45,4,f1ks82wpiewyqs6h3oz9v4hzj,1,34.8,39.7,2025-06-23T02:53:16.619Z,2025-06-23T02:53:16Z,[],4wgwp2bd4xrjbg7s4p193aooa,C. Bethune,,Washington Spirit,Away
2824011227,343,1,1,45,4,f1ks82wpiewyqs6h3oz9v4hzj,1,34.6,41.3,2025-06-23T02:53:17.134Z,2025-06-23T02:53:22Z,"[{'id': 5778820473, 'qualifierId': 140, 'value': '36.9'}, {'id': 5778820471, 'qualifierId': 56, 'value': 'Back'}, {'id': 5778820479, 'qualifierId': 213, 'value': '1.45'}, {'id': 5778820475, 'qualifierId': 141, 'value': '71.8'}, {'id': 5778820477, 'qualifierId': 212, 'value': '20.9'}]",4wgwp2bd4xrjbg7s4p193aooa,C. Bethune,,Washington Spirit,Away
2824011235,344,1,1,45,9,f1ks82wpiewyqs6h3oz9v4hzj,1,53.8,74.1,2025-06-23T02:53:22.383Z,2025-06-23T02:53:25Z,"[{'id': 5778820525, 'qualifierId': 213, 'value': '5.87'}, {'id': 5778820519, 'qualifierId': 140, 'value': '70.3'}, {'id': 5778820523, 'qualifierId': 212, 'value': '18.9'}, {'id': 5778820517, 'qualifierId': 56, 'value': 'Center'}, {'id': 5778820521, 'qualifierId': 141, 'value': '63.0'}]",4ullol3wa4qdi9ydgrxgxbcgl,C. Krueger,,Washington Spirit,Away
2824011243,345,1,1,45,12,f1ks82wpiewyqs6h3oz9v4hzj,1,70.4,62.0,2025-06-23T02:53:25.304Z,2025-06-23T02:54:12Z,"[{'id': 5778820545, 'qualifierId': 56, 'value': 'Center'}, {'id': 5778820979, 'qualifierId': 154}, {'id': 5778820549, 'qualifierId': 141, 'value': '65.7'}, {'id': 5778820637, 'qualifierId': 4}, {'id': 5778820547, 'qualifierId': 140, 'value': '89.1'}, {'id': 5778820977, 'qualifierId': 210, 'value': '15'}, {'id': 5778820551, 'qualifierId': 212, 'value': '19.8'}, {'id': 5778820553, 'qualifierId': 213, 'value': '0.13'}]",73q03evwuq5rdm7scz31yj4a2,M. Morris,1.0,Washington Spirit,Away
2824011245,346,15,1,45,13,f1ks82wpiewyqs6h3oz9v4hzj,1,90.9,63.2,2025-06-23T02:53:26.116Z,2025-07-01T13:30:11Z,"[{'id': 5778820559, 'qualifierId': 64}, {'id': 5778820995, 'qualifierId': 103, 'value': '5.1'}, {'id': 5778821007, 'qualifierId': 233, 'value': '385'}, {'id': 5778820999, 'qualifierId': 328}, {'id': 5778820561, 'qualifierId': 56, 'value': 'Center'}, {'id': 5778820993, 'qualifierId': 102, 'value': '48.7'}, {'id': 5778821001, 'qualifierId': 146, 'value': '97.8'}, {'id': 5778820997, 'qualifierId': 214}, {'id': 5778821003, 'qualifierId': 147, 'value': '54.2'}, {'id': 5778820913, 'qualifierId': 72}, {'id': 5778820985, 'qualifierId': 29}, {'id': 5778820983, 'qualifierId': 78}, {'id': 5778820989, 'qualifierId': 55, 'value': '345'}, {'id': 5778822885, 'qualifierId': 23}, {'id': 5778820987, 'qualifierId': 154}]",yay5mq8trvoxv9mwm4mqzn8q,G. Monday,,Washington Spirit,Away
2824011247,385,10,1,45,13,esvbnzqbyvxp2k570ez7h1a1g,1,3.0,44.9,2025-06-23T02:53:26.216Z,2025-07-01T13:30:17Z,"[{'id': 5785715091, 'qualifierId': 376}, {'id': 5778821011, 'qualifierId': 233, 'value': '346'}, {'id': 5778820715, 'qualifierId': 183}, {'id': 5778820713, 'qualifierId': 389}, {'id': 5778820579, 'qualifierId': 56, 'value': 'Back'}, {'id': 5778820573, 'qualifierId': 173}]",4yb9avzbrzt8m4c4h1yy98jbp,K. Sheridan,,San Diego Wave,Home
2824011261,347,1,1,45,18,f1ks82wpiewyqs6h3oz9v4hzj,0,74.6,69.9,2025-06-23T02:53:30.881Z,2025-06-23T02:53:33Z,"[{'id': 5778820625, 'qualifierId': 56, 'value': 'Center'}, {'id': 5778820633, 'qualifierId': 213, 'value': '5.18'}, {'id': 5778820631, 'qualifierId': 212, 'value': '15.1'}, {'id': 5778820627, 'qualifierId': 140, 'value': '81.1'}, {'id': 5778820623, 'qualifierId': 3}, {'id': 5778820629, 'qualifierId': 141, 'value': '50.1'}]",4ullol3wa4qdi9ydgrxgxbcgl,C. Krueger,,Washington Spirit,Away
2824011273,386,12,1,45,21,esvbnzqbyvxp2k570ez7h1a1g,1,18.4,50.4,2025-06-23T02:53:33.922Z,2025-06-23T02:53:38Z,"[{'id': 5778820683, 'qualifierId': 140, 'value': '36.3'}, {'id': 5778820689, 'qualifierId': 213, 'value': '5.51'}, {'id': 5778820681, 'qualifierId': 56, 'value': 'Back'}, {'id': 5778820685, 'qualifierId': 141, 'value': '23.6'}, {'id': 5778820687, 'qualifierId': 212, 'value': '26.2'}]",1he80t4tdvj86rbvng0956prd,M. Sánchez,,San Diego Wave,Home
2824011281,348,1,1,45,24,f1ks82wpiewyqs6h3oz9v4hzj,1,59.4,80.9,2025-06-23T02:53:37.315Z,2025-06-23T02:53:42Z,"[{'id': 5778820721, 'qualifierId': 141, 'value': '56.3'}, {'id': 5778820717, 'qualifierId': 56, 'value': 'Back'}, {'id': 5778820723, 'qualifierId': 212, 'value': '22.0'}, {'id': 5778820719, 'qualifierId': 140, 'value': '45.8'}, {'id': 5778820725, 'qualifierId': 213, 'value': '4.01'}]",bo5e35lsptja0pnlvk1y38dex,E. Morgan,,Washington Spirit,Away
2824011285,349,1,1,45,29,f1ks82wpiewyqs6h3oz9v4hzj,1,48.7,49.9,2025-06-23T02:53:42.532Z,2025-06-23T02:53:45Z,"[{'id': 5778820771, 'qualifierId': 213, 'value': '5.06'}, {'id': 5778820767, 'qualifierId': 141, 'value': '30.3'}, {'id': 5778820769, 'qualifierId': 212, 'value': '14.2'}, {'id': 5778820763, 'qualifierId': 56, 'value': 'Center'}, {'id': 5778820765, 'qualifierId': 140, 'value': '53.3'}]",27dktxivmcqmi1lkz1vs49qi2,T. McKeown,,Washington Spirit,Away
2824011287,350,3,1,45,32,f1ks82wpiewyqs6h3oz9v4hzj,0,57.6,34.9,2025-06-23T02:53:45.297Z,2025-07-01T19:02:56Z,"[{'id': 5778820777, 'qualifierId': 56, 'value': 'Center'}, {'id': 5778820799, 'qualifierId': 286}, {'id': 5785852071, 'qualifierId': 233, 'value': '387'}, {'id': 5785848377, 'qualifierId': 465}]",1v67tba1l3sxow1geovdqefo5,R. Bernal,,Washington Spirit,Away
2824011289,387,7,1,45,32,esvbnzqbyvxp2k570ez7h1a1g,1,42.4,65.1,2025-06-23T02:53:45.298Z,2025-07-01T19:02:55Z,"[{'id': 5785852067, 'qualifierId': 233, 'value': '350'}, {'id': 5785848409, 'qualifierId': 383}, {'id': 5785848411, 'qualifierId': 178}, {'id': 5778820791, 'qualifierId': 285}, {'id': 5778820789, 'qualifierId': 56, 'value': 'Back'}]",efynp5qo9b9x0lh9b4ft0ic8a,G. Corley,,San Diego Wave,Home
2824011291,388,49,1,45,35,esvbnzqbyvxp2k570ez7h1a1g,1,43.7,66.3,2025-06-23T02:53:47.635Z,2025-06-23T02:53:47Z,[],efynp5qo9b9x0lh9b4ft0ic8a,G. Corley,,San Diego Wave,Home
2824011307,389,1,1,45,42,esvbnzqbyvxp2k570ez7h1a1g,1,73.5,72.0,2025-06-23T02:53:54.818Z,2025-06-23T02:53:57Z,"[{'id': 5778820849, 'qualifierId': 141, 'value': '59.3'}, {'id': 5778820851, 'qualifierId': 212, 'value': '9.0'}, {'id': 5778820853, 'qualifierId': 213, 'value': '4.42'}, {'id': 5778820847, 'qualifierId': 140, 'value': '71.0'}, {'id': 5778820845, 'qualifierId': 56, 'value': 'Center'}]",efynp5qo9b9x0lh9b4ft0ic8a,G. Corley,,San Diego Wave,Home
2824011309,390,1,1,45,45,esvbnzqbyvxp2k570ez7h1a1g,1,70.9,51.0,2025-06-23T02:53:57.874Z,2025-06-23T02:53:59Z,"[{'id': 5778820865, 'qualifierId': 56, 'value': 'Center'}, {'id': 5778820867, 'qualifierId': 140, 'value': '80.2'}, {'id': 5778820871, 'qualifierId': 212, 'value': '9.8'}, {'id': 5778820869, 'qualifierId': 141, 'value': '49.3'}, {'id': 5778820873, 'qualifierId': 213, 'value': '6.17'}]",dzfr9ktjmxqj2eh2xibt7konp,K. Dali,,San Diego Wave,Home
2824011311,391,1,1,45,47,esvbnzqbyvxp2k570ez7h1a1g,0,80.3,49.3,2025-06-23T02:53:59.618Z,2025-06-23T02:54:00Z,"[{'id': 5778820885, 'qualifierId': 212, 'value': '7.9'}, {'id': 5778820879, 'qualifierId': 56, 'value': 'Center'}, {'id': 5778820887, 'qualifierId': 213, 'value': '5.02'}, {'id': 5778820883, 'qualifierId': 141, 'value': '38.2'}, {'id': 5778820881, 'qualifierId': 140, 'value': '82.6'}]",321yjdo3gio1l33hc1pdps4wl,A. Leon,,San Diego Wave,Home
2824011313,351,12,1,45,47,f1ks82wpiewyqs6h3oz9v4hzj,1,16.0,61.3,2025-06-23T02:54:00.401Z,2025-06-23T02:54:04Z,"[{'id': 5778820895, 'qualifierId': 141, 'value': '43.4'}, {'id': 5778820897, 'qualifierId': 212, 'value': '24.1'}, {'id': 5778820893, 'qualifierId': 140, 'value': '35.8'}, {'id': 5778820891, 'qualifierId': 56, 'value': 'Back'}, {'id': 5778820899, 'qualifierId': 213, 'value': '5.75'}]",4ullol3wa4qdi9ydgrxgxbcgl,C. Krueger,,Washington Spirit,Away
2824011317,392,1,1,45,52,esvbnzqbyvxp2k570ez7h1a1g,1,61.7,45.4,2025-06-23T02:54:04.994Z,2025-06-23T02:54:06Z,"[{'id': 5778820937, 'qualifierId': 213, 'value': '3.45'}, {'id': 5778820929, 'qualifierId': 56, 'value': 'Center'}, {'id': 5778820935, 'qualifierId': 212, 'value': '10.7'}, {'id': 5778820931, 'qualifierId': 140, 'value': '52.0'}, {'id': 5778820933, 'qualifierId': 141, 'value': '40.6'}]",6h8t7apz5vzk0pjxo8hbbkfhm,S. McCaskill,,San Diego Wave,Home
2824011319,393,1,1,45,53,esvbnzqbyvxp2k570ez7h1a1g,1,53.5,39.7,2025-06-23T02:54:06.611Z,2025-06-23T02:54:09Z,"[{'id': 5778820957, 'qualifierId': 141, 'value': '35.4'}, {'id': 5778820961, 'qualifierId': 213, 'value': '6.00'}, {'id': 5778820955, 'qualifierId': 140, 'value': '63.1'}, {'id': 5778820959, 'qualifierId': 212, 'value': '10.5'}, {'id': 5778820953, 'qualifierId': 56, 'value': 'Center'}]",9ms54l53wseuxarpn4vfcx9g4,T. Armstrong,,San Diego Wave,Home
2824011329,394,1,1,45,56,esvbnzqbyvxp2k570ez7h1a1g,1,64.2,34.3,2025-06-23T02:54:09.490Z,2025-06-23T02:54:15Z,"[{'id': 5778821039, 'qualifierId': 140, 'value': '67.9'}, {'id': 5778821041, 'qualifierId': 141, 'value': '30.9'}, {'id': 5778821043, 'qualifierId': 212, 'value': '4.5'}, {'id': 5778821037, 'qualifierId': 56, 'value': 'Center'}, {'id': 5778821045, 'qualifierId': 213, 'value': '5.75'}]",dzfr9ktjmxqj2eh2xibt7konp,K. Dali,,San Diego Wave,Home
2824011331,395,1,1,46,2,esvbnzqbyvxp2k570ez7h1a1g,1,70.3,35.7,2025-06-23T02:54:15.074Z,2025-06-23T02:54:19Z,"[{'id': 5778821057, 'qualifierId': 213, 'value': '1.70'}, {'id': 5778821055, 'qualifierId': 212, 'value': '20.2'}, {'id': 5778821051, 'qualifierId': 140, 'value': '67.9'}, {'id': 5778821049, 'qualifierId': 56, 'value': 'Center'}, {'id': 5778821053, 'qualifierId': 141, 'value': '65.2'}]",3gu9gaz6w7eq79qnaqj3b7jdh,D. Cascarino,,San Diego Wave,Home
2824011333,396,1,1,46,6,esvbnzqbyvxp2k570ez7h1a1g,1,67.9,59.4,2025-06-23T02:54:19.074Z,2025-06-23T02:54:23Z,"[{'id': 5778821111, 'qualifierId': 213, 'value': '4.56'}, {'id': 5778821105, 'qualifierId': 140, 'value': '66.6'}, {'id': 5778821107, 'qualifierId': 141, 'value': '46.7'}, {'id': 5778821103, 'qualifierId': 56, 'value': 'Center'}, {'id': 5778821109, 'qualifierId': 212, 'value': '8.7'}]",3x6baiktcpcjxxh258a5uebpx,P. Morroni,,San Diego Wave,Home
2824011335,397,1,1,46,10,esvbnzqbyvxp2k570ez7h1a1g,1,65.0,30.9,2025-06-23T02:54:23.426Z,2025-06-23T02:54:26Z,"[{'id': 5778821125, 'qualifierId': 213, 'value': '4.70'}, {'id': 5778821119, 'qualifierId': 140, 'value': '64.9'}, {'id': 5778821121, 'qualifierId': 141, 'value': '14.7'}, {'id': 5778821117, 'qualifierId': 56, 'value': 'Right'}, {'id': 5778821123, 'qualifierId': 212, 'value': '11.0'}]",6h8t7apz5vzk0pjxo8hbbkfhm,S. McCaskill,,San Diego Wave,Home
2824011337,398,1,1,46,14,esvbnzqbyvxp2k570ez7h1a1g,1,65.0,12.6,2025-06-23T02:54:26.722Z,2025-06-23T02:54:28Z,"[{'id': 5778821137, 'qualifierId': 213, 'value': '6.07'}, {'id': 5778821129, 'qualifierId': 56, 'value': 'Right'}, {'id': 5778821135, 'qualifierId': 212, 'value': '5.6'}, {'id': 5778821131, 'qualifierId': 140, 'value': '70.2'}, {'id': 5778821133, 'qualifierId': 141, 'value': '10.9'}]",auyj06nha2syoygo7prfadobu,H. Lundkvist,,San Diego Wave,Home
2824011339,399,1,1,46,15,esvbnzqbyvxp2k570ez7h1a1g,1,70.7,11.4,2025-06-23T02:54:28.418Z,2025-06-23T02:54:29Z,"[{'id': 5778821143, 'qualifierId': 56, 'value': 'Right'}, {'id': 5778821149, 'qualifierId': 212, 'value': '5.0'}, {'id': 5778821151, 'qualifierId': 213, 'value': '1.93'}, {'id': 5778821145, 'qualifierId': 140, 'value': '69.0'}, {'id': 5778821147, 'qualifierId': 141, 'value': '18.3'}]",3gu9gaz6w7eq79qnaqj3b7jdh,D. Cascarino,,San Diego Wave,Home
2824011341,352,43,1,46,16,f1ks82wpiewyqs6h3oz9v4hzj,1,0.0,0.0,2025-06-23T02:54:29.086Z,2025-07-01T18:55:37Z,"[{'id': 5785849081, 'qualifierId': 144, 'value': '83'}, {'id': 5778821187, 'qualifierId': 399, 'value': 'dzfr9ktjmxqj2eh2xibt7konp'}]",b8xa1whpr8m3e5zbziz9e91bd,N. Miura,,Washington Spirit,Away
2824011343,400,1,1,46,16,esvbnzqbyvxp2k570ez7h1a1g,1,68.7,15.3,2025-06-23T02:54:29.346Z,2025-06-23T02:54:31Z,"[{'id': 5778821165, 'qualifierId': 141, 'value': '10.1'}, {'id': 5778821167, 'qualifierId': 212, 'value': '6.9'}, {'id': 5778821163, 'qualifierId': 140, 'value': '63.1'}, {'id': 5778821161, 'qualifierId': 56, 'value': 'Right'}, {'id': 5778821169, 'qualifierId': 213, 'value': '3.68'}]",dzfr9ktjmxqj2eh2xibt7konp,K. Dali,,San Diego Wave,Home
2824011345,401,1,1,46,18,esvbnzqbyvxp2k570ez7h1a1g,1,63.1,10.1,2025-06-23T02:54:31.346Z,2025-06-23T02:54:33Z,"[{'id': 5778821179, 'qualifierId': 141, 'value': '8.2'}, {'id': 5778821177, 'qualifierId': 140, 'value': '69.8'}, {'id': 5778821183, 'qualifierId': 213, 'value': '6.10'}, {'id': 5778821175, 'qualifierId': 56, 'value': 'Right'}, {'id': 5778821181, 'qualifierId': 212, 'value': '7.2'}]",auyj06nha2syoygo7prfadobu,H. Lundkvist,,San Diego Wave,Home
2824011351,402,1,1,46,21,esvbnzqbyvxp2k570ez7h1a1g,1,65.1,7.3,2025-06-23T02:54:33.682Z,2025-06-23T02:54:37Z,"[{'id': 5778821217, 'qualifierId': 140, 'value': '71.9'}, {'id': 5778821219, 'qualifierId': 141, 'value': '16.7'}, {'id': 5778821221, 'qualifierId': 212, 'value': '9.6'}, {'id': 5778821215, 'qualifierId': 56, 'value': 'Right'}, {'id': 5778821223, 'qualifierId': 213, 'value': '0.73'}]",3gu9gaz6w7eq79qnaqj3b7jdh,D. Cascarino,,San Diego Wave,Home
2824011353,403,61,1,46,23,esvbnzqbyvxp2k570ez7h1a1g,0,72.2,18.0,2025-06-23T02:54:36.400Z,2025-06-23T03:01:42Z,"[{'id': 5778821227, 'qualifierId': 56, 'value': 'Right'}]",efynp5qo9b9x0lh9b4ft0ic8a,G. Corley,,San Diego Wave,Home
2824011349,353,61,1,46,24,f1ks82wpiewyqs6h3oz9v4hzj,0,27.4,86.0,2025-06-23T02:54:37.325Z,2025-06-23T03:01:40Z,"[{'id': 5778821213, 'qualifierId': 56, 'value': 'Back'}]",b8xa1whpr8m3e5zbziz9e91bd,N. Miura,,Washington Spirit,Away
2824011365,354,45,1,46,27,f1ks82wpiewyqs6h3oz9v4hzj,0,17.6,85.8,2025-06-23T02:54:39.794Z,2025-06-23T03:02:48Z,"[{'id': 5778821271, 'qualifierId': 285}, {'id': 5778821269, 'qualifierId': 56, 'value': 'Back'}, {'id': 5778821281, 'qualifierId': 233, 'value': '404'}]",coy005g9noltjta4ka7utllp0,H. Hershfelt,,Washington Spirit,Away
2824011367,404,3,1,46,27,esvbnzqbyvxp2k570ez7h1a1g,1,82.4,14.2,2025-06-23T02:54:39.794Z,2025-07-01T18:56:00Z,"[{'id': 5778821277, 'qualifierId': 233, 'value': '354'}, {'id': 5785849255, 'qualifierId': 465}, {'id': 5778821275, 'qualifierId': 286}, {'id': 5778821273, 'qualifierId': 56, 'value': 'Right'}]",3gu9gaz6w7eq79qnaqj3b7jdh,D. Cascarino,,San Diego Wave,Home
2824011369,405,1,1,46,29,esvbnzqbyvxp2k570ez7h1a1g,0,92.7,11.1,2025-06-23T02:54:41.634Z,2025-07-01T18:56:06Z,"[{'id': 5778821297, 'qualifierId': 213, 'value': '1.63'}, {'id': 5778821287, 'qualifierId': 155}, {'id': 5778821285, 'qualifierId': 2}, {'id': 5785849305, 'qualifierId': 20}, {'id': 5778821295, 'qualifierId': 212, 'value': '21.0'}, {'id': 5785849303, 'qualifierId': 224}, {'id': 5778821291, 'qualifierId': 140, 'value': '91.5'}, {'id': 5778821289, 'qualifierId': 56, 'value': 'Center'}, {'id': 5778821293, 'qualifierId': 141, 'value': '41.9'}]",3gu9gaz6w7eq79qnaqj3b7jdh,D. Cascarino,,San Diego Wave,Home
2824011371,355,12,1,46,30,f1ks82wpiewyqs6h3oz9v4hzj,1,9.7,57.3,2025-06-23T02:54:43.286Z,2025-06-23T02:54:44Z,"[{'id': 5778821307, 'qualifierId': 213, 'value': '5.12'}, {'id': 5778821299, 'qualifierId': 56, 'value': 'Back'}, {'id': 5778821305, 'qualifierId': 212, 'value': '8.3'}, {'id': 5778821301, 'qualifierId': 140, 'value': '12.8'}, {'id': 5778821303, 'qualifierId': 141, 'value': '46.1'}]",bo5e35lsptja0pnlvk1y38dex,E. Morgan,,Washington Spirit,Away
2824011373,356,12,1,46,31,f1ks82wpiewyqs6h3oz9v4hzj,1,12.8,46.1,2025-06-23T02:54:44.427Z,2025-06-23T02:54:51Z,"[{'id': 5778821311, 'qualifierId': 140, 'value': '17.8'}, {'id': 5778821319, 'qualifierId': 15}, {'id': 5778821313, 'qualifierId': 141, 'value': '49.6'}, {'id': 5778821317, 'qualifierId': 213, 'value': '0.43'}, {'id': 5778821309, 'qualifierId': 56, 'value': 'Back'}, {'id': 5778821315, 'qualifierId': 212, 'value': '5.8'}]",1v67tba1l3sxow1geovdqefo5,R. Bernal,,Washington Spirit,Away
2824011375,406,1,1,46,36,esvbnzqbyvxp2k570ez7h1a1g,1,80.0,48.1,2025-06-23T02:54:48.834Z,2025-06-23T02:54:51Z,"[{'id': 5778821329, 'qualifierId': 213, 'value': '0.95'}, {'id': 5778821321, 'qualifierId': 56, 'value': 'Center'}, {'id': 5778821323, 'qualifierId': 140, 'value': '89.5'}, {'id': 5778821327, 'qualifierId': 212, 'value': '17.2'}, {'id': 5778821325, 'qualifierId': 141, 'value': '68.7'}]",6h8t7apz5vzk0pjxo8hbbkfhm,S. McCaskill,,San Diego Wave,Home
2824011379,407,1,1,46,37,esvbnzqbyvxp2k570ez7h1a1g,0,88.5,71.1,2025-06-23T02:54:50.587Z,2025-07-01T18:56:41Z,"[{'id': 5778821349, 'qualifierId': 56, 'value': 'Center'}, {'id': 5778821351, 'qualifierId': 140, 'value': '95.6'}, {'id': 5785849371, 'qualifierId': 224}, {'id': 5785849373, 'qualifierId': 72}, {'id': 5778821353, 'qualifierId': 141, 'value': '42.5'}, {'id': 5778821357, 'qualifierId': 213, 'value': '5.08'}, {'id': 5778821347, 'qualifierId': 155}, {'id': 5778821345, 'qualifierId': 2}, {'id': 5778821355, 'qualifierId': 212, 'value': '20.8'}]",1he80t4tdvj86rbvng0956prd,M. Sánchez,,San Diego Wave,Home
2824011377,357,12,1,46,38,f1ks82wpiewyqs6h3oz9v4hzj,1,3.9,60.6,2025-06-23T02:54:51.238Z,2025-06-23T02:55:00Z,"[{'id': 5778821337, 'qualifierId': 141, 'value': '89.9'}, {'id': 5778821341, 'qualifierId': 213, 'value': '1.40'}, {'id': 5778821343, 'qualifierId': 15}, {'id': 5778821335, 'qualifierId': 140, 'value': '7.2'}, {'id': 5778821339, 'qualifierId': 212, 'value': '20.2'}, {'id': 5778821333, 'qualifierId': 56, 'value': 'Back'}]",coy005g9noltjta4ka7utllp0,H. Hershfelt,,Washington Spirit,Away
2824011381,408,1,1,46,44,esvbnzqbyvxp2k570ez7h1a1g,1,91.2,16.7,2025-06-23T02:54:57.027Z,2025-06-23T02:55:16Z,"[{'id': 5778821367, 'qualifierId': 212, 'value': '9.0'}, {'id': 5778821605, 'qualifierId': 210, 'value': '15'}, {'id': 5778821365, 'qualifierId': 141, 'value': '29.8'}, {'id': 5778821361, 'qualifierId': 56, 'value': 'Center'}, {'id': 5778821369, 'qualifierId': 213, 'value': '1.69'}, {'id': 5778821363, 'qualifierId': 140, 'value': '90.2'}]",3gu9gaz6w7eq79qnaqj3b7jdh,D. Cascarino,1.0,San Diego Wave,Home
2824011383,409,15,1,46,45,esvbnzqbyvxp2k570ez7h1a1g,1,91.2,30.7,2025-06-23T02:54:58.179Z,2025-07-01T13:31:59Z,"[{'id': 5778821617, 'qualifierId': 103, 'value': '19'}, {'id': 5778821377, 'qualifierId': 56, 'value': 'Center'}, {'id': 5778821615, 'qualifierId': 102, 'value': '48.6'}, {'id': 5778821373, 'qualifierId': 22}, {'id': 5778821611, 'qualifierId': 55, 'value': '408'}, {'id': 5778821375, 'qualifierId': 63}, {'id': 5778821619, 'qualifierId': 100}, {'id': 5778821609, 'qualifierId': 29}, {'id': 5778821627, 'qualifierId': 231, 'value': '47.1'}, {'id': 5778821517, 'qualifierId': 82}, {'id': 5778821621, 'qualifierId': 146, 'value': '97.6'}, {'id': 5778821629, 'qualifierId': 233, 'value': '358'}, {'id': 5778821513, 'qualifierId': 20}, {'id': 5778821623, 'qualifierId': 147, 'value': '43.7'}, {'id': 5778821607, 'qualifierId': 78}, {'id': 5778821625, 'qualifierId': 230, 'value': '99.0'}]",dzfr9ktjmxqj2eh2xibt7konp,K. Dali,,San Diego Wave,Home
2824011395,358,10,1,46,45,f1ks82wpiewyqs6h3oz9v4hzj,1,3.5,57.0,2025-06-23T02:54:58.279Z,2025-06-23T02:55:17Z,"[{'id': 5778821433, 'qualifierId': 56, 'value': 'Back'}, {'id': 5778821431, 'qualifierId': 94}, {'id': 5778821645, 'qualifierId': 233, 'value': '409'}]",bo5e35lsptja0pnlvk1y38dex,E. Morgan,,Washington Spirit,Away
2824011397,359,6,1,46,46,f1ks82wpiewyqs6h3oz9v4hzj,0,4.8,61.2,2025-06-23T02:54:59.363Z,2025-07-01T18:57:18Z,"[{'id': 5778821473, 'qualifierId': 233, 'value': '410'}, {'id': 5778821439, 'qualifierId': 56, 'value': 'Back'}, {'id': 5778821441, 'qualifierId': 73}]",bo5e35lsptja0pnlvk1y38dex,E. Morgan,,Washington Spirit,Away
2824011389,410,6,1,46,46,esvbnzqbyvxp2k570ez7h1a1g,1,95.2,38.8,2025-06-23T02:54:59.363Z,2025-06-23T02:55:04Z,"[{'id': 5778821467, 'qualifierId': 233, 'value': '359'}, {'id': 5778821459, 'qualifierId': 56, 'value': 'Center'}, {'id': 5778821461, 'qualifierId': 75}]",dzfr9ktjmxqj2eh2xibt7konp,K. Dali,,San Diego Wave,Home
2824011451,411,1,1,47,12,esvbnzqbyvxp2k570ez7h1a1g,1,99.5,0.5,2025-06-23T02:55:24.691Z,2025-06-23T02:55:27Z,"[{'id': 5778821703, 'qualifierId': 213, 'value': '2.73'}, {'id': 5778821695, 'qualifierId': 56, 'value': 'Right'}, {'id': 5778821701, 'qualifierId': 212, 'value': '10.6'}, {'id': 5778821693, 'qualifierId': 6}, {'id': 5778821699, 'qualifierId': 141, 'value': '6.7'}, {'id': 5778821697, 'qualifierId': 140, 'value': '90.2'}]",6h8t7apz5vzk0pjxo8hbbkfhm,S. McCaskill,,San Diego Wave,Home
2824011453,412,1,1,47,13,esvbnzqbyvxp2k570ez7h1a1g,0,86.4,8.3,2025-06-23T02:55:26.242Z,2025-07-01T18:57:42Z,"[{'id': 5785849729, 'qualifierId': 72}, {'id': 5778821709, 'qualifierId': 155}, {'id': 5778821717, 'qualifierId': 212, 'value': '24.9'}, {'id': 5778821707, 'qualifierId': 2}, {'id': 5778821713, 'qualifierId': 140, 'value': '92.7'}, {'id': 5778821711, 'qualifierId': 56, 'value': 'Center'}, {'id': 5778821719, 'qualifierId': 213, 'value': '1.30'}, {'id': 5778821715, 'qualifierId': 141, 'value': '43.6'}, {'id': 5785849727, 'qualifierId': 223}]",1he80t4tdvj86rbvng0956prd,M. Sánchez,,San Diego Wave,Home
2824011457,360,12,1,47,15,f1ks82wpiewyqs6h3oz9v4hzj,1,5.6,53.7,2025-06-23T02:55:28.531Z,2025-06-23T02:58:08Z,"[{'id': 5778821745, 'qualifierId': 212, 'value': '9.1'}, {'id': 5778821741, 'qualifierId': 140, 'value': '14.3'}, {'id': 5778821749, 'qualifierId': 15}, {'id': 5778821743, 'qualifierId': 141, 'value': '53.4'}, {'id': 5778821747, 'qualifierId': 213, 'value': '6.26'}, {'id': 5778821739, 'qualifierId': 56, 'value': 'Back'}]",27dktxivmcqmi1lkz1vs49qi2,T. McKeown,,Washington Spirit,Away
2824011459,413,1,1,47,16,esvbnzqbyvxp2k570ez7h1a1g,0,87.9,43.6,2025-06-23T02:55:29.162Z,2025-06-23T02:58:13Z,"[{'id': 5778821753, 'qualifierId': 56, 'value': 'Center'}, {'id': 5778821759, 'qualifierId': 212, 'value': '3.2'}, {'id': 5778821755, 'qualifierId': 140, 'value': '88.3'}, {'id': 5778821757, 'qualifierId': 141, 'value': '38.9'}, {'id': 5778821761, 'qualifierId': 213, 'value': '4.84'}]",321yjdo3gio1l33hc1pdps4wl,A. Leon,,San Diego Wave,Home
2824011623,377,12,1,47,17,f1ks82wpiewyqs6h3oz9v4hzj,1,13.8,60.0,2025-06-23T02:55:29.614Z,2025-06-23T02:58:21Z,"[{'id': 5778822743, 'qualifierId': 56, 'value': 'Back'}, {'id': 5778822749, 'qualifierId': 212, 'value': '5.8'}, {'id': 5778822751, 'qualifierId': 213, 'value': '3.74'}, {'id': 5778822745, 'qualifierId': 140, 'value': '9.2'}, {'id': 5778822747, 'qualifierId': 141, 'value': '55.2'}]",coy005g9noltjta4ka7utllp0,H. Hershfelt,,Washington Spirit,Away
2824011465,361,12,1,47,20,f1ks82wpiewyqs6h3oz9v4hzj,1,8.5,54.8,2025-06-23T02:55:32.780Z,2025-06-23T02:58:06Z,"[{'id': 5778821805, 'qualifierId': 15}, {'id': 5778821795, 'qualifierId': 141, 'value': '50.3'}, {'id': 5778821793, 'qualifierId': 140, 'value': '21.9'}, {'id': 5778821791, 'qualifierId': 56, 'value': 'Back'}, {'id': 5778821799, 'qualifierId': 213, 'value': '6.07'}, {'id': 5778821797, 'qualifierId': 212, 'value': '14.4'}]",en29qfiuu01nsmekoqhycjo45,G. Carle,,Washington Spirit,Away
2824011471,362,12,1,47,23,f1ks82wpiewyqs6h3oz9v4hzj,1,21.1,56.4,2025-06-23T02:55:35.858Z,2025-06-23T02:55:39Z,"[{'id': 5778821829, 'qualifierId': 140, 'value': '47.7'}, {'id': 5778821835, 'qualifierId': 213, 'value': '0.08'}, {'id': 5778821831, 'qualifierId': 141, 'value': '59.6'}, {'id': 5778821827, 'qualifierId': 56, 'value': 'Back'}, {'id': 5778821833, 'qualifierId': 212, 'value': '28.0'}]",yay5mq8trvoxv9mwm4mqzn8q,G. Monday,,Washington Spirit,Away
2824011473,414,1,1,47,27,esvbnzqbyvxp2k570ez7h1a1g,1,55.8,38.6,2025-06-23T02:55:40.578Z,2025-06-23T02:55:44Z,"[{'id': 5778821857, 'qualifierId': 141, 'value': '21.2'}, {'id': 5778821861, 'qualifierId': 213, 'value': '5.18'}, {'id': 5778821855, 'qualifierId': 140, 'value': '61.5'}, {'id': 5778821859, 'qualifierId': 212, 'value': '13.3'}, {'id': 5778821853, 'qualifierId': 56, 'value': 'Center'}]",6h8t7apz5vzk0pjxo8hbbkfhm,S. McCaskill,,San Diego Wave,Home
2824011475,415,1,1,47,31,esvbnzqbyvxp2k570ez7h1a1g,0,67.5,18.8,2025-06-23T02:55:44.498Z,2025-07-01T18:58:17Z,"[{'id': 5778821873, 'qualifierId': 140, 'value': '84.6'}, {'id': 5778821879, 'qualifierId': 213, 'value': '0.89'}, {'id': 5778821871, 'qualifierId': 56, 'value': 'Center'}, {'id': 5778821875, 'qualifierId': 141, 'value': '51.2'}, {'id': 5778821867, 'qualifierId': 2}, {'id': 5778821869, 'qualifierId': 155}, {'id': 5785850053, 'qualifierId': 224}, {'id': 5785850055, 'qualifierId': 20}, {'id': 5778821877, 'qualifierId': 212, 'value': '28.4'}]",dzfr9ktjmxqj2eh2xibt7konp,K. Dali,,San Diego Wave,Home
2824011477,363,12,1,47,35,f1ks82wpiewyqs6h3oz9v4hzj,1,13.6,46.1,2025-06-23T02:55:47.886Z,2025-06-23T02:55:54Z,"[{'id': 5778821889, 'qualifierId': 213, 'value': '0.06'}, {'id': 5778821881, 'qualifierId': 56, 'value': 'Back'}, {'id': 5778821883, 'qualifierId': 140, 'value': '37.3'}, {'id': 5778821891, 'qualifierId': 15}, {'id': 5778821887, 'qualifierId': 212, 'value': '24.9'}, {'id': 5778821885, 'qualifierId': 141, 'value': '48.2'}]",27dktxivmcqmi1lkz1vs49qi2,T. McKeown,,Washington Spirit,Away
2824011479,364,1,1,47,36,f1ks82wpiewyqs6h3oz9v4hzj,1,37.3,48.2,2025-06-23T02:55:49.324Z,2025-06-23T02:55:52Z,"[{'id': 5778821897, 'qualifierId': 141, 'value': '36.3'}, {'id': 5778821895, 'qualifierId': 140, 'value': '32.4'}, {'id': 5778821905, 'qualifierId': 156}, {'id': 5778821899, 'qualifierId': 212, 'value': '9.6'}, {'id': 5778821901, 'qualifierId': 213, 'value': '4.15'}, {'id': 5778821893, 'qualifierId': 56, 'value': 'Back'}]",4wgwp2bd4xrjbg7s4p193aooa,C. Bethune,,Washington Spirit,Away
2824011487,365,49,1,47,39,f1ks82wpiewyqs6h3oz9v4hzj,1,34.6,39.7,2025-06-23T02:55:52.229Z,2025-06-23T02:55:52Z,[],27dktxivmcqmi1lkz1vs49qi2,T. McKeown,,Washington Spirit,Away
2824011499,366,1,1,47,42,f1ks82wpiewyqs6h3oz9v4hzj,0,61.7,43.9,2025-06-23T02:55:55.604Z,2025-06-23T02:55:59Z,"[{'id': 5778821977, 'qualifierId': 140, 'value': '85.8'}, {'id': 5778821983, 'qualifierId': 213, 'value': '0.64'}, {'id': 5778821975, 'qualifierId': 56, 'value': 'Center'}, {'id': 5778821981, 'qualifierId': 212, 'value': '31.5'}, {'id': 5778821979, 'qualifierId': 141, 'value': '71.4'}]",27dktxivmcqmi1lkz1vs49qi2,T. McKeown,,Washington Spirit,Away
2824011503,416,1,1,47,47,esvbnzqbyvxp2k570ez7h1a1g,1,10.0,29.8,2025-06-23T02:55:59.619Z,2025-06-23T02:56:00Z,"[{'id': 5778822013, 'qualifierId': 212, 'value': '11.2'}, {'id': 5778822007, 'qualifierId': 56, 'value': 'Back'}, {'id': 5778822011, 'qualifierId': 141, 'value': '41.3'}, {'id': 5778822015, 'qualifierId': 213, 'value': '2.37'}, {'id': 5778822009, 'qualifierId': 140, 'value': '2.3'}]",auyj06nha2syoygo7prfadobu,H. Lundkvist,,San Diego Wave,Home
2824011505,417,1,1,47,48,esvbnzqbyvxp2k570ez7h1a1g,1,2.3,41.3,2025-06-23T02:56:00.739Z,2025-06-23T02:56:02Z,"[{'id': 5778822023, 'qualifierId': 56, 'value': 'Back'}, {'id': 5778822029, 'qualifierId': 212, 'value': '16.1'}, {'id': 5778822025, 'qualifierId': 140, 'value': '6.8'}, {'id': 5778822027, 'qualifierId': 141, 'value': '18.6'}, {'id': 5778822031, 'qualifierId': 213, 'value': '5.01'}]",4yb9avzbrzt8m4c4h1yy98jbp,K. Sheridan,,San Diego Wave,Home
2824011507,418,49,1,47,49,esvbnzqbyvxp2k570ez7h1a1g,1,8.0,18.3,2025-06-23T02:56:02.259Z,2025-06-23T02:56:02Z,[],auyj06nha2syoygo7prfadobu,H. Lundkvist,,San Diego Wave,Home
2824011515,419,1,1,47,59,esvbnzqbyvxp2k570ez7h1a1g,1,29.0,16.4,2025-06-23T02:56:11.634Z,2025-06-23T02:56:13Z,"[{'id': 5778822099, 'qualifierId': 56, 'value': 'Back'}, {'id': 5778822107, 'qualifierId': 213, 'value': '5.46'}, {'id': 5778822105, 'qualifierId': 212, 'value': '7.1'}, {'id': 5778822101, 'qualifierId': 140, 'value': '33.6'}, {'id': 5778822103, 'qualifierId': 141, 'value': '8.8'}]",9ms54l53wseuxarpn4vfcx9g4,T. Armstrong,,San Diego Wave,Home
2824011519,420,1,1,48,0,esvbnzqbyvxp2k570ez7h1a1g,1,35.1,8.2,2025-06-23T02:56:13.410Z,2025-06-23T02:56:14Z,"[{'id': 5778822127, 'qualifierId': 140, 'value': '31.7'}, {'id': 5778822131, 'qualifierId': 212, 'value': '4.1'}, {'id': 5778822133, 'qualifierId': 213, 'value': '2.64'}, {'id': 5778822125, 'qualifierId': 56, 'value': 'Back'}, {'id': 5778822129, 'qualifierId': 141, 'value': '11.1'}]",3gu9gaz6w7eq79qnaqj3b7jdh,D. Cascarino,,San Diego Wave,Home
2824011523,421,1,1,48,1,esvbnzqbyvxp2k570ez7h1a1g,1,31.7,11.1,2025-06-23T02:56:14.034Z,2025-06-23T02:56:15Z,"[{'id': 5778822155, 'qualifierId': 140, 'value': '28.6'}, {'id': 5778822157, 'qualifierId': 141, 'value': '14.9'}, {'id': 5778822161, 'qualifierId': 213, 'value': '2.47'}, {'id': 5778822153, 'qualifierId': 56, 'value': 'Back'}, {'id': 5778822159, 'qualifierId': 212, 'value': '4.2'}]",auyj06nha2syoygo7prfadobu,H. Lundkvist,,San Diego Wave,Home
2824011529,422,1,1,48,2,esvbnzqbyvxp2k570ez7h1a1g,1,28.4,15.2,2025-06-23T02:56:15.074Z,2025-06-23T02:56:20Z,"[{'id': 5778822193, 'qualifierId': 140, 'value': '16.3'}, {'id': 5778822191, 'qualifierId': 56, 'value': 'Back'}, {'id': 5778822199, 'qualifierId': 213, 'value': '2.60'}, {'id': 5778822195, 'qualifierId': 141, 'value': '26.5'}, {'id': 5778822197, 'qualifierId': 212, 'value': '14.8'}]",dzfr9ktjmxqj2eh2xibt7konp,K. Dali,,San Diego Wave,Home
2824011535,423,1,1,48,7,esvbnzqbyvxp2k570ez7h1a1g,1,19.9,28.0,2025-06-23T02:56:20.115Z,2025-06-23T02:56:23Z,"[{'id': 5778822239, 'qualifierId': 140, 'value': '25.6'}, {'id': 5778822237, 'qualifierId': 56, 'value': 'Back'}, {'id': 5778822245, 'qualifierId': 213, 'value': '0.59'}, {'id': 5778822241, 'qualifierId': 141, 'value': '33.9'}, {'id': 5778822243, 'qualifierId': 212, 'value': '7.2'}]",9ms54l53wseuxarpn4vfcx9g4,T. Armstrong,,San Diego Wave,Home
2824011543,424,1,1,48,11,esvbnzqbyvxp2k570ez7h1a1g,1,28.9,35.8,2025-06-23T02:56:23.874Z,2025-06-23T02:56:28Z,"[{'id': 5778822287, 'qualifierId': 141, 'value': '22.1'}, {'id': 5778822283, 'qualifierId': 56, 'value': 'Back'}, {'id': 5778822291, 'qualifierId': 213, 'value': '5.81'}, {'id': 5778822289, 'qualifierId': 212, 'value': '20.6'}, {'id': 5778822285, 'qualifierId': 140, 'value': '46.4'}]",6h8t7apz5vzk0pjxo8hbbkfhm,S. McCaskill,,San Diego Wave,Home
2824011547,425,1,1,48,15,esvbnzqbyvxp2k570ez7h1a1g,1,53.1,19.4,2025-06-23T02:56:28.082Z,2025-06-23T02:56:31Z,"[{'id': 5778822311, 'qualifierId': 56, 'value': 'Right'}, {'id': 5778822319, 'qualifierId': 213, 'value': '5.69'}, {'id': 5778822313, 'qualifierId': 140, 'value': '67.4'}, {'id': 5778822317, 'qualifierId': 212, 'value': '18.1'}, {'id': 5778822315, 'qualifierId': 141, 'value': '4.6'}]",dzfr9ktjmxqj2eh2xibt7konp,K. Dali,,San Diego Wave,Home
2824011553,426,1,1,48,19,esvbnzqbyvxp2k570ez7h1a1g,1,77.3,5.0,2025-06-23T02:56:31.778Z,2025-06-23T02:56:36Z,"[{'id': 5778822343, 'qualifierId': 141, 'value': '13.8'}, {'id': 5778822341, 'qualifierId': 140, 'value': '91.2'}, {'id': 5778822345, 'qualifierId': 212, 'value': '15.8'}, {'id': 5778822339, 'qualifierId': 56, 'value': 'Right'}, {'id': 5778822347, 'qualifierId': 213, 'value': '0.39'}]",auyj06nha2syoygo7prfadobu,H. Lundkvist,,San Diego Wave,Home
2824011559,427,1,1,48,23,esvbnzqbyvxp2k570ez7h1a1g,1,94.9,10.7,2025-06-23T02:56:36.322Z,2025-06-23T02:56:54Z,"[{'id': 5778822373, 'qualifierId': 141, 'value': '26.8'}, {'id': 5778822371, 'qualifierId': 140, 'value': '94.1'}, {'id': 5778822375, 'qualifierId': 212, 'value': '11.0'}, {'id': 5778822369, 'qualifierId': 56, 'value': 'Center'}, {'id': 5778822377, 'qualifierId': 213, 'value': '1.65'}]",3gu9gaz6w7eq79qnaqj3b7jdh,D. Cascarino,,San Diego Wave,Home
2824011563,428,1,1,48,24,esvbnzqbyvxp2k570ez7h1a1g,0,92.4,26.7,2025-06-23T02:56:37.147Z,2025-06-23T03:00:13Z,"[{'id': 5778822393, 'qualifierId': 212, 'value': '13.2'}, {'id': 5778822389, 'qualifierId': 140, 'value': '92.9'}, {'id': 5778822391, 'qualifierId': 141, 'value': '46.1'}, {'id': 5778822395, 'qualifierId': 213, 'value': '1.53'}, {'id': 5778822387, 'qualifierId': 56, 'value': 'Center'}]",dzfr9ktjmxqj2eh2xibt7konp,K. Dali,,San Diego Wave,Home
2824011571,367,12,1,48,25,f1ks82wpiewyqs6h3oz9v4hzj,1,7.8,52.1,2025-06-23T02:56:37.974Z,2025-06-23T03:00:16Z,"[{'id': 5778822429, 'qualifierId': 56, 'value': 'Back'}, {'id': 5778822437, 'qualifierId': 213, 'value': '1.74'}, {'id': 5778822435, 'qualifierId': 212, 'value': '22.6'}, {'id': 5778822431, 'qualifierId': 140, 'value': '4.2'}, {'id': 5778822433, 'qualifierId': 141, 'value': '84.8'}]",27dktxivmcqmi1lkz1vs49qi2,T. McKeown,,Washington Spirit,Away
2824011567,429,1,1,48,27,esvbnzqbyvxp2k570ez7h1a1g,0,95.4,13.9,2025-06-23T02:56:40.147Z,2025-07-01T18:59:50Z,"[{'id': 5778822423, 'qualifierId': 213, 'value': '1.34'}, {'id': 5785850585, 'qualifierId': 224}, {'id': 5778822421, 'qualifierId': 212, 'value': '4.2'}, {'id': 5778822443, 'qualifierId': 236}, {'id': 5778822449, 'qualifierId': 286}, {'id': 5778822855, 'qualifierId': 233, 'value': '368'}, {'id': 5785850587, 'qualifierId': 20}, {'id': 5778822415, 'qualifierId': 56, 'value': 'Right'}, {'id': 5778822411, 'qualifierId': 2}, {'id': 5778822419, 'qualifierId': 141, 'value': '19.9'}, {'id': 5778822413, 'qualifierId': 155}, {'id': 5778822417, 'qualifierId': 140, 'value': '96.3'}]",auyj06nha2syoygo7prfadobu,H. Lundkvist,,San Diego Wave,Home
2824011573,368,12,1,48,27,f1ks82wpiewyqs6h3oz9v4hzj,1,2.9,86.5,2025-06-23T02:56:40.247Z,2025-06-23T03:02:50Z,"[{'id': 5778822841, 'qualifierId': 233, 'value': '429'}, {'id': 5778822441, 'qualifierId': 56, 'value': 'Back'}, {'id': 5778822439, 'qualifierId': 185}]",4ullol3wa4qdi9ydgrxgxbcgl,C. Krueger,,Washington Spirit,Away
2824011575,369,6,1,48,31,f1ks82wpiewyqs6h3oz9v4hzj,0,3.9,84.5,2025-06-23T02:56:44.211Z,2025-07-01T19:00:03Z,"[{'id': 5778822463, 'qualifierId': 56, 'value': 'Back'}, {'id': 5778822471, 'qualifierId': 233, 'value': '430'}, {'id': 5778822465, 'qualifierId': 73}]",4ullol3wa4qdi9ydgrxgxbcgl,C. Krueger,,Washington Spirit,Away
2824011569,430,6,1,48,31,esvbnzqbyvxp2k570ez7h1a1g,1,96.1,15.5,2025-06-23T02:56:44.211Z,2025-06-23T03:02:47Z,"[{'id': 5778822425, 'qualifierId': 56, 'value': 'Right'}, {'id': 5778822467, 'qualifierId': 233, 'value': '369'}, {'id': 5778822427, 'qualifierId': 75}]",auyj06nha2syoygo7prfadobu,H. Lundkvist,,San Diego Wave,Home
2824011585,431,1,1,49,2,esvbnzqbyvxp2k570ez7h1a1g,0,99.5,0.5,2025-06-23T02:57:15.093Z,2025-07-01T19:00:07Z,"[{'id': 5778822523, 'qualifierId': 155}, {'id': 5778822521, 'qualifierId': 6}, {'id': 5778822537, 'qualifierId': 1}, {'id': 5778822529, 'qualifierId': 140, 'value': '94.1'}, {'id': 5778822519, 'qualifierId': 2}, {'id': 5778822525, 'qualifierId': 223}, {'id': 5785850741, 'qualifierId': 72}, {'id': 5778822535, 'qualifierId': 213, 'value': '1.74'}, {'id': 5778822533, 'qualifierId': 212, 'value': '33.7'}, {'id': 5778822527, 'qualifierId': 56, 'value': 'Center'}, {'id': 5778822531, 'qualifierId': 141, 'value': '49.4'}]",1he80t4tdvj86rbvng0956prd,M. Sánchez,,San Diego Wave,Home
2824011587,370,12,1,49,7,f1ks82wpiewyqs6h3oz9v4hzj,1,5.4,49.7,2025-06-23T02:57:19.698Z,2025-06-23T02:59:57Z,"[{'id': 5778822547, 'qualifierId': 213, 'value': '0.08'}, {'id': 5778822539, 'qualifierId': 56, 'value': 'Back'}, {'id': 5778822545, 'qualifierId': 212, 'value': '11.0'}, {'id': 5778822543, 'qualifierId': 141, 'value': '51.0'}, {'id': 5778822541, 'qualifierId': 140, 'value': '15.8'}, {'id': 5778822549, 'qualifierId': 15}]",1v67tba1l3sxow1geovdqefo5,R. Bernal,,Washington Spirit,Away
2824011589,432,15,1,49,8,esvbnzqbyvxp2k570ez7h1a1g,1,85.3,55.8,2025-06-23T02:57:20.803Z,2025-07-01T13:33:20Z,"[{'id': 5778822795, 'qualifierId': 230, 'value': '99.3'}, {'id': 5778822793, 'qualifierId': 147, 'value': '51.8'}, {'id': 5778822791, 'qualifierId': 146, 'value': '87.5'}, {'id': 5778822797, 'qualifierId': 231, 'value': '50.7'}, {'id': 5778822553, 'qualifierId': 17}, {'id': 5778822769, 'qualifierId': 25}, {'id': 5778822883, 'qualifierId': 328}, {'id': 5778822881, 'qualifierId': 108}, {'id': 5778822827, 'qualifierId': 82}, {'id': 5778822785, 'qualifierId': 103, 'value': '19'}, {'id': 5778822555, 'qualifierId': 56, 'value': 'Center'}, {'id': 5778822783, 'qualifierId': 102, 'value': '51.4'}, {'id': 5778822787, 'qualifierId': 458}, {'id': 5778822825, 'qualifierId': 78}, {'id': 5778822771, 'qualifierId': 20}, {'id': 5778822829, 'qualifierId': 233, 'value': '371'}]",auyj06nha2syoygo7prfadobu,H. Lundkvist,,San Diego Wave,Home
2824011591,371,10,1,49,8,f1ks82wpiewyqs6h3oz9v4hzj,1,12.5,48.2,2025-06-23T02:57:20.903Z,2025-06-23T02:59:59Z,"[{'id': 5778822833, 'qualifierId': 233, 'value': '432'}, {'id': 5778822565, 'qualifierId': 56, 'value': 'Back'}, {'id': 5778822563, 'qualifierId': 94}]",yay5mq8trvoxv9mwm4mqzn8q,G. Monday,,Washington Spirit,Away
2824011593,433,1,1,49,13,esvbnzqbyvxp2k570ez7h1a1g,1,90.6,17.0,2025-06-23T02:57:25.634Z,2025-06-23T02:57:26Z,"[{'id': 5778822577, 'qualifierId': 141, 'value': '17.4'}, {'id': 5778822581, 'qualifierId': 213, 'value': '3.11'}, {'id': 5778822575, 'qualifierId': 140, 'value': '83.1'}, {'id': 5778822579, 'qualifierId': 212, 'value': '7.9'}, {'id': 5778822573, 'qualifierId': 56, 'value': 'Right'}]",3gu9gaz6w7eq79qnaqj3b7jdh,D. Cascarino,,San Diego Wave,Home
2824011595,434,1,1,49,13,esvbnzqbyvxp2k570ez7h1a1g,1,82.8,17.4,2025-06-23T02:57:26.403Z,2025-06-23T02:57:28Z,"[{'id': 5778822591, 'qualifierId': 141, 'value': '26.1'}, {'id': 5778822589, 'qualifierId': 140, 'value': '89.8'}, {'id': 5778822593, 'qualifierId': 212, 'value': '9.4'}, {'id': 5778822595, 'qualifierId': 213, 'value': '0.68'}, {'id': 5778822587, 'qualifierId': 56, 'value': 'Center'}]",6h8t7apz5vzk0pjxo8hbbkfhm,S. McCaskill,,San Diego Wave,Home
2824011597,435,1,1,49,15,esvbnzqbyvxp2k570ez7h1a1g,1,85.9,26.2,2025-06-23T02:57:27.923Z,2025-06-23T02:57:28Z,"[{'id': 5778822607, 'qualifierId': 213, 'value': '3.09'}, {'id': 5778822605, 'qualifierId': 212, 'value': '6.7'}, {'id': 5778822601, 'qualifierId': 140, 'value': '79.5'}, {'id': 5778822603, 'qualifierId': 141, 'value': '26.7'}, {'id': 5778822599, 'qualifierId': 56, 'value': 'Center'}]",dzfr9ktjmxqj2eh2xibt7konp,K. Dali,,San Diego Wave,Home
2824011599,436,1,1,49,16,esvbnzqbyvxp2k570ez7h1a1g,0,77.9,24.7,2025-06-23T02:57:28.722Z,2025-07-01T19:01:05Z,"[{'id': 5785851189, 'qualifierId': 224}, {'id': 5785851191, 'qualifierId': 20}, {'id': 5778822617, 'qualifierId': 140, 'value': '89.5'}, {'id': 5778822615, 'qualifierId': 56, 'value': 'Center'}, {'id': 5778822621, 'qualifierId': 212, 'value': '23.6'}, {'id': 5778822623, 'qualifierId': 213, 'value': '1.03'}, {'id': 5778822613, 'qualifierId': 155}, {'id': 5778822619, 'qualifierId': 141, 'value': '54.5'}, {'id': 5778822611, 'qualifierId': 2}]",6h8t7apz5vzk0pjxo8hbbkfhm,S. McCaskill,,San Diego Wave,Home
2824011603,372,44,1,49,18,f1ks82wpiewyqs6h3oz9v4hzj,1,9.1,46.3,2025-06-23T02:57:31.299Z,2025-06-23T03:02:49Z,"[{'id': 5778822635, 'qualifierId': 285}, {'id': 5778822633, 'qualifierId': 56, 'value': 'Back'}, {'id': 5778822641, 'qualifierId': 233, 'value': '437'}]",1v67tba1l3sxow1geovdqefo5,R. Bernal,,Washington Spirit,Away
2824011601,437,44,1,49,18,esvbnzqbyvxp2k570ez7h1a1g,0,90.9,53.7,2025-06-23T02:57:31.300Z,2025-06-23T03:02:49Z,"[{'id': 5778822629, 'qualifierId': 286}, {'id': 5778822645, 'qualifierId': 233, 'value': '372'}, {'id': 5778822627, 'qualifierId': 56, 'value': 'Center'}]",9ms54l53wseuxarpn4vfcx9g4,T. Armstrong,,San Diego Wave,Home
2824011605,373,12,1,49,19,f1ks82wpiewyqs6h3oz9v4hzj,1,7.5,41.7,2025-06-23T02:57:31.898Z,2025-06-23T02:57:53Z,"[{'id': 5778822739, 'qualifierId': 15}, {'id': 5778822731, 'qualifierId': 140, 'value': '26.8'}, {'id': 5778822733, 'qualifierId': 141, 'value': '26.8'}, {'id': 5778822649, 'qualifierId': 56, 'value': 'Back'}, {'id': 5778822737, 'qualifierId': 213, 'value': '5.82'}, {'id': 5778822735, 'qualifierId': 212, 'value': '22.7'}]",1v67tba1l3sxow1geovdqefo5,R. Bernal,,Washington Spirit,Away
2824011607,438,1,1,49,24,esvbnzqbyvxp2k570ez7h1a1g,1,86.1,76.1,2025-06-23T02:57:37.426Z,2025-06-23T02:57:40Z,"[{'id': 5778822677, 'qualifierId': 140, 'value': '91.9'}, {'id': 5778822683, 'qualifierId': 213, 'value': '5.89'}, {'id': 5778822681, 'qualifierId': 212, 'value': '6.6'}, {'id': 5778822675, 'qualifierId': 56, 'value': 'Center'}, {'id': 5778822679, 'qualifierId': 141, 'value': '72.4'}]",efynp5qo9b9x0lh9b4ft0ic8a,G. Corley,,San Diego Wave,Home
2824011609,439,1,1,49,27,esvbnzqbyvxp2k570ez7h1a1g,0,92.0,72.3,2025-06-23T02:57:39.986Z,2025-06-23T02:57:40Z,"[{'id': 5778822689, 'qualifierId': 140, 'value': '91.9'}, {'id': 5778822693, 'qualifierId': 212, 'value': '1.0'}, {'id': 5778822691, 'qualifierId': 141, 'value': '70.9'}, {'id': 5778822703, 'qualifierId': 233, 'value': '374'}, {'id': 5778822695, 'qualifierId': 213, 'value': '4.60'}, {'id': 5778822701, 'qualifierId': 236}, {'id': 5778822707, 'qualifierId': 286}, {'id': 5778822687, 'qualifierId': 56, 'value': 'Center'}]",3x6baiktcpcjxxh258a5uebpx,P. Morroni,,San Diego Wave,Home
2824011611,374,74,1,49,27,f1ks82wpiewyqs6h3oz9v4hzj,1,2.6,30.4,2025-06-23T02:57:39.987Z,2025-06-23T03:02:50Z,"[{'id': 5778822697, 'qualifierId': 56, 'value': 'Back'}, {'id': 5778822709, 'qualifierId': 233, 'value': '439'}, {'id': 5778822699, 'qualifierId': 285}]",1v67tba1l3sxow1geovdqefo5,R. Bernal,,Washington Spirit,Away
2824011627,378,49,1,49,29,f1ks82wpiewyqs6h3oz9v4hzj,1,15.7,43.7,2025-06-23T02:57:41.614Z,2025-06-23T02:58:51Z,[],27dktxivmcqmi1lkz1vs49qi2,T. McKeown,,Washington Spirit,Away
2824011613,375,1,1,49,30,f1ks82wpiewyqs6h3oz9v4hzj,0,14.2,42.7,2025-06-23T02:57:42.724Z,2025-06-23T02:58:53Z,"[{'id': 5778822713, 'qualifierId': 56, 'value': 'Back'}, {'id': 5778822719, 'qualifierId': 212, 'value': '28.3'}, {'id': 5778822715, 'qualifierId': 140, 'value': '38.3'}, {'id': 5778822721, 'qualifierId': 213, 'value': '5.82'}, {'id': 5778822777, 'qualifierId': 155}, {'id': 5778822717, 'qualifierId': 141, 'value': '24.2'}]",27dktxivmcqmi1lkz1vs49qi2,T. McKeown,,Washington Spirit,Away
2824011615,376,30,1,49,34,f1ks82wpiewyqs6h3oz9v4hzj,1,0.0,0.0,2025-06-23T02:57:46.848Z,2025-06-23T02:57:46Z,"[{'id': 5778822725, 'qualifierId': 57, 'value': '0'}]",,,,Washington Spirit,Away
2824011617,440,30,1,49,34,esvbnzqbyvxp2k570ez7h1a1g,1,0.0,0.0,2025-06-23T02:57:46.848Z,2025-06-23T02:57:47Z,"[{'id': 5778822727, 'qualifierId': 57, 'value': '0'}]",,,,San Diego Wave,Home
2824012079,397,18,2,45,0,f1ks82wpiewyqs6h3oz9v4hzj,1,0.0,0.0,2025-06-23T03:12:51.822Z,2025-06-23T03:13:49Z,"[{'id': 5778825289, 'qualifierId': 55, 'value': '398'}, {'id': 5778825273, 'qualifierId': 59, 'value': '5'}, {'id': 5778825269, 'qualifierId': 42}, {'id': 5778825271, 'qualifierId': 44, 'value': 'Midfielder'}]",b8xa1whpr8m3e5zbziz9e91bd,N. Miura,,Washington Spirit,Away
2824012081,398,19,2,45,0,f1ks82wpiewyqs6h3oz9v4hzj,1,0.0,0.0,2025-06-23T03:12:51.823Z,2025-06-23T03:16:17Z,"[{'id': 5778825275, 'qualifierId': 42}, {'id': 5778826835, 'qualifierId': 292, 'value': '6'}, {'id': 5778825279, 'qualifierId': 145, 'value': '7'}, {'id': 5778825281, 'qualifierId': 59, 'value': '19'}, {'id': 5778825283, 'qualifierId': 44, 'value': 'Midfielder'}, {'id': 5778825285, 'qualifierId': 55, 'value': '397'}, {'id': 5778826837, 'qualifierId': 293, 'value': '2'}]",1jlc387u7fdpnnus9nlsb179w,R. Kouassi,,Washington Spirit,Away
2824011983,380,32,2,45,0,f1ks82wpiewyqs6h3oz9v4hzj,1,0.0,0.0,2025-06-23T03:13:01.822Z,2025-06-23T03:13:03Z,"[{'id': 5778824769, 'qualifierId': 127, 'value': 'Left to Right'}]",,,,Washington Spirit,Away
2824011979,442,32,2,45,0,esvbnzqbyvxp2k570ez7h1a1g,1,0.0,0.0,2025-06-23T03:13:01.822Z,2025-07-01T19:45:21Z,"[{'id': 5778824743, 'qualifierId': 127, 'value': 'Right to Left'}]",,,,San Diego Wave,Home
2824011985,381,1,2,45,0,f1ks82wpiewyqs6h3oz9v4hzj,1,50.1,49.7,2025-06-23T03:13:01.823Z,2025-06-23T03:13:05Z,"[{'id': 5778824775, 'qualifierId': 141, 'value': '46.1'}, {'id': 5778824779, 'qualifierId': 213, 'value': '4.11'}, {'id': 5778824771, 'qualifierId': 56, 'value': 'Back'}, {'id': 5778824773, 'qualifierId': 140, 'value': '48.5'}, {'id': 5778824783, 'qualifierId': 278}, {'id': 5778824777, 'qualifierId': 212, 'value': '3.0'}, {'id': 5778824781, 'qualifierId': 279, 'value': 'S'}]",4wgwp2bd4xrjbg7s4p193aooa,C. Bethune,,Washington Spirit,Away
2824011989,382,1,2,45,3,f1ks82wpiewyqs6h3oz9v4hzj,1,48.5,46.1,2025-06-23T03:13:04.992Z,2025-06-23T03:13:06Z,"[{'id': 5778824797, 'qualifierId': 56, 'value': 'Back'}, {'id': 5778824803, 'qualifierId': 212, 'value': '13.1'}, {'id': 5778824801, 'qualifierId': 141, 'value': '49.0'}, {'id': 5778824799, 'qualifierId': 140, 'value': '36.2'}, {'id': 5778824805, 'qualifierId': 213, 'value': '2.99'}]",yay5mq8trvoxv9mwm4mqzn8q,G. Monday,,Washington Spirit,Away
2824011995,383,1,2,45,4,f1ks82wpiewyqs6h3oz9v4hzj,1,36.2,49.0,2025-06-23T03:13:05.976Z,2025-06-23T03:13:08Z,"[{'id': 5778824809, 'qualifierId': 56, 'value': 'Back'}, {'id': 5778824815, 'qualifierId': 212, 'value': '14.3'}, {'id': 5778824817, 'qualifierId': 213, 'value': '2.10'}, {'id': 5778824813, 'qualifierId': 141, 'value': '67.2'}, {'id': 5778824811, 'qualifierId': 140, 'value': '29.3'}]",1v67tba1l3sxow1geovdqefo5,R. Bernal,,Washington Spirit,Away
2824011997,384,1,2,45,6,f1ks82wpiewyqs6h3oz9v4hzj,1,29.3,67.2,2025-06-23T03:13:08.757Z,2025-06-23T03:13:09Z,"[{'id': 5778824823, 'qualifierId': 140, 'value': '36.7'}, {'id': 5778824829, 'qualifierId': 213, 'value': '6.10'}, {'id': 5778824821, 'qualifierId': 56, 'value': 'Back'}, {'id': 5778824825, 'qualifierId': 141, 'value': '65.1'}, {'id': 5778824827, 'qualifierId': 212, 'value': '7.9'}]",bo5e35lsptja0pnlvk1y38dex,E. Morgan,,Washington Spirit,Away
2824012005,385,1,2,45,7,f1ks82wpiewyqs6h3oz9v4hzj,1,36.7,65.1,2025-06-23T03:13:09.647Z,2025-06-23T03:13:11Z,"[{'id': 5778824859, 'qualifierId': 212, 'value': '13.7'}, {'id': 5778824853, 'qualifierId': 56, 'value': 'Back'}, {'id': 5778824861, 'qualifierId': 213, 'value': '5.57'}, {'id': 5778824857, 'qualifierId': 141, 'value': '51.9'}, {'id': 5778824855, 'qualifierId': 140, 'value': '46.5'}]",coy005g9noltjta4ka7utllp0,H. Hershfelt,,Washington Spirit,Away
2824012011,386,1,2,45,9,f1ks82wpiewyqs6h3oz9v4hzj,1,33.5,48.1,2025-06-23T03:13:11.444Z,2025-06-23T03:13:15Z,"[{'id': 5778824889, 'qualifierId': 56, 'value': 'Back'}, {'id': 5778824893, 'qualifierId': 141, 'value': '24.4'}, {'id': 5778824891, 'qualifierId': 140, 'value': '27.8'}, {'id': 5778824895, 'qualifierId': 212, 'value': '17.2'}, {'id': 5778824897, 'qualifierId': 213, 'value': '4.36'}]",4wgwp2bd4xrjbg7s4p193aooa,C. Bethune,,Washington Spirit,Away
2824012013,387,1,2,45,13,f1ks82wpiewyqs6h3oz9v4hzj,0,28.4,15.3,2025-06-23T03:13:15.475Z,2025-06-23T03:13:17Z,"[{'id': 5778824923, 'qualifierId': 1}, {'id': 5778824917, 'qualifierId': 141, 'value': '20.6'}, {'id': 5778824915, 'qualifierId': 140, 'value': '60.7'}, {'id': 5778824921, 'qualifierId': 213, 'value': '0.11'}, {'id': 5778824919, 'qualifierId': 212, 'value': '34.1'}, {'id': 5778824911, 'qualifierId': 155}, {'id': 5778824913, 'qualifierId': 56, 'value': 'Right'}]",en29qfiuu01nsmekoqhycjo45,G. Carle,,Washington Spirit,Away
2824012019,443,12,2,45,16,esvbnzqbyvxp2k570ez7h1a1g,1,43.3,77.8,2025-06-23T03:13:18.438Z,2025-07-01T20:26:31Z,"[{'id': 5778824937, 'qualifierId': 213, 'value': '6.00'}, {'id': 5778824929, 'qualifierId': 56, 'value': 'Center'}, {'id': 5785889421, 'qualifierId': 15}, {'id': 5778824935, 'qualifierId': 212, 'value': '9.1'}, {'id': 5778824931, 'qualifierId': 140, 'value': '51.6'}, {'id': 5778824933, 'qualifierId': 141, 'value': '74.1'}]",6p2318moul9op4hmigk1xbaw9,K. McNabb,,San Diego Wave,Home
2824012017,388,8,2,45,17,f1ks82wpiewyqs6h3oz9v4hzj,1,43.6,25.9,2025-06-23T03:13:19.442Z,2025-07-01T20:26:53Z,"[{'id': 5785889477, 'qualifierId': 384}, {'id': 5778824925, 'qualifierId': 56, 'value': 'Back'}]",1v67tba1l3sxow1geovdqefo5,R. Bernal,,Washington Spirit,Away
2824012145,461,43,2,45,18,esvbnzqbyvxp2k570ez7h1a1g,1,0.0,0.0,2025-06-23T03:13:20.814Z,2025-07-01T20:26:48Z,"[{'id': 5785889463, 'qualifierId': 144, 'value': '61'}, {'id': 5778825905, 'qualifierId': 56, 'value': 'Center'}]",efynp5qo9b9x0lh9b4ft0ic8a,G. Corley,,San Diego Wave,Home
2824012021,444,1,2,45,19,esvbnzqbyvxp2k570ez7h1a1g,1,50.9,71.5,2025-06-23T03:13:20.861Z,2025-06-23T03:14:44Z,"[{'id': 5778824945, 'qualifierId': 141, 'value': '79.9'}, {'id': 5778824949, 'qualifierId': 213, 'value': '1.37'}, {'id': 5778824941, 'qualifierId': 56, 'value': 'Left'}, {'id': 5778824943, 'qualifierId': 140, 'value': '52.0'}, {'id': 5778824947, 'qualifierId': 212, 'value': '5.8'}]",dzfr9ktjmxqj2eh2xibt7konp,K. Dali,,San Diego Wave,Home
2824012023,445,3,2,45,19,esvbnzqbyvxp2k570ez7h1a1g,0,54.2,83.0,2025-06-23T03:13:21.334Z,2025-07-01T20:27:23Z,"[{'id': 5785889683, 'qualifierId': 464}, {'id': 5778826195, 'qualifierId': 233, 'value': '389'}, {'id': 5778824953, 'qualifierId': 56, 'value': 'Left'}, {'id': 5778826149, 'qualifierId': 286}]",1he80t4tdvj86rbvng0956prd,M. Sánchez,,San Diego Wave,Home
2824012027,389,7,2,45,19,f1ks82wpiewyqs6h3oz9v4hzj,1,45.8,17.0,2025-06-23T03:13:21.335Z,2025-07-01T20:27:27Z,"[{'id': 5778824977, 'qualifierId': 56, 'value': 'Back'}, {'id': 5778824979, 'qualifierId': 285}, {'id': 5785889733, 'qualifierId': 383}, {'id': 5785889735, 'qualifierId': 178}, {'id': 5778826151, 'qualifierId': 233, 'value': '445'}]",en29qfiuu01nsmekoqhycjo45,G. Carle,,Washington Spirit,Away
2824012033,390,1,2,45,21,f1ks82wpiewyqs6h3oz9v4hzj,1,39.8,16.7,2025-06-23T03:13:23.426Z,2025-06-23T03:15:23Z,"[{'id': 5778825015, 'qualifierId': 213, 'value': '1.57'}, {'id': 5778825009, 'qualifierId': 140, 'value': '39.8'}, {'id': 5778825011, 'qualifierId': 141, 'value': '23.4'}, {'id': 5778825013, 'qualifierId': 212, 'value': '4.6'}, {'id': 5778825007, 'qualifierId': 56, 'value': 'Back'}]",en29qfiuu01nsmekoqhycjo45,G. Carle,,Washington Spirit,Away
2824012037,391,1,2,45,22,f1ks82wpiewyqs6h3oz9v4hzj,1,39.8,23.4,2025-06-23T03:13:24.394Z,2025-06-23T03:13:27Z,"[{'id': 5778825031, 'qualifierId': 56, 'value': 'Back'}, {'id': 5778825039, 'qualifierId': 213, 'value': '5.03'}, {'id': 5778825033, 'qualifierId': 140, 'value': '41.9'}, {'id': 5778825035, 'qualifierId': 141, 'value': '13.5'}, {'id': 5778825037, 'qualifierId': 212, 'value': '7.1'}]",1v67tba1l3sxow1geovdqefo5,R. Bernal,,Washington Spirit,Away
2824012043,392,43,2,45,25,f1ks82wpiewyqs6h3oz9v4hzj,1,0.0,0.0,2025-06-23T03:13:27.347Z,2025-06-23T03:15:33Z,"[{'id': 5778825059, 'qualifierId': 56, 'value': 'Back'}, {'id': 5778825063, 'qualifierId': 233, 'value': '446'}, {'id': 5778825061, 'qualifierId': 286, 'value': '0'}, {'id': 5778826443, 'qualifierId': 144, 'value': '3'}]",en29qfiuu01nsmekoqhycjo45,G. Carle,,Washington Spirit,Away
2824012039,446,83,2,45,25,esvbnzqbyvxp2k570ez7h1a1g,0,57.0,84.5,2025-06-23T03:13:27.347Z,2025-06-23T03:15:36Z,"[{'id': 5778826519, 'qualifierId': 399, 'value': 'en29qfiuu01nsmekoqhycjo45'}]",1he80t4tdvj86rbvng0956prd,M. Sánchez,,San Diego Wave,Home
2824012047,393,1,2,45,27,f1ks82wpiewyqs6h3oz9v4hzj,1,39.1,21.3,2025-06-23T03:13:29.315Z,2025-06-23T03:13:31Z,"[{'id': 5778825101, 'qualifierId': 213, 'value': '1.98'}, {'id': 5778825097, 'qualifierId': 141, 'value': '36.3'}, {'id': 5778825095, 'qualifierId': 140, 'value': '34.9'}, {'id': 5778825093, 'qualifierId': 56, 'value': 'Back'}, {'id': 5778825099, 'qualifierId': 212, 'value': '11.1'}]",en29qfiuu01nsmekoqhycjo45,G. Carle,,Washington Spirit,Away
2824012049,394,1,2,45,29,f1ks82wpiewyqs6h3oz9v4hzj,1,34.9,36.3,2025-06-23T03:13:31.205Z,2025-06-23T03:13:32Z,"[{'id': 5778825113, 'qualifierId': 141, 'value': '17.3'}, {'id': 5778825111, 'qualifierId': 140, 'value': '36.2'}, {'id': 5778825115, 'qualifierId': 212, 'value': '13.0'}, {'id': 5778825109, 'qualifierId': 56, 'value': 'Back'}, {'id': 5778825117, 'qualifierId': 213, 'value': '4.82'}]",coy005g9noltjta4ka7utllp0,H. Hershfelt,,Washington Spirit,Away
2824012055,395,1,2,45,30,f1ks82wpiewyqs6h3oz9v4hzj,1,36.2,17.3,2025-06-23T03:13:32.189Z,2025-06-23T03:13:35Z,"[{'id': 5778825143, 'qualifierId': 141, 'value': '9.7'}, {'id': 5778825141, 'qualifierId': 140, 'value': '24.0'}, {'id': 5778825145, 'qualifierId': 212, 'value': '13.8'}, {'id': 5778825139, 'qualifierId': 56, 'value': 'Back'}, {'id': 5778825147, 'qualifierId': 213, 'value': '3.53'}]",en29qfiuu01nsmekoqhycjo45,G. Carle,,Washington Spirit,Away
2824012057,396,1,2,45,33,f1ks82wpiewyqs6h3oz9v4hzj,0,25.5,5.8,2025-06-23T03:13:35.673Z,2025-06-23T03:13:37Z,"[{'id': 5778825153, 'qualifierId': 56, 'value': 'Right'}, {'id': 5778825151, 'qualifierId': 155}, {'id': 5778825159, 'qualifierId': 212, 'value': '35.4'}, {'id': 5778825163, 'qualifierId': 1}, {'id': 5778825155, 'qualifierId': 140, 'value': '58.2'}, {'id': 5778825157, 'qualifierId': 141, 'value': '18.5'}, {'id': 5778825161, 'qualifierId': 213, 'value': '0.25'}]",27dktxivmcqmi1lkz1vs49qi2,T. McKeown,,Washington Spirit,Away
2824012059,447,8,2,45,35,esvbnzqbyvxp2k570ez7h1a1g,1,42.5,85.4,2025-06-23T03:13:37.398Z,2025-07-01T20:28:15Z,"[{'id': 5778825167, 'qualifierId': 15}, {'id': 5778825165, 'qualifierId': 56, 'value': 'Back'}, {'id': 5785890131, 'qualifierId': 384}]",6p2318moul9op4hmigk1xbaw9,K. McNabb,,San Diego Wave,Home
2824012061,448,49,2,45,37,esvbnzqbyvxp2k570ez7h1a1g,1,37.1,61.4,2025-06-23T03:13:39.495Z,2025-06-23T03:13:39Z,[],9ms54l53wseuxarpn4vfcx9g4,T. Armstrong,,San Diego Wave,Home
2824012075,449,1,2,45,39,esvbnzqbyvxp2k570ez7h1a1g,1,31.4,59.1,2025-06-23T03:13:41.270Z,2025-06-23T03:13:46Z,"[{'id': 5778825247, 'qualifierId': 212, 'value': '17.8'}, {'id': 5778825245, 'qualifierId': 141, 'value': '55.4'}, {'id': 5778825243, 'qualifierId': 140, 'value': '14.6'}, {'id': 5778825249, 'qualifierId': 213, 'value': '3.28'}, {'id': 5778825241, 'qualifierId': 56, 'value': 'Back'}]",9ms54l53wseuxarpn4vfcx9g4,T. Armstrong,,San Diego Wave,Home
2824012095,450,1,2,45,45,esvbnzqbyvxp2k570ez7h1a1g,1,12.2,54.6,2025-06-23T03:13:46.854Z,2025-06-23T03:13:54Z,"[{'id': 5778825347, 'qualifierId': 141, 'value': '30.0'}, {'id': 5778825345, 'qualifierId': 140, 'value': '20.0'}, {'id': 5778825349, 'qualifierId': 212, 'value': '18.6'}, {'id': 5778825351, 'qualifierId': 213, 'value': '5.17'}, {'id': 5778825343, 'qualifierId': 56, 'value': 'Back'}]",4yb9avzbrzt8m4c4h1yy98jbp,K. Sheridan,,San Diego Wave,Home
2824012099,451,1,2,45,52,esvbnzqbyvxp2k570ez7h1a1g,1,21.6,30.4,2025-06-23T03:13:54.503Z,2025-06-23T03:13:57Z,"[{'id': 5778825379, 'qualifierId': 140, 'value': '14.8'}, {'id': 5778825385, 'qualifierId': 213, 'value': '2.10'}, {'id': 5778825381, 'qualifierId': 141, 'value': '48.4'}, {'id': 5778825377, 'qualifierId': 56, 'value': 'Back'}, {'id': 5778825383, 'qualifierId': 212, 'value': '14.2'}]",9ms54l53wseuxarpn4vfcx9g4,T. Armstrong,,San Diego Wave,Home
2824012107,452,1,2,45,55,esvbnzqbyvxp2k570ez7h1a1g,1,14.7,49.6,2025-06-23T03:13:57.562Z,2025-06-23T03:14:12Z,"[{'id': 5778825409, 'qualifierId': 140, 'value': '23.0'}, {'id': 5778825415, 'qualifierId': 213, 'value': '1.04'}, {'id': 5778825407, 'qualifierId': 56, 'value': 'Back'}, {'id': 5778825413, 'qualifierId': 212, 'value': '17.2'}, {'id': 5778825411, 'qualifierId': 141, 'value': '71.4'}]",4yb9avzbrzt8m4c4h1yy98jbp,K. Sheridan,,San Diego Wave,Home
2824012111,453,1,2,46,2,esvbnzqbyvxp2k570ez7h1a1g,0,44.0,83.9,2025-06-23T03:14:04.798Z,2025-06-23T03:16:11Z,"[{'id': 5778825435, 'qualifierId': 141, 'value': '96.9'}, {'id': 5778825437, 'qualifierId': 212, 'value': '15.7'}, {'id': 5778825433, 'qualifierId': 140, 'value': '56.3'}, {'id': 5778825431, 'qualifierId': 56, 'value': 'Left'}, {'id': 5778825439, 'qualifierId': 213, 'value': '0.60'}]",6p2318moul9op4hmigk1xbaw9,K. McNabb,,San Diego Wave,Home
2824012103,399,8,2,46,3,f1ks82wpiewyqs6h3oz9v4hzj,1,42.3,5.6,2025-06-23T03:14:05.249Z,2025-07-01T20:29:28Z,"[{'id': 5785890705, 'qualifierId': 385}, {'id': 5778825401, 'qualifierId': 56, 'value': 'Back'}]",1jlc387u7fdpnnus9nlsb179w,R. Kouassi,,Washington Spirit,Away
2824012105,400,5,2,46,6,f1ks82wpiewyqs6h3oz9v4hzj,0,42.3,-1.0,2025-06-23T03:14:08.343Z,2025-06-23T03:17:26Z,"[{'id': 5778825405, 'qualifierId': 347}, {'id': 5778825451, 'qualifierId': 233, 'value': '454'}, {'id': 5778825403, 'qualifierId': 56, 'value': 'Back'}]",1jlc387u7fdpnnus9nlsb179w,R. Kouassi,,Washington Spirit,Away
2824012113,454,5,2,46,6,esvbnzqbyvxp2k570ez7h1a1g,1,57.7,101.0,2025-06-23T03:14:08.343Z,2025-06-23T03:14:10Z,"[{'id': 5778825445, 'qualifierId': 233, 'value': '400'}, {'id': 5778825443, 'qualifierId': 347}, {'id': 5778825441, 'qualifierId': 56, 'value': 'Left'}]",6p2318moul9op4hmigk1xbaw9,K. McNabb,,San Diego Wave,Home
2824012117,455,1,2,46,12,esvbnzqbyvxp2k570ez7h1a1g,1,56.1,100.0,2025-06-23T03:14:14.214Z,2025-06-23T03:14:18Z,"[{'id': 5778825487, 'qualifierId': 213, 'value': '5.88'}, {'id': 5778825485, 'qualifierId': 212, 'value': '10.4'}, {'id': 5778825479, 'qualifierId': 56, 'value': 'Left'}, {'id': 5778825481, 'qualifierId': 140, 'value': '65.2'}, {'id': 5778825483, 'qualifierId': 141, 'value': '95.3'}, {'id': 5778825477, 'qualifierId': 107}]",3x6baiktcpcjxxh258a5uebpx,P. Morroni,,San Diego Wave,Home
2824012119,456,3,2,46,16,esvbnzqbyvxp2k570ez7h1a1g,0,64.8,92.5,2025-06-23T03:14:18.007Z,2025-07-01T20:30:18Z,"[{'id': 5778825493, 'qualifierId': 286}, {'id': 5785890955, 'qualifierId': 464}, {'id': 5778825491, 'qualifierId': 56, 'value': 'Left'}, {'id': 5778825507, 'qualifierId': 233, 'value': '401'}]",1he80t4tdvj86rbvng0956prd,M. Sánchez,,San Diego Wave,Home
2824012121,401,7,2,46,16,f1ks82wpiewyqs6h3oz9v4hzj,1,35.2,7.5,2025-06-23T03:14:18.008Z,2025-07-01T20:30:22Z,"[{'id': 5778825503, 'qualifierId': 233, 'value': '456'}, {'id': 5778825497, 'qualifierId': 285}, {'id': 5785891031, 'qualifierId': 383}, {'id': 5778825495, 'qualifierId': 56, 'value': 'Back'}, {'id': 5785891033, 'qualifierId': 178}]",en29qfiuu01nsmekoqhycjo45,G. Carle,,Washington Spirit,Away
2824012123,457,3,2,46,17,esvbnzqbyvxp2k570ez7h1a1g,0,64.8,92.5,2025-06-23T03:14:18.950Z,2025-07-01T20:30:28Z,"[{'id': 5778825499, 'qualifierId': 56, 'value': 'Left'}, {'id': 5778825501, 'qualifierId': 286}, {'id': 5778825535, 'qualifierId': 233, 'value': '402'}, {'id': 5785891043, 'qualifierId': 464}]",1he80t4tdvj86rbvng0956prd,M. Sánchez,,San Diego Wave,Home
2824012127,402,7,2,46,17,f1ks82wpiewyqs6h3oz9v4hzj,1,35.2,7.5,2025-06-23T03:14:18.951Z,2025-07-01T20:30:35Z,"[{'id': 5778825529, 'qualifierId': 285}, {'id': 5785891069, 'qualifierId': 383}, {'id': 5785891071, 'qualifierId': 178}, {'id': 5778825531, 'qualifierId': 233, 'value': '457'}, {'id': 5778825527, 'qualifierId': 56, 'value': 'Back'}]",en29qfiuu01nsmekoqhycjo45,G. Carle,,Washington Spirit,Away
2824012129,403,49,2,46,18,f1ks82wpiewyqs6h3oz9v4hzj,1,32.4,13.2,2025-06-23T03:14:19.871Z,2025-06-23T03:14:20Z,[],en29qfiuu01nsmekoqhycjo45,G. Carle,,Washington Spirit,Away
2824012125,458,83,2,46,18,esvbnzqbyvxp2k570ez7h1a1g,0,66.1,93.2,2025-06-23T03:14:20.023Z,2025-06-23T03:16:36Z,"[{'id': 5778825577, 'qualifierId': 399, 'value': 'en29qfiuu01nsmekoqhycjo45'}]",1he80t4tdvj86rbvng0956prd,M. Sánchez,,San Diego Wave,Home
2824012131,404,1,2,46,19,f1ks82wpiewyqs6h3oz9v4hzj,0,30.2,12.0,2025-06-23T03:14:20.856Z,2025-06-23T03:14:21Z,"[{'id': 5778825563, 'qualifierId': 286}, {'id': 5778825547, 'qualifierId': 212, 'value': '0.9'}, {'id': 5778825539, 'qualifierId': 157}, {'id': 5778825551, 'qualifierId': 1}, {'id': 5778825559, 'qualifierId': 233, 'value': '459'}, {'id': 5778825545, 'qualifierId': 141, 'value': '12.2'}, {'id': 5778825557, 'qualifierId': 236}, {'id': 5778825543, 'qualifierId': 140, 'value': '31.0'}, {'id': 5778825549, 'qualifierId': 213, 'value': '0.16'}, {'id': 5778825541, 'qualifierId': 56, 'value': 'Back'}]",en29qfiuu01nsmekoqhycjo45,G. Carle,,Washington Spirit,Away
2824012133,459,74,2,46,19,esvbnzqbyvxp2k570ez7h1a1g,1,65.4,93.3,2025-06-23T03:14:20.857Z,2025-06-23T03:16:38Z,"[{'id': 5778825555, 'qualifierId': 285}, {'id': 5778825553, 'qualifierId': 56, 'value': 'Left'}, {'id': 5778825565, 'qualifierId': 233, 'value': '404'}]",1he80t4tdvj86rbvng0956prd,M. Sánchez,,San Diego Wave,Home
2824012135,405,5,2,46,20,f1ks82wpiewyqs6h3oz9v4hzj,1,37.3,-1.0,2025-06-23T03:14:22.152Z,2025-06-23T03:17:26Z,"[{'id': 5778825569, 'qualifierId': 56, 'value': 'Back'}, {'id': 5778825579, 'qualifierId': 233, 'value': '460'}, {'id': 5778825571, 'qualifierId': 347}]",en29qfiuu01nsmekoqhycjo45,G. Carle,,Washington Spirit,Away
2824012137,460,5,2,46,20,esvbnzqbyvxp2k570ez7h1a1g,0,62.7,101.0,2025-06-23T03:14:22.152Z,2025-06-23T03:17:27Z,"[{'id': 5778825573, 'qualifierId': 56, 'value': 'Left'}, {'id': 5778825575, 'qualifierId': 347}, {'id': 5778825583, 'qualifierId': 233, 'value': '405'}]",1he80t4tdvj86rbvng0956prd,M. Sánchez,,San Diego Wave,Home
2824012177,406,1,2,46,33,f1ks82wpiewyqs6h3oz9v4hzj,1,38.6,0.0,2025-06-23T03:14:34.868Z,2025-06-23T03:14:38Z,"[{'id': 5778825803, 'qualifierId': 140, 'value': '41.3'}, {'id': 5778825809, 'qualifierId': 213, 'value': '1.28'}, {'id': 5778825799, 'qualifierId': 107}, {'id': 5778825801, 'qualifierId': 56, 'value': 'Back'}, {'id': 5778825805, 'qualifierId': 141, 'value': '12.6'}, {'id': 5778825807, 'qualifierId': 212, 'value': '9.9'}]",en29qfiuu01nsmekoqhycjo45,G. Carle,,Washington Spirit,Away
2824012179,407,61,2,46,36,f1ks82wpiewyqs6h3oz9v4hzj,0,38.8,10.3,2025-06-23T03:14:38.351Z,2025-07-01T20:30:57Z,"[{'id': 5778825817, 'qualifierId': 56, 'value': 'Back'}]",4wgwp2bd4xrjbg7s4p193aooa,C. Bethune,,Washington Spirit,Away
2824012181,462,1,2,46,38,esvbnzqbyvxp2k570ez7h1a1g,1,54.5,92.1,2025-06-23T03:14:39.926Z,2025-06-23T03:14:57Z,"[{'id': 5778825829, 'qualifierId': 56, 'value': 'Left'}, {'id': 5778825837, 'qualifierId': 213, 'value': '4.96'}, {'id': 5778825831, 'qualifierId': 140, 'value': '54.9'}, {'id': 5778825833, 'qualifierId': 141, 'value': '89.7'}, {'id': 5778825835, 'qualifierId': 212, 'value': '1.7'}]",3x6baiktcpcjxxh258a5uebpx,P. Morroni,,San Diego Wave,Home
2824012187,463,4,2,46,41,esvbnzqbyvxp2k570ez7h1a1g,1,56.8,88.9,2025-06-23T03:14:42.928Z,2025-06-23T03:14:47Z,"[{'id': 5778825867, 'qualifierId': 265}, {'id': 5778825885, 'qualifierId': 233, 'value': '408'}, {'id': 5778825863, 'qualifierId': 56, 'value': 'Left'}, {'id': 5778825861, 'qualifierId': 13}, {'id': 5778825869, 'qualifierId': 286}, {'id': 5778825865, 'qualifierId': 152}]",6h8t7apz5vzk0pjxo8hbbkfhm,S. McCaskill,,San Diego Wave,Home
2824012185,408,4,2,46,41,f1ks82wpiewyqs6h3oz9v4hzj,0,43.2,11.1,2025-06-23T03:14:42.929Z,2025-06-23T03:14:48Z,"[{'id': 5778825857, 'qualifierId': 265}, {'id': 5778825853, 'qualifierId': 56, 'value': 'Back'}, {'id': 5778825891, 'qualifierId': 233, 'value': '463'}, {'id': 5778825859, 'qualifierId': 285}, {'id': 5778825851, 'qualifierId': 13}, {'id': 5778825855, 'qualifierId': 152}]",1jlc387u7fdpnnus9nlsb179w,R. Kouassi,,Washington Spirit,Away
2824012211,464,1,2,47,1,esvbnzqbyvxp2k570ez7h1a1g,1,54.6,86.0,2025-06-23T03:15:02.967Z,2025-06-23T03:15:04Z,"[{'id': 5778826025, 'qualifierId': 141, 'value': '60.9'}, {'id': 5778826019, 'qualifierId': 152}, {'id': 5778826027, 'qualifierId': 212, 'value': '18.1'}, {'id': 5778826017, 'qualifierId': 5}, {'id': 5778826023, 'qualifierId': 140, 'value': '48.9'}, {'id': 5778826021, 'qualifierId': 56, 'value': 'Back'}, {'id': 5778826029, 'qualifierId': 213, 'value': '4.38'}]",3x6baiktcpcjxxh258a5uebpx,P. Morroni,,San Diego Wave,Home
2824012215,465,1,2,47,2,esvbnzqbyvxp2k570ez7h1a1g,1,47.7,59.6,2025-06-23T03:15:04.358Z,2025-06-23T03:15:05Z,"[{'id': 5778826049, 'qualifierId': 141, 'value': '38.3'}, {'id': 5778826051, 'qualifierId': 212, 'value': '16.9'}, {'id': 5778826053, 'qualifierId': 213, 'value': '4.17'}, {'id': 5778826047, 'qualifierId': 140, 'value': '39.4'}, {'id': 5778826045, 'qualifierId': 56, 'value': 'Back'}]",6h8t7apz5vzk0pjxo8hbbkfhm,S. McCaskill,,San Diego Wave,Home
2824012219,466,1,2,47,3,esvbnzqbyvxp2k570ez7h1a1g,1,39.0,38.2,2025-06-23T03:15:05.190Z,2025-06-23T03:15:06Z,"[{'id': 5778826077, 'qualifierId': 212, 'value': '13.9'}, {'id': 5778826075, 'qualifierId': 141, 'value': '58.5'}, {'id': 5778826079, 'qualifierId': 213, 'value': '1.70'}, {'id': 5778826071, 'qualifierId': 56, 'value': 'Back'}, {'id': 5778826073, 'qualifierId': 140, 'value': '37.3'}]",9ms54l53wseuxarpn4vfcx9g4,T. Armstrong,,San Diego Wave,Home
2824012221,467,1,2,47,4,esvbnzqbyvxp2k570ez7h1a1g,0,37.3,59.1,2025-06-23T03:15:06.406Z,2025-06-23T03:15:07Z,"[{'id': 5778826087, 'qualifierId': 56, 'value': 'Center'}, {'id': 5778826095, 'qualifierId': 213, 'value': '0.51'}, {'id': 5778826089, 'qualifierId': 140, 'value': '53.4'}, {'id': 5778826093, 'qualifierId': 212, 'value': '19.3'}, {'id': 5778826091, 'qualifierId': 141, 'value': '72.9'}]",6p2318moul9op4hmigk1xbaw9,K. McNabb,,San Diego Wave,Home
2824012223,409,8,2,47,5,f1ks82wpiewyqs6h3oz9v4hzj,1,45.7,27.7,2025-06-23T03:15:07.169Z,2025-07-01T20:31:54Z,"[{'id': 5778826121, 'qualifierId': 56, 'value': 'Back'}, {'id': 5785891767, 'qualifierId': 384}]",1jlc387u7fdpnnus9nlsb179w,R. Kouassi,,Washington Spirit,Away
2824012227,468,61,2,47,6,esvbnzqbyvxp2k570ez7h1a1g,1,41.7,66.3,2025-06-23T03:15:08.390Z,2025-06-23T03:15:08Z,"[{'id': 5778826135, 'qualifierId': 56, 'value': 'Back'}]",6h8t7apz5vzk0pjxo8hbbkfhm,S. McCaskill,,San Diego Wave,Home
2824012233,410,1,2,47,6,f1ks82wpiewyqs6h3oz9v4hzj,0,54.0,29.4,2025-06-23T03:15:08.403Z,2025-06-23T03:15:11Z,"[{'id': 5778826181, 'qualifierId': 213, 'value': '1.49'}, {'id': 5778826177, 'qualifierId': 141, 'value': '42.5'}, {'id': 5778826173, 'qualifierId': 56, 'value': 'Center'}, {'id': 5778826179, 'qualifierId': 212, 'value': '8.9'}, {'id': 5778826171, 'qualifierId': 3}, {'id': 5778826175, 'qualifierId': 140, 'value': '54.7'}]",1jlc387u7fdpnnus9nlsb179w,R. Kouassi,,Washington Spirit,Away
2824012239,469,1,2,47,10,esvbnzqbyvxp2k570ez7h1a1g,0,52.6,66.0,2025-06-23T03:15:12.374Z,2025-06-23T03:15:14Z,"[{'id': 5778826217, 'qualifierId': 212, 'value': '23.9'}, {'id': 5778826215, 'qualifierId': 141, 'value': '100.0'}, {'id': 5778826211, 'qualifierId': 56, 'value': 'Left'}, {'id': 5778826219, 'qualifierId': 213, 'value': '1.58'}, {'id': 5778826213, 'qualifierId': 140, 'value': '52.3'}]",dzfr9ktjmxqj2eh2xibt7konp,K. Dali,,San Diego Wave,Home
2824012243,411,5,2,47,12,f1ks82wpiewyqs6h3oz9v4hzj,1,48.2,-1.6,2025-06-23T03:15:14.013Z,2025-06-23T03:17:27Z,"[{'id': 5778826229, 'qualifierId': 233, 'value': '470'}, {'id': 5778826227, 'qualifierId': 347}, {'id': 5778826225, 'qualifierId': 56, 'value': 'Back'}]",1jlc387u7fdpnnus9nlsb179w,R. Kouassi,,Washington Spirit,Away
2824012241,470,5,2,47,12,esvbnzqbyvxp2k570ez7h1a1g,0,51.8,101.6,2025-06-23T03:15:14.013Z,2025-06-23T03:15:17Z,"[{'id': 5778826235, 'qualifierId': 233, 'value': '411'}, {'id': 5778826223, 'qualifierId': 347}, {'id': 5778826221, 'qualifierId': 56, 'value': 'Left'}]",dzfr9ktjmxqj2eh2xibt7konp,K. Dali,,San Diego Wave,Home
2824012281,412,1,2,47,30,f1ks82wpiewyqs6h3oz9v4hzj,1,57.2,0.0,2025-06-23T03:15:32.266Z,2025-06-23T03:15:34Z,"[{'id': 5778826457, 'qualifierId': 213, 'value': '1.34'}, {'id': 5778826447, 'qualifierId': 107}, {'id': 5778826455, 'qualifierId': 212, 'value': '11.8'}, {'id': 5778826449, 'qualifierId': 56, 'value': 'Right'}, {'id': 5778826451, 'qualifierId': 140, 'value': '59.8'}, {'id': 5778826453, 'qualifierId': 141, 'value': '14.9'}]",en29qfiuu01nsmekoqhycjo45,G. Carle,,Washington Spirit,Away
2824012291,413,1,2,47,32,f1ks82wpiewyqs6h3oz9v4hzj,1,59.8,14.9,2025-06-23T03:15:34.406Z,2025-07-01T20:33:01Z,"[{'id': 5785892361, 'qualifierId': 1}, {'id': 5778826507, 'qualifierId': 141, 'value': '15.2'}, {'id': 5785892359, 'qualifierId': 157}, {'id': 5778826511, 'qualifierId': 213, 'value': '0.02'}, {'id': 5778826509, 'qualifierId': 212, 'value': '9.0'}, {'id': 5778826503, 'qualifierId': 56, 'value': 'Right'}, {'id': 5778826505, 'qualifierId': 140, 'value': '68.4'}]",4wgwp2bd4xrjbg7s4p193aooa,C. Bethune,,Washington Spirit,Away
2824012293,414,44,2,47,33,f1ks82wpiewyqs6h3oz9v4hzj,1,69.6,13.0,2025-06-23T03:15:35.400Z,2025-06-23T03:24:53Z,"[{'id': 5778826521, 'qualifierId': 233, 'value': '471'}, {'id': 5778826515, 'qualifierId': 56, 'value': 'Right'}, {'id': 5778826517, 'qualifierId': 286}]",1jlc387u7fdpnnus9nlsb179w,R. Kouassi,,Washington Spirit,Away
2824012287,471,44,2,47,33,esvbnzqbyvxp2k570ez7h1a1g,0,30.4,87.0,2025-06-23T03:15:35.401Z,2025-06-23T03:24:53Z,"[{'id': 5778826485, 'qualifierId': 56, 'value': 'Back'}, {'id': 5778826487, 'qualifierId': 285}, {'id': 5778826525, 'qualifierId': 233, 'value': '414'}]",3x6baiktcpcjxxh258a5uebpx,P. Morroni,,San Diego Wave,Home
2824012305,415,1,2,47,34,f1ks82wpiewyqs6h3oz9v4hzj,1,68.4,15.2,2025-06-23T03:15:36.062Z,2025-06-23T03:15:55Z,"[{'id': 5778826611, 'qualifierId': 168}, {'id': 5778826619, 'qualifierId': 212, 'value': '8.3'}, {'id': 5778826613, 'qualifierId': 56, 'value': 'Right'}, {'id': 5778826617, 'qualifierId': 141, 'value': '10.3'}, {'id': 5778826621, 'qualifierId': 213, 'value': '5.87'}, {'id': 5778826615, 'qualifierId': 140, 'value': '75.6'}, {'id': 5778826609, 'qualifierId': 3}]",1jlc387u7fdpnnus9nlsb179w,R. Kouassi,,Washington Spirit,Away
2824012307,416,1,2,47,40,f1ks82wpiewyqs6h3oz9v4hzj,1,67.2,17.6,2025-06-23T03:15:42.061Z,2025-06-23T03:16:00Z,"[{'id': 5778826629, 'qualifierId': 140, 'value': '69.7'}, {'id': 5778826625, 'qualifierId': 155}, {'id': 5778826635, 'qualifierId': 213, 'value': '1.48'}, {'id': 5778826633, 'qualifierId': 212, 'value': '29.5'}, {'id': 5778826631, 'qualifierId': 141, 'value': '60.8'}, {'id': 5778826627, 'qualifierId': 56, 'value': 'Center'}]",yay5mq8trvoxv9mwm4mqzn8q,G. Monday,,Washington Spirit,Away
2824012313,472,83,2,47,41,esvbnzqbyvxp2k570ez7h1a1g,0,25.6,31.3,2025-06-23T03:15:42.830Z,2025-06-23T03:16:03Z,"[{'id': 5778826773, 'qualifierId': 399, 'value': '4ullol3wa4qdi9ydgrxgxbcgl'}]",3gu9gaz6w7eq79qnaqj3b7jdh,D. Cascarino,,San Diego Wave,Home
2824012315,417,1,2,47,43,f1ks82wpiewyqs6h3oz9v4hzj,0,73.5,64.3,2025-06-23T03:15:45.280Z,2025-06-23T03:15:48Z,"[{'id': 5778826687, 'qualifierId': 140, 'value': '100.0'}, {'id': 5778826685, 'qualifierId': 56, 'value': 'Center'}, {'id': 5778826693, 'qualifierId': 213, 'value': '0.17'}, {'id': 5778826689, 'qualifierId': 141, 'value': '71.8'}, {'id': 5778826691, 'qualifierId': 212, 'value': '29.3'}]",4ullol3wa4qdi9ydgrxgxbcgl,C. Krueger,,Washington Spirit,Away
2824012327,418,5,2,47,46,f1ks82wpiewyqs6h3oz9v4hzj,0,101.1,71.1,2025-06-23T03:15:48.044Z,2025-06-23T03:16:04Z,"[{'id': 5778826745, 'qualifierId': 346}, {'id': 5778826743, 'qualifierId': 56, 'value': 'Center'}, {'id': 5778826751, 'qualifierId': 233, 'value': '473'}]",4ullol3wa4qdi9ydgrxgxbcgl,C. Krueger,,Washington Spirit,Away
2824012319,473,5,2,47,46,esvbnzqbyvxp2k570ez7h1a1g,1,-1.1,28.9,2025-06-23T03:15:48.044Z,2025-06-23T03:17:27Z,"[{'id': 5778826711, 'qualifierId': 56, 'value': 'Back'}, {'id': 5778826713, 'qualifierId': 346}, {'id': 5778826747, 'qualifierId': 233, 'value': '418'}]",3gu9gaz6w7eq79qnaqj3b7jdh,D. Cascarino,,San Diego Wave,Home
2824012337,474,1,2,48,5,esvbnzqbyvxp2k570ez7h1a1g,1,5.0,37.0,2025-06-23T03:16:07.127Z,2025-06-23T03:16:09Z,"[{'id': 5778826793, 'qualifierId': 124}, {'id': 5778826803, 'qualifierId': 213, 'value': '1.73'}, {'id': 5778826799, 'qualifierId': 141, 'value': '47.8'}, {'id': 5778826801, 'qualifierId': 212, 'value': '7.4'}, {'id': 5778826795, 'qualifierId': 56, 'value': 'Back'}, {'id': 5778826807, 'qualifierId': 237}, {'id': 5778826797, 'qualifierId': 140, 'value': '3.9'}]",9ms54l53wseuxarpn4vfcx9g4,T. Armstrong,,San Diego Wave,Home
2824012339,475,1,2,48,8,esvbnzqbyvxp2k570ez7h1a1g,1,6.0,47.9,2025-06-23T03:16:09.894Z,2025-06-23T03:16:14Z,"[{'id': 5778826817, 'qualifierId': 213, 'value': '5.28'}, {'id': 5778826815, 'qualifierId': 212, 'value': '20.3'}, {'id': 5778826809, 'qualifierId': 56, 'value': 'Back'}, {'id': 5778826811, 'qualifierId': 140, 'value': '16.4'}, {'id': 5778826813, 'qualifierId': 141, 'value': '22.7'}]",4yb9avzbrzt8m4c4h1yy98jbp,K. Sheridan,,San Diego Wave,Home
2824012341,476,1,2,48,12,esvbnzqbyvxp2k570ez7h1a1g,1,23.2,21.5,2025-06-23T03:16:14.294Z,2025-06-23T03:16:17Z,"[{'id': 5778826823, 'qualifierId': 56, 'value': 'Back'}, {'id': 5778826829, 'qualifierId': 212, 'value': '20.4'}, {'id': 5778826825, 'qualifierId': 140, 'value': '9.2'}, {'id': 5778826831, 'qualifierId': 213, 'value': '2.38'}, {'id': 5778826827, 'qualifierId': 141, 'value': '42.2'}]",9ms54l53wseuxarpn4vfcx9g4,T. Armstrong,,San Diego Wave,Home
2824012343,477,1,2,48,15,esvbnzqbyvxp2k570ez7h1a1g,1,10.2,44.2,2025-06-23T03:16:17.494Z,2025-06-23T03:16:22Z,"[{'id': 5778826841, 'qualifierId': 140, 'value': '22.8'}, {'id': 5778826843, 'qualifierId': 141, 'value': '72.6'}, {'id': 5778826845, 'qualifierId': 212, 'value': '23.4'}, {'id': 5778826839, 'qualifierId': 56, 'value': 'Back'}, {'id': 5778826847, 'qualifierId': 213, 'value': '0.97'}]",4yb9avzbrzt8m4c4h1yy98jbp,K. Sheridan,,San Diego Wave,Home
2824012355,478,1,2,48,20,esvbnzqbyvxp2k570ez7h1a1g,1,28.1,73.5,2025-06-23T03:16:22.679Z,2025-06-23T03:16:31Z,"[{'id': 5778826905, 'qualifierId': 212, 'value': '24.4'}, {'id': 5778826897, 'qualifierId': 155}, {'id': 5778826907, 'qualifierId': 213, 'value': '5.59'}, {'id': 5778826903, 'qualifierId': 141, 'value': '50.6'}, {'id': 5778826901, 'qualifierId': 140, 'value': '46.0'}, {'id': 5778826899, 'qualifierId': 56, 'value': 'Back'}]",6p2318moul9op4hmigk1xbaw9,K. McNabb,,San Diego Wave,Home
2824012347,419,43,2,48,23,f1ks82wpiewyqs6h3oz9v4hzj,1,0.0,0.0,2025-06-23T03:16:25.544Z,2025-06-23T03:16:37Z,"[{'id': 5778826943, 'qualifierId': 399, 'value': 'efynp5qo9b9x0lh9b4ft0ic8a'}, {'id': 5778826967, 'qualifierId': 144, 'value': '83'}]",coy005g9noltjta4ka7utllp0,H. Hershfelt,,Washington Spirit,Away
2824012357,479,4,2,48,25,esvbnzqbyvxp2k570ez7h1a1g,1,59.5,52.1,2025-06-23T03:16:27.559Z,2025-06-23T03:24:50Z,"[{'id': 5778826921, 'qualifierId': 233, 'value': '420'}, {'id': 5778826915, 'qualifierId': 56, 'value': 'Center'}, {'id': 5778826917, 'qualifierId': 152}, {'id': 5778826989, 'qualifierId': 265}, {'id': 5778826911, 'qualifierId': 13}, {'id': 5778826919, 'qualifierId': 286}]",efynp5qo9b9x0lh9b4ft0ic8a,G. Corley,,San Diego Wave,Home
2824012351,420,4,2,48,25,f1ks82wpiewyqs6h3oz9v4hzj,0,40.5,47.9,2025-06-23T03:16:27.560Z,2025-06-23T03:24:50Z,"[{'id': 5778826879, 'qualifierId': 152}, {'id': 5778826927, 'qualifierId': 233, 'value': '479'}, {'id': 5778826877, 'qualifierId': 56, 'value': 'Back'}, {'id': 5778826883, 'qualifierId': 285}, {'id': 5778826881, 'qualifierId': 265}, {'id': 5778826875, 'qualifierId': 13}, {'id': 5778831495, 'qualifierId': 55, 'value': '421'}]",coy005g9noltjta4ka7utllp0,H. Hershfelt,,Washington Spirit,Away
2824012353,421,17,2,48,28,f1ks82wpiewyqs6h3oz9v4hzj,1,0.0,0.0,2025-06-23T03:16:30.168Z,2025-06-23T03:16:33Z,"[{'id': 5778826929, 'qualifierId': 31}, {'id': 5778826935, 'qualifierId': 55, 'value': '420'}, {'id': 5778826931, 'qualifierId': 393}, {'id': 5778826933, 'qualifierId': 13, 'value': '243'}]",coy005g9noltjta4ka7utllp0,H. Hershfelt,,Washington Spirit,Away
2824012389,480,1,2,48,55,esvbnzqbyvxp2k570ez7h1a1g,1,65.4,52.5,2025-06-23T03:16:57.367Z,2025-06-23T03:16:58Z,"[{'id': 5778827157, 'qualifierId': 141, 'value': '39.5'}, {'id': 5778827161, 'qualifierId': 213, 'value': '4.64'}, {'id': 5778827155, 'qualifierId': 140, 'value': '64.8'}, {'id': 5778827151, 'qualifierId': 152}, {'id': 5778827149, 'qualifierId': 5}, {'id': 5778827159, 'qualifierId': 212, 'value': '8.9'}, {'id': 5778827165, 'qualifierId': 189}, {'id': 5778827153, 'qualifierId': 56, 'value': 'Center'}]",6h8t7apz5vzk0pjxo8hbbkfhm,S. McCaskill,,San Diego Wave,Home
2824012391,481,1,2,48,56,esvbnzqbyvxp2k570ez7h1a1g,1,61.7,42.5,2025-06-23T03:16:58.806Z,2025-06-23T03:17:00Z,"[{'id': 5778827177, 'qualifierId': 213, 'value': '1.97'}, {'id': 5778827175, 'qualifierId': 212, 'value': '19.0'}, {'id': 5778827171, 'qualifierId': 140, 'value': '54.7'}, {'id': 5778827173, 'qualifierId': 141, 'value': '68.2'}, {'id': 5778827169, 'qualifierId': 56, 'value': 'Center'}]",dzfr9ktjmxqj2eh2xibt7konp,K. Dali,,San Diego Wave,Home
2824012399,482,1,2,48,58,esvbnzqbyvxp2k570ez7h1a1g,1,55.2,71.2,2025-06-23T03:17:00.022Z,2025-06-23T03:17:02Z,"[{'id': 5778827209, 'qualifierId': 140, 'value': '63.7'}, {'id': 5778827215, 'qualifierId': 213, 'value': '0.57'}, {'id': 5778827211, 'qualifierId': 141, 'value': '79.6'}, {'id': 5778827207, 'qualifierId': 56, 'value': 'Left'}, {'id': 5778827213, 'qualifierId': 212, 'value': '10.6'}]",6p2318moul9op4hmigk1xbaw9,K. McNabb,,San Diego Wave,Home
2824012403,483,1,2,49,0,esvbnzqbyvxp2k570ez7h1a1g,1,64.9,79.3,2025-06-23T03:17:02.086Z,2025-06-23T03:17:05Z,"[{'id': 5778827227, 'qualifierId': 213, 'value': '4.85'}, {'id': 5778827219, 'qualifierId': 56, 'value': 'Center'}, {'id': 5778827225, 'qualifierId': 212, 'value': '5.4'}, {'id': 5778827221, 'qualifierId': 140, 'value': '65.6'}, {'id': 5778827223, 'qualifierId': 141, 'value': '71.4'}]",3x6baiktcpcjxxh258a5uebpx,P. Morroni,,San Diego Wave,Home
2824012405,422,83,2,49,2,f1ks82wpiewyqs6h3oz9v4hzj,0,35.9,26.4,2025-06-23T03:17:04.154Z,2025-06-23T03:17:53Z,"[{'id': 5778827435, 'qualifierId': 399, 'value': '6h8t7apz5vzk0pjxo8hbbkfhm'}]",4wgwp2bd4xrjbg7s4p193aooa,C. Bethune,,Washington Spirit,Away
2824012407,484,1,2,49,3,esvbnzqbyvxp2k570ez7h1a1g,0,62.4,74.2,2025-06-23T03:17:04.983Z,2025-06-23T03:17:05Z,"[{'id': 5778827239, 'qualifierId': 141, 'value': '80.6'}, {'id': 5778827241, 'qualifierId': 212, 'value': '4.7'}, {'id': 5778827243, 'qualifierId': 213, 'value': '1.18'}, {'id': 5778827237, 'qualifierId': 140, 'value': '64.1'}, {'id': 5778827235, 'qualifierId': 56, 'value': 'Left'}]",6h8t7apz5vzk0pjxo8hbbkfhm,S. McCaskill,,San Diego Wave,Home
2824012411,485,83,2,49,4,esvbnzqbyvxp2k570ez7h1a1g,0,59.5,83.9,2025-06-23T03:17:06.423Z,2025-07-01T22:22:26Z,"[{'id': 5778827269, 'qualifierId': 399, 'value': '1jlc387u7fdpnnus9nlsb179w'}]",6h8t7apz5vzk0pjxo8hbbkfhm,S. McCaskill,,San Diego Wave,Home
2824012413,423,61,2,49,5,f1ks82wpiewyqs6h3oz9v4hzj,1,28.9,16.4,2025-06-23T03:17:07.169Z,2025-07-01T20:37:30Z,"[{'id': 5778827261, 'qualifierId': 56, 'value': 'Back'}]",1jlc387u7fdpnnus9nlsb179w,R. Kouassi,,Washington Spirit,Away
2824012419,424,49,2,49,6,f1ks82wpiewyqs6h3oz9v4hzj,1,31.6,10.7,2025-06-23T03:17:08.372Z,2025-06-23T03:17:08Z,[],yay5mq8trvoxv9mwm4mqzn8q,G. Monday,,Washington Spirit,Away
2824012423,425,4,2,49,9,f1ks82wpiewyqs6h3oz9v4hzj,1,40.7,6.7,2025-06-23T03:17:11.356Z,2025-06-23T03:24:50Z,"[{'id': 5778827289, 'qualifierId': 286}, {'id': 5778827281, 'qualifierId': 13}, {'id': 5778827283, 'qualifierId': 295}, {'id': 5778827285, 'qualifierId': 56, 'value': 'Back'}, {'id': 5778827287, 'qualifierId': 152}, {'id': 5778827301, 'qualifierId': 233, 'value': '486'}]",yay5mq8trvoxv9mwm4mqzn8q,G. Monday,,Washington Spirit,Away
2824012427,486,4,2,49,9,esvbnzqbyvxp2k570ez7h1a1g,0,59.3,93.3,2025-06-23T03:17:11.357Z,2025-06-23T03:24:50Z,"[{'id': 5778827293, 'qualifierId': 295}, {'id': 5778827291, 'qualifierId': 13}, {'id': 5778827299, 'qualifierId': 285}, {'id': 5778827295, 'qualifierId': 56, 'value': 'Left'}, {'id': 5778827297, 'qualifierId': 152}, {'id': 5778827321, 'qualifierId': 233, 'value': '425'}]",6h8t7apz5vzk0pjxo8hbbkfhm,S. McCaskill,,San Diego Wave,Home
2824012473,426,1,2,49,32,f1ks82wpiewyqs6h3oz9v4hzj,1,40.5,23.6,2025-06-23T03:17:34.003Z,2025-06-23T03:17:35Z,"[{'id': 5778827621, 'qualifierId': 141, 'value': '74.5'}, {'id': 5778827615, 'qualifierId': 152}, {'id': 5778827623, 'qualifierId': 212, 'value': '34.8'}, {'id': 5778827613, 'qualifierId': 5}, {'id': 5778827619, 'qualifierId': 140, 'value': '44.3'}, {'id': 5778827625, 'qualifierId': 213, 'value': '1.46'}, {'id': 5778827635, 'qualifierId': 189}, {'id': 5778827617, 'qualifierId': 56, 'value': 'Back'}, {'id': 5778827627, 'qualifierId': 1}]",en29qfiuu01nsmekoqhycjo45,G. Carle,,Washington Spirit,Away
2824012477,427,1,2,49,35,f1ks82wpiewyqs6h3oz9v4hzj,1,43.8,71.1,2025-06-23T03:17:37.252Z,2025-06-23T03:17:38Z,"[{'id': 5778827657, 'qualifierId': 213, 'value': '4.22'}, {'id': 5778827655, 'qualifierId': 212, 'value': '21.0'}, {'id': 5778827651, 'qualifierId': 140, 'value': '34.4'}, {'id': 5778827649, 'qualifierId': 56, 'value': 'Back'}, {'id': 5778827653, 'qualifierId': 141, 'value': '43.9'}]",bo5e35lsptja0pnlvk1y38dex,E. Morgan,,Washington Spirit,Away
2824012481,428,1,2,49,36,f1ks82wpiewyqs6h3oz9v4hzj,1,34.4,43.9,2025-06-23T03:17:38.642Z,2025-06-23T03:17:39Z,"[{'id': 5778827673, 'qualifierId': 56, 'value': 'Back'}, {'id': 5778827679, 'qualifierId': 212, 'value': '16.8'}, {'id': 5778827675, 'qualifierId': 140, 'value': '36.8'}, {'id': 5778827681, 'qualifierId': 213, 'value': '4.86'}, {'id': 5778827677, 'qualifierId': 141, 'value': '19.5'}]",27dktxivmcqmi1lkz1vs49qi2,T. McKeown,,Washington Spirit,Away
2824012483,429,1,2,49,37,f1ks82wpiewyqs6h3oz9v4hzj,1,36.8,19.5,2025-06-23T03:17:39.501Z,2025-06-23T03:17:41Z,"[{'id': 5778827689, 'qualifierId': 141, 'value': '9.4'}, {'id': 5778827693, 'qualifierId': 213, 'value': '5.95'}, {'id': 5778827691, 'qualifierId': 212, 'value': '21.1'}, {'id': 5778827687, 'qualifierId': 140, 'value': '55.8'}, {'id': 5778827685, 'qualifierId': 56, 'value': 'Right'}]",en29qfiuu01nsmekoqhycjo45,G. Carle,,Washington Spirit,Away
2824012487,430,1,2,49,39,f1ks82wpiewyqs6h3oz9v4hzj,1,55.8,9.4,2025-06-23T03:17:41.095Z,2025-06-23T03:17:43Z,"[{'id': 5778827709, 'qualifierId': 56, 'value': 'Back'}, {'id': 5778827715, 'qualifierId': 212, 'value': '18.9'}, {'id': 5778827717, 'qualifierId': 213, 'value': '2.98'}, {'id': 5778827713, 'qualifierId': 141, 'value': '14.0'}, {'id': 5778827711, 'qualifierId': 140, 'value': '38.0'}]",1jlc387u7fdpnnus9nlsb179w,R. Kouassi,,Washington Spirit,Away
2824012493,431,1,2,49,41,f1ks82wpiewyqs6h3oz9v4hzj,1,37.8,16.5,2025-06-23T03:17:43.523Z,2025-06-23T03:17:48Z,"[{'id': 5778827741, 'qualifierId': 140, 'value': '28.4'}, {'id': 5778827743, 'qualifierId': 141, 'value': '41.6'}, {'id': 5778827745, 'qualifierId': 212, 'value': '19.7'}, {'id': 5778827739, 'qualifierId': 56, 'value': 'Back'}, {'id': 5778827747, 'qualifierId': 213, 'value': '2.10'}]",en29qfiuu01nsmekoqhycjo45,G. Carle,,Washington Spirit,Away
2824012491,487,83,2,49,45,esvbnzqbyvxp2k570ez7h1a1g,0,43.0,94.8,2025-06-23T03:17:47.095Z,2025-06-23T03:18:55Z,"[{'id': 5778827777, 'qualifierId': 399, 'value': '27dktxivmcqmi1lkz1vs49qi2'}]",3x6baiktcpcjxxh258a5uebpx,P. Morroni,,San Diego Wave,Home
2824012497,432,1,2,49,46,f1ks82wpiewyqs6h3oz9v4hzj,1,26.7,45.5,2025-06-23T03:17:48.288Z,2025-06-23T03:17:50Z,"[{'id': 5778827771, 'qualifierId': 212, 'value': '18.7'}, {'id': 5778827773, 'qualifierId': 213, 'value': '2.32'}, {'id': 5778827769, 'qualifierId': 141, 'value': '65.7'}, {'id': 5778827765, 'qualifierId': 56, 'value': 'Back'}, {'id': 5778827767, 'qualifierId': 140, 'value': '14.6'}]",27dktxivmcqmi1lkz1vs49qi2,T. McKeown,,Washington Spirit,Away
2824012517,433,1,2,49,49,f1ks82wpiewyqs6h3oz9v4hzj,1,14.6,65.7,2025-06-23T03:17:51.521Z,2025-06-23T03:17:56Z,"[{'id': 5778827895, 'qualifierId': 212, 'value': '19.3'}, {'id': 5778827897, 'qualifierId': 213, 'value': '0.60'}, {'id': 5778827889, 'qualifierId': 56, 'value': 'Back'}, {'id': 5778827893, 'qualifierId': 141, 'value': '81.8'}, {'id': 5778827891, 'qualifierId': 140, 'value': '29.7'}]",d9dirjpaqkq3gga2zyeykcv6d,A. Kingsbury,,Washington Spirit,Away
2824012519,434,3,2,49,53,f1ks82wpiewyqs6h3oz9v4hzj,0,30.6,83.2,2025-06-23T03:17:54.989Z,2025-07-01T20:39:24Z,"[{'id': 5778827949, 'qualifierId': 233, 'value': '488'}, {'id': 5778827903, 'qualifierId': 285}, {'id': 5778827901, 'qualifierId': 56, 'value': 'Back'}, {'id': 5785896997, 'qualifierId': 465}]",4ullol3wa4qdi9ydgrxgxbcgl,C. Krueger,,Washington Spirit,Away
2824012531,488,7,2,49,53,esvbnzqbyvxp2k570ez7h1a1g,0,69.4,16.8,2025-06-23T03:17:54.990Z,2025-07-01T20:39:30Z,"[{'id': 5785897145, 'qualifierId': 178}, {'id': 5778827939, 'qualifierId': 56, 'value': 'Right'}, {'id': 5778827941, 'qualifierId': 286}, {'id': 5785897143, 'qualifierId': 383}, {'id': 5778827943, 'qualifierId': 233, 'value': '434'}]",auyj06nha2syoygo7prfadobu,H. Lundkvist,,San Diego Wave,Home
2824012523,435,61,2,49,54,f1ks82wpiewyqs6h3oz9v4hzj,1,29.7,81.8,2025-06-23T03:17:55.957Z,2025-07-01T20:39:21Z,"[{'id': 5778827915, 'qualifierId': 56, 'value': 'Back'}]",4ullol3wa4qdi9ydgrxgxbcgl,C. Krueger,,Washington Spirit,Away
2824012729,510,61,2,49,54,esvbnzqbyvxp2k570ez7h1a1g,1,65.5,11.7,2025-06-23T03:17:56.239Z,2025-06-23T03:20:38Z,"[{'id': 5778829145, 'qualifierId': 56, 'value': 'Right'}]",auyj06nha2syoygo7prfadobu,H. Lundkvist,,San Diego Wave,Home
2824012533,436,1,2,49,56,f1ks82wpiewyqs6h3oz9v4hzj,0,38.1,66.9,2025-06-23T03:17:58.332Z,2025-07-01T20:39:41Z,"[{'id': 5778827957, 'qualifierId': 212, 'value': '33.5'}, {'id': 5785897261, 'qualifierId': 4}, {'id': 5778827955, 'qualifierId': 141, 'value': '51.8'}, {'id': 5778827961, 'qualifierId': 1}, {'id': 5778827953, 'qualifierId': 140, 'value': '68.5'}, {'id': 5778827959, 'qualifierId': 213, 'value': '5.97'}, {'id': 5778827951, 'qualifierId': 56, 'value': 'Center'}]",73q03evwuq5rdm7scz31yj4a2,M. Morris,,Washington Spirit,Away
2824012649,502,61,2,49,59,esvbnzqbyvxp2k570ez7h1a1g,0,31.4,48.2,2025-06-23T03:18:00.827Z,2025-07-01T20:39:50Z,"[{'id': 5778828621, 'qualifierId': 56, 'value': 'Back'}]",3x6baiktcpcjxxh258a5uebpx,P. Morroni,,San Diego Wave,Home
2824012535,437,43,2,49,59,f1ks82wpiewyqs6h3oz9v4hzj,1,0.0,0.0,2025-06-23T03:18:00.828Z,2025-07-01T20:39:49Z,"[{'id': 5778828629, 'qualifierId': 233, 'value': '502'}, {'id': 5785897325, 'qualifierId': 144, 'value': '7'}, {'id': 5778828425, 'qualifierId': 56, 'value': 'Center'}, {'id': 5778828427, 'qualifierId': 286, 'value': '0'}]",yay5mq8trvoxv9mwm4mqzn8q,G. Monday,,Washington Spirit,Away
2824012537,489,43,2,50,0,esvbnzqbyvxp2k570ez7h1a1g,1,0.0,0.0,2025-06-23T03:18:02.249Z,2025-07-01T20:39:52Z,"[{'id': 5778827969, 'qualifierId': 56, 'value': 'Back'}, {'id': 5785897393, 'qualifierId': 144, 'value': '61'}]",3x6baiktcpcjxxh258a5uebpx,P. Morroni,,San Diego Wave,Home
2824012545,438,1,2,50,1,f1ks82wpiewyqs6h3oz9v4hzj,1,67.1,61.1,2025-06-23T03:18:03.237Z,2025-06-23T03:18:04Z,"[{'id': 5778828007, 'qualifierId': 212, 'value': '6.5'}, {'id': 5778828005, 'qualifierId': 141, 'value': '63.1'}, {'id': 5778828001, 'qualifierId': 56, 'value': 'Center'}, {'id': 5778828009, 'qualifierId': 213, 'value': '0.21'}, {'id': 5778828003, 'qualifierId': 140, 'value': '73.2'}]",yay5mq8trvoxv9mwm4mqzn8q,G. Monday,,Washington Spirit,Away
2824012549,439,1,2,50,2,f1ks82wpiewyqs6h3oz9v4hzj,0,73.2,63.1,2025-06-23T03:18:04.799Z,2025-06-23T03:18:51Z,"[{'id': 5778828027, 'qualifierId': 213, 'value': '4.51'}, {'id': 5778828025, 'qualifierId': 212, 'value': '16.6'}, {'id': 5778828019, 'qualifierId': 56, 'value': 'Center'}, {'id': 5778828021, 'qualifierId': 140, 'value': '70.1'}, {'id': 5778828023, 'qualifierId': 141, 'value': '39.2'}]",4wgwp2bd4xrjbg7s4p193aooa,C. Bethune,,Washington Spirit,Away
2824012557,490,12,2,50,4,esvbnzqbyvxp2k570ez7h1a1g,1,30.8,68.2,2025-06-23T03:18:06.663Z,2025-06-23T03:18:08Z,"[{'id': 5778828055, 'qualifierId': 141, 'value': '100.0'}, {'id': 5778828059, 'qualifierId': 213, 'value': '1.78'}, {'id': 5778828051, 'qualifierId': 56, 'value': 'Back'}, {'id': 5778828081, 'qualifierId': 167}, {'id': 5778828053, 'qualifierId': 140, 'value': '26.1'}, {'id': 5778828057, 'qualifierId': 212, 'value': '23.3'}]",6h8t7apz5vzk0pjxo8hbbkfhm,S. McCaskill,,San Diego Wave,Home
2824012565,440,5,2,50,5,f1ks82wpiewyqs6h3oz9v4hzj,1,74.4,-1.4,2025-06-23T03:18:07.743Z,2025-06-23T03:24:47Z,"[{'id': 5778828083, 'qualifierId': 56, 'value': 'Right'}, {'id': 5778828085, 'qualifierId': 347}, {'id': 5778828103, 'qualifierId': 233, 'value': '491'}]",73q03evwuq5rdm7scz31yj4a2,M. Morris,,Washington Spirit,Away
2824012561,491,5,2,50,5,esvbnzqbyvxp2k570ez7h1a1g,0,25.6,101.4,2025-06-23T03:18:07.743Z,2025-06-23T03:24:47Z,"[{'id': 5778828073, 'qualifierId': 56, 'value': 'Back'}, {'id': 5778828121, 'qualifierId': 233, 'value': '440'}, {'id': 5778828075, 'qualifierId': 347}]",6h8t7apz5vzk0pjxo8hbbkfhm,S. McCaskill,,San Diego Wave,Home
2824012585,441,1,2,50,22,f1ks82wpiewyqs6h3oz9v4hzj,1,76.2,0.0,2025-06-23T03:18:24.279Z,2025-06-23T03:18:26Z,"[{'id': 5778828221, 'qualifierId': 213, 'value': '2.16'}, {'id': 5778828215, 'qualifierId': 140, 'value': '72.0'}, {'id': 5778828217, 'qualifierId': 141, 'value': '8.8'}, {'id': 5778828213, 'qualifierId': 56, 'value': 'Right'}, {'id': 5778828211, 'qualifierId': 107}, {'id': 5778828219, 'qualifierId': 212, 'value': '7.9'}]",en29qfiuu01nsmekoqhycjo45,G. Carle,,Washington Spirit,Away
2824012587,442,3,2,50,24,f1ks82wpiewyqs6h3oz9v4hzj,0,73.5,7.3,2025-06-23T03:18:25.967Z,2025-07-01T20:40:39Z,"[{'id': 5778828229, 'qualifierId': 211}, {'id': 5785897971, 'qualifierId': 464}, {'id': 5778828227, 'qualifierId': 286}, {'id': 5778828225, 'qualifierId': 56, 'value': 'Right'}]",4wgwp2bd4xrjbg7s4p193aooa,C. Bethune,,Washington Spirit,Away
2824012591,443,5,2,50,24,f1ks82wpiewyqs6h3oz9v4hzj,0,76.5,-0.7,2025-06-23T03:18:26.791Z,2025-06-23T03:24:47Z,"[{'id': 5778828237, 'qualifierId': 347}, {'id': 5778828255, 'qualifierId': 233, 'value': '492'}, {'id': 5778828235, 'qualifierId': 56, 'value': 'Right'}]",4wgwp2bd4xrjbg7s4p193aooa,C. Bethune,,Washington Spirit,Away
2824012589,492,5,2,50,24,esvbnzqbyvxp2k570ez7h1a1g,1,23.5,100.7,2025-06-23T03:18:26.791Z,2025-06-23T03:24:47Z,"[{'id': 5778828233, 'qualifierId': 347}, {'id': 5778828231, 'qualifierId': 56, 'value': 'Back'}, {'id': 5778828239, 'qualifierId': 233, 'value': '443'}]",1he80t4tdvj86rbvng0956prd,M. Sánchez,,San Diego Wave,Home
2824012599,493,1,2,50,29,esvbnzqbyvxp2k570ez7h1a1g,1,23.6,100.0,2025-06-23T03:18:31.591Z,2025-06-23T03:18:33Z,"[{'id': 5778828285, 'qualifierId': 107}, {'id': 5778828295, 'qualifierId': 213, 'value': '5.00'}, {'id': 5778828287, 'qualifierId': 56, 'value': 'Back'}, {'id': 5778828299, 'qualifierId': 189}, {'id': 5778828291, 'qualifierId': 141, 'value': '80.8'}, {'id': 5778828293, 'qualifierId': 212, 'value': '14.6'}, {'id': 5778828289, 'qualifierId': 140, 'value': '27.5'}]",3x6baiktcpcjxxh258a5uebpx,P. Morroni,,San Diego Wave,Home
2824012605,494,1,2,50,31,esvbnzqbyvxp2k570ez7h1a1g,1,28.5,78.1,2025-06-23T03:18:33.606Z,2025-06-23T03:18:37Z,"[{'id': 5778828331, 'qualifierId': 212, 'value': '21.5'}, {'id': 5778828327, 'qualifierId': 140, 'value': '18.3'}, {'id': 5778828325, 'qualifierId': 56, 'value': 'Back'}, {'id': 5778828333, 'qualifierId': 213, 'value': '4.19'}, {'id': 5778828329, 'qualifierId': 141, 'value': '50.7'}]",dzfr9ktjmxqj2eh2xibt7konp,K. Dali,,San Diego Wave,Home
2824012609,495,1,2,50,35,esvbnzqbyvxp2k570ez7h1a1g,1,14.8,44.9,2025-06-23T03:18:36.919Z,2025-06-23T03:18:39Z,"[{'id': 5778828353, 'qualifierId': 212, 'value': '11.5'}, {'id': 5778828351, 'qualifierId': 141, 'value': '46.7'}, {'id': 5778828349, 'qualifierId': 140, 'value': '3.9'}, {'id': 5778828355, 'qualifierId': 213, 'value': '3.04'}, {'id': 5778828347, 'qualifierId': 56, 'value': 'Back'}]",9ms54l53wseuxarpn4vfcx9g4,T. Armstrong,,San Diego Wave,Home
2824012617,496,1,2,50,37,esvbnzqbyvxp2k570ez7h1a1g,1,5.4,53.1,2025-06-23T03:18:39.622Z,2025-06-23T03:18:42Z,"[{'id': 5778828385, 'qualifierId': 56, 'value': 'Back'}, {'id': 5778828387, 'qualifierId': 140, 'value': '11.4'}, {'id': 5778828391, 'qualifierId': 212, 'value': '17.4'}, {'id': 5778828393, 'qualifierId': 213, 'value': '1.20'}, {'id': 5778828389, 'qualifierId': 141, 'value': '76.9'}]",4yb9avzbrzt8m4c4h1yy98jbp,K. Sheridan,,San Diego Wave,Home
2824012619,497,1,2,50,40,esvbnzqbyvxp2k570ez7h1a1g,1,15.3,80.2,2025-06-23T03:18:42.663Z,2025-06-23T03:18:44Z,"[{'id': 5778828399, 'qualifierId': 140, 'value': '22.3'}, {'id': 5778828405, 'qualifierId': 213, 'value': '5.55'}, {'id': 5778828403, 'qualifierId': 212, 'value': '9.9'}, {'id': 5778828397, 'qualifierId': 56, 'value': 'Back'}, {'id': 5778828401, 'qualifierId': 141, 'value': '70.5'}]",6p2318moul9op4hmigk1xbaw9,K. McNabb,,San Diego Wave,Home
2824012635,498,1,2,50,42,esvbnzqbyvxp2k570ez7h1a1g,1,21.9,70.2,2025-06-23T03:18:44.504Z,2025-06-23T03:18:58Z,"[{'id': 5778828465, 'qualifierId': 141, 'value': '30.7'}, {'id': 5778828459, 'qualifierId': 155}, {'id': 5778828467, 'qualifierId': 212, 'value': '26.9'}, {'id': 5778828463, 'qualifierId': 140, 'value': '20.6'}, {'id': 5778828469, 'qualifierId': 213, 'value': '4.66'}, {'id': 5778828461, 'qualifierId': 56, 'value': 'Back'}]",6h8t7apz5vzk0pjxo8hbbkfhm,S. McCaskill,,San Diego Wave,Home
2824012641,499,1,2,50,56,esvbnzqbyvxp2k570ez7h1a1g,1,52.8,21.9,2025-06-23T03:18:58.439Z,2025-06-23T03:19:02Z,"[{'id': 5778828499, 'qualifierId': 56, 'value': 'Right'}, {'id': 5778828507, 'qualifierId': 213, 'value': '5.06'}, {'id': 5778828501, 'qualifierId': 140, 'value': '57.0'}, {'id': 5778828503, 'qualifierId': 141, 'value': '4.1'}, {'id': 5778828505, 'qualifierId': 212, 'value': '12.9'}]",9ms54l53wseuxarpn4vfcx9g4,T. Armstrong,,San Diego Wave,Home
2824012643,500,1,2,51,1,esvbnzqbyvxp2k570ez7h1a1g,1,57.0,4.1,2025-06-23T03:19:02.823Z,2025-06-23T03:21:18Z,"[{'id': 5778828517, 'qualifierId': 212, 'value': '14.5'}, {'id': 5778828515, 'qualifierId': 141, 'value': '17.1'}, {'id': 5778828519, 'qualifierId': 213, 'value': '2.48'}, {'id': 5778828511, 'qualifierId': 56, 'value': 'Back'}, {'id': 5778828513, 'qualifierId': 140, 'value': '46.1'}]",3gu9gaz6w7eq79qnaqj3b7jdh,D. Cascarino,,San Diego Wave,Home
2824012645,501,1,2,51,3,esvbnzqbyvxp2k570ez7h1a1g,1,46.5,20.3,2025-06-23T03:19:05.207Z,2025-06-23T03:19:07Z,"[{'id': 5778828533, 'qualifierId': 141, 'value': '8.8'}, {'id': 5778828531, 'qualifierId': 140, 'value': '42.1'}, {'id': 5778828535, 'qualifierId': 212, 'value': '9.1'}, {'id': 5778828537, 'qualifierId': 213, 'value': '4.18'}, {'id': 5778828529, 'qualifierId': 56, 'value': 'Back'}]",auyj06nha2syoygo7prfadobu,H. Lundkvist,,San Diego Wave,Home
2824012657,503,1,2,51,9,esvbnzqbyvxp2k570ez7h1a1g,1,55.3,6.8,2025-06-23T03:19:11.687Z,2025-06-23T03:19:16Z,"[{'id': 5778828599, 'qualifierId': 141, 'value': '1.3'}, {'id': 5778828603, 'qualifierId': 213, 'value': '4.14'}, {'id': 5778828601, 'qualifierId': 212, 'value': '4.5'}, {'id': 5778828597, 'qualifierId': 140, 'value': '53.0'}, {'id': 5778828595, 'qualifierId': 56, 'value': 'Right'}]",9ms54l53wseuxarpn4vfcx9g4,T. Armstrong,,San Diego Wave,Home
2824012665,504,1,2,51,14,esvbnzqbyvxp2k570ez7h1a1g,1,42.5,9.4,2025-06-23T03:19:16.711Z,2025-06-23T03:21:30Z,"[{'id': 5778828633, 'qualifierId': 56, 'value': 'Back'}, {'id': 5778828639, 'qualifierId': 212, 'value': '22.7'}, {'id': 5778828635, 'qualifierId': 140, 'value': '29.4'}, {'id': 5778828641, 'qualifierId': 213, 'value': '2.22'}, {'id': 5778828637, 'qualifierId': 141, 'value': '36.0'}]",3gu9gaz6w7eq79qnaqj3b7jdh,D. Cascarino,,San Diego Wave,Home
2824012669,505,1,2,51,17,esvbnzqbyvxp2k570ez7h1a1g,1,28.9,38.2,2025-06-23T03:19:19.655Z,2025-06-23T03:19:22Z,"[{'id': 5778828657, 'qualifierId': 212, 'value': '12.1'}, {'id': 5778828655, 'qualifierId': 141, 'value': '54.2'}, {'id': 5778828659, 'qualifierId': 213, 'value': '1.12'}, {'id': 5778828651, 'qualifierId': 56, 'value': 'Back'}, {'id': 5778828653, 'qualifierId': 140, 'value': '33.9'}]",4yb9avzbrzt8m4c4h1yy98jbp,K. Sheridan,,San Diego Wave,Home
2824012675,506,1,2,51,20,esvbnzqbyvxp2k570ez7h1a1g,0,35.2,56.6,2025-06-23T03:19:21.960Z,2025-06-23T03:19:27Z,"[{'id': 5778828687, 'qualifierId': 1}, {'id': 5778828685, 'qualifierId': 213, 'value': '6.00'}, {'id': 5778828679, 'qualifierId': 140, 'value': '97.9'}, {'id': 5778828681, 'qualifierId': 141, 'value': '28.9'}, {'id': 5778828675, 'qualifierId': 155}, {'id': 5778828677, 'qualifierId': 56, 'value': 'Center'}, {'id': 5778828683, 'qualifierId': 212, 'value': '68.5'}]",6p2318moul9op4hmigk1xbaw9,K. McNabb,,San Diego Wave,Home
2824012673,444,52,2,51,25,f1ks82wpiewyqs6h3oz9v4hzj,1,3.5,72.3,2025-06-23T03:19:27.628Z,2025-07-01T20:42:58Z,"[{'id': 5785900547, 'qualifierId': 376}]",d9dirjpaqkq3gga2zyeykcv6d,A. Kingsbury,,Washington Spirit,Away
2824012701,445,1,2,51,46,f1ks82wpiewyqs6h3oz9v4hzj,1,14.0,48.1,2025-06-23T03:19:48.695Z,2025-06-23T03:19:52Z,"[{'id': 5778828803, 'qualifierId': 56, 'value': 'Back'}, {'id': 5778828801, 'qualifierId': 123}, {'id': 5778828809, 'qualifierId': 212, 'value': '26.5'}, {'id': 5778828805, 'qualifierId': 140, 'value': '34.0'}, {'id': 5778828815, 'qualifierId': 287}, {'id': 5778828811, 'qualifierId': 213, 'value': '5.63'}, {'id': 5778828807, 'qualifierId': 141, 'value': '24.4'}]",d9dirjpaqkq3gga2zyeykcv6d,A. Kingsbury,,Washington Spirit,Away
2824012703,446,1,2,51,50,f1ks82wpiewyqs6h3oz9v4hzj,1,34.0,24.4,2025-06-23T03:19:52.179Z,2025-06-23T03:19:53Z,"[{'id': 5778828823, 'qualifierId': 141, 'value': '32.2'}, {'id': 5778828821, 'qualifierId': 140, 'value': '25.5'}, {'id': 5778828825, 'qualifierId': 212, 'value': '10.4'}, {'id': 5778828819, 'qualifierId': 56, 'value': 'Back'}, {'id': 5778828827, 'qualifierId': 213, 'value': '2.61'}]",4wgwp2bd4xrjbg7s4p193aooa,C. Bethune,,Washington Spirit,Away
2824012705,447,1,2,51,51,f1ks82wpiewyqs6h3oz9v4hzj,1,25.5,32.2,2025-06-23T03:19:53.803Z,2025-06-23T03:19:55Z,"[{'id': 5778828837, 'qualifierId': 212, 'value': '15.7'}, {'id': 5778828831, 'qualifierId': 56, 'value': 'Back'}, {'id': 5778828839, 'qualifierId': 213, 'value': '4.60'}, {'id': 5778828833, 'qualifierId': 140, 'value': '23.8'}, {'id': 5778828835, 'qualifierId': 141, 'value': '9.2'}]",coy005g9noltjta4ka7utllp0,H. Hershfelt,,Washington Spirit,Away
2824012707,448,1,2,51,53,f1ks82wpiewyqs6h3oz9v4hzj,1,23.8,9.2,2025-06-23T03:19:55.053Z,2025-06-23T03:19:56Z,"[{'id': 5778828851, 'qualifierId': 213, 'value': '0.10'}, {'id': 5778828849, 'qualifierId': 212, 'value': '10.0'}, {'id': 5778828843, 'qualifierId': 56, 'value': 'Back'}, {'id': 5778828847, 'qualifierId': 141, 'value': '10.6'}, {'id': 5778828845, 'qualifierId': 140, 'value': '33.3'}]",en29qfiuu01nsmekoqhycjo45,G. Carle,,Washington Spirit,Away
2824012709,449,61,2,51,54,f1ks82wpiewyqs6h3oz9v4hzj,0,33.3,10.6,2025-06-23T03:19:56.193Z,2025-06-23T03:19:56Z,"[{'id': 5778828855, 'qualifierId': 56, 'value': 'Back'}]",1jlc387u7fdpnnus9nlsb179w,R. Kouassi,,Washington Spirit,Away
2824012711,507,1,2,51,55,esvbnzqbyvxp2k570ez7h1a1g,1,73.6,95.1,2025-06-23T03:19:57.191Z,2025-06-23T03:19:58Z,"[{'id': 5778828861, 'qualifierId': 141, 'value': '96.0'}, {'id': 5778828863, 'qualifierId': 212, 'value': '1.0'}, {'id': 5778828859, 'qualifierId': 140, 'value': '74.3'}, {'id': 5778828865, 'qualifierId': 213, 'value': '0.69'}, {'id': 5778828857, 'qualifierId': 56, 'value': 'Left'}]",321yjdo3gio1l33hc1pdps4wl,A. Leon,,San Diego Wave,Home
2824012721,508,1,2,51,56,esvbnzqbyvxp2k570ez7h1a1g,1,74.3,96.0,2025-06-23T03:19:58.423Z,2025-06-23T03:20:00Z,"[{'id': 5778828913, 'qualifierId': 140, 'value': '70.1'}, {'id': 5778828919, 'qualifierId': 213, 'value': '4.29'}, {'id': 5778828911, 'qualifierId': 56, 'value': 'Left'}, {'id': 5778828915, 'qualifierId': 141, 'value': '81.7'}, {'id': 5778828917, 'qualifierId': 212, 'value': '10.7'}]",1he80t4tdvj86rbvng0956prd,M. Sánchez,,San Diego Wave,Home
2824012725,509,49,2,51,58,esvbnzqbyvxp2k570ez7h1a1g,1,69.6,81.7,2025-06-23T03:20:00.615Z,2025-06-23T03:20:00Z,[],efynp5qo9b9x0lh9b4ft0ic8a,G. Corley,,San Diego Wave,Home
2824012731,511,1,2,52,0,esvbnzqbyvxp2k570ez7h1a1g,1,72.5,72.9,2025-06-23T03:20:02.391Z,2025-06-23T03:20:03Z,"[{'id': 5778828957, 'qualifierId': 213, 'value': '4.30'}, {'id': 5778828955, 'qualifierId': 212, 'value': '7.6'}, {'id': 5778828951, 'qualifierId': 140, 'value': '69.6'}, {'id': 5778828949, 'qualifierId': 56, 'value': 'Center'}, {'id': 5778828953, 'qualifierId': 141, 'value': '62.7'}]",efynp5qo9b9x0lh9b4ft0ic8a,G. Corley,,San Diego Wave,Home
2824012733,512,1,2,52,1,esvbnzqbyvxp2k570ez7h1a1g,1,70.2,56.4,2025-06-23T03:20:03.624Z,2025-06-23T03:20:07Z,"[{'id': 5778828963, 'qualifierId': 56, 'value': 'Center'}, {'id': 5778828969, 'qualifierId': 212, 'value': '16.4'}, {'id': 5778828965, 'qualifierId': 140, 'value': '73.5'}, {'id': 5778828971, 'qualifierId': 213, 'value': '4.93'}, {'id': 5778828967, 'qualifierId': 141, 'value': '32.8'}]",dzfr9ktjmxqj2eh2xibt7konp,K. Dali,,San Diego Wave,Home
2824012735,513,1,2,52,5,esvbnzqbyvxp2k570ez7h1a1g,1,77.1,28.9,2025-06-23T03:20:07.399Z,2025-06-23T03:20:08Z,"[{'id': 5778828983, 'qualifierId': 213, 'value': '6.23'}, {'id': 5778828977, 'qualifierId': 140, 'value': '96.2'}, {'id': 5778828975, 'qualifierId': 56, 'value': 'Center'}, {'id': 5778828981, 'qualifierId': 212, 'value': '20.1'}, {'id': 5778828979, 'qualifierId': 141, 'value': '27.3'}]",3gu9gaz6w7eq79qnaqj3b7jdh,D. Cascarino,,San Diego Wave,Home
2824012741,514,1,2,52,7,esvbnzqbyvxp2k570ez7h1a1g,0,95.4,26.4,2025-06-23T03:20:08.903Z,2025-07-01T20:44:28Z,"[{'id': 5778829063, 'qualifierId': 1}, {'id': 5778829027, 'qualifierId': 213, 'value': '1.43'}, {'id': 5785902183, 'qualifierId': 345}, {'id': 5778829021, 'qualifierId': 140, 'value': '100.0'}, {'id': 5778829023, 'qualifierId': 141, 'value': '86.3'}, {'id': 5785902223, 'qualifierId': 224}, {'id': 5785902225, 'qualifierId': 20}, {'id': 5778829025, 'qualifierId': 212, 'value': '41.2'}, {'id': 5778829017, 'qualifierId': 155}, {'id': 5778829015, 'qualifierId': 2}, {'id': 5778829019, 'qualifierId': 56, 'value': 'Left'}]",auyj06nha2syoygo7prfadobu,H. Lundkvist,,San Diego Wave,Home
2824012747,515,43,2,52,12,esvbnzqbyvxp2k570ez7h1a1g,1,0.0,0.0,2025-06-23T03:20:14.806Z,2025-06-23T03:20:31Z,"[{'id': 5778829067, 'qualifierId': 56, 'value': 'Left'}, {'id': 5778829069, 'qualifierId': 286, 'value': '0'}, {'id': 5778829247, 'qualifierId': 144, 'value': '3'}]",3x6baiktcpcjxxh258a5uebpx,P. Morroni,,San Diego Wave,Home
2824012759,450,5,2,52,16,f1ks82wpiewyqs6h3oz9v4hzj,1,-0.8,11.7,2025-06-23T03:20:18.047Z,2025-06-23T03:24:48Z,"[{'id': 5778829135, 'qualifierId': 346}, {'id': 5778829141, 'qualifierId': 233, 'value': '516'}, {'id': 5778829133, 'qualifierId': 56, 'value': 'Back'}]",coy005g9noltjta4ka7utllp0,H. Hershfelt,,Washington Spirit,Away
2824012761,516,5,2,52,16,esvbnzqbyvxp2k570ez7h1a1g,0,100.8,88.3,2025-06-23T03:20:18.047Z,2025-06-23T03:24:48Z,"[{'id': 5778829147, 'qualifierId': 233, 'value': '450'}, {'id': 5778829137, 'qualifierId': 56, 'value': 'Left'}, {'id': 5778829139, 'qualifierId': 346}]",3x6baiktcpcjxxh258a5uebpx,P. Morroni,,San Diego Wave,Home
2824012791,451,1,2,52,30,f1ks82wpiewyqs6h3oz9v4hzj,1,4.2,46.7,2025-06-23T03:20:32.752Z,2025-06-23T03:20:38Z,"[{'id': 5778829291, 'qualifierId': 141, 'value': '67.3'}, {'id': 5778829299, 'qualifierId': 237}, {'id': 5778829289, 'qualifierId': 140, 'value': '9.4'}, {'id': 5778829293, 'qualifierId': 212, 'value': '15.0'}, {'id': 5778829285, 'qualifierId': 124}, {'id': 5778829287, 'qualifierId': 56, 'value': 'Back'}, {'id': 5778829295, 'qualifierId': 213, 'value': '1.20'}]",d9dirjpaqkq3gga2zyeykcv6d,A. Kingsbury,,Washington Spirit,Away
2824012795,452,1,2,52,36,f1ks82wpiewyqs6h3oz9v4hzj,0,20.7,70.0,2025-06-23T03:20:38.063Z,2025-06-23T03:20:38Z,"[{'id': 5778829313, 'qualifierId': 56, 'value': 'Back'}, {'id': 5778829319, 'qualifierId': 212, 'value': '16.3'}, {'id': 5778829315, 'qualifierId': 140, 'value': '35.2'}, {'id': 5778829321, 'qualifierId': 213, 'value': '0.36'}, {'id': 5778829317, 'qualifierId': 141, 'value': '78.5'}]",bo5e35lsptja0pnlvk1y38dex,E. Morgan,,Washington Spirit,Away
2824012799,517,49,2,52,37,esvbnzqbyvxp2k570ez7h1a1g,1,69.5,18.8,2025-06-23T03:20:39.673Z,2025-06-23T03:20:39Z,[],auyj06nha2syoygo7prfadobu,H. Lundkvist,,San Diego Wave,Home
2824012815,518,1,2,52,38,esvbnzqbyvxp2k570ez7h1a1g,1,70.6,18.2,2025-06-23T03:20:39.975Z,2025-06-23T03:20:51Z,"[{'id': 5778829381, 'qualifierId': 141, 'value': '11.1'}, {'id': 5778829383, 'qualifierId': 212, 'value': '12.8'}, {'id': 5778829377, 'qualifierId': 56, 'value': 'Right'}, {'id': 5778829379, 'qualifierId': 140, 'value': '81.9'}, {'id': 5778829385, 'qualifierId': 213, 'value': '5.90'}]",auyj06nha2syoygo7prfadobu,H. Lundkvist,,San Diego Wave,Home
2824012831,520,50,2,52,48,esvbnzqbyvxp2k570ez7h1a1g,1,96.4,11.8,2025-06-23T03:20:50.614Z,2025-06-23T03:23:04Z,"[{'id': 5778829549, 'qualifierId': 233, 'value': '453'}, {'id': 5778829481, 'qualifierId': 56, 'value': 'Right'}, {'id': 5778829483, 'qualifierId': 286}]",3gu9gaz6w7eq79qnaqj3b7jdh,D. Cascarino,,San Diego Wave,Home
2824012819,453,7,2,52,48,f1ks82wpiewyqs6h3oz9v4hzj,1,3.6,88.2,2025-06-23T03:20:50.615Z,2025-07-01T20:50:46Z,"[{'id': 5785907649, 'qualifierId': 178}, {'id': 5778829389, 'qualifierId': 167}, {'id': 5778829393, 'qualifierId': 285}, {'id': 5778829391, 'qualifierId': 56, 'value': 'Back'}, {'id': 5778829545, 'qualifierId': 233, 'value': '520'}, {'id': 5785907647, 'qualifierId': 385}]",73q03evwuq5rdm7scz31yj4a2,M. Morris,,Washington Spirit,Away
2824012821,454,6,2,52,50,f1ks82wpiewyqs6h3oz9v4hzj,0,5.7,77.3,2025-06-23T03:20:51.864Z,2025-07-01T20:51:13Z,"[{'id': 5778829401, 'qualifierId': 73}, {'id': 5778829423, 'qualifierId': 233, 'value': '519'}, {'id': 5778829399, 'qualifierId': 56, 'value': 'Back'}]",73q03evwuq5rdm7scz31yj4a2,M. Morris,,Washington Spirit,Away
2824012817,519,6,2,52,50,esvbnzqbyvxp2k570ez7h1a1g,1,94.3,22.7,2025-06-23T03:20:51.864Z,2025-06-23T03:24:56Z,"[{'id': 5778829403, 'qualifierId': 233, 'value': '454'}, {'id': 5778829397, 'qualifierId': 75}, {'id': 5778829395, 'qualifierId': 56, 'value': 'Center'}]",3gu9gaz6w7eq79qnaqj3b7jdh,D. Cascarino,,San Diego Wave,Home
2824012843,521,1,2,53,11,esvbnzqbyvxp2k570ez7h1a1g,1,99.6,0.5,2025-06-23T03:21:13.574Z,2025-06-23T03:23:57Z,"[{'id': 5778829595, 'qualifierId': 141, 'value': '8.3'}, {'id': 5778829591, 'qualifierId': 56, 'value': 'Right'}, {'id': 5778829599, 'qualifierId': 213, 'value': '2.67'}, {'id': 5778829589, 'qualifierId': 6}, {'id': 5778829593, 'qualifierId': 140, 'value': '89.6'}, {'id': 5778829597, 'qualifierId': 212, 'value': '11.8'}]",1he80t4tdvj86rbvng0956prd,M. Sánchez,,San Diego Wave,Home
2824012845,522,1,2,53,13,esvbnzqbyvxp2k570ez7h1a1g,0,84.3,11.6,2025-06-23T03:21:15.127Z,2025-07-01T20:51:17Z,"[{'id': 5778829603, 'qualifierId': 2}, {'id': 5785908291, 'qualifierId': 20}, {'id': 5778829609, 'qualifierId': 140, 'value': '88.4'}, {'id': 5785908289, 'qualifierId': 224}, {'id': 5778829605, 'qualifierId': 155}, {'id': 5778829623, 'qualifierId': 1}, {'id': 5778829615, 'qualifierId': 213, 'value': '1.44'}, {'id': 5778829611, 'qualifierId': 141, 'value': '61.1'}, {'id': 5778829613, 'qualifierId': 212, 'value': '33.9'}, {'id': 5778829607, 'qualifierId': 56, 'value': 'Center'}]",6h8t7apz5vzk0pjxo8hbbkfhm,S. McCaskill,,San Diego Wave,Home
2824012849,523,1,2,53,15,esvbnzqbyvxp2k570ez7h1a1g,0,88.4,61.1,2025-06-23T03:21:17.784Z,2025-06-23T03:23:52Z,"[{'id': 5778829641, 'qualifierId': 140, 'value': '90.3'}, {'id': 5778829643, 'qualifierId': 141, 'value': '53.4'}, {'id': 5778829637, 'qualifierId': 3}, {'id': 5778829645, 'qualifierId': 212, 'value': '5.6'}, {'id': 5778829639, 'qualifierId': 56, 'value': 'Center'}, {'id': 5778829647, 'qualifierId': 213, 'value': '5.08'}]",auyj06nha2syoygo7prfadobu,H. Lundkvist,,San Diego Wave,Home
2824012853,455,44,2,53,18,f1ks82wpiewyqs6h3oz9v4hzj,1,9.6,52.2,2025-06-23T03:21:19.835Z,2025-06-23T03:23:50Z,"[{'id': 5778829661, 'qualifierId': 56, 'value': 'Back'}, {'id': 5778829663, 'qualifierId': 285}, {'id': 5778830995, 'qualifierId': 233, 'value': '552'}]",4ullol3wa4qdi9ydgrxgxbcgl,C. Krueger,,Washington Spirit,Away
2824013065,552,44,2,53,18,esvbnzqbyvxp2k570ez7h1a1g,0,90.4,47.8,2025-06-23T03:21:19.836Z,2025-06-23T03:24:53Z,"[{'id': 5778830957, 'qualifierId': 286}, {'id': 5778830955, 'qualifierId': 56, 'value': 'Center'}, {'id': 5778830999, 'qualifierId': 233, 'value': '455'}]",6p2318moul9op4hmigk1xbaw9,K. McNabb,,San Diego Wave,Home
2824012855,456,12,2,53,18,f1ks82wpiewyqs6h3oz9v4hzj,1,9.6,52.2,2025-06-23T03:21:20.319Z,2025-06-23T03:21:22Z,"[{'id': 5778829673, 'qualifierId': 213, 'value': '0.76'}, {'id': 5778829669, 'qualifierId': 141, 'value': '70.0'}, {'id': 5778829671, 'qualifierId': 212, 'value': '17.6'}, {'id': 5778829667, 'qualifierId': 140, 'value': '21.8'}, {'id': 5778829675, 'qualifierId': 15}, {'id': 5778829665, 'qualifierId': 56, 'value': 'Back'}]",4ullol3wa4qdi9ydgrxgxbcgl,C. Krueger,,Washington Spirit,Away
2824012857,457,49,2,53,20,f1ks82wpiewyqs6h3oz9v4hzj,1,21.9,67.6,2025-06-23T03:21:22.240Z,2025-06-23T03:21:22Z,[],1jlc387u7fdpnnus9nlsb179w,R. Kouassi,,Washington Spirit,Away
2824012861,458,1,2,53,20,f1ks82wpiewyqs6h3oz9v4hzj,0,22.7,67.9,2025-06-23T03:21:22.772Z,2025-07-01T20:52:19Z,"[{'id': 5778829701, 'qualifierId': 213, 'value': '0.07'}, {'id': 5778829703, 'qualifierId': 1}, {'id': 5778829695, 'qualifierId': 140, 'value': '65.2'}, {'id': 5778829699, 'qualifierId': 212, 'value': '44.7'}, {'id': 5778829693, 'qualifierId': 56, 'value': 'Center'}, {'id': 5785909107, 'qualifierId': 157}, {'id': 5778829697, 'qualifierId': 141, 'value': '72.3'}]",1jlc387u7fdpnnus9nlsb179w,R. Kouassi,,Washington Spirit,Away
2824013165,560,49,2,53,22,esvbnzqbyvxp2k570ez7h1a1g,1,50.0,23.5,2025-06-23T03:21:24.704Z,2025-06-23T03:24:41Z,[],3x6baiktcpcjxxh258a5uebpx,P. Morroni,,San Diego Wave,Home
2824012869,524,1,2,53,23,esvbnzqbyvxp2k570ez7h1a1g,1,45.9,30.3,2025-06-23T03:21:25.015Z,2025-06-23T03:24:44Z,"[{'id': 5778829735, 'qualifierId': 140, 'value': '33.7'}, {'id': 5778829733, 'qualifierId': 56, 'value': 'Back'}, {'id': 5778829739, 'qualifierId': 212, 'value': '17.3'}, {'id': 5778829737, 'qualifierId': 141, 'value': '47.5'}, {'id': 5778829741, 'qualifierId': 213, 'value': '2.40'}]",3x6baiktcpcjxxh258a5uebpx,P. Morroni,,San Diego Wave,Home
2824012873,525,1,2,53,26,esvbnzqbyvxp2k570ez7h1a1g,1,33.7,47.5,2025-06-23T03:21:27.880Z,2025-06-23T03:21:31Z,"[{'id': 5778829757, 'qualifierId': 56, 'value': 'Right'}, {'id': 5778829767, 'qualifierId': 1}, {'id': 5778829763, 'qualifierId': 212, 'value': '32.1'}, {'id': 5778829761, 'qualifierId': 141, 'value': '14.3'}, {'id': 5778829765, 'qualifierId': 213, 'value': '5.50'}, {'id': 5778829759, 'qualifierId': 140, 'value': '55.4'}]",4yb9avzbrzt8m4c4h1yy98jbp,K. Sheridan,,San Diego Wave,Home
2824012875,526,1,2,53,29,esvbnzqbyvxp2k570ez7h1a1g,1,60.3,26.5,2025-06-23T03:21:31.447Z,2025-06-23T03:21:33Z,"[{'id': 5778829777, 'qualifierId': 212, 'value': '15.8'}, {'id': 5778829773, 'qualifierId': 140, 'value': '45.3'}, {'id': 5778829779, 'qualifierId': 213, 'value': '3.12'}, {'id': 5778829771, 'qualifierId': 56, 'value': 'Back'}, {'id': 5778829775, 'qualifierId': 141, 'value': '27.0'}]",dzfr9ktjmxqj2eh2xibt7konp,K. Dali,,San Diego Wave,Home
2824012881,527,1,2,53,31,esvbnzqbyvxp2k570ez7h1a1g,1,46.8,27.4,2025-06-23T03:21:33.512Z,2025-06-23T03:21:35Z,"[{'id': 5778829805, 'qualifierId': 213, 'value': '0.41'}, {'id': 5778829799, 'qualifierId': 140, 'value': '56.4'}, {'id': 5778829801, 'qualifierId': 141, 'value': '33.9'}, {'id': 5778829803, 'qualifierId': 212, 'value': '11.0'}, {'id': 5778829797, 'qualifierId': 56, 'value': 'Center'}]",9ms54l53wseuxarpn4vfcx9g4,T. Armstrong,,San Diego Wave,Home
2824012887,528,1,2,53,33,esvbnzqbyvxp2k570ez7h1a1g,1,55.6,34.6,2025-06-23T03:21:34.952Z,2025-07-01T20:52:52Z,"[{'id': 5778829843, 'qualifierId': 213, 'value': '2.49'}, {'id': 5785909653, 'qualifierId': 156}, {'id': 5778829841, 'qualifierId': 212, 'value': '11.4'}, {'id': 5778829837, 'qualifierId': 140, 'value': '47.0'}, {'id': 5778829839, 'qualifierId': 141, 'value': '44.8'}, {'id': 5778829835, 'qualifierId': 56, 'value': 'Back'}]",6h8t7apz5vzk0pjxo8hbbkfhm,S. McCaskill,,San Diego Wave,Home
2824012897,529,1,2,53,38,esvbnzqbyvxp2k570ez7h1a1g,1,55.5,69.0,2025-06-23T03:21:40.343Z,2025-06-23T03:21:42Z,"[{'id': 5778829887, 'qualifierId': 213, 'value': '1.32'}, {'id': 5778829879, 'qualifierId': 56, 'value': 'Left'}, {'id': 5778829885, 'qualifierId': 212, 'value': '18.5'}, {'id': 5778829881, 'qualifierId': 140, 'value': '59.9'}, {'id': 5778829883, 'qualifierId': 141, 'value': '95.3'}]",3x6baiktcpcjxxh258a5uebpx,P. Morroni,,San Diego Wave,Home
2824012901,530,1,2,53,41,esvbnzqbyvxp2k570ez7h1a1g,1,58.2,94.1,2025-06-23T03:21:42.871Z,2025-06-23T03:21:45Z,"[{'id': 5778829917, 'qualifierId': 141, 'value': '88.4'}, {'id': 5778829915, 'qualifierId': 140, 'value': '42.6'}, {'id': 5778829921, 'qualifierId': 213, 'value': '3.37'}, {'id': 5778829919, 'qualifierId': 212, 'value': '16.8'}, {'id': 5778829913, 'qualifierId': 56, 'value': 'Back'}]",1he80t4tdvj86rbvng0956prd,M. Sánchez,,San Diego Wave,Home
2824012905,531,1,2,53,43,esvbnzqbyvxp2k570ez7h1a1g,1,40.4,85.4,2025-06-23T03:21:45.783Z,2025-06-23T03:21:48Z,"[{'id': 5778829933, 'qualifierId': 212, 'value': '23.4'}, {'id': 5778829927, 'qualifierId': 56, 'value': 'Back'}, {'id': 5778829931, 'qualifierId': 141, 'value': '61.8'}, {'id': 5778829935, 'qualifierId': 213, 'value': '3.90'}, {'id': 5778829929, 'qualifierId': 140, 'value': '24.2'}]",6p2318moul9op4hmigk1xbaw9,K. McNabb,,San Diego Wave,Home
2824012909,532,1,2,53,46,esvbnzqbyvxp2k570ez7h1a1g,1,24.7,60.5,2025-06-23T03:21:47.976Z,2025-06-23T03:21:51Z,"[{'id': 5778829953, 'qualifierId': 140, 'value': '32.9'}, {'id': 5778829959, 'qualifierId': 213, 'value': '5.13'}, {'id': 5778829951, 'qualifierId': 56, 'value': 'Back'}, {'id': 5778829955, 'qualifierId': 141, 'value': '31.9'}, {'id': 5778829957, 'qualifierId': 212, 'value': '21.3'}]",4yb9avzbrzt8m4c4h1yy98jbp,K. Sheridan,,San Diego Wave,Home
2824012915,533,1,2,53,53,esvbnzqbyvxp2k570ez7h1a1g,0,60.5,18.6,2025-06-23T03:21:55.159Z,2025-06-23T03:22:01Z,"[{'id': 5778830005, 'qualifierId': 141, 'value': '16.0'}, {'id': 5778830007, 'qualifierId': 212, 'value': '15.2'}, {'id': 5778830003, 'qualifierId': 140, 'value': '74.9'}, {'id': 5778830009, 'qualifierId': 213, 'value': '6.17'}, {'id': 5778830001, 'qualifierId': 56, 'value': 'Right'}]",9ms54l53wseuxarpn4vfcx9g4,T. Armstrong,,San Diego Wave,Home
2824012917,459,12,2,53,56,f1ks82wpiewyqs6h3oz9v4hzj,1,19.7,90.5,2025-06-23T03:21:58.280Z,2025-06-23T03:21:59Z,"[{'id': 5778830017, 'qualifierId': 212, 'value': '7.3'}, {'id': 5778830015, 'qualifierId': 141, 'value': '100.0'}, {'id': 5778830029, 'qualifierId': 167}, {'id': 5778830011, 'qualifierId': 56, 'value': 'Back'}, {'id': 5778830019, 'qualifierId': 213, 'value': '1.24'}, {'id': 5778830013, 'qualifierId': 140, 'value': '22.0'}]",4ullol3wa4qdi9ydgrxgxbcgl,C. Krueger,,Washington Spirit,Away
2824012921,460,5,2,53,56,f1ks82wpiewyqs6h3oz9v4hzj,0,23.5,100.9,2025-06-23T03:21:58.504Z,2025-06-23T03:24:49Z,"[{'id': 5778830035, 'qualifierId': 233, 'value': '534'}, {'id': 5778830025, 'qualifierId': 56, 'value': 'Back'}, {'id': 5778830027, 'qualifierId': 347}]",4ullol3wa4qdi9ydgrxgxbcgl,C. Krueger,,Washington Spirit,Away
2824012919,534,5,2,53,56,esvbnzqbyvxp2k570ez7h1a1g,1,76.5,-0.9,2025-06-23T03:21:58.504Z,2025-06-23T03:24:48Z,"[{'id': 5778830031, 'qualifierId': 233, 'value': '460'}, {'id': 5778830021, 'qualifierId': 56, 'value': 'Right'}, {'id': 5778830023, 'qualifierId': 347}]",9ms54l53wseuxarpn4vfcx9g4,T. Armstrong,,San Diego Wave,Home
2824012927,535,1,2,54,1,esvbnzqbyvxp2k570ez7h1a1g,1,71.6,0.0,2025-06-23T03:22:03.367Z,2025-06-23T03:22:05Z,"[{'id': 5778830063, 'qualifierId': 107}, {'id': 5778830069, 'qualifierId': 141, 'value': '3.8'}, {'id': 5778830065, 'qualifierId': 56, 'value': 'Right'}, {'id': 5778830071, 'qualifierId': 212, 'value': '5.8'}, {'id': 5778830073, 'qualifierId': 213, 'value': '2.49'}, {'id': 5778830067, 'qualifierId': 140, 'value': '67.2'}]",auyj06nha2syoygo7prfadobu,H. Lundkvist,,San Diego Wave,Home
2824012933,536,1,2,54,4,esvbnzqbyvxp2k570ez7h1a1g,1,66.8,5.5,2025-06-23T03:22:05.896Z,2025-06-23T03:22:08Z,"[{'id': 5778830095, 'qualifierId': 212, 'value': '4.1'}, {'id': 5778830097, 'qualifierId': 213, 'value': '5.31'}, {'id': 5778830093, 'qualifierId': 141, 'value': '0.5'}, {'id': 5778830089, 'qualifierId': 56, 'value': 'Right'}, {'id': 5778830091, 'qualifierId': 140, 'value': '69.0'}]",3gu9gaz6w7eq79qnaqj3b7jdh,D. Cascarino,,San Diego Wave,Home
2824012937,537,1,2,54,6,esvbnzqbyvxp2k570ez7h1a1g,1,70.1,4.1,2025-06-23T03:22:08.487Z,2025-06-23T03:22:09Z,"[{'id': 5778830103, 'qualifierId': 140, 'value': '66.0'}, {'id': 5778830101, 'qualifierId': 56, 'value': 'Right'}, {'id': 5778830109, 'qualifierId': 213, 'value': '2.21'}, {'id': 5778830105, 'qualifierId': 141, 'value': '12.6'}, {'id': 5778830107, 'qualifierId': 212, 'value': '7.2'}]",auyj06nha2syoygo7prfadobu,H. Lundkvist,,San Diego Wave,Home
2824012939,538,1,2,54,7,esvbnzqbyvxp2k570ez7h1a1g,1,66.4,13.8,2025-06-23T03:22:09.783Z,2025-06-23T03:22:11Z,"[{'id': 5778830113, 'qualifierId': 56, 'value': 'Right'}, {'id': 5778830119, 'qualifierId': 212, 'value': '7.9'}, {'id': 5778830121, 'qualifierId': 213, 'value': '5.27'}, {'id': 5778830115, 'qualifierId': 140, 'value': '70.4'}, {'id': 5778830117, 'qualifierId': 141, 'value': '4.0'}]",dzfr9ktjmxqj2eh2xibt7konp,K. Dali,,San Diego Wave,Home
2824012941,539,1,2,54,9,esvbnzqbyvxp2k570ez7h1a1g,0,70.4,4.1,2025-06-23T03:22:11.655Z,2025-06-23T03:22:13Z,"[{'id': 5778830131, 'qualifierId': 212, 'value': '20.5'}, {'id': 5778830127, 'qualifierId': 140, 'value': '89.8'}, {'id': 5778830125, 'qualifierId': 56, 'value': 'Right'}, {'id': 5778830133, 'qualifierId': 213, 'value': '0.11'}, {'id': 5778830129, 'qualifierId': 141, 'value': '7.4'}]",3gu9gaz6w7eq79qnaqj3b7jdh,D. Cascarino,,San Diego Wave,Home
2824012945,461,12,2,54,11,f1ks82wpiewyqs6h3oz9v4hzj,1,5.0,85.7,2025-06-23T03:22:13.418Z,2025-06-23T03:22:18Z,"[{'id': 5778830143, 'qualifierId': 213, 'value': '1.32'}, {'id': 5778830141, 'qualifierId': 212, 'value': '11.4'}, {'id': 5778830149, 'qualifierId': 167}, {'id': 5778830137, 'qualifierId': 140, 'value': '7.7'}, {'id': 5778830139, 'qualifierId': 141, 'value': '100.0'}, {'id': 5778830135, 'qualifierId': 56, 'value': 'Back'}]",coy005g9noltjta4ka7utllp0,H. Hershfelt,,Washington Spirit,Away
2824012947,462,5,2,54,12,f1ks82wpiewyqs6h3oz9v4hzj,0,8.2,102.0,2025-06-23T03:22:14.127Z,2025-06-23T03:24:49Z,"[{'id': 5778830161, 'qualifierId': 233, 'value': '540'}, {'id': 5778830147, 'qualifierId': 347}, {'id': 5778830145, 'qualifierId': 56, 'value': 'Back'}]",coy005g9noltjta4ka7utllp0,H. Hershfelt,,Washington Spirit,Away
2824012949,540,5,2,54,12,esvbnzqbyvxp2k570ez7h1a1g,1,91.8,-2.0,2025-06-23T03:22:14.127Z,2025-06-23T03:22:20Z,"[{'id': 5778830155, 'qualifierId': 233, 'value': '462'}, {'id': 5778830153, 'qualifierId': 347}, {'id': 5778830151, 'qualifierId': 56, 'value': 'Right'}]",3gu9gaz6w7eq79qnaqj3b7jdh,D. Cascarino,,San Diego Wave,Home
2824012961,541,1,2,54,20,esvbnzqbyvxp2k570ez7h1a1g,1,93.1,0.0,2025-06-23T03:22:22.423Z,2025-06-23T03:22:26Z,"[{'id': 5778830211, 'qualifierId': 140, 'value': '82.9'}, {'id': 5778830213, 'qualifierId': 141, 'value': '10.3'}, {'id': 5778830207, 'qualifierId': 107}, {'id': 5778830217, 'qualifierId': 213, 'value': '2.49'}, {'id': 5778830215, 'qualifierId': 212, 'value': '13.5'}, {'id': 5778830209, 'qualifierId': 56, 'value': 'Right'}]",auyj06nha2syoygo7prfadobu,H. Lundkvist,,San Diego Wave,Home
2824012965,542,1,2,54,25,esvbnzqbyvxp2k570ez7h1a1g,1,77.3,13.1,2025-06-23T03:22:26.856Z,2025-06-23T03:22:30Z,"[{'id': 5778830225, 'qualifierId': 141, 'value': '38.9'}, {'id': 5778830227, 'qualifierId': 212, 'value': '19.3'}, {'id': 5778830223, 'qualifierId': 140, 'value': '69.6'}, {'id': 5778830229, 'qualifierId': 213, 'value': '2.00'}, {'id': 5778830221, 'qualifierId': 56, 'value': 'Center'}]",3gu9gaz6w7eq79qnaqj3b7jdh,D. Cascarino,,San Diego Wave,Home
2824012967,543,1,2,54,28,esvbnzqbyvxp2k570ez7h1a1g,1,67.9,43.7,2025-06-23T03:22:30.120Z,2025-06-23T03:22:31Z,"[{'id': 5778830241, 'qualifierId': 213, 'value': '6.07'}, {'id': 5778830237, 'qualifierId': 141, 'value': '41.8'}, {'id': 5778830233, 'qualifierId': 56, 'value': 'Center'}, {'id': 5778830239, 'qualifierId': 212, 'value': '6.0'}, {'id': 5778830235, 'qualifierId': 140, 'value': '73.5'}]",3x6baiktcpcjxxh258a5uebpx,P. Morroni,,San Diego Wave,Home
2824012971,544,1,2,54,29,esvbnzqbyvxp2k570ez7h1a1g,1,71.7,43.3,2025-06-23T03:22:31.655Z,2025-06-23T03:22:34Z,"[{'id': 5778830257, 'qualifierId': 56, 'value': 'Center'}, {'id': 5778830259, 'qualifierId': 140, 'value': '61.2'}, {'id': 5778830265, 'qualifierId': 213, 'value': '3.01'}, {'id': 5778830261, 'qualifierId': 141, 'value': '45.4'}, {'id': 5778830263, 'qualifierId': 212, 'value': '11.1'}]",321yjdo3gio1l33hc1pdps4wl,A. Leon,,San Diego Wave,Home
2824012975,545,1,2,54,32,esvbnzqbyvxp2k570ez7h1a1g,1,61.2,45.4,2025-06-23T03:22:34.167Z,2025-06-23T03:22:39Z,"[{'id': 5778830275, 'qualifierId': 212, 'value': '16.2'}, {'id': 5778830277, 'qualifierId': 213, 'value': '4.66'}, {'id': 5778830269, 'qualifierId': 56, 'value': 'Center'}, {'id': 5778830273, 'qualifierId': 141, 'value': '21.6'}, {'id': 5778830271, 'qualifierId': 140, 'value': '60.4'}]",6p2318moul9op4hmigk1xbaw9,K. McNabb,,San Diego Wave,Home
2824012983,546,1,2,54,37,esvbnzqbyvxp2k570ez7h1a1g,1,72.4,23.0,2025-06-23T03:22:39.224Z,2025-06-23T03:22:42Z,"[{'id': 5778830317, 'qualifierId': 213, 'value': '5.35'}, {'id': 5778830309, 'qualifierId': 56, 'value': 'Right'}, {'id': 5778830315, 'qualifierId': 212, 'value': '15.3'}, {'id': 5778830311, 'qualifierId': 140, 'value': '81.0'}, {'id': 5778830313, 'qualifierId': 141, 'value': '4.9'}]",9ms54l53wseuxarpn4vfcx9g4,T. Armstrong,,San Diego Wave,Home
2824012987,547,43,2,54,40,esvbnzqbyvxp2k570ez7h1a1g,1,0.0,0.0,2025-06-23T03:22:42.503Z,2025-06-23T03:22:49Z,"[{'id': 5778830401, 'qualifierId': 144, 'value': '7'}, {'id': 5778830335, 'qualifierId': 286, 'value': '0'}, {'id': 5778830333, 'qualifierId': 56, 'value': 'Right'}]",auyj06nha2syoygo7prfadobu,H. Lundkvist,,San Diego Wave,Home
2824012991,548,1,2,54,41,esvbnzqbyvxp2k570ez7h1a1g,0,88.0,11.1,2025-06-23T03:22:43.191Z,2025-07-01T20:55:56Z,"[{'id': 5778830371, 'qualifierId': 1}, {'id': 5778830357, 'qualifierId': 2}, {'id': 5778830367, 'qualifierId': 212, 'value': '40.7'}, {'id': 5785912053, 'qualifierId': 20}, {'id': 5778830363, 'qualifierId': 140, 'value': '100.0'}, {'id': 5778830361, 'qualifierId': 56, 'value': 'Center'}, {'id': 5785912051, 'qualifierId': 224}, {'id': 5778830369, 'qualifierId': 213, 'value': '1.22'}, {'id': 5778830365, 'qualifierId': 141, 'value': '67.3'}, {'id': 5778830359, 'qualifierId': 155}]",auyj06nha2syoygo7prfadobu,H. Lundkvist,,San Diego Wave,Home
2824012993,463,5,2,54,45,f1ks82wpiewyqs6h3oz9v4hzj,1,-1.2,27.8,2025-06-23T03:22:47.723Z,2025-06-23T03:24:49Z,"[{'id': 5778830375, 'qualifierId': 346}, {'id': 5778830419, 'qualifierId': 233, 'value': '549'}, {'id': 5778830373, 'qualifierId': 56, 'value': 'Back'}]",1jlc387u7fdpnnus9nlsb179w,R. Kouassi,,Washington Spirit,Away
2824013001,549,5,2,54,45,esvbnzqbyvxp2k570ez7h1a1g,0,101.2,72.2,2025-06-23T03:22:47.723Z,2025-06-23T03:24:49Z,"[{'id': 5778830423, 'qualifierId': 233, 'value': '463'}, {'id': 5778830417, 'qualifierId': 346}, {'id': 5778830415, 'qualifierId': 56, 'value': 'Center'}]",auyj06nha2syoygo7prfadobu,H. Lundkvist,,San Diego Wave,Home
2824013023,464,1,2,55,16,f1ks82wpiewyqs6h3oz9v4hzj,0,4.5,42.8,2025-06-23T03:23:18.638Z,2025-06-23T03:23:19Z,"[{'id': 5778830539, 'qualifierId': 141, 'value': '31.8'}, {'id': 5778830533, 'qualifierId': 124}, {'id': 5778830547, 'qualifierId': 74}, {'id': 5778830535, 'qualifierId': 56, 'value': 'Center'}, {'id': 5778830541, 'qualifierId': 212, 'value': '67.0'}, {'id': 5778830543, 'qualifierId': 213, 'value': '6.17'}, {'id': 5778830537, 'qualifierId': 140, 'value': '67.9'}, {'id': 5778830545, 'qualifierId': 1}]",d9dirjpaqkq3gga2zyeykcv6d,A. Kingsbury,,Washington Spirit,Away
2824013025,550,61,2,55,18,esvbnzqbyvxp2k570ez7h1a1g,1,48.6,49.4,2025-06-23T03:23:20.020Z,2025-06-23T03:23:28Z,"[{'id': 5778830549, 'qualifierId': 56, 'value': 'Back'}, {'id': 5778830729, 'qualifierId': 189}]",6p2318moul9op4hmigk1xbaw9,K. McNabb,,San Diego Wave,Home
2824013033,465,43,2,55,19,f1ks82wpiewyqs6h3oz9v4hzj,1,0.0,0.0,2025-06-23T03:23:21.809Z,2025-06-23T03:24:02Z,"[{'id': 5778830577, 'qualifierId': 213, 'value': '2.85'}, {'id': 5778831079, 'qualifierId': 144, 'value': '12'}, {'id': 5778830569, 'qualifierId': 56, 'value': 'Back'}, {'id': 5778830575, 'qualifierId': 212, 'value': '1.4'}, {'id': 5778830571, 'qualifierId': 140, 'value': '40.2'}, {'id': 5778830573, 'qualifierId': 141, 'value': '70.2'}]",1v67tba1l3sxow1geovdqefo5,R. Bernal,,Washington Spirit,Away
2824013037,466,3,2,55,20,f1ks82wpiewyqs6h3oz9v4hzj,1,38.7,70.0,2025-06-23T03:23:22.120Z,2025-07-01T20:56:29Z,"[{'id': 5778830583, 'qualifierId': 56, 'value': 'Back'}, {'id': 5785912469, 'qualifierId': 464}, {'id': 5778830585, 'qualifierId': 286}, {'id': 5778830587, 'qualifierId': 233, 'value': '551'}]",1v67tba1l3sxow1geovdqefo5,R. Bernal,,Washington Spirit,Away
2824013031,551,45,2,55,20,esvbnzqbyvxp2k570ez7h1a1g,0,61.3,30.0,2025-06-23T03:23:22.120Z,2025-06-23T03:24:52Z,"[{'id': 5778830605, 'qualifierId': 233, 'value': '466'}, {'id': 5778830565, 'qualifierId': 56, 'value': 'Center'}, {'id': 5778830567, 'qualifierId': 285}]",3gu9gaz6w7eq79qnaqj3b7jdh,D. Cascarino,,San Diego Wave,Home
2824013045,467,1,2,55,21,f1ks82wpiewyqs6h3oz9v4hzj,1,37.5,71.4,2025-06-23T03:23:23.699Z,2025-06-23T03:23:25Z,"[{'id': 5778830631, 'qualifierId': 140, 'value': '29.1'}, {'id': 5778830633, 'qualifierId': 141, 'value': '78.8'}, {'id': 5778830629, 'qualifierId': 56, 'value': 'Back'}, {'id': 5778830637, 'qualifierId': 213, 'value': '2.62'}, {'id': 5778830635, 'qualifierId': 212, 'value': '10.2'}]",1v67tba1l3sxow1geovdqefo5,R. Bernal,,Washington Spirit,Away
2824013053,468,1,2,55,23,f1ks82wpiewyqs6h3oz9v4hzj,1,29.1,78.8,2025-06-23T03:23:25.012Z,2025-06-23T03:23:25Z,"[{'id': 5778830663, 'qualifierId': 212, 'value': '8.3'}, {'id': 5778830661, 'qualifierId': 141, 'value': '69.3'}, {'id': 5778830665, 'qualifierId': 213, 'value': '5.39'}, {'id': 5778830659, 'qualifierId': 140, 'value': '34.1'}, {'id': 5778830657, 'qualifierId': 56, 'value': 'Back'}]",4ullol3wa4qdi9ydgrxgxbcgl,C. Krueger,,Washington Spirit,Away
2824013055,469,1,2,55,23,f1ks82wpiewyqs6h3oz9v4hzj,1,34.1,69.3,2025-06-23T03:23:25.746Z,2025-06-23T03:24:23Z,"[{'id': 5778830689, 'qualifierId': 156}, {'id': 5778830681, 'qualifierId': 141, 'value': '66.6'}, {'id': 5778830683, 'qualifierId': 212, 'value': '10.9'}, {'id': 5778830677, 'qualifierId': 56, 'value': 'Back'}, {'id': 5778830685, 'qualifierId': 213, 'value': '3.31'}, {'id': 5778830679, 'qualifierId': 140, 'value': '23.9'}]",1v67tba1l3sxow1geovdqefo5,R. Bernal,,Washington Spirit,Away
2824013077,470,1,2,55,27,f1ks82wpiewyqs6h3oz9v4hzj,1,23.9,66.6,2025-06-23T03:23:29.573Z,2025-06-23T03:23:34Z,"[{'id': 5778830783, 'qualifierId': 140, 'value': '19.3'}, {'id': 5778830789, 'qualifierId': 213, 'value': '4.43'}, {'id': 5778830781, 'qualifierId': 56, 'value': 'Back'}, {'id': 5778830785, 'qualifierId': 141, 'value': '42.4'}, {'id': 5778830787, 'qualifierId': 212, 'value': '17.2'}]",bo5e35lsptja0pnlvk1y38dex,E. Morgan,,Washington Spirit,Away
2824013087,471,1,2,55,32,f1ks82wpiewyqs6h3oz9v4hzj,1,46.3,49.7,2025-06-23T03:23:34.009Z,2025-06-23T03:23:39Z,"[{'id': 5778830853, 'qualifierId': 213, 'value': '5.99'}, {'id': 5778830851, 'qualifierId': 212, 'value': '17.2'}, {'id': 5778830849, 'qualifierId': 141, 'value': '42.5'}, {'id': 5778830845, 'qualifierId': 56, 'value': 'Center'}, {'id': 5778830847, 'qualifierId': 140, 'value': '62.0'}]",27dktxivmcqmi1lkz1vs49qi2,T. McKeown,,Washington Spirit,Away
2824013091,472,1,2,55,38,f1ks82wpiewyqs6h3oz9v4hzj,0,77.9,59.4,2025-06-23T03:23:39.889Z,2025-06-23T03:23:40Z,"[{'id': 5778830871, 'qualifierId': 140, 'value': '86.2'}, {'id': 5778830869, 'qualifierId': 56, 'value': 'Center'}, {'id': 5778830873, 'qualifierId': 141, 'value': '61.5'}, {'id': 5778830877, 'qualifierId': 213, 'value': '0.16'}, {'id': 5778830875, 'qualifierId': 212, 'value': '8.8'}]",yay5mq8trvoxv9mwm4mqzn8q,G. Monday,,Washington Spirit,Away
2824013105,553,8,2,55,40,esvbnzqbyvxp2k570ez7h1a1g,1,12.9,35.4,2025-06-23T03:23:42.616Z,2025-07-01T20:57:58Z,"[{'id': 5778830917, 'qualifierId': 56, 'value': 'Back'}, {'id': 5778831347, 'qualifierId': 14}, {'id': 5785913775, 'qualifierId': 383}]",auyj06nha2syoygo7prfadobu,H. Lundkvist,,San Diego Wave,Home
2824013109,473,3,2,55,41,f1ks82wpiewyqs6h3oz9v4hzj,1,84.9,66.7,2025-06-23T03:23:43.682Z,2025-07-01T20:58:07Z,"[{'id': 5778830935, 'qualifierId': 56, 'value': 'Center'}, {'id': 5785913911, 'qualifierId': 465}, {'id': 5778830947, 'qualifierId': 233, 'value': '554'}, {'id': 5778830937, 'qualifierId': 286}]",yay5mq8trvoxv9mwm4mqzn8q,G. Monday,,Washington Spirit,Away
2824013111,554,45,2,55,41,esvbnzqbyvxp2k570ez7h1a1g,0,15.1,33.3,2025-06-23T03:23:43.682Z,2025-06-23T03:24:52Z,"[{'id': 5778830941, 'qualifierId': 285}, {'id': 5778830951, 'qualifierId': 233, 'value': '473'}, {'id': 5778830939, 'qualifierId': 56, 'value': 'Back'}]",9ms54l53wseuxarpn4vfcx9g4,T. Armstrong,,San Diego Wave,Home
2824013113,474,43,2,55,43,f1ks82wpiewyqs6h3oz9v4hzj,1,0.0,0.0,2025-06-23T03:23:45.150Z,2025-07-01T20:58:30Z,"[{'id': 5778830943, 'qualifierId': 56, 'value': 'Center'}, {'id': 5778830945, 'qualifierId': 286, 'value': '0'}, {'id': 5785913983, 'qualifierId': 465, 'value': '0'}, {'id': 5785914221, 'qualifierId': 144, 'value': '3'}]",yay5mq8trvoxv9mwm4mqzn8q,G. Monday,,Washington Spirit,Away
2824013117,555,43,2,55,43,esvbnzqbyvxp2k570ez7h1a1g,1,0.0,0.0,2025-06-23T03:23:45.151Z,2025-07-01T20:58:26Z,"[{'id': 5778830963, 'qualifierId': 285, 'value': '0'}, {'id': 5778830961, 'qualifierId': 56, 'value': 'Back'}, {'id': 5785914183, 'qualifierId': 144, 'value': '7'}, {'id': 5778830965, 'qualifierId': 233, 'value': '474'}]",auyj06nha2syoygo7prfadobu,H. Lundkvist,,San Diego Wave,Home
2824013115,475,61,2,55,44,f1ks82wpiewyqs6h3oz9v4hzj,0,86.0,60.8,2025-06-23T03:23:46.197Z,2025-06-23T03:23:46Z,"[{'id': 5778830959, 'qualifierId': 56, 'value': 'Center'}]",yay5mq8trvoxv9mwm4mqzn8q,G. Monday,,Washington Spirit,Away
2824013195,481,83,2,55,45,f1ks82wpiewyqs6h3oz9v4hzj,0,81.5,62.1,2025-06-23T03:23:47.182Z,2025-06-23T03:24:52Z,"[{'id': 5778831513, 'qualifierId': 399, 'value': 'dzfr9ktjmxqj2eh2xibt7konp'}]",yay5mq8trvoxv9mwm4mqzn8q,G. Monday,,Washington Spirit,Away
2824013119,556,49,2,55,46,esvbnzqbyvxp2k570ez7h1a1g,1,23.3,33.7,2025-06-23T03:23:48.568Z,2025-06-23T03:23:48Z,[],dzfr9ktjmxqj2eh2xibt7konp,K. Dali,,San Diego Wave,Home
2824013121,557,1,2,55,46,esvbnzqbyvxp2k570ez7h1a1g,1,23.3,33.7,2025-06-23T03:23:48.761Z,2025-06-23T03:23:56Z,"[{'id': 5778831009, 'qualifierId': 212, 'value': '9.9'}, {'id': 5778831003, 'qualifierId': 56, 'value': 'Back'}, {'id': 5778831007, 'qualifierId': 141, 'value': '31.3'}, {'id': 5778831005, 'qualifierId': 140, 'value': '32.6'}, {'id': 5778831011, 'qualifierId': 213, 'value': '6.12'}]",dzfr9ktjmxqj2eh2xibt7konp,K. Dali,,San Diego Wave,Home
2824013127,476,83,2,55,52,f1ks82wpiewyqs6h3oz9v4hzj,1,65.8,71.4,2025-06-23T03:23:54.330Z,2025-06-23T03:24:22Z,"[{'id': 5778831141, 'qualifierId': 399, 'value': '321yjdo3gio1l33hc1pdps4wl'}]",bo5e35lsptja0pnlvk1y38dex,E. Morgan,,Washington Spirit,Away
2824013123,558,61,2,55,53,esvbnzqbyvxp2k570ez7h1a1g,0,35.4,28.7,2025-06-23T03:23:55.329Z,2025-06-23T03:24:12Z,"[{'id': 5778831015, 'qualifierId': 56, 'value': 'Back'}]",321yjdo3gio1l33hc1pdps4wl,A. Leon,,San Diego Wave,Home
2824013129,477,4,2,55,54,f1ks82wpiewyqs6h3oz9v4hzj,1,65.1,71.4,2025-06-23T03:23:56.554Z,2025-06-23T03:24:17Z,"[{'id': 5778831065, 'qualifierId': 233, 'value': '559'}, {'id': 5778831059, 'qualifierId': 152}, {'id': 5778831063, 'qualifierId': 286}, {'id': 5778831055, 'qualifierId': 13}, {'id': 5778831061, 'qualifierId': 265}, {'id': 5778831057, 'qualifierId': 56, 'value': 'Center'}]",bo5e35lsptja0pnlvk1y38dex,E. Morgan,,Washington Spirit,Away
2824013125,559,4,2,55,54,esvbnzqbyvxp2k570ez7h1a1g,0,34.9,28.6,2025-06-23T03:23:56.555Z,2025-06-23T03:24:13Z,"[{'id': 5778831019, 'qualifierId': 13}, {'id': 5778831025, 'qualifierId': 265}, {'id': 5778831021, 'qualifierId': 56, 'value': 'Back'}, {'id': 5778831023, 'qualifierId': 152}, {'id': 5778831071, 'qualifierId': 233, 'value': '477'}, {'id': 5778831027, 'qualifierId': 285}]",321yjdo3gio1l33hc1pdps4wl,A. Leon,,San Diego Wave,Home
2824013179,478,1,2,56,34,f1ks82wpiewyqs6h3oz9v4hzj,1,65.1,72.4,2025-06-23T03:24:36.342Z,2025-06-23T03:25:04Z,"[{'id': 5778831373, 'qualifierId': 141, 'value': '34.6'}, {'id': 5778831371, 'qualifierId': 140, 'value': '97.1'}, {'id': 5778831379, 'qualifierId': 1}, {'id': 5778831367, 'qualifierId': 152}, {'id': 5778831375, 'qualifierId': 212, 'value': '42.3'}, {'id': 5778831369, 'qualifierId': 56, 'value': 'Center'}, {'id': 5778831363, 'qualifierId': 5}, {'id': 5778831377, 'qualifierId': 213, 'value': '5.63'}, {'id': 5778831365, 'qualifierId': 155}]",73q03evwuq5rdm7scz31yj4a2,M. Morris,,Washington Spirit,Away
2824013181,479,1,2,56,37,f1ks82wpiewyqs6h3oz9v4hzj,0,97.1,34.6,2025-06-23T03:24:38.857Z,2025-06-23T03:24:39Z,"[{'id': 5778831389, 'qualifierId': 212, 'value': '6.0'}, {'id': 5778831391, 'qualifierId': 213, 'value': '1.85'}, {'id': 5778831383, 'qualifierId': 56, 'value': 'Center'}, {'id': 5778831387, 'qualifierId': 141, 'value': '43.1'}, {'id': 5778831385, 'qualifierId': 140, 'value': '95.5'}]",4ullol3wa4qdi9ydgrxgxbcgl,C. Krueger,,Washington Spirit,Away
2824013185,561,12,2,56,37,esvbnzqbyvxp2k570ez7h1a1g,1,4.2,56.7,2025-06-23T03:24:39.367Z,2025-06-23T03:24:41Z,"[{'id': 5778831415, 'qualifierId': 15}, {'id': 5778831421, 'qualifierId': 167}, {'id': 5778831413, 'qualifierId': 213, 'value': '2.23'}, {'id': 5778831407, 'qualifierId': 140, 'value': '0.0'}, {'id': 5778831411, 'qualifierId': 212, 'value': '8.2'}, {'id': 5778831409, 'qualifierId': 141, 'value': '66.3'}, {'id': 5778831405, 'qualifierId': 56, 'value': 'Back'}]",9ms54l53wseuxarpn4vfcx9g4,T. Armstrong,,San Diego Wave,Home
2824013187,480,6,2,56,38,f1ks82wpiewyqs6h3oz9v4hzj,1,98.6,37.2,2025-06-23T03:24:40.434Z,2025-06-23T03:24:56Z,"[{'id': 5778831423, 'qualifierId': 56, 'value': 'Center'}, {'id': 5778831425, 'qualifierId': 75}, {'id': 5778831431, 'qualifierId': 233, 'value': '562'}]",4ullol3wa4qdi9ydgrxgxbcgl,C. Krueger,,Washington Spirit,Away
2824013189,562,6,2,56,38,esvbnzqbyvxp2k570ez7h1a1g,0,1.4,62.8,2025-06-23T03:24:40.434Z,2025-07-01T20:59:29Z,"[{'id': 5778831469, 'qualifierId': 75}, {'id': 5778831435, 'qualifierId': 233, 'value': '480'}, {'id': 5778831427, 'qualifierId': 56, 'value': 'Back'}]",9ms54l53wseuxarpn4vfcx9g4,T. Armstrong,,San Diego Wave,Home
2824013345,487,40,2,57,0,f1ks82wpiewyqs6h3oz9v4hzj,1,0.0,0.0,2025-06-23T03:25:02.442Z,2025-06-23T03:26:18Z,"[{'id': 5778832273, 'qualifierId': 130, 'value': '6'}, {'id': 5778832269, 'qualifierId': 44, 'value': '1, 2, 2, 3, 2, 2, 3, 3, 4, 4, 3, 5, 5, 5, 5, 5, 5, 5'}, {'id': 5778832271, 'qualifierId': 59, 'value': '1, 14, 3, 17, 9, 24, 19, 4, 21, 7, 8, 28, 6, 13, 16, 22, 25, 39'}, {'id': 5778832275, 'qualifierId': 131, 'value': '1, 2, 3, 4, 5, 6, 7, 8, 9, 10, 11, 0, 0, 0, 0, 0, 0, 0'}, {'id': 5778832267, 'qualifierId': 30, 'value': 'd9dirjpaqkq3gga2zyeykcv6d, en29qfiuu01nsmekoqhycjo45, 4ullol3wa4qdi9ydgrxgxbcgl, coy005g9noltjta4ka7utllp0, 27dktxivmcqmi1lkz1vs49qi2, bo5e35lsptja0pnlvk1y38dex, 1jlc387u7fdpnnus9nlsb179w, 1v67tba1l3sxow1geovdqefo5, yay5mq8trvoxv9mwm4mqzn8q, 4wgwp2bd4xrjbg7s4p193aooa, 73q03evwuq5rdm7scz31yj4a2, 6vqain7mmp94wueprv9aj5xp1, 1za1zeyvqpbqjb1jw3sx4de5l, 42vdmyzhg3m7or9duzcuwkusp, 4h6jpaeqynme21y5gnho24ob8, bz6tei03n7cj4mbdsx20wd0yc, 8jc8ndxlodfrhxxao3k1fknbo, as2gs38ai4i235sz36rmvpa1g'}, {'id': 5778832277, 'qualifierId': 194, 'value': 'd9dirjpaqkq3gga2zyeykcv6d'}]",,,,Washington Spirit,Away
2824013225,482,1,2,57,5,f1ks82wpiewyqs6h3oz9v4hzj,1,99.6,0.7,2025-06-23T03:25:07.537Z,2025-06-23T03:25:13Z,"[{'id': 5778831609, 'qualifierId': 6}, {'id': 5778831617, 'qualifierId': 212, 'value': '9.2'}, {'id': 5778831615, 'qualifierId': 141, 'value': '5.9'}, {'id': 5778831613, 'qualifierId': 140, 'value': '91.5'}, {'id': 5778831611, 'qualifierId': 56, 'value': 'Right'}, {'id': 5778831619, 'qualifierId': 213, 'value': '2.75'}]",73q03evwuq5rdm7scz31yj4a2,M. Morris,,Washington Spirit,Away
2824013229,483,1,2,57,7,f1ks82wpiewyqs6h3oz9v4hzj,1,91.5,6.1,2025-06-23T03:25:09.146Z,2025-06-23T03:25:11Z,"[{'id': 5778831625, 'qualifierId': 56, 'value': 'Center'}, {'id': 5778831633, 'qualifierId': 213, 'value': '1.52'}, {'id': 5778831631, 'qualifierId': 212, 'value': '15.7'}, {'id': 5778831627, 'qualifierId': 140, 'value': '92.3'}, {'id': 5778831623, 'qualifierId': 155}, {'id': 5778831629, 'qualifierId': 141, 'value': '29.1'}]",4wgwp2bd4xrjbg7s4p193aooa,C. Bethune,,Washington Spirit,Away
2824013231,484,1,2,57,9,f1ks82wpiewyqs6h3oz9v4hzj,1,95.2,18.9,2025-06-23T03:25:11.599Z,2025-06-23T03:25:13Z,"[{'id': 5778831645, 'qualifierId': 140, 'value': '88.8'}, {'id': 5778831647, 'qualifierId': 141, 'value': '6.5'}, {'id': 5778831643, 'qualifierId': 56, 'value': 'Right'}, {'id': 5778831651, 'qualifierId': 213, 'value': '4.04'}, {'id': 5778831649, 'qualifierId': 212, 'value': '10.8'}]",coy005g9noltjta4ka7utllp0,H. Hershfelt,,Washington Spirit,Away
2824013243,485,3,2,57,14,f1ks82wpiewyqs6h3oz9v4hzj,0,88.8,6.5,2025-06-23T03:25:16.067Z,2025-07-01T21:02:48Z,"[{'id': 5778831719, 'qualifierId': 211}, {'id': 5785917219, 'qualifierId': 465}, {'id': 5778831717, 'qualifierId': 286}, {'id': 5778831715, 'qualifierId': 56, 'value': 'Right'}]",4wgwp2bd4xrjbg7s4p193aooa,C. Bethune,,Washington Spirit,Away
2824013247,563,4,2,57,18,esvbnzqbyvxp2k570ez7h1a1g,1,4.8,75.0,2025-06-23T03:25:20.482Z,2025-06-23T03:25:23Z,"[{'id': 5778831737, 'qualifierId': 265}, {'id': 5778831741, 'qualifierId': 233, 'value': '486'}, {'id': 5778831735, 'qualifierId': 152}, {'id': 5778831731, 'qualifierId': 13}, {'id': 5778831739, 'qualifierId': 285}, {'id': 5778831733, 'qualifierId': 56, 'value': 'Back'}]",3x6baiktcpcjxxh258a5uebpx,P. Morroni,,San Diego Wave,Home
2824013245,486,4,2,57,18,f1ks82wpiewyqs6h3oz9v4hzj,0,95.2,25.0,2025-06-23T03:25:20.483Z,2025-06-23T03:25:22Z,"[{'id': 5778831727, 'qualifierId': 265}, {'id': 5778831747, 'qualifierId': 233, 'value': '563'}, {'id': 5778831725, 'qualifierId': 152}, {'id': 5778831729, 'qualifierId': 286}, {'id': 5778831721, 'qualifierId': 13}, {'id': 5778831723, 'qualifierId': 56, 'value': 'Center'}]",4wgwp2bd4xrjbg7s4p193aooa,C. Bethune,,Washington Spirit,Away
2824013285,564,1,2,57,35,esvbnzqbyvxp2k570ez7h1a1g,1,4.9,73.9,2025-06-23T03:25:37.352Z,2025-06-23T03:25:39Z,"[{'id': 5778831933, 'qualifierId': 140, 'value': '22.8'}, {'id': 5778831939, 'qualifierId': 213, 'value': '5.92'}, {'id': 5778831927, 'qualifierId': 5}, {'id': 5778831931, 'qualifierId': 56, 'value': 'Back'}, {'id': 5778831935, 'qualifierId': 141, 'value': '63.3'}, {'id': 5778831929, 'qualifierId': 152}, {'id': 5778831937, 'qualifierId': 212, 'value': '20.1'}]",4yb9avzbrzt8m4c4h1yy98jbp,K. Sheridan,,San Diego Wave,Home
2824013287,565,1,2,57,37,esvbnzqbyvxp2k570ez7h1a1g,1,26.8,60.8,2025-06-23T03:25:39.303Z,2025-06-23T03:25:42Z,"[{'id': 5778831947, 'qualifierId': 141, 'value': '34.0'}, {'id': 5778831945, 'qualifierId': 140, 'value': '36.6'}, {'id': 5778831967, 'qualifierId': 189}, {'id': 5778831951, 'qualifierId': 213, 'value': '5.23'}, {'id': 5778831949, 'qualifierId': 212, 'value': '20.9'}, {'id': 5778831943, 'qualifierId': 56, 'value': 'Back'}]",6p2318moul9op4hmigk1xbaw9,K. McNabb,,San Diego Wave,Home
2824013295,566,1,2,57,40,esvbnzqbyvxp2k570ez7h1a1g,1,36.5,33.0,2025-06-23T03:25:42.392Z,2025-06-23T03:25:44Z,"[{'id': 5778831999, 'qualifierId': 212, 'value': '17.6'}, {'id': 5778832001, 'qualifierId': 213, 'value': '4.77'}, {'id': 5778831993, 'qualifierId': 56, 'value': 'Back'}, {'id': 5778831995, 'qualifierId': 140, 'value': '37.4'}, {'id': 5778831997, 'qualifierId': 141, 'value': '7.1'}]",dzfr9ktjmxqj2eh2xibt7konp,K. Dali,,San Diego Wave,Home
2824013303,567,1,2,57,42,esvbnzqbyvxp2k570ez7h1a1g,1,37.4,7.1,2025-06-23T03:25:44.185Z,2025-06-23T03:25:46Z,"[{'id': 5778832035, 'qualifierId': 140, 'value': '31.1'}, {'id': 5778832033, 'qualifierId': 56, 'value': 'Back'}, {'id': 5778832039, 'qualifierId': 212, 'value': '13.1'}, {'id': 5778832037, 'qualifierId': 141, 'value': '23.7'}, {'id': 5778832041, 'qualifierId': 213, 'value': '2.10'}]",auyj06nha2syoygo7prfadobu,H. Lundkvist,,San Diego Wave,Home
2824013307,568,1,2,57,44,esvbnzqbyvxp2k570ez7h1a1g,1,29.3,28.5,2025-06-23T03:25:46.520Z,2025-06-23T03:25:51Z,"[{'id': 5778832057, 'qualifierId': 56, 'value': 'Back'}, {'id': 5778832065, 'qualifierId': 213, 'value': '2.04'}, {'id': 5778832059, 'qualifierId': 140, 'value': '24.4'}, {'id': 5778832063, 'qualifierId': 212, 'value': '11.5'}, {'id': 5778832061, 'qualifierId': 141, 'value': '43.6'}]",9ms54l53wseuxarpn4vfcx9g4,T. Armstrong,,San Diego Wave,Home
2824013319,569,1,2,57,49,esvbnzqbyvxp2k570ez7h1a1g,1,27.7,50.6,2025-06-23T03:25:51.305Z,2025-06-23T03:25:55Z,"[{'id': 5778832109, 'qualifierId': 212, 'value': '12.6'}, {'id': 5778832103, 'qualifierId': 56, 'value': 'Back'}, {'id': 5778832107, 'qualifierId': 141, 'value': '69.1'}, {'id': 5778832105, 'qualifierId': 140, 'value': '28.9'}, {'id': 5778832111, 'qualifierId': 213, 'value': '1.47'}]",4yb9avzbrzt8m4c4h1yy98jbp,K. Sheridan,,San Diego Wave,Home
2824013325,570,1,2,57,53,esvbnzqbyvxp2k570ez7h1a1g,1,29.9,71.1,2025-06-23T03:25:55Z,2025-06-23T03:25:57Z,"[{'id': 5778832145, 'qualifierId': 141, 'value': '47.5'}, {'id': 5778832141, 'qualifierId': 56, 'value': 'Back'}, {'id': 5778832149, 'qualifierId': 213, 'value': '4.37'}, {'id': 5778832143, 'qualifierId': 140, 'value': '24.5'}, {'id': 5778832147, 'qualifierId': 212, 'value': '17.0'}]",6p2318moul9op4hmigk1xbaw9,K. McNabb,,San Diego Wave,Home
2824013341,571,1,2,57,55,esvbnzqbyvxp2k570ez7h1a1g,1,26.2,46.3,2025-06-23T03:25:57.607Z,2025-06-23T03:26:03Z,"[{'id': 5778832239, 'qualifierId': 56, 'value': 'Back'}, {'id': 5778832247, 'qualifierId': 213, 'value': '5.71'}, {'id': 5778832243, 'qualifierId': 141, 'value': '35.7'}, {'id': 5778832241, 'qualifierId': 140, 'value': '36.8'}, {'id': 5778832245, 'qualifierId': 212, 'value': '13.3'}]",4yb9avzbrzt8m4c4h1yy98jbp,K. Sheridan,,San Diego Wave,Home
2824013351,572,1,2,58,1,esvbnzqbyvxp2k570ez7h1a1g,1,54.4,25.5,2025-06-23T03:26:02.985Z,2025-06-23T03:26:08Z,"[{'id': 5778832305, 'qualifierId': 140, 'value': '60.7'}, {'id': 5778832311, 'qualifierId': 213, 'value': '5.12'}, {'id': 5778832307, 'qualifierId': 141, 'value': '2.9'}, {'id': 5778832303, 'qualifierId': 56, 'value': 'Right'}, {'id': 5778832309, 'qualifierId': 212, 'value': '16.7'}]",dzfr9ktjmxqj2eh2xibt7konp,K. Dali,,San Diego Wave,Home
2824013363,573,1,2,58,7,esvbnzqbyvxp2k570ez7h1a1g,1,56.9,29.7,2025-06-23T03:26:08.872Z,2025-06-23T03:26:12Z,"[{'id': 5778832357, 'qualifierId': 56, 'value': 'Center'}, {'id': 5778832361, 'qualifierId': 141, 'value': '67.5'}, {'id': 5778832363, 'qualifierId': 212, 'value': '25.9'}, {'id': 5778832359, 'qualifierId': 140, 'value': '53.8'}, {'id': 5778832365, 'qualifierId': 213, 'value': '1.70'}]",auyj06nha2syoygo7prfadobu,H. Lundkvist,,San Diego Wave,Home
2824013375,574,1,2,58,10,esvbnzqbyvxp2k570ez7h1a1g,1,54.6,68.5,2025-06-23T03:26:12.648Z,2025-06-23T03:26:19Z,"[{'id': 5778832425, 'qualifierId': 141, 'value': '68.4'}, {'id': 5778832427, 'qualifierId': 212, 'value': '11.2'}, {'id': 5778832423, 'qualifierId': 140, 'value': '65.3'}, {'id': 5778832429, 'qualifierId': 213, 'value': '6.28'}, {'id': 5778832421, 'qualifierId': 56, 'value': 'Center'}]",6h8t7apz5vzk0pjxo8hbbkfhm,S. McCaskill,,San Diego Wave,Home
2824013377,575,61,2,58,17,esvbnzqbyvxp2k570ez7h1a1g,0,63.0,94.2,2025-06-23T03:26:19.145Z,2025-06-23T03:26:24Z,"[{'id': 5778832433, 'qualifierId': 56, 'value': 'Left'}]",1he80t4tdvj86rbvng0956prd,M. Sánchez,,San Diego Wave,Home
2824013381,488,5,2,58,18,f1ks82wpiewyqs6h3oz9v4hzj,1,35.2,-1.4,2025-06-23T03:26:20.552Z,2025-06-23T03:42:32Z,"[{'id': 5778832445, 'qualifierId': 233, 'value': '576'}, {'id': 5778832439, 'qualifierId': 56, 'value': 'Back'}, {'id': 5778832441, 'qualifierId': 347}]",4wgwp2bd4xrjbg7s4p193aooa,C. Bethune,,Washington Spirit,Away
2824013379,576,5,2,58,18,esvbnzqbyvxp2k570ez7h1a1g,0,64.8,101.4,2025-06-23T03:26:20.552Z,2025-06-23T03:26:26Z,"[{'id': 5778832437, 'qualifierId': 347}, {'id': 5778832435, 'qualifierId': 56, 'value': 'Left'}, {'id': 5778832477, 'qualifierId': 233, 'value': '488'}]",efynp5qo9b9x0lh9b4ft0ic8a,G. Corley,,San Diego Wave,Home
2824013405,577,18,2,58,25,esvbnzqbyvxp2k570ez7h1a1g,1,0.0,0.0,2025-06-23T03:26:26.921Z,2025-06-23T03:27:15Z,"[{'id': 5778832577, 'qualifierId': 42}, {'id': 5778832601, 'qualifierId': 55, 'value': '578'}, {'id': 5778832581, 'qualifierId': 59, 'value': '11'}, {'id': 5778832579, 'qualifierId': 44, 'value': 'Midfielder'}]",efynp5qo9b9x0lh9b4ft0ic8a,G. Corley,,San Diego Wave,Home
2824013407,578,19,2,58,25,esvbnzqbyvxp2k570ez7h1a1g,1,0.0,0.0,2025-06-23T03:26:26.922Z,2025-06-23T03:27:15Z,"[{'id': 5778832595, 'qualifierId': 44, 'value': 'Forward'}, {'id': 5778832593, 'qualifierId': 293, 'value': '3'}, {'id': 5778832589, 'qualifierId': 59, 'value': '17'}, {'id': 5778832591, 'qualifierId': 292, 'value': '10'}, {'id': 5778832583, 'qualifierId': 42}, {'id': 5778832587, 'qualifierId': 145, 'value': '10'}, {'id': 5778832597, 'qualifierId': 55, 'value': '577'}]",7p8n46qssxb0drknt952vivbo,K. Ascanio,,San Diego Wave,Home
2824013421,489,1,2,58,41,f1ks82wpiewyqs6h3oz9v4hzj,0,36.9,0.0,2025-06-23T03:26:43.684Z,2025-06-23T03:26:48Z,"[{'id': 5778832639, 'qualifierId': 140, 'value': '58.6'}, {'id': 5778832635, 'qualifierId': 107}, {'id': 5778832647, 'qualifierId': 1}, {'id': 5778832643, 'qualifierId': 212, 'value': '23.7'}, {'id': 5778832641, 'qualifierId': 141, 'value': '8.2'}, {'id': 5778832645, 'qualifierId': 213, 'value': '0.28'}, {'id': 5778832637, 'qualifierId': 56, 'value': 'Right'}]",en29qfiuu01nsmekoqhycjo45,G. Carle,,Washington Spirit,Away
2824013647,608,44,2,58,45,esvbnzqbyvxp2k570ez7h1a1g,1,50.0,85.8,2025-06-23T03:26:47.184Z,2025-06-23T03:42:30Z,"[{'id': 5778834405, 'qualifierId': 285}, {'id': 5778834351, 'qualifierId': 56, 'value': 'Left'}, {'id': 5778834401, 'qualifierId': 233, 'value': '490'}]",1he80t4tdvj86rbvng0956prd,M. Sánchez,,San Diego Wave,Home
2824013423,490,44,2,58,45,f1ks82wpiewyqs6h3oz9v4hzj,0,50.0,14.2,2025-06-23T03:26:47.185Z,2025-06-23T03:42:30Z,"[{'id': 5778832653, 'qualifierId': 56, 'value': 'Right'}, {'id': 5778841137, 'qualifierId': 285}, {'id': 5778834393, 'qualifierId': 233, 'value': '608'}]",yay5mq8trvoxv9mwm4mqzn8q,G. Monday,,Washington Spirit,Away
2824013645,607,1,2,58,46,esvbnzqbyvxp2k570ez7h1a1g,1,53.1,81.8,2025-06-23T03:26:48.002Z,2025-07-01T21:15:21Z,"[{'id': 5778834545, 'qualifierId': 212, 'value': '18.3'}, {'id': 5778834537, 'qualifierId': 3}, {'id': 5778834543, 'qualifierId': 141, 'value': '68.5'}, {'id': 5778834541, 'qualifierId': 140, 'value': '37.9'}, {'id': 5785924379, 'qualifierId': 168}, {'id': 5778834547, 'qualifierId': 213, 'value': '3.66'}, {'id': 5778834539, 'qualifierId': 56, 'value': 'Back'}]",1he80t4tdvj86rbvng0956prd,M. Sánchez,,San Diego Wave,Home
2824013425,579,1,2,58,46,esvbnzqbyvxp2k570ez7h1a1g,1,39.4,75.1,2025-06-23T03:26:48.091Z,2025-06-23T03:30:00Z,"[{'id': 5778832665, 'qualifierId': 141, 'value': '64.9'}, {'id': 5778832659, 'qualifierId': 3}, {'id': 5778832667, 'qualifierId': 212, 'value': '15.4'}, {'id': 5778832663, 'qualifierId': 140, 'value': '52.5'}, {'id': 5778832661, 'qualifierId': 56, 'value': 'Center'}, {'id': 5778832669, 'qualifierId': 213, 'value': '5.82'}]",9ms54l53wseuxarpn4vfcx9g4,T. Armstrong,,San Diego Wave,Home
2824013429,580,49,2,58,47,esvbnzqbyvxp2k570ez7h1a1g,1,52.7,64.9,2025-06-23T03:26:49.544Z,2025-06-23T03:26:49Z,[],dzfr9ktjmxqj2eh2xibt7konp,K. Dali,,San Diego Wave,Home
2824013431,581,1,2,58,47,esvbnzqbyvxp2k570ez7h1a1g,1,52.7,64.9,2025-06-23T03:26:49.671Z,2025-06-23T03:26:52Z,"[{'id': 5778832695, 'qualifierId': 213, 'value': '5.05'}, {'id': 5778832687, 'qualifierId': 56, 'value': 'Center'}, {'id': 5778832689, 'qualifierId': 140, 'value': '56.4'}, {'id': 5778832693, 'qualifierId': 212, 'value': '11.6'}, {'id': 5778832691, 'qualifierId': 141, 'value': '48.8'}]",dzfr9ktjmxqj2eh2xibt7konp,K. Dali,,San Diego Wave,Home
2824013435,582,1,2,58,50,esvbnzqbyvxp2k570ez7h1a1g,1,56.4,47.8,2025-06-23T03:26:52.007Z,2025-07-01T21:15:34Z,"[{'id': 5778832715, 'qualifierId': 140, 'value': '52.0'}, {'id': 5778832721, 'qualifierId': 213, 'value': '4.22'}, {'id': 5778832713, 'qualifierId': 56, 'value': 'Center'}, {'id': 5778832719, 'qualifierId': 212, 'value': '9.8'}, {'id': 5778832717, 'qualifierId': 141, 'value': '35.1'}, {'id': 5785924523, 'qualifierId': 156}]",3gu9gaz6w7eq79qnaqj3b7jdh,D. Cascarino,,San Diego Wave,Home
2824013437,583,1,2,58,52,esvbnzqbyvxp2k570ez7h1a1g,0,56.9,34.0,2025-06-23T03:26:54.680Z,2025-06-23T03:26:56Z,"[{'id': 5778832733, 'qualifierId': 141, 'value': '53.0'}, {'id': 5778832731, 'qualifierId': 140, 'value': '82.4'}, {'id': 5778832727, 'qualifierId': 155}, {'id': 5778832735, 'qualifierId': 212, 'value': '29.7'}, {'id': 5778832737, 'qualifierId': 213, 'value': '0.45'}, {'id': 5778832729, 'qualifierId': 56, 'value': 'Center'}]",auyj06nha2syoygo7prfadobu,H. Lundkvist,,San Diego Wave,Home
2824013453,491,12,2,58,55,f1ks82wpiewyqs6h3oz9v4hzj,1,17.7,45.6,2025-06-23T03:26:57.534Z,2025-06-23T03:30:11Z,"[{'id': 5778832867, 'qualifierId': 213, 'value': '3.76'}, {'id': 5778832887, 'qualifierId': 15}, {'id': 5778832767, 'qualifierId': 56, 'value': 'Back'}, {'id': 5778832859, 'qualifierId': 167}, {'id': 5778832865, 'qualifierId': 212, 'value': '25.0'}, {'id': 5778832861, 'qualifierId': 140, 'value': '0.0'}, {'id': 5778832863, 'qualifierId': 141, 'value': '24.4'}]",27dktxivmcqmi1lkz1vs49qi2,T. McKeown,,Washington Spirit,Away
2824013455,492,6,2,58,56,f1ks82wpiewyqs6h3oz9v4hzj,0,14.1,37.0,2025-06-23T03:26:58.777Z,2025-07-01T21:15:54Z,"[{'id': 5778832785, 'qualifierId': 73}, {'id': 5778832783, 'qualifierId': 56, 'value': 'Back'}, {'id': 5778832801, 'qualifierId': 233, 'value': '584'}]",27dktxivmcqmi1lkz1vs49qi2,T. McKeown,,Washington Spirit,Away
2824013443,584,6,2,58,56,esvbnzqbyvxp2k570ez7h1a1g,1,85.9,63.0,2025-06-23T03:26:58.777Z,2025-06-23T03:34:43Z,"[{'id': 5778832755, 'qualifierId': 56, 'value': 'Center'}, {'id': 5778832757, 'qualifierId': 73}, {'id': 5778832791, 'qualifierId': 233, 'value': '492'}]",auyj06nha2syoygo7prfadobu,H. Lundkvist,,San Diego Wave,Home
2824013477,585,1,2,59,28,esvbnzqbyvxp2k570ez7h1a1g,0,99.5,99.5,2025-06-23T03:27:30.777Z,2025-07-01T21:15:49Z,"[{'id': 5778832967, 'qualifierId': 6}, {'id': 5778832975, 'qualifierId': 140, 'value': '92.4'}, {'id': 5785924605, 'qualifierId': 20}, {'id': 5778832973, 'qualifierId': 56, 'value': 'Center'}, {'id': 5778832971, 'qualifierId': 223}, {'id': 5778832979, 'qualifierId': 212, 'value': '31.3'}, {'id': 5778832981, 'qualifierId': 213, 'value': '4.47'}, {'id': 5778832977, 'qualifierId': 141, 'value': '54.8'}, {'id': 5778832965, 'qualifierId': 2}, {'id': 5778832969, 'qualifierId': 155}]",dzfr9ktjmxqj2eh2xibt7konp,K. Dali,,San Diego Wave,Home
2824013475,493,44,2,59,31,f1ks82wpiewyqs6h3oz9v4hzj,1,8.2,41.4,2025-06-23T03:27:33.197Z,2025-06-23T04:08:37Z,"[{'id': 5778832949, 'qualifierId': 56, 'value': 'Back'}, {'id': 5778832951, 'qualifierId': 285}, {'id': 5778832997, 'qualifierId': 233, 'value': '586'}]",27dktxivmcqmi1lkz1vs49qi2,T. McKeown,,Washington Spirit,Away
2824013479,586,44,2,59,31,esvbnzqbyvxp2k570ez7h1a1g,0,91.8,58.6,2025-06-23T03:27:33.198Z,2025-06-23T04:08:26Z,"[{'id': 5778832993, 'qualifierId': 233, 'value': '493'}, {'id': 5778832987, 'qualifierId': 286}, {'id': 5778832985, 'qualifierId': 56, 'value': 'Center'}]",9ms54l53wseuxarpn4vfcx9g4,T. Armstrong,,San Diego Wave,Home
2824013737,517,12,2,59,32,f1ks82wpiewyqs6h3oz9v4hzj,1,8.6,45.7,2025-06-23T03:27:33.901Z,2025-06-23T03:42:44Z,"[{'id': 5778834439, 'qualifierId': 213, 'value': '0.92'}, {'id': 5778834431, 'qualifierId': 56, 'value': 'Back'}, {'id': 5778834433, 'qualifierId': 140, 'value': '19.9'}, {'id': 5778834435, 'qualifierId': 141, 'value': '68.4'}, {'id': 5778834441, 'qualifierId': 15}, {'id': 5778834437, 'qualifierId': 212, 'value': '19.5'}]",27dktxivmcqmi1lkz1vs49qi2,T. McKeown,,Washington Spirit,Away
2824013487,494,49,2,59,35,f1ks82wpiewyqs6h3oz9v4hzj,1,27.7,75.6,2025-06-23T03:27:37.338Z,2025-06-23T03:27:37Z,[],yay5mq8trvoxv9mwm4mqzn8q,G. Monday,,Washington Spirit,Away
2824013499,495,1,2,59,36,f1ks82wpiewyqs6h3oz9v4hzj,1,27.7,84.4,2025-06-23T03:27:38.198Z,2025-06-23T03:27:42Z,"[{'id': 5778833091, 'qualifierId': 140, 'value': '34.3'}, {'id': 5778833089, 'qualifierId': 56, 'value': 'Back'}, {'id': 5778833093, 'qualifierId': 141, 'value': '64.2'}, {'id': 5778833097, 'qualifierId': 213, 'value': '5.18'}, {'id': 5778833095, 'qualifierId': 212, 'value': '15.4'}]",yay5mq8trvoxv9mwm4mqzn8q,G. Monday,,Washington Spirit,Away
2824013501,496,3,2,59,40,f1ks82wpiewyqs6h3oz9v4hzj,1,36.0,39.8,2025-06-23T03:27:42.400Z,2025-07-01T21:16:34Z,"[{'id': 5778833167, 'qualifierId': 233, 'value': '643'}, {'id': 5785924991, 'qualifierId': 465}, {'id': 5778833103, 'qualifierId': 286}, {'id': 5778833101, 'qualifierId': 56, 'value': 'Back'}]",73q03evwuq5rdm7scz31yj4a2,M. Morris,,Washington Spirit,Away
2824013929,643,45,2,59,40,esvbnzqbyvxp2k570ez7h1a1g,0,64.0,60.2,2025-06-23T03:27:42.400Z,2025-06-23T03:34:46Z,"[{'id': 5778835785, 'qualifierId': 285}, {'id': 5778835783, 'qualifierId': 56, 'value': 'Center'}, {'id': 5778835919, 'qualifierId': 233, 'value': '496'}]",auyj06nha2syoygo7prfadobu,H. Lundkvist,,San Diego Wave,Home
2824013511,497,1,2,59,41,f1ks82wpiewyqs6h3oz9v4hzj,1,36.3,40.7,2025-06-23T03:27:43.493Z,2025-06-23T03:30:11Z,"[{'id': 5778833143, 'qualifierId': 141, 'value': '11.6'}, {'id': 5778833149, 'qualifierId': 1}, {'id': 5778833141, 'qualifierId': 140, 'value': '64.0'}, {'id': 5778833145, 'qualifierId': 212, 'value': '35.2'}, {'id': 5778833139, 'qualifierId': 56, 'value': 'Right'}, {'id': 5778833147, 'qualifierId': 213, 'value': '5.69'}]",73q03evwuq5rdm7scz31yj4a2,M. Morris,,Washington Spirit,Away
2824013509,587,43,2,59,43,esvbnzqbyvxp2k570ez7h1a1g,1,0.0,0.0,2025-06-23T03:27:45.208Z,2025-06-23T03:32:40Z,"[{'id': 5778835955, 'qualifierId': 144, 'value': '83'}, {'id': 5778833221, 'qualifierId': 399, 'value': '1jlc387u7fdpnnus9nlsb179w'}]",auyj06nha2syoygo7prfadobu,H. Lundkvist,,San Diego Wave,Home
2824013521,498,1,2,59,46,f1ks82wpiewyqs6h3oz9v4hzj,0,79.1,23.0,2025-06-23T03:27:48.258Z,2025-06-23T03:27:48Z,"[{'id': 5778833201, 'qualifierId': 141, 'value': '28.2'}, {'id': 5778833197, 'qualifierId': 56, 'value': 'Center'}, {'id': 5778833203, 'qualifierId': 212, 'value': '3.8'}, {'id': 5778833199, 'qualifierId': 140, 'value': '80.5'}, {'id': 5778833205, 'qualifierId': 213, 'value': '1.18'}]",1jlc387u7fdpnnus9nlsb179w,R. Kouassi,,Washington Spirit,Away
2824013527,588,61,2,59,49,esvbnzqbyvxp2k570ez7h1a1g,1,27.9,71.8,2025-06-23T03:27:51.414Z,2025-06-23T03:32:58Z,"[{'id': 5778833223, 'qualifierId': 56, 'value': 'Back'}]",6h8t7apz5vzk0pjxo8hbbkfhm,S. McCaskill,,San Diego Wave,Home
2824013531,589,52,2,59,52,esvbnzqbyvxp2k570ez7h1a1g,1,12.9,45.5,2025-06-23T03:27:54.200Z,2025-07-01T21:16:37Z,"[{'id': 5785925027, 'qualifierId': 376}]",4yb9avzbrzt8m4c4h1yy98jbp,K. Sheridan,,San Diego Wave,Home
2824013541,590,1,2,59,52,esvbnzqbyvxp2k570ez7h1a1g,1,15.7,46.1,2025-06-23T03:27:54.792Z,2025-06-23T03:28:01Z,"[{'id': 5778833293, 'qualifierId': 212, 'value': '23.1'}, {'id': 5778833289, 'qualifierId': 140, 'value': '32.0'}, {'id': 5778833291, 'qualifierId': 141, 'value': '23.3'}, {'id': 5778833287, 'qualifierId': 56, 'value': 'Back'}, {'id': 5778833295, 'qualifierId': 213, 'value': '5.55'}, {'id': 5778833285, 'qualifierId': 123}]",4yb9avzbrzt8m4c4h1yy98jbp,K. Sheridan,,San Diego Wave,Home
2824013551,591,1,2,59,59,esvbnzqbyvxp2k570ez7h1a1g,1,33.8,14.3,2025-06-23T03:28:01.545Z,2025-06-23T03:35:13Z,"[{'id': 5778833335, 'qualifierId': 56, 'value': 'Right'}, {'id': 5778833339, 'qualifierId': 141, 'value': '8.9'}, {'id': 5778833333, 'qualifierId': 155}, {'id': 5778833337, 'qualifierId': 140, 'value': '96.3'}, {'id': 5778833345, 'qualifierId': 1}, {'id': 5778833341, 'qualifierId': 212, 'value': '65.7'}, {'id': 5778833343, 'qualifierId': 213, 'value': '6.23'}]",auyj06nha2syoygo7prfadobu,H. Lundkvist,,San Diego Wave,Home
2824013555,592,1,2,60,6,esvbnzqbyvxp2k570ez7h1a1g,0,93.9,23.1,2025-06-23T03:28:08.328Z,2025-07-01T21:17:24Z,"[{'id': 5778833359, 'qualifierId': 140, 'value': '89.2'}, {'id': 5778833365, 'qualifierId': 213, 'value': '1.87'}, {'id': 5778833357, 'qualifierId': 56, 'value': 'Center'}, {'id': 5778833361, 'qualifierId': 141, 'value': '46.4'}, {'id': 5778833363, 'qualifierId': 212, 'value': '16.6'}]",3gu9gaz6w7eq79qnaqj3b7jdh,D. Cascarino,,San Diego Wave,Home
2824013557,499,12,2,60,8,f1ks82wpiewyqs6h3oz9v4hzj,1,11.0,52.4,2025-06-23T03:28:09.863Z,2025-06-23T03:28:11Z,"[{'id': 5778833381, 'qualifierId': 140, 'value': '27.4'}, {'id': 5778833383, 'qualifierId': 141, 'value': '61.1'}, {'id': 5778833387, 'qualifierId': 213, 'value': '0.33'}, {'id': 5778833379, 'qualifierId': 56, 'value': 'Back'}, {'id': 5778833385, 'qualifierId': 212, 'value': '18.2'}]",27dktxivmcqmi1lkz1vs49qi2,T. McKeown,,Washington Spirit,Away
2824013559,500,49,2,60,9,f1ks82wpiewyqs6h3oz9v4hzj,1,27.4,61.1,2025-06-23T03:28:11.144Z,2025-06-23T03:35:18Z,[],73q03evwuq5rdm7scz31yj4a2,M. Morris,,Washington Spirit,Away
2824013561,501,50,2,60,9,f1ks82wpiewyqs6h3oz9v4hzj,1,24.7,60.0,2025-06-23T03:28:11.780Z,2025-06-23T03:42:26Z,"[{'id': 5778833393, 'qualifierId': 56, 'value': 'Back'}, {'id': 5778836655, 'qualifierId': 285}, {'id': 5778837431, 'qualifierId': 233, 'value': '593'}]",73q03evwuq5rdm7scz31yj4a2,M. Morris,,Washington Spirit,Away
2824013567,593,7,2,60,9,esvbnzqbyvxp2k570ez7h1a1g,0,75.3,40.0,2025-06-23T03:28:11.781Z,2025-07-01T21:18:00Z,"[{'id': 5778836657, 'qualifierId': 233, 'value': '501'}, {'id': 5778833433, 'qualifierId': 56, 'value': 'Center'}, {'id': 5785925737, 'qualifierId': 385}, {'id': 5778833435, 'qualifierId': 286}, {'id': 5785925739, 'qualifierId': 178}]",dzfr9ktjmxqj2eh2xibt7konp,K. Dali,,San Diego Wave,Home
2824013563,502,50,2,60,13,f1ks82wpiewyqs6h3oz9v4hzj,1,25.4,57.8,2025-06-23T03:28:14.824Z,2025-07-01T22:22:15Z,"[{'id': 5778833415, 'qualifierId': 285}, {'id': 5785943841, 'qualifierId': 233, 'value': '594'}, {'id': 5778833413, 'qualifierId': 56, 'value': 'Back'}]",1v67tba1l3sxow1geovdqefo5,R. Bernal,,Washington Spirit,Away
2824013569,594,7,2,60,13,esvbnzqbyvxp2k570ez7h1a1g,0,74.6,42.2,2025-06-23T03:28:14.825Z,2025-07-01T22:22:15Z,"[{'id': 5778833445, 'qualifierId': 56, 'value': 'Center'}, {'id': 5785925943, 'qualifierId': 385}, {'id': 5785925945, 'qualifierId': 178}, {'id': 5778833447, 'qualifierId': 286}, {'id': 5785943837, 'qualifierId': 233, 'value': '502'}]",7p8n46qssxb0drknt952vivbo,K. Ascanio,,San Diego Wave,Home
2824013571,503,12,2,60,15,f1ks82wpiewyqs6h3oz9v4hzj,1,18.3,68.5,2025-06-23T03:28:17.466Z,2025-06-23T03:28:19Z,"[{'id': 5778833477, 'qualifierId': 140, 'value': '30.6'}, {'id': 5778833483, 'qualifierId': 213, 'value': '6.20'}, {'id': 5778833481, 'qualifierId': 212, 'value': '13.0'}, {'id': 5778833475, 'qualifierId': 56, 'value': 'Back'}, {'id': 5778833479, 'qualifierId': 141, 'value': '67.0'}]",4ullol3wa4qdi9ydgrxgxbcgl,C. Krueger,,Washington Spirit,Away
2824013573,595,43,2,60,16,esvbnzqbyvxp2k570ez7h1a1g,1,0.0,0.0,2025-06-23T03:28:17.913Z,2025-06-23T03:34:07Z,"[{'id': 5778833485, 'qualifierId': 56, 'value': 'Center'}, {'id': 5778833487, 'qualifierId': 140, 'value': '76.2'}, {'id': 5778833491, 'qualifierId': 212, 'value': '4.3'}, {'id': 5778837087, 'qualifierId': 144, 'value': '1'}, {'id': 5778833489, 'qualifierId': 141, 'value': '38.2'}, {'id': 5778833493, 'qualifierId': 213, 'value': '5.41'}]",7p8n46qssxb0drknt952vivbo,K. Ascanio,,San Diego Wave,Home
2824013577,596,1,2,60,21,esvbnzqbyvxp2k570ez7h1a1g,1,74.1,17.4,2025-06-23T03:28:23.609Z,2025-06-23T03:35:24Z,"[{'id': 5778833535, 'qualifierId': 56, 'value': 'Right'}, {'id': 5778833539, 'qualifierId': 141, 'value': '11.6'}, {'id': 5778833537, 'qualifierId': 140, 'value': '82.0'}, {'id': 5778833541, 'qualifierId': 212, 'value': '9.2'}, {'id': 5778833543, 'qualifierId': 213, 'value': '5.84'}]",dzfr9ktjmxqj2eh2xibt7konp,K. Dali,,San Diego Wave,Home
2824013579,597,1,2,60,26,esvbnzqbyvxp2k570ez7h1a1g,1,83.4,11.1,2025-06-23T03:28:28.136Z,2025-06-23T03:35:28Z,"[{'id': 5778833551, 'qualifierId': 141, 'value': '13.8'}, {'id': 5778833549, 'qualifierId': 140, 'value': '83.0'}, {'id': 5778833553, 'qualifierId': 212, 'value': '1.9'}, {'id': 5778833547, 'qualifierId': 56, 'value': 'Right'}, {'id': 5778833555, 'qualifierId': 213, 'value': '1.80'}]",3gu9gaz6w7eq79qnaqj3b7jdh,D. Cascarino,,San Diego Wave,Home
2824013581,598,1,2,60,27,esvbnzqbyvxp2k570ez7h1a1g,1,82.9,14.1,2025-06-23T03:28:29.256Z,2025-06-23T03:35:26Z,"[{'id': 5778833575, 'qualifierId': 212, 'value': '8.8'}, {'id': 5778833577, 'qualifierId': 213, 'value': '3.68'}, {'id': 5778833569, 'qualifierId': 56, 'value': 'Right'}, {'id': 5778833573, 'qualifierId': 141, 'value': '7.4'}, {'id': 5778833571, 'qualifierId': 140, 'value': '75.7'}]",7p8n46qssxb0drknt952vivbo,K. Ascanio,,San Diego Wave,Home
2824013589,599,1,2,60,29,esvbnzqbyvxp2k570ez7h1a1g,1,70.9,9.0,2025-06-23T03:28:31.067Z,2025-06-23T03:35:11Z,"[{'id': 5778833633, 'qualifierId': 212, 'value': '10.1'}, {'id': 5778833627, 'qualifierId': 56, 'value': 'Right'}, {'id': 5778833631, 'qualifierId': 141, 'value': '8.0'}, {'id': 5778833635, 'qualifierId': 213, 'value': '6.22'}, {'id': 5778833629, 'qualifierId': 140, 'value': '80.5'}]",dzfr9ktjmxqj2eh2xibt7konp,K. Dali,,San Diego Wave,Home
2824014211,663,1,2,60,31,esvbnzqbyvxp2k570ez7h1a1g,1,80.8,6.8,2025-06-23T03:28:33.658Z,2025-06-23T03:35:05Z,"[{'id': 5778837359, 'qualifierId': 56, 'value': 'Right'}, {'id': 5778837367, 'qualifierId': 213, 'value': '0.30'}, {'id': 5778837365, 'qualifierId': 212, 'value': '7.7'}, {'id': 5778837361, 'qualifierId': 140, 'value': '87.8'}, {'id': 5778837363, 'qualifierId': 141, 'value': '10.1'}]",3gu9gaz6w7eq79qnaqj3b7jdh,D. Cascarino,,San Diego Wave,Home
2824013591,600,61,2,60,32,esvbnzqbyvxp2k570ez7h1a1g,0,94.4,13.8,2025-06-23T03:28:34.497Z,2025-06-23T03:35:09Z,"[{'id': 5778833639, 'qualifierId': 56, 'value': 'Right'}]",6h8t7apz5vzk0pjxo8hbbkfhm,S. McCaskill,,San Diego Wave,Home
2824013587,504,5,2,60,32,f1ks82wpiewyqs6h3oz9v4hzj,1,-0.6,88.0,2025-06-23T03:28:34.766Z,2025-06-23T03:42:32Z,"[{'id': 5778833621, 'qualifierId': 56, 'value': 'Back'}, {'id': 5778833645, 'qualifierId': 233, 'value': '601'}, {'id': 5778833623, 'qualifierId': 346}]",4ullol3wa4qdi9ydgrxgxbcgl,C. Krueger,,Washington Spirit,Away
2824013593,601,5,2,60,32,esvbnzqbyvxp2k570ez7h1a1g,0,100.6,12.0,2025-06-23T03:28:34.766Z,2025-06-23T03:42:33Z,"[{'id': 5778833641, 'qualifierId': 56, 'value': 'Right'}, {'id': 5778833649, 'qualifierId': 233, 'value': '504'}, {'id': 5778833643, 'qualifierId': 346}]",6h8t7apz5vzk0pjxo8hbbkfhm,S. McCaskill,,San Diego Wave,Home
2824013621,505,1,2,60,51,f1ks82wpiewyqs6h3oz9v4hzj,1,2.4,49.9,2025-06-23T03:28:52.898Z,2025-06-23T03:28:56Z,"[{'id': 5778833879, 'qualifierId': 124}, {'id': 5778833887, 'qualifierId': 212, 'value': '15.8'}, {'id': 5778833885, 'qualifierId': 141, 'value': '72.0'}, {'id': 5778833883, 'qualifierId': 140, 'value': '7.1'}, {'id': 5778833889, 'qualifierId': 213, 'value': '1.25'}, {'id': 5778833893, 'qualifierId': 237}, {'id': 5778833881, 'qualifierId': 56, 'value': 'Back'}]",d9dirjpaqkq3gga2zyeykcv6d,A. Kingsbury,,Washington Spirit,Away
2824013623,506,1,2,60,54,f1ks82wpiewyqs6h3oz9v4hzj,0,12.0,62.0,2025-06-23T03:28:56.523Z,2025-06-23T03:28:58Z,"[{'id': 5778833905, 'qualifierId': 213, 'value': '5.51'}, {'id': 5778833895, 'qualifierId': 155}, {'id': 5778833897, 'qualifierId': 56, 'value': 'Back'}, {'id': 5778833907, 'qualifierId': 1}, {'id': 5778833903, 'qualifierId': 212, 'value': '33.8'}, {'id': 5778833899, 'qualifierId': 140, 'value': '35.0'}, {'id': 5778833901, 'qualifierId': 141, 'value': '27.3'}]",bo5e35lsptja0pnlvk1y38dex,E. Morgan,,Washington Spirit,Away
2824013627,602,1,2,60,57,esvbnzqbyvxp2k570ez7h1a1g,1,60.1,86.0,2025-06-23T03:28:59.353Z,2025-06-23T03:29:02Z,"[{'id': 5778833923, 'qualifierId': 56, 'value': 'Center'}, {'id': 5778833929, 'qualifierId': 212, 'value': '5.4'}, {'id': 5778833921, 'qualifierId': 3}, {'id': 5778833925, 'qualifierId': 140, 'value': '61.6'}, {'id': 5778833931, 'qualifierId': 213, 'value': '5.01'}, {'id': 5778833927, 'qualifierId': 141, 'value': '78.4'}]",3x6baiktcpcjxxh258a5uebpx,P. Morroni,,San Diego Wave,Home
2824013629,603,49,2,61,0,esvbnzqbyvxp2k570ez7h1a1g,1,63.7,75.3,2025-06-23T03:29:02.394Z,2025-06-23T03:29:02Z,[],7p8n46qssxb0drknt952vivbo,K. Ascanio,,San Diego Wave,Home
2824013633,604,1,2,61,0,esvbnzqbyvxp2k570ez7h1a1g,1,63.7,75.3,2025-06-23T03:29:02.433Z,2025-06-23T03:29:03Z,"[{'id': 5778833951, 'qualifierId': 212, 'value': '7.9'}, {'id': 5778833949, 'qualifierId': 141, 'value': '66.1'}, {'id': 5778833953, 'qualifierId': 213, 'value': '4.05'}, {'id': 5778833947, 'qualifierId': 140, 'value': '59.1'}, {'id': 5778833945, 'qualifierId': 56, 'value': 'Center'}]",7p8n46qssxb0drknt952vivbo,K. Ascanio,,San Diego Wave,Home
2824013637,605,1,2,61,1,esvbnzqbyvxp2k570ez7h1a1g,1,58.3,64.0,2025-06-23T03:29:03.658Z,2025-06-23T03:29:07Z,"[{'id': 5778833973, 'qualifierId': 141, 'value': '38.2'}, {'id': 5778833969, 'qualifierId': 56, 'value': 'Center'}, {'id': 5778833971, 'qualifierId': 140, 'value': '63.2'}, {'id': 5778833975, 'qualifierId': 212, 'value': '18.3'}, {'id': 5778833977, 'qualifierId': 213, 'value': '5.00'}]",6h8t7apz5vzk0pjxo8hbbkfhm,S. McCaskill,,San Diego Wave,Home
2824013641,606,1,2,61,5,esvbnzqbyvxp2k570ez7h1a1g,0,66.0,42.7,2025-06-23T03:29:07Z,2025-06-23T03:36:14Z,"[{'id': 5778833997, 'qualifierId': 141, 'value': '61.1'}, {'id': 5778833995, 'qualifierId': 140, 'value': '72.6'}, {'id': 5778833999, 'qualifierId': 212, 'value': '14.3'}, {'id': 5778834001, 'qualifierId': 213, 'value': '1.06'}, {'id': 5778833993, 'qualifierId': 56, 'value': 'Center'}]",3gu9gaz6w7eq79qnaqj3b7jdh,D. Cascarino,,San Diego Wave,Home
2824013643,507,49,2,61,6,f1ks82wpiewyqs6h3oz9v4hzj,1,25.9,32.4,2025-06-23T03:29:08.708Z,2025-06-23T03:29:08Z,[],27dktxivmcqmi1lkz1vs49qi2,T. McKeown,,Washington Spirit,Away
2824013649,508,1,2,61,9,f1ks82wpiewyqs6h3oz9v4hzj,0,26.0,27.6,2025-06-23T03:29:10.910Z,2025-06-23T03:29:11Z,"[{'id': 5778834009, 'qualifierId': 141, 'value': '24.9'}, {'id': 5778834005, 'qualifierId': 56, 'value': 'Center'}, {'id': 5778834015, 'qualifierId': 1}, {'id': 5778834013, 'qualifierId': 213, 'value': '6.24'}, {'id': 5778834007, 'qualifierId': 140, 'value': '65.4'}, {'id': 5778834011, 'qualifierId': 212, 'value': '41.4'}]",27dktxivmcqmi1lkz1vs49qi2,T. McKeown,,Washington Spirit,Away
2824013651,609,49,2,61,11,esvbnzqbyvxp2k570ez7h1a1g,1,43.3,87.5,2025-06-23T03:29:13.801Z,2025-06-23T03:29:13Z,[],6p2318moul9op4hmigk1xbaw9,K. McNabb,,San Diego Wave,Home
2824013657,610,1,2,61,13,esvbnzqbyvxp2k570ez7h1a1g,0,45.1,94.1,2025-06-23T03:29:15.561Z,2025-06-23T03:29:21Z,"[{'id': 5778834057, 'qualifierId': 141, 'value': '80.8'}, {'id': 5778834093, 'qualifierId': 1}, {'id': 5778834059, 'qualifierId': 212, 'value': '25.7'}, {'id': 5778834091, 'qualifierId': 157}, {'id': 5778834053, 'qualifierId': 56, 'value': 'Left'}, {'id': 5778834061, 'qualifierId': 213, 'value': '5.92'}, {'id': 5778834055, 'qualifierId': 140, 'value': '68.0'}]",6p2318moul9op4hmigk1xbaw9,K. McNabb,,San Diego Wave,Home
2824013661,509,49,2,61,15,f1ks82wpiewyqs6h3oz9v4hzj,1,28.4,23.1,2025-06-23T03:29:17.565Z,2025-06-23T03:29:17Z,[],27dktxivmcqmi1lkz1vs49qi2,T. McKeown,,Washington Spirit,Away
2824013663,510,1,2,61,15,f1ks82wpiewyqs6h3oz9v4hzj,1,28.4,23.1,2025-06-23T03:29:17.799Z,2025-06-23T03:29:18Z,"[{'id': 5778834071, 'qualifierId': 141, 'value': '27.3'}, {'id': 5778834073, 'qualifierId': 212, 'value': '9.1'}, {'id': 5778834069, 'qualifierId': 140, 'value': '36.6'}, {'id': 5778834067, 'qualifierId': 56, 'value': 'Back'}, {'id': 5778834075, 'qualifierId': 213, 'value': '0.32'}]",27dktxivmcqmi1lkz1vs49qi2,T. McKeown,,Washington Spirit,Away
2824013667,511,1,2,61,16,f1ks82wpiewyqs6h3oz9v4hzj,1,36.6,27.3,2025-06-23T03:29:18.783Z,2025-06-23T03:29:22Z,"[{'id': 5778834099, 'qualifierId': 141, 'value': '49.4'}, {'id': 5778834095, 'qualifierId': 56, 'value': 'Back'}, {'id': 5778834103, 'qualifierId': 213, 'value': '2.14'}, {'id': 5778834097, 'qualifierId': 140, 'value': '27.5'}, {'id': 5778834101, 'qualifierId': 212, 'value': '17.8'}]",coy005g9noltjta4ka7utllp0,H. Hershfelt,,Washington Spirit,Away
2824013669,512,1,2,61,20,f1ks82wpiewyqs6h3oz9v4hzj,1,27.5,49.4,2025-06-23T03:29:22.345Z,2025-06-23T03:29:23Z,"[{'id': 5778834113, 'qualifierId': 212, 'value': '13.1'}, {'id': 5778834107, 'qualifierId': 56, 'value': 'Back'}, {'id': 5778834111, 'qualifierId': 141, 'value': '30.6'}, {'id': 5778834115, 'qualifierId': 213, 'value': '4.50'}, {'id': 5778834109, 'qualifierId': 140, 'value': '24.9'}]",bo5e35lsptja0pnlvk1y38dex,E. Morgan,,Washington Spirit,Away
2824013671,513,1,2,61,21,f1ks82wpiewyqs6h3oz9v4hzj,1,24.9,30.6,2025-06-23T03:29:23.251Z,2025-06-23T03:29:25Z,"[{'id': 5778834127, 'qualifierId': 213, 'value': '0.16'}, {'id': 5778834119, 'qualifierId': 56, 'value': 'Back'}, {'id': 5778834125, 'qualifierId': 212, 'value': '13.1'}, {'id': 5778834121, 'qualifierId': 140, 'value': '37.2'}, {'id': 5778834123, 'qualifierId': 141, 'value': '33.6'}]",27dktxivmcqmi1lkz1vs49qi2,T. McKeown,,Washington Spirit,Away
2824013673,514,61,2,61,23,f1ks82wpiewyqs6h3oz9v4hzj,0,37.2,33.6,2025-06-23T03:29:25.001Z,2025-06-23T03:29:30Z,"[{'id': 5778834131, 'qualifierId': 56, 'value': 'Back'}]",1v67tba1l3sxow1geovdqefo5,R. Bernal,,Washington Spirit,Away
2824013675,611,49,2,61,25,esvbnzqbyvxp2k570ez7h1a1g,1,63.8,59.0,2025-06-23T03:29:27.291Z,2025-06-23T03:29:27Z,[],dzfr9ktjmxqj2eh2xibt7konp,K. Dali,,San Diego Wave,Home
2824013685,612,1,2,61,26,esvbnzqbyvxp2k570ez7h1a1g,1,65.7,57.3,2025-06-23T03:29:27.833Z,2025-06-23T03:29:34Z,"[{'id': 5778834179, 'qualifierId': 1}, {'id': 5778834171, 'qualifierId': 140, 'value': '96.8'}, {'id': 5778834173, 'qualifierId': 141, 'value': '18.0'}, {'id': 5778834175, 'qualifierId': 212, 'value': '42.2'}, {'id': 5778834169, 'qualifierId': 56, 'value': 'Right'}, {'id': 5778834177, 'qualifierId': 213, 'value': '5.60'}]",dzfr9ktjmxqj2eh2xibt7konp,K. Dali,,San Diego Wave,Home
2824013697,613,1,2,61,32,esvbnzqbyvxp2k570ez7h1a1g,1,96.1,17.6,2025-06-23T03:29:34.216Z,2025-06-23T03:29:36Z,"[{'id': 5778834247, 'qualifierId': 213, 'value': '2.52'}, {'id': 5778834239, 'qualifierId': 56, 'value': 'Center'}, {'id': 5778834245, 'qualifierId': 212, 'value': '5.9'}, {'id': 5778834241, 'qualifierId': 140, 'value': '91.5'}, {'id': 5778834243, 'qualifierId': 141, 'value': '22.7'}]",3gu9gaz6w7eq79qnaqj3b7jdh,D. Cascarino,,San Diego Wave,Home
2824013703,614,1,2,61,34,esvbnzqbyvxp2k570ez7h1a1g,1,90.3,23.9,2025-06-23T03:29:36.808Z,2025-07-01T21:21:02Z,"[{'id': 5778834569, 'qualifierId': 210, 'value': '15'}, {'id': 5785927679, 'qualifierId': 224}, {'id': 5778834267, 'qualifierId': 141, 'value': '44.6'}, {'id': 5778834271, 'qualifierId': 213, 'value': '1.53'}, {'id': 5778834265, 'qualifierId': 140, 'value': '90.9'}, {'id': 5778834571, 'qualifierId': 154}, {'id': 5778834259, 'qualifierId': 2}, {'id': 5778834263, 'qualifierId': 56, 'value': 'Center'}, {'id': 5785927681, 'qualifierId': 20}, {'id': 5778834269, 'qualifierId': 212, 'value': '14.1'}, {'id': 5778834261, 'qualifierId': 155}]",auyj06nha2syoygo7prfadobu,H. Lundkvist,1.0,San Diego Wave,Home
2824013715,615,15,2,61,36,esvbnzqbyvxp2k570ez7h1a1g,1,90.4,43.3,2025-06-23T03:29:38.757Z,2025-07-01T21:22:24Z,"[{'id': 5778834595, 'qualifierId': 55, 'value': '614'}, {'id': 5778834605, 'qualifierId': 146, 'value': '99.0'}, {'id': 5778834593, 'qualifierId': 154}, {'id': 5778834601, 'qualifierId': 103, 'value': '26.6'}, {'id': 5778834603, 'qualifierId': 328}, {'id': 5778834599, 'qualifierId': 102, 'value': '47.8'}, {'id': 5778834591, 'qualifierId': 29}, {'id': 5778834311, 'qualifierId': 17}, {'id': 5778834607, 'qualifierId': 147, 'value': '47.7'}, {'id': 5778834313, 'qualifierId': 56, 'value': 'Center'}, {'id': 5778834589, 'qualifierId': 81}, {'id': 5778834309, 'qualifierId': 22}, {'id': 5785928603, 'qualifierId': 72}, {'id': 5778834611, 'qualifierId': 233, 'value': '515'}]",7p8n46qssxb0drknt952vivbo,K. Ascanio,,San Diego Wave,Home
2824013701,515,10,2,61,37,f1ks82wpiewyqs6h3oz9v4hzj,1,1.3,50.7,2025-06-23T03:29:38.857Z,2025-07-01T21:22:30Z,"[{'id': 5778834257, 'qualifierId': 56, 'value': 'Back'}, {'id': 5778834251, 'qualifierId': 173}, {'id': 5785928655, 'qualifierId': 378}, {'id': 5778834253, 'qualifierId': 178}, {'id': 5778834615, 'qualifierId': 233, 'value': '615'}, {'id': 5778834255, 'qualifierId': 182}]",d9dirjpaqkq3gga2zyeykcv6d,A. Kingsbury,,Washington Spirit,Away
2824013711,516,6,2,61,38,f1ks82wpiewyqs6h3oz9v4hzj,0,4.4,53.2,2025-06-23T03:29:39.825Z,2025-07-01T21:22:44Z,"[{'id': 5778834357, 'qualifierId': 233, 'value': '616'}, {'id': 5778834321, 'qualifierId': 56, 'value': 'Back'}, {'id': 5778834323, 'qualifierId': 73}]",d9dirjpaqkq3gga2zyeykcv6d,A. Kingsbury,,Washington Spirit,Away
2824013719,616,6,2,61,38,esvbnzqbyvxp2k570ez7h1a1g,1,95.6,46.8,2025-06-23T03:29:39.825Z,2025-06-23T03:34:44Z,"[{'id': 5778834343, 'qualifierId': 233, 'value': '516'}, {'id': 5778834327, 'qualifierId': 56, 'value': 'Center'}, {'id': 5778834329, 'qualifierId': 75}]",7p8n46qssxb0drknt952vivbo,K. Ascanio,,San Diego Wave,Home
2824013785,617,1,2,62,12,esvbnzqbyvxp2k570ez7h1a1g,0,99.7,0.5,2025-06-23T03:30:13.995Z,2025-07-01T21:22:39Z,"[{'id': 5778834763, 'qualifierId': 223}, {'id': 5785928713, 'qualifierId': 72}, {'id': 5778834761, 'qualifierId': 155}, {'id': 5778834769, 'qualifierId': 141, 'value': '42.8'}, {'id': 5778834765, 'qualifierId': 56, 'value': 'Center'}, {'id': 5778834759, 'qualifierId': 6}, {'id': 5778834771, 'qualifierId': 212, 'value': '29.0'}, {'id': 5778834773, 'qualifierId': 213, 'value': '1.71'}, {'id': 5778834757, 'qualifierId': 2}, {'id': 5778834767, 'qualifierId': 140, 'value': '95.9'}]",1he80t4tdvj86rbvng0956prd,M. Sánchez,,San Diego Wave,Home
2824013787,518,12,2,62,12,f1ks82wpiewyqs6h3oz9v4hzj,1,9.8,53.7,2025-06-23T03:30:14.777Z,2025-06-23T03:30:16Z,"[{'id': 5778834785, 'qualifierId': 15}, {'id': 5778834779, 'qualifierId': 141, 'value': '61.7'}, {'id': 5778834781, 'qualifierId': 212, 'value': '7.1'}, {'id': 5778834775, 'qualifierId': 56, 'value': 'Back'}, {'id': 5778834777, 'qualifierId': 140, 'value': '14.2'}, {'id': 5778834783, 'qualifierId': 213, 'value': '0.87'}]",27dktxivmcqmi1lkz1vs49qi2,T. McKeown,,Washington Spirit,Away
2824013789,519,12,2,62,14,f1ks82wpiewyqs6h3oz9v4hzj,1,14.2,61.7,2025-06-23T03:30:16.386Z,2025-06-23T03:30:18Z,"[{'id': 5778834795, 'qualifierId': 212, 'value': '11.2'}, {'id': 5778834797, 'qualifierId': 213, 'value': '4.70'}, {'id': 5778834789, 'qualifierId': 56, 'value': 'Back'}, {'id': 5778834793, 'qualifierId': 141, 'value': '45.2'}, {'id': 5778834799, 'qualifierId': 15}, {'id': 5778834791, 'qualifierId': 140, 'value': '14.1'}]",4wgwp2bd4xrjbg7s4p193aooa,C. Bethune,,Washington Spirit,Away
2824013791,520,61,2,62,16,f1ks82wpiewyqs6h3oz9v4hzj,0,14.1,45.2,2025-06-23T03:30:18.183Z,2025-06-23T03:31:00Z,"[{'id': 5778834801, 'qualifierId': 56, 'value': 'Back'}]",yay5mq8trvoxv9mwm4mqzn8q,G. Monday,,Washington Spirit,Away
2824013793,618,61,2,62,17,esvbnzqbyvxp2k570ez7h1a1g,1,85.4,42.4,2025-06-23T03:30:19.443Z,2025-06-23T03:30:19Z,"[{'id': 5778834803, 'qualifierId': 56, 'value': 'Center'}]",7p8n46qssxb0drknt952vivbo,K. Ascanio,,San Diego Wave,Home
2824013809,523,83,2,62,17,f1ks82wpiewyqs6h3oz9v4hzj,0,15.5,53.9,2025-06-23T03:30:19.547Z,2025-06-23T03:30:50Z,"[{'id': 5778834931, 'qualifierId': 399, 'value': '9ms54l53wseuxarpn4vfcx9g4'}]",yay5mq8trvoxv9mwm4mqzn8q,G. Monday,,Washington Spirit,Away
2824013795,619,1,2,62,18,esvbnzqbyvxp2k570ez7h1a1g,1,80.1,29.8,2025-06-23T03:30:20.601Z,2025-06-23T03:30:23Z,"[{'id': 5778834813, 'qualifierId': 141, 'value': '15.2'}, {'id': 5778834811, 'qualifierId': 140, 'value': '82.6'}, {'id': 5778834809, 'qualifierId': 56, 'value': 'Right'}, {'id': 5778834815, 'qualifierId': 212, 'value': '10.3'}, {'id': 5778834817, 'qualifierId': 213, 'value': '4.97'}]",9ms54l53wseuxarpn4vfcx9g4,T. Armstrong,,San Diego Wave,Home
2824013799,620,1,2,62,21,esvbnzqbyvxp2k570ez7h1a1g,1,82.6,12.9,2025-06-23T03:30:23.369Z,2025-07-01T21:23:04Z,"[{'id': 5778834861, 'qualifierId': 212, 'value': '38.0'}, {'id': 5778834863, 'qualifierId': 213, 'value': '1.36'}, {'id': 5778834855, 'qualifierId': 56, 'value': 'Center'}, {'id': 5778834851, 'qualifierId': 2}, {'id': 5778834859, 'qualifierId': 141, 'value': '67.6'}, {'id': 5778834865, 'qualifierId': 1}, {'id': 5778834853, 'qualifierId': 155}, {'id': 5785929085, 'qualifierId': 72}, {'id': 5778834857, 'qualifierId': 140, 'value': '90.1'}, {'id': 5785929083, 'qualifierId': 387}, {'id': 5785929081, 'qualifierId': 225}]",1he80t4tdvj86rbvng0956prd,M. Sánchez,,San Diego Wave,Home
2824013801,621,1,2,62,23,esvbnzqbyvxp2k570ez7h1a1g,0,89.8,68.8,2025-06-23T03:30:25.162Z,2025-06-23T03:35:09Z,"[{'id': 5778834877, 'qualifierId': 141, 'value': '54.3'}, {'id': 5778834881, 'qualifierId': 213, 'value': '4.75'}, {'id': 5778834875, 'qualifierId': 140, 'value': '90.2'}, {'id': 5778834879, 'qualifierId': 212, 'value': '9.9'}, {'id': 5778834871, 'qualifierId': 155}, {'id': 5778834873, 'qualifierId': 56, 'value': 'Center'}]",321yjdo3gio1l33hc1pdps4wl,A. Leon,,San Diego Wave,Home
2824013797,521,12,2,62,24,f1ks82wpiewyqs6h3oz9v4hzj,1,11.4,43.7,2025-06-23T03:30:26.590Z,2025-06-23T03:35:11Z,"[{'id': 5778834841, 'qualifierId': 56, 'value': 'Back'}, {'id': 5778834849, 'qualifierId': 213, 'value': '5.82'}, {'id': 5778834843, 'qualifierId': 140, 'value': '31.4'}, {'id': 5778834847, 'qualifierId': 212, 'value': '23.5'}, {'id': 5778834869, 'qualifierId': 15}, {'id': 5778834845, 'qualifierId': 141, 'value': '28.2'}]",4ullol3wa4qdi9ydgrxgxbcgl,C. Krueger,,Washington Spirit,Away
2824013803,622,1,2,62,28,esvbnzqbyvxp2k570ez7h1a1g,0,73.2,61.1,2025-06-23T03:30:30.105Z,2025-06-23T03:30:34Z,"[{'id': 5778834889, 'qualifierId': 141, 'value': '43.4'}, {'id': 5778834893, 'qualifierId': 213, 'value': '5.82'}, {'id': 5778834883, 'qualifierId': 155}, {'id': 5778834891, 'qualifierId': 212, 'value': '26.7'}, {'id': 5778834885, 'qualifierId': 56, 'value': 'Center'}, {'id': 5778834887, 'qualifierId': 140, 'value': '95.9'}, {'id': 5778834897, 'qualifierId': 4}]",auyj06nha2syoygo7prfadobu,H. Lundkvist,,San Diego Wave,Home
2824013807,522,52,2,62,31,f1ks82wpiewyqs6h3oz9v4hzj,1,4.4,55.1,2025-06-23T03:30:33.363Z,2025-07-01T21:23:38Z,"[{'id': 5785929291, 'qualifierId': 377}]",d9dirjpaqkq3gga2zyeykcv6d,A. Kingsbury,,Washington Spirit,Away
2824013815,524,1,2,62,52,f1ks82wpiewyqs6h3oz9v4hzj,1,15.5,57.7,2025-06-23T03:30:54.561Z,2025-06-23T03:31:13Z,"[{'id': 5778834947, 'qualifierId': 213, 'value': '1.11'}, {'id': 5778834939, 'qualifierId': 56, 'value': 'Back'}, {'id': 5778834997, 'qualifierId': 189}, {'id': 5778834945, 'qualifierId': 212, 'value': '14.3'}, {'id': 5778834937, 'qualifierId': 123}, {'id': 5778834943, 'qualifierId': 141, 'value': '76.5'}, {'id': 5778834941, 'qualifierId': 140, 'value': '21.5'}]",d9dirjpaqkq3gga2zyeykcv6d,A. Kingsbury,,Washington Spirit,Away
2824013817,525,61,2,62,53,f1ks82wpiewyqs6h3oz9v4hzj,1,23.6,78.5,2025-06-23T03:30:55.717Z,2025-06-23T03:31:18Z,"[{'id': 5778834951, 'qualifierId': 56, 'value': 'Back'}, {'id': 5778834953, 'qualifierId': 189}]",bo5e35lsptja0pnlvk1y38dex,E. Morgan,,Washington Spirit,Away
2824013823,623,49,2,62,55,esvbnzqbyvxp2k570ez7h1a1g,1,56.9,14.4,2025-06-23T03:30:56.985Z,2025-06-23T03:30:57Z,"[{'id': 5778834991, 'qualifierId': 189}]",auyj06nha2syoygo7prfadobu,H. Lundkvist,,San Diego Wave,Home
2824013829,624,1,2,62,56,esvbnzqbyvxp2k570ez7h1a1g,1,57.6,13.2,2025-06-23T03:30:58.185Z,2025-06-23T03:31:01Z,"[{'id': 5778835023, 'qualifierId': 213, 'value': '5.52'}, {'id': 5778835021, 'qualifierId': 212, 'value': '9.0'}, {'id': 5778835015, 'qualifierId': 56, 'value': 'Right'}, {'id': 5778835019, 'qualifierId': 141, 'value': '4.0'}, {'id': 5778835017, 'qualifierId': 140, 'value': '63.8'}]",auyj06nha2syoygo7prfadobu,H. Lundkvist,,San Diego Wave,Home
2824013839,625,1,2,62,59,esvbnzqbyvxp2k570ez7h1a1g,1,63.8,3.8,2025-06-23T03:31:01.624Z,2025-06-23T03:31:04Z,"[{'id': 5778835057, 'qualifierId': 56, 'value': 'Right'}, {'id': 5778835061, 'qualifierId': 141, 'value': '5.2'}, {'id': 5778835063, 'qualifierId': 212, 'value': '5.9'}, {'id': 5778835059, 'qualifierId': 140, 'value': '58.3'}, {'id': 5778835065, 'qualifierId': 213, 'value': '2.98'}]",1he80t4tdvj86rbvng0956prd,M. Sánchez,,San Diego Wave,Home
2824013845,626,1,2,63,0,esvbnzqbyvxp2k570ez7h1a1g,1,57.2,4.7,2025-06-23T03:31:02.184Z,2025-07-01T21:25:02Z,"[{'id': 5778835093, 'qualifierId': 140, 'value': '39.4'}, {'id': 5778835099, 'qualifierId': 213, 'value': '2.77'}, {'id': 5778835091, 'qualifierId': 56, 'value': 'Back'}, {'id': 5778835095, 'qualifierId': 141, 'value': '15.5'}, {'id': 5778835097, 'qualifierId': 212, 'value': '20.1'}]",auyj06nha2syoygo7prfadobu,H. Lundkvist,,San Diego Wave,Home
2825279005,902,1,2,63,1,esvbnzqbyvxp2k570ez7h1a1g,1,61.8,27.7,2025-06-23T03:31:03.293Z,2025-07-01T21:25:48Z,"[{'id': 5785929775, 'qualifierId': 212, 'value': '14.0'}, {'id': 5785929777, 'qualifierId': 213, 'value': '4.52'}, {'id': 5785929769, 'qualifierId': 56, 'value': 'Right'}, {'id': 5785929773, 'qualifierId': 141, 'value': '7.5'}, {'id': 5785929771, 'qualifierId': 140, 'value': '59.2'}]",dzfr9ktjmxqj2eh2xibt7konp,K. Dali,,San Diego Wave,Home
2825278995,901,1,2,63,2,esvbnzqbyvxp2k570ez7h1a1g,1,60.0,8.1,2025-06-23T03:31:04.612Z,2025-07-01T21:25:39Z,"[{'id': 5785929697, 'qualifierId': 56, 'value': 'Center'}, {'id': 5785929699, 'qualifierId': 140, 'value': '62.2'}, {'id': 5785929705, 'qualifierId': 213, 'value': '1.42'}, {'id': 5785929701, 'qualifierId': 141, 'value': '30.6'}, {'id': 5785929703, 'qualifierId': 212, 'value': '15.5'}]",auyj06nha2syoygo7prfadobu,H. Lundkvist,,San Diego Wave,Home
2824013859,627,1,2,63,7,esvbnzqbyvxp2k570ez7h1a1g,1,37.8,19.7,2025-06-23T03:31:09.001Z,2025-06-23T03:31:11Z,"[{'id': 5778835155, 'qualifierId': 141, 'value': '42.4'}, {'id': 5778835157, 'qualifierId': 212, 'value': '17.3'}, {'id': 5778835153, 'qualifierId': 140, 'value': '30.3'}, {'id': 5778835159, 'qualifierId': 213, 'value': '2.04'}, {'id': 5778835151, 'qualifierId': 56, 'value': 'Back'}]",9ms54l53wseuxarpn4vfcx9g4,T. Armstrong,,San Diego Wave,Home
2824013861,628,1,2,63,9,esvbnzqbyvxp2k570ez7h1a1g,1,30.0,48.5,2025-06-23T03:31:11.128Z,2025-06-23T03:31:13Z,"[{'id': 5778835175, 'qualifierId': 213, 'value': '1.03'}, {'id': 5778835167, 'qualifierId': 56, 'value': 'Back'}, {'id': 5778835173, 'qualifierId': 212, 'value': '13.0'}, {'id': 5778835169, 'qualifierId': 140, 'value': '36.4'}, {'id': 5778835171, 'qualifierId': 141, 'value': '64.9'}]",4yb9avzbrzt8m4c4h1yy98jbp,K. Sheridan,,San Diego Wave,Home
2824013871,629,1,2,63,12,esvbnzqbyvxp2k570ez7h1a1g,1,36.9,64.2,2025-06-23T03:31:13.914Z,2025-06-23T03:31:22Z,"[{'id': 5778835233, 'qualifierId': 140, 'value': '37.2'}, {'id': 5778835239, 'qualifierId': 213, 'value': '4.72'}, {'id': 5778835231, 'qualifierId': 56, 'value': 'Back'}, {'id': 5778835235, 'qualifierId': 141, 'value': '26.1'}, {'id': 5778835237, 'qualifierId': 212, 'value': '25.9'}]",6p2318moul9op4hmigk1xbaw9,K. McNabb,,San Diego Wave,Home
2824013873,630,1,2,63,20,esvbnzqbyvxp2k570ez7h1a1g,1,57.6,22.8,2025-06-23T03:31:22.313Z,2025-06-23T03:31:25Z,"[{'id': 5778835245, 'qualifierId': 56, 'value': 'Right'}, {'id': 5778835247, 'qualifierId': 140, 'value': '66.1'}, {'id': 5778835253, 'qualifierId': 213, 'value': '5.29'}, {'id': 5778835251, 'qualifierId': 212, 'value': '16.3'}, {'id': 5778835249, 'qualifierId': 141, 'value': '2.8'}]",9ms54l53wseuxarpn4vfcx9g4,T. Armstrong,,San Diego Wave,Home
2824013875,631,1,2,63,24,esvbnzqbyvxp2k570ez7h1a1g,1,65.9,2.8,2025-06-23T03:31:25.881Z,2025-06-23T03:31:27Z,"[{'id': 5778835259, 'qualifierId': 140, 'value': '69.1'}, {'id': 5778835265, 'qualifierId': 213, 'value': '0.68'}, {'id': 5778835261, 'qualifierId': 141, 'value': '6.8'}, {'id': 5778835263, 'qualifierId': 212, 'value': '4.3'}, {'id': 5778835257, 'qualifierId': 56, 'value': 'Right'}]",auyj06nha2syoygo7prfadobu,H. Lundkvist,,San Diego Wave,Home
2824013877,632,1,2,63,25,esvbnzqbyvxp2k570ez7h1a1g,1,69.2,7.7,2025-06-23T03:31:26.921Z,2025-07-01T21:27:17Z,"[{'id': 5778835275, 'qualifierId': 212, 'value': '3.6'}, {'id': 5778835271, 'qualifierId': 140, 'value': '66.5'}, {'id': 5778835273, 'qualifierId': 141, 'value': '11.0'}, {'id': 5778835277, 'qualifierId': 213, 'value': '2.47'}, {'id': 5785930043, 'qualifierId': 156}, {'id': 5778835269, 'qualifierId': 56, 'value': 'Right'}]",3gu9gaz6w7eq79qnaqj3b7jdh,D. Cascarino,,San Diego Wave,Home
2824013879,633,1,2,63,26,esvbnzqbyvxp2k570ez7h1a1g,1,65.9,24.6,2025-06-23T03:31:28.761Z,2025-06-23T03:31:31Z,"[{'id': 5778835285, 'qualifierId': 141, 'value': '38.8'}, {'id': 5778835287, 'qualifierId': 212, 'value': '10.3'}, {'id': 5778835283, 'qualifierId': 140, 'value': '62.4'}, {'id': 5778835281, 'qualifierId': 56, 'value': 'Center'}, {'id': 5778835289, 'qualifierId': 213, 'value': '1.93'}]",auyj06nha2syoygo7prfadobu,H. Lundkvist,,San Diego Wave,Home
2824013885,634,1,2,63,29,esvbnzqbyvxp2k570ez7h1a1g,1,64.1,44.6,2025-06-23T03:31:31.161Z,2025-06-23T03:31:34Z,"[{'id': 5778835329, 'qualifierId': 140, 'value': '64.8'}, {'id': 5778835333, 'qualifierId': 212, 'value': '22.6'}, {'id': 5778835331, 'qualifierId': 141, 'value': '77.8'}, {'id': 5778835327, 'qualifierId': 56, 'value': 'Center'}, {'id': 5778835335, 'qualifierId': 213, 'value': '1.54'}]",6h8t7apz5vzk0pjxo8hbbkfhm,S. McCaskill,,San Diego Wave,Home
2824013887,635,1,2,63,32,esvbnzqbyvxp2k570ez7h1a1g,1,66.3,79.4,2025-06-23T03:31:34.680Z,2025-06-23T03:31:39Z,"[{'id': 5778835357, 'qualifierId': 56, 'value': 'Center'}, {'id': 5778835365, 'qualifierId': 213, 'value': '5.52'}, {'id': 5778835359, 'qualifierId': 140, 'value': '69.5'}, {'id': 5778835363, 'qualifierId': 212, 'value': '4.6'}, {'id': 5778835361, 'qualifierId': 141, 'value': '74.7'}]",3x6baiktcpcjxxh258a5uebpx,P. Morroni,,San Diego Wave,Home
2824013889,636,1,2,63,37,esvbnzqbyvxp2k570ez7h1a1g,1,68.8,74.7,2025-06-23T03:31:39.226Z,2025-06-23T03:31:40Z,"[{'id': 5778835375, 'qualifierId': 212, 'value': '14.3'}, {'id': 5778835373, 'qualifierId': 141, 'value': '79.3'}, {'id': 5778835371, 'qualifierId': 140, 'value': '55.5'}, {'id': 5778835381, 'qualifierId': 156}, {'id': 5778835377, 'qualifierId': 213, 'value': '2.92'}, {'id': 5778835369, 'qualifierId': 56, 'value': 'Left'}]",7p8n46qssxb0drknt952vivbo,K. Ascanio,,San Diego Wave,Home
2824013891,637,1,2,63,39,esvbnzqbyvxp2k570ez7h1a1g,1,53.6,78.4,2025-06-23T03:31:41.737Z,2025-06-23T03:31:44Z,"[{'id': 5778835393, 'qualifierId': 213, 'value': '3.90'}, {'id': 5778835389, 'qualifierId': 141, 'value': '56.1'}, {'id': 5778835391, 'qualifierId': 212, 'value': '22.1'}, {'id': 5778835387, 'qualifierId': 140, 'value': '38.3'}, {'id': 5778835385, 'qualifierId': 56, 'value': 'Back'}]",6p2318moul9op4hmigk1xbaw9,K. McNabb,,San Diego Wave,Home
2824013897,638,1,2,63,43,esvbnzqbyvxp2k570ez7h1a1g,1,36.7,53.1,2025-06-23T03:31:44.873Z,2025-06-23T03:31:48Z,"[{'id': 5778835425, 'qualifierId': 140, 'value': '52.9'}, {'id': 5778835427, 'qualifierId': 141, 'value': '25.5'}, {'id': 5778835431, 'qualifierId': 213, 'value': '5.45'}, {'id': 5778835423, 'qualifierId': 56, 'value': 'Center'}, {'id': 5778835429, 'qualifierId': 212, 'value': '25.3'}]",4yb9avzbrzt8m4c4h1yy98jbp,K. Sheridan,,San Diego Wave,Home
2824013903,639,1,2,63,46,esvbnzqbyvxp2k570ez7h1a1g,1,55.2,27.1,2025-06-23T03:31:48.745Z,2025-06-23T03:31:50Z,"[{'id': 5778835461, 'qualifierId': 140, 'value': '32.6'}, {'id': 5778835463, 'qualifierId': 141, 'value': '47.8'}, {'id': 5778835467, 'qualifierId': 213, 'value': '2.61'}, {'id': 5778835459, 'qualifierId': 56, 'value': 'Back'}, {'id': 5778835465, 'qualifierId': 212, 'value': '27.6'}]",dzfr9ktjmxqj2eh2xibt7konp,K. Dali,,San Diego Wave,Home
2824013911,640,1,2,63,49,esvbnzqbyvxp2k570ez7h1a1g,1,32.9,48.7,2025-06-23T03:31:50.873Z,2025-06-23T03:31:53Z,"[{'id': 5778835497, 'qualifierId': 141, 'value': '30.6'}, {'id': 5778835501, 'qualifierId': 213, 'value': '5.08'}, {'id': 5778835495, 'qualifierId': 140, 'value': '37.4'}, {'id': 5778835493, 'qualifierId': 56, 'value': 'Back'}, {'id': 5778835499, 'qualifierId': 212, 'value': '13.2'}]",4yb9avzbrzt8m4c4h1yy98jbp,K. Sheridan,,San Diego Wave,Home
2824013917,641,1,2,63,51,esvbnzqbyvxp2k570ez7h1a1g,1,40.9,29.4,2025-06-23T03:31:53.273Z,2025-06-23T03:31:56Z,"[{'id': 5778835539, 'qualifierId': 140, 'value': '55.1'}, {'id': 5778835537, 'qualifierId': 56, 'value': 'Right'}, {'id': 5778835545, 'qualifierId': 213, 'value': '5.55'}, {'id': 5778835541, 'qualifierId': 141, 'value': '9.7'}, {'id': 5778835543, 'qualifierId': 212, 'value': '20.0'}]",9ms54l53wseuxarpn4vfcx9g4,T. Armstrong,,San Diego Wave,Home
2824013919,642,3,2,63,54,esvbnzqbyvxp2k570ez7h1a1g,0,58.5,14.6,2025-06-23T03:31:56.041Z,2025-07-01T22:22:16Z,"[{'id': 5785930079, 'qualifierId': 465}, {'id': 5778835549, 'qualifierId': 56, 'value': 'Right'}, {'id': 5785943851, 'qualifierId': 233, 'value': '526'}, {'id': 5778835817, 'qualifierId': 286}]",dzfr9ktjmxqj2eh2xibt7konp,K. Dali,,San Diego Wave,Home
2824013923,526,7,2,63,54,f1ks82wpiewyqs6h3oz9v4hzj,0,41.5,85.4,2025-06-23T03:31:56.042Z,2025-07-01T22:22:15Z,"[{'id': 5785930083, 'qualifierId': 383}, {'id': 5785943847, 'qualifierId': 233, 'value': '642'}, {'id': 5785930085, 'qualifierId': 178}, {'id': 5778835567, 'qualifierId': 285}, {'id': 5778835565, 'qualifierId': 56, 'value': 'Back'}]",1jlc387u7fdpnnus9nlsb179w,R. Kouassi,,Washington Spirit,Away
2824013931,644,1,2,64,2,esvbnzqbyvxp2k570ez7h1a1g,1,73.6,63.7,2025-06-23T03:32:04.281Z,2025-06-23T03:32:07Z,"[{'id': 5778835657, 'qualifierId': 213, 'value': '0.24'}, {'id': 5778835655, 'qualifierId': 212, 'value': '15.4'}, {'id': 5778835649, 'qualifierId': 56, 'value': 'Center'}, {'id': 5778835651, 'qualifierId': 140, 'value': '87.9'}, {'id': 5778835653, 'qualifierId': 141, 'value': '69.0'}]",dzfr9ktjmxqj2eh2xibt7konp,K. Dali,,San Diego Wave,Home
2824013933,645,1,2,64,3,esvbnzqbyvxp2k570ez7h1a1g,0,91.8,70.3,2025-06-23T03:32:05.241Z,2025-06-23T03:33:03Z,"[{'id': 5778835669, 'qualifierId': 213, 'value': '4.11'}, {'id': 5778835661, 'qualifierId': 56, 'value': 'Center'}, {'id': 5778835663, 'qualifierId': 140, 'value': '91.0'}, {'id': 5778835667, 'qualifierId': 212, 'value': '1.5'}, {'id': 5778835665, 'qualifierId': 141, 'value': '68.5'}]",3x6baiktcpcjxxh258a5uebpx,P. Morroni,,San Diego Wave,Home
2824013937,527,61,2,64,4,f1ks82wpiewyqs6h3oz9v4hzj,1,7.1,27.1,2025-06-23T03:32:06.013Z,2025-06-23T03:33:04Z,"[{'id': 5778835683, 'qualifierId': 56, 'value': 'Back'}]",27dktxivmcqmi1lkz1vs49qi2,T. McKeown,,Washington Spirit,Away
2824013945,646,1,2,64,9,esvbnzqbyvxp2k570ez7h1a1g,0,98.5,63.7,2025-06-23T03:32:11.114Z,2025-06-23T03:32:42Z,"[{'id': 5778835695, 'qualifierId': 140, 'value': '98.1'}, {'id': 5778835947, 'qualifierId': 236}, {'id': 5778835701, 'qualifierId': 213, 'value': '4.05'}, {'id': 5778835953, 'qualifierId': 286}, {'id': 5778835693, 'qualifierId': 56, 'value': 'Center'}, {'id': 5778835699, 'qualifierId': 212, 'value': '0.7'}, {'id': 5778835697, 'qualifierId': 141, 'value': '62.9'}, {'id': 5778835957, 'qualifierId': 233, 'value': '528'}, {'id': 5778835749, 'qualifierId': 195}]",7p8n46qssxb0drknt952vivbo,K. Ascanio,,San Diego Wave,Home
2824013947,528,74,2,64,9,f1ks82wpiewyqs6h3oz9v4hzj,1,2.3,40.1,2025-06-23T03:32:11.115Z,2025-06-23T03:33:03Z,"[{'id': 5778835703, 'qualifierId': 56, 'value': 'Back'}, {'id': 5778836247, 'qualifierId': 233, 'value': '646'}, {'id': 5778835705, 'qualifierId': 285}]",bo5e35lsptja0pnlvk1y38dex,E. Morgan,,Washington Spirit,Away
2824013951,529,6,2,64,10,f1ks82wpiewyqs6h3oz9v4hzj,0,2.2,39.0,2025-06-23T03:32:12.393Z,2025-07-01T21:29:42Z,"[{'id': 5778835737, 'qualifierId': 73}, {'id': 5778835735, 'qualifierId': 56, 'value': 'Back'}, {'id': 5778835743, 'qualifierId': 233, 'value': '647'}]",bo5e35lsptja0pnlvk1y38dex,E. Morgan,,Washington Spirit,Away
2824013949,647,6,2,64,10,esvbnzqbyvxp2k570ez7h1a1g,1,97.8,61.0,2025-06-23T03:32:12.393Z,2025-06-23T03:34:44Z,"[{'id': 5778835729, 'qualifierId': 56, 'value': 'Center'}, {'id': 5778835739, 'qualifierId': 233, 'value': '529'}, {'id': 5778835731, 'qualifierId': 73}]",7p8n46qssxb0drknt952vivbo,K. Ascanio,,San Diego Wave,Home
2824013977,648,1,2,64,41,esvbnzqbyvxp2k570ez7h1a1g,0,99.5,99.5,2025-06-23T03:32:43.802Z,2025-07-01T21:29:46Z,"[{'id': 5778836035, 'qualifierId': 212, 'value': '30.2'}, {'id': 5785930213, 'qualifierId': 20}, {'id': 5778836033, 'qualifierId': 141, 'value': '55.4'}, {'id': 5778836027, 'qualifierId': 223}, {'id': 5778836031, 'qualifierId': 140, 'value': '95.9'}, {'id': 5778836023, 'qualifierId': 6}, {'id': 5778836021, 'qualifierId': 2}, {'id': 5778836037, 'qualifierId': 213, 'value': '4.59'}, {'id': 5778836029, 'qualifierId': 56, 'value': 'Center'}, {'id': 5778836025, 'qualifierId': 155}]",6h8t7apz5vzk0pjxo8hbbkfhm,S. McCaskill,,San Diego Wave,Home
2824013973,530,44,2,64,48,f1ks82wpiewyqs6h3oz9v4hzj,1,4.6,42.0,2025-06-23T03:32:49.975Z,2025-06-23T03:34:47Z,"[{'id': 5778836007, 'qualifierId': 285}, {'id': 5778836005, 'qualifierId': 56, 'value': 'Back'}, {'id': 5778836065, 'qualifierId': 233, 'value': '649'}]",coy005g9noltjta4ka7utllp0,H. Hershfelt,,Washington Spirit,Away
2824013981,649,44,2,64,48,esvbnzqbyvxp2k570ez7h1a1g,0,95.4,58.0,2025-06-23T03:32:49.976Z,2025-06-23T03:34:47Z,"[{'id': 5778836055, 'qualifierId': 56, 'value': 'Center'}, {'id': 5778836057, 'qualifierId': 286}, {'id': 5778836091, 'qualifierId': 233, 'value': '530'}]",3gu9gaz6w7eq79qnaqj3b7jdh,D. Cascarino,,San Diego Wave,Home
2824013975,531,12,2,64,48,f1ks82wpiewyqs6h3oz9v4hzj,1,5.3,37.6,2025-06-23T03:32:50.225Z,2025-06-23T03:32:52Z,"[{'id': 5778836059, 'qualifierId': 167}, {'id': 5778836017, 'qualifierId': 213, 'value': '4.36'}, {'id': 5778836009, 'qualifierId': 56, 'value': 'Back'}, {'id': 5778836019, 'qualifierId': 15}, {'id': 5778836011, 'qualifierId': 140, 'value': '0.0'}, {'id': 5778836013, 'qualifierId': 141, 'value': '9.7'}, {'id': 5778836015, 'qualifierId': 212, 'value': '20.2'}]",coy005g9noltjta4ka7utllp0,H. Hershfelt,,Washington Spirit,Away
2824013983,532,6,2,64,49,f1ks82wpiewyqs6h3oz9v4hzj,0,0.8,23.6,2025-06-23T03:32:51.201Z,2025-07-01T21:30:26Z,"[{'id': 5778836061, 'qualifierId': 56, 'value': 'Back'}, {'id': 5778836063, 'qualifierId': 73}, {'id': 5778836105, 'qualifierId': 233, 'value': '650'}]",coy005g9noltjta4ka7utllp0,H. Hershfelt,,Washington Spirit,Away
2824013985,650,6,2,64,49,esvbnzqbyvxp2k570ez7h1a1g,1,99.2,76.4,2025-06-23T03:32:51.201Z,2025-06-23T03:32:58Z,"[{'id': 5778836071, 'qualifierId': 73}, {'id': 5778836095, 'qualifierId': 233, 'value': '532'}, {'id': 5778836069, 'qualifierId': 56, 'value': 'Center'}]",3gu9gaz6w7eq79qnaqj3b7jdh,D. Cascarino,,San Diego Wave,Home
2824014037,651,1,2,65,5,esvbnzqbyvxp2k570ez7h1a1g,0,99.5,99.5,2025-06-23T03:33:07.818Z,2025-07-01T21:30:29Z,"[{'id': 5778836323, 'qualifierId': 6}, {'id': 5778836321, 'qualifierId': 2}, {'id': 5778836329, 'qualifierId': 56, 'value': 'Center'}, {'id': 5778836337, 'qualifierId': 213, 'value': '4.57'}, {'id': 5778836325, 'qualifierId': 155}, {'id': 5778836335, 'qualifierId': 212, 'value': '28.2'}, {'id': 5778836333, 'qualifierId': 141, 'value': '58.4'}, {'id': 5785930229, 'qualifierId': 20}, {'id': 5778836327, 'qualifierId': 223}, {'id': 5778836331, 'qualifierId': 140, 'value': '95.7'}]",6h8t7apz5vzk0pjxo8hbbkfhm,S. McCaskill,,San Diego Wave,Home
2824014041,533,12,2,65,8,f1ks82wpiewyqs6h3oz9v4hzj,1,3.5,41.0,2025-06-23T03:33:10.439Z,2025-06-23T03:33:13Z,"[{'id': 5778836353, 'qualifierId': 56, 'value': 'Back'}, {'id': 5778836359, 'qualifierId': 212, 'value': '16.3'}, {'id': 5778836375, 'qualifierId': 15}, {'id': 5778836355, 'qualifierId': 140, 'value': '15.0'}, {'id': 5778836361, 'qualifierId': 213, 'value': '5.55'}, {'id': 5778836357, 'qualifierId': 141, 'value': '24.9'}]",coy005g9noltjta4ka7utllp0,H. Hershfelt,,Washington Spirit,Away
2824014049,534,49,2,65,11,f1ks82wpiewyqs6h3oz9v4hzj,1,13.1,22.8,2025-06-23T03:33:12.962Z,2025-06-23T03:33:13Z,[],1jlc387u7fdpnnus9nlsb179w,R. Kouassi,,Washington Spirit,Away
2824014055,535,3,2,65,12,f1ks82wpiewyqs6h3oz9v4hzj,1,14.2,16.1,2025-06-23T03:33:14.664Z,2025-07-01T21:30:45Z,"[{'id': 5785930237, 'qualifierId': 464}, {'id': 5778836431, 'qualifierId': 233, 'value': '652'}, {'id': 5778836427, 'qualifierId': 56, 'value': 'Back'}, {'id': 5778836429, 'qualifierId': 285}]",1jlc387u7fdpnnus9nlsb179w,R. Kouassi,,Washington Spirit,Away
2824014053,652,45,2,65,12,esvbnzqbyvxp2k570ez7h1a1g,0,85.8,83.9,2025-06-23T03:33:14.664Z,2025-06-23T03:34:46Z,"[{'id': 5778836421, 'qualifierId': 56, 'value': 'Left'}, {'id': 5778836423, 'qualifierId': 286}, {'id': 5778836435, 'qualifierId': 233, 'value': '535'}]",6p2318moul9op4hmigk1xbaw9,K. McNabb,,San Diego Wave,Home
2824014059,536,1,2,65,13,f1ks82wpiewyqs6h3oz9v4hzj,0,15.8,10.3,2025-06-23T03:33:15.758Z,2025-06-23T03:33:17Z,"[{'id': 5778836459, 'qualifierId': 212, 'value': '12.2'}, {'id': 5778836453, 'qualifierId': 56, 'value': 'Back'}, {'id': 5778836457, 'qualifierId': 141, 'value': '15.2'}, {'id': 5778836461, 'qualifierId': 213, 'value': '0.28'}, {'id': 5778836455, 'qualifierId': 140, 'value': '27.0'}]",1jlc387u7fdpnnus9nlsb179w,R. Kouassi,,Washington Spirit,Away
2824014061,653,49,2,65,17,esvbnzqbyvxp2k570ez7h1a1g,1,69.7,80.3,2025-06-23T03:33:18.970Z,2025-06-23T03:33:19Z,[],3x6baiktcpcjxxh258a5uebpx,P. Morroni,,San Diego Wave,Home
2824014073,654,1,2,65,19,esvbnzqbyvxp2k570ez7h1a1g,1,71.5,79.1,2025-06-23T03:33:21.002Z,2025-06-23T03:33:26Z,"[{'id': 5778836535, 'qualifierId': 141, 'value': '92.0'}, {'id': 5778836533, 'qualifierId': 140, 'value': '98.7'}, {'id': 5778836539, 'qualifierId': 213, 'value': '0.30'}, {'id': 5778836531, 'qualifierId': 56, 'value': 'Left'}, {'id': 5778836537, 'qualifierId': 212, 'value': '29.9'}]",3x6baiktcpcjxxh258a5uebpx,P. Morroni,,San Diego Wave,Home
2824014085,655,1,2,65,24,esvbnzqbyvxp2k570ez7h1a1g,1,97.9,93.5,2025-06-23T03:33:25.961Z,2025-06-23T03:33:30Z,"[{'id': 5778836597, 'qualifierId': 140, 'value': '89.1'}, {'id': 5778836595, 'qualifierId': 56, 'value': 'Left'}, {'id': 5778836599, 'qualifierId': 141, 'value': '91.7'}, {'id': 5778836603, 'qualifierId': 213, 'value': '3.27'}, {'id': 5778836601, 'qualifierId': 212, 'value': '9.3'}]",6h8t7apz5vzk0pjxo8hbbkfhm,S. McCaskill,,San Diego Wave,Home
2824014091,656,1,2,65,28,esvbnzqbyvxp2k570ez7h1a1g,1,87.6,92.1,2025-06-23T03:33:30.330Z,2025-06-23T03:33:33Z,"[{'id': 5778836633, 'qualifierId': 140, 'value': '92.8'}, {'id': 5778836639, 'qualifierId': 213, 'value': '0.17'}, {'id': 5778836631, 'qualifierId': 56, 'value': 'Left'}, {'id': 5778836635, 'qualifierId': 141, 'value': '93.5'}, {'id': 5778836637, 'qualifierId': 212, 'value': '5.5'}]",dzfr9ktjmxqj2eh2xibt7konp,K. Dali,,San Diego Wave,Home
2824014097,657,1,2,65,31,esvbnzqbyvxp2k570ez7h1a1g,1,92.8,93.5,2025-06-23T03:33:32.921Z,2025-06-23T03:33:36Z,"[{'id': 5778836685, 'qualifierId': 213, 'value': '4.05'}, {'id': 5778836679, 'qualifierId': 140, 'value': '90.5'}, {'id': 5778836681, 'qualifierId': 141, 'value': '88.9'}, {'id': 5778836677, 'qualifierId': 56, 'value': 'Left'}, {'id': 5778836683, 'qualifierId': 212, 'value': '4.0'}]",6h8t7apz5vzk0pjxo8hbbkfhm,S. McCaskill,,San Diego Wave,Home
2824014103,658,1,2,65,33,esvbnzqbyvxp2k570ez7h1a1g,1,89.9,88.9,2025-06-23T03:33:35.753Z,2025-06-23T03:33:38Z,"[{'id': 5778836713, 'qualifierId': 56, 'value': 'Left'}, {'id': 5778836719, 'qualifierId': 212, 'value': '5.6'}, {'id': 5778836715, 'qualifierId': 140, 'value': '84.8'}, {'id': 5778836721, 'qualifierId': 213, 'value': '2.82'}, {'id': 5778836717, 'qualifierId': 141, 'value': '91.5'}]",3gu9gaz6w7eq79qnaqj3b7jdh,D. Cascarino,,San Diego Wave,Home
2824014109,659,1,2,65,36,esvbnzqbyvxp2k570ez7h1a1g,0,81.7,90.6,2025-06-23T03:33:38.137Z,2025-07-01T21:31:24Z,"[{'id': 5778836755, 'qualifierId': 140, 'value': '89.5'}, {'id': 5778836761, 'qualifierId': 213, 'value': '5.04'}, {'id': 5785930275, 'qualifierId': 20}, {'id': 5778836753, 'qualifierId': 56, 'value': 'Center'}, {'id': 5778836751, 'qualifierId': 155}, {'id': 5778836759, 'qualifierId': 212, 'value': '25.1'}, {'id': 5785930273, 'qualifierId': 223}, {'id': 5778836757, 'qualifierId': 141, 'value': '55.7'}, {'id': 5778836749, 'qualifierId': 2}]",6h8t7apz5vzk0pjxo8hbbkfhm,S. McCaskill,,San Diego Wave,Home
2824014111,537,44,2,65,39,f1ks82wpiewyqs6h3oz9v4hzj,1,10.8,45.0,2025-06-23T03:33:41.320Z,2025-06-23T03:33:43Z,"[{'id': 5778836767, 'qualifierId': 285}, {'id': 5778836765, 'qualifierId': 56, 'value': 'Back'}, {'id': 5778836821, 'qualifierId': 233, 'value': '660'}]",27dktxivmcqmi1lkz1vs49qi2,T. McKeown,,Washington Spirit,Away
2824014113,660,44,2,65,39,esvbnzqbyvxp2k570ez7h1a1g,0,89.2,55.0,2025-06-23T03:33:41.321Z,2025-06-23T03:33:44Z,"[{'id': 5778836845, 'qualifierId': 233, 'value': '537'}, {'id': 5778836769, 'qualifierId': 56, 'value': 'Center'}, {'id': 5778836771, 'qualifierId': 286}]",9ms54l53wseuxarpn4vfcx9g4,T. Armstrong,,San Diego Wave,Home
2824014115,538,12,2,65,39,f1ks82wpiewyqs6h3oz9v4hzj,1,13.5,44.2,2025-06-23T03:33:41.664Z,2025-06-23T03:34:56Z,"[{'id': 5778836779, 'qualifierId': 212, 'value': '2.6'}, {'id': 5778836773, 'qualifierId': 56, 'value': 'Back'}, {'id': 5778836795, 'qualifierId': 15}, {'id': 5778836777, 'qualifierId': 141, 'value': '44.4'}, {'id': 5778836781, 'qualifierId': 213, 'value': '3.09'}, {'id': 5778836775, 'qualifierId': 140, 'value': '11.0'}]",27dktxivmcqmi1lkz1vs49qi2,T. McKeown,,Washington Spirit,Away
2824014219,547,61,2,65,40,f1ks82wpiewyqs6h3oz9v4hzj,1,11.5,47.2,2025-06-23T03:33:42.216Z,2025-06-23T03:35:10Z,"[{'id': 5778837385, 'qualifierId': 56, 'value': 'Back'}]",4ullol3wa4qdi9ydgrxgxbcgl,C. Krueger,,Washington Spirit,Away
2824014125,539,52,2,65,41,f1ks82wpiewyqs6h3oz9v4hzj,1,3.3,55.8,2025-06-23T03:33:43.211Z,2025-07-01T21:31:40Z,"[{'id': 5785930285, 'qualifierId': 376}]",d9dirjpaqkq3gga2zyeykcv6d,A. Kingsbury,,Washington Spirit,Away
2824014129,540,43,2,65,41,f1ks82wpiewyqs6h3oz9v4hzj,1,0.0,0.0,2025-06-23T03:33:43.336Z,2025-06-23T03:34:44Z,"[{'id': 5778837317, 'qualifierId': 144, 'value': '52'}]",d9dirjpaqkq3gga2zyeykcv6d,A. Kingsbury,,Washington Spirit,Away
2824014133,541,27,2,65,44,f1ks82wpiewyqs6h3oz9v4hzj,1,0.0,0.0,2025-06-23T03:33:46.647Z,2025-06-23T03:33:50Z,"[{'id': 5778836871, 'qualifierId': 41, 'value': 'Injury'}, {'id': 5778836933, 'qualifierId': 233, 'value': '661'}, {'id': 5778836873, 'qualifierId': 53, 'value': '27dktxivmcqmi1lkz1vs49qi2'}]",,,,Washington Spirit,Away
2824014137,661,27,2,65,44,esvbnzqbyvxp2k570ez7h1a1g,1,0.0,0.0,2025-06-23T03:33:46.647Z,2025-06-23T03:33:49Z,"[{'id': 5778836923, 'qualifierId': 233, 'value': '541'}]",,,,San Diego Wave,Home
2824014187,542,18,2,66,20,f1ks82wpiewyqs6h3oz9v4hzj,1,0.0,0.0,2025-06-23T03:34:21.944Z,2025-06-23T03:34:22Z,"[{'id': 5778837181, 'qualifierId': 59, 'value': '3'}, {'id': 5778837177, 'qualifierId': 42}, {'id': 5778837209, 'qualifierId': 55, 'value': '543'}, {'id': 5778837179, 'qualifierId': 44, 'value': 'Defender'}]",4ullol3wa4qdi9ydgrxgxbcgl,C. Krueger,,Washington Spirit,Away
2824014189,543,19,2,66,20,f1ks82wpiewyqs6h3oz9v4hzj,1,0.0,0.0,2025-06-23T03:34:21.945Z,2025-06-23T03:44:38Z,"[{'id': 5778837187, 'qualifierId': 145, 'value': '3'}, {'id': 5778842515, 'qualifierId': 292, 'value': '3'}, {'id': 5778837191, 'qualifierId': 44, 'value': 'Defender'}, {'id': 5778837183, 'qualifierId': 42}, {'id': 5778837193, 'qualifierId': 55, 'value': '542'}, {'id': 5778842517, 'qualifierId': 293, 'value': '2'}, {'id': 5778837189, 'qualifierId': 59, 'value': '25'}]",8jc8ndxlodfrhxxao3k1fknbo,K. Sylla,,Washington Spirit,Away
2824014197,544,18,2,66,28,f1ks82wpiewyqs6h3oz9v4hzj,1,0.0,0.0,2025-06-23T03:34:29.849Z,2025-06-23T03:34:30Z,"[{'id': 5778837243, 'qualifierId': 59, 'value': '8'}, {'id': 5778837239, 'qualifierId': 42}, {'id': 5778837259, 'qualifierId': 55, 'value': '545'}, {'id': 5778837241, 'qualifierId': 44, 'value': 'Forward'}]",73q03evwuq5rdm7scz31yj4a2,M. Morris,,Washington Spirit,Away
2824014199,545,19,2,66,28,f1ks82wpiewyqs6h3oz9v4hzj,1,0.0,0.0,2025-06-23T03:34:29.850Z,2025-06-23T03:43:56Z,"[{'id': 5778837255, 'qualifierId': 55, 'value': '544'}, {'id': 5778837245, 'qualifierId': 42}, {'id': 5778837253, 'qualifierId': 44, 'value': 'Midfielder'}, {'id': 5778842025, 'qualifierId': 292, 'value': '6'}, {'id': 5778842027, 'qualifierId': 293, 'value': '1'}, {'id': 5778837249, 'qualifierId': 145, 'value': '11'}, {'id': 5778837251, 'qualifierId': 59, 'value': '16'}]",4h6jpaeqynme21y5gnho24ob8,C. Brown,,Washington Spirit,Away
2824014325,559,40,2,66,29,f1ks82wpiewyqs6h3oz9v4hzj,1,0.0,0.0,2025-06-23T03:34:31.070Z,2025-06-23T03:37:29Z,"[{'id': 5778837911, 'qualifierId': 59, 'value': '1, 25, 14, 17, 9, 24, 19, 4, 21, 7, 16, 28, 6, 13, 22, 39'}, {'id': 5778837913, 'qualifierId': 130, 'value': '6'}, {'id': 5778837907, 'qualifierId': 30, 'value': 'd9dirjpaqkq3gga2zyeykcv6d, 8jc8ndxlodfrhxxao3k1fknbo, en29qfiuu01nsmekoqhycjo45, coy005g9noltjta4ka7utllp0, 27dktxivmcqmi1lkz1vs49qi2, bo5e35lsptja0pnlvk1y38dex, 1jlc387u7fdpnnus9nlsb179w, 1v67tba1l3sxow1geovdqefo5, yay5mq8trvoxv9mwm4mqzn8q, 4wgwp2bd4xrjbg7s4p193aooa, 4h6jpaeqynme21y5gnho24ob8, 6vqain7mmp94wueprv9aj5xp1, 1za1zeyvqpbqjb1jw3sx4de5l, 42vdmyzhg3m7or9duzcuwkusp, bz6tei03n7cj4mbdsx20wd0yc, as2gs38ai4i235sz36rmvpa1g'}, {'id': 5778837917, 'qualifierId': 194, 'value': 'd9dirjpaqkq3gga2zyeykcv6d'}, {'id': 5778837909, 'qualifierId': 44, 'value': '1, 2, 2, 3, 2, 2, 3, 3, 4, 4, 3, 5, 5, 5, 5, 5'}, {'id': 5778837915, 'qualifierId': 131, 'value': '1, 2, 3, 4, 5, 6, 7, 8, 9, 10, 11, 0, 0, 0, 0, 0'}]",,,,Washington Spirit,Away
2824014205,546,28,2,66,34,f1ks82wpiewyqs6h3oz9v4hzj,1,0.0,0.0,2025-06-23T03:34:36.722Z,2025-06-23T03:34:37Z,"[{'id': 5778837287, 'qualifierId': 233, 'value': '662'}, {'id': 5778837279, 'qualifierId': 55, 'value': '541'}]",,,,Washington Spirit,Away
2824014203,662,28,2,66,34,esvbnzqbyvxp2k570ez7h1a1g,1,0.0,0.0,2025-06-23T03:34:36.722Z,2025-06-23T03:34:37Z,"[{'id': 5778837283, 'qualifierId': 233, 'value': '546'}, {'id': 5778837275, 'qualifierId': 55, 'value': '661'}]",,,,San Diego Wave,Home
2824014233,548,68,2,67,18,f1ks82wpiewyqs6h3oz9v4hzj,1,12.4,51.5,2025-06-23T03:35:20.603Z,2025-06-23T03:35:20Z,[],,,,Washington Spirit,Away
2824014237,664,68,2,67,19,esvbnzqbyvxp2k570ez7h1a1g,0,87.4,39.2,2025-06-23T03:35:21.467Z,2025-06-23T03:35:22Z,[],,,,San Diego Wave,Home
2824014255,549,52,2,67,28,f1ks82wpiewyqs6h3oz9v4hzj,1,11.5,50.6,2025-06-23T03:35:30.313Z,2025-07-01T21:32:17Z,"[{'id': 5785930305, 'qualifierId': 376}]",d9dirjpaqkq3gga2zyeykcv6d,A. Kingsbury,,Washington Spirit,Away
2824014265,550,1,2,67,36,f1ks82wpiewyqs6h3oz9v4hzj,1,14.8,40.1,2025-06-23T03:35:38.249Z,2025-06-23T03:35:41Z,"[{'id': 5778837607, 'qualifierId': 213, 'value': '5.96'}, {'id': 5778837597, 'qualifierId': 199}, {'id': 5778837605, 'qualifierId': 212, 'value': '47.7'}, {'id': 5778837609, 'qualifierId': 1}, {'id': 5778837601, 'qualifierId': 140, 'value': '57.9'}, {'id': 5778837603, 'qualifierId': 141, 'value': '17.9'}, {'id': 5778837599, 'qualifierId': 56, 'value': 'Right'}]",d9dirjpaqkq3gga2zyeykcv6d,A. Kingsbury,,Washington Spirit,Away
2824014269,551,44,2,67,39,f1ks82wpiewyqs6h3oz9v4hzj,1,59.0,15.6,2025-06-23T03:35:41.450Z,2025-06-23T03:35:43Z,"[{'id': 5778837619, 'qualifierId': 286}, {'id': 5778837621, 'qualifierId': 233, 'value': '665'}, {'id': 5778837617, 'qualifierId': 56, 'value': 'Right'}]",1jlc387u7fdpnnus9nlsb179w,R. Kouassi,,Washington Spirit,Away
2824014267,665,44,2,67,39,esvbnzqbyvxp2k570ez7h1a1g,0,41.0,84.4,2025-06-23T03:35:41.451Z,2025-06-23T03:35:44Z,"[{'id': 5778837615, 'qualifierId': 285}, {'id': 5778837641, 'qualifierId': 233, 'value': '551'}, {'id': 5778837613, 'qualifierId': 56, 'value': 'Back'}]",3x6baiktcpcjxxh258a5uebpx,P. Morroni,,San Diego Wave,Home
2824014279,552,1,2,67,39,f1ks82wpiewyqs6h3oz9v4hzj,0,57.9,17.9,2025-06-23T03:35:41.623Z,2025-06-23T03:35:44Z,"[{'id': 5778837673, 'qualifierId': 140, 'value': '59.3'}, {'id': 5778837669, 'qualifierId': 168}, {'id': 5778837679, 'qualifierId': 213, 'value': '0.00'}, {'id': 5778837671, 'qualifierId': 56, 'value': 'Right'}, {'id': 5778837675, 'qualifierId': 141, 'value': '17.9'}, {'id': 5778837667, 'qualifierId': 3}, {'id': 5778837677, 'qualifierId': 212, 'value': '1.5'}]",1jlc387u7fdpnnus9nlsb179w,R. Kouassi,,Washington Spirit,Away
2824014273,666,61,2,67,40,esvbnzqbyvxp2k570ez7h1a1g,1,40.2,85.9,2025-06-23T03:35:42.202Z,2025-06-23T03:35:42Z,"[{'id': 5778837637, 'qualifierId': 56, 'value': 'Back'}]",3x6baiktcpcjxxh258a5uebpx,P. Morroni,,San Diego Wave,Home
2824014283,553,50,2,67,42,f1ks82wpiewyqs6h3oz9v4hzj,1,62.2,19.0,2025-06-23T03:35:44.248Z,2025-07-01T22:22:16Z,"[{'id': 5785943863, 'qualifierId': 233, 'value': '667'}, {'id': 5778837695, 'qualifierId': 56, 'value': 'Right'}, {'id': 5778837697, 'qualifierId': 286}]",yay5mq8trvoxv9mwm4mqzn8q,G. Monday,,Washington Spirit,Away
2824014287,667,7,2,67,42,esvbnzqbyvxp2k570ez7h1a1g,0,37.8,81.0,2025-06-23T03:35:44.249Z,2025-07-01T22:22:16Z,"[{'id': 5785930319, 'qualifierId': 178}, {'id': 5778837701, 'qualifierId': 56, 'value': 'Back'}, {'id': 5778837703, 'qualifierId': 285}, {'id': 5785943855, 'qualifierId': 233, 'value': '553'}, {'id': 5785930317, 'qualifierId': 384}]",7p8n46qssxb0drknt952vivbo,K. Ascanio,,San Diego Wave,Home
2824014285,554,43,2,67,43,f1ks82wpiewyqs6h3oz9v4hzj,1,0.0,0.0,2025-06-23T03:35:45.029Z,2025-07-01T21:32:36Z,"[{'id': 5778837699, 'qualifierId': 56, 'value': 'Right'}, {'id': 5785930311, 'qualifierId': 144, 'value': '61'}]",yay5mq8trvoxv9mwm4mqzn8q,G. Monday,,Washington Spirit,Away
2824014297,555,1,2,67,44,f1ks82wpiewyqs6h3oz9v4hzj,1,58.9,24.0,2025-06-23T03:35:45.997Z,2025-06-23T03:35:52Z,"[{'id': 5778837761, 'qualifierId': 212, 'value': '14.9'}, {'id': 5778837757, 'qualifierId': 140, 'value': '70.1'}, {'id': 5778837755, 'qualifierId': 56, 'value': 'Right'}, {'id': 5778837763, 'qualifierId': 213, 'value': '5.62'}, {'id': 5778837759, 'qualifierId': 141, 'value': '10.6'}]",coy005g9noltjta4ka7utllp0,H. Hershfelt,,Washington Spirit,Away
2824014303,556,1,2,67,50,f1ks82wpiewyqs6h3oz9v4hzj,1,86.9,13.1,2025-06-23T03:35:52.511Z,2025-06-23T03:35:55Z,"[{'id': 5778837799, 'qualifierId': 140, 'value': '88.6'}, {'id': 5778837801, 'qualifierId': 141, 'value': '6.5'}, {'id': 5778837803, 'qualifierId': 212, 'value': '4.8'}, {'id': 5778837805, 'qualifierId': 213, 'value': '5.09'}, {'id': 5778837797, 'qualifierId': 56, 'value': 'Right'}]",1jlc387u7fdpnnus9nlsb179w,R. Kouassi,,Washington Spirit,Away
2824014309,557,1,2,67,53,f1ks82wpiewyqs6h3oz9v4hzj,0,91.9,10.4,2025-06-23T03:35:54.980Z,2025-07-01T21:33:02Z,"[{'id': 5778837835, 'qualifierId': 141, 'value': '42.8'}, {'id': 5778837827, 'qualifierId': 2}, {'id': 5778837839, 'qualifierId': 213, 'value': '1.39'}, {'id': 5778837831, 'qualifierId': 56, 'value': 'Center'}, {'id': 5778837833, 'qualifierId': 140, 'value': '95.7'}, {'id': 5785930327, 'qualifierId': 224}, {'id': 5778837837, 'qualifierId': 212, 'value': '22.4'}, {'id': 5778837829, 'qualifierId': 155}, {'id': 5785930329, 'qualifierId': 20}]",8jc8ndxlodfrhxxao3k1fknbo,K. Sylla,,Washington Spirit,Away
2824014315,668,12,2,67,56,esvbnzqbyvxp2k570ez7h1a1g,1,5.3,59.0,2025-06-23T03:35:58.138Z,2025-06-23T03:35:59Z,"[{'id': 5778837849, 'qualifierId': 56, 'value': 'Back'}, {'id': 5778837851, 'qualifierId': 140, 'value': '0.0'}, {'id': 5778837853, 'qualifierId': 141, 'value': '84.5'}, {'id': 5778837857, 'qualifierId': 213, 'value': '1.96'}, {'id': 5778837861, 'qualifierId': 15}, {'id': 5778837863, 'qualifierId': 167}, {'id': 5778837855, 'qualifierId': 212, 'value': '18.8'}]",6p2318moul9op4hmigk1xbaw9,K. McNabb,,San Diego Wave,Home
2824014321,558,6,2,67,57,f1ks82wpiewyqs6h3oz9v4hzj,1,99.2,26.4,2025-06-23T03:35:59.417Z,2025-06-23T03:46:36Z,"[{'id': 5778837883, 'qualifierId': 56, 'value': 'Center'}, {'id': 5778837885, 'qualifierId': 75}, {'id': 5778837887, 'qualifierId': 233, 'value': '669'}]",8jc8ndxlodfrhxxao3k1fknbo,K. Sylla,,Washington Spirit,Away
2824014317,669,6,2,67,57,esvbnzqbyvxp2k570ez7h1a1g,0,0.8,73.6,2025-06-23T03:35:59.417Z,2025-07-01T21:33:22Z,"[{'id': 5778837871, 'qualifierId': 56, 'value': 'Back'}, {'id': 5778837873, 'qualifierId': 73}, {'id': 5778837893, 'qualifierId': 233, 'value': '558'}]",6p2318moul9op4hmigk1xbaw9,K. McNabb,,San Diego Wave,Home
2824014349,560,1,2,68,25,f1ks82wpiewyqs6h3oz9v4hzj,0,99.5,0.5,2025-06-23T03:36:27.185Z,2025-07-01T21:33:26Z,"[{'id': 5778838043, 'qualifierId': 141, 'value': '36.0'}, {'id': 5778838041, 'qualifierId': 140, 'value': '88.4'}, {'id': 5778838045, 'qualifierId': 212, 'value': '26.8'}, {'id': 5778838037, 'qualifierId': 224}, {'id': 5785930341, 'qualifierId': 20}, {'id': 5778838033, 'qualifierId': 6}, {'id': 5778838039, 'qualifierId': 56, 'value': 'Center'}, {'id': 5778838031, 'qualifierId': 2}, {'id': 5778838047, 'qualifierId': 213, 'value': '2.02'}]",4h6jpaeqynme21y5gnho24ob8,C. Brown,,Washington Spirit,Away
2824014355,670,61,2,68,28,esvbnzqbyvxp2k570ez7h1a1g,0,14.2,64.9,2025-06-23T03:36:30.050Z,2025-06-23T03:36:59Z,"[{'id': 5778838067, 'qualifierId': 56, 'value': 'Back'}]",3gu9gaz6w7eq79qnaqj3b7jdh,D. Cascarino,,San Diego Wave,Home
2824014357,561,15,2,68,30,f1ks82wpiewyqs6h3oz9v4hzj,1,74.0,40.4,2025-06-23T03:36:32.809Z,2025-06-23T03:36:42Z,"[{'id': 5778838071, 'qualifierId': 18}, {'id': 5778838073, 'qualifierId': 56, 'value': 'Center'}, {'id': 5778838173, 'qualifierId': 103, 'value': '7.0'}, {'id': 5778838187, 'qualifierId': 233, 'value': '671'}, {'id': 5778838179, 'qualifierId': 458}, {'id': 5778838095, 'qualifierId': 20}, {'id': 5778838171, 'qualifierId': 102, 'value': '48.1'}, {'id': 5778838175, 'qualifierId': 215}, {'id': 5778838167, 'qualifierId': 25}, {'id': 5778838169, 'qualifierId': 80}, {'id': 5778838181, 'qualifierId': 146, 'value': '98.4'}, {'id': 5778838177, 'qualifierId': 328}, {'id': 5778838183, 'qualifierId': 147, 'value': '48.9'}]",4wgwp2bd4xrjbg7s4p193aooa,C. Bethune,,Washington Spirit,Away
2824014361,671,10,2,68,31,esvbnzqbyvxp2k570ez7h1a1g,1,1.7,53.1,2025-06-23T03:36:32.909Z,2025-07-01T21:33:45Z,"[{'id': 5785930343, 'qualifierId': 376}, {'id': 5778838109, 'qualifierId': 180}, {'id': 5778838103, 'qualifierId': 182}, {'id': 5778838107, 'qualifierId': 177}, {'id': 5778838191, 'qualifierId': 233, 'value': '561'}, {'id': 5778838105, 'qualifierId': 56, 'value': 'Back'}]",4yb9avzbrzt8m4c4h1yy98jbp,K. Sheridan,,San Diego Wave,Home
2824014363,672,52,2,68,34,esvbnzqbyvxp2k570ez7h1a1g,1,1.7,53.1,2025-06-23T03:36:36.291Z,2025-07-01T21:33:59Z,"[{'id': 5785930349, 'qualifierId': 376}]",4yb9avzbrzt8m4c4h1yy98jbp,K. Sheridan,,San Diego Wave,Home
2824014367,673,1,2,68,37,esvbnzqbyvxp2k570ez7h1a1g,1,8.8,53.6,2025-06-23T03:36:39.259Z,2025-06-23T03:36:40Z,"[{'id': 5778838133, 'qualifierId': 123}, {'id': 5778838139, 'qualifierId': 141, 'value': '14.9'}, {'id': 5778838135, 'qualifierId': 56, 'value': 'Back'}, {'id': 5778838143, 'qualifierId': 213, 'value': '5.49'}, {'id': 5778838149, 'qualifierId': 287}, {'id': 5778838141, 'qualifierId': 212, 'value': '36.9'}, {'id': 5778838145, 'qualifierId': 1}, {'id': 5778838137, 'qualifierId': 140, 'value': '33.5'}]",4yb9avzbrzt8m4c4h1yy98jbp,K. Sheridan,,San Diego Wave,Home
2824014373,674,1,2,68,45,esvbnzqbyvxp2k570ez7h1a1g,1,61.2,11.6,2025-06-23T03:36:46.954Z,2025-06-23T03:36:49Z,"[{'id': 5778838199, 'qualifierId': 141, 'value': '2.8'}, {'id': 5778838195, 'qualifierId': 56, 'value': 'Right'}, {'id': 5778838201, 'qualifierId': 212, 'value': '6.5'}, {'id': 5778838203, 'qualifierId': 213, 'value': '5.11'}, {'id': 5778838197, 'qualifierId': 140, 'value': '63.6'}]",auyj06nha2syoygo7prfadobu,H. Lundkvist,,San Diego Wave,Home
2824014375,675,1,2,68,48,esvbnzqbyvxp2k570ez7h1a1g,1,63.9,3.5,2025-06-23T03:36:50.362Z,2025-06-23T03:40:26Z,"[{'id': 5778838215, 'qualifierId': 213, 'value': '3.12'}, {'id': 5778838209, 'qualifierId': 140, 'value': '57.2'}, {'id': 5778838207, 'qualifierId': 56, 'value': 'Right'}, {'id': 5778838213, 'qualifierId': 212, 'value': '7.0'}, {'id': 5778838211, 'qualifierId': 141, 'value': '3.7'}]",dzfr9ktjmxqj2eh2xibt7konp,K. Dali,,San Diego Wave,Home
2824014377,676,1,2,68,51,esvbnzqbyvxp2k570ez7h1a1g,1,53.7,5.6,2025-06-23T03:36:52.874Z,2025-06-23T03:36:54Z,"[{'id': 5778838225, 'qualifierId': 141, 'value': '16.1'}, {'id': 5778838227, 'qualifierId': 212, 'value': '7.9'}, {'id': 5778838223, 'qualifierId': 140, 'value': '57.0'}, {'id': 5778838229, 'qualifierId': 213, 'value': '1.12'}, {'id': 5778838221, 'qualifierId': 56, 'value': 'Right'}]",auyj06nha2syoygo7prfadobu,H. Lundkvist,,San Diego Wave,Home
2824014379,677,1,2,68,52,esvbnzqbyvxp2k570ez7h1a1g,1,55.4,16.1,2025-06-23T03:36:54.330Z,2025-07-01T21:36:24Z,"[{'id': 5778838235, 'qualifierId': 140, 'value': '41.3'}, {'id': 5778838239, 'qualifierId': 212, 'value': '14.9'}, {'id': 5785930519, 'qualifierId': 156}, {'id': 5778838233, 'qualifierId': 56, 'value': 'Back'}, {'id': 5778838237, 'qualifierId': 141, 'value': '13.2'}, {'id': 5778838241, 'qualifierId': 213, 'value': '3.27'}]",6h8t7apz5vzk0pjxo8hbbkfhm,S. McCaskill,,San Diego Wave,Home
2824014381,678,1,2,68,56,esvbnzqbyvxp2k570ez7h1a1g,1,37.5,21.0,2025-06-23T03:36:58.699Z,2025-06-23T03:37:00Z,"[{'id': 5778838247, 'qualifierId': 140, 'value': '29.3'}, {'id': 5778838245, 'qualifierId': 56, 'value': 'Back'}, {'id': 5778838251, 'qualifierId': 212, 'value': '17.7'}, {'id': 5778838249, 'qualifierId': 141, 'value': '43.7'}, {'id': 5778838253, 'qualifierId': 213, 'value': '2.08'}]",9ms54l53wseuxarpn4vfcx9g4,T. Armstrong,,San Diego Wave,Home
2824014383,679,1,2,68,58,esvbnzqbyvxp2k570ez7h1a1g,1,29.9,44.5,2025-06-23T03:36:59.961Z,2025-06-23T03:37:02Z,"[{'id': 5778838259, 'qualifierId': 140, 'value': '33.3'}, {'id': 5778838265, 'qualifierId': 213, 'value': '1.35'}, {'id': 5778838261, 'qualifierId': 141, 'value': '67.9'}, {'id': 5778838263, 'qualifierId': 212, 'value': '16.3'}, {'id': 5778838257, 'qualifierId': 56, 'value': 'Back'}]",4yb9avzbrzt8m4c4h1yy98jbp,K. Sheridan,,San Diego Wave,Home
2824014387,680,1,2,69,0,esvbnzqbyvxp2k570ez7h1a1g,1,34.1,71.8,2025-06-23T03:37:02.106Z,2025-06-23T03:37:08Z,"[{'id': 5778838273, 'qualifierId': 56, 'value': 'Back'}, {'id': 5778838279, 'qualifierId': 212, 'value': '22.2'}, {'id': 5778838275, 'qualifierId': 140, 'value': '48.3'}, {'id': 5778838281, 'qualifierId': 213, 'value': '0.83'}, {'id': 5778838277, 'qualifierId': 141, 'value': '96.0'}]",6p2318moul9op4hmigk1xbaw9,K. McNabb,,San Diego Wave,Home
2824014385,562,83,2,69,4,f1ks82wpiewyqs6h3oz9v4hzj,0,55.4,14.0,2025-06-23T03:37:06.421Z,2025-06-23T03:37:09Z,"[{'id': 5778838323, 'qualifierId': 399, 'value': '3x6baiktcpcjxxh258a5uebpx'}]",1jlc387u7fdpnnus9nlsb179w,R. Kouassi,,Washington Spirit,Away
2824014393,681,1,2,69,6,esvbnzqbyvxp2k570ez7h1a1g,1,37.5,87.1,2025-06-23T03:37:08.106Z,2025-06-23T03:37:09Z,"[{'id': 5778838313, 'qualifierId': 140, 'value': '29.9'}, {'id': 5778838311, 'qualifierId': 56, 'value': 'Back'}, {'id': 5778838319, 'qualifierId': 213, 'value': '2.77'}, {'id': 5778838315, 'qualifierId': 141, 'value': '91.7'}, {'id': 5778838317, 'qualifierId': 212, 'value': '8.6'}]",3x6baiktcpcjxxh258a5uebpx,P. Morroni,,San Diego Wave,Home
2824014395,682,1,2,69,8,esvbnzqbyvxp2k570ez7h1a1g,1,31.1,89.9,2025-06-23T03:37:10.122Z,2025-06-23T03:37:13Z,"[{'id': 5778838329, 'qualifierId': 141, 'value': '67.9'}, {'id': 5778838331, 'qualifierId': 212, 'value': '15.9'}, {'id': 5778838327, 'qualifierId': 140, 'value': '36.3'}, {'id': 5778838325, 'qualifierId': 56, 'value': 'Back'}, {'id': 5778838333, 'qualifierId': 213, 'value': '5.06'}]",6p2318moul9op4hmigk1xbaw9,K. McNabb,,San Diego Wave,Home
2824014401,683,1,2,69,11,esvbnzqbyvxp2k570ez7h1a1g,1,35.6,66.0,2025-06-23T03:37:13.034Z,2025-06-23T03:37:20Z,"[{'id': 5778838365, 'qualifierId': 140, 'value': '30.2'}, {'id': 5778838363, 'qualifierId': 56, 'value': 'Back'}, {'id': 5778838369, 'qualifierId': 212, 'value': '22.6'}, {'id': 5778838367, 'qualifierId': 141, 'value': '33.9'}, {'id': 5778838371, 'qualifierId': 213, 'value': '4.46'}]",6h8t7apz5vzk0pjxo8hbbkfhm,S. McCaskill,,San Diego Wave,Home
2824014403,684,1,2,69,18,esvbnzqbyvxp2k570ez7h1a1g,1,42.1,27.4,2025-06-23T03:37:20.698Z,2025-06-23T03:37:22Z,"[{'id': 5778838383, 'qualifierId': 213, 'value': '0.36'}, {'id': 5778838377, 'qualifierId': 140, 'value': '62.8'}, {'id': 5778838375, 'qualifierId': 56, 'value': 'Center'}, {'id': 5778838381, 'qualifierId': 212, 'value': '23.2'}, {'id': 5778838379, 'qualifierId': 141, 'value': '39.5'}]",9ms54l53wseuxarpn4vfcx9g4,T. Armstrong,,San Diego Wave,Home
2824014405,685,1,2,69,20,esvbnzqbyvxp2k570ez7h1a1g,0,64.6,42.1,2025-06-23T03:37:22.282Z,2025-06-23T03:37:23Z,"[{'id': 5778838387, 'qualifierId': 56, 'value': 'Center'}, {'id': 5778838395, 'qualifierId': 213, 'value': '1.22'}, {'id': 5778838391, 'qualifierId': 141, 'value': '66.0'}, {'id': 5778838393, 'qualifierId': 212, 'value': '17.3'}, {'id': 5778838389, 'qualifierId': 140, 'value': '70.2'}]",dzfr9ktjmxqj2eh2xibt7konp,K. Dali,,San Diego Wave,Home
2824014407,563,49,2,69,21,f1ks82wpiewyqs6h3oz9v4hzj,1,31.7,26.5,2025-06-23T03:37:23.511Z,2025-06-23T03:37:23Z,[],1jlc387u7fdpnnus9nlsb179w,R. Kouassi,,Washington Spirit,Away
2824014409,564,1,2,69,22,f1ks82wpiewyqs6h3oz9v4hzj,1,28.6,33.4,2025-06-23T03:37:24.183Z,2025-06-23T03:37:26Z,"[{'id': 5778838403, 'qualifierId': 212, 'value': '8.0'}, {'id': 5778838397, 'qualifierId': 56, 'value': 'Back'}, {'id': 5778838401, 'qualifierId': 141, 'value': '38.6'}, {'id': 5778838405, 'qualifierId': 213, 'value': '2.68'}, {'id': 5778838399, 'qualifierId': 140, 'value': '21.8'}]",1jlc387u7fdpnnus9nlsb179w,R. Kouassi,,Washington Spirit,Away
2824014411,565,1,2,69,24,f1ks82wpiewyqs6h3oz9v4hzj,1,21.8,38.6,2025-06-23T03:37:26.104Z,2025-07-01T21:37:17Z,"[{'id': 5785930549, 'qualifierId': 1}, {'id': 5778838417, 'qualifierId': 212, 'value': '22.0'}, {'id': 5778838413, 'qualifierId': 140, 'value': '42.5'}, {'id': 5778838419, 'qualifierId': 213, 'value': '6.12'}, {'id': 5778838411, 'qualifierId': 56, 'value': 'Back'}, {'id': 5778838415, 'qualifierId': 141, 'value': '33.4'}, {'id': 5785930547, 'qualifierId': 157}]",27dktxivmcqmi1lkz1vs49qi2,T. McKeown,,Washington Spirit,Away
2824014413,566,1,2,69,25,f1ks82wpiewyqs6h3oz9v4hzj,0,42.5,33.4,2025-06-23T03:37:27.197Z,2025-06-23T03:41:18Z,"[{'id': 5778838429, 'qualifierId': 212, 'value': '9.2'}, {'id': 5778838435, 'qualifierId': 156}, {'id': 5778838423, 'qualifierId': 56, 'value': 'Back'}, {'id': 5778838427, 'qualifierId': 141, 'value': '43.7'}, {'id': 5778838431, 'qualifierId': 213, 'value': '2.28'}, {'id': 5778838425, 'qualifierId': 140, 'value': '36.8'}]",4wgwp2bd4xrjbg7s4p193aooa,C. Bethune,,Washington Spirit,Away
2824014417,686,1,2,69,27,esvbnzqbyvxp2k570ez7h1a1g,0,65.5,56.9,2025-06-23T03:37:29.498Z,2025-06-23T03:41:22Z,"[{'id': 5778838463, 'qualifierId': 212, 'value': '0.5'}, {'id': 5778838671, 'qualifierId': 233, 'value': '567'}, {'id': 5778838461, 'qualifierId': 141, 'value': '57.2'}, {'id': 5778838465, 'qualifierId': 213, 'value': '0.45'}, {'id': 5778838675, 'qualifierId': 286}, {'id': 5778838459, 'qualifierId': 140, 'value': '65.9'}, {'id': 5778838669, 'qualifierId': 236}, {'id': 5778838457, 'qualifierId': 56, 'value': 'Center'}]",dzfr9ktjmxqj2eh2xibt7konp,K. Dali,,San Diego Wave,Home
2824014419,567,74,2,69,27,f1ks82wpiewyqs6h3oz9v4hzj,1,36.8,43.7,2025-06-23T03:37:29.499Z,2025-06-23T03:42:28Z,"[{'id': 5778838677, 'qualifierId': 233, 'value': '686'}, {'id': 5778838467, 'qualifierId': 56, 'value': 'Back'}, {'id': 5778838667, 'qualifierId': 285}]",coy005g9noltjta4ka7utllp0,H. Hershfelt,,Washington Spirit,Away
2824014421,687,1,2,69,31,esvbnzqbyvxp2k570ez7h1a1g,1,70.6,37.3,2025-06-23T03:37:33.370Z,2025-06-23T03:37:34Z,"[{'id': 5778838475, 'qualifierId': 140, 'value': '72.7'}, {'id': 5778838479, 'qualifierId': 212, 'value': '5.0'}, {'id': 5778838473, 'qualifierId': 56, 'value': 'Center'}, {'id': 5778838477, 'qualifierId': 141, 'value': '43.9'}, {'id': 5778838481, 'qualifierId': 213, 'value': '1.11'}]",3gu9gaz6w7eq79qnaqj3b7jdh,D. Cascarino,,San Diego Wave,Home
2824014429,688,1,2,69,32,esvbnzqbyvxp2k570ez7h1a1g,1,69.4,44.0,2025-06-23T03:37:34.361Z,2025-06-23T03:37:39Z,"[{'id': 5778838513, 'qualifierId': 140, 'value': '63.6'}, {'id': 5778838519, 'qualifierId': 213, 'value': '4.26'}, {'id': 5778838511, 'qualifierId': 56, 'value': 'Center'}, {'id': 5778838515, 'qualifierId': 141, 'value': '25.6'}, {'id': 5778838517, 'qualifierId': 212, 'value': '13.9'}]",dzfr9ktjmxqj2eh2xibt7konp,K. Dali,,San Diego Wave,Home
2824014437,689,1,2,69,37,esvbnzqbyvxp2k570ez7h1a1g,1,64.8,22.4,2025-06-23T03:37:39.097Z,2025-06-23T03:39:07Z,"[{'id': 5778838557, 'qualifierId': 141, 'value': '26.8'}, {'id': 5778839183, 'qualifierId': 210, 'value': '15'}, {'id': 5778838555, 'qualifierId': 140, 'value': '65.5'}, {'id': 5778838561, 'qualifierId': 213, 'value': '1.33'}, {'id': 5778838553, 'qualifierId': 56, 'value': 'Center'}, {'id': 5778838559, 'qualifierId': 212, 'value': '3.1'}]",auyj06nha2syoygo7prfadobu,H. Lundkvist,1.0,San Diego Wave,Home
2824014439,690,15,2,69,42,esvbnzqbyvxp2k570ez7h1a1g,1,73.4,46.7,2025-06-23T03:37:44.682Z,2025-06-23T03:39:07Z,"[{'id': 5778839185, 'qualifierId': 76}, {'id': 5778839203, 'qualifierId': 230, 'value': '99.0'}, {'id': 5778838567, 'qualifierId': 18}, {'id': 5778839201, 'qualifierId': 147, 'value': '47.5'}, {'id': 5778839205, 'qualifierId': 231, 'value': '49.1'}, {'id': 5778839189, 'qualifierId': 55, 'value': '689'}, {'id': 5778838565, 'qualifierId': 22}, {'id': 5778839187, 'qualifierId': 29}, {'id': 5778838569, 'qualifierId': 56, 'value': 'Center'}, {'id': 5778839207, 'qualifierId': 233, 'value': '568'}, {'id': 5778839091, 'qualifierId': 82}, {'id': 5778839087, 'qualifierId': 72}, {'id': 5778839195, 'qualifierId': 103, 'value': '19'}, {'id': 5778839199, 'qualifierId': 146, 'value': '77.1'}, {'id': 5778839193, 'qualifierId': 102, 'value': '52.3'}, {'id': 5778839197, 'qualifierId': 215}]",3gu9gaz6w7eq79qnaqj3b7jdh,D. Cascarino,,San Diego Wave,Home
2824014441,568,10,2,69,42,f1ks82wpiewyqs6h3oz9v4hzj,1,22.9,52.5,2025-06-23T03:37:44.782Z,2025-06-23T03:39:08Z,"[{'id': 5778838579, 'qualifierId': 56, 'value': 'Back'}, {'id': 5778839211, 'qualifierId': 233, 'value': '690'}, {'id': 5778838577, 'qualifierId': 94}]",1v67tba1l3sxow1geovdqefo5,R. Bernal,,Washington Spirit,Away
2824014443,569,12,2,69,46,f1ks82wpiewyqs6h3oz9v4hzj,1,24.9,55.5,2025-06-23T03:37:48.083Z,2025-06-23T03:37:50Z,"[{'id': 5778838587, 'qualifierId': 212, 'value': '31.8'}, {'id': 5778838585, 'qualifierId': 141, 'value': '87.4'}, {'id': 5778838589, 'qualifierId': 213, 'value': '0.75'}, {'id': 5778838581, 'qualifierId': 56, 'value': 'Back'}, {'id': 5778838583, 'qualifierId': 140, 'value': '47.0'}]",1v67tba1l3sxow1geovdqefo5,R. Bernal,,Washington Spirit,Away
2824014447,570,83,2,69,50,f1ks82wpiewyqs6h3oz9v4hzj,0,47.0,87.4,2025-06-23T03:37:52.754Z,2025-06-23T03:37:57Z,"[{'id': 5778838641, 'qualifierId': 399, 'value': '9ms54l53wseuxarpn4vfcx9g4'}]",yay5mq8trvoxv9mwm4mqzn8q,G. Monday,,Washington Spirit,Away
2824014453,691,1,2,69,51,esvbnzqbyvxp2k570ez7h1a1g,0,53.9,7.4,2025-06-23T03:37:53.274Z,2025-06-23T03:37:55Z,"[{'id': 5778838635, 'qualifierId': 213, 'value': '5.67'}, {'id': 5778838629, 'qualifierId': 140, 'value': '57.8'}, {'id': 5778838633, 'qualifierId': 212, 'value': '5.0'}, {'id': 5778838631, 'qualifierId': 141, 'value': '3.2'}, {'id': 5778838627, 'qualifierId': 56, 'value': 'Right'}]",9ms54l53wseuxarpn4vfcx9g4,T. Armstrong,,San Diego Wave,Home
2824014451,571,8,2,69,53,f1ks82wpiewyqs6h3oz9v4hzj,1,38.8,92.7,2025-06-23T03:37:54.848Z,2025-07-01T21:38:39Z,"[{'id': 5778838625, 'qualifierId': 56, 'value': 'Back'}, {'id': 5785930593, 'qualifierId': 385}]",4h6jpaeqynme21y5gnho24ob8,C. Brown,,Washington Spirit,Away
2824014455,572,5,2,69,54,f1ks82wpiewyqs6h3oz9v4hzj,0,41.0,101.8,2025-06-23T03:37:56.050Z,2025-06-23T03:38:00Z,"[{'id': 5778838637, 'qualifierId': 56, 'value': 'Back'}, {'id': 5778838639, 'qualifierId': 347}, {'id': 5778838665, 'qualifierId': 233, 'value': '692'}]",4h6jpaeqynme21y5gnho24ob8,C. Brown,,Washington Spirit,Away
2824014457,692,5,2,69,54,esvbnzqbyvxp2k570ez7h1a1g,1,59.0,-1.8,2025-06-23T03:37:56.050Z,2025-06-23T03:42:33Z,"[{'id': 5778838643, 'qualifierId': 56, 'value': 'Right'}, {'id': 5778838659, 'qualifierId': 233, 'value': '572'}, {'id': 5778838645, 'qualifierId': 347}]",9ms54l53wseuxarpn4vfcx9g4,T. Armstrong,,San Diego Wave,Home
2824014463,693,1,2,69,58,esvbnzqbyvxp2k570ez7h1a1g,1,58.6,0.0,2025-06-23T03:38:00.778Z,2025-06-23T03:38:07Z,"[{'id': 5778838703, 'qualifierId': 213, 'value': '1.55'}, {'id': 5778838695, 'qualifierId': 56, 'value': 'Right'}, {'id': 5778838697, 'qualifierId': 140, 'value': '58.8'}, {'id': 5778838701, 'qualifierId': 212, 'value': '8.6'}, {'id': 5778838693, 'qualifierId': 107}, {'id': 5778838699, 'qualifierId': 141, 'value': '11.0'}]",auyj06nha2syoygo7prfadobu,H. Lundkvist,,San Diego Wave,Home
2824014467,694,1,2,70,5,esvbnzqbyvxp2k570ez7h1a1g,1,56.8,14.7,2025-06-23T03:38:07.050Z,2025-06-23T03:39:45Z,"[{'id': 5778838725, 'qualifierId': 141, 'value': '44.5'}, {'id': 5778838731, 'qualifierId': 1}, {'id': 5778838727, 'qualifierId': 212, 'value': '32.9'}, {'id': 5778838723, 'qualifierId': 140, 'value': '32.1'}, {'id': 5778838735, 'qualifierId': 189}, {'id': 5778838729, 'qualifierId': 213, 'value': '2.48'}, {'id': 5778838721, 'qualifierId': 56, 'value': 'Back'}]",dzfr9ktjmxqj2eh2xibt7konp,K. Dali,,San Diego Wave,Home
2824014469,695,1,2,70,8,esvbnzqbyvxp2k570ez7h1a1g,1,30.4,48.7,2025-06-23T03:38:10.218Z,2025-06-23T03:38:12Z,"[{'id': 5778838745, 'qualifierId': 141, 'value': '66.1'}, {'id': 5778838743, 'qualifierId': 140, 'value': '34.8'}, {'id': 5778838741, 'qualifierId': 56, 'value': 'Back'}, {'id': 5778838749, 'qualifierId': 213, 'value': '1.20'}, {'id': 5778838747, 'qualifierId': 212, 'value': '12.7'}]",4yb9avzbrzt8m4c4h1yy98jbp,K. Sheridan,,San Diego Wave,Home
2824014477,696,1,2,70,10,esvbnzqbyvxp2k570ez7h1a1g,1,36.5,70.0,2025-06-23T03:38:12.137Z,2025-06-23T03:38:14Z,"[{'id': 5778838781, 'qualifierId': 141, 'value': '91.8'}, {'id': 5778838783, 'qualifierId': 212, 'value': '23.0'}, {'id': 5778838777, 'qualifierId': 56, 'value': 'Left'}, {'id': 5778838785, 'qualifierId': 213, 'value': '0.70'}, {'id': 5778838779, 'qualifierId': 140, 'value': '53.2'}]",6p2318moul9op4hmigk1xbaw9,K. McNabb,,San Diego Wave,Home
2824014489,697,1,2,70,12,esvbnzqbyvxp2k570ez7h1a1g,1,54.2,93.8,2025-06-23T03:38:14.329Z,2025-06-23T03:38:20Z,"[{'id': 5778838831, 'qualifierId': 141, 'value': '90.8'}, {'id': 5778838827, 'qualifierId': 56, 'value': 'Left'}, {'id': 5778838833, 'qualifierId': 212, 'value': '32.3'}, {'id': 5778838835, 'qualifierId': 213, 'value': '6.22'}, {'id': 5778838837, 'qualifierId': 1}, {'id': 5778838829, 'qualifierId': 140, 'value': '84.9'}]",3x6baiktcpcjxxh258a5uebpx,P. Morroni,,San Diego Wave,Home
2824014503,698,4,2,70,18,esvbnzqbyvxp2k570ez7h1a1g,1,96.8,87.8,2025-06-23T03:38:20.378Z,2025-06-23T03:38:46Z,"[{'id': 5778838903, 'qualifierId': 233, 'value': '573'}, {'id': 5778838893, 'qualifierId': 152}, {'id': 5778838889, 'qualifierId': 13}, {'id': 5778838891, 'qualifierId': 56, 'value': 'Left'}, {'id': 5778838897, 'qualifierId': 286}, {'id': 5778839029, 'qualifierId': 295}]",1he80t4tdvj86rbvng0956prd,M. Sánchez,,San Diego Wave,Home
2824014497,573,4,2,70,18,f1ks82wpiewyqs6h3oz9v4hzj,0,3.2,12.2,2025-06-23T03:38:20.379Z,2025-06-23T03:38:48Z,"[{'id': 5778838913, 'qualifierId': 233, 'value': '698'}, {'id': 5778838873, 'qualifierId': 13}, {'id': 5778838875, 'qualifierId': 56, 'value': 'Back'}, {'id': 5778838953, 'qualifierId': 55, 'value': '574'}, {'id': 5778839055, 'qualifierId': 295}, {'id': 5778838877, 'qualifierId': 152}, {'id': 5778838881, 'qualifierId': 285}]",8jc8ndxlodfrhxxao3k1fknbo,K. Sylla,,Washington Spirit,Away
2824014509,574,17,2,70,25,f1ks82wpiewyqs6h3oz9v4hzj,1,0.0,0.0,2025-06-23T03:38:27.402Z,2025-06-23T03:38:33Z,"[{'id': 5778838945, 'qualifierId': 13, 'value': '243'}, {'id': 5778838947, 'qualifierId': 55, 'value': '573'}, {'id': 5778838943, 'qualifierId': 393}, {'id': 5778838941, 'qualifierId': 31}]",8jc8ndxlodfrhxxao3k1fknbo,K. Sylla,,Washington Spirit,Away
2824014581,699,1,2,71,28,esvbnzqbyvxp2k570ez7h1a1g,0,94.1,85.3,2025-06-23T03:39:30.523Z,2025-07-01T21:39:12Z,"[{'id': 5778839407, 'qualifierId': 2}, {'id': 5785930603, 'qualifierId': 223}, {'id': 5778839421, 'qualifierId': 212, 'value': '21.4'}, {'id': 5785930605, 'qualifierId': 20}, {'id': 5778839423, 'qualifierId': 213, 'value': '4.88'}, {'id': 5778839409, 'qualifierId': 5}, {'id': 5778839455, 'qualifierId': 233, 'value': '575'}, {'id': 5778839413, 'qualifierId': 152}, {'id': 5778839419, 'qualifierId': 141, 'value': '54.2'}, {'id': 5778839411, 'qualifierId': 155}, {'id': 5778839415, 'qualifierId': 56, 'value': 'Center'}, {'id': 5778839417, 'qualifierId': 140, 'value': '97.5'}]",dzfr9ktjmxqj2eh2xibt7konp,K. Dali,,San Diego Wave,Home
2824014587,575,41,2,71,30,f1ks82wpiewyqs6h3oz9v4hzj,0,2.7,48.4,2025-06-23T03:39:31.964Z,2025-07-01T21:39:15Z,"[{'id': 5778839449, 'qualifierId': 141, 'value': '26.7'}, {'id': 5778839451, 'qualifierId': 212, 'value': '23.3'}, {'id': 5778839459, 'qualifierId': 233, 'value': '699'}, {'id': 5778839453, 'qualifierId': 213, 'value': '5.60'}, {'id': 5785930607, 'qualifierId': 378}, {'id': 5778839447, 'qualifierId': 140, 'value': '19.9'}]",d9dirjpaqkq3gga2zyeykcv6d,A. Kingsbury,,Washington Spirit,Away
2824014593,700,1,2,71,33,esvbnzqbyvxp2k570ez7h1a1g,0,80.8,73.6,2025-06-23T03:39:35.469Z,2025-06-23T03:42:02Z,"[{'id': 5778839489, 'qualifierId': 140, 'value': '88.4'}, {'id': 5778839493, 'qualifierId': 212, 'value': '10.2'}, {'id': 5778839491, 'qualifierId': 141, 'value': '83.0'}, {'id': 5778839495, 'qualifierId': 213, 'value': '0.68'}, {'id': 5778840911, 'qualifierId': 286}, {'id': 5778840907, 'qualifierId': 233, 'value': '576'}, {'id': 5778840905, 'qualifierId': 236}, {'id': 5778839487, 'qualifierId': 56, 'value': 'Left'}, {'id': 5778840885, 'qualifierId': 155}]",6h8t7apz5vzk0pjxo8hbbkfhm,S. McCaskill,,San Diego Wave,Home
2824014591,576,74,2,71,33,f1ks82wpiewyqs6h3oz9v4hzj,1,19.9,26.7,2025-06-23T03:39:35.470Z,2025-06-23T03:42:28Z,"[{'id': 5778840903, 'qualifierId': 285}, {'id': 5778839483, 'qualifierId': 56, 'value': 'Back'}, {'id': 5778840913, 'qualifierId': 233, 'value': '700'}]",4wgwp2bd4xrjbg7s4p193aooa,C. Bethune,,Washington Spirit,Away
2824014599,577,12,2,71,34,f1ks82wpiewyqs6h3oz9v4hzj,1,7.5,12.2,2025-06-23T03:39:36.796Z,2025-06-23T03:39:38Z,"[{'id': 5778839513, 'qualifierId': 140, 'value': '18.9'}, {'id': 5778839519, 'qualifierId': 213, 'value': '0.42'}, {'id': 5778839511, 'qualifierId': 56, 'value': 'Back'}, {'id': 5778839515, 'qualifierId': 141, 'value': '20.1'}, {'id': 5778839521, 'qualifierId': 15}, {'id': 5778839517, 'qualifierId': 212, 'value': '13.1'}]",coy005g9noltjta4ka7utllp0,H. Hershfelt,,Washington Spirit,Away
2824014601,578,1,2,71,36,f1ks82wpiewyqs6h3oz9v4hzj,1,18.9,20.1,2025-06-23T03:39:38.046Z,2025-06-23T03:39:39Z,"[{'id': 5778839525, 'qualifierId': 140, 'value': '13.1'}, {'id': 5778839531, 'qualifierId': 213, 'value': '3.76'}, {'id': 5778839527, 'qualifierId': 141, 'value': '13.7'}, {'id': 5778839523, 'qualifierId': 56, 'value': 'Back'}, {'id': 5778839535, 'qualifierId': 156}, {'id': 5778839529, 'qualifierId': 212, 'value': '7.5'}]",4wgwp2bd4xrjbg7s4p193aooa,C. Bethune,,Washington Spirit,Away
2824014605,579,12,2,71,37,f1ks82wpiewyqs6h3oz9v4hzj,1,13.1,13.7,2025-06-23T03:39:39.608Z,2025-06-23T03:41:19Z,"[{'id': 5778839569, 'qualifierId': 56, 'value': 'Back'}, {'id': 5778839577, 'qualifierId': 213, 'value': '5.79'}, {'id': 5778839571, 'qualifierId': 140, 'value': '31.9'}, {'id': 5778839587, 'qualifierId': 167}, {'id': 5778839573, 'qualifierId': 141, 'value': '0.0'}, {'id': 5778839575, 'qualifierId': 212, 'value': '22.4'}]",coy005g9noltjta4ka7utllp0,H. Hershfelt,,Washington Spirit,Away
2824014607,580,5,2,71,39,f1ks82wpiewyqs6h3oz9v4hzj,0,28.8,-1.6,2025-06-23T03:39:41.311Z,2025-06-23T03:39:44Z,"[{'id': 5778839581, 'qualifierId': 347}, {'id': 5778839597, 'qualifierId': 233, 'value': '701'}, {'id': 5778839579, 'qualifierId': 56, 'value': 'Back'}]",coy005g9noltjta4ka7utllp0,H. Hershfelt,,Washington Spirit,Away
2824014609,701,5,2,71,39,esvbnzqbyvxp2k570ez7h1a1g,1,71.2,101.6,2025-06-23T03:39:41.311Z,2025-06-23T03:42:33Z,"[{'id': 5778839585, 'qualifierId': 347}, {'id': 5778839583, 'qualifierId': 56, 'value': 'Left'}, {'id': 5778839591, 'qualifierId': 233, 'value': '580'}]",6h8t7apz5vzk0pjxo8hbbkfhm,S. McCaskill,,San Diego Wave,Home
2824014637,702,1,2,71,59,esvbnzqbyvxp2k570ez7h1a1g,1,66.5,100.0,2025-06-23T03:40:01.371Z,2025-06-23T03:40:24Z,"[{'id': 5778839741, 'qualifierId': 213, 'value': '5.64'}, {'id': 5778839737, 'qualifierId': 141, 'value': '92.8'}, {'id': 5778839733, 'qualifierId': 56, 'value': 'Left'}, {'id': 5778839731, 'qualifierId': 107}, {'id': 5778839739, 'qualifierId': 212, 'value': '9.3'}, {'id': 5778839735, 'qualifierId': 140, 'value': '73.6'}]",3x6baiktcpcjxxh258a5uebpx,P. Morroni,,San Diego Wave,Home
2824014665,583,83,2,72,0,f1ks82wpiewyqs6h3oz9v4hzj,0,26.9,6.2,2025-06-23T03:40:02.443Z,2025-06-23T03:40:25Z,"[{'id': 5778839971, 'qualifierId': 399, 'value': '321yjdo3gio1l33hc1pdps4wl'}]",8jc8ndxlodfrhxxao3k1fknbo,K. Sylla,,Washington Spirit,Away
2824014641,703,50,2,72,1,esvbnzqbyvxp2k570ez7h1a1g,1,72.4,88.0,2025-06-23T03:40:03.565Z,2025-06-23T03:40:07Z,"[{'id': 5778839761, 'qualifierId': 286}, {'id': 5778839785, 'qualifierId': 233, 'value': '581'}, {'id': 5778839759, 'qualifierId': 56, 'value': 'Left'}]",321yjdo3gio1l33hc1pdps4wl,A. Leon,,San Diego Wave,Home
2824014645,581,7,2,72,1,f1ks82wpiewyqs6h3oz9v4hzj,0,27.6,12.0,2025-06-23T03:40:03.566Z,2025-07-01T21:41:42Z,"[{'id': 5778839775, 'qualifierId': 56, 'value': 'Back'}, {'id': 5785930637, 'qualifierId': 178}, {'id': 5778839779, 'qualifierId': 233, 'value': '703'}, {'id': 5778839777, 'qualifierId': 285}, {'id': 5785930635, 'qualifierId': 383}]",coy005g9noltjta4ka7utllp0,H. Hershfelt,,Washington Spirit,Away
2825279113,903,61,2,72,2,esvbnzqbyvxp2k570ez7h1a1g,0,70.7,78.4,2025-06-23T03:40:04.471Z,2025-07-01T21:41:55Z,"[{'id': 5785930647, 'qualifierId': 56, 'value': 'Center'}]",321yjdo3gio1l33hc1pdps4wl,A. Leon,,San Diego Wave,Home
2824014649,582,4,2,72,3,f1ks82wpiewyqs6h3oz9v4hzj,1,27.3,9.9,2025-06-23T03:40:05.680Z,2025-06-23T03:42:28Z,"[{'id': 5778839803, 'qualifierId': 56, 'value': 'Back'}, {'id': 5778839799, 'qualifierId': 13}, {'id': 5778839801, 'qualifierId': 294}, {'id': 5778839805, 'qualifierId': 152}, {'id': 5778839831, 'qualifierId': 233, 'value': '704'}, {'id': 5778839807, 'qualifierId': 285}]",coy005g9noltjta4ka7utllp0,H. Hershfelt,,Washington Spirit,Away
2824014651,704,4,2,72,3,esvbnzqbyvxp2k570ez7h1a1g,0,72.7,90.1,2025-06-23T03:40:05.681Z,2025-06-23T03:42:28Z,"[{'id': 5778839835, 'qualifierId': 233, 'value': '582'}, {'id': 5778839827, 'qualifierId': 152}, {'id': 5778839829, 'qualifierId': 286}, {'id': 5778839821, 'qualifierId': 13}, {'id': 5778839823, 'qualifierId': 294}, {'id': 5778839825, 'qualifierId': 56, 'value': 'Left'}]",321yjdo3gio1l33hc1pdps4wl,A. Leon,,San Diego Wave,Home
2824014689,705,18,2,72,29,esvbnzqbyvxp2k570ez7h1a1g,1,0.0,0.0,2025-06-23T03:40:31.085Z,2025-06-23T03:40:31Z,"[{'id': 5778840009, 'qualifierId': 44, 'value': 'Forward'}, {'id': 5778840011, 'qualifierId': 59, 'value': '7'}, {'id': 5778840007, 'qualifierId': 42}, {'id': 5778840031, 'qualifierId': 55, 'value': '706'}]",1he80t4tdvj86rbvng0956prd,M. Sánchez,,San Diego Wave,Home
2824014691,706,19,2,72,29,esvbnzqbyvxp2k570ez7h1a1g,1,0.0,0.0,2025-06-23T03:40:31.086Z,2025-06-23T03:40:32Z,"[{'id': 5778840013, 'qualifierId': 42}, {'id': 5778840025, 'qualifierId': 44, 'value': 'Midfielder'}, {'id': 5778840019, 'qualifierId': 59, 'value': '25'}, {'id': 5778840021, 'qualifierId': 292, 'value': '6'}, {'id': 5778840023, 'qualifierId': 293, 'value': '1'}, {'id': 5778840027, 'qualifierId': 55, 'value': '705'}, {'id': 5778840017, 'qualifierId': 145, 'value': '11'}]",5kaxtpwnuplnrodirmblx3cb8,M. Barcenas,,San Diego Wave,Home
2824014725,584,1,2,72,56,f1ks82wpiewyqs6h3oz9v4hzj,0,32.9,17.4,2025-06-23T03:40:58.506Z,2025-06-23T03:41:01Z,"[{'id': 5778840197, 'qualifierId': 5}, {'id': 5778840207, 'qualifierId': 141, 'value': '34.0'}, {'id': 5778840213, 'qualifierId': 1}, {'id': 5778840211, 'qualifierId': 213, 'value': '0.26'}, {'id': 5778840201, 'qualifierId': 152}, {'id': 5778840209, 'qualifierId': 212, 'value': '44.5'}, {'id': 5778840203, 'qualifierId': 56, 'value': 'Center'}, {'id': 5778840199, 'qualifierId': 155}, {'id': 5778840205, 'qualifierId': 140, 'value': '73.9'}]",8jc8ndxlodfrhxxao3k1fknbo,K. Sylla,,Washington Spirit,Away
2824014729,707,44,2,72,59,esvbnzqbyvxp2k570ez7h1a1g,1,26.3,66.6,2025-06-23T03:41:00.858Z,2025-06-23T03:42:30Z,"[{'id': 5778840221, 'qualifierId': 56, 'value': 'Back'}, {'id': 5778840237, 'qualifierId': 233, 'value': '585'}, {'id': 5778840223, 'qualifierId': 285}]",6p2318moul9op4hmigk1xbaw9,K. McNabb,,San Diego Wave,Home
2824014727,585,44,2,72,59,f1ks82wpiewyqs6h3oz9v4hzj,0,73.7,33.4,2025-06-23T03:41:00.859Z,2025-06-23T03:42:30Z,"[{'id': 5778840217, 'qualifierId': 56, 'value': 'Center'}, {'id': 5778840219, 'qualifierId': 286}, {'id': 5778840241, 'qualifierId': 233, 'value': '707'}]",yay5mq8trvoxv9mwm4mqzn8q,G. Monday,,Washington Spirit,Away
2824014731,708,12,2,72,59,esvbnzqbyvxp2k570ez7h1a1g,1,26.8,67.5,2025-06-23T03:41:01.243Z,2025-06-23T03:41:02Z,"[{'id': 5778840229, 'qualifierId': 141, 'value': '62.9'}, {'id': 5778840235, 'qualifierId': 15}, {'id': 5778840231, 'qualifierId': 212, 'value': '3.3'}, {'id': 5778840227, 'qualifierId': 140, 'value': '27.7'}, {'id': 5778840225, 'qualifierId': 56, 'value': 'Back'}, {'id': 5778840233, 'qualifierId': 213, 'value': '5.01'}]",6p2318moul9op4hmigk1xbaw9,K. McNabb,,San Diego Wave,Home
2824014739,709,1,2,73,0,esvbnzqbyvxp2k570ez7h1a1g,1,27.4,61.4,2025-06-23T03:41:02.619Z,2025-06-23T03:41:04Z,"[{'id': 5778840273, 'qualifierId': 56, 'value': 'Back'}, {'id': 5778840279, 'qualifierId': 212, 'value': '18.9'}, {'id': 5778840275, 'qualifierId': 140, 'value': '9.9'}, {'id': 5778840281, 'qualifierId': 213, 'value': '3.39'}, {'id': 5778840277, 'qualifierId': 141, 'value': '54.6'}]",dzfr9ktjmxqj2eh2xibt7konp,K. Dali,,San Diego Wave,Home
2824014753,710,1,2,73,2,esvbnzqbyvxp2k570ez7h1a1g,0,10.4,56.1,2025-06-23T03:41:04.462Z,2025-06-23T03:41:07Z,"[{'id': 5778840329, 'qualifierId': 56, 'value': 'Center'}, {'id': 5778840337, 'qualifierId': 213, 'value': '6.25'}, {'id': 5778840335, 'qualifierId': 212, 'value': '48.0'}, {'id': 5778840333, 'qualifierId': 141, 'value': '53.7'}, {'id': 5778840339, 'qualifierId': 1}, {'id': 5778840327, 'qualifierId': 157}, {'id': 5778840331, 'qualifierId': 140, 'value': '56.1'}]",4yb9avzbrzt8m4c4h1yy98jbp,K. Sheridan,,San Diego Wave,Home
2824014755,586,12,2,73,6,f1ks82wpiewyqs6h3oz9v4hzj,1,45.3,46.3,2025-06-23T03:41:08.676Z,2025-06-23T03:41:11Z,"[{'id': 5778840351, 'qualifierId': 15}, {'id': 5778840347, 'qualifierId': 212, 'value': '15.8'}, {'id': 5778840349, 'qualifierId': 213, 'value': '1.77'}, {'id': 5778840341, 'qualifierId': 56, 'value': 'Back'}, {'id': 5778840343, 'qualifierId': 140, 'value': '42.3'}, {'id': 5778840345, 'qualifierId': 141, 'value': '69.1'}]",27dktxivmcqmi1lkz1vs49qi2,T. McKeown,,Washington Spirit,Away
2824014765,587,12,2,73,9,f1ks82wpiewyqs6h3oz9v4hzj,1,42.3,69.1,2025-06-23T03:41:11.519Z,2025-06-23T03:41:19Z,"[{'id': 5778840391, 'qualifierId': 213, 'value': '0.23'}, {'id': 5778840383, 'qualifierId': 56, 'value': 'Center'}, {'id': 5778840389, 'qualifierId': 212, 'value': '17.6'}, {'id': 5778840385, 'qualifierId': 140, 'value': '58.6'}, {'id': 5778840409, 'qualifierId': 15}, {'id': 5778840387, 'qualifierId': 141, 'value': '75.0'}]",en29qfiuu01nsmekoqhycjo45,G. Carle,,Washington Spirit,Away
2824014769,711,49,2,73,12,esvbnzqbyvxp2k570ez7h1a1g,1,41.1,30.6,2025-06-23T03:41:13.931Z,2025-06-23T03:41:14Z,[],dzfr9ktjmxqj2eh2xibt7konp,K. Dali,,San Diego Wave,Home
2824014783,712,1,2,73,13,esvbnzqbyvxp2k570ez7h1a1g,1,38.7,31.3,2025-06-23T03:41:15.051Z,2025-06-23T03:41:17Z,"[{'id': 5778840475, 'qualifierId': 212, 'value': '10.5'}, {'id': 5778840477, 'qualifierId': 213, 'value': '3.38'}, {'id': 5778840469, 'qualifierId': 56, 'value': 'Back'}, {'id': 5778840473, 'qualifierId': 141, 'value': '27.7'}, {'id': 5778840471, 'qualifierId': 140, 'value': '29.0'}]",dzfr9ktjmxqj2eh2xibt7konp,K. Dali,,San Diego Wave,Home
2824014791,713,1,2,73,15,esvbnzqbyvxp2k570ez7h1a1g,1,31.2,27.7,2025-06-23T03:41:17.355Z,2025-06-23T03:41:21Z,"[{'id': 5778840507, 'qualifierId': 213, 'value': '5.48'}, {'id': 5778840499, 'qualifierId': 56, 'value': 'Back'}, {'id': 5778840505, 'qualifierId': 212, 'value': '21.5'}, {'id': 5778840501, 'qualifierId': 140, 'value': '45.4'}, {'id': 5778840503, 'qualifierId': 141, 'value': '4.9'}]",9ms54l53wseuxarpn4vfcx9g4,T. Armstrong,,San Diego Wave,Home
2824014797,714,1,2,73,19,esvbnzqbyvxp2k570ez7h1a1g,1,58.6,5.2,2025-06-23T03:41:21.227Z,2025-06-23T03:41:23Z,"[{'id': 5778840571, 'qualifierId': 212, 'value': '8.5'}, {'id': 5778840573, 'qualifierId': 213, 'value': '6.16'}, {'id': 5778840569, 'qualifierId': 141, 'value': '3.7'}, {'id': 5778840565, 'qualifierId': 56, 'value': 'Right'}, {'id': 5778840567, 'qualifierId': 140, 'value': '66.6'}]",auyj06nha2syoygo7prfadobu,H. Lundkvist,,San Diego Wave,Home
2824014801,715,1,2,73,21,esvbnzqbyvxp2k570ez7h1a1g,1,67.8,4.0,2025-06-23T03:41:23.579Z,2025-06-23T03:41:25Z,"[{'id': 5778840591, 'qualifierId': 56, 'value': 'Right'}, {'id': 5778840599, 'qualifierId': 213, 'value': '0.72'}, {'id': 5778840593, 'qualifierId': 140, 'value': '70.7'}, {'id': 5778840597, 'qualifierId': 212, 'value': '4.0'}, {'id': 5778840595, 'qualifierId': 141, 'value': '7.9'}]",3gu9gaz6w7eq79qnaqj3b7jdh,D. Cascarino,,San Diego Wave,Home
2824014805,716,1,2,73,23,esvbnzqbyvxp2k570ez7h1a1g,1,68.7,9.4,2025-06-23T03:41:25.339Z,2025-06-23T03:41:28Z,"[{'id': 5778840617, 'qualifierId': 140, 'value': '63.1'}, {'id': 5778840619, 'qualifierId': 141, 'value': '14.6'}, {'id': 5778840621, 'qualifierId': 212, 'value': '6.9'}, {'id': 5778840615, 'qualifierId': 56, 'value': 'Right'}, {'id': 5778840623, 'qualifierId': 213, 'value': '2.60'}]",7p8n46qssxb0drknt952vivbo,K. Ascanio,,San Diego Wave,Home
2824014809,717,1,2,73,26,esvbnzqbyvxp2k570ez7h1a1g,1,62.9,15.5,2025-06-23T03:41:28.762Z,2025-06-23T03:41:30Z,"[{'id': 5778840645, 'qualifierId': 212, 'value': '8.2'}, {'id': 5778840641, 'qualifierId': 140, 'value': '67.0'}, {'id': 5778840643, 'qualifierId': 141, 'value': '5.2'}, {'id': 5778840647, 'qualifierId': 213, 'value': '5.26'}, {'id': 5778840639, 'qualifierId': 56, 'value': 'Right'}]",dzfr9ktjmxqj2eh2xibt7konp,K. Dali,,San Diego Wave,Home
2824014815,718,1,2,73,28,esvbnzqbyvxp2k570ez7h1a1g,1,66.3,5.5,2025-06-23T03:41:30.714Z,2025-06-23T03:41:32Z,"[{'id': 5778840681, 'qualifierId': 212, 'value': '3.6'}, {'id': 5778840675, 'qualifierId': 56, 'value': 'Right'}, {'id': 5778840677, 'qualifierId': 140, 'value': '69.7'}, {'id': 5778840683, 'qualifierId': 213, 'value': '6.13'}, {'id': 5778840679, 'qualifierId': 141, 'value': '4.7'}]",7p8n46qssxb0drknt952vivbo,K. Ascanio,,San Diego Wave,Home
2824014817,719,50,2,73,29,esvbnzqbyvxp2k570ez7h1a1g,1,70.2,6.4,2025-06-23T03:41:31.732Z,2025-06-23T03:41:35Z,"[{'id': 5778840689, 'qualifierId': 286}, {'id': 5778840687, 'qualifierId': 56, 'value': 'Right'}, {'id': 5778840703, 'qualifierId': 233, 'value': '588'}]",3gu9gaz6w7eq79qnaqj3b7jdh,D. Cascarino,,San Diego Wave,Home
2824014819,588,7,2,73,29,f1ks82wpiewyqs6h3oz9v4hzj,1,29.8,93.6,2025-06-23T03:41:31.733Z,2025-07-01T21:49:55Z,"[{'id': 5778840693, 'qualifierId': 56, 'value': 'Back'}, {'id': 5785930829, 'qualifierId': 385}, {'id': 5778840691, 'qualifierId': 167}, {'id': 5778840695, 'qualifierId': 285}, {'id': 5785930831, 'qualifierId': 178}, {'id': 5778840697, 'qualifierId': 233, 'value': '719'}]",en29qfiuu01nsmekoqhycjo45,G. Carle,,Washington Spirit,Away
2824014825,589,5,2,73,31,f1ks82wpiewyqs6h3oz9v4hzj,0,34.2,101.0,2025-06-23T03:41:32.967Z,2025-06-23T03:42:34Z,"[{'id': 5778840721, 'qualifierId': 56, 'value': 'Back'}, {'id': 5778840723, 'qualifierId': 347}, {'id': 5778840739, 'qualifierId': 233, 'value': '720'}]",en29qfiuu01nsmekoqhycjo45,G. Carle,,Washington Spirit,Away
2824014821,720,5,2,73,31,esvbnzqbyvxp2k570ez7h1a1g,1,65.8,-1.0,2025-06-23T03:41:32.967Z,2025-06-23T03:42:34Z,"[{'id': 5778840705, 'qualifierId': 56, 'value': 'Right'}, {'id': 5778840707, 'qualifierId': 347}, {'id': 5778840735, 'qualifierId': 233, 'value': '589'}]",3gu9gaz6w7eq79qnaqj3b7jdh,D. Cascarino,,San Diego Wave,Home
2824014843,590,18,2,73,50,f1ks82wpiewyqs6h3oz9v4hzj,1,0.0,0.0,2025-06-23T03:41:52.076Z,2025-06-23T03:41:52Z,"[{'id': 5778840847, 'qualifierId': 55, 'value': '591'}, {'id': 5778840829, 'qualifierId': 44, 'value': 'Defender'}, {'id': 5778840831, 'qualifierId': 59, 'value': '4'}, {'id': 5778840827, 'qualifierId': 42}]",1v67tba1l3sxow1geovdqefo5,R. Bernal,,Washington Spirit,Away
2824014845,591,19,2,73,50,f1ks82wpiewyqs6h3oz9v4hzj,1,0.0,0.0,2025-06-23T03:41:52.077Z,2025-06-23T03:42:37Z,"[{'id': 5778840833, 'qualifierId': 42}, {'id': 5778840839, 'qualifierId': 59, 'value': '22'}, {'id': 5778841177, 'qualifierId': 292, 'value': '5'}, {'id': 5778840843, 'qualifierId': 55, 'value': '590'}, {'id': 5778840841, 'qualifierId': 44, 'value': 'Midfielder'}, {'id': 5778841179, 'qualifierId': 293, 'value': '4'}, {'id': 5778840837, 'qualifierId': 145, 'value': '8'}]",bz6tei03n7cj4mbdsx20wd0yc,H. Stainbrook,,Washington Spirit,Away
2824014881,721,1,2,74,10,esvbnzqbyvxp2k570ez7h1a1g,1,64.1,0.0,2025-06-23T03:42:12.108Z,2025-06-23T03:42:16Z,"[{'id': 5778841027, 'qualifierId': 140, 'value': '72.9'}, {'id': 5778841031, 'qualifierId': 212, 'value': '11.4'}, {'id': 5778841033, 'qualifierId': 213, 'value': '0.63'}, {'id': 5778841025, 'qualifierId': 56, 'value': 'Right'}, {'id': 5778841029, 'qualifierId': 141, 'value': '7.9'}, {'id': 5778841023, 'qualifierId': 107}]",auyj06nha2syoygo7prfadobu,H. Lundkvist,,San Diego Wave,Home
2824014883,722,50,2,74,14,esvbnzqbyvxp2k570ez7h1a1g,1,72.1,10.4,2025-06-23T03:42:15.846Z,2025-06-23T03:42:27Z,"[{'id': 5778841049, 'qualifierId': 233, 'value': '592'}, {'id': 5778841039, 'qualifierId': 286}, {'id': 5778841037, 'qualifierId': 56, 'value': 'Right'}]",7p8n46qssxb0drknt952vivbo,K. Ascanio,,San Diego Wave,Home
2824014885,592,7,2,74,14,f1ks82wpiewyqs6h3oz9v4hzj,1,27.9,89.6,2025-06-23T03:42:15.847Z,2025-07-01T21:50:29Z,"[{'id': 5785930835, 'qualifierId': 178}, {'id': 5778841043, 'qualifierId': 285}, {'id': 5778841041, 'qualifierId': 56, 'value': 'Back'}, {'id': 5778841045, 'qualifierId': 233, 'value': '722'}, {'id': 5785930833, 'qualifierId': 384}]",bz6tei03n7cj4mbdsx20wd0yc,H. Stainbrook,,Washington Spirit,Away
2824014887,593,1,2,74,15,f1ks82wpiewyqs6h3oz9v4hzj,0,21.5,86.3,2025-06-23T03:42:16.878Z,2025-06-23T03:42:18Z,"[{'id': 5778841055, 'qualifierId': 56, 'value': 'Back'}, {'id': 5778841063, 'qualifierId': 213, 'value': '6.00'}, {'id': 5778841061, 'qualifierId': 212, 'value': '11.6'}, {'id': 5778841057, 'qualifierId': 140, 'value': '32.1'}, {'id': 5778841053, 'qualifierId': 157}, {'id': 5778841065, 'qualifierId': 1}, {'id': 5778841059, 'qualifierId': 141, 'value': '81.5'}]",bz6tei03n7cj4mbdsx20wd0yc,H. Stainbrook,,Washington Spirit,Away
2824014891,723,1,2,74,18,esvbnzqbyvxp2k570ez7h1a1g,0,67.8,17.9,2025-06-23T03:42:20.542Z,2025-06-23T03:42:22Z,"[{'id': 5778841087, 'qualifierId': 212, 'value': '24.2'}, {'id': 5778841079, 'qualifierId': 155}, {'id': 5778841085, 'qualifierId': 141, 'value': '20.0'}, {'id': 5778841081, 'qualifierId': 56, 'value': 'Right'}, {'id': 5778841089, 'qualifierId': 213, 'value': '0.06'}, {'id': 5778841083, 'qualifierId': 140, 'value': '90.8'}]",6h8t7apz5vzk0pjxo8hbbkfhm,S. McCaskill,,San Diego Wave,Home
2824014893,594,43,2,74,21,f1ks82wpiewyqs6h3oz9v4hzj,1,0.0,0.0,2025-06-23T03:42:22.939Z,2025-06-23T03:42:33Z,"[{'id': 5778841093, 'qualifierId': 155, 'value': '0'}, {'id': 5778841091, 'qualifierId': 2, 'value': '0'}, {'id': 5778841099, 'qualifierId': 141, 'value': '82.0'}, {'id': 5778841095, 'qualifierId': 56, 'value': 'Back'}, {'id': 5778841139, 'qualifierId': 144, 'value': '1'}, {'id': 5778841103, 'qualifierId': 213, 'value': '0.00'}, {'id': 5778841097, 'qualifierId': 140, 'value': '6.1'}, {'id': 5778841101, 'qualifierId': 212, 'value': '0'}]",coy005g9noltjta4ka7utllp0,H. Hershfelt,,Washington Spirit,Away
2824014897,595,12,2,74,21,f1ks82wpiewyqs6h3oz9v4hzj,1,6.1,82.0,2025-06-23T03:42:23.049Z,2025-06-23T03:42:24Z,"[{'id': 5778841115, 'qualifierId': 212, 'value': '7.0'}, {'id': 5778841109, 'qualifierId': 56, 'value': 'Back'}, {'id': 5778841117, 'qualifierId': 213, 'value': '0.22'}, {'id': 5778841113, 'qualifierId': 141, 'value': '84.2'}, {'id': 5778841111, 'qualifierId': 140, 'value': '12.6'}]",coy005g9noltjta4ka7utllp0,H. Hershfelt,,Washington Spirit,Away
2824014895,724,61,2,74,22,esvbnzqbyvxp2k570ez7h1a1g,1,88.0,20.0,2025-06-23T03:42:24.376Z,2025-06-23T03:42:24Z,"[{'id': 5778841107, 'qualifierId': 56, 'value': 'Right'}]",3gu9gaz6w7eq79qnaqj3b7jdh,D. Cascarino,,San Diego Wave,Home
2824014899,596,5,2,74,22,f1ks82wpiewyqs6h3oz9v4hzj,1,-1.0,74.4,2025-06-23T03:42:24.658Z,2025-06-23T03:42:34Z,"[{'id': 5778841121, 'qualifierId': 346}, {'id': 5778841127, 'qualifierId': 233, 'value': '725'}, {'id': 5778841119, 'qualifierId': 56, 'value': 'Back'}]",coy005g9noltjta4ka7utllp0,H. Hershfelt,,Washington Spirit,Away
2824014901,725,5,2,74,22,esvbnzqbyvxp2k570ez7h1a1g,0,101.0,25.6,2025-06-23T03:42:24.658Z,2025-06-23T03:42:34Z,"[{'id': 5778841125, 'qualifierId': 346}, {'id': 5778841131, 'qualifierId': 233, 'value': '596'}, {'id': 5778841123, 'qualifierId': 56, 'value': 'Center'}]",3gu9gaz6w7eq79qnaqj3b7jdh,D. Cascarino,,San Diego Wave,Home
2824014933,597,1,2,74,45,f1ks82wpiewyqs6h3oz9v4hzj,1,3.8,52.4,2025-06-23T03:42:47.285Z,2025-06-23T03:42:50Z,"[{'id': 5778841315, 'qualifierId': 213, 'value': '4.84'}, {'id': 5778841313, 'qualifierId': 212, 'value': '14.5'}, {'id': 5778841307, 'qualifierId': 56, 'value': 'Back'}, {'id': 5778841319, 'qualifierId': 237}, {'id': 5778841311, 'qualifierId': 141, 'value': '31.2'}, {'id': 5778841309, 'qualifierId': 140, 'value': '5.6'}, {'id': 5778841305, 'qualifierId': 124}]",d9dirjpaqkq3gga2zyeykcv6d,A. Kingsbury,,Washington Spirit,Away
2824014937,598,1,2,74,48,f1ks82wpiewyqs6h3oz9v4hzj,0,5.4,27.0,2025-06-23T03:42:50.753Z,2025-06-23T03:42:54Z,"[{'id': 5778841333, 'qualifierId': 56, 'value': 'Back'}, {'id': 5778841339, 'qualifierId': 212, 'value': '30.1'}, {'id': 5778841341, 'qualifierId': 213, 'value': '6.12'}, {'id': 5778841335, 'qualifierId': 140, 'value': '33.7'}, {'id': 5778841337, 'qualifierId': 141, 'value': '20.0'}]",27dktxivmcqmi1lkz1vs49qi2,T. McKeown,,Washington Spirit,Away
2824014939,599,61,2,74,52,f1ks82wpiewyqs6h3oz9v4hzj,0,34.3,17.8,2025-06-23T03:42:53.893Z,2025-07-01T21:53:00Z,"[{'id': 5778841345, 'qualifierId': 56, 'value': 'Back'}]",1jlc387u7fdpnnus9nlsb179w,R. Kouassi,,Washington Spirit,Away
2824014941,726,61,2,74,52,esvbnzqbyvxp2k570ez7h1a1g,1,65.7,82.2,2025-06-23T03:42:53.894Z,2025-07-01T21:53:02Z,"[{'id': 5778841349, 'qualifierId': 56, 'value': 'Left'}]",3x6baiktcpcjxxh258a5uebpx,P. Morroni,,San Diego Wave,Home
2824014943,727,49,2,74,54,esvbnzqbyvxp2k570ez7h1a1g,1,62.7,81.4,2025-06-23T03:42:56.555Z,2025-06-23T03:42:56Z,[],6h8t7apz5vzk0pjxo8hbbkfhm,S. McCaskill,,San Diego Wave,Home
2824014947,728,1,2,74,54,esvbnzqbyvxp2k570ez7h1a1g,1,62.7,81.4,2025-06-23T03:42:56.635Z,2025-06-23T03:45:58Z,"[{'id': 5778841371, 'qualifierId': 213, 'value': '5.89'}, {'id': 5778841367, 'qualifierId': 141, 'value': '77.8'}, {'id': 5778841363, 'qualifierId': 56, 'value': 'Center'}, {'id': 5778841369, 'qualifierId': 212, 'value': '6.4'}, {'id': 5778841365, 'qualifierId': 140, 'value': '68.3'}]",6h8t7apz5vzk0pjxo8hbbkfhm,S. McCaskill,,San Diego Wave,Home
2824014949,729,1,2,74,54,esvbnzqbyvxp2k570ez7h1a1g,0,70.1,78.1,2025-06-23T03:42:56.648Z,2025-06-23T03:45:38Z,"[{'id': 5778843035, 'qualifierId': 141, 'value': '70.7'}, {'id': 5778841375, 'qualifierId': 56, 'value': 'Center'}, {'id': 5778843037, 'qualifierId': 212, 'value': '5.2'}, {'id': 5778843033, 'qualifierId': 140, 'value': '68.9'}, {'id': 5778843039, 'qualifierId': 213, 'value': '4.47'}]",7p8n46qssxb0drknt952vivbo,K. Ascanio,,San Diego Wave,Home
2824014951,600,1,2,74,55,f1ks82wpiewyqs6h3oz9v4hzj,0,31.5,27.0,2025-06-23T03:42:56.939Z,2025-06-23T03:42:59Z,"[{'id': 5778841379, 'qualifierId': 140, 'value': '29.4'}, {'id': 5778841397, 'qualifierId': 286}, {'id': 5778841381, 'qualifierId': 141, 'value': '24.1'}, {'id': 5778841393, 'qualifierId': 233, 'value': '730'}, {'id': 5778841391, 'qualifierId': 236}, {'id': 5778841377, 'qualifierId': 56, 'value': 'Back'}, {'id': 5778841383, 'qualifierId': 212, 'value': '3.0'}, {'id': 5778841385, 'qualifierId': 213, 'value': '3.87'}]",bz6tei03n7cj4mbdsx20wd0yc,H. Stainbrook,,Washington Spirit,Away
2824014953,730,74,2,74,55,esvbnzqbyvxp2k570ez7h1a1g,1,67.5,73.3,2025-06-23T03:42:56.940Z,2025-06-23T04:05:39Z,"[{'id': 5778841387, 'qualifierId': 56, 'value': 'Center'}, {'id': 5778841399, 'qualifierId': 233, 'value': '600'}, {'id': 5778841389, 'qualifierId': 285}]",7p8n46qssxb0drknt952vivbo,K. Ascanio,,San Diego Wave,Home
2824014957,731,1,2,74,59,esvbnzqbyvxp2k570ez7h1a1g,1,72.7,59.7,2025-06-23T03:43:01.468Z,2025-06-23T03:46:12Z,"[{'id': 5778841425, 'qualifierId': 213, 'value': '4.69'}, {'id': 5778841419, 'qualifierId': 140, 'value': '72.4'}, {'id': 5778841417, 'qualifierId': 56, 'value': 'Center'}, {'id': 5778841423, 'qualifierId': 212, 'value': '17.1'}, {'id': 5778841421, 'qualifierId': 141, 'value': '34.6'}]",7p8n46qssxb0drknt952vivbo,K. Ascanio,,San Diego Wave,Home
2824014959,732,1,2,75,1,esvbnzqbyvxp2k570ez7h1a1g,0,76.4,28.8,2025-06-23T03:43:02.923Z,2025-07-01T21:53:40Z,"[{'id': 5785930875, 'qualifierId': 20}, {'id': 5778841437, 'qualifierId': 141, 'value': '53.9'}, {'id': 5778841429, 'qualifierId': 2}, {'id': 5778841441, 'qualifierId': 213, 'value': '0.96'}, {'id': 5785930873, 'qualifierId': 224}, {'id': 5778841435, 'qualifierId': 140, 'value': '87.7'}, {'id': 5778841439, 'qualifierId': 212, 'value': '20.8'}, {'id': 5778841431, 'qualifierId': 155}, {'id': 5778841433, 'qualifierId': 56, 'value': 'Center'}]",auyj06nha2syoygo7prfadobu,H. Lundkvist,,San Diego Wave,Home
2824014975,601,12,2,75,2,f1ks82wpiewyqs6h3oz9v4hzj,1,8.7,49.1,2025-06-23T03:43:04.609Z,2025-06-23T03:43:14Z,"[{'id': 5778841543, 'qualifierId': 141, 'value': '57.2'}, {'id': 5778841539, 'qualifierId': 56, 'value': 'Back'}, {'id': 5778841541, 'qualifierId': 140, 'value': '30.6'}, {'id': 5778841545, 'qualifierId': 212, 'value': '23.6'}, {'id': 5778841547, 'qualifierId': 213, 'value': '0.24'}]",27dktxivmcqmi1lkz1vs49qi2,T. McKeown,,Washington Spirit,Away
2824014977,733,1,2,75,10,esvbnzqbyvxp2k570ez7h1a1g,1,73.3,55.1,2025-06-23T03:43:12.011Z,2025-06-23T03:43:14Z,"[{'id': 5778841557, 'qualifierId': 213, 'value': '1.51'}, {'id': 5778841555, 'qualifierId': 212, 'value': '8.0'}, {'id': 5778841551, 'qualifierId': 140, 'value': '73.8'}, {'id': 5778841549, 'qualifierId': 56, 'value': 'Center'}, {'id': 5778841553, 'qualifierId': 141, 'value': '66.9'}]",auyj06nha2syoygo7prfadobu,H. Lundkvist,,San Diego Wave,Home
2824014983,734,50,2,75,12,esvbnzqbyvxp2k570ez7h1a1g,1,72.3,77.4,2025-06-23T03:43:14.168Z,2025-06-23T04:05:41Z,"[{'id': 5778841571, 'qualifierId': 286}, {'id': 5778841569, 'qualifierId': 56, 'value': 'Center'}, {'id': 5778841591, 'qualifierId': 233, 'value': '602'}]",3x6baiktcpcjxxh258a5uebpx,P. Morroni,,San Diego Wave,Home
2824014981,602,7,2,75,12,f1ks82wpiewyqs6h3oz9v4hzj,0,27.7,22.6,2025-06-23T03:43:14.169Z,2025-07-01T21:54:24Z,"[{'id': 5778841567, 'qualifierId': 285}, {'id': 5785930927, 'qualifierId': 384}, {'id': 5778841587, 'qualifierId': 233, 'value': '734'}, {'id': 5785930929, 'qualifierId': 178}, {'id': 5778841565, 'qualifierId': 56, 'value': 'Back'}]",1jlc387u7fdpnnus9nlsb179w,R. Kouassi,,Washington Spirit,Away
2825279135,904,61,2,75,12,esvbnzqbyvxp2k570ez7h1a1g,1,70.7,78.4,2025-06-23T03:43:14.236Z,2025-07-01T21:54:20Z,"[{'id': 5785930911, 'qualifierId': 56, 'value': 'Center'}]",3x6baiktcpcjxxh258a5uebpx,P. Morroni,,San Diego Wave,Home
2824014987,735,1,2,75,14,esvbnzqbyvxp2k570ez7h1a1g,1,73.6,96.0,2025-06-23T03:43:16.395Z,2025-06-23T03:43:19Z,"[{'id': 5778841599, 'qualifierId': 56, 'value': 'Left'}, {'id': 5778841603, 'qualifierId': 141, 'value': '88.7'}, {'id': 5778841601, 'qualifierId': 140, 'value': '76.7'}, {'id': 5778841605, 'qualifierId': 212, 'value': '5.9'}, {'id': 5778841607, 'qualifierId': 213, 'value': '5.29'}]",5kaxtpwnuplnrodirmblx3cb8,M. Barcenas,,San Diego Wave,Home
2824014989,736,1,2,75,17,esvbnzqbyvxp2k570ez7h1a1g,1,75.7,87.2,2025-06-23T03:43:19.307Z,2025-06-23T03:43:20Z,"[{'id': 5778841617, 'qualifierId': 212, 'value': '7.4'}, {'id': 5778841623, 'qualifierId': 156}, {'id': 5778841615, 'qualifierId': 141, 'value': '94.5'}, {'id': 5778841611, 'qualifierId': 56, 'value': 'Left'}, {'id': 5778841619, 'qualifierId': 213, 'value': '2.40'}, {'id': 5778841613, 'qualifierId': 140, 'value': '70.5'}]",7p8n46qssxb0drknt952vivbo,K. Ascanio,,San Diego Wave,Home
2824014993,737,1,2,75,17,esvbnzqbyvxp2k570ez7h1a1g,0,72.6,93.3,2025-06-23T03:43:19.556Z,2025-06-23T03:46:50Z,"[{'id': 5778841643, 'qualifierId': 212, 'value': '25.4'}, {'id': 5778841639, 'qualifierId': 140, 'value': '89.2'}, {'id': 5778841641, 'qualifierId': 141, 'value': '66.1'}, {'id': 5778841645, 'qualifierId': 213, 'value': '5.47'}, {'id': 5778841637, 'qualifierId': 56, 'value': 'Center'}]",5kaxtpwnuplnrodirmblx3cb8,M. Barcenas,,San Diego Wave,Home
2824014997,603,12,2,75,18,f1ks82wpiewyqs6h3oz9v4hzj,1,12.6,27.7,2025-06-23T03:43:20.402Z,2025-06-23T03:43:23Z,"[{'id': 5778841661, 'qualifierId': 140, 'value': '27.1'}, {'id': 5778841663, 'qualifierId': 141, 'value': '13.5'}, {'id': 5778841667, 'qualifierId': 213, 'value': '5.72'}, {'id': 5778841659, 'qualifierId': 56, 'value': 'Back'}, {'id': 5778841665, 'qualifierId': 212, 'value': '18.0'}]",27dktxivmcqmi1lkz1vs49qi2,T. McKeown,,Washington Spirit,Away
2824015001,604,1,2,75,21,f1ks82wpiewyqs6h3oz9v4hzj,1,27.1,13.5,2025-06-23T03:43:23.167Z,2025-06-23T03:43:24Z,"[{'id': 5778841687, 'qualifierId': 56, 'value': 'Back'}, {'id': 5778841689, 'qualifierId': 140, 'value': '34.2'}, {'id': 5778841693, 'qualifierId': 212, 'value': '7.6'}, {'id': 5778841683, 'qualifierId': 3}, {'id': 5778841691, 'qualifierId': 141, 'value': '11.0'}, {'id': 5778841695, 'qualifierId': 213, 'value': '6.06'}, {'id': 5778841685, 'qualifierId': 168}]",1jlc387u7fdpnnus9nlsb179w,R. Kouassi,,Washington Spirit,Away
2824015003,605,49,2,75,22,f1ks82wpiewyqs6h3oz9v4hzj,1,34.2,11.0,2025-06-23T03:43:24.511Z,2025-06-23T03:43:24Z,[],yay5mq8trvoxv9mwm4mqzn8q,G. Monday,,Washington Spirit,Away
2824015005,606,61,2,75,23,f1ks82wpiewyqs6h3oz9v4hzj,1,34.2,11.0,2025-06-23T03:43:25.010Z,2025-06-23T03:43:25Z,"[{'id': 5778841699, 'qualifierId': 56, 'value': 'Back'}]",yay5mq8trvoxv9mwm4mqzn8q,G. Monday,,Washington Spirit,Away
2824015007,607,1,2,75,23,f1ks82wpiewyqs6h3oz9v4hzj,1,28.3,6.0,2025-06-23T03:43:25.151Z,2025-07-01T21:55:01Z,"[{'id': 5785931087, 'qualifierId': 141, 'value': '7.2'}, {'id': 5778841701, 'qualifierId': 56, 'value': 'Back'}, {'id': 5785931085, 'qualifierId': 140, 'value': '32.8'}, {'id': 5785931089, 'qualifierId': 212, 'value': '4.8'}, {'id': 5785931091, 'qualifierId': 213, 'value': '0.17'}]",1jlc387u7fdpnnus9nlsb179w,R. Kouassi,,Washington Spirit,Away
2824015457,632,61,2,75,24,f1ks82wpiewyqs6h3oz9v4hzj,1,36.0,9.2,2025-06-23T03:43:26.380Z,2025-06-23T03:48:18Z,"[{'id': 5778844439, 'qualifierId': 56, 'value': 'Back'}]",yay5mq8trvoxv9mwm4mqzn8q,G. Monday,,Washington Spirit,Away
2824015021,739,49,2,75,25,esvbnzqbyvxp2k570ez7h1a1g,1,68.4,95.3,2025-06-23T03:43:26.844Z,2025-06-23T03:48:10Z,[],6p2318moul9op4hmigk1xbaw9,K. McNabb,,San Diego Wave,Home
2824015009,738,1,2,75,25,esvbnzqbyvxp2k570ez7h1a1g,0,68.0,94.8,2025-06-23T03:43:26.939Z,2025-06-23T03:43:28Z,"[{'id': 5778841711, 'qualifierId': 213, 'value': '0.27'}, {'id': 5778841707, 'qualifierId': 141, 'value': '95.1'}, {'id': 5778841745, 'qualifierId': 236}, {'id': 5778841705, 'qualifierId': 140, 'value': '68.7'}, {'id': 5778841751, 'qualifierId': 286}, {'id': 5778841703, 'qualifierId': 56, 'value': 'Left'}, {'id': 5778841709, 'qualifierId': 212, 'value': '0.8'}, {'id': 5778841747, 'qualifierId': 233, 'value': '608'}]",6p2318moul9op4hmigk1xbaw9,K. McNabb,,San Diego Wave,Home
2824015019,608,74,2,75,25,f1ks82wpiewyqs6h3oz9v4hzj,1,32.2,4.3,2025-06-23T03:43:26.940Z,2025-06-23T04:05:39Z,"[{'id': 5778841757, 'qualifierId': 233, 'value': '738'}, {'id': 5778841743, 'qualifierId': 285}, {'id': 5778841741, 'qualifierId': 56, 'value': 'Back'}]",yay5mq8trvoxv9mwm4mqzn8q,G. Monday,,Washington Spirit,Away
2824015297,619,43,2,75,25,f1ks82wpiewyqs6h3oz9v4hzj,1,0.0,0.0,2025-06-23T03:43:27.689Z,2025-06-23T03:48:50Z,"[{'id': 5778844577, 'qualifierId': 144, 'value': '61'}, {'id': 5778843329, 'qualifierId': 56, 'value': 'Back'}]",yay5mq8trvoxv9mwm4mqzn8q,G. Monday,,Washington Spirit,Away
2824015033,741,61,2,75,26,esvbnzqbyvxp2k570ez7h1a1g,1,66.3,97.7,2025-06-23T03:43:28.748Z,2025-06-23T03:43:38Z,"[{'id': 5778841821, 'qualifierId': 56, 'value': 'Left'}]",6p2318moul9op4hmigk1xbaw9,K. McNabb,,San Diego Wave,Home
2824015023,609,5,2,75,27,f1ks82wpiewyqs6h3oz9v4hzj,1,33.4,-1.8,2025-06-23T03:43:29.353Z,2025-06-23T03:43:34Z,"[{'id': 5778841761, 'qualifierId': 56, 'value': 'Back'}, {'id': 5778841763, 'qualifierId': 347}, {'id': 5778841785, 'qualifierId': 233, 'value': '740'}]",yay5mq8trvoxv9mwm4mqzn8q,G. Monday,,Washington Spirit,Away
2824015025,740,5,2,75,27,esvbnzqbyvxp2k570ez7h1a1g,0,66.6,101.8,2025-06-23T03:43:29.353Z,2025-06-23T03:46:34Z,"[{'id': 5778841765, 'qualifierId': 56, 'value': 'Left'}, {'id': 5778841767, 'qualifierId': 347}, {'id': 5778841771, 'qualifierId': 233, 'value': '609'}]",6p2318moul9op4hmigk1xbaw9,K. McNabb,,San Diego Wave,Home
2824015079,610,1,2,75,55,f1ks82wpiewyqs6h3oz9v4hzj,0,33.9,0.0,2025-06-23T03:43:57.230Z,2025-06-23T03:43:58Z,"[{'id': 5778842033, 'qualifierId': 140, 'value': '45.3'}, {'id': 5778842039, 'qualifierId': 213, 'value': '0.51'}, {'id': 5778842031, 'qualifierId': 56, 'value': 'Back'}, {'id': 5778842035, 'qualifierId': 141, 'value': '7.9'}, {'id': 5778842029, 'qualifierId': 107}, {'id': 5778842037, 'qualifierId': 212, 'value': '13.7'}]",8jc8ndxlodfrhxxao3k1fknbo,K. Sylla,,Washington Spirit,Away
2824015083,742,1,2,75,56,esvbnzqbyvxp2k570ez7h1a1g,0,58.4,92.4,2025-06-23T03:43:58.571Z,2025-07-01T21:55:57Z,"[{'id': 5778842065, 'qualifierId': 212, 'value': '9.8'}, {'id': 5778842059, 'qualifierId': 56, 'value': 'Center'}, {'id': 5778842063, 'qualifierId': 141, 'value': '78.5'}, {'id': 5778842061, 'qualifierId': 140, 'value': '60.7'}, {'id': 5778842067, 'qualifierId': 213, 'value': '4.96'}, {'id': 5778842057, 'qualifierId': 3}]",5kaxtpwnuplnrodirmblx3cb8,M. Barcenas,,San Diego Wave,Home
2824015089,611,1,2,75,57,f1ks82wpiewyqs6h3oz9v4hzj,0,34.9,27.1,2025-06-23T03:43:59.042Z,2025-07-01T21:55:54Z,"[{'id': 5778842099, 'qualifierId': 141, 'value': '32.1'}, {'id': 5778842093, 'qualifierId': 157}, {'id': 5778842095, 'qualifierId': 56, 'value': 'Back'}, {'id': 5778842105, 'qualifierId': 1}, {'id': 5778842097, 'qualifierId': 140, 'value': '46.1'}, {'id': 5778842101, 'qualifierId': 212, 'value': '12.2'}, {'id': 5778842103, 'qualifierId': 213, 'value': '0.28'}]",bz6tei03n7cj4mbdsx20wd0yc,H. Stainbrook,,Washington Spirit,Away
2824015161,750,49,2,75,59,esvbnzqbyvxp2k570ez7h1a1g,1,54.7,75.1,2025-06-23T03:44:01.108Z,2025-06-23T03:44:35Z,[],dzfr9ktjmxqj2eh2xibt7konp,K. Dali,,San Diego Wave,Home
2824015101,743,1,2,76,0,esvbnzqbyvxp2k570ez7h1a1g,1,57.6,71.1,2025-06-23T03:44:01.851Z,2025-06-23T03:44:05Z,"[{'id': 5778842165, 'qualifierId': 212, 'value': '7.7'}, {'id': 5778842159, 'qualifierId': 56, 'value': 'Center'}, {'id': 5778842167, 'qualifierId': 213, 'value': '5.03'}, {'id': 5778842163, 'qualifierId': 141, 'value': '60.3'}, {'id': 5778842161, 'qualifierId': 140, 'value': '59.9'}]",dzfr9ktjmxqj2eh2xibt7konp,K. Dali,,San Diego Wave,Home
2824015111,744,1,2,76,4,esvbnzqbyvxp2k570ez7h1a1g,1,61.8,59.7,2025-06-23T03:44:05.836Z,2025-06-23T03:44:08Z,"[{'id': 5778842199, 'qualifierId': 141, 'value': '29.4'}, {'id': 5778842197, 'qualifierId': 140, 'value': '66.5'}, {'id': 5778842203, 'qualifierId': 213, 'value': '4.95'}, {'id': 5778842195, 'qualifierId': 56, 'value': 'Center'}, {'id': 5778842201, 'qualifierId': 212, 'value': '21.2'}]",3gu9gaz6w7eq79qnaqj3b7jdh,D. Cascarino,,San Diego Wave,Home
2824015123,745,1,2,76,6,esvbnzqbyvxp2k570ez7h1a1g,1,71.7,26.2,2025-06-23T03:44:07.931Z,2025-07-01T21:56:17Z,"[{'id': 5778842263, 'qualifierId': 155}, {'id': 5785931431, 'qualifierId': 224}, {'id': 5778842261, 'qualifierId': 2}, {'id': 5785931433, 'qualifierId': 20}, {'id': 5778842269, 'qualifierId': 141, 'value': '66.7'}, {'id': 5778842265, 'qualifierId': 56, 'value': 'Center'}, {'id': 5778842271, 'qualifierId': 212, 'value': '38.3'}, {'id': 5778842273, 'qualifierId': 213, 'value': '0.80'}, {'id': 5778842267, 'qualifierId': 140, 'value': '97.1'}, {'id': 5778842275, 'qualifierId': 1}]",auyj06nha2syoygo7prfadobu,H. Lundkvist,,San Diego Wave,Home
2824015127,746,1,2,76,8,esvbnzqbyvxp2k570ez7h1a1g,1,95.9,66.1,2025-06-23T03:44:10.771Z,2025-06-23T03:45:58Z,"[{'id': 5778842295, 'qualifierId': 56, 'value': 'Center'}, {'id': 5778842303, 'qualifierId': 213, 'value': '4.45'}, {'id': 5778842301, 'qualifierId': 212, 'value': '8.5'}, {'id': 5778842297, 'qualifierId': 140, 'value': '93.8'}, {'id': 5778842299, 'qualifierId': 141, 'value': '54.0'}]",9ms54l53wseuxarpn4vfcx9g4,T. Armstrong,,San Diego Wave,Home
2824015129,747,61,2,76,9,esvbnzqbyvxp2k570ez7h1a1g,0,93.2,53.4,2025-06-23T03:44:11.667Z,2025-06-23T03:45:56Z,"[{'id': 5778842307, 'qualifierId': 56, 'value': 'Center'}]",321yjdo3gio1l33hc1pdps4wl,A. Leon,,San Diego Wave,Home
2824015149,612,12,2,76,10,f1ks82wpiewyqs6h3oz9v4hzj,1,6.4,55.7,2025-06-23T03:44:12.521Z,2025-06-23T03:45:55Z,"[{'id': 5778842399, 'qualifierId': 141, 'value': '49.0'}, {'id': 5778842403, 'qualifierId': 213, 'value': '6.12'}, {'id': 5778842397, 'qualifierId': 140, 'value': '33.2'}, {'id': 5778842401, 'qualifierId': 212, 'value': '28.5'}, {'id': 5778842395, 'qualifierId': 56, 'value': 'Back'}]",en29qfiuu01nsmekoqhycjo45,G. Carle,,Washington Spirit,Away
2824015165,751,43,2,76,11,esvbnzqbyvxp2k570ez7h1a1g,1,0.0,0.0,2025-06-23T03:44:13.528Z,2025-06-23T03:50:32Z,"[{'id': 5778842513, 'qualifierId': 56, 'value': 'Center'}, {'id': 5778845491, 'qualifierId': 144, 'value': '61'}]",321yjdo3gio1l33hc1pdps4wl,A. Leon,,San Diego Wave,Home
2824015145,748,15,2,76,13,esvbnzqbyvxp2k570ez7h1a1g,1,70.9,44.8,2025-06-23T03:44:15.292Z,2025-06-23T03:55:43Z,"[{'id': 5778842453, 'qualifierId': 102, 'value': '52.3'}, {'id': 5778842459, 'qualifierId': 458}, {'id': 5778842451, 'qualifierId': 76}, {'id': 5778842367, 'qualifierId': 18}, {'id': 5778842455, 'qualifierId': 103, 'value': '3.8'}, {'id': 5778842435, 'qualifierId': 20}, {'id': 5778842463, 'qualifierId': 147, 'value': '49.5'}, {'id': 5778842461, 'qualifierId': 146, 'value': '99.1'}, {'id': 5778842365, 'qualifierId': 22}, {'id': 5778842467, 'qualifierId': 233, 'value': '613'}, {'id': 5778842369, 'qualifierId': 56, 'value': 'Center'}, {'id': 5778842457, 'qualifierId': 215}]",6h8t7apz5vzk0pjxo8hbbkfhm,S. McCaskill,,San Diego Wave,Home
2824015151,613,10,2,76,13,f1ks82wpiewyqs6h3oz9v4hzj,1,2.1,49.9,2025-06-23T03:44:15.392Z,2025-07-01T21:57:45Z,"[{'id': 5778842405, 'qualifierId': 173}, {'id': 5778842411, 'qualifierId': 56, 'value': 'Back'}, {'id': 5778842413, 'qualifierId': 179}, {'id': 5778842471, 'qualifierId': 233, 'value': '748'}, {'id': 5785931595, 'qualifierId': 376}, {'id': 5778842409, 'qualifierId': 182}]",d9dirjpaqkq3gga2zyeykcv6d,A. Kingsbury,,Washington Spirit,Away
2824015153,614,5,2,76,19,f1ks82wpiewyqs6h3oz9v4hzj,0,5.0,-1.6,2025-06-23T03:44:21.403Z,2025-06-23T03:46:34Z,"[{'id': 5778842417, 'qualifierId': 56, 'value': 'Back'}, {'id': 5778842433, 'qualifierId': 233, 'value': '749'}, {'id': 5778842419, 'qualifierId': 347}]",d9dirjpaqkq3gga2zyeykcv6d,A. Kingsbury,,Washington Spirit,Away
2824015155,749,5,2,76,19,esvbnzqbyvxp2k570ez7h1a1g,1,95.0,101.6,2025-06-23T03:44:21.403Z,2025-06-23T03:44:23Z,"[{'id': 5778842423, 'qualifierId': 347}, {'id': 5778842421, 'qualifierId': 56, 'value': 'Left'}, {'id': 5778842427, 'qualifierId': 233, 'value': '614'}]",6h8t7apz5vzk0pjxo8hbbkfhm,S. McCaskill,,San Diego Wave,Home
2824015181,752,1,2,76,41,esvbnzqbyvxp2k570ez7h1a1g,0,91.3,100.0,2025-06-23T03:44:43.051Z,2025-06-23T03:44:54Z,"[{'id': 5778842573, 'qualifierId': 56, 'value': 'Left'}, {'id': 5778842579, 'qualifierId': 212, 'value': '2.1'}, {'id': 5778842571, 'qualifierId': 107}, {'id': 5778842575, 'qualifierId': 140, 'value': '91.3'}, {'id': 5778842601, 'qualifierId': 189}, {'id': 5778842581, 'qualifierId': 213, 'value': '4.71'}, {'id': 5778842577, 'qualifierId': 141, 'value': '98.9'}]",3x6baiktcpcjxxh258a5uebpx,P. Morroni,,San Diego Wave,Home
2824015177,615,61,2,76,42,f1ks82wpiewyqs6h3oz9v4hzj,1,3.8,6.5,2025-06-23T03:44:44.196Z,2025-06-23T03:44:48Z,"[{'id': 5778842563, 'qualifierId': 56, 'value': 'Back'}, {'id': 5778842599, 'qualifierId': 189}]",1jlc387u7fdpnnus9nlsb179w,R. Kouassi,,Washington Spirit,Away
2824015179,616,6,2,76,44,f1ks82wpiewyqs6h3oz9v4hzj,0,6.0,5.0,2025-06-23T03:44:46.316Z,2025-07-01T21:58:04Z,"[{'id': 5778842597, 'qualifierId': 233, 'value': '753'}, {'id': 5778842569, 'qualifierId': 73}, {'id': 5778842567, 'qualifierId': 56, 'value': 'Back'}]",1jlc387u7fdpnnus9nlsb179w,R. Kouassi,,Washington Spirit,Away
2824015183,753,6,2,76,44,esvbnzqbyvxp2k570ez7h1a1g,1,94.0,95.0,2025-06-23T03:44:46.316Z,2025-06-23T03:44:49Z,"[{'id': 5778842587, 'qualifierId': 56, 'value': 'Left'}, {'id': 5778842589, 'qualifierId': 73}, {'id': 5778842591, 'qualifierId': 233, 'value': '616'}]",3x6baiktcpcjxxh258a5uebpx,P. Morroni,,San Diego Wave,Home
2824015203,754,1,2,76,57,esvbnzqbyvxp2k570ez7h1a1g,1,99.5,99.5,2025-06-23T03:44:59.355Z,2025-06-23T03:45:03Z,"[{'id': 5778842687, 'qualifierId': 140, 'value': '85.6'}, {'id': 5778842685, 'qualifierId': 56, 'value': 'Left'}, {'id': 5778842693, 'qualifierId': 213, 'value': '3.39'}, {'id': 5778842689, 'qualifierId': 141, 'value': '94.1'}, {'id': 5778842691, 'qualifierId': 212, 'value': '15.0'}, {'id': 5778842683, 'qualifierId': 6}]",dzfr9ktjmxqj2eh2xibt7konp,K. Dali,,San Diego Wave,Home
2824015209,755,1,2,76,58,esvbnzqbyvxp2k570ez7h1a1g,1,85.0,93.8,2025-06-23T03:45:00.333Z,2025-06-23T03:45:03Z,"[{'id': 5778842721, 'qualifierId': 212, 'value': '14.5'}, {'id': 5778842715, 'qualifierId': 56, 'value': 'Center'}, {'id': 5778842723, 'qualifierId': 213, 'value': '4.29'}, {'id': 5778842719, 'qualifierId': 141, 'value': '74.4'}, {'id': 5778842717, 'qualifierId': 140, 'value': '79.3'}]",6h8t7apz5vzk0pjxo8hbbkfhm,S. McCaskill,,San Diego Wave,Home
2824015207,617,43,2,77,0,f1ks82wpiewyqs6h3oz9v4hzj,1,0.0,0.0,2025-06-23T03:45:02.198Z,2025-06-23T03:45:05Z,"[{'id': 5778842741, 'qualifierId': 144, 'value': '83'}]",4wgwp2bd4xrjbg7s4p193aooa,C. Bethune,,Washington Spirit,Away
2824015213,756,4,2,77,1,esvbnzqbyvxp2k570ez7h1a1g,1,77.8,75.6,2025-06-23T03:45:03.400Z,2025-06-23T03:45:20Z,"[{'id': 5778842747, 'qualifierId': 152}, {'id': 5778842947, 'qualifierId': 294}, {'id': 5778842745, 'qualifierId': 56, 'value': 'Center'}, {'id': 5778842751, 'qualifierId': 286}, {'id': 5778842753, 'qualifierId': 233, 'value': '618'}, {'id': 5778842743, 'qualifierId': 13}]",5kaxtpwnuplnrodirmblx3cb8,M. Barcenas,,San Diego Wave,Home
2824015211,618,4,2,77,1,f1ks82wpiewyqs6h3oz9v4hzj,0,22.2,24.4,2025-06-23T03:45:03.401Z,2025-06-23T03:45:19Z,"[{'id': 5778842739, 'qualifierId': 285}, {'id': 5778842927, 'qualifierId': 294}, {'id': 5778842731, 'qualifierId': 13}, {'id': 5778842759, 'qualifierId': 233, 'value': '756'}, {'id': 5778842733, 'qualifierId': 56, 'value': 'Back'}, {'id': 5778842735, 'qualifierId': 152}]",4wgwp2bd4xrjbg7s4p193aooa,C. Bethune,,Washington Spirit,Away
2824015307,757,15,2,78,17,esvbnzqbyvxp2k570ez7h1a1g,1,78.5,74.1,2025-06-23T03:46:19.659Z,2025-06-23T03:46:30Z,"[{'id': 5778843337, 'qualifierId': 18}, {'id': 5778843387, 'qualifierId': 146, 'value': '99.1'}, {'id': 5778843379, 'qualifierId': 76}, {'id': 5778843385, 'qualifierId': 458}, {'id': 5778843335, 'qualifierId': 26}, {'id': 5778843389, 'qualifierId': 147, 'value': '50.7'}, {'id': 5778843359, 'qualifierId': 20}, {'id': 5778843381, 'qualifierId': 102, 'value': '53.3'}, {'id': 5778843339, 'qualifierId': 56, 'value': 'Center'}, {'id': 5778843383, 'qualifierId': 103, 'value': '10.1'}, {'id': 5778843377, 'qualifierId': 120}, {'id': 5778843393, 'qualifierId': 233, 'value': '620'}]",dzfr9ktjmxqj2eh2xibt7konp,K. Dali,,San Diego Wave,Home
2824015311,620,10,2,78,17,f1ks82wpiewyqs6h3oz9v4hzj,1,1.5,47.3,2025-06-23T03:46:19.759Z,2025-07-01T21:58:48Z,"[{'id': 5778843351, 'qualifierId': 182}, {'id': 5785931635, 'qualifierId': 376}, {'id': 5778843353, 'qualifierId': 56, 'value': 'Back'}, {'id': 5778843347, 'qualifierId': 173}, {'id': 5778843363, 'qualifierId': 179}, {'id': 5778843397, 'qualifierId': 233, 'value': '757'}]",d9dirjpaqkq3gga2zyeykcv6d,A. Kingsbury,,Washington Spirit,Away
2824015313,621,6,2,78,20,f1ks82wpiewyqs6h3oz9v4hzj,0,9.0,39.3,2025-06-23T03:46:22.559Z,2025-07-01T21:58:56Z,"[{'id': 5778843373, 'qualifierId': 233, 'value': '758'}, {'id': 5778843365, 'qualifierId': 56, 'value': 'Back'}, {'id': 5778843367, 'qualifierId': 73}]",d9dirjpaqkq3gga2zyeykcv6d,A. Kingsbury,,Washington Spirit,Away
2824015309,758,6,2,78,20,esvbnzqbyvxp2k570ez7h1a1g,1,91.0,60.7,2025-06-23T03:46:22.559Z,2025-06-23T03:46:37Z,"[{'id': 5778843355, 'qualifierId': 56, 'value': 'Center'}, {'id': 5778843357, 'qualifierId': 73}, {'id': 5778843369, 'qualifierId': 233, 'value': '621'}]",dzfr9ktjmxqj2eh2xibt7konp,K. Dali,,San Diego Wave,Home
2824015335,759,1,2,78,35,esvbnzqbyvxp2k570ez7h1a1g,1,99.5,99.5,2025-06-23T03:46:37.324Z,2025-06-23T03:51:21Z,"[{'id': 5778843475, 'qualifierId': 140, 'value': '82.0'}, {'id': 5778843471, 'qualifierId': 6}, {'id': 5778843479, 'qualifierId': 212, 'value': '19.4'}, {'id': 5778843473, 'qualifierId': 56, 'value': 'Left'}, {'id': 5778843477, 'qualifierId': 141, 'value': '90.5'}, {'id': 5778843481, 'qualifierId': 213, 'value': '3.46'}, {'id': 5778846133, 'qualifierId': 189}]",dzfr9ktjmxqj2eh2xibt7konp,K. Dali,,San Diego Wave,Home
2824015339,760,1,2,78,36,esvbnzqbyvxp2k570ez7h1a1g,1,82.1,90.5,2025-06-23T03:46:38.572Z,2025-06-23T03:51:19Z,"[{'id': 5778843495, 'qualifierId': 212, 'value': '4.9'}, {'id': 5778843497, 'qualifierId': 213, 'value': '3.93'}, {'id': 5778846087, 'qualifierId': 189}, {'id': 5778843489, 'qualifierId': 56, 'value': 'Left'}, {'id': 5778843493, 'qualifierId': 141, 'value': '85.4'}, {'id': 5778843491, 'qualifierId': 140, 'value': '78.8'}]",6h8t7apz5vzk0pjxo8hbbkfhm,S. McCaskill,,San Diego Wave,Home
2824015341,761,1,2,78,37,esvbnzqbyvxp2k570ez7h1a1g,0,78.7,85.3,2025-06-23T03:46:39.469Z,2025-07-01T21:59:03Z,"[{'id': 5785931651, 'qualifierId': 20}, {'id': 5778843517, 'qualifierId': 56, 'value': 'Center'}, {'id': 5778843525, 'qualifierId': 213, 'value': '5.15'}, {'id': 5778843519, 'qualifierId': 140, 'value': '89.0'}, {'id': 5785931649, 'qualifierId': 223}, {'id': 5778843513, 'qualifierId': 2}, {'id': 5778843523, 'qualifierId': 212, 'value': '25.4'}, {'id': 5778843521, 'qualifierId': 141, 'value': '51.5'}, {'id': 5778843515, 'qualifierId': 155}]",5kaxtpwnuplnrodirmblx3cb8,M. Barcenas,,San Diego Wave,Home
2824015343,622,44,2,78,38,f1ks82wpiewyqs6h3oz9v4hzj,1,11.0,48.7,2025-06-23T03:46:40.560Z,2025-06-23T04:06:10Z,"[{'id': 5778843529, 'qualifierId': 285}, {'id': 5778843527, 'qualifierId': 56, 'value': 'Back'}, {'id': 5778843575, 'qualifierId': 233, 'value': '762'}]",8jc8ndxlodfrhxxao3k1fknbo,K. Sylla,,Washington Spirit,Away
2824015349,762,44,2,78,38,esvbnzqbyvxp2k570ez7h1a1g,0,89.0,51.3,2025-06-23T03:46:40.561Z,2025-06-23T04:06:10Z,"[{'id': 5778843561, 'qualifierId': 286}, {'id': 5778843579, 'qualifierId': 233, 'value': '622'}, {'id': 5778843559, 'qualifierId': 56, 'value': 'Center'}]",9ms54l53wseuxarpn4vfcx9g4,T. Armstrong,,San Diego Wave,Home
2824015347,623,12,2,78,39,f1ks82wpiewyqs6h3oz9v4hzj,1,10.8,49.0,2025-06-23T03:46:40.857Z,2025-06-23T03:46:43Z,"[{'id': 5778843551, 'qualifierId': 141, 'value': '31.2'}, {'id': 5778843549, 'qualifierId': 140, 'value': '14.7'}, {'id': 5778843553, 'qualifierId': 212, 'value': '12.8'}, {'id': 5778843547, 'qualifierId': 56, 'value': 'Back'}, {'id': 5778843557, 'qualifierId': 15}, {'id': 5778843555, 'qualifierId': 213, 'value': '5.04'}]",8jc8ndxlodfrhxxao3k1fknbo,K. Sylla,,Washington Spirit,Away
2824015353,763,1,2,78,41,esvbnzqbyvxp2k570ez7h1a1g,0,88.1,62.0,2025-06-23T03:46:43.196Z,2025-06-23T03:52:34Z,"[{'id': 5778843589, 'qualifierId': 212, 'value': '9.5'}, {'id': 5778843591, 'qualifierId': 213, 'value': '3.22'}, {'id': 5778843583, 'qualifierId': 56, 'value': 'Center'}, {'id': 5778843587, 'qualifierId': 141, 'value': '60.9'}, {'id': 5778843585, 'qualifierId': 140, 'value': '79.1'}]",dzfr9ktjmxqj2eh2xibt7konp,K. Dali,,San Diego Wave,Home
2824015357,624,12,2,78,41,f1ks82wpiewyqs6h3oz9v4hzj,1,25.6,39.4,2025-06-23T03:46:43.497Z,2025-06-23T03:52:41Z,"[{'id': 5778843615, 'qualifierId': 213, 'value': '5.51'}, {'id': 5778843609, 'qualifierId': 140, 'value': '27.8'}, {'id': 5778843611, 'qualifierId': 141, 'value': '36.1'}, {'id': 5778843607, 'qualifierId': 56, 'value': 'Back'}, {'id': 5778843613, 'qualifierId': 212, 'value': '3.2'}]",yay5mq8trvoxv9mwm4mqzn8q,G. Monday,,Washington Spirit,Away
2824015361,764,1,2,78,48,esvbnzqbyvxp2k570ez7h1a1g,1,64.6,67.9,2025-06-23T03:46:50.428Z,2025-06-23T03:46:52Z,"[{'id': 5778843641, 'qualifierId': 213, 'value': '0.37'}, {'id': 5778843637, 'qualifierId': 141, 'value': '83.9'}, {'id': 5778843639, 'qualifierId': 212, 'value': '30.0'}, {'id': 5778843631, 'qualifierId': 155}, {'id': 5778843633, 'qualifierId': 56, 'value': 'Left'}, {'id': 5778843635, 'qualifierId': 140, 'value': '91.2'}]",3x6baiktcpcjxxh258a5uebpx,P. Morroni,,San Diego Wave,Home
2824015371,765,1,2,78,50,esvbnzqbyvxp2k570ez7h1a1g,1,86.8,84.2,2025-06-23T03:46:52.556Z,2025-06-23T03:46:55Z,"[{'id': 5778843699, 'qualifierId': 141, 'value': '86.9'}, {'id': 5778843697, 'qualifierId': 140, 'value': '75.0'}, {'id': 5778843701, 'qualifierId': 212, 'value': '12.5'}, {'id': 5778843703, 'qualifierId': 213, 'value': '2.99'}, {'id': 5778843695, 'qualifierId': 56, 'value': 'Left'}]",5kaxtpwnuplnrodirmblx3cb8,M. Barcenas,,San Diego Wave,Home
2824015381,766,1,2,78,54,esvbnzqbyvxp2k570ez7h1a1g,1,73.6,88.7,2025-06-23T03:46:55.973Z,2025-06-23T03:46:57Z,"[{'id': 5778843737, 'qualifierId': 212, 'value': '11.0'}, {'id': 5778843733, 'qualifierId': 140, 'value': '67.2'}, {'id': 5778843731, 'qualifierId': 56, 'value': 'Center'}, {'id': 5778843739, 'qualifierId': 213, 'value': '4.05'}, {'id': 5778843735, 'qualifierId': 141, 'value': '75.9'}]",6h8t7apz5vzk0pjxo8hbbkfhm,S. McCaskill,,San Diego Wave,Home
2824015383,767,1,2,78,56,esvbnzqbyvxp2k570ez7h1a1g,0,66.1,73.8,2025-06-23T03:46:57.900Z,2025-06-23T03:46:59Z,"[{'id': 5778843747, 'qualifierId': 56, 'value': 'Center'}, {'id': 5778843745, 'qualifierId': 155}, {'id': 5778843755, 'qualifierId': 213, 'value': '5.49'}, {'id': 5778843751, 'qualifierId': 141, 'value': '43.1'}, {'id': 5778843749, 'qualifierId': 140, 'value': '85.5'}, {'id': 5778843753, 'qualifierId': 212, 'value': '29.2'}]",3x6baiktcpcjxxh258a5uebpx,P. Morroni,,San Diego Wave,Home
2824015385,625,12,2,78,57,f1ks82wpiewyqs6h3oz9v4hzj,1,15.3,52.8,2025-06-23T03:46:59.728Z,2025-06-23T03:47:10Z,"[{'id': 5778843765, 'qualifierId': 213, 'value': '0.71'}, {'id': 5778843759, 'qualifierId': 140, 'value': '29.7'}, {'id': 5778843763, 'qualifierId': 212, 'value': '20.0'}, {'id': 5778843761, 'qualifierId': 141, 'value': '72.1'}, {'id': 5778843767, 'qualifierId': 15}, {'id': 5778843757, 'qualifierId': 56, 'value': 'Back'}]",bo5e35lsptja0pnlvk1y38dex,E. Morgan,,Washington Spirit,Away
2824015391,768,1,2,79,4,esvbnzqbyvxp2k570ez7h1a1g,1,77.0,21.3,2025-06-23T03:47:06.108Z,2025-06-23T03:47:08Z,"[{'id': 5778843797, 'qualifierId': 140, 'value': '95.3'}, {'id': 5778843801, 'qualifierId': 212, 'value': '22.3'}, {'id': 5778843799, 'qualifierId': 141, 'value': '4.6'}, {'id': 5778843803, 'qualifierId': 213, 'value': '5.75'}, {'id': 5778843795, 'qualifierId': 56, 'value': 'Right'}]",dzfr9ktjmxqj2eh2xibt7konp,K. Dali,,San Diego Wave,Home
2824015393,769,1,2,79,6,esvbnzqbyvxp2k570ez7h1a1g,0,96.5,4.6,2025-06-23T03:47:08.699Z,2025-07-01T21:59:59Z,"[{'id': 5778843809, 'qualifierId': 155}, {'id': 5778843817, 'qualifierId': 212, 'value': '17.8'}, {'id': 5778843807, 'qualifierId': 2}, {'id': 5778843813, 'qualifierId': 140, 'value': '100.0'}, {'id': 5785931913, 'qualifierId': 224}, {'id': 5778843811, 'qualifierId': 56, 'value': 'Center'}, {'id': 5778843819, 'qualifierId': 213, 'value': '1.30'}, {'id': 5778843815, 'qualifierId': 141, 'value': '29.8'}, {'id': 5785931915, 'qualifierId': 20}]",9ms54l53wseuxarpn4vfcx9g4,T. Armstrong,,San Diego Wave,Home
2824015395,626,5,2,79,8,f1ks82wpiewyqs6h3oz9v4hzj,1,-1.0,65.2,2025-06-23T03:47:10.179Z,2025-06-23T04:05:32Z,"[{'id': 5778843821, 'qualifierId': 56, 'value': 'Back'}, {'id': 5778843823, 'qualifierId': 346}, {'id': 5778843841, 'qualifierId': 233, 'value': '770'}]",en29qfiuu01nsmekoqhycjo45,G. Carle,,Washington Spirit,Away
2824015399,770,5,2,79,8,esvbnzqbyvxp2k570ez7h1a1g,0,101.0,34.8,2025-06-23T03:47:10.179Z,2025-06-23T04:05:32Z,"[{'id': 5778843845, 'qualifierId': 233, 'value': '626'}, {'id': 5778843837, 'qualifierId': 56, 'value': 'Center'}, {'id': 5778843839, 'qualifierId': 346}]",auyj06nha2syoygo7prfadobu,H. Lundkvist,,San Diego Wave,Home
2824015427,627,1,2,79,38,f1ks82wpiewyqs6h3oz9v4hzj,1,3.1,51.9,2025-06-23T03:47:40.461Z,2025-06-23T03:47:43Z,"[{'id': 5778844005, 'qualifierId': 56, 'value': 'Back'}, {'id': 5778844003, 'qualifierId': 124}, {'id': 5778844009, 'qualifierId': 141, 'value': '50.9'}, {'id': 5778844019, 'qualifierId': 74}, {'id': 5778844011, 'qualifierId': 212, 'value': '38.2'}, {'id': 5778844013, 'qualifierId': 213, 'value': '6.27'}, {'id': 5778844007, 'qualifierId': 140, 'value': '39.5'}, {'id': 5778844015, 'qualifierId': 1}]",d9dirjpaqkq3gga2zyeykcv6d,A. Kingsbury,,Washington Spirit,Away
2824015429,628,44,2,79,42,f1ks82wpiewyqs6h3oz9v4hzj,1,36.4,49.4,2025-06-23T03:47:43.897Z,2025-06-23T04:06:10Z,"[{'id': 5778844023, 'qualifierId': 285}, {'id': 5778844079, 'qualifierId': 233, 'value': '771'}, {'id': 5778844021, 'qualifierId': 56, 'value': 'Back'}]",4wgwp2bd4xrjbg7s4p193aooa,C. Bethune,,Washington Spirit,Away
2824015441,771,44,2,79,42,esvbnzqbyvxp2k570ez7h1a1g,0,63.6,50.6,2025-06-23T03:47:43.898Z,2025-06-23T04:06:11Z,"[{'id': 5778844075, 'qualifierId': 56, 'value': 'Center'}, {'id': 5778844083, 'qualifierId': 233, 'value': '628'}, {'id': 5778844077, 'qualifierId': 286}]",6h8t7apz5vzk0pjxo8hbbkfhm,S. McCaskill,,San Diego Wave,Home
2824015437,629,1,2,79,42,f1ks82wpiewyqs6h3oz9v4hzj,1,39.5,50.9,2025-06-23T03:47:44.038Z,2025-06-23T03:47:46Z,"[{'id': 5778844067, 'qualifierId': 213, 'value': '6.08'}, {'id': 5778844057, 'qualifierId': 168}, {'id': 5778844059, 'qualifierId': 56, 'value': 'Back'}, {'id': 5778844065, 'qualifierId': 212, 'value': '8.9'}, {'id': 5778844061, 'qualifierId': 140, 'value': '47.8'}, {'id': 5778844063, 'qualifierId': 141, 'value': '48.2'}, {'id': 5778844055, 'qualifierId': 3}]",4wgwp2bd4xrjbg7s4p193aooa,C. Bethune,,Washington Spirit,Away
2824015937,813,83,2,79,44,esvbnzqbyvxp2k570ez7h1a1g,0,51.7,47.7,2025-06-23T03:47:45.918Z,2025-06-23T03:54:08Z,"[{'id': 5778847109, 'qualifierId': 399, 'value': 'yay5mq8trvoxv9mwm4mqzn8q'}]",6p2318moul9op4hmigk1xbaw9,K. McNabb,,San Diego Wave,Home
2824015439,630,50,2,79,44,f1ks82wpiewyqs6h3oz9v4hzj,1,45.0,43.5,2025-06-23T03:47:46.272Z,2025-06-23T04:05:41Z,"[{'id': 5778844151, 'qualifierId': 233, 'value': '772'}, {'id': 5778844071, 'qualifierId': 56, 'value': 'Back'}, {'id': 5778844073, 'qualifierId': 286}]",yay5mq8trvoxv9mwm4mqzn8q,G. Monday,,Washington Spirit,Away
2824015455,772,7,2,79,44,esvbnzqbyvxp2k570ez7h1a1g,1,55.0,56.5,2025-06-23T03:47:46.273Z,2025-07-01T22:02:14Z,"[{'id': 5778844135, 'qualifierId': 56, 'value': 'Center'}, {'id': 5778844137, 'qualifierId': 285}, {'id': 5778844147, 'qualifierId': 233, 'value': '630'}, {'id': 5785933147, 'qualifierId': 178}, {'id': 5785933145, 'qualifierId': 384}]",6p2318moul9op4hmigk1xbaw9,K. McNabb,,San Diego Wave,Home
2824015931,812,61,2,79,44,esvbnzqbyvxp2k570ez7h1a1g,1,57.1,54.8,2025-06-23T03:47:46.735Z,2025-07-01T22:02:10Z,"[{'id': 5778847163, 'qualifierId': 56, 'value': 'Center'}]",7p8n46qssxb0drknt952vivbo,K. Ascanio,,San Diego Wave,Home
2824015943,814,1,2,79,45,esvbnzqbyvxp2k570ez7h1a1g,1,50.4,51.3,2025-06-23T03:47:47.543Z,2025-07-01T22:02:06Z,"[{'id': 5778847467, 'qualifierId': 213, 'value': '0.00'}, {'id': 5778847459, 'qualifierId': 56, 'value': 'Center'}, {'id': 5778847465, 'qualifierId': 212, 'value': '4.6'}, {'id': 5778847461, 'qualifierId': 140, 'value': '54.8'}, {'id': 5778847463, 'qualifierId': 141, 'value': '51.3'}]",6p2318moul9op4hmigk1xbaw9,K. McNabb,,San Diego Wave,Home
2824015459,773,4,2,79,48,esvbnzqbyvxp2k570ez7h1a1g,1,50.6,51.2,2025-06-23T03:47:49.895Z,2025-06-23T03:47:56Z,"[{'id': 5778844193, 'qualifierId': 233, 'value': '631'}, {'id': 5778844175, 'qualifierId': 265}, {'id': 5778844177, 'qualifierId': 286}, {'id': 5778844173, 'qualifierId': 152}, {'id': 5778844169, 'qualifierId': 13}, {'id': 5778844171, 'qualifierId': 56, 'value': 'Center'}]",6h8t7apz5vzk0pjxo8hbbkfhm,S. McCaskill,,San Diego Wave,Home
2824015445,631,4,2,79,48,f1ks82wpiewyqs6h3oz9v4hzj,0,49.4,48.8,2025-06-23T03:47:49.896Z,2025-06-23T03:47:57Z,"[{'id': 5778844099, 'qualifierId': 13}, {'id': 5778844129, 'qualifierId': 285}, {'id': 5778844105, 'qualifierId': 265}, {'id': 5778844199, 'qualifierId': 233, 'value': '773'}, {'id': 5778844103, 'qualifierId': 152}, {'id': 5778844101, 'qualifierId': 56, 'value': 'Back'}]",yay5mq8trvoxv9mwm4mqzn8q,G. Monday,,Washington Spirit,Away
2824015471,774,1,2,79,55,esvbnzqbyvxp2k570ez7h1a1g,1,52.3,50.1,2025-06-23T03:47:57.388Z,2025-06-23T03:48:26Z,"[{'id': 5778844237, 'qualifierId': 152}, {'id': 5778844245, 'qualifierId': 212, 'value': '25.0'}, {'id': 5778844241, 'qualifierId': 140, 'value': '60.0'}, {'id': 5778844243, 'qualifierId': 141, 'value': '15.3'}, {'id': 5778844247, 'qualifierId': 213, 'value': '5.04'}, {'id': 5778844235, 'qualifierId': 5}, {'id': 5778844239, 'qualifierId': 56, 'value': 'Right'}]",6h8t7apz5vzk0pjxo8hbbkfhm,S. McCaskill,,San Diego Wave,Home
2824015477,775,1,2,80,0,esvbnzqbyvxp2k570ez7h1a1g,1,65.5,18.3,2025-06-23T03:48:01.836Z,2025-06-23T03:48:03Z,"[{'id': 5778844277, 'qualifierId': 213, 'value': '5.90'}, {'id': 5778844275, 'qualifierId': 212, 'value': '16.1'}, {'id': 5778844271, 'qualifierId': 140, 'value': '79.7'}, {'id': 5778844273, 'qualifierId': 141, 'value': '9.5'}, {'id': 5778844269, 'qualifierId': 56, 'value': 'Right'}]",dzfr9ktjmxqj2eh2xibt7konp,K. Dali,,San Diego Wave,Home
2824015479,776,1,2,80,1,esvbnzqbyvxp2k570ez7h1a1g,0,82.3,10.4,2025-06-23T03:48:03.131Z,2025-07-01T22:02:53Z,"[{'id': 5778844291, 'qualifierId': 212, 'value': '30.2'}, {'id': 5785933403, 'qualifierId': 224}, {'id': 5778844283, 'qualifierId': 155}, {'id': 5778844281, 'qualifierId': 2}, {'id': 5778844289, 'qualifierId': 141, 'value': '53.7'}, {'id': 5778844293, 'qualifierId': 213, 'value': '1.35'}, {'id': 5785933405, 'qualifierId': 20}, {'id': 5778844285, 'qualifierId': 56, 'value': 'Center'}, {'id': 5778844287, 'qualifierId': 140, 'value': '88.6'}]",auyj06nha2syoygo7prfadobu,H. Lundkvist,,San Diego Wave,Home
2824015481,633,12,2,80,4,f1ks82wpiewyqs6h3oz9v4hzj,1,9.8,44.8,2025-06-23T03:48:05.830Z,2025-06-23T03:48:10Z,"[{'id': 5778844295, 'qualifierId': 56, 'value': 'Back'}, {'id': 5778844303, 'qualifierId': 213, 'value': '4.95'}, {'id': 5778844301, 'qualifierId': 212, 'value': '17.3'}, {'id': 5778844297, 'qualifierId': 140, 'value': '13.6'}, {'id': 5778844305, 'qualifierId': 15}, {'id': 5778844299, 'qualifierId': 141, 'value': '20.1'}]",27dktxivmcqmi1lkz1vs49qi2,T. McKeown,,Washington Spirit,Away
2824015497,634,61,2,80,8,f1ks82wpiewyqs6h3oz9v4hzj,0,13.6,20.1,2025-06-23T03:48:10.470Z,2025-06-23T03:48:10Z,"[{'id': 5778844379, 'qualifierId': 56, 'value': 'Back'}]",1jlc387u7fdpnnus9nlsb179w,R. Kouassi,,Washington Spirit,Away
2824015501,777,4,2,80,9,esvbnzqbyvxp2k570ez7h1a1g,1,88.9,82.8,2025-06-23T03:48:10.925Z,2025-06-23T04:05:36Z,"[{'id': 5778844399, 'qualifierId': 265}, {'id': 5778844413, 'qualifierId': 233, 'value': '635'}, {'id': 5778844393, 'qualifierId': 13}, {'id': 5778844397, 'qualifierId': 152}, {'id': 5778844395, 'qualifierId': 56, 'value': 'Left'}, {'id': 5778844401, 'qualifierId': 286}]",3x6baiktcpcjxxh258a5uebpx,P. Morroni,,San Diego Wave,Home
2824015503,635,4,2,80,9,f1ks82wpiewyqs6h3oz9v4hzj,0,11.1,17.2,2025-06-23T03:48:10.926Z,2025-06-23T04:05:36Z,"[{'id': 5778844647, 'qualifierId': 55, 'value': '636'}, {'id': 5778844407, 'qualifierId': 152}, {'id': 5778844411, 'qualifierId': 285}, {'id': 5778844409, 'qualifierId': 265}, {'id': 5778844417, 'qualifierId': 233, 'value': '777'}, {'id': 5778844403, 'qualifierId': 13}, {'id': 5778844405, 'qualifierId': 56, 'value': 'Back'}]",1jlc387u7fdpnnus9nlsb179w,R. Kouassi,,Washington Spirit,Away
2824015523,636,17,2,80,14,f1ks82wpiewyqs6h3oz9v4hzj,1,0.0,0.0,2025-06-23T03:48:15.869Z,2025-06-23T03:57:22Z,"[{'id': 5778848207, 'qualifierId': 393}, {'id': 5778844627, 'qualifierId': 13, 'value': '243'}, {'id': 5778844629, 'qualifierId': 55, 'value': '635'}, {'id': 5778844623, 'qualifierId': 31}]",1jlc387u7fdpnnus9nlsb179w,R. Kouassi,,Washington Spirit,Away
2824015559,778,1,2,81,9,esvbnzqbyvxp2k570ez7h1a1g,0,86.7,82.1,2025-06-23T03:49:11.773Z,2025-07-01T22:05:33Z,"[{'id': 5778844717, 'qualifierId': 5}, {'id': 5785934701, 'qualifierId': 20}, {'id': 5778844731, 'qualifierId': 213, 'value': '5.11'}, {'id': 5785934699, 'qualifierId': 223}, {'id': 5778844727, 'qualifierId': 141, 'value': '47.5'}, {'id': 5778844723, 'qualifierId': 56, 'value': 'Center'}, {'id': 5778844729, 'qualifierId': 212, 'value': '25.6'}, {'id': 5778844715, 'qualifierId': 2}, {'id': 5778844721, 'qualifierId': 152}, {'id': 5778844719, 'qualifierId': 155}, {'id': 5778844725, 'qualifierId': 140, 'value': '96.2'}]",dzfr9ktjmxqj2eh2xibt7konp,K. Dali,,San Diego Wave,Home
2824015565,637,43,2,81,13,f1ks82wpiewyqs6h3oz9v4hzj,1,0.0,0.0,2025-06-23T03:49:15.236Z,2025-06-23T03:49:21Z,"[{'id': 5778844769, 'qualifierId': 233, 'value': '778'}, {'id': 5778844755, 'qualifierId': 141, 'value': '50.7'}, {'id': 5778844759, 'qualifierId': 213, 'value': '0.00'}, {'id': 5778844753, 'qualifierId': 140, 'value': '3.4'}, {'id': 5778844757, 'qualifierId': 212, 'value': '0'}, {'id': 5778844845, 'qualifierId': 144, 'value': '41'}]",d9dirjpaqkq3gga2zyeykcv6d,A. Kingsbury,,Washington Spirit,Away
2824015567,638,4,2,81,16,f1ks82wpiewyqs6h3oz9v4hzj,1,4.0,52.0,2025-06-23T03:49:17.861Z,2025-06-23T04:05:37Z,"[{'id': 5778844913, 'qualifierId': 264}, {'id': 5778844779, 'qualifierId': 56, 'value': 'Back'}, {'id': 5778844781, 'qualifierId': 152}, {'id': 5778844777, 'qualifierId': 13}, {'id': 5778844833, 'qualifierId': 233, 'value': '779'}, {'id': 5778844785, 'qualifierId': 285}]",d9dirjpaqkq3gga2zyeykcv6d,A. Kingsbury,,Washington Spirit,Away
2824015569,779,4,2,81,16,esvbnzqbyvxp2k570ez7h1a1g,0,96.0,48.0,2025-06-23T03:49:17.862Z,2025-06-23T04:05:37Z,"[{'id': 5778844831, 'qualifierId': 286}, {'id': 5778844827, 'qualifierId': 152}, {'id': 5778844823, 'qualifierId': 13}, {'id': 5778844837, 'qualifierId': 233, 'value': '638'}, {'id': 5778844825, 'qualifierId': 56, 'value': 'Center'}, {'id': 5778844915, 'qualifierId': 264}]",6p2318moul9op4hmigk1xbaw9,K. McNabb,,San Diego Wave,Home
2824015579,639,1,2,81,38,f1ks82wpiewyqs6h3oz9v4hzj,1,4.1,54.2,2025-06-23T03:49:40.256Z,2025-06-23T03:49:41Z,"[{'id': 5778844981, 'qualifierId': 213, 'value': '0.85'}, {'id': 5778844977, 'qualifierId': 141, 'value': '63.3'}, {'id': 5778844969, 'qualifierId': 5}, {'id': 5778844975, 'qualifierId': 140, 'value': '9.3'}, {'id': 5778844973, 'qualifierId': 56, 'value': 'Back'}, {'id': 5778844971, 'qualifierId': 152}, {'id': 5778844979, 'qualifierId': 212, 'value': '8.3'}]",d9dirjpaqkq3gga2zyeykcv6d,A. Kingsbury,,Washington Spirit,Away
2824015593,640,1,2,81,39,f1ks82wpiewyqs6h3oz9v4hzj,1,9.3,63.3,2025-06-23T03:49:41.444Z,2025-06-23T03:49:45Z,"[{'id': 5778845049, 'qualifierId': 212, 'value': '22.2'}, {'id': 5778845051, 'qualifierId': 213, 'value': '4.68'}, {'id': 5778845043, 'qualifierId': 56, 'value': 'Back'}, {'id': 5778845047, 'qualifierId': 141, 'value': '30.6'}, {'id': 5778845045, 'qualifierId': 140, 'value': '8.6'}]",bo5e35lsptja0pnlvk1y38dex,E. Morgan,,Washington Spirit,Away
2824015595,641,1,2,81,43,f1ks82wpiewyqs6h3oz9v4hzj,0,22.7,23.1,2025-06-23T03:49:45.099Z,2025-06-23T03:49:46Z,"[{'id': 5778845065, 'qualifierId': 213, 'value': '6.14'}, {'id': 5778845059, 'qualifierId': 140, 'value': '47.3'}, {'id': 5778845055, 'qualifierId': 155}, {'id': 5778845063, 'qualifierId': 212, 'value': '26.1'}, {'id': 5778845061, 'qualifierId': 141, 'value': '17.6'}, {'id': 5778845057, 'qualifierId': 56, 'value': 'Back'}]",27dktxivmcqmi1lkz1vs49qi2,T. McKeown,,Washington Spirit,Away
2824015601,780,1,2,81,45,esvbnzqbyvxp2k570ez7h1a1g,0,54.3,76.0,2025-06-23T03:49:47.356Z,2025-06-23T03:49:47Z,"[{'id': 5778845101, 'qualifierId': 213, 'value': '3.85'}, {'id': 5778845097, 'qualifierId': 141, 'value': '65.2'}, {'id': 5778845099, 'qualifierId': 212, 'value': '11.2'}, {'id': 5778845091, 'qualifierId': 3}, {'id': 5778845093, 'qualifierId': 56, 'value': 'Back'}, {'id': 5778845095, 'qualifierId': 140, 'value': '46.2'}]",3x6baiktcpcjxxh258a5uebpx,P. Morroni,,San Diego Wave,Home
2824015605,642,1,2,81,48,f1ks82wpiewyqs6h3oz9v4hzj,0,66.6,36.7,2025-06-23T03:49:50.613Z,2025-06-23T03:49:52Z,"[{'id': 5778845125, 'qualifierId': 155}, {'id': 5778845133, 'qualifierId': 212, 'value': '19.5'}, {'id': 5778845131, 'qualifierId': 141, 'value': '34.9'}, {'id': 5778845127, 'qualifierId': 56, 'value': 'Center'}, {'id': 5778845135, 'qualifierId': 213, 'value': '6.22'}, {'id': 5778845129, 'qualifierId': 140, 'value': '85.1'}]",4wgwp2bd4xrjbg7s4p193aooa,C. Bethune,,Washington Spirit,Away
2824015613,781,12,2,81,52,esvbnzqbyvxp2k570ez7h1a1g,1,16.3,65.7,2025-06-23T03:49:54.171Z,2025-06-23T03:49:55Z,"[{'id': 5778845167, 'qualifierId': 56, 'value': 'Back'}, {'id': 5778845175, 'qualifierId': 213, 'value': '1.64'}, {'id': 5778845171, 'qualifierId': 141, 'value': '100.0'}, {'id': 5778845173, 'qualifierId': 212, 'value': '24.3'}, {'id': 5778845185, 'qualifierId': 167}, {'id': 5778845169, 'qualifierId': 140, 'value': '14.6'}]",6p2318moul9op4hmigk1xbaw9,K. McNabb,,San Diego Wave,Home
2824015611,643,5,2,81,52,f1ks82wpiewyqs6h3oz9v4hzj,1,87.2,-1.6,2025-06-23T03:49:54.472Z,2025-06-23T04:05:32Z,"[{'id': 5778845163, 'qualifierId': 56, 'value': 'Right'}, {'id': 5778845181, 'qualifierId': 233, 'value': '782'}, {'id': 5778845165, 'qualifierId': 347}]",4wgwp2bd4xrjbg7s4p193aooa,C. Bethune,,Washington Spirit,Away
2824015615,782,5,2,81,52,esvbnzqbyvxp2k570ez7h1a1g,0,12.8,101.6,2025-06-23T03:49:54.472Z,2025-06-23T04:05:32Z,"[{'id': 5778845187, 'qualifierId': 233, 'value': '643'}, {'id': 5778845179, 'qualifierId': 347}, {'id': 5778845177, 'qualifierId': 56, 'value': 'Back'}]",6p2318moul9op4hmigk1xbaw9,K. McNabb,,San Diego Wave,Home
2824015629,644,1,2,82,8,f1ks82wpiewyqs6h3oz9v4hzj,1,81.5,0.0,2025-06-23T03:50:10.125Z,2025-06-23T03:50:11Z,"[{'id': 5778845273, 'qualifierId': 107}, {'id': 5778845279, 'qualifierId': 141, 'value': '17.9'}, {'id': 5778845275, 'qualifierId': 56, 'value': 'Right'}, {'id': 5778845281, 'qualifierId': 212, 'value': '16.8'}, {'id': 5778845277, 'qualifierId': 140, 'value': '91.3'}, {'id': 5778845283, 'qualifierId': 213, 'value': '0.91'}]",8jc8ndxlodfrhxxao3k1fknbo,K. Sylla,,Washington Spirit,Away
2824015633,645,61,2,82,9,f1ks82wpiewyqs6h3oz9v4hzj,0,91.3,17.9,2025-06-23T03:50:11.499Z,2025-06-23T03:50:31Z,"[{'id': 5778845293, 'qualifierId': 56, 'value': 'Right'}]",yay5mq8trvoxv9mwm4mqzn8q,G. Monday,,Washington Spirit,Away
2824015639,783,49,2,82,12,esvbnzqbyvxp2k570ez7h1a1g,1,12.5,94.5,2025-06-23T03:50:13.943Z,2025-06-23T03:58:25Z,[],5kaxtpwnuplnrodirmblx3cb8,M. Barcenas,,San Diego Wave,Home
2824015643,784,1,2,82,13,esvbnzqbyvxp2k570ez7h1a1g,1,12.5,94.5,2025-06-23T03:50:15.020Z,2025-06-23T03:58:28Z,"[{'id': 5778845333, 'qualifierId': 140, 'value': '13.1'}, {'id': 5778845339, 'qualifierId': 213, 'value': '4.90'}, {'id': 5778845331, 'qualifierId': 56, 'value': 'Back'}, {'id': 5778845335, 'qualifierId': 141, 'value': '89.7'}, {'id': 5778845337, 'qualifierId': 212, 'value': '3.3'}]",5kaxtpwnuplnrodirmblx3cb8,M. Barcenas,,San Diego Wave,Home
2824016217,837,1,2,82,14,esvbnzqbyvxp2k570ez7h1a1g,1,24.8,82.0,2025-06-23T03:50:16.095Z,2025-06-23T03:58:17Z,"[{'id': 5778848687, 'qualifierId': 213, 'value': '3.13'}, {'id': 5778848685, 'qualifierId': 212, 'value': '9.8'}, {'id': 5778848679, 'qualifierId': 56, 'value': 'Back'}, {'id': 5778848681, 'qualifierId': 140, 'value': '15.5'}, {'id': 5778848683, 'qualifierId': 141, 'value': '82.2'}]",7p8n46qssxb0drknt952vivbo,K. Ascanio,,San Diego Wave,Home
2824015647,785,1,2,82,15,esvbnzqbyvxp2k570ez7h1a1g,1,13.1,89.7,2025-06-23T03:50:16.916Z,2025-06-23T03:58:30Z,"[{'id': 5778845369, 'qualifierId': 141, 'value': '86.8'}, {'id': 5778845373, 'qualifierId': 213, 'value': '6.04'}, {'id': 5778845371, 'qualifierId': 212, 'value': '8.1'}, {'id': 5778845367, 'qualifierId': 140, 'value': '20.6'}, {'id': 5778845365, 'qualifierId': 56, 'value': 'Back'}]",3x6baiktcpcjxxh258a5uebpx,P. Morroni,,San Diego Wave,Home
2824015651,786,4,2,82,15,esvbnzqbyvxp2k570ez7h1a1g,1,21.2,85.8,2025-06-23T03:50:17.575Z,2025-06-23T03:50:25Z,"[{'id': 5778845393, 'qualifierId': 152}, {'id': 5778845389, 'qualifierId': 13}, {'id': 5778845391, 'qualifierId': 56, 'value': 'Back'}, {'id': 5778845399, 'qualifierId': 233, 'value': '646'}, {'id': 5778845395, 'qualifierId': 265}, {'id': 5778845397, 'qualifierId': 285}]",7p8n46qssxb0drknt952vivbo,K. Ascanio,,San Diego Wave,Home
2824015641,646,4,2,82,15,f1ks82wpiewyqs6h3oz9v4hzj,0,78.8,14.2,2025-06-23T03:50:17.576Z,2025-06-23T03:50:24Z,"[{'id': 5778845349, 'qualifierId': 265}, {'id': 5778845343, 'qualifierId': 13}, {'id': 5778845405, 'qualifierId': 233, 'value': '786'}, {'id': 5778845345, 'qualifierId': 56, 'value': 'Right'}, {'id': 5778845351, 'qualifierId': 286}, {'id': 5778845347, 'qualifierId': 152}]",8jc8ndxlodfrhxxao3k1fknbo,K. Sylla,,Washington Spirit,Away
2824015665,787,1,2,82,30,esvbnzqbyvxp2k570ez7h1a1g,0,28.8,77.5,2025-06-23T03:50:31.999Z,2025-06-23T03:58:40Z,"[{'id': 5778845477, 'qualifierId': 213, 'value': '0.29'}, {'id': 5778845465, 'qualifierId': 157}, {'id': 5778845469, 'qualifierId': 56, 'value': 'Left'}, {'id': 5778845463, 'qualifierId': 5}, {'id': 5778845467, 'qualifierId': 152}, {'id': 5778845475, 'qualifierId': 212, 'value': '33.5'}, {'id': 5778845473, 'qualifierId': 141, 'value': '91.4'}, {'id': 5778845471, 'qualifierId': 140, 'value': '59.4'}, {'id': 5778845479, 'qualifierId': 1}]",6h8t7apz5vzk0pjxo8hbbkfhm,S. McCaskill,,San Diego Wave,Home
2824015667,647,12,2,82,30,f1ks82wpiewyqs6h3oz9v4hzj,1,44.0,14.3,2025-06-23T03:50:32.395Z,2025-06-23T03:50:33Z,"[{'id': 5778845487, 'qualifierId': 212, 'value': '12.3'}, {'id': 5778845499, 'qualifierId': 167}, {'id': 5778845483, 'qualifierId': 140, 'value': '50.5'}, {'id': 5778845481, 'qualifierId': 56, 'value': 'Right'}, {'id': 5778845493, 'qualifierId': 15}, {'id': 5778845489, 'qualifierId': 213, 'value': '5.30'}, {'id': 5778845485, 'qualifierId': 141, 'value': '0.0'}]",27dktxivmcqmi1lkz1vs49qi2,T. McKeown,,Washington Spirit,Away
2824015669,648,5,2,82,31,f1ks82wpiewyqs6h3oz9v4hzj,0,48.4,-1.0,2025-06-23T03:50:33.223Z,2025-06-23T03:50:36Z,"[{'id': 5778845497, 'qualifierId': 347}, {'id': 5778845511, 'qualifierId': 233, 'value': '788'}, {'id': 5778845495, 'qualifierId': 56, 'value': 'Back'}]",27dktxivmcqmi1lkz1vs49qi2,T. McKeown,,Washington Spirit,Away
2824015673,788,5,2,82,31,esvbnzqbyvxp2k570ez7h1a1g,1,51.6,101.0,2025-06-23T03:50:33.223Z,2025-06-23T04:05:33Z,"[{'id': 5778845503, 'qualifierId': 347}, {'id': 5778845501, 'qualifierId': 56, 'value': 'Left'}, {'id': 5778845505, 'qualifierId': 233, 'value': '648'}]",6h8t7apz5vzk0pjxo8hbbkfhm,S. McCaskill,,San Diego Wave,Home
2824015695,789,1,2,82,37,esvbnzqbyvxp2k570ez7h1a1g,1,50.5,100.0,2025-06-23T03:50:38.941Z,2025-06-23T03:51:41Z,"[{'id': 5778845617, 'qualifierId': 56, 'value': 'Left'}, {'id': 5778845615, 'qualifierId': 107}, {'id': 5778845621, 'qualifierId': 141, 'value': '88.6'}, {'id': 5778845623, 'qualifierId': 212, 'value': '9.6'}, {'id': 5778845619, 'qualifierId': 140, 'value': '54.9'}, {'id': 5778845625, 'qualifierId': 213, 'value': '5.21'}]",3x6baiktcpcjxxh258a5uebpx,P. Morroni,,San Diego Wave,Home
2824015699,790,61,2,82,42,esvbnzqbyvxp2k570ez7h1a1g,1,55.9,87.7,2025-06-23T03:50:44.061Z,2025-06-23T03:51:40Z,"[{'id': 5778845631, 'qualifierId': 56, 'value': 'Left'}, {'id': 5778845643, 'qualifierId': 189}]",7p8n46qssxb0drknt952vivbo,K. Ascanio,,San Diego Wave,Home
2824015725,791,1,2,82,54,esvbnzqbyvxp2k570ez7h1a1g,1,67.3,12.3,2025-06-23T03:50:56.045Z,2025-07-01T22:12:10Z,"[{'id': 5778845781, 'qualifierId': 212, 'value': '20.2'}, {'id': 5778845775, 'qualifierId': 56, 'value': 'Right'}, {'id': 5778845783, 'qualifierId': 213, 'value': '6.08'}, {'id': 5778845777, 'qualifierId': 140, 'value': '86.1'}, {'id': 5778845779, 'qualifierId': 141, 'value': '6.2'}]",9ms54l53wseuxarpn4vfcx9g4,T. Armstrong,,San Diego Wave,Home
2824015729,792,1,2,82,58,esvbnzqbyvxp2k570ez7h1a1g,1,90.4,7.1,2025-06-23T03:51:00.108Z,2025-06-23T03:51:01Z,"[{'id': 5778845801, 'qualifierId': 56, 'value': 'Right'}, {'id': 5778845809, 'qualifierId': 213, 'value': '3.25'}, {'id': 5778845803, 'qualifierId': 140, 'value': '84.7'}, {'id': 5778845807, 'qualifierId': 212, 'value': '6.0'}, {'id': 5778845805, 'qualifierId': 141, 'value': '6.1'}]",auyj06nha2syoygo7prfadobu,H. Lundkvist,,San Diego Wave,Home
2824015731,793,1,2,82,59,esvbnzqbyvxp2k570ez7h1a1g,1,84.7,6.1,2025-06-23T03:51:01.196Z,2025-06-23T03:51:01Z,"[{'id': 5778845815, 'qualifierId': 140, 'value': '85.0'}, {'id': 5778845821, 'qualifierId': 213, 'value': '1.35'}, {'id': 5778845817, 'qualifierId': 141, 'value': '8.2'}, {'id': 5778845813, 'qualifierId': 56, 'value': 'Right'}, {'id': 5778845819, 'qualifierId': 212, 'value': '1.5'}]",3gu9gaz6w7eq79qnaqj3b7jdh,D. Cascarino,,San Diego Wave,Home
2824015733,794,1,2,83,0,esvbnzqbyvxp2k570ez7h1a1g,0,85.4,8.3,2025-06-23T03:51:01.836Z,2025-06-23T03:51:02Z,"[{'id': 5778845825, 'qualifierId': 56, 'value': 'Right'}, {'id': 5778845833, 'qualifierId': 213, 'value': '6.20'}, {'id': 5778845831, 'qualifierId': 212, 'value': '7.7'}, {'id': 5778845827, 'qualifierId': 140, 'value': '92.7'}, {'id': 5778845829, 'qualifierId': 141, 'value': '7.4'}]",auyj06nha2syoygo7prfadobu,H. Lundkvist,,San Diego Wave,Home
2824015737,649,12,2,83,1,f1ks82wpiewyqs6h3oz9v4hzj,1,12.4,93.5,2025-06-23T03:51:03.122Z,2025-06-23T03:51:04Z,"[{'id': 5778845849, 'qualifierId': 140, 'value': '12.0'}, {'id': 5778845881, 'qualifierId': 167}, {'id': 5778845851, 'qualifierId': 141, 'value': '100.0'}, {'id': 5778845853, 'qualifierId': 212, 'value': '5.5'}, {'id': 5778845847, 'qualifierId': 56, 'value': 'Back'}, {'id': 5778845855, 'qualifierId': 213, 'value': '1.65'}]",bz6tei03n7cj4mbdsx20wd0yc,H. Stainbrook,,Washington Spirit,Away
2824015743,650,5,2,83,2,f1ks82wpiewyqs6h3oz9v4hzj,0,9.8,101.8,2025-06-23T03:51:03.917Z,2025-06-23T04:05:33Z,"[{'id': 5778845875, 'qualifierId': 347}, {'id': 5778845883, 'qualifierId': 233, 'value': '795'}, {'id': 5778845873, 'qualifierId': 56, 'value': 'Back'}]",bz6tei03n7cj4mbdsx20wd0yc,H. Stainbrook,,Washington Spirit,Away
2824015739,795,5,2,83,2,esvbnzqbyvxp2k570ez7h1a1g,1,90.2,-1.8,2025-06-23T03:51:03.917Z,2025-06-23T04:05:33Z,"[{'id': 5778845857, 'qualifierId': 56, 'value': 'Right'}, {'id': 5778845877, 'qualifierId': 233, 'value': '650'}, {'id': 5778845859, 'qualifierId': 347}]",auyj06nha2syoygo7prfadobu,H. Lundkvist,,San Diego Wave,Home
2824015767,796,1,2,83,10,esvbnzqbyvxp2k570ez7h1a1g,0,91.0,0.0,2025-06-23T03:51:12.748Z,2025-07-01T22:12:43Z,"[{'id': 5778846037, 'qualifierId': 212, 'value': '21.5'}, {'id': 5778846029, 'qualifierId': 107}, {'id': 5778846041, 'qualifierId': 1}, {'id': 5778846035, 'qualifierId': 141, 'value': '26.0'}, {'id': 5778846031, 'qualifierId': 56, 'value': 'Center'}, {'id': 5778846039, 'qualifierId': 213, 'value': '1.08'}, {'id': 5778846033, 'qualifierId': 140, 'value': '100.0'}]",auyj06nha2syoygo7prfadobu,H. Lundkvist,,San Diego Wave,Home
2824015769,797,43,2,83,13,esvbnzqbyvxp2k570ez7h1a1g,1,0.0,0.0,2025-06-23T03:51:15.140Z,2025-07-01T22:12:38Z,"[{'id': 5785939043, 'qualifierId': 144, 'value': '61'}, {'id': 5778846045, 'qualifierId': 56, 'value': 'Center'}]",3gu9gaz6w7eq79qnaqj3b7jdh,D. Cascarino,,San Diego Wave,Home
2824015773,651,5,2,83,14,f1ks82wpiewyqs6h3oz9v4hzj,1,-0.7,68.1,2025-06-23T03:51:15.822Z,2025-06-23T03:51:23Z,"[{'id': 5778846053, 'qualifierId': 346}, {'id': 5778846051, 'qualifierId': 56, 'value': 'Back'}, {'id': 5778846055, 'qualifierId': 233, 'value': '798'}]",yay5mq8trvoxv9mwm4mqzn8q,G. Monday,,Washington Spirit,Away
2824015771,798,5,2,83,14,esvbnzqbyvxp2k570ez7h1a1g,0,100.7,31.9,2025-06-23T03:51:15.822Z,2025-06-23T04:05:33Z,"[{'id': 5778846049, 'qualifierId': 346}, {'id': 5778846073, 'qualifierId': 233, 'value': '651'}, {'id': 5778846047, 'qualifierId': 56, 'value': 'Center'}]",3gu9gaz6w7eq79qnaqj3b7jdh,D. Cascarino,,San Diego Wave,Home
2824015827,652,18,2,83,50,f1ks82wpiewyqs6h3oz9v4hzj,1,0.0,0.0,2025-06-23T03:51:52.510Z,2025-06-23T03:52:21Z,"[{'id': 5778846387, 'qualifierId': 59, 'value': '7'}, {'id': 5778846403, 'qualifierId': 55, 'value': '653'}, {'id': 5778846385, 'qualifierId': 44, 'value': 'Midfielder'}, {'id': 5778846383, 'qualifierId': 42}]",4wgwp2bd4xrjbg7s4p193aooa,C. Bethune,,Washington Spirit,Away
2824015829,653,19,2,83,50,f1ks82wpiewyqs6h3oz9v4hzj,1,0.0,0.0,2025-06-23T03:51:52.511Z,2025-06-23T03:56:32Z,"[{'id': 5778846397, 'qualifierId': 44, 'value': 'Midfielder'}, {'id': 5778846469, 'qualifierId': 293, 'value': '1'}, {'id': 5778848153, 'qualifierId': 292, 'value': '6'}, {'id': 5778846395, 'qualifierId': 59, 'value': '6'}, {'id': 5778846399, 'qualifierId': 55, 'value': '652'}, {'id': 5778846389, 'qualifierId': 42}, {'id': 5778846393, 'qualifierId': 145, 'value': '10'}]",1za1zeyvqpbqjb1jw3sx4de5l,K. Wiesner,,Washington Spirit,Away
2824016143,662,40,2,83,51,f1ks82wpiewyqs6h3oz9v4hzj,1,0.0,0.0,2025-06-23T03:51:53.087Z,2025-06-23T03:56:28Z,"[{'id': 5778848003, 'qualifierId': 44, 'value': '1, 2, 2, 3, 2, 2, 3, 3, 4, 4, 3, 5, 5, 5'}, {'id': 5778848009, 'qualifierId': 131, 'value': '1, 2, 3, 4, 5, 6, 7, 8, 9, 10, 11, 0, 0, 0'}, {'id': 5778848001, 'qualifierId': 30, 'value': 'd9dirjpaqkq3gga2zyeykcv6d, 8jc8ndxlodfrhxxao3k1fknbo, en29qfiuu01nsmekoqhycjo45, coy005g9noltjta4ka7utllp0, 27dktxivmcqmi1lkz1vs49qi2, bo5e35lsptja0pnlvk1y38dex, 1jlc387u7fdpnnus9nlsb179w, bz6tei03n7cj4mbdsx20wd0yc, yay5mq8trvoxv9mwm4mqzn8q, 4h6jpaeqynme21y5gnho24ob8, 1za1zeyvqpbqjb1jw3sx4de5l, 6vqain7mmp94wueprv9aj5xp1, 42vdmyzhg3m7or9duzcuwkusp, as2gs38ai4i235sz36rmvpa1g'}, {'id': 5778848005, 'qualifierId': 59, 'value': '1, 25, 14, 17, 9, 24, 19, 22, 21, 16, 6, 28, 13, 39'}, {'id': 5778848011, 'qualifierId': 194, 'value': 'd9dirjpaqkq3gga2zyeykcv6d'}, {'id': 5778848007, 'qualifierId': 130, 'value': '6'}]",,,,Washington Spirit,Away
2824015831,654,1,2,84,10,f1ks82wpiewyqs6h3oz9v4hzj,0,3.5,53.6,2025-06-23T03:52:12.464Z,2025-06-23T03:52:54Z,"[{'id': 5778846409, 'qualifierId': 140, 'value': '43.9'}, {'id': 5778846417, 'qualifierId': 1}, {'id': 5778846405, 'qualifierId': 124}, {'id': 5778846415, 'qualifierId': 213, 'value': '5.76'}, {'id': 5778846413, 'qualifierId': 212, 'value': '48.9'}, {'id': 5778846407, 'qualifierId': 56, 'value': 'Back'}, {'id': 5778846419, 'qualifierId': 74}, {'id': 5778846411, 'qualifierId': 141, 'value': '17.9'}]",d9dirjpaqkq3gga2zyeykcv6d,A. Kingsbury,,Washington Spirit,Away
2824015833,799,49,2,84,14,esvbnzqbyvxp2k570ez7h1a1g,1,61.2,88.0,2025-06-23T03:52:15.917Z,2025-06-23T03:52:15Z,[],6h8t7apz5vzk0pjxo8hbbkfhm,S. McCaskill,,San Diego Wave,Home
2824015835,800,1,2,84,14,esvbnzqbyvxp2k570ez7h1a1g,1,61.2,88.0,2025-06-23T03:52:16.045Z,2025-06-23T03:52:17Z,"[{'id': 5778846443, 'qualifierId': 56, 'value': 'Left'}, {'id': 5778846451, 'qualifierId': 213, 'value': '0.03'}, {'id': 5778846449, 'qualifierId': 212, 'value': '7.2'}, {'id': 5778846445, 'qualifierId': 140, 'value': '68.1'}, {'id': 5778846447, 'qualifierId': 141, 'value': '88.3'}]",6h8t7apz5vzk0pjxo8hbbkfhm,S. McCaskill,,San Diego Wave,Home
2824015837,801,1,2,84,15,esvbnzqbyvxp2k570ez7h1a1g,1,68.1,88.3,2025-06-23T03:52:17.565Z,2025-06-23T03:55:00Z,"[{'id': 5778846457, 'qualifierId': 140, 'value': '64.8'}, {'id': 5778846461, 'qualifierId': 212, 'value': '8.8'}, {'id': 5778846463, 'qualifierId': 213, 'value': '4.31'}, {'id': 5778846455, 'qualifierId': 56, 'value': 'Center'}, {'id': 5778846459, 'qualifierId': 141, 'value': '76.4'}]",5kaxtpwnuplnrodirmblx3cb8,M. Barcenas,,San Diego Wave,Home
2824015839,802,1,2,84,18,esvbnzqbyvxp2k570ez7h1a1g,1,62.5,81.1,2025-06-23T03:52:20.348Z,2025-06-23T03:52:21Z,"[{'id': 5778846477, 'qualifierId': 212, 'value': '9.2'}, {'id': 5778846473, 'qualifierId': 140, 'value': '54.3'}, {'id': 5778846471, 'qualifierId': 56, 'value': 'Left'}, {'id': 5778846479, 'qualifierId': 213, 'value': '2.79'}, {'id': 5778846475, 'qualifierId': 141, 'value': '85.7'}]",dzfr9ktjmxqj2eh2xibt7konp,K. Dali,,San Diego Wave,Home
2824015843,803,1,2,84,19,esvbnzqbyvxp2k570ez7h1a1g,1,52.9,85.7,2025-06-23T03:52:21.469Z,2025-06-23T03:52:24Z,"[{'id': 5778846485, 'qualifierId': 140, 'value': '37.4'}, {'id': 5778846489, 'qualifierId': 212, 'value': '16.4'}, {'id': 5778846491, 'qualifierId': 213, 'value': '3.25'}, {'id': 5778846483, 'qualifierId': 56, 'value': 'Back'}, {'id': 5778846487, 'qualifierId': 141, 'value': '83.2'}]",3x6baiktcpcjxxh258a5uebpx,P. Morroni,,San Diego Wave,Home
2824015849,804,1,2,84,22,esvbnzqbyvxp2k570ez7h1a1g,1,34.4,80.9,2025-06-23T03:52:23.981Z,2025-06-23T03:52:31Z,"[{'id': 5778846525, 'qualifierId': 140, 'value': '33.9'}, {'id': 5778846527, 'qualifierId': 141, 'value': '46.4'}, {'id': 5778846531, 'qualifierId': 213, 'value': '4.69'}, {'id': 5778846523, 'qualifierId': 56, 'value': 'Back'}, {'id': 5778846529, 'qualifierId': 212, 'value': '23.5'}]",6p2318moul9op4hmigk1xbaw9,K. McNabb,,San Diego Wave,Home
2824015851,805,1,2,84,29,esvbnzqbyvxp2k570ez7h1a1g,1,59.3,26.4,2025-06-23T03:52:31.228Z,2025-06-23T03:52:34Z,"[{'id': 5778846541, 'qualifierId': 212, 'value': '7.1'}, {'id': 5778846543, 'qualifierId': 213, 'value': '0.56'}, {'id': 5778846537, 'qualifierId': 140, 'value': '65.0'}, {'id': 5778846539, 'qualifierId': 141, 'value': '31.9'}, {'id': 5778846535, 'qualifierId': 56, 'value': 'Center'}]",9ms54l53wseuxarpn4vfcx9g4,T. Armstrong,,San Diego Wave,Home
2824015855,806,1,2,84,30,esvbnzqbyvxp2k570ez7h1a1g,1,64.7,31.8,2025-06-23T03:52:31.932Z,2025-06-23T03:53:02Z,"[{'id': 5778846555, 'qualifierId': 213, 'value': '6.24'}, {'id': 5778846547, 'qualifierId': 56, 'value': 'Center'}, {'id': 5778846553, 'qualifierId': 212, 'value': '4.5'}, {'id': 5778846551, 'qualifierId': 141, 'value': '31.5'}, {'id': 5778846549, 'qualifierId': 140, 'value': '69.0'}]",dzfr9ktjmxqj2eh2xibt7konp,K. Dali,,San Diego Wave,Home
2824015857,807,61,2,84,31,esvbnzqbyvxp2k570ez7h1a1g,0,69.1,31.5,2025-06-23T03:52:33.742Z,2025-07-01T22:13:52Z,"[{'id': 5778846559, 'qualifierId': 56, 'value': 'Center'}]",321yjdo3gio1l33hc1pdps4wl,A. Leon,,San Diego Wave,Home
2824015853,655,49,2,84,33,f1ks82wpiewyqs6h3oz9v4hzj,1,30.8,55.7,2025-06-23T03:52:35.193Z,2025-06-23T03:52:35Z,[],27dktxivmcqmi1lkz1vs49qi2,T. McKeown,,Washington Spirit,Away
2824015861,808,83,2,84,35,esvbnzqbyvxp2k570ez7h1a1g,0,65.6,34.8,2025-06-23T03:52:36.845Z,2025-06-23T03:52:42Z,"[{'id': 5778846579, 'qualifierId': 399, 'value': '27dktxivmcqmi1lkz1vs49qi2'}]",7p8n46qssxb0drknt952vivbo,K. Ascanio,,San Diego Wave,Home
2824015863,656,1,2,84,37,f1ks82wpiewyqs6h3oz9v4hzj,1,61.1,60.0,2025-06-23T03:52:39.536Z,2025-06-23T03:52:41Z,"[{'id': 5778846569, 'qualifierId': 140, 'value': '65.4'}, {'id': 5778846573, 'qualifierId': 212, 'value': '7.1'}, {'id': 5778846571, 'qualifierId': 141, 'value': '51.9'}, {'id': 5778846575, 'qualifierId': 213, 'value': '5.40'}, {'id': 5778846567, 'qualifierId': 56, 'value': 'Center'}]",27dktxivmcqmi1lkz1vs49qi2,T. McKeown,,Washington Spirit,Away
2824015873,657,1,2,84,39,f1ks82wpiewyqs6h3oz9v4hzj,1,65.4,51.9,2025-06-23T03:52:40.926Z,2025-07-01T22:14:10Z,"[{'id': 5778846623, 'qualifierId': 213, 'value': '0.59'}, {'id': 5778846621, 'qualifierId': 212, 'value': '12.7'}, {'id': 5778846615, 'qualifierId': 56, 'value': 'Center'}, {'id': 5778846619, 'qualifierId': 141, 'value': '62.3'}, {'id': 5778846617, 'qualifierId': 140, 'value': '75.5'}, {'id': 5785939651, 'qualifierId': 4}]",yay5mq8trvoxv9mwm4mqzn8q,G. Monday,,Washington Spirit,Away
2824015875,658,61,2,84,42,f1ks82wpiewyqs6h3oz9v4hzj,0,78.6,59.1,2025-06-23T03:52:44.722Z,2025-06-23T03:52:45Z,"[{'id': 5778846629, 'qualifierId': 56, 'value': 'Center'}]",27dktxivmcqmi1lkz1vs49qi2,T. McKeown,,Washington Spirit,Away
2824015879,809,49,2,84,45,esvbnzqbyvxp2k570ez7h1a1g,1,7.0,46.0,2025-06-23T03:52:47.101Z,2025-06-23T03:52:47Z,[],4yb9avzbrzt8m4c4h1yy98jbp,K. Sheridan,,San Diego Wave,Home
2824015909,810,43,2,85,7,esvbnzqbyvxp2k570ez7h1a1g,1,0.0,0.0,2025-06-23T03:53:09.503Z,2025-06-23T03:53:22Z,"[{'id': 5778846811, 'qualifierId': 144, 'value': '61'}, {'id': 5778846785, 'qualifierId': 189, 'value': '0'}, {'id': 5778846771, 'qualifierId': 56, 'value': 'Back'}]",4yb9avzbrzt8m4c4h1yy98jbp,K. Sheridan,,San Diego Wave,Home
2824015925,659,27,2,85,18,f1ks82wpiewyqs6h3oz9v4hzj,1,0.0,0.0,2025-06-23T03:53:20.693Z,2025-06-23T03:53:27Z,"[{'id': 5778846853, 'qualifierId': 53, 'value': '27dktxivmcqmi1lkz1vs49qi2'}, {'id': 5778846859, 'qualifierId': 233, 'value': '811'}, {'id': 5778846851, 'qualifierId': 41, 'value': 'Injury'}]",,,,Washington Spirit,Away
2824015915,811,27,2,85,18,esvbnzqbyvxp2k570ez7h1a1g,1,0.0,0.0,2025-06-23T03:53:20.693Z,2025-06-23T03:53:27Z,"[{'id': 5778846855, 'qualifierId': 233, 'value': '659'}]",,,,San Diego Wave,Home
2824016095,660,28,2,87,35,f1ks82wpiewyqs6h3oz9v4hzj,1,0.0,0.0,2025-06-23T03:55:37.297Z,2025-06-23T03:55:54Z,"[{'id': 5778847733, 'qualifierId': 55, 'value': '659'}, {'id': 5778847847, 'qualifierId': 233, 'value': '815'}]",,,,Washington Spirit,Away
2824016105,815,28,2,87,35,esvbnzqbyvxp2k570ez7h1a1g,1,0.0,0.0,2025-06-23T03:55:37.297Z,2025-06-23T03:55:54Z,"[{'id': 5778847839, 'qualifierId': 233, 'value': '660'}, {'id': 5778847775, 'qualifierId': 55, 'value': '811'}]",,,,San Diego Wave,Home
2824016099,661,68,2,87,39,f1ks82wpiewyqs6h3oz9v4hzj,0,76.7,61.8,2025-06-23T03:55:40.937Z,2025-06-23T03:55:41Z,[],,,,Washington Spirit,Away
2824016107,816,68,2,87,40,esvbnzqbyvxp2k570ez7h1a1g,1,14.8,18.3,2025-06-23T03:55:41.983Z,2025-06-23T03:55:57Z,[],,,,San Diego Wave,Home
2824016109,817,1,2,87,47,esvbnzqbyvxp2k570ez7h1a1g,1,14.8,18.3,2025-06-23T03:55:49.021Z,2025-06-23T03:55:50Z,"[{'id': 5778847781, 'qualifierId': 140, 'value': '14.7'}, {'id': 5778847783, 'qualifierId': 141, 'value': '44.6'}, {'id': 5778847787, 'qualifierId': 213, 'value': '1.58'}, {'id': 5778847779, 'qualifierId': 56, 'value': 'Back'}, {'id': 5778847785, 'qualifierId': 212, 'value': '17.9'}]",9ms54l53wseuxarpn4vfcx9g4,T. Armstrong,,San Diego Wave,Home
2824016113,818,1,2,87,48,esvbnzqbyvxp2k570ez7h1a1g,1,14.7,47.5,2025-06-23T03:55:50.141Z,2025-06-23T03:55:52Z,"[{'id': 5778847803, 'qualifierId': 56, 'value': 'Back'}, {'id': 5778847809, 'qualifierId': 212, 'value': '15.7'}, {'id': 5778847811, 'qualifierId': 213, 'value': '0.68'}, {'id': 5778847805, 'qualifierId': 140, 'value': '26.3'}, {'id': 5778847807, 'qualifierId': 141, 'value': '62.1'}]",4yb9avzbrzt8m4c4h1yy98jbp,K. Sheridan,,San Diego Wave,Home
2824016127,819,1,2,87,50,esvbnzqbyvxp2k570ez7h1a1g,1,27.6,59.3,2025-06-23T03:55:52.445Z,2025-06-23T03:55:56Z,"[{'id': 5778847901, 'qualifierId': 213, 'value': '4.78'}, {'id': 5778847899, 'qualifierId': 212, 'value': '24.7'}, {'id': 5778847893, 'qualifierId': 56, 'value': 'Back'}, {'id': 5778847897, 'qualifierId': 141, 'value': '23.0'}, {'id': 5778847895, 'qualifierId': 140, 'value': '29.1'}]",6p2318moul9op4hmigk1xbaw9,K. McNabb,,San Diego Wave,Home
2824016129,820,1,2,87,54,esvbnzqbyvxp2k570ez7h1a1g,1,31.8,22.7,2025-06-23T03:55:56.782Z,2025-06-23T03:56:00Z,"[{'id': 5778847911, 'qualifierId': 212, 'value': '22.7'}, {'id': 5778847913, 'qualifierId': 213, 'value': '1.63'}, {'id': 5778847907, 'qualifierId': 140, 'value': '30.6'}, {'id': 5778847905, 'qualifierId': 56, 'value': 'Back'}, {'id': 5778847909, 'qualifierId': 141, 'value': '56.0'}]",9ms54l53wseuxarpn4vfcx9g4,T. Armstrong,,San Diego Wave,Home
2824016131,821,1,2,87,59,esvbnzqbyvxp2k570ez7h1a1g,1,31.6,72.6,2025-06-23T03:56:00.861Z,2025-06-23T03:56:05Z,"[{'id': 5778847923, 'qualifierId': 140, 'value': '37.5'}, {'id': 5778847921, 'qualifierId': 56, 'value': 'Back'}, {'id': 5778847929, 'qualifierId': 213, 'value': '1.20'}, {'id': 5778847925, 'qualifierId': 141, 'value': '96.3'}, {'id': 5778847927, 'qualifierId': 212, 'value': '17.3'}]",6p2318moul9op4hmigk1xbaw9,K. McNabb,,San Diego Wave,Home
2824016135,822,1,2,88,3,esvbnzqbyvxp2k570ez7h1a1g,1,44.3,82.7,2025-06-23T03:56:05.598Z,2025-06-23T03:56:07Z,"[{'id': 5778847953, 'qualifierId': 141, 'value': '60.3'}, {'id': 5778847951, 'qualifierId': 140, 'value': '46.2'}, {'id': 5778847949, 'qualifierId': 56, 'value': 'Back'}, {'id': 5778847955, 'qualifierId': 212, 'value': '15.4'}, {'id': 5778847957, 'qualifierId': 213, 'value': '4.84'}]",3x6baiktcpcjxxh258a5uebpx,P. Morroni,,San Diego Wave,Home
2824016139,823,1,2,88,5,esvbnzqbyvxp2k570ez7h1a1g,1,46.6,59.4,2025-06-23T03:56:07.677Z,2025-06-23T03:56:11Z,"[{'id': 5778847979, 'qualifierId': 141, 'value': '32.5'}, {'id': 5778847983, 'qualifierId': 213, 'value': '5.22'}, {'id': 5778847977, 'qualifierId': 140, 'value': '56.4'}, {'id': 5778847975, 'qualifierId': 56, 'value': 'Center'}, {'id': 5778847981, 'qualifierId': 212, 'value': '21.0'}]",6h8t7apz5vzk0pjxo8hbbkfhm,S. McCaskill,,San Diego Wave,Home
2824016141,824,1,2,88,9,esvbnzqbyvxp2k570ez7h1a1g,1,58.0,33.0,2025-06-23T03:56:11.405Z,2025-06-23T03:59:33Z,"[{'id': 5778847987, 'qualifierId': 56, 'value': 'Center'}, {'id': 5778847995, 'qualifierId': 213, 'value': '5.97'}, {'id': 5778847989, 'qualifierId': 140, 'value': '76.1'}, {'id': 5778847993, 'qualifierId': 212, 'value': '20.0'}, {'id': 5778847991, 'qualifierId': 141, 'value': '23.9'}]",dzfr9ktjmxqj2eh2xibt7konp,K. Dali,,San Diego Wave,Home
2824016153,825,1,2,88,17,esvbnzqbyvxp2k570ez7h1a1g,1,77.3,44.6,2025-06-23T03:56:19.037Z,2025-06-23T03:56:20Z,"[{'id': 5778848079, 'qualifierId': 141, 'value': '53.4'}, {'id': 5778848083, 'qualifierId': 213, 'value': '0.73'}, {'id': 5778848077, 'qualifierId': 140, 'value': '83.7'}, {'id': 5778848075, 'qualifierId': 56, 'value': 'Center'}, {'id': 5778848081, 'qualifierId': 212, 'value': '9.0'}]",3gu9gaz6w7eq79qnaqj3b7jdh,D. Cascarino,,San Diego Wave,Home
2824016157,826,61,2,88,18,esvbnzqbyvxp2k570ez7h1a1g,0,83.7,53.4,2025-06-23T03:56:20.351Z,2025-06-23T03:56:20Z,"[{'id': 5778848087, 'qualifierId': 56, 'value': 'Center'}]",3x6baiktcpcjxxh258a5uebpx,P. Morroni,,San Diego Wave,Home
2824016155,663,52,2,88,18,f1ks82wpiewyqs6h3oz9v4hzj,1,6.9,45.1,2025-06-23T03:56:20.586Z,2025-07-01T22:15:06Z,"[{'id': 5785940119, 'qualifierId': 376}]",d9dirjpaqkq3gga2zyeykcv6d,A. Kingsbury,,Washington Spirit,Away
2824016167,664,1,2,88,40,f1ks82wpiewyqs6h3oz9v4hzj,1,14.9,36.9,2025-06-23T03:56:42.646Z,2025-06-23T03:56:49Z,"[{'id': 5778848195, 'qualifierId': 140, 'value': '47.0'}, {'id': 5778848201, 'qualifierId': 213, 'value': '5.85'}, {'id': 5778848203, 'qualifierId': 1}, {'id': 5778848193, 'qualifierId': 56, 'value': 'Back'}, {'id': 5778848191, 'qualifierId': 199}, {'id': 5778848199, 'qualifierId': 212, 'value': '37.1'}, {'id': 5778848197, 'qualifierId': 141, 'value': '14.1'}]",d9dirjpaqkq3gga2zyeykcv6d,A. Kingsbury,,Washington Spirit,Away
2824016169,665,4,2,88,47,f1ks82wpiewyqs6h3oz9v4hzj,1,46.5,11.2,2025-06-23T03:56:49.441Z,2025-06-23T04:05:37Z,"[{'id': 5778848217, 'qualifierId': 286}, {'id': 5778848209, 'qualifierId': 13}, {'id': 5778848211, 'qualifierId': 264}, {'id': 5778848213, 'qualifierId': 56, 'value': 'Back'}, {'id': 5778848215, 'qualifierId': 152}, {'id': 5778848229, 'qualifierId': 233, 'value': '827'}]",1jlc387u7fdpnnus9nlsb179w,R. Kouassi,,Washington Spirit,Away
2824016171,827,4,2,88,47,esvbnzqbyvxp2k570ez7h1a1g,0,53.5,88.8,2025-06-23T03:56:49.442Z,2025-06-23T04:05:37Z,"[{'id': 5778848227, 'qualifierId': 285}, {'id': 5778848427, 'qualifierId': 264}, {'id': 5778848233, 'qualifierId': 233, 'value': '665'}, {'id': 5778848223, 'qualifierId': 56, 'value': 'Left'}, {'id': 5778848225, 'qualifierId': 152}, {'id': 5778848219, 'qualifierId': 13}]",3x6baiktcpcjxxh258a5uebpx,P. Morroni,,San Diego Wave,Home
2824016187,666,1,2,89,12,f1ks82wpiewyqs6h3oz9v4hzj,1,46.5,15.5,2025-06-23T03:57:14.012Z,2025-06-23T03:57:16Z,"[{'id': 5778848343, 'qualifierId': 140, 'value': '80.9'}, {'id': 5778848341, 'qualifierId': 56, 'value': 'Center'}, {'id': 5778848349, 'qualifierId': 213, 'value': '0.60'}, {'id': 5778848345, 'qualifierId': 141, 'value': '51.9'}, {'id': 5778848337, 'qualifierId': 155}, {'id': 5778848339, 'qualifierId': 152}, {'id': 5778848351, 'qualifierId': 1}, {'id': 5778848335, 'qualifierId': 5}, {'id': 5778848347, 'qualifierId': 212, 'value': '43.8'}]",8jc8ndxlodfrhxxao3k1fknbo,K. Sylla,,Washington Spirit,Away
2824016189,667,44,2,89,14,f1ks82wpiewyqs6h3oz9v4hzj,1,81.2,52.0,2025-06-23T03:57:16.652Z,2025-06-23T04:06:11Z,"[{'id': 5778848367, 'qualifierId': 233, 'value': '829'}, {'id': 5778848355, 'qualifierId': 56, 'value': 'Center'}, {'id': 5778848357, 'qualifierId': 286}]",1za1zeyvqpbqjb1jw3sx4de5l,K. Wiesner,,Washington Spirit,Away
2824016193,829,44,2,89,14,esvbnzqbyvxp2k570ez7h1a1g,0,18.8,48.0,2025-06-23T03:57:16.653Z,2025-06-23T04:06:11Z,"[{'id': 5778848363, 'qualifierId': 56, 'value': 'Back'}, {'id': 5778848371, 'qualifierId': 233, 'value': '667'}, {'id': 5778848365, 'qualifierId': 285}]",auyj06nha2syoygo7prfadobu,H. Lundkvist,,San Diego Wave,Home
2824016195,668,1,2,89,14,f1ks82wpiewyqs6h3oz9v4hzj,0,80.9,51.9,2025-06-23T03:57:16.792Z,2025-06-23T03:57:19Z,"[{'id': 5778848375, 'qualifierId': 3}, {'id': 5778848381, 'qualifierId': 140, 'value': '95.6'}, {'id': 5778848383, 'qualifierId': 141, 'value': '40.6'}, {'id': 5778848377, 'qualifierId': 168}, {'id': 5778848387, 'qualifierId': 213, 'value': '5.82'}, {'id': 5778848379, 'qualifierId': 56, 'value': 'Center'}, {'id': 5778848385, 'qualifierId': 212, 'value': '17.2'}]",1za1zeyvqpbqjb1jw3sx4de5l,K. Wiesner,,Washington Spirit,Away
2824016197,830,52,2,89,19,esvbnzqbyvxp2k570ez7h1a1g,1,3.5,59.9,2025-06-23T03:57:21.278Z,2025-07-01T22:17:13Z,"[{'id': 5785941381, 'qualifierId': 378}]",4yb9avzbrzt8m4c4h1yy98jbp,K. Sheridan,,San Diego Wave,Home
2824016199,831,1,2,89,21,esvbnzqbyvxp2k570ez7h1a1g,1,14.7,55.5,2025-06-23T03:57:23.262Z,2025-06-23T03:57:31Z,"[{'id': 5778848435, 'qualifierId': 140, 'value': '22.2'}, {'id': 5778848439, 'qualifierId': 212, 'value': '20.9'}, {'id': 5778848431, 'qualifierId': 123}, {'id': 5778848433, 'qualifierId': 56, 'value': 'Back'}, {'id': 5778848437, 'qualifierId': 141, 'value': '27.1'}, {'id': 5778848441, 'qualifierId': 213, 'value': '5.10'}]",4yb9avzbrzt8m4c4h1yy98jbp,K. Sheridan,,San Diego Wave,Home
2824016201,832,1,2,89,29,esvbnzqbyvxp2k570ez7h1a1g,1,53.9,20.6,2025-06-23T03:57:31.101Z,2025-06-23T03:57:35Z,"[{'id': 5778848455, 'qualifierId': 56, 'value': 'Right'}, {'id': 5778848463, 'qualifierId': 213, 'value': '6.13'}, {'id': 5778848461, 'qualifierId': 212, 'value': '8.8'}, {'id': 5778848457, 'qualifierId': 140, 'value': '62.2'}, {'id': 5778848459, 'qualifierId': 141, 'value': '18.6'}]",9ms54l53wseuxarpn4vfcx9g4,T. Armstrong,,San Diego Wave,Home
2824016203,833,1,2,89,33,esvbnzqbyvxp2k570ez7h1a1g,1,64.0,18.0,2025-06-23T03:57:35.069Z,2025-06-23T03:57:36Z,"[{'id': 5778848471, 'qualifierId': 141, 'value': '17.9'}, {'id': 5778848479, 'qualifierId': 156}, {'id': 5778848473, 'qualifierId': 212, 'value': '5.1'}, {'id': 5778848469, 'qualifierId': 140, 'value': '59.1'}, {'id': 5778848467, 'qualifierId': 56, 'value': 'Right'}, {'id': 5778848475, 'qualifierId': 213, 'value': '3.15'}]",3gu9gaz6w7eq79qnaqj3b7jdh,D. Cascarino,,San Diego Wave,Home
2824016205,834,1,2,89,36,esvbnzqbyvxp2k570ez7h1a1g,1,59.8,20.6,2025-06-23T03:57:38.014Z,2025-06-23T03:57:39Z,"[{'id': 5778848487, 'qualifierId': 212, 'value': '30.5'}, {'id': 5778848485, 'qualifierId': 141, 'value': '20.3'}, {'id': 5778848481, 'qualifierId': 56, 'value': 'Right'}, {'id': 5778848489, 'qualifierId': 213, 'value': '6.28'}, {'id': 5778848483, 'qualifierId': 140, 'value': '88.8'}]",9ms54l53wseuxarpn4vfcx9g4,T. Armstrong,,San Diego Wave,Home
2824016209,835,1,2,89,37,esvbnzqbyvxp2k570ez7h1a1g,0,90.5,19.8,2025-06-23T03:57:39.613Z,2025-07-01T22:17:55Z,"[{'id': 5778848505, 'qualifierId': 213, 'value': '1.59'}, {'id': 5778848497, 'qualifierId': 56, 'value': 'Center'}, {'id': 5778848503, 'qualifierId': 212, 'value': '20.1'}, {'id': 5778848501, 'qualifierId': 141, 'value': '49.3'}, {'id': 5785941787, 'qualifierId': 20}, {'id': 5785941783, 'qualifierId': 225}, {'id': 5778848495, 'qualifierId': 155}, {'id': 5785941785, 'qualifierId': 386}, {'id': 5778848493, 'qualifierId': 2}, {'id': 5778848499, 'qualifierId': 140, 'value': '90.1'}]",dzfr9ktjmxqj2eh2xibt7konp,K. Dali,,San Diego Wave,Home
2824016207,669,4,2,89,39,f1ks82wpiewyqs6h3oz9v4hzj,1,11.4,49.2,2025-06-23T03:57:41.240Z,2025-06-23T04:05:38Z,"[{'id': 5778848511, 'qualifierId': 152}, {'id': 5778848507, 'qualifierId': 13}, {'id': 5778848513, 'qualifierId': 265}, {'id': 5778848515, 'qualifierId': 285}, {'id': 5778848563, 'qualifierId': 233, 'value': '836'}, {'id': 5778848509, 'qualifierId': 56, 'value': 'Back'}]",27dktxivmcqmi1lkz1vs49qi2,T. McKeown,,Washington Spirit,Away
2824016213,836,4,2,89,39,esvbnzqbyvxp2k570ez7h1a1g,0,88.6,50.8,2025-06-23T03:57:41.241Z,2025-06-23T04:05:38Z,"[{'id': 5778848567, 'qualifierId': 233, 'value': '669'}, {'id': 5778848557, 'qualifierId': 152}, {'id': 5778848553, 'qualifierId': 13}, {'id': 5778848559, 'qualifierId': 265}, {'id': 5778848555, 'qualifierId': 56, 'value': 'Center'}, {'id': 5778848561, 'qualifierId': 286}]",321yjdo3gio1l33hc1pdps4wl,A. Leon,,San Diego Wave,Home
2824016531,713,70,2,90,0,f1ks82wpiewyqs6h3oz9v4hzj,1,0.0,0.0,2025-06-23T03:58:02.286Z,2025-06-23T04:02:38Z,"[{'id': 5778850245, 'qualifierId': 277, 'value': '5'}]",,,,Washington Spirit,Away
2824016233,670,1,2,90,18,f1ks82wpiewyqs6h3oz9v4hzj,1,12.9,49.0,2025-06-23T03:58:19.906Z,2025-06-23T03:59:24Z,"[{'id': 5778848705, 'qualifierId': 152}, {'id': 5778848703, 'qualifierId': 5}, {'id': 5778848709, 'qualifierId': 140, 'value': '22.2'}, {'id': 5778848711, 'qualifierId': 141, 'value': '26.4'}, {'id': 5778848713, 'qualifierId': 212, 'value': '18.2'}, {'id': 5778848707, 'qualifierId': 56, 'value': 'Back'}, {'id': 5778848715, 'qualifierId': 213, 'value': '5.28'}]",d9dirjpaqkq3gga2zyeykcv6d,A. Kingsbury,,Washington Spirit,Away
2824016237,671,1,2,90,20,f1ks82wpiewyqs6h3oz9v4hzj,1,22.2,26.4,2025-06-23T03:58:22.703Z,2025-06-23T03:59:26Z,"[{'id': 5778848737, 'qualifierId': 212, 'value': '13.3'}, {'id': 5778848733, 'qualifierId': 140, 'value': '26.9'}, {'id': 5778848731, 'qualifierId': 56, 'value': 'Back'}, {'id': 5778848739, 'qualifierId': 213, 'value': '5.09'}, {'id': 5778848735, 'qualifierId': 141, 'value': '8.2'}]",coy005g9noltjta4ka7utllp0,H. Hershfelt,,Washington Spirit,Away
2824016241,672,1,2,90,21,f1ks82wpiewyqs6h3oz9v4hzj,0,26.9,8.2,2025-06-23T03:58:23.718Z,2025-06-23T03:58:24Z,"[{'id': 5778848747, 'qualifierId': 56, 'value': 'Back'}, {'id': 5778848755, 'qualifierId': 213, 'value': '5.85'}, {'id': 5778848751, 'qualifierId': 141, 'value': '0.0'}, {'id': 5778848749, 'qualifierId': 140, 'value': '41.2'}, {'id': 5778848753, 'qualifierId': 212, 'value': '16.5'}]",8jc8ndxlodfrhxxao3k1fknbo,K. Sylla,,Washington Spirit,Away
2824016243,673,5,2,90,21,f1ks82wpiewyqs6h3oz9v4hzj,0,40.6,-1.7,2025-06-23T03:58:23.758Z,2025-06-23T04:05:34Z,"[{'id': 5778848759, 'qualifierId': 347}, {'id': 5778848765, 'qualifierId': 233, 'value': '838'}, {'id': 5778848757, 'qualifierId': 56, 'value': 'Back'}]",8jc8ndxlodfrhxxao3k1fknbo,K. Sylla,,Washington Spirit,Away
2824016239,838,5,2,90,21,esvbnzqbyvxp2k570ez7h1a1g,1,59.4,101.7,2025-06-23T03:58:23.758Z,2025-06-23T04:05:34Z,"[{'id': 5778848761, 'qualifierId': 233, 'value': '673'}, {'id': 5778848745, 'qualifierId': 347}, {'id': 5778848743, 'qualifierId': 56, 'value': 'Left'}]",321yjdo3gio1l33hc1pdps4wl,A. Leon,,San Diego Wave,Home
2824016249,839,1,2,90,23,esvbnzqbyvxp2k570ez7h1a1g,1,60.7,100.0,2025-06-23T03:58:25.310Z,2025-06-23T03:58:28Z,"[{'id': 5778848797, 'qualifierId': 107}, {'id': 5778848807, 'qualifierId': 213, 'value': '4.63'}, {'id': 5778848803, 'qualifierId': 141, 'value': '80.0'}, {'id': 5778848799, 'qualifierId': 56, 'value': 'Left'}, {'id': 5778848801, 'qualifierId': 140, 'value': '59.5'}, {'id': 5778848805, 'qualifierId': 212, 'value': '14.7'}]",3x6baiktcpcjxxh258a5uebpx,P. Morroni,,San Diego Wave,Home
2824016255,840,1,2,90,26,esvbnzqbyvxp2k570ez7h1a1g,1,58.0,82.9,2025-06-23T03:58:28.384Z,2025-06-23T03:58:33Z,"[{'id': 5778848837, 'qualifierId': 213, 'value': '0.74'}, {'id': 5778848829, 'qualifierId': 56, 'value': 'Left'}, {'id': 5778848835, 'qualifierId': 212, 'value': '5.5'}, {'id': 5778848827, 'qualifierId': 155}, {'id': 5778848831, 'qualifierId': 140, 'value': '61.9'}, {'id': 5778848833, 'qualifierId': 141, 'value': '88.4'}]",dzfr9ktjmxqj2eh2xibt7konp,K. Dali,,San Diego Wave,Home
2824016253,674,83,2,90,29,f1ks82wpiewyqs6h3oz9v4hzj,0,37.5,15.6,2025-06-23T03:58:31.755Z,2025-06-23T03:58:38Z,"[{'id': 5778848889, 'qualifierId': 399, 'value': '3x6baiktcpcjxxh258a5uebpx'}]",8jc8ndxlodfrhxxao3k1fknbo,K. Sylla,,Washington Spirit,Away
2824016259,841,1,2,90,31,esvbnzqbyvxp2k570ez7h1a1g,1,63.6,89.9,2025-06-23T03:58:33.198Z,2025-06-23T03:58:34Z,"[{'id': 5778848853, 'qualifierId': 56, 'value': 'Left'}, {'id': 5778848859, 'qualifierId': 212, 'value': '3.6'}, {'id': 5778848855, 'qualifierId': 140, 'value': '66.4'}, {'id': 5778848861, 'qualifierId': 213, 'value': '0.62'}, {'id': 5778848857, 'qualifierId': 141, 'value': '93.0'}]",3x6baiktcpcjxxh258a5uebpx,P. Morroni,,San Diego Wave,Home
2824016273,842,3,2,90,39,esvbnzqbyvxp2k570ez7h1a1g,0,90.0,97.0,2025-06-23T03:58:41.214Z,2025-07-01T22:18:11Z,"[{'id': 5778848903, 'qualifierId': 56, 'value': 'Left'}, {'id': 5785941909, 'qualifierId': 464}, {'id': 5778848905, 'qualifierId': 286}, {'id': 5778848919, 'qualifierId': 233, 'value': '675'}]",5kaxtpwnuplnrodirmblx3cb8,M. Barcenas,,San Diego Wave,Home
2824016275,675,7,2,90,39,f1ks82wpiewyqs6h3oz9v4hzj,1,10.0,3.0,2025-06-23T03:58:41.215Z,2025-07-01T22:18:15Z,"[{'id': 5785941927, 'qualifierId': 385}, {'id': 5778848909, 'qualifierId': 56, 'value': 'Back'}, {'id': 5785941929, 'qualifierId': 178}, {'id': 5778848911, 'qualifierId': 285}, {'id': 5778848913, 'qualifierId': 233, 'value': '842'}, {'id': 5778848907, 'qualifierId': 167}]",1jlc387u7fdpnnus9nlsb179w,R. Kouassi,,Washington Spirit,Away
2824016283,676,5,2,90,40,f1ks82wpiewyqs6h3oz9v4hzj,0,11.1,-0.8,2025-06-23T03:58:42.126Z,2025-06-23T04:05:34Z,"[{'id': 5778848949, 'qualifierId': 56, 'value': 'Back'}, {'id': 5778848951, 'qualifierId': 347}, {'id': 5778848967, 'qualifierId': 233, 'value': '843'}]",1jlc387u7fdpnnus9nlsb179w,R. Kouassi,,Washington Spirit,Away
2824016285,843,5,2,90,40,esvbnzqbyvxp2k570ez7h1a1g,1,88.9,100.8,2025-06-23T03:58:42.126Z,2025-06-23T03:58:48Z,"[{'id': 5778848959, 'qualifierId': 347}, {'id': 5778848957, 'qualifierId': 56, 'value': 'Left'}, {'id': 5778848961, 'qualifierId': 233, 'value': '676'}]",5kaxtpwnuplnrodirmblx3cb8,M. Barcenas,,San Diego Wave,Home
2824016289,844,1,2,90,47,esvbnzqbyvxp2k570ez7h1a1g,1,89.0,100.0,2025-06-23T03:58:49.246Z,2025-06-23T03:58:52Z,"[{'id': 5778848989, 'qualifierId': 213, 'value': '4.25'}, {'id': 5778848981, 'qualifierId': 56, 'value': 'Left'}, {'id': 5778848983, 'qualifierId': 140, 'value': '86.4'}, {'id': 5778848987, 'qualifierId': 212, 'value': '6.1'}, {'id': 5778848985, 'qualifierId': 141, 'value': '93.5'}, {'id': 5778848979, 'qualifierId': 107}]",3x6baiktcpcjxxh258a5uebpx,P. Morroni,,San Diego Wave,Home
2824016291,845,1,2,90,50,esvbnzqbyvxp2k570ez7h1a1g,1,86.4,96.9,2025-06-23T03:58:52.045Z,2025-06-23T03:58:53Z,"[{'id': 5778848995, 'qualifierId': 140, 'value': '81.5'}, {'id': 5778849001, 'qualifierId': 213, 'value': '3.52'}, {'id': 5778848997, 'qualifierId': 141, 'value': '93.9'}, {'id': 5778848993, 'qualifierId': 56, 'value': 'Left'}, {'id': 5778848999, 'qualifierId': 212, 'value': '5.5'}]",7p8n46qssxb0drknt952vivbo,K. Ascanio,,San Diego Wave,Home
2824016293,846,1,2,90,51,esvbnzqbyvxp2k570ez7h1a1g,0,81.5,93.9,2025-06-23T03:58:53.373Z,2025-06-23T03:58:54Z,"[{'id': 5778849009, 'qualifierId': 141, 'value': '91.2'}, {'id': 5778849013, 'qualifierId': 213, 'value': '5.35'}, {'id': 5778849007, 'qualifierId': 140, 'value': '82.8'}, {'id': 5778849005, 'qualifierId': 56, 'value': 'Left'}, {'id': 5778849011, 'qualifierId': 212, 'value': '2.3'}]",6h8t7apz5vzk0pjxo8hbbkfhm,S. McCaskill,,San Diego Wave,Home
2824016297,677,1,2,90,54,f1ks82wpiewyqs6h3oz9v4hzj,1,16.2,7.9,2025-06-23T03:58:56.041Z,2025-06-23T03:58:57Z,"[{'id': 5778849023, 'qualifierId': 157}, {'id': 5778849029, 'qualifierId': 141, 'value': '9.4'}, {'id': 5778849025, 'qualifierId': 56, 'value': 'Back'}, {'id': 5778849035, 'qualifierId': 1}, {'id': 5778849033, 'qualifierId': 213, 'value': '0.05'}, {'id': 5778849027, 'qualifierId': 140, 'value': '35.3'}, {'id': 5778849031, 'qualifierId': 212, 'value': '20.1'}]",coy005g9noltjta4ka7utllp0,H. Hershfelt,,Washington Spirit,Away
2824016299,678,1,2,90,55,f1ks82wpiewyqs6h3oz9v4hzj,1,35.3,9.4,2025-06-23T03:58:57.322Z,2025-06-23T03:58:58Z,"[{'id': 5778849049, 'qualifierId': 213, 'value': '2.80'}, {'id': 5778849041, 'qualifierId': 56, 'value': 'Back'}, {'id': 5778849043, 'qualifierId': 140, 'value': '25.6'}, {'id': 5778849045, 'qualifierId': 141, 'value': '14.7'}, {'id': 5778849039, 'qualifierId': 3}, {'id': 5778849047, 'qualifierId': 212, 'value': '10.8'}]",yay5mq8trvoxv9mwm4mqzn8q,G. Monday,,Washington Spirit,Away
2824016301,679,49,2,90,56,f1ks82wpiewyqs6h3oz9v4hzj,1,25.6,14.7,2025-06-23T03:58:58.571Z,2025-06-23T03:58:58Z,[],4h6jpaeqynme21y5gnho24ob8,C. Brown,,Washington Spirit,Away
2824016303,680,1,2,90,56,f1ks82wpiewyqs6h3oz9v4hzj,1,25.6,14.7,2025-06-23T03:58:58.790Z,2025-06-23T03:59:01Z,"[{'id': 5778849057, 'qualifierId': 141, 'value': '3.5'}, {'id': 5778849061, 'qualifierId': 213, 'value': '4.66'}, {'id': 5778849055, 'qualifierId': 140, 'value': '25.2'}, {'id': 5778849059, 'qualifierId': 212, 'value': '7.6'}, {'id': 5778849053, 'qualifierId': 56, 'value': 'Back'}]",4h6jpaeqynme21y5gnho24ob8,C. Brown,,Washington Spirit,Away
2824016307,681,1,2,90,59,f1ks82wpiewyqs6h3oz9v4hzj,0,25.2,3.5,2025-06-23T03:59:01.180Z,2025-06-23T04:00:12Z,"[{'id': 5778849071, 'qualifierId': 140, 'value': '38.0'}, {'id': 5778849073, 'qualifierId': 141, 'value': '0.0'}, {'id': 5778849069, 'qualifierId': 56, 'value': 'Back'}, {'id': 5778849077, 'qualifierId': 213, 'value': '6.01'}, {'id': 5778849075, 'qualifierId': 212, 'value': '14.0'}]",1jlc387u7fdpnnus9nlsb179w,R. Kouassi,,Washington Spirit,Away
2824016309,682,5,2,91,1,f1ks82wpiewyqs6h3oz9v4hzj,0,36.7,-2.0,2025-06-23T03:59:03.246Z,2025-06-23T04:05:35Z,"[{'id': 5778849079, 'qualifierId': 56, 'value': 'Back'}, {'id': 5778849087, 'qualifierId': 233, 'value': '847'}, {'id': 5778849081, 'qualifierId': 347}]",1jlc387u7fdpnnus9nlsb179w,R. Kouassi,,Washington Spirit,Away
2824016305,847,5,2,91,1,esvbnzqbyvxp2k570ez7h1a1g,1,63.3,102.0,2025-06-23T03:59:03.246Z,2025-06-23T04:05:35Z,"[{'id': 5778849083, 'qualifierId': 233, 'value': '682'}, {'id': 5778849065, 'qualifierId': 56, 'value': 'Left'}, {'id': 5778849067, 'qualifierId': 347}]",6h8t7apz5vzk0pjxo8hbbkfhm,S. McCaskill,,San Diego Wave,Home
2824016311,848,1,2,91,10,esvbnzqbyvxp2k570ez7h1a1g,1,65.6,100.0,2025-06-23T03:59:12.046Z,2025-06-23T03:59:13Z,"[{'id': 5778849095, 'qualifierId': 107}, {'id': 5778849103, 'qualifierId': 212, 'value': '7.5'}, {'id': 5778849097, 'qualifierId': 56, 'value': 'Left'}, {'id': 5778849101, 'qualifierId': 141, 'value': '91.5'}, {'id': 5778849105, 'qualifierId': 213, 'value': '4.38'}, {'id': 5778849099, 'qualifierId': 140, 'value': '63.3'}]",3x6baiktcpcjxxh258a5uebpx,P. Morroni,,San Diego Wave,Home
2824016315,849,1,2,91,11,esvbnzqbyvxp2k570ez7h1a1g,1,63.4,92.0,2025-06-23T03:59:13.454Z,2025-06-23T03:59:15Z,"[{'id': 5778849131, 'qualifierId': 212, 'value': '6.6'}, {'id': 5778849127, 'qualifierId': 140, 'value': '66.8'}, {'id': 5778849125, 'qualifierId': 56, 'value': 'Left'}, {'id': 5778849133, 'qualifierId': 213, 'value': '5.29'}, {'id': 5778849129, 'qualifierId': 141, 'value': '83.9'}]",6h8t7apz5vzk0pjxo8hbbkfhm,S. McCaskill,,San Diego Wave,Home
2824016317,850,1,2,91,13,esvbnzqbyvxp2k570ez7h1a1g,1,67.1,83.6,2025-06-23T03:59:14.926Z,2025-06-23T03:59:19Z,"[{'id': 5778849141, 'qualifierId': 140, 'value': '59.5'}, {'id': 5778849143, 'qualifierId': 141, 'value': '76.0'}, {'id': 5778849145, 'qualifierId': 212, 'value': '9.5'}, {'id': 5778849139, 'qualifierId': 56, 'value': 'Center'}, {'id': 5778849151, 'qualifierId': 156}, {'id': 5778849147, 'qualifierId': 213, 'value': '3.72'}]",7p8n46qssxb0drknt952vivbo,K. Ascanio,,San Diego Wave,Home
2824016325,851,1,2,91,17,esvbnzqbyvxp2k570ez7h1a1g,1,56.8,83.5,2025-06-23T03:59:19.517Z,2025-06-23T03:59:21Z,"[{'id': 5778849199, 'qualifierId': 141, 'value': '92.1'}, {'id': 5778849197, 'qualifierId': 140, 'value': '51.8'}, {'id': 5778849203, 'qualifierId': 213, 'value': '2.30'}, {'id': 5778849195, 'qualifierId': 56, 'value': 'Left'}, {'id': 5778849201, 'qualifierId': 212, 'value': '7.9'}]",dzfr9ktjmxqj2eh2xibt7konp,K. Dali,,San Diego Wave,Home
2824016327,852,1,2,91,19,esvbnzqbyvxp2k570ez7h1a1g,1,52.2,92.1,2025-06-23T03:59:21.341Z,2025-06-23T03:59:24Z,"[{'id': 5778849211, 'qualifierId': 141, 'value': '64.8'}, {'id': 5778849213, 'qualifierId': 212, 'value': '24.5'}, {'id': 5778849207, 'qualifierId': 56, 'value': 'Back'}, {'id': 5778849209, 'qualifierId': 140, 'value': '37.0'}, {'id': 5778849215, 'qualifierId': 213, 'value': '4.00'}]",6p2318moul9op4hmigk1xbaw9,K. McNabb,,San Diego Wave,Home
2824016331,853,1,2,91,22,esvbnzqbyvxp2k570ez7h1a1g,1,38.1,62.9,2025-06-23T03:59:24.414Z,2025-06-23T03:59:30Z,"[{'id': 5778849229, 'qualifierId': 140, 'value': '46.3'}, {'id': 5778849235, 'qualifierId': 213, 'value': '5.15'}, {'id': 5778849233, 'qualifierId': 212, 'value': '20.2'}, {'id': 5778849231, 'qualifierId': 141, 'value': '36.0'}, {'id': 5778849227, 'qualifierId': 56, 'value': 'Back'}]",4yb9avzbrzt8m4c4h1yy98jbp,K. Sheridan,,San Diego Wave,Home
2824016333,854,1,2,91,28,esvbnzqbyvxp2k570ez7h1a1g,0,60.0,27.7,2025-06-23T03:59:30.270Z,2025-06-23T03:59:31Z,"[{'id': 5778849247, 'qualifierId': 213, 'value': '6.18'}, {'id': 5778849245, 'qualifierId': 212, 'value': '4.1'}, {'id': 5778849241, 'qualifierId': 140, 'value': '63.9'}, {'id': 5778849239, 'qualifierId': 56, 'value': 'Center'}, {'id': 5778849243, 'qualifierId': 141, 'value': '27.1'}]",9ms54l53wseuxarpn4vfcx9g4,T. Armstrong,,San Diego Wave,Home
2824016335,683,61,2,91,30,f1ks82wpiewyqs6h3oz9v4hzj,1,37.5,67.5,2025-06-23T03:59:31.938Z,2025-06-23T03:59:35Z,"[{'id': 5778849249, 'qualifierId': 56, 'value': 'Back'}]",d9dirjpaqkq3gga2zyeykcv6d,A. Kingsbury,,Washington Spirit,Away
2824016475,875,1,2,91,31,esvbnzqbyvxp2k570ez7h1a1g,1,59.5,21.3,2025-06-23T03:59:32.936Z,2025-06-23T04:01:36Z,"[{'id': 5778849979, 'qualifierId': 212, 'value': '5.6'}, {'id': 5778849973, 'qualifierId': 56, 'value': 'Right'}, {'id': 5778849975, 'qualifierId': 140, 'value': '59.5'}, {'id': 5778849977, 'qualifierId': 141, 'value': '13.1'}, {'id': 5778849981, 'qualifierId': 213, 'value': '4.71'}]",dzfr9ktjmxqj2eh2xibt7konp,K. Dali,,San Diego Wave,Home
2824016351,855,1,2,91,33,esvbnzqbyvxp2k570ez7h1a1g,1,61.9,9.4,2025-06-23T03:59:35.521Z,2025-06-23T03:59:40Z,"[{'id': 5778849285, 'qualifierId': 140, 'value': '82.0'}, {'id': 5778849289, 'qualifierId': 212, 'value': '21.2'}, {'id': 5778849281, 'qualifierId': 155}, {'id': 5778849283, 'qualifierId': 56, 'value': 'Right'}, {'id': 5778849291, 'qualifierId': 213, 'value': '0.07'}, {'id': 5778849287, 'qualifierId': 141, 'value': '11.7'}]",auyj06nha2syoygo7prfadobu,H. Lundkvist,,San Diego Wave,Home
2824016353,856,50,2,91,36,esvbnzqbyvxp2k570ez7h1a1g,1,85.3,12.2,2025-06-23T03:59:38.097Z,2025-06-23T04:05:42Z,"[{'id': 5778849309, 'qualifierId': 233, 'value': '684'}, {'id': 5778849297, 'qualifierId': 286}, {'id': 5778849295, 'qualifierId': 56, 'value': 'Right'}]",7p8n46qssxb0drknt952vivbo,K. Ascanio,,San Diego Wave,Home
2824016347,684,7,2,91,36,f1ks82wpiewyqs6h3oz9v4hzj,0,14.7,87.8,2025-06-23T03:59:38.098Z,2025-07-01T22:18:26Z,"[{'id': 5785941981, 'qualifierId': 385}, {'id': 5778849273, 'qualifierId': 56, 'value': 'Back'}, {'id': 5785941983, 'qualifierId': 178}, {'id': 5778849299, 'qualifierId': 233, 'value': '856'}, {'id': 5778849275, 'qualifierId': 285}]",bz6tei03n7cj4mbdsx20wd0yc,H. Stainbrook,,Washington Spirit,Away
2824016359,685,45,2,91,39,f1ks82wpiewyqs6h3oz9v4hzj,0,5.7,87.9,2025-06-23T03:59:41.019Z,2025-06-23T04:05:43Z,"[{'id': 5778849319, 'qualifierId': 285}, {'id': 5778849337, 'qualifierId': 233, 'value': '857'}, {'id': 5778849317, 'qualifierId': 56, 'value': 'Back'}]",bz6tei03n7cj4mbdsx20wd0yc,H. Stainbrook,,Washington Spirit,Away
2824016361,857,3,2,91,39,esvbnzqbyvxp2k570ez7h1a1g,1,94.3,12.1,2025-06-23T03:59:41.019Z,2025-07-01T22:18:37Z,"[{'id': 5778849331, 'qualifierId': 286}, {'id': 5778849333, 'qualifierId': 233, 'value': '685'}, {'id': 5778849329, 'qualifierId': 56, 'value': 'Right'}, {'id': 5785942115, 'qualifierId': 464}]",7p8n46qssxb0drknt952vivbo,K. Ascanio,,San Diego Wave,Home
2824016363,858,1,2,91,41,esvbnzqbyvxp2k570ez7h1a1g,0,93.0,25.2,2025-06-23T03:59:43.006Z,2025-06-23T03:59:53Z,"[{'id': 5778849345, 'qualifierId': 141, 'value': '32.5'}, {'id': 5778849349, 'qualifierId': 213, 'value': '2.15'}, {'id': 5778849341, 'qualifierId': 56, 'value': 'Center'}, {'id': 5778849343, 'qualifierId': 140, 'value': '89.9'}, {'id': 5778849347, 'qualifierId': 212, 'value': '5.9'}, {'id': 5778849393, 'qualifierId': 195}]",7p8n46qssxb0drknt952vivbo,K. Ascanio,,San Diego Wave,Home
2824016365,686,12,2,91,44,f1ks82wpiewyqs6h3oz9v4hzj,1,5.0,57.5,2025-06-23T03:59:46.081Z,2025-06-23T03:59:47Z,"[{'id': 5778849365, 'qualifierId': 167}, {'id': 5778849359, 'qualifierId': 141, 'value': '59.6'}, {'id': 5778849363, 'qualifierId': 213, 'value': '2.94'}, {'id': 5778849355, 'qualifierId': 56, 'value': 'Back'}, {'id': 5778849357, 'qualifierId': 140, 'value': '0.0'}, {'id': 5778849361, 'qualifierId': 212, 'value': '7.1'}]",coy005g9noltjta4ka7utllp0,H. Hershfelt,,Washington Spirit,Away
2824016367,687,6,2,91,45,f1ks82wpiewyqs6h3oz9v4hzj,0,3.2,62.8,2025-06-23T03:59:46.862Z,2025-07-01T22:18:54Z,"[{'id': 5778849369, 'qualifierId': 73}, {'id': 5778849385, 'qualifierId': 233, 'value': '859'}, {'id': 5778849367, 'qualifierId': 56, 'value': 'Back'}]",coy005g9noltjta4ka7utllp0,H. Hershfelt,,Washington Spirit,Away
2824016369,859,6,2,91,45,esvbnzqbyvxp2k570ez7h1a1g,1,96.8,37.2,2025-06-23T03:59:46.862Z,2025-06-23T04:05:38Z,"[{'id': 5778849371, 'qualifierId': 56, 'value': 'Center'}, {'id': 5778849373, 'qualifierId': 75}, {'id': 5778849375, 'qualifierId': 233, 'value': '687'}]",7p8n46qssxb0drknt952vivbo,K. Ascanio,,San Diego Wave,Home
2824016377,860,1,2,92,9,esvbnzqbyvxp2k570ez7h1a1g,1,99.6,0.7,2025-06-23T04:00:11.022Z,2025-06-23T04:05:06Z,"[{'id': 5778849439, 'qualifierId': 213, 'value': '1.75'}, {'id': 5778849431, 'qualifierId': 56, 'value': 'Center'}, {'id': 5778849433, 'qualifierId': 140, 'value': '96.7'}, {'id': 5778849435, 'qualifierId': 141, 'value': '25.2'}, {'id': 5778849429, 'qualifierId': 6}, {'id': 5778849437, 'qualifierId': 212, 'value': '16.9'}]",dzfr9ktjmxqj2eh2xibt7konp,K. Dali,,San Diego Wave,Home
2824016387,861,1,2,92,12,esvbnzqbyvxp2k570ez7h1a1g,1,94.5,22.2,2025-06-23T04:00:14.318Z,2025-06-23T04:05:05Z,"[{'id': 5778849473, 'qualifierId': 56, 'value': 'Right'}, {'id': 5778849479, 'qualifierId': 212, 'value': '9.0'}, {'id': 5778849475, 'qualifierId': 140, 'value': '88.8'}, {'id': 5778850243, 'qualifierId': 156}, {'id': 5778849481, 'qualifierId': 213, 'value': '3.99'}, {'id': 5778849477, 'qualifierId': 141, 'value': '12.3'}]",3gu9gaz6w7eq79qnaqj3b7jdh,D. Cascarino,,San Diego Wave,Home
2824016389,862,1,2,92,13,esvbnzqbyvxp2k570ez7h1a1g,0,85.2,9.4,2025-06-23T04:00:15.055Z,2025-07-01T22:18:59Z,"[{'id': 5778849497, 'qualifierId': 213, 'value': '1.41'}, {'id': 5778849487, 'qualifierId': 155}, {'id': 5778849491, 'qualifierId': 140, 'value': '89.5'}, {'id': 5778849489, 'qualifierId': 56, 'value': 'Center'}, {'id': 5785942359, 'qualifierId': 224}, {'id': 5778849493, 'qualifierId': 141, 'value': '50.3'}, {'id': 5778849485, 'qualifierId': 2}, {'id': 5778849495, 'qualifierId': 212, 'value': '28.2'}, {'id': 5785942361, 'qualifierId': 20}]",auyj06nha2syoygo7prfadobu,H. Lundkvist,,San Diego Wave,Home
2824016385,688,43,2,92,14,f1ks82wpiewyqs6h3oz9v4hzj,1,0.0,0.0,2025-06-23T04:00:16.291Z,2025-06-23T04:03:07Z,"[{'id': 5778850341, 'qualifierId': 144, 'value': '61'}, {'id': 5778849471, 'qualifierId': 56, 'value': 'Back'}]",1jlc387u7fdpnnus9nlsb179w,R. Kouassi,,Washington Spirit,Away
2824016391,689,44,2,92,15,f1ks82wpiewyqs6h3oz9v4hzj,1,11.8,47.8,2025-06-23T04:00:17.821Z,2025-06-23T04:06:11Z,"[{'id': 5778849503, 'qualifierId': 285}, {'id': 5778850385, 'qualifierId': 233, 'value': '896'}, {'id': 5778849501, 'qualifierId': 56, 'value': 'Back'}]",4h6jpaeqynme21y5gnho24ob8,C. Brown,,Washington Spirit,Away
2824016557,896,44,2,92,16,esvbnzqbyvxp2k570ez7h1a1g,0,88.2,52.2,2025-06-23T04:00:17.822Z,2025-06-23T04:06:12Z,"[{'id': 5778850389, 'qualifierId': 233, 'value': '689'}, {'id': 5778850381, 'qualifierId': 56, 'value': 'Center'}, {'id': 5778850383, 'qualifierId': 286}]",7p8n46qssxb0drknt952vivbo,K. Ascanio,,San Diego Wave,Home
2824016395,690,12,2,92,16,f1ks82wpiewyqs6h3oz9v4hzj,1,12.8,56.7,2025-06-23T04:00:18.166Z,2025-06-23T04:04:05Z,"[{'id': 5778849509, 'qualifierId': 141, 'value': '30.1'}, {'id': 5778849505, 'qualifierId': 56, 'value': 'Back'}, {'id': 5778849515, 'qualifierId': 15}, {'id': 5778849511, 'qualifierId': 212, 'value': '18.4'}, {'id': 5778849513, 'qualifierId': 213, 'value': '4.90'}, {'id': 5778849507, 'qualifierId': 140, 'value': '16.0'}]",4h6jpaeqynme21y5gnho24ob8,C. Brown,,Washington Spirit,Away
2824016401,864,61,2,92,21,esvbnzqbyvxp2k570ez7h1a1g,0,97.9,82.4,2025-06-23T04:00:23.806Z,2025-06-23T04:04:57Z,"[{'id': 5778849529, 'qualifierId': 56, 'value': 'Left'}]",auyj06nha2syoygo7prfadobu,H. Lundkvist,,San Diego Wave,Home
2824016405,691,3,2,92,22,f1ks82wpiewyqs6h3oz9v4hzj,1,7.8,13.6,2025-06-23T04:00:23.822Z,2025-07-01T22:19:07Z,"[{'id': 5778850449, 'qualifierId': 233, 'value': '897'}, {'id': 5778849545, 'qualifierId': 56, 'value': 'Back'}, {'id': 5778849547, 'qualifierId': 285}, {'id': 5785942399, 'qualifierId': 464}]",yay5mq8trvoxv9mwm4mqzn8q,G. Monday,,Washington Spirit,Away
2824016559,897,45,2,92,22,esvbnzqbyvxp2k570ez7h1a1g,0,92.2,86.4,2025-06-23T04:00:23.822Z,2025-06-23T04:06:10Z,"[{'id': 5778850453, 'qualifierId': 233, 'value': '691'}, {'id': 5778850445, 'qualifierId': 56, 'value': 'Left'}, {'id': 5778850447, 'qualifierId': 286}]",auyj06nha2syoygo7prfadobu,H. Lundkvist,,San Diego Wave,Home
2824016407,692,49,2,92,23,f1ks82wpiewyqs6h3oz9v4hzj,1,7.9,8.3,2025-06-23T04:00:25.461Z,2025-06-23T04:00:25Z,[],yay5mq8trvoxv9mwm4mqzn8q,G. Monday,,Washington Spirit,Away
2824016411,693,1,2,92,29,f1ks82wpiewyqs6h3oz9v4hzj,0,31.6,5.3,2025-06-23T04:00:30.829Z,2025-06-23T04:00:31Z,"[{'id': 5778849569, 'qualifierId': 140, 'value': '37.5'}, {'id': 5778849589, 'qualifierId': 233, 'value': '865'}, {'id': 5778849593, 'qualifierId': 286}, {'id': 5778849571, 'qualifierId': 141, 'value': '4.6'}, {'id': 5778849587, 'qualifierId': 236}, {'id': 5778849573, 'qualifierId': 212, 'value': '6.2'}, {'id': 5778849567, 'qualifierId': 56, 'value': 'Back'}, {'id': 5778849575, 'qualifierId': 213, 'value': '6.21'}]",yay5mq8trvoxv9mwm4mqzn8q,G. Monday,,Washington Spirit,Away
2824016413,865,74,2,92,29,esvbnzqbyvxp2k570ez7h1a1g,1,70.0,96.8,2025-06-23T04:00:30.830Z,2025-06-23T04:05:39Z,"[{'id': 5778849599, 'qualifierId': 233, 'value': '693'}, {'id': 5778849583, 'qualifierId': 56, 'value': 'Left'}, {'id': 5778849585, 'qualifierId': 285}]",3x6baiktcpcjxxh258a5uebpx,P. Morroni,,San Diego Wave,Home
2824016417,694,5,2,92,30,f1ks82wpiewyqs6h3oz9v4hzj,1,31.8,-1.4,2025-06-23T04:00:32.176Z,2025-06-23T04:05:35Z,"[{'id': 5778849609, 'qualifierId': 347}, {'id': 5778849611, 'qualifierId': 233, 'value': '866'}, {'id': 5778849607, 'qualifierId': 56, 'value': 'Back'}]",yay5mq8trvoxv9mwm4mqzn8q,G. Monday,,Washington Spirit,Away
2824016415,866,5,2,92,30,esvbnzqbyvxp2k570ez7h1a1g,0,68.2,101.4,2025-06-23T04:00:32.176Z,2025-06-23T04:00:36Z,"[{'id': 5778849605, 'qualifierId': 347}, {'id': 5778849617, 'qualifierId': 233, 'value': '694'}, {'id': 5778849603, 'qualifierId': 56, 'value': 'Left'}]",3x6baiktcpcjxxh258a5uebpx,P. Morroni,,San Diego Wave,Home
2824016433,695,1,2,92,43,f1ks82wpiewyqs6h3oz9v4hzj,1,30.5,0.0,2025-06-23T04:00:45.654Z,2025-06-23T04:00:48Z,"[{'id': 5778849683, 'qualifierId': 140, 'value': '36.5'}, {'id': 5778849681, 'qualifierId': 56, 'value': 'Back'}, {'id': 5778849689, 'qualifierId': 213, 'value': '0.80'}, {'id': 5778849679, 'qualifierId': 107}, {'id': 5778849685, 'qualifierId': 141, 'value': '7.9'}, {'id': 5778849687, 'qualifierId': 212, 'value': '9.0'}]",8jc8ndxlodfrhxxao3k1fknbo,K. Sylla,,Washington Spirit,Away
2824016437,696,3,2,92,46,f1ks82wpiewyqs6h3oz9v4hzj,1,32.2,6.8,2025-06-23T04:00:48.231Z,2025-07-01T22:19:14Z,"[{'id': 5778849697, 'qualifierId': 56, 'value': 'Back'}, {'id': 5778849701, 'qualifierId': 233, 'value': '867'}, {'id': 5785942441, 'qualifierId': 464}, {'id': 5778849699, 'qualifierId': 285}]",4h6jpaeqynme21y5gnho24ob8,C. Brown,,Washington Spirit,Away
2824016435,867,45,2,92,46,esvbnzqbyvxp2k570ez7h1a1g,0,67.8,93.2,2025-06-23T04:00:48.231Z,2025-06-23T04:05:43Z,"[{'id': 5778849693, 'qualifierId': 56, 'value': 'Left'}, {'id': 5778849695, 'qualifierId': 286}, {'id': 5778849709, 'qualifierId': 233, 'value': '696'}]",7p8n46qssxb0drknt952vivbo,K. Ascanio,,San Diego Wave,Home
2824016447,697,1,2,92,47,f1ks82wpiewyqs6h3oz9v4hzj,1,37.4,17.1,2025-06-23T04:00:49.106Z,2025-06-23T04:00:50Z,"[{'id': 5778849727, 'qualifierId': 213, 'value': '1.96'}, {'id': 5778849725, 'qualifierId': 212, 'value': '9.6'}, {'id': 5778849719, 'qualifierId': 56, 'value': 'Back'}, {'id': 5778849721, 'qualifierId': 140, 'value': '33.9'}, {'id': 5778849723, 'qualifierId': 141, 'value': '30.1'}]",4h6jpaeqynme21y5gnho24ob8,C. Brown,,Washington Spirit,Away
2824016449,698,1,2,92,48,f1ks82wpiewyqs6h3oz9v4hzj,1,33.9,30.1,2025-06-23T04:00:50.730Z,2025-06-23T04:00:52Z,"[{'id': 5778849733, 'qualifierId': 56, 'value': 'Back'}, {'id': 5778849739, 'qualifierId': 212, 'value': '13.8'}, {'id': 5778849735, 'qualifierId': 140, 'value': '20.8'}, {'id': 5778849741, 'qualifierId': 213, 'value': '3.11'}, {'id': 5778849737, 'qualifierId': 141, 'value': '30.7'}]",bz6tei03n7cj4mbdsx20wd0yc,H. Stainbrook,,Washington Spirit,Away
2824016451,699,43,2,92,50,f1ks82wpiewyqs6h3oz9v4hzj,1,0.0,0.0,2025-06-23T04:00:52.730Z,2025-07-01T22:19:26Z,"[{'id': 5778849749, 'qualifierId': 285, 'value': '0'}, {'id': 5785942519, 'qualifierId': 144, 'value': '3'}, {'id': 5778849747, 'qualifierId': 56, 'value': 'Back'}, {'id': 5778849755, 'qualifierId': 233, 'value': '868'}]",27dktxivmcqmi1lkz1vs49qi2,T. McKeown,,Washington Spirit,Away
2824016453,868,43,2,92,50,esvbnzqbyvxp2k570ez7h1a1g,1,0.0,0.0,2025-06-23T04:00:52.730Z,2025-07-01T22:19:28Z,"[{'id': 5778849753, 'qualifierId': 286, 'value': '0'}, {'id': 5785942521, 'qualifierId': 144, 'value': '45'}, {'id': 5778849751, 'qualifierId': 56, 'value': 'Center'}]",321yjdo3gio1l33hc1pdps4wl,A. Leon,,San Diego Wave,Home
2824016455,700,1,2,92,52,f1ks82wpiewyqs6h3oz9v4hzj,0,22.5,28.2,2025-06-23T04:00:54.511Z,2025-06-23T04:00:57Z,"[{'id': 5778849767, 'qualifierId': 141, 'value': '23.0'}, {'id': 5778849787, 'qualifierId': 233, 'value': '869'}, {'id': 5778849771, 'qualifierId': 213, 'value': '4.22'}, {'id': 5778849791, 'qualifierId': 286}, {'id': 5778849765, 'qualifierId': 140, 'value': '20.7'}, {'id': 5778849769, 'qualifierId': 212, 'value': '4.0'}, {'id': 5778849785, 'qualifierId': 236}, {'id': 5778849763, 'qualifierId': 56, 'value': 'Back'}]",27dktxivmcqmi1lkz1vs49qi2,T. McKeown,,Washington Spirit,Away
2824016459,869,74,2,92,52,esvbnzqbyvxp2k570ez7h1a1g,1,78.8,89.3,2025-06-23T04:00:54.512Z,2025-06-23T04:05:40Z,"[{'id': 5778849783, 'qualifierId': 285}, {'id': 5778849781, 'qualifierId': 56, 'value': 'Left'}, {'id': 5778849793, 'qualifierId': 233, 'value': '700'}]",5kaxtpwnuplnrodirmblx3cb8,M. Barcenas,,San Diego Wave,Home
2824016457,701,5,2,92,54,f1ks82wpiewyqs6h3oz9v4hzj,1,22.4,-1.6,2025-06-23T04:00:56.272Z,2025-06-23T04:05:35Z,"[{'id': 5778849773, 'qualifierId': 56, 'value': 'Back'}, {'id': 5778849801, 'qualifierId': 233, 'value': '870'}, {'id': 5778849775, 'qualifierId': 347}]",27dktxivmcqmi1lkz1vs49qi2,T. McKeown,,Washington Spirit,Away
2824016461,870,5,2,92,54,esvbnzqbyvxp2k570ez7h1a1g,0,77.6,101.6,2025-06-23T04:00:56.272Z,2025-06-23T04:01:07Z,"[{'id': 5778849799, 'qualifierId': 347}, {'id': 5778849797, 'qualifierId': 56, 'value': 'Left'}, {'id': 5778849805, 'qualifierId': 233, 'value': '701'}]",5kaxtpwnuplnrodirmblx3cb8,M. Barcenas,,San Diego Wave,Home
2824016463,702,1,2,93,7,f1ks82wpiewyqs6h3oz9v4hzj,0,20.5,0.0,2025-06-23T04:01:09.664Z,2025-06-23T04:01:11Z,"[{'id': 5778849817, 'qualifierId': 141, 'value': '9.2'}, {'id': 5778849821, 'qualifierId': 213, 'value': '0.48'}, {'id': 5778849815, 'qualifierId': 140, 'value': '33.4'}, {'id': 5778849811, 'qualifierId': 107}, {'id': 5778849819, 'qualifierId': 212, 'value': '15.2'}, {'id': 5778849813, 'qualifierId': 56, 'value': 'Back'}]",8jc8ndxlodfrhxxao3k1fknbo,K. Sylla,,Washington Spirit,Away
2824016465,871,1,2,93,10,esvbnzqbyvxp2k570ez7h1a1g,1,65.3,93.2,2025-06-23T04:01:12.735Z,2025-06-23T04:01:14Z,"[{'id': 5778849831, 'qualifierId': 212, 'value': '1.7'}, {'id': 5778849827, 'qualifierId': 140, 'value': '66.6'}, {'id': 5778849825, 'qualifierId': 56, 'value': 'Left'}, {'id': 5778849833, 'qualifierId': 213, 'value': '0.64'}, {'id': 5778849829, 'qualifierId': 141, 'value': '94.7'}, {'id': 5778849823, 'qualifierId': 3}]",6h8t7apz5vzk0pjxo8hbbkfhm,S. McCaskill,,San Diego Wave,Home
2824016467,872,1,2,93,12,esvbnzqbyvxp2k570ez7h1a1g,1,66.6,94.7,2025-06-23T04:01:14.286Z,2025-06-23T04:01:15Z,"[{'id': 5778849841, 'qualifierId': 141, 'value': '90.2'}, {'id': 5778849843, 'qualifierId': 212, 'value': '6.1'}, {'id': 5778849837, 'qualifierId': 56, 'value': 'Left'}, {'id': 5778849845, 'qualifierId': 213, 'value': '3.67'}, {'id': 5778849839, 'qualifierId': 140, 'value': '61.6'}]",5kaxtpwnuplnrodirmblx3cb8,M. Barcenas,,San Diego Wave,Home
2824016469,873,1,2,93,13,esvbnzqbyvxp2k570ez7h1a1g,0,61.6,90.2,2025-06-23T04:01:14.944Z,2025-06-23T04:01:15Z,"[{'id': 5778849853, 'qualifierId': 141, 'value': '100.0'}, {'id': 5778849851, 'qualifierId': 140, 'value': '67.1'}, {'id': 5778849849, 'qualifierId': 56, 'value': 'Left'}, {'id': 5778849855, 'qualifierId': 212, 'value': '9.4'}, {'id': 5778849857, 'qualifierId': 213, 'value': '0.91'}]",6h8t7apz5vzk0pjxo8hbbkfhm,S. McCaskill,,San Diego Wave,Home
2824016473,703,5,2,93,13,f1ks82wpiewyqs6h3oz9v4hzj,1,32.8,-1.6,2025-06-23T04:01:15.747Z,2025-06-23T04:05:36Z,"[{'id': 5778849865, 'qualifierId': 347}, {'id': 5778849873, 'qualifierId': 233, 'value': '874'}, {'id': 5778849863, 'qualifierId': 56, 'value': 'Back'}]",8jc8ndxlodfrhxxao3k1fknbo,K. Sylla,,Washington Spirit,Away
2824016471,874,5,2,93,13,esvbnzqbyvxp2k570ez7h1a1g,0,67.2,101.6,2025-06-23T04:01:15.747Z,2025-06-23T04:01:18Z,"[{'id': 5778849859, 'qualifierId': 56, 'value': 'Left'}, {'id': 5778849879, 'qualifierId': 233, 'value': '703'}, {'id': 5778849861, 'qualifierId': 347}]",6h8t7apz5vzk0pjxo8hbbkfhm,S. McCaskill,,San Diego Wave,Home
2824016477,704,1,2,93,22,f1ks82wpiewyqs6h3oz9v4hzj,1,32.4,0.0,2025-06-23T04:01:24.598Z,2025-06-23T04:01:28Z,"[{'id': 5778849889, 'qualifierId': 107}, {'id': 5778849893, 'qualifierId': 140, 'value': '46.8'}, {'id': 5778849899, 'qualifierId': 213, 'value': '0.41'}, {'id': 5778849891, 'qualifierId': 56, 'value': 'Back'}, {'id': 5778849895, 'qualifierId': 141, 'value': '8.5'}, {'id': 5778849897, 'qualifierId': 212, 'value': '16.5'}]",8jc8ndxlodfrhxxao3k1fknbo,K. Sylla,,Washington Spirit,Away
2824016479,705,44,2,93,24,f1ks82wpiewyqs6h3oz9v4hzj,1,40.5,9.4,2025-06-23T04:01:26.102Z,2025-06-23T04:07:41Z,"[{'id': 5778849903, 'qualifierId': 56, 'value': 'Back'}, {'id': 5778849905, 'qualifierId': 285}, {'id': 5778850437, 'qualifierId': 233, 'value': '876'}]",yay5mq8trvoxv9mwm4mqzn8q,G. Monday,,Washington Spirit,Away
2824016483,876,44,2,93,24,esvbnzqbyvxp2k570ez7h1a1g,0,59.5,90.6,2025-06-23T04:01:26.103Z,2025-06-23T04:07:42Z,"[{'id': 5778849921, 'qualifierId': 286}, {'id': 5778850441, 'qualifierId': 233, 'value': '705'}, {'id': 5778849919, 'qualifierId': 56, 'value': 'Left'}]",6h8t7apz5vzk0pjxo8hbbkfhm,S. McCaskill,,San Diego Wave,Home
2824016481,706,1,2,93,24,f1ks82wpiewyqs6h3oz9v4hzj,0,46.8,8.5,2025-06-23T04:01:26.147Z,2025-06-23T04:07:49Z,"[{'id': 5778849907, 'qualifierId': 3}, {'id': 5778849913, 'qualifierId': 141, 'value': '12.6'}, {'id': 5778849911, 'qualifierId': 140, 'value': '46.4'}, {'id': 5778849909, 'qualifierId': 56, 'value': 'Back'}, {'id': 5778849915, 'qualifierId': 212, 'value': '2.8'}, {'id': 5778849917, 'qualifierId': 213, 'value': '1.72'}]",yay5mq8trvoxv9mwm4mqzn8q,G. Monday,,Washington Spirit,Away
2824016561,898,61,2,93,25,esvbnzqbyvxp2k570ez7h1a1g,1,54.9,90.2,2025-06-23T04:01:26.822Z,2025-06-23T04:07:34Z,"[{'id': 5778850509, 'qualifierId': 56, 'value': 'Left'}]",6h8t7apz5vzk0pjxo8hbbkfhm,S. McCaskill,,San Diego Wave,Home
2824016485,877,43,2,93,27,esvbnzqbyvxp2k570ez7h1a1g,1,0.0,0.0,2025-06-23T04:01:29.391Z,2025-06-23T04:06:45Z,"[{'id': 5778849935, 'qualifierId': 213, 'value': '4.36'}, {'id': 5778849933, 'qualifierId': 212, 'value': '4.2'}, {'id': 5778849931, 'qualifierId': 141, 'value': '84.4'}, {'id': 5778849927, 'qualifierId': 56, 'value': 'Left'}, {'id': 5778849929, 'qualifierId': 140, 'value': '61.9'}, {'id': 5778850503, 'qualifierId': 144, 'value': '1'}, {'id': 5778849925, 'qualifierId': 3, 'value': '0'}]",6h8t7apz5vzk0pjxo8hbbkfhm,S. McCaskill,,San Diego Wave,Home
2824016487,878,1,2,93,28,esvbnzqbyvxp2k570ez7h1a1g,1,61.4,83.0,2025-06-23T04:01:30.334Z,2025-06-23T04:06:59Z,"[{'id': 5778849941, 'qualifierId': 140, 'value': '67.1'}, {'id': 5778849943, 'qualifierId': 141, 'value': '81.7'}, {'id': 5778849945, 'qualifierId': 212, 'value': '6.0'}, {'id': 5778849939, 'qualifierId': 56, 'value': 'Left'}, {'id': 5778850507, 'qualifierId': 3}, {'id': 5778849947, 'qualifierId': 213, 'value': '6.14'}]",dzfr9ktjmxqj2eh2xibt7konp,K. Dali,,San Diego Wave,Home
2824016489,879,49,2,93,29,esvbnzqbyvxp2k570ez7h1a1g,1,67.6,81.5,2025-06-23T04:01:31.807Z,2025-06-23T04:01:32Z,[],321yjdo3gio1l33hc1pdps4wl,A. Leon,,San Diego Wave,Home
2824016493,880,1,2,93,30,esvbnzqbyvxp2k570ez7h1a1g,1,67.6,81.5,2025-06-23T04:01:31.859Z,2025-06-23T04:01:32Z,"[{'id': 5778849959, 'qualifierId': 141, 'value': '71.7'}, {'id': 5778849963, 'qualifierId': 213, 'value': '4.63'}, {'id': 5778849955, 'qualifierId': 56, 'value': 'Center'}, {'id': 5778849957, 'qualifierId': 140, 'value': '67.1'}, {'id': 5778849961, 'qualifierId': 212, 'value': '6.7'}]",321yjdo3gio1l33hc1pdps4wl,A. Leon,,San Diego Wave,Home
2824016495,881,1,2,93,30,esvbnzqbyvxp2k570ez7h1a1g,0,67.4,65.0,2025-06-23T04:01:32.298Z,2025-06-23T04:01:46Z,"[{'id': 5778849967, 'qualifierId': 56, 'value': 'Center'}, {'id': 5778850017, 'qualifierId': 141, 'value': '66.2'}, {'id': 5778850021, 'qualifierId': 213, 'value': '0.13'}, {'id': 5778850015, 'qualifierId': 140, 'value': '73.5'}, {'id': 5778850045, 'qualifierId': 233, 'value': '707'}, {'id': 5778850049, 'qualifierId': 286}, {'id': 5778850043, 'qualifierId': 236}, {'id': 5778850019, 'qualifierId': 212, 'value': '6.5'}]",3gu9gaz6w7eq79qnaqj3b7jdh,D. Cascarino,,San Diego Wave,Home
2824016491,707,74,2,93,30,f1ks82wpiewyqs6h3oz9v4hzj,1,28.6,23.6,2025-06-23T04:01:32.299Z,2025-06-23T04:01:45Z,"[{'id': 5778850053, 'qualifierId': 233, 'value': '881'}, {'id': 5778849951, 'qualifierId': 56, 'value': 'Back'}, {'id': 5778849953, 'qualifierId': 285}]",27dktxivmcqmi1lkz1vs49qi2,T. McKeown,,Washington Spirit,Away
2824016497,882,1,2,93,35,esvbnzqbyvxp2k570ez7h1a1g,1,61.3,28.5,2025-06-23T04:01:37.086Z,2025-06-23T04:01:40Z,"[{'id': 5778849991, 'qualifierId': 212, 'value': '3.4'}, {'id': 5778849993, 'qualifierId': 213, 'value': '1.16'}, {'id': 5778849989, 'qualifierId': 141, 'value': '33.1'}, {'id': 5778849985, 'qualifierId': 56, 'value': 'Center'}, {'id': 5778849987, 'qualifierId': 140, 'value': '62.6'}]",auyj06nha2syoygo7prfadobu,H. Lundkvist,,San Diego Wave,Home
2824016499,883,1,2,93,38,esvbnzqbyvxp2k570ez7h1a1g,1,64.3,17.3,2025-06-23T04:01:40.686Z,2025-06-23T04:01:42Z,"[{'id': 5778850007, 'qualifierId': 213, 'value': '4.30'}, {'id': 5778850005, 'qualifierId': 212, 'value': '7.9'}, {'id': 5778850001, 'qualifierId': 140, 'value': '61.3'}, {'id': 5778849999, 'qualifierId': 56, 'value': 'Right'}, {'id': 5778850003, 'qualifierId': 141, 'value': '6.7'}]",dzfr9ktjmxqj2eh2xibt7konp,K. Dali,,San Diego Wave,Home
2824016505,884,1,2,93,40,esvbnzqbyvxp2k570ez7h1a1g,1,59.5,9.2,2025-06-23T04:01:42.366Z,2025-06-23T04:01:45Z,"[{'id': 5778850029, 'qualifierId': 212, 'value': '13.5'}, {'id': 5778850023, 'qualifierId': 56, 'value': 'Center'}, {'id': 5778850031, 'qualifierId': 213, 'value': '1.23'}, {'id': 5778850027, 'qualifierId': 141, 'value': '27.9'}, {'id': 5778850025, 'qualifierId': 140, 'value': '63.8'}]",auyj06nha2syoygo7prfadobu,H. Lundkvist,,San Diego Wave,Home
2824016507,885,1,2,93,43,esvbnzqbyvxp2k570ez7h1a1g,1,63.0,29.2,2025-06-23T04:01:45.088Z,2025-06-23T04:01:49Z,"[{'id': 5778850069, 'qualifierId': 213, 'value': '5.50'}, {'id': 5778850061, 'qualifierId': 56, 'value': 'Right'}, {'id': 5778850063, 'qualifierId': 140, 'value': '80.2'}, {'id': 5778850067, 'qualifierId': 212, 'value': '25.5'}, {'id': 5778850059, 'qualifierId': 155}, {'id': 5778850065, 'qualifierId': 141, 'value': '2.8'}]",6h8t7apz5vzk0pjxo8hbbkfhm,S. McCaskill,,San Diego Wave,Home
2824016513,886,1,2,93,47,esvbnzqbyvxp2k570ez7h1a1g,1,86.7,3.7,2025-06-23T04:01:49.168Z,2025-07-01T22:19:39Z,"[{'id': 5778850087, 'qualifierId': 141, 'value': '31.3'}, {'id': 5778850079, 'qualifierId': 2}, {'id': 5785942563, 'qualifierId': 224}, {'id': 5778850085, 'qualifierId': 140, 'value': '94.2'}, {'id': 5785942565, 'qualifierId': 20}, {'id': 5778850089, 'qualifierId': 212, 'value': '20.4'}, {'id': 5778850081, 'qualifierId': 155}, {'id': 5778850411, 'qualifierId': 154}, {'id': 5778850083, 'qualifierId': 56, 'value': 'Center'}, {'id': 5778850409, 'qualifierId': 210, 'value': '13'}, {'id': 5778850091, 'qualifierId': 213, 'value': '1.17'}]",dzfr9ktjmxqj2eh2xibt7konp,K. Dali,1.0,San Diego Wave,Home
2824016515,887,13,2,93,50,esvbnzqbyvxp2k570ez7h1a1g,1,94.3,32.7,2025-06-23T04:01:52.086Z,2025-07-01T22:20:23Z,"[{'id': 5778850429, 'qualifierId': 146, 'value': '94.3'}, {'id': 5785942959, 'qualifierId': 62}, {'id': 5778850423, 'qualifierId': 102, 'value': '62.4'}, {'id': 5778850407, 'qualifierId': 153}, {'id': 5778850099, 'qualifierId': 56, 'value': 'Center'}, {'id': 5778850425, 'qualifierId': 103, 'value': '6.9'}, {'id': 5778850435, 'qualifierId': 231, 'value': '46.9'}, {'id': 5778850403, 'qualifierId': 20}, {'id': 5778850427, 'qualifierId': 328}, {'id': 5778850431, 'qualifierId': 147, 'value': '45.3'}, {'id': 5778850433, 'qualifierId': 230, 'value': '98.8'}, {'id': 5778850415, 'qualifierId': 29}, {'id': 5778850393, 'qualifierId': 22}, {'id': 5778850413, 'qualifierId': 73}, {'id': 5778850419, 'qualifierId': 55, 'value': '886'}, {'id': 5778850417, 'qualifierId': 154}]",3gu9gaz6w7eq79qnaqj3b7jdh,D. Cascarino,,San Diego Wave,Home
2824016509,708,61,2,93,51,f1ks82wpiewyqs6h3oz9v4hzj,1,3.2,57.5,2025-06-23T04:01:53.228Z,2025-06-23T04:01:53Z,"[{'id': 5778850073, 'qualifierId': 56, 'value': 'Back'}]",bo5e35lsptja0pnlvk1y38dex,E. Morgan,,Washington Spirit,Away
2824016511,709,6,2,93,51,f1ks82wpiewyqs6h3oz9v4hzj,0,3.8,62.0,2025-06-23T04:01:53.303Z,2025-07-01T22:20:33Z,"[{'id': 5778850117, 'qualifierId': 233, 'value': '888'}, {'id': 5778850075, 'qualifierId': 56, 'value': 'Back'}, {'id': 5778850077, 'qualifierId': 73}]",bo5e35lsptja0pnlvk1y38dex,E. Morgan,,Washington Spirit,Away
2824016517,888,6,2,93,51,esvbnzqbyvxp2k570ez7h1a1g,1,96.2,38.0,2025-06-23T04:01:53.303Z,2025-06-23T04:02:05Z,"[{'id': 5778850107, 'qualifierId': 56, 'value': 'Center'}, {'id': 5778850111, 'qualifierId': 233, 'value': '709'}, {'id': 5778850109, 'qualifierId': 75}]",3gu9gaz6w7eq79qnaqj3b7jdh,D. Cascarino,,San Diego Wave,Home
2824016521,889,1,2,94,20,esvbnzqbyvxp2k570ez7h1a1g,1,99.5,0.5,2025-06-23T04:02:22.704Z,2025-07-01T22:20:37Z,"[{'id': 5778850247, 'qualifierId': 210, 'value': '15'}, {'id': 5778850185, 'qualifierId': 224}, {'id': 5778850189, 'qualifierId': 140, 'value': '93.3'}, {'id': 5778850181, 'qualifierId': 6}, {'id': 5778850183, 'qualifierId': 155}, {'id': 5778850187, 'qualifierId': 56, 'value': 'Center'}, {'id': 5778850179, 'qualifierId': 2}, {'id': 5778850249, 'qualifierId': 154}, {'id': 5778850195, 'qualifierId': 213, 'value': '1.75'}, {'id': 5785943049, 'qualifierId': 20}, {'id': 5778850193, 'qualifierId': 212, 'value': '36.6'}, {'id': 5778850191, 'qualifierId': 141, 'value': '53.4'}, {'id': 5778850197, 'qualifierId': 1}]",dzfr9ktjmxqj2eh2xibt7konp,K. Dali,1.0,San Diego Wave,Home
2824016525,890,44,2,94,24,esvbnzqbyvxp2k570ez7h1a1g,1,94.0,54.4,2025-06-23T04:02:25.991Z,2025-06-23T04:05:21Z,"[{'id': 5778850211, 'qualifierId': 286}, {'id': 5778850209, 'qualifierId': 56, 'value': 'Center'}, {'id': 5778850229, 'qualifierId': 233, 'value': '710'}]",7p8n46qssxb0drknt952vivbo,K. Ascanio,,San Diego Wave,Home
2824016519,710,44,2,94,24,f1ks82wpiewyqs6h3oz9v4hzj,0,6.0,45.6,2025-06-23T04:02:25.992Z,2025-06-23T04:02:28Z,"[{'id': 5778850177, 'qualifierId': 285}, {'id': 5778850233, 'qualifierId': 233, 'value': '890'}, {'id': 5778850175, 'qualifierId': 56, 'value': 'Back'}]",8jc8ndxlodfrhxxao3k1fknbo,K. Sylla,,Washington Spirit,Away
2824016527,891,15,2,94,24,esvbnzqbyvxp2k570ez7h1a1g,1,94.2,53.8,2025-06-23T04:02:26.071Z,2025-06-23T04:06:13Z,"[{'id': 5778850271, 'qualifierId': 146, 'value': '99.3'}, {'id': 5778850221, 'qualifierId': 56, 'value': 'Center'}, {'id': 5778850273, 'qualifierId': 147, 'value': '51.4'}, {'id': 5778850257, 'qualifierId': 29}, {'id': 5778850267, 'qualifierId': 103, 'value': '15.8'}, {'id': 5778850285, 'qualifierId': 233, 'value': '711'}, {'id': 5778850255, 'qualifierId': 76}, {'id': 5778850269, 'qualifierId': 328}, {'id': 5778850261, 'qualifierId': 55, 'value': '889'}, {'id': 5778850265, 'qualifierId': 102, 'value': '52.0'}, {'id': 5778850253, 'qualifierId': 15}, {'id': 5778850251, 'qualifierId': 25}, {'id': 5778850259, 'qualifierId': 154}, {'id': 5778850219, 'qualifierId': 17}]",7p8n46qssxb0drknt952vivbo,K. Ascanio,,San Diego Wave,Home
2824016523,711,10,2,94,24,f1ks82wpiewyqs6h3oz9v4hzj,1,2.1,47.5,2025-06-23T04:02:26.171Z,2025-07-01T22:21:01Z,"[{'id': 5778850207, 'qualifierId': 56, 'value': 'Back'}, {'id': 5778850237, 'qualifierId': 177}, {'id': 5778850289, 'qualifierId': 233, 'value': '891'}, {'id': 5778850205, 'qualifierId': 182}, {'id': 5785943239, 'qualifierId': 377}, {'id': 5778850203, 'qualifierId': 178}]",d9dirjpaqkq3gga2zyeykcv6d,A. Kingsbury,,Washington Spirit,Away
2824016529,712,52,2,94,25,f1ks82wpiewyqs6h3oz9v4hzj,1,2.1,47.5,2025-06-23T04:02:27.601Z,2025-07-01T22:21:05Z,"[{'id': 5785943295, 'qualifierId': 377}]",d9dirjpaqkq3gga2zyeykcv6d,A. Kingsbury,,Washington Spirit,Away
2824016535,714,1,2,94,40,f1ks82wpiewyqs6h3oz9v4hzj,0,15.1,40.6,2025-06-23T04:02:42.441Z,2025-06-23T04:02:44Z,"[{'id': 5778850305, 'qualifierId': 141, 'value': '45.2'}, {'id': 5778850311, 'qualifierId': 1}, {'id': 5778850307, 'qualifierId': 212, 'value': '34.4'}, {'id': 5778850299, 'qualifierId': 199}, {'id': 5778850303, 'qualifierId': 140, 'value': '47.7'}, {'id': 5778850309, 'qualifierId': 213, 'value': '0.09'}, {'id': 5778850301, 'qualifierId': 56, 'value': 'Back'}]",d9dirjpaqkq3gga2zyeykcv6d,A. Kingsbury,,Washington Spirit,Away
2824016537,892,1,2,94,45,esvbnzqbyvxp2k570ez7h1a1g,0,54.1,56.4,2025-06-23T04:02:47.265Z,2025-06-23T04:02:48Z,"[{'id': 5778850313, 'qualifierId': 157}, {'id': 5778850325, 'qualifierId': 1}, {'id': 5778850319, 'qualifierId': 141, 'value': '63.9'}, {'id': 5778850321, 'qualifierId': 212, 'value': '30.1'}, {'id': 5778850315, 'qualifierId': 56, 'value': 'Center'}, {'id': 5778850323, 'qualifierId': 213, 'value': '0.17'}, {'id': 5778850317, 'qualifierId': 140, 'value': '82.4'}]",dzfr9ktjmxqj2eh2xibt7konp,K. Dali,,San Diego Wave,Home
2824016539,715,1,2,94,46,f1ks82wpiewyqs6h3oz9v4hzj,1,21.5,40.7,2025-06-23T04:02:48.190Z,2025-06-23T04:02:54Z,"[{'id': 5778850337, 'qualifierId': 213, 'value': '2.95'}, {'id': 5778850329, 'qualifierId': 56, 'value': 'Back'}, {'id': 5778850335, 'qualifierId': 212, 'value': '18.9'}, {'id': 5778850333, 'qualifierId': 141, 'value': '46.0'}, {'id': 5778850327, 'qualifierId': 3}, {'id': 5778850331, 'qualifierId': 140, 'value': '3.8'}]",27dktxivmcqmi1lkz1vs49qi2,T. McKeown,,Washington Spirit,Away
2824016541,716,52,2,94,52,f1ks82wpiewyqs6h3oz9v4hzj,1,8.2,42.8,2025-06-23T04:02:54.735Z,2025-07-01T22:21:13Z,"[{'id': 5785943365, 'qualifierId': 376}]",d9dirjpaqkq3gga2zyeykcv6d,A. Kingsbury,,Washington Spirit,Away
2824016543,717,1,2,95,2,f1ks82wpiewyqs6h3oz9v4hzj,0,14.0,34.2,2025-06-23T04:03:04.780Z,2025-06-23T04:03:09Z,"[{'id': 5778850355, 'qualifierId': 1}, {'id': 5778850345, 'qualifierId': 56, 'value': 'Right'}, {'id': 5778850347, 'qualifierId': 140, 'value': '62.0'}, {'id': 5778850353, 'qualifierId': 213, 'value': '5.97'}, {'id': 5778850343, 'qualifierId': 199}, {'id': 5778850349, 'qualifierId': 141, 'value': '10.6'}, {'id': 5778850351, 'qualifierId': 212, 'value': '52.9'}]",d9dirjpaqkq3gga2zyeykcv6d,A. Kingsbury,,Washington Spirit,Away
2824016545,718,30,2,95,8,f1ks82wpiewyqs6h3oz9v4hzj,1,0.0,0.0,2025-06-23T04:03:10.732Z,2025-06-23T04:03:10Z,"[{'id': 5778850359, 'qualifierId': 209}, {'id': 5778850357, 'qualifierId': 57, 'value': '0'}]",,,,Washington Spirit,Away
2824016547,893,30,2,95,8,esvbnzqbyvxp2k570ez7h1a1g,1,0.0,0.0,2025-06-23T04:03:10.732Z,2025-06-23T04:03:11Z,"[{'id': 5778850363, 'qualifierId': 209}, {'id': 5778850361, 'qualifierId': 57, 'value': '0'}]",,,,San Diego Wave,Home
2824016549,719,30,14,0,0,f1ks82wpiewyqs6h3oz9v4hzj,1,0.0,0.0,2025-06-23T04:03:12.356Z,2025-06-23T04:03:12Z,"[{'id': 5778850367, 'qualifierId': 209}, {'id': 5778850365, 'qualifierId': 57, 'value': '1'}]",,,,Washington Spirit,Away
2824016553,894,30,14,0,0,esvbnzqbyvxp2k570ez7h1a1g,1,0.0,0.0,2025-06-23T04:03:12.356Z,2025-06-23T04:03:12Z,"[{'id': 5778850371, 'qualifierId': 209}, {'id': 5778850369, 'qualifierId': 57, 'value': '1'}]",,,,San Diego Wave,Home
2824016551,720,37,14,0,0,f1ks82wpiewyqs6h3oz9v4hzj,1,0.0,0.0,2025-06-23T04:03:12.372Z,2025-07-01T22:26:28Z,"[{'id': 5785945811, 'qualifierId': 229}, {'id': 5778850457, 'qualifierId': 302}]",,,,Washington Spirit,Away
2824016555,895,37,14,0,0,esvbnzqbyvxp2k570ez7h1a1g,1,0.0,0.0,2025-06-23T04:03:12.372Z,2025-07-01T22:26:27Z,"[{'id': 5778850533, 'qualifierId': 302}, {'id': 5785945793, 'qualifierId': 229}]",,,,San Diego Wave,Home
2824004551,2,71,16,0,0,f1ks82wpiewyqs6h3oz9v4hzj,0,0.0,0.0,2025-06-23T01:57:29.510Z,2025-06-23T01:57:29Z,"[{'id': 5778782791, 'qualifierId': 290, 'value': '1, 60'}, {'id': 5778782789, 'qualifierId': 30, 'value': '55469, 62229'}]",,,,Washington Spirit,Away
2824016183,828,24,16,0,0,esvbnzqbyvxp2k570ez7h1a1g,1,0.0,0.0,2025-06-23T02:08:02.614Z,2025-06-23T03:57:08Z,"[{'id': 5778848303, 'qualifierId': 47, 'value': '4'}, {'id': 5778848297, 'qualifierId': 259, 'value': '0'}, {'id': 5778848309, 'qualifierId': 363, 'value': '0'}, {'id': 5778848301, 'qualifierId': 257, 'value': '0'}, {'id': 5778848305, 'qualifierId': 255}, {'id': 5778848295, 'qualifierId': 46, 'value': '5'}, {'id': 5778848307, 'qualifierId': 49, 'value': '12011'}, {'id': 5778848299, 'qualifierId': 256, 'value': '0'}]",,,,San Diego Wave,Home
