id,eventId,typeId,periodId,timeMin,timeSec,contestantId,outcome,x,y,timeStamp,lastModified,qualifier,playerId,playerName,keyPass,assist,Squad,Position
2823506179,1,34,16,0,0,dtucewmt49th1p4selfutmnmc,1,0.0,0.0,2025-06-20T23:14:25.588Z,2025-06-21T00:20:21Z,"[{'id': 5775990251, 'qualifierId': 194, 'value': 'cieyupgmnxecb4emqljudrw89'}, {'id': 5775990245, 'qualifierId': 59, 'value': '24, 2, 11, 26, 5, 3, 8, 7, 42, 16, 13, 4, 6, 33, 14, 15, 29, 32, 19, 20'}, {'id': 5775990241, 'qualifierId': 30, 'value': '24lhpn1z5ikitapll48t1z7kk, 7hrw0exutge376ai2uf6frw4q, 2x4vbu3htfozzwd8g7bdxeacp, 8q0rkr3gz7hz1ssdx3fkro0a2, 2mlyh9k0yhv8862rj6hu26j8p, cieyupgmnxecb4emqljudrw89, 9tbrhbbmfxq8l363kybl4g7ah, asfd5wkedz1u29xt37r6or4rt, aoa88ulpguvr42b0a1jn8dfys, 9e65qlc7dfjkajyhzhak8sc7p, br17lkx91icsoqiibmufa23v8, 2mawkst2xlxrp2zbvgk6rundh, aackuqvi6nlca566oisw0wc9g, 1q7tkuxplebbezfdsch58k1uy, 5ni7a4s85lp22rysy5inywf3e, de9skbu4z39jm4o4j0mriw00k, 26d7uj41yx6no1oc3izr0rys5, 9gmw9ozey3nvckn368u93iluc, 347h4639fjw27rx29j0we0q5m, 1mym43khm3hlhzbj42tbnjlec'}, {'id': 5775990253, 'qualifierId': 227, 'value': '0, 0, 0, 0, 0, 0, 0, 0, 0, 0, 0, 0, 0, 0, 0, 0, 0, 0, 0, 0'}, {'id': 5775990249, 'qualifierId': 131, 'value': '1, 2, 3, 4, 5, 6, 7, 8, 9, 10, 11, 0, 0, 0, 0, 0, 0, 0, 0, 0'}, {'id': 5776046175, 'qualifierId': 197, 'value': '24303'}, {'id': 5775990243, 'qualifierId': 44, 'value': '1, 2, 2, 3, 2, 2, 3, 3, 4, 4, 4, 5, 5, 5, 5, 5, 5, 5, 5, 5'}, {'id': 5775990247, 'qualifierId': 130, 'value': '4'}]",,,,,Racing Louisville,Home
2823508027,1,34,16,0,0,966pdxhsoxaib9qt5083h8uus,1,0.0,0.0,2025-06-20T23:24:41.605Z,2025-06-21T00:10:05Z,"[{'id': 5776000379, 'qualifierId': 30, 'value': '7e8f4kfwcucaj4239xz0rai1h, 2lh6bupkrijpm9n916446nbop, dy302yj9tjby62ur1u8ab8rxm, 23nuijdnnuiwzkd5cf7jbyajt, 9yvkpwm78jaqr321imfc3rrbo, 1uf4321zvio3hrwfu4z4jxp7t, eigt6t2rj0k98zt1isqrvtvqh, 3cyj9a2fjtx4xd0bqdh6g3azu, e2obgph6szyo04em3qr94g1qt, c811si1xw5he6ih0o1mj94tsl, 68njvqucip0ehuz4eecppvq0a, 93mr62mbyeymgcad2qhpvt2qc, bp34vn963cxgnx6b7q7sig9hw, 6zvfcc67po0ofvl1twrv13tg5, 642fsrjj1seobmhxeefruv578, dyfsbff9jueyw5jhjou424bo4, 77agy8f4m7ybib2cssdfsltuy, 6uui5rxnfn6y5rkcsbuloiui, 6fhiz0epsutfcs1xqfhcuomad, 13mfu77eipda4tqe1grek3a7e'}, {'id': 5776000383, 'qualifierId': 59, 'value': '1, 21, 12, 15, 6, 3, 11, 2, 22, 10, 28, 40, 9, 19, 34, 25, 14, 30, 16, 35'}, {'id': 5776000389, 'qualifierId': 194, 'value': 'c811si1xw5he6ih0o1mj94tsl'}, {'id': 5776000381, 'qualifierId': 44, 'value': '1, 2, 2, 3, 2, 2, 3, 3, 4, 4, 3, 5, 5, 5, 5, 5, 5, 5, 5, 5'}, {'id': 5776000385, 'qualifierId': 130, 'value': '2'}, {'id': 5776046173, 'qualifierId': 197, 'value': '24420'}, {'id': 5776000387, 'qualifierId': 131, 'value': '1, 2, 3, 4, 5, 6, 7, 8, 9, 10, 11, 0, 0, 0, 0, 0, 0, 0, 0, 0'}, {'id': 5776000391, 'qualifierId': 227, 'value': '0, 0, 0, 0, 0, 0, 0, 0, 0, 0, 0, 0, 0, 0, 0, 0, 0, 0, 0, 0'}]",,,,,Orlando Pride,Away
2823516137,2,32,1,0,0,966pdxhsoxaib9qt5083h8uus,1,0.0,0.0,2025-06-21T00:09:08.736Z,2025-06-21T00:09:08Z,"[{'id': 5776046543, 'qualifierId': 127, 'value': 'Left to Right'}]",,,,,Orlando Pride,Away
2823516143,2,32,1,0,0,dtucewmt49th1p4selfutmnmc,1,0.0,0.0,2025-06-21T00:09:08.736Z,2025-06-21T00:09:11Z,"[{'id': 5776046577, 'qualifierId': 127, 'value': 'Right to Left'}]",,,,,Racing Louisville,Home
2823516153,3,1,1,0,0,dtucewmt49th1p4selfutmnmc,1,50.0,50.0,2025-06-21T00:09:08.737Z,2025-06-21T00:11:08Z,"[{'id': 5776046621, 'qualifierId': 56, 'value': 'Back'}, {'id': 5776046625, 'qualifierId': 141, 'value': '40.4'}, {'id': 5776046631, 'qualifierId': 279, 'value': 'S'}, {'id': 5776046623, 'qualifierId': 140, 'value': '26.1'}, {'id': 5776046629, 'qualifierId': 213, 'value': '3.40'}, {'id': 5776046627, 'qualifierId': 212, 'value': '25.9'}]",br17lkx91icsoqiibmufa23v8,E. Sears,,,Racing Louisville,Home
2823516159,4,1,1,0,4,dtucewmt49th1p4selfutmnmc,0,26.1,40.4,2025-06-21T00:09:12.898Z,2025-06-21T00:10:50Z,"[{'id': 5776046647, 'qualifierId': 212, 'value': '57.7'}, {'id': 5776046639, 'qualifierId': 157}, {'id': 5776046641, 'qualifierId': 56, 'value': 'Left'}, {'id': 5776046651, 'qualifierId': 1}, {'id': 5776046645, 'qualifierId': 141, 'value': '82.5'}, {'id': 5776046643, 'qualifierId': 140, 'value': '73.8'}, {'id': 5776046649, 'qualifierId': 213, 'value': '0.52'}]",24lhpn1z5ikitapll48t1z7kk,J. Bloomer,,,Racing Louisville,Home
2823516167,3,12,1,0,7,966pdxhsoxaib9qt5083h8uus,1,27.2,35.9,2025-06-21T00:09:16.353Z,2025-06-21T00:10:58Z,"[{'id': 5776046681, 'qualifierId': 56, 'value': 'Back'}, {'id': 5776046685, 'qualifierId': 141, 'value': '26.6'}, {'id': 5776046683, 'qualifierId': 140, 'value': '35.8'}, {'id': 5776046691, 'qualifierId': 15}, {'id': 5776046687, 'qualifierId': 212, 'value': '11.0'}, {'id': 5776046689, 'qualifierId': 213, 'value': '5.67'}]",2lh6bupkrijpm9n916446nbop,Oihane Hernández,,,Orlando Pride,Away
2823516173,5,1,1,0,9,dtucewmt49th1p4selfutmnmc,0,66.0,84.9,2025-06-21T00:09:18.475Z,2025-06-21T00:09:19Z,"[{'id': 5776046727, 'qualifierId': 213, 'value': '0.12'}, {'id': 5776046723, 'qualifierId': 141, 'value': '86.3'}, {'id': 5776046725, 'qualifierId': 212, 'value': '8.2'}, {'id': 5776046719, 'qualifierId': 56, 'value': 'Left'}, {'id': 5776046717, 'qualifierId': 3}, {'id': 5776046721, 'qualifierId': 140, 'value': '73.8'}]",9tbrhbbmfxq8l363kybl4g7ah,Ary Borges,,,Racing Louisville,Home
2823516181,4,12,1,0,10,966pdxhsoxaib9qt5083h8uus,1,27.1,29.6,2025-06-21T00:09:18.881Z,2025-06-21T00:11:01Z,"[{'id': 5776046773, 'qualifierId': 212, 'value': '9.1'}, {'id': 5776046767, 'qualifierId': 56, 'value': 'Back'}, {'id': 5776046769, 'qualifierId': 140, 'value': '35.4'}, {'id': 5776046771, 'qualifierId': 141, 'value': '26.0'}, {'id': 5776046775, 'qualifierId': 213, 'value': '6.01'}]",2lh6bupkrijpm9n916446nbop,Oihane Hernández,,,Orlando Pride,Away
2823516737,21,1,1,0,12,dtucewmt49th1p4selfutmnmc,0,71.4,82.0,2025-06-21T00:09:21.288Z,2025-06-21T00:12:09Z,"[{'id': 5776050397, 'qualifierId': 1}, {'id': 5776050385, 'qualifierId': 157}, {'id': 5776050393, 'qualifierId': 212, 'value': '9.3'}, {'id': 5776050395, 'qualifierId': 213, 'value': '5.57'}, {'id': 5776050391, 'qualifierId': 141, 'value': '73.0'}, {'id': 5776050387, 'qualifierId': 56, 'value': 'Center'}, {'id': 5776050389, 'qualifierId': 140, 'value': '78.1'}]",9tbrhbbmfxq8l363kybl4g7ah,Ary Borges,,,Racing Louisville,Home
2823516195,5,12,1,0,13,966pdxhsoxaib9qt5083h8uus,1,26.0,50.3,2025-06-21T00:09:22.048Z,2025-06-21T00:09:25Z,"[{'id': 5776046843, 'qualifierId': 140, 'value': '31.8'}, {'id': 5776046849, 'qualifierId': 213, 'value': '5.03'}, {'id': 5776046847, 'qualifierId': 212, 'value': '19.3'}, {'id': 5776046841, 'qualifierId': 56, 'value': 'Back'}, {'id': 5776046845, 'qualifierId': 141, 'value': '23.3'}]",1uf4321zvio3hrwfu4z4jxp7t,K. Nadaner,,,Orlando Pride,Away
2823516193,6,44,1,0,14,dtucewmt49th1p4selfutmnmc,1,69.4,78.8,2025-06-21T00:09:23.691Z,2025-06-21T01:04:29Z,"[{'id': 5776046855, 'qualifierId': 233, 'value': '6'}, {'id': 5776046839, 'qualifierId': 286}, {'id': 5776046837, 'qualifierId': 56, 'value': 'Center'}]",9tbrhbbmfxq8l363kybl4g7ah,Ary Borges,,,Racing Louisville,Home
2823516197,6,44,1,0,14,966pdxhsoxaib9qt5083h8uus,0,30.6,21.2,2025-06-21T00:09:23.692Z,2025-06-21T01:04:29Z,"[{'id': 5776046851, 'qualifierId': 56, 'value': 'Back'}, {'id': 5776046853, 'qualifierId': 285}, {'id': 5776046873, 'qualifierId': 233, 'value': '6'}]",3cyj9a2fjtx4xd0bqdh6g3azu,H. McCutcheon,,,Orlando Pride,Away
2823516201,7,1,1,0,15,dtucewmt49th1p4selfutmnmc,0,71.3,82.4,2025-06-21T00:09:24.267Z,2025-06-21T00:09:26Z,"[{'id': 5776046885, 'qualifierId': 212, 'value': '24.9'}, {'id': 5776046881, 'qualifierId': 140, 'value': '93.0'}, {'id': 5776046887, 'qualifierId': 213, 'value': '0.41'}, {'id': 5776046883, 'qualifierId': 141, 'value': '97.1'}, {'id': 5776046877, 'qualifierId': 3}, {'id': 5776046879, 'qualifierId': 56, 'value': 'Left'}]",9tbrhbbmfxq8l363kybl4g7ah,Ary Borges,,,Racing Louisville,Home
2823516205,8,61,1,0,20,dtucewmt49th1p4selfutmnmc,1,91.4,98.0,2025-06-21T00:09:29.174Z,2025-06-21T00:09:29Z,"[{'id': 5776046933, 'qualifierId': 56, 'value': 'Left'}]",br17lkx91icsoqiibmufa23v8,E. Sears,,,Racing Louisville,Home
2823516213,7,12,1,0,20,966pdxhsoxaib9qt5083h8uus,1,16.3,12.8,2025-06-21T00:09:29.688Z,2025-06-21T01:06:53Z,"[{'id': 5776046975, 'qualifierId': 140, 'value': '17.4'}, {'id': 5776046981, 'qualifierId': 213, 'value': '5.31'}, {'id': 5776046977, 'qualifierId': 141, 'value': '10.3'}, {'id': 5776046979, 'qualifierId': 212, 'value': '2.1'}, {'id': 5776046973, 'qualifierId': 56, 'value': 'Back'}]",2lh6bupkrijpm9n916446nbop,Oihane Hernández,,,Orlando Pride,Away
2823516241,8,5,1,0,21,966pdxhsoxaib9qt5083h8uus,1,10.5,-1.0,2025-06-21T00:09:29.835Z,2025-06-21T00:21:33Z,"[{'id': 5776047171, 'qualifierId': 233, 'value': '9'}, {'id': 5776047167, 'qualifierId': 56, 'value': 'Back'}, {'id': 5776047169, 'qualifierId': 347}]",dy302yj9tjby62ur1u8ab8rxm,C. Dyke,,,Orlando Pride,Away
2823516211,9,5,1,0,21,dtucewmt49th1p4selfutmnmc,0,89.5,101.0,2025-06-21T00:09:29.835Z,2025-06-21T00:21:33Z,"[{'id': 5776047175, 'qualifierId': 233, 'value': '8'}, {'id': 5776046969, 'qualifierId': 56, 'value': 'Left'}, {'id': 5776046971, 'qualifierId': 347}]",br17lkx91icsoqiibmufa23v8,E. Sears,,,Racing Louisville,Home
2823516245,9,1,1,0,41,966pdxhsoxaib9qt5083h8uus,1,15.6,0.0,2025-06-21T00:09:50.016Z,2025-06-21T00:09:52Z,"[{'id': 5776047181, 'qualifierId': 56, 'value': 'Back'}, {'id': 5776047185, 'qualifierId': 141, 'value': '10.7'}, {'id': 5776047179, 'qualifierId': 107}, {'id': 5776047183, 'qualifierId': 140, 'value': '23.9'}, {'id': 5776047189, 'qualifierId': 213, 'value': '0.75'}, {'id': 5776047187, 'qualifierId': 212, 'value': '11.9'}]",2lh6bupkrijpm9n916446nbop,Oihane Hernández,,,Orlando Pride,Away
2823516247,10,1,1,0,44,966pdxhsoxaib9qt5083h8uus,1,23.9,10.7,2025-06-21T00:09:52.897Z,2025-06-21T00:12:20Z,"[{'id': 5776047193, 'qualifierId': 56, 'value': 'Back'}, {'id': 5776047201, 'qualifierId': 213, 'value': '3.64'}, {'id': 5776047199, 'qualifierId': 212, 'value': '5.5'}, {'id': 5776047195, 'qualifierId': 140, 'value': '19.3'}, {'id': 5776050845, 'qualifierId': 156}, {'id': 5776047197, 'qualifierId': 141, 'value': '6.8'}]",c811si1xw5he6ih0o1mj94tsl,Marta,,,Orlando Pride,Away
2823516251,11,1,1,0,44,966pdxhsoxaib9qt5083h8uus,0,18.9,6.4,2025-06-21T00:09:53.633Z,2025-06-21T00:09:54Z,"[{'id': 5776047213, 'qualifierId': 213, 'value': '0.20'}, {'id': 5776047205, 'qualifierId': 56, 'value': 'Back'}, {'id': 5776047211, 'qualifierId': 212, 'value': '12.5'}, {'id': 5776047207, 'qualifierId': 140, 'value': '30.6'}, {'id': 5776047209, 'qualifierId': 141, 'value': '10.1'}]",2lh6bupkrijpm9n916446nbop,Oihane Hernández,,,Orlando Pride,Away
2823516249,10,49,1,0,45,dtucewmt49th1p4selfutmnmc,1,73.4,88.1,2025-06-21T00:09:53.755Z,2025-06-21T00:09:53Z,[],8q0rkr3gz7hz1ssdx3fkro0a2,T. Flint,,,Racing Louisville,Home
2823516265,11,1,1,0,46,dtucewmt49th1p4selfutmnmc,1,71.7,79.1,2025-06-21T00:09:55.019Z,2025-06-21T00:10:00Z,"[{'id': 5776047277, 'qualifierId': 212, 'value': '18.9'}, {'id': 5776047279, 'qualifierId': 213, 'value': '4.14'}, {'id': 5776047273, 'qualifierId': 140, 'value': '61.9'}, {'id': 5776047275, 'qualifierId': 141, 'value': '55.8'}, {'id': 5776047271, 'qualifierId': 56, 'value': 'Center'}]",8q0rkr3gz7hz1ssdx3fkro0a2,T. Flint,,,Racing Louisville,Home
2823516279,12,1,1,0,51,dtucewmt49th1p4selfutmnmc,1,55.4,44.6,2025-06-21T00:10:00.459Z,2025-06-21T00:10:04Z,"[{'id': 5776047333, 'qualifierId': 140, 'value': '51.9'}, {'id': 5776047339, 'qualifierId': 213, 'value': '1.83'}, {'id': 5776047337, 'qualifierId': 212, 'value': '14.2'}, {'id': 5776047331, 'qualifierId': 56, 'value': 'Center'}, {'id': 5776047335, 'qualifierId': 141, 'value': '64.8'}]",2mlyh9k0yhv8862rj6hu26j8p,E. Jean,,,Racing Louisville,Home
2823516285,13,1,1,0,55,dtucewmt49th1p4selfutmnmc,1,52.7,66.9,2025-06-21T00:10:04.284Z,2025-06-21T00:10:06Z,"[{'id': 5776047371, 'qualifierId': 140, 'value': '59.7'}, {'id': 5776047375, 'qualifierId': 212, 'value': '19.9'}, {'id': 5776047373, 'qualifierId': 141, 'value': '94.1'}, {'id': 5776047369, 'qualifierId': 56, 'value': 'Left'}, {'id': 5776047377, 'qualifierId': 213, 'value': '1.19'}]",cieyupgmnxecb4emqljudrw89,A. Wright,,,Racing Louisville,Home
2823516289,14,1,1,0,57,dtucewmt49th1p4selfutmnmc,0,60.0,94.4,2025-06-21T00:10:06.492Z,2025-06-21T00:10:09Z,"[{'id': 5776047393, 'qualifierId': 212, 'value': '3.2'}, {'id': 5776047407, 'qualifierId': 233, 'value': '12'}, {'id': 5776047395, 'qualifierId': 213, 'value': '0.32'}, {'id': 5776047391, 'qualifierId': 141, 'value': '95.9'}, {'id': 5776047387, 'qualifierId': 56, 'value': 'Left'}, {'id': 5776047411, 'qualifierId': 286}, {'id': 5776047405, 'qualifierId': 236}, {'id': 5776047389, 'qualifierId': 140, 'value': '62.9'}]",2x4vbu3htfozzwd8g7bdxeacp,C. Petersen,,,Racing Louisville,Home
2823516293,12,74,1,0,57,966pdxhsoxaib9qt5083h8uus,1,31.2,5.6,2025-06-21T00:10:06.493Z,2025-06-21T01:04:17Z,"[{'id': 5776047403, 'qualifierId': 285}, {'id': 5776047401, 'qualifierId': 56, 'value': 'Back'}, {'id': 5776047417, 'qualifierId': 233, 'value': '14'}]",eigt6t2rj0k98zt1isqrvtvqh,A. Watt,,,Orlando Pride,Away
2823516297,13,5,1,0,59,966pdxhsoxaib9qt5083h8uus,0,32.6,-1.6,2025-06-21T00:10:07.852Z,2025-06-21T00:21:33Z,"[{'id': 5776047549, 'qualifierId': 233, 'value': '15'}, {'id': 5776047441, 'qualifierId': 347}, {'id': 5776047439, 'qualifierId': 56, 'value': 'Back'}]",eigt6t2rj0k98zt1isqrvtvqh,A. Watt,,,Orlando Pride,Away
2823516319,15,5,1,0,59,dtucewmt49th1p4selfutmnmc,1,67.4,101.6,2025-06-21T00:10:07.852Z,2025-06-21T00:21:33Z,"[{'id': 5776047543, 'qualifierId': 347}, {'id': 5776047541, 'qualifierId': 56, 'value': 'Left'}, {'id': 5776047545, 'qualifierId': 233, 'value': '13'}]",2x4vbu3htfozzwd8g7bdxeacp,C. Petersen,,,Racing Louisville,Home
2823516323,16,1,1,1,7,dtucewmt49th1p4selfutmnmc,0,65.5,100.0,2025-06-21T00:10:16.140Z,2025-06-21T00:10:18Z,"[{'id': 5776047577, 'qualifierId': 141, 'value': '94.1'}, {'id': 5776047579, 'qualifierId': 212, 'value': '12.9'}, {'id': 5776047573, 'qualifierId': 56, 'value': 'Left'}, {'id': 5776047575, 'qualifierId': 140, 'value': '76.9'}, {'id': 5776047581, 'qualifierId': 213, 'value': '5.91'}, {'id': 5776047571, 'qualifierId': 107}]",2x4vbu3htfozzwd8g7bdxeacp,C. Petersen,,,Racing Louisville,Home
2823516325,14,44,1,1,9,966pdxhsoxaib9qt5083h8uus,1,20.7,13.0,2025-06-21T00:10:18.016Z,2025-06-21T01:04:29Z,"[{'id': 5776047585, 'qualifierId': 56, 'value': 'Back'}, {'id': 5776047623, 'qualifierId': 233, 'value': '17'}, {'id': 5776047587, 'qualifierId': 285}]",2lh6bupkrijpm9n916446nbop,Oihane Hernández,,,Orlando Pride,Away
2823516327,17,44,1,1,9,dtucewmt49th1p4selfutmnmc,0,79.3,87.0,2025-06-21T00:10:18.017Z,2025-06-21T01:04:29Z,"[{'id': 5776047591, 'qualifierId': 286}, {'id': 5776047589, 'qualifierId': 56, 'value': 'Left'}, {'id': 5776047633, 'qualifierId': 233, 'value': '14'}]",aoa88ulpguvr42b0a1jn8dfys,S. Weber,,,Racing Louisville,Home
2823516333,15,1,1,1,9,966pdxhsoxaib9qt5083h8uus,0,20.3,20.5,2025-06-21T00:10:18.240Z,2025-06-21T00:10:19Z,"[{'id': 5776047611, 'qualifierId': 56, 'value': 'Back'}, {'id': 5776047615, 'qualifierId': 141, 'value': '27.5'}, {'id': 5776047613, 'qualifierId': 140, 'value': '31.0'}, {'id': 5776047619, 'qualifierId': 213, 'value': '0.40'}, {'id': 5776047609, 'qualifierId': 3}, {'id': 5776047617, 'qualifierId': 212, 'value': '12.2'}]",2lh6bupkrijpm9n916446nbop,Oihane Hernández,,,Orlando Pride,Away
2823516337,18,1,1,1,10,dtucewmt49th1p4selfutmnmc,0,69.0,86.0,2025-06-21T00:10:19.500Z,2025-06-21T00:10:20Z,"[{'id': 5776047657, 'qualifierId': 212, 'value': '13.4'}, {'id': 5776047651, 'qualifierId': 56, 'value': 'Left'}, {'id': 5776047655, 'qualifierId': 141, 'value': '87.9'}, {'id': 5776047653, 'qualifierId': 140, 'value': '81.7'}, {'id': 5776047649, 'qualifierId': 3}, {'id': 5776047659, 'qualifierId': 213, 'value': '0.10'}]",8q0rkr3gz7hz1ssdx3fkro0a2,T. Flint,,,Racing Louisville,Home
2823516353,16,1,1,1,11,966pdxhsoxaib9qt5083h8uus,0,26.7,22.9,2025-06-21T00:10:20.241Z,2025-06-21T01:09:39Z,"[{'id': 5776047717, 'qualifierId': 212, 'value': '8.2'}, {'id': 5776047709, 'qualifierId': 3}, {'id': 5776047713, 'qualifierId': 140, 'value': '34.0'}, {'id': 5776047719, 'qualifierId': 213, 'value': '5.93'}, {'id': 5776047711, 'qualifierId': 56, 'value': 'Back'}, {'id': 5776047715, 'qualifierId': 141, 'value': '18.7'}]",2lh6bupkrijpm9n916446nbop,Oihane Hernández,,,Orlando Pride,Away
2823516361,19,4,1,1,14,dtucewmt49th1p4selfutmnmc,1,71.2,83.4,2025-06-21T00:10:23.631Z,2025-06-21T00:39:46Z,"[{'id': 5776047855, 'qualifierId': 233, 'value': '17'}, {'id': 5776047851, 'qualifierId': 152}, {'id': 5776047845, 'qualifierId': 13}, {'id': 5776047853, 'qualifierId': 286}, {'id': 5776047849, 'qualifierId': 56, 'value': 'Left'}, {'id': 5776047847, 'qualifierId': 294}]",9tbrhbbmfxq8l363kybl4g7ah,Ary Borges,,,Racing Louisville,Home
2823516357,17,4,1,1,14,966pdxhsoxaib9qt5083h8uus,0,28.8,16.6,2025-06-21T00:10:23.632Z,2025-06-21T00:39:47Z,"[{'id': 5776047799, 'qualifierId': 294}, {'id': 5776047801, 'qualifierId': 56, 'value': 'Back'}, {'id': 5776047805, 'qualifierId': 285}, {'id': 5776047803, 'qualifierId': 152}, {'id': 5776047863, 'qualifierId': 233, 'value': '19'}, {'id': 5776047797, 'qualifierId': 13}]",c811si1xw5he6ih0o1mj94tsl,Marta,,,Orlando Pride,Away
2823516501,18,27,1,1,45,966pdxhsoxaib9qt5083h8uus,1,0.0,0.0,2025-06-21T00:10:54.194Z,2025-06-21T00:10:58Z,"[{'id': 5776048603, 'qualifierId': 233, 'value': '20'}]",,,,,Orlando Pride,Away
2823516511,20,27,1,1,45,dtucewmt49th1p4selfutmnmc,1,0.0,0.0,2025-06-21T00:10:54.194Z,2025-06-21T00:10:57Z,"[{'id': 5776048595, 'qualifierId': 41, 'value': 'Injury'}, {'id': 5776048599, 'qualifierId': 233, 'value': '18'}, {'id': 5776048597, 'qualifierId': 53, 'value': '9tbrhbbmfxq8l363kybl4g7ah'}]",,,,,Racing Louisville,Home
2823516759,22,43,1,2,31,dtucewmt49th1p4selfutmnmc,1,0.0,0.0,2025-06-21T00:11:39.922Z,2025-06-21T00:11:43Z,"[{'id': 5776049873, 'qualifierId': 55, 'value': '20'}, {'id': 5776049967, 'qualifierId': 144, 'value': '28'}]",,,,,Racing Louisville,Home
2823516927,19,28,1,2,56,966pdxhsoxaib9qt5083h8uus,1,0.0,0.0,2025-06-21T00:12:05.195Z,2025-06-21T00:21:38Z,"[{'id': 5776064325, 'qualifierId': 233, 'value': '23'}, {'id': 5776050861, 'qualifierId': 55, 'value': '18'}]",,,,,Orlando Pride,Away
2823516867,23,28,1,2,56,dtucewmt49th1p4selfutmnmc,1,0.0,0.0,2025-06-21T00:12:05.195Z,2025-06-21T00:21:38Z,"[{'id': 5776050541, 'qualifierId': 55, 'value': '20'}, {'id': 5776064319, 'qualifierId': 233, 'value': '19'}]",,,,,Racing Louisville,Home
2823516939,24,1,1,3,13,dtucewmt49th1p4selfutmnmc,1,71.9,87.6,2025-06-21T00:12:21.936Z,2025-06-21T00:12:48Z,"[{'id': 5776050915, 'qualifierId': 56, 'value': 'Center'}, {'id': 5776050923, 'qualifierId': 213, 'value': '5.24'}, {'id': 5776050911, 'qualifierId': 155}, {'id': 5776051545, 'qualifierId': 210, 'value': '13'}, {'id': 5776050921, 'qualifierId': 212, 'value': '34.2'}, {'id': 5776050913, 'qualifierId': 152}, {'id': 5776050925, 'qualifierId': 1}, {'id': 5776050907, 'qualifierId': 2}, {'id': 5776050919, 'qualifierId': 141, 'value': '44.2'}, {'id': 5776050909, 'qualifierId': 5}, {'id': 5776050917, 'qualifierId': 140, 'value': '88.4'}, {'id': 5776051547, 'qualifierId': 154}]",asfd5wkedz1u29xt37r6or4rt,S. DeMelo,1.0,,Racing Louisville,Home
2823516945,25,13,1,3,17,dtucewmt49th1p4selfutmnmc,1,88.4,44.2,2025-06-21T00:12:26.031Z,2025-06-21T00:12:48Z,"[{'id': 5776051565, 'qualifierId': 103, 'value': '59.7'}, {'id': 5776051553, 'qualifierId': 85}, {'id': 5776051555, 'qualifierId': 29}, {'id': 5776051563, 'qualifierId': 102, 'value': '49.7'}, {'id': 5776051557, 'qualifierId': 154}, {'id': 5776050949, 'qualifierId': 56, 'value': 'Center'}, {'id': 5776051567, 'qualifierId': 230, 'value': '99.7'}, {'id': 5776051189, 'qualifierId': 15}, {'id': 5776051559, 'qualifierId': 55, 'value': '24'}, {'id': 5776051193, 'qualifierId': 328}, {'id': 5776050947, 'qualifierId': 17}, {'id': 5776051187, 'qualifierId': 24}, {'id': 5776051569, 'qualifierId': 231, 'value': '49.5'}]",aoa88ulpguvr42b0a1jn8dfys,S. Weber,,,Racing Louisville,Home
2823517059,20,5,1,3,18,966pdxhsoxaib9qt5083h8uus,1,-1.0,50.4,2025-06-21T00:12:26.751Z,2025-06-21T00:21:34Z,"[{'id': 5776051607, 'qualifierId': 233, 'value': '26'}, {'id': 5776051605, 'qualifierId': 346}, {'id': 5776051601, 'qualifierId': 56, 'value': 'Back'}]",3cyj9a2fjtx4xd0bqdh6g3azu,H. McCutcheon,,,Orlando Pride,Away
2823516993,26,5,1,3,18,dtucewmt49th1p4selfutmnmc,0,101.0,49.6,2025-06-21T00:12:26.751Z,2025-06-21T00:21:34Z,"[{'id': 5776051185, 'qualifierId': 346}, {'id': 5776051183, 'qualifierId': 56, 'value': 'Center'}, {'id': 5776051613, 'qualifierId': 233, 'value': '20'}]",aoa88ulpguvr42b0a1jn8dfys,S. Weber,,,Racing Louisville,Home
2823517069,21,1,1,3,40,966pdxhsoxaib9qt5083h8uus,1,4.9,48.8,2025-06-21T00:12:49.392Z,2025-06-21T00:13:05Z,"[{'id': 5776051659, 'qualifierId': 213, 'value': '5.04'}, {'id': 5776051649, 'qualifierId': 124}, {'id': 5776051653, 'qualifierId': 140, 'value': '8.8'}, {'id': 5776051655, 'qualifierId': 141, 'value': '31.3'}, {'id': 5776051663, 'qualifierId': 237}, {'id': 5776051651, 'qualifierId': 56, 'value': 'Back'}, {'id': 5776051843, 'qualifierId': 189}, {'id': 5776051657, 'qualifierId': 212, 'value': '12.6'}]",7e8f4kfwcucaj4239xz0rai1h,A. Moorhouse,,,Orlando Pride,Away
2823517071,22,1,1,3,43,966pdxhsoxaib9qt5083h8uus,0,8.9,19.7,2025-06-21T00:12:52.671Z,2025-06-21T00:12:54Z,"[{'id': 5776051673, 'qualifierId': 141, 'value': '13.7'}, {'id': 5776051679, 'qualifierId': 1}, {'id': 5776051671, 'qualifierId': 140, 'value': '33.7'}, {'id': 5776051667, 'qualifierId': 157}, {'id': 5776051675, 'qualifierId': 212, 'value': '26.4'}, {'id': 5776051677, 'qualifierId': 213, 'value': '6.13'}, {'id': 5776051669, 'qualifierId': 56, 'value': 'Back'}]",9yvkpwm78jaqr321imfc3rrbo,E. Sams,,,Orlando Pride,Away
2823517077,27,1,1,3,46,dtucewmt49th1p4selfutmnmc,1,66.8,91.5,2025-06-21T00:12:54.881Z,2025-06-21T00:12:55Z,"[{'id': 5776051723, 'qualifierId': 212, 'value': '7.8'}, {'id': 5776051725, 'qualifierId': 213, 'value': '6.12'}, {'id': 5776051717, 'qualifierId': 56, 'value': 'Left'}, {'id': 5776051719, 'qualifierId': 140, 'value': '74.1'}, {'id': 5776051721, 'qualifierId': 141, 'value': '89.6'}]",2x4vbu3htfozzwd8g7bdxeacp,C. Petersen,,,Racing Louisville,Home
2823517087,28,1,1,3,46,dtucewmt49th1p4selfutmnmc,0,74.1,89.6,2025-06-21T00:12:55.600Z,2025-06-21T00:13:09Z,"[{'id': 5776051787, 'qualifierId': 213, 'value': '6.08'}, {'id': 5776051783, 'qualifierId': 141, 'value': '80.9'}, {'id': 5776051779, 'qualifierId': 56, 'value': 'Left'}, {'id': 5776051933, 'qualifierId': 168}, {'id': 5776051785, 'qualifierId': 212, 'value': '29.1'}, {'id': 5776051781, 'qualifierId': 140, 'value': '100.0'}]",9tbrhbbmfxq8l363kybl4g7ah,Ary Borges,,,Racing Louisville,Home
2823517089,23,56,1,3,50,966pdxhsoxaib9qt5083h8uus,1,0.8,18.5,2025-06-21T00:12:58.944Z,2025-06-21T01:06:57Z,"[{'id': 5776051789, 'qualifierId': 56, 'value': 'Back'}]",9yvkpwm78jaqr321imfc3rrbo,E. Sams,,,Orlando Pride,Away
2823517101,24,5,1,3,51,966pdxhsoxaib9qt5083h8uus,1,-0.9,18.9,2025-06-21T00:13:00.461Z,2025-06-21T00:21:34Z,"[{'id': 5776051819, 'qualifierId': 346}, {'id': 5776051817, 'qualifierId': 56, 'value': 'Back'}, {'id': 5776051917, 'qualifierId': 233, 'value': '29'}]",9yvkpwm78jaqr321imfc3rrbo,E. Sams,,,Orlando Pride,Away
2823517119,29,5,1,3,51,dtucewmt49th1p4selfutmnmc,0,100.9,81.1,2025-06-21T00:13:00.461Z,2025-06-21T00:21:34Z,"[{'id': 5776051915, 'qualifierId': 346}, {'id': 5776051937, 'qualifierId': 233, 'value': '24'}, {'id': 5776051913, 'qualifierId': 56, 'value': 'Left'}]",9tbrhbbmfxq8l363kybl4g7ah,Ary Borges,,,Racing Louisville,Home
2823517173,25,1,1,4,12,966pdxhsoxaib9qt5083h8uus,1,4.3,56.0,2025-06-21T00:13:21.183Z,2025-06-21T00:13:25Z,"[{'id': 5776052257, 'qualifierId': 56, 'value': 'Back'}, {'id': 5776052255, 'qualifierId': 124}, {'id': 5776052269, 'qualifierId': 237}, {'id': 5776052263, 'qualifierId': 212, 'value': '6.0'}, {'id': 5776052265, 'qualifierId': 213, 'value': '4.57'}, {'id': 5776052259, 'qualifierId': 140, 'value': '3.5'}, {'id': 5776052261, 'qualifierId': 141, 'value': '47.2'}]",1uf4321zvio3hrwfu4z4jxp7t,K. Nadaner,,,Orlando Pride,Away
2823517187,26,1,1,4,16,966pdxhsoxaib9qt5083h8uus,0,4.7,48.5,2025-06-21T00:13:25.519Z,2025-06-21T00:13:30Z,"[{'id': 5776052357, 'qualifierId': 1}, {'id': 5776052353, 'qualifierId': 212, 'value': '41.7'}, {'id': 5776052347, 'qualifierId': 56, 'value': 'Back'}, {'id': 5776052349, 'qualifierId': 140, 'value': '43.5'}, {'id': 5776052355, 'qualifierId': 213, 'value': '0.21'}, {'id': 5776052345, 'qualifierId': 157}, {'id': 5776052351, 'qualifierId': 141, 'value': '61.4'}]",7e8f4kfwcucaj4239xz0rai1h,A. Moorhouse,,,Orlando Pride,Away
2823517193,30,44,1,4,20,dtucewmt49th1p4selfutmnmc,1,52.4,33.2,2025-06-21T00:13:29.550Z,2025-06-21T01:04:30Z,"[{'id': 5776052375, 'qualifierId': 56, 'value': 'Center'}, {'id': 5776052379, 'qualifierId': 233, 'value': '27'}, {'id': 5776052383, 'qualifierId': 286}]",8q0rkr3gz7hz1ssdx3fkro0a2,T. Flint,,,Racing Louisville,Home
2823517191,27,44,1,4,20,966pdxhsoxaib9qt5083h8uus,0,47.6,66.8,2025-06-21T00:13:29.551Z,2025-06-21T01:04:30Z,"[{'id': 5776052407, 'qualifierId': 233, 'value': '30'}, {'id': 5776052373, 'qualifierId': 285}, {'id': 5776052371, 'qualifierId': 56, 'value': 'Back'}]",68njvqucip0ehuz4eecppvq0a,S. Yates,,,Orlando Pride,Away
2823517215,31,1,1,4,21,dtucewmt49th1p4selfutmnmc,1,45.7,24.4,2025-06-21T00:13:30.178Z,2025-06-21T00:13:32Z,"[{'id': 5776052505, 'qualifierId': 56, 'value': 'Center'}, {'id': 5776052509, 'qualifierId': 141, 'value': '30.2'}, {'id': 5776052503, 'qualifierId': 3}, {'id': 5776052513, 'qualifierId': 213, 'value': '0.22'}, {'id': 5776052507, 'qualifierId': 140, 'value': '62.2'}, {'id': 5776052511, 'qualifierId': 212, 'value': '17.8'}]",8q0rkr3gz7hz1ssdx3fkro0a2,T. Flint,,,Racing Louisville,Home
2823517221,32,3,1,4,23,dtucewmt49th1p4selfutmnmc,0,63.5,40.6,2025-06-21T00:13:32.642Z,2025-06-21T01:04:19Z,"[{'id': 5776052543, 'qualifierId': 56, 'value': 'Center'}, {'id': 5776052545, 'qualifierId': 286}, {'id': 5776060131, 'qualifierId': 233, 'value': '28'}]",9tbrhbbmfxq8l363kybl4g7ah,Ary Borges,,,Racing Louisville,Home
2823517233,28,7,1,4,23,966pdxhsoxaib9qt5083h8uus,1,36.5,59.4,2025-06-21T00:13:32.643Z,2025-06-21T01:04:18Z,"[{'id': 5776052639, 'qualifierId': 56, 'value': 'Back'}, {'id': 5776052641, 'qualifierId': 285}, {'id': 5776060135, 'qualifierId': 233, 'value': '32'}]",3cyj9a2fjtx4xd0bqdh6g3azu,H. McCutcheon,,,Orlando Pride,Away
2823517235,29,49,1,4,26,966pdxhsoxaib9qt5083h8uus,1,36.3,56.1,2025-06-21T00:13:35.087Z,2025-06-21T00:13:35Z,[],c811si1xw5he6ih0o1mj94tsl,Marta,,,Orlando Pride,Away
2823517239,30,1,1,4,26,966pdxhsoxaib9qt5083h8uus,0,36.2,57.6,2025-06-21T00:13:35.536Z,2025-06-21T00:13:36Z,"[{'id': 5776052661, 'qualifierId': 140, 'value': '33.9'}, {'id': 5776052665, 'qualifierId': 212, 'value': '2.9'}, {'id': 5776052659, 'qualifierId': 56, 'value': 'Back'}, {'id': 5776052663, 'qualifierId': 141, 'value': '59.9'}, {'id': 5776052679, 'qualifierId': 286}, {'id': 5776052673, 'qualifierId': 236}, {'id': 5776052675, 'qualifierId': 233, 'value': '33'}, {'id': 5776052667, 'qualifierId': 213, 'value': '2.57'}]",c811si1xw5he6ih0o1mj94tsl,Marta,,,Orlando Pride,Away
2823517241,33,74,1,4,26,dtucewmt49th1p4selfutmnmc,1,58.7,21.2,2025-06-21T00:13:35.537Z,2025-06-21T01:04:17Z,"[{'id': 5776052681, 'qualifierId': 233, 'value': '30'}, {'id': 5776052669, 'qualifierId': 56, 'value': 'Center'}, {'id': 5776052671, 'qualifierId': 285}]",aoa88ulpguvr42b0a1jn8dfys,S. Weber,,,Racing Louisville,Home
2823517245,34,49,1,4,29,dtucewmt49th1p4selfutmnmc,1,47.9,20.3,2025-06-21T00:13:38.242Z,2025-06-21T00:13:38Z,[],7hrw0exutge376ai2uf6frw4q,L. Milliet,,,Racing Louisville,Home
2823517259,35,1,1,4,29,dtucewmt49th1p4selfutmnmc,1,53.7,26.4,2025-06-21T00:13:38.497Z,2025-06-21T01:12:29Z,"[{'id': 5776052755, 'qualifierId': 212, 'value': '7.5'}, {'id': 5776052751, 'qualifierId': 140, 'value': '59.7'}, {'id': 5776052749, 'qualifierId': 56, 'value': 'Right'}, {'id': 5776052753, 'qualifierId': 141, 'value': '20.5'}, {'id': 5776052757, 'qualifierId': 213, 'value': '5.72'}]",7hrw0exutge376ai2uf6frw4q,L. Milliet,,,Racing Louisville,Home
2823517261,36,1,1,4,30,dtucewmt49th1p4selfutmnmc,1,60.3,22.9,2025-06-21T00:13:38.827Z,2025-06-21T01:12:56Z,"[{'id': 5776136709, 'qualifierId': 140, 'value': '63.4'}, {'id': 5776136715, 'qualifierId': 213, 'value': '1.10'}, {'id': 5776136707, 'qualifierId': 56, 'value': 'Center'}, {'id': 5776136711, 'qualifierId': 141, 'value': '32.3'}, {'id': 5776136713, 'qualifierId': 212, 'value': '7.2'}]",9e65qlc7dfjkajyhzhak8sc7p,J. Sonis,,,Racing Louisville,Home
2823532083,385,83,1,4,31,966pdxhsoxaib9qt5083h8uus,0,35.2,63.0,2025-06-21T00:13:39.736Z,2025-06-21T02:11:20Z,"[{'id': 5776211627, 'qualifierId': 399, 'value': 'asfd5wkedz1u29xt37r6or4rt'}]",3cyj9a2fjtx4xd0bqdh6g3azu,H. McCutcheon,,,Orlando Pride,Away
2823517255,31,43,1,4,31,966pdxhsoxaib9qt5083h8uus,1,0.0,0.0,2025-06-21T00:13:40.159Z,2025-06-21T01:12:47Z,"[{'id': 5776052727, 'qualifierId': 56, 'value': 'Back'}, {'id': 5776137185, 'qualifierId': 144, 'value': '8'}]",3cyj9a2fjtx4xd0bqdh6g3azu,H. McCutcheon,,,Orlando Pride,Away
2823532185,337,61,1,4,32,dtucewmt49th1p4selfutmnmc,0,60.7,23.6,2025-06-21T00:13:40.736Z,2025-06-21T02:11:20Z,"[{'id': 5776137341, 'qualifierId': 56, 'value': 'Center'}]",asfd5wkedz1u29xt37r6or4rt,S. DeMelo,,,Racing Louisville,Home
2823517267,32,3,1,4,32,966pdxhsoxaib9qt5083h8uus,0,35.2,65.2,2025-06-21T00:13:41.567Z,2025-06-21T01:04:19Z,"[{'id': 5776052889, 'qualifierId': 286}, {'id': 5776052793, 'qualifierId': 56, 'value': 'Back'}, {'id': 5776052885, 'qualifierId': 233, 'value': '37'}]",c811si1xw5he6ih0o1mj94tsl,Marta,,,Orlando Pride,Away
2823517285,37,7,1,4,32,dtucewmt49th1p4selfutmnmc,1,64.8,34.8,2025-06-21T00:13:41.568Z,2025-06-21T01:04:19Z,"[{'id': 5776052881, 'qualifierId': 233, 'value': '32'}, {'id': 5776052879, 'qualifierId': 285}, {'id': 5776052877, 'qualifierId': 56, 'value': 'Center'}]",7hrw0exutge376ai2uf6frw4q,L. Milliet,,,Racing Louisville,Home
2823517287,38,49,1,4,34,dtucewmt49th1p4selfutmnmc,1,58.6,26.0,2025-06-21T00:13:43.250Z,2025-06-21T00:13:43Z,[],7hrw0exutge376ai2uf6frw4q,L. Milliet,,,Racing Louisville,Home
2823517295,39,1,1,4,34,dtucewmt49th1p4selfutmnmc,1,58.6,26.0,2025-06-21T00:13:43.490Z,2025-06-21T00:13:44Z,"[{'id': 5776052939, 'qualifierId': 212, 'value': '8.4'}, {'id': 5776052937, 'qualifierId': 141, 'value': '35.3'}, {'id': 5776052941, 'qualifierId': 213, 'value': '0.86'}, {'id': 5776052933, 'qualifierId': 56, 'value': 'Center'}, {'id': 5776052935, 'qualifierId': 140, 'value': '63.8'}]",7hrw0exutge376ai2uf6frw4q,L. Milliet,,,Racing Louisville,Home
2823517297,40,1,1,4,36,dtucewmt49th1p4selfutmnmc,1,65.8,30.4,2025-06-21T00:13:44.850Z,2025-06-21T00:13:45Z,"[{'id': 5776052961, 'qualifierId': 212, 'value': '6.9'}, {'id': 5776052959, 'qualifierId': 141, 'value': '34.3'}, {'id': 5776052963, 'qualifierId': 213, 'value': '2.75'}, {'id': 5776052955, 'qualifierId': 56, 'value': 'Center'}, {'id': 5776052957, 'qualifierId': 140, 'value': '59.7'}, {'id': 5776052967, 'qualifierId': 156}]",9tbrhbbmfxq8l363kybl4g7ah,Ary Borges,,,Racing Louisville,Home
2823517303,41,61,1,4,37,dtucewmt49th1p4selfutmnmc,1,62.9,36.4,2025-06-21T00:13:46.466Z,2025-06-21T01:13:14Z,"[{'id': 5776052981, 'qualifierId': 56, 'value': 'Center'}]",asfd5wkedz1u29xt37r6or4rt,S. DeMelo,,,Racing Louisville,Home
2823517315,42,1,1,4,38,dtucewmt49th1p4selfutmnmc,1,60.2,44.6,2025-06-21T00:13:47.138Z,2025-06-21T00:13:48Z,"[{'id': 5776053073, 'qualifierId': 212, 'value': '14.6'}, {'id': 5776053067, 'qualifierId': 56, 'value': 'Center'}, {'id': 5776053069, 'qualifierId': 140, 'value': '70.4'}, {'id': 5776053071, 'qualifierId': 141, 'value': '59.1'}, {'id': 5776053075, 'qualifierId': 213, 'value': '0.74'}]",8q0rkr3gz7hz1ssdx3fkro0a2,T. Flint,,,Racing Louisville,Home
2823517317,43,61,1,4,40,dtucewmt49th1p4selfutmnmc,0,70.4,59.4,2025-06-21T00:13:48.754Z,2025-06-21T01:13:19Z,"[{'id': 5776053083, 'qualifierId': 56, 'value': 'Center'}]",br17lkx91icsoqiibmufa23v8,E. Sears,,,Racing Louisville,Home
2823517371,33,12,1,4,42,966pdxhsoxaib9qt5083h8uus,1,20.3,54.9,2025-06-21T00:13:50.751Z,2025-06-21T00:14:02Z,"[{'id': 5776053405, 'qualifierId': 141, 'value': '31.9'}, {'id': 5776053401, 'qualifierId': 56, 'value': 'Back'}, {'id': 5776053407, 'qualifierId': 212, 'value': '34.7'}, {'id': 5776053409, 'qualifierId': 213, 'value': '5.82'}, {'id': 5776053403, 'qualifierId': 140, 'value': '49.8'}]",1uf4321zvio3hrwfu4z4jxp7t,K. Nadaner,,,Orlando Pride,Away
2823517337,44,1,1,4,43,dtucewmt49th1p4selfutmnmc,1,51.4,66.3,2025-06-21T00:13:52.337Z,2025-06-21T00:13:54Z,"[{'id': 5776053227, 'qualifierId': 213, 'value': '5.71'}, {'id': 5776053223, 'qualifierId': 141, 'value': '60.5'}, {'id': 5776053221, 'qualifierId': 140, 'value': '57.2'}, {'id': 5776053219, 'qualifierId': 56, 'value': 'Center'}, {'id': 5776053225, 'qualifierId': 212, 'value': '7.3'}]",cieyupgmnxecb4emqljudrw89,A. Wright,,,Racing Louisville,Home
2823517355,45,1,1,4,45,dtucewmt49th1p4selfutmnmc,1,57.2,60.5,2025-06-21T00:13:54.386Z,2025-06-21T00:13:59Z,"[{'id': 5776053331, 'qualifierId': 1}, {'id': 5776053327, 'qualifierId': 212, 'value': '46.0'}, {'id': 5776053325, 'qualifierId': 141, 'value': '89.0'}, {'id': 5776053319, 'qualifierId': 155}, {'id': 5776053321, 'qualifierId': 56, 'value': 'Left'}, {'id': 5776053329, 'qualifierId': 213, 'value': '0.44'}, {'id': 5776053323, 'qualifierId': 140, 'value': '96.9'}]",8q0rkr3gz7hz1ssdx3fkro0a2,T. Flint,,,Racing Louisville,Home
2823517357,46,61,1,4,51,dtucewmt49th1p4selfutmnmc,0,96.9,89.0,2025-06-21T00:13:59.778Z,2025-06-21T00:14:00Z,"[{'id': 5776053339, 'qualifierId': 56, 'value': 'Left'}]",2x4vbu3htfozzwd8g7bdxeacp,C. Petersen,,,Racing Louisville,Home
2823517483,34,5,1,4,52,966pdxhsoxaib9qt5083h8uus,1,-1.2,5.4,2025-06-21T00:14:01.684Z,2025-06-21T00:21:35Z,"[{'id': 5776053955, 'qualifierId': 346}, {'id': 5776053967, 'qualifierId': 233, 'value': '47'}, {'id': 5776053953, 'qualifierId': 56, 'value': 'Back'}]",2lh6bupkrijpm9n916446nbop,Oihane Hernández,,,Orlando Pride,Away
2823517369,47,5,1,4,52,dtucewmt49th1p4selfutmnmc,0,101.2,94.6,2025-06-21T00:14:01.684Z,2025-06-21T00:21:35Z,"[{'id': 5776053975, 'qualifierId': 233, 'value': '34'}, {'id': 5776053399, 'qualifierId': 346}, {'id': 5776053397, 'qualifierId': 56, 'value': 'Left'}]",2x4vbu3htfozzwd8g7bdxeacp,C. Petersen,,,Racing Louisville,Home
2823517523,35,1,1,5,16,966pdxhsoxaib9qt5083h8uus,1,5.3,56.1,2025-06-21T00:14:24.782Z,2025-06-21T00:14:28Z,"[{'id': 5776054147, 'qualifierId': 212, 'value': '6.3'}, {'id': 5776054139, 'qualifierId': 124}, {'id': 5776054141, 'qualifierId': 56, 'value': 'Back'}, {'id': 5776054145, 'qualifierId': 141, 'value': '47.2'}, {'id': 5776054143, 'qualifierId': 140, 'value': '3.5'}, {'id': 5776054153, 'qualifierId': 237}, {'id': 5776054149, 'qualifierId': 213, 'value': '4.41'}]",1uf4321zvio3hrwfu4z4jxp7t,K. Nadaner,,,Orlando Pride,Away
2823517543,36,1,1,5,20,966pdxhsoxaib9qt5083h8uus,0,5.6,46.9,2025-06-21T00:14:28.815Z,2025-06-21T00:14:34Z,"[{'id': 5776054307, 'qualifierId': 213, 'value': '0.81'}, {'id': 5776054297, 'qualifierId': 157}, {'id': 5776054309, 'qualifierId': 1}, {'id': 5776054303, 'qualifierId': 141, 'value': '100.0'}, {'id': 5776054299, 'qualifierId': 56, 'value': 'Back'}, {'id': 5776054305, 'qualifierId': 212, 'value': '51.1'}, {'id': 5776054301, 'qualifierId': 140, 'value': '39.3'}]",7e8f4kfwcucaj4239xz0rai1h,A. Moorhouse,,,Orlando Pride,Away
2823517545,37,5,1,5,24,966pdxhsoxaib9qt5083h8uus,0,40.5,101.2,2025-06-21T00:14:33.154Z,2025-06-21T00:21:35Z,"[{'id': 5776054313, 'qualifierId': 347}, {'id': 5776054335, 'qualifierId': 233, 'value': '48'}, {'id': 5776054311, 'qualifierId': 56, 'value': 'Back'}]",7e8f4kfwcucaj4239xz0rai1h,A. Moorhouse,,,Orlando Pride,Away
2823517541,48,5,1,5,24,dtucewmt49th1p4selfutmnmc,1,59.5,-1.2,2025-06-21T00:14:33.154Z,2025-06-21T00:21:35Z,"[{'id': 5776054293, 'qualifierId': 56, 'value': 'Right'}, {'id': 5776054319, 'qualifierId': 233, 'value': '37'}, {'id': 5776054295, 'qualifierId': 347}]",7hrw0exutge376ai2uf6frw4q,L. Milliet,,,Racing Louisville,Home
2823517575,49,1,1,5,25,dtucewmt49th1p4selfutmnmc,1,57.5,0.0,2025-06-21T00:14:34.323Z,2025-06-21T00:14:40Z,"[{'id': 5776054471, 'qualifierId': 213, 'value': '2.73'}, {'id': 5776054467, 'qualifierId': 141, 'value': '7.6'}, {'id': 5776054469, 'qualifierId': 212, 'value': '15.0'}, {'id': 5776054463, 'qualifierId': 56, 'value': 'Back'}, {'id': 5776054465, 'qualifierId': 140, 'value': '44.4'}, {'id': 5776054461, 'qualifierId': 107}]",7hrw0exutge376ai2uf6frw4q,L. Milliet,,,Racing Louisville,Home
2823517593,50,1,1,5,31,dtucewmt49th1p4selfutmnmc,1,46.1,33.7,2025-06-21T00:14:40.723Z,2025-06-21T00:14:43Z,"[{'id': 5776054595, 'qualifierId': 212, 'value': '21.9'}, {'id': 5776054591, 'qualifierId': 140, 'value': '40.6'}, {'id': 5776054593, 'qualifierId': 141, 'value': '64.8'}, {'id': 5776054589, 'qualifierId': 56, 'value': 'Back'}, {'id': 5776054597, 'qualifierId': 213, 'value': '1.84'}]",2mlyh9k0yhv8862rj6hu26j8p,E. Jean,,,Racing Louisville,Home
2823517599,51,1,1,5,34,dtucewmt49th1p4selfutmnmc,1,43.2,66.5,2025-06-21T00:14:43.507Z,2025-06-21T00:14:44Z,"[{'id': 5776054623, 'qualifierId': 212, 'value': '11.6'}, {'id': 5776054625, 'qualifierId': 213, 'value': '0.18'}, {'id': 5776054617, 'qualifierId': 56, 'value': 'Center'}, {'id': 5776054619, 'qualifierId': 140, 'value': '54.1'}, {'id': 5776054621, 'qualifierId': 141, 'value': '69.5'}]",cieyupgmnxecb4emqljudrw89,A. Wright,,,Racing Louisville,Home
2823517617,52,1,1,5,36,dtucewmt49th1p4selfutmnmc,1,54.1,69.5,2025-06-21T00:14:44.787Z,2025-06-21T00:14:47Z,"[{'id': 5776054715, 'qualifierId': 213, 'value': '2.79'}, {'id': 5776054707, 'qualifierId': 56, 'value': 'Back'}, {'id': 5776054709, 'qualifierId': 140, 'value': '40.7'}, {'id': 5776054711, 'qualifierId': 141, 'value': '77.0'}, {'id': 5776054713, 'qualifierId': 212, 'value': '15.0'}]",9tbrhbbmfxq8l363kybl4g7ah,Ary Borges,,,Racing Louisville,Home
2823517629,53,1,1,5,38,dtucewmt49th1p4selfutmnmc,1,37.7,74.0,2025-06-21T00:14:47.283Z,2025-06-21T00:14:50Z,"[{'id': 5776054793, 'qualifierId': 140, 'value': '26.8'}, {'id': 5776054799, 'qualifierId': 213, 'value': '4.12'}, {'id': 5776054797, 'qualifierId': 212, 'value': '20.4'}, {'id': 5776054791, 'qualifierId': 56, 'value': 'Back'}, {'id': 5776054795, 'qualifierId': 141, 'value': '49.1'}]",cieyupgmnxecb4emqljudrw89,A. Wright,,,Racing Louisville,Home
2823517649,54,1,1,5,41,dtucewmt49th1p4selfutmnmc,1,25.8,49.4,2025-06-21T00:14:50.675Z,2025-06-21T00:14:53Z,"[{'id': 5776054911, 'qualifierId': 212, 'value': '18.3'}, {'id': 5776054907, 'qualifierId': 140, 'value': '31.2'}, {'id': 5776054913, 'qualifierId': 213, 'value': '5.03'}, {'id': 5776054909, 'qualifierId': 141, 'value': '23.8'}, {'id': 5776054905, 'qualifierId': 56, 'value': 'Back'}]",24lhpn1z5ikitapll48t1z7kk,J. Bloomer,,,Racing Louisville,Home
2823517663,55,1,1,5,44,dtucewmt49th1p4selfutmnmc,1,32.4,20.8,2025-06-21T00:14:53.219Z,2025-06-21T00:14:57Z,"[{'id': 5776055005, 'qualifierId': 140, 'value': '25.1'}, {'id': 5776055011, 'qualifierId': 213, 'value': '1.98'}, {'id': 5776055003, 'qualifierId': 56, 'value': 'Back'}, {'id': 5776055009, 'qualifierId': 212, 'value': '19.2'}, {'id': 5776055007, 'qualifierId': 141, 'value': '46.7'}]",2mlyh9k0yhv8862rj6hu26j8p,E. Jean,,,Racing Louisville,Home
2823517679,56,1,1,5,49,dtucewmt49th1p4selfutmnmc,1,25.2,42.2,2025-06-21T00:14:57.907Z,2025-06-21T00:15:03Z,"[{'id': 5776055131, 'qualifierId': 213, 'value': '5.71'}, {'id': 5776055125, 'qualifierId': 140, 'value': '64.5'}, {'id': 5776055121, 'qualifierId': 155}, {'id': 5776055127, 'qualifierId': 141, 'value': '3.2'}, {'id': 5776055129, 'qualifierId': 212, 'value': '49.1'}, {'id': 5776055133, 'qualifierId': 1}, {'id': 5776055123, 'qualifierId': 56, 'value': 'Right'}]",24lhpn1z5ikitapll48t1z7kk,J. Bloomer,,,Racing Louisville,Home
2823517685,57,1,1,5,54,dtucewmt49th1p4selfutmnmc,1,65.0,4.9,2025-06-21T00:15:03.396Z,2025-06-21T00:15:05Z,"[{'id': 5776055157, 'qualifierId': 212, 'value': '9.2'}, {'id': 5776055155, 'qualifierId': 141, 'value': '17.5'}, {'id': 5776055151, 'qualifierId': 56, 'value': 'Right'}, {'id': 5776055159, 'qualifierId': 213, 'value': '1.21'}, {'id': 5776055153, 'qualifierId': 140, 'value': '68.1'}]",9e65qlc7dfjkajyhzhak8sc7p,J. Sonis,,,Racing Louisville,Home
2823517691,58,1,1,5,56,dtucewmt49th1p4selfutmnmc,1,72.1,21.8,2025-06-21T00:15:05.188Z,2025-06-21T01:11:04Z,"[{'id': 5776055223, 'qualifierId': 213, 'value': '6.07'}, {'id': 5776055215, 'qualifierId': 56, 'value': 'Right'}, {'id': 5776055219, 'qualifierId': 141, 'value': '16.9'}, {'id': 5776055217, 'qualifierId': 140, 'value': '86.9'}, {'id': 5776055221, 'qualifierId': 212, 'value': '15.9'}]",asfd5wkedz1u29xt37r6or4rt,S. DeMelo,,,Racing Louisville,Home
2823517695,59,1,1,5,59,dtucewmt49th1p4selfutmnmc,0,89.1,22.9,2025-06-21T00:15:07.924Z,2025-06-21T01:11:14Z,"[{'id': 5776055233, 'qualifierId': 212, 'value': '16.5'}, {'id': 5776055227, 'qualifierId': 56, 'value': 'Center'}, {'id': 5776055229, 'qualifierId': 140, 'value': '95.2'}, {'id': 5776055231, 'qualifierId': 141, 'value': '45.2'}, {'id': 5776055235, 'qualifierId': 213, 'value': '1.17'}]",9e65qlc7dfjkajyhzhak8sc7p,J. Sonis,,,Racing Louisville,Home
2823517697,38,8,1,6,0,966pdxhsoxaib9qt5083h8uus,1,3.6,59.6,2025-06-21T00:15:09.231Z,2025-06-21T00:15:09Z,"[{'id': 5776055237, 'qualifierId': 56, 'value': 'Back'}]",9yvkpwm78jaqr321imfc3rrbo,E. Sams,,,Orlando Pride,Away
2823517709,39,12,1,6,1,966pdxhsoxaib9qt5083h8uus,1,3.7,59.6,2025-06-21T00:15:09.999Z,2025-06-21T00:15:11Z,"[{'id': 5776055305, 'qualifierId': 140, 'value': '12.1'}, {'id': 5776055303, 'qualifierId': 56, 'value': 'Back'}, {'id': 5776055311, 'qualifierId': 213, 'value': '0.23'}, {'id': 5776055309, 'qualifierId': 212, 'value': '9.1'}, {'id': 5776055307, 'qualifierId': 141, 'value': '62.6'}]",9yvkpwm78jaqr321imfc3rrbo,E. Sams,,,Orlando Pride,Away
2823517711,40,49,1,6,2,966pdxhsoxaib9qt5083h8uus,1,12.1,62.6,2025-06-21T00:15:11.327Z,2025-06-21T00:15:11Z,[],3cyj9a2fjtx4xd0bqdh6g3azu,H. McCutcheon,,,Orlando Pride,Away
2823517719,41,1,1,6,3,966pdxhsoxaib9qt5083h8uus,1,12.1,62.6,2025-06-21T00:15:11.774Z,2025-06-21T00:15:14Z,"[{'id': 5776055383, 'qualifierId': 213, 'value': '2.24'}, {'id': 5776055377, 'qualifierId': 140, 'value': '9.6'}, {'id': 5776055379, 'qualifierId': 141, 'value': '67.5'}, {'id': 5776055375, 'qualifierId': 56, 'value': 'Back'}, {'id': 5776055381, 'qualifierId': 212, 'value': '4.2'}]",3cyj9a2fjtx4xd0bqdh6g3azu,H. McCutcheon,,,Orlando Pride,Away
2823517721,42,1,1,6,5,966pdxhsoxaib9qt5083h8uus,0,5.4,64.6,2025-06-21T00:15:14.191Z,2025-06-21T01:07:16Z,"[{'id': 5776055393, 'qualifierId': 140, 'value': '11.4'}, {'id': 5776055399, 'qualifierId': 213, 'value': '6.22'}, {'id': 5776055397, 'qualifierId': 212, 'value': '6.3'}, {'id': 5776055391, 'qualifierId': 56, 'value': 'Back'}, {'id': 5776055395, 'qualifierId': 141, 'value': '64.0'}]",dy302yj9tjby62ur1u8ab8rxm,C. Dyke,,,Orlando Pride,Away
2823518587,79,61,1,6,5,dtucewmt49th1p4selfutmnmc,1,74.4,28.0,2025-06-21T00:15:14.381Z,2025-06-21T01:07:09Z,"[{'id': 5776060201, 'qualifierId': 56, 'value': 'Center'}]",asfd5wkedz1u29xt37r6or4rt,S. DeMelo,,,Racing Louisville,Home
2823517725,43,1,1,6,6,966pdxhsoxaib9qt5083h8uus,1,13.9,60.0,2025-06-21T00:15:15.152Z,2025-06-21T00:18:20Z,"[{'id': 5776055433, 'qualifierId': 212, 'value': '22.0'}, {'id': 5776055427, 'qualifierId': 56, 'value': 'Back'}, {'id': 5776055429, 'qualifierId': 140, 'value': '33.4'}, {'id': 5776055431, 'qualifierId': 141, 'value': '72.0'}, {'id': 5776055435, 'qualifierId': 213, 'value': '0.38'}]",68njvqucip0ehuz4eecppvq0a,S. Yates,,,Orlando Pride,Away
2823517773,44,1,1,6,11,966pdxhsoxaib9qt5083h8uus,1,42.7,73.7,2025-06-21T00:15:20.223Z,2025-06-21T00:18:18Z,"[{'id': 5776055685, 'qualifierId': 212, 'value': '30.0'}, {'id': 5776055893, 'qualifierId': 210, 'value': '15'}, {'id': 5776055681, 'qualifierId': 140, 'value': '69.8'}, {'id': 5776055683, 'qualifierId': 141, 'value': '87.6'}, {'id': 5776055679, 'qualifierId': 56, 'value': 'Left'}, {'id': 5776055687, 'qualifierId': 213, 'value': '0.32'}]",c811si1xw5he6ih0o1mj94tsl,Marta,1.0,,Orlando Pride,Away
2823517779,45,15,1,6,20,966pdxhsoxaib9qt5083h8uus,1,83.7,63.0,2025-06-21T00:15:28.879Z,2025-06-21T00:18:21Z,"[{'id': 5776055923, 'qualifierId': 103, 'value': '4.4'}, {'id': 5776055717, 'qualifierId': 56, 'value': 'Center'}, {'id': 5776055911, 'qualifierId': 76}, {'id': 5776055813, 'qualifierId': 20}, {'id': 5776055921, 'qualifierId': 102, 'value': '51.9'}, {'id': 5776055925, 'qualifierId': 146, 'value': '98.1'}, {'id': 5776055913, 'qualifierId': 29}, {'id': 5776055943, 'qualifierId': 233, 'value': '60'}, {'id': 5776059875, 'qualifierId': 17}, {'id': 5776060033, 'qualifierId': 215}, {'id': 5776055909, 'qualifierId': 23}, {'id': 5776055927, 'qualifierId': 147, 'value': '51.8'}, {'id': 5776055917, 'qualifierId': 55, 'value': '44'}]",e2obgph6szyo04em3qr94g1qt,B. Banda,,,Orlando Pride,Away
2823517787,60,10,1,6,20,dtucewmt49th1p4selfutmnmc,1,1.6,49.1,2025-06-21T00:15:28.979Z,2025-06-21T00:15:36Z,"[{'id': 5776055749, 'qualifierId': 182}, {'id': 5776055837, 'qualifierId': 179}, {'id': 5776055947, 'qualifierId': 233, 'value': '45'}, {'id': 5776055751, 'qualifierId': 56, 'value': 'Back'}, {'id': 5776055835, 'qualifierId': 177}]",24lhpn1z5ikitapll48t1z7kk,J. Bloomer,,,Racing Louisville,Home
2823517803,61,52,1,6,21,dtucewmt49th1p4selfutmnmc,1,1.6,49.1,2025-06-21T00:15:30.734Z,2025-06-21T00:15:33Z,[],24lhpn1z5ikitapll48t1z7kk,J. Bloomer,,,Racing Louisville,Home
2823517857,62,1,1,6,40,dtucewmt49th1p4selfutmnmc,1,13.1,49.7,2025-06-21T00:15:49.685Z,2025-06-21T01:10:23Z,"[{'id': 5776056211, 'qualifierId': 141, 'value': '74.8'}, {'id': 5776056207, 'qualifierId': 56, 'value': 'Back'}, {'id': 5776056215, 'qualifierId': 213, 'value': '1.25'}, {'id': 5776056213, 'qualifierId': 212, 'value': '18.0'}, {'id': 5776056219, 'qualifierId': 189}, {'id': 5776056209, 'qualifierId': 140, 'value': '18.5'}, {'id': 5776056205, 'qualifierId': 123}]",24lhpn1z5ikitapll48t1z7kk,J. Bloomer,,,Racing Louisville,Home
2823517885,63,43,1,6,48,dtucewmt49th1p4selfutmnmc,1,0.0,0.0,2025-06-21T00:15:57.525Z,2025-06-21T01:10:26Z,"[{'id': 5776056373, 'qualifierId': 141, 'value': '74.4'}, {'id': 5776056375, 'qualifierId': 212, 'value': '20.9'}, {'id': 5776056371, 'qualifierId': 140, 'value': '18.9'}, {'id': 5776133905, 'qualifierId': 144, 'value': '1'}, {'id': 5776056377, 'qualifierId': 213, 'value': '1.56'}, {'id': 5776056369, 'qualifierId': 56, 'value': 'Back'}]",2mlyh9k0yhv8862rj6hu26j8p,E. Jean,,,Racing Louisville,Home
2823517891,64,1,1,6,50,dtucewmt49th1p4selfutmnmc,1,18.9,74.4,2025-06-21T00:15:59.061Z,2025-06-21T00:16:00Z,"[{'id': 5776056421, 'qualifierId': 1}, {'id': 5776056419, 'qualifierId': 213, 'value': '5.70'}, {'id': 5776056413, 'qualifierId': 140, 'value': '31.3'}, {'id': 5776056415, 'qualifierId': 141, 'value': '61.8'}, {'id': 5776056411, 'qualifierId': 56, 'value': 'Back'}, {'id': 5776056417, 'qualifierId': 212, 'value': '15.6'}, {'id': 5776056409, 'qualifierId': 157}]",cieyupgmnxecb4emqljudrw89,A. Wright,,,Racing Louisville,Home
2823517895,65,1,1,6,51,dtucewmt49th1p4selfutmnmc,1,30.3,62.1,2025-06-21T00:16:00.693Z,2025-06-21T00:16:02Z,"[{'id': 5776056453, 'qualifierId': 212, 'value': '6.3'}, {'id': 5776056449, 'qualifierId': 140, 'value': '32.8'}, {'id': 5776056447, 'qualifierId': 56, 'value': 'Back'}, {'id': 5776056455, 'qualifierId': 213, 'value': '5.14'}, {'id': 5776056451, 'qualifierId': 141, 'value': '53.7'}]",9tbrhbbmfxq8l363kybl4g7ah,Ary Borges,,,Racing Louisville,Home
2823517897,66,61,1,6,53,dtucewmt49th1p4selfutmnmc,1,32.8,53.7,2025-06-21T00:16:02.566Z,2025-06-21T00:16:02Z,"[{'id': 5776056461, 'qualifierId': 56, 'value': 'Back'}]",8q0rkr3gz7hz1ssdx3fkro0a2,T. Flint,,,Racing Louisville,Home
2823517949,67,1,1,7,1,dtucewmt49th1p4selfutmnmc,1,32.1,19.1,2025-06-21T00:16:10.486Z,2025-06-21T00:16:13Z,"[{'id': 5776056723, 'qualifierId': 212, 'value': '16.0'}, {'id': 5776056725, 'qualifierId': 213, 'value': '0.63'}, {'id': 5776056717, 'qualifierId': 56, 'value': 'Back'}, {'id': 5776056719, 'qualifierId': 140, 'value': '44.4'}, {'id': 5776056721, 'qualifierId': 141, 'value': '32.9'}]",2mlyh9k0yhv8862rj6hu26j8p,E. Jean,,,Racing Louisville,Home
2823517953,68,1,1,7,4,dtucewmt49th1p4selfutmnmc,1,44.4,32.9,2025-06-21T00:16:13.510Z,2025-06-21T01:09:38Z,"[{'id': 5776056749, 'qualifierId': 212, 'value': '12.3'}, {'id': 5776056743, 'qualifierId': 56, 'value': 'Back'}, {'id': 5776056745, 'qualifierId': 140, 'value': '38.9'}, {'id': 5776056751, 'qualifierId': 213, 'value': '2.06'}, {'id': 5776056747, 'qualifierId': 141, 'value': '48.8'}]",asfd5wkedz1u29xt37r6or4rt,S. DeMelo,,,Racing Louisville,Home
2823517963,69,1,1,7,6,dtucewmt49th1p4selfutmnmc,1,38.9,48.8,2025-06-21T00:16:15.382Z,2025-06-21T00:16:16Z,"[{'id': 5776056811, 'qualifierId': 56, 'value': 'Center'}, {'id': 5776056815, 'qualifierId': 141, 'value': '57.8'}, {'id': 5776056813, 'qualifierId': 140, 'value': '56.7'}, {'id': 5776056817, 'qualifierId': 212, 'value': '19.7'}, {'id': 5776056819, 'qualifierId': 213, 'value': '0.32'}]",8q0rkr3gz7hz1ssdx3fkro0a2,T. Flint,,,Racing Louisville,Home
2823517983,70,1,1,7,7,dtucewmt49th1p4selfutmnmc,1,55.0,56.7,2025-06-21T00:16:16.679Z,2025-06-21T00:16:21Z,"[{'id': 5776056947, 'qualifierId': 141, 'value': '66.6'}, {'id': 5776056941, 'qualifierId': 155}, {'id': 5776056951, 'qualifierId': 213, 'value': '0.27'}, {'id': 5776056945, 'qualifierId': 140, 'value': '78.1'}, {'id': 5776056943, 'qualifierId': 56, 'value': 'Center'}, {'id': 5776056949, 'qualifierId': 212, 'value': '25.2'}]",9tbrhbbmfxq8l363kybl4g7ah,Ary Borges,,,Racing Louisville,Home
2823517995,46,45,1,7,12,966pdxhsoxaib9qt5083h8uus,0,22.4,43.9,2025-06-21T00:16:21.239Z,2025-06-21T01:04:25Z,"[{'id': 5776057011, 'qualifierId': 56, 'value': 'Back'}, {'id': 5776057061, 'qualifierId': 233, 'value': '71'}, {'id': 5776057013, 'qualifierId': 285}]",9yvkpwm78jaqr321imfc3rrbo,E. Sams,,,Orlando Pride,Away
2823517993,71,3,1,7,12,dtucewmt49th1p4selfutmnmc,1,77.6,56.1,2025-06-21T00:16:21.239Z,2025-06-21T01:04:25Z,"[{'id': 5776057007, 'qualifierId': 286}, {'id': 5776057015, 'qualifierId': 233, 'value': '46'}, {'id': 5776057005, 'qualifierId': 56, 'value': 'Center'}]",br17lkx91icsoqiibmufa23v8,E. Sears,,,Racing Louisville,Home
2823518011,72,1,1,7,13,dtucewmt49th1p4selfutmnmc,1,70.7,51.5,2025-06-21T00:16:22.278Z,2025-06-21T00:16:25Z,"[{'id': 5776057133, 'qualifierId': 56, 'value': 'Center'}, {'id': 5776057141, 'qualifierId': 213, 'value': '5.11'}, {'id': 5776057137, 'qualifierId': 141, 'value': '30.1'}, {'id': 5776057139, 'qualifierId': 212, 'value': '15.8'}, {'id': 5776057135, 'qualifierId': 140, 'value': '76.5'}]",br17lkx91icsoqiibmufa23v8,E. Sears,,,Racing Louisville,Home
2823518039,73,43,1,7,16,dtucewmt49th1p4selfutmnmc,1,0.0,0.0,2025-06-21T00:16:25.414Z,2025-06-21T00:16:46Z,"[{'id': 5776057755, 'qualifierId': 7, 'value': '686066'}, {'id': 5776057279, 'qualifierId': 140, 'value': '91.5'}, {'id': 5776057281, 'qualifierId': 141, 'value': '70.9'}, {'id': 5776057287, 'qualifierId': 1, 'value': '0'}, {'id': 5776057781, 'qualifierId': 144, 'value': '2'}, {'id': 5776057277, 'qualifierId': 56, 'value': 'Center'}]",asfd5wkedz1u29xt37r6or4rt,S. DeMelo,,,Racing Louisville,Home
2823518129,74,2,1,7,22,dtucewmt49th1p4selfutmnmc,1,77.6,22.5,2025-06-21T00:16:31.239Z,2025-06-21T00:17:04Z,"[{'id': 5776058165, 'qualifierId': 7, 'value': 'aoa88ulpguvr42b0a1jn8dfys'}, {'id': 5776057737, 'qualifierId': 56, 'value': 'Center'}, {'id': 5776058021, 'qualifierId': 1}, {'id': 5776058013, 'qualifierId': 140, 'value': '91.5'}, {'id': 5776058015, 'qualifierId': 141, 'value': '66.0'}]",asfd5wkedz1u29xt37r6or4rt,S. DeMelo,,,Racing Louisville,Home
2823518065,47,55,1,7,22,966pdxhsoxaib9qt5083h8uus,1,3.1,23.8,2025-06-21T00:16:31.240Z,2025-06-21T01:04:17Z,[],9yvkpwm78jaqr321imfc3rrbo,E. Sams,,,Orlando Pride,Away
2823518205,48,1,1,7,56,966pdxhsoxaib9qt5083h8uus,1,23.7,28.6,2025-06-21T00:17:05.472Z,2025-06-21T00:19:02Z,"[{'id': 5776058215, 'qualifierId': 56, 'value': 'Back'}, {'id': 5776058223, 'qualifierId': 213, 'value': '4.55'}, {'id': 5776058211, 'qualifierId': 5}, {'id': 5776058221, 'qualifierId': 212, 'value': '6.4'}, {'id': 5776058219, 'qualifierId': 141, 'value': '19.3'}, {'id': 5776058213, 'qualifierId': 241}, {'id': 5776058235, 'qualifierId': 189}, {'id': 5776058217, 'qualifierId': 140, 'value': '22.7'}]",1uf4321zvio3hrwfu4z4jxp7t,K. Nadaner,,,Orlando Pride,Away
2823518207,49,1,1,7,58,966pdxhsoxaib9qt5083h8uus,1,23.2,21.1,2025-06-21T00:17:07.407Z,2025-06-21T00:17:09Z,"[{'id': 5776058247, 'qualifierId': 141, 'value': '44.6'}, {'id': 5776058245, 'qualifierId': 140, 'value': '15.0'}, {'id': 5776058251, 'qualifierId': 213, 'value': '2.06'}, {'id': 5776058243, 'qualifierId': 56, 'value': 'Back'}, {'id': 5776058249, 'qualifierId': 212, 'value': '18.2'}]",9yvkpwm78jaqr321imfc3rrbo,E. Sams,,,Orlando Pride,Away
2823518231,50,1,1,8,0,966pdxhsoxaib9qt5083h8uus,1,12.7,47.3,2025-06-21T00:17:09.038Z,2025-06-21T00:17:13Z,"[{'id': 5776058331, 'qualifierId': 56, 'value': 'Back'}, {'id': 5776058335, 'qualifierId': 141, 'value': '58.1'}, {'id': 5776058333, 'qualifierId': 140, 'value': '15.4'}, {'id': 5776058339, 'qualifierId': 213, 'value': '1.20'}, {'id': 5776058337, 'qualifierId': 212, 'value': '7.9'}]",7e8f4kfwcucaj4239xz0rai1h,A. Moorhouse,,,Orlando Pride,Away
2823518239,51,1,1,8,5,966pdxhsoxaib9qt5083h8uus,1,22.2,61.7,2025-06-21T00:17:13.742Z,2025-06-21T00:17:17Z,"[{'id': 5776058381, 'qualifierId': 212, 'value': '24.6'}, {'id': 5776058375, 'qualifierId': 56, 'value': 'Back'}, {'id': 5776058377, 'qualifierId': 140, 'value': '39.9'}, {'id': 5776058379, 'qualifierId': 141, 'value': '38.0'}, {'id': 5776058383, 'qualifierId': 213, 'value': '5.57'}]",1uf4321zvio3hrwfu4z4jxp7t,K. Nadaner,,,Orlando Pride,Away
2823518241,52,61,1,8,8,966pdxhsoxaib9qt5083h8uus,0,36.2,40.4,2025-06-21T00:17:16.942Z,2025-06-21T00:17:17Z,"[{'id': 5776058387, 'qualifierId': 56, 'value': 'Back'}]",c811si1xw5he6ih0o1mj94tsl,Marta,,,Orlando Pride,Away
2823518247,75,1,1,8,8,dtucewmt49th1p4selfutmnmc,1,59.7,60.8,2025-06-21T00:17:17.335Z,2025-06-21T00:17:18Z,"[{'id': 5776058423, 'qualifierId': 212, 'value': '9.2'}, {'id': 5776058421, 'qualifierId': 141, 'value': '74.3'}, {'id': 5776058419, 'qualifierId': 140, 'value': '60.3'}, {'id': 5776058417, 'qualifierId': 56, 'value': 'Center'}, {'id': 5776058425, 'qualifierId': 213, 'value': '1.50'}]",9tbrhbbmfxq8l363kybl4g7ah,Ary Borges,,,Racing Louisville,Home
2823518249,76,49,1,8,9,dtucewmt49th1p4selfutmnmc,1,56.8,76.1,2025-06-21T00:17:18.552Z,2025-06-21T00:17:18Z,[],br17lkx91icsoqiibmufa23v8,E. Sears,,,Racing Louisville,Home
2823518255,77,61,1,8,12,dtucewmt49th1p4selfutmnmc,0,66.4,79.5,2025-06-21T00:17:21.528Z,2025-06-21T00:17:21Z,"[{'id': 5776058467, 'qualifierId': 56, 'value': 'Left'}]",br17lkx91icsoqiibmufa23v8,E. Sears,,,Racing Louisville,Home
2823518259,53,49,1,8,14,966pdxhsoxaib9qt5083h8uus,1,21.1,12.7,2025-06-21T00:17:22.958Z,2025-06-21T00:17:23Z,[],2lh6bupkrijpm9n916446nbop,Oihane Hernández,,,Orlando Pride,Away
2823518267,54,1,1,8,14,966pdxhsoxaib9qt5083h8uus,1,22.8,14.0,2025-06-21T00:17:23.358Z,2025-06-21T00:17:24Z,"[{'id': 5776058515, 'qualifierId': 56, 'value': 'Back'}, {'id': 5776058523, 'qualifierId': 213, 'value': '1.60'}, {'id': 5776058521, 'qualifierId': 212, 'value': '7.5'}, {'id': 5776058519, 'qualifierId': 141, 'value': '25.0'}, {'id': 5776058517, 'qualifierId': 140, 'value': '22.6'}]",2lh6bupkrijpm9n916446nbop,Oihane Hernández,,,Orlando Pride,Away
2823518269,55,1,1,8,15,966pdxhsoxaib9qt5083h8uus,1,22.6,24.7,2025-06-21T00:17:24.414Z,2025-06-21T00:17:25Z,"[{'id': 5776058561, 'qualifierId': 141, 'value': '14.8'}, {'id': 5776058565, 'qualifierId': 213, 'value': '4.94'}, {'id': 5776058557, 'qualifierId': 56, 'value': 'Back'}, {'id': 5776058559, 'qualifierId': 140, 'value': '24.1'}, {'id': 5776058563, 'qualifierId': 212, 'value': '6.9'}]",9yvkpwm78jaqr321imfc3rrbo,E. Sams,,,Orlando Pride,Away
2823518277,56,1,1,8,17,966pdxhsoxaib9qt5083h8uus,1,23.6,14.3,2025-06-21T00:17:25.838Z,2025-06-21T00:17:28Z,"[{'id': 5776058609, 'qualifierId': 56, 'value': 'Back'}, {'id': 5776058617, 'qualifierId': 213, 'value': '0.68'}, {'id': 5776058611, 'qualifierId': 140, 'value': '29.5'}, {'id': 5776058615, 'qualifierId': 212, 'value': '8.0'}, {'id': 5776058613, 'qualifierId': 141, 'value': '21.7'}]",2lh6bupkrijpm9n916446nbop,Oihane Hernández,,,Orlando Pride,Away
2823518293,57,1,1,8,19,966pdxhsoxaib9qt5083h8uus,1,29.9,21.7,2025-06-21T00:17:28.238Z,2025-06-21T00:17:29Z,"[{'id': 5776058695, 'qualifierId': 212, 'value': '8.8'}, {'id': 5776058691, 'qualifierId': 140, 'value': '31.6'}, {'id': 5776058693, 'qualifierId': 141, 'value': '9.1'}, {'id': 5776058689, 'qualifierId': 56, 'value': 'Back'}, {'id': 5776058697, 'qualifierId': 213, 'value': '4.92'}]",23nuijdnnuiwzkd5cf7jbyajt,Angelina,,,Orlando Pride,Away
2823518303,58,1,1,8,20,966pdxhsoxaib9qt5083h8uus,1,31.3,8.9,2025-06-21T00:17:29.662Z,2025-06-21T00:17:31Z,"[{'id': 5776058747, 'qualifierId': 141, 'value': '12.8'}, {'id': 5776058743, 'qualifierId': 56, 'value': 'Back'}, {'id': 5776058749, 'qualifierId': 212, 'value': '10.2'}, {'id': 5776058745, 'qualifierId': 140, 'value': '21.9'}, {'id': 5776058751, 'qualifierId': 213, 'value': '2.88'}]",c811si1xw5he6ih0o1mj94tsl,Marta,,,Orlando Pride,Away
2823518317,59,3,1,8,23,966pdxhsoxaib9qt5083h8uus,0,20.7,11.9,2025-06-21T00:17:31.854Z,2025-06-21T00:17:36Z,"[{'id': 5776058799, 'qualifierId': 56, 'value': 'Back'}, {'id': 5776058881, 'qualifierId': 211}, {'id': 5776058801, 'qualifierId': 285}]",2lh6bupkrijpm9n916446nbop,Oihane Hernández,,,Orlando Pride,Away
2823518319,60,5,1,8,25,966pdxhsoxaib9qt5083h8uus,0,23.8,-0.5,2025-06-21T00:17:34.702Z,2025-06-21T00:21:36Z,"[{'id': 5776060115, 'qualifierId': 233, 'value': '78'}, {'id': 5776058807, 'qualifierId': 56, 'value': 'Back'}, {'id': 5776058809, 'qualifierId': 347}]",2lh6bupkrijpm9n916446nbop,Oihane Hernández,,,Orlando Pride,Away
2823518567,78,5,1,8,25,dtucewmt49th1p4selfutmnmc,1,76.2,100.5,2025-06-21T00:17:34.702Z,2025-06-21T00:21:36Z,"[{'id': 5776060109, 'qualifierId': 347}, {'id': 5776060107, 'qualifierId': 56, 'value': 'Left'}, {'id': 5776060111, 'qualifierId': 233, 'value': '60'}]",br17lkx91icsoqiibmufa23v8,E. Sears,,,Racing Louisville,Home
2823518597,61,27,1,9,19,966pdxhsoxaib9qt5083h8uus,1,0.0,0.0,2025-06-21T00:18:27.927Z,2025-06-21T00:21:38Z,"[{'id': 5776060253, 'qualifierId': 53, 'value': '2lh6bupkrijpm9n916446nbop'}, {'id': 5776060251, 'qualifierId': 41, 'value': 'Injury'}, {'id': 5776064351, 'qualifierId': 233, 'value': '99'}]",,,,,Orlando Pride,Away
2823519265,99,27,1,9,19,dtucewmt49th1p4selfutmnmc,1,0.0,0.0,2025-06-21T00:18:27.927Z,2025-06-21T00:21:38Z,"[{'id': 5776064347, 'qualifierId': 233, 'value': '61'}]",,,,,Racing Louisville,Home
2823518745,62,28,1,10,11,966pdxhsoxaib9qt5083h8uus,1,0.0,0.0,2025-06-21T00:19:20.223Z,2025-06-21T00:21:39Z,"[{'id': 5776064363, 'qualifierId': 233, 'value': '100'}, {'id': 5776061049, 'qualifierId': 55, 'value': '61'}]",,,,,Orlando Pride,Away
2823519267,100,28,1,10,11,dtucewmt49th1p4selfutmnmc,1,0.0,0.0,2025-06-21T00:19:20.223Z,2025-06-21T00:21:39Z,"[{'id': 5776064133, 'qualifierId': 55, 'value': '99'}, {'id': 5776064359, 'qualifierId': 233, 'value': '62'}]",,,,,Racing Louisville,Home
2823518821,80,1,1,10,30,dtucewmt49th1p4selfutmnmc,1,72.0,100.0,2025-06-21T00:19:39.515Z,2025-06-21T00:19:40Z,"[{'id': 5776061497, 'qualifierId': 141, 'value': '67.7'}, {'id': 5776061503, 'qualifierId': 1}, {'id': 5776061501, 'qualifierId': 213, 'value': '4.01'}, {'id': 5776061493, 'qualifierId': 56, 'value': 'Center'}, {'id': 5776061499, 'qualifierId': 212, 'value': '29.8'}, {'id': 5776061491, 'qualifierId': 107}, {'id': 5776061495, 'qualifierId': 140, 'value': '53.6'}]",2x4vbu3htfozzwd8g7bdxeacp,C. Petersen,,,Racing Louisville,Home
2823518829,81,1,1,10,32,dtucewmt49th1p4selfutmnmc,1,53.6,67.7,2025-06-21T00:19:40.779Z,2025-06-21T00:19:42Z,"[{'id': 5776061543, 'qualifierId': 141, 'value': '37.6'}, {'id': 5776061545, 'qualifierId': 212, 'value': '21.5'}, {'id': 5776061539, 'qualifierId': 56, 'value': 'Back'}, {'id': 5776061541, 'qualifierId': 140, 'value': '47.2'}, {'id': 5776061547, 'qualifierId': 213, 'value': '4.40'}]",cieyupgmnxecb4emqljudrw89,A. Wright,,,Racing Louisville,Home
2823518847,82,1,1,10,33,dtucewmt49th1p4selfutmnmc,1,46.7,31.7,2025-06-21T00:19:42.507Z,2025-06-21T00:19:47Z,"[{'id': 5776061675, 'qualifierId': 213, 'value': '5.18'}, {'id': 5776061667, 'qualifierId': 56, 'value': 'Right'}, {'id': 5776061669, 'qualifierId': 140, 'value': '53.9'}, {'id': 5776061671, 'qualifierId': 141, 'value': '9.5'}, {'id': 5776061673, 'qualifierId': 212, 'value': '16.9'}]",2mlyh9k0yhv8862rj6hu26j8p,E. Jean,,,Racing Louisville,Home
2823518853,83,1,1,10,38,dtucewmt49th1p4selfutmnmc,1,58.2,3.8,2025-06-21T00:19:47.019Z,2025-06-21T00:19:49Z,"[{'id': 5776061701, 'qualifierId': 213, 'value': '0.16'}, {'id': 5776061695, 'qualifierId': 140, 'value': '66.6'}, {'id': 5776061693, 'qualifierId': 56, 'value': 'Right'}, {'id': 5776061697, 'qualifierId': 141, 'value': '5.9'}, {'id': 5776061699, 'qualifierId': 212, 'value': '8.9'}]",7hrw0exutge376ai2uf6frw4q,L. Milliet,,,Racing Louisville,Home
2823518861,84,1,1,10,40,dtucewmt49th1p4selfutmnmc,1,66.6,5.9,2025-06-21T00:19:48.987Z,2025-06-21T01:09:01Z,"[{'id': 5776061721, 'qualifierId': 56, 'value': 'Right'}, {'id': 5776061725, 'qualifierId': 141, 'value': '17.5'}, {'id': 5776061723, 'qualifierId': 140, 'value': '63.6'}, {'id': 5776061729, 'qualifierId': 213, 'value': '1.95'}, {'id': 5776061727, 'qualifierId': 212, 'value': '8.5'}]",9e65qlc7dfjkajyhzhak8sc7p,J. Sonis,,,Racing Louisville,Home
2823518869,85,1,1,10,43,dtucewmt49th1p4selfutmnmc,1,57.4,22.4,2025-06-21T00:19:52.187Z,2025-06-21T01:09:12Z,"[{'id': 5776061997, 'qualifierId': 210, 'value': '13'}, {'id': 5776061777, 'qualifierId': 213, 'value': '1.17'}, {'id': 5776061769, 'qualifierId': 56, 'value': 'Center'}, {'id': 5776061773, 'qualifierId': 141, 'value': '36.2'}, {'id': 5776061771, 'qualifierId': 140, 'value': '61.2'}, {'id': 5776061775, 'qualifierId': 212, 'value': '10.2'}]",asfd5wkedz1u29xt37r6or4rt,S. DeMelo,1.0,,Racing Louisville,Home
2823518875,86,13,1,10,46,dtucewmt49th1p4selfutmnmc,1,68.3,36.3,2025-06-21T00:19:54.925Z,2025-06-21T00:20:05Z,"[{'id': 5776062017, 'qualifierId': 231, 'value': '49.1'}, {'id': 5776062009, 'qualifierId': 102, 'value': '52.6'}, {'id': 5776061907, 'qualifierId': 20}, {'id': 5776061909, 'qualifierId': 18}, {'id': 5776062005, 'qualifierId': 55, 'value': '85'}, {'id': 5776062001, 'qualifierId': 74}, {'id': 5776062003, 'qualifierId': 29}, {'id': 5776062013, 'qualifierId': 215}, {'id': 5776062015, 'qualifierId': 230, 'value': '99.0'}, {'id': 5776061831, 'qualifierId': 22}, {'id': 5776061835, 'qualifierId': 56, 'value': 'Center'}, {'id': 5776062011, 'qualifierId': 103, 'value': '87.5'}]",8q0rkr3gz7hz1ssdx3fkro0a2,T. Flint,,,Racing Louisville,Home
2823518949,63,5,1,10,48,966pdxhsoxaib9qt5083h8uus,1,-0.8,47.0,2025-06-21T00:19:56.925Z,2025-06-21T00:21:36Z,"[{'id': 5776062271, 'qualifierId': 56, 'value': 'Back'}, {'id': 5776062275, 'qualifierId': 233, 'value': '87'}, {'id': 5776062273, 'qualifierId': 346}]",68njvqucip0ehuz4eecppvq0a,S. Yates,,,Orlando Pride,Away
2823518887,87,5,1,10,48,dtucewmt49th1p4selfutmnmc,0,100.8,53.0,2025-06-21T00:19:56.925Z,2025-06-21T00:21:36Z,"[{'id': 5776062299, 'qualifierId': 233, 'value': '63'}, {'id': 5776061905, 'qualifierId': 346}, {'id': 5776061903, 'qualifierId': 56, 'value': 'Center'}]",8q0rkr3gz7hz1ssdx3fkro0a2,T. Flint,,,Racing Louisville,Home
2823518969,64,1,1,11,11,966pdxhsoxaib9qt5083h8uus,1,4.5,48.4,2025-06-21T00:20:20.350Z,2025-06-21T00:20:22Z,"[{'id': 5776062405, 'qualifierId': 189}, {'id': 5776062375, 'qualifierId': 141, 'value': '29.0'}, {'id': 5776062371, 'qualifierId': 56, 'value': 'Back'}, {'id': 5776062379, 'qualifierId': 213, 'value': '5.18'}, {'id': 5776062383, 'qualifierId': 237}, {'id': 5776062373, 'qualifierId': 140, 'value': '10.8'}, {'id': 5776062369, 'qualifierId': 124}, {'id': 5776062377, 'qualifierId': 212, 'value': '14.8'}]",7e8f4kfwcucaj4239xz0rai1h,A. Moorhouse,,,Orlando Pride,Away
2823518983,65,1,1,11,16,966pdxhsoxaib9qt5083h8uus,0,11.1,13.4,2025-06-21T00:20:25.510Z,2025-06-21T01:07:21Z,"[{'id': 5776062505, 'qualifierId': 212, 'value': '22.3'}, {'id': 5776062531, 'qualifierId': 189}, {'id': 5776062501, 'qualifierId': 140, 'value': '30.1'}, {'id': 5776062509, 'qualifierId': 1}, {'id': 5776062497, 'qualifierId': 157}, {'id': 5776062503, 'qualifierId': 141, 'value': '0.0'}, {'id': 5776062507, 'qualifierId': 213, 'value': '5.82'}, {'id': 5776062499, 'qualifierId': 56, 'value': 'Back'}]",9yvkpwm78jaqr321imfc3rrbo,E. Sams,,,Orlando Pride,Away
2823518985,66,5,1,11,17,966pdxhsoxaib9qt5083h8uus,0,28.3,-1.2,2025-06-21T00:20:26.061Z,2025-06-21T00:21:37Z,"[{'id': 5776062511, 'qualifierId': 56, 'value': 'Back'}, {'id': 5776062615, 'qualifierId': 233, 'value': '88'}, {'id': 5776062513, 'qualifierId': 347}]",9yvkpwm78jaqr321imfc3rrbo,E. Sams,,,Orlando Pride,Away
2823519007,88,5,1,11,17,dtucewmt49th1p4selfutmnmc,1,71.7,101.2,2025-06-21T00:20:26.061Z,2025-06-21T00:30:05Z,"[{'id': 5776062603, 'qualifierId': 56, 'value': 'Left'}, {'id': 5776062607, 'qualifierId': 233, 'value': '66'}, {'id': 5776062605, 'qualifierId': 347}]",br17lkx91icsoqiibmufa23v8,E. Sears,,,Racing Louisville,Home
2823519021,89,1,1,11,22,dtucewmt49th1p4selfutmnmc,1,67.7,100.0,2025-06-21T00:20:30.893Z,2025-06-21T00:20:33Z,"[{'id': 5776062717, 'qualifierId': 1}, {'id': 5776062705, 'qualifierId': 107}, {'id': 5776062709, 'qualifierId': 140, 'value': '47.5'}, {'id': 5776062713, 'qualifierId': 212, 'value': '23.9'}, {'id': 5776062715, 'qualifierId': 213, 'value': '3.62'}, {'id': 5776062707, 'qualifierId': 56, 'value': 'Back'}, {'id': 5776062729, 'qualifierId': 189}, {'id': 5776062711, 'qualifierId': 141, 'value': '84.9'}]",2x4vbu3htfozzwd8g7bdxeacp,C. Petersen,,,Racing Louisville,Home
2823519031,90,1,1,11,25,dtucewmt49th1p4selfutmnmc,1,47.5,84.9,2025-06-21T00:20:33.868Z,2025-06-21T00:20:39Z,"[{'id': 5776062779, 'qualifierId': 56, 'value': 'Back'}, {'id': 5776062783, 'qualifierId': 141, 'value': '56.0'}, {'id': 5776062785, 'qualifierId': 212, 'value': '20.5'}, {'id': 5776062781, 'qualifierId': 140, 'value': '42.0'}, {'id': 5776062787, 'qualifierId': 213, 'value': '4.43'}]",cieyupgmnxecb4emqljudrw89,A. Wright,,,Racing Louisville,Home
2823519049,91,1,1,11,30,dtucewmt49th1p4selfutmnmc,1,53.6,49.7,2025-06-21T00:20:39.133Z,2025-06-21T00:20:44Z,"[{'id': 5776062907, 'qualifierId': 212, 'value': '15.8'}, {'id': 5776062901, 'qualifierId': 56, 'value': 'Center'}, {'id': 5776062905, 'qualifierId': 141, 'value': '72.6'}, {'id': 5776062903, 'qualifierId': 140, 'value': '56.1'}, {'id': 5776062909, 'qualifierId': 213, 'value': '1.40'}]",2mlyh9k0yhv8862rj6hu26j8p,E. Jean,,,Racing Louisville,Home
2823519055,92,1,1,11,35,dtucewmt49th1p4selfutmnmc,1,68.9,69.0,2025-06-21T00:20:44.445Z,2025-06-21T00:20:45Z,"[{'id': 5776062935, 'qualifierId': 213, 'value': '0.81'}, {'id': 5776062931, 'qualifierId': 141, 'value': '78.8'}, {'id': 5776062925, 'qualifierId': 56, 'value': 'Center'}, {'id': 5776062929, 'qualifierId': 140, 'value': '74.9'}, {'id': 5776062933, 'qualifierId': 212, 'value': '9.2'}]",cieyupgmnxecb4emqljudrw89,A. Wright,,,Racing Louisville,Home
2823519065,93,1,1,11,37,dtucewmt49th1p4selfutmnmc,1,74.9,78.8,2025-06-21T00:20:45.885Z,2025-06-21T00:20:48Z,"[{'id': 5776062983, 'qualifierId': 213, 'value': '4.33'}, {'id': 5776062977, 'qualifierId': 140, 'value': '66.5'}, {'id': 5776062979, 'qualifierId': 141, 'value': '46.6'}, {'id': 5776062975, 'qualifierId': 56, 'value': 'Center'}, {'id': 5776062981, 'qualifierId': 212, 'value': '23.6'}]",9tbrhbbmfxq8l363kybl4g7ah,Ary Borges,,,Racing Louisville,Home
2823519075,94,1,1,11,39,dtucewmt49th1p4selfutmnmc,1,66.5,46.0,2025-06-21T00:20:48.493Z,2025-06-21T00:20:50Z,"[{'id': 5776063037, 'qualifierId': 141, 'value': '48.1'}, {'id': 5776063039, 'qualifierId': 212, 'value': '10.5'}, {'id': 5776063041, 'qualifierId': 213, 'value': '0.14'}, {'id': 5776063033, 'qualifierId': 56, 'value': 'Center'}, {'id': 5776063035, 'qualifierId': 140, 'value': '76.4'}]",8q0rkr3gz7hz1ssdx3fkro0a2,T. Flint,,,Racing Louisville,Home
2823519085,95,1,1,11,42,dtucewmt49th1p4selfutmnmc,1,76.4,53.0,2025-06-21T00:20:50.829Z,2025-06-21T00:20:59Z,"[{'id': 5776063097, 'qualifierId': 212, 'value': '11.5'}, {'id': 5776063091, 'qualifierId': 56, 'value': 'Center'}, {'id': 5776063095, 'qualifierId': 141, 'value': '54.9'}, {'id': 5776063093, 'qualifierId': 140, 'value': '87.3'}, {'id': 5776063099, 'qualifierId': 213, 'value': '0.11'}]",asfd5wkedz1u29xt37r6or4rt,S. DeMelo,,,Racing Louisville,Home
2823519089,96,61,1,11,44,dtucewmt49th1p4selfutmnmc,0,87.4,54.9,2025-06-21T00:20:52.782Z,2025-06-21T00:20:53Z,"[{'id': 5776063115, 'qualifierId': 56, 'value': 'Center'}]",9tbrhbbmfxq8l363kybl4g7ah,Ary Borges,,,Racing Louisville,Home
2823519107,67,12,1,11,46,966pdxhsoxaib9qt5083h8uus,1,11.7,54.0,2025-06-21T00:20:54.782Z,2025-06-21T00:21:59Z,"[{'id': 5776063213, 'qualifierId': 212, 'value': '10.2'}, {'id': 5776063211, 'qualifierId': 141, 'value': '44.0'}, {'id': 5776063209, 'qualifierId': 140, 'value': '19.0'}, {'id': 5776063215, 'qualifierId': 213, 'value': '5.56'}, {'id': 5776063207, 'qualifierId': 56, 'value': 'Back'}]",9yvkpwm78jaqr321imfc3rrbo,E. Sams,,,Orlando Pride,Away
2823519097,97,13,1,11,46,dtucewmt49th1p4selfutmnmc,1,77.2,61.7,2025-06-21T00:20:54.877Z,2025-06-21T00:21:15Z,"[{'id': 5776063693, 'qualifierId': 231, 'value': '50.9'}, {'id': 5776063691, 'qualifierId': 230, 'value': '99.3'}, {'id': 5776063157, 'qualifierId': 18}, {'id': 5776063687, 'qualifierId': 328}, {'id': 5776063677, 'qualifierId': 77}, {'id': 5776063339, 'qualifierId': 72}, {'id': 5776063689, 'qualifierId': 458}, {'id': 5776063159, 'qualifierId': 56, 'value': 'Center'}, {'id': 5776063679, 'qualifierId': 102, 'value': '63.5'}, {'id': 5776063155, 'qualifierId': 22}, {'id': 5776063685, 'qualifierId': 108}, {'id': 5776063681, 'qualifierId': 103, 'value': '87.5'}, {'id': 5776063683, 'qualifierId': 215}]",asfd5wkedz1u29xt37r6or4rt,S. DeMelo,,,Racing Louisville,Home
2823519123,68,5,1,11,47,966pdxhsoxaib9qt5083h8uus,1,-1.4,39.4,2025-06-21T00:20:56.590Z,2025-06-21T00:21:37Z,"[{'id': 5776063313, 'qualifierId': 233, 'value': '98'}, {'id': 5776063309, 'qualifierId': 56, 'value': 'Back'}, {'id': 5776063311, 'qualifierId': 346}]",9yvkpwm78jaqr321imfc3rrbo,E. Sams,,,Orlando Pride,Away
2823519119,98,5,1,11,47,dtucewmt49th1p4selfutmnmc,0,101.4,60.6,2025-06-21T00:20:56.590Z,2025-06-21T00:21:37Z,"[{'id': 5776063273, 'qualifierId': 56, 'value': 'Center'}, {'id': 5776063333, 'qualifierId': 233, 'value': '68'}, {'id': 5776063275, 'qualifierId': 346}]",asfd5wkedz1u29xt37r6or4rt,S. DeMelo,,,Racing Louisville,Home
2823519237,69,18,1,12,17,966pdxhsoxaib9qt5083h8uus,1,0.0,0.0,2025-06-21T00:21:26.495Z,2025-06-21T00:21:27Z,"[{'id': 5776063999, 'qualifierId': 59, 'value': '21'}, {'id': 5776063997, 'qualifierId': 44, 'value': 'Defender'}, {'id': 5776064031, 'qualifierId': 55, 'value': '70'}, {'id': 5776063995, 'qualifierId': 41}]",2lh6bupkrijpm9n916446nbop,Oihane Hernández,,,Orlando Pride,Away
2823519239,70,19,1,12,17,966pdxhsoxaib9qt5083h8uus,1,0.0,0.0,2025-06-21T00:21:26.496Z,2025-06-21T00:21:42Z,"[{'id': 5776064011, 'qualifierId': 59, 'value': '25'}, {'id': 5776064483, 'qualifierId': 292, 'value': '3'}, {'id': 5776064015, 'qualifierId': 55, 'value': '69'}, {'id': 5776064013, 'qualifierId': 44, 'value': 'Defender'}, {'id': 5776064485, 'qualifierId': 293, 'value': '1'}, {'id': 5776064009, 'qualifierId': 145, 'value': '2'}, {'id': 5776064005, 'qualifierId': 41}]",dyfsbff9jueyw5jhjou424bo4,K. Abello,,,Orlando Pride,Away
2823519339,71,40,1,12,39,966pdxhsoxaib9qt5083h8uus,1,0.0,0.0,2025-06-21T00:21:48.702Z,2025-06-21T00:21:48Z,"[{'id': 5776064575, 'qualifierId': 131, 'value': '1, 2, 3, 4, 5, 6, 7, 8, 9, 10, 11, 0, 0, 0, 0, 0, 0, 0, 0'}, {'id': 5776064567, 'qualifierId': 30, 'value': '7e8f4kfwcucaj4239xz0rai1h, dy302yj9tjby62ur1u8ab8rxm, dyfsbff9jueyw5jhjou424bo4, 23nuijdnnuiwzkd5cf7jbyajt, 9yvkpwm78jaqr321imfc3rrbo, 1uf4321zvio3hrwfu4z4jxp7t, eigt6t2rj0k98zt1isqrvtvqh, 3cyj9a2fjtx4xd0bqdh6g3azu, e2obgph6szyo04em3qr94g1qt, c811si1xw5he6ih0o1mj94tsl, 68njvqucip0ehuz4eecppvq0a, 93mr62mbyeymgcad2qhpvt2qc, bp34vn963cxgnx6b7q7sig9hw, 6zvfcc67po0ofvl1twrv13tg5, 642fsrjj1seobmhxeefruv578, 77agy8f4m7ybib2cssdfsltuy, 6uui5rxnfn6y5rkcsbuloiui, 6fhiz0epsutfcs1xqfhcuomad, 13mfu77eipda4tqe1grek3a7e'}, {'id': 5776064569, 'qualifierId': 44, 'value': '1, 2, 2, 3, 2, 2, 3, 3, 4, 4, 3, 5, 5, 5, 5, 5, 5, 5, 5'}, {'id': 5776064571, 'qualifierId': 59, 'value': '1, 12, 25, 15, 6, 3, 11, 2, 22, 10, 28, 40, 9, 19, 34, 14, 30, 16, 35'}, {'id': 5776064577, 'qualifierId': 194, 'value': 'c811si1xw5he6ih0o1mj94tsl'}, {'id': 5776064573, 'qualifierId': 130, 'value': '2'}]",,,,,Orlando Pride,Away
2823519383,72,1,1,12,52,966pdxhsoxaib9qt5083h8uus,0,3.2,45.5,2025-06-21T00:22:01.373Z,2025-06-21T00:22:02Z,"[{'id': 5776064817, 'qualifierId': 56, 'value': 'Back'}, {'id': 5776064827, 'qualifierId': 1}, {'id': 5776064819, 'qualifierId': 140, 'value': '49.7'}, {'id': 5776064821, 'qualifierId': 141, 'value': '27.8'}, {'id': 5776064825, 'qualifierId': 213, 'value': '6.04'}, {'id': 5776064823, 'qualifierId': 212, 'value': '50.3'}, {'id': 5776064815, 'qualifierId': 124}, {'id': 5776064829, 'qualifierId': 74}]",7e8f4kfwcucaj4239xz0rai1h,A. Moorhouse,,,Orlando Pride,Away
2823519391,73,1,1,12,54,966pdxhsoxaib9qt5083h8uus,0,33.2,35.9,2025-06-21T00:22:03.181Z,2025-06-21T00:24:06Z,"[{'id': 5776064869, 'qualifierId': 213, 'value': '5.78'}, {'id': 5776064863, 'qualifierId': 140, 'value': '46.5'}, {'id': 5776064865, 'qualifierId': 141, 'value': '24.5'}, {'id': 5776064859, 'qualifierId': 155}, {'id': 5776064861, 'qualifierId': 56, 'value': 'Back'}, {'id': 5776064867, 'qualifierId': 212, 'value': '16.0'}]",3cyj9a2fjtx4xd0bqdh6g3azu,H. McCutcheon,,,Orlando Pride,Away
2823519393,101,49,1,12,55,dtucewmt49th1p4selfutmnmc,1,54.1,84.8,2025-06-21T00:22:04.591Z,2025-06-21T00:22:50Z,[],cieyupgmnxecb4emqljudrw89,A. Wright,,,Racing Louisville,Home
2823519399,74,83,1,12,56,966pdxhsoxaib9qt5083h8uus,0,40.4,15.7,2025-06-21T00:22:05.028Z,2025-06-21T01:06:33Z,"[{'id': 5776129543, 'qualifierId': 399, 'value': 'cieyupgmnxecb4emqljudrw89'}]",c811si1xw5he6ih0o1mj94tsl,Marta,,,Orlando Pride,Away
2823519401,102,1,1,12,56,dtucewmt49th1p4selfutmnmc,0,57.0,89.6,2025-06-21T00:22:05.551Z,2025-06-21T00:22:45Z,"[{'id': 5776064921, 'qualifierId': 212, 'value': '11.8'}, {'id': 5776064919, 'qualifierId': 141, 'value': '87.9'}, {'id': 5776064917, 'qualifierId': 140, 'value': '68.2'}, {'id': 5776064915, 'qualifierId': 56, 'value': 'Left'}, {'id': 5776064923, 'qualifierId': 213, 'value': '6.19'}]",cieyupgmnxecb4emqljudrw89,A. Wright,,,Racing Louisville,Home
2823519413,75,1,1,12,58,966pdxhsoxaib9qt5083h8uus,1,30.2,18.7,2025-06-21T00:22:07.293Z,2025-06-21T00:22:08Z,"[{'id': 5776064979, 'qualifierId': 56, 'value': 'Back'}, {'id': 5776064983, 'qualifierId': 141, 'value': '21.2'}, {'id': 5776064981, 'qualifierId': 140, 'value': '47.6'}, {'id': 5776064985, 'qualifierId': 212, 'value': '18.3'}, {'id': 5776064987, 'qualifierId': 213, 'value': '0.09'}]",3cyj9a2fjtx4xd0bqdh6g3azu,H. McCutcheon,,,Orlando Pride,Away
2823519415,76,61,1,13,0,966pdxhsoxaib9qt5083h8uus,0,47.6,21.2,2025-06-21T00:22:08.780Z,2025-06-21T00:22:09Z,"[{'id': 5776064991, 'qualifierId': 56, 'value': 'Back'}]",eigt6t2rj0k98zt1isqrvtvqh,A. Watt,,,Orlando Pride,Away
2823519423,103,1,1,13,1,dtucewmt49th1p4selfutmnmc,1,55.6,81.8,2025-06-21T00:22:09.904Z,2025-06-21T01:07:19Z,"[{'id': 5776065027, 'qualifierId': 212, 'value': '9.9'}, {'id': 5776065029, 'qualifierId': 213, 'value': '4.67'}, {'id': 5776065023, 'qualifierId': 140, 'value': '55.2'}, {'id': 5776065025, 'qualifierId': 141, 'value': '67.2'}, {'id': 5776065021, 'qualifierId': 56, 'value': 'Center'}]",cieyupgmnxecb4emqljudrw89,A. Wright,,,Racing Louisville,Home
2823519439,104,1,1,13,3,dtucewmt49th1p4selfutmnmc,1,55.5,67.7,2025-06-21T00:22:12.719Z,2025-06-21T00:23:13Z,"[{'id': 5776065095, 'qualifierId': 56, 'value': 'Center'}, {'id': 5776066581, 'qualifierId': 210, 'value': '15'}, {'id': 5776065099, 'qualifierId': 141, 'value': '54.5'}, {'id': 5776065101, 'qualifierId': 212, 'value': '15.7'}, {'id': 5776065097, 'qualifierId': 140, 'value': '67.8'}, {'id': 5776065103, 'qualifierId': 213, 'value': '5.68'}]",8q0rkr3gz7hz1ssdx3fkro0a2,T. Flint,1.0,,Racing Louisville,Home
2823519443,105,15,1,13,7,dtucewmt49th1p4selfutmnmc,1,80.3,51.5,2025-06-21T00:22:16.673Z,2025-06-21T01:07:35Z,"[{'id': 5776065119, 'qualifierId': 22}, {'id': 5776066609, 'qualifierId': 147, 'value': '51.6'}, {'id': 5776066607, 'qualifierId': 146, 'value': '81.6'}, {'id': 5776066595, 'qualifierId': 29}, {'id': 5776066593, 'qualifierId': 76}, {'id': 5776066619, 'qualifierId': 233, 'value': '77'}, {'id': 5776066407, 'qualifierId': 72}, {'id': 5776065121, 'qualifierId': 18}, {'id': 5776066603, 'qualifierId': 103, 'value': '19'}, {'id': 5776066605, 'qualifierId': 215}, {'id': 5776065123, 'qualifierId': 56, 'value': 'Center'}, {'id': 5776066601, 'qualifierId': 102, 'value': '53.4'}, {'id': 5776066597, 'qualifierId': 55, 'value': '104'}, {'id': 5776066611, 'qualifierId': 230, 'value': '99.8'}, {'id': 5776066613, 'qualifierId': 231, 'value': '50.7'}, {'id': 5776066411, 'qualifierId': 82}]",asfd5wkedz1u29xt37r6or4rt,S. DeMelo,,,Racing Louisville,Home
2823519447,77,10,1,13,8,966pdxhsoxaib9qt5083h8uus,1,18.4,48.4,2025-06-21T00:22:16.773Z,2025-06-21T00:24:25Z,"[{'id': 5776065133, 'qualifierId': 94}, {'id': 5776066625, 'qualifierId': 233, 'value': '105'}, {'id': 5776065135, 'qualifierId': 56, 'value': 'Back'}]",9yvkpwm78jaqr321imfc3rrbo,E. Sams,,,Orlando Pride,Away
2823519459,106,1,1,13,10,dtucewmt49th1p4selfutmnmc,1,68.1,60.5,2025-06-21T00:22:18.944Z,2025-06-21T00:22:20Z,"[{'id': 5776065197, 'qualifierId': 212, 'value': '8.6'}, {'id': 5776065199, 'qualifierId': 213, 'value': '4.81'}, {'id': 5776065193, 'qualifierId': 140, 'value': '68.9'}, {'id': 5776065195, 'qualifierId': 141, 'value': '47.9'}, {'id': 5776065191, 'qualifierId': 56, 'value': 'Center'}]",cieyupgmnxecb4emqljudrw89,A. Wright,,,Racing Louisville,Home
2823519471,107,1,1,13,11,dtucewmt49th1p4selfutmnmc,1,69.3,47.5,2025-06-21T00:22:20.608Z,2025-06-21T00:22:24Z,"[{'id': 5776065307, 'qualifierId': 140, 'value': '68.9'}, {'id': 5776065311, 'qualifierId': 212, 'value': '22.0'}, {'id': 5776065313, 'qualifierId': 213, 'value': '4.69'}, {'id': 5776065309, 'qualifierId': 141, 'value': '15.1'}, {'id': 5776065305, 'qualifierId': 56, 'value': 'Right'}]",8q0rkr3gz7hz1ssdx3fkro0a2,T. Flint,,,Racing Louisville,Home
2823519483,108,1,1,13,15,dtucewmt49th1p4selfutmnmc,1,69.8,11.8,2025-06-21T00:22:24.336Z,2025-06-21T00:22:26Z,"[{'id': 5776065373, 'qualifierId': 212, 'value': '6.8'}, {'id': 5776065367, 'qualifierId': 56, 'value': 'Right'}, {'id': 5776065369, 'qualifierId': 140, 'value': '75.6'}, {'id': 5776065371, 'qualifierId': 141, 'value': '7.3'}, {'id': 5776065375, 'qualifierId': 213, 'value': '5.82'}]",7hrw0exutge376ai2uf6frw4q,L. Milliet,,,Racing Louisville,Home
2823519481,78,83,1,13,17,966pdxhsoxaib9qt5083h8uus,0,24.1,81.9,2025-06-21T00:22:26.428Z,2025-06-21T00:22:30Z,"[{'id': 5776065447, 'qualifierId': 399, 'value': '9e65qlc7dfjkajyhzhak8sc7p'}]",e2obgph6szyo04em3qr94g1qt,B. Banda,,,Orlando Pride,Away
2823519489,109,1,1,13,17,dtucewmt49th1p4selfutmnmc,1,75.6,7.3,2025-06-21T00:22:26.528Z,2025-06-21T01:07:56Z,"[{'id': 5776065403, 'qualifierId': 213, 'value': '1.73'}, {'id': 5776065395, 'qualifierId': 56, 'value': 'Right'}, {'id': 5776065401, 'qualifierId': 212, 'value': '9.1'}, {'id': 5776065397, 'qualifierId': 140, 'value': '74.2'}, {'id': 5776065399, 'qualifierId': 141, 'value': '20.5'}]",9e65qlc7dfjkajyhzhak8sc7p,J. Sonis,,,Racing Louisville,Home
2823519487,79,45,1,13,19,966pdxhsoxaib9qt5083h8uus,0,23.9,78.6,2025-06-21T00:22:28.541Z,2025-06-21T01:04:26Z,"[{'id': 5776065431, 'qualifierId': 233, 'value': '110'}, {'id': 5776065393, 'qualifierId': 285}, {'id': 5776065391, 'qualifierId': 56, 'value': 'Back'}]",68njvqucip0ehuz4eecppvq0a,S. Yates,,,Orlando Pride,Away
2823519493,110,3,1,13,19,dtucewmt49th1p4selfutmnmc,1,76.1,21.4,2025-06-21T00:22:28.541Z,2025-06-21T01:04:25Z,"[{'id': 5776065421, 'qualifierId': 233, 'value': '79'}, {'id': 5776065417, 'qualifierId': 56, 'value': 'Center'}, {'id': 5776065419, 'qualifierId': 286}]",7hrw0exutge376ai2uf6frw4q,L. Milliet,,,Racing Louisville,Home
2823519495,111,3,1,13,20,dtucewmt49th1p4selfutmnmc,0,76.0,23.4,2025-06-21T00:22:28.929Z,2025-06-21T01:04:20Z,"[{'id': 5776065443, 'qualifierId': 56, 'value': 'Center'}, {'id': 5776065445, 'qualifierId': 286}, {'id': 5776065493, 'qualifierId': 233, 'value': '80'}]",7hrw0exutge376ai2uf6frw4q,L. Milliet,,,Racing Louisville,Home
2823519501,80,7,1,13,20,966pdxhsoxaib9qt5083h8uus,1,24.0,76.6,2025-06-21T00:22:28.930Z,2025-06-21T01:04:19Z,"[{'id': 5776065489, 'qualifierId': 233, 'value': '111'}, {'id': 5776065483, 'qualifierId': 285}, {'id': 5776065481, 'qualifierId': 56, 'value': 'Back'}]",dyfsbff9jueyw5jhjou424bo4,K. Abello,,,Orlando Pride,Away
2823519505,81,4,1,13,23,966pdxhsoxaib9qt5083h8uus,1,24.5,79.8,2025-06-21T00:22:31.757Z,2025-06-21T00:39:47Z,"[{'id': 5776065501, 'qualifierId': 13}, {'id': 5776065505, 'qualifierId': 152}, {'id': 5776065563, 'qualifierId': 233, 'value': '112'}, {'id': 5776065503, 'qualifierId': 56, 'value': 'Back'}, {'id': 5776065509, 'qualifierId': 285}, {'id': 5776065507, 'qualifierId': 265}]",68njvqucip0ehuz4eecppvq0a,S. Yates,,,Orlando Pride,Away
2823519511,112,4,1,13,23,dtucewmt49th1p4selfutmnmc,0,75.5,20.2,2025-06-21T00:22:31.758Z,2025-06-21T00:39:47Z,"[{'id': 5776065557, 'qualifierId': 152}, {'id': 5776065567, 'qualifierId': 233, 'value': '81'}, {'id': 5776065561, 'qualifierId': 286}, {'id': 5776065553, 'qualifierId': 13}, {'id': 5776065559, 'qualifierId': 265}, {'id': 5776065555, 'qualifierId': 56, 'value': 'Right'}]",9e65qlc7dfjkajyhzhak8sc7p,J. Sonis,,,Racing Louisville,Home
2823519591,82,1,1,13,46,966pdxhsoxaib9qt5083h8uus,1,28.9,81.2,2025-06-21T00:22:55.229Z,2025-06-21T00:23:02Z,"[{'id': 5776066047, 'qualifierId': 212, 'value': '6.4'}, {'id': 5776066037, 'qualifierId': 5}, {'id': 5776066049, 'qualifierId': 213, 'value': '1.85'}, {'id': 5776066043, 'qualifierId': 140, 'value': '27.2'}, {'id': 5776066271, 'qualifierId': 189}, {'id': 5776066045, 'qualifierId': 141, 'value': '90.3'}, {'id': 5776066039, 'qualifierId': 152}, {'id': 5776066041, 'qualifierId': 56, 'value': 'Back'}]",68njvqucip0ehuz4eecppvq0a,S. Yates,,,Orlando Pride,Away
2823519603,83,1,1,13,47,966pdxhsoxaib9qt5083h8uus,1,27.1,90.3,2025-06-21T00:22:56.700Z,2025-06-21T00:22:58Z,"[{'id': 5776066099, 'qualifierId': 56, 'value': 'Back'}, {'id': 5776066107, 'qualifierId': 213, 'value': '4.23'}, {'id': 5776066103, 'qualifierId': 141, 'value': '75.8'}, {'id': 5776066101, 'qualifierId': 140, 'value': '22.2'}, {'id': 5776066105, 'qualifierId': 212, 'value': '11.1'}]",dyfsbff9jueyw5jhjou424bo4,K. Abello,,,Orlando Pride,Away
2823519617,84,3,1,13,49,966pdxhsoxaib9qt5083h8uus,1,27.4,74.2,2025-06-21T00:22:57.980Z,2025-06-21T01:04:26Z,"[{'id': 5776066181, 'qualifierId': 56, 'value': 'Back'}, {'id': 5776066185, 'qualifierId': 233, 'value': '113'}, {'id': 5776066183, 'qualifierId': 285}]",1uf4321zvio3hrwfu4z4jxp7t,K. Nadaner,,,Orlando Pride,Away
2823519607,113,45,1,13,49,dtucewmt49th1p4selfutmnmc,0,72.6,25.8,2025-06-21T00:22:57.980Z,2025-06-21T01:04:26Z,"[{'id': 5776066123, 'qualifierId': 56, 'value': 'Center'}, {'id': 5776066193, 'qualifierId': 233, 'value': '84'}, {'id': 5776066125, 'qualifierId': 286}]",aoa88ulpguvr42b0a1jn8dfys,S. Weber,,,Racing Louisville,Home
2823519619,85,4,1,13,51,966pdxhsoxaib9qt5083h8uus,1,26.0,73.7,2025-06-21T00:23:00.029Z,2025-06-21T00:39:47Z,"[{'id': 5776066227, 'qualifierId': 152}, {'id': 5776066233, 'qualifierId': 285}, {'id': 5776066231, 'qualifierId': 265}, {'id': 5776066249, 'qualifierId': 233, 'value': '114'}, {'id': 5776066223, 'qualifierId': 56, 'value': 'Back'}, {'id': 5776066219, 'qualifierId': 13}]",1uf4321zvio3hrwfu4z4jxp7t,K. Nadaner,,,Orlando Pride,Away
2823519621,114,4,1,13,51,dtucewmt49th1p4selfutmnmc,0,74.0,26.3,2025-06-21T00:23:00.030Z,2025-06-21T00:39:48Z,"[{'id': 5776066235, 'qualifierId': 13}, {'id': 5776066243, 'qualifierId': 286}, {'id': 5776066255, 'qualifierId': 233, 'value': '85'}, {'id': 5776066241, 'qualifierId': 265}, {'id': 5776066239, 'qualifierId': 152}, {'id': 5776066237, 'qualifierId': 56, 'value': 'Center'}]",aoa88ulpguvr42b0a1jn8dfys,S. Weber,,,Racing Louisville,Home
2823519711,86,1,1,14,8,966pdxhsoxaib9qt5083h8uus,1,25.7,79.1,2025-06-21T00:23:17.692Z,2025-06-21T00:23:23Z,"[{'id': 5776066815, 'qualifierId': 56, 'value': 'Back'}, {'id': 5776066823, 'qualifierId': 213, 'value': '4.89'}, {'id': 5776066811, 'qualifierId': 5}, {'id': 5776066821, 'qualifierId': 212, 'value': '9.3'}, {'id': 5776066817, 'qualifierId': 140, 'value': '27.3'}, {'id': 5776066819, 'qualifierId': 141, 'value': '65.6'}, {'id': 5776066813, 'qualifierId': 152}]",1uf4321zvio3hrwfu4z4jxp7t,K. Nadaner,,,Orlando Pride,Away
2823519721,87,1,1,14,14,966pdxhsoxaib9qt5083h8uus,1,25.8,62.7,2025-06-21T00:23:23.613Z,2025-06-21T00:23:27Z,"[{'id': 5776066895, 'qualifierId': 140, 'value': '29.3'}, {'id': 5776066903, 'qualifierId': 1}, {'id': 5776066891, 'qualifierId': 155}, {'id': 5776066901, 'qualifierId': 213, 'value': '4.81'}, {'id': 5776066897, 'qualifierId': 141, 'value': '8.9'}, {'id': 5776066899, 'qualifierId': 212, 'value': '36.8'}, {'id': 5776066893, 'qualifierId': 56, 'value': 'Back'}]",23nuijdnnuiwzkd5cf7jbyajt,Angelina,,,Orlando Pride,Away
2823519723,88,44,1,14,18,966pdxhsoxaib9qt5083h8uus,1,30.2,4.8,2025-06-21T00:23:27.356Z,2025-06-21T01:04:30Z,"[{'id': 5776066997, 'qualifierId': 233, 'value': '115'}, {'id': 5776066939, 'qualifierId': 285}, {'id': 5776066937, 'qualifierId': 56, 'value': 'Back'}]",eigt6t2rj0k98zt1isqrvtvqh,A. Watt,,,Orlando Pride,Away
2823519731,115,44,1,14,18,dtucewmt49th1p4selfutmnmc,0,69.8,95.2,2025-06-21T00:23:27.357Z,2025-06-21T01:04:30Z,"[{'id': 5776066991, 'qualifierId': 286}, {'id': 5776066989, 'qualifierId': 56, 'value': 'Left'}, {'id': 5776067001, 'qualifierId': 233, 'value': '88'}]",2x4vbu3htfozzwd8g7bdxeacp,C. Petersen,,,Racing Louisville,Home
2823519727,89,61,1,14,19,966pdxhsoxaib9qt5083h8uus,0,29.0,6.1,2025-06-21T00:23:27.901Z,2025-06-21T00:23:28Z,"[{'id': 5776066975, 'qualifierId': 56, 'value': 'Back'}]",eigt6t2rj0k98zt1isqrvtvqh,A. Watt,,,Orlando Pride,Away
2823519735,90,5,1,14,19,966pdxhsoxaib9qt5083h8uus,0,33.6,-1.0,2025-06-21T00:23:28.525Z,2025-06-21T00:30:06Z,"[{'id': 5776067011, 'qualifierId': 347}, {'id': 5776067103, 'qualifierId': 233, 'value': '116'}, {'id': 5776067009, 'qualifierId': 56, 'value': 'Back'}]",eigt6t2rj0k98zt1isqrvtvqh,A. Watt,,,Orlando Pride,Away
2823519749,116,5,1,14,19,dtucewmt49th1p4selfutmnmc,1,66.4,101.0,2025-06-21T00:23:28.525Z,2025-06-21T00:30:05Z,"[{'id': 5776067087, 'qualifierId': 233, 'value': '90'}, {'id': 5776067083, 'qualifierId': 56, 'value': 'Left'}, {'id': 5776067085, 'qualifierId': 347}]",2x4vbu3htfozzwd8g7bdxeacp,C. Petersen,,,Racing Louisville,Home
2823519765,117,1,1,14,24,dtucewmt49th1p4selfutmnmc,1,63.0,100.0,2025-06-21T00:23:32.738Z,2025-06-21T00:23:38Z,"[{'id': 5776067199, 'qualifierId': 140, 'value': '43.9'}, {'id': 5776067201, 'qualifierId': 141, 'value': '91.5'}, {'id': 5776067197, 'qualifierId': 56, 'value': 'Back'}, {'id': 5776067205, 'qualifierId': 213, 'value': '3.46'}, {'id': 5776067195, 'qualifierId': 107}, {'id': 5776067203, 'qualifierId': 212, 'value': '21.1'}]",2x4vbu3htfozzwd8g7bdxeacp,C. Petersen,,,Racing Louisville,Home
2823519771,118,1,1,14,29,dtucewmt49th1p4selfutmnmc,1,42.6,74.7,2025-06-21T00:23:38.259Z,2025-06-21T00:23:40Z,"[{'id': 5776067247, 'qualifierId': 1}, {'id': 5776067237, 'qualifierId': 56, 'value': 'Left'}, {'id': 5776067243, 'qualifierId': 212, 'value': '46.5'}, {'id': 5776067235, 'qualifierId': 155}, {'id': 5776067239, 'qualifierId': 140, 'value': '85.6'}, {'id': 5776067241, 'qualifierId': 141, 'value': '91.2'}, {'id': 5776067245, 'qualifierId': 213, 'value': '0.24'}]",cieyupgmnxecb4emqljudrw89,A. Wright,,,Racing Louisville,Home
2823519789,119,1,1,14,32,dtucewmt49th1p4selfutmnmc,1,87.1,92.4,2025-06-21T00:23:40.818Z,2025-06-21T00:23:45Z,"[{'id': 5776067387, 'qualifierId': 213, 'value': '3.74'}, {'id': 5776067379, 'qualifierId': 56, 'value': 'Left'}, {'id': 5776067383, 'qualifierId': 141, 'value': '83.3'}, {'id': 5776067381, 'qualifierId': 140, 'value': '78.5'}, {'id': 5776067385, 'qualifierId': 212, 'value': '10.9'}]",br17lkx91icsoqiibmufa23v8,E. Sears,,,Racing Louisville,Home
2823519791,120,4,1,14,36,dtucewmt49th1p4selfutmnmc,1,79.4,78.5,2025-06-21T00:23:45.186Z,2025-06-21T00:39:48Z,"[{'id': 5776067517, 'qualifierId': 233, 'value': '91'}, {'id': 5776067509, 'qualifierId': 294}, {'id': 5776067513, 'qualifierId': 152}, {'id': 5776067511, 'qualifierId': 56, 'value': 'Center'}, {'id': 5776067515, 'qualifierId': 286}, {'id': 5776067507, 'qualifierId': 13}]",asfd5wkedz1u29xt37r6or4rt,S. DeMelo,,,Racing Louisville,Home
2823519793,91,4,1,14,36,966pdxhsoxaib9qt5083h8uus,0,20.6,21.5,2025-06-21T00:23:45.187Z,2025-06-21T00:39:48Z,"[{'id': 5776067457, 'qualifierId': 56, 'value': 'Back'}, {'id': 5776067455, 'qualifierId': 294}, {'id': 5776067459, 'qualifierId': 152}, {'id': 5776067521, 'qualifierId': 233, 'value': '120'}, {'id': 5776067453, 'qualifierId': 13}, {'id': 5776067461, 'qualifierId': 285}]",3cyj9a2fjtx4xd0bqdh6g3azu,H. McCutcheon,,,Orlando Pride,Away
2823519981,121,15,1,15,22,dtucewmt49th1p4selfutmnmc,1,82.6,83.1,2025-06-21T00:24:31.651Z,2025-06-21T01:05:57Z,"[{'id': 5776069029, 'qualifierId': 146, 'value': '99.3'}, {'id': 5776069019, 'qualifierId': 120}, {'id': 5776069027, 'qualifierId': 458}, {'id': 5776068429, 'qualifierId': 56, 'value': 'Left'}, {'id': 5776069023, 'qualifierId': 102, 'value': '49.6'}, {'id': 5776068689, 'qualifierId': 68}, {'id': 5776069021, 'qualifierId': 79}, {'id': 5776069025, 'qualifierId': 103, 'value': '32.3'}, {'id': 5776068813, 'qualifierId': 20}, {'id': 5776069035, 'qualifierId': 233, 'value': '92'}, {'id': 5776068811, 'qualifierId': 26}, {'id': 5776069031, 'qualifierId': 147, 'value': '51.8'}]",asfd5wkedz1u29xt37r6or4rt,S. DeMelo,,,Racing Louisville,Home
2823519983,92,10,1,15,23,966pdxhsoxaib9qt5083h8uus,1,2.5,47.8,2025-06-21T00:24:31.751Z,2025-06-21T00:26:09Z,"[{'id': 5776068663, 'qualifierId': 177}, {'id': 5776068443, 'qualifierId': 182}, {'id': 5776068445, 'qualifierId': 56, 'value': 'Back'}, {'id': 5776068441, 'qualifierId': 178}, {'id': 5776069051, 'qualifierId': 233, 'value': '121'}]",7e8f4kfwcucaj4239xz0rai1h,A. Moorhouse,,,Orlando Pride,Away
2823519991,93,4,1,15,25,966pdxhsoxaib9qt5083h8uus,1,3.1,49.7,2025-06-21T00:24:34.140Z,2025-06-21T00:39:48Z,"[{'id': 5776068517, 'qualifierId': 13}, {'id': 5776068519, 'qualifierId': 294}, {'id': 5776068521, 'qualifierId': 56, 'value': 'Back'}, {'id': 5776068525, 'qualifierId': 285}, {'id': 5776068603, 'qualifierId': 233, 'value': '122'}, {'id': 5776068523, 'qualifierId': 152}]",7e8f4kfwcucaj4239xz0rai1h,A. Moorhouse,,,Orlando Pride,Away
2823520001,122,4,1,15,25,dtucewmt49th1p4selfutmnmc,0,96.9,50.3,2025-06-21T00:24:34.141Z,2025-06-21T00:39:49Z,"[{'id': 5776068585, 'qualifierId': 294}, {'id': 5776068589, 'qualifierId': 152}, {'id': 5776068583, 'qualifierId': 13}, {'id': 5776068613, 'qualifierId': 233, 'value': '93'}, {'id': 5776068591, 'qualifierId': 286}, {'id': 5776068587, 'qualifierId': 56, 'value': 'Center'}]",9tbrhbbmfxq8l363kybl4g7ah,Ary Borges,,,Racing Louisville,Home
2823520133,94,1,1,15,58,966pdxhsoxaib9qt5083h8uus,1,4.7,49.9,2025-06-21T00:25:07.580Z,2025-06-21T00:25:09Z,"[{'id': 5776069347, 'qualifierId': 56, 'value': 'Back'}, {'id': 5776069353, 'qualifierId': 212, 'value': '9.2'}, {'id': 5776069349, 'qualifierId': 140, 'value': '8.0'}, {'id': 5776069359, 'qualifierId': 189}, {'id': 5776069343, 'qualifierId': 5}, {'id': 5776069345, 'qualifierId': 152}, {'id': 5776069351, 'qualifierId': 141, 'value': '62.4'}, {'id': 5776069355, 'qualifierId': 213, 'value': '1.18'}]",7e8f4kfwcucaj4239xz0rai1h,A. Moorhouse,,,Orlando Pride,Away
2823520157,95,1,1,16,1,966pdxhsoxaib9qt5083h8uus,1,7.8,65.1,2025-06-21T00:25:10.699Z,2025-06-21T00:26:06Z,"[{'id': 5776070647, 'qualifierId': 189}, {'id': 5776069477, 'qualifierId': 140, 'value': '32.4'}, {'id': 5776069473, 'qualifierId': 157}, {'id': 5776069483, 'qualifierId': 213, 'value': '0.10'}, {'id': 5776069479, 'qualifierId': 141, 'value': '69.0'}, {'id': 5776069485, 'qualifierId': 1}, {'id': 5776069475, 'qualifierId': 56, 'value': 'Back'}, {'id': 5776069481, 'qualifierId': 212, 'value': '26.0'}]",1uf4321zvio3hrwfu4z4jxp7t,K. Nadaner,,,Orlando Pride,Away
2823520163,96,1,1,16,5,966pdxhsoxaib9qt5083h8uus,0,33.5,69.8,2025-06-21T00:25:13.804Z,2025-06-21T00:25:14Z,"[{'id': 5776069505, 'qualifierId': 3}, {'id': 5776069509, 'qualifierId': 140, 'value': '44.1'}, {'id': 5776069513, 'qualifierId': 212, 'value': '12.3'}, {'id': 5776069515, 'qualifierId': 213, 'value': '0.44'}, {'id': 5776069507, 'qualifierId': 56, 'value': 'Back'}, {'id': 5776069511, 'qualifierId': 141, 'value': '77.6'}]",3cyj9a2fjtx4xd0bqdh6g3azu,H. McCutcheon,,,Orlando Pride,Away
2823520161,123,50,1,16,5,dtucewmt49th1p4selfutmnmc,1,49.5,19.9,2025-06-21T00:25:14.245Z,2025-06-21T01:04:20Z,"[{'id': 5776069503, 'qualifierId': 286}, {'id': 5776069501, 'qualifierId': 56, 'value': 'Back'}, {'id': 5776069543, 'qualifierId': 233, 'value': '97'}]",7hrw0exutge376ai2uf6frw4q,L. Milliet,,,Racing Louisville,Home
2823520169,97,7,1,16,5,966pdxhsoxaib9qt5083h8uus,1,50.5,80.1,2025-06-21T00:25:14.246Z,2025-06-21T01:04:20Z,"[{'id': 5776069521, 'qualifierId': 56, 'value': 'Left'}, {'id': 5776069523, 'qualifierId': 285}, {'id': 5776069527, 'qualifierId': 233, 'value': '123'}]",68njvqucip0ehuz4eecppvq0a,S. Yates,,,Orlando Pride,Away
2823520175,98,1,1,16,7,966pdxhsoxaib9qt5083h8uus,1,37.8,70.8,2025-06-21T00:25:16.556Z,2025-06-21T00:26:11Z,"[{'id': 5776069585, 'qualifierId': 140, 'value': '40.6'}, {'id': 5776069587, 'qualifierId': 141, 'value': '52.8'}, {'id': 5776069589, 'qualifierId': 212, 'value': '12.6'}, {'id': 5776069591, 'qualifierId': 213, 'value': '4.95'}, {'id': 5776069583, 'qualifierId': 56, 'value': 'Back'}]",68njvqucip0ehuz4eecppvq0a,S. Yates,,,Orlando Pride,Away
2823520193,99,1,1,16,10,966pdxhsoxaib9qt5083h8uus,1,43.6,49.3,2025-06-21T00:25:19.531Z,2025-06-21T00:25:22Z,"[{'id': 5776069693, 'qualifierId': 141, 'value': '27.5'}, {'id': 5776069691, 'qualifierId': 140, 'value': '37.6'}, {'id': 5776069695, 'qualifierId': 212, 'value': '16.1'}, {'id': 5776069697, 'qualifierId': 213, 'value': '4.31'}, {'id': 5776069689, 'qualifierId': 56, 'value': 'Back'}]",c811si1xw5he6ih0o1mj94tsl,Marta,,,Orlando Pride,Away
2823520201,100,1,1,16,13,966pdxhsoxaib9qt5083h8uus,1,37.3,26.8,2025-06-21T00:25:21.948Z,2025-06-21T00:25:24Z,"[{'id': 5776069743, 'qualifierId': 212, 'value': '10.9'}, {'id': 5776069739, 'qualifierId': 140, 'value': '31.4'}, {'id': 5776069737, 'qualifierId': 56, 'value': 'Back'}, {'id': 5776069741, 'qualifierId': 141, 'value': '40.0'}, {'id': 5776069745, 'qualifierId': 213, 'value': '2.17'}]",dy302yj9tjby62ur1u8ab8rxm,C. Dyke,,,Orlando Pride,Away
2823520205,101,1,1,16,15,966pdxhsoxaib9qt5083h8uus,1,31.3,40.3,2025-06-21T00:25:24.157Z,2025-06-21T00:25:27Z,"[{'id': 5776069763, 'qualifierId': 56, 'value': 'Back'}, {'id': 5776069771, 'qualifierId': 213, 'value': '1.57'}, {'id': 5776069767, 'qualifierId': 141, 'value': '56.7'}, {'id': 5776069769, 'qualifierId': 212, 'value': '11.2'}, {'id': 5776069765, 'qualifierId': 140, 'value': '31.3'}]",9yvkpwm78jaqr321imfc3rrbo,E. Sams,,,Orlando Pride,Away
2823520215,102,1,1,16,18,966pdxhsoxaib9qt5083h8uus,1,31.3,59.6,2025-06-21T00:25:27.020Z,2025-06-21T00:25:30Z,"[{'id': 5776069815, 'qualifierId': 140, 'value': '31.1'}, {'id': 5776069821, 'qualifierId': 213, 'value': '4.69'}, {'id': 5776069817, 'qualifierId': 141, 'value': '44.5'}, {'id': 5776069819, 'qualifierId': 212, 'value': '10.3'}, {'id': 5776069813, 'qualifierId': 56, 'value': 'Back'}]",1uf4321zvio3hrwfu4z4jxp7t,K. Nadaner,,,Orlando Pride,Away
2823520235,103,1,1,16,21,966pdxhsoxaib9qt5083h8uus,1,33.9,41.6,2025-06-21T00:25:30.204Z,2025-06-21T00:25:37Z,"[{'id': 5776069937, 'qualifierId': 213, 'value': '1.64'}, {'id': 5776069929, 'qualifierId': 56, 'value': 'Back'}, {'id': 5776069933, 'qualifierId': 141, 'value': '57.3'}, {'id': 5776069935, 'qualifierId': 212, 'value': '10.7'}, {'id': 5776069931, 'qualifierId': 140, 'value': '33.2'}]",9yvkpwm78jaqr321imfc3rrbo,E. Sams,,,Orlando Pride,Away
2823520251,104,1,1,16,28,966pdxhsoxaib9qt5083h8uus,1,35.7,66.3,2025-06-21T00:25:37.468Z,2025-06-21T00:25:44Z,"[{'id': 5776070041, 'qualifierId': 212, 'value': '28.8'}, {'id': 5776070037, 'qualifierId': 140, 'value': '63.0'}, {'id': 5776070039, 'qualifierId': 141, 'value': '70.8'}, {'id': 5776070033, 'qualifierId': 155}, {'id': 5776070035, 'qualifierId': 56, 'value': 'Center'}, {'id': 5776070043, 'qualifierId': 213, 'value': '0.11'}]",1uf4321zvio3hrwfu4z4jxp7t,K. Nadaner,,,Orlando Pride,Away
2823520257,105,3,1,16,34,966pdxhsoxaib9qt5083h8uus,0,84.8,75.8,2025-06-21T00:25:43.541Z,2025-06-21T01:04:21Z,"[{'id': 5776070139, 'qualifierId': 233, 'value': '124'}, {'id': 5776070085, 'qualifierId': 286}, {'id': 5776070083, 'qualifierId': 56, 'value': 'Center'}]",e2obgph6szyo04em3qr94g1qt,B. Banda,,,Orlando Pride,Away
2823520269,124,7,1,16,34,dtucewmt49th1p4selfutmnmc,0,15.2,24.2,2025-06-21T00:25:43.542Z,2025-06-21T01:04:20Z,"[{'id': 5776070133, 'qualifierId': 285}, {'id': 5776070135, 'qualifierId': 233, 'value': '105'}, {'id': 5776070131, 'qualifierId': 56, 'value': 'Back'}]",2mlyh9k0yhv8862rj6hu26j8p,E. Jean,,,Racing Louisville,Home
2823520265,106,61,1,16,37,966pdxhsoxaib9qt5083h8uus,1,80.6,75.2,2025-06-21T00:25:46.071Z,2025-06-21T00:25:46Z,"[{'id': 5776070117, 'qualifierId': 56, 'value': 'Center'}]",e2obgph6szyo04em3qr94g1qt,B. Banda,,,Orlando Pride,Away
2823520273,107,5,1,16,38,966pdxhsoxaib9qt5083h8uus,0,101.2,65.2,2025-06-21T00:25:47.597Z,2025-06-21T00:30:06Z,"[{'id': 5776070157, 'qualifierId': 56, 'value': 'Center'}, {'id': 5776070159, 'qualifierId': 346}, {'id': 5776070839, 'qualifierId': 233, 'value': '125'}]",e2obgph6szyo04em3qr94g1qt,B. Banda,,,Orlando Pride,Away
2823520375,125,5,1,16,38,dtucewmt49th1p4selfutmnmc,1,-1.2,34.8,2025-06-21T00:25:47.597Z,2025-06-21T00:30:06Z,"[{'id': 5776070819, 'qualifierId': 56, 'value': 'Back'}, {'id': 5776070821, 'qualifierId': 346}, {'id': 5776070823, 'qualifierId': 233, 'value': '107'}]",2mlyh9k0yhv8862rj6hu26j8p,E. Jean,,,Racing Louisville,Home
2823520389,126,1,1,17,7,dtucewmt49th1p4selfutmnmc,1,5.3,50.1,2025-06-21T00:26:15.863Z,2025-06-21T00:26:19Z,"[{'id': 5776070887, 'qualifierId': 140, 'value': '56.7'}, {'id': 5776070891, 'qualifierId': 212, 'value': '54.0'}, {'id': 5776070895, 'qualifierId': 1}, {'id': 5776070893, 'qualifierId': 213, 'value': '0.02'}, {'id': 5776070899, 'qualifierId': 74}, {'id': 5776070889, 'qualifierId': 141, 'value': '51.6'}, {'id': 5776070883, 'qualifierId': 124}, {'id': 5776070885, 'qualifierId': 56, 'value': 'Center'}]",24lhpn1z5ikitapll48t1z7kk,J. Bloomer,,,Racing Louisville,Home
2823520391,127,4,1,17,10,dtucewmt49th1p4selfutmnmc,1,58.2,51.2,2025-06-21T00:26:19.372Z,2025-06-21T01:06:50Z,"[{'id': 5776070943, 'qualifierId': 286}, {'id': 5776070935, 'qualifierId': 13}, {'id': 5776070937, 'qualifierId': 295}, {'id': 5776070939, 'qualifierId': 56, 'value': 'Center'}, {'id': 5776070941, 'qualifierId': 152}, {'id': 5776070945, 'qualifierId': 233, 'value': '108'}]",8q0rkr3gz7hz1ssdx3fkro0a2,T. Flint,,,Racing Louisville,Home
2823520387,108,4,1,17,10,966pdxhsoxaib9qt5083h8uus,0,41.8,48.8,2025-06-21T00:26:19.373Z,2025-06-21T00:26:24Z,"[{'id': 5776070953, 'qualifierId': 233, 'value': '127'}, {'id': 5776070931, 'qualifierId': 152}, {'id': 5776070933, 'qualifierId': 285}, {'id': 5776070927, 'qualifierId': 295}, {'id': 5776070925, 'qualifierId': 13}, {'id': 5776070929, 'qualifierId': 56, 'value': 'Back'}]",23nuijdnnuiwzkd5cf7jbyajt,Angelina,,,Orlando Pride,Away
2823520517,128,1,1,17,42,dtucewmt49th1p4selfutmnmc,1,53.3,50.0,2025-06-21T00:26:51.655Z,2025-06-21T00:26:55Z,"[{'id': 5776071633, 'qualifierId': 152}, {'id': 5776071637, 'qualifierId': 140, 'value': '57.4'}, {'id': 5776071639, 'qualifierId': 141, 'value': '71.7'}, {'id': 5776071641, 'qualifierId': 212, 'value': '15.4'}, {'id': 5776071631, 'qualifierId': 5}, {'id': 5776071643, 'qualifierId': 213, 'value': '1.29'}, {'id': 5776071635, 'qualifierId': 56, 'value': 'Center'}]",cieyupgmnxecb4emqljudrw89,A. Wright,,,Racing Louisville,Home
2823520529,129,1,1,17,46,dtucewmt49th1p4selfutmnmc,0,61.2,72.6,2025-06-21T00:26:55.496Z,2025-06-21T00:26:58Z,"[{'id': 5776071679, 'qualifierId': 56, 'value': 'Center'}, {'id': 5776071683, 'qualifierId': 141, 'value': '46.3'}, {'id': 5776071689, 'qualifierId': 1}, {'id': 5776071681, 'qualifierId': 140, 'value': '87.6'}, {'id': 5776071685, 'qualifierId': 212, 'value': '33.0'}, {'id': 5776071677, 'qualifierId': 155}, {'id': 5776071687, 'qualifierId': 213, 'value': '5.71'}]",2x4vbu3htfozzwd8g7bdxeacp,C. Petersen,,,Racing Louisville,Home
2823520535,109,11,1,17,49,966pdxhsoxaib9qt5083h8uus,1,8.8,53.0,2025-06-21T00:26:58.716Z,2025-06-21T00:26:58Z,"[{'id': 5776071739, 'qualifierId': 88}, {'id': 5776071737, 'qualifierId': 56, 'value': 'Back'}]",7e8f4kfwcucaj4239xz0rai1h,A. Moorhouse,,,Orlando Pride,Away
2823520567,110,1,1,17,51,966pdxhsoxaib9qt5083h8uus,1,13.8,49.1,2025-06-21T00:27:00.475Z,2025-06-21T00:27:05Z,"[{'id': 5776071897, 'qualifierId': 199}, {'id': 5776071907, 'qualifierId': 213, 'value': '0.09'}, {'id': 5776071905, 'qualifierId': 212, 'value': '39.7'}, {'id': 5776071899, 'qualifierId': 56, 'value': 'Center'}, {'id': 5776071901, 'qualifierId': 140, 'value': '51.5'}, {'id': 5776071909, 'qualifierId': 1}, {'id': 5776071903, 'qualifierId': 141, 'value': '54.2'}]",7e8f4kfwcucaj4239xz0rai1h,A. Moorhouse,,,Orlando Pride,Away
2823520575,111,44,1,17,55,966pdxhsoxaib9qt5083h8uus,1,56.4,67.9,2025-06-21T00:27:04.215Z,2025-06-21T01:04:31Z,"[{'id': 5776071945, 'qualifierId': 286}, {'id': 5776071943, 'qualifierId': 56, 'value': 'Center'}, {'id': 5776071959, 'qualifierId': 233, 'value': '130'}]",e2obgph6szyo04em3qr94g1qt,B. Banda,,,Orlando Pride,Away
2823520569,130,44,1,17,55,dtucewmt49th1p4selfutmnmc,0,43.6,32.1,2025-06-21T00:27:04.216Z,2025-06-21T01:04:31Z,"[{'id': 5776071915, 'qualifierId': 285}, {'id': 5776071971, 'qualifierId': 233, 'value': '111'}, {'id': 5776071913, 'qualifierId': 56, 'value': 'Back'}]",cieyupgmnxecb4emqljudrw89,A. Wright,,,Racing Louisville,Home
2823520785,122,61,1,17,56,966pdxhsoxaib9qt5083h8uus,1,62.4,62.1,2025-06-21T00:27:04.827Z,2025-06-21T00:28:05Z,"[{'id': 5776072989, 'qualifierId': 56, 'value': 'Center'}]",e2obgph6szyo04em3qr94g1qt,B. Banda,,,Orlando Pride,Away
2823522923,183,61,1,17,56,dtucewmt49th1p4selfutmnmc,1,34.3,25.1,2025-06-21T00:27:05.266Z,2025-06-21T00:37:31Z,"[{'id': 5776084773, 'qualifierId': 56, 'value': 'Back'}]",cieyupgmnxecb4emqljudrw89,A. Wright,,,Racing Louisville,Home
2823520591,112,3,1,17,58,966pdxhsoxaib9qt5083h8uus,1,68.8,61.0,2025-06-21T00:27:07.195Z,2025-06-21T01:04:26Z,"[{'id': 5776072021, 'qualifierId': 233, 'value': '131'}, {'id': 5776072019, 'qualifierId': 286}, {'id': 5776072017, 'qualifierId': 56, 'value': 'Center'}]",e2obgph6szyo04em3qr94g1qt,B. Banda,,,Orlando Pride,Away
2823520579,131,45,1,17,58,dtucewmt49th1p4selfutmnmc,0,31.2,39.0,2025-06-21T00:27:07.195Z,2025-06-21T01:04:27Z,"[{'id': 5776071963, 'qualifierId': 56, 'value': 'Back'}, {'id': 5776072035, 'qualifierId': 233, 'value': '112'}, {'id': 5776071965, 'qualifierId': 285}]",cieyupgmnxecb4emqljudrw89,A. Wright,,,Racing Louisville,Home
2823520593,113,61,1,18,0,966pdxhsoxaib9qt5083h8uus,0,71.5,51.3,2025-06-21T00:27:09.372Z,2025-06-21T00:27:09Z,"[{'id': 5776072025, 'qualifierId': 56, 'value': 'Center'}]",e2obgph6szyo04em3qr94g1qt,B. Banda,,,Orlando Pride,Away
2823520603,132,12,1,18,2,dtucewmt49th1p4selfutmnmc,1,9.0,29.1,2025-06-21T00:27:10.984Z,2025-06-21T00:27:20Z,"[{'id': 5776072093, 'qualifierId': 212, 'value': '3.8'}, {'id': 5776072091, 'qualifierId': 141, 'value': '24.4'}, {'id': 5776072087, 'qualifierId': 56, 'value': 'Back'}, {'id': 5776072089, 'qualifierId': 140, 'value': '11.0'}, {'id': 5776072095, 'qualifierId': 213, 'value': '5.29'}]",2mlyh9k0yhv8862rj6hu26j8p,E. Jean,,,Racing Louisville,Home
2823520607,114,61,1,18,4,966pdxhsoxaib9qt5083h8uus,1,84.2,60.6,2025-06-21T00:27:13.112Z,2025-06-21T01:07:32Z,"[{'id': 5776072105, 'qualifierId': 56, 'value': 'Center'}]",e2obgph6szyo04em3qr94g1qt,B. Banda,,,Orlando Pride,Away
2823520613,115,5,1,18,5,966pdxhsoxaib9qt5083h8uus,0,77.0,101.4,2025-06-21T00:27:13.805Z,2025-06-21T00:30:07Z,"[{'id': 5776072121, 'qualifierId': 347}, {'id': 5776072119, 'qualifierId': 56, 'value': 'Left'}, {'id': 5776072217, 'qualifierId': 233, 'value': '133'}]",e2obgph6szyo04em3qr94g1qt,B. Banda,,,Orlando Pride,Away
2823520605,133,5,1,18,5,dtucewmt49th1p4selfutmnmc,1,23.0,-1.4,2025-06-21T00:27:13.805Z,2025-06-21T00:30:06Z,"[{'id': 5776072213, 'qualifierId': 233, 'value': '115'}, {'id': 5776072097, 'qualifierId': 56, 'value': 'Back'}, {'id': 5776072099, 'qualifierId': 347}]",2mlyh9k0yhv8862rj6hu26j8p,E. Jean,,,Racing Louisville,Home
2823520645,134,1,1,18,15,dtucewmt49th1p4selfutmnmc,1,25.3,0.0,2025-06-21T00:27:23.864Z,2025-06-21T00:27:25Z,"[{'id': 5776072281, 'qualifierId': 141, 'value': '3.8'}, {'id': 5776072275, 'qualifierId': 107}, {'id': 5776072285, 'qualifierId': 213, 'value': '0.56'}, {'id': 5776072279, 'qualifierId': 140, 'value': '31.0'}, {'id': 5776072277, 'qualifierId': 56, 'value': 'Back'}, {'id': 5776072283, 'qualifierId': 212, 'value': '7.1'}]",7hrw0exutge376ai2uf6frw4q,L. Milliet,,,Racing Louisville,Home
2823520647,135,1,1,18,16,dtucewmt49th1p4selfutmnmc,1,30.7,3.8,2025-06-21T00:27:25.576Z,2025-06-21T00:31:20Z,"[{'id': 5776072291, 'qualifierId': 56, 'value': 'Back'}, {'id': 5776072295, 'qualifierId': 141, 'value': '13.3'}, {'id': 5776072293, 'qualifierId': 140, 'value': '30.3'}, {'id': 5776072297, 'qualifierId': 212, 'value': '6.5'}, {'id': 5776072299, 'qualifierId': 213, 'value': '1.64'}]",9e65qlc7dfjkajyhzhak8sc7p,J. Sonis,,,Racing Louisville,Home
2823520663,136,1,1,18,19,dtucewmt49th1p4selfutmnmc,0,30.6,13.3,2025-06-21T00:27:28.041Z,2025-06-21T00:27:28Z,"[{'id': 5776072363, 'qualifierId': 56, 'value': 'Back'}, {'id': 5776072369, 'qualifierId': 212, 'value': '23.8'}, {'id': 5776072367, 'qualifierId': 141, 'value': '47.9'}, {'id': 5776072371, 'qualifierId': 213, 'value': '1.43'}, {'id': 5776072361, 'qualifierId': 155}, {'id': 5776072365, 'qualifierId': 140, 'value': '33.7'}]",9tbrhbbmfxq8l363kybl4g7ah,Ary Borges,,,Racing Louisville,Home
2823520665,116,8,1,18,20,966pdxhsoxaib9qt5083h8uus,1,59.0,46.9,2025-06-21T00:27:29.516Z,2025-06-21T00:27:29Z,"[{'id': 5776072379, 'qualifierId': 56, 'value': 'Center'}]",eigt6t2rj0k98zt1isqrvtvqh,A. Watt,,,Orlando Pride,Away
2823520669,117,61,1,18,22,966pdxhsoxaib9qt5083h8uus,1,60.2,48.7,2025-06-21T00:27:31.211Z,2025-06-21T00:27:31Z,"[{'id': 5776072395, 'qualifierId': 56, 'value': 'Center'}]",23nuijdnnuiwzkd5cf7jbyajt,Angelina,,,Orlando Pride,Away
2823520675,118,49,1,18,23,966pdxhsoxaib9qt5083h8uus,1,60.2,48.7,2025-06-21T00:27:32.587Z,2025-06-21T00:27:32Z,[],eigt6t2rj0k98zt1isqrvtvqh,A. Watt,,,Orlando Pride,Away
2823520687,119,1,1,18,24,966pdxhsoxaib9qt5083h8uus,1,60.2,48.7,2025-06-21T00:27:33.068Z,2025-06-21T00:27:35Z,"[{'id': 5776072471, 'qualifierId': 141, 'value': '57.3'}, {'id': 5776072469, 'qualifierId': 140, 'value': '63.5'}, {'id': 5776072467, 'qualifierId': 56, 'value': 'Center'}, {'id': 5776072475, 'qualifierId': 213, 'value': '1.04'}, {'id': 5776072473, 'qualifierId': 212, 'value': '6.8'}]",eigt6t2rj0k98zt1isqrvtvqh,A. Watt,,,Orlando Pride,Away
2823520695,120,1,1,18,26,966pdxhsoxaib9qt5083h8uus,1,63.5,57.5,2025-06-21T00:27:35.147Z,2025-06-21T00:27:45Z,"[{'id': 5776072515, 'qualifierId': 141, 'value': '48.4'}, {'id': 5776072511, 'qualifierId': 56, 'value': 'Center'}, {'id': 5776072517, 'qualifierId': 212, 'value': '6.7'}, {'id': 5776072519, 'qualifierId': 213, 'value': '5.11'}, {'id': 5776072513, 'qualifierId': 140, 'value': '66.0'}]",68njvqucip0ehuz4eecppvq0a,S. Yates,,,Orlando Pride,Away
2823520693,137,83,1,18,28,dtucewmt49th1p4selfutmnmc,0,22.0,40.4,2025-06-21T00:27:36.824Z,2025-06-21T00:27:42Z,"[{'id': 5776072615, 'qualifierId': 399, 'value': 'c811si1xw5he6ih0o1mj94tsl'}]",cieyupgmnxecb4emqljudrw89,A. Wright,,,Racing Louisville,Home
2823520711,121,1,1,18,31,966pdxhsoxaib9qt5083h8uus,0,71.3,61.7,2025-06-21T00:27:40.668Z,2025-06-21T00:27:41Z,"[{'id': 5776072593, 'qualifierId': 141, 'value': '54.6'}, {'id': 5776072597, 'qualifierId': 213, 'value': '6.05'}, {'id': 5776072589, 'qualifierId': 56, 'value': 'Center'}, {'id': 5776072591, 'qualifierId': 140, 'value': '90.5'}, {'id': 5776072595, 'qualifierId': 212, 'value': '20.7'}]",c811si1xw5he6ih0o1mj94tsl,Marta,,,Orlando Pride,Away
2823520717,138,52,1,18,33,dtucewmt49th1p4selfutmnmc,1,3.7,34.4,2025-06-21T00:27:42.008Z,2025-06-21T00:27:42Z,[],24lhpn1z5ikitapll48t1z7kk,J. Bloomer,,,Racing Louisville,Home
2823520817,139,80,1,18,59,dtucewmt49th1p4selfutmnmc,0,13.2,47.6,2025-06-21T00:28:08.042Z,2025-06-21T00:28:08Z,[],24lhpn1z5ikitapll48t1z7kk,J. Bloomer,,,Racing Louisville,Home
2823520839,140,1,1,19,1,dtucewmt49th1p4selfutmnmc,0,16.9,51.5,2025-06-21T00:28:10.570Z,2025-06-21T00:28:14Z,"[{'id': 5776073267, 'qualifierId': 157}, {'id': 5776073271, 'qualifierId': 56, 'value': 'Center'}, {'id': 5776073275, 'qualifierId': 141, 'value': '58.2'}, {'id': 5776073281, 'qualifierId': 1}, {'id': 5776073273, 'qualifierId': 140, 'value': '68.7'}, {'id': 5776073279, 'qualifierId': 213, 'value': '0.08'}, {'id': 5776073269, 'qualifierId': 198}, {'id': 5776073277, 'qualifierId': 212, 'value': '54.6'}]",24lhpn1z5ikitapll48t1z7kk,J. Bloomer,,,Racing Louisville,Home
2823520847,123,1,1,19,6,966pdxhsoxaib9qt5083h8uus,1,29.5,37.3,2025-06-21T00:28:15.147Z,2025-06-21T00:28:16Z,"[{'id': 5776073313, 'qualifierId': 140, 'value': '34.7'}, {'id': 5776073317, 'qualifierId': 212, 'value': '6.1'}, {'id': 5776073319, 'qualifierId': 213, 'value': '0.45'}, {'id': 5776073311, 'qualifierId': 56, 'value': 'Back'}, {'id': 5776073315, 'qualifierId': 141, 'value': '41.2'}]",dy302yj9tjby62ur1u8ab8rxm,C. Dyke,,,Orlando Pride,Away
2823520849,124,61,1,19,7,966pdxhsoxaib9qt5083h8uus,0,34.7,41.2,2025-06-21T00:28:16.091Z,2025-06-21T00:28:16Z,"[{'id': 5776073323, 'qualifierId': 56, 'value': 'Back'}]",3cyj9a2fjtx4xd0bqdh6g3azu,H. McCutcheon,,,Orlando Pride,Away
2823520857,141,1,1,19,7,dtucewmt49th1p4selfutmnmc,0,62.4,55.8,2025-06-21T00:28:16.441Z,2025-06-21T00:28:17Z,"[{'id': 5776073363, 'qualifierId': 56, 'value': 'Center'}, {'id': 5776073371, 'qualifierId': 213, 'value': '5.77'}, {'id': 5776073369, 'qualifierId': 212, 'value': '7.0'}, {'id': 5776073367, 'qualifierId': 141, 'value': '50.7'}, {'id': 5776073365, 'qualifierId': 140, 'value': '68.2'}]",9tbrhbbmfxq8l363kybl4g7ah,Ary Borges,,,Racing Louisville,Home
2823520865,125,12,1,19,10,966pdxhsoxaib9qt5083h8uus,1,30.0,45.4,2025-06-21T00:28:19.019Z,2025-06-21T00:29:49Z,"[{'id': 5776073405, 'qualifierId': 140, 'value': '55.4'}, {'id': 5776073409, 'qualifierId': 212, 'value': '32.4'}, {'id': 5776073407, 'qualifierId': 141, 'value': '72.5'}, {'id': 5776073411, 'qualifierId': 213, 'value': '0.60'}, {'id': 5776073403, 'qualifierId': 56, 'value': 'Center'}]",9yvkpwm78jaqr321imfc3rrbo,E. Sams,,,Orlando Pride,Away
2823520875,142,1,1,19,11,dtucewmt49th1p4selfutmnmc,0,43.6,26.3,2025-06-21T00:28:20.473Z,2025-06-21T00:28:21Z,"[{'id': 5776073459, 'qualifierId': 141, 'value': '26.8'}, {'id': 5776073457, 'qualifierId': 140, 'value': '53.6'}, {'id': 5776073461, 'qualifierId': 212, 'value': '10.5'}, {'id': 5776073453, 'qualifierId': 3}, {'id': 5776073455, 'qualifierId': 56, 'value': 'Center'}, {'id': 5776073463, 'qualifierId': 213, 'value': '0.03'}]",7hrw0exutge376ai2uf6frw4q,L. Milliet,,,Racing Louisville,Home
2823520881,126,49,1,19,13,966pdxhsoxaib9qt5083h8uus,1,40.7,65.3,2025-06-21T00:28:22.699Z,2025-06-21T00:28:22Z,[],23nuijdnnuiwzkd5cf7jbyajt,Angelina,,,Orlando Pride,Away
2823520915,127,1,1,19,14,966pdxhsoxaib9qt5083h8uus,1,40.7,65.3,2025-06-21T00:28:23.131Z,2025-06-21T00:28:29Z,"[{'id': 5776073683, 'qualifierId': 141, 'value': '71.7'}, {'id': 5776073679, 'qualifierId': 56, 'value': 'Back'}, {'id': 5776073685, 'qualifierId': 212, 'value': '8.3'}, {'id': 5776073681, 'qualifierId': 140, 'value': '47.4'}, {'id': 5776073687, 'qualifierId': 213, 'value': '0.55'}]",23nuijdnnuiwzkd5cf7jbyajt,Angelina,,,Orlando Pride,Away
2823520909,143,83,1,19,19,dtucewmt49th1p4selfutmnmc,0,53.7,33.1,2025-06-21T00:28:27.946Z,2025-06-21T00:28:29Z,"[{'id': 5776073705, 'qualifierId': 399, 'value': 'c811si1xw5he6ih0o1mj94tsl'}]",7hrw0exutge376ai2uf6frw4q,L. Milliet,,,Racing Louisville,Home
2823520917,128,1,1,19,20,966pdxhsoxaib9qt5083h8uus,1,39.4,61.4,2025-06-21T00:28:29.372Z,2025-06-21T00:28:30Z,"[{'id': 5776073695, 'qualifierId': 141, 'value': '66.2'}, {'id': 5776073691, 'qualifierId': 56, 'value': 'Back'}, {'id': 5776073697, 'qualifierId': 212, 'value': '7.3'}, {'id': 5776073699, 'qualifierId': 213, 'value': '2.68'}, {'id': 5776073693, 'qualifierId': 140, 'value': '33.2'}]",c811si1xw5he6ih0o1mj94tsl,Marta,,,Orlando Pride,Away
2823520935,129,1,1,19,21,966pdxhsoxaib9qt5083h8uus,1,33.2,66.3,2025-06-21T00:28:30.460Z,2025-06-21T00:28:33Z,"[{'id': 5776073807, 'qualifierId': 56, 'value': 'Back'}, {'id': 5776073815, 'qualifierId': 213, 'value': '1.11'}, {'id': 5776073809, 'qualifierId': 140, 'value': '37.9'}, {'id': 5776073811, 'qualifierId': 141, 'value': '80.9'}, {'id': 5776073813, 'qualifierId': 212, 'value': '11.1'}]",1uf4321zvio3hrwfu4z4jxp7t,K. Nadaner,,,Orlando Pride,Away
2823520945,130,1,1,19,25,966pdxhsoxaib9qt5083h8uus,1,39.2,83.1,2025-06-21T00:28:33.787Z,2025-06-21T00:28:36Z,"[{'id': 5776073881, 'qualifierId': 140, 'value': '35.8'}, {'id': 5776073885, 'qualifierId': 212, 'value': '11.2'}, {'id': 5776073879, 'qualifierId': 56, 'value': 'Back'}, {'id': 5776073883, 'qualifierId': 141, 'value': '67.5'}, {'id': 5776073887, 'qualifierId': 213, 'value': '4.39'}]",dyfsbff9jueyw5jhjou424bo4,K. Abello,,,Orlando Pride,Away
2823520953,131,1,1,19,27,966pdxhsoxaib9qt5083h8uus,1,35.9,65.1,2025-06-21T00:28:36.587Z,2025-06-21T00:28:40Z,"[{'id': 5776073923, 'qualifierId': 213, 'value': '4.02'}, {'id': 5776073915, 'qualifierId': 56, 'value': 'Back'}, {'id': 5776073917, 'qualifierId': 140, 'value': '27.5'}, {'id': 5776073919, 'qualifierId': 141, 'value': '49.6'}, {'id': 5776073921, 'qualifierId': 212, 'value': '13.7'}]",23nuijdnnuiwzkd5cf7jbyajt,Angelina,,,Orlando Pride,Away
2823520969,132,1,1,19,31,966pdxhsoxaib9qt5083h8uus,1,27.2,48.2,2025-06-21T00:28:40.363Z,2025-06-21T00:28:44Z,"[{'id': 5776073993, 'qualifierId': 212, 'value': '8.9'}, {'id': 5776073991, 'qualifierId': 141, 'value': '60.9'}, {'id': 5776073987, 'qualifierId': 56, 'value': 'Back'}, {'id': 5776073989, 'qualifierId': 140, 'value': '29.4'}, {'id': 5776073995, 'qualifierId': 213, 'value': '1.31'}]",9yvkpwm78jaqr321imfc3rrbo,E. Sams,,,Orlando Pride,Away
2823520973,133,1,1,19,36,966pdxhsoxaib9qt5083h8uus,1,30.7,61.4,2025-06-21T00:28:44.939Z,2025-06-21T00:28:47Z,"[{'id': 5776074027, 'qualifierId': 213, 'value': '4.51'}, {'id': 5776074023, 'qualifierId': 141, 'value': '44.8'}, {'id': 5776074025, 'qualifierId': 212, 'value': '11.5'}, {'id': 5776074019, 'qualifierId': 56, 'value': 'Back'}, {'id': 5776074021, 'qualifierId': 140, 'value': '28.5'}]",1uf4321zvio3hrwfu4z4jxp7t,K. Nadaner,,,Orlando Pride,Away
2823520983,134,1,1,19,38,966pdxhsoxaib9qt5083h8uus,1,28.9,44.2,2025-06-21T00:28:47.563Z,2025-06-21T00:28:50Z,"[{'id': 5776074079, 'qualifierId': 141, 'value': '18.4'}, {'id': 5776074077, 'qualifierId': 140, 'value': '29.5'}, {'id': 5776074083, 'qualifierId': 213, 'value': '4.75'}, {'id': 5776074081, 'qualifierId': 212, 'value': '17.6'}, {'id': 5776074075, 'qualifierId': 56, 'value': 'Back'}]",9yvkpwm78jaqr321imfc3rrbo,E. Sams,,,Orlando Pride,Away
2823521005,135,1,1,19,42,966pdxhsoxaib9qt5083h8uus,0,29.5,18.4,2025-06-21T00:28:50.906Z,2025-06-21T00:28:55Z,"[{'id': 5776074165, 'qualifierId': 56, 'value': 'Right'}, {'id': 5776074173, 'qualifierId': 213, 'value': '6.28'}, {'id': 5776074163, 'qualifierId': 157}, {'id': 5776074175, 'qualifierId': 1}, {'id': 5776074171, 'qualifierId': 212, 'value': '54.0'}, {'id': 5776074169, 'qualifierId': 141, 'value': '18.2'}, {'id': 5776074167, 'qualifierId': 140, 'value': '80.9'}]",dy302yj9tjby62ur1u8ab8rxm,C. Dyke,,,Orlando Pride,Away
2823521013,144,12,1,19,47,dtucewmt49th1p4selfutmnmc,1,16.3,83.6,2025-06-21T00:28:55.915Z,2025-06-21T00:28:57Z,"[{'id': 5776074203, 'qualifierId': 213, 'value': '2.11'}, {'id': 5776074195, 'qualifierId': 56, 'value': 'Back'}, {'id': 5776074209, 'qualifierId': 167}, {'id': 5776074201, 'qualifierId': 212, 'value': '13.8'}, {'id': 5776074197, 'qualifierId': 140, 'value': '9.6'}, {'id': 5776074199, 'qualifierId': 141, 'value': '100.0'}]",cieyupgmnxecb4emqljudrw89,A. Wright,,,Racing Louisville,Home
2823521051,136,5,1,19,48,966pdxhsoxaib9qt5083h8uus,1,90.8,-0.7,2025-06-21T00:28:56.891Z,2025-06-21T00:30:00Z,"[{'id': 5776074443, 'qualifierId': 233, 'value': '145'}, {'id': 5776074441, 'qualifierId': 347}, {'id': 5776074439, 'qualifierId': 56, 'value': 'Right'}]",dy302yj9tjby62ur1u8ab8rxm,C. Dyke,,,Orlando Pride,Away
2823521015,145,5,1,19,48,dtucewmt49th1p4selfutmnmc,0,9.2,100.7,2025-06-21T00:28:56.891Z,2025-06-21T00:30:07Z,"[{'id': 5776074207, 'qualifierId': 347}, {'id': 5776074205, 'qualifierId': 56, 'value': 'Back'}, {'id': 5776074447, 'qualifierId': 233, 'value': '136'}]",cieyupgmnxecb4emqljudrw89,A. Wright,,,Racing Louisville,Home
2823521073,137,1,1,20,1,966pdxhsoxaib9qt5083h8uus,1,95.8,0.0,2025-06-21T00:29:10.731Z,2025-06-21T00:29:16Z,"[{'id': 5776074573, 'qualifierId': 212, 'value': '17.7'}, {'id': 5776074565, 'qualifierId': 107}, {'id': 5776074569, 'qualifierId': 140, 'value': '85.5'}, {'id': 5776074567, 'qualifierId': 56, 'value': 'Right'}, {'id': 5776074571, 'qualifierId': 141, 'value': '19.6'}, {'id': 5776074575, 'qualifierId': 213, 'value': '2.23'}]",dy302yj9tjby62ur1u8ab8rxm,C. Dyke,,,Orlando Pride,Away
2823521075,138,61,1,20,3,966pdxhsoxaib9qt5083h8uus,0,86.5,17.8,2025-06-21T00:29:12.396Z,2025-06-21T00:29:26Z,"[{'id': 5776074579, 'qualifierId': 56, 'value': 'Right'}]",68njvqucip0ehuz4eecppvq0a,S. Yates,,,Orlando Pride,Away
2823521079,139,61,1,20,5,966pdxhsoxaib9qt5083h8uus,1,86.6,17.8,2025-06-21T00:29:13.956Z,2025-06-21T00:30:11Z,"[{'id': 5776074593, 'qualifierId': 56, 'value': 'Right'}]",68njvqucip0ehuz4eecppvq0a,S. Yates,,,Orlando Pride,Away
2823521069,146,12,1,20,5,dtucewmt49th1p4selfutmnmc,1,14.2,84.4,2025-06-21T00:29:14.219Z,2025-06-21T00:29:26Z,"[{'id': 5776074555, 'qualifierId': 212, 'value': '2.3'}, {'id': 5776074551, 'qualifierId': 140, 'value': '14.0'}, {'id': 5776074557, 'qualifierId': 213, 'value': '1.66'}, {'id': 5776074553, 'qualifierId': 141, 'value': '87.7'}, {'id': 5776074549, 'qualifierId': 56, 'value': 'Back'}]",9tbrhbbmfxq8l363kybl4g7ah,Ary Borges,,,Racing Louisville,Home
2823521083,140,5,1,20,6,966pdxhsoxaib9qt5083h8uus,0,89.8,-0.9,2025-06-21T00:29:15.680Z,2025-06-21T00:30:07Z,"[{'id': 5776074665, 'qualifierId': 233, 'value': '147'}, {'id': 5776074609, 'qualifierId': 56, 'value': 'Right'}, {'id': 5776074611, 'qualifierId': 347}]",68njvqucip0ehuz4eecppvq0a,S. Yates,,,Orlando Pride,Away
2823521071,147,5,1,20,6,dtucewmt49th1p4selfutmnmc,1,10.2,100.9,2025-06-21T00:29:15.680Z,2025-06-21T00:30:07Z,"[{'id': 5776074661, 'qualifierId': 233, 'value': '140'}, {'id': 5776074561, 'qualifierId': 347}, {'id': 5776074559, 'qualifierId': 56, 'value': 'Back'}]",9tbrhbbmfxq8l363kybl4g7ah,Ary Borges,,,Racing Louisville,Home
2823521119,148,1,1,20,18,dtucewmt49th1p4selfutmnmc,1,6.2,100.0,2025-06-21T00:29:27.691Z,2025-06-21T00:29:29Z,"[{'id': 5776074823, 'qualifierId': 56, 'value': 'Back'}, {'id': 5776074829, 'qualifierId': 212, 'value': '9.1'}, {'id': 5776074827, 'qualifierId': 141, 'value': '94.5'}, {'id': 5776074821, 'qualifierId': 107}, {'id': 5776074825, 'qualifierId': 140, 'value': '13.8'}, {'id': 5776074831, 'qualifierId': 213, 'value': '5.78'}]",2x4vbu3htfozzwd8g7bdxeacp,C. Petersen,,,Racing Louisville,Home
2823521121,149,61,1,20,20,dtucewmt49th1p4selfutmnmc,0,13.8,94.5,2025-06-21T00:29:29.116Z,2025-06-21T00:29:29Z,"[{'id': 5776074835, 'qualifierId': 56, 'value': 'Back'}]",br17lkx91icsoqiibmufa23v8,E. Sears,,,Racing Louisville,Home
2823521133,141,4,1,20,23,966pdxhsoxaib9qt5083h8uus,1,82.7,12.3,2025-06-21T00:29:32.267Z,2025-06-21T00:29:37Z,"[{'id': 5776074973, 'qualifierId': 294}, {'id': 5776074977, 'qualifierId': 152}, {'id': 5776074979, 'qualifierId': 286}, {'id': 5776074971, 'qualifierId': 13}, {'id': 5776074985, 'qualifierId': 233, 'value': '150'}, {'id': 5776074975, 'qualifierId': 56, 'value': 'Right'}]",eigt6t2rj0k98zt1isqrvtvqh,A. Watt,,,Orlando Pride,Away
2823521127,150,4,1,20,23,dtucewmt49th1p4selfutmnmc,0,17.3,87.7,2025-06-21T00:29:32.268Z,2025-06-21T00:30:10Z,"[{'id': 5776074869, 'qualifierId': 56, 'value': 'Back'}, {'id': 5776075305, 'qualifierId': 294}, {'id': 5776074875, 'qualifierId': 285}, {'id': 5776074871, 'qualifierId': 152}, {'id': 5776074989, 'qualifierId': 233, 'value': '141'}, {'id': 5776074867, 'qualifierId': 13}]",br17lkx91icsoqiibmufa23v8,E. Sears,,,Racing Louisville,Home
2823529143,384,1,1,21,15,966pdxhsoxaib9qt5083h8uus,1,77.0,19.6,2025-06-21T00:30:23.736Z,2025-06-21T00:58:53Z,"[{'id': 5776119833, 'qualifierId': 141, 'value': '22.4'}, {'id': 5776119835, 'qualifierId': 212, 'value': '3.2'}, {'id': 5776119831, 'qualifierId': 140, 'value': '79.4'}, {'id': 5776119837, 'qualifierId': 213, 'value': '0.65'}, {'id': 5776119921, 'qualifierId': 152}, {'id': 5776119919, 'qualifierId': 5}, {'id': 5776119829, 'qualifierId': 56, 'value': 'Center'}]",c811si1xw5he6ih0o1mj94tsl,Marta,,,Orlando Pride,Away
2823521269,142,1,1,21,16,966pdxhsoxaib9qt5083h8uus,1,82.6,16.0,2025-06-21T00:30:25.723Z,2025-06-21T00:58:51Z,"[{'id': 5776075665, 'qualifierId': 140, 'value': '79.8'}, {'id': 5776075663, 'qualifierId': 56, 'value': 'Right'}, {'id': 5776075669, 'qualifierId': 212, 'value': '3.1'}, {'id': 5776075667, 'qualifierId': 141, 'value': '17.6'}, {'id': 5776075671, 'qualifierId': 213, 'value': '2.79'}]",23nuijdnnuiwzkd5cf7jbyajt,Angelina,,,Orlando Pride,Away
2823521279,143,1,1,21,18,966pdxhsoxaib9qt5083h8uus,0,79.1,16.7,2025-06-21T00:30:26.986Z,2025-06-21T00:30:27Z,"[{'id': 5776075713, 'qualifierId': 140, 'value': '87.4'}, {'id': 5776075719, 'qualifierId': 213, 'value': '1.10'}, {'id': 5776075711, 'qualifierId': 56, 'value': 'Center'}, {'id': 5776075715, 'qualifierId': 141, 'value': '42.1'}, {'id': 5776075707, 'qualifierId': 2}, {'id': 5776075717, 'qualifierId': 212, 'value': '19.3'}, {'id': 5776075709, 'qualifierId': 155}]",c811si1xw5he6ih0o1mj94tsl,Marta,,,Orlando Pride,Away
2823521315,152,61,1,21,18,dtucewmt49th1p4selfutmnmc,1,10.0,53.6,2025-06-21T00:30:27.533Z,2025-06-21T01:07:47Z,"[{'id': 5776075873, 'qualifierId': 56, 'value': 'Back'}]",2mlyh9k0yhv8862rj6hu26j8p,E. Jean,,,Racing Louisville,Home
2823521289,151,12,1,21,19,dtucewmt49th1p4selfutmnmc,1,17.9,51.9,2025-06-21T00:30:28.533Z,2025-06-21T01:07:49Z,"[{'id': 5776075763, 'qualifierId': 140, 'value': '20.4'}, {'id': 5776075769, 'qualifierId': 213, 'value': '5.89'}, {'id': 5776075761, 'qualifierId': 56, 'value': 'Back'}, {'id': 5776075825, 'qualifierId': 397}, {'id': 5776075765, 'qualifierId': 141, 'value': '50.3'}, {'id': 5776075827, 'qualifierId': 233, 'value': '144'}, {'id': 5776075767, 'qualifierId': 212, 'value': '2.8'}]",7hrw0exutge376ai2uf6frw4q,L. Milliet,,,Racing Louisville,Home
2823521297,144,74,1,21,19,966pdxhsoxaib9qt5083h8uus,1,83.5,40.4,2025-06-21T00:30:28.534Z,2025-06-21T01:10:39Z,"[{'id': 5776075785, 'qualifierId': 56, 'value': 'Center'}, {'id': 5776075823, 'qualifierId': 397}, {'id': 5776075859, 'qualifierId': 233, 'value': '151'}, {'id': 5776075787, 'qualifierId': 285}]",dyfsbff9jueyw5jhjou424bo4,K. Abello,,,Orlando Pride,Away
2823521325,145,1,1,21,19,966pdxhsoxaib9qt5083h8uus,0,82.5,57.2,2025-06-21T00:30:28.723Z,2025-06-21T01:00:15Z,"[{'id': 5776075927, 'qualifierId': 212, 'value': '16.2'}, {'id': 5776075925, 'qualifierId': 141, 'value': '54.2'}, {'id': 5776075919, 'qualifierId': 3}, {'id': 5776075921, 'qualifierId': 56, 'value': 'Center'}, {'id': 5776075929, 'qualifierId': 213, 'value': '6.16'}, {'id': 5776075923, 'qualifierId': 140, 'value': '97.8'}]",1uf4321zvio3hrwfu4z4jxp7t,K. Nadaner,,,Orlando Pride,Away
2823521317,153,52,1,21,23,dtucewmt49th1p4selfutmnmc,1,2.9,51.0,2025-06-21T00:30:32.590Z,2025-06-21T00:30:32Z,[],24lhpn1z5ikitapll48t1z7kk,J. Bloomer,,,Racing Louisville,Home
2823521349,154,1,1,21,28,dtucewmt49th1p4selfutmnmc,0,14.4,46.9,2025-06-21T00:30:36.926Z,2025-06-21T00:30:40Z,"[{'id': 5776076073, 'qualifierId': 212, 'value': '37.4'}, {'id': 5776076065, 'qualifierId': 199}, {'id': 5776076077, 'qualifierId': 1}, {'id': 5776076067, 'qualifierId': 56, 'value': 'Back'}, {'id': 5776076069, 'qualifierId': 140, 'value': '43.6'}, {'id': 5776076071, 'qualifierId': 141, 'value': '15.4'}, {'id': 5776076075, 'qualifierId': 213, 'value': '5.67'}]",24lhpn1z5ikitapll48t1z7kk,J. Bloomer,,,Racing Louisville,Home
2823521355,146,49,1,21,32,966pdxhsoxaib9qt5083h8uus,1,55.0,75.5,2025-06-21T00:30:41.514Z,2025-06-21T00:30:41Z,[],e2obgph6szyo04em3qr94g1qt,B. Banda,,,Orlando Pride,Away
2823521389,147,1,1,21,35,966pdxhsoxaib9qt5083h8uus,1,60.9,76.8,2025-06-21T00:30:43.786Z,2025-06-21T00:30:49Z,"[{'id': 5776076269, 'qualifierId': 56, 'value': 'Left'}, {'id': 5776076277, 'qualifierId': 213, 'value': '2.95'}, {'id': 5776076271, 'qualifierId': 140, 'value': '52.4'}, {'id': 5776076275, 'qualifierId': 212, 'value': '9.1'}, {'id': 5776076273, 'qualifierId': 141, 'value': '79.4'}]",e2obgph6szyo04em3qr94g1qt,B. Banda,,,Orlando Pride,Away
2823521401,148,1,1,21,43,966pdxhsoxaib9qt5083h8uus,1,42.1,73.1,2025-06-21T00:30:51.754Z,2025-06-21T01:00:35Z,"[{'id': 5776076361, 'qualifierId': 140, 'value': '39.6'}, {'id': 5776076359, 'qualifierId': 56, 'value': 'Back'}, {'id': 5776076365, 'qualifierId': 212, 'value': '3.5'}, {'id': 5776076363, 'qualifierId': 141, 'value': '69.6'}, {'id': 5776076367, 'qualifierId': 213, 'value': '3.88'}]",9yvkpwm78jaqr321imfc3rrbo,E. Sams,,,Orlando Pride,Away
2823521405,149,1,1,21,44,966pdxhsoxaib9qt5083h8uus,1,39.6,69.6,2025-06-21T00:30:53.274Z,2025-06-21T00:30:53Z,"[{'id': 5776076397, 'qualifierId': 212, 'value': '9.5'}, {'id': 5776076399, 'qualifierId': 213, 'value': '4.41'}, {'id': 5776076393, 'qualifierId': 140, 'value': '36.9'}, {'id': 5776076395, 'qualifierId': 141, 'value': '56.3'}, {'id': 5776076391, 'qualifierId': 56, 'value': 'Back'}]",dyfsbff9jueyw5jhjou424bo4,K. Abello,,,Orlando Pride,Away
2823521407,150,1,1,21,45,966pdxhsoxaib9qt5083h8uus,1,36.9,55.4,2025-06-21T00:30:53.882Z,2025-06-21T01:01:59Z,"[{'id': 5776076411, 'qualifierId': 56, 'value': 'Back'}, {'id': 5776076415, 'qualifierId': 141, 'value': '67.5'}, {'id': 5776076413, 'qualifierId': 140, 'value': '42.5'}, {'id': 5776076417, 'qualifierId': 212, 'value': '10.1'}, {'id': 5776076419, 'qualifierId': 213, 'value': '0.95'}]",1uf4321zvio3hrwfu4z4jxp7t,K. Nadaner,,,Orlando Pride,Away
2823521427,151,1,1,21,46,966pdxhsoxaib9qt5083h8uus,1,42.7,67.8,2025-06-21T00:30:55.579Z,2025-06-21T01:01:57Z,"[{'id': 5776076525, 'qualifierId': 212, 'value': '8.3'}, {'id': 5776076521, 'qualifierId': 140, 'value': '47.0'}, {'id': 5776076519, 'qualifierId': 56, 'value': 'Back'}, {'id': 5776076523, 'qualifierId': 141, 'value': '78.0'}, {'id': 5776076527, 'qualifierId': 213, 'value': '0.99'}]",9yvkpwm78jaqr321imfc3rrbo,E. Sams,,,Orlando Pride,Away
2823521451,152,1,1,21,48,966pdxhsoxaib9qt5083h8uus,1,47.0,78.0,2025-06-21T00:30:57.706Z,2025-06-21T00:31:03Z,"[{'id': 5776076675, 'qualifierId': 212, 'value': '22.1'}, {'id': 5776076671, 'qualifierId': 140, 'value': '67.8'}, {'id': 5776076673, 'qualifierId': 141, 'value': '83.3'}, {'id': 5776076669, 'qualifierId': 56, 'value': 'Left'}, {'id': 5776076677, 'qualifierId': 213, 'value': '0.16'}]",dyfsbff9jueyw5jhjou424bo4,K. Abello,,,Orlando Pride,Away
2823521461,153,1,1,21,55,966pdxhsoxaib9qt5083h8uus,1,67.7,58.5,2025-06-21T00:31:03.850Z,2025-06-21T00:31:05Z,"[{'id': 5776076723, 'qualifierId': 140, 'value': '64.4'}, {'id': 5776076727, 'qualifierId': 212, 'value': '6.7'}, {'id': 5776076729, 'qualifierId': 213, 'value': '4.17'}, {'id': 5776076721, 'qualifierId': 56, 'value': 'Center'}, {'id': 5776076725, 'qualifierId': 141, 'value': '50.0'}]",e2obgph6szyo04em3qr94g1qt,B. Banda,,,Orlando Pride,Away
2823521471,154,1,1,21,57,966pdxhsoxaib9qt5083h8uus,0,64.3,49.3,2025-06-21T00:31:05.770Z,2025-06-21T00:31:08Z,"[{'id': 5776076805, 'qualifierId': 213, 'value': '5.81'}, {'id': 5776076795, 'qualifierId': 155}, {'id': 5776076801, 'qualifierId': 141, 'value': '29.0'}, {'id': 5776076803, 'qualifierId': 212, 'value': '30.0'}, {'id': 5776076797, 'qualifierId': 56, 'value': 'Center'}, {'id': 5776076799, 'qualifierId': 140, 'value': '89.7'}]",23nuijdnnuiwzkd5cf7jbyajt,Angelina,,,Orlando Pride,Away
2823521479,155,12,1,22,0,dtucewmt49th1p4selfutmnmc,1,10.0,67.8,2025-06-21T00:31:08.783Z,2025-06-21T00:31:10Z,"[{'id': 5776076843, 'qualifierId': 15}, {'id': 5776076817, 'qualifierId': 140, 'value': '0.0'}, {'id': 5776076837, 'qualifierId': 167}, {'id': 5776076815, 'qualifierId': 56, 'value': 'Back'}, {'id': 5776076823, 'qualifierId': 213, 'value': '2.74'}, {'id': 5776076821, 'qualifierId': 212, 'value': '12.8'}, {'id': 5776076819, 'qualifierId': 141, 'value': '75.2'}]",2x4vbu3htfozzwd8g7bdxeacp,C. Petersen,,,Racing Louisville,Home
2823521477,155,6,1,22,0,966pdxhsoxaib9qt5083h8uus,1,96.8,26.4,2025-06-21T00:31:09.162Z,2025-06-21T00:39:49Z,"[{'id': 5776076839, 'qualifierId': 56, 'value': 'Center'}, {'id': 5776076841, 'qualifierId': 75}, {'id': 5776076861, 'qualifierId': 233, 'value': '156'}]",23nuijdnnuiwzkd5cf7jbyajt,Angelina,,,Orlando Pride,Away
2823521481,156,6,1,22,0,dtucewmt49th1p4selfutmnmc,0,3.2,73.6,2025-06-21T00:31:09.162Z,2025-06-21T00:39:50Z,"[{'id': 5776076865, 'qualifierId': 233, 'value': '155'}, {'id': 5776076859, 'qualifierId': 73}, {'id': 5776076857, 'qualifierId': 56, 'value': 'Back'}]",2x4vbu3htfozzwd8g7bdxeacp,C. Petersen,,,Racing Louisville,Home
2823521659,156,1,1,22,29,966pdxhsoxaib9qt5083h8uus,1,99.6,0.5,2025-06-21T00:31:38.683Z,2025-06-21T00:31:48Z,"[{'id': 5776077737, 'qualifierId': 140, 'value': '93.5'}, {'id': 5776077733, 'qualifierId': 6}, {'id': 5776077741, 'qualifierId': 212, 'value': '7.0'}, {'id': 5776077739, 'qualifierId': 141, 'value': '4.7'}, {'id': 5776077735, 'qualifierId': 56, 'value': 'Right'}, {'id': 5776077743, 'qualifierId': 213, 'value': '2.72'}]",c811si1xw5he6ih0o1mj94tsl,Marta,,,Orlando Pride,Away
2823521663,157,3,1,22,36,966pdxhsoxaib9qt5083h8uus,0,95.8,18.7,2025-06-21T00:31:45.471Z,2025-06-21T01:04:21Z,"[{'id': 5776077751, 'qualifierId': 56, 'value': 'Right'}, {'id': 5776077753, 'qualifierId': 286}, {'id': 5776077759, 'qualifierId': 233, 'value': '157'}]",68njvqucip0ehuz4eecppvq0a,S. Yates,,,Orlando Pride,Away
2823521657,157,7,1,22,36,dtucewmt49th1p4selfutmnmc,1,4.2,81.3,2025-06-21T00:31:45.472Z,2025-06-21T01:04:21Z,"[{'id': 5776077729, 'qualifierId': 56, 'value': 'Back'}, {'id': 5776077727, 'qualifierId': 167}, {'id': 5776077755, 'qualifierId': 233, 'value': '157'}, {'id': 5776077731, 'qualifierId': 285}]",7hrw0exutge376ai2uf6frw4q,L. Milliet,,,Racing Louisville,Home
2823521669,158,6,1,22,38,966pdxhsoxaib9qt5083h8uus,1,96.6,21.5,2025-06-21T00:31:46.784Z,2025-06-21T00:39:50Z,"[{'id': 5776077837, 'qualifierId': 233, 'value': '158'}, {'id': 5776077815, 'qualifierId': 56, 'value': 'Center'}, {'id': 5776077817, 'qualifierId': 75}]",68njvqucip0ehuz4eecppvq0a,S. Yates,,,Orlando Pride,Away
2823521661,158,6,1,22,38,dtucewmt49th1p4selfutmnmc,0,3.4,78.5,2025-06-21T00:31:46.784Z,2025-06-21T00:39:50Z,"[{'id': 5776077781, 'qualifierId': 56, 'value': 'Back'}, {'id': 5776077855, 'qualifierId': 233, 'value': '158'}, {'id': 5776077783, 'qualifierId': 73}]",7hrw0exutge376ai2uf6frw4q,L. Milliet,,,Racing Louisville,Home
2823521851,159,1,1,23,25,966pdxhsoxaib9qt5083h8uus,1,99.6,0.5,2025-06-21T00:32:34.315Z,2025-06-21T01:06:47Z,"[{'id': 5776078809, 'qualifierId': 141, 'value': '9.2'}, {'id': 5776078803, 'qualifierId': 6}, {'id': 5776078805, 'qualifierId': 56, 'value': 'Right'}, {'id': 5776078807, 'qualifierId': 140, 'value': '92.7'}, {'id': 5776078811, 'qualifierId': 212, 'value': '9.4'}, {'id': 5776078813, 'qualifierId': 213, 'value': '2.46'}]",c811si1xw5he6ih0o1mj94tsl,Marta,,,Orlando Pride,Away
2823521861,160,1,1,23,30,966pdxhsoxaib9qt5083h8uus,1,92.5,9.8,2025-06-21T00:32:39.419Z,2025-06-21T00:32:41Z,"[{'id': 5776078857, 'qualifierId': 140, 'value': '85.4'}, {'id': 5776078855, 'qualifierId': 56, 'value': 'Right'}, {'id': 5776078863, 'qualifierId': 213, 'value': '2.88'}, {'id': 5776078859, 'qualifierId': 141, 'value': '12.7'}, {'id': 5776078861, 'qualifierId': 212, 'value': '7.7'}]",68njvqucip0ehuz4eecppvq0a,S. Yates,,,Orlando Pride,Away
2823521893,161,50,1,23,37,966pdxhsoxaib9qt5083h8uus,1,85.4,15.4,2025-06-21T00:32:46.490Z,2025-06-21T01:04:22Z,"[{'id': 5776079019, 'qualifierId': 286}, {'id': 5776079017, 'qualifierId': 56, 'value': 'Right'}, {'id': 5776079039, 'qualifierId': 233, 'value': '159'}]",c811si1xw5he6ih0o1mj94tsl,Marta,,,Orlando Pride,Away
2823521897,159,7,1,23,37,dtucewmt49th1p4selfutmnmc,1,14.6,84.6,2025-06-21T00:32:46.491Z,2025-06-21T01:04:21Z,"[{'id': 5776079035, 'qualifierId': 233, 'value': '161'}, {'id': 5776079025, 'qualifierId': 167}, {'id': 5776079027, 'qualifierId': 56, 'value': 'Back'}, {'id': 5776079029, 'qualifierId': 285}]",asfd5wkedz1u29xt37r6or4rt,S. DeMelo,,,Racing Louisville,Home
2823521915,160,5,1,23,39,dtucewmt49th1p4selfutmnmc,0,11.4,100.2,2025-06-21T00:32:47.874Z,2025-06-21T01:04:07Z,"[{'id': 5776079413, 'qualifierId': 233, 'value': '162'}, {'id': 5776079127, 'qualifierId': 347}, {'id': 5776079125, 'qualifierId': 56, 'value': 'Back'}]",aoa88ulpguvr42b0a1jn8dfys,S. Weber,,,Racing Louisville,Home
2823521971,162,5,1,23,39,966pdxhsoxaib9qt5083h8uus,1,88.6,-0.2,2025-06-21T00:32:47.874Z,2025-06-21T01:04:07Z,"[{'id': 5776079401, 'qualifierId': 233, 'value': '160'}, {'id': 5776079399, 'qualifierId': 347}, {'id': 5776079397, 'qualifierId': 56, 'value': 'Right'}]",c811si1xw5he6ih0o1mj94tsl,Marta,,,Orlando Pride,Away
2823521975,163,1,1,23,56,966pdxhsoxaib9qt5083h8uus,1,88.6,0.0,2025-06-21T00:33:04.954Z,2025-06-21T00:33:06Z,"[{'id': 5776079453, 'qualifierId': 212, 'value': '7.5'}, {'id': 5776079447, 'qualifierId': 56, 'value': 'Right'}, {'id': 5776079449, 'qualifierId': 140, 'value': '87.1'}, {'id': 5776079451, 'qualifierId': 141, 'value': '10.4'}, {'id': 5776079445, 'qualifierId': 107}, {'id': 5776079455, 'qualifierId': 213, 'value': '1.78'}]",dy302yj9tjby62ur1u8ab8rxm,C. Dyke,,,Orlando Pride,Away
2823521981,164,1,1,23,57,966pdxhsoxaib9qt5083h8uus,1,87.1,10.4,2025-06-21T00:33:05.770Z,2025-06-21T00:33:07Z,"[{'id': 5776079485, 'qualifierId': 140, 'value': '85.8'}, {'id': 5776079499, 'qualifierId': 156}, {'id': 5776079487, 'qualifierId': 141, 'value': '5.6'}, {'id': 5776079489, 'qualifierId': 212, 'value': '3.5'}, {'id': 5776079491, 'qualifierId': 213, 'value': '4.32'}, {'id': 5776079483, 'qualifierId': 56, 'value': 'Right'}]",c811si1xw5he6ih0o1mj94tsl,Marta,,,Orlando Pride,Away
2823521995,165,1,1,23,59,966pdxhsoxaib9qt5083h8uus,1,84.8,5.2,2025-06-21T00:33:08.090Z,2025-06-21T00:33:12Z,"[{'id': 5776079543, 'qualifierId': 140, 'value': '61.7'}, {'id': 5776079549, 'qualifierId': 213, 'value': '2.96'}, {'id': 5776079541, 'qualifierId': 56, 'value': 'Right'}, {'id': 5776079545, 'qualifierId': 141, 'value': '11.6'}, {'id': 5776079547, 'qualifierId': 212, 'value': '24.6'}]",dy302yj9tjby62ur1u8ab8rxm,C. Dyke,,,Orlando Pride,Away
2823522005,166,1,1,24,3,966pdxhsoxaib9qt5083h8uus,1,58.3,14.6,2025-06-21T00:33:12.123Z,2025-06-21T00:33:13Z,"[{'id': 5776079601, 'qualifierId': 212, 'value': '17.1'}, {'id': 5776079599, 'qualifierId': 141, 'value': '34.3'}, {'id': 5776079597, 'qualifierId': 140, 'value': '48.2'}, {'id': 5776079595, 'qualifierId': 56, 'value': 'Back'}, {'id': 5776079603, 'qualifierId': 213, 'value': '2.24'}]",9yvkpwm78jaqr321imfc3rrbo,E. Sams,,,Orlando Pride,Away
2823522019,167,1,1,24,5,966pdxhsoxaib9qt5083h8uus,1,46.6,35.5,2025-06-21T00:33:13.786Z,2025-06-21T00:33:18Z,"[{'id': 5776079709, 'qualifierId': 213, 'value': '4.69'}, {'id': 5776079703, 'qualifierId': 140, 'value': '46.4'}, {'id': 5776079705, 'qualifierId': 141, 'value': '23.2'}, {'id': 5776079701, 'qualifierId': 56, 'value': 'Back'}, {'id': 5776079707, 'qualifierId': 212, 'value': '8.4'}]",1uf4321zvio3hrwfu4z4jxp7t,K. Nadaner,,,Orlando Pride,Away
2823522023,168,4,1,24,9,966pdxhsoxaib9qt5083h8uus,1,53.3,19.0,2025-06-21T00:33:18.698Z,2025-06-21T00:39:49Z,"[{'id': 5776079787, 'qualifierId': 286}, {'id': 5776079799, 'qualifierId': 233, 'value': '161'}, {'id': 5776079779, 'qualifierId': 13}, {'id': 5776079783, 'qualifierId': 56, 'value': 'Right'}, {'id': 5776079781, 'qualifierId': 295}, {'id': 5776079785, 'qualifierId': 152}]",9yvkpwm78jaqr321imfc3rrbo,E. Sams,,,Orlando Pride,Away
2823522035,161,4,1,24,9,dtucewmt49th1p4selfutmnmc,0,46.7,81.0,2025-06-21T00:33:18.699Z,2025-06-21T00:39:49Z,"[{'id': 5776079793, 'qualifierId': 56, 'value': 'Back'}, {'id': 5776079791, 'qualifierId': 295}, {'id': 5776079795, 'qualifierId': 152}, {'id': 5776079803, 'qualifierId': 233, 'value': '168'}, {'id': 5776079797, 'qualifierId': 285}, {'id': 5776079789, 'qualifierId': 13}]",aoa88ulpguvr42b0a1jn8dfys,S. Weber,,,Racing Louisville,Home
2823522051,169,1,1,24,21,966pdxhsoxaib9qt5083h8uus,1,50.7,21.5,2025-06-21T00:33:30.618Z,2025-06-21T00:33:32Z,"[{'id': 5776079907, 'qualifierId': 212, 'value': '6.3'}, {'id': 5776079897, 'qualifierId': 5}, {'id': 5776079909, 'qualifierId': 213, 'value': '0.93'}, {'id': 5776079903, 'qualifierId': 140, 'value': '54.3'}, {'id': 5776079905, 'qualifierId': 141, 'value': '28.9'}, {'id': 5776079899, 'qualifierId': 152}, {'id': 5776079901, 'qualifierId': 56, 'value': 'Center'}]",9yvkpwm78jaqr321imfc3rrbo,E. Sams,,,Orlando Pride,Away
2823522063,170,1,1,24,23,966pdxhsoxaib9qt5083h8uus,1,54.0,29.3,2025-06-21T00:33:32.202Z,2025-06-21T00:33:36Z,"[{'id': 5776079977, 'qualifierId': 213, 'value': '0.03'}, {'id': 5776079969, 'qualifierId': 56, 'value': 'Center'}, {'id': 5776079973, 'qualifierId': 141, 'value': '29.8'}, {'id': 5776079971, 'qualifierId': 140, 'value': '66.5'}, {'id': 5776079975, 'qualifierId': 212, 'value': '13.1'}]",23nuijdnnuiwzkd5cf7jbyajt,Angelina,,,Orlando Pride,Away
2823522093,171,1,1,24,28,966pdxhsoxaib9qt5083h8uus,1,65.8,40.1,2025-06-21T00:33:36.778Z,2025-06-21T00:33:41Z,"[{'id': 5776080097, 'qualifierId': 212, 'value': '29.3'}, {'id': 5776080095, 'qualifierId': 141, 'value': '83.0'}, {'id': 5776080091, 'qualifierId': 56, 'value': 'Left'}, {'id': 5776080099, 'qualifierId': 213, 'value': '1.48'}, {'id': 5776080093, 'qualifierId': 140, 'value': '68.4'}]",c811si1xw5he6ih0o1mj94tsl,Marta,,,Orlando Pride,Away
2823522115,172,1,1,24,33,966pdxhsoxaib9qt5083h8uus,1,70.0,84.9,2025-06-21T00:33:41.801Z,2025-06-21T00:33:46Z,"[{'id': 5776080189, 'qualifierId': 141, 'value': '77.3'}, {'id': 5776080187, 'qualifierId': 140, 'value': '67.2'}, {'id': 5776080191, 'qualifierId': 212, 'value': '5.9'}, {'id': 5776080193, 'qualifierId': 213, 'value': '4.20'}, {'id': 5776080185, 'qualifierId': 56, 'value': 'Center'}]",dyfsbff9jueyw5jhjou424bo4,K. Abello,,,Orlando Pride,Away
2823522117,173,50,1,24,37,966pdxhsoxaib9qt5083h8uus,1,71.4,83.8,2025-06-21T00:33:45.921Z,2025-06-21T01:04:22Z,"[{'id': 5776080201, 'qualifierId': 286}, {'id': 5776080199, 'qualifierId': 56, 'value': 'Left'}, {'id': 5776080227, 'qualifierId': 233, 'value': '162'}]",3cyj9a2fjtx4xd0bqdh6g3azu,H. McCutcheon,,,Orlando Pride,Away
2823522119,162,7,1,24,37,dtucewmt49th1p4selfutmnmc,0,28.6,16.2,2025-06-21T00:33:45.922Z,2025-06-21T01:04:22Z,"[{'id': 5776080205, 'qualifierId': 285}, {'id': 5776080203, 'qualifierId': 56, 'value': 'Back'}, {'id': 5776080207, 'qualifierId': 233, 'value': '173'}]",9tbrhbbmfxq8l363kybl4g7ah,Ary Borges,,,Racing Louisville,Home
2823522143,174,1,1,24,40,966pdxhsoxaib9qt5083h8uus,1,58.8,86.9,2025-06-21T00:33:49.578Z,2025-06-21T00:33:55Z,"[{'id': 5776080361, 'qualifierId': 141, 'value': '60.2'}, {'id': 5776080359, 'qualifierId': 140, 'value': '47.2'}, {'id': 5776080365, 'qualifierId': 213, 'value': '4.12'}, {'id': 5776080357, 'qualifierId': 56, 'value': 'Back'}, {'id': 5776080363, 'qualifierId': 212, 'value': '21.9'}]",1uf4321zvio3hrwfu4z4jxp7t,K. Nadaner,,,Orlando Pride,Away
2823522153,175,1,1,24,47,966pdxhsoxaib9qt5083h8uus,1,52.5,50.7,2025-06-21T00:33:55.882Z,2025-06-21T00:33:58Z,"[{'id': 5776080437, 'qualifierId': 140, 'value': '52.1'}, {'id': 5776080439, 'qualifierId': 141, 'value': '69.8'}, {'id': 5776080441, 'qualifierId': 212, 'value': '13.0'}, {'id': 5776080443, 'qualifierId': 213, 'value': '1.60'}, {'id': 5776080435, 'qualifierId': 56, 'value': 'Center'}]",9yvkpwm78jaqr321imfc3rrbo,E. Sams,,,Orlando Pride,Away
2823522167,176,1,1,24,49,966pdxhsoxaib9qt5083h8uus,1,52.1,69.8,2025-06-21T00:33:58.218Z,2025-06-21T00:34:04Z,"[{'id': 5776080507, 'qualifierId': 212, 'value': '16.8'}, {'id': 5776080501, 'qualifierId': 56, 'value': 'Left'}, {'id': 5776080505, 'qualifierId': 141, 'value': '87.2'}, {'id': 5776080503, 'qualifierId': 140, 'value': '63.4'}, {'id': 5776080509, 'qualifierId': 213, 'value': '0.78'}]",1uf4321zvio3hrwfu4z4jxp7t,K. Nadaner,,,Orlando Pride,Away
2823522165,163,45,1,24,55,dtucewmt49th1p4selfutmnmc,0,24.0,9.9,2025-06-21T00:34:04.084Z,2025-06-21T01:04:27Z,"[{'id': 5776080499, 'qualifierId': 285}, {'id': 5776080497, 'qualifierId': 56, 'value': 'Back'}, {'id': 5776080535, 'qualifierId': 233, 'value': '177'}]",9tbrhbbmfxq8l363kybl4g7ah,Ary Borges,,,Racing Louisville,Home
2823522171,177,3,1,24,55,966pdxhsoxaib9qt5083h8uus,1,76.0,90.1,2025-06-21T00:34:04.084Z,2025-06-21T01:04:27Z,"[{'id': 5776080527, 'qualifierId': 56, 'value': 'Left'}, {'id': 5776080529, 'qualifierId': 286}, {'id': 5776080531, 'qualifierId': 233, 'value': '163'}]",dyfsbff9jueyw5jhjou424bo4,K. Abello,,,Orlando Pride,Away
2823522199,178,1,1,24,58,966pdxhsoxaib9qt5083h8uus,0,81.0,87.5,2025-06-21T00:34:06.938Z,2025-06-21T00:34:14Z,"[{'id': 5776080647, 'qualifierId': 155}, {'id': 5776080657, 'qualifierId': 213, 'value': '5.01'}, {'id': 5776080651, 'qualifierId': 140, 'value': '96.1'}, {'id': 5776080645, 'qualifierId': 2}, {'id': 5776080655, 'qualifierId': 212, 'value': '54.4'}, {'id': 5776080649, 'qualifierId': 56, 'value': 'Right'}, {'id': 5776080653, 'qualifierId': 141, 'value': '11.0'}, {'id': 5776080659, 'qualifierId': 1}]",dyfsbff9jueyw5jhjou424bo4,K. Abello,,,Orlando Pride,Away
2823522195,164,3,1,25,4,dtucewmt49th1p4selfutmnmc,1,4.3,88.9,2025-06-21T00:34:13.029Z,2025-06-21T01:04:27Z,"[{'id': 5776080641, 'qualifierId': 56, 'value': 'Back'}, {'id': 5776080665, 'qualifierId': 233, 'value': '179'}, {'id': 5776080643, 'qualifierId': 285}]",br17lkx91icsoqiibmufa23v8,E. Sears,,,Racing Louisville,Home
2823522201,179,45,1,25,4,966pdxhsoxaib9qt5083h8uus,0,95.7,11.1,2025-06-21T00:34:13.029Z,2025-06-21T01:04:28Z,"[{'id': 5776080661, 'qualifierId': 56, 'value': 'Right'}, {'id': 5776080669, 'qualifierId': 233, 'value': '164'}, {'id': 5776080663, 'qualifierId': 286}]",eigt6t2rj0k98zt1isqrvtvqh,A. Watt,,,Orlando Pride,Away
2823522197,165,49,1,25,5,dtucewmt49th1p4selfutmnmc,1,7.2,85.1,2025-06-21T00:34:13.940Z,2025-06-21T00:34:14Z,[],br17lkx91icsoqiibmufa23v8,E. Sears,,,Racing Louisville,Home
2823522211,166,1,1,25,7,dtucewmt49th1p4selfutmnmc,0,9.5,86.1,2025-06-21T00:34:16.644Z,2025-06-21T00:34:17Z,"[{'id': 5776080709, 'qualifierId': 155}, {'id': 5776080717, 'qualifierId': 212, 'value': '42.7'}, {'id': 5776080715, 'qualifierId': 141, 'value': '57.8'}, {'id': 5776080711, 'qualifierId': 56, 'value': 'Back'}, {'id': 5776080721, 'qualifierId': 1}, {'id': 5776080719, 'qualifierId': 213, 'value': '5.82'}, {'id': 5776080713, 'qualifierId': 140, 'value': '45.8'}]",br17lkx91icsoqiibmufa23v8,E. Sears,,,Racing Louisville,Home
2823522217,180,49,1,25,11,966pdxhsoxaib9qt5083h8uus,1,53.8,50.1,2025-06-21T00:34:19.786Z,2025-06-21T00:34:19Z,[],1uf4321zvio3hrwfu4z4jxp7t,K. Nadaner,,,Orlando Pride,Away
2823522231,181,1,1,25,13,966pdxhsoxaib9qt5083h8uus,1,52.6,48.7,2025-06-21T00:34:22.650Z,2025-06-21T00:34:25Z,"[{'id': 5776080833, 'qualifierId': 213, 'value': '4.78'}, {'id': 5776080829, 'qualifierId': 141, 'value': '35.3'}, {'id': 5776080827, 'qualifierId': 140, 'value': '53.2'}, {'id': 5776080825, 'qualifierId': 56, 'value': 'Center'}, {'id': 5776080831, 'qualifierId': 212, 'value': '9.1'}]",1uf4321zvio3hrwfu4z4jxp7t,K. Nadaner,,,Orlando Pride,Away
2823522233,182,1,1,25,16,966pdxhsoxaib9qt5083h8uus,1,53.4,35.0,2025-06-21T00:34:25.529Z,2025-06-21T00:34:26Z,"[{'id': 5776080849, 'qualifierId': 212, 'value': '19.5'}, {'id': 5776080843, 'qualifierId': 56, 'value': 'Center'}, {'id': 5776080851, 'qualifierId': 213, 'value': '6.21'}, {'id': 5776080845, 'qualifierId': 140, 'value': '71.9'}, {'id': 5776080847, 'qualifierId': 141, 'value': '32.9'}]",9yvkpwm78jaqr321imfc3rrbo,E. Sams,,,Orlando Pride,Away
2823522235,183,1,1,25,17,966pdxhsoxaib9qt5083h8uus,1,71.9,32.9,2025-06-21T00:34:26.569Z,2025-06-21T00:34:27Z,"[{'id': 5776080863, 'qualifierId': 212, 'value': '6.1'}, {'id': 5776080861, 'qualifierId': 141, 'value': '41.2'}, {'id': 5776080857, 'qualifierId': 56, 'value': 'Center'}, {'id': 5776080865, 'qualifierId': 213, 'value': '1.98'}, {'id': 5776080859, 'qualifierId': 140, 'value': '69.6'}]",c811si1xw5he6ih0o1mj94tsl,Marta,,,Orlando Pride,Away
2823522253,184,1,1,25,19,966pdxhsoxaib9qt5083h8uus,1,69.6,41.2,2025-06-21T00:34:27.882Z,2025-06-21T00:34:40Z,"[{'id': 5776080985, 'qualifierId': 212, 'value': '7.7'}, {'id': 5776080981, 'qualifierId': 140, 'value': '72.9'}, {'id': 5776080979, 'qualifierId': 56, 'value': 'Center'}, {'id': 5776080983, 'qualifierId': 141, 'value': '51.3'}, {'id': 5776081061, 'qualifierId': 210, 'value': '15'}, {'id': 5776080987, 'qualifierId': 213, 'value': '1.10'}, {'id': 5776081063, 'qualifierId': 154}]",23nuijdnnuiwzkd5cf7jbyajt,Angelina,1.0,,Orlando Pride,Away
2823522255,185,15,1,25,24,966pdxhsoxaib9qt5083h8uus,1,75.6,58.1,2025-06-21T00:34:33.674Z,2025-06-21T00:34:41Z,"[{'id': 5776080995, 'qualifierId': 56, 'value': 'Center'}, {'id': 5776080991, 'qualifierId': 22}, {'id': 5776080993, 'qualifierId': 18}, {'id': 5776081081, 'qualifierId': 154}, {'id': 5776081097, 'qualifierId': 233, 'value': '167'}, {'id': 5776081023, 'qualifierId': 72}, {'id': 5776081083, 'qualifierId': 55, 'value': '184'}, {'id': 5776081093, 'qualifierId': 147, 'value': '50.7'}, {'id': 5776081077, 'qualifierId': 78}, {'id': 5776081087, 'qualifierId': 102, 'value': '50.6'}, {'id': 5776081091, 'qualifierId': 146, 'value': '98.9'}, {'id': 5776081079, 'qualifierId': 29}, {'id': 5776081089, 'qualifierId': 103, 'value': '7.6'}]",e2obgph6szyo04em3qr94g1qt,B. Banda,,,Orlando Pride,Away
2823522257,167,10,1,25,25,dtucewmt49th1p4selfutmnmc,1,1.6,50.3,2025-06-21T00:34:33.774Z,2025-06-21T00:34:41Z,"[{'id': 5776081009, 'qualifierId': 56, 'value': 'Back'}, {'id': 5776081007, 'qualifierId': 182}, {'id': 5776081055, 'qualifierId': 177}, {'id': 5776081101, 'qualifierId': 233, 'value': '185'}, {'id': 5776081057, 'qualifierId': 180}]",24lhpn1z5ikitapll48t1z7kk,J. Bloomer,,,Racing Louisville,Home
2823522265,168,52,1,25,26,dtucewmt49th1p4selfutmnmc,1,1.6,50.3,2025-06-21T00:34:35.054Z,2025-06-21T00:34:39Z,[],24lhpn1z5ikitapll48t1z7kk,J. Bloomer,,,Racing Louisville,Home
2823522307,169,80,1,25,45,dtucewmt49th1p4selfutmnmc,1,7.4,50.0,2025-06-21T00:34:53.749Z,2025-06-21T00:35:34Z,"[{'id': 5776081365, 'qualifierId': 189}]",24lhpn1z5ikitapll48t1z7kk,J. Bloomer,,,Racing Louisville,Home
2823522341,170,1,1,25,50,dtucewmt49th1p4selfutmnmc,1,12.5,37.2,2025-06-21T00:34:59.421Z,2025-06-21T00:35:47Z,"[{'id': 5776082335, 'qualifierId': 141, 'value': '72.8'}, {'id': 5776082337, 'qualifierId': 212, 'value': '24.8'}, {'id': 5776082339, 'qualifierId': 213, 'value': '1.34'}, {'id': 5776081515, 'qualifierId': 56, 'value': 'Back'}, {'id': 5776082333, 'qualifierId': 140, 'value': '17.8'}]",24lhpn1z5ikitapll48t1z7kk,J. Bloomer,,,Racing Louisville,Home
2823522361,171,1,1,25,57,dtucewmt49th1p4selfutmnmc,1,32.4,80.0,2025-06-21T00:35:06.646Z,2025-06-21T00:35:08Z,"[{'id': 5776081637, 'qualifierId': 157}, {'id': 5776081647, 'qualifierId': 213, 'value': '6.19'}, {'id': 5776081645, 'qualifierId': 212, 'value': '41.2'}, {'id': 5776081639, 'qualifierId': 56, 'value': 'Center'}, {'id': 5776081641, 'qualifierId': 140, 'value': '71.5'}, {'id': 5776081649, 'qualifierId': 1}, {'id': 5776081643, 'qualifierId': 141, 'value': '74.3'}]",cieyupgmnxecb4emqljudrw89,A. Wright,,,Racing Louisville,Home
2823522365,172,44,1,25,59,dtucewmt49th1p4selfutmnmc,1,69.8,75.2,2025-06-21T00:35:08.340Z,2025-06-21T00:35:11Z,"[{'id': 5776081667, 'qualifierId': 286}, {'id': 5776081669, 'qualifierId': 233, 'value': '186'}, {'id': 5776081665, 'qualifierId': 56, 'value': 'Center'}]",aoa88ulpguvr42b0a1jn8dfys,S. Weber,,,Racing Louisville,Home
2823522363,186,44,1,25,59,966pdxhsoxaib9qt5083h8uus,0,30.2,24.8,2025-06-21T00:35:08.341Z,2025-06-21T01:04:31Z,"[{'id': 5776081663, 'qualifierId': 285}, {'id': 5776081675, 'qualifierId': 233, 'value': '172'}, {'id': 5776081661, 'qualifierId': 56, 'value': 'Back'}]",9yvkpwm78jaqr321imfc3rrbo,E. Sams,,,Orlando Pride,Away
2823522379,173,1,1,26,0,dtucewmt49th1p4selfutmnmc,0,71.4,74.3,2025-06-21T00:35:08.822Z,2025-06-21T00:35:11Z,"[{'id': 5776081725, 'qualifierId': 213, 'value': '0.37'}, {'id': 5776081721, 'qualifierId': 141, 'value': '75.2'}, {'id': 5776081717, 'qualifierId': 56, 'value': 'Center'}, {'id': 5776081719, 'qualifierId': 140, 'value': '72.9'}, {'id': 5776081715, 'qualifierId': 3}, {'id': 5776081723, 'qualifierId': 212, 'value': '1.7'}]",aoa88ulpguvr42b0a1jn8dfys,S. Weber,,,Racing Louisville,Home
2823522369,187,61,1,26,0,966pdxhsoxaib9qt5083h8uus,1,31.3,24.2,2025-06-21T00:35:09.174Z,2025-06-21T00:35:09Z,"[{'id': 5776081673, 'qualifierId': 56, 'value': 'Back'}]",9yvkpwm78jaqr321imfc3rrbo,E. Sams,,,Orlando Pride,Away
2823522383,174,1,1,26,1,dtucewmt49th1p4selfutmnmc,1,68.6,83.6,2025-06-21T00:35:10.725Z,2025-06-21T00:35:12Z,"[{'id': 5776081735, 'qualifierId': 212, 'value': '8.0'}, {'id': 5776081731, 'qualifierId': 140, 'value': '62.4'}, {'id': 5776081733, 'qualifierId': 141, 'value': '90.5'}, {'id': 5776081737, 'qualifierId': 213, 'value': '2.52'}, {'id': 5776081729, 'qualifierId': 56, 'value': 'Left'}]",br17lkx91icsoqiibmufa23v8,E. Sears,,,Racing Louisville,Home
2823522397,175,1,1,26,3,dtucewmt49th1p4selfutmnmc,1,62.4,90.5,2025-06-21T00:35:12.549Z,2025-06-21T00:35:15Z,"[{'id': 5776081767, 'qualifierId': 213, 'value': '4.56'}, {'id': 5776081759, 'qualifierId': 56, 'value': 'Center'}, {'id': 5776081765, 'qualifierId': 212, 'value': '20.2'}, {'id': 5776081761, 'qualifierId': 140, 'value': '59.4'}, {'id': 5776081763, 'qualifierId': 141, 'value': '61.2'}]",9tbrhbbmfxq8l363kybl4g7ah,Ary Borges,,,Racing Louisville,Home
2823522415,176,1,1,26,6,dtucewmt49th1p4selfutmnmc,1,59.7,60.3,2025-06-21T00:35:15.461Z,2025-06-21T00:35:18Z,"[{'id': 5776081871, 'qualifierId': 141, 'value': '6.5'}, {'id': 5776081867, 'qualifierId': 56, 'value': 'Right'}, {'id': 5776081875, 'qualifierId': 213, 'value': '5.13'}, {'id': 5776081873, 'qualifierId': 212, 'value': '40.0'}, {'id': 5776081869, 'qualifierId': 140, 'value': '75.1'}, {'id': 5776081865, 'qualifierId': 155}, {'id': 5776081877, 'qualifierId': 1}]",8q0rkr3gz7hz1ssdx3fkro0a2,T. Flint,,,Racing Louisville,Home
2823522433,177,1,1,26,9,dtucewmt49th1p4selfutmnmc,0,78.3,7.7,2025-06-21T00:35:18.677Z,2025-06-21T00:35:22Z,"[{'id': 5776081961, 'qualifierId': 2}, {'id': 5776081965, 'qualifierId': 56, 'value': 'Center'}, {'id': 5776081973, 'qualifierId': 213, 'value': '1.05'}, {'id': 5776081963, 'qualifierId': 155}, {'id': 5776081975, 'qualifierId': 1}, {'id': 5776081971, 'qualifierId': 212, 'value': '48.6'}, {'id': 5776081967, 'qualifierId': 140, 'value': '100.0'}, {'id': 5776081969, 'qualifierId': 141, 'value': '69.8'}]",9e65qlc7dfjkajyhzhak8sc7p,J. Sonis,,,Racing Louisville,Home
2823522491,178,5,1,26,13,dtucewmt49th1p4selfutmnmc,0,101.2,67.1,2025-06-21T00:35:22.100Z,2025-06-21T01:04:08Z,"[{'id': 5776082227, 'qualifierId': 346}, {'id': 5776082387, 'qualifierId': 233, 'value': '188'}, {'id': 5776082225, 'qualifierId': 56, 'value': 'Center'}]",9e65qlc7dfjkajyhzhak8sc7p,J. Sonis,,,Racing Louisville,Home
2823522507,188,5,1,26,13,966pdxhsoxaib9qt5083h8uus,1,-1.2,32.9,2025-06-21T00:35:22.100Z,2025-06-21T01:04:08Z,"[{'id': 5776082365, 'qualifierId': 56, 'value': 'Back'}, {'id': 5776082369, 'qualifierId': 233, 'value': '178'}, {'id': 5776082367, 'qualifierId': 346}]",dyfsbff9jueyw5jhjou424bo4,K. Abello,,,Orlando Pride,Away
2823522521,189,1,1,26,33,966pdxhsoxaib9qt5083h8uus,1,5.3,58.8,2025-06-21T00:35:42.154Z,2025-06-21T00:35:47Z,"[{'id': 5776082457, 'qualifierId': 141, 'value': '50.0'}, {'id': 5776082451, 'qualifierId': 124}, {'id': 5776082455, 'qualifierId': 140, 'value': '3.0'}, {'id': 5776082461, 'qualifierId': 213, 'value': '4.33'}, {'id': 5776082453, 'qualifierId': 56, 'value': 'Back'}, {'id': 5776082459, 'qualifierId': 212, 'value': '6.5'}, {'id': 5776082465, 'qualifierId': 237}]",1uf4321zvio3hrwfu4z4jxp7t,K. Nadaner,,,Orlando Pride,Away
2823522533,190,1,1,26,38,966pdxhsoxaib9qt5083h8uus,1,7.5,49.1,2025-06-21T00:35:47.161Z,2025-06-21T00:35:52Z,"[{'id': 5776082547, 'qualifierId': 140, 'value': '29.6'}, {'id': 5776082553, 'qualifierId': 213, 'value': '6.09'}, {'id': 5776082549, 'qualifierId': 141, 'value': '42.5'}, {'id': 5776082551, 'qualifierId': 212, 'value': '23.6'}, {'id': 5776082545, 'qualifierId': 56, 'value': 'Back'}]",7e8f4kfwcucaj4239xz0rai1h,A. Moorhouse,,,Orlando Pride,Away
2823522553,191,1,1,26,43,966pdxhsoxaib9qt5083h8uus,1,29.4,51.3,2025-06-21T00:35:52.569Z,2025-06-21T00:35:56Z,"[{'id': 5776082661, 'qualifierId': 212, 'value': '22.9'}, {'id': 5776082659, 'qualifierId': 141, 'value': '83.6'}, {'id': 5776082663, 'qualifierId': 213, 'value': '1.29'}, {'id': 5776082655, 'qualifierId': 56, 'value': 'Back'}, {'id': 5776082657, 'qualifierId': 140, 'value': '35.5'}]",c811si1xw5he6ih0o1mj94tsl,Marta,,,Orlando Pride,Away
2823522579,192,1,1,26,48,966pdxhsoxaib9qt5083h8uus,1,34.3,78.3,2025-06-21T00:35:56.793Z,2025-06-21T00:36:02Z,"[{'id': 5776082831, 'qualifierId': 212, 'value': '10.5'}, {'id': 5776082825, 'qualifierId': 56, 'value': 'Back'}, {'id': 5776082827, 'qualifierId': 140, 'value': '25.5'}, {'id': 5776082829, 'qualifierId': 141, 'value': '71.0'}, {'id': 5776082833, 'qualifierId': 213, 'value': '3.63'}]",dyfsbff9jueyw5jhjou424bo4,K. Abello,,,Orlando Pride,Away
2823522589,193,1,1,26,53,966pdxhsoxaib9qt5083h8uus,1,25.2,70.8,2025-06-21T00:36:02.729Z,2025-06-21T00:36:05Z,"[{'id': 5776082903, 'qualifierId': 212, 'value': '13.7'}, {'id': 5776082905, 'qualifierId': 213, 'value': '0.22'}, {'id': 5776082899, 'qualifierId': 140, 'value': '37.9'}, {'id': 5776082897, 'qualifierId': 56, 'value': 'Back'}, {'id': 5776082901, 'qualifierId': 141, 'value': '75.2'}]",1uf4321zvio3hrwfu4z4jxp7t,K. Nadaner,,,Orlando Pride,Away
2823522619,194,1,1,26,56,966pdxhsoxaib9qt5083h8uus,1,39.2,75.3,2025-06-21T00:36:05.273Z,2025-06-21T00:36:10Z,"[{'id': 5776083097, 'qualifierId': 212, 'value': '14.7'}, {'id': 5776083093, 'qualifierId': 140, 'value': '52.8'}, {'id': 5776083099, 'qualifierId': 213, 'value': '0.25'}, {'id': 5776083091, 'qualifierId': 56, 'value': 'Left'}, {'id': 5776083095, 'qualifierId': 141, 'value': '80.7'}]",3cyj9a2fjtx4xd0bqdh6g3azu,H. McCutcheon,,,Orlando Pride,Away
2823522657,195,1,1,27,1,966pdxhsoxaib9qt5083h8uus,1,57.0,62.1,2025-06-21T00:36:10.281Z,2025-06-21T00:36:17Z,"[{'id': 5776083269, 'qualifierId': 155}, {'id': 5776083277, 'qualifierId': 212, 'value': '47.6'}, {'id': 5776083271, 'qualifierId': 56, 'value': 'Right'}, {'id': 5776083275, 'qualifierId': 141, 'value': '19.7'}, {'id': 5776083281, 'qualifierId': 1}, {'id': 5776083273, 'qualifierId': 140, 'value': '93.1'}, {'id': 5776083279, 'qualifierId': 213, 'value': '5.63'}]",68njvqucip0ehuz4eecppvq0a,S. Yates,,,Orlando Pride,Away
2823522687,196,1,1,27,9,966pdxhsoxaib9qt5083h8uus,1,96.3,20.0,2025-06-21T00:36:17.834Z,2025-06-21T00:36:30Z,"[{'id': 5776083433, 'qualifierId': 56, 'value': 'Center'}, {'id': 5776083439, 'qualifierId': 212, 'value': '22.9'}, {'id': 5776083441, 'qualifierId': 213, 'value': '1.75'}, {'id': 5776083431, 'qualifierId': 155}, {'id': 5776083435, 'qualifierId': 140, 'value': '92.5'}, {'id': 5776083429, 'qualifierId': 2}, {'id': 5776083673, 'qualifierId': 154}, {'id': 5776083437, 'qualifierId': 141, 'value': '53.1'}, {'id': 5776083671, 'qualifierId': 210, 'value': '13'}]",eigt6t2rj0k98zt1isqrvtvqh,A. Watt,1.0,,Orlando Pride,Away
2823522691,197,13,1,27,11,966pdxhsoxaib9qt5083h8uus,1,92.5,53.1,2025-06-21T00:36:20.042Z,2025-06-21T00:36:36Z,"[{'id': 5776083459, 'qualifierId': 17}, {'id': 5776083695, 'qualifierId': 102, 'value': '57.8'}, {'id': 5776083687, 'qualifierId': 29}, {'id': 5776083691, 'qualifierId': 55, 'value': '196'}, {'id': 5776083457, 'qualifierId': 22}, {'id': 5776083527, 'qualifierId': 328}, {'id': 5776083689, 'qualifierId': 154}, {'id': 5776083461, 'qualifierId': 56, 'value': 'Center'}, {'id': 5776083703, 'qualifierId': 231, 'value': '51.3'}, {'id': 5776083699, 'qualifierId': 214}, {'id': 5776083701, 'qualifierId': 230, 'value': '99.0'}, {'id': 5776083523, 'qualifierId': 15}, {'id': 5776083697, 'qualifierId': 103, 'value': '8.3'}, {'id': 5776083685, 'qualifierId': 83}]",68njvqucip0ehuz4eecppvq0a,S. Yates,,,Orlando Pride,Away
2823522819,179,5,1,27,12,dtucewmt49th1p4selfutmnmc,1,-0.6,43.0,2025-06-21T00:36:20.776Z,2025-06-21T01:04:08Z,"[{'id': 5776084237, 'qualifierId': 233, 'value': '198'}, {'id': 5776084215, 'qualifierId': 56, 'value': 'Back'}, {'id': 5776084217, 'qualifierId': 346}]",2x4vbu3htfozzwd8g7bdxeacp,C. Petersen,,,Racing Louisville,Home
2823522701,198,5,1,27,12,966pdxhsoxaib9qt5083h8uus,0,100.6,57.0,2025-06-21T00:36:20.776Z,2025-06-21T01:04:08Z,"[{'id': 5776084271, 'qualifierId': 233, 'value': '179'}, {'id': 5776083519, 'qualifierId': 56, 'value': 'Center'}, {'id': 5776083521, 'qualifierId': 346}]",68njvqucip0ehuz4eecppvq0a,S. Yates,,,Orlando Pride,Away
2823522829,180,1,1,27,47,dtucewmt49th1p4selfutmnmc,0,5.3,49.9,2025-06-21T00:36:55.960Z,2025-06-21T00:37:04Z,"[{'id': 5776084281, 'qualifierId': 56, 'value': 'Center'}, {'id': 5776084285, 'qualifierId': 141, 'value': '53.9'}, {'id': 5776084279, 'qualifierId': 124}, {'id': 5776084283, 'qualifierId': 140, 'value': '69.5'}, {'id': 5776084289, 'qualifierId': 213, 'value': '0.04'}, {'id': 5776084405, 'qualifierId': 189}, {'id': 5776084293, 'qualifierId': 74}, {'id': 5776084287, 'qualifierId': 212, 'value': '67.5'}, {'id': 5776084291, 'qualifierId': 1}]",24lhpn1z5ikitapll48t1z7kk,J. Bloomer,,,Racing Louisville,Home
2823522831,199,61,1,27,49,966pdxhsoxaib9qt5083h8uus,0,25.3,40.0,2025-06-21T00:36:57.977Z,2025-06-21T00:36:58Z,"[{'id': 5776084295, 'qualifierId': 56, 'value': 'Back'}]",9yvkpwm78jaqr321imfc3rrbo,E. Sams,,,Orlando Pride,Away
2823522847,181,1,1,27,49,dtucewmt49th1p4selfutmnmc,1,64.8,53.9,2025-06-21T00:36:58.503Z,2025-06-21T00:37:00Z,"[{'id': 5776084349, 'qualifierId': 141, 'value': '64.5'}, {'id': 5776084353, 'qualifierId': 213, 'value': '0.60'}, {'id': 5776084347, 'qualifierId': 140, 'value': '74.9'}, {'id': 5776084345, 'qualifierId': 56, 'value': 'Center'}, {'id': 5776084351, 'qualifierId': 212, 'value': '12.8'}]",aoa88ulpguvr42b0a1jn8dfys,S. Weber,,,Racing Louisville,Home
2823522853,182,1,1,27,51,dtucewmt49th1p4selfutmnmc,0,74.9,64.5,2025-06-21T00:37:00.665Z,2025-06-21T00:37:01Z,"[{'id': 5776084375, 'qualifierId': 155}, {'id': 5776084381, 'qualifierId': 141, 'value': '54.6'}, {'id': 5776084385, 'qualifierId': 213, 'value': '5.53'}, {'id': 5776084383, 'qualifierId': 212, 'value': '9.8'}, {'id': 5776084377, 'qualifierId': 56, 'value': 'Center'}, {'id': 5776084379, 'qualifierId': 140, 'value': '81.7'}]",br17lkx91icsoqiibmufa23v8,E. Sears,,,Racing Louisville,Home
2823522849,200,8,1,27,52,966pdxhsoxaib9qt5083h8uus,1,21.4,35.6,2025-06-21T00:37:01.336Z,2025-06-21T00:37:01Z,"[{'id': 5776084387, 'qualifierId': 15}, {'id': 5776084369, 'qualifierId': 56, 'value': 'Back'}]",1uf4321zvio3hrwfu4z4jxp7t,K. Nadaner,,,Orlando Pride,Away
2823522857,201,52,1,27,54,966pdxhsoxaib9qt5083h8uus,1,6.7,39.2,2025-06-21T00:37:03.577Z,2025-06-21T00:37:03Z,[],7e8f4kfwcucaj4239xz0rai1h,A. Moorhouse,,,Orlando Pride,Away
2823522875,202,80,1,28,1,966pdxhsoxaib9qt5083h8uus,0,8.6,45.7,2025-06-21T00:37:10.457Z,2025-06-21T00:37:10Z,[],7e8f4kfwcucaj4239xz0rai1h,A. Moorhouse,,,Orlando Pride,Away
2823522879,203,1,1,28,2,966pdxhsoxaib9qt5083h8uus,1,8.7,46.1,2025-06-21T00:37:11.129Z,2025-06-21T00:37:13Z,"[{'id': 5776084489, 'qualifierId': 141, 'value': '55.4'}, {'id': 5776084487, 'qualifierId': 140, 'value': '9.4'}, {'id': 5776084491, 'qualifierId': 212, 'value': '6.4'}, {'id': 5776084493, 'qualifierId': 213, 'value': '1.46'}, {'id': 5776084485, 'qualifierId': 56, 'value': 'Back'}]",7e8f4kfwcucaj4239xz0rai1h,A. Moorhouse,,,Orlando Pride,Away
2823522883,204,1,1,28,4,966pdxhsoxaib9qt5083h8uus,1,9.9,56.0,2025-06-21T00:37:12.953Z,2025-06-21T00:37:16Z,"[{'id': 5776084519, 'qualifierId': 141, 'value': '35.8'}, {'id': 5776084517, 'qualifierId': 140, 'value': '14.7'}, {'id': 5776084521, 'qualifierId': 212, 'value': '14.6'}, {'id': 5776084523, 'qualifierId': 213, 'value': '5.06'}, {'id': 5776084515, 'qualifierId': 56, 'value': 'Back'}]",1uf4321zvio3hrwfu4z4jxp7t,K. Nadaner,,,Orlando Pride,Away
2823522899,205,1,1,28,7,966pdxhsoxaib9qt5083h8uus,1,15.0,40.4,2025-06-21T00:37:16.089Z,2025-06-21T00:37:19Z,"[{'id': 5776084627, 'qualifierId': 213, 'value': '1.47'}, {'id': 5776084619, 'qualifierId': 56, 'value': 'Back'}, {'id': 5776084621, 'qualifierId': 140, 'value': '16.2'}, {'id': 5776084625, 'qualifierId': 212, 'value': '12.4'}, {'id': 5776084623, 'qualifierId': 141, 'value': '58.5'}]",9yvkpwm78jaqr321imfc3rrbo,E. Sams,,,Orlando Pride,Away
2823522911,206,1,1,28,10,966pdxhsoxaib9qt5083h8uus,1,15.9,62.9,2025-06-21T00:37:19.336Z,2025-06-21T00:37:24Z,"[{'id': 5776084697, 'qualifierId': 212, 'value': '16.8'}, {'id': 5776084699, 'qualifierId': 213, 'value': '4.88'}, {'id': 5776084693, 'qualifierId': 140, 'value': '18.6'}, {'id': 5776084695, 'qualifierId': 141, 'value': '38.5'}, {'id': 5776084691, 'qualifierId': 56, 'value': 'Back'}]",1uf4321zvio3hrwfu4z4jxp7t,K. Nadaner,,,Orlando Pride,Away
2823522929,207,1,1,28,15,966pdxhsoxaib9qt5083h8uus,1,21.3,38.9,2025-06-21T00:37:24.217Z,2025-06-21T00:37:26Z,"[{'id': 5776084787, 'qualifierId': 213, 'value': '1.60'}, {'id': 5776084783, 'qualifierId': 141, 'value': '58.8'}, {'id': 5776084779, 'qualifierId': 56, 'value': 'Back'}, {'id': 5776084785, 'qualifierId': 212, 'value': '13.5'}, {'id': 5776084781, 'qualifierId': 140, 'value': '20.9'}]",9yvkpwm78jaqr321imfc3rrbo,E. Sams,,,Orlando Pride,Away
2823522935,208,1,1,28,17,966pdxhsoxaib9qt5083h8uus,1,20.7,59.1,2025-06-21T00:37:26.553Z,2025-06-21T00:37:27Z,"[{'id': 5776084827, 'qualifierId': 140, 'value': '25.6'}, {'id': 5776084829, 'qualifierId': 141, 'value': '47.6'}, {'id': 5776084833, 'qualifierId': 213, 'value': '5.29'}, {'id': 5776084831, 'qualifierId': 212, 'value': '9.4'}, {'id': 5776084825, 'qualifierId': 56, 'value': 'Back'}]",1uf4321zvio3hrwfu4z4jxp7t,K. Nadaner,,,Orlando Pride,Away
2823522941,209,1,1,28,18,966pdxhsoxaib9qt5083h8uus,1,26.0,47.5,2025-06-21T00:37:27.641Z,2025-06-21T00:37:29Z,"[{'id': 5776084867, 'qualifierId': 212, 'value': '7.9'}, {'id': 5776084885, 'qualifierId': 156}, {'id': 5776084865, 'qualifierId': 141, 'value': '43.0'}, {'id': 5776084861, 'qualifierId': 56, 'value': 'Back'}, {'id': 5776084869, 'qualifierId': 213, 'value': '3.54'}, {'id': 5776084863, 'qualifierId': 140, 'value': '19.1'}]",3cyj9a2fjtx4xd0bqdh6g3azu,H. McCutcheon,,,Orlando Pride,Away
2823522957,210,1,1,28,20,966pdxhsoxaib9qt5083h8uus,1,19.1,43.0,2025-06-21T00:37:29.369Z,2025-06-21T00:37:31Z,"[{'id': 5776084949, 'qualifierId': 212, 'value': '7.3'}, {'id': 5776084943, 'qualifierId': 56, 'value': 'Back'}, {'id': 5776084951, 'qualifierId': 213, 'value': '0.50'}, {'id': 5776084945, 'qualifierId': 140, 'value': '25.2'}, {'id': 5776084947, 'qualifierId': 141, 'value': '48.2'}]",9yvkpwm78jaqr321imfc3rrbo,E. Sams,,,Orlando Pride,Away
2823522973,211,1,1,28,22,966pdxhsoxaib9qt5083h8uus,1,25.4,49.3,2025-06-21T00:37:31.657Z,2025-06-21T00:37:35Z,"[{'id': 5776085023, 'qualifierId': 212, 'value': '9.6'}, {'id': 5776085021, 'qualifierId': 141, 'value': '59.7'}, {'id': 5776085017, 'qualifierId': 56, 'value': 'Back'}, {'id': 5776085019, 'qualifierId': 140, 'value': '19.2'}, {'id': 5776085025, 'qualifierId': 213, 'value': '2.31'}]",3cyj9a2fjtx4xd0bqdh6g3azu,H. McCutcheon,,,Orlando Pride,Away
2823522967,184,83,1,28,23,dtucewmt49th1p4selfutmnmc,0,63.7,34.6,2025-06-21T00:37:32.489Z,2025-06-21T00:37:40Z,"[{'id': 5776085233, 'qualifierId': 399, 'value': '1uf4321zvio3hrwfu4z4jxp7t'}]",9tbrhbbmfxq8l363kybl4g7ah,Ary Borges,,,Racing Louisville,Home
2823522991,212,1,1,28,26,966pdxhsoxaib9qt5083h8uus,1,19.8,62.3,2025-06-21T00:37:35.385Z,2025-06-21T00:37:38Z,"[{'id': 5776085149, 'qualifierId': 56, 'value': 'Back'}, {'id': 5776085153, 'qualifierId': 141, 'value': '84.9'}, {'id': 5776085155, 'qualifierId': 212, 'value': '22.7'}, {'id': 5776085151, 'qualifierId': 140, 'value': '35.7'}, {'id': 5776085157, 'qualifierId': 213, 'value': '0.74'}]",1uf4321zvio3hrwfu4z4jxp7t,K. Nadaner,,,Orlando Pride,Away
2823522997,213,1,1,28,30,966pdxhsoxaib9qt5083h8uus,1,36.8,85.7,2025-06-21T00:37:38.921Z,2025-06-21T00:37:42Z,"[{'id': 5776085195, 'qualifierId': 56, 'value': 'Center'}, {'id': 5776085203, 'qualifierId': 213, 'value': '5.67'}, {'id': 5776085197, 'qualifierId': 140, 'value': '59.4'}, {'id': 5776085201, 'qualifierId': 212, 'value': '29.0'}, {'id': 5776085199, 'qualifierId': 141, 'value': '61.1'}]",dyfsbff9jueyw5jhjou424bo4,K. Abello,,,Orlando Pride,Away
2823523017,214,3,1,28,33,966pdxhsoxaib9qt5083h8uus,0,61.7,65.3,2025-06-21T00:37:42.011Z,2025-06-21T01:04:23Z,"[{'id': 5776085325, 'qualifierId': 286}, {'id': 5776085323, 'qualifierId': 56, 'value': 'Center'}, {'id': 5776085337, 'qualifierId': 233, 'value': '185'}]",e2obgph6szyo04em3qr94g1qt,B. Banda,,,Orlando Pride,Away
2823523019,185,7,1,28,33,dtucewmt49th1p4selfutmnmc,1,38.3,34.7,2025-06-21T00:37:42.012Z,2025-06-21T01:04:22Z,"[{'id': 5776085333, 'qualifierId': 233, 'value': '214'}, {'id': 5776085329, 'qualifierId': 285}, {'id': 5776085327, 'qualifierId': 56, 'value': 'Back'}]",8q0rkr3gz7hz1ssdx3fkro0a2,T. Flint,,,Racing Louisville,Home
2823523021,186,49,1,28,34,dtucewmt49th1p4selfutmnmc,1,34.8,27.8,2025-06-21T00:37:42.826Z,2025-06-21T00:37:43Z,[],8q0rkr3gz7hz1ssdx3fkro0a2,T. Flint,,,Racing Louisville,Home
2823523037,187,1,1,28,34,dtucewmt49th1p4selfutmnmc,1,34.8,27.8,2025-06-21T00:37:43.113Z,2025-06-21T00:37:47Z,"[{'id': 5776085423, 'qualifierId': 141, 'value': '45.8'}, {'id': 5776085425, 'qualifierId': 212, 'value': '18.5'}, {'id': 5776085419, 'qualifierId': 56, 'value': 'Back'}, {'id': 5776085421, 'qualifierId': 140, 'value': '48.0'}, {'id': 5776085427, 'qualifierId': 213, 'value': '0.72'}]",8q0rkr3gz7hz1ssdx3fkro0a2,T. Flint,,,Racing Louisville,Home
2823523063,188,1,1,28,39,dtucewmt49th1p4selfutmnmc,1,64.6,54.8,2025-06-21T00:37:47.817Z,2025-06-21T00:38:35Z,"[{'id': 5776085589, 'qualifierId': 140, 'value': '70.0'}, {'id': 5776085593, 'qualifierId': 212, 'value': '16.5'}, {'id': 5776086711, 'qualifierId': 210, 'value': '15'}, {'id': 5776085587, 'qualifierId': 56, 'value': 'Center'}, {'id': 5776085591, 'qualifierId': 141, 'value': '77.6'}, {'id': 5776085595, 'qualifierId': 213, 'value': '1.22'}]",asfd5wkedz1u29xt37r6or4rt,S. DeMelo,1.0,,Racing Louisville,Home
2823523065,189,15,1,28,45,dtucewmt49th1p4selfutmnmc,1,81.5,62.7,2025-06-21T00:37:54.602Z,2025-06-21T01:05:10Z,"[{'id': 5776086565, 'qualifierId': 82}, {'id': 5776086561, 'qualifierId': 20}, {'id': 5776086755, 'qualifierId': 147, 'value': '60.7'}, {'id': 5776086741, 'qualifierId': 29}, {'id': 5776085601, 'qualifierId': 18}, {'id': 5776086751, 'qualifierId': 215}, {'id': 5776086743, 'qualifierId': 55, 'value': '188'}, {'id': 5776086753, 'qualifierId': 146, 'value': '84.6'}, {'id': 5776086761, 'qualifierId': 233, 'value': '215'}, {'id': 5776085603, 'qualifierId': 56, 'value': 'Center'}, {'id': 5776128133, 'qualifierId': 23}, {'id': 5776086757, 'qualifierId': 230, 'value': '99.7'}, {'id': 5776086747, 'qualifierId': 102, 'value': '50.5'}, {'id': 5776086739, 'qualifierId': 78}, {'id': 5776086759, 'qualifierId': 231, 'value': '51.3'}, {'id': 5776086749, 'qualifierId': 103, 'value': '19'}]",br17lkx91icsoqiibmufa23v8,E. Sears,,,Racing Louisville,Home
2823523083,215,10,1,28,45,966pdxhsoxaib9qt5083h8uus,1,15.4,39.3,2025-06-21T00:37:54.702Z,2025-06-21T00:38:36Z,"[{'id': 5776085693, 'qualifierId': 94}, {'id': 5776085695, 'qualifierId': 56, 'value': 'Back'}, {'id': 5776086775, 'qualifierId': 233, 'value': '189'}]",dy302yj9tjby62ur1u8ab8rxm,C. Dyke,,,Orlando Pride,Away
2823523069,190,6,1,28,47,dtucewmt49th1p4selfutmnmc,1,88.2,60.9,2025-06-21T00:37:55.770Z,2025-06-21T00:39:50Z,"[{'id': 5776088219, 'qualifierId': 233, 'value': '217'}, {'id': 5776085679, 'qualifierId': 75}, {'id': 5776085677, 'qualifierId': 56, 'value': 'Center'}]",br17lkx91icsoqiibmufa23v8,E. Sears,,,Racing Louisville,Home
2823523187,217,6,1,28,47,966pdxhsoxaib9qt5083h8uus,0,11.8,39.1,2025-06-21T00:37:55.770Z,2025-06-21T00:39:51Z,"[{'id': 5776086237, 'qualifierId': 56, 'value': 'Back'}, {'id': 5776086239, 'qualifierId': 73}, {'id': 5776088235, 'qualifierId': 233, 'value': '190'}]",dy302yj9tjby62ur1u8ab8rxm,C. Dyke,,,Orlando Pride,Away
2823523185,216,43,1,28,50,966pdxhsoxaib9qt5083h8uus,1,0.0,0.0,2025-06-21T00:37:59.560Z,2025-06-21T00:38:22Z,"[{'id': 5776086381, 'qualifierId': 144, 'value': '5'}, {'id': 5776086235, 'qualifierId': 346, 'value': '0'}, {'id': 5776086233, 'qualifierId': 56, 'value': 'Back'}]",dy302yj9tjby62ur1u8ab8rxm,C. Dyke,,,Orlando Pride,Away
2823523347,191,1,1,29,38,dtucewmt49th1p4selfutmnmc,1,99.5,0.5,2025-06-21T00:38:46.763Z,2025-06-21T00:40:09Z,"[{'id': 5776088607, 'qualifierId': 154}, {'id': 5776087219, 'qualifierId': 140, 'value': '98.8'}, {'id': 5776088609, 'qualifierId': 25}, {'id': 5776087209, 'qualifierId': 2}, {'id': 5776087227, 'qualifierId': 1}, {'id': 5776087217, 'qualifierId': 56, 'value': 'Center'}, {'id': 5776087223, 'qualifierId': 212, 'value': '37.0'}, {'id': 5776087215, 'qualifierId': 223}, {'id': 5776087211, 'qualifierId': 6}, {'id': 5776087221, 'qualifierId': 141, 'value': '54.9'}, {'id': 5776087225, 'qualifierId': 213, 'value': '1.59'}, {'id': 5776087213, 'qualifierId': 155}, {'id': 5776088605, 'qualifierId': 210, 'value': '16'}]",2x4vbu3htfozzwd8g7bdxeacp,C. Petersen,,1.0,Racing Louisville,Home
2823523349,192,16,1,29,42,dtucewmt49th1p4selfutmnmc,1,99.2,54.0,2025-06-21T00:38:50.939Z,2025-06-21T00:40:09Z,"[{'id': 5776088625, 'qualifierId': 214}, {'id': 5776088611, 'qualifierId': 76}, {'id': 5776088623, 'qualifierId': 103, 'value': '17.7'}, {'id': 5776087945, 'qualifierId': 25}, {'id': 5776087951, 'qualifierId': 328}, {'id': 5776087957, 'qualifierId': 375, 'value': '29:42.032'}, {'id': 5776088629, 'qualifierId': 231, 'value': '51.1'}, {'id': 5776088617, 'qualifierId': 55, 'value': '191'}, {'id': 5776087239, 'qualifierId': 56, 'value': 'Center'}, {'id': 5776088613, 'qualifierId': 29}, {'id': 5776088621, 'qualifierId': 102, 'value': '52.9'}, {'id': 5776088615, 'qualifierId': 154}, {'id': 5776087953, 'qualifierId': 374, 'value': '2025-06-21 01:38:50.768'}, {'id': 5776087947, 'qualifierId': 15}, {'id': 5776087237, 'qualifierId': 16}, {'id': 5776088627, 'qualifierId': 230, 'value': '99.8'}]",cieyupgmnxecb4emqljudrw89,A. Wright,,,Racing Louisville,Home
2823523583,218,1,1,30,59,966pdxhsoxaib9qt5083h8uus,1,49.5,50.7,2025-06-21T00:40:08.233Z,2025-06-21T00:42:45Z,"[{'id': 5776092683, 'qualifierId': 189}, {'id': 5776088637, 'qualifierId': 141, 'value': '44.0'}, {'id': 5776088643, 'qualifierId': 279, 'value': 'G'}, {'id': 5776088635, 'qualifierId': 140, 'value': '35.1'}, {'id': 5776088633, 'qualifierId': 56, 'value': 'Back'}, {'id': 5776088639, 'qualifierId': 212, 'value': '15.8'}, {'id': 5776088641, 'qualifierId': 213, 'value': '3.43'}]",e2obgph6szyo04em3qr94g1qt,B. Banda,,,Orlando Pride,Away
2823523591,219,1,1,31,1,966pdxhsoxaib9qt5083h8uus,1,34.1,43.6,2025-06-21T00:40:09.864Z,2025-06-21T00:40:11Z,"[{'id': 5776088715, 'qualifierId': 140, 'value': '30.2'}, {'id': 5776088713, 'qualifierId': 56, 'value': 'Back'}, {'id': 5776088719, 'qualifierId': 212, 'value': '16.2'}, {'id': 5776088717, 'qualifierId': 141, 'value': '20.5'}, {'id': 5776088721, 'qualifierId': 213, 'value': '4.46'}]",23nuijdnnuiwzkd5cf7jbyajt,Angelina,,,Orlando Pride,Away
2823523597,220,1,1,31,3,966pdxhsoxaib9qt5083h8uus,1,30.1,19.9,2025-06-21T00:40:11.912Z,2025-06-21T00:40:14Z,"[{'id': 5776088761, 'qualifierId': 56, 'value': 'Back'}, {'id': 5776088765, 'qualifierId': 141, 'value': '37.6'}, {'id': 5776088763, 'qualifierId': 140, 'value': '26.6'}, {'id': 5776088769, 'qualifierId': 213, 'value': '1.87'}, {'id': 5776088767, 'qualifierId': 212, 'value': '12.6'}]",dy302yj9tjby62ur1u8ab8rxm,C. Dyke,,,Orlando Pride,Away
2823523623,221,1,1,31,5,966pdxhsoxaib9qt5083h8uus,1,26.8,40.3,2025-06-21T00:40:14.552Z,2025-06-21T00:40:21Z,"[{'id': 5776088951, 'qualifierId': 141, 'value': '61.2'}, {'id': 5776088955, 'qualifierId': 213, 'value': '1.44'}, {'id': 5776088953, 'qualifierId': 212, 'value': '14.3'}, {'id': 5776088947, 'qualifierId': 56, 'value': 'Back'}, {'id': 5776088949, 'qualifierId': 140, 'value': '28.6'}]",9yvkpwm78jaqr321imfc3rrbo,E. Sams,,,Orlando Pride,Away
2823523635,222,1,1,31,12,966pdxhsoxaib9qt5083h8uus,1,32.6,59.1,2025-06-21T00:40:21.688Z,2025-06-21T00:40:23Z,"[{'id': 5776089019, 'qualifierId': 141, 'value': '44.8'}, {'id': 5776089017, 'qualifierId': 140, 'value': '31.4'}, {'id': 5776089021, 'qualifierId': 212, 'value': '9.8'}, {'id': 5776089023, 'qualifierId': 213, 'value': '4.58'}, {'id': 5776089015, 'qualifierId': 56, 'value': 'Back'}]",1uf4321zvio3hrwfu4z4jxp7t,K. Nadaner,,,Orlando Pride,Away
2823523655,223,1,1,31,14,966pdxhsoxaib9qt5083h8uus,0,30.7,44.6,2025-06-21T00:40:23.688Z,2025-06-21T00:40:27Z,"[{'id': 5776089123, 'qualifierId': 213, 'value': '5.83'}, {'id': 5776089115, 'qualifierId': 56, 'value': 'Right'}, {'id': 5776089117, 'qualifierId': 140, 'value': '71.2'}, {'id': 5776089119, 'qualifierId': 141, 'value': '14.2'}, {'id': 5776089121, 'qualifierId': 212, 'value': '47.3'}, {'id': 5776089125, 'qualifierId': 1}, {'id': 5776089113, 'qualifierId': 155}]",9yvkpwm78jaqr321imfc3rrbo,E. Sams,,,Orlando Pride,Away
2823523657,193,12,1,31,18,dtucewmt49th1p4selfutmnmc,1,19.7,84.5,2025-06-21T00:40:26.957Z,2025-06-21T00:40:28Z,"[{'id': 5776089135, 'qualifierId': 213, 'value': '1.71'}, {'id': 5776089131, 'qualifierId': 141, 'value': '100.0'}, {'id': 5776089205, 'qualifierId': 15}, {'id': 5776089127, 'qualifierId': 56, 'value': 'Back'}, {'id': 5776089133, 'qualifierId': 212, 'value': '10.9'}, {'id': 5776089173, 'qualifierId': 167}, {'id': 5776089129, 'qualifierId': 140, 'value': '18.3'}]",2x4vbu3htfozzwd8g7bdxeacp,C. Petersen,,,Racing Louisville,Home
2823523663,194,5,1,31,18,dtucewmt49th1p4selfutmnmc,0,20.2,100.6,2025-06-21T00:40:27.602Z,2025-06-21T01:04:09Z,"[{'id': 5776089155, 'qualifierId': 347}, {'id': 5776089325, 'qualifierId': 233, 'value': '224'}, {'id': 5776089153, 'qualifierId': 56, 'value': 'Back'}]",2x4vbu3htfozzwd8g7bdxeacp,C. Petersen,,,Racing Louisville,Home
2823523695,224,5,1,31,18,966pdxhsoxaib9qt5083h8uus,1,79.8,-0.6,2025-06-21T00:40:27.602Z,2025-06-21T01:04:09Z,"[{'id': 5776089315, 'qualifierId': 56, 'value': 'Right'}, {'id': 5776089321, 'qualifierId': 233, 'value': '194'}, {'id': 5776089317, 'qualifierId': 347}]",9yvkpwm78jaqr321imfc3rrbo,E. Sams,,,Orlando Pride,Away
2823523707,225,1,1,31,24,966pdxhsoxaib9qt5083h8uus,0,77.5,0.0,2025-06-21T00:40:32.792Z,2025-06-21T00:40:39Z,"[{'id': 5776089365, 'qualifierId': 140, 'value': '76.6'}, {'id': 5776089361, 'qualifierId': 107}, {'id': 5776089371, 'qualifierId': 213, 'value': '1.67'}, {'id': 5776089367, 'qualifierId': 141, 'value': '13.4'}, {'id': 5776089369, 'qualifierId': 212, 'value': '9.7'}, {'id': 5776089363, 'qualifierId': 56, 'value': 'Right'}]",eigt6t2rj0k98zt1isqrvtvqh,A. Watt,,,Orlando Pride,Away
2823523711,226,43,1,31,26,966pdxhsoxaib9qt5083h8uus,1,0.0,0.0,2025-06-21T00:40:35.688Z,2025-06-21T00:40:37Z,"[{'id': 5776089377, 'qualifierId': 56, 'value': 'Right'}, {'id': 5776089421, 'qualifierId': 144, 'value': '61'}]",c811si1xw5he6ih0o1mj94tsl,Marta,,,Orlando Pride,Away
2823523709,195,61,1,31,26,dtucewmt49th1p4selfutmnmc,1,16.3,87.9,2025-06-21T00:40:35.727Z,2025-06-21T00:40:35Z,"[{'id': 5776089375, 'qualifierId': 56, 'value': 'Back'}]",8q0rkr3gz7hz1ssdx3fkro0a2,T. Flint,,,Racing Louisville,Home
2823523723,196,49,1,31,28,dtucewmt49th1p4selfutmnmc,1,21.8,83.7,2025-06-21T00:40:37.071Z,2025-06-21T00:40:37Z,[],9tbrhbbmfxq8l363kybl4g7ah,Ary Borges,,,Racing Louisville,Home
2823523727,197,1,1,31,28,dtucewmt49th1p4selfutmnmc,1,21.8,83.7,2025-06-21T00:40:37.326Z,2025-06-21T00:40:38Z,"[{'id': 5776089431, 'qualifierId': 56, 'value': 'Back'}, {'id': 5776089435, 'qualifierId': 141, 'value': '89.0'}, {'id': 5776089433, 'qualifierId': 140, 'value': '14.0'}, {'id': 5776089439, 'qualifierId': 213, 'value': '2.73'}, {'id': 5776089437, 'qualifierId': 212, 'value': '8.9'}]",9tbrhbbmfxq8l363kybl4g7ah,Ary Borges,,,Racing Louisville,Home
2823523739,198,1,1,31,30,dtucewmt49th1p4selfutmnmc,1,13.8,89.7,2025-06-21T00:40:38.878Z,2025-06-21T01:03:48Z,"[{'id': 5776089503, 'qualifierId': 141, 'value': '92.6'}, {'id': 5776089497, 'qualifierId': 155}, {'id': 5776089505, 'qualifierId': 212, 'value': '27.9'}, {'id': 5776089501, 'qualifierId': 140, 'value': '40.3'}, {'id': 5776089507, 'qualifierId': 213, 'value': '0.07'}, {'id': 5776089499, 'qualifierId': 56, 'value': 'Back'}]",2x4vbu3htfozzwd8g7bdxeacp,C. Petersen,,,Racing Louisville,Home
2823523741,199,61,1,31,31,dtucewmt49th1p4selfutmnmc,0,40.3,92.6,2025-06-21T00:40:40.718Z,2025-06-21T01:03:53Z,"[{'id': 5776089511, 'qualifierId': 56, 'value': 'Back'}]",aoa88ulpguvr42b0a1jn8dfys,S. Weber,,,Racing Louisville,Home
2823523745,200,5,1,31,32,dtucewmt49th1p4selfutmnmc,0,38.3,101.4,2025-06-21T00:40:41.279Z,2025-06-21T01:04:09Z,"[{'id': 5776089695, 'qualifierId': 233, 'value': '227'}, {'id': 5776089527, 'qualifierId': 347}, {'id': 5776089525, 'qualifierId': 56, 'value': 'Back'}]",aoa88ulpguvr42b0a1jn8dfys,S. Weber,,,Racing Louisville,Home
2823523771,227,5,1,31,32,966pdxhsoxaib9qt5083h8uus,1,61.7,-1.4,2025-06-21T00:40:41.279Z,2025-06-21T01:04:09Z,"[{'id': 5776089681, 'qualifierId': 56, 'value': 'Right'}, {'id': 5776089683, 'qualifierId': 347}, {'id': 5776089689, 'qualifierId': 233, 'value': '200'}]",c811si1xw5he6ih0o1mj94tsl,Marta,,,Orlando Pride,Away
2823523797,228,1,1,31,42,966pdxhsoxaib9qt5083h8uus,0,62.5,0.0,2025-06-21T00:40:51Z,2025-06-21T00:40:56Z,"[{'id': 5776089841, 'qualifierId': 212, 'value': '23.8'}, {'id': 5776089839, 'qualifierId': 141, 'value': '19.7'}, {'id': 5776089837, 'qualifierId': 140, 'value': '81.0'}, {'id': 5776089833, 'qualifierId': 107}, {'id': 5776089845, 'qualifierId': 1}, {'id': 5776089835, 'qualifierId': 56, 'value': 'Right'}, {'id': 5776089843, 'qualifierId': 213, 'value': '0.61'}]",dy302yj9tjby62ur1u8ab8rxm,C. Dyke,,,Orlando Pride,Away
2823524257,214,12,1,31,46,dtucewmt49th1p4selfutmnmc,1,13.2,77.1,2025-06-21T00:40:55.089Z,2025-06-21T00:42:35Z,"[{'id': 5776092417, 'qualifierId': 141, 'value': '79.4'}, {'id': 5776092427, 'qualifierId': 397}, {'id': 5776092421, 'qualifierId': 213, 'value': '0.72'}, {'id': 5776092419, 'qualifierId': 212, 'value': '2.4'}, {'id': 5776092413, 'qualifierId': 56, 'value': 'Back'}, {'id': 5776092415, 'qualifierId': 140, 'value': '14.9'}, {'id': 5776092429, 'qualifierId': 233, 'value': '229'}]",2mlyh9k0yhv8862rj6hu26j8p,E. Jean,,,Racing Louisville,Home
2823523809,229,74,1,31,46,966pdxhsoxaib9qt5083h8uus,1,81.0,19.7,2025-06-21T00:40:55.090Z,2025-06-21T00:42:42Z,"[{'id': 5776089903, 'qualifierId': 56, 'value': 'Right'}, {'id': 5776092439, 'qualifierId': 233, 'value': '214'}, {'id': 5776089905, 'qualifierId': 285}, {'id': 5776089921, 'qualifierId': 397}]",e2obgph6szyo04em3qr94g1qt,B. Banda,,,Orlando Pride,Away
2823523801,201,1,1,31,47,dtucewmt49th1p4selfutmnmc,1,9.5,72.6,2025-06-21T00:40:56.318Z,2025-06-21T01:04:12Z,"[{'id': 5776089865, 'qualifierId': 141, 'value': '86.7'}, {'id': 5776089861, 'qualifierId': 56, 'value': 'Back'}, {'id': 5776089867, 'qualifierId': 212, 'value': '9.6'}, {'id': 5776089869, 'qualifierId': 213, 'value': '1.68'}, {'id': 5776089863, 'qualifierId': 140, 'value': '8.5'}]",2mlyh9k0yhv8862rj6hu26j8p,E. Jean,,,Racing Louisville,Home
2823523805,202,49,1,31,48,dtucewmt49th1p4selfutmnmc,1,8.5,86.7,2025-06-21T00:40:57.615Z,2025-06-21T00:40:57Z,[],2x4vbu3htfozzwd8g7bdxeacp,C. Petersen,,,Racing Louisville,Home
2823523813,203,1,1,31,49,dtucewmt49th1p4selfutmnmc,1,8.5,86.7,2025-06-21T00:40:57.886Z,2025-06-21T00:40:59Z,"[{'id': 5776089909, 'qualifierId': 56, 'value': 'Back'}, {'id': 5776089917, 'qualifierId': 213, 'value': '5.76'}, {'id': 5776089911, 'qualifierId': 140, 'value': '17.9'}, {'id': 5776089915, 'qualifierId': 212, 'value': '11.4'}, {'id': 5776089913, 'qualifierId': 141, 'value': '78.3'}]",2x4vbu3htfozzwd8g7bdxeacp,C. Petersen,,,Racing Louisville,Home
2823523819,204,1,1,31,51,dtucewmt49th1p4selfutmnmc,1,17.9,78.3,2025-06-21T00:40:59.838Z,2025-06-21T01:04:14Z,"[{'id': 5776089949, 'qualifierId': 213, 'value': '1.03'}, {'id': 5776089943, 'qualifierId': 140, 'value': '21.5'}, {'id': 5776089945, 'qualifierId': 141, 'value': '87.6'}, {'id': 5776089941, 'qualifierId': 56, 'value': 'Back'}, {'id': 5776089947, 'qualifierId': 212, 'value': '7.4'}]",8q0rkr3gz7hz1ssdx3fkro0a2,T. Flint,,,Racing Louisville,Home
2823523833,205,1,1,31,54,dtucewmt49th1p4selfutmnmc,1,16.3,82.4,2025-06-21T00:41:02.911Z,2025-06-21T00:41:06Z,"[{'id': 5776090027, 'qualifierId': 212, 'value': '44.0'}, {'id': 5776090031, 'qualifierId': 1}, {'id': 5776090017, 'qualifierId': 155}, {'id': 5776090029, 'qualifierId': 213, 'value': '4.78'}, {'id': 5776090023, 'qualifierId': 140, 'value': '19.2'}, {'id': 5776090025, 'qualifierId': 141, 'value': '17.8'}, {'id': 5776090021, 'qualifierId': 56, 'value': 'Back'}, {'id': 5776090019, 'qualifierId': 196}]",9tbrhbbmfxq8l363kybl4g7ah,Ary Borges,,,Racing Louisville,Home
2823523851,206,1,1,31,57,dtucewmt49th1p4selfutmnmc,1,19.5,17.2,2025-06-21T00:41:06.687Z,2025-06-21T00:41:10Z,"[{'id': 5776090105, 'qualifierId': 140, 'value': '27.3'}, {'id': 5776090111, 'qualifierId': 213, 'value': '0.34'}, {'id': 5776090103, 'qualifierId': 56, 'value': 'Back'}, {'id': 5776090107, 'qualifierId': 141, 'value': '21.5'}, {'id': 5776090109, 'qualifierId': 212, 'value': '8.7'}]",7hrw0exutge376ai2uf6frw4q,L. Milliet,,,Racing Louisville,Home
2823523859,207,1,1,32,1,dtucewmt49th1p4selfutmnmc,0,26.0,26.5,2025-06-21T00:41:10.590Z,2025-06-21T00:41:13Z,"[{'id': 5776090147, 'qualifierId': 140, 'value': '44.0'}, {'id': 5776090153, 'qualifierId': 213, 'value': '0.93'}, {'id': 5776090149, 'qualifierId': 141, 'value': '63.8'}, {'id': 5776090145, 'qualifierId': 56, 'value': 'Back'}, {'id': 5776090151, 'qualifierId': 212, 'value': '31.6'}]",asfd5wkedz1u29xt37r6or4rt,S. DeMelo,,,Racing Louisville,Home
2823523855,230,61,1,32,3,966pdxhsoxaib9qt5083h8uus,0,68.2,67.2,2025-06-21T00:41:11.736Z,2025-06-21T00:41:17Z,"[{'id': 5776090119, 'qualifierId': 56, 'value': 'Center'}]",68njvqucip0ehuz4eecppvq0a,S. Yates,,,Orlando Pride,Away
2823523861,231,49,1,32,5,966pdxhsoxaib9qt5083h8uus,1,54.1,40.9,2025-06-21T00:41:14.120Z,2025-06-21T00:41:14Z,[],dy302yj9tjby62ur1u8ab8rxm,C. Dyke,,,Orlando Pride,Away
2823523883,232,1,1,32,5,966pdxhsoxaib9qt5083h8uus,1,54.1,40.9,2025-06-21T00:41:14.632Z,2025-06-21T00:41:17Z,"[{'id': 5776090263, 'qualifierId': 56, 'value': 'Back'}, {'id': 5776090269, 'qualifierId': 212, 'value': '13.7'}, {'id': 5776090267, 'qualifierId': 141, 'value': '56.4'}, {'id': 5776090271, 'qualifierId': 213, 'value': '2.26'}, {'id': 5776090265, 'qualifierId': 140, 'value': '45.8'}]",dy302yj9tjby62ur1u8ab8rxm,C. Dyke,,,Orlando Pride,Away
2823523897,233,1,1,32,10,966pdxhsoxaib9qt5083h8uus,1,43.3,59.0,2025-06-21T00:41:18.808Z,2025-06-21T00:41:20Z,"[{'id': 5776090375, 'qualifierId': 140, 'value': '45.1'}, {'id': 5776090381, 'qualifierId': 213, 'value': '1.36'}, {'id': 5776090377, 'qualifierId': 141, 'value': '72.0'}, {'id': 5776090379, 'qualifierId': 212, 'value': '9.0'}, {'id': 5776090373, 'qualifierId': 56, 'value': 'Back'}]",1uf4321zvio3hrwfu4z4jxp7t,K. Nadaner,,,Orlando Pride,Away
2823523917,234,1,1,32,12,966pdxhsoxaib9qt5083h8uus,1,45.0,72.0,2025-06-21T00:41:20.904Z,2025-06-21T00:41:26Z,"[{'id': 5776090519, 'qualifierId': 140, 'value': '38.6'}, {'id': 5776090517, 'qualifierId': 56, 'value': 'Back'}, {'id': 5776090521, 'qualifierId': 141, 'value': '59.3'}, {'id': 5776090525, 'qualifierId': 213, 'value': '4.05'}, {'id': 5776090523, 'qualifierId': 212, 'value': '10.9'}]",dyfsbff9jueyw5jhjou424bo4,K. Abello,,,Orlando Pride,Away
2823523947,235,1,1,32,17,966pdxhsoxaib9qt5083h8uus,1,39.2,60.2,2025-06-21T00:41:26.344Z,2025-06-21T00:41:31Z,"[{'id': 5776090713, 'qualifierId': 212, 'value': '12.4'}, {'id': 5776090711, 'qualifierId': 141, 'value': '42.1'}, {'id': 5776090709, 'qualifierId': 140, 'value': '38.1'}, {'id': 5776090715, 'qualifierId': 213, 'value': '4.62'}, {'id': 5776090707, 'qualifierId': 56, 'value': 'Back'}]",1uf4321zvio3hrwfu4z4jxp7t,K. Nadaner,,,Orlando Pride,Away
2823523957,236,1,1,32,22,966pdxhsoxaib9qt5083h8uus,1,38.0,42.1,2025-06-21T00:41:31.481Z,2025-06-21T00:41:33Z,"[{'id': 5776090781, 'qualifierId': 141, 'value': '45.4'}, {'id': 5776090775, 'qualifierId': 155}, {'id': 5776090785, 'qualifierId': 213, 'value': '0.08'}, {'id': 5776090779, 'qualifierId': 140, 'value': '64.4'}, {'id': 5776090777, 'qualifierId': 56, 'value': 'Center'}, {'id': 5776090783, 'qualifierId': 212, 'value': '27.8'}]",9yvkpwm78jaqr321imfc3rrbo,E. Sams,,,Orlando Pride,Away
2823523971,237,1,1,32,25,966pdxhsoxaib9qt5083h8uus,0,64.4,45.4,2025-06-21T00:41:33.832Z,2025-06-21T00:41:35Z,"[{'id': 5776090821, 'qualifierId': 140, 'value': '69.9'}, {'id': 5776090819, 'qualifierId': 56, 'value': 'Center'}, {'id': 5776090817, 'qualifierId': 3}, {'id': 5776090825, 'qualifierId': 212, 'value': '13.5'}, {'id': 5776090823, 'qualifierId': 141, 'value': '27.4'}, {'id': 5776090827, 'qualifierId': 213, 'value': '5.15'}]",e2obgph6szyo04em3qr94g1qt,B. Banda,,,Orlando Pride,Away
2823523983,208,12,1,32,26,dtucewmt49th1p4selfutmnmc,1,24.4,73.1,2025-06-21T00:41:35.216Z,2025-06-21T00:41:37Z,"[{'id': 5776090893, 'qualifierId': 56, 'value': 'Center'}, {'id': 5776090901, 'qualifierId': 213, 'value': '6.21'}, {'id': 5776090899, 'qualifierId': 212, 'value': '31.5'}, {'id': 5776090897, 'qualifierId': 141, 'value': '69.9'}, {'id': 5776090895, 'qualifierId': 140, 'value': '54.3'}]",2x4vbu3htfozzwd8g7bdxeacp,C. Petersen,,,Racing Louisville,Home
2823523987,209,49,1,32,28,dtucewmt49th1p4selfutmnmc,1,55.5,69.5,2025-06-21T00:41:37.727Z,2025-06-21T00:41:38Z,[],aoa88ulpguvr42b0a1jn8dfys,S. Weber,,,Racing Louisville,Home
2823523997,238,83,1,32,31,966pdxhsoxaib9qt5083h8uus,0,37.9,19.9,2025-06-21T00:41:40.168Z,2025-06-21T00:41:42Z,"[{'id': 5776091029, 'qualifierId': 399, 'value': 'aoa88ulpguvr42b0a1jn8dfys'}]",9yvkpwm78jaqr321imfc3rrbo,E. Sams,,,Orlando Pride,Away
2823523999,210,61,1,32,31,dtucewmt49th1p4selfutmnmc,0,53.3,69.6,2025-06-21T00:41:40.292Z,2025-06-21T00:41:40Z,"[{'id': 5776090977, 'qualifierId': 56, 'value': 'Center'}]",aoa88ulpguvr42b0a1jn8dfys,S. Weber,,,Racing Louisville,Home
2823524007,239,49,1,32,33,966pdxhsoxaib9qt5083h8uus,1,52.2,19.7,2025-06-21T00:41:41.784Z,2025-06-21T00:41:41Z,[],23nuijdnnuiwzkd5cf7jbyajt,Angelina,,,Orlando Pride,Away
2823524013,240,1,1,32,33,966pdxhsoxaib9qt5083h8uus,0,52.2,19.7,2025-06-21T00:41:42.089Z,2025-06-21T00:41:44Z,"[{'id': 5776091019, 'qualifierId': 212, 'value': '32.4'}, {'id': 5776091017, 'qualifierId': 141, 'value': '27.5'}, {'id': 5776091021, 'qualifierId': 213, 'value': '0.16'}, {'id': 5776091013, 'qualifierId': 56, 'value': 'Center'}, {'id': 5776091015, 'qualifierId': 140, 'value': '82.6'}, {'id': 5776091011, 'qualifierId': 155}, {'id': 5776091045, 'qualifierId': 1}]",23nuijdnnuiwzkd5cf7jbyajt,Angelina,,,Orlando Pride,Away
2823524021,211,12,1,32,36,dtucewmt49th1p4selfutmnmc,1,17.5,71.1,2025-06-21T00:41:44.944Z,2025-06-21T00:41:47Z,"[{'id': 5776091069, 'qualifierId': 213, 'value': '3.37'}, {'id': 5776091067, 'qualifierId': 212, 'value': '19.9'}, {'id': 5776091063, 'qualifierId': 140, 'value': '0.0'}, {'id': 5776091065, 'qualifierId': 141, 'value': '64.5'}, {'id': 5776091061, 'qualifierId': 56, 'value': 'Back'}, {'id': 5776091079, 'qualifierId': 167}]",cieyupgmnxecb4emqljudrw89,A. Wright,,,Racing Louisville,Home
2823524023,212,6,1,32,37,dtucewmt49th1p4selfutmnmc,0,5.9,67.5,2025-06-21T00:41:46.152Z,2025-06-21T01:04:14Z,"[{'id': 5776091101, 'qualifierId': 56, 'value': 'Back'}, {'id': 5776091103, 'qualifierId': 73}, {'id': 5776091139, 'qualifierId': 233, 'value': '241'}]",cieyupgmnxecb4emqljudrw89,A. Wright,,,Racing Louisville,Home
2823524017,241,6,1,32,37,966pdxhsoxaib9qt5083h8uus,1,94.1,32.5,2025-06-21T00:41:46.152Z,2025-06-21T01:04:14Z,"[{'id': 5776091105, 'qualifierId': 233, 'value': '212'}, {'id': 5776091083, 'qualifierId': 75}, {'id': 5776091081, 'qualifierId': 56, 'value': 'Center'}]",23nuijdnnuiwzkd5cf7jbyajt,Angelina,,,Orlando Pride,Away
2823524131,242,1,1,33,0,966pdxhsoxaib9qt5083h8uus,1,99.5,0.5,2025-06-21T00:42:09.703Z,2025-06-21T00:42:18Z,"[{'id': 5776091737, 'qualifierId': 141, 'value': '5.5'}, {'id': 5776091735, 'qualifierId': 140, 'value': '91.3'}, {'id': 5776091731, 'qualifierId': 6}, {'id': 5776091741, 'qualifierId': 213, 'value': '2.77'}, {'id': 5776091739, 'qualifierId': 212, 'value': '9.3'}, {'id': 5776091733, 'qualifierId': 56, 'value': 'Right'}]",c811si1xw5he6ih0o1mj94tsl,Marta,,,Orlando Pride,Away
2823524153,243,1,1,33,5,966pdxhsoxaib9qt5083h8uus,1,85.9,17.2,2025-06-21T00:42:14.104Z,2025-06-21T01:05:28Z,"[{'id': 5776091857, 'qualifierId': 213, 'value': '2.26'}, {'id': 5776091853, 'qualifierId': 141, 'value': '33.2'}, {'id': 5776091849, 'qualifierId': 56, 'value': 'Center'}, {'id': 5776091855, 'qualifierId': 212, 'value': '14.1'}, {'id': 5776091851, 'qualifierId': 140, 'value': '77.3'}]",68njvqucip0ehuz4eecppvq0a,S. Yates,,,Orlando Pride,Away
2823524161,244,1,1,33,8,966pdxhsoxaib9qt5083h8uus,0,80.2,36.6,2025-06-21T00:42:17.288Z,2025-06-21T01:06:22Z,"[{'id': 5776128357, 'qualifierId': 213, 'value': '0.73'}, {'id': 5776128353, 'qualifierId': 141, 'value': '65.6'}, {'id': 5776128349, 'qualifierId': 155}, {'id': 5776091887, 'qualifierId': 56, 'value': 'Center'}, {'id': 5776128355, 'qualifierId': 212, 'value': '29.4'}, {'id': 5776128351, 'qualifierId': 140, 'value': '100.0'}]",23nuijdnnuiwzkd5cf7jbyajt,Angelina,,,Orlando Pride,Away
2823524231,213,5,1,33,9,dtucewmt49th1p4selfutmnmc,1,-0.6,39.7,2025-06-21T00:42:18.354Z,2025-06-21T01:04:10Z,"[{'id': 5776092241, 'qualifierId': 233, 'value': '245'}, {'id': 5776092239, 'qualifierId': 346}, {'id': 5776092237, 'qualifierId': 56, 'value': 'Back'}]",cieyupgmnxecb4emqljudrw89,A. Wright,,,Racing Louisville,Home
2823524171,245,5,1,33,9,966pdxhsoxaib9qt5083h8uus,0,100.6,60.3,2025-06-21T00:42:18.354Z,2025-06-21T01:04:10Z,"[{'id': 5776091953, 'qualifierId': 346}, {'id': 5776092245, 'qualifierId': 233, 'value': '213'}, {'id': 5776091951, 'qualifierId': 56, 'value': 'Center'}]",23nuijdnnuiwzkd5cf7jbyajt,Angelina,,,Orlando Pride,Away
2823524347,215,1,1,33,39,dtucewmt49th1p4selfutmnmc,0,4.8,53.3,2025-06-21T00:42:47.970Z,2025-06-21T00:42:50Z,"[{'id': 5776092843, 'qualifierId': 141, 'value': '79.1'}, {'id': 5776092849, 'qualifierId': 1}, {'id': 5776092841, 'qualifierId': 140, 'value': '53.4'}, {'id': 5776092839, 'qualifierId': 56, 'value': 'Left'}, {'id': 5776092851, 'qualifierId': 74}, {'id': 5776092845, 'qualifierId': 212, 'value': '54.0'}, {'id': 5776092847, 'qualifierId': 213, 'value': '0.33'}, {'id': 5776092837, 'qualifierId': 124}]",24lhpn1z5ikitapll48t1z7kk,J. Bloomer,,,Racing Louisville,Home
2823524351,246,1,1,33,42,966pdxhsoxaib9qt5083h8uus,0,39.8,14.9,2025-06-21T00:42:51.112Z,2025-06-21T00:42:51Z,"[{'id': 5776092877, 'qualifierId': 213, 'value': '0.06'}, {'id': 5776092873, 'qualifierId': 141, 'value': '16.1'}, {'id': 5776092875, 'qualifierId': 212, 'value': '13.5'}, {'id': 5776092871, 'qualifierId': 140, 'value': '52.6'}, {'id': 5776092869, 'qualifierId': 56, 'value': 'Right'}, {'id': 5776092867, 'qualifierId': 3}]",3cyj9a2fjtx4xd0bqdh6g3azu,H. McCutcheon,,,Orlando Pride,Away
2823524363,216,1,1,33,43,dtucewmt49th1p4selfutmnmc,0,40.7,76.1,2025-06-21T00:42:52.322Z,2025-06-21T00:42:54Z,"[{'id': 5776092979, 'qualifierId': 157}, {'id': 5776092983, 'qualifierId': 140, 'value': '66.4'}, {'id': 5776092989, 'qualifierId': 213, 'value': '0.11'}, {'id': 5776092981, 'qualifierId': 56, 'value': 'Left'}, {'id': 5776092985, 'qualifierId': 141, 'value': '80.6'}, {'id': 5776092987, 'qualifierId': 212, 'value': '27.2'}, {'id': 5776092991, 'qualifierId': 1}]",2x4vbu3htfozzwd8g7bdxeacp,C. Petersen,,,Racing Louisville,Home
2823524377,247,1,1,33,46,966pdxhsoxaib9qt5083h8uus,0,27.5,16.7,2025-06-21T00:42:54.920Z,2025-06-21T00:42:56Z,"[{'id': 5776093047, 'qualifierId': 212, 'value': '22.0'}, {'id': 5776093041, 'qualifierId': 56, 'value': 'Back'}, {'id': 5776093039, 'qualifierId': 3}, {'id': 5776093045, 'qualifierId': 141, 'value': '23.3'}, {'id': 5776093043, 'qualifierId': 140, 'value': '48.0'}, {'id': 5776093049, 'qualifierId': 213, 'value': '0.21'}]",dy302yj9tjby62ur1u8ab8rxm,C. Dyke,,,Orlando Pride,Away
2823524383,217,1,1,33,48,dtucewmt49th1p4selfutmnmc,0,49.5,74.4,2025-06-21T00:42:57.506Z,2025-06-21T00:42:59Z,"[{'id': 5776093083, 'qualifierId': 213, 'value': '5.01'}, {'id': 5776093077, 'qualifierId': 140, 'value': '54.5'}, {'id': 5776093079, 'qualifierId': 141, 'value': '49.0'}, {'id': 5776093073, 'qualifierId': 157}, {'id': 5776093075, 'qualifierId': 56, 'value': 'Center'}, {'id': 5776093081, 'qualifierId': 212, 'value': '18.1'}, {'id': 5776093085, 'qualifierId': 1}]",9tbrhbbmfxq8l363kybl4g7ah,Ary Borges,,,Racing Louisville,Home
2823524395,248,49,1,33,52,966pdxhsoxaib9qt5083h8uus,1,43.9,52.4,2025-06-21T00:43:01.688Z,2025-06-21T00:43:01Z,[],68njvqucip0ehuz4eecppvq0a,S. Yates,,,Orlando Pride,Away
2823524405,218,83,1,33,53,dtucewmt49th1p4selfutmnmc,0,53.0,51.8,2025-06-21T00:43:02.627Z,2025-06-21T00:43:05Z,"[{'id': 5776093285, 'qualifierId': 399, 'value': '68njvqucip0ehuz4eecppvq0a'}]",aoa88ulpguvr42b0a1jn8dfys,S. Weber,,,Racing Louisville,Home
2823524429,249,3,1,33,56,966pdxhsoxaib9qt5083h8uus,0,44.8,51.2,2025-06-21T00:43:04.913Z,2025-06-21T01:04:23Z,"[{'id': 5776093281, 'qualifierId': 56, 'value': 'Back'}, {'id': 5776093283, 'qualifierId': 286}, {'id': 5776093351, 'qualifierId': 233, 'value': '219'}]",68njvqucip0ehuz4eecppvq0a,S. Yates,,,Orlando Pride,Away
2823524443,219,7,1,33,56,dtucewmt49th1p4selfutmnmc,1,55.2,48.8,2025-06-21T00:43:04.914Z,2025-06-21T01:04:23Z,"[{'id': 5776093337, 'qualifierId': 285}, {'id': 5776093347, 'qualifierId': 233, 'value': '249'}, {'id': 5776093335, 'qualifierId': 56, 'value': 'Center'}]",9tbrhbbmfxq8l363kybl4g7ah,Ary Borges,,,Racing Louisville,Home
2823524447,220,49,1,33,59,dtucewmt49th1p4selfutmnmc,1,53.2,39.7,2025-06-21T00:43:07.906Z,2025-06-21T00:43:08Z,[],9e65qlc7dfjkajyhzhak8sc7p,J. Sonis,,,Racing Louisville,Home
2823524455,221,1,1,33,59,dtucewmt49th1p4selfutmnmc,1,53.2,39.7,2025-06-21T00:43:08.290Z,2025-06-21T00:43:09Z,"[{'id': 5776093403, 'qualifierId': 212, 'value': '25.5'}, {'id': 5776093397, 'qualifierId': 56, 'value': 'Back'}, {'id': 5776093399, 'qualifierId': 140, 'value': '30.1'}, {'id': 5776093405, 'qualifierId': 213, 'value': '3.46'}, {'id': 5776093401, 'qualifierId': 141, 'value': '28.1'}]",9e65qlc7dfjkajyhzhak8sc7p,J. Sonis,,,Racing Louisville,Home
2823524463,222,1,1,34,0,dtucewmt49th1p4selfutmnmc,1,30.1,28.1,2025-06-21T00:43:09.522Z,2025-06-21T00:43:10Z,"[{'id': 5776093447, 'qualifierId': 141, 'value': '49.4'}, {'id': 5776093443, 'qualifierId': 56, 'value': 'Back'}, {'id': 5776093449, 'qualifierId': 212, 'value': '17.7'}, {'id': 5776093451, 'qualifierId': 213, 'value': '2.18'}, {'id': 5776093445, 'qualifierId': 140, 'value': '20.4'}]",2mlyh9k0yhv8862rj6hu26j8p,E. Jean,,,Racing Louisville,Home
2823524469,223,1,1,34,2,dtucewmt49th1p4selfutmnmc,1,20.4,49.4,2025-06-21T00:43:10.834Z,2025-06-21T00:43:14Z,"[{'id': 5776093505, 'qualifierId': 140, 'value': '29.9'}, {'id': 5776093503, 'qualifierId': 56, 'value': 'Back'}, {'id': 5776093511, 'qualifierId': 213, 'value': '0.53'}, {'id': 5776093507, 'qualifierId': 141, 'value': '57.9'}, {'id': 5776093509, 'qualifierId': 212, 'value': '11.5'}]",24lhpn1z5ikitapll48t1z7kk,J. Bloomer,,,Racing Louisville,Home
2823524473,224,3,1,34,5,dtucewmt49th1p4selfutmnmc,0,32.0,62.5,2025-06-21T00:43:14.162Z,2025-06-21T01:04:24Z,"[{'id': 5776093535, 'qualifierId': 56, 'value': 'Back'}, {'id': 5776093537, 'qualifierId': 285}, {'id': 5776093631, 'qualifierId': 233, 'value': '250'}]",cieyupgmnxecb4emqljudrw89,A. Wright,,,Racing Louisville,Home
2823524491,250,7,1,34,5,966pdxhsoxaib9qt5083h8uus,1,68.0,37.5,2025-06-21T00:43:14.163Z,2025-06-21T01:04:23Z,"[{'id': 5776093629, 'qualifierId': 286}, {'id': 5776093621, 'qualifierId': 56, 'value': 'Center'}, {'id': 5776093625, 'qualifierId': 233, 'value': '224'}]",eigt6t2rj0k98zt1isqrvtvqh,A. Watt,1.0,,Orlando Pride,Away
2823524515,226,51,1,34,6,dtucewmt49th1p4selfutmnmc,1,29.1,59.6,2025-06-21T00:43:14.930Z,2025-06-21T00:43:30Z,"[{'id': 5776093925, 'qualifierId': 169, 'value': '252'}]",cieyupgmnxecb4emqljudrw89,A. Wright,,,Racing Louisville,Home
2823524493,251,49,1,34,8,966pdxhsoxaib9qt5083h8uus,1,67.7,29.3,2025-06-21T00:43:17.383Z,2025-06-21T00:43:17Z,[],e2obgph6szyo04em3qr94g1qt,B. Banda,,,Orlando Pride,Away
2823524497,252,13,1,34,9,966pdxhsoxaib9qt5083h8uus,1,80.8,39.1,2025-06-21T00:43:18.600Z,2025-06-21T00:43:50Z,"[{'id': 5776093893, 'qualifierId': 85}, {'id': 5776093895, 'qualifierId': 29}, {'id': 5776093651, 'qualifierId': 56, 'value': 'Center'}, {'id': 5776093907, 'qualifierId': 231, 'value': '44.2'}, {'id': 5776093729, 'qualifierId': 20}, {'id': 5776093901, 'qualifierId': 102, 'value': '45.2'}, {'id': 5776093905, 'qualifierId': 230, 'value': '90.3'}, {'id': 5776093903, 'qualifierId': 103, 'value': '54.2'}, {'id': 5776093647, 'qualifierId': 22}, {'id': 5776094385, 'qualifierId': 214}, {'id': 5776093897, 'qualifierId': 55, 'value': '250'}, {'id': 5776093649, 'qualifierId': 18}]",e2obgph6szyo04em3qr94g1qt,B. Banda,,,Orlando Pride,Away
2823524513,225,5,1,34,9,dtucewmt49th1p4selfutmnmc,1,-0.7,56.5,2025-06-21T00:43:18.691Z,2025-06-21T01:04:10Z,"[{'id': 5776093747, 'qualifierId': 346}, {'id': 5776093761, 'qualifierId': 233, 'value': '253'}, {'id': 5776093745, 'qualifierId': 56, 'value': 'Back'}]",cieyupgmnxecb4emqljudrw89,A. Wright,,,Racing Louisville,Home
2823524503,253,5,1,34,9,966pdxhsoxaib9qt5083h8uus,0,100.7,43.5,2025-06-21T00:43:18.691Z,2025-06-21T01:04:10Z,"[{'id': 5776093683, 'qualifierId': 56, 'value': 'Center'}, {'id': 5776093765, 'qualifierId': 233, 'value': '225'}, {'id': 5776093685, 'qualifierId': 346}]",e2obgph6szyo04em3qr94g1qt,B. Banda,,,Orlando Pride,Away
2823524659,227,1,1,34,44,dtucewmt49th1p4selfutmnmc,0,5.2,50.3,2025-06-21T00:43:53.220Z,2025-06-21T01:02:07Z,"[{'id': 5776094533, 'qualifierId': 56, 'value': 'Center'}, {'id': 5776094545, 'qualifierId': 74}, {'id': 5776094541, 'qualifierId': 213, 'value': '0.09'}, {'id': 5776094539, 'qualifierId': 212, 'value': '67.5'}, {'id': 5776094531, 'qualifierId': 124}, {'id': 5776094535, 'qualifierId': 140, 'value': '69.2'}, {'id': 5776094543, 'qualifierId': 1}, {'id': 5776124311, 'qualifierId': 189}, {'id': 5776094537, 'qualifierId': 141, 'value': '59.4'}]",24lhpn1z5ikitapll48t1z7kk,J. Bloomer,,,Racing Louisville,Home
2823524669,228,1,1,34,46,dtucewmt49th1p4selfutmnmc,0,69.0,62.4,2025-06-21T00:43:55.219Z,2025-06-21T01:02:54Z,"[{'id': 5776094575, 'qualifierId': 56, 'value': 'Center'}, {'id': 5776094581, 'qualifierId': 212, 'value': '8.3'}, {'id': 5776094573, 'qualifierId': 3}, {'id': 5776094583, 'qualifierId': 213, 'value': '0.29'}, {'id': 5776094577, 'qualifierId': 140, 'value': '76.6'}, {'id': 5776094579, 'qualifierId': 141, 'value': '65.9'}]",aoa88ulpguvr42b0a1jn8dfys,S. Weber,,,Racing Louisville,Home
2823524667,254,61,1,34,46,966pdxhsoxaib9qt5083h8uus,1,29.4,37.9,2025-06-21T00:43:55.399Z,2025-06-21T00:44:02Z,"[{'id': 5776094843, 'qualifierId': 189}, {'id': 5776094567, 'qualifierId': 56, 'value': 'Back'}]",9yvkpwm78jaqr321imfc3rrbo,E. Sams,,,Orlando Pride,Away
2823524683,255,1,1,34,48,966pdxhsoxaib9qt5083h8uus,1,20.7,31.6,2025-06-21T00:43:56.872Z,2025-06-21T00:43:58Z,"[{'id': 5776094677, 'qualifierId': 1}, {'id': 5776094665, 'qualifierId': 157}, {'id': 5776094669, 'qualifierId': 140, 'value': '32.1'}, {'id': 5776094673, 'qualifierId': 212, 'value': '13.3'}, {'id': 5776094675, 'qualifierId': 213, 'value': '0.45'}, {'id': 5776094667, 'qualifierId': 56, 'value': 'Back'}, {'id': 5776094671, 'qualifierId': 141, 'value': '40.1'}]",dy302yj9tjby62ur1u8ab8rxm,C. Dyke,,,Orlando Pride,Away
2823524687,256,61,1,34,49,966pdxhsoxaib9qt5083h8uus,1,32.1,40.1,2025-06-21T00:43:58.343Z,2025-06-21T00:43:58Z,"[{'id': 5776094681, 'qualifierId': 56, 'value': 'Back'}]",c811si1xw5he6ih0o1mj94tsl,Marta,,,Orlando Pride,Away
2823530103,336,83,1,34,50,dtucewmt49th1p4selfutmnmc,0,70.4,76.1,2025-06-21T00:43:58.736Z,2025-06-21T01:02:53Z,"[{'id': 5776125489, 'qualifierId': 399, 'value': '23nuijdnnuiwzkd5cf7jbyajt'}]",8q0rkr3gz7hz1ssdx3fkro0a2,T. Flint,,,Racing Louisville,Home
2823524697,257,1,1,34,50,966pdxhsoxaib9qt5083h8uus,0,29.8,36.7,2025-06-21T00:43:59.575Z,2025-06-21T00:44:00Z,"[{'id': 5776094773, 'qualifierId': 140, 'value': '46.5'}, {'id': 5776094779, 'qualifierId': 213, 'value': '0.03'}, {'id': 5776094771, 'qualifierId': 56, 'value': 'Back'}, {'id': 5776094775, 'qualifierId': 141, 'value': '37.4'}, {'id': 5776094781, 'qualifierId': 1}, {'id': 5776094777, 'qualifierId': 212, 'value': '17.5'}, {'id': 5776094769, 'qualifierId': 157}]",23nuijdnnuiwzkd5cf7jbyajt,Angelina,,,Orlando Pride,Away
2823524743,229,1,1,34,55,dtucewmt49th1p4selfutmnmc,1,59.8,63.9,2025-06-21T00:44:04.051Z,2025-06-21T00:44:08Z,"[{'id': 5776094997, 'qualifierId': 141, 'value': '40.0'}, {'id': 5776094999, 'qualifierId': 212, 'value': '18.5'}, {'id': 5776094993, 'qualifierId': 56, 'value': 'Center'}, {'id': 5776094995, 'qualifierId': 140, 'value': '51.3'}, {'id': 5776095001, 'qualifierId': 213, 'value': '4.21'}]",9tbrhbbmfxq8l363kybl4g7ah,Ary Borges,,,Racing Louisville,Home
2823524749,230,1,1,35,0,dtucewmt49th1p4selfutmnmc,1,52.0,32.3,2025-06-21T00:44:08.771Z,2025-06-21T00:44:11Z,"[{'id': 5776095057, 'qualifierId': 141, 'value': '67.4'}, {'id': 5776095061, 'qualifierId': 213, 'value': '1.93'}, {'id': 5776095053, 'qualifierId': 56, 'value': 'Back'}, {'id': 5776095059, 'qualifierId': 212, 'value': '25.5'}, {'id': 5776095065, 'qualifierId': 189}, {'id': 5776095055, 'qualifierId': 140, 'value': '43.5'}]",2mlyh9k0yhv8862rj6hu26j8p,E. Jean,,,Racing Louisville,Home
2823524761,231,1,1,35,2,dtucewmt49th1p4selfutmnmc,1,43.5,67.4,2025-06-21T00:44:11.252Z,2025-06-21T00:44:12Z,"[{'id': 5776095121, 'qualifierId': 56, 'value': 'Left'}, {'id': 5776095125, 'qualifierId': 141, 'value': '93.6'}, {'id': 5776095123, 'qualifierId': 140, 'value': '58.4'}, {'id': 5776095129, 'qualifierId': 213, 'value': '0.85'}, {'id': 5776095127, 'qualifierId': 212, 'value': '23.7'}]",cieyupgmnxecb4emqljudrw89,A. Wright,,,Racing Louisville,Home
2823524769,232,1,1,35,3,dtucewmt49th1p4selfutmnmc,1,53.2,92.6,2025-06-21T00:44:12.515Z,2025-06-21T00:44:16Z,"[{'id': 5776095187, 'qualifierId': 213, 'value': '3.87'}, {'id': 5776095181, 'qualifierId': 140, 'value': '36.8'}, {'id': 5776095185, 'qualifierId': 212, 'value': '23.1'}, {'id': 5776095179, 'qualifierId': 56, 'value': 'Back'}, {'id': 5776095183, 'qualifierId': 141, 'value': '69.9'}]",2x4vbu3htfozzwd8g7bdxeacp,C. Petersen,,,Racing Louisville,Home
2823524819,233,1,1,35,7,dtucewmt49th1p4selfutmnmc,1,31.0,73.1,2025-06-21T00:44:16.292Z,2025-06-21T00:44:22Z,"[{'id': 5776095457, 'qualifierId': 213, 'value': '4.05'}, {'id': 5776095451, 'qualifierId': 140, 'value': '20.3'}, {'id': 5776095455, 'qualifierId': 212, 'value': '18.3'}, {'id': 5776095449, 'qualifierId': 56, 'value': 'Back'}, {'id': 5776095453, 'qualifierId': 141, 'value': '51.9'}]",cieyupgmnxecb4emqljudrw89,A. Wright,,,Racing Louisville,Home
2823524853,234,1,1,35,13,dtucewmt49th1p4selfutmnmc,1,23.9,47.6,2025-06-21T00:44:22.469Z,2025-06-21T00:44:28Z,"[{'id': 5776095647, 'qualifierId': 157}, {'id': 5776095657, 'qualifierId': 213, 'value': '5.69'}, {'id': 5776095653, 'qualifierId': 141, 'value': '7.4'}, {'id': 5776095649, 'qualifierId': 56, 'value': 'Right'}, {'id': 5776095659, 'qualifierId': 1}, {'id': 5776095651, 'qualifierId': 140, 'value': '62.2'}, {'id': 5776095655, 'qualifierId': 212, 'value': '48.6'}]",24lhpn1z5ikitapll48t1z7kk,J. Bloomer,,,Racing Louisville,Home
2823524861,235,3,1,35,18,dtucewmt49th1p4selfutmnmc,0,63.7,13.0,2025-06-21T00:44:27.319Z,2025-06-21T01:04:24Z,"[{'id': 5776095695, 'qualifierId': 286}, {'id': 5776095693, 'qualifierId': 56, 'value': 'Right'}, {'id': 5776095727, 'qualifierId': 233, 'value': '258'}]",9e65qlc7dfjkajyhzhak8sc7p,J. Sonis,,,Racing Louisville,Home
2823524851,258,7,1,35,18,966pdxhsoxaib9qt5083h8uus,1,36.3,87.0,2025-06-21T00:44:27.320Z,2025-06-21T01:04:24Z,"[{'id': 5776095643, 'qualifierId': 56, 'value': 'Back'}, {'id': 5776095697, 'qualifierId': 233, 'value': '235'}, {'id': 5776095645, 'qualifierId': 285}]",dyfsbff9jueyw5jhjou424bo4,K. Abello,,,Orlando Pride,Away
2823524859,259,49,1,35,19,966pdxhsoxaib9qt5083h8uus,1,30.7,71.6,2025-06-21T00:44:28.263Z,2025-06-21T00:44:28Z,[],dyfsbff9jueyw5jhjou424bo4,K. Abello,,,Orlando Pride,Away
2823524883,260,1,1,35,21,966pdxhsoxaib9qt5083h8uus,0,34.7,87.9,2025-06-21T00:44:30.567Z,2025-06-21T00:44:31Z,"[{'id': 5776095837, 'qualifierId': 141, 'value': '86.0'}, {'id': 5776095845, 'qualifierId': 233, 'value': '236'}, {'id': 5776095833, 'qualifierId': 56, 'value': 'Back'}, {'id': 5776095839, 'qualifierId': 212, 'value': '1.4'}, {'id': 5776095841, 'qualifierId': 213, 'value': '4.33'}, {'id': 5776095849, 'qualifierId': 286}, {'id': 5776095843, 'qualifierId': 236}, {'id': 5776095835, 'qualifierId': 140, 'value': '34.2'}]",dyfsbff9jueyw5jhjou424bo4,K. Abello,,,Orlando Pride,Away
2823524881,236,74,1,35,21,dtucewmt49th1p4selfutmnmc,1,60.7,3.7,2025-06-21T00:44:30.568Z,2025-06-21T00:44:32Z,"[{'id': 5776095829, 'qualifierId': 56, 'value': 'Right'}, {'id': 5776095831, 'qualifierId': 285}, {'id': 5776095853, 'qualifierId': 233, 'value': '260'}]",7hrw0exutge376ai2uf6frw4q,L. Milliet,,,Racing Louisville,Home
2823524885,237,5,1,35,23,dtucewmt49th1p4selfutmnmc,0,62.6,-1.4,2025-06-21T00:44:31.958Z,2025-06-21T01:04:11Z,"[{'id': 5776095857, 'qualifierId': 347}, {'id': 5776096151, 'qualifierId': 233, 'value': '261'}, {'id': 5776095855, 'qualifierId': 56, 'value': 'Right'}]",7hrw0exutge376ai2uf6frw4q,L. Milliet,,,Racing Louisville,Home
2823524937,261,5,1,35,23,966pdxhsoxaib9qt5083h8uus,1,37.4,101.4,2025-06-21T00:44:31.958Z,2025-06-21T01:04:11Z,"[{'id': 5776096147, 'qualifierId': 233, 'value': '237'}, {'id': 5776096135, 'qualifierId': 56, 'value': 'Back'}, {'id': 5776096137, 'qualifierId': 347}]",dyfsbff9jueyw5jhjou424bo4,K. Abello,,,Orlando Pride,Away
2823524943,262,1,1,35,34,966pdxhsoxaib9qt5083h8uus,1,34.8,100.0,2025-06-21T00:44:43.127Z,2025-06-21T00:44:44Z,"[{'id': 5776096183, 'qualifierId': 107}, {'id': 5776096189, 'qualifierId': 141, 'value': '93.0'}, {'id': 5776096187, 'qualifierId': 140, 'value': '41.2'}, {'id': 5776096191, 'qualifierId': 212, 'value': '8.9'}, {'id': 5776096193, 'qualifierId': 213, 'value': '5.57'}, {'id': 5776096185, 'qualifierId': 56, 'value': 'Back'}]",dyfsbff9jueyw5jhjou424bo4,K. Abello,,,Orlando Pride,Away
2823524953,263,1,1,35,35,966pdxhsoxaib9qt5083h8uus,1,41.2,93.0,2025-06-21T00:44:44.375Z,2025-06-21T00:44:45Z,"[{'id': 5776096235, 'qualifierId': 141, 'value': '92.7'}, {'id': 5776096231, 'qualifierId': 56, 'value': 'Back'}, {'id': 5776096237, 'qualifierId': 212, 'value': '3.4'}, {'id': 5776096239, 'qualifierId': 213, 'value': '3.20'}, {'id': 5776096233, 'qualifierId': 140, 'value': '38.0'}]",68njvqucip0ehuz4eecppvq0a,S. Yates,,,Orlando Pride,Away
2823524965,264,1,1,35,36,966pdxhsoxaib9qt5083h8uus,0,38.0,92.7,2025-06-21T00:44:45.351Z,2025-06-21T00:44:46Z,"[{'id': 5776096269, 'qualifierId': 212, 'value': '1.2'}, {'id': 5776096301, 'qualifierId': 233, 'value': '238'}, {'id': 5776096263, 'qualifierId': 56, 'value': 'Back'}, {'id': 5776096305, 'qualifierId': 286}, {'id': 5776096299, 'qualifierId': 236}, {'id': 5776096265, 'qualifierId': 140, 'value': '38.0'}, {'id': 5776096271, 'qualifierId': 213, 'value': '4.71'}, {'id': 5776096267, 'qualifierId': 141, 'value': '90.9'}]",dyfsbff9jueyw5jhjou424bo4,K. Abello,,,Orlando Pride,Away
2823524967,238,74,1,35,36,dtucewmt49th1p4selfutmnmc,1,64.4,0.4,2025-06-21T00:44:45.352Z,2025-06-21T01:04:18Z,"[{'id': 5776096287, 'qualifierId': 285}, {'id': 5776096325, 'qualifierId': 233, 'value': '264'}, {'id': 5776096285, 'qualifierId': 56, 'value': 'Right'}]",asfd5wkedz1u29xt37r6or4rt,S. DeMelo,,,Racing Louisville,Home
2823524969,265,61,1,35,38,966pdxhsoxaib9qt5083h8uus,1,38.1,90.9,2025-06-21T00:44:46.888Z,2025-06-21T00:44:47Z,"[{'id': 5776096333, 'qualifierId': 56, 'value': 'Back'}]",dyfsbff9jueyw5jhjou424bo4,K. Abello,,,Orlando Pride,Away
2823524971,239,49,1,35,38,dtucewmt49th1p4selfutmnmc,1,64.8,3.7,2025-06-21T00:44:47.429Z,2025-06-21T00:44:55Z,[],asfd5wkedz1u29xt37r6or4rt,S. DeMelo,,,Racing Louisville,Home
2823524991,240,61,1,35,43,dtucewmt49th1p4selfutmnmc,0,80.4,32.0,2025-06-21T00:44:51.893Z,2025-06-21T00:44:51Z,"[{'id': 5776096469, 'qualifierId': 56, 'value': 'Center'}]",asfd5wkedz1u29xt37r6or4rt,S. DeMelo,,,Racing Louisville,Home
2823524997,266,49,1,35,44,966pdxhsoxaib9qt5083h8uus,1,24.4,60.5,2025-06-21T00:44:53.351Z,2025-06-21T00:44:53Z,[],23nuijdnnuiwzkd5cf7jbyajt,Angelina,,,Orlando Pride,Away
2823525021,267,1,1,35,47,966pdxhsoxaib9qt5083h8uus,0,25.5,56.3,2025-06-21T00:44:56.088Z,2025-06-21T00:44:58Z,"[{'id': 5776096681, 'qualifierId': 155}, {'id': 5776096693, 'qualifierId': 1}, {'id': 5776096685, 'qualifierId': 140, 'value': '62.0'}, {'id': 5776096683, 'qualifierId': 56, 'value': 'Center'}, {'id': 5776096689, 'qualifierId': 212, 'value': '38.8'}, {'id': 5776096687, 'qualifierId': 141, 'value': '65.0'}, {'id': 5776096691, 'qualifierId': 213, 'value': '0.15'}]",23nuijdnnuiwzkd5cf7jbyajt,Angelina,,,Orlando Pride,Away
2823525027,241,12,1,35,49,dtucewmt49th1p4selfutmnmc,1,29.6,20.3,2025-06-21T00:44:58.469Z,2025-06-21T00:44:59Z,"[{'id': 5776096727, 'qualifierId': 15}, {'id': 5776096723, 'qualifierId': 212, 'value': '21.5'}, {'id': 5776096725, 'qualifierId': 213, 'value': '1.26'}, {'id': 5776096719, 'qualifierId': 140, 'value': '35.9'}, {'id': 5776096717, 'qualifierId': 56, 'value': 'Back'}, {'id': 5776096721, 'qualifierId': 141, 'value': '50.4'}]",2mlyh9k0yhv8862rj6hu26j8p,E. Jean,,,Racing Louisville,Home
2823525033,242,49,1,35,52,dtucewmt49th1p4selfutmnmc,1,36.3,52.8,2025-06-21T00:45:00.902Z,2025-06-21T00:45:00Z,[],cieyupgmnxecb4emqljudrw89,A. Wright,,,Racing Louisville,Home
2823525059,243,1,1,35,52,dtucewmt49th1p4selfutmnmc,1,36.3,52.8,2025-06-21T00:45:01.381Z,2025-06-21T00:45:05Z,"[{'id': 5776096889, 'qualifierId': 56, 'value': 'Left'}, {'id': 5776096897, 'qualifierId': 213, 'value': '0.75'}, {'id': 5776096891, 'qualifierId': 140, 'value': '58.1'}, {'id': 5776096895, 'qualifierId': 212, 'value': '31.2'}, {'id': 5776096893, 'qualifierId': 141, 'value': '84.0'}]",cieyupgmnxecb4emqljudrw89,A. Wright,,,Racing Louisville,Home
2823525087,244,1,1,35,56,dtucewmt49th1p4selfutmnmc,1,55.6,81.8,2025-06-21T00:45:05.462Z,2025-06-21T00:45:11Z,"[{'id': 5776097047, 'qualifierId': 155}, {'id': 5776097057, 'qualifierId': 212, 'value': '57.7'}, {'id': 5776097061, 'qualifierId': 1}, {'id': 5776097053, 'qualifierId': 140, 'value': '84.0'}, {'id': 5776097049, 'qualifierId': 196}, {'id': 5776097059, 'qualifierId': 213, 'value': '5.26'}, {'id': 5776097051, 'qualifierId': 56, 'value': 'Right'}, {'id': 5776097055, 'qualifierId': 141, 'value': '9.2'}]",br17lkx91icsoqiibmufa23v8,E. Sears,,,Racing Louisville,Home
2823525111,245,1,1,36,3,dtucewmt49th1p4selfutmnmc,1,88.3,10.9,2025-06-21T00:45:11.893Z,2025-06-21T00:45:15Z,"[{'id': 5776097177, 'qualifierId': 141, 'value': '27.8'}, {'id': 5776097179, 'qualifierId': 212, 'value': '12.1'}, {'id': 5776097173, 'qualifierId': 56, 'value': 'Center'}, {'id': 5776097175, 'qualifierId': 140, 'value': '84.6'}, {'id': 5776097181, 'qualifierId': 213, 'value': '1.90'}]",9e65qlc7dfjkajyhzhak8sc7p,J. Sonis,,,Racing Louisville,Home
2823525113,246,61,1,36,6,dtucewmt49th1p4selfutmnmc,0,85.1,35.6,2025-06-21T00:45:14.966Z,2025-06-21T00:45:15Z,"[{'id': 5776097185, 'qualifierId': 56, 'value': 'Center'}]",asfd5wkedz1u29xt37r6or4rt,S. DeMelo,,,Racing Louisville,Home
2823525123,268,12,1,36,7,966pdxhsoxaib9qt5083h8uus,1,14.9,60.5,2025-06-21T00:45:15.992Z,2025-06-21T00:45:17Z,"[{'id': 5776097235, 'qualifierId': 213, 'value': '4.92'}, {'id': 5776097231, 'qualifierId': 141, 'value': '51.0'}, {'id': 5776097227, 'qualifierId': 56, 'value': 'Back'}, {'id': 5776097229, 'qualifierId': 140, 'value': '16.2'}, {'id': 5776097233, 'qualifierId': 212, 'value': '6.6'}]",3cyj9a2fjtx4xd0bqdh6g3azu,H. McCutcheon,,,Orlando Pride,Away
2823525119,247,61,1,36,8,dtucewmt49th1p4selfutmnmc,0,86.1,45.8,2025-06-21T00:45:17.221Z,2025-06-21T00:45:17Z,"[{'id': 5776097211, 'qualifierId': 56, 'value': 'Center'}]",8q0rkr3gz7hz1ssdx3fkro0a2,T. Flint,,,Racing Louisville,Home
2823525127,269,12,1,36,8,966pdxhsoxaib9qt5083h8uus,1,13.1,51.5,2025-06-21T00:45:17.670Z,2025-06-21T00:45:20Z,"[{'id': 5776097263, 'qualifierId': 213, 'value': '5.68'}, {'id': 5776097255, 'qualifierId': 56, 'value': 'Back'}, {'id': 5776097261, 'qualifierId': 212, 'value': '5.1'}, {'id': 5776097259, 'qualifierId': 141, 'value': '47.2'}, {'id': 5776097283, 'qualifierId': 15}, {'id': 5776097257, 'qualifierId': 140, 'value': '17.1'}]",9yvkpwm78jaqr321imfc3rrbo,E. Sams,,,Orlando Pride,Away
2823525139,270,49,1,36,11,966pdxhsoxaib9qt5083h8uus,1,18.8,46.4,2025-06-21T00:45:20.023Z,2025-06-21T00:45:20Z,[],c811si1xw5he6ih0o1mj94tsl,Marta,,,Orlando Pride,Away
2823525167,271,1,1,36,11,966pdxhsoxaib9qt5083h8uus,1,18.9,46.4,2025-06-21T00:45:20.439Z,2025-06-21T00:45:23Z,"[{'id': 5776097483, 'qualifierId': 141, 'value': '38.0'}, {'id': 5776097479, 'qualifierId': 56, 'value': 'Back'}, {'id': 5776097481, 'qualifierId': 140, 'value': '17.2'}, {'id': 5776097485, 'qualifierId': 212, 'value': '6.0'}, {'id': 5776097487, 'qualifierId': 213, 'value': '4.41'}]",c811si1xw5he6ih0o1mj94tsl,Marta,,,Orlando Pride,Away
2823525187,272,1,1,36,14,966pdxhsoxaib9qt5083h8uus,1,27.5,18.5,2025-06-21T00:45:23.687Z,2025-06-21T00:45:27Z,"[{'id': 5776097569, 'qualifierId': 56, 'value': 'Back'}, {'id': 5776097577, 'qualifierId': 213, 'value': '5.88'}, {'id': 5776097571, 'qualifierId': 140, 'value': '38.9'}, {'id': 5776097575, 'qualifierId': 212, 'value': '13.0'}, {'id': 5776097573, 'qualifierId': 141, 'value': '10.9'}]",9yvkpwm78jaqr321imfc3rrbo,E. Sams,,,Orlando Pride,Away
2823525181,248,83,1,36,18,dtucewmt49th1p4selfutmnmc,0,43.8,88.5,2025-06-21T00:45:26.822Z,2025-06-21T00:45:31Z,"[{'id': 5776097671, 'qualifierId': 399, 'value': 'e2obgph6szyo04em3qr94g1qt'}]",cieyupgmnxecb4emqljudrw89,A. Wright,,,Racing Louisville,Home
2823525201,273,1,1,36,19,966pdxhsoxaib9qt5083h8uus,1,52.6,9.7,2025-06-21T00:45:27.847Z,2025-06-21T00:45:30Z,"[{'id': 5776097657, 'qualifierId': 140, 'value': '37.9'}, {'id': 5776097663, 'qualifierId': 213, 'value': '3.01'}, {'id': 5776097655, 'qualifierId': 56, 'value': 'Back'}, {'id': 5776097661, 'qualifierId': 212, 'value': '15.6'}, {'id': 5776097659, 'qualifierId': 141, 'value': '12.8'}]",e2obgph6szyo04em3qr94g1qt,B. Banda,,,Orlando Pride,Away
2823525251,274,1,1,36,26,966pdxhsoxaib9qt5083h8uus,1,27.4,14.0,2025-06-21T00:45:35.447Z,2025-06-21T00:45:39Z,"[{'id': 5776097929, 'qualifierId': 56, 'value': 'Back'}, {'id': 5776097937, 'qualifierId': 213, 'value': '2.35'}, {'id': 5776097931, 'qualifierId': 140, 'value': '6.9'}, {'id': 5776097935, 'qualifierId': 212, 'value': '30.7'}, {'id': 5776097933, 'qualifierId': 141, 'value': '46.1'}]",eigt6t2rj0k98zt1isqrvtvqh,A. Watt,,,Orlando Pride,Away
2823525277,275,1,1,36,31,966pdxhsoxaib9qt5083h8uus,1,7.6,50.4,2025-06-21T00:45:39.911Z,2025-06-21T00:45:46Z,"[{'id': 5776098051, 'qualifierId': 56, 'value': 'Back'}, {'id': 5776098055, 'qualifierId': 141, 'value': '60.3'}, {'id': 5776098053, 'qualifierId': 140, 'value': '15.6'}, {'id': 5776098059, 'qualifierId': 213, 'value': '0.68'}, {'id': 5776098057, 'qualifierId': 212, 'value': '10.8'}]",7e8f4kfwcucaj4239xz0rai1h,A. Moorhouse,,,Orlando Pride,Away
2823525303,276,1,1,36,37,966pdxhsoxaib9qt5083h8uus,1,21.6,59.1,2025-06-21T00:45:46.007Z,2025-06-21T00:45:49Z,"[{'id': 5776098173, 'qualifierId': 56, 'value': 'Back'}, {'id': 5776098177, 'qualifierId': 141, 'value': '41.7'}, {'id': 5776098179, 'qualifierId': 212, 'value': '11.9'}, {'id': 5776098181, 'qualifierId': 213, 'value': '4.63'}, {'id': 5776098175, 'qualifierId': 140, 'value': '20.7'}]",1uf4321zvio3hrwfu4z4jxp7t,K. Nadaner,,,Orlando Pride,Away
2823525335,277,1,1,36,41,966pdxhsoxaib9qt5083h8uus,1,23.5,39.2,2025-06-21T00:45:50.391Z,2025-06-21T00:45:54Z,"[{'id': 5776098335, 'qualifierId': 141, 'value': '57.3'}, {'id': 5776098331, 'qualifierId': 56, 'value': 'Back'}, {'id': 5776098337, 'qualifierId': 212, 'value': '12.5'}, {'id': 5776098339, 'qualifierId': 213, 'value': '1.40'}, {'id': 5776098333, 'qualifierId': 140, 'value': '25.5'}]",dy302yj9tjby62ur1u8ab8rxm,C. Dyke,,,Orlando Pride,Away
2823525367,278,1,1,36,45,966pdxhsoxaib9qt5083h8uus,1,28.2,65.0,2025-06-21T00:45:54.711Z,2025-06-21T00:45:57Z,"[{'id': 5776098503, 'qualifierId': 212, 'value': '19.1'}, {'id': 5776098497, 'qualifierId': 56, 'value': 'Back'}, {'id': 5776098499, 'qualifierId': 140, 'value': '39.9'}, {'id': 5776098505, 'qualifierId': 213, 'value': '0.87'}, {'id': 5776098501, 'qualifierId': 141, 'value': '86.6'}]",1uf4321zvio3hrwfu4z4jxp7t,K. Nadaner,,,Orlando Pride,Away
2823525377,279,1,1,36,49,966pdxhsoxaib9qt5083h8uus,1,40.0,86.9,2025-06-21T00:45:57.942Z,2025-06-21T00:45:59Z,"[{'id': 5776098547, 'qualifierId': 213, 'value': '5.63'}, {'id': 5776098543, 'qualifierId': 141, 'value': '76.7'}, {'id': 5776098545, 'qualifierId': 212, 'value': '11.5'}, {'id': 5776098539, 'qualifierId': 56, 'value': 'Back'}, {'id': 5776098541, 'qualifierId': 140, 'value': '48.7'}]",dyfsbff9jueyw5jhjou424bo4,K. Abello,,,Orlando Pride,Away
2823525385,280,1,1,36,50,966pdxhsoxaib9qt5083h8uus,1,50.5,75.9,2025-06-21T00:45:59.223Z,2025-06-21T00:46:01Z,"[{'id': 5776098621, 'qualifierId': 56, 'value': 'Center'}, {'id': 5776098625, 'qualifierId': 141, 'value': '68.3'}, {'id': 5776098623, 'qualifierId': 140, 'value': '54.1'}, {'id': 5776098629, 'qualifierId': 213, 'value': '5.34'}, {'id': 5776098627, 'qualifierId': 212, 'value': '6.4'}]",68njvqucip0ehuz4eecppvq0a,S. Yates,,,Orlando Pride,Away
2823525399,281,1,1,36,52,966pdxhsoxaib9qt5083h8uus,0,55.2,67.8,2025-06-21T00:46:01.191Z,2025-06-21T00:46:02Z,"[{'id': 5776098703, 'qualifierId': 212, 'value': '8.7'}, {'id': 5776098699, 'qualifierId': 140, 'value': '62.1'}, {'id': 5776098697, 'qualifierId': 56, 'value': 'Center'}, {'id': 5776098701, 'qualifierId': 141, 'value': '74.9'}, {'id': 5776098705, 'qualifierId': 213, 'value': '0.59'}]",c811si1xw5he6ih0o1mj94tsl,Marta,,,Orlando Pride,Away
2823525405,249,8,1,36,54,dtucewmt49th1p4selfutmnmc,1,34.8,11.2,2025-06-21T00:46:02.743Z,2025-06-21T00:46:02Z,"[{'id': 5776098723, 'qualifierId': 56, 'value': 'Back'}]",7hrw0exutge376ai2uf6frw4q,L. Milliet,,,Racing Louisville,Home
2823525407,250,49,1,36,54,dtucewmt49th1p4selfutmnmc,1,39.3,11.0,2025-06-21T00:46:03.543Z,2025-06-21T00:46:03Z,[],7hrw0exutge376ai2uf6frw4q,L. Milliet,,,Racing Louisville,Home
2823525429,251,1,1,36,55,dtucewmt49th1p4selfutmnmc,1,39.3,11.0,2025-06-21T00:46:03.878Z,2025-06-21T00:46:34Z,"[{'id': 5776098823, 'qualifierId': 56, 'value': 'Back'}, {'id': 5776098829, 'qualifierId': 212, 'value': '16.5'}, {'id': 5776098827, 'qualifierId': 141, 'value': '34.9'}, {'id': 5776098831, 'qualifierId': 213, 'value': '1.75'}, {'id': 5776098825, 'qualifierId': 140, 'value': '36.5'}]",7hrw0exutge376ai2uf6frw4q,L. Milliet,,,Racing Louisville,Home
2823525443,252,1,1,36,59,dtucewmt49th1p4selfutmnmc,0,36.5,35.6,2025-06-21T00:46:08.087Z,2025-06-21T00:46:09Z,"[{'id': 5776098905, 'qualifierId': 140, 'value': '53.7'}, {'id': 5776098911, 'qualifierId': 213, 'value': '0.18'}, {'id': 5776098903, 'qualifierId': 56, 'value': 'Center'}, {'id': 5776098907, 'qualifierId': 141, 'value': '40.4'}, {'id': 5776098909, 'qualifierId': 212, 'value': '18.4'}]",8q0rkr3gz7hz1ssdx3fkro0a2,T. Flint,,,Racing Louisville,Home
2823525479,282,8,1,37,2,966pdxhsoxaib9qt5083h8uus,1,46.5,55.1,2025-06-21T00:46:11.400Z,2025-06-21T00:46:32Z,"[{'id': 5776099059, 'qualifierId': 56, 'value': 'Back'}]",1uf4321zvio3hrwfu4z4jxp7t,K. Nadaner,,,Orlando Pride,Away
2823525491,283,4,1,37,3,966pdxhsoxaib9qt5083h8uus,1,46.3,59.0,2025-06-21T00:46:12.086Z,2025-06-21T00:46:20Z,"[{'id': 5776099173, 'qualifierId': 233, 'value': '253'}, {'id': 5776099165, 'qualifierId': 294}, {'id': 5776099169, 'qualifierId': 152}, {'id': 5776099167, 'qualifierId': 56, 'value': 'Back'}, {'id': 5776099171, 'qualifierId': 286}, {'id': 5776099163, 'qualifierId': 13}]",1uf4321zvio3hrwfu4z4jxp7t,K. Nadaner,,,Orlando Pride,Away
2823525463,253,4,1,37,3,dtucewmt49th1p4selfutmnmc,0,53.7,41.0,2025-06-21T00:46:12.087Z,2025-06-21T00:46:21Z,"[{'id': 5776099057, 'qualifierId': 285}, {'id': 5776099203, 'qualifierId': 294}, {'id': 5776099233, 'qualifierId': 233, 'value': '283'}, {'id': 5776099053, 'qualifierId': 152}, {'id': 5776099049, 'qualifierId': 13}, {'id': 5776099051, 'qualifierId': 56, 'value': 'Center'}]",aoa88ulpguvr42b0a1jn8dfys,S. Weber,,,Racing Louisville,Home
2823525569,284,1,1,37,25,966pdxhsoxaib9qt5083h8uus,1,45.1,57.5,2025-06-21T00:46:34.183Z,2025-06-21T00:46:43Z,"[{'id': 5776099641, 'qualifierId': 140, 'value': '59.0'}, {'id': 5776099639, 'qualifierId': 56, 'value': 'Center'}, {'id': 5776099645, 'qualifierId': 212, 'value': '20.6'}, {'id': 5776099635, 'qualifierId': 5}, {'id': 5776099643, 'qualifierId': 141, 'value': '36.2'}, {'id': 5776099855, 'qualifierId': 189}, {'id': 5776099637, 'qualifierId': 152}, {'id': 5776099647, 'qualifierId': 213, 'value': '5.50'}]",1uf4321zvio3hrwfu4z4jxp7t,K. Nadaner,,,Orlando Pride,Away
2823525587,285,1,1,37,28,966pdxhsoxaib9qt5083h8uus,1,62.0,34.6,2025-06-21T00:46:37.094Z,2025-06-21T00:46:40Z,"[{'id': 5776099771, 'qualifierId': 212, 'value': '13.2'}, {'id': 5776099769, 'qualifierId': 141, 'value': '20.2'}, {'id': 5776099767, 'qualifierId': 140, 'value': '70.5'}, {'id': 5776099765, 'qualifierId': 56, 'value': 'Right'}, {'id': 5776099773, 'qualifierId': 213, 'value': '5.45'}]",23nuijdnnuiwzkd5cf7jbyajt,Angelina,,,Orlando Pride,Away
2823525597,286,1,1,37,31,966pdxhsoxaib9qt5083h8uus,0,91.2,17.6,2025-06-21T00:46:40.198Z,2025-06-21T00:46:42Z,"[{'id': 5776099823, 'qualifierId': 2}, {'id': 5776099833, 'qualifierId': 212, 'value': '23.6'}, {'id': 5776099829, 'qualifierId': 140, 'value': '98.4'}, {'id': 5776099827, 'qualifierId': 56, 'value': 'Center'}, {'id': 5776099835, 'qualifierId': 213, 'value': '1.24'}, {'id': 5776099825, 'qualifierId': 155}, {'id': 5776099831, 'qualifierId': 141, 'value': '50.4'}]",eigt6t2rj0k98zt1isqrvtvqh,A. Watt,,,Orlando Pride,Away
2823525599,254,52,1,37,33,dtucewmt49th1p4selfutmnmc,1,2.9,52.4,2025-06-21T00:46:42.552Z,2025-06-21T00:46:42Z,[],24lhpn1z5ikitapll48t1z7kk,J. Bloomer,,,Racing Louisville,Home
2823525681,255,1,1,37,46,dtucewmt49th1p4selfutmnmc,1,14.2,50.0,2025-06-21T00:46:55.673Z,2025-06-21T00:47:00Z,"[{'id': 5776100321, 'qualifierId': 141, 'value': '33.5'}, {'id': 5776100317, 'qualifierId': 56, 'value': 'Back'}, {'id': 5776100319, 'qualifierId': 140, 'value': '18.8'}, {'id': 5776100325, 'qualifierId': 213, 'value': '5.12'}, {'id': 5776100315, 'qualifierId': 123}, {'id': 5776100323, 'qualifierId': 212, 'value': '12.2'}]",24lhpn1z5ikitapll48t1z7kk,J. Bloomer,,,Racing Louisville,Home
2823525687,256,1,1,37,51,dtucewmt49th1p4selfutmnmc,1,22.7,27.2,2025-06-21T00:47:00.168Z,2025-06-21T00:47:01Z,"[{'id': 5776100367, 'qualifierId': 212, 'value': '5.7'}, {'id': 5776100369, 'qualifierId': 213, 'value': '4.97'}, {'id': 5776100363, 'qualifierId': 140, 'value': '24.1'}, {'id': 5776100365, 'qualifierId': 141, 'value': '19.1'}, {'id': 5776100361, 'qualifierId': 56, 'value': 'Back'}]",2mlyh9k0yhv8862rj6hu26j8p,E. Jean,,,Racing Louisville,Home
2823525709,257,1,1,37,52,dtucewmt49th1p4selfutmnmc,1,24.1,19.1,2025-06-21T00:47:01.432Z,2025-06-21T00:47:03Z,"[{'id': 5776100483, 'qualifierId': 56, 'value': 'Back'}, {'id': 5776100489, 'qualifierId': 212, 'value': '7.6'}, {'id': 5776100487, 'qualifierId': 141, 'value': '29.0'}, {'id': 5776100491, 'qualifierId': 213, 'value': '2.05'}, {'id': 5776100485, 'qualifierId': 140, 'value': '20.8'}]",7hrw0exutge376ai2uf6frw4q,L. Milliet,,,Racing Louisville,Home
2823525733,258,1,1,37,55,dtucewmt49th1p4selfutmnmc,1,21.2,32.5,2025-06-21T00:47:03.768Z,2025-06-21T00:47:07Z,"[{'id': 5776100635, 'qualifierId': 56, 'value': 'Back'}, {'id': 5776100643, 'qualifierId': 213, 'value': '1.59'}, {'id': 5776100641, 'qualifierId': 212, 'value': '21.5'}, {'id': 5776100639, 'qualifierId': 141, 'value': '64.1'}, {'id': 5776100637, 'qualifierId': 140, 'value': '20.9'}]",2mlyh9k0yhv8862rj6hu26j8p,E. Jean,,,Racing Louisville,Home
2823525757,259,1,1,37,58,dtucewmt49th1p4selfutmnmc,1,23.3,71.4,2025-06-21T00:47:07.672Z,2025-06-21T00:47:10Z,"[{'id': 5776100733, 'qualifierId': 212, 'value': '15.0'}, {'id': 5776100729, 'qualifierId': 140, 'value': '35.8'}, {'id': 5776100727, 'qualifierId': 56, 'value': 'Back'}, {'id': 5776100731, 'qualifierId': 141, 'value': '60.6'}, {'id': 5776100735, 'qualifierId': 213, 'value': '5.77'}]",cieyupgmnxecb4emqljudrw89,A. Wright,,,Racing Louisville,Home
2823525767,260,1,1,38,1,dtucewmt49th1p4selfutmnmc,0,35.6,61.8,2025-06-21T00:47:10.152Z,2025-06-21T00:47:11Z,"[{'id': 5776100789, 'qualifierId': 213, 'value': '0.43'}, {'id': 5776100787, 'qualifierId': 212, 'value': '15.0'}, {'id': 5776100783, 'qualifierId': 140, 'value': '48.6'}, {'id': 5776100785, 'qualifierId': 141, 'value': '71.1'}, {'id': 5776100781, 'qualifierId': 56, 'value': 'Back'}]",9tbrhbbmfxq8l363kybl4g7ah,Ary Borges,,,Racing Louisville,Home
2823525779,287,8,1,38,4,966pdxhsoxaib9qt5083h8uus,1,53.1,36.5,2025-06-21T00:47:13Z,2025-06-21T00:47:13Z,"[{'id': 5776100847, 'qualifierId': 56, 'value': 'Center'}]",23nuijdnnuiwzkd5cf7jbyajt,Angelina,,,Orlando Pride,Away
2823525787,288,49,1,38,5,966pdxhsoxaib9qt5083h8uus,1,55.9,55.8,2025-06-21T00:47:14.406Z,2025-06-21T00:47:14Z,[],c811si1xw5he6ih0o1mj94tsl,Marta,,,Orlando Pride,Away
2823525799,289,1,1,38,6,966pdxhsoxaib9qt5083h8uus,1,55.9,55.8,2025-06-21T00:47:14.871Z,2025-06-21T00:47:17Z,"[{'id': 5776101003, 'qualifierId': 212, 'value': '8.9'}, {'id': 5776101005, 'qualifierId': 213, 'value': '0.66'}, {'id': 5776100999, 'qualifierId': 140, 'value': '62.6'}, {'id': 5776100997, 'qualifierId': 56, 'value': 'Center'}, {'id': 5776101001, 'qualifierId': 141, 'value': '63.8'}]",c811si1xw5he6ih0o1mj94tsl,Marta,,,Orlando Pride,Away
2823525809,290,1,1,38,8,966pdxhsoxaib9qt5083h8uus,1,66.4,68.1,2025-06-21T00:47:17.398Z,2025-06-21T00:47:18Z,"[{'id': 5776101069, 'qualifierId': 140, 'value': '63.1'}, {'id': 5776101067, 'qualifierId': 56, 'value': 'Center'}, {'id': 5776101071, 'qualifierId': 141, 'value': '64.5'}, {'id': 5776101075, 'qualifierId': 213, 'value': '3.76'}, {'id': 5776101073, 'qualifierId': 212, 'value': '4.2'}]",68njvqucip0ehuz4eecppvq0a,S. Yates,,,Orlando Pride,Away
2823525815,291,1,1,38,10,966pdxhsoxaib9qt5083h8uus,1,62.0,62.7,2025-06-21T00:47:18.918Z,2025-06-21T00:47:20Z,"[{'id': 5776101115, 'qualifierId': 213, 'value': '4.87'}, {'id': 5776101109, 'qualifierId': 140, 'value': '63.7'}, {'id': 5776101107, 'qualifierId': 56, 'value': 'Center'}, {'id': 5776101111, 'qualifierId': 141, 'value': '45.8'}, {'id': 5776101113, 'qualifierId': 212, 'value': '11.6'}]",c811si1xw5he6ih0o1mj94tsl,Marta,,,Orlando Pride,Away
2823525837,292,1,1,38,12,966pdxhsoxaib9qt5083h8uus,1,64.2,46.1,2025-06-21T00:47:20.742Z,2025-06-21T00:47:28Z,"[{'id': 5776101217, 'qualifierId': 213, 'value': '5.35'}, {'id': 5776101209, 'qualifierId': 56, 'value': 'Right'}, {'id': 5776101213, 'qualifierId': 141, 'value': '14.8'}, {'id': 5776101215, 'qualifierId': 212, 'value': '26.5'}, {'id': 5776101211, 'qualifierId': 140, 'value': '79.2'}]",23nuijdnnuiwzkd5cf7jbyajt,Angelina,,,Orlando Pride,Away
2823525869,293,1,1,38,20,966pdxhsoxaib9qt5083h8uus,1,94.0,22.9,2025-06-21T00:47:28.903Z,2025-06-21T00:47:34Z,"[{'id': 5776101355, 'qualifierId': 212, 'value': '40.0'}, {'id': 5776101351, 'qualifierId': 140, 'value': '91.9'}, {'id': 5776101359, 'qualifierId': 1}, {'id': 5776101353, 'qualifierId': 141, 'value': '81.6'}, {'id': 5776101349, 'qualifierId': 56, 'value': 'Left'}, {'id': 5776101357, 'qualifierId': 213, 'value': '1.63'}, {'id': 5776101347, 'qualifierId': 155}]",eigt6t2rj0k98zt1isqrvtvqh,A. Watt,,,Orlando Pride,Away
2823525923,294,1,1,38,25,966pdxhsoxaib9qt5083h8uus,1,91.9,81.9,2025-06-21T00:47:34.550Z,2025-06-21T00:47:39Z,"[{'id': 5776101563, 'qualifierId': 56, 'value': 'Center'}, {'id': 5776101569, 'qualifierId': 212, 'value': '8.7'}, {'id': 5776101567, 'qualifierId': 141, 'value': '77.7'}, {'id': 5776101571, 'qualifierId': 213, 'value': '3.48'}, {'id': 5776101565, 'qualifierId': 140, 'value': '84.1'}]",c811si1xw5he6ih0o1mj94tsl,Marta,,,Orlando Pride,Away
2823525939,295,1,1,38,30,966pdxhsoxaib9qt5083h8uus,0,87.9,77.7,2025-06-21T00:47:39.702Z,2025-06-21T00:47:41Z,"[{'id': 5776101631, 'qualifierId': 140, 'value': '90.8'}, {'id': 5776101635, 'qualifierId': 212, 'value': '8.6'}, {'id': 5776101633, 'qualifierId': 141, 'value': '65.9'}, {'id': 5776101629, 'qualifierId': 56, 'value': 'Center'}, {'id': 5776101637, 'qualifierId': 213, 'value': '5.08'}]",dyfsbff9jueyw5jhjou424bo4,K. Abello,,,Orlando Pride,Away
2823525929,261,8,1,38,31,dtucewmt49th1p4selfutmnmc,1,5.3,28.7,2025-06-21T00:47:40.282Z,2025-06-21T00:47:40Z,"[{'id': 5776101583, 'qualifierId': 56, 'value': 'Back'}]",asfd5wkedz1u29xt37r6or4rt,S. DeMelo,,,Racing Louisville,Home
2823525947,262,12,1,38,33,dtucewmt49th1p4selfutmnmc,1,1.0,25.0,2025-06-21T00:47:42.009Z,2025-06-21T00:47:44Z,"[{'id': 5776101683, 'qualifierId': 213, 'value': '5.33'}, {'id': 5776101679, 'qualifierId': 141, 'value': '0.0'}, {'id': 5776101675, 'qualifierId': 56, 'value': 'Back'}, {'id': 5776101681, 'qualifierId': 212, 'value': '22.0'}, {'id': 5776101677, 'qualifierId': 140, 'value': '13.2'}, {'id': 5776101703, 'qualifierId': 167}]",7hrw0exutge376ai2uf6frw4q,L. Milliet,,,Racing Louisville,Home
2823525949,263,5,1,38,34,dtucewmt49th1p4selfutmnmc,0,12.6,-1.1,2025-06-21T00:47:43.439Z,2025-06-21T01:04:11Z,"[{'id': 5776101973, 'qualifierId': 233, 'value': '296'}, {'id': 5776101687, 'qualifierId': 56, 'value': 'Back'}, {'id': 5776101689, 'qualifierId': 347}]",7hrw0exutge376ai2uf6frw4q,L. Milliet,,,Racing Louisville,Home
2823525991,296,5,1,38,34,966pdxhsoxaib9qt5083h8uus,1,87.4,101.1,2025-06-21T00:47:43.439Z,2025-06-21T01:04:11Z,"[{'id': 5776101949, 'qualifierId': 56, 'value': 'Left'}, {'id': 5776101953, 'qualifierId': 233, 'value': '263'}, {'id': 5776101951, 'qualifierId': 347}]",dyfsbff9jueyw5jhjou424bo4,K. Abello,,,Orlando Pride,Away
2823526021,297,1,1,38,45,966pdxhsoxaib9qt5083h8uus,1,88.5,100.0,2025-06-21T00:47:54.343Z,2025-06-21T00:47:57Z,"[{'id': 5776102157, 'qualifierId': 107}, {'id': 5776102167, 'qualifierId': 213, 'value': '3.95'}, {'id': 5776102165, 'qualifierId': 212, 'value': '7.3'}, {'id': 5776102159, 'qualifierId': 56, 'value': 'Left'}, {'id': 5776102161, 'qualifierId': 140, 'value': '83.7'}, {'id': 5776102163, 'qualifierId': 141, 'value': '93.0'}]",dyfsbff9jueyw5jhjou424bo4,K. Abello,,,Orlando Pride,Away
2823526053,298,1,1,38,48,966pdxhsoxaib9qt5083h8uus,1,79.4,86.6,2025-06-21T00:47:57.526Z,2025-06-21T00:48:01Z,"[{'id': 5776102351, 'qualifierId': 56, 'value': 'Left'}, {'id': 5776102355, 'qualifierId': 140, 'value': '87.9'}, {'id': 5776102361, 'qualifierId': 213, 'value': '0.31'}, {'id': 5776102359, 'qualifierId': 212, 'value': '9.4'}, {'id': 5776102357, 'qualifierId': 141, 'value': '90.8'}]",c811si1xw5he6ih0o1mj94tsl,Marta,,,Orlando Pride,Away
2823526069,299,1,1,38,52,966pdxhsoxaib9qt5083h8uus,1,94.2,89.9,2025-06-21T00:48:01.495Z,2025-06-21T00:48:04Z,"[{'id': 5776102427, 'qualifierId': 213, 'value': '2.84'}, {'id': 5776102423, 'qualifierId': 141, 'value': '92.0'}, {'id': 5776102419, 'qualifierId': 56, 'value': 'Left'}, {'id': 5776102421, 'qualifierId': 140, 'value': '89.8'}, {'id': 5776102425, 'qualifierId': 212, 'value': '4.8'}]",dyfsbff9jueyw5jhjou424bo4,K. Abello,,,Orlando Pride,Away
2823526071,300,50,1,38,55,966pdxhsoxaib9qt5083h8uus,1,90.4,92.4,2025-06-21T00:48:04.662Z,2025-06-21T00:48:06Z,"[{'id': 5776102435, 'qualifierId': 286}, {'id': 5776102465, 'qualifierId': 233, 'value': '264'}, {'id': 5776102433, 'qualifierId': 56, 'value': 'Left'}]",c811si1xw5he6ih0o1mj94tsl,Marta,,,Orlando Pride,Away
2823526073,264,7,1,38,55,dtucewmt49th1p4selfutmnmc,0,9.6,7.6,2025-06-21T00:48:04.663Z,2025-06-21T00:48:06Z,"[{'id': 5776102439, 'qualifierId': 285}, {'id': 5776102437, 'qualifierId': 56, 'value': 'Back'}, {'id': 5776102453, 'qualifierId': 233, 'value': '300'}]",asfd5wkedz1u29xt37r6or4rt,S. DeMelo,,,Racing Louisville,Home
2823526101,301,1,1,38,57,966pdxhsoxaib9qt5083h8uus,1,85.8,90.0,2025-06-21T00:48:06.246Z,2025-06-21T00:48:08Z,"[{'id': 5776102613, 'qualifierId': 56, 'value': 'Left'}, {'id': 5776102619, 'qualifierId': 212, 'value': '12.6'}, {'id': 5776102617, 'qualifierId': 141, 'value': '88.7'}, {'id': 5776102621, 'qualifierId': 213, 'value': '3.21'}, {'id': 5776102615, 'qualifierId': 140, 'value': '73.8'}]",dyfsbff9jueyw5jhjou424bo4,K. Abello,,,Orlando Pride,Away
2823526111,302,1,1,38,59,966pdxhsoxaib9qt5083h8uus,1,72.4,89.4,2025-06-21T00:48:08.342Z,2025-06-21T00:48:10Z,"[{'id': 5776102661, 'qualifierId': 141, 'value': '90.9'}, {'id': 5776102665, 'qualifierId': 213, 'value': '0.15'}, {'id': 5776102659, 'qualifierId': 140, 'value': '78.7'}, {'id': 5776102657, 'qualifierId': 56, 'value': 'Left'}, {'id': 5776102663, 'qualifierId': 212, 'value': '6.7'}]",1uf4321zvio3hrwfu4z4jxp7t,K. Nadaner,,,Orlando Pride,Away
2823526113,303,3,1,39,1,966pdxhsoxaib9qt5083h8uus,0,79.8,92.8,2025-06-21T00:48:09.801Z,2025-06-21T00:48:13Z,"[{'id': 5776102669, 'qualifierId': 56, 'value': 'Left'}, {'id': 5776102737, 'qualifierId': 233, 'value': '265'}, {'id': 5776102671, 'qualifierId': 286}]",dyfsbff9jueyw5jhjou424bo4,K. Abello,,,Orlando Pride,Away
2823526121,265,7,1,39,1,dtucewmt49th1p4selfutmnmc,1,20.2,7.2,2025-06-21T00:48:09.802Z,2025-06-21T00:48:13Z,"[{'id': 5776102705, 'qualifierId': 167}, {'id': 5776102713, 'qualifierId': 233, 'value': '303'}, {'id': 5776102709, 'qualifierId': 285}, {'id': 5776102707, 'qualifierId': 56, 'value': 'Back'}]",asfd5wkedz1u29xt37r6or4rt,S. DeMelo,,,Racing Louisville,Home
2823526139,266,5,1,39,2,dtucewmt49th1p4selfutmnmc,0,19.7,-1.0,2025-06-21T00:48:11.419Z,2025-06-21T01:04:12Z,"[{'id': 5776102803, 'qualifierId': 56, 'value': 'Back'}, {'id': 5776102805, 'qualifierId': 347}, {'id': 5776103007, 'qualifierId': 233, 'value': '304'}]",asfd5wkedz1u29xt37r6or4rt,S. DeMelo,,,Racing Louisville,Home
2823526173,304,5,1,39,2,966pdxhsoxaib9qt5083h8uus,1,80.3,101.0,2025-06-21T00:48:11.419Z,2025-06-21T01:04:12Z,"[{'id': 5776102995, 'qualifierId': 56, 'value': 'Left'}, {'id': 5776102997, 'qualifierId': 347}, {'id': 5776102999, 'qualifierId': 233, 'value': '266'}]",dyfsbff9jueyw5jhjou424bo4,K. Abello,,,Orlando Pride,Away
2823526189,305,1,1,39,12,966pdxhsoxaib9qt5083h8uus,1,80.8,100.0,2025-06-21T00:48:21.206Z,2025-06-21T00:48:23Z,"[{'id': 5776103099, 'qualifierId': 107}, {'id': 5776103107, 'qualifierId': 212, 'value': '9.5'}, {'id': 5776103101, 'qualifierId': 56, 'value': 'Left'}, {'id': 5776103105, 'qualifierId': 141, 'value': '93.2'}, {'id': 5776103103, 'qualifierId': 140, 'value': '88.3'}, {'id': 5776103109, 'qualifierId': 213, 'value': '5.69'}]",dyfsbff9jueyw5jhjou424bo4,K. Abello,,,Orlando Pride,Away
2823526193,306,1,1,39,14,966pdxhsoxaib9qt5083h8uus,0,89.0,93.2,2025-06-21T00:48:23.591Z,2025-06-21T00:48:24Z,"[{'id': 5776103131, 'qualifierId': 212, 'value': '3.3'}, {'id': 5776103125, 'qualifierId': 56, 'value': 'Left'}, {'id': 5776103129, 'qualifierId': 141, 'value': '95.6'}, {'id': 5776103127, 'qualifierId': 140, 'value': '86.3'}, {'id': 5776103133, 'qualifierId': 213, 'value': '2.62'}]",68njvqucip0ehuz4eecppvq0a,S. Yates,,,Orlando Pride,Away
2823526195,267,61,1,39,16,dtucewmt49th1p4selfutmnmc,1,15.5,3.5,2025-06-21T00:48:24.983Z,2025-06-21T00:48:25Z,"[{'id': 5776103135, 'qualifierId': 56, 'value': 'Back'}]",asfd5wkedz1u29xt37r6or4rt,S. DeMelo,,,Racing Louisville,Home
2823526209,307,1,1,39,17,966pdxhsoxaib9qt5083h8uus,1,85.7,95.0,2025-06-21T00:48:25.814Z,2025-06-21T00:48:27Z,"[{'id': 5776103203, 'qualifierId': 212, 'value': '6.0'}, {'id': 5776103205, 'qualifierId': 213, 'value': '4.05'}, {'id': 5776103201, 'qualifierId': 141, 'value': '88.1'}, {'id': 5776103199, 'qualifierId': 140, 'value': '82.2'}, {'id': 5776103197, 'qualifierId': 56, 'value': 'Left'}]",dyfsbff9jueyw5jhjou424bo4,K. Abello,,,Orlando Pride,Away
2823526245,308,1,1,39,18,966pdxhsoxaib9qt5083h8uus,1,81.8,87.8,2025-06-21T00:48:27.031Z,2025-06-21T00:48:41Z,"[{'id': 5776103357, 'qualifierId': 56, 'value': 'Center'}, {'id': 5776103591, 'qualifierId': 210, 'value': '15'}, {'id': 5776103363, 'qualifierId': 212, 'value': '13.1'}, {'id': 5776103361, 'qualifierId': 141, 'value': '72.6'}, {'id': 5776103365, 'qualifierId': 213, 'value': '4.05'}, {'id': 5776103359, 'qualifierId': 140, 'value': '74.2'}]",c811si1xw5he6ih0o1mj94tsl,Marta,1.0,,Orlando Pride,Away
2823526247,309,15,1,39,21,966pdxhsoxaib9qt5083h8uus,1,72.6,71.4,2025-06-21T00:48:30.167Z,2025-06-21T00:48:42Z,"[{'id': 5776103375, 'qualifierId': 18}, {'id': 5776103605, 'qualifierId': 76}, {'id': 5776103373, 'qualifierId': 22}, {'id': 5776103615, 'qualifierId': 103, 'value': '3.2'}, {'id': 5776103621, 'qualifierId': 147, 'value': '50.7'}, {'id': 5776103613, 'qualifierId': 102, 'value': '54.3'}, {'id': 5776103625, 'qualifierId': 233, 'value': '268'}, {'id': 5776103609, 'qualifierId': 55, 'value': '308'}, {'id': 5776103617, 'qualifierId': 215}, {'id': 5776103507, 'qualifierId': 20}, {'id': 5776103607, 'qualifierId': 29}, {'id': 5776103377, 'qualifierId': 56, 'value': 'Center'}, {'id': 5776103619, 'qualifierId': 146, 'value': '98.9'}]",23nuijdnnuiwzkd5cf7jbyajt,Angelina,,,Orlando Pride,Away
2823526249,268,10,1,39,21,dtucewmt49th1p4selfutmnmc,1,0.7,45.5,2025-06-21T00:48:30.267Z,2025-06-21T00:48:42Z,"[{'id': 5776103389, 'qualifierId': 173}, {'id': 5776103511, 'qualifierId': 179}, {'id': 5776103395, 'qualifierId': 56, 'value': 'Back'}, {'id': 5776103635, 'qualifierId': 233, 'value': '309'}, {'id': 5776103393, 'qualifierId': 182}]",24lhpn1z5ikitapll48t1z7kk,J. Bloomer,,,Racing Louisville,Home
2823526253,269,6,1,39,23,dtucewmt49th1p4selfutmnmc,0,11.4,38.6,2025-06-21T00:48:32.391Z,2025-06-21T01:04:14Z,"[{'id': 5776103401, 'qualifierId': 56, 'value': 'Back'}, {'id': 5776103449, 'qualifierId': 233, 'value': '310'}, {'id': 5776103403, 'qualifierId': 73}]",24lhpn1z5ikitapll48t1z7kk,J. Bloomer,,,Racing Louisville,Home
2823526251,310,6,1,39,23,966pdxhsoxaib9qt5083h8uus,1,88.6,61.4,2025-06-21T00:48:32.391Z,2025-06-21T00:48:36Z,"[{'id': 5776103431, 'qualifierId': 233, 'value': '269'}, {'id': 5776103405, 'qualifierId': 56, 'value': 'Center'}, {'id': 5776103407, 'qualifierId': 73}]",23nuijdnnuiwzkd5cf7jbyajt,Angelina,,,Orlando Pride,Away
2823526359,311,1,1,39,48,966pdxhsoxaib9qt5083h8uus,1,99.5,99.5,2025-06-21T00:48:57.558Z,2025-06-21T00:48:59Z,"[{'id': 5776103989, 'qualifierId': 6}, {'id': 5776103997, 'qualifierId': 212, 'value': '12.8'}, {'id': 5776103991, 'qualifierId': 56, 'value': 'Left'}, {'id': 5776103995, 'qualifierId': 141, 'value': '93.5'}, {'id': 5776103993, 'qualifierId': 140, 'value': '87.9'}, {'id': 5776103999, 'qualifierId': 213, 'value': '3.46'}]",68njvqucip0ehuz4eecppvq0a,S. Yates,,,Orlando Pride,Away
2823526363,312,1,1,39,50,966pdxhsoxaib9qt5083h8uus,1,86.8,92.1,2025-06-21T00:48:59.366Z,2025-06-21T00:49:13Z,"[{'id': 5776104021, 'qualifierId': 140, 'value': '76.4'}, {'id': 5776104485, 'qualifierId': 210, 'value': '15'}, {'id': 5776104019, 'qualifierId': 56, 'value': 'Center'}, {'id': 5776104025, 'qualifierId': 212, 'value': '16.0'}, {'id': 5776104023, 'qualifierId': 141, 'value': '75.0'}, {'id': 5776104027, 'qualifierId': 213, 'value': '3.96'}]",c811si1xw5he6ih0o1mj94tsl,Marta,1.0,,Orlando Pride,Away
2823526383,313,15,1,39,54,966pdxhsoxaib9qt5083h8uus,1,75.9,71.6,2025-06-21T00:49:03.477Z,2025-06-21T00:49:14Z,"[{'id': 5776104503, 'qualifierId': 55, 'value': '312'}, {'id': 5776104501, 'qualifierId': 29}, {'id': 5776104183, 'qualifierId': 18}, {'id': 5776104511, 'qualifierId': 215}, {'id': 5776104499, 'qualifierId': 78}, {'id': 5776104383, 'qualifierId': 82}, {'id': 5776104515, 'qualifierId': 147, 'value': '61.7'}, {'id': 5776104513, 'qualifierId': 146, 'value': '87.5'}, {'id': 5776104525, 'qualifierId': 233, 'value': '270'}, {'id': 5776104185, 'qualifierId': 56, 'value': 'Center'}, {'id': 5776104509, 'qualifierId': 103, 'value': '19'}, {'id': 5776104377, 'qualifierId': 25}, {'id': 5776104517, 'qualifierId': 230, 'value': '98.5'}, {'id': 5776104507, 'qualifierId': 102, 'value': '51.0'}, {'id': 5776104379, 'qualifierId': 20}, {'id': 5776104519, 'qualifierId': 231, 'value': '52.3'}]",23nuijdnnuiwzkd5cf7jbyajt,Angelina,,,Orlando Pride,Away
2823526385,270,10,1,39,54,dtucewmt49th1p4selfutmnmc,1,12.5,38.3,2025-06-21T00:49:03.577Z,2025-06-21T00:49:19Z,"[{'id': 5776104193, 'qualifierId': 94}, {'id': 5776104529, 'qualifierId': 233, 'value': '313'}, {'id': 5776104195, 'qualifierId': 56, 'value': 'Back'}]",cieyupgmnxecb4emqljudrw89,A. Wright,,,Racing Louisville,Home
2823526391,271,6,1,39,55,dtucewmt49th1p4selfutmnmc,0,16.2,35.2,2025-06-21T00:49:04.503Z,2025-06-21T01:04:15Z,"[{'id': 5776104233, 'qualifierId': 73}, {'id': 5776104295, 'qualifierId': 233, 'value': '314'}, {'id': 5776104231, 'qualifierId': 56, 'value': 'Back'}]",cieyupgmnxecb4emqljudrw89,A. Wright,,,Racing Louisville,Home
2823526387,314,6,1,39,55,966pdxhsoxaib9qt5083h8uus,1,83.8,64.8,2025-06-21T00:49:04.503Z,2025-06-21T00:49:09Z,"[{'id': 5776104257, 'qualifierId': 75}, {'id': 5776104255, 'qualifierId': 56, 'value': 'Center'}, {'id': 5776104263, 'qualifierId': 233, 'value': '271'}]",23nuijdnnuiwzkd5cf7jbyajt,Angelina,,,Orlando Pride,Away
2823526537,315,1,1,40,25,966pdxhsoxaib9qt5083h8uus,1,99.5,0.5,2025-06-21T00:49:34.326Z,2025-06-21T00:49:40Z,"[{'id': 5776105149, 'qualifierId': 141, 'value': '7.6'}, {'id': 5776105153, 'qualifierId': 213, 'value': '2.76'}, {'id': 5776105143, 'qualifierId': 6}, {'id': 5776105151, 'qualifierId': 212, 'value': '12.9'}, {'id': 5776105145, 'qualifierId': 56, 'value': 'Right'}, {'id': 5776105147, 'qualifierId': 140, 'value': '88.1'}]",c811si1xw5he6ih0o1mj94tsl,Marta,,,Orlando Pride,Away
2823526549,316,1,1,40,27,966pdxhsoxaib9qt5083h8uus,1,86.7,7.6,2025-06-21T00:49:36.342Z,2025-06-21T00:49:39Z,"[{'id': 5776105209, 'qualifierId': 56, 'value': 'Right'}, {'id': 5776105217, 'qualifierId': 213, 'value': '2.76'}, {'id': 5776105211, 'qualifierId': 140, 'value': '78.8'}, {'id': 5776105215, 'qualifierId': 212, 'value': '8.9'}, {'id': 5776105213, 'qualifierId': 141, 'value': '12.5'}]",68njvqucip0ehuz4eecppvq0a,S. Yates,,,Orlando Pride,Away
2823526557,317,1,1,40,30,966pdxhsoxaib9qt5083h8uus,1,76.8,25.1,2025-06-21T00:49:38.950Z,2025-06-21T00:49:40Z,"[{'id': 5776105281, 'qualifierId': 141, 'value': '32.5'}, {'id': 5776105285, 'qualifierId': 213, 'value': '2.34'}, {'id': 5776105283, 'qualifierId': 212, 'value': '7.0'}, {'id': 5776105279, 'qualifierId': 140, 'value': '72.2'}, {'id': 5776105277, 'qualifierId': 56, 'value': 'Center'}]",c811si1xw5he6ih0o1mj94tsl,Marta,,,Orlando Pride,Away
2823526565,318,1,1,40,31,966pdxhsoxaib9qt5083h8uus,0,72.2,32.5,2025-06-21T00:49:40.630Z,2025-06-21T00:49:43Z,"[{'id': 5776105339, 'qualifierId': 155}, {'id': 5776105341, 'qualifierId': 56, 'value': 'Center'}, {'id': 5776105345, 'qualifierId': 141, 'value': '43.6'}, {'id': 5776105343, 'qualifierId': 140, 'value': '81.5'}, {'id': 5776105349, 'qualifierId': 213, 'value': '0.66'}, {'id': 5776105347, 'qualifierId': 212, 'value': '12.3'}]",23nuijdnnuiwzkd5cf7jbyajt,Angelina,,,Orlando Pride,Away
2823526581,273,44,1,40,34,dtucewmt49th1p4selfutmnmc,1,15.7,53.8,2025-06-21T00:49:42.821Z,2025-06-21T01:04:31Z,"[{'id': 5776105431, 'qualifierId': 233, 'value': '319'}, {'id': 5776105427, 'qualifierId': 56, 'value': 'Back'}, {'id': 5776105429, 'qualifierId': 285}]",9e65qlc7dfjkajyhzhak8sc7p,J. Sonis,,,Racing Louisville,Home
2823526567,319,44,1,40,34,966pdxhsoxaib9qt5083h8uus,0,84.3,46.2,2025-06-21T00:49:42.822Z,2025-06-21T01:04:32Z,"[{'id': 5776105353, 'qualifierId': 56, 'value': 'Center'}, {'id': 5776105441, 'qualifierId': 233, 'value': '273'}, {'id': 5776105355, 'qualifierId': 286}]",e2obgph6szyo04em3qr94g1qt,B. Banda,,,Orlando Pride,Away
2823526577,272,43,1,40,34,dtucewmt49th1p4selfutmnmc,1,0.0,0.0,2025-06-21T00:49:43.485Z,2025-06-21T00:49:52Z,"[{'id': 5776105399, 'qualifierId': 3, 'value': '0'}, {'id': 5776105411, 'qualifierId': 213, 'value': '3.14'}, {'id': 5776105407, 'qualifierId': 141, 'value': '49.7'}, {'id': 5776105401, 'qualifierId': 168, 'value': '0'}, {'id': 5776105405, 'qualifierId': 140, 'value': '11.2'}, {'id': 5776105695, 'qualifierId': 144, 'value': '1'}, {'id': 5776105403, 'qualifierId': 56, 'value': 'Back'}, {'id': 5776105409, 'qualifierId': 212, 'value': '0'}]",7hrw0exutge376ai2uf6frw4q,L. Milliet,,,Racing Louisville,Home
2823526585,274,12,1,40,34,dtucewmt49th1p4selfutmnmc,1,11.2,49.7,2025-06-21T00:49:43.685Z,2025-06-21T01:08:03Z,"[{'id': 5776105467, 'qualifierId': 140, 'value': '19.5'}, {'id': 5776105469, 'qualifierId': 141, 'value': '62.4'}, {'id': 5776105471, 'qualifierId': 212, 'value': '12.3'}, {'id': 5776105475, 'qualifierId': 15}, {'id': 5776105473, 'qualifierId': 213, 'value': '0.78'}, {'id': 5776105465, 'qualifierId': 56, 'value': 'Back'}]",9e65qlc7dfjkajyhzhak8sc7p,J. Sonis,,,Racing Louisville,Home
2823526593,320,1,1,40,35,966pdxhsoxaib9qt5083h8uus,1,77.8,38.3,2025-06-21T00:49:44.310Z,2025-06-21T00:49:55Z,"[{'id': 5776105779, 'qualifierId': 210, 'value': '15'}, {'id': 5776105511, 'qualifierId': 141, 'value': '26.3'}, {'id': 5776105515, 'qualifierId': 213, 'value': '4.24'}, {'id': 5776105507, 'qualifierId': 56, 'value': 'Center'}, {'id': 5776105509, 'qualifierId': 140, 'value': '73.8'}, {'id': 5776105513, 'qualifierId': 212, 'value': '9.2'}]",68njvqucip0ehuz4eecppvq0a,S. Yates,1.0,,Orlando Pride,Away
2823526599,321,15,1,40,38,966pdxhsoxaib9qt5083h8uus,1,73.8,26.3,2025-06-21T00:49:46.902Z,2025-06-21T00:50:18Z,"[{'id': 5776105805, 'qualifierId': 103, 'value': '17.7'}, {'id': 5776105593, 'qualifierId': 20}, {'id': 5776105803, 'qualifierId': 102, 'value': '47.9'}, {'id': 5776105795, 'qualifierId': 80}, {'id': 5776105811, 'qualifierId': 147, 'value': '47.7'}, {'id': 5776105793, 'qualifierId': 25}, {'id': 5776105815, 'qualifierId': 233, 'value': '275'}, {'id': 5776105545, 'qualifierId': 56, 'value': 'Center'}, {'id': 5776105797, 'qualifierId': 29}, {'id': 5776105543, 'qualifierId': 18}, {'id': 5776105809, 'qualifierId': 146, 'value': '98.9'}, {'id': 5776105799, 'qualifierId': 55, 'value': '320'}, {'id': 5776105807, 'qualifierId': 215}]",23nuijdnnuiwzkd5cf7jbyajt,Angelina,,,Orlando Pride,Away
2823526605,275,10,1,40,38,dtucewmt49th1p4selfutmnmc,1,1.0,50.9,2025-06-21T00:49:47.002Z,2025-06-21T00:49:56Z,"[{'id': 5776105591, 'qualifierId': 56, 'value': 'Back'}, {'id': 5776105589, 'qualifierId': 182}, {'id': 5776105823, 'qualifierId': 233, 'value': '321'}, {'id': 5776105655, 'qualifierId': 177}, {'id': 5776105587, 'qualifierId': 178}]",24lhpn1z5ikitapll48t1z7kk,J. Bloomer,,,Racing Louisville,Home
2823526621,276,52,1,40,39,dtucewmt49th1p4selfutmnmc,1,1.0,50.9,2025-06-21T00:49:48.440Z,2025-06-21T00:49:50Z,[],24lhpn1z5ikitapll48t1z7kk,J. Bloomer,,,Racing Louisville,Home
2823526651,277,1,1,40,49,dtucewmt49th1p4selfutmnmc,1,9.9,47.2,2025-06-21T00:49:58.493Z,2025-06-21T00:50:36Z,"[{'id': 5776105881, 'qualifierId': 212, 'value': '27.1'}, {'id': 5776105875, 'qualifierId': 56, 'value': 'Back'}, {'id': 5776105879, 'qualifierId': 141, 'value': '12.5'}, {'id': 5776105883, 'qualifierId': 213, 'value': '5.22'}, {'id': 5776105873, 'qualifierId': 123}, {'id': 5776106757, 'qualifierId': 189}, {'id': 5776105877, 'qualifierId': 140, 'value': '22.5'}]",24lhpn1z5ikitapll48t1z7kk,J. Bloomer,,,Racing Louisville,Home
2823526671,278,1,1,40,53,dtucewmt49th1p4selfutmnmc,1,28.6,5.0,2025-06-21T00:50:02.685Z,2025-06-21T00:50:03Z,"[{'id': 5776105973, 'qualifierId': 140, 'value': '20.6'}, {'id': 5776105979, 'qualifierId': 213, 'value': '2.35'}, {'id': 5776105977, 'qualifierId': 212, 'value': '12.0'}, {'id': 5776105971, 'qualifierId': 56, 'value': 'Back'}, {'id': 5776105975, 'qualifierId': 141, 'value': '17.6'}]",9e65qlc7dfjkajyhzhak8sc7p,J. Sonis,,,Racing Louisville,Home
2823526677,279,1,1,40,54,dtucewmt49th1p4selfutmnmc,1,20.6,17.6,2025-06-21T00:50:03.294Z,2025-06-21T00:50:53Z,"[{'id': 5776106015, 'qualifierId': 140, 'value': '26.5'}, {'id': 5776106019, 'qualifierId': 212, 'value': '8.1'}, {'id': 5776106017, 'qualifierId': 141, 'value': '25.3'}, {'id': 5776106021, 'qualifierId': 213, 'value': '0.70'}, {'id': 5776106013, 'qualifierId': 56, 'value': 'Back'}]",7hrw0exutge376ai2uf6frw4q,L. Milliet,,,Racing Louisville,Home
2823526683,280,1,1,40,56,dtucewmt49th1p4selfutmnmc,1,26.5,25.3,2025-06-21T00:50:05.101Z,2025-06-21T00:50:07Z,"[{'id': 5776106053, 'qualifierId': 212, 'value': '20.8'}, {'id': 5776106049, 'qualifierId': 140, 'value': '41.3'}, {'id': 5776106047, 'qualifierId': 56, 'value': 'Back'}, {'id': 5776106055, 'qualifierId': 213, 'value': '5.55'}, {'id': 5776106051, 'qualifierId': 141, 'value': '4.9'}]",8q0rkr3gz7hz1ssdx3fkro0a2,T. Flint,,,Racing Louisville,Home
2823526685,281,61,1,40,58,dtucewmt49th1p4selfutmnmc,0,41.3,4.9,2025-06-21T00:50:07.277Z,2025-06-21T00:50:07Z,"[{'id': 5776106059, 'qualifierId': 56, 'value': 'Back'}]",9e65qlc7dfjkajyhzhak8sc7p,J. Sonis,,,Racing Louisville,Home
2823526689,282,5,1,40,59,dtucewmt49th1p4selfutmnmc,0,46.4,-1.0,2025-06-21T00:50:07.863Z,2025-06-21T01:04:12Z,"[{'id': 5776106061, 'qualifierId': 56, 'value': 'Back'}, {'id': 5776106221, 'qualifierId': 233, 'value': '322'}, {'id': 5776106063, 'qualifierId': 347}]",9e65qlc7dfjkajyhzhak8sc7p,J. Sonis,,,Racing Louisville,Home
2823526711,322,5,1,40,59,966pdxhsoxaib9qt5083h8uus,1,53.6,101.0,2025-06-21T00:50:07.863Z,2025-06-21T01:04:12Z,"[{'id': 5776106199, 'qualifierId': 347}, {'id': 5776106213, 'qualifierId': 233, 'value': '282'}, {'id': 5776106197, 'qualifierId': 56, 'value': 'Left'}]",e2obgph6szyo04em3qr94g1qt,B. Banda,,,Orlando Pride,Away
2823526723,323,1,1,41,5,966pdxhsoxaib9qt5083h8uus,1,43.8,100.0,2025-06-21T00:50:14.454Z,2025-06-21T00:50:15Z,"[{'id': 5776106263, 'qualifierId': 140, 'value': '39.3'}, {'id': 5776106269, 'qualifierId': 213, 'value': '4.17'}, {'id': 5776106261, 'qualifierId': 56, 'value': 'Back'}, {'id': 5776106259, 'qualifierId': 107}, {'id': 5776106265, 'qualifierId': 141, 'value': '89.4'}, {'id': 5776106267, 'qualifierId': 212, 'value': '9.2'}]",dyfsbff9jueyw5jhjou424bo4,K. Abello,,,Orlando Pride,Away
2823526729,324,1,1,41,7,966pdxhsoxaib9qt5083h8uus,1,39.2,84.8,2025-06-21T00:50:15.910Z,2025-06-21T00:50:18Z,"[{'id': 5776106283, 'qualifierId': 140, 'value': '31.1'}, {'id': 5776106287, 'qualifierId': 212, 'value': '23.9'}, {'id': 5776106289, 'qualifierId': 213, 'value': '4.35'}, {'id': 5776106281, 'qualifierId': 56, 'value': 'Back'}, {'id': 5776106285, 'qualifierId': 141, 'value': '51.9'}]",1uf4321zvio3hrwfu4z4jxp7t,K. Nadaner,,,Orlando Pride,Away
2823526745,325,1,1,41,11,966pdxhsoxaib9qt5083h8uus,1,29.0,44.5,2025-06-21T00:50:20.070Z,2025-06-21T00:50:22Z,"[{'id': 5776106367, 'qualifierId': 213, 'value': '4.81'}, {'id': 5776106365, 'qualifierId': 212, 'value': '13.9'}, {'id': 5776106359, 'qualifierId': 56, 'value': 'Back'}, {'id': 5776106361, 'qualifierId': 140, 'value': '30.3'}, {'id': 5776106363, 'qualifierId': 141, 'value': '24.1'}]",9yvkpwm78jaqr321imfc3rrbo,E. Sams,,,Orlando Pride,Away
2823526751,326,1,1,41,13,966pdxhsoxaib9qt5083h8uus,1,31.6,20.3,2025-06-21T00:50:22.422Z,2025-06-21T00:50:23Z,"[{'id': 5776106409, 'qualifierId': 56, 'value': 'Back'}, {'id': 5776106417, 'qualifierId': 213, 'value': '5.50'}, {'id': 5776106415, 'qualifierId': 212, 'value': '15.3'}, {'id': 5776106411, 'qualifierId': 140, 'value': '41.9'}, {'id': 5776106413, 'qualifierId': 141, 'value': '4.4'}]",dy302yj9tjby62ur1u8ab8rxm,C. Dyke,,,Orlando Pride,Away
2823526759,327,1,1,41,15,966pdxhsoxaib9qt5083h8uus,0,41.9,4.4,2025-06-21T00:50:23.782Z,2025-06-21T00:50:25Z,"[{'id': 5776106471, 'qualifierId': 213, 'value': '0.84'}, {'id': 5776106469, 'qualifierId': 212, 'value': '21.9'}, {'id': 5776106467, 'qualifierId': 141, 'value': '28.3'}, {'id': 5776106463, 'qualifierId': 56, 'value': 'Center'}, {'id': 5776106465, 'qualifierId': 140, 'value': '55.9'}]",eigt6t2rj0k98zt1isqrvtvqh,A. Watt,,,Orlando Pride,Away
2823526761,283,49,1,41,17,dtucewmt49th1p4selfutmnmc,1,41.3,78.6,2025-06-21T00:50:25.742Z,2025-06-21T00:50:25Z,[],asfd5wkedz1u29xt37r6or4rt,S. DeMelo,,,Racing Louisville,Home
2823526775,284,1,1,41,18,dtucewmt49th1p4selfutmnmc,1,43.9,87.3,2025-06-21T00:50:27.086Z,2025-06-21T00:50:29Z,"[{'id': 5776106531, 'qualifierId': 213, 'value': '6.14'}, {'id': 5776106525, 'qualifierId': 140, 'value': '58.7'}, {'id': 5776106527, 'qualifierId': 141, 'value': '84.0'}, {'id': 5776106529, 'qualifierId': 212, 'value': '15.7'}, {'id': 5776106523, 'qualifierId': 56, 'value': 'Left'}]",asfd5wkedz1u29xt37r6or4rt,S. DeMelo,,,Racing Louisville,Home
2823526777,285,61,1,41,20,dtucewmt49th1p4selfutmnmc,0,58.7,84.0,2025-06-21T00:50:29.311Z,2025-06-21T00:50:29Z,"[{'id': 5776106539, 'qualifierId': 56, 'value': 'Left'}]",br17lkx91icsoqiibmufa23v8,E. Sears,,,Racing Louisville,Home
2823526781,328,49,1,41,21,966pdxhsoxaib9qt5083h8uus,1,38.3,27.5,2025-06-21T00:50:30.214Z,2025-06-21T00:50:30Z,[],eigt6t2rj0k98zt1isqrvtvqh,A. Watt,,,Orlando Pride,Away
2823526807,329,1,1,41,24,966pdxhsoxaib9qt5083h8uus,1,41.2,33.1,2025-06-21T00:50:32.838Z,2025-06-21T00:50:34Z,"[{'id': 5776106727, 'qualifierId': 213, 'value': '1.87'}, {'id': 5776106723, 'qualifierId': 141, 'value': '55.7'}, {'id': 5776106725, 'qualifierId': 212, 'value': '16.1'}, {'id': 5776106721, 'qualifierId': 140, 'value': '36.7'}, {'id': 5776106719, 'qualifierId': 56, 'value': 'Back'}]",eigt6t2rj0k98zt1isqrvtvqh,A. Watt,,,Orlando Pride,Away
2823526815,330,1,1,41,26,966pdxhsoxaib9qt5083h8uus,1,36.7,55.7,2025-06-21T00:50:34.758Z,2025-06-21T00:50:35Z,"[{'id': 5776106763, 'qualifierId': 141, 'value': '66.5'}, {'id': 5776106765, 'qualifierId': 212, 'value': '8.0'}, {'id': 5776106759, 'qualifierId': 56, 'value': 'Back'}, {'id': 5776106761, 'qualifierId': 140, 'value': '33.7'}, {'id': 5776106767, 'qualifierId': 213, 'value': '1.98'}]",3cyj9a2fjtx4xd0bqdh6g3azu,H. McCutcheon,,,Orlando Pride,Away
2823526849,331,1,1,41,27,966pdxhsoxaib9qt5083h8uus,1,33.7,66.5,2025-06-21T00:50:35.798Z,2025-06-21T00:50:40Z,"[{'id': 5776106969, 'qualifierId': 213, 'value': '4.20'}, {'id': 5776106967, 'qualifierId': 212, 'value': '8.8'}, {'id': 5776106963, 'qualifierId': 140, 'value': '29.6'}, {'id': 5776106965, 'qualifierId': 141, 'value': '55.2'}, {'id': 5776106961, 'qualifierId': 56, 'value': 'Back'}]",dyfsbff9jueyw5jhjou424bo4,K. Abello,,,Orlando Pride,Away
2823526867,332,1,1,41,31,966pdxhsoxaib9qt5083h8uus,0,30.5,57.6,2025-06-21T00:50:40.086Z,2025-06-21T00:50:42Z,"[{'id': 5776107057, 'qualifierId': 140, 'value': '64.5'}, {'id': 5776107065, 'qualifierId': 1}, {'id': 5776107059, 'qualifierId': 141, 'value': '79.4'}, {'id': 5776107061, 'qualifierId': 212, 'value': '38.7'}, {'id': 5776107053, 'qualifierId': 155}, {'id': 5776107055, 'qualifierId': 56, 'value': 'Left'}, {'id': 5776107063, 'qualifierId': 213, 'value': '0.39'}]",1uf4321zvio3hrwfu4z4jxp7t,K. Nadaner,,,Orlando Pride,Away
2823526865,286,49,1,41,33,dtucewmt49th1p4selfutmnmc,1,40.3,10.7,2025-06-21T00:50:42.420Z,2025-06-21T00:50:42Z,[],7hrw0exutge376ai2uf6frw4q,L. Milliet,,,Racing Louisville,Home
2823526891,287,4,1,41,37,dtucewmt49th1p4selfutmnmc,1,58.1,12.8,2025-06-21T00:50:46.063Z,2025-06-21T01:04:15Z,"[{'id': 5776107213, 'qualifierId': 56, 'value': 'Right'}, {'id': 5776107219, 'qualifierId': 286}, {'id': 5776107217, 'qualifierId': 265}, {'id': 5776107211, 'qualifierId': 13}, {'id': 5776107301, 'qualifierId': 233, 'value': '333'}, {'id': 5776107215, 'qualifierId': 152}]",7hrw0exutge376ai2uf6frw4q,L. Milliet,,,Racing Louisville,Home
2823526897,333,4,1,41,37,966pdxhsoxaib9qt5083h8uus,0,41.9,87.2,2025-06-21T00:50:46.064Z,2025-06-21T01:04:16Z,"[{'id': 5776107293, 'qualifierId': 56, 'value': 'Back'}, {'id': 5776107297, 'qualifierId': 265}, {'id': 5776107299, 'qualifierId': 285}, {'id': 5776107305, 'qualifierId': 233, 'value': '287'}, {'id': 5776107291, 'qualifierId': 13}, {'id': 5776107295, 'qualifierId': 152}]",e2obgph6szyo04em3qr94g1qt,B. Banda,,,Orlando Pride,Away
2823526975,288,1,1,41,54,dtucewmt49th1p4selfutmnmc,1,57.2,5.9,2025-06-21T00:51:02.831Z,2025-06-21T00:51:09Z,"[{'id': 5776107687, 'qualifierId': 212, 'value': '25.5'}, {'id': 5776107677, 'qualifierId': 5}, {'id': 5776107689, 'qualifierId': 213, 'value': '1.80'}, {'id': 5776107683, 'qualifierId': 140, 'value': '51.7'}, {'id': 5776107679, 'qualifierId': 152}, {'id': 5776107685, 'qualifierId': 141, 'value': '42.5'}, {'id': 5776107681, 'qualifierId': 56, 'value': 'Center'}]",2mlyh9k0yhv8862rj6hu26j8p,E. Jean,,,Racing Louisville,Home
2823526985,289,1,1,42,0,dtucewmt49th1p4selfutmnmc,1,54.9,46.6,2025-06-21T00:51:09.039Z,2025-06-21T00:51:10Z,"[{'id': 5776107735, 'qualifierId': 140, 'value': '66.4'}, {'id': 5776107739, 'qualifierId': 212, 'value': '12.5'}, {'id': 5776107737, 'qualifierId': 141, 'value': '51.3'}, {'id': 5776107741, 'qualifierId': 213, 'value': '0.26'}, {'id': 5776107733, 'qualifierId': 56, 'value': 'Center'}]",cieyupgmnxecb4emqljudrw89,A. Wright,,,Racing Louisville,Home
2823526993,290,1,1,42,1,dtucewmt49th1p4selfutmnmc,1,66.4,51.3,2025-06-21T00:51:10.399Z,2025-06-21T00:51:11Z,"[{'id': 5776107787, 'qualifierId': 140, 'value': '53.1'}, {'id': 5776107789, 'qualifierId': 141, 'value': '54.5'}, {'id': 5776107791, 'qualifierId': 212, 'value': '14.1'}, {'id': 5776107793, 'qualifierId': 213, 'value': '2.99'}, {'id': 5776107785, 'qualifierId': 56, 'value': 'Center'}]",8q0rkr3gz7hz1ssdx3fkro0a2,T. Flint,,,Racing Louisville,Home
2823527005,291,1,1,42,3,dtucewmt49th1p4selfutmnmc,1,53.1,54.5,2025-06-21T00:51:11.919Z,2025-06-21T00:51:14Z,"[{'id': 5776107847, 'qualifierId': 140, 'value': '64.3'}, {'id': 5776107853, 'qualifierId': 213, 'value': '0.39'}, {'id': 5776107849, 'qualifierId': 141, 'value': '61.7'}, {'id': 5776107851, 'qualifierId': 212, 'value': '12.7'}, {'id': 5776107845, 'qualifierId': 56, 'value': 'Center'}]",cieyupgmnxecb4emqljudrw89,A. Wright,,,Racing Louisville,Home
2823527009,292,1,1,42,5,dtucewmt49th1p4selfutmnmc,0,65.2,64.5,2025-06-21T00:51:14.031Z,2025-06-21T00:51:15Z,"[{'id': 5776107883, 'qualifierId': 141, 'value': '66.3'}, {'id': 5776107911, 'qualifierId': 286}, {'id': 5776107879, 'qualifierId': 56, 'value': 'Center'}, {'id': 5776107907, 'qualifierId': 233, 'value': '334'}, {'id': 5776107881, 'qualifierId': 140, 'value': '67.9'}, {'id': 5776107885, 'qualifierId': 212, 'value': '3.1'}, {'id': 5776107887, 'qualifierId': 213, 'value': '0.41'}, {'id': 5776107905, 'qualifierId': 236}]",8q0rkr3gz7hz1ssdx3fkro0a2,T. Flint,,,Racing Louisville,Home
2823527013,334,74,1,42,5,966pdxhsoxaib9qt5083h8uus,1,30.3,37.3,2025-06-21T00:51:14.032Z,2025-06-21T01:04:18Z,"[{'id': 5776107901, 'qualifierId': 56, 'value': 'Back'}, {'id': 5776107903, 'qualifierId': 285}, {'id': 5776107937, 'qualifierId': 233, 'value': '292'}]",23nuijdnnuiwzkd5cf7jbyajt,Angelina,,,Orlando Pride,Away
2823527033,293,1,1,42,8,dtucewmt49th1p4selfutmnmc,1,46.6,74.9,2025-06-21T00:51:16.911Z,2025-06-21T00:51:19Z,"[{'id': 5776107999, 'qualifierId': 212, 'value': '16.8'}, {'id': 5776107997, 'qualifierId': 141, 'value': '56.0'}, {'id': 5776107993, 'qualifierId': 56, 'value': 'Back'}, {'id': 5776108001, 'qualifierId': 213, 'value': '4.01'}, {'id': 5776107995, 'qualifierId': 140, 'value': '36.3'}]",2x4vbu3htfozzwd8g7bdxeacp,C. Petersen,,,Racing Louisville,Home
2823527061,294,1,1,42,10,dtucewmt49th1p4selfutmnmc,1,35.9,55.6,2025-06-21T00:51:19.504Z,2025-06-21T00:52:46Z,"[{'id': 5776108137, 'qualifierId': 56, 'value': 'Center'}, {'id': 5776108139, 'qualifierId': 140, 'value': '57.1'}, {'id': 5776108141, 'qualifierId': 141, 'value': '51.9'}, {'id': 5776108145, 'qualifierId': 213, 'value': '6.17'}, {'id': 5776108143, 'qualifierId': 212, 'value': '22.4'}]",cieyupgmnxecb4emqljudrw89,A. Wright,,,Racing Louisville,Home
2823527087,335,43,1,42,16,966pdxhsoxaib9qt5083h8uus,1,0.0,0.0,2025-06-21T00:51:24.806Z,2025-06-21T00:52:37Z,"[{'id': 5776110051, 'qualifierId': 144, 'value': '61'}, {'id': 5776108251, 'qualifierId': 56, 'value': 'Back'}]",3cyj9a2fjtx4xd0bqdh6g3azu,H. McCutcheon,,,Orlando Pride,Away
2823527095,295,1,1,42,17,dtucewmt49th1p4selfutmnmc,0,59.1,30.1,2025-06-21T00:51:26.399Z,2025-06-21T00:51:27Z,"[{'id': 5776108353, 'qualifierId': 233, 'value': '336'}, {'id': 5776108313, 'qualifierId': 213, 'value': '5.36'}, {'id': 5776108305, 'qualifierId': 56, 'value': 'Center'}, {'id': 5776108357, 'qualifierId': 286}, {'id': 5776108311, 'qualifierId': 212, 'value': '3.0'}, {'id': 5776108351, 'qualifierId': 236}, {'id': 5776108307, 'qualifierId': 140, 'value': '60.8'}, {'id': 5776108309, 'qualifierId': 141, 'value': '26.6'}]",9tbrhbbmfxq8l363kybl4g7ah,Ary Borges,,,Racing Louisville,Home
2823527099,336,74,1,42,17,966pdxhsoxaib9qt5083h8uus,1,36.7,53.0,2025-06-21T00:51:26.400Z,2025-06-21T01:04:18Z,"[{'id': 5776108349, 'qualifierId': 285}, {'id': 5776108347, 'qualifierId': 56, 'value': 'Back'}, {'id': 5776108359, 'qualifierId': 233, 'value': '295'}]",3cyj9a2fjtx4xd0bqdh6g3azu,H. McCutcheon,,,Orlando Pride,Away
2823527213,296,5,1,42,21,dtucewmt49th1p4selfutmnmc,1,57.3,-1.1,2025-06-21T00:51:30.033Z,2025-06-21T01:04:13Z,"[{'id': 5776109061, 'qualifierId': 56, 'value': 'Right'}, {'id': 5776109063, 'qualifierId': 347}, {'id': 5776109081, 'qualifierId': 233, 'value': '337'}]",9tbrhbbmfxq8l363kybl4g7ah,Ary Borges,,,Racing Louisville,Home
2823527109,337,5,1,42,21,966pdxhsoxaib9qt5083h8uus,0,42.7,101.1,2025-06-21T00:51:30.033Z,2025-06-21T01:04:13Z,"[{'id': 5776108411, 'qualifierId': 56, 'value': 'Back'}, {'id': 5776109089, 'qualifierId': 233, 'value': '296'}, {'id': 5776108413, 'qualifierId': 347}]",3cyj9a2fjtx4xd0bqdh6g3azu,H. McCutcheon,,,Orlando Pride,Away
2823527117,338,17,1,42,23,966pdxhsoxaib9qt5083h8uus,1,0.0,0.0,2025-06-21T00:51:32.054Z,2025-06-21T00:52:17Z,"[{'id': 5776109467, 'qualifierId': 485}, {'id': 5776109465, 'qualifierId': 13, 'value': '243'}, {'id': 5776109459, 'qualifierId': 31}, {'id': 5776109461, 'qualifierId': 392}]",3cyj9a2fjtx4xd0bqdh6g3azu,H. McCutcheon,,,Orlando Pride,Away
2823527215,297,27,1,42,42,dtucewmt49th1p4selfutmnmc,1,0.0,0.0,2025-06-21T00:51:50.765Z,2025-06-21T01:04:13Z,"[{'id': 5776109065, 'qualifierId': 41, 'value': 'Injury'}, {'id': 5776127273, 'qualifierId': 233, 'value': '339'}, {'id': 5776109067, 'qualifierId': 53, 'value': '8q0rkr3gz7hz1ssdx3fkro0a2'}]",,,,,Racing Louisville,Home
2823527343,339,27,1,42,42,966pdxhsoxaib9qt5083h8uus,1,0.0,0.0,2025-06-21T00:51:50.765Z,2025-06-21T01:04:14Z,"[{'id': 5776127287, 'qualifierId': 233, 'value': '297'}]",,,,,Orlando Pride,Away
2823527525,298,28,1,43,53,dtucewmt49th1p4selfutmnmc,1,0.0,0.0,2025-06-21T00:53:02.279Z,2025-06-21T00:53:05Z,"[{'id': 5776110791, 'qualifierId': 233, 'value': '340'}, {'id': 5776110719, 'qualifierId': 55, 'value': '297'}]",,,,,Racing Louisville,Home
2823527539,340,28,1,43,53,966pdxhsoxaib9qt5083h8uus,1,0.0,0.0,2025-06-21T00:53:02.279Z,2025-06-21T00:53:05Z,"[{'id': 5776110811, 'qualifierId': 233, 'value': '298'}, {'id': 5776110783, 'qualifierId': 55, 'value': '339'}]",,,,,Orlando Pride,Away
2823527721,299,1,1,44,25,dtucewmt49th1p4selfutmnmc,0,55.7,0.0,2025-06-21T00:53:34.403Z,2025-06-21T00:53:49Z,"[{'id': 5776111733, 'qualifierId': 107}, {'id': 5776111737, 'qualifierId': 140, 'value': '68.9'}, {'id': 5776111739, 'qualifierId': 141, 'value': '6.8'}, {'id': 5776111741, 'qualifierId': 212, 'value': '14.9'}, {'id': 5776111743, 'qualifierId': 213, 'value': '0.37'}, {'id': 5776111735, 'qualifierId': 56, 'value': 'Right'}]",7hrw0exutge376ai2uf6frw4q,L. Milliet,,,Racing Louisville,Home
2823527745,341,49,1,44,28,966pdxhsoxaib9qt5083h8uus,1,29.0,65.7,2025-06-21T00:53:37.301Z,2025-06-21T00:53:37Z,[],68njvqucip0ehuz4eecppvq0a,S. Yates,,,Orlando Pride,Away
2823527759,342,4,1,44,29,966pdxhsoxaib9qt5083h8uus,1,33.1,78.7,2025-06-21T00:53:37.794Z,2025-06-21T01:04:16Z,"[{'id': 5776111943, 'qualifierId': 152}, {'id': 5776111941, 'qualifierId': 56, 'value': 'Back'}, {'id': 5776111939, 'qualifierId': 13}, {'id': 5776127317, 'qualifierId': 285}, {'id': 5776112015, 'qualifierId': 233, 'value': '300'}, {'id': 5776111945, 'qualifierId': 265}]",68njvqucip0ehuz4eecppvq0a,S. Yates,,,Orlando Pride,Away
2823527755,300,4,1,44,29,dtucewmt49th1p4selfutmnmc,0,66.9,21.3,2025-06-21T00:53:37.795Z,2025-06-21T01:04:16Z,"[{'id': 5776112019, 'qualifierId': 233, 'value': '342'}, {'id': 5776112005, 'qualifierId': 265}, {'id': 5776112001, 'qualifierId': 13}, {'id': 5776111917, 'qualifierId': 56, 'value': 'Center'}, {'id': 5776112023, 'qualifierId': 286}, {'id': 5776112003, 'qualifierId': 152}]",9tbrhbbmfxq8l363kybl4g7ah,Ary Borges,,,Racing Louisville,Home
2823527805,343,43,1,44,36,966pdxhsoxaib9qt5083h8uus,1,0.0,0.0,2025-06-21T00:53:45.029Z,2025-06-21T00:53:50Z,"[{'id': 5776112197, 'qualifierId': 213, 'value': '4.74'}, {'id': 5776112185, 'qualifierId': 5, 'value': '0'}, {'id': 5776112257, 'qualifierId': 144, 'value': '1'}, {'id': 5776112189, 'qualifierId': 56, 'value': 'Back'}, {'id': 5776112205, 'qualifierId': 189, 'value': '0'}, {'id': 5776112193, 'qualifierId': 141, 'value': '48.1'}, {'id': 5776112195, 'qualifierId': 212, 'value': '13.0'}, {'id': 5776112187, 'qualifierId': 152, 'value': '0'}, {'id': 5776112191, 'qualifierId': 140, 'value': '31.4'}]",68njvqucip0ehuz4eecppvq0a,S. Yates,,,Orlando Pride,Away
2823527853,344,1,1,44,45,966pdxhsoxaib9qt5083h8uus,1,32.2,68.7,2025-06-21T00:53:54.085Z,2025-06-21T00:54:01Z,"[{'id': 5776112499, 'qualifierId': 212, 'value': '14.1'}, {'id': 5776112493, 'qualifierId': 56, 'value': 'Back'}, {'id': 5776112495, 'qualifierId': 140, 'value': '38.9'}, {'id': 5776112491, 'qualifierId': 152}, {'id': 5776112497, 'qualifierId': 141, 'value': '86.6'}, {'id': 5776112501, 'qualifierId': 213, 'value': '1.05'}, {'id': 5776112489, 'qualifierId': 5}]",1uf4321zvio3hrwfu4z4jxp7t,K. Nadaner,,,Orlando Pride,Away
2823527863,345,1,1,44,52,966pdxhsoxaib9qt5083h8uus,1,38.7,80.7,2025-06-21T00:54:01.029Z,2025-06-21T00:54:03Z,"[{'id': 5776112561, 'qualifierId': 213, 'value': '3.99'}, {'id': 5776112553, 'qualifierId': 56, 'value': 'Back'}, {'id': 5776112557, 'qualifierId': 141, 'value': '70.1'}, {'id': 5776112559, 'qualifierId': 212, 'value': '9.6'}, {'id': 5776112555, 'qualifierId': 140, 'value': '32.7'}]",dyfsbff9jueyw5jhjou424bo4,K. Abello,,,Orlando Pride,Away
2823527881,346,1,1,44,54,966pdxhsoxaib9qt5083h8uus,1,32.3,68.6,2025-06-21T00:54:03.541Z,2025-06-21T00:54:05Z,"[{'id': 5776112675, 'qualifierId': 212, 'value': '17.5'}, {'id': 5776112671, 'qualifierId': 140, 'value': '29.1'}, {'id': 5776112673, 'qualifierId': 141, 'value': '43.3'}, {'id': 5776112669, 'qualifierId': 56, 'value': 'Back'}, {'id': 5776112677, 'qualifierId': 213, 'value': '4.52'}]",1uf4321zvio3hrwfu4z4jxp7t,K. Nadaner,,,Orlando Pride,Away
2823527897,347,1,1,44,57,966pdxhsoxaib9qt5083h8uus,1,29.3,43.1,2025-06-21T00:54:05.893Z,2025-06-21T00:54:08Z,"[{'id': 5776112717, 'qualifierId': 213, 'value': '6.06'}, {'id': 5776112709, 'qualifierId': 56, 'value': 'Center'}, {'id': 5776112713, 'qualifierId': 141, 'value': '32.5'}, {'id': 5776112715, 'qualifierId': 212, 'value': '31.9'}, {'id': 5776112711, 'qualifierId': 140, 'value': '58.9'}]",9yvkpwm78jaqr321imfc3rrbo,E. Sams,,,Orlando Pride,Away
2823527899,348,1,1,44,59,966pdxhsoxaib9qt5083h8uus,1,59.8,32.6,2025-06-21T00:54:08.085Z,2025-06-21T00:54:09Z,"[{'id': 5776112723, 'qualifierId': 140, 'value': '54.8'}, {'id': 5776112729, 'qualifierId': 213, 'value': '2.22'}, {'id': 5776112727, 'qualifierId': 212, 'value': '8.6'}, {'id': 5776112721, 'qualifierId': 56, 'value': 'Center'}, {'id': 5776112725, 'qualifierId': 141, 'value': '42.7'}]",c811si1xw5he6ih0o1mj94tsl,Marta,,,Orlando Pride,Away
2823527905,349,1,1,45,0,966pdxhsoxaib9qt5083h8uus,0,54.8,42.7,2025-06-21T00:54:09.317Z,2025-06-21T00:54:11Z,"[{'id': 5776112763, 'qualifierId': 212, 'value': '18.3'}, {'id': 5776112761, 'qualifierId': 141, 'value': '54.9'}, {'id': 5776112765, 'qualifierId': 213, 'value': '0.47'}, {'id': 5776112759, 'qualifierId': 140, 'value': '70.3'}, {'id': 5776112757, 'qualifierId': 56, 'value': 'Center'}]",23nuijdnnuiwzkd5cf7jbyajt,Angelina,,,Orlando Pride,Away
2823527913,301,1,1,45,2,dtucewmt49th1p4selfutmnmc,1,23.5,31.7,2025-06-21T00:54:11.236Z,2025-06-21T00:54:12Z,"[{'id': 5776112783, 'qualifierId': 140, 'value': '35.3'}, {'id': 5776112787, 'qualifierId': 212, 'value': '14.7'}, {'id': 5776112789, 'qualifierId': 213, 'value': '5.71'}, {'id': 5776112781, 'qualifierId': 56, 'value': 'Back'}, {'id': 5776112785, 'qualifierId': 141, 'value': '20.0'}]",7hrw0exutge376ai2uf6frw4q,L. Milliet,,,Racing Louisville,Home
2823527919,302,49,1,45,3,dtucewmt49th1p4selfutmnmc,1,35.3,20.0,2025-06-21T00:54:12.709Z,2025-06-21T00:54:13Z,[],9e65qlc7dfjkajyhzhak8sc7p,J. Sonis,,,Racing Louisville,Home
2823527953,303,1,1,45,6,dtucewmt49th1p4selfutmnmc,1,38.0,5.6,2025-06-21T00:54:15.206Z,2025-06-21T00:54:22Z,"[{'id': 5776113031, 'qualifierId': 212, 'value': '16.5'}, {'id': 5776113025, 'qualifierId': 56, 'value': 'Right'}, {'id': 5776113027, 'qualifierId': 140, 'value': '53.7'}, {'id': 5776113029, 'qualifierId': 141, 'value': '4.1'}, {'id': 5776113033, 'qualifierId': 213, 'value': '6.22'}]",9e65qlc7dfjkajyhzhak8sc7p,J. Sonis,,,Racing Louisville,Home
2823527983,304,1,1,45,13,dtucewmt49th1p4selfutmnmc,1,53.7,14.2,2025-06-21T00:54:22.388Z,2025-06-21T00:54:27Z,"[{'id': 5776113257, 'qualifierId': 140, 'value': '66.6'}, {'id': 5776113263, 'qualifierId': 213, 'value': '5.86'}, {'id': 5776113255, 'qualifierId': 56, 'value': 'Right'}, {'id': 5776113261, 'qualifierId': 212, 'value': '14.9'}, {'id': 5776113259, 'qualifierId': 141, 'value': '5.2'}]",asfd5wkedz1u29xt37r6or4rt,S. DeMelo,,,Racing Louisville,Home
2823527959,350,70,1,45,14,966pdxhsoxaib9qt5083h8uus,1,0.0,0.0,2025-06-21T00:54:23.104Z,2025-06-21T00:54:23Z,"[{'id': 5776113049, 'qualifierId': 277, 'value': '4'}]",,,,,Orlando Pride,Away
2823527989,305,1,1,45,18,dtucewmt49th1p4selfutmnmc,0,82.7,6.7,2025-06-21T00:54:27.493Z,2025-06-21T00:54:29Z,"[{'id': 5776113347, 'qualifierId': 212, 'value': '23.4'}, {'id': 5776113337, 'qualifierId': 2}, {'id': 5776113343, 'qualifierId': 140, 'value': '92.8'}, {'id': 5776113349, 'qualifierId': 213, 'value': '1.10'}, {'id': 5776113339, 'qualifierId': 155}, {'id': 5776113341, 'qualifierId': 56, 'value': 'Center'}, {'id': 5776113345, 'qualifierId': 141, 'value': '37.4'}]",9e65qlc7dfjkajyhzhak8sc7p,J. Sonis,,,Racing Louisville,Home
2823527999,351,12,1,45,21,966pdxhsoxaib9qt5083h8uus,1,5.0,65.0,2025-06-21T00:54:29.972Z,2025-06-21T00:54:32Z,"[{'id': 5776113395, 'qualifierId': 140, 'value': '12.4'}, {'id': 5776113409, 'qualifierId': 15}, {'id': 5776113393, 'qualifierId': 56, 'value': 'Back'}, {'id': 5776113401, 'qualifierId': 213, 'value': '0.67'}, {'id': 5776113399, 'qualifierId': 212, 'value': '9.9'}, {'id': 5776113397, 'qualifierId': 141, 'value': '74.1'}]",9yvkpwm78jaqr321imfc3rrbo,E. Sams,,,Orlando Pride,Away
2823528009,352,49,1,45,23,966pdxhsoxaib9qt5083h8uus,1,12.9,67.4,2025-06-21T00:54:32.261Z,2025-06-21T00:54:32Z,[],1uf4321zvio3hrwfu4z4jxp7t,K. Nadaner,,,Orlando Pride,Away
2823528041,353,1,1,45,25,966pdxhsoxaib9qt5083h8uus,1,14.1,64.5,2025-06-21T00:54:34.437Z,2025-06-21T00:54:37Z,"[{'id': 5776113651, 'qualifierId': 212, 'value': '14.5'}, {'id': 5776113645, 'qualifierId': 56, 'value': 'Back'}, {'id': 5776113653, 'qualifierId': 213, 'value': '1.26'}, {'id': 5776113647, 'qualifierId': 140, 'value': '18.3'}, {'id': 5776113649, 'qualifierId': 141, 'value': '84.8'}]",1uf4321zvio3hrwfu4z4jxp7t,K. Nadaner,,,Orlando Pride,Away
2823528071,354,1,1,45,28,966pdxhsoxaib9qt5083h8uus,1,18.4,85.2,2025-06-21T00:54:37.364Z,2025-06-21T00:54:41Z,"[{'id': 5776113787, 'qualifierId': 213, 'value': '0.01'}, {'id': 5776113779, 'qualifierId': 56, 'value': 'Left'}, {'id': 5776113783, 'qualifierId': 141, 'value': '85.8'}, {'id': 5776113789, 'qualifierId': 1}, {'id': 5776113781, 'qualifierId': 140, 'value': '55.1'}, {'id': 5776113785, 'qualifierId': 212, 'value': '38.5'}]",dyfsbff9jueyw5jhjou424bo4,K. Abello,,,Orlando Pride,Away
2823528069,306,45,1,45,32,dtucewmt49th1p4selfutmnmc,0,43.2,12.5,2025-06-21T00:54:41.126Z,2025-06-21T01:04:28Z,"[{'id': 5776113775, 'qualifierId': 56, 'value': 'Back'}, {'id': 5776113777, 'qualifierId': 285}, {'id': 5776113821, 'qualifierId': 233, 'value': '355'}]",2mlyh9k0yhv8862rj6hu26j8p,E. Jean,,,Racing Louisville,Home
2823528075,355,3,1,45,32,966pdxhsoxaib9qt5083h8uus,1,56.8,87.5,2025-06-21T00:54:41.126Z,2025-06-21T01:04:28Z,"[{'id': 5776113815, 'qualifierId': 286}, {'id': 5776113813, 'qualifierId': 56, 'value': 'Left'}, {'id': 5776113817, 'qualifierId': 233, 'value': '306'}]",e2obgph6szyo04em3qr94g1qt,B. Banda,,,Orlando Pride,Away
2823528091,356,1,1,45,34,966pdxhsoxaib9qt5083h8uus,0,58.0,72.8,2025-06-21T00:54:42.932Z,2025-06-21T00:54:45Z,"[{'id': 5776113923, 'qualifierId': 140, 'value': '76.7'}, {'id': 5776113927, 'qualifierId': 212, 'value': '25.3'}, {'id': 5776113929, 'qualifierId': 213, 'value': '5.60'}, {'id': 5776113921, 'qualifierId': 56, 'value': 'Center'}, {'id': 5776113925, 'qualifierId': 141, 'value': '49.4'}]",e2obgph6szyo04em3qr94g1qt,B. Banda,,,Orlando Pride,Away
2823528113,307,12,1,45,37,dtucewmt49th1p4selfutmnmc,1,25.0,51.8,2025-06-21T00:54:45.813Z,2025-06-21T00:54:50Z,"[{'id': 5776114111, 'qualifierId': 167}, {'id': 5776114069, 'qualifierId': 141, 'value': '81.2'}, {'id': 5776114067, 'qualifierId': 140, 'value': '0.0'}, {'id': 5776114071, 'qualifierId': 212, 'value': '34.3'}, {'id': 5776114073, 'qualifierId': 213, 'value': '2.52'}, {'id': 5776114065, 'qualifierId': 56, 'value': 'Back'}]",8q0rkr3gz7hz1ssdx3fkro0a2,T. Flint,,,Racing Louisville,Home
2823528119,308,6,1,45,41,dtucewmt49th1p4selfutmnmc,0,7.7,69.6,2025-06-21T00:54:49.787Z,2025-06-21T01:04:15Z,"[{'id': 5776114141, 'qualifierId': 56, 'value': 'Back'}, {'id': 5776114149, 'qualifierId': 233, 'value': '357'}, {'id': 5776114143, 'qualifierId': 73}]",8q0rkr3gz7hz1ssdx3fkro0a2,T. Flint,,,Racing Louisville,Home
2823528115,357,6,1,45,41,966pdxhsoxaib9qt5083h8uus,1,92.3,30.4,2025-06-21T00:54:49.787Z,2025-06-21T01:04:15Z,"[{'id': 5776114145, 'qualifierId': 233, 'value': '308'}, {'id': 5776114119, 'qualifierId': 75}, {'id': 5776114117, 'qualifierId': 56, 'value': 'Center'}]",e2obgph6szyo04em3qr94g1qt,B. Banda,,,Orlando Pride,Away
2823528197,358,1,1,46,1,966pdxhsoxaib9qt5083h8uus,1,99.5,0.5,2025-06-21T00:55:10.468Z,2025-06-21T01:02:48Z,"[{'id': 5776114629, 'qualifierId': 140, 'value': '86.8'}, {'id': 5776114625, 'qualifierId': 6}, {'id': 5776114633, 'qualifierId': 212, 'value': '19.8'}, {'id': 5776114627, 'qualifierId': 56, 'value': 'Center'}, {'id': 5776114635, 'qualifierId': 213, 'value': '2.31'}, {'id': 5776114631, 'qualifierId': 141, 'value': '22.0'}]",c811si1xw5he6ih0o1mj94tsl,Marta,,,Orlando Pride,Away
2823528199,359,1,1,46,3,966pdxhsoxaib9qt5083h8uus,1,88.2,27.6,2025-06-21T00:55:12.661Z,2025-06-21T01:03:02Z,"[{'id': 5776114643, 'qualifierId': 56, 'value': 'Center'}, {'id': 5776125353, 'qualifierId': 212, 'value': '13.1'}, {'id': 5776125349, 'qualifierId': 140, 'value': '92.3'}, {'id': 5776125355, 'qualifierId': 213, 'value': '1.24'}, {'id': 5776125351, 'qualifierId': 141, 'value': '45.8'}]",68njvqucip0ehuz4eecppvq0a,S. Yates,,,Orlando Pride,Away
2823528205,360,61,1,46,5,966pdxhsoxaib9qt5083h8uus,1,88.3,39.2,2025-06-21T00:55:14.561Z,2025-06-21T01:02:54Z,"[{'id': 5776114699, 'qualifierId': 56, 'value': 'Center'}]",e2obgph6szyo04em3qr94g1qt,B. Banda,,,Orlando Pride,Away
2823528225,309,12,1,46,5,dtucewmt49th1p4selfutmnmc,1,10.5,52.1,2025-06-21T00:55:14.631Z,2025-06-21T00:55:18Z,"[{'id': 5776114811, 'qualifierId': 212, 'value': '48.2'}, {'id': 5776114807, 'qualifierId': 140, 'value': '43.8'}, {'id': 5776114809, 'qualifierId': 141, 'value': '100.0'}, {'id': 5776114825, 'qualifierId': 167}, {'id': 5776114813, 'qualifierId': 213, 'value': '0.76'}, {'id': 5776114805, 'qualifierId': 56, 'value': 'Back'}]",9tbrhbbmfxq8l363kybl4g7ah,Ary Borges,,,Racing Louisville,Home
2823528227,310,5,1,46,9,dtucewmt49th1p4selfutmnmc,0,44.1,100.8,2025-06-21T00:55:18.165Z,2025-06-21T01:04:13Z,"[{'id': 5776114855, 'qualifierId': 233, 'value': '361'}, {'id': 5776114819, 'qualifierId': 347}, {'id': 5776114817, 'qualifierId': 56, 'value': 'Back'}]",9tbrhbbmfxq8l363kybl4g7ah,Ary Borges,,,Racing Louisville,Home
2823528235,361,5,1,46,9,966pdxhsoxaib9qt5083h8uus,1,55.9,-0.8,2025-06-21T00:55:18.165Z,2025-06-21T01:04:13Z,"[{'id': 5776114849, 'qualifierId': 233, 'value': '310'}, {'id': 5776114847, 'qualifierId': 347}, {'id': 5776114845, 'qualifierId': 56, 'value': 'Right'}]",e2obgph6szyo04em3qr94g1qt,B. Banda,,,Orlando Pride,Away
2823528245,362,1,1,46,10,966pdxhsoxaib9qt5083h8uus,1,55.5,0.0,2025-06-21T00:55:19.028Z,2025-06-21T00:55:22Z,"[{'id': 5776114907, 'qualifierId': 107}, {'id': 5776114915, 'qualifierId': 212, 'value': '11.2'}, {'id': 5776114911, 'qualifierId': 140, 'value': '59.0'}, {'id': 5776114913, 'qualifierId': 141, 'value': '14.8'}, {'id': 5776114909, 'qualifierId': 56, 'value': 'Right'}, {'id': 5776114917, 'qualifierId': 213, 'value': '1.24'}]",9yvkpwm78jaqr321imfc3rrbo,E. Sams,,,Orlando Pride,Away
2823528279,363,1,1,46,13,966pdxhsoxaib9qt5083h8uus,1,59.6,16.1,2025-06-21T00:55:22.661Z,2025-06-21T00:55:27Z,"[{'id': 5776115101, 'qualifierId': 212, 'value': '11.8'}, {'id': 5776115095, 'qualifierId': 56, 'value': 'Right'}, {'id': 5776115103, 'qualifierId': 213, 'value': '5.83'}, {'id': 5776115099, 'qualifierId': 141, 'value': '8.5'}, {'id': 5776115097, 'qualifierId': 140, 'value': '69.7'}]",23nuijdnnuiwzkd5cf7jbyajt,Angelina,,,Orlando Pride,Away
2823528313,364,1,1,46,18,966pdxhsoxaib9qt5083h8uus,1,64.9,8.6,2025-06-21T00:55:27.557Z,2025-06-21T00:55:33Z,"[{'id': 5776115279, 'qualifierId': 141, 'value': '51.0'}, {'id': 5776115277, 'qualifierId': 140, 'value': '58.7'}, {'id': 5776115283, 'qualifierId': 213, 'value': '1.79'}, {'id': 5776115281, 'qualifierId': 212, 'value': '29.6'}, {'id': 5776115275, 'qualifierId': 56, 'value': 'Center'}]",c811si1xw5he6ih0o1mj94tsl,Marta,,,Orlando Pride,Away
2823528343,365,1,1,46,24,966pdxhsoxaib9qt5083h8uus,1,57.6,53.6,2025-06-21T00:55:32.948Z,2025-06-21T00:55:36Z,"[{'id': 5776115435, 'qualifierId': 140, 'value': '56.1'}, {'id': 5776115437, 'qualifierId': 141, 'value': '33.1'}, {'id': 5776115439, 'qualifierId': 212, 'value': '14.0'}, {'id': 5776115441, 'qualifierId': 213, 'value': '4.60'}, {'id': 5776115433, 'qualifierId': 56, 'value': 'Center'}]",1uf4321zvio3hrwfu4z4jxp7t,K. Nadaner,,,Orlando Pride,Away
2823528361,366,1,1,46,27,966pdxhsoxaib9qt5083h8uus,1,58.2,31.4,2025-06-21T00:55:36.372Z,2025-06-21T00:55:38Z,"[{'id': 5776115513, 'qualifierId': 140, 'value': '70.9'}, {'id': 5776115517, 'qualifierId': 212, 'value': '20.2'}, {'id': 5776115519, 'qualifierId': 213, 'value': '5.43'}, {'id': 5776115511, 'qualifierId': 56, 'value': 'Right'}, {'id': 5776115515, 'qualifierId': 141, 'value': '9.1'}]",9yvkpwm78jaqr321imfc3rrbo,E. Sams,,,Orlando Pride,Away
2823528367,367,1,1,46,29,966pdxhsoxaib9qt5083h8uus,0,70.9,9.1,2025-06-21T00:55:38.692Z,2025-06-21T00:55:40Z,"[{'id': 5776115563, 'qualifierId': 56, 'value': 'Center'}, {'id': 5776115569, 'qualifierId': 212, 'value': '9.6'}, {'id': 5776115567, 'qualifierId': 141, 'value': '22.7'}, {'id': 5776115571, 'qualifierId': 213, 'value': '1.86'}, {'id': 5776115565, 'qualifierId': 140, 'value': '68.3'}]",dy302yj9tjby62ur1u8ab8rxm,C. Dyke,,,Orlando Pride,Away
2823528373,311,8,1,46,32,dtucewmt49th1p4selfutmnmc,1,24.1,87.6,2025-06-21T00:55:41.192Z,2025-06-21T00:55:41Z,"[{'id': 5776115589, 'qualifierId': 56, 'value': 'Back'}]",asfd5wkedz1u29xt37r6or4rt,S. DeMelo,,,Racing Louisville,Home
2823528387,312,49,1,46,33,dtucewmt49th1p4selfutmnmc,1,32.6,96.3,2025-06-21T00:55:42.631Z,2025-06-21T00:55:42Z,[],asfd5wkedz1u29xt37r6or4rt,S. DeMelo,,,Racing Louisville,Home
2823528401,313,1,1,46,35,dtucewmt49th1p4selfutmnmc,1,52.0,92.7,2025-06-21T00:55:44.070Z,2025-06-21T00:55:46Z,"[{'id': 5776115711, 'qualifierId': 141, 'value': '72.3'}, {'id': 5776115715, 'qualifierId': 213, 'value': '4.81'}, {'id': 5776115707, 'qualifierId': 56, 'value': 'Center'}, {'id': 5776115709, 'qualifierId': 140, 'value': '53.3'}, {'id': 5776115713, 'qualifierId': 212, 'value': '13.9'}]",asfd5wkedz1u29xt37r6or4rt,S. DeMelo,,,Racing Louisville,Home
2823528485,315,50,1,46,36,dtucewmt49th1p4selfutmnmc,1,56.8,69.4,2025-06-21T00:55:45.059Z,2025-06-21T01:04:25Z,"[{'id': 5776116359, 'qualifierId': 56, 'value': 'Center'}, {'id': 5776116821, 'qualifierId': 233, 'value': '370'}, {'id': 5776116361, 'qualifierId': 286}]",aoa88ulpguvr42b0a1jn8dfys,S. Weber,,,Racing Louisville,Home
2823528543,370,7,1,46,36,966pdxhsoxaib9qt5083h8uus,0,43.2,30.6,2025-06-21T00:55:45.060Z,2025-06-21T01:04:24Z,"[{'id': 5776116663, 'qualifierId': 56, 'value': 'Back'}, {'id': 5776116787, 'qualifierId': 233, 'value': '315'}, {'id': 5776116665, 'qualifierId': 285}]",23nuijdnnuiwzkd5cf7jbyajt,Angelina,,,Orlando Pride,Away
2823528403,314,4,1,46,37,dtucewmt49th1p4selfutmnmc,1,58.6,73.1,2025-06-21T00:55:46.072Z,2025-06-21T01:04:16Z,"[{'id': 5776115865, 'qualifierId': 265}, {'id': 5776115861, 'qualifierId': 13}, {'id': 5776115725, 'qualifierId': 286}, {'id': 5776115723, 'qualifierId': 56, 'value': 'Center'}, {'id': 5776115863, 'qualifierId': 152}, {'id': 5776115867, 'qualifierId': 233, 'value': '369'}]",aoa88ulpguvr42b0a1jn8dfys,S. Weber,,,Racing Louisville,Home
2823528415,368,43,1,46,37,966pdxhsoxaib9qt5083h8uus,1,0.0,0.0,2025-06-21T00:55:46.073Z,2025-06-21T00:55:51Z,"[{'id': 5776115795, 'qualifierId': 56, 'value': 'Back'}, {'id': 5776115847, 'qualifierId': 144, 'value': '7'}, {'id': 5776115797, 'qualifierId': 285, 'value': '0'}, {'id': 5776115807, 'qualifierId': 233, 'value': '314'}]",23nuijdnnuiwzkd5cf7jbyajt,Angelina,,,Orlando Pride,Away
2823528419,369,4,1,46,37,966pdxhsoxaib9qt5083h8uus,0,41.4,26.9,2025-06-21T00:55:46.073Z,2025-06-21T01:04:17Z,"[{'id': 5776115825, 'qualifierId': 13}, {'id': 5776115829, 'qualifierId': 152}, {'id': 5776115831, 'qualifierId': 265}, {'id': 5776115827, 'qualifierId': 56, 'value': 'Back'}, {'id': 5776115833, 'qualifierId': 285}, {'id': 5776115893, 'qualifierId': 233, 'value': '314'}]",1uf4321zvio3hrwfu4z4jxp7t,K. Nadaner,,,Orlando Pride,Away
2823528585,316,1,1,47,31,dtucewmt49th1p4selfutmnmc,1,58.8,73.8,2025-06-21T00:56:40.640Z,2025-06-21T00:56:44Z,"[{'id': 5776116907, 'qualifierId': 141, 'value': '30.4'}, {'id': 5776116911, 'qualifierId': 213, 'value': '5.47'}, {'id': 5776116897, 'qualifierId': 5}, {'id': 5776116913, 'qualifierId': 1}, {'id': 5776116909, 'qualifierId': 212, 'value': '40.6'}, {'id': 5776116903, 'qualifierId': 56, 'value': 'Center'}, {'id': 5776116905, 'qualifierId': 140, 'value': '85.3'}, {'id': 5776116899, 'qualifierId': 155}, {'id': 5776116901, 'qualifierId': 152}]",2x4vbu3htfozzwd8g7bdxeacp,C. Petersen,,,Racing Louisville,Home
2823528597,317,44,1,47,35,dtucewmt49th1p4selfutmnmc,1,85.2,36.6,2025-06-21T00:56:44.552Z,2025-06-21T01:04:32Z,"[{'id': 5776116963, 'qualifierId': 56, 'value': 'Center'}, {'id': 5776116979, 'qualifierId': 233, 'value': '371'}, {'id': 5776116965, 'qualifierId': 286}]",9e65qlc7dfjkajyhzhak8sc7p,J. Sonis,,,Racing Louisville,Home
2823528593,371,44,1,47,35,966pdxhsoxaib9qt5083h8uus,0,14.8,63.4,2025-06-21T00:56:44.553Z,2025-06-21T01:04:32Z,"[{'id': 5776116983, 'qualifierId': 233, 'value': '317'}, {'id': 5776116949, 'qualifierId': 285}, {'id': 5776116947, 'qualifierId': 56, 'value': 'Back'}]",68njvqucip0ehuz4eecppvq0a,S. Yates,,,Orlando Pride,Away
2823528607,318,1,1,47,36,dtucewmt49th1p4selfutmnmc,1,85.6,29.5,2025-06-21T00:56:45.225Z,2025-06-21T00:58:30Z,"[{'id': 5776119305, 'qualifierId': 168}, {'id': 5776117027, 'qualifierId': 212, 'value': '14.9'}, {'id': 5776117025, 'qualifierId': 141, 'value': '7.7'}, {'id': 5776117019, 'qualifierId': 3}, {'id': 5776117021, 'qualifierId': 56, 'value': 'Right'}, {'id': 5776117029, 'qualifierId': 213, 'value': '4.63'}, {'id': 5776117023, 'qualifierId': 140, 'value': '84.4'}]",9e65qlc7dfjkajyhzhak8sc7p,J. Sonis,,,Racing Louisville,Home
2823528639,319,1,1,47,39,dtucewmt49th1p4selfutmnmc,1,84.4,7.7,2025-06-21T00:56:47.993Z,2025-06-21T00:56:54Z,"[{'id': 5776117177, 'qualifierId': 141, 'value': '13.9'}, {'id': 5776117179, 'qualifierId': 212, 'value': '5.1'}, {'id': 5776117173, 'qualifierId': 56, 'value': 'Right'}, {'id': 5776117175, 'qualifierId': 140, 'value': '81.7'}, {'id': 5776117181, 'qualifierId': 213, 'value': '2.16'}]",7hrw0exutge376ai2uf6frw4q,L. Milliet,,,Racing Louisville,Home
2823528647,320,1,1,47,45,dtucewmt49th1p4selfutmnmc,0,96.3,9.2,2025-06-21T00:56:54.537Z,2025-06-21T00:57:00Z,"[{'id': 5776117225, 'qualifierId': 213, 'value': '1.89'}, {'id': 5776117213, 'qualifierId': 2}, {'id': 5776117217, 'qualifierId': 56, 'value': 'Center'}, {'id': 5776117219, 'qualifierId': 140, 'value': '88.8'}, {'id': 5776117221, 'qualifierId': 141, 'value': '43.7'}, {'id': 5776117223, 'qualifierId': 212, 'value': '24.7'}]",9tbrhbbmfxq8l363kybl4g7ah,Ary Borges,,,Racing Louisville,Home
2823528665,372,12,1,47,48,966pdxhsoxaib9qt5083h8uus,1,13.9,47.3,2025-06-21T00:56:57.605Z,2025-06-21T00:56:59Z,"[{'id': 5776117285, 'qualifierId': 141, 'value': '50.3'}, {'id': 5776117281, 'qualifierId': 56, 'value': 'Back'}, {'id': 5776117289, 'qualifierId': 213, 'value': '0.66'}, {'id': 5776117287, 'qualifierId': 212, 'value': '3.3'}, {'id': 5776117283, 'qualifierId': 140, 'value': '16.4'}]",23nuijdnnuiwzkd5cf7jbyajt,Angelina,,,Orlando Pride,Away
2823528661,321,61,1,47,50,dtucewmt49th1p4selfutmnmc,1,86.4,50.1,2025-06-21T00:56:58.855Z,2025-06-21T00:58:58Z,"[{'id': 5776117277, 'qualifierId': 56, 'value': 'Center'}]",9e65qlc7dfjkajyhzhak8sc7p,J. Sonis,,,Racing Louisville,Home
2823528669,373,49,1,47,50,966pdxhsoxaib9qt5083h8uus,1,17.5,35.8,2025-06-21T00:56:59.540Z,2025-06-21T00:56:59Z,[],e2obgph6szyo04em3qr94g1qt,B. Banda,,,Orlando Pride,Away
2823528675,374,1,1,47,51,966pdxhsoxaib9qt5083h8uus,1,17.5,35.6,2025-06-21T00:57:00.084Z,2025-06-21T00:57:02Z,"[{'id': 5776117329, 'qualifierId': 141, 'value': '15.2'}, {'id': 5776117327, 'qualifierId': 140, 'value': '10.3'}, {'id': 5776117333, 'qualifierId': 213, 'value': '4.21'}, {'id': 5776117331, 'qualifierId': 212, 'value': '15.8'}, {'id': 5776117325, 'qualifierId': 56, 'value': 'Back'}]",e2obgph6szyo04em3qr94g1qt,B. Banda,,,Orlando Pride,Away
2823528691,375,1,1,47,53,966pdxhsoxaib9qt5083h8uus,0,9.9,11.9,2025-06-21T00:57:02.212Z,2025-06-21T00:57:06Z,"[{'id': 5776117433, 'qualifierId': 141, 'value': '25.6'}, {'id': 5776117427, 'qualifierId': 157}, {'id': 5776117439, 'qualifierId': 1}, {'id': 5776117431, 'qualifierId': 140, 'value': '58.4'}, {'id': 5776117435, 'qualifierId': 212, 'value': '51.8'}, {'id': 5776117429, 'qualifierId': 56, 'value': 'Center'}, {'id': 5776117437, 'qualifierId': 213, 'value': '0.18'}]",eigt6t2rj0k98zt1isqrvtvqh,A. Watt,,,Orlando Pride,Away
2823528697,322,49,1,47,57,dtucewmt49th1p4selfutmnmc,1,40.3,71.0,2025-06-21T00:57:06.170Z,2025-06-21T00:57:06Z,[],cieyupgmnxecb4emqljudrw89,A. Wright,,,Racing Louisville,Home
2823528715,323,1,1,47,57,dtucewmt49th1p4selfutmnmc,1,40.3,71.0,2025-06-21T00:57:06.665Z,2025-06-21T00:57:09Z,"[{'id': 5776117543, 'qualifierId': 141, 'value': '49.1'}, {'id': 5776117545, 'qualifierId': 212, 'value': '21.9'}, {'id': 5776117539, 'qualifierId': 56, 'value': 'Back'}, {'id': 5776117541, 'qualifierId': 140, 'value': '25.0'}, {'id': 5776117547, 'qualifierId': 213, 'value': '3.89'}]",cieyupgmnxecb4emqljudrw89,A. Wright,,,Racing Louisville,Home
2823528719,324,1,1,48,1,dtucewmt49th1p4selfutmnmc,0,25.0,49.1,2025-06-21T00:57:09.754Z,2025-06-21T00:57:13Z,"[{'id': 5776117601, 'qualifierId': 1}, {'id': 5776117597, 'qualifierId': 212, 'value': '65.8'}, {'id': 5776117589, 'qualifierId': 157}, {'id': 5776117593, 'qualifierId': 140, 'value': '82.3'}, {'id': 5776117599, 'qualifierId': 213, 'value': '0.42'}, {'id': 5776117591, 'qualifierId': 56, 'value': 'Left'}, {'id': 5776117595, 'qualifierId': 141, 'value': '88.2'}]",24lhpn1z5ikitapll48t1z7kk,J. Bloomer,,,Racing Louisville,Home
2823528723,376,49,1,48,4,966pdxhsoxaib9qt5083h8uus,1,27.3,18.8,2025-06-21T00:57:13.732Z,2025-06-21T00:57:13Z,[],dy302yj9tjby62ur1u8ab8rxm,C. Dyke,,,Orlando Pride,Away
2823528749,377,1,1,48,7,966pdxhsoxaib9qt5083h8uus,1,16.2,18.1,2025-06-21T00:57:16.676Z,2025-06-21T00:57:21Z,"[{'id': 5776117795, 'qualifierId': 213, 'value': '2.17'}, {'id': 5776117791, 'qualifierId': 141, 'value': '41.3'}, {'id': 5776117789, 'qualifierId': 140, 'value': '5.9'}, {'id': 5776117787, 'qualifierId': 56, 'value': 'Back'}, {'id': 5776117793, 'qualifierId': 212, 'value': '19.1'}]",dy302yj9tjby62ur1u8ab8rxm,C. Dyke,,,Orlando Pride,Away
2823528777,378,1,1,48,12,966pdxhsoxaib9qt5083h8uus,1,6.2,41.9,2025-06-21T00:57:20.964Z,2025-06-21T00:57:26Z,"[{'id': 5776117957, 'qualifierId': 213, 'value': '1.28'}, {'id': 5776117955, 'qualifierId': 212, 'value': '11.5'}, {'id': 5776117951, 'qualifierId': 140, 'value': '9.3'}, {'id': 5776117949, 'qualifierId': 56, 'value': 'Back'}, {'id': 5776117953, 'qualifierId': 141, 'value': '58.1'}]",7e8f4kfwcucaj4239xz0rai1h,A. Moorhouse,,,Orlando Pride,Away
2823528795,379,1,1,48,17,966pdxhsoxaib9qt5083h8uus,1,21.7,67.1,2025-06-21T00:57:26.036Z,2025-06-21T00:57:29Z,"[{'id': 5776118031, 'qualifierId': 140, 'value': '26.5'}, {'id': 5776118035, 'qualifierId': 212, 'value': '13.5'}, {'id': 5776118033, 'qualifierId': 141, 'value': '85.5'}, {'id': 5776118029, 'qualifierId': 56, 'value': 'Back'}, {'id': 5776118037, 'qualifierId': 213, 'value': '1.19'}]",1uf4321zvio3hrwfu4z4jxp7t,K. Nadaner,,,Orlando Pride,Away
2823528821,380,1,1,48,20,966pdxhsoxaib9qt5083h8uus,0,25.9,89.7,2025-06-21T00:57:29.476Z,2025-06-21T00:57:34Z,"[{'id': 5776118199, 'qualifierId': 1}, {'id': 5776118193, 'qualifierId': 141, 'value': '93.5'}, {'id': 5776118195, 'qualifierId': 212, 'value': '43.4'}, {'id': 5776118191, 'qualifierId': 140, 'value': '67.2'}, {'id': 5776118187, 'qualifierId': 155}, {'id': 5776118197, 'qualifierId': 213, 'value': '0.06'}, {'id': 5776118189, 'qualifierId': 56, 'value': 'Left'}]",dyfsbff9jueyw5jhjou424bo4,K. Abello,,,Orlando Pride,Away
2823528827,325,49,1,48,25,dtucewmt49th1p4selfutmnmc,1,28.0,1.9,2025-06-21T00:57:34.650Z,2025-06-21T00:57:34Z,[],2mlyh9k0yhv8862rj6hu26j8p,E. Jean,,,Racing Louisville,Home
2823528845,326,1,1,48,26,dtucewmt49th1p4selfutmnmc,1,28.0,1.9,2025-06-21T00:57:35.193Z,2025-06-21T00:57:38Z,"[{'id': 5776118297, 'qualifierId': 140, 'value': '36.7'}, {'id': 5776118299, 'qualifierId': 141, 'value': '5.2'}, {'id': 5776118301, 'qualifierId': 212, 'value': '9.4'}, {'id': 5776118295, 'qualifierId': 56, 'value': 'Back'}, {'id': 5776118303, 'qualifierId': 213, 'value': '0.24'}]",2mlyh9k0yhv8862rj6hu26j8p,E. Jean,,,Racing Louisville,Home
2823528857,327,1,1,48,29,dtucewmt49th1p4selfutmnmc,0,41.0,7.1,2025-06-21T00:57:38.571Z,2025-06-21T00:57:42Z,"[{'id': 5776118375, 'qualifierId': 140, 'value': '87.3'}, {'id': 5776118381, 'qualifierId': 213, 'value': '0.23'}, {'id': 5776118371, 'qualifierId': 155}, {'id': 5776118383, 'qualifierId': 1}, {'id': 5776118379, 'qualifierId': 212, 'value': '49.9'}, {'id': 5776118377, 'qualifierId': 141, 'value': '23.6'}, {'id': 5776118373, 'qualifierId': 56, 'value': 'Center'}]",9tbrhbbmfxq8l363kybl4g7ah,Ary Borges,,,Racing Louisville,Home
2823528867,381,49,1,48,36,966pdxhsoxaib9qt5083h8uus,1,4.7,81.8,2025-06-21T00:57:44.804Z,2025-06-21T00:57:44Z,[],9yvkpwm78jaqr321imfc3rrbo,E. Sams,,,Orlando Pride,Away
2823528895,382,1,1,48,39,966pdxhsoxaib9qt5083h8uus,0,3.3,90.5,2025-06-21T00:57:48.724Z,2025-06-21T00:57:50Z,"[{'id': 5776118531, 'qualifierId': 141, 'value': '91.7'}, {'id': 5776118535, 'qualifierId': 213, 'value': '0.03'}, {'id': 5776118533, 'qualifierId': 212, 'value': '25.8'}, {'id': 5776118529, 'qualifierId': 140, 'value': '27.9'}, {'id': 5776118527, 'qualifierId': 56, 'value': 'Back'}]",9yvkpwm78jaqr321imfc3rrbo,E. Sams,,,Orlando Pride,Away
2823528891,328,49,1,48,41,dtucewmt49th1p4selfutmnmc,1,67.9,3.1,2025-06-21T00:57:50.587Z,2025-06-21T00:57:50Z,[],asfd5wkedz1u29xt37r6or4rt,S. DeMelo,,,Racing Louisville,Home
2823528905,329,1,1,48,43,dtucewmt49th1p4selfutmnmc,1,65.9,4.0,2025-06-21T00:57:51.754Z,2025-06-21T00:57:53Z,"[{'id': 5776118593, 'qualifierId': 213, 'value': '2.35'}, {'id': 5776118585, 'qualifierId': 56, 'value': 'Right'}, {'id': 5776118587, 'qualifierId': 140, 'value': '57.7'}, {'id': 5776118589, 'qualifierId': 141, 'value': '16.9'}, {'id': 5776118591, 'qualifierId': 212, 'value': '12.3'}]",asfd5wkedz1u29xt37r6or4rt,S. DeMelo,,,Racing Louisville,Home
2823528921,330,1,1,48,44,dtucewmt49th1p4selfutmnmc,1,57.7,16.9,2025-06-21T00:57:53.498Z,2025-06-21T00:57:59Z,"[{'id': 5776118673, 'qualifierId': 212, 'value': '8.9'}, {'id': 5776118675, 'qualifierId': 213, 'value': '5.14'}, {'id': 5776118667, 'qualifierId': 56, 'value': 'Right'}, {'id': 5776118669, 'qualifierId': 140, 'value': '61.2'}, {'id': 5776118671, 'qualifierId': 141, 'value': '4.9'}]",9tbrhbbmfxq8l363kybl4g7ah,Ary Borges,,,Racing Louisville,Home
2823528931,331,1,1,48,50,dtucewmt49th1p4selfutmnmc,1,62.2,3.7,2025-06-21T00:57:59.066Z,2025-06-21T00:59:31Z,"[{'id': 5776118725, 'qualifierId': 56, 'value': 'Right'}, {'id': 5776118731, 'qualifierId': 212, 'value': '16.2'}, {'id': 5776118733, 'qualifierId': 213, 'value': '2.44'}, {'id': 5776118727, 'qualifierId': 140, 'value': '50.4'}, {'id': 5776118729, 'qualifierId': 141, 'value': '19.1'}]",asfd5wkedz1u29xt37r6or4rt,S. DeMelo,,,Racing Louisville,Home
2823528947,332,1,1,48,53,dtucewmt49th1p4selfutmnmc,1,50.4,19.1,2025-06-21T00:58:01.866Z,2025-06-21T00:58:05Z,"[{'id': 5776118815, 'qualifierId': 56, 'value': 'Right'}, {'id': 5776118823, 'qualifierId': 213, 'value': '6.03'}, {'id': 5776118821, 'qualifierId': 212, 'value': '9.8'}, {'id': 5776118819, 'qualifierId': 141, 'value': '15.5'}, {'id': 5776118817, 'qualifierId': 140, 'value': '59.4'}]",2mlyh9k0yhv8862rj6hu26j8p,E. Jean,,,Racing Louisville,Home
2823528957,333,1,1,48,56,dtucewmt49th1p4selfutmnmc,1,58.0,15.2,2025-06-21T00:58:05.546Z,2025-06-21T00:59:34Z,"[{'id': 5776118875, 'qualifierId': 213, 'value': '3.14'}, {'id': 5776118871, 'qualifierId': 141, 'value': '15.2'}, {'id': 5776118869, 'qualifierId': 140, 'value': '45.9'}, {'id': 5776118867, 'qualifierId': 56, 'value': 'Back'}, {'id': 5776118873, 'qualifierId': 212, 'value': '12.7'}]",9tbrhbbmfxq8l363kybl4g7ah,Ary Borges,,,Racing Louisville,Home
2823528979,334,1,1,48,59,dtucewmt49th1p4selfutmnmc,1,53.1,13.0,2025-06-21T00:58:07.915Z,2025-06-21T00:58:13Z,"[{'id': 5776118997, 'qualifierId': 213, 'value': '0.36'}, {'id': 5776118989, 'qualifierId': 56, 'value': 'Right'}, {'id': 5776118993, 'qualifierId': 141, 'value': '20.9'}, {'id': 5776118995, 'qualifierId': 212, 'value': '15.1'}, {'id': 5776118991, 'qualifierId': 140, 'value': '66.5'}]",2mlyh9k0yhv8862rj6hu26j8p,E. Jean,,,Racing Louisville,Home
2823528981,335,30,1,49,0,dtucewmt49th1p4selfutmnmc,1,0.0,0.0,2025-06-21T00:58:08.853Z,2025-06-21T00:58:15Z,"[{'id': 5776119001, 'qualifierId': 57, 'value': '0'}]",,,,,Racing Louisville,Home
2823528973,383,30,1,49,0,966pdxhsoxaib9qt5083h8uus,1,0.0,0.0,2025-06-21T00:58:08.853Z,2025-06-21T00:58:15Z,"[{'id': 5776118973, 'qualifierId': 57, 'value': '0'}]",,,,,Orlando Pride,Away
2823532291,386,18,2,45,0,966pdxhsoxaib9qt5083h8uus,1,0.0,0.0,2025-06-21T01:13:22.968Z,2025-06-21T01:13:23Z,"[{'id': 5776137923, 'qualifierId': 44, 'value': 'Forward'}, {'id': 5776137921, 'qualifierId': 42}, {'id': 5776137957, 'qualifierId': 55, 'value': '387'}, {'id': 5776137925, 'qualifierId': 59, 'value': '28'}]",68njvqucip0ehuz4eecppvq0a,S. Yates,,,Orlando Pride,Away
2823532293,387,19,2,45,0,966pdxhsoxaib9qt5083h8uus,1,0.0,0.0,2025-06-21T01:13:22.969Z,2025-06-21T02:11:21Z,"[{'id': 5776137927, 'qualifierId': 42}, {'id': 5776137933, 'qualifierId': 59, 'value': '19'}, {'id': 5776137937, 'qualifierId': 55, 'value': '386'}, {'id': 5776211631, 'qualifierId': 292, 'value': '3'}, {'id': 5776137931, 'qualifierId': 145, 'value': '11'}, {'id': 5776211633, 'qualifierId': 293, 'value': '1'}, {'id': 5776137935, 'qualifierId': 44, 'value': 'Defender'}]",6zvfcc67po0ofvl1twrv13tg5,C. Pickett,,,Orlando Pride,Away
2823532329,338,32,2,45,0,dtucewmt49th1p4selfutmnmc,1,0.0,0.0,2025-06-21T01:13:35.881Z,2025-06-21T01:13:36Z,"[{'id': 5776138135, 'qualifierId': 127, 'value': 'Left to Right'}]",,,,,Racing Louisville,Home
2823532325,388,32,2,45,0,966pdxhsoxaib9qt5083h8uus,1,0.0,0.0,2025-06-21T01:13:35.881Z,2025-06-21T01:13:35Z,"[{'id': 5776138103, 'qualifierId': 127, 'value': 'Right to Left'}]",,,,,Orlando Pride,Away
2823532337,389,1,2,45,0,966pdxhsoxaib9qt5083h8uus,1,50.1,49.9,2025-06-21T01:13:35.882Z,2025-06-21T01:13:37Z,"[{'id': 5776138181, 'qualifierId': 213, 'value': '2.66'}, {'id': 5776138175, 'qualifierId': 140, 'value': '38.8'}, {'id': 5776138173, 'qualifierId': 56, 'value': 'Back'}, {'id': 5776138177, 'qualifierId': 141, 'value': '59.0'}, {'id': 5776138179, 'qualifierId': 212, 'value': '13.4'}, {'id': 5776138183, 'qualifierId': 279, 'value': 'S'}]",c811si1xw5he6ih0o1mj94tsl,Marta,,,Orlando Pride,Away
2823532347,390,1,2,45,2,966pdxhsoxaib9qt5083h8uus,1,38.9,58.8,2025-06-21T01:13:37.888Z,2025-06-21T01:13:42Z,"[{'id': 5776138235, 'qualifierId': 140, 'value': '37.9'}, {'id': 5776138233, 'qualifierId': 56, 'value': 'Back'}, {'id': 5776138237, 'qualifierId': 141, 'value': '75.9'}, {'id': 5776138239, 'qualifierId': 212, 'value': '11.7'}, {'id': 5776138241, 'qualifierId': 213, 'value': '1.66'}]",23nuijdnnuiwzkd5cf7jbyajt,Angelina,,,Orlando Pride,Away
2823532349,391,1,2,45,6,966pdxhsoxaib9qt5083h8uus,1,43.6,78.5,2025-06-21T01:13:42.528Z,2025-06-21T01:13:45Z,"[{'id': 5776138263, 'qualifierId': 212, 'value': '10.6'}, {'id': 5776138257, 'qualifierId': 56, 'value': 'Center'}, {'id': 5776138265, 'qualifierId': 213, 'value': '5.49'}, {'id': 5776138259, 'qualifierId': 140, 'value': '50.7'}, {'id': 5776138261, 'qualifierId': 141, 'value': '67.4'}]",dyfsbff9jueyw5jhjou424bo4,K. Abello,,,Orlando Pride,Away
2823532357,392,1,2,45,9,966pdxhsoxaib9qt5083h8uus,1,50.9,66.6,2025-06-21T01:13:45.152Z,2025-06-21T01:13:48Z,"[{'id': 5776138303, 'qualifierId': 56, 'value': 'Center'}, {'id': 5776138311, 'qualifierId': 213, 'value': '5.74'}, {'id': 5776138307, 'qualifierId': 141, 'value': '63.5'}, {'id': 5776138309, 'qualifierId': 212, 'value': '4.1'}, {'id': 5776138305, 'qualifierId': 140, 'value': '54.2'}]",23nuijdnnuiwzkd5cf7jbyajt,Angelina,,,Orlando Pride,Away
2823532359,393,1,2,45,12,966pdxhsoxaib9qt5083h8uus,0,57.7,67.2,2025-06-21T01:13:48.833Z,2025-06-21T01:13:50Z,"[{'id': 5776138323, 'qualifierId': 141, 'value': '73.2'}, {'id': 5776138327, 'qualifierId': 213, 'value': '0.19'}, {'id': 5776138321, 'qualifierId': 140, 'value': '78.0'}, {'id': 5776138319, 'qualifierId': 56, 'value': 'Center'}, {'id': 5776138325, 'qualifierId': 212, 'value': '21.7'}]",c811si1xw5he6ih0o1mj94tsl,Marta,,,Orlando Pride,Away
2823532371,339,12,2,45,14,dtucewmt49th1p4selfutmnmc,1,20.8,24.5,2025-06-21T01:13:50.709Z,2025-06-21T01:13:54Z,"[{'id': 5776138413, 'qualifierId': 212, 'value': '4.9'}, {'id': 5776138415, 'qualifierId': 213, 'value': '0.34'}, {'id': 5776138407, 'qualifierId': 56, 'value': 'Back'}, {'id': 5776138409, 'qualifierId': 140, 'value': '25.2'}, {'id': 5776138411, 'qualifierId': 141, 'value': '26.9'}]",7hrw0exutge376ai2uf6frw4q,L. Milliet,,,Racing Louisville,Home
2823532491,348,83,2,45,17,dtucewmt49th1p4selfutmnmc,0,24.2,19.4,2025-06-21T01:13:53.005Z,2025-06-21T01:14:34Z,"[{'id': 5776139401, 'qualifierId': 399, 'value': 'e2obgph6szyo04em3qr94g1qt'}]",9tbrhbbmfxq8l363kybl4g7ah,Ary Borges,,,Racing Louisville,Home
2823532365,394,61,2,45,17,966pdxhsoxaib9qt5083h8uus,0,78.5,69.9,2025-06-21T01:13:53.472Z,2025-06-21T01:13:53Z,"[{'id': 5776138391, 'qualifierId': 56, 'value': 'Center'}]",e2obgph6szyo04em3qr94g1qt,B. Banda,,,Orlando Pride,Away
2823532381,340,12,2,45,18,dtucewmt49th1p4selfutmnmc,1,28.4,33.2,2025-06-21T01:13:54.677Z,2025-06-21T01:13:56Z,"[{'id': 5776138483, 'qualifierId': 213, 'value': '4.69'}, {'id': 5776138479, 'qualifierId': 141, 'value': '0.0'}, {'id': 5776138477, 'qualifierId': 140, 'value': '27.9'}, {'id': 5776138475, 'qualifierId': 56, 'value': 'Back'}, {'id': 5776138481, 'qualifierId': 212, 'value': '23.5'}, {'id': 5776138509, 'qualifierId': 167}]",8q0rkr3gz7hz1ssdx3fkro0a2,T. Flint,,,Racing Louisville,Home
2823532389,341,5,2,45,20,dtucewmt49th1p4selfutmnmc,0,26.4,-1.1,2025-06-21T01:13:55.882Z,2025-06-21T02:10:46Z,"[{'id': 5776138507, 'qualifierId': 347}, {'id': 5776138505, 'qualifierId': 56, 'value': 'Back'}, {'id': 5776138755, 'qualifierId': 233, 'value': '395'}]",8q0rkr3gz7hz1ssdx3fkro0a2,T. Flint,,,Racing Louisville,Home
2823532421,395,5,2,45,20,966pdxhsoxaib9qt5083h8uus,1,73.6,101.1,2025-06-21T01:13:55.882Z,2025-06-21T02:10:46Z,"[{'id': 5776138751, 'qualifierId': 233, 'value': '341'}, {'id': 5776138747, 'qualifierId': 56, 'value': 'Left'}, {'id': 5776138749, 'qualifierId': 347}]",e2obgph6szyo04em3qr94g1qt,B. Banda,,,Orlando Pride,Away
2823532423,396,1,2,45,30,966pdxhsoxaib9qt5083h8uus,1,73.4,100.0,2025-06-21T01:14:06.464Z,2025-06-21T01:14:14Z,"[{'id': 5776138769, 'qualifierId': 213, 'value': '4.41'}, {'id': 5776138763, 'qualifierId': 140, 'value': '70.6'}, {'id': 5776138765, 'qualifierId': 141, 'value': '87.6'}, {'id': 5776138759, 'qualifierId': 107}, {'id': 5776138761, 'qualifierId': 56, 'value': 'Left'}, {'id': 5776138929, 'qualifierId': 189}, {'id': 5776138767, 'qualifierId': 212, 'value': '9.8'}]",dyfsbff9jueyw5jhjou424bo4,K. Abello,,,Orlando Pride,Away
2823532431,397,1,2,45,31,966pdxhsoxaib9qt5083h8uus,1,70.6,87.6,2025-06-21T01:14:07.648Z,2025-06-21T01:14:09Z,"[{'id': 5776138821, 'qualifierId': 141, 'value': '90.0'}, {'id': 5776138817, 'qualifierId': 56, 'value': 'Left'}, {'id': 5776138819, 'qualifierId': 140, 'value': '71.4'}, {'id': 5776138825, 'qualifierId': 213, 'value': '1.10'}, {'id': 5776138823, 'qualifierId': 212, 'value': '1.8'}]",23nuijdnnuiwzkd5cf7jbyajt,Angelina,,,Orlando Pride,Away
2823532435,398,1,2,45,32,966pdxhsoxaib9qt5083h8uus,0,71.4,90.0,2025-06-21T01:14:08.335Z,2025-06-21T01:14:09Z,"[{'id': 5776138847, 'qualifierId': 212, 'value': '6.3'}, {'id': 5776138849, 'qualifierId': 213, 'value': '5.77'}, {'id': 5776138843, 'qualifierId': 140, 'value': '76.6'}, {'id': 5776138845, 'qualifierId': 141, 'value': '85.5'}, {'id': 5776138841, 'qualifierId': 56, 'value': 'Left'}]",dyfsbff9jueyw5jhjou424bo4,K. Abello,,,Orlando Pride,Away
2823532439,342,8,2,45,34,dtucewmt49th1p4selfutmnmc,1,28.1,7.1,2025-06-21T01:14:10.359Z,2025-06-21T01:14:10Z,"[{'id': 5776138863, 'qualifierId': 56, 'value': 'Back'}]",9e65qlc7dfjkajyhzhak8sc7p,J. Sonis,,,Racing Louisville,Home
2823532441,343,49,2,45,35,dtucewmt49th1p4selfutmnmc,1,20.1,7.0,2025-06-21T01:14:11.430Z,2025-06-21T01:14:11Z,[],7hrw0exutge376ai2uf6frw4q,L. Milliet,,,Racing Louisville,Home
2823532463,344,1,2,45,35,dtucewmt49th1p4selfutmnmc,1,20.1,7.0,2025-06-21T01:14:11.701Z,2025-06-21T01:14:12Z,"[{'id': 5776138873, 'qualifierId': 140, 'value': '26.4'}, {'id': 5776138879, 'qualifierId': 213, 'value': '0.81'}, {'id': 5776138877, 'qualifierId': 212, 'value': '9.6'}, {'id': 5776138871, 'qualifierId': 56, 'value': 'Back'}, {'id': 5776138875, 'qualifierId': 141, 'value': '17.3'}]",7hrw0exutge376ai2uf6frw4q,L. Milliet,,,Racing Louisville,Home
2823532471,345,1,2,45,36,dtucewmt49th1p4selfutmnmc,1,26.4,17.3,2025-06-21T01:14:12.469Z,2025-06-21T01:14:13Z,"[{'id': 5776138901, 'qualifierId': 212, 'value': '9.1'}, {'id': 5776138897, 'qualifierId': 140, 'value': '25.6'}, {'id': 5776138899, 'qualifierId': 141, 'value': '4.0'}, {'id': 5776138895, 'qualifierId': 56, 'value': 'Back'}, {'id': 5776138903, 'qualifierId': 213, 'value': '4.62'}]",8q0rkr3gz7hz1ssdx3fkro0a2,T. Flint,,,Racing Louisville,Home
2823532473,346,61,2,45,36,dtucewmt49th1p4selfutmnmc,0,25.6,4.0,2025-06-21T01:14:12.541Z,2025-06-21T02:11:28Z,"[{'id': 5776138907, 'qualifierId': 56, 'value': 'Back'}]",9e65qlc7dfjkajyhzhak8sc7p,J. Sonis,,,Racing Louisville,Home
2823532475,347,5,2,45,37,dtucewmt49th1p4selfutmnmc,0,25.8,-1.0,2025-06-21T01:14:13.137Z,2025-06-21T02:10:47Z,"[{'id': 5776138935, 'qualifierId': 233, 'value': '399'}, {'id': 5776138911, 'qualifierId': 347}, {'id': 5776138909, 'qualifierId': 56, 'value': 'Back'}]",9e65qlc7dfjkajyhzhak8sc7p,J. Sonis,,,Racing Louisville,Home
2823532479,399,5,2,45,37,966pdxhsoxaib9qt5083h8uus,1,74.2,101.0,2025-06-21T01:14:13.137Z,2025-06-21T02:10:47Z,"[{'id': 5776138925, 'qualifierId': 56, 'value': 'Left'}, {'id': 5776138931, 'qualifierId': 233, 'value': '347'}, {'id': 5776138927, 'qualifierId': 347}]",dyfsbff9jueyw5jhjou424bo4,K. Abello,,,Orlando Pride,Away
2823532503,400,1,2,45,42,966pdxhsoxaib9qt5083h8uus,0,74.8,100.0,2025-06-21T01:14:18.480Z,2025-06-21T01:14:19Z,"[{'id': 5776139057, 'qualifierId': 56, 'value': 'Left'}, {'id': 5776139055, 'qualifierId': 107}, {'id': 5776139063, 'qualifierId': 212, 'value': '9.2'}, {'id': 5776139059, 'qualifierId': 140, 'value': '77.4'}, {'id': 5776139065, 'qualifierId': 213, 'value': '5.01'}, {'id': 5776139061, 'qualifierId': 141, 'value': '88.1'}]",dyfsbff9jueyw5jhjou424bo4,K. Abello,,,Orlando Pride,Away
2823532507,349,12,2,45,45,dtucewmt49th1p4selfutmnmc,1,24.2,18.2,2025-06-21T01:14:21.573Z,2025-06-21T01:14:22Z,"[{'id': 5776139091, 'qualifierId': 141, 'value': '0.0'}, {'id': 5776139087, 'qualifierId': 56, 'value': 'Back'}, {'id': 5776139089, 'qualifierId': 140, 'value': '26.8'}, {'id': 5776139125, 'qualifierId': 167}, {'id': 5776139095, 'qualifierId': 213, 'value': '4.92'}, {'id': 5776139093, 'qualifierId': 212, 'value': '13.5'}]",8q0rkr3gz7hz1ssdx3fkro0a2,T. Flint,,,Racing Louisville,Home
2823532511,350,5,2,45,46,dtucewmt49th1p4selfutmnmc,0,26.2,-1.1,2025-06-21T01:14:22.386Z,2025-06-21T02:10:47Z,"[{'id': 5776139111, 'qualifierId': 56, 'value': 'Back'}, {'id': 5776139113, 'qualifierId': 347}, {'id': 5776139239, 'qualifierId': 233, 'value': '401'}]",8q0rkr3gz7hz1ssdx3fkro0a2,T. Flint,,,Racing Louisville,Home
2823532531,401,5,2,45,46,966pdxhsoxaib9qt5083h8uus,1,73.8,101.1,2025-06-21T01:14:22.386Z,2025-06-21T02:10:47Z,"[{'id': 5776139231, 'qualifierId': 56, 'value': 'Left'}, {'id': 5776139235, 'qualifierId': 233, 'value': '350'}, {'id': 5776139233, 'qualifierId': 347}]",dyfsbff9jueyw5jhjou424bo4,K. Abello,,,Orlando Pride,Away
2823532537,402,1,2,45,52,966pdxhsoxaib9qt5083h8uus,1,74.0,100.0,2025-06-21T01:14:28.753Z,2025-06-21T01:14:31Z,"[{'id': 5776139283, 'qualifierId': 212, 'value': '8.0'}, {'id': 5776139279, 'qualifierId': 140, 'value': '68.8'}, {'id': 5776139277, 'qualifierId': 56, 'value': 'Left'}, {'id': 5776139285, 'qualifierId': 213, 'value': '3.96'}, {'id': 5776139275, 'qualifierId': 107}, {'id': 5776139281, 'qualifierId': 141, 'value': '92.6'}]",dyfsbff9jueyw5jhjou424bo4,K. Abello,,,Orlando Pride,Away
2823532541,403,1,2,45,55,966pdxhsoxaib9qt5083h8uus,1,68.4,91.1,2025-06-21T01:14:31.024Z,2025-06-21T01:14:32Z,"[{'id': 5776139307, 'qualifierId': 56, 'value': 'Left'}, {'id': 5776139315, 'qualifierId': 213, 'value': '6.20'}, {'id': 5776139309, 'qualifierId': 140, 'value': '73.0'}, {'id': 5776139311, 'qualifierId': 141, 'value': '90.5'}, {'id': 5776139313, 'qualifierId': 212, 'value': '4.8'}]",23nuijdnnuiwzkd5cf7jbyajt,Angelina,,,Orlando Pride,Away
2823532555,404,1,2,45,56,966pdxhsoxaib9qt5083h8uus,1,73.2,90.5,2025-06-21T01:14:32.095Z,2025-06-21T01:14:34Z,"[{'id': 5776139373, 'qualifierId': 56, 'value': 'Left'}, {'id': 5776139377, 'qualifierId': 141, 'value': '85.2'}, {'id': 5776139379, 'qualifierId': 212, 'value': '7.0'}, {'id': 5776139375, 'qualifierId': 140, 'value': '67.5'}, {'id': 5776139381, 'qualifierId': 213, 'value': '3.68'}]",dyfsbff9jueyw5jhjou424bo4,K. Abello,,,Orlando Pride,Away
2823532565,405,1,2,45,58,966pdxhsoxaib9qt5083h8uus,0,67.8,85.7,2025-06-21T01:14:34.608Z,2025-06-21T01:14:35Z,"[{'id': 5776139443, 'qualifierId': 140, 'value': '71.9'}, {'id': 5776139449, 'qualifierId': 213, 'value': '5.07'}, {'id': 5776139447, 'qualifierId': 212, 'value': '12.1'}, {'id': 5776139441, 'qualifierId': 56, 'value': 'Center'}, {'id': 5776139445, 'qualifierId': 141, 'value': '69.0'}]",23nuijdnnuiwzkd5cf7jbyajt,Angelina,,,Orlando Pride,Away
2823532583,351,12,2,45,59,dtucewmt49th1p4selfutmnmc,1,29.4,25.4,2025-06-21T01:14:35.558Z,2025-06-21T01:14:37Z,"[{'id': 5776139511, 'qualifierId': 140, 'value': '45.7'}, {'id': 5776139515, 'qualifierId': 212, 'value': '17.2'}, {'id': 5776139509, 'qualifierId': 56, 'value': 'Back'}, {'id': 5776139523, 'qualifierId': 15}, {'id': 5776139513, 'qualifierId': 141, 'value': '28.1'}, {'id': 5776139517, 'qualifierId': 213, 'value': '0.11'}]",9tbrhbbmfxq8l363kybl4g7ah,Ary Borges,,,Racing Louisville,Home
2823532591,352,49,2,46,2,dtucewmt49th1p4selfutmnmc,1,41.8,27.7,2025-06-21T01:14:38.807Z,2025-06-21T01:14:38Z,[],aoa88ulpguvr42b0a1jn8dfys,S. Weber,,,Racing Louisville,Home
2823532605,353,1,2,46,3,dtucewmt49th1p4selfutmnmc,1,41.8,27.7,2025-06-21T01:14:39.109Z,2025-06-21T01:14:40Z,"[{'id': 5776139625, 'qualifierId': 212, 'value': '9.5'}, {'id': 5776139621, 'qualifierId': 140, 'value': '37.6'}, {'id': 5776139619, 'qualifierId': 56, 'value': 'Back'}, {'id': 5776139623, 'qualifierId': 141, 'value': '15.4'}, {'id': 5776139627, 'qualifierId': 213, 'value': '4.23'}]",aoa88ulpguvr42b0a1jn8dfys,S. Weber,,,Racing Louisville,Home
2823532619,354,1,2,46,5,dtucewmt49th1p4selfutmnmc,0,37.5,15.4,2025-06-21T01:14:40.903Z,2025-06-21T01:14:47Z,"[{'id': 5776139733, 'qualifierId': 1}, {'id': 5776139763, 'qualifierId': 157}, {'id': 5776139727, 'qualifierId': 141, 'value': '50.7'}, {'id': 5776139731, 'qualifierId': 213, 'value': '0.45'}, {'id': 5776139729, 'qualifierId': 212, 'value': '55.0'}, {'id': 5776139723, 'qualifierId': 56, 'value': 'Center'}, {'id': 5776139725, 'qualifierId': 140, 'value': '84.6'}]",asfd5wkedz1u29xt37r6or4rt,S. DeMelo,,,Racing Louisville,Home
2823532621,406,49,2,46,9,966pdxhsoxaib9qt5083h8uus,1,15.5,44.9,2025-06-21T01:14:45.536Z,2025-06-21T01:14:45Z,[],7e8f4kfwcucaj4239xz0rai1h,A. Moorhouse,,,Orlando Pride,Away
2823532655,407,1,2,46,11,966pdxhsoxaib9qt5083h8uus,1,15.0,45.4,2025-06-21T01:14:47.392Z,2025-06-21T01:14:53Z,"[{'id': 5776139923, 'qualifierId': 213, 'value': '0.91'}, {'id': 5776139915, 'qualifierId': 56, 'value': 'Back'}, {'id': 5776139919, 'qualifierId': 141, 'value': '61.4'}, {'id': 5776139917, 'qualifierId': 140, 'value': '23.0'}, {'id': 5776139921, 'qualifierId': 212, 'value': '13.7'}]",7e8f4kfwcucaj4239xz0rai1h,A. Moorhouse,,,Orlando Pride,Away
2823532667,408,1,2,46,17,966pdxhsoxaib9qt5083h8uus,1,25.9,66.3,2025-06-21T01:14:53.344Z,2025-06-21T01:14:55Z,"[{'id': 5776139975, 'qualifierId': 141, 'value': '60.6'}, {'id': 5776139971, 'qualifierId': 56, 'value': 'Back'}, {'id': 5776139977, 'qualifierId': 212, 'value': '6.4'}, {'id': 5776139979, 'qualifierId': 213, 'value': '5.63'}, {'id': 5776139973, 'qualifierId': 140, 'value': '30.7'}]",1uf4321zvio3hrwfu4z4jxp7t,K. Nadaner,,,Orlando Pride,Away
2823532673,409,4,2,46,19,966pdxhsoxaib9qt5083h8uus,1,33.8,63.0,2025-06-21T01:14:55.360Z,2025-06-21T02:03:21Z,"[{'id': 5776140089, 'qualifierId': 286}, {'id': 5776140013, 'qualifierId': 152}, {'id': 5776140047, 'qualifierId': 233, 'value': '355'}, {'id': 5776140007, 'qualifierId': 13}, {'id': 5776140011, 'qualifierId': 56, 'value': 'Back'}, {'id': 5776140009, 'qualifierId': 294}]",23nuijdnnuiwzkd5cf7jbyajt,Angelina,,,Orlando Pride,Away
2823532681,355,4,2,46,19,dtucewmt49th1p4selfutmnmc,0,66.2,37.0,2025-06-21T01:14:55.361Z,2025-06-21T02:03:21Z,"[{'id': 5776140027, 'qualifierId': 294}, {'id': 5776140055, 'qualifierId': 233, 'value': '409'}, {'id': 5776140031, 'qualifierId': 56, 'value': 'Center'}, {'id': 5776140035, 'qualifierId': 152}, {'id': 5776202753, 'qualifierId': 285}, {'id': 5776140025, 'qualifierId': 13}]",asfd5wkedz1u29xt37r6or4rt,S. DeMelo,,,Racing Louisville,Home
2823532733,410,1,2,46,32,966pdxhsoxaib9qt5083h8uus,1,36.0,63.9,2025-06-21T01:15:08.335Z,2025-06-21T01:15:09Z,"[{'id': 5776140373, 'qualifierId': 212, 'value': '7.0'}, {'id': 5776140365, 'qualifierId': 152}, {'id': 5776140375, 'qualifierId': 213, 'value': '1.83'}, {'id': 5776140363, 'qualifierId': 5}, {'id': 5776140367, 'qualifierId': 56, 'value': 'Back'}, {'id': 5776140369, 'qualifierId': 140, 'value': '34.3'}, {'id': 5776140371, 'qualifierId': 141, 'value': '73.8'}]",23nuijdnnuiwzkd5cf7jbyajt,Angelina,,,Orlando Pride,Away
2823532739,411,1,2,46,33,966pdxhsoxaib9qt5083h8uus,1,34.2,73.8,2025-06-21T01:15:09.776Z,2025-06-21T01:15:11Z,"[{'id': 5776140395, 'qualifierId': 213, 'value': '4.79'}, {'id': 5776140387, 'qualifierId': 56, 'value': 'Back'}, {'id': 5776140389, 'qualifierId': 140, 'value': '34.7'}, {'id': 5776140391, 'qualifierId': 141, 'value': '63.5'}, {'id': 5776140393, 'qualifierId': 212, 'value': '7.0'}]",1uf4321zvio3hrwfu4z4jxp7t,K. Nadaner,,,Orlando Pride,Away
2823532753,412,1,2,46,36,966pdxhsoxaib9qt5083h8uus,1,34.8,62.9,2025-06-21T01:15:11.935Z,2025-06-21T01:15:18Z,"[{'id': 5776140457, 'qualifierId': 140, 'value': '36.9'}, {'id': 5776140461, 'qualifierId': 212, 'value': '16.1'}, {'id': 5776140459, 'qualifierId': 141, 'value': '39.5'}, {'id': 5776140463, 'qualifierId': 213, 'value': '4.85'}, {'id': 5776140455, 'qualifierId': 56, 'value': 'Back'}]",23nuijdnnuiwzkd5cf7jbyajt,Angelina,,,Orlando Pride,Away
2823532759,413,1,2,46,42,966pdxhsoxaib9qt5083h8uus,0,54.9,31.3,2025-06-21T01:15:18.080Z,2025-06-21T01:15:20Z,"[{'id': 5776140469, 'qualifierId': 56, 'value': 'Right'}, {'id': 5776140471, 'qualifierId': 140, 'value': '74.1'}, {'id': 5776140475, 'qualifierId': 212, 'value': '21.4'}, {'id': 5776140473, 'qualifierId': 141, 'value': '20.6'}, {'id': 5776140477, 'qualifierId': 213, 'value': '5.94'}]",9yvkpwm78jaqr321imfc3rrbo,E. Sams,,,Orlando Pride,Away
2823532757,356,49,2,46,44,dtucewmt49th1p4selfutmnmc,1,27.7,90.9,2025-06-21T01:15:20.568Z,2025-06-21T01:15:20Z,[],2x4vbu3htfozzwd8g7bdxeacp,C. Petersen,,,Racing Louisville,Home
2823532769,357,1,2,46,44,dtucewmt49th1p4selfutmnmc,1,27.7,90.9,2025-06-21T01:15:20.839Z,2025-06-21T01:15:24Z,"[{'id': 5776140549, 'qualifierId': 140, 'value': '38.0'}, {'id': 5776140553, 'qualifierId': 212, 'value': '11.0'}, {'id': 5776140547, 'qualifierId': 56, 'value': 'Back'}, {'id': 5776140551, 'qualifierId': 141, 'value': '94.1'}, {'id': 5776140555, 'qualifierId': 213, 'value': '0.20'}]",2x4vbu3htfozzwd8g7bdxeacp,C. Petersen,,,Racing Louisville,Home
2823532771,358,3,2,46,46,dtucewmt49th1p4selfutmnmc,0,33.8,91.8,2025-06-21T01:15:22.190Z,2025-06-21T01:15:28Z,"[{'id': 5776140559, 'qualifierId': 56, 'value': 'Back'}, {'id': 5776140591, 'qualifierId': 286}, {'id': 5776140575, 'qualifierId': 233, 'value': '414'}]",br17lkx91icsoqiibmufa23v8,E. Sears,,,Racing Louisville,Home
2823532773,414,7,2,46,46,966pdxhsoxaib9qt5083h8uus,1,66.2,8.2,2025-06-21T01:15:22.191Z,2025-06-21T01:15:27Z,"[{'id': 5776140589, 'qualifierId': 285}, {'id': 5776140563, 'qualifierId': 56, 'value': 'Right'}, {'id': 5776140567, 'qualifierId': 233, 'value': '358'}]",dy302yj9tjby62ur1u8ab8rxm,C. Dyke,,,Orlando Pride,Away
2823532775,415,49,2,46,47,966pdxhsoxaib9qt5083h8uus,1,71.5,10.0,2025-06-21T01:15:23.760Z,2025-06-21T01:15:25Z,[],dy302yj9tjby62ur1u8ab8rxm,C. Dyke,,,Orlando Pride,Away
2823532787,416,1,2,46,48,966pdxhsoxaib9qt5083h8uus,1,71.5,10.0,2025-06-21T01:15:24.208Z,2025-06-21T01:15:28Z,"[{'id': 5776140677, 'qualifierId': 213, 'value': '2.64'}, {'id': 5776140669, 'qualifierId': 56, 'value': 'Right'}, {'id': 5776140673, 'qualifierId': 141, 'value': '13.6'}, {'id': 5776140671, 'qualifierId': 140, 'value': '67.2'}, {'id': 5776140675, 'qualifierId': 212, 'value': '5.1'}]",dy302yj9tjby62ur1u8ab8rxm,C. Dyke,,,Orlando Pride,Away
2823532791,417,1,2,46,49,966pdxhsoxaib9qt5083h8uus,0,67.2,13.6,2025-06-21T01:15:25.440Z,2025-06-21T01:15:28Z,"[{'id': 5776140691, 'qualifierId': 213, 'value': '0.29'}, {'id': 5776140687, 'qualifierId': 141, 'value': '16.9'}, {'id': 5776140689, 'qualifierId': 212, 'value': '7.8'}, {'id': 5776140683, 'qualifierId': 56, 'value': 'Right'}, {'id': 5776140685, 'qualifierId': 140, 'value': '74.3'}, {'id': 5776140681, 'qualifierId': 155}]",1uf4321zvio3hrwfu4z4jxp7t,K. Nadaner,,,Orlando Pride,Away
2823532797,359,12,2,46,51,dtucewmt49th1p4selfutmnmc,1,29.8,91.4,2025-06-21T01:15:27.752Z,2025-06-21T01:15:29Z,"[{'id': 5776140709, 'qualifierId': 56, 'value': 'Back'}, {'id': 5776140717, 'qualifierId': 141, 'value': '86.0'}, {'id': 5776140743, 'qualifierId': 15}, {'id': 5776140721, 'qualifierId': 212, 'value': '6.9'}, {'id': 5776140725, 'qualifierId': 213, 'value': '5.72'}, {'id': 5776140713, 'qualifierId': 140, 'value': '35.4'}]",2x4vbu3htfozzwd8g7bdxeacp,C. Petersen,,,Racing Louisville,Home
2823532815,360,1,2,46,53,dtucewmt49th1p4selfutmnmc,0,33.7,88.4,2025-06-21T01:15:29.183Z,2025-06-21T01:24:23Z,"[{'id': 5776140817, 'qualifierId': 212, 'value': '2.1'}, {'id': 5776154297, 'qualifierId': 236}, {'id': 5776140819, 'qualifierId': 213, 'value': '6.19'}, {'id': 5776154299, 'qualifierId': 233, 'value': '418'}, {'id': 5776154303, 'qualifierId': 286}, {'id': 5776140811, 'qualifierId': 56, 'value': 'Back'}, {'id': 5776154295, 'qualifierId': 1}, {'id': 5776140815, 'qualifierId': 141, 'value': '88.1'}, {'id': 5776154293, 'qualifierId': 157}, {'id': 5776140813, 'qualifierId': 140, 'value': '35.7'}]",9tbrhbbmfxq8l363kybl4g7ah,Ary Borges,,,Racing Louisville,Home
2823532803,418,74,2,46,53,966pdxhsoxaib9qt5083h8uus,1,73.4,19.4,2025-06-21T01:15:29.184Z,2025-06-21T01:15:30Z,"[{'id': 5776140757, 'qualifierId': 56, 'value': 'Right'}, {'id': 5776140761, 'qualifierId': 285}, {'id': 5776140831, 'qualifierId': 233, 'value': '360'}]",3cyj9a2fjtx4xd0bqdh6g3azu,H. McCutcheon,,,Orlando Pride,Away
2823532821,361,12,2,46,55,dtucewmt49th1p4selfutmnmc,1,30.7,92.0,2025-06-21T01:15:31.383Z,2025-06-21T01:24:34Z,"[{'id': 5776140845, 'qualifierId': 56, 'value': 'Back'}, {'id': 5776140851, 'qualifierId': 212, 'value': '8.6'}, {'id': 5776140853, 'qualifierId': 213, 'value': '0.02'}, {'id': 5776140849, 'qualifierId': 141, 'value': '92.3'}, {'id': 5776140847, 'qualifierId': 140, 'value': '38.9'}]",2x4vbu3htfozzwd8g7bdxeacp,C. Petersen,,,Racing Louisville,Home
2823532835,419,1,2,46,56,966pdxhsoxaib9qt5083h8uus,1,65.8,12.8,2025-06-21T01:15:32.143Z,2025-06-21T01:15:34Z,"[{'id': 5776140925, 'qualifierId': 140, 'value': '67.2'}, {'id': 5776140931, 'qualifierId': 213, 'value': '1.32'}, {'id': 5776140929, 'qualifierId': 212, 'value': '5.9'}, {'id': 5776140927, 'qualifierId': 141, 'value': '21.2'}, {'id': 5776140923, 'qualifierId': 56, 'value': 'Center'}]",dy302yj9tjby62ur1u8ab8rxm,C. Dyke,,,Orlando Pride,Away
2823532839,420,1,2,46,58,966pdxhsoxaib9qt5083h8uus,1,68.9,23.6,2025-06-21T01:15:34.543Z,2025-06-21T01:15:36Z,"[{'id': 5776140963, 'qualifierId': 212, 'value': '9.9'}, {'id': 5776140961, 'qualifierId': 141, 'value': '37.9'}, {'id': 5776140959, 'qualifierId': 140, 'value': '66.9'}, {'id': 5776140965, 'qualifierId': 213, 'value': '1.78'}, {'id': 5776140957, 'qualifierId': 56, 'value': 'Center'}]",3cyj9a2fjtx4xd0bqdh6g3azu,H. McCutcheon,,,Orlando Pride,Away
2823532855,421,1,2,47,0,966pdxhsoxaib9qt5083h8uus,1,66.6,39.8,2025-06-21T01:15:36.543Z,2025-06-21T01:15:39Z,"[{'id': 5776141057, 'qualifierId': 212, 'value': '16.0'}, {'id': 5776141051, 'qualifierId': 56, 'value': 'Center'}, {'id': 5776141055, 'qualifierId': 141, 'value': '63.3'}, {'id': 5776141053, 'qualifierId': 140, 'value': '67.3'}, {'id': 5776141059, 'qualifierId': 213, 'value': '1.52'}]",23nuijdnnuiwzkd5cf7jbyajt,Angelina,,,Orlando Pride,Away
2823532861,422,1,2,47,3,966pdxhsoxaib9qt5083h8uus,1,68.0,63.3,2025-06-21T01:15:39.680Z,2025-06-21T01:15:41Z,"[{'id': 5776141093, 'qualifierId': 141, 'value': '87.9'}, {'id': 5776141095, 'qualifierId': 212, 'value': '17.7'}, {'id': 5776141091, 'qualifierId': 140, 'value': '73.6'}, {'id': 5776141097, 'qualifierId': 213, 'value': '1.23'}, {'id': 5776141089, 'qualifierId': 56, 'value': 'Left'}]",dyfsbff9jueyw5jhjou424bo4,K. Abello,,,Orlando Pride,Away
2823532877,423,1,2,47,5,966pdxhsoxaib9qt5083h8uus,1,73.4,87.9,2025-06-21T01:15:41.423Z,2025-06-21T01:15:44Z,"[{'id': 5776141197, 'qualifierId': 212, 'value': '13.1'}, {'id': 5776141193, 'qualifierId': 140, 'value': '69.0'}, {'id': 5776141199, 'qualifierId': 213, 'value': '4.35'}, {'id': 5776141191, 'qualifierId': 56, 'value': 'Center'}, {'id': 5776141195, 'qualifierId': 141, 'value': '69.8'}]",6zvfcc67po0ofvl1twrv13tg5,C. Pickett,,,Orlando Pride,Away
2823532891,424,1,2,47,8,966pdxhsoxaib9qt5083h8uus,0,69.0,69.8,2025-06-21T01:15:44.047Z,2025-06-21T01:15:45Z,"[{'id': 5776141259, 'qualifierId': 140, 'value': '81.2'}, {'id': 5776141257, 'qualifierId': 56, 'value': 'Center'}, {'id': 5776141269, 'qualifierId': 213, 'value': '5.91'}, {'id': 5776141267, 'qualifierId': 212, 'value': '13.8'}, {'id': 5776141263, 'qualifierId': 141, 'value': '62.4'}]",23nuijdnnuiwzkd5cf7jbyajt,Angelina,,,Orlando Pride,Away
2823532893,362,49,2,47,10,dtucewmt49th1p4selfutmnmc,1,20.1,41.3,2025-06-21T01:15:46.057Z,2025-06-21T01:15:46Z,[],cieyupgmnxecb4emqljudrw89,A. Wright,,,Racing Louisville,Home
2823532909,363,1,2,47,10,dtucewmt49th1p4selfutmnmc,1,20.1,41.3,2025-06-21T01:15:46.375Z,2025-06-21T01:15:48Z,"[{'id': 5776141373, 'qualifierId': 56, 'value': 'Back'}, {'id': 5776141377, 'qualifierId': 141, 'value': '24.7'}, {'id': 5776141379, 'qualifierId': 212, 'value': '13.4'}, {'id': 5776141381, 'qualifierId': 213, 'value': '5.28'}, {'id': 5776141375, 'qualifierId': 140, 'value': '27.0'}]",cieyupgmnxecb4emqljudrw89,A. Wright,,,Racing Louisville,Home
2823532921,364,1,2,47,12,dtucewmt49th1p4selfutmnmc,1,24.9,30.4,2025-06-21T01:15:48.471Z,2025-06-21T01:15:50Z,"[{'id': 5776141455, 'qualifierId': 213, 'value': '3.32'}, {'id': 5776141451, 'qualifierId': 141, 'value': '26.0'}, {'id': 5776141447, 'qualifierId': 56, 'value': 'Back'}, {'id': 5776141453, 'qualifierId': 212, 'value': '17.3'}, {'id': 5776141449, 'qualifierId': 140, 'value': '8.7'}]",9e65qlc7dfjkajyhzhak8sc7p,J. Sonis,,,Racing Louisville,Home
2823532941,365,1,2,47,14,dtucewmt49th1p4selfutmnmc,0,9.2,24.2,2025-06-21T01:15:50.600Z,2025-06-21T01:15:52Z,"[{'id': 5776141553, 'qualifierId': 213, 'value': '6.02'}, {'id': 5776141549, 'qualifierId': 141, 'value': '13.0'}, {'id': 5776141543, 'qualifierId': 157}, {'id': 5776141545, 'qualifierId': 56, 'value': 'Back'}, {'id': 5776141551, 'qualifierId': 212, 'value': '29.2'}, {'id': 5776141555, 'qualifierId': 1}, {'id': 5776141547, 'qualifierId': 140, 'value': '36.0'}]",2mlyh9k0yhv8862rj6hu26j8p,E. Jean,,,Racing Louisville,Home
2823532951,425,61,2,47,18,966pdxhsoxaib9qt5083h8uus,0,70.5,71.1,2025-06-21T01:15:53.967Z,2025-06-21T01:15:54Z,"[{'id': 5776141605, 'qualifierId': 56, 'value': 'Center'}]",23nuijdnnuiwzkd5cf7jbyajt,Angelina,,,Orlando Pride,Away
2823532965,366,1,2,47,18,dtucewmt49th1p4selfutmnmc,1,27.5,13.6,2025-06-21T01:15:54.056Z,2025-06-21T01:15:57Z,"[{'id': 5776141683, 'qualifierId': 141, 'value': '9.8'}, {'id': 5776141679, 'qualifierId': 56, 'value': 'Back'}, {'id': 5776141681, 'qualifierId': 140, 'value': '18.7'}, {'id': 5776141685, 'qualifierId': 212, 'value': '9.6'}, {'id': 5776141687, 'qualifierId': 213, 'value': '3.41'}]",7hrw0exutge376ai2uf6frw4q,L. Milliet,,,Racing Louisville,Home
2823532981,367,1,2,47,21,dtucewmt49th1p4selfutmnmc,1,18.7,9.8,2025-06-21T01:15:57.720Z,2025-06-21T01:24:56Z,"[{'id': 5776141773, 'qualifierId': 212, 'value': '28.9'}, {'id': 5776141771, 'qualifierId': 141, 'value': '31.4'}, {'id': 5776141769, 'qualifierId': 140, 'value': '42.4'}, {'id': 5776141767, 'qualifierId': 56, 'value': 'Back'}, {'id': 5776141775, 'qualifierId': 213, 'value': '0.53'}]",9e65qlc7dfjkajyhzhak8sc7p,J. Sonis,,,Racing Louisville,Home
2823533003,368,50,2,47,26,dtucewmt49th1p4selfutmnmc,1,58.3,45.0,2025-06-21T01:16:01.982Z,2025-06-21T02:11:07Z,"[{'id': 5776141887, 'qualifierId': 286}, {'id': 5776141885, 'qualifierId': 56, 'value': 'Center'}, {'id': 5776142047, 'qualifierId': 233, 'value': '426'}]",asfd5wkedz1u29xt37r6or4rt,S. DeMelo,,,Racing Louisville,Home
2823533031,426,7,2,47,26,966pdxhsoxaib9qt5083h8uus,1,41.7,55.0,2025-06-21T01:16:01.983Z,2025-06-21T02:11:07Z,"[{'id': 5776142015, 'qualifierId': 285}, {'id': 5776142013, 'qualifierId': 56, 'value': 'Back'}, {'id': 5776142035, 'qualifierId': 233, 'value': '368'}]",c811si1xw5he6ih0o1mj94tsl,Marta,,,Orlando Pride,Away
2823533035,427,49,2,47,28,966pdxhsoxaib9qt5083h8uus,1,38.0,50.0,2025-06-21T01:16:04.399Z,2025-06-21T01:16:04Z,[],9yvkpwm78jaqr321imfc3rrbo,E. Sams,,,Orlando Pride,Away
2823533049,428,3,2,47,29,966pdxhsoxaib9qt5083h8uus,0,40.1,52.8,2025-06-21T01:16:05.831Z,2025-06-21T02:11:08Z,"[{'id': 5776142089, 'qualifierId': 233, 'value': '369'}, {'id': 5776142083, 'qualifierId': 286}, {'id': 5776142081, 'qualifierId': 56, 'value': 'Back'}]",9yvkpwm78jaqr321imfc3rrbo,E. Sams,,,Orlando Pride,Away
2823533045,369,7,2,47,29,dtucewmt49th1p4selfutmnmc,0,59.9,47.2,2025-06-21T01:16:05.832Z,2025-06-21T02:11:07Z,"[{'id': 5776142077, 'qualifierId': 285}, {'id': 5776142085, 'qualifierId': 233, 'value': '428'}, {'id': 5776142075, 'qualifierId': 56, 'value': 'Center'}]",9tbrhbbmfxq8l363kybl4g7ah,Ary Borges,,,Racing Louisville,Home
2823533075,429,1,2,47,33,966pdxhsoxaib9qt5083h8uus,0,44.7,61.5,2025-06-21T01:16:09.039Z,2025-06-21T01:16:09Z,"[{'id': 5776142195, 'qualifierId': 140, 'value': '49.9'}, {'id': 5776142191, 'qualifierId': 155}, {'id': 5776142199, 'qualifierId': 212, 'value': '8.5'}, {'id': 5776142201, 'qualifierId': 213, 'value': '0.87'}, {'id': 5776142193, 'qualifierId': 56, 'value': 'Back'}, {'id': 5776142197, 'qualifierId': 141, 'value': '71.0'}]",23nuijdnnuiwzkd5cf7jbyajt,Angelina,,,Orlando Pride,Away
2823533083,370,1,2,47,33,dtucewmt49th1p4selfutmnmc,1,48.4,22.9,2025-06-21T01:16:09.672Z,2025-06-21T01:16:11Z,"[{'id': 5776142231, 'qualifierId': 56, 'value': 'Center'}, {'id': 5776142235, 'qualifierId': 141, 'value': '24.8'}, {'id': 5776142233, 'qualifierId': 140, 'value': '66.1'}, {'id': 5776142239, 'qualifierId': 213, 'value': '0.07'}, {'id': 5776142237, 'qualifierId': 212, 'value': '18.6'}]",7hrw0exutge376ai2uf6frw4q,L. Milliet,,,Racing Louisville,Home
2823533089,371,49,2,47,35,dtucewmt49th1p4selfutmnmc,1,66.3,26.5,2025-06-21T01:16:11.674Z,2025-06-21T02:12:30Z,[],9tbrhbbmfxq8l363kybl4g7ah,Ary Borges,,,Racing Louisville,Home
2823533139,372,1,2,47,37,dtucewmt49th1p4selfutmnmc,1,75.3,29.8,2025-06-21T01:16:13.784Z,2025-06-21T01:16:28Z,"[{'id': 5776142535, 'qualifierId': 141, 'value': '74.9'}, {'id': 5776142531, 'qualifierId': 56, 'value': 'Center'}, {'id': 5776142881, 'qualifierId': 210, 'value': '13'}, {'id': 5776142537, 'qualifierId': 212, 'value': '30.8'}, {'id': 5776142539, 'qualifierId': 213, 'value': '1.48'}, {'id': 5776142533, 'qualifierId': 140, 'value': '78.1'}]",9tbrhbbmfxq8l363kybl4g7ah,Ary Borges,1.0,,Racing Louisville,Home
2823533141,373,13,2,47,40,dtucewmt49th1p4selfutmnmc,1,78.3,71.6,2025-06-21T01:16:16.760Z,2025-06-21T01:16:29Z,"[{'id': 5776142907, 'qualifierId': 215}, {'id': 5776142731, 'qualifierId': 20}, {'id': 5776142909, 'qualifierId': 230, 'value': '99.3'}, {'id': 5776142545, 'qualifierId': 22}, {'id': 5776142895, 'qualifierId': 83}, {'id': 5776142911, 'qualifierId': 231, 'value': '51.4'}, {'id': 5776142897, 'qualifierId': 29}, {'id': 5776142547, 'qualifierId': 18}, {'id': 5776142903, 'qualifierId': 102, 'value': '56.8'}, {'id': 5776142905, 'qualifierId': 103, 'value': '9.7'}, {'id': 5776142899, 'qualifierId': 55, 'value': '372'}, {'id': 5776142549, 'qualifierId': 56, 'value': 'Center'}]",br17lkx91icsoqiibmufa23v8,E. Sears,,,Racing Louisville,Home
2823533173,374,5,2,47,43,dtucewmt49th1p4selfutmnmc,0,100.9,57.4,2025-06-21T01:16:19.503Z,2025-06-21T02:10:48Z,"[{'id': 5776142711, 'qualifierId': 56, 'value': 'Center'}, {'id': 5776143129, 'qualifierId': 233, 'value': '430'}, {'id': 5776142713, 'qualifierId': 346}]",br17lkx91icsoqiibmufa23v8,E. Sears,,,Racing Louisville,Home
2823533239,430,5,2,47,43,966pdxhsoxaib9qt5083h8uus,1,-0.9,42.6,2025-06-21T01:16:19.503Z,2025-06-21T02:10:48Z,"[{'id': 5776143121, 'qualifierId': 233, 'value': '374'}, {'id': 5776143101, 'qualifierId': 346}, {'id': 5776143099, 'qualifierId': 56, 'value': 'Back'}]",dy302yj9tjby62ur1u8ab8rxm,C. Dyke,,,Orlando Pride,Away
2823533275,431,1,2,48,1,966pdxhsoxaib9qt5083h8uus,1,4.7,55.8,2025-06-21T01:16:37.072Z,2025-06-21T01:16:52Z,"[{'id': 5776143287, 'qualifierId': 212, 'value': '4.2'}, {'id': 5776143293, 'qualifierId': 237}, {'id': 5776143283, 'qualifierId': 140, 'value': '4.2'}, {'id': 5776143279, 'qualifierId': 124}, {'id': 5776143289, 'qualifierId': 213, 'value': '4.59'}, {'id': 5776143281, 'qualifierId': 56, 'value': 'Back'}, {'id': 5776143285, 'qualifierId': 141, 'value': '49.6'}, {'id': 5776143605, 'qualifierId': 189}]",1uf4321zvio3hrwfu4z4jxp7t,K. Nadaner,,,Orlando Pride,Away
2823533285,432,1,2,48,8,966pdxhsoxaib9qt5083h8uus,0,4.7,50.6,2025-06-21T01:16:43.999Z,2025-06-21T01:16:45Z,"[{'id': 5776143355, 'qualifierId': 140, 'value': '34.8'}, {'id': 5776143351, 'qualifierId': 155}, {'id': 5776143363, 'qualifierId': 1}, {'id': 5776143359, 'qualifierId': 212, 'value': '34.1'}, {'id': 5776143361, 'qualifierId': 213, 'value': '0.38'}, {'id': 5776143353, 'qualifierId': 56, 'value': 'Back'}, {'id': 5776143357, 'qualifierId': 141, 'value': '69.3'}]",7e8f4kfwcucaj4239xz0rai1h,A. Moorhouse,,,Orlando Pride,Away
2823533287,375,49,2,48,9,dtucewmt49th1p4selfutmnmc,1,60.4,21.7,2025-06-21T01:16:45.610Z,2025-06-21T01:16:45Z,[],7hrw0exutge376ai2uf6frw4q,L. Milliet,,,Racing Louisville,Home
2823533293,376,1,2,48,10,dtucewmt49th1p4selfutmnmc,1,60.4,21.7,2025-06-21T01:16:46.202Z,2025-06-21T01:16:48Z,"[{'id': 5776143391, 'qualifierId': 56, 'value': 'Center'}, {'id': 5776143395, 'qualifierId': 141, 'value': '50.6'}, {'id': 5776143393, 'qualifierId': 140, 'value': '82.8'}, {'id': 5776143399, 'qualifierId': 213, 'value': '0.70'}, {'id': 5776143389, 'qualifierId': 155}, {'id': 5776143397, 'qualifierId': 212, 'value': '30.6'}]",7hrw0exutge376ai2uf6frw4q,L. Milliet,,,Racing Louisville,Home
2823533315,377,1,2,48,12,dtucewmt49th1p4selfutmnmc,1,82.8,50.6,2025-06-21T01:16:48.010Z,2025-06-21T01:17:48Z,"[{'id': 5776143569, 'qualifierId': 141, 'value': '40.7'}, {'id': 5776143563, 'qualifierId': 3}, {'id': 5776143565, 'qualifierId': 56, 'value': 'Center'}, {'id': 5776143571, 'qualifierId': 212, 'value': '13.3'}, {'id': 5776145031, 'qualifierId': 210, 'value': '14'}, {'id': 5776143567, 'qualifierId': 140, 'value': '93.7'}, {'id': 5776143573, 'qualifierId': 213, 'value': '5.75'}, {'id': 5776145033, 'qualifierId': 154}]",aoa88ulpguvr42b0a1jn8dfys,S. Weber,1.0,,Racing Louisville,Home
2823533321,378,14,2,48,14,dtucewmt49th1p4selfutmnmc,1,92.1,42.5,2025-06-21T01:16:50.330Z,2025-06-21T01:17:49Z,"[{'id': 5776143581, 'qualifierId': 22}, {'id': 5776145035, 'qualifierId': 75}, {'id': 5776143585, 'qualifierId': 56, 'value': 'Center'}, {'id': 5776145053, 'qualifierId': 230, 'value': '99.7'}, {'id': 5776143735, 'qualifierId': 20}, {'id': 5776145041, 'qualifierId': 55, 'value': '377'}, {'id': 5776145055, 'qualifierId': 231, 'value': '48.4'}, {'id': 5776143583, 'qualifierId': 17}, {'id': 5776145045, 'qualifierId': 102, 'value': '44.6'}, {'id': 5776145051, 'qualifierId': 328}, {'id': 5776145047, 'qualifierId': 103, 'value': '19.0'}, {'id': 5776145037, 'qualifierId': 29}, {'id': 5776145049, 'qualifierId': 214}, {'id': 5776145039, 'qualifierId': 154}]",9tbrhbbmfxq8l363kybl4g7ah,Ary Borges,,,Racing Louisville,Home
2823533327,379,5,2,48,17,dtucewmt49th1p4selfutmnmc,0,88.0,-0.8,2025-06-21T01:16:53.370Z,2025-06-21T02:10:48Z,"[{'id': 5776143615, 'qualifierId': 56, 'value': 'Right'}, {'id': 5776143869, 'qualifierId': 233, 'value': '433'}, {'id': 5776143617, 'qualifierId': 347}]",9tbrhbbmfxq8l363kybl4g7ah,Ary Borges,,,Racing Louisville,Home
2823533375,433,5,2,48,17,966pdxhsoxaib9qt5083h8uus,1,12.0,100.8,2025-06-21T01:16:53.370Z,2025-06-21T02:10:48Z,"[{'id': 5776143837, 'qualifierId': 347}, {'id': 5776143851, 'qualifierId': 233, 'value': '379'}, {'id': 5776143835, 'qualifierId': 56, 'value': 'Back'}]",7e8f4kfwcucaj4239xz0rai1h,A. Moorhouse,,,Orlando Pride,Away
2823533377,434,1,2,48,27,966pdxhsoxaib9qt5083h8uus,0,8.3,100.0,2025-06-21T01:17:03.039Z,2025-06-21T01:17:04Z,"[{'id': 5776143899, 'qualifierId': 213, 'value': '4.63'}, {'id': 5776143893, 'qualifierId': 140, 'value': '8.0'}, {'id': 5776143895, 'qualifierId': 141, 'value': '95.6'}, {'id': 5776143891, 'qualifierId': 56, 'value': 'Back'}, {'id': 5776143897, 'qualifierId': 212, 'value': '4.0'}, {'id': 5776143889, 'qualifierId': 107}]",dyfsbff9jueyw5jhjou424bo4,K. Abello,,,Orlando Pride,Away
2823533409,382,49,2,48,27,dtucewmt49th1p4selfutmnmc,1,92.3,11.0,2025-06-21T01:17:03.355Z,2025-06-21T01:20:10Z,"[{'id': 5776148653, 'qualifierId': 189}]",asfd5wkedz1u29xt37r6or4rt,S. DeMelo,,,Racing Louisville,Home
2823533389,380,50,2,48,28,dtucewmt49th1p4selfutmnmc,1,92.2,9.4,2025-06-21T01:17:04.174Z,2025-06-21T01:23:15Z,"[{'id': 5776144029, 'qualifierId': 233, 'value': '435'}, {'id': 5776144011, 'qualifierId': 286}, {'id': 5776144009, 'qualifierId': 56, 'value': 'Right'}]",asfd5wkedz1u29xt37r6or4rt,S. DeMelo,,,Racing Louisville,Home
2823533383,435,7,2,48,28,966pdxhsoxaib9qt5083h8uus,0,7.8,90.6,2025-06-21T01:17:04.175Z,2025-06-21T01:17:06Z,"[{'id': 5776143931, 'qualifierId': 285}, {'id': 5776144013, 'qualifierId': 233, 'value': '380'}, {'id': 5776143929, 'qualifierId': 56, 'value': 'Back'}]",dyfsbff9jueyw5jhjou424bo4,K. Abello,,,Orlando Pride,Away
2823533403,381,61,2,48,28,dtucewmt49th1p4selfutmnmc,1,92.3,11.0,2025-06-21T01:17:04.264Z,2025-06-21T01:24:00Z,"[{'id': 5776144089, 'qualifierId': 56, 'value': 'Right'}]",asfd5wkedz1u29xt37r6or4rt,S. DeMelo,,,Racing Louisville,Home
2823534905,480,49,2,48,29,966pdxhsoxaib9qt5083h8uus,1,8.9,87.5,2025-06-21T01:17:05.134Z,2025-06-21T01:23:31Z,[],dyfsbff9jueyw5jhjou424bo4,K. Abello,,,Orlando Pride,Away
2823533397,436,1,2,48,29,966pdxhsoxaib9qt5083h8uus,1,6.8,93.2,2025-06-21T01:17:05.711Z,2025-06-21T01:17:07Z,"[{'id': 5776144061, 'qualifierId': 140, 'value': '6.9'}, {'id': 5776144065, 'qualifierId': 212, 'value': '5.1'}, {'id': 5776144059, 'qualifierId': 56, 'value': 'Back'}, {'id': 5776144063, 'qualifierId': 141, 'value': '85.7'}, {'id': 5776144067, 'qualifierId': 213, 'value': '4.73'}]",dyfsbff9jueyw5jhjou424bo4,K. Abello,,,Orlando Pride,Away
2823533405,437,1,2,48,31,966pdxhsoxaib9qt5083h8uus,1,7.1,85.5,2025-06-21T01:17:07.278Z,2025-06-21T01:23:07Z,"[{'id': 5776144095, 'qualifierId': 140, 'value': '12.3'}, {'id': 5776144099, 'qualifierId': 212, 'value': '7.6'}, {'id': 5776144093, 'qualifierId': 56, 'value': 'Back'}, {'id': 5776144101, 'qualifierId': 213, 'value': '0.76'}, {'id': 5776144097, 'qualifierId': 141, 'value': '93.2'}]",1uf4321zvio3hrwfu4z4jxp7t,K. Nadaner,,,Orlando Pride,Away
2823533419,438,1,2,48,33,966pdxhsoxaib9qt5083h8uus,1,13.5,92.9,2025-06-21T01:17:09.775Z,2025-06-21T01:17:13Z,"[{'id': 5776144179, 'qualifierId': 56, 'value': 'Back'}, {'id': 5776144183, 'qualifierId': 141, 'value': '65.6'}, {'id': 5776144185, 'qualifierId': 212, 'value': '24.6'}, {'id': 5776144181, 'qualifierId': 140, 'value': '28.8'}, {'id': 5776144187, 'qualifierId': 213, 'value': '5.43'}]",6zvfcc67po0ofvl1twrv13tg5,C. Pickett,,,Orlando Pride,Away
2823533423,439,50,2,48,37,966pdxhsoxaib9qt5083h8uus,1,28.0,70.0,2025-06-21T01:17:13.407Z,2025-06-21T01:17:18Z,"[{'id': 5776144203, 'qualifierId': 56, 'value': 'Back'}, {'id': 5776144239, 'qualifierId': 233, 'value': '383'}, {'id': 5776144205, 'qualifierId': 285}]",c811si1xw5he6ih0o1mj94tsl,Marta,,,Orlando Pride,Away
2823533427,383,7,2,48,37,dtucewmt49th1p4selfutmnmc,0,72.0,30.0,2025-06-21T01:17:13.408Z,2025-06-21T01:17:18Z,"[{'id': 5776144227, 'qualifierId': 286}, {'id': 5776144233, 'qualifierId': 233, 'value': '439'}, {'id': 5776144225, 'qualifierId': 56, 'value': 'Center'}]",cieyupgmnxecb4emqljudrw89,A. Wright,,,Racing Louisville,Home
2823533433,440,1,2,48,39,966pdxhsoxaib9qt5083h8uus,0,28.4,64.7,2025-06-21T01:17:15.743Z,2025-06-21T01:23:07Z,"[{'id': 5776144275, 'qualifierId': 212, 'value': '2.6'}, {'id': 5776144271, 'qualifierId': 140, 'value': '26.8'}, {'id': 5776144273, 'qualifierId': 141, 'value': '67.7'}, {'id': 5776152537, 'qualifierId': 233, 'value': '413'}, {'id': 5776152535, 'qualifierId': 236}, {'id': 5776144269, 'qualifierId': 56, 'value': 'Back'}, {'id': 5776144277, 'qualifierId': 213, 'value': '2.26'}, {'id': 5776152541, 'qualifierId': 286}]",c811si1xw5he6ih0o1mj94tsl,Marta,,,Orlando Pride,Away
2823534815,413,74,2,48,39,dtucewmt49th1p4selfutmnmc,1,80.5,25.4,2025-06-21T01:17:15.744Z,2025-06-21T02:11:05Z,"[{'id': 5776152543, 'qualifierId': 233, 'value': '440'}, {'id': 5776152531, 'qualifierId': 56, 'value': 'Center'}, {'id': 5776152533, 'qualifierId': 285}]",asfd5wkedz1u29xt37r6or4rt,S. DeMelo,,,Racing Louisville,Home
2823533447,384,49,2,48,44,dtucewmt49th1p4selfutmnmc,1,79.8,29.3,2025-06-21T01:17:19.979Z,2025-06-21T01:23:23Z,[],asfd5wkedz1u29xt37r6or4rt,S. DeMelo,,,Racing Louisville,Home
2823533455,385,1,2,48,45,dtucewmt49th1p4selfutmnmc,0,79.8,29.3,2025-06-21T01:17:20.890Z,2025-06-21T01:23:32Z,"[{'id': 5776144393, 'qualifierId': 212, 'value': '22.7'}, {'id': 5776144395, 'qualifierId': 213, 'value': '0.19'}, {'id': 5776144391, 'qualifierId': 141, 'value': '35.5'}, {'id': 5776144389, 'qualifierId': 140, 'value': '100.0'}, {'id': 5776144387, 'qualifierId': 56, 'value': 'Center'}]",asfd5wkedz1u29xt37r6or4rt,S. DeMelo,,,Racing Louisville,Home
2823533457,441,56,2,48,45,966pdxhsoxaib9qt5083h8uus,1,1.8,66.2,2025-06-21T01:17:21.431Z,2025-06-21T02:11:33Z,"[{'id': 5776144397, 'qualifierId': 56, 'value': 'Back'}]",9yvkpwm78jaqr321imfc3rrbo,E. Sams,,,Orlando Pride,Away
2823533463,386,5,2,48,45,dtucewmt49th1p4selfutmnmc,0,100.8,34.8,2025-06-21T01:17:21.771Z,2025-06-21T02:10:49Z,"[{'id': 5776145105, 'qualifierId': 233, 'value': '442'}, {'id': 5776144431, 'qualifierId': 56, 'value': 'Center'}, {'id': 5776144433, 'qualifierId': 346}]",asfd5wkedz1u29xt37r6or4rt,S. DeMelo,,,Racing Louisville,Home
2823533559,442,5,2,48,45,966pdxhsoxaib9qt5083h8uus,1,-0.8,65.2,2025-06-21T01:17:21.771Z,2025-06-21T02:10:49Z,"[{'id': 5776145059, 'qualifierId': 346}, {'id': 5776145057, 'qualifierId': 56, 'value': 'Back'}, {'id': 5776145073, 'qualifierId': 233, 'value': '386'}]",9yvkpwm78jaqr321imfc3rrbo,E. Sams,,,Orlando Pride,Away
2823533567,443,1,2,49,13,966pdxhsoxaib9qt5083h8uus,1,4.7,53.1,2025-06-21T01:17:49.279Z,2025-06-21T01:17:50Z,"[{'id': 5776145127, 'qualifierId': 189}, {'id': 5776145111, 'qualifierId': 124}, {'id': 5776145115, 'qualifierId': 140, 'value': '8.0'}, {'id': 5776145113, 'qualifierId': 56, 'value': 'Back'}, {'id': 5776145125, 'qualifierId': 237}, {'id': 5776145121, 'qualifierId': 213, 'value': '5.01'}, {'id': 5776145117, 'qualifierId': 141, 'value': '36.5'}, {'id': 5776145119, 'qualifierId': 212, 'value': '11.8'}]",7e8f4kfwcucaj4239xz0rai1h,A. Moorhouse,,,Orlando Pride,Away
2823533591,444,1,2,49,15,966pdxhsoxaib9qt5083h8uus,1,9.2,33.7,2025-06-21T01:17:51.711Z,2025-06-21T01:17:53Z,"[{'id': 5776145263, 'qualifierId': 141, 'value': '9.8'}, {'id': 5776145261, 'qualifierId': 140, 'value': '25.6'}, {'id': 5776145259, 'qualifierId': 56, 'value': 'Back'}, {'id': 5776145265, 'qualifierId': 212, 'value': '23.7'}, {'id': 5776145267, 'qualifierId': 213, 'value': '5.53'}, {'id': 5776145271, 'qualifierId': 189}]",9yvkpwm78jaqr321imfc3rrbo,E. Sams,,,Orlando Pride,Away
2823533607,445,1,2,49,18,966pdxhsoxaib9qt5083h8uus,1,25.9,9.8,2025-06-21T01:17:54.671Z,2025-06-21T01:17:56Z,"[{'id': 5776145373, 'qualifierId': 141, 'value': '16.4'}, {'id': 5776145371, 'qualifierId': 140, 'value': '6.8'}, {'id': 5776145375, 'qualifierId': 212, 'value': '20.6'}, {'id': 5776145377, 'qualifierId': 213, 'value': '2.92'}, {'id': 5776145369, 'qualifierId': 56, 'value': 'Back'}]",dy302yj9tjby62ur1u8ab8rxm,C. Dyke,,,Orlando Pride,Away
2823533609,446,1,2,49,20,966pdxhsoxaib9qt5083h8uus,1,7.9,15.2,2025-06-21T01:17:56.591Z,2025-06-21T01:17:57Z,"[{'id': 5776145383, 'qualifierId': 140, 'value': '13.2'}, {'id': 5776145389, 'qualifierId': 213, 'value': '5.69'}, {'id': 5776145387, 'qualifierId': 212, 'value': '6.7'}, {'id': 5776145381, 'qualifierId': 56, 'value': 'Back'}, {'id': 5776145385, 'qualifierId': 141, 'value': '9.7'}]",9yvkpwm78jaqr321imfc3rrbo,E. Sams,,,Orlando Pride,Away
2823533629,447,1,2,49,21,966pdxhsoxaib9qt5083h8uus,1,13.2,9.7,2025-06-21T01:17:57.503Z,2025-06-21T01:18:02Z,"[{'id': 5776145489, 'qualifierId': 213, 'value': '1.13'}, {'id': 5776145487, 'qualifierId': 212, 'value': '5.9'}, {'id': 5776145483, 'qualifierId': 140, 'value': '15.6'}, {'id': 5776145485, 'qualifierId': 141, 'value': '17.6'}, {'id': 5776145481, 'qualifierId': 56, 'value': 'Back'}]",dy302yj9tjby62ur1u8ab8rxm,C. Dyke,,,Orlando Pride,Away
2823533631,448,1,2,49,26,966pdxhsoxaib9qt5083h8uus,1,18.9,7.1,2025-06-21T01:18:02.590Z,2025-06-21T01:18:03Z,"[{'id': 5776145501, 'qualifierId': 213, 'value': '2.63'}, {'id': 5776145497, 'qualifierId': 141, 'value': '11.5'}, {'id': 5776145495, 'qualifierId': 140, 'value': '13.8'}, {'id': 5776145499, 'qualifierId': 212, 'value': '6.1'}, {'id': 5776145493, 'qualifierId': 56, 'value': 'Back'}]",3cyj9a2fjtx4xd0bqdh6g3azu,H. McCutcheon,,,Orlando Pride,Away
2823533635,449,1,2,49,27,966pdxhsoxaib9qt5083h8uus,0,13.8,11.5,2025-06-21T01:18:03.695Z,2025-06-21T01:18:06Z,"[{'id': 5776145521, 'qualifierId': 157}, {'id': 5776145525, 'qualifierId': 140, 'value': '33.4'}, {'id': 5776145531, 'qualifierId': 213, 'value': '0.29'}, {'id': 5776145523, 'qualifierId': 56, 'value': 'Back'}, {'id': 5776145533, 'qualifierId': 1}, {'id': 5776145527, 'qualifierId': 141, 'value': '20.5'}, {'id': 5776145529, 'qualifierId': 212, 'value': '21.5'}]",9yvkpwm78jaqr321imfc3rrbo,E. Sams,,,Orlando Pride,Away
2823533639,387,1,2,49,30,dtucewmt49th1p4selfutmnmc,0,66.3,87.2,2025-06-21T01:18:06.603Z,2025-06-21T01:18:07Z,"[{'id': 5776145555, 'qualifierId': 140, 'value': '77.3'}, {'id': 5776145557, 'qualifierId': 141, 'value': '80.7'}, {'id': 5776145559, 'qualifierId': 212, 'value': '12.4'}, {'id': 5776145561, 'qualifierId': 213, 'value': '5.92'}, {'id': 5776145553, 'qualifierId': 56, 'value': 'Left'}]",8q0rkr3gz7hz1ssdx3fkro0a2,T. Flint,,,Racing Louisville,Home
2823533647,450,8,2,49,33,966pdxhsoxaib9qt5083h8uus,1,28.6,18.1,2025-06-21T01:18:09.471Z,2025-06-21T01:19:01Z,"[{'id': 5776145595, 'qualifierId': 56, 'value': 'Back'}]",9yvkpwm78jaqr321imfc3rrbo,E. Sams,,,Orlando Pride,Away
2823533659,451,1,2,49,35,966pdxhsoxaib9qt5083h8uus,1,19.8,15.8,2025-06-21T01:18:11.231Z,2025-06-21T01:19:57Z,"[{'id': 5776145725, 'qualifierId': 157}, {'id': 5776145729, 'qualifierId': 140, 'value': '42.4'}, {'id': 5776145737, 'qualifierId': 1}, {'id': 5776145731, 'qualifierId': 141, 'value': '17.3'}, {'id': 5776145735, 'qualifierId': 213, 'value': '0.04'}, {'id': 5776145733, 'qualifierId': 212, 'value': '23.8'}, {'id': 5776145727, 'qualifierId': 56, 'value': 'Back'}]",dy302yj9tjby62ur1u8ab8rxm,C. Dyke,,,Orlando Pride,Away
2823533661,388,45,2,49,40,dtucewmt49th1p4selfutmnmc,0,42.7,87.8,2025-06-21T01:18:16.527Z,2025-06-21T02:11:13Z,"[{'id': 5776145743, 'qualifierId': 56, 'value': 'Back'}, {'id': 5776145745, 'qualifierId': 285}, {'id': 5776145851, 'qualifierId': 233, 'value': '452'}]",cieyupgmnxecb4emqljudrw89,A. Wright,,,Racing Louisville,Home
2823533679,452,3,2,49,40,966pdxhsoxaib9qt5083h8uus,1,57.3,12.2,2025-06-21T01:18:16.527Z,2025-06-21T02:11:13Z,"[{'id': 5776145845, 'qualifierId': 286}, {'id': 5776145847, 'qualifierId': 233, 'value': '388'}, {'id': 5776145843, 'qualifierId': 56, 'value': 'Right'}]",e2obgph6szyo04em3qr94g1qt,B. Banda,,,Orlando Pride,Away
2823533687,453,1,2,49,45,966pdxhsoxaib9qt5083h8uus,0,86.0,29.8,2025-06-21T01:18:20.895Z,2025-06-21T01:18:22Z,"[{'id': 5776145881, 'qualifierId': 56, 'value': 'Center'}, {'id': 5776145885, 'qualifierId': 141, 'value': '51.3'}, {'id': 5776145883, 'qualifierId': 140, 'value': '84.1'}, {'id': 5776145889, 'qualifierId': 213, 'value': '1.71'}, {'id': 5776145887, 'qualifierId': 212, 'value': '14.8'}]",e2obgph6szyo04em3qr94g1qt,B. Banda,,,Orlando Pride,Away
2823533691,389,1,2,49,47,dtucewmt49th1p4selfutmnmc,0,14.9,46.9,2025-06-21T01:18:23.532Z,2025-06-21T01:18:23Z,"[{'id': 5776145913, 'qualifierId': 140, 'value': '30.2'}, {'id': 5776145917, 'qualifierId': 212, 'value': '18.3'}, {'id': 5776145919, 'qualifierId': 213, 'value': '0.50'}, {'id': 5776145911, 'qualifierId': 56, 'value': 'Back'}, {'id': 5776145915, 'qualifierId': 141, 'value': '59.9'}]",9e65qlc7dfjkajyhzhak8sc7p,J. Sonis,,,Racing Louisville,Home
2823533701,454,15,2,49,49,966pdxhsoxaib9qt5083h8uus,1,79.1,41.7,2025-06-21T01:18:25.871Z,2025-06-21T02:14:26Z,"[{'id': 5776146379, 'qualifierId': 147, 'value': '45.7'}, {'id': 5776145961, 'qualifierId': 56, 'value': 'Center'}, {'id': 5776146377, 'qualifierId': 146, 'value': '91.0'}, {'id': 5776146369, 'qualifierId': 78}, {'id': 5776146373, 'qualifierId': 103, 'value': '19'}, {'id': 5776145957, 'qualifierId': 22}, {'id': 5776146383, 'qualifierId': 231, 'value': '47.8'}, {'id': 5776146371, 'qualifierId': 102, 'value': '48.3'}, {'id': 5776148659, 'qualifierId': 72}, {'id': 5776146381, 'qualifierId': 230, 'value': '97.6'}, {'id': 5776146375, 'qualifierId': 458}, {'id': 5776146269, 'qualifierId': 82}, {'id': 5776145959, 'qualifierId': 18}, {'id': 5776146399, 'qualifierId': 233, 'value': '390'}]",c811si1xw5he6ih0o1mj94tsl,Marta,,,Orlando Pride,Away
2823533705,390,10,2,49,50,dtucewmt49th1p4selfutmnmc,1,9.0,54.3,2025-06-21T01:18:25.971Z,2025-06-21T01:18:40Z,"[{'id': 5776146003, 'qualifierId': 94}, {'id': 5776146005, 'qualifierId': 56, 'value': 'Back'}, {'id': 5776146403, 'qualifierId': 233, 'value': '454'}]",8q0rkr3gz7hz1ssdx3fkro0a2,T. Flint,,,Racing Louisville,Home
2823533713,455,15,2,49,52,966pdxhsoxaib9qt5083h8uus,1,86.4,36.4,2025-06-21T01:18:28.382Z,2025-06-21T02:14:42Z,"[{'id': 5776146167, 'qualifierId': 147, 'value': '48.4'}, {'id': 5776146157, 'qualifierId': 102, 'value': '49.7'}, {'id': 5776146023, 'qualifierId': 22}, {'id': 5776146159, 'qualifierId': 103, 'value': '5.1'}, {'id': 5776215133, 'qualifierId': 63}, {'id': 5776146203, 'qualifierId': 233, 'value': '391'}, {'id': 5776146027, 'qualifierId': 56, 'value': 'Center'}, {'id': 5776146087, 'qualifierId': 72}, {'id': 5776146155, 'qualifierId': 78}, {'id': 5776146163, 'qualifierId': 458}, {'id': 5776146165, 'qualifierId': 146, 'value': '98.6'}, {'id': 5776146161, 'qualifierId': 328}]",e2obgph6szyo04em3qr94g1qt,B. Banda,,,Orlando Pride,Away
2823533719,391,10,2,49,52,dtucewmt49th1p4selfutmnmc,1,0.7,51.3,2025-06-21T01:18:28.482Z,2025-06-21T01:18:34Z,"[{'id': 5776146131, 'qualifierId': 177}, {'id': 5776146073, 'qualifierId': 56, 'value': 'Back'}, {'id': 5776146133, 'qualifierId': 179}, {'id': 5776146071, 'qualifierId': 182}, {'id': 5776146217, 'qualifierId': 233, 'value': '455'}]",24lhpn1z5ikitapll48t1z7kk,J. Bloomer,,,Racing Louisville,Home
2823533733,392,52,2,49,54,dtucewmt49th1p4selfutmnmc,1,0.7,51.3,2025-06-21T01:18:30.486Z,2025-06-21T01:18:32Z,[],24lhpn1z5ikitapll48t1z7kk,J. Bloomer,,,Racing Louisville,Home
2823533823,393,1,2,50,18,dtucewmt49th1p4selfutmnmc,1,14.3,50.1,2025-06-21T01:18:54.558Z,2025-06-21T01:19:15Z,"[{'id': 5776146697, 'qualifierId': 140, 'value': '29.7'}, {'id': 5776146695, 'qualifierId': 56, 'value': 'Back'}, {'id': 5776146701, 'qualifierId': 212, 'value': '18.4'}, {'id': 5776146693, 'qualifierId': 123}, {'id': 5776146703, 'qualifierId': 213, 'value': '5.79'}, {'id': 5776147133, 'qualifierId': 189}, {'id': 5776146699, 'qualifierId': 141, 'value': '37.3'}]",24lhpn1z5ikitapll48t1z7kk,J. Bloomer,,,Racing Louisville,Home
2823533825,394,61,2,50,22,dtucewmt49th1p4selfutmnmc,1,30.8,36.5,2025-06-21T01:18:58.568Z,2025-06-21T01:19:14Z,"[{'id': 5776147109, 'qualifierId': 189}, {'id': 5776146707, 'qualifierId': 56, 'value': 'Back'}]",2mlyh9k0yhv8862rj6hu26j8p,E. Jean,,,Racing Louisville,Home
2823533851,456,12,2,50,26,966pdxhsoxaib9qt5083h8uus,1,18.3,16.0,2025-06-21T01:19:02.014Z,2025-06-21T01:19:11Z,"[{'id': 5776146885, 'qualifierId': 213, 'value': '5.94'}, {'id': 5776146881, 'qualifierId': 141, 'value': '13.7'}, {'id': 5776147075, 'qualifierId': 233, 'value': '395'}, {'id': 5776147073, 'qualifierId': 397}, {'id': 5776146883, 'qualifierId': 212, 'value': '4.7'}, {'id': 5776146879, 'qualifierId': 140, 'value': '22.5'}, {'id': 5776146877, 'qualifierId': 56, 'value': 'Back'}]",dy302yj9tjby62ur1u8ab8rxm,C. Dyke,,,Orlando Pride,Away
2823533835,395,74,2,50,26,dtucewmt49th1p4selfutmnmc,1,75.1,94.1,2025-06-21T01:19:02.015Z,2025-06-21T01:19:12Z,"[{'id': 5776147079, 'qualifierId': 233, 'value': '456'}, {'id': 5776147043, 'qualifierId': 285}, {'id': 5776146781, 'qualifierId': 56, 'value': 'Left'}, {'id': 5776147071, 'qualifierId': 397}]",br17lkx91icsoqiibmufa23v8,E. Sears,,,Racing Louisville,Home
2823533853,396,5,2,50,28,dtucewmt49th1p4selfutmnmc,0,73.6,100.8,2025-06-21T01:19:04.783Z,2025-06-21T02:10:49Z,"[{'id': 5776147189, 'qualifierId': 233, 'value': '457'}, {'id': 5776146887, 'qualifierId': 56, 'value': 'Left'}, {'id': 5776146889, 'qualifierId': 347}]",br17lkx91icsoqiibmufa23v8,E. Sears,,,Racing Louisville,Home
2823533911,457,5,2,50,28,966pdxhsoxaib9qt5083h8uus,1,26.4,-0.8,2025-06-21T01:19:04.783Z,2025-06-21T02:10:49Z,"[{'id': 5776147169, 'qualifierId': 56, 'value': 'Back'}, {'id': 5776147171, 'qualifierId': 347}, {'id': 5776147173, 'qualifierId': 233, 'value': '396'}]",dy302yj9tjby62ur1u8ab8rxm,C. Dyke,,,Orlando Pride,Away
2823533927,458,1,2,50,40,966pdxhsoxaib9qt5083h8uus,1,21.4,0.0,2025-06-21T01:19:15.950Z,2025-06-21T01:19:20Z,"[{'id': 5776147293, 'qualifierId': 213, 'value': '0.72'}, {'id': 5776147285, 'qualifierId': 56, 'value': 'Back'}, {'id': 5776147283, 'qualifierId': 107}, {'id': 5776147287, 'qualifierId': 140, 'value': '30.3'}, {'id': 5776147289, 'qualifierId': 141, 'value': '10.9'}, {'id': 5776147291, 'qualifierId': 212, 'value': '12.4'}]",dy302yj9tjby62ur1u8ab8rxm,C. Dyke,,,Orlando Pride,Away
2823533935,459,50,2,50,42,966pdxhsoxaib9qt5083h8uus,1,28.8,7.8,2025-06-21T01:19:18.748Z,2025-06-21T02:11:08Z,"[{'id': 5776147303, 'qualifierId': 285}, {'id': 5776147301, 'qualifierId': 56, 'value': 'Back'}, {'id': 5776147313, 'qualifierId': 233, 'value': '397'}]",c811si1xw5he6ih0o1mj94tsl,Marta,,,Orlando Pride,Away
2823533933,397,7,2,50,42,dtucewmt49th1p4selfutmnmc,0,71.2,92.2,2025-06-21T01:19:18.749Z,2025-06-21T02:11:08Z,"[{'id': 5776147297, 'qualifierId': 56, 'value': 'Left'}, {'id': 5776147299, 'qualifierId': 286}, {'id': 5776147309, 'qualifierId': 233, 'value': '459'}]",8q0rkr3gz7hz1ssdx3fkro0a2,T. Flint,,,Racing Louisville,Home
2823533937,460,61,2,50,45,966pdxhsoxaib9qt5083h8uus,1,30.3,10.3,2025-06-21T01:19:21.394Z,2025-06-21T01:19:21Z,"[{'id': 5776147317, 'qualifierId': 56, 'value': 'Back'}]",c811si1xw5he6ih0o1mj94tsl,Marta,,,Orlando Pride,Away
2823533951,398,5,2,50,45,dtucewmt49th1p4selfutmnmc,1,72.4,101.3,2025-06-21T01:19:21.439Z,2025-06-21T02:10:49Z,"[{'id': 5776147375, 'qualifierId': 347}, {'id': 5776147381, 'qualifierId': 233, 'value': '461'}, {'id': 5776147373, 'qualifierId': 56, 'value': 'Left'}]",8q0rkr3gz7hz1ssdx3fkro0a2,T. Flint,,,Racing Louisville,Home
2823533939,461,5,2,50,45,966pdxhsoxaib9qt5083h8uus,0,27.6,-1.3,2025-06-21T01:19:21.439Z,2025-06-21T02:10:50Z,"[{'id': 5776147419, 'qualifierId': 233, 'value': '398'}, {'id': 5776147327, 'qualifierId': 56, 'value': 'Back'}, {'id': 5776147329, 'qualifierId': 347}]",c811si1xw5he6ih0o1mj94tsl,Marta,,,Orlando Pride,Away
2823533965,399,1,2,50,49,dtucewmt49th1p4selfutmnmc,1,71.2,100.0,2025-06-21T01:19:25.117Z,2025-06-21T01:19:27Z,"[{'id': 5776147511, 'qualifierId': 213, 'value': '5.96'}, {'id': 5776147507, 'qualifierId': 141, 'value': '92.7'}, {'id': 5776147501, 'qualifierId': 107}, {'id': 5776147505, 'qualifierId': 140, 'value': '87.6'}, {'id': 5776147503, 'qualifierId': 56, 'value': 'Left'}, {'id': 5776147509, 'qualifierId': 212, 'value': '18.2'}]",br17lkx91icsoqiibmufa23v8,E. Sears,,,Racing Louisville,Home
2823533977,400,1,2,50,51,dtucewmt49th1p4selfutmnmc,1,82.6,92.6,2025-06-21T01:19:27.725Z,2025-06-21T01:19:29Z,"[{'id': 5776147557, 'qualifierId': 140, 'value': '77.9'}, {'id': 5776147553, 'qualifierId': 56, 'value': 'Left'}, {'id': 5776147561, 'qualifierId': 212, 'value': '5.4'}, {'id': 5776147559, 'qualifierId': 141, 'value': '95.7'}, {'id': 5776147563, 'qualifierId': 213, 'value': '2.74'}]",aoa88ulpguvr42b0a1jn8dfys,S. Weber,,,Racing Louisville,Home
2823533983,401,1,2,50,53,dtucewmt49th1p4selfutmnmc,1,77.5,96.0,2025-06-21T01:19:29.070Z,2025-06-21T01:19:29Z,"[{'id': 5776147579, 'qualifierId': 140, 'value': '79.1'}, {'id': 5776147577, 'qualifierId': 56, 'value': 'Left'}, {'id': 5776147583, 'qualifierId': 212, 'value': '7.4'}, {'id': 5776147585, 'qualifierId': 213, 'value': '4.94'}, {'id': 5776147581, 'qualifierId': 141, 'value': '85.4'}]",br17lkx91icsoqiibmufa23v8,E. Sears,,,Racing Louisville,Home
2823533997,402,1,2,50,53,dtucewmt49th1p4selfutmnmc,1,79.1,85.4,2025-06-21T01:19:29.854Z,2025-06-21T01:19:32Z,"[{'id': 5776147681, 'qualifierId': 212, 'value': '20.6'}, {'id': 5776147675, 'qualifierId': 56, 'value': 'Left'}, {'id': 5776147679, 'qualifierId': 141, 'value': '88.5'}, {'id': 5776147677, 'qualifierId': 140, 'value': '98.6'}, {'id': 5776147683, 'qualifierId': 213, 'value': '0.10'}]",aoa88ulpguvr42b0a1jn8dfys,S. Weber,,,Racing Louisville,Home
2823534005,403,1,2,50,56,dtucewmt49th1p4selfutmnmc,0,98.3,86.3,2025-06-21T01:19:32.830Z,2025-06-21T01:19:34Z,"[{'id': 5776147711, 'qualifierId': 140, 'value': '93.7'}, {'id': 5776147715, 'qualifierId': 212, 'value': '14.4'}, {'id': 5776147707, 'qualifierId': 155}, {'id': 5776147713, 'qualifierId': 141, 'value': '66.3'}, {'id': 5776147709, 'qualifierId': 56, 'value': 'Center'}, {'id': 5776147717, 'qualifierId': 213, 'value': '4.37'}, {'id': 5776147705, 'qualifierId': 2}]",br17lkx91icsoqiibmufa23v8,E. Sears,,,Racing Louisville,Home
2823534017,462,8,2,50,59,966pdxhsoxaib9qt5083h8uus,1,5.8,33.1,2025-06-21T01:19:35.014Z,2025-06-21T02:11:52Z,"[{'id': 5776147765, 'qualifierId': 56, 'value': 'Back'}]",1uf4321zvio3hrwfu4z4jxp7t,K. Nadaner,,,Orlando Pride,Away
2823534015,404,6,2,50,59,dtucewmt49th1p4selfutmnmc,1,94.0,66.7,2025-06-21T01:19:35.326Z,2025-06-21T01:25:33Z,"[{'id': 5776147809, 'qualifierId': 233, 'value': '463'}, {'id': 5776147763, 'qualifierId': 73}, {'id': 5776147761, 'qualifierId': 56, 'value': 'Center'}]",br17lkx91icsoqiibmufa23v8,E. Sears,,,Racing Louisville,Home
2823534021,463,6,2,50,59,966pdxhsoxaib9qt5083h8uus,0,6.0,33.3,2025-06-21T01:19:35.326Z,2025-06-21T01:25:33Z,"[{'id': 5776147807, 'qualifierId': 73}, {'id': 5776147837, 'qualifierId': 233, 'value': '404'}, {'id': 5776147805, 'qualifierId': 56, 'value': 'Back'}]",1uf4321zvio3hrwfu4z4jxp7t,K. Nadaner,,,Orlando Pride,Away
2823534233,405,1,2,51,50,dtucewmt49th1p4selfutmnmc,0,99.5,99.5,2025-06-21T01:20:26.272Z,2025-06-21T01:20:32Z,"[{'id': 5776148945, 'qualifierId': 223}, {'id': 5776148951, 'qualifierId': 141, 'value': '53.7'}, {'id': 5776148941, 'qualifierId': 6}, {'id': 5776148955, 'qualifierId': 213, 'value': '4.65'}, {'id': 5776148953, 'qualifierId': 212, 'value': '31.2'}, {'id': 5776148943, 'qualifierId': 155}, {'id': 5776149027, 'qualifierId': 233, 'value': '465'}, {'id': 5776148947, 'qualifierId': 56, 'value': 'Center'}, {'id': 5776148939, 'qualifierId': 2}, {'id': 5776148949, 'qualifierId': 140, 'value': '97.6'}]",9e65qlc7dfjkajyhzhak8sc7p,J. Sonis,,,Racing Louisville,Home
2823534241,464,44,2,51,53,966pdxhsoxaib9qt5083h8uus,1,5.2,48.2,2025-06-21T01:20:29.663Z,2025-06-21T02:11:14Z,"[{'id': 5776148979, 'qualifierId': 56, 'value': 'Back'}, {'id': 5776149005, 'qualifierId': 233, 'value': '406'}, {'id': 5776148981, 'qualifierId': 285}]",7e8f4kfwcucaj4239xz0rai1h,A. Moorhouse,,,Orlando Pride,Away
2823534237,406,44,2,51,53,dtucewmt49th1p4selfutmnmc,0,94.8,51.8,2025-06-21T01:20:29.664Z,2025-06-21T02:11:15Z,"[{'id': 5776148973, 'qualifierId': 56, 'value': 'Center'}, {'id': 5776148975, 'qualifierId': 286}, {'id': 5776149009, 'qualifierId': 233, 'value': '464'}]",8q0rkr3gz7hz1ssdx3fkro0a2,T. Flint,,,Racing Louisville,Home
2823534249,465,41,2,51,55,966pdxhsoxaib9qt5083h8uus,0,9.0,50.3,2025-06-21T01:20:30.959Z,2025-06-21T01:20:32Z,"[{'id': 5776149053, 'qualifierId': 233, 'value': '405'}, {'id': 5776149025, 'qualifierId': 213, 'value': '0.49'}, {'id': 5776149021, 'qualifierId': 141, 'value': '58.7'}, {'id': 5776149019, 'qualifierId': 140, 'value': '19.1'}, {'id': 5776149023, 'qualifierId': 212, 'value': '12.0'}]",7e8f4kfwcucaj4239xz0rai1h,A. Moorhouse,,,Orlando Pride,Away
2823534245,407,15,2,51,55,dtucewmt49th1p4selfutmnmc,1,85.4,47.0,2025-06-21T01:20:31.071Z,2025-06-21T01:21:39Z,"[{'id': 5776150813, 'qualifierId': 458}, {'id': 5776150821, 'qualifierId': 231, 'value': '50.2'}, {'id': 5776150811, 'qualifierId': 103, 'value': '19'}, {'id': 5776150579, 'qualifierId': 82}, {'id': 5776150815, 'qualifierId': 146, 'value': '88.1'}, {'id': 5776148997, 'qualifierId': 56, 'value': 'Center'}, {'id': 5776150823, 'qualifierId': 233, 'value': '466'}, {'id': 5776150575, 'qualifierId': 20}, {'id': 5776150819, 'qualifierId': 230, 'value': '99.1'}, {'id': 5776150807, 'qualifierId': 78}, {'id': 5776150573, 'qualifierId': 25}, {'id': 5776150817, 'qualifierId': 147, 'value': '47.7'}, {'id': 5776148993, 'qualifierId': 17}, {'id': 5776150809, 'qualifierId': 102, 'value': '50.5'}]",asfd5wkedz1u29xt37r6or4rt,S. DeMelo,,,Racing Louisville,Home
2823534257,466,10,2,51,55,966pdxhsoxaib9qt5083h8uus,1,11.9,52.3,2025-06-21T01:20:31.171Z,2025-06-21T01:21:39Z,"[{'id': 5776149089, 'qualifierId': 56, 'value': 'Back'}, {'id': 5776149087, 'qualifierId': 94}, {'id': 5776150847, 'qualifierId': 233, 'value': '407'}]",eigt6t2rj0k98zt1isqrvtvqh,A. Watt,,,Orlando Pride,Away
2823534261,408,61,2,51,59,dtucewmt49th1p4selfutmnmc,0,93.1,35.3,2025-06-21T01:20:35.488Z,2025-06-21T01:21:49Z,"[{'id': 5776149115, 'qualifierId': 56, 'value': 'Center'}]",asfd5wkedz1u29xt37r6or4rt,S. DeMelo,,,Racing Louisville,Home
2823534263,467,49,2,52,0,966pdxhsoxaib9qt5083h8uus,1,18.7,68.9,2025-06-21T01:20:36.206Z,2025-06-21T01:20:36Z,[],eigt6t2rj0k98zt1isqrvtvqh,A. Watt,,,Orlando Pride,Away
2823534265,468,1,2,52,0,966pdxhsoxaib9qt5083h8uus,1,18.7,69.3,2025-06-21T01:20:36.686Z,2025-06-21T01:20:37Z,"[{'id': 5776149121, 'qualifierId': 140, 'value': '33.0'}, {'id': 5776149119, 'qualifierId': 56, 'value': 'Back'}, {'id': 5776149125, 'qualifierId': 212, 'value': '15.6'}, {'id': 5776149123, 'qualifierId': 141, 'value': '75.6'}, {'id': 5776149127, 'qualifierId': 213, 'value': '0.28'}]",eigt6t2rj0k98zt1isqrvtvqh,A. Watt,,,Orlando Pride,Away
2823534271,469,1,2,52,1,966pdxhsoxaib9qt5083h8uus,1,33.2,75.6,2025-06-21T01:20:37.694Z,2025-06-21T01:20:41Z,"[{'id': 5776149163, 'qualifierId': 212, 'value': '7.2'}, {'id': 5776149161, 'qualifierId': 141, 'value': '85.8'}, {'id': 5776149165, 'qualifierId': 213, 'value': '1.84'}, {'id': 5776149159, 'qualifierId': 140, 'value': '31.4'}, {'id': 5776149157, 'qualifierId': 56, 'value': 'Back'}]",e2obgph6szyo04em3qr94g1qt,B. Banda,,,Orlando Pride,Away
2823534279,470,1,2,52,5,966pdxhsoxaib9qt5083h8uus,1,32.0,86.3,2025-06-21T01:20:41.710Z,2025-06-21T01:21:01Z,"[{'id': 5776149213, 'qualifierId': 212, 'value': '23.4'}, {'id': 5776149215, 'qualifierId': 213, 'value': '6.08'}, {'id': 5776149209, 'qualifierId': 140, 'value': '53.8'}, {'id': 5776149207, 'qualifierId': 56, 'value': 'Left'}, {'id': 5776149211, 'qualifierId': 141, 'value': '79.4'}]",dyfsbff9jueyw5jhjou424bo4,K. Abello,,,Orlando Pride,Away
2823534291,471,1,2,52,10,966pdxhsoxaib9qt5083h8uus,1,61.4,67.1,2025-06-21T01:20:46.062Z,2025-06-21T01:20:48Z,"[{'id': 5776149319, 'qualifierId': 56, 'value': 'Center'}, {'id': 5776149321, 'qualifierId': 140, 'value': '58.3'}, {'id': 5776149325, 'qualifierId': 212, 'value': '4.4'}, {'id': 5776149323, 'qualifierId': 141, 'value': '71.4'}, {'id': 5776149327, 'qualifierId': 213, 'value': '2.41'}]",e2obgph6szyo04em3qr94g1qt,B. Banda,,,Orlando Pride,Away
2823534325,472,1,2,52,12,966pdxhsoxaib9qt5083h8uus,1,61.0,72.8,2025-06-21T01:20:48.174Z,2025-06-21T01:20:54Z,"[{'id': 5776149477, 'qualifierId': 213, 'value': '0.56'}, {'id': 5776149469, 'qualifierId': 56, 'value': 'Left'}, {'id': 5776149473, 'qualifierId': 141, 'value': '85.2'}, {'id': 5776149475, 'qualifierId': 212, 'value': '16.0'}, {'id': 5776149471, 'qualifierId': 140, 'value': '73.9'}]",c811si1xw5he6ih0o1mj94tsl,Marta,,,Orlando Pride,Away
2823534335,473,1,2,52,21,966pdxhsoxaib9qt5083h8uus,1,79.9,80.4,2025-06-21T01:20:57.262Z,2025-06-21T01:20:58Z,"[{'id': 5776149545, 'qualifierId': 213, 'value': '2.37'}, {'id': 5776149541, 'qualifierId': 141, 'value': '85.5'}, {'id': 5776149537, 'qualifierId': 56, 'value': 'Left'}, {'id': 5776149539, 'qualifierId': 140, 'value': '76.5'}, {'id': 5776149543, 'qualifierId': 212, 'value': '5.0'}]",dyfsbff9jueyw5jhjou424bo4,K. Abello,,,Orlando Pride,Away
2823534347,474,1,2,52,22,966pdxhsoxaib9qt5083h8uus,1,75.7,87.5,2025-06-21T01:20:58.622Z,2025-06-21T01:21:00Z,"[{'id': 5776149607, 'qualifierId': 213, 'value': '0.17'}, {'id': 5776149599, 'qualifierId': 56, 'value': 'Left'}, {'id': 5776149603, 'qualifierId': 141, 'value': '90.5'}, {'id': 5776149605, 'qualifierId': 212, 'value': '11.8'}, {'id': 5776149601, 'qualifierId': 140, 'value': '86.8'}]",23nuijdnnuiwzkd5cf7jbyajt,Angelina,,,Orlando Pride,Away
2823534369,475,1,2,52,26,966pdxhsoxaib9qt5083h8uus,0,89.1,87.5,2025-06-21T01:21:02.544Z,2025-06-21T01:21:07Z,"[{'id': 5776149757, 'qualifierId': 141, 'value': '48.1'}, {'id': 5776149753, 'qualifierId': 56, 'value': 'Center'}, {'id': 5776149761, 'qualifierId': 213, 'value': '4.91'}, {'id': 5776149749, 'qualifierId': 2}, {'id': 5776149759, 'qualifierId': 212, 'value': '27.3'}, {'id': 5776149751, 'qualifierId': 155}, {'id': 5776149755, 'qualifierId': 140, 'value': '94.1'}]",6zvfcc67po0ofvl1twrv13tg5,C. Pickett,,,Orlando Pride,Away
2823534379,409,44,2,52,31,dtucewmt49th1p4selfutmnmc,1,4.5,51.9,2025-06-21T01:21:07.200Z,2025-06-21T02:11:15Z,"[{'id': 5776149807, 'qualifierId': 56, 'value': 'Back'}, {'id': 5776149809, 'qualifierId': 285}, {'id': 5776149819, 'qualifierId': 233, 'value': '476'}]",cieyupgmnxecb4emqljudrw89,A. Wright,,,Racing Louisville,Home
2823534383,476,44,2,52,31,966pdxhsoxaib9qt5083h8uus,0,95.5,48.1,2025-06-21T01:21:07.201Z,2025-06-21T02:11:15Z,"[{'id': 5776149817, 'qualifierId': 286}, {'id': 5776149815, 'qualifierId': 56, 'value': 'Center'}, {'id': 5776149839, 'qualifierId': 233, 'value': '409'}]",3cyj9a2fjtx4xd0bqdh6g3azu,H. McCutcheon,,,Orlando Pride,Away
2823534391,410,12,2,52,31,dtucewmt49th1p4selfutmnmc,1,2.1,51.9,2025-06-21T01:21:07.552Z,2025-06-21T01:21:10Z,"[{'id': 5776149863, 'qualifierId': 141, 'value': '47.6'}, {'id': 5776149861, 'qualifierId': 140, 'value': '0.0'}, {'id': 5776149859, 'qualifierId': 56, 'value': 'Back'}, {'id': 5776149865, 'qualifierId': 212, 'value': '4.1'}, {'id': 5776149867, 'qualifierId': 213, 'value': '3.92'}, {'id': 5776149937, 'qualifierId': 15}, {'id': 5776149907, 'qualifierId': 167}]",cieyupgmnxecb4emqljudrw89,A. Wright,,,Racing Louisville,Home
2823534397,411,6,2,52,32,dtucewmt49th1p4selfutmnmc,0,2.0,49.3,2025-06-21T01:21:08.413Z,2025-06-21T01:21:14Z,"[{'id': 5776149981, 'qualifierId': 233, 'value': '477'}, {'id': 5776149941, 'qualifierId': 56, 'value': 'Back'}, {'id': 5776149943, 'qualifierId': 73}]",cieyupgmnxecb4emqljudrw89,A. Wright,,,Racing Louisville,Home
2823534403,477,6,2,52,32,966pdxhsoxaib9qt5083h8uus,1,98.0,50.7,2025-06-21T01:21:08.413Z,2025-06-21T01:25:34Z,"[{'id': 5776149973, 'qualifierId': 233, 'value': '411'}, {'id': 5776149969, 'qualifierId': 56, 'value': 'Center'}, {'id': 5776149971, 'qualifierId': 73}]",6zvfcc67po0ofvl1twrv13tg5,C. Pickett,,,Orlando Pride,Away
2823534707,412,27,2,52,45,dtucewmt49th1p4selfutmnmc,1,0.0,0.0,2025-06-21T01:21:21.798Z,2025-06-21T02:11:04Z,"[{'id': 5776211261, 'qualifierId': 233, 'value': '478'}, {'id': 5776151705, 'qualifierId': 41, 'value': 'Injury'}, {'id': 5776151707, 'qualifierId': 53, 'value': 'cieyupgmnxecb4emqljudrw89'}]",,,,,Racing Louisville,Home
2823534465,478,27,2,52,45,966pdxhsoxaib9qt5083h8uus,1,0.0,0.0,2025-06-21T01:21:21.798Z,2025-06-21T02:11:04Z,"[{'id': 5776211265, 'qualifierId': 233, 'value': '412'}, {'id': 5776151743, 'qualifierId': 53, 'value': '3cyj9a2fjtx4xd0bqdh6g3azu'}, {'id': 5776151741, 'qualifierId': 41, 'value': 'Injury'}]",,,,,Orlando Pride,Away
2823535263,414,28,2,54,43,dtucewmt49th1p4selfutmnmc,1,0.0,0.0,2025-06-21T01:23:19.214Z,2025-06-21T02:11:04Z,"[{'id': 5776154803, 'qualifierId': 55, 'value': '412'}, {'id': 5776211273, 'qualifierId': 233, 'value': '479'}]",,,,,Racing Louisville,Home
2823534885,479,28,2,54,43,966pdxhsoxaib9qt5083h8uus,1,0.0,0.0,2025-06-21T01:23:19.214Z,2025-06-21T02:11:05Z,"[{'id': 5776152745, 'qualifierId': 55, 'value': '478'}, {'id': 5776211277, 'qualifierId': 233, 'value': '414'}]",,,,,Orlando Pride,Away
2823535401,481,1,2,56,27,966pdxhsoxaib9qt5083h8uus,1,99.6,99.5,2025-06-21T01:25:02.989Z,2025-06-21T01:25:08Z,"[{'id': 5776155547, 'qualifierId': 6}, {'id': 5776155557, 'qualifierId': 213, 'value': '3.49'}, {'id': 5776155551, 'qualifierId': 140, 'value': '88.7'}, {'id': 5776155555, 'qualifierId': 212, 'value': '12.2'}, {'id': 5776155553, 'qualifierId': 141, 'value': '93.3'}, {'id': 5776155549, 'qualifierId': 56, 'value': 'Left'}]",23nuijdnnuiwzkd5cf7jbyajt,Angelina,,,Orlando Pride,Away
2823535413,482,1,2,56,29,966pdxhsoxaib9qt5083h8uus,1,89.7,91.8,2025-06-21T01:25:05.197Z,2025-06-21T01:25:07Z,"[{'id': 5776155615, 'qualifierId': 140, 'value': '77.8'}, {'id': 5776155621, 'qualifierId': 213, 'value': '3.67'}, {'id': 5776155619, 'qualifierId': 212, 'value': '14.5'}, {'id': 5776155617, 'qualifierId': 141, 'value': '81.0'}, {'id': 5776155613, 'qualifierId': 56, 'value': 'Left'}]",c811si1xw5he6ih0o1mj94tsl,Marta,,,Orlando Pride,Away
2823535417,483,1,2,56,31,966pdxhsoxaib9qt5083h8uus,0,78.7,81.6,2025-06-21T01:25:07.708Z,2025-06-21T01:25:09Z,"[{'id': 5776155635, 'qualifierId': 140, 'value': '86.9'}, {'id': 5776155631, 'qualifierId': 155}, {'id': 5776155641, 'qualifierId': 213, 'value': '5.12'}, {'id': 5776155639, 'qualifierId': 212, 'value': '22.0'}, {'id': 5776155633, 'qualifierId': 56, 'value': 'Center'}, {'id': 5776155637, 'qualifierId': 141, 'value': '51.9'}, {'id': 5776155629, 'qualifierId': 2}]",6zvfcc67po0ofvl1twrv13tg5,C. Pickett,,,Orlando Pride,Away
2823535431,415,12,2,56,34,dtucewmt49th1p4selfutmnmc,1,11.4,40.0,2025-06-21T01:25:10.695Z,2025-06-21T02:12:32Z,"[{'id': 5776155701, 'qualifierId': 213, 'value': '0.17'}, {'id': 5776155695, 'qualifierId': 140, 'value': '26.8'}, {'id': 5776155699, 'qualifierId': 212, 'value': '16.4'}, {'id': 5776155697, 'qualifierId': 141, 'value': '44.2'}, {'id': 5776155693, 'qualifierId': 56, 'value': 'Back'}]",aoa88ulpguvr42b0a1jn8dfys,S. Weber,,,Racing Louisville,Home
2823535445,484,1,2,56,37,966pdxhsoxaib9qt5083h8uus,0,71.0,49.6,2025-06-21T01:25:13.693Z,2025-06-21T01:25:15Z,"[{'id': 5776155785, 'qualifierId': 140, 'value': '97.0'}, {'id': 5776155781, 'qualifierId': 155}, {'id': 5776155787, 'qualifierId': 141, 'value': '46.3'}, {'id': 5776155789, 'qualifierId': 212, 'value': '27.4'}, {'id': 5776155791, 'qualifierId': 213, 'value': '6.20'}, {'id': 5776155783, 'qualifierId': 56, 'value': 'Center'}]",9yvkpwm78jaqr321imfc3rrbo,E. Sams,,,Orlando Pride,Away
2823535453,416,52,2,56,40,dtucewmt49th1p4selfutmnmc,1,4.1,52.2,2025-06-21T01:25:16.104Z,2025-06-21T01:25:16Z,[],24lhpn1z5ikitapll48t1z7kk,J. Bloomer,,,Racing Louisville,Home
2823535541,417,80,2,56,59,dtucewmt49th1p4selfutmnmc,0,15.2,67.5,2025-06-21T01:25:35.513Z,2025-06-21T01:25:35Z,[],24lhpn1z5ikitapll48t1z7kk,J. Bloomer,,,Racing Louisville,Home
2823535559,418,1,2,57,1,dtucewmt49th1p4selfutmnmc,0,16.2,62.9,2025-06-21T01:25:37.849Z,2025-06-21T01:25:42Z,"[{'id': 5776156387, 'qualifierId': 157}, {'id': 5776156391, 'qualifierId': 56, 'value': 'Left'}, {'id': 5776156395, 'qualifierId': 141, 'value': '82.5'}, {'id': 5776156393, 'qualifierId': 140, 'value': '66.7'}, {'id': 5776156399, 'qualifierId': 213, 'value': '0.25'}, {'id': 5776156389, 'qualifierId': 198}, {'id': 5776156401, 'qualifierId': 1}, {'id': 5776156397, 'qualifierId': 212, 'value': '54.7'}]",24lhpn1z5ikitapll48t1z7kk,J. Bloomer,,,Racing Louisville,Home
2823535561,485,44,2,57,5,966pdxhsoxaib9qt5083h8uus,1,33.8,25.5,2025-06-21T01:25:41.293Z,2025-06-21T02:11:15Z,"[{'id': 5776156431, 'qualifierId': 233, 'value': '419'}, {'id': 5776156405, 'qualifierId': 56, 'value': 'Back'}, {'id': 5776156407, 'qualifierId': 285}]",9yvkpwm78jaqr321imfc3rrbo,E. Sams,,,Orlando Pride,Away
2823535565,419,44,2,57,5,dtucewmt49th1p4selfutmnmc,0,66.2,74.5,2025-06-21T01:25:41.294Z,2025-06-21T02:11:16Z,"[{'id': 5776156429, 'qualifierId': 286}, {'id': 5776156427, 'qualifierId': 56, 'value': 'Center'}, {'id': 5776156435, 'qualifierId': 233, 'value': '485'}]",aoa88ulpguvr42b0a1jn8dfys,S. Weber,,,Racing Louisville,Home
2823535573,486,1,2,57,5,966pdxhsoxaib9qt5083h8uus,0,34.6,38.9,2025-06-21T01:25:41.549Z,2025-06-21T01:25:43Z,"[{'id': 5776156451, 'qualifierId': 3}, {'id': 5776156455, 'qualifierId': 140, 'value': '44.3'}, {'id': 5776156461, 'qualifierId': 213, 'value': '0.09'}, {'id': 5776156453, 'qualifierId': 56, 'value': 'Back'}, {'id': 5776156459, 'qualifierId': 212, 'value': '10.2'}, {'id': 5776156457, 'qualifierId': 141, 'value': '40.3'}]",9yvkpwm78jaqr321imfc3rrbo,E. Sams,,,Orlando Pride,Away
2823535585,420,1,2,57,7,dtucewmt49th1p4selfutmnmc,1,58.5,74.6,2025-06-21T01:25:42.968Z,2025-06-21T01:25:47Z,"[{'id': 5776156545, 'qualifierId': 56, 'value': 'Center'}, {'id': 5776156551, 'qualifierId': 212, 'value': '18.8'}, {'id': 5776156555, 'qualifierId': 1}, {'id': 5776156553, 'qualifierId': 213, 'value': '5.53'}, {'id': 5776156549, 'qualifierId': 141, 'value': '55.7'}, {'id': 5776156543, 'qualifierId': 157}, {'id': 5776156547, 'qualifierId': 140, 'value': '71.6'}]",9tbrhbbmfxq8l363kybl4g7ah,Ary Borges,,,Racing Louisville,Home
2823535589,421,61,2,57,11,dtucewmt49th1p4selfutmnmc,0,68.2,42.8,2025-06-21T01:25:47.241Z,2025-06-21T01:25:47Z,"[{'id': 5776156573, 'qualifierId': 56, 'value': 'Center'}]",asfd5wkedz1u29xt37r6or4rt,S. DeMelo,,,Racing Louisville,Home
2823535595,487,49,2,57,13,966pdxhsoxaib9qt5083h8uus,1,38.5,69.9,2025-06-21T01:25:49.293Z,2025-06-21T01:25:49Z,[],c811si1xw5he6ih0o1mj94tsl,Marta,,,Orlando Pride,Away
2823535607,488,1,2,57,13,966pdxhsoxaib9qt5083h8uus,1,38.5,69.3,2025-06-21T01:25:49.805Z,2025-06-21T01:25:52Z,"[{'id': 5776156655, 'qualifierId': 212, 'value': '10.7'}, {'id': 5776156651, 'qualifierId': 140, 'value': '41.7'}, {'id': 5776156649, 'qualifierId': 56, 'value': 'Back'}, {'id': 5776156653, 'qualifierId': 141, 'value': '84.2'}, {'id': 5776156657, 'qualifierId': 213, 'value': '1.25'}]",c811si1xw5he6ih0o1mj94tsl,Marta,,,Orlando Pride,Away
2823535629,489,1,2,57,16,966pdxhsoxaib9qt5083h8uus,1,54.0,86.0,2025-06-21T01:25:52.125Z,2025-06-21T01:25:55Z,"[{'id': 5776156801, 'qualifierId': 141, 'value': '82.8'}, {'id': 5776156805, 'qualifierId': 213, 'value': '3.27'}, {'id': 5776156797, 'qualifierId': 56, 'value': 'Back'}, {'id': 5776156799, 'qualifierId': 140, 'value': '37.3'}, {'id': 5776156803, 'qualifierId': 212, 'value': '17.7'}]",6zvfcc67po0ofvl1twrv13tg5,C. Pickett,,,Orlando Pride,Away
2823535633,490,1,2,57,20,966pdxhsoxaib9qt5083h8uus,1,36.3,82.2,2025-06-21T01:25:55.933Z,2025-06-21T01:25:59Z,"[{'id': 5776156835, 'qualifierId': 140, 'value': '29.8'}, {'id': 5776156839, 'qualifierId': 212, 'value': '13.4'}, {'id': 5776156837, 'qualifierId': 141, 'value': '65.3'}, {'id': 5776156841, 'qualifierId': 213, 'value': '4.18'}, {'id': 5776156833, 'qualifierId': 56, 'value': 'Back'}]",dyfsbff9jueyw5jhjou424bo4,K. Abello,,,Orlando Pride,Away
2823535643,491,1,2,57,23,966pdxhsoxaib9qt5083h8uus,1,29.8,65.4,2025-06-21T01:25:58.940Z,2025-06-21T01:26:02Z,"[{'id': 5776156895, 'qualifierId': 140, 'value': '32.7'}, {'id': 5776156897, 'qualifierId': 141, 'value': '44.3'}, {'id': 5776156899, 'qualifierId': 212, 'value': '14.7'}, {'id': 5776156901, 'qualifierId': 213, 'value': '4.92'}, {'id': 5776156893, 'qualifierId': 56, 'value': 'Back'}]",1uf4321zvio3hrwfu4z4jxp7t,K. Nadaner,,,Orlando Pride,Away
2823535663,492,1,2,57,26,966pdxhsoxaib9qt5083h8uus,1,35.1,34.6,2025-06-21T01:26:02.172Z,2025-06-21T01:26:05Z,"[{'id': 5776157013, 'qualifierId': 140, 'value': '29.8'}, {'id': 5776157017, 'qualifierId': 212, 'value': '12.6'}, {'id': 5776157019, 'qualifierId': 213, 'value': '2.03'}, {'id': 5776157011, 'qualifierId': 56, 'value': 'Back'}, {'id': 5776157015, 'qualifierId': 141, 'value': '51.2'}]",9yvkpwm78jaqr321imfc3rrbo,E. Sams,,,Orlando Pride,Away
2823535673,493,1,2,57,29,966pdxhsoxaib9qt5083h8uus,1,30.2,51.9,2025-06-21T01:26:05.614Z,2025-06-21T01:26:07Z,"[{'id': 5776157077, 'qualifierId': 140, 'value': '30.2'}, {'id': 5776157079, 'qualifierId': 141, 'value': '72.2'}, {'id': 5776157083, 'qualifierId': 213, 'value': '1.57'}, {'id': 5776157081, 'qualifierId': 212, 'value': '13.8'}, {'id': 5776157075, 'qualifierId': 56, 'value': 'Back'}]",1uf4321zvio3hrwfu4z4jxp7t,K. Nadaner,,,Orlando Pride,Away
2823535691,494,1,2,57,31,966pdxhsoxaib9qt5083h8uus,1,30.1,72.5,2025-06-21T01:26:07.853Z,2025-06-21T01:26:13Z,"[{'id': 5776157165, 'qualifierId': 56, 'value': 'Back'}, {'id': 5776157173, 'qualifierId': 213, 'value': '1.00'}, {'id': 5776157171, 'qualifierId': 212, 'value': '14.7'}, {'id': 5776157169, 'qualifierId': 141, 'value': '90.6'}, {'id': 5776157167, 'qualifierId': 140, 'value': '37.7'}]",dyfsbff9jueyw5jhjou424bo4,K. Abello,,,Orlando Pride,Away
2823535697,495,1,2,57,37,966pdxhsoxaib9qt5083h8uus,1,66.1,84.6,2025-06-21T01:26:13.309Z,2025-06-21T01:26:15Z,"[{'id': 5776157201, 'qualifierId': 56, 'value': 'Center'}, {'id': 5776157205, 'qualifierId': 141, 'value': '70.2'}, {'id': 5776157203, 'qualifierId': 140, 'value': '74.1'}, {'id': 5776157209, 'qualifierId': 213, 'value': '5.42'}, {'id': 5776157207, 'qualifierId': 212, 'value': '12.9'}]",6zvfcc67po0ofvl1twrv13tg5,C. Pickett,,,Orlando Pride,Away
2823535701,496,61,2,57,39,966pdxhsoxaib9qt5083h8uus,0,74.1,70.2,2025-06-21T01:26:15.468Z,2025-06-21T01:26:15Z,"[{'id': 5776157225, 'qualifierId': 56, 'value': 'Center'}]",e2obgph6szyo04em3qr94g1qt,B. Banda,,,Orlando Pride,Away
2823535713,422,12,2,57,41,dtucewmt49th1p4selfutmnmc,1,11.7,32.0,2025-06-21T01:26:16.905Z,2025-06-21T01:26:21Z,"[{'id': 5776157321, 'qualifierId': 141, 'value': '0.0'}, {'id': 5776157319, 'qualifierId': 140, 'value': '0.5'}, {'id': 5776157325, 'qualifierId': 213, 'value': '4.22'}, {'id': 5776157323, 'qualifierId': 212, 'value': '24.8'}, {'id': 5776157343, 'qualifierId': 167}, {'id': 5776157317, 'qualifierId': 56, 'value': 'Back'}]",2mlyh9k0yhv8862rj6hu26j8p,E. Jean,,,Racing Louisville,Home
2823535739,424,81,2,57,43,dtucewmt49th1p4selfutmnmc,0,2.5,3.2,2025-06-21T01:26:19.521Z,2025-06-21T01:26:29Z,"[{'id': 5776157465, 'qualifierId': 380}]",,,,,Racing Louisville,Home
2823535715,423,5,2,57,44,dtucewmt49th1p4selfutmnmc,0,0.7,-0.2,2025-06-21T01:26:20.431Z,2025-06-21T02:10:50Z,"[{'id': 5776157761, 'qualifierId': 233, 'value': '497'}, {'id': 5776157329, 'qualifierId': 347}, {'id': 5776157327, 'qualifierId': 56, 'value': 'Back'}]",2mlyh9k0yhv8862rj6hu26j8p,E. Jean,,,Racing Louisville,Home
2823535795,497,5,2,57,44,966pdxhsoxaib9qt5083h8uus,1,99.3,100.2,2025-06-21T01:26:20.431Z,2025-06-21T02:10:50Z,"[{'id': 5776157755, 'qualifierId': 347}, {'id': 5776157753, 'qualifierId': 56, 'value': 'Left'}, {'id': 5776157757, 'qualifierId': 233, 'value': '423'}]",e2obgph6szyo04em3qr94g1qt,B. Banda,,,Orlando Pride,Away
2823535799,498,1,2,58,0,966pdxhsoxaib9qt5083h8uus,1,98.1,100.0,2025-06-21T01:26:36.300Z,2025-06-21T01:26:37Z,"[{'id': 5776157777, 'qualifierId': 107}, {'id': 5776157787, 'qualifierId': 213, 'value': '3.88'}, {'id': 5776157783, 'qualifierId': 141, 'value': '91.1'}, {'id': 5776157779, 'qualifierId': 56, 'value': 'Left'}, {'id': 5776157781, 'qualifierId': 140, 'value': '91.0'}, {'id': 5776157785, 'qualifierId': 212, 'value': '10.0'}]",dyfsbff9jueyw5jhjou424bo4,K. Abello,,,Orlando Pride,Away
2823535809,499,1,2,58,1,966pdxhsoxaib9qt5083h8uus,1,90.8,91.2,2025-06-21T01:26:37.678Z,2025-06-21T01:26:38Z,"[{'id': 5776157833, 'qualifierId': 140, 'value': '93.2'}, {'id': 5776157839, 'qualifierId': 213, 'value': '0.43'}, {'id': 5776157837, 'qualifierId': 212, 'value': '2.8'}, {'id': 5776157831, 'qualifierId': 56, 'value': 'Left'}, {'id': 5776157835, 'qualifierId': 141, 'value': '92.9'}]",6zvfcc67po0ofvl1twrv13tg5,C. Pickett,,,Orlando Pride,Away
2823535813,500,1,2,58,2,966pdxhsoxaib9qt5083h8uus,1,93.2,92.9,2025-06-21T01:26:38.796Z,2025-06-21T01:26:40Z,"[{'id': 5776157875, 'qualifierId': 140, 'value': '90.4'}, {'id': 5776157881, 'qualifierId': 213, 'value': '2.75'}, {'id': 5776157873, 'qualifierId': 56, 'value': 'Left'}, {'id': 5776157877, 'qualifierId': 141, 'value': '94.7'}, {'id': 5776157879, 'qualifierId': 212, 'value': '3.2'}]",dyfsbff9jueyw5jhjou424bo4,K. Abello,,,Orlando Pride,Away
2823535817,501,1,2,58,4,966pdxhsoxaib9qt5083h8uus,1,90.4,94.7,2025-06-21T01:26:40.173Z,2025-06-21T01:26:42Z,"[{'id': 5776157901, 'qualifierId': 56, 'value': 'Left'}, {'id': 5776157905, 'qualifierId': 141, 'value': '93.8'}, {'id': 5776157903, 'qualifierId': 140, 'value': '92.6'}, {'id': 5776157909, 'qualifierId': 213, 'value': '6.02'}, {'id': 5776157907, 'qualifierId': 212, 'value': '2.4'}]",6zvfcc67po0ofvl1twrv13tg5,C. Pickett,,,Orlando Pride,Away
2823535823,502,1,2,58,6,966pdxhsoxaib9qt5083h8uus,0,92.6,93.8,2025-06-21T01:26:41.965Z,2025-06-21T01:26:43Z,"[{'id': 5776157947, 'qualifierId': 212, 'value': '2.0'}, {'id': 5776157957, 'qualifierId': 233, 'value': '425'}, {'id': 5776157945, 'qualifierId': 141, 'value': '92.1'}, {'id': 5776157955, 'qualifierId': 236}, {'id': 5776157941, 'qualifierId': 56, 'value': 'Left'}, {'id': 5776157961, 'qualifierId': 286}, {'id': 5776157949, 'qualifierId': 213, 'value': '3.74'}, {'id': 5776157943, 'qualifierId': 140, 'value': '91.0'}]",dyfsbff9jueyw5jhjou424bo4,K. Abello,,,Orlando Pride,Away
2823535825,425,74,2,58,6,dtucewmt49th1p4selfutmnmc,1,8.6,9.7,2025-06-21T01:26:41.966Z,2025-06-21T02:11:05Z,"[{'id': 5776157953, 'qualifierId': 285}, {'id': 5776157963, 'qualifierId': 233, 'value': '502'}, {'id': 5776157951, 'qualifierId': 56, 'value': 'Back'}]",asfd5wkedz1u29xt37r6or4rt,S. DeMelo,,,Racing Louisville,Home
2823535829,426,61,2,58,8,dtucewmt49th1p4selfutmnmc,1,5.8,8.9,2025-06-21T01:26:44.587Z,2025-06-21T02:12:33Z,"[{'id': 5776157973, 'qualifierId': 56, 'value': 'Back'}]",9e65qlc7dfjkajyhzhak8sc7p,J. Sonis,,,Racing Louisville,Home
2823535839,427,5,2,58,8,dtucewmt49th1p4selfutmnmc,0,4.0,-0.4,2025-06-21T01:26:44.781Z,2025-06-21T02:10:51Z,"[{'id': 5776158155, 'qualifierId': 233, 'value': '503'}, {'id': 5776158027, 'qualifierId': 56, 'value': 'Back'}, {'id': 5776158029, 'qualifierId': 347}]",9e65qlc7dfjkajyhzhak8sc7p,J. Sonis,,,Racing Louisville,Home
2823535857,503,5,2,58,8,966pdxhsoxaib9qt5083h8uus,1,96.0,100.4,2025-06-21T01:26:44.781Z,2025-06-21T02:10:50Z,"[{'id': 5776158141, 'qualifierId': 347}, {'id': 5776158139, 'qualifierId': 56, 'value': 'Left'}, {'id': 5776158147, 'qualifierId': 233, 'value': '427'}]",dyfsbff9jueyw5jhjou424bo4,K. Abello,,,Orlando Pride,Away
2823535863,504,1,2,58,15,966pdxhsoxaib9qt5083h8uus,1,93.2,100.0,2025-06-21T01:26:51.581Z,2025-06-21T01:26:52Z,"[{'id': 5776158187, 'qualifierId': 213, 'value': '3.57'}, {'id': 5776158177, 'qualifierId': 107}, {'id': 5776158179, 'qualifierId': 56, 'value': 'Left'}, {'id': 5776158183, 'qualifierId': 141, 'value': '88.8'}, {'id': 5776158185, 'qualifierId': 212, 'value': '19.1'}, {'id': 5776158181, 'qualifierId': 140, 'value': '76.6'}]",dyfsbff9jueyw5jhjou424bo4,K. Abello,,,Orlando Pride,Away
2823535871,505,1,2,58,16,966pdxhsoxaib9qt5083h8uus,1,76.6,88.8,2025-06-21T01:26:52.301Z,2025-06-21T01:26:54Z,"[{'id': 5776158243, 'qualifierId': 213, 'value': '0.20'}, {'id': 5776158235, 'qualifierId': 56, 'value': 'Left'}, {'id': 5776158237, 'qualifierId': 140, 'value': '84.9'}, {'id': 5776158239, 'qualifierId': 141, 'value': '91.4'}, {'id': 5776158241, 'qualifierId': 212, 'value': '8.9'}]",6zvfcc67po0ofvl1twrv13tg5,C. Pickett,,,Orlando Pride,Away
2823535877,506,1,2,58,18,966pdxhsoxaib9qt5083h8uus,0,86.0,92.3,2025-06-21T01:26:54.348Z,2025-06-21T01:26:55Z,"[{'id': 5776158251, 'qualifierId': 56, 'value': 'Left'}, {'id': 5776158255, 'qualifierId': 141, 'value': '93.3'}, {'id': 5776158253, 'qualifierId': 140, 'value': '83.1'}, {'id': 5776158259, 'qualifierId': 213, 'value': '2.92'}, {'id': 5776158257, 'qualifierId': 212, 'value': '3.1'}]",dyfsbff9jueyw5jhjou424bo4,K. Abello,,,Orlando Pride,Away
2823535885,428,61,2,58,19,dtucewmt49th1p4selfutmnmc,1,11.1,5.0,2025-06-21T01:26:55.516Z,2025-06-21T02:12:34Z,"[{'id': 5776158307, 'qualifierId': 56, 'value': 'Back'}]",9e65qlc7dfjkajyhzhak8sc7p,J. Sonis,,,Racing Louisville,Home
2823535913,507,1,2,58,20,966pdxhsoxaib9qt5083h8uus,1,82.2,92.7,2025-06-21T01:26:56.348Z,2025-06-21T01:27:00Z,"[{'id': 5776158413, 'qualifierId': 56, 'value': 'Center'}, {'id': 5776158421, 'qualifierId': 213, 'value': '4.38'}, {'id': 5776158419, 'qualifierId': 212, 'value': '35.3'}, {'id': 5776158417, 'qualifierId': 141, 'value': '43.6'}, {'id': 5776158415, 'qualifierId': 140, 'value': '71.4'}, {'id': 5776158423, 'qualifierId': 1}]",6zvfcc67po0ofvl1twrv13tg5,C. Pickett,,,Orlando Pride,Away
2823535917,508,1,2,58,24,966pdxhsoxaib9qt5083h8uus,0,71.4,43.6,2025-06-21T01:27:00.876Z,2025-06-21T01:27:02Z,"[{'id': 5776158441, 'qualifierId': 212, 'value': '17.4'}, {'id': 5776158437, 'qualifierId': 140, 'value': '87.3'}, {'id': 5776158439, 'qualifierId': 141, 'value': '50.7'}, {'id': 5776158435, 'qualifierId': 56, 'value': 'Center'}, {'id': 5776158443, 'qualifierId': 213, 'value': '0.28'}]",9yvkpwm78jaqr321imfc3rrbo,E. Sams,,,Orlando Pride,Away
2823535929,429,61,2,58,26,dtucewmt49th1p4selfutmnmc,1,17.0,43.4,2025-06-21T01:27:02.716Z,2025-06-21T01:27:02Z,"[{'id': 5776158501, 'qualifierId': 56, 'value': 'Back'}]",2mlyh9k0yhv8862rj6hu26j8p,E. Jean,,,Racing Louisville,Home
2823535933,509,61,2,58,28,966pdxhsoxaib9qt5083h8uus,1,86.7,49.4,2025-06-21T01:27:04.077Z,2025-06-21T01:27:04Z,"[{'id': 5776158517, 'qualifierId': 56, 'value': 'Center'}]",eigt6t2rj0k98zt1isqrvtvqh,A. Watt,,,Orlando Pride,Away
2823535947,510,1,2,58,29,966pdxhsoxaib9qt5083h8uus,0,85.8,46.9,2025-06-21T01:27:05.196Z,2025-06-21T02:04:26Z,"[{'id': 5776158585, 'qualifierId': 213, 'value': '4.44'}, {'id': 5776158581, 'qualifierId': 141, 'value': '39.7'}, {'id': 5776158577, 'qualifierId': 56, 'value': 'Center'}, {'id': 5776158579, 'qualifierId': 140, 'value': '84.5'}, {'id': 5776158583, 'qualifierId': 212, 'value': '5.1'}]",e2obgph6szyo04em3qr94g1qt,B. Banda,,,Orlando Pride,Away
2823535961,432,49,2,58,33,dtucewmt49th1p4selfutmnmc,1,41.5,91.4,2025-06-21T01:27:09.850Z,2025-06-21T01:27:09Z,[],br17lkx91icsoqiibmufa23v8,E. Sears,,,Racing Louisville,Home
2823536019,433,1,2,58,46,dtucewmt49th1p4selfutmnmc,1,95.6,76.5,2025-06-21T01:27:22.491Z,2025-06-21T01:27:28Z,"[{'id': 5776158987, 'qualifierId': 140, 'value': '91.4'}, {'id': 5776158991, 'qualifierId': 212, 'value': '41.2'}, {'id': 5776158995, 'qualifierId': 213, 'value': '4.61'}, {'id': 5776158999, 'qualifierId': 1}, {'id': 5776158989, 'qualifierId': 141, 'value': '16.3'}, {'id': 5776158983, 'qualifierId': 196}, {'id': 5776158985, 'qualifierId': 56, 'value': 'Right'}]",br17lkx91icsoqiibmufa23v8,E. Sears,,,Racing Louisville,Home
2823536033,434,1,2,58,52,dtucewmt49th1p4selfutmnmc,1,91.7,17.6,2025-06-21T01:27:28.683Z,2025-06-21T01:27:31Z,"[{'id': 5776159055, 'qualifierId': 213, 'value': '2.77'}, {'id': 5776159051, 'qualifierId': 141, 'value': '26.5'}, {'id': 5776159053, 'qualifierId': 212, 'value': '16.7'}, {'id': 5776159047, 'qualifierId': 56, 'value': 'Center'}, {'id': 5776159049, 'qualifierId': 140, 'value': '76.9'}]",9e65qlc7dfjkajyhzhak8sc7p,J. Sonis,,,Racing Louisville,Home
2823536045,435,1,2,58,55,dtucewmt49th1p4selfutmnmc,1,76.9,26.5,2025-06-21T01:27:30.955Z,2025-06-21T01:27:33Z,"[{'id': 5776159101, 'qualifierId': 56, 'value': 'Center'}, {'id': 5776159105, 'qualifierId': 141, 'value': '27.2'}, {'id': 5776159103, 'qualifierId': 140, 'value': '85.5'}, {'id': 5776159109, 'qualifierId': 213, 'value': '0.05'}, {'id': 5776159107, 'qualifierId': 212, 'value': '9.0'}]",8q0rkr3gz7hz1ssdx3fkro0a2,T. Flint,,,Racing Louisville,Home
2823536059,436,1,2,58,57,dtucewmt49th1p4selfutmnmc,1,85.5,31.6,2025-06-21T01:27:33.210Z,2025-06-21T01:27:35Z,"[{'id': 5776159181, 'qualifierId': 213, 'value': '6.10'}, {'id': 5776159175, 'qualifierId': 140, 'value': '97.2'}, {'id': 5776159173, 'qualifierId': 56, 'value': 'Center'}, {'id': 5776159179, 'qualifierId': 212, 'value': '12.5'}, {'id': 5776159177, 'qualifierId': 141, 'value': '28.3'}]",asfd5wkedz1u29xt37r6or4rt,S. DeMelo,,,Racing Louisville,Home
2823536067,437,1,2,58,59,dtucewmt49th1p4selfutmnmc,1,97.2,28.3,2025-06-21T01:27:35.579Z,2025-06-21T01:27:39Z,"[{'id': 5776159245, 'qualifierId': 213, 'value': '4.75'}, {'id': 5776159241, 'qualifierId': 141, 'value': '6.1'}, {'id': 5776159239, 'qualifierId': 140, 'value': '97.7'}, {'id': 5776159237, 'qualifierId': 56, 'value': 'Right'}, {'id': 5776159243, 'qualifierId': 212, 'value': '15.1'}]",7hrw0exutge376ai2uf6frw4q,L. Milliet,,,Racing Louisville,Home
2823536081,438,1,2,59,3,dtucewmt49th1p4selfutmnmc,1,97.3,5.9,2025-06-21T01:27:39.659Z,2025-06-21T01:27:42Z,"[{'id': 5776159297, 'qualifierId': 213, 'value': '2.45'}, {'id': 5776159289, 'qualifierId': 56, 'value': 'Right'}, {'id': 5776159293, 'qualifierId': 141, 'value': '17.3'}, {'id': 5776159295, 'qualifierId': 212, 'value': '12.1'}, {'id': 5776159291, 'qualifierId': 140, 'value': '88.4'}]",9e65qlc7dfjkajyhzhak8sc7p,J. Sonis,,,Racing Louisville,Home
2823536083,439,1,2,59,6,dtucewmt49th1p4selfutmnmc,0,87.7,17.9,2025-06-21T01:27:42.556Z,2025-06-21T01:27:44Z,"[{'id': 5776159331, 'qualifierId': 2}, {'id': 5776159335, 'qualifierId': 56, 'value': 'Center'}, {'id': 5776159343, 'qualifierId': 213, 'value': '1.21'}, {'id': 5776159333, 'qualifierId': 155}, {'id': 5776159341, 'qualifierId': 212, 'value': '22.9'}, {'id': 5776159337, 'qualifierId': 140, 'value': '95.3'}, {'id': 5776159339, 'qualifierId': 141, 'value': '49.4'}]",asfd5wkedz1u29xt37r6or4rt,S. DeMelo,,,Racing Louisville,Home
2823536099,511,12,2,59,9,966pdxhsoxaib9qt5083h8uus,1,6.6,49.4,2025-06-21T01:27:45.869Z,2025-06-21T01:27:48Z,"[{'id': 5776159421, 'qualifierId': 212, 'value': '24.6'}, {'id': 5776159419, 'qualifierId': 141, 'value': '14.8'}, {'id': 5776159417, 'qualifierId': 140, 'value': '13.6'}, {'id': 5776159415, 'qualifierId': 56, 'value': 'Back'}, {'id': 5776159423, 'qualifierId': 213, 'value': '5.02'}]",7e8f4kfwcucaj4239xz0rai1h,A. Moorhouse,,,Orlando Pride,Away
2823536101,512,43,2,59,12,966pdxhsoxaib9qt5083h8uus,1,0.0,0.0,2025-06-21T01:27:48.525Z,2025-06-21T01:28:01Z,"[{'id': 5776159719, 'qualifierId': 144, 'value': '49'}]",eigt6t2rj0k98zt1isqrvtvqh,A. Watt,,,Orlando Pride,Away
2823536123,513,12,2,59,13,966pdxhsoxaib9qt5083h8uus,1,12.7,13.4,2025-06-21T01:27:49.581Z,2025-06-21T01:28:00Z,"[{'id': 5776159517, 'qualifierId': 141, 'value': '0.0'}, {'id': 5776159519, 'qualifierId': 212, 'value': '43.0'}, {'id': 5776159521, 'qualifierId': 213, 'value': '6.05'}, {'id': 5776159663, 'qualifierId': 167}, {'id': 5776159513, 'qualifierId': 56, 'value': 'Right'}, {'id': 5776159515, 'qualifierId': 140, 'value': '52.6'}]",eigt6t2rj0k98zt1isqrvtvqh,A. Watt,,,Orlando Pride,Away
2823536165,440,5,2,59,16,dtucewmt49th1p4selfutmnmc,1,48.2,101.0,2025-06-21T01:27:52.132Z,2025-06-21T02:10:51Z,"[{'id': 5776159767, 'qualifierId': 233, 'value': '514'}, {'id': 5776159757, 'qualifierId': 56, 'value': 'Back'}, {'id': 5776159759, 'qualifierId': 347}]",cieyupgmnxecb4emqljudrw89,A. Wright,,,Racing Louisville,Home
2823536125,514,5,2,59,16,966pdxhsoxaib9qt5083h8uus,0,51.8,-1.0,2025-06-21T01:27:52.132Z,2025-06-21T02:10:51Z,"[{'id': 5776159771, 'qualifierId': 233, 'value': '440'}, {'id': 5776159531, 'qualifierId': 56, 'value': 'Right'}, {'id': 5776159533, 'qualifierId': 347}]",eigt6t2rj0k98zt1isqrvtvqh,A. Watt,,,Orlando Pride,Away
2823536171,441,1,2,59,27,dtucewmt49th1p4selfutmnmc,1,49.2,100.0,2025-06-21T01:28:03.036Z,2025-06-21T01:28:04Z,"[{'id': 5776159791, 'qualifierId': 107}, {'id': 5776159795, 'qualifierId': 140, 'value': '45.5'}, {'id': 5776159801, 'qualifierId': 213, 'value': '4.19'}, {'id': 5776159793, 'qualifierId': 56, 'value': 'Back'}, {'id': 5776159797, 'qualifierId': 141, 'value': '91.2'}, {'id': 5776159799, 'qualifierId': 212, 'value': '7.8'}]",2x4vbu3htfozzwd8g7bdxeacp,C. Petersen,,,Racing Louisville,Home
2823536175,442,1,2,59,28,dtucewmt49th1p4selfutmnmc,1,46.7,90.8,2025-06-21T01:28:04.093Z,2025-06-21T01:28:05Z,"[{'id': 5776159831, 'qualifierId': 140, 'value': '79.0'}, {'id': 5776159835, 'qualifierId': 212, 'value': '35.9'}, {'id': 5776159833, 'qualifierId': 141, 'value': '73.5'}, {'id': 5776159827, 'qualifierId': 155}, {'id': 5776159839, 'qualifierId': 1}, {'id': 5776159829, 'qualifierId': 56, 'value': 'Center'}, {'id': 5776159837, 'qualifierId': 213, 'value': '5.95'}]",cieyupgmnxecb4emqljudrw89,A. Wright,,,Racing Louisville,Home
2823536177,443,1,2,59,29,dtucewmt49th1p4selfutmnmc,0,79.0,73.5,2025-06-21T01:28:05.484Z,2025-06-21T02:12:36Z,"[{'id': 5776159851, 'qualifierId': 212, 'value': '9.2'}, {'id': 5776159845, 'qualifierId': 56, 'value': 'Center'}, {'id': 5776159935, 'qualifierId': 156}, {'id': 5776159853, 'qualifierId': 213, 'value': '2.80'}, {'id': 5776159849, 'qualifierId': 141, 'value': '78.0'}, {'id': 5776159843, 'qualifierId': 3}, {'id': 5776159847, 'qualifierId': 140, 'value': '70.7'}]",aoa88ulpguvr42b0a1jn8dfys,S. Weber,,,Racing Louisville,Home
2823536185,515,1,2,59,30,966pdxhsoxaib9qt5083h8uus,1,32.3,35.2,2025-06-21T01:28:05.964Z,2025-06-21T01:28:07Z,"[{'id': 5776159913, 'qualifierId': 212, 'value': '7.6'}, {'id': 5776159911, 'qualifierId': 141, 'value': '25.0'}, {'id': 5776159907, 'qualifierId': 56, 'value': 'Back'}, {'id': 5776159915, 'qualifierId': 213, 'value': '4.30'}, {'id': 5776159909, 'qualifierId': 140, 'value': '29.4'}]",23nuijdnnuiwzkd5cf7jbyajt,Angelina,,,Orlando Pride,Away
2823536187,516,49,2,59,31,966pdxhsoxaib9qt5083h8uus,1,29.3,24.7,2025-06-21T01:28:07.372Z,2025-06-21T01:28:07Z,[],dy302yj9tjby62ur1u8ab8rxm,C. Dyke,,,Orlando Pride,Away
2823536213,517,1,2,59,32,966pdxhsoxaib9qt5083h8uus,1,29.6,22.1,2025-06-21T01:28:08.092Z,2025-06-21T01:28:11Z,"[{'id': 5776160029, 'qualifierId': 141, 'value': '26.3'}, {'id': 5776160023, 'qualifierId': 157}, {'id': 5776160037, 'qualifierId': 1}, {'id': 5776160025, 'qualifierId': 56, 'value': 'Back'}, {'id': 5776160033, 'qualifierId': 213, 'value': '0.15'}, {'id': 5776160027, 'qualifierId': 140, 'value': '48.2'}, {'id': 5776160031, 'qualifierId': 212, 'value': '19.7'}]",dy302yj9tjby62ur1u8ab8rxm,C. Dyke,,,Orlando Pride,Away
2823536215,518,44,2,59,35,966pdxhsoxaib9qt5083h8uus,1,47.7,16.0,2025-06-21T01:28:11.051Z,2025-06-21T02:11:16Z,"[{'id': 5776160051, 'qualifierId': 56, 'value': 'Back'}, {'id': 5776160053, 'qualifierId': 285}, {'id': 5776160059, 'qualifierId': 233, 'value': '444'}]",e2obgph6szyo04em3qr94g1qt,B. Banda,,,Orlando Pride,Away
2823536209,444,44,2,59,35,dtucewmt49th1p4selfutmnmc,0,52.3,84.0,2025-06-21T01:28:11.052Z,2025-06-21T02:11:16Z,"[{'id': 5776160001, 'qualifierId': 286}, {'id': 5776159999, 'qualifierId': 56, 'value': 'Left'}, {'id': 5776160063, 'qualifierId': 233, 'value': '518'}]",cieyupgmnxecb4emqljudrw89,A. Wright,,,Racing Louisville,Home
2823536223,519,1,2,59,35,966pdxhsoxaib9qt5083h8uus,0,48.2,26.2,2025-06-21T01:28:11.828Z,2025-06-21T01:28:13Z,"[{'id': 5776160103, 'qualifierId': 212, 'value': '20.0'}, {'id': 5776160097, 'qualifierId': 56, 'value': 'Center'}, {'id': 5776160101, 'qualifierId': 141, 'value': '23.6'}, {'id': 5776160105, 'qualifierId': 213, 'value': '6.19'}, {'id': 5776160099, 'qualifierId': 140, 'value': '67.2'}, {'id': 5776160093, 'qualifierId': 3}, {'id': 5776160095, 'qualifierId': 168}]",e2obgph6szyo04em3qr94g1qt,B. Banda,,,Orlando Pride,Away
2823536219,445,49,2,59,37,dtucewmt49th1p4selfutmnmc,1,41.0,93.2,2025-06-21T01:28:13.341Z,2025-06-21T01:28:13Z,[],2mlyh9k0yhv8862rj6hu26j8p,E. Jean,,,Racing Louisville,Home
2823536235,446,1,2,59,38,dtucewmt49th1p4selfutmnmc,1,39.1,93.3,2025-06-21T01:28:13.948Z,2025-06-21T01:28:18Z,"[{'id': 5776160137, 'qualifierId': 140, 'value': '12.5'}, {'id': 5776160139, 'qualifierId': 141, 'value': '61.1'}, {'id': 5776160141, 'qualifierId': 212, 'value': '35.5'}, {'id': 5776160145, 'qualifierId': 1}, {'id': 5776160143, 'qualifierId': 213, 'value': '3.81'}, {'id': 5776160135, 'qualifierId': 56, 'value': 'Back'}]",2mlyh9k0yhv8862rj6hu26j8p,E. Jean,,,Racing Louisville,Home
2823536259,447,1,2,59,42,dtucewmt49th1p4selfutmnmc,1,14.4,55.5,2025-06-21T01:28:18.236Z,2025-06-21T01:28:26Z,"[{'id': 5776160263, 'qualifierId': 140, 'value': '56.6'}, {'id': 5776160269, 'qualifierId': 213, 'value': '0.41'}, {'id': 5776160261, 'qualifierId': 56, 'value': 'Left'}, {'id': 5776160265, 'qualifierId': 141, 'value': '84.2'}, {'id': 5776160259, 'qualifierId': 157}, {'id': 5776160271, 'qualifierId': 1}, {'id': 5776160267, 'qualifierId': 212, 'value': '48.4'}]",24lhpn1z5ikitapll48t1z7kk,J. Bloomer,,,Racing Louisville,Home
2823536277,448,1,2,59,50,dtucewmt49th1p4selfutmnmc,1,39.8,69.8,2025-06-21T01:28:26.636Z,2025-06-21T01:28:30Z,"[{'id': 5776160363, 'qualifierId': 56, 'value': 'Back'}, {'id': 5776160367, 'qualifierId': 141, 'value': '75.3'}, {'id': 5776160369, 'qualifierId': 212, 'value': '11.9'}, {'id': 5776160371, 'qualifierId': 213, 'value': '2.82'}, {'id': 5776160365, 'qualifierId': 140, 'value': '29.0'}]",9tbrhbbmfxq8l363kybl4g7ah,Ary Borges,,,Racing Louisville,Home
2823536283,449,1,2,59,55,dtucewmt49th1p4selfutmnmc,1,30.9,75.0,2025-06-21T01:28:30.940Z,2025-06-21T01:28:32Z,"[{'id': 5776160407, 'qualifierId': 140, 'value': '35.6'}, {'id': 5776160411, 'qualifierId': 212, 'value': '7.2'}, {'id': 5776160413, 'qualifierId': 213, 'value': '5.46'}, {'id': 5776160409, 'qualifierId': 141, 'value': '67.2'}, {'id': 5776160405, 'qualifierId': 56, 'value': 'Back'}]",2mlyh9k0yhv8862rj6hu26j8p,E. Jean,,,Racing Louisville,Home
2823536299,450,1,2,59,56,dtucewmt49th1p4selfutmnmc,1,35.6,67.2,2025-06-21T01:28:32.028Z,2025-06-21T01:28:36Z,"[{'id': 5776160495, 'qualifierId': 212, 'value': '10.2'}, {'id': 5776160491, 'qualifierId': 140, 'value': '31.9'}, {'id': 5776160493, 'qualifierId': 141, 'value': '81.0'}, {'id': 5776160489, 'qualifierId': 56, 'value': 'Back'}, {'id': 5776160497, 'qualifierId': 213, 'value': '1.96'}]",9tbrhbbmfxq8l363kybl4g7ah,Ary Borges,,,Racing Louisville,Home
2823536313,451,1,2,60,0,dtucewmt49th1p4selfutmnmc,1,32.8,73.7,2025-06-21T01:28:36.349Z,2025-06-21T01:28:39Z,"[{'id': 5776160585, 'qualifierId': 140, 'value': '49.8'}, {'id': 5776160583, 'qualifierId': 56, 'value': 'Back'}, {'id': 5776160591, 'qualifierId': 213, 'value': '0.64'}, {'id': 5776160589, 'qualifierId': 212, 'value': '22.2'}, {'id': 5776160587, 'qualifierId': 141, 'value': '93.2'}]",2mlyh9k0yhv8862rj6hu26j8p,E. Jean,,,Racing Louisville,Home
2823536385,452,2,2,60,3,dtucewmt49th1p4selfutmnmc,1,52.7,91.0,2025-06-21T01:28:39.629Z,2025-06-21T01:30:34Z,"[{'id': 5776160989, 'qualifierId': 141, 'value': '92.4'}, {'id': 5776160987, 'qualifierId': 140, 'value': '79.1'}, {'id': 5776163571, 'qualifierId': 7, 'value': 'br17lkx91icsoqiibmufa23v8'}, {'id': 5776160985, 'qualifierId': 56, 'value': 'Left'}]",asfd5wkedz1u29xt37r6or4rt,S. DeMelo,,,Racing Louisville,Home
2823536531,521,55,2,60,3,966pdxhsoxaib9qt5083h8uus,1,37.7,9.2,2025-06-21T01:28:39.630Z,2025-06-21T02:03:22Z,[],dy302yj9tjby62ur1u8ab8rxm,C. Dyke,,,Orlando Pride,Away
2823536387,453,43,2,60,12,dtucewmt49th1p4selfutmnmc,1,0.0,0.0,2025-06-21T01:28:48.222Z,2025-06-21T01:30:35Z,"[{'id': 5776160999, 'qualifierId': 22, 'value': '0'}, {'id': 5776161247, 'qualifierId': 231, 'value': '52.3'}, {'id': 5776161047, 'qualifierId': 20, 'value': '0'}, {'id': 5776161239, 'qualifierId': 102, 'value': '41.0'}, {'id': 5776163591, 'qualifierId': 144, 'value': '13'}, {'id': 5776161001, 'qualifierId': 64, 'value': '0'}, {'id': 5776161003, 'qualifierId': 56, 'value': 'Center'}, {'id': 5776161233, 'qualifierId': 29, 'value': '0'}, {'id': 5776161245, 'qualifierId': 230, 'value': '99.7'}, {'id': 5776161241, 'qualifierId': 103, 'value': '6.9'}, {'id': 5776161231, 'qualifierId': 84, 'value': '0'}, {'id': 5776161235, 'qualifierId': 55, 'value': '452'}, {'id': 5776161243, 'qualifierId': 215, 'value': '0'}]",br17lkx91icsoqiibmufa23v8,E. Sears,,,Racing Louisville,Home
2823536527,520,43,2,60,14,966pdxhsoxaib9qt5083h8uus,1,0.0,0.0,2025-06-21T01:28:49.948Z,2025-06-21T01:29:27Z,"[{'id': 5776161893, 'qualifierId': 233, 'value': '454'}, {'id': 5776161887, 'qualifierId': 56, 'value': 'Back'}, {'id': 5776161889, 'qualifierId': 346, 'value': '0'}, {'id': 5776161903, 'qualifierId': 144, 'value': '5'}]",dy302yj9tjby62ur1u8ab8rxm,C. Dyke,,,Orlando Pride,Away
2823536397,454,43,2,60,14,dtucewmt49th1p4selfutmnmc,1,0.0,0.0,2025-06-21T01:28:50.750Z,2025-06-21T01:30:37Z,"[{'id': 5776161045, 'qualifierId': 346, 'value': '0'}, {'id': 5776161043, 'qualifierId': 56, 'value': 'Center'}, {'id': 5776163593, 'qualifierId': 144, 'value': '5'}]",br17lkx91icsoqiibmufa23v8,E. Sears,,,Racing Louisville,Home
2823536547,522,1,2,60,53,966pdxhsoxaib9qt5083h8uus,1,35.0,42.4,2025-06-21T01:29:29.036Z,2025-06-21T01:29:30Z,"[{'id': 5776161977, 'qualifierId': 141, 'value': '54.9'}, {'id': 5776161969, 'qualifierId': 5}, {'id': 5776161973, 'qualifierId': 56, 'value': 'Back'}, {'id': 5776161979, 'qualifierId': 212, 'value': '8.5'}, {'id': 5776161971, 'qualifierId': 241}, {'id': 5776161981, 'qualifierId': 213, 'value': '1.56'}, {'id': 5776161975, 'qualifierId': 140, 'value': '35.1'}]",9yvkpwm78jaqr321imfc3rrbo,E. Sams,,,Orlando Pride,Away
2823536551,523,1,2,60,54,966pdxhsoxaib9qt5083h8uus,1,35.1,54.9,2025-06-21T01:29:30.044Z,2025-06-21T01:30:08Z,"[{'id': 5776162003, 'qualifierId': 56, 'value': 'Back'}, {'id': 5776162011, 'qualifierId': 213, 'value': '1.27'}, {'id': 5776162007, 'qualifierId': 141, 'value': '66.2'}, {'id': 5776162009, 'qualifierId': 212, 'value': '8.1'}, {'id': 5776162005, 'qualifierId': 140, 'value': '37.4'}]",1uf4321zvio3hrwfu4z4jxp7t,K. Nadaner,,,Orlando Pride,Away
2823536587,455,43,2,60,54,dtucewmt49th1p4selfutmnmc,1,0.0,0.0,2025-06-21T01:29:30.446Z,2025-06-21T01:29:49Z,"[{'id': 5776162411, 'qualifierId': 144, 'value': '2'}, {'id': 5776162203, 'qualifierId': 56, 'value': 'Center'}, {'id': 5776162207, 'qualifierId': 141, 'value': '68.6'}, {'id': 5776162201, 'qualifierId': 7, 'value': '686066'}, {'id': 5776162205, 'qualifierId': 140, 'value': '63.3'}]",br17lkx91icsoqiibmufa23v8,E. Sears,,,Racing Louisville,Home
2823536573,524,1,2,60,56,966pdxhsoxaib9qt5083h8uus,1,37.6,65.9,2025-06-21T01:29:32.604Z,2025-06-21T01:29:34Z,"[{'id': 5776162109, 'qualifierId': 141, 'value': '56.3'}, {'id': 5776162105, 'qualifierId': 56, 'value': 'Back'}, {'id': 5776162111, 'qualifierId': 212, 'value': '7.0'}, {'id': 5776162107, 'qualifierId': 140, 'value': '35.2'}, {'id': 5776162113, 'qualifierId': 213, 'value': '4.34'}]",dyfsbff9jueyw5jhjou424bo4,K. Abello,,,Orlando Pride,Away
2823536605,525,1,2,61,0,966pdxhsoxaib9qt5083h8uus,1,35.3,54.6,2025-06-21T01:29:36.208Z,2025-06-21T01:29:39Z,"[{'id': 5776162267, 'qualifierId': 213, 'value': '5.05'}, {'id': 5776162261, 'qualifierId': 140, 'value': '39.5'}, {'id': 5776162265, 'qualifierId': 212, 'value': '13.1'}, {'id': 5776162259, 'qualifierId': 56, 'value': 'Back'}, {'id': 5776162263, 'qualifierId': 141, 'value': '36.4'}]",1uf4321zvio3hrwfu4z4jxp7t,K. Nadaner,,,Orlando Pride,Away
2823536611,526,1,2,61,3,966pdxhsoxaib9qt5083h8uus,0,40.0,33.5,2025-06-21T01:29:39.356Z,2025-06-21T01:29:40Z,"[{'id': 5776162289, 'qualifierId': 56, 'value': 'Center'}, {'id': 5776162291, 'qualifierId': 140, 'value': '56.8'}, {'id': 5776162295, 'qualifierId': 212, 'value': '17.6'}, {'id': 5776162293, 'qualifierId': 141, 'value': '33.2'}, {'id': 5776162297, 'qualifierId': 213, 'value': '6.27'}]",9yvkpwm78jaqr321imfc3rrbo,E. Sams,,,Orlando Pride,Away
2823536617,456,8,2,61,5,dtucewmt49th1p4selfutmnmc,1,39.1,74.3,2025-06-21T01:29:41.760Z,2025-06-21T01:29:41Z,"[{'id': 5776162321, 'qualifierId': 56, 'value': 'Back'}]",2x4vbu3htfozzwd8g7bdxeacp,C. Petersen,,,Racing Louisville,Home
2823536629,527,1,2,61,7,966pdxhsoxaib9qt5083h8uus,1,45.2,37.4,2025-06-21T01:29:42.972Z,2025-06-21T01:29:46Z,"[{'id': 5776162393, 'qualifierId': 212, 'value': '7.9'}, {'id': 5776162387, 'qualifierId': 56, 'value': 'Back'}, {'id': 5776162389, 'qualifierId': 140, 'value': '43.3'}, {'id': 5776162391, 'qualifierId': 141, 'value': '26.2'}, {'id': 5776162395, 'qualifierId': 213, 'value': '4.46'}]",1uf4321zvio3hrwfu4z4jxp7t,K. Nadaner,,,Orlando Pride,Away
2823536633,528,1,2,61,10,966pdxhsoxaib9qt5083h8uus,1,46.8,28.4,2025-06-21T01:29:46.492Z,2025-06-21T01:29:49Z,"[{'id': 5776162413, 'qualifierId': 56, 'value': 'Back'}, {'id': 5776162421, 'qualifierId': 213, 'value': '2.02'}, {'id': 5776162419, 'qualifierId': 212, 'value': '11.0'}, {'id': 5776162417, 'qualifierId': 141, 'value': '43.0'}, {'id': 5776162415, 'qualifierId': 140, 'value': '42.3'}]",9yvkpwm78jaqr321imfc3rrbo,E. Sams,,,Orlando Pride,Away
2823536641,529,1,2,61,13,966pdxhsoxaib9qt5083h8uus,0,47.6,45.5,2025-06-21T01:29:49.837Z,2025-06-21T01:29:52Z,"[{'id': 5776162463, 'qualifierId': 155}, {'id': 5776162469, 'qualifierId': 141, 'value': '34.1'}, {'id': 5776162467, 'qualifierId': 140, 'value': '67.2'}, {'id': 5776162471, 'qualifierId': 212, 'value': '22.0'}, {'id': 5776162473, 'qualifierId': 213, 'value': '5.92'}, {'id': 5776162465, 'qualifierId': 56, 'value': 'Center'}]",1uf4321zvio3hrwfu4z4jxp7t,K. Nadaner,,,Orlando Pride,Away
2823536647,457,1,2,61,16,dtucewmt49th1p4selfutmnmc,1,30.2,79.2,2025-06-21T01:29:52.399Z,2025-06-21T01:29:54Z,"[{'id': 5776162503, 'qualifierId': 212, 'value': '13.7'}, {'id': 5776162499, 'qualifierId': 140, 'value': '42.6'}, {'id': 5776162497, 'qualifierId': 56, 'value': 'Back'}, {'id': 5776162501, 'qualifierId': 141, 'value': '85.5'}, {'id': 5776162505, 'qualifierId': 213, 'value': '0.32'}]",2x4vbu3htfozzwd8g7bdxeacp,C. Petersen,,,Racing Louisville,Home
2823536649,458,49,2,61,18,dtucewmt49th1p4selfutmnmc,1,42.6,85.5,2025-06-21T01:29:54Z,2025-06-21T01:29:54Z,[],br17lkx91icsoqiibmufa23v8,E. Sears,,,Racing Louisville,Home
2823536659,459,3,2,61,21,dtucewmt49th1p4selfutmnmc,0,53.6,74.0,2025-06-21T01:29:57.355Z,2025-06-21T01:30:01Z,"[{'id': 5776162599, 'qualifierId': 286}, {'id': 5776162597, 'qualifierId': 56, 'value': 'Center'}, {'id': 5776162611, 'qualifierId': 233, 'value': '530'}]",br17lkx91icsoqiibmufa23v8,E. Sears,,,Racing Louisville,Home
2823536661,530,7,2,61,21,966pdxhsoxaib9qt5083h8uus,0,46.4,26.0,2025-06-21T01:29:57.356Z,2025-06-21T01:30:00Z,"[{'id': 5776162603, 'qualifierId': 285}, {'id': 5776162605, 'qualifierId': 233, 'value': '459'}, {'id': 5776162601, 'qualifierId': 56, 'value': 'Back'}]",9yvkpwm78jaqr321imfc3rrbo,E. Sams,,,Orlando Pride,Away
2823536663,460,1,2,61,23,dtucewmt49th1p4selfutmnmc,0,48.5,60.2,2025-06-21T01:29:59.071Z,2025-06-21T01:30:01Z,"[{'id': 5776162623, 'qualifierId': 213, 'value': '6.23'}, {'id': 5776162615, 'qualifierId': 56, 'value': 'Center'}, {'id': 5776162697, 'qualifierId': 236}, {'id': 5776162619, 'qualifierId': 141, 'value': '59.9'}, {'id': 5776162621, 'qualifierId': 212, 'value': '3.8'}, {'id': 5776162699, 'qualifierId': 233, 'value': '531'}, {'id': 5776162703, 'qualifierId': 286}, {'id': 5776162617, 'qualifierId': 140, 'value': '52.1'}]",9tbrhbbmfxq8l363kybl4g7ah,Ary Borges,,,Racing Louisville,Home
2823536675,531,74,2,61,23,966pdxhsoxaib9qt5083h8uus,1,48.8,33.8,2025-06-21T01:29:59.072Z,2025-06-21T02:11:05Z,"[{'id': 5776162691, 'qualifierId': 285}, {'id': 5776162705, 'qualifierId': 233, 'value': '460'}, {'id': 5776162689, 'qualifierId': 56, 'value': 'Back'}]",c811si1xw5he6ih0o1mj94tsl,Marta,,,Orlando Pride,Away
2823536677,461,1,2,61,24,dtucewmt49th1p4selfutmnmc,1,48.6,59.1,2025-06-21T01:30:00.303Z,2025-06-21T01:30:01Z,"[{'id': 5776162715, 'qualifierId': 141, 'value': '41.3'}, {'id': 5776162711, 'qualifierId': 56, 'value': 'Back'}, {'id': 5776162717, 'qualifierId': 212, 'value': '12.2'}, {'id': 5776162719, 'qualifierId': 213, 'value': '4.58'}, {'id': 5776162713, 'qualifierId': 140, 'value': '47.1'}]",9tbrhbbmfxq8l363kybl4g7ah,Ary Borges,,,Racing Louisville,Home
2823536697,462,1,2,61,25,dtucewmt49th1p4selfutmnmc,1,47.1,41.3,2025-06-21T01:30:01.583Z,2025-06-21T01:30:05Z,"[{'id': 5776162793, 'qualifierId': 212, 'value': '18.3'}, {'id': 5776162795, 'qualifierId': 213, 'value': '0.09'}, {'id': 5776162791, 'qualifierId': 141, 'value': '43.7'}, {'id': 5776162789, 'qualifierId': 140, 'value': '64.5'}, {'id': 5776162787, 'qualifierId': 56, 'value': 'Center'}]",8q0rkr3gz7hz1ssdx3fkro0a2,T. Flint,,,Racing Louisville,Home
2823536703,463,1,2,61,29,dtucewmt49th1p4selfutmnmc,1,70.3,45.8,2025-06-21T01:30:05.263Z,2025-06-21T01:30:10Z,"[{'id': 5776162867, 'qualifierId': 213, 'value': '5.55'}, {'id': 5776162861, 'qualifierId': 140, 'value': '97.1'}, {'id': 5776162859, 'qualifierId': 56, 'value': 'Right'}, {'id': 5776162865, 'qualifierId': 212, 'value': '38.0'}, {'id': 5776162863, 'qualifierId': 141, 'value': '8.3'}, {'id': 5776162869, 'qualifierId': 1}]",asfd5wkedz1u29xt37r6or4rt,S. DeMelo,,,Racing Louisville,Home
2823536715,464,1,2,61,34,dtucewmt49th1p4selfutmnmc,1,97.5,7.0,2025-06-21T01:30:10.591Z,2025-06-21T01:30:13Z,"[{'id': 5776162931, 'qualifierId': 212, 'value': '12.5'}, {'id': 5776162925, 'qualifierId': 56, 'value': 'Right'}, {'id': 5776162927, 'qualifierId': 140, 'value': '86.7'}, {'id': 5776162929, 'qualifierId': 141, 'value': '14.8'}, {'id': 5776162933, 'qualifierId': 213, 'value': '2.70'}]",9e65qlc7dfjkajyhzhak8sc7p,J. Sonis,,,Racing Louisville,Home
2823536739,465,1,2,61,37,dtucewmt49th1p4selfutmnmc,1,89.4,16.7,2025-06-21T01:30:13.695Z,2025-06-21T01:30:26Z,"[{'id': 5776163293, 'qualifierId': 154}, {'id': 5776163291, 'qualifierId': 210, 'value': '13'}, {'id': 5776163067, 'qualifierId': 213, 'value': '1.74'}, {'id': 5776163059, 'qualifierId': 56, 'value': 'Center'}, {'id': 5776163065, 'qualifierId': 212, 'value': '18.6'}, {'id': 5776163061, 'qualifierId': 140, 'value': '86.4'}, {'id': 5776163063, 'qualifierId': 141, 'value': '43.6'}]",7hrw0exutge376ai2uf6frw4q,L. Milliet,1.0,,Racing Louisville,Home
2823536743,466,13,2,61,40,dtucewmt49th1p4selfutmnmc,1,86.2,46.1,2025-06-21T01:30:15.983Z,2025-06-21T01:30:26Z,"[{'id': 5776163331, 'qualifierId': 102, 'value': '56.5'}, {'id': 5776163335, 'qualifierId': 215}, {'id': 5776163333, 'qualifierId': 103, 'value': '56.9'}, {'id': 5776163325, 'qualifierId': 154}, {'id': 5776163321, 'qualifierId': 86}, {'id': 5776163077, 'qualifierId': 56, 'value': 'Center'}, {'id': 5776163181, 'qualifierId': 72}, {'id': 5776163323, 'qualifierId': 29}, {'id': 5776163073, 'qualifierId': 22}, {'id': 5776163327, 'qualifierId': 55, 'value': '465'}, {'id': 5776163339, 'qualifierId': 231, 'value': '49.1'}, {'id': 5776163075, 'qualifierId': 17}, {'id': 5776163319, 'qualifierId': 121}, {'id': 5776163337, 'qualifierId': 230, 'value': '99.4'}]",asfd5wkedz1u29xt37r6or4rt,S. DeMelo,,,Racing Louisville,Home
2823536771,467,5,2,61,42,dtucewmt49th1p4selfutmnmc,0,101.4,55.4,2025-06-21T01:30:18.146Z,2025-06-21T02:10:52Z,"[{'id': 5776163641, 'qualifierId': 233, 'value': '532'}, {'id': 5776163177, 'qualifierId': 56, 'value': 'Center'}, {'id': 5776163179, 'qualifierId': 346}]",asfd5wkedz1u29xt37r6or4rt,S. DeMelo,,,Racing Louisville,Home
2823536845,532,5,2,61,42,966pdxhsoxaib9qt5083h8uus,1,-1.4,44.6,2025-06-21T01:30:18.146Z,2025-06-21T02:10:51Z,"[{'id': 5776163619, 'qualifierId': 233, 'value': '467'}, {'id': 5776163613, 'qualifierId': 346}, {'id': 5776163611, 'qualifierId': 56, 'value': 'Back'}]",dyfsbff9jueyw5jhjou424bo4,K. Abello,,,Orlando Pride,Away
2823536869,533,1,2,62,9,966pdxhsoxaib9qt5083h8uus,1,4.9,44.8,2025-06-21T01:30:45.100Z,2025-06-21T01:30:49Z,"[{'id': 5776163799, 'qualifierId': 1}, {'id': 5776163793, 'qualifierId': 141, 'value': '25.4'}, {'id': 5776163795, 'qualifierId': 212, 'value': '41.7'}, {'id': 5776163791, 'qualifierId': 140, 'value': '42.6'}, {'id': 5776163787, 'qualifierId': 124}, {'id': 5776163797, 'qualifierId': 213, 'value': '5.96'}, {'id': 5776163803, 'qualifierId': 74}, {'id': 5776163789, 'qualifierId': 56, 'value': 'Back'}]",7e8f4kfwcucaj4239xz0rai1h,A. Moorhouse,,,Orlando Pride,Away
2823536873,534,44,2,62,13,966pdxhsoxaib9qt5083h8uus,1,41.8,14.0,2025-06-21T01:30:48.991Z,2025-06-21T02:11:16Z,"[{'id': 5776163819, 'qualifierId': 285}, {'id': 5776163817, 'qualifierId': 56, 'value': 'Back'}, {'id': 5776163821, 'qualifierId': 233, 'value': '468'}]",eigt6t2rj0k98zt1isqrvtvqh,A. Watt,,,Orlando Pride,Away
2823536865,468,44,2,62,13,dtucewmt49th1p4selfutmnmc,0,58.2,86.0,2025-06-21T01:30:48.992Z,2025-06-21T02:11:17Z,"[{'id': 5776163825, 'qualifierId': 233, 'value': '534'}, {'id': 5776163765, 'qualifierId': 286}, {'id': 5776163763, 'qualifierId': 56, 'value': 'Left'}]",2x4vbu3htfozzwd8g7bdxeacp,C. Petersen,,,Racing Louisville,Home
2823536879,535,1,2,62,13,966pdxhsoxaib9qt5083h8uus,1,42.1,24.4,2025-06-21T01:30:49.803Z,2025-06-21T01:30:52Z,"[{'id': 5776163867, 'qualifierId': 213, 'value': '0.43'}, {'id': 5776163857, 'qualifierId': 3}, {'id': 5776163863, 'qualifierId': 141, 'value': '36.2'}, {'id': 5776163861, 'qualifierId': 140, 'value': '58.8'}, {'id': 5776163859, 'qualifierId': 56, 'value': 'Center'}, {'id': 5776163865, 'qualifierId': 212, 'value': '19.3'}]",eigt6t2rj0k98zt1isqrvtvqh,A. Watt,,,Orlando Pride,Away
2823536889,536,1,2,62,16,966pdxhsoxaib9qt5083h8uus,1,60.1,29.9,2025-06-21T01:30:52.667Z,2025-06-21T01:30:55Z,"[{'id': 5776163903, 'qualifierId': 141, 'value': '17.8'}, {'id': 5776163905, 'qualifierId': 212, 'value': '9.2'}, {'id': 5776163899, 'qualifierId': 56, 'value': 'Right'}, {'id': 5776163901, 'qualifierId': 140, 'value': '56.2'}, {'id': 5776163907, 'qualifierId': 213, 'value': '4.25'}]",e2obgph6szyo04em3qr94g1qt,B. Banda,,,Orlando Pride,Away
2823536905,537,1,2,62,19,966pdxhsoxaib9qt5083h8uus,1,55.7,18.5,2025-06-21T01:30:55.292Z,2025-06-21T01:30:57Z,"[{'id': 5776164005, 'qualifierId': 140, 'value': '47.1'}, {'id': 5776164007, 'qualifierId': 141, 'value': '34.3'}, {'id': 5776164009, 'qualifierId': 212, 'value': '14.0'}, {'id': 5776164011, 'qualifierId': 213, 'value': '2.27'}, {'id': 5776164003, 'qualifierId': 56, 'value': 'Back'}]",eigt6t2rj0k98zt1isqrvtvqh,A. Watt,,,Orlando Pride,Away
2823536911,538,1,2,62,21,966pdxhsoxaib9qt5083h8uus,1,57.1,34.0,2025-06-21T01:30:57.852Z,2025-06-21T01:31:00Z,"[{'id': 5776164031, 'qualifierId': 140, 'value': '69.0'}, {'id': 5776164035, 'qualifierId': 212, 'value': '16.4'}, {'id': 5776164033, 'qualifierId': 141, 'value': '18.4'}, {'id': 5776164029, 'qualifierId': 56, 'value': 'Right'}, {'id': 5776164037, 'qualifierId': 213, 'value': '5.58'}]",23nuijdnnuiwzkd5cf7jbyajt,Angelina,,,Orlando Pride,Away
2823536917,539,1,2,62,24,966pdxhsoxaib9qt5083h8uus,1,69.0,18.4,2025-06-21T01:31:00.396Z,2025-06-21T01:31:04Z,"[{'id': 5776164045, 'qualifierId': 56, 'value': 'Right'}, {'id': 5776164051, 'qualifierId': 212, 'value': '10.2'}, {'id': 5776164049, 'qualifierId': 141, 'value': '10.7'}, {'id': 5776164053, 'qualifierId': 213, 'value': '5.74'}, {'id': 5776164047, 'qualifierId': 140, 'value': '77.3'}]",c811si1xw5he6ih0o1mj94tsl,Marta,,,Orlando Pride,Away
2823536925,540,1,2,62,28,966pdxhsoxaib9qt5083h8uus,0,86.6,13.9,2025-06-21T01:31:04.267Z,2025-06-21T01:31:05Z,"[{'id': 5776164105, 'qualifierId': 2}, {'id': 5776164117, 'qualifierId': 213, 'value': '1.17'}, {'id': 5776164109, 'qualifierId': 56, 'value': 'Center'}, {'id': 5776164113, 'qualifierId': 141, 'value': '39.2'}, {'id': 5776164107, 'qualifierId': 155}, {'id': 5776164115, 'qualifierId': 212, 'value': '18.7'}, {'id': 5776164111, 'qualifierId': 140, 'value': '93.6'}]",eigt6t2rj0k98zt1isqrvtvqh,A. Watt,,,Orlando Pride,Away
2823536931,469,12,2,62,30,dtucewmt49th1p4selfutmnmc,1,8.5,71.0,2025-06-21T01:31:06.194Z,2025-06-21T01:31:08Z,"[{'id': 5776164155, 'qualifierId': 212, 'value': '11.7'}, {'id': 5776164151, 'qualifierId': 140, 'value': '3.7'}, {'id': 5776164157, 'qualifierId': 213, 'value': '4.27'}, {'id': 5776164149, 'qualifierId': 56, 'value': 'Back'}, {'id': 5776164153, 'qualifierId': 141, 'value': '55.5'}]",cieyupgmnxecb4emqljudrw89,A. Wright,,,Racing Louisville,Home
2823536933,470,52,2,62,32,dtucewmt49th1p4selfutmnmc,1,1.8,50.7,2025-06-21T01:31:08.433Z,2025-06-21T01:31:08Z,[],24lhpn1z5ikitapll48t1z7kk,J. Bloomer,,,Racing Louisville,Home
2823537001,471,1,2,62,51,dtucewmt49th1p4selfutmnmc,1,15.7,60.6,2025-06-21T01:31:26.994Z,2025-06-21T01:31:32Z,"[{'id': 5776164503, 'qualifierId': 56, 'value': 'Left'}, {'id': 5776164509, 'qualifierId': 212, 'value': '56.5'}, {'id': 5776164501, 'qualifierId': 199}, {'id': 5776164505, 'qualifierId': 140, 'value': '65.6'}, {'id': 5776164511, 'qualifierId': 213, 'value': '0.38'}, {'id': 5776164507, 'qualifierId': 141, 'value': '91.8'}, {'id': 5776164513, 'qualifierId': 1}]",24lhpn1z5ikitapll48t1z7kk,J. Bloomer,,,Racing Louisville,Home
2823537005,472,44,2,62,56,dtucewmt49th1p4selfutmnmc,1,62.0,80.6,2025-06-21T01:31:32.098Z,2025-06-21T02:11:17Z,"[{'id': 5776164523, 'qualifierId': 286}, {'id': 5776164541, 'qualifierId': 233, 'value': '541'}, {'id': 5776164521, 'qualifierId': 56, 'value': 'Left'}]",br17lkx91icsoqiibmufa23v8,E. Sears,,,Racing Louisville,Home
2823537003,541,44,2,62,56,966pdxhsoxaib9qt5083h8uus,0,38.0,19.4,2025-06-21T01:31:32.099Z,2025-06-21T02:11:17Z,"[{'id': 5776164545, 'qualifierId': 233, 'value': '472'}, {'id': 5776164519, 'qualifierId': 285}, {'id': 5776164517, 'qualifierId': 56, 'value': 'Back'}]",dy302yj9tjby62ur1u8ab8rxm,C. Dyke,,,Orlando Pride,Away
2823537011,473,1,2,62,56,dtucewmt49th1p4selfutmnmc,1,65.1,92.1,2025-06-21T01:31:32.802Z,2025-06-21T01:31:39Z,"[{'id': 5776164567, 'qualifierId': 212, 'value': '9.8'}, {'id': 5776164569, 'qualifierId': 213, 'value': '5.89'}, {'id': 5776164563, 'qualifierId': 140, 'value': '73.7'}, {'id': 5776164565, 'qualifierId': 141, 'value': '86.6'}, {'id': 5776164559, 'qualifierId': 3}, {'id': 5776164561, 'qualifierId': 56, 'value': 'Left'}]",br17lkx91icsoqiibmufa23v8,E. Sears,,,Racing Louisville,Home
2823537023,474,50,2,62,58,dtucewmt49th1p4selfutmnmc,1,68.5,81.2,2025-06-21T01:31:34.378Z,2025-06-21T02:11:09Z,"[{'id': 5776164603, 'qualifierId': 56, 'value': 'Left'}, {'id': 5776164605, 'qualifierId': 286}, {'id': 5776164619, 'qualifierId': 233, 'value': '542'}]",aoa88ulpguvr42b0a1jn8dfys,S. Weber,,,Racing Louisville,Home
2823537019,542,7,2,62,58,966pdxhsoxaib9qt5083h8uus,1,31.5,18.8,2025-06-21T01:31:34.379Z,2025-06-21T02:11:08Z,"[{'id': 5776164611, 'qualifierId': 233, 'value': '474'}, {'id': 5776164601, 'qualifierId': 285}, {'id': 5776164599, 'qualifierId': 56, 'value': 'Back'}]",9yvkpwm78jaqr321imfc3rrbo,E. Sams,,,Orlando Pride,Away
2823537021,543,49,2,62,59,966pdxhsoxaib9qt5083h8uus,1,35.9,25.6,2025-06-21T01:31:35.116Z,2025-06-21T01:31:35Z,[],9yvkpwm78jaqr321imfc3rrbo,E. Sams,,,Orlando Pride,Away
2823537029,544,1,2,62,59,966pdxhsoxaib9qt5083h8uus,1,35.6,25.3,2025-06-21T01:31:35.532Z,2025-06-21T01:31:36Z,"[{'id': 5776164635, 'qualifierId': 56, 'value': 'Back'}, {'id': 5776164643, 'qualifierId': 213, 'value': '5.64'}, {'id': 5776164641, 'qualifierId': 212, 'value': '4.4'}, {'id': 5776164637, 'qualifierId': 140, 'value': '39.0'}, {'id': 5776164639, 'qualifierId': 141, 'value': '21.4'}]",9yvkpwm78jaqr321imfc3rrbo,E. Sams,,,Orlando Pride,Away
2823537035,545,1,2,63,0,966pdxhsoxaib9qt5083h8uus,1,39.0,21.4,2025-06-21T01:31:36.796Z,2025-06-21T01:31:37Z,"[{'id': 5776164669, 'qualifierId': 56, 'value': 'Back'}, {'id': 5776164677, 'qualifierId': 213, 'value': '1.57'}, {'id': 5776164671, 'qualifierId': 140, 'value': '39.0'}, {'id': 5776164675, 'qualifierId': 212, 'value': '10.3'}, {'id': 5776164673, 'qualifierId': 141, 'value': '36.5'}]",dy302yj9tjby62ur1u8ab8rxm,C. Dyke,,,Orlando Pride,Away
2823537041,546,1,2,63,2,966pdxhsoxaib9qt5083h8uus,1,39.0,36.5,2025-06-21T01:31:37.916Z,2025-06-21T01:31:41Z,"[{'id': 5776164711, 'qualifierId': 56, 'value': 'Back'}, {'id': 5776164715, 'qualifierId': 141, 'value': '50.0'}, {'id': 5776164713, 'qualifierId': 140, 'value': '33.2'}, {'id': 5776164719, 'qualifierId': 213, 'value': '2.16'}, {'id': 5776164717, 'qualifierId': 212, 'value': '11.0'}]",23nuijdnnuiwzkd5cf7jbyajt,Angelina,,,Orlando Pride,Away
2823537053,547,1,2,63,5,966pdxhsoxaib9qt5083h8uus,1,33.1,46.9,2025-06-21T01:31:41.804Z,2025-06-21T01:31:44Z,"[{'id': 5776164771, 'qualifierId': 56, 'value': 'Back'}, {'id': 5776164775, 'qualifierId': 141, 'value': '39.4'}, {'id': 5776164773, 'qualifierId': 140, 'value': '36.7'}, {'id': 5776164779, 'qualifierId': 213, 'value': '5.35'}, {'id': 5776164777, 'qualifierId': 212, 'value': '6.3'}]",1uf4321zvio3hrwfu4z4jxp7t,K. Nadaner,,,Orlando Pride,Away
2823537077,548,1,2,63,8,966pdxhsoxaib9qt5083h8uus,1,37.4,38.8,2025-06-21T01:31:44.588Z,2025-06-21T01:31:50Z,"[{'id': 5776164923, 'qualifierId': 140, 'value': '58.2'}, {'id': 5776164929, 'qualifierId': 213, 'value': '6.02'}, {'id': 5776164921, 'qualifierId': 56, 'value': 'Center'}, {'id': 5776164919, 'qualifierId': 155}, {'id': 5776164925, 'qualifierId': 141, 'value': '30.2'}, {'id': 5776164927, 'qualifierId': 212, 'value': '22.6'}]",23nuijdnnuiwzkd5cf7jbyajt,Angelina,,,Orlando Pride,Away
2823537107,549,1,2,63,14,966pdxhsoxaib9qt5083h8uus,1,57.9,31.0,2025-06-21T01:31:50.556Z,2025-06-21T01:31:56Z,"[{'id': 5776165095, 'qualifierId': 196}, {'id': 5776165099, 'qualifierId': 140, 'value': '69.1'}, {'id': 5776165093, 'qualifierId': 155}, {'id': 5776165107, 'qualifierId': 1}, {'id': 5776165101, 'qualifierId': 141, 'value': '94.7'}, {'id': 5776165105, 'qualifierId': 213, 'value': '1.31'}, {'id': 5776165103, 'qualifierId': 212, 'value': '44.9'}, {'id': 5776165097, 'qualifierId': 56, 'value': 'Left'}]",c811si1xw5he6ih0o1mj94tsl,Marta,,,Orlando Pride,Away
2823537117,550,1,2,63,20,966pdxhsoxaib9qt5083h8uus,1,71.6,92.6,2025-06-21T01:31:56.107Z,2025-06-21T01:31:58Z,"[{'id': 5776165137, 'qualifierId': 212, 'value': '11.4'}, {'id': 5776165139, 'qualifierId': 213, 'value': '4.37'}, {'id': 5776165133, 'qualifierId': 140, 'value': '68.0'}, {'id': 5776165135, 'qualifierId': 141, 'value': '76.8'}, {'id': 5776165131, 'qualifierId': 56, 'value': 'Center'}]",6zvfcc67po0ofvl1twrv13tg5,C. Pickett,,,Orlando Pride,Away
2823537125,551,1,2,63,22,966pdxhsoxaib9qt5083h8uus,1,64.6,80.9,2025-06-21T01:31:58.380Z,2025-06-21T01:32:02Z,"[{'id': 5776165191, 'qualifierId': 141, 'value': '91.2'}, {'id': 5776165189, 'qualifierId': 140, 'value': '73.3'}, {'id': 5776165187, 'qualifierId': 56, 'value': 'Left'}, {'id': 5776165195, 'qualifierId': 213, 'value': '0.65'}, {'id': 5776165193, 'qualifierId': 212, 'value': '11.5'}]",3cyj9a2fjtx4xd0bqdh6g3azu,H. McCutcheon,,,Orlando Pride,Away
2823537131,552,1,2,63,26,966pdxhsoxaib9qt5083h8uus,1,72.9,90.8,2025-06-21T01:32:02.043Z,2025-06-21T01:32:05Z,"[{'id': 5776165235, 'qualifierId': 212, 'value': '13.7'}, {'id': 5776165231, 'qualifierId': 140, 'value': '59.9'}, {'id': 5776165233, 'qualifierId': 141, 'value': '91.5'}, {'id': 5776165237, 'qualifierId': 213, 'value': '3.11'}, {'id': 5776165229, 'qualifierId': 56, 'value': 'Left'}]",6zvfcc67po0ofvl1twrv13tg5,C. Pickett,,,Orlando Pride,Away
2823537141,553,1,2,63,29,966pdxhsoxaib9qt5083h8uus,1,54.1,88.7,2025-06-21T01:32:05.179Z,2025-06-21T01:32:07Z,"[{'id': 5776165285, 'qualifierId': 141, 'value': '69.6'}, {'id': 5776165281, 'qualifierId': 56, 'value': 'Back'}, {'id': 5776165289, 'qualifierId': 213, 'value': '3.94'}, {'id': 5776165287, 'qualifierId': 212, 'value': '18.1'}, {'id': 5776165283, 'qualifierId': 140, 'value': '42.1'}]",dyfsbff9jueyw5jhjou424bo4,K. Abello,,,Orlando Pride,Away
2823537145,554,1,2,63,32,966pdxhsoxaib9qt5083h8uus,1,41.7,69.0,2025-06-21T01:32:07.899Z,2025-06-21T01:32:10Z,"[{'id': 5776165319, 'qualifierId': 212, 'value': '28.4'}, {'id': 5776165317, 'qualifierId': 141, 'value': '28.4'}, {'id': 5776165321, 'qualifierId': 213, 'value': '4.94'}, {'id': 5776165313, 'qualifierId': 56, 'value': 'Back'}, {'id': 5776165315, 'qualifierId': 140, 'value': '47.9'}]",1uf4321zvio3hrwfu4z4jxp7t,K. Nadaner,,,Orlando Pride,Away
2823537165,555,1,2,63,34,966pdxhsoxaib9qt5083h8uus,1,52.9,25.4,2025-06-21T01:32:10.731Z,2025-06-21T01:32:14Z,"[{'id': 5776165419, 'qualifierId': 141, 'value': '28.1'}, {'id': 5776165417, 'qualifierId': 140, 'value': '62.4'}, {'id': 5776165421, 'qualifierId': 212, 'value': '10.1'}, {'id': 5776165423, 'qualifierId': 213, 'value': '0.18'}, {'id': 5776165415, 'qualifierId': 56, 'value': 'Center'}]",9yvkpwm78jaqr321imfc3rrbo,E. Sams,,,Orlando Pride,Away
2823537173,556,1,2,63,38,966pdxhsoxaib9qt5083h8uus,1,57.8,34.3,2025-06-21T01:32:14.492Z,2025-06-21T01:32:18Z,"[{'id': 5776165463, 'qualifierId': 56, 'value': 'Center'}, {'id': 5776165471, 'qualifierId': 213, 'value': '1.56'}, {'id': 5776165467, 'qualifierId': 141, 'value': '69.2'}, {'id': 5776165469, 'qualifierId': 212, 'value': '23.7'}, {'id': 5776165465, 'qualifierId': 140, 'value': '58.1'}]",c811si1xw5he6ih0o1mj94tsl,Marta,,,Orlando Pride,Away
2823537183,557,1,2,63,42,966pdxhsoxaib9qt5083h8uus,1,60.7,70.5,2025-06-21T01:32:18.523Z,2025-06-21T01:32:20Z,"[{'id': 5776165525, 'qualifierId': 141, 'value': '63.0'}, {'id': 5776165521, 'qualifierId': 56, 'value': 'Center'}, {'id': 5776165529, 'qualifierId': 213, 'value': '6.00'}, {'id': 5776165527, 'qualifierId': 212, 'value': '18.2'}, {'id': 5776165523, 'qualifierId': 140, 'value': '77.3'}]",dyfsbff9jueyw5jhjou424bo4,K. Abello,,,Orlando Pride,Away
2823537187,558,50,2,63,44,966pdxhsoxaib9qt5083h8uus,1,78.5,65.0,2025-06-21T01:32:20.675Z,2025-06-21T02:11:09Z,"[{'id': 5776165533, 'qualifierId': 56, 'value': 'Center'}, {'id': 5776165545, 'qualifierId': 233, 'value': '475'}, {'id': 5776165535, 'qualifierId': 286}]",e2obgph6szyo04em3qr94g1qt,B. Banda,,,Orlando Pride,Away
2823537191,475,7,2,63,44,dtucewmt49th1p4selfutmnmc,1,21.5,35.0,2025-06-21T01:32:20.676Z,2025-06-21T02:11:09Z,"[{'id': 5776165541, 'qualifierId': 233, 'value': '558'}, {'id': 5776165537, 'qualifierId': 56, 'value': 'Back'}, {'id': 5776165539, 'qualifierId': 285}]",2mlyh9k0yhv8862rj6hu26j8p,E. Jean,,,Racing Louisville,Home
2823537193,476,49,2,63,46,dtucewmt49th1p4selfutmnmc,1,23.8,54.6,2025-06-21T01:32:22.531Z,2025-06-21T01:32:22Z,[],7hrw0exutge376ai2uf6frw4q,L. Milliet,,,Racing Louisville,Home
2823537195,477,1,2,63,47,dtucewmt49th1p4selfutmnmc,1,25.2,68.1,2025-06-21T01:32:23.155Z,2025-06-21T01:32:26Z,"[{'id': 5776165557, 'qualifierId': 213, 'value': '1.86'}, {'id': 5776165555, 'qualifierId': 212, 'value': '10.0'}, {'id': 5776165551, 'qualifierId': 140, 'value': '22.5'}, {'id': 5776165549, 'qualifierId': 56, 'value': 'Back'}, {'id': 5776165553, 'qualifierId': 141, 'value': '82.2'}]",7hrw0exutge376ai2uf6frw4q,L. Milliet,,,Racing Louisville,Home
2823537207,478,1,2,63,50,dtucewmt49th1p4selfutmnmc,0,19.2,71.9,2025-06-21T01:32:26.452Z,2025-06-21T01:32:31Z,"[{'id': 5776165629, 'qualifierId': 155}, {'id': 5776165637, 'qualifierId': 212, 'value': '58.2'}, {'id': 5776165631, 'qualifierId': 56, 'value': 'Center'}, {'id': 5776165635, 'qualifierId': 141, 'value': '24.5'}, {'id': 5776165633, 'qualifierId': 140, 'value': '65.3'}, {'id': 5776165639, 'qualifierId': 213, 'value': '5.70'}, {'id': 5776165641, 'qualifierId': 1}]",br17lkx91icsoqiibmufa23v8,E. Sears,,,Racing Louisville,Home
2823537211,559,49,2,63,56,966pdxhsoxaib9qt5083h8uus,1,36.8,73.2,2025-06-21T01:32:31.916Z,2025-06-21T01:32:31Z,[],1uf4321zvio3hrwfu4z4jxp7t,K. Nadaner,,,Orlando Pride,Away
2823537221,560,1,2,63,56,966pdxhsoxaib9qt5083h8uus,1,36.7,73.2,2025-06-21T01:32:32.332Z,2025-06-21T01:32:34Z,"[{'id': 5776165715, 'qualifierId': 141, 'value': '78.9'}, {'id': 5776165711, 'qualifierId': 56, 'value': 'Back'}, {'id': 5776165717, 'qualifierId': 212, 'value': '13.8'}, {'id': 5776165719, 'qualifierId': 213, 'value': '0.28'}, {'id': 5776165713, 'qualifierId': 140, 'value': '49.3'}]",1uf4321zvio3hrwfu4z4jxp7t,K. Nadaner,,,Orlando Pride,Away
2823537227,561,1,2,63,58,966pdxhsoxaib9qt5083h8uus,1,55.1,77.9,2025-06-21T01:32:34.875Z,2025-06-21T01:32:36Z,"[{'id': 5776165739, 'qualifierId': 140, 'value': '66.5'}, {'id': 5776165737, 'qualifierId': 56, 'value': 'Center'}, {'id': 5776165741, 'qualifierId': 141, 'value': '72.2'}, {'id': 5776165745, 'qualifierId': 213, 'value': '5.97'}, {'id': 5776165743, 'qualifierId': 212, 'value': '12.6'}]",dyfsbff9jueyw5jhjou424bo4,K. Abello,,,Orlando Pride,Away
2823537233,562,1,2,64,0,966pdxhsoxaib9qt5083h8uus,1,66.8,72.8,2025-06-21T01:32:36.587Z,2025-06-21T01:32:38Z,"[{'id': 5776165769, 'qualifierId': 56, 'value': 'Left'}, {'id': 5776165777, 'qualifierId': 213, 'value': '1.27'}, {'id': 5776165771, 'qualifierId': 140, 'value': '68.6'}, {'id': 5776165775, 'qualifierId': 212, 'value': '6.4'}, {'id': 5776165773, 'qualifierId': 141, 'value': '81.8'}]",3cyj9a2fjtx4xd0bqdh6g3azu,H. McCutcheon,,,Orlando Pride,Away
2823537241,563,1,2,64,2,966pdxhsoxaib9qt5083h8uus,1,69.0,85.4,2025-06-21T01:32:38.588Z,2025-06-21T01:32:40Z,"[{'id': 5776165851, 'qualifierId': 213, 'value': '4.88'}, {'id': 5776165845, 'qualifierId': 140, 'value': '70.6'}, {'id': 5776165843, 'qualifierId': 56, 'value': 'Center'}, {'id': 5776165849, 'qualifierId': 212, 'value': '10.3'}, {'id': 5776165847, 'qualifierId': 141, 'value': '70.5'}]",6zvfcc67po0ofvl1twrv13tg5,C. Pickett,,,Orlando Pride,Away
2823537253,564,1,2,64,4,966pdxhsoxaib9qt5083h8uus,1,73.0,69.2,2025-06-21T01:32:40.412Z,2025-06-21T01:32:42Z,"[{'id': 5776165947, 'qualifierId': 212, 'value': '10.4'}, {'id': 5776165941, 'qualifierId': 56, 'value': 'Center'}, {'id': 5776165945, 'qualifierId': 141, 'value': '68.6'}, {'id': 5776165943, 'qualifierId': 140, 'value': '82.9'}, {'id': 5776165949, 'qualifierId': 213, 'value': '6.24'}]",23nuijdnnuiwzkd5cf7jbyajt,Angelina,,,Orlando Pride,Away
2823537263,565,1,2,64,6,966pdxhsoxaib9qt5083h8uus,0,82.2,68.4,2025-06-21T01:32:42.603Z,2025-06-21T01:33:38Z,"[{'id': 5776166005, 'qualifierId': 141, 'value': '79.7'}, {'id': 5776166001, 'qualifierId': 56, 'value': 'Left'}, {'id': 5776166009, 'qualifierId': 213, 'value': '1.48'}, {'id': 5776166007, 'qualifierId': 212, 'value': '7.7'}, {'id': 5776166003, 'qualifierId': 140, 'value': '82.9'}]",eigt6t2rj0k98zt1isqrvtvqh,A. Watt,,,Orlando Pride,Away
2823537261,479,49,2,64,7,dtucewmt49th1p4selfutmnmc,1,19.1,16.4,2025-06-21T01:32:43.844Z,2025-06-21T01:32:43Z,[],9e65qlc7dfjkajyhzhak8sc7p,J. Sonis,,,Racing Louisville,Home
2823537303,480,1,2,64,8,dtucewmt49th1p4selfutmnmc,1,19.1,16.4,2025-06-21T01:32:44.227Z,2025-06-21T01:32:52Z,"[{'id': 5776166205, 'qualifierId': 213, 'value': '0.53'}, {'id': 5776166197, 'qualifierId': 56, 'value': 'Back'}, {'id': 5776166201, 'qualifierId': 141, 'value': '28.7'}, {'id': 5776166199, 'qualifierId': 140, 'value': '32.7'}, {'id': 5776166203, 'qualifierId': 212, 'value': '16.5'}]",9e65qlc7dfjkajyhzhak8sc7p,J. Sonis,,,Racing Louisville,Home
2823537319,481,1,2,64,16,dtucewmt49th1p4selfutmnmc,1,57.3,32.9,2025-06-21T01:32:52.228Z,2025-06-21T01:32:56Z,"[{'id': 5776166267, 'qualifierId': 140, 'value': '64.6'}, {'id': 5776166269, 'qualifierId': 141, 'value': '5.8'}, {'id': 5776166271, 'qualifierId': 212, 'value': '20.0'}, {'id': 5776166273, 'qualifierId': 213, 'value': '5.11'}, {'id': 5776166265, 'qualifierId': 56, 'value': 'Right'}]",asfd5wkedz1u29xt37r6or4rt,S. DeMelo,,,Racing Louisville,Home
2823537331,482,1,2,64,20,dtucewmt49th1p4selfutmnmc,1,61.5,5.9,2025-06-21T01:32:56.115Z,2025-06-21T01:32:59Z,"[{'id': 5776166351, 'qualifierId': 213, 'value': '2.07'}, {'id': 5776166345, 'qualifierId': 140, 'value': '54.9'}, {'id': 5776166343, 'qualifierId': 56, 'value': 'Center'}, {'id': 5776166349, 'qualifierId': 212, 'value': '14.4'}, {'id': 5776166347, 'qualifierId': 141, 'value': '24.5'}]",9e65qlc7dfjkajyhzhak8sc7p,J. Sonis,,,Racing Louisville,Home
2823537339,483,1,2,64,23,dtucewmt49th1p4selfutmnmc,1,54.3,26.9,2025-06-21T01:32:59.764Z,2025-06-21T01:33:03Z,"[{'id': 5776166395, 'qualifierId': 141, 'value': '48.7'}, {'id': 5776166391, 'qualifierId': 56, 'value': 'Center'}, {'id': 5776166399, 'qualifierId': 213, 'value': '1.42'}, {'id': 5776166397, 'qualifierId': 212, 'value': '15.0'}, {'id': 5776166393, 'qualifierId': 140, 'value': '56.4'}]",9tbrhbbmfxq8l363kybl4g7ah,Ary Borges,,,Racing Louisville,Home
2823537359,484,1,2,64,27,dtucewmt49th1p4selfutmnmc,1,55.1,52.5,2025-06-21T01:33:03.268Z,2025-06-21T01:33:23Z,"[{'id': 5776166509, 'qualifierId': 141, 'value': '78.3'}, {'id': 5776166505, 'qualifierId': 56, 'value': 'Center'}, {'id': 5776166507, 'qualifierId': 140, 'value': '63.5'}, {'id': 5776166511, 'qualifierId': 212, 'value': '19.6'}, {'id': 5776166919, 'qualifierId': 210, 'value': '15'}, {'id': 5776166513, 'qualifierId': 213, 'value': '1.10'}]",8q0rkr3gz7hz1ssdx3fkro0a2,T. Flint,1.0,,Racing Louisville,Home
2823537363,485,15,2,64,32,dtucewmt49th1p4selfutmnmc,1,78.6,72.8,2025-06-21T01:33:08.069Z,2025-06-21T01:33:24Z,"[{'id': 5776166799, 'qualifierId': 72}, {'id': 5776166929, 'qualifierId': 102, 'value': '51.7'}, {'id': 5776166937, 'qualifierId': 147, 'value': '65.3'}, {'id': 5776166531, 'qualifierId': 18}, {'id': 5776166533, 'qualifierId': 56, 'value': 'Center'}, {'id': 5776166939, 'qualifierId': 230, 'value': '99.4'}, {'id': 5776166925, 'qualifierId': 55, 'value': '484'}, {'id': 5776166921, 'qualifierId': 78}, {'id': 5776166529, 'qualifierId': 22}, {'id': 5776166923, 'qualifierId': 29}, {'id': 5776166931, 'qualifierId': 103, 'value': '19'}, {'id': 5776166961, 'qualifierId': 233, 'value': '566'}, {'id': 5776166803, 'qualifierId': 82}, {'id': 5776166935, 'qualifierId': 146, 'value': '86.2'}, {'id': 5776166933, 'qualifierId': 215}, {'id': 5776166941, 'qualifierId': 231, 'value': '53.1'}]",2x4vbu3htfozzwd8g7bdxeacp,C. Petersen,,,Racing Louisville,Home
2823537377,566,10,2,64,32,966pdxhsoxaib9qt5083h8uus,1,13.8,34.7,2025-06-21T01:33:08.169Z,2025-06-21T01:33:24Z,"[{'id': 5776166623, 'qualifierId': 94}, {'id': 5776166969, 'qualifierId': 233, 'value': '485'}, {'id': 5776166625, 'qualifierId': 56, 'value': 'Back'}]",9yvkpwm78jaqr321imfc3rrbo,E. Sams,,,Orlando Pride,Away
2823537403,567,12,2,64,37,966pdxhsoxaib9qt5083h8uus,1,5.2,25.3,2025-06-21T01:33:13.435Z,2025-06-21T01:33:17Z,"[{'id': 5776166777, 'qualifierId': 167}, {'id': 5776166765, 'qualifierId': 140, 'value': '13.9'}, {'id': 5776166763, 'qualifierId': 56, 'value': 'Back'}, {'id': 5776166767, 'qualifierId': 141, 'value': '0.0'}, {'id': 5776166769, 'qualifierId': 212, 'value': '20.3'}, {'id': 5776166771, 'qualifierId': 213, 'value': '5.18'}]",dy302yj9tjby62ur1u8ab8rxm,C. Dyke,,,Orlando Pride,Away
2823537411,486,5,2,64,38,dtucewmt49th1p4selfutmnmc,1,87.8,101.2,2025-06-21T01:33:14.341Z,2025-06-21T02:10:52Z,"[{'id': 5776166795, 'qualifierId': 56, 'value': 'Left'}, {'id': 5776166805, 'qualifierId': 233, 'value': '568'}, {'id': 5776166797, 'qualifierId': 347}]",2x4vbu3htfozzwd8g7bdxeacp,C. Petersen,,,Racing Louisville,Home
2823537405,568,5,2,64,38,966pdxhsoxaib9qt5083h8uus,0,12.2,-1.2,2025-06-21T01:33:14.341Z,2025-06-21T02:10:52Z,"[{'id': 5776166773, 'qualifierId': 56, 'value': 'Back'}, {'id': 5776166809, 'qualifierId': 233, 'value': '486'}, {'id': 5776166775, 'qualifierId': 347}]",dy302yj9tjby62ur1u8ab8rxm,C. Dyke,,,Orlando Pride,Away
2823537467,487,1,2,64,53,dtucewmt49th1p4selfutmnmc,1,84.2,100.0,2025-06-21T01:33:29.781Z,2025-06-21T01:33:31Z,"[{'id': 5776167181, 'qualifierId': 141, 'value': '88.1'}, {'id': 5776167175, 'qualifierId': 107}, {'id': 5776167185, 'qualifierId': 213, 'value': '5.37'}, {'id': 5776167177, 'qualifierId': 56, 'value': 'Left'}, {'id': 5776167179, 'qualifierId': 140, 'value': '91.0'}, {'id': 5776167183, 'qualifierId': 212, 'value': '11.6'}]",2x4vbu3htfozzwd8g7bdxeacp,C. Petersen,,,Racing Louisville,Home
2823537471,488,1,2,64,55,dtucewmt49th1p4selfutmnmc,1,90.3,89.0,2025-06-21T01:33:31.829Z,2025-06-21T01:33:33Z,"[{'id': 5776167207, 'qualifierId': 141, 'value': '94.4'}, {'id': 5776167209, 'qualifierId': 212, 'value': '3.7'}, {'id': 5776167211, 'qualifierId': 213, 'value': '1.60'}, {'id': 5776167203, 'qualifierId': 56, 'value': 'Left'}, {'id': 5776167205, 'qualifierId': 140, 'value': '90.2'}]",aoa88ulpguvr42b0a1jn8dfys,S. Weber,,,Racing Louisville,Home
2823537473,489,3,2,64,57,dtucewmt49th1p4selfutmnmc,0,88.0,93.8,2025-06-21T01:33:33.125Z,2025-06-21T01:33:37Z,"[{'id': 5776167215, 'qualifierId': 56, 'value': 'Left'}, {'id': 5776167217, 'qualifierId': 286}, {'id': 5776167235, 'qualifierId': 233, 'value': '569'}]",br17lkx91icsoqiibmufa23v8,E. Sears,,,Racing Louisville,Home
2823537475,569,7,2,64,57,966pdxhsoxaib9qt5083h8uus,1,12.0,6.2,2025-06-21T01:33:33.126Z,2025-06-21T01:33:37Z,"[{'id': 5776167219, 'qualifierId': 167}, {'id': 5776167221, 'qualifierId': 56, 'value': 'Back'}, {'id': 5776167229, 'qualifierId': 233, 'value': '489'}, {'id': 5776167223, 'qualifierId': 285}]",dy302yj9tjby62ur1u8ab8rxm,C. Dyke,,,Orlando Pride,Away
2823537603,490,5,2,64,58,dtucewmt49th1p4selfutmnmc,1,85.2,101.0,2025-06-21T01:33:34.111Z,2025-06-21T02:10:52Z,"[{'id': 5776167875, 'qualifierId': 56, 'value': 'Left'}, {'id': 5776167927, 'qualifierId': 233, 'value': '570'}, {'id': 5776167877, 'qualifierId': 347}]",br17lkx91icsoqiibmufa23v8,E. Sears,,,Racing Louisville,Home
2823537487,570,5,2,64,58,966pdxhsoxaib9qt5083h8uus,0,14.8,-1.0,2025-06-21T01:33:34.111Z,2025-06-21T02:10:53Z,"[{'id': 5776167263, 'qualifierId': 56, 'value': 'Back'}, {'id': 5776167931, 'qualifierId': 233, 'value': '490'}, {'id': 5776167265, 'qualifierId': 347}]",3cyj9a2fjtx4xd0bqdh6g3azu,H. McCutcheon,,,Orlando Pride,Away
2823537605,491,18,2,65,41,dtucewmt49th1p4selfutmnmc,1,0.0,0.0,2025-06-21T01:34:17.020Z,2025-06-21T01:34:17Z,"[{'id': 5776167925, 'qualifierId': 55, 'value': '492'}, {'id': 5776167885, 'qualifierId': 42}, {'id': 5776167889, 'qualifierId': 59, 'value': '8'}, {'id': 5776167887, 'qualifierId': 44, 'value': 'Midfielder'}]",9tbrhbbmfxq8l363kybl4g7ah,Ary Borges,,,Racing Louisville,Home
2823537609,492,19,2,65,41,dtucewmt49th1p4selfutmnmc,1,0.0,0.0,2025-06-21T01:34:17.021Z,2025-06-21T01:34:18Z,"[{'id': 5776167907, 'qualifierId': 42}, {'id': 5776167915, 'qualifierId': 292, 'value': '7'}, {'id': 5776167911, 'qualifierId': 145, 'value': '7'}, {'id': 5776167919, 'qualifierId': 44, 'value': 'Midfielder'}, {'id': 5776167921, 'qualifierId': 55, 'value': '491'}, {'id': 5776167913, 'qualifierId': 59, 'value': '20'}, {'id': 5776167917, 'qualifierId': 293, 'value': '5'}]",1mym43khm3hlhzbj42tbnjlec,K. O'Kane,,,Racing Louisville,Home
2823537701,493,1,2,65,59,dtucewmt49th1p4selfutmnmc,1,81.1,100.0,2025-06-21T01:34:35.462Z,2025-06-21T01:34:45Z,"[{'id': 5776168391, 'qualifierId': 107}, {'id': 5776168395, 'qualifierId': 140, 'value': '94.2'}, {'id': 5776168393, 'qualifierId': 56, 'value': 'Left'}, {'id': 5776168401, 'qualifierId': 213, 'value': '6.05'}, {'id': 5776168397, 'qualifierId': 141, 'value': '96.8'}, {'id': 5776168399, 'qualifierId': 212, 'value': '14.2'}]",2x4vbu3htfozzwd8g7bdxeacp,C. Petersen,,,Racing Louisville,Home
2823537717,494,3,2,66,8,dtucewmt49th1p4selfutmnmc,0,90.5,97.2,2025-06-21T01:34:44.762Z,2025-06-21T02:11:10Z,"[{'id': 5776168433, 'qualifierId': 56, 'value': 'Left'}, {'id': 5776168441, 'qualifierId': 233, 'value': '571'}, {'id': 5776168435, 'qualifierId': 286}]",br17lkx91icsoqiibmufa23v8,E. Sears,,,Racing Louisville,Home
2823537711,571,7,2,66,8,966pdxhsoxaib9qt5083h8uus,1,9.5,2.8,2025-06-21T01:34:44.763Z,2025-06-21T02:11:09Z,"[{'id': 5776168423, 'qualifierId': 285}, {'id': 5776168437, 'qualifierId': 233, 'value': '494'}, {'id': 5776168419, 'qualifierId': 167}, {'id': 5776168421, 'qualifierId': 56, 'value': 'Back'}]",dy302yj9tjby62ur1u8ab8rxm,C. Dyke,,,Orlando Pride,Away
2823537729,495,5,2,66,9,dtucewmt49th1p4selfutmnmc,1,91.4,101.6,2025-06-21T01:34:45.419Z,2025-06-21T02:10:53Z,"[{'id': 5776168571, 'qualifierId': 56, 'value': 'Left'}, {'id': 5776168573, 'qualifierId': 347}, {'id': 5776168577, 'qualifierId': 233, 'value': '572'}]",br17lkx91icsoqiibmufa23v8,E. Sears,,,Racing Louisville,Home
2823537713,572,5,2,66,9,966pdxhsoxaib9qt5083h8uus,0,8.6,-1.6,2025-06-21T01:34:45.419Z,2025-06-21T02:10:53Z,"[{'id': 5776168425, 'qualifierId': 56, 'value': 'Back'}, {'id': 5776168587, 'qualifierId': 233, 'value': '495'}, {'id': 5776168427, 'qualifierId': 347}]",dy302yj9tjby62ur1u8ab8rxm,C. Dyke,,,Orlando Pride,Away
2823537733,496,1,2,66,21,dtucewmt49th1p4selfutmnmc,0,95.1,100.0,2025-06-21T01:34:56.951Z,2025-06-21T01:34:59Z,"[{'id': 5776168615, 'qualifierId': 56, 'value': 'Left'}, {'id': 5776168623, 'qualifierId': 213, 'value': '4.75'}, {'id': 5776168621, 'qualifierId': 212, 'value': '12.5'}, {'id': 5776168617, 'qualifierId': 140, 'value': '95.5'}, {'id': 5776168619, 'qualifierId': 141, 'value': '83.0'}, {'id': 5776168613, 'qualifierId': 107}]",2x4vbu3htfozzwd8g7bdxeacp,C. Petersen,,,Racing Louisville,Home
2823537791,574,61,2,66,26,966pdxhsoxaib9qt5083h8uus,0,8.1,23.9,2025-06-21T01:35:02.307Z,2025-06-21T01:35:55Z,"[{'id': 5776169047, 'qualifierId': 56, 'value': 'Back'}]",9yvkpwm78jaqr321imfc3rrbo,E. Sams,,,Orlando Pride,Away
2823537921,498,61,2,66,27,dtucewmt49th1p4selfutmnmc,1,91.1,76.2,2025-06-21T01:35:03.354Z,2025-06-21T01:36:00Z,"[{'id': 5776169757, 'qualifierId': 56, 'value': 'Center'}]",aoa88ulpguvr42b0a1jn8dfys,S. Weber,,,Racing Louisville,Home
2823537927,575,61,2,66,28,966pdxhsoxaib9qt5083h8uus,1,10.6,25.9,2025-06-21T01:35:04.222Z,2025-06-21T01:36:00Z,"[{'id': 5776169777, 'qualifierId': 56, 'value': 'Back'}]",9yvkpwm78jaqr321imfc3rrbo,E. Sams,,,Orlando Pride,Away
2823537753,497,4,2,66,29,dtucewmt49th1p4selfutmnmc,1,92.3,74.6,2025-06-21T01:35:05.754Z,2025-06-21T01:36:22Z,"[{'id': 5776168877, 'qualifierId': 233, 'value': '573'}, {'id': 5776168849, 'qualifierId': 295}, {'id': 5776168853, 'qualifierId': 152}, {'id': 5776168845, 'qualifierId': 9}, {'id': 5776168851, 'qualifierId': 56, 'value': 'Center'}, {'id': 5776168855, 'qualifierId': 286}, {'id': 5776170263, 'qualifierId': 348, 'value': '8q0rkr3gz7hz1ssdx3fkro0a2'}, {'id': 5776168847, 'qualifierId': 13}]",aoa88ulpguvr42b0a1jn8dfys,S. Weber,,,Racing Louisville,Home
2823537751,573,4,2,66,29,966pdxhsoxaib9qt5083h8uus,0,7.7,25.4,2025-06-21T01:35:05.755Z,2025-06-21T01:36:22Z,"[{'id': 5776168865, 'qualifierId': 295}, {'id': 5776168861, 'qualifierId': 9}, {'id': 5776168869, 'qualifierId': 152}, {'id': 5776168863, 'qualifierId': 13}, {'id': 5776168871, 'qualifierId': 285}, {'id': 5776168885, 'qualifierId': 233, 'value': '497'}, {'id': 5776168867, 'qualifierId': 56, 'value': 'Back'}]",9yvkpwm78jaqr321imfc3rrbo,E. Sams,,,Orlando Pride,Away
2823538071,499,16,2,67,59,dtucewmt49th1p4selfutmnmc,1,88.5,50.0,2025-06-21T01:36:35.114Z,2025-06-21T01:37:32Z,"[{'id': 5776171783, 'qualifierId': 136}, {'id': 5776170529, 'qualifierId': 214}, {'id': 5776170881, 'qualifierId': 231, 'value': '50.4'}, {'id': 5776170871, 'qualifierId': 102, 'value': '46.3'}, {'id': 5776170607, 'qualifierId': 20}, {'id': 5776170523, 'qualifierId': 9}, {'id': 5776170525, 'qualifierId': 17}, {'id': 5776170877, 'qualifierId': 458}, {'id': 5776170895, 'qualifierId': 353, 'value': '576'}, {'id': 5776170887, 'qualifierId': 282, 'value': 'dtucewmt49th1p4selfutmnmc'}, {'id': 5776170615, 'qualifierId': 375, 'value': '67:58.508'}, {'id': 5776170883, 'qualifierId': 280, 'value': 'PENALTY_WON'}, {'id': 5776170873, 'qualifierId': 103, 'value': '3.2'}, {'id': 5776170875, 'qualifierId': 390, 'value': '584503'}, {'id': 5776170885, 'qualifierId': 281, 'value': 'aoa88ulpguvr42b0a1jn8dfys'}, {'id': 5776170527, 'qualifierId': 56, 'value': 'Center'}, {'id': 5776170879, 'qualifierId': 230, 'value': '99.8'}, {'id': 5776170891, 'qualifierId': 472, 'value': '497'}, {'id': 5776170611, 'qualifierId': 374, 'value': '2025-06-21 02:36:34.389'}, {'id': 5776170869, 'qualifierId': 80}]",8q0rkr3gz7hz1ssdx3fkro0a2,T. Flint,,,Racing Louisville,Home
2823538079,576,58,2,67,59,966pdxhsoxaib9qt5083h8uus,0,0.0,0.0,2025-06-21T01:36:35.114Z,2025-06-21T01:36:40Z,"[{'id': 5776170581, 'qualifierId': 73}, {'id': 5776170575, 'qualifierId': 9}, {'id': 5776170637, 'qualifierId': 233, 'value': '499'}, {'id': 5776170579, 'qualifierId': 179}, {'id': 5776170577, 'qualifierId': 186}, {'id': 5776170583, 'qualifierId': 56, 'value': 'Back'}]",7e8f4kfwcucaj4239xz0rai1h,A. Moorhouse,,,Orlando Pride,Away
2823538237,577,1,2,68,54,966pdxhsoxaib9qt5083h8uus,1,50.5,50.0,2025-06-21T01:37:30.314Z,2025-06-21T01:37:31Z,"[{'id': 5776171767, 'qualifierId': 189}, {'id': 5776171757, 'qualifierId': 141, 'value': '52.5'}, {'id': 5776171755, 'qualifierId': 140, 'value': '34.0'}, {'id': 5776171763, 'qualifierId': 279, 'value': 'G'}, {'id': 5776171759, 'qualifierId': 212, 'value': '17.4'}, {'id': 5776171753, 'qualifierId': 56, 'value': 'Back'}, {'id': 5776171761, 'qualifierId': 213, 'value': '3.04'}]",c811si1xw5he6ih0o1mj94tsl,Marta,,,Orlando Pride,Away
2823538263,578,1,2,69,0,966pdxhsoxaib9qt5083h8uus,1,34.4,47.3,2025-06-21T01:37:36.186Z,2025-06-21T01:37:47Z,"[{'id': 5776171881, 'qualifierId': 212, 'value': '21.1'}, {'id': 5776171875, 'qualifierId': 56, 'value': 'Back'}, {'id': 5776171879, 'qualifierId': 141, 'value': '16.4'}, {'id': 5776171877, 'qualifierId': 140, 'value': '36.3'}, {'id': 5776171883, 'qualifierId': 213, 'value': '4.81'}, {'id': 5776172081, 'qualifierId': 189}]",23nuijdnnuiwzkd5cf7jbyajt,Angelina,,,Orlando Pride,Away
2823538265,579,1,2,69,3,966pdxhsoxaib9qt5083h8uus,1,41.3,15.2,2025-06-21T01:37:38.986Z,2025-06-21T01:37:48Z,"[{'id': 5776171891, 'qualifierId': 141, 'value': '10.6'}, {'id': 5776171887, 'qualifierId': 56, 'value': 'Right'}, {'id': 5776171889, 'qualifierId': 140, 'value': '63.4'}, {'id': 5776172093, 'qualifierId': 189}, {'id': 5776171895, 'qualifierId': 213, 'value': '6.15'}, {'id': 5776171893, 'qualifierId': 212, 'value': '23.4'}]",9yvkpwm78jaqr321imfc3rrbo,E. Sams,,,Orlando Pride,Away
2823538279,580,1,2,69,4,966pdxhsoxaib9qt5083h8uus,1,68.8,10.6,2025-06-21T01:37:40.218Z,2025-06-21T01:37:42Z,"[{'id': 5776171955, 'qualifierId': 140, 'value': '87.3'}, {'id': 5776171957, 'qualifierId': 141, 'value': '16.1'}, {'id': 5776171959, 'qualifierId': 212, 'value': '19.8'}, {'id': 5776171953, 'qualifierId': 56, 'value': 'Right'}, {'id': 5776171961, 'qualifierId': 213, 'value': '0.19'}]",dy302yj9tjby62ur1u8ab8rxm,C. Dyke,,,Orlando Pride,Away
2823538283,581,1,2,69,5,966pdxhsoxaib9qt5083h8uus,0,92.4,15.7,2025-06-21T01:37:41.714Z,2025-06-21T02:11:41Z,"[{'id': 5776171985, 'qualifierId': 56, 'value': 'Center'}, {'id': 5776171993, 'qualifierId': 213, 'value': '1.55'}, {'id': 5776171991, 'qualifierId': 212, 'value': '4.8'}, {'id': 5776171989, 'qualifierId': 141, 'value': '22.7'}, {'id': 5776171987, 'qualifierId': 140, 'value': '92.5'}, {'id': 5776171979, 'qualifierId': 2}]",eigt6t2rj0k98zt1isqrvtvqh,A. Watt,,,Orlando Pride,Away
2823538297,502,61,2,69,6,dtucewmt49th1p4selfutmnmc,1,4.9,73.2,2025-06-21T01:37:42.085Z,2025-06-21T01:37:49Z,"[{'id': 5776172075, 'qualifierId': 56, 'value': 'Back'}]",cieyupgmnxecb4emqljudrw89,A. Wright,,,Racing Louisville,Home
2823538287,500,12,2,69,7,dtucewmt49th1p4selfutmnmc,1,9.1,68.6,2025-06-21T01:37:43.724Z,2025-06-21T01:37:46Z,"[{'id': 5776172011, 'qualifierId': 56, 'value': 'Back'}, {'id': 5776172015, 'qualifierId': 141, 'value': '100.0'}, {'id': 5776172013, 'qualifierId': 140, 'value': '23.3'}, {'id': 5776172019, 'qualifierId': 213, 'value': '0.98'}, {'id': 5776172039, 'qualifierId': 167}, {'id': 5776172017, 'qualifierId': 212, 'value': '26.7'}]",8q0rkr3gz7hz1ssdx3fkro0a2,T. Flint,,,Racing Louisville,Home
2823538289,501,5,2,69,9,dtucewmt49th1p4selfutmnmc,0,20.8,101.0,2025-06-21T01:37:45.528Z,2025-06-21T02:10:54Z,"[{'id': 5776172023, 'qualifierId': 56, 'value': 'Back'}, {'id': 5776172087, 'qualifierId': 233, 'value': '582'}, {'id': 5776172025, 'qualifierId': 347}]",8q0rkr3gz7hz1ssdx3fkro0a2,T. Flint,,,Racing Louisville,Home
2823538299,582,5,2,69,9,966pdxhsoxaib9qt5083h8uus,1,79.2,-1.0,2025-06-21T01:37:45.528Z,2025-06-21T02:10:53Z,"[{'id': 5776172083, 'qualifierId': 233, 'value': '501'}, {'id': 5776172079, 'qualifierId': 347}, {'id': 5776172077, 'qualifierId': 56, 'value': 'Right'}]",eigt6t2rj0k98zt1isqrvtvqh,A. Watt,,,Orlando Pride,Away
2823538319,583,1,2,69,16,966pdxhsoxaib9qt5083h8uus,1,78.8,0.0,2025-06-21T01:37:52.794Z,2025-06-21T01:37:54Z,"[{'id': 5776172163, 'qualifierId': 212, 'value': '10.4'}, {'id': 5776172155, 'qualifierId': 107}, {'id': 5776172161, 'qualifierId': 141, 'value': '14.2'}, {'id': 5776172165, 'qualifierId': 213, 'value': '1.52'}, {'id': 5776172159, 'qualifierId': 140, 'value': '79.3'}, {'id': 5776172157, 'qualifierId': 56, 'value': 'Right'}]",dy302yj9tjby62ur1u8ab8rxm,C. Dyke,,,Orlando Pride,Away
2823538327,584,1,2,69,18,966pdxhsoxaib9qt5083h8uus,1,79.8,14.6,2025-06-21T01:37:54.570Z,2025-06-21T01:37:57Z,"[{'id': 5776172223, 'qualifierId': 56, 'value': 'Center'}, {'id': 5776172229, 'qualifierId': 212, 'value': '8.4'}, {'id': 5776172227, 'qualifierId': 141, 'value': '23.9'}, {'id': 5776172225, 'qualifierId': 140, 'value': '74.6'}, {'id': 5776172231, 'qualifierId': 213, 'value': '2.28'}]",c811si1xw5he6ih0o1mj94tsl,Marta,,,Orlando Pride,Away
2823538333,585,1,2,69,22,966pdxhsoxaib9qt5083h8uus,1,76.1,17.5,2025-06-21T01:37:57.930Z,2025-06-21T01:37:59Z,"[{'id': 5776172265, 'qualifierId': 212, 'value': '6.6'}, {'id': 5776172259, 'qualifierId': 56, 'value': 'Right'}, {'id': 5776172261, 'qualifierId': 140, 'value': '77.8'}, {'id': 5776172263, 'qualifierId': 141, 'value': '8.2'}, {'id': 5776172267, 'qualifierId': 213, 'value': '4.99'}]",23nuijdnnuiwzkd5cf7jbyajt,Angelina,,,Orlando Pride,Away
2823538339,586,1,2,69,23,966pdxhsoxaib9qt5083h8uus,1,77.8,8.2,2025-06-21T01:37:59.354Z,2025-06-21T01:38:00Z,"[{'id': 5776172303, 'qualifierId': 212, 'value': '6.8'}, {'id': 5776172301, 'qualifierId': 141, 'value': '17.0'}, {'id': 5776172305, 'qualifierId': 213, 'value': '2.06'}, {'id': 5776172299, 'qualifierId': 140, 'value': '74.8'}, {'id': 5776172297, 'qualifierId': 56, 'value': 'Right'}]",dy302yj9tjby62ur1u8ab8rxm,C. Dyke,,,Orlando Pride,Away
2823538351,587,1,2,69,24,966pdxhsoxaib9qt5083h8uus,1,74.7,17.2,2025-06-21T01:38:00.026Z,2025-06-21T01:38:03Z,"[{'id': 5776172385, 'qualifierId': 212, 'value': '13.3'}, {'id': 5776172381, 'qualifierId': 140, 'value': '86.3'}, {'id': 5776172379, 'qualifierId': 56, 'value': 'Right'}, {'id': 5776172383, 'qualifierId': 141, 'value': '9.4'}, {'id': 5776172387, 'qualifierId': 213, 'value': '5.87'}]",23nuijdnnuiwzkd5cf7jbyajt,Angelina,,,Orlando Pride,Away
2823538365,588,1,2,69,27,966pdxhsoxaib9qt5083h8uus,0,87.4,10.4,2025-06-21T01:38:03.705Z,2025-06-21T01:38:06Z,"[{'id': 5776172443, 'qualifierId': 155}, {'id': 5776172453, 'qualifierId': 213, 'value': '1.10'}, {'id': 5776172449, 'qualifierId': 141, 'value': '50.7'}, {'id': 5776172441, 'qualifierId': 2}, {'id': 5776172451, 'qualifierId': 212, 'value': '30.7'}, {'id': 5776172445, 'qualifierId': 56, 'value': 'Center'}, {'id': 5776172447, 'qualifierId': 140, 'value': '100.0'}]",eigt6t2rj0k98zt1isqrvtvqh,A. Watt,,,Orlando Pride,Away
2823538657,503,5,2,69,30,dtucewmt49th1p4selfutmnmc,1,-0.8,48.6,2025-06-21T01:38:06.458Z,2025-06-21T02:10:54Z,"[{'id': 5776173977, 'qualifierId': 346}, {'id': 5776173979, 'qualifierId': 233, 'value': '589'}, {'id': 5776173975, 'qualifierId': 56, 'value': 'Back'}]",8q0rkr3gz7hz1ssdx3fkro0a2,T. Flint,,,Racing Louisville,Home
2823538491,589,5,2,69,30,966pdxhsoxaib9qt5083h8uus,0,100.8,51.4,2025-06-21T01:38:06.458Z,2025-06-21T02:10:54Z,"[{'id': 5776173131, 'qualifierId': 56, 'value': 'Center'}, {'id': 5776173983, 'qualifierId': 233, 'value': '503'}, {'id': 5776173133, 'qualifierId': 346}]",eigt6t2rj0k98zt1isqrvtvqh,A. Watt,,,Orlando Pride,Away
2823538493,590,18,2,70,2,966pdxhsoxaib9qt5083h8uus,1,0.0,0.0,2025-06-21T01:38:38.842Z,2025-06-21T01:38:39Z,"[{'id': 5776173139, 'qualifierId': 59, 'value': '2'}, {'id': 5776173137, 'qualifierId': 44, 'value': 'Defender'}, {'id': 5776173167, 'qualifierId': 55, 'value': '591'}, {'id': 5776173135, 'qualifierId': 42}]",3cyj9a2fjtx4xd0bqdh6g3azu,H. McCutcheon,,,Orlando Pride,Away
2823538495,591,19,2,70,2,966pdxhsoxaib9qt5083h8uus,1,0.0,0.0,2025-06-21T01:38:38.843Z,2025-06-21T01:47:33Z,"[{'id': 5776185913, 'qualifierId': 292, 'value': '7'}, {'id': 5776173149, 'qualifierId': 44, 'value': 'Midfielder'}, {'id': 5776173141, 'qualifierId': 42}, {'id': 5776185915, 'qualifierId': 293, 'value': '3'}, {'id': 5776173151, 'qualifierId': 55, 'value': '590'}, {'id': 5776173145, 'qualifierId': 145, 'value': '8'}, {'id': 5776173147, 'qualifierId': 59, 'value': '30'}]",6uui5rxnfn6y5rkcsbuloiui,A. Lemos,,,Orlando Pride,Away
2823538551,592,18,2,70,15,966pdxhsoxaib9qt5083h8uus,1,0.0,0.0,2025-06-21T01:38:51.479Z,2025-06-21T01:38:52Z,"[{'id': 5776173395, 'qualifierId': 42}, {'id': 5776173399, 'qualifierId': 59, 'value': '12'}, {'id': 5776173397, 'qualifierId': 44, 'value': 'Midfielder'}, {'id': 5776173431, 'qualifierId': 55, 'value': '593'}]",dy302yj9tjby62ur1u8ab8rxm,C. Dyke,,,Orlando Pride,Away
2823538555,593,19,2,70,15,966pdxhsoxaib9qt5083h8uus,1,0.0,0.0,2025-06-21T01:38:51.480Z,2025-06-21T01:47:31Z,"[{'id': 5776173425, 'qualifierId': 44, 'value': 'Forward'}, {'id': 5776185889, 'qualifierId': 293, 'value': '2'}, {'id': 5776173421, 'qualifierId': 145, 'value': '2'}, {'id': 5776173423, 'qualifierId': 59, 'value': '35'}, {'id': 5776185887, 'qualifierId': 292, 'value': '8'}, {'id': 5776173417, 'qualifierId': 42}, {'id': 5776173427, 'qualifierId': 55, 'value': '592'}]",13mfu77eipda4tqe1grek3a7e,S. Jackson,,,Orlando Pride,Away
2823538603,594,18,2,70,28,966pdxhsoxaib9qt5083h8uus,1,0.0,0.0,2025-06-21T01:39:04.751Z,2025-06-21T01:39:05Z,"[{'id': 5776173695, 'qualifierId': 44, 'value': 'Forward'}, {'id': 5776173697, 'qualifierId': 59, 'value': '10'}, {'id': 5776173693, 'qualifierId': 42}, {'id': 5776173737, 'qualifierId': 55, 'value': '595'}]",c811si1xw5he6ih0o1mj94tsl,Marta,,,Orlando Pride,Away
2823538607,595,19,2,70,28,966pdxhsoxaib9qt5083h8uus,1,0.0,0.0,2025-06-21T01:39:04.752Z,2025-06-21T01:47:28Z,"[{'id': 5776173721, 'qualifierId': 55, 'value': '594'}, {'id': 5776173719, 'qualifierId': 44, 'value': 'Forward'}, {'id': 5776173715, 'qualifierId': 145, 'value': '10'}, {'id': 5776185847, 'qualifierId': 293, 'value': '1'}, {'id': 5776173711, 'qualifierId': 42}, {'id': 5776185845, 'qualifierId': 292, 'value': '9'}, {'id': 5776173717, 'qualifierId': 59, 'value': '16'}]",6fhiz0epsutfcs1xqfhcuomad,M. Gautrat,,,Orlando Pride,Away
2823542289,755,40,2,70,30,966pdxhsoxaib9qt5083h8uus,1,0.0,0.0,2025-06-21T01:39:06.674Z,2025-06-21T01:56:00Z,"[{'id': 5776194987, 'qualifierId': 194, 'value': '1uf4321zvio3hrwfu4z4jxp7t'}, {'id': 5776194977, 'qualifierId': 30, 'value': '7e8f4kfwcucaj4239xz0rai1h, eigt6t2rj0k98zt1isqrvtvqh, dyfsbff9jueyw5jhjou424bo4, 23nuijdnnuiwzkd5cf7jbyajt, 9yvkpwm78jaqr321imfc3rrbo, 1uf4321zvio3hrwfu4z4jxp7t, 13mfu77eipda4tqe1grek3a7e, 6uui5rxnfn6y5rkcsbuloiui, e2obgph6szyo04em3qr94g1qt, 6fhiz0epsutfcs1xqfhcuomad, 6zvfcc67po0ofvl1twrv13tg5, 93mr62mbyeymgcad2qhpvt2qc, bp34vn963cxgnx6b7q7sig9hw, 642fsrjj1seobmhxeefruv578, 77agy8f4m7ybib2cssdfsltuy'}, {'id': 5776194989, 'qualifierId': 319}, {'id': 5776194983, 'qualifierId': 130, 'value': '2'}, {'id': 5776194979, 'qualifierId': 44, 'value': '1, 2, 2, 3, 2, 2, 3, 3, 4, 4, 3, 5, 5, 5, 5'}, {'id': 5776194985, 'qualifierId': 131, 'value': '1, 2, 3, 4, 5, 6, 7, 8, 9, 10, 11, 0, 0, 0, 0'}, {'id': 5776194981, 'qualifierId': 59, 'value': '1, 11, 25, 15, 6, 3, 35, 30, 22, 16, 19, 40, 9, 34, 14'}]",,,,,Orlando Pride,Away
2823538667,504,1,2,70,36,dtucewmt49th1p4selfutmnmc,1,5.3,61.4,2025-06-21T01:39:12.798Z,2025-06-21T01:39:17Z,"[{'id': 5776174055, 'qualifierId': 213, 'value': '0.23'}, {'id': 5776174045, 'qualifierId': 124}, {'id': 5776174051, 'qualifierId': 141, 'value': '79.5'}, {'id': 5776174049, 'qualifierId': 140, 'value': '56.2'}, {'id': 5776174061, 'qualifierId': 74}, {'id': 5776174053, 'qualifierId': 212, 'value': '54.8'}, {'id': 5776174057, 'qualifierId': 1}, {'id': 5776174047, 'qualifierId': 56, 'value': 'Left'}]",24lhpn1z5ikitapll48t1z7kk,J. Bloomer,,,Racing Louisville,Home
2823538681,505,1,2,70,41,dtucewmt49th1p4selfutmnmc,1,54.8,79.8,2025-06-21T01:39:17.694Z,2025-06-21T01:39:19Z,"[{'id': 5776174113, 'qualifierId': 213, 'value': '0.32'}, {'id': 5776174107, 'qualifierId': 140, 'value': '69.7'}, {'id': 5776174111, 'qualifierId': 212, 'value': '16.5'}, {'id': 5776174105, 'qualifierId': 56, 'value': 'Left'}, {'id': 5776174101, 'qualifierId': 3}, {'id': 5776174109, 'qualifierId': 141, 'value': '87.5'}, {'id': 5776174103, 'qualifierId': 168}]",8q0rkr3gz7hz1ssdx3fkro0a2,T. Flint,,,Racing Louisville,Home
2823538683,506,44,2,70,43,dtucewmt49th1p4selfutmnmc,1,59.3,85.6,2025-06-21T01:39:19.566Z,2025-06-21T02:11:17Z,"[{'id': 5776174187, 'qualifierId': 233, 'value': '596'}, {'id': 5776174135, 'qualifierId': 286}, {'id': 5776174133, 'qualifierId': 56, 'value': 'Left'}]",aoa88ulpguvr42b0a1jn8dfys,S. Weber,,,Racing Louisville,Home
2823538691,596,44,2,70,43,966pdxhsoxaib9qt5083h8uus,0,40.7,14.4,2025-06-21T01:39:19.567Z,2025-06-21T02:11:18Z,"[{'id': 5776174183, 'qualifierId': 56, 'value': 'Back'}, {'id': 5776174195, 'qualifierId': 233, 'value': '506'}, {'id': 5776174185, 'qualifierId': 285}]",eigt6t2rj0k98zt1isqrvtvqh,A. Watt,,,Orlando Pride,Away
2823538685,507,61,2,70,45,dtucewmt49th1p4selfutmnmc,1,69.7,87.5,2025-06-21T01:39:21.056Z,2025-06-21T02:12:37Z,"[{'id': 5776174137, 'qualifierId': 56, 'value': 'Left'}]",aoa88ulpguvr42b0a1jn8dfys,S. Weber,,,Racing Louisville,Home
2823538697,508,43,2,70,47,dtucewmt49th1p4selfutmnmc,1,0.0,0.0,2025-06-21T01:39:23.647Z,2025-06-21T01:41:27Z,"[{'id': 5776177579, 'qualifierId': 144, 'value': '44'}, {'id': 5776174209, 'qualifierId': 286, 'value': '0'}, {'id': 5776174207, 'qualifierId': 56, 'value': 'Left'}]",8q0rkr3gz7hz1ssdx3fkro0a2,T. Flint,,,Racing Louisville,Home
2823538695,597,4,2,70,48,966pdxhsoxaib9qt5083h8uus,1,44.4,12.6,2025-06-21T01:39:24.770Z,2025-06-21T02:11:48Z,"[{'id': 5776212169, 'qualifierId': 294}, {'id': 5776174237, 'qualifierId': 286}, {'id': 5776174229, 'qualifierId': 13}, {'id': 5776174231, 'qualifierId': 56, 'value': 'Back'}, {'id': 5776174239, 'qualifierId': 233, 'value': '509'}, {'id': 5776174233, 'qualifierId': 152}]",13mfu77eipda4tqe1grek3a7e,S. Jackson,,,Orlando Pride,Away
2823538699,509,4,2,70,48,dtucewmt49th1p4selfutmnmc,0,55.6,87.4,2025-06-21T01:39:24.771Z,2025-06-21T02:13:18Z,"[{'id': 5776174227, 'qualifierId': 285}, {'id': 5776213793, 'qualifierId': 55, 'value': '510'}, {'id': 5776175063, 'qualifierId': 294}, {'id': 5776174259, 'qualifierId': 233, 'value': '597'}, {'id': 5776174223, 'qualifierId': 152}, {'id': 5776174221, 'qualifierId': 56, 'value': 'Left'}, {'id': 5776174219, 'qualifierId': 13}]",8q0rkr3gz7hz1ssdx3fkro0a2,T. Flint,,,Racing Louisville,Home
2823538745,510,17,2,70,49,dtucewmt49th1p4selfutmnmc,1,0.0,0.0,2025-06-21T01:39:25.568Z,2025-06-21T02:13:18Z,"[{'id': 5776174985, 'qualifierId': 31}, {'id': 5776213787, 'qualifierId': 55, 'value': '509'}, {'id': 5776174987, 'qualifierId': 392}, {'id': 5776174989, 'qualifierId': 13, 'value': '243'}]",8q0rkr3gz7hz1ssdx3fkro0a2,T. Flint,,,Racing Louisville,Home
2823538839,598,1,2,71,19,966pdxhsoxaib9qt5083h8uus,1,38.5,20.0,2025-06-21T01:39:55.770Z,2025-06-21T01:39:57Z,"[{'id': 5776175073, 'qualifierId': 141, 'value': '44.6'}, {'id': 5776175075, 'qualifierId': 212, 'value': '17.8'}, {'id': 5776175067, 'qualifierId': 152}, {'id': 5776175071, 'qualifierId': 140, 'value': '32.7'}, {'id': 5776175077, 'qualifierId': 213, 'value': '1.92'}, {'id': 5776175065, 'qualifierId': 5}, {'id': 5776175069, 'qualifierId': 56, 'value': 'Back'}]",9yvkpwm78jaqr321imfc3rrbo,E. Sams,,,Orlando Pride,Away
2823538863,599,1,2,71,21,966pdxhsoxaib9qt5083h8uus,1,32.7,44.6,2025-06-21T01:39:57.465Z,2025-06-21T01:40:01Z,"[{'id': 5776175193, 'qualifierId': 212, 'value': '12.5'}, {'id': 5776175191, 'qualifierId': 141, 'value': '61.1'}, {'id': 5776175189, 'qualifierId': 140, 'value': '37.9'}, {'id': 5776175187, 'qualifierId': 56, 'value': 'Back'}, {'id': 5776175195, 'qualifierId': 213, 'value': '1.12'}]",1uf4321zvio3hrwfu4z4jxp7t,K. Nadaner,,,Orlando Pride,Away
2823538883,600,1,2,71,25,966pdxhsoxaib9qt5083h8uus,1,67.7,70.8,2025-06-21T01:40:01.338Z,2025-06-21T01:40:03Z,"[{'id': 5776175277, 'qualifierId': 213, 'value': '1.18'}, {'id': 5776175269, 'qualifierId': 56, 'value': 'Left'}, {'id': 5776175273, 'qualifierId': 141, 'value': '87.6'}, {'id': 5776175271, 'qualifierId': 140, 'value': '72.2'}, {'id': 5776175275, 'qualifierId': 212, 'value': '12.4'}]",dyfsbff9jueyw5jhjou424bo4,K. Abello,,,Orlando Pride,Away
2823538889,601,1,2,71,27,966pdxhsoxaib9qt5083h8uus,0,72.2,87.6,2025-06-21T01:40:03.546Z,2025-06-21T01:40:04Z,"[{'id': 5776175303, 'qualifierId': 141, 'value': '81.2'}, {'id': 5776175307, 'qualifierId': 213, 'value': '5.80'}, {'id': 5776175301, 'qualifierId': 140, 'value': '80.1'}, {'id': 5776175305, 'qualifierId': 212, 'value': '9.4'}, {'id': 5776175299, 'qualifierId': 56, 'value': 'Left'}]",6zvfcc67po0ofvl1twrv13tg5,C. Pickett,,,Orlando Pride,Away
2823538891,511,8,2,71,29,dtucewmt49th1p4selfutmnmc,1,30.5,12.8,2025-06-21T01:40:04.897Z,2025-06-21T01:40:04Z,"[{'id': 5776175309, 'qualifierId': 56, 'value': 'Back'}]",8q0rkr3gz7hz1ssdx3fkro0a2,T. Flint,,,Racing Louisville,Home
2823538897,512,49,2,71,31,dtucewmt49th1p4selfutmnmc,1,29.7,2.6,2025-06-21T01:40:06.961Z,2025-06-21T02:12:39Z,[],9e65qlc7dfjkajyhzhak8sc7p,J. Sonis,,,Racing Louisville,Home
2823538899,513,1,2,71,31,dtucewmt49th1p4selfutmnmc,0,29.7,2.6,2025-06-21T01:40:07.392Z,2025-06-21T02:12:41Z,"[{'id': 5776175337, 'qualifierId': 140, 'value': '32.7'}, {'id': 5776175383, 'qualifierId': 286}, {'id': 5776175379, 'qualifierId': 233, 'value': '602'}, {'id': 5776175341, 'qualifierId': 212, 'value': '3.2'}, {'id': 5776175339, 'qualifierId': 141, 'value': '2.9'}, {'id': 5776175377, 'qualifierId': 236}, {'id': 5776175335, 'qualifierId': 56, 'value': 'Back'}, {'id': 5776175343, 'qualifierId': 213, 'value': '0.06'}]",9e65qlc7dfjkajyhzhak8sc7p,J. Sonis,,,Racing Louisville,Home
2823538907,602,74,2,71,31,966pdxhsoxaib9qt5083h8uus,1,75.1,86.7,2025-06-21T01:40:07.393Z,2025-06-21T02:11:06Z,"[{'id': 5776175375, 'qualifierId': 285}, {'id': 5776175385, 'qualifierId': 233, 'value': '513'}, {'id': 5776175373, 'qualifierId': 56, 'value': 'Left'}]",6fhiz0epsutfcs1xqfhcuomad,M. Gautrat,,,Orlando Pride,Away
2823538925,514,5,2,71,33,dtucewmt49th1p4selfutmnmc,1,32.0,-1.1,2025-06-21T01:40:08.930Z,2025-06-21T02:10:54Z,"[{'id': 5776175485, 'qualifierId': 233, 'value': '603'}, {'id': 5776175467, 'qualifierId': 56, 'value': 'Back'}, {'id': 5776175469, 'qualifierId': 347}]",asfd5wkedz1u29xt37r6or4rt,S. DeMelo,,,Racing Louisville,Home
2823538913,603,5,2,71,33,966pdxhsoxaib9qt5083h8uus,0,68.0,101.1,2025-06-21T01:40:08.930Z,2025-06-21T02:10:55Z,"[{'id': 5776175403, 'qualifierId': 347}, {'id': 5776175401, 'qualifierId': 56, 'value': 'Left'}, {'id': 5776175489, 'qualifierId': 233, 'value': '514'}]",6zvfcc67po0ofvl1twrv13tg5,C. Pickett,,,Orlando Pride,Away
2823538955,515,1,2,71,42,dtucewmt49th1p4selfutmnmc,0,34.9,0.0,2025-06-21T01:40:17.984Z,2025-06-21T01:40:19Z,"[{'id': 5776175647, 'qualifierId': 140, 'value': '57.4'}, {'id': 5776175655, 'qualifierId': 1}, {'id': 5776175651, 'qualifierId': 212, 'value': '25.7'}, {'id': 5776175645, 'qualifierId': 56, 'value': 'Right'}, {'id': 5776175643, 'qualifierId': 107}, {'id': 5776175649, 'qualifierId': 141, 'value': '14.2'}, {'id': 5776175653, 'qualifierId': 213, 'value': '0.41'}]",7hrw0exutge376ai2uf6frw4q,L. Milliet,,,Racing Louisville,Home
2823538961,604,8,2,71,44,966pdxhsoxaib9qt5083h8uus,1,43.4,74.0,2025-06-21T01:40:20.123Z,2025-06-21T01:40:20Z,"[{'id': 5776175671, 'qualifierId': 56, 'value': 'Back'}]",6zvfcc67po0ofvl1twrv13tg5,C. Pickett,,,Orlando Pride,Away
2823538977,516,1,2,71,45,dtucewmt49th1p4selfutmnmc,0,55.8,6.1,2025-06-21T01:40:21.057Z,2025-06-21T01:40:23Z,"[{'id': 5776175773, 'qualifierId': 155}, {'id': 5776175783, 'qualifierId': 213, 'value': '5.90'}, {'id': 5776175779, 'qualifierId': 141, 'value': '0.0'}, {'id': 5776175777, 'qualifierId': 140, 'value': '68.4'}, {'id': 5776175775, 'qualifierId': 56, 'value': 'Right'}, {'id': 5776175781, 'qualifierId': 212, 'value': '14.3'}]",asfd5wkedz1u29xt37r6or4rt,S. DeMelo,,,Racing Louisville,Home
2823538979,517,5,2,71,47,dtucewmt49th1p4selfutmnmc,0,70.4,-1.6,2025-06-21T01:40:23.357Z,2025-06-21T02:10:55Z,"[{'id': 5776175787, 'qualifierId': 347}, {'id': 5776175785, 'qualifierId': 56, 'value': 'Right'}, {'id': 5776176017, 'qualifierId': 233, 'value': '605'}]",asfd5wkedz1u29xt37r6or4rt,S. DeMelo,,,Racing Louisville,Home
2823539019,605,5,2,71,47,966pdxhsoxaib9qt5083h8uus,1,29.6,101.6,2025-06-21T01:40:23.357Z,2025-06-21T02:10:55Z,"[{'id': 5776176003, 'qualifierId': 56, 'value': 'Back'}, {'id': 5776176005, 'qualifierId': 347}, {'id': 5776176013, 'qualifierId': 233, 'value': '517'}]",6zvfcc67po0ofvl1twrv13tg5,C. Pickett,,,Orlando Pride,Away
2823539025,606,1,2,71,54,966pdxhsoxaib9qt5083h8uus,1,14.5,100.0,2025-06-21T01:40:30.410Z,2025-06-21T01:40:31Z,"[{'id': 5776176037, 'qualifierId': 140, 'value': '15.2'}, {'id': 5776176039, 'qualifierId': 141, 'value': '87.2'}, {'id': 5776176041, 'qualifierId': 212, 'value': '8.9'}, {'id': 5776176033, 'qualifierId': 107}, {'id': 5776176043, 'qualifierId': 213, 'value': '4.80'}, {'id': 5776176035, 'qualifierId': 56, 'value': 'Back'}]",dyfsbff9jueyw5jhjou424bo4,K. Abello,,,Orlando Pride,Away
2823539049,607,1,2,71,55,966pdxhsoxaib9qt5083h8uus,1,16.6,84.5,2025-06-21T01:40:31.513Z,2025-06-21T01:40:36Z,"[{'id': 5776176175, 'qualifierId': 141, 'value': '53.9'}, {'id': 5776176171, 'qualifierId': 56, 'value': 'Back'}, {'id': 5776176179, 'qualifierId': 213, 'value': '5.07'}, {'id': 5776176177, 'qualifierId': 212, 'value': '22.2'}, {'id': 5776176173, 'qualifierId': 140, 'value': '24.0'}]",1uf4321zvio3hrwfu4z4jxp7t,K. Nadaner,,,Orlando Pride,Away
2823539065,608,1,2,72,0,966pdxhsoxaib9qt5083h8uus,1,27.5,46.3,2025-06-21T01:40:36.185Z,2025-06-21T01:40:38Z,"[{'id': 5776176271, 'qualifierId': 56, 'value': 'Back'}, {'id': 5776176275, 'qualifierId': 141, 'value': '56.9'}, {'id': 5776176273, 'qualifierId': 140, 'value': '28.5'}, {'id': 5776176279, 'qualifierId': 213, 'value': '1.43'}, {'id': 5776176277, 'qualifierId': 212, 'value': '7.3'}]",9yvkpwm78jaqr321imfc3rrbo,E. Sams,,,Orlando Pride,Away
2823539079,609,1,2,72,2,966pdxhsoxaib9qt5083h8uus,1,29.0,57.2,2025-06-21T01:40:38.330Z,2025-06-21T01:40:41Z,"[{'id': 5776176347, 'qualifierId': 141, 'value': '42.4'}, {'id': 5776176349, 'qualifierId': 212, 'value': '13.0'}, {'id': 5776176343, 'qualifierId': 56, 'value': 'Back'}, {'id': 5776176345, 'qualifierId': 140, 'value': '36.8'}, {'id': 5776176351, 'qualifierId': 213, 'value': '5.40'}]",1uf4321zvio3hrwfu4z4jxp7t,K. Nadaner,,,Orlando Pride,Away
2823539099,610,1,2,72,5,966pdxhsoxaib9qt5083h8uus,1,37.4,39.2,2025-06-21T01:40:41.225Z,2025-06-21T01:40:46Z,"[{'id': 5776176467, 'qualifierId': 213, 'value': '6.00'}, {'id': 5776176465, 'qualifierId': 212, 'value': '14.8'}, {'id': 5776176459, 'qualifierId': 56, 'value': 'Center'}, {'id': 5776176461, 'qualifierId': 140, 'value': '50.9'}, {'id': 5776176463, 'qualifierId': 141, 'value': '33.1'}]",6uui5rxnfn6y5rkcsbuloiui,A. Lemos,,,Orlando Pride,Away
2823539113,611,1,2,72,10,966pdxhsoxaib9qt5083h8uus,1,50.9,33.1,2025-06-21T01:40:45.945Z,2025-06-21T01:40:48Z,"[{'id': 5776176565, 'qualifierId': 56, 'value': 'Center'}, {'id': 5776176573, 'qualifierId': 213, 'value': '1.06'}, {'id': 5776176571, 'qualifierId': 212, 'value': '8.9'}, {'id': 5776176567, 'qualifierId': 140, 'value': '55.0'}, {'id': 5776176569, 'qualifierId': 141, 'value': '44.5'}]",13mfu77eipda4tqe1grek3a7e,S. Jackson,,,Orlando Pride,Away
2823539117,612,61,2,72,10,966pdxhsoxaib9qt5083h8uus,0,55.0,44.5,2025-06-21T01:40:46.633Z,2025-06-21T02:05:32Z,"[{'id': 5776176581, 'qualifierId': 56, 'value': 'Center'}]",6fhiz0epsutfcs1xqfhcuomad,M. Gautrat,,,Orlando Pride,Away
2823539103,518,49,2,72,10,dtucewmt49th1p4selfutmnmc,1,46.9,49.6,2025-06-21T01:40:46.690Z,2025-06-21T01:40:46Z,[],asfd5wkedz1u29xt37r6or4rt,S. DeMelo,,,Racing Louisville,Home
2823539115,519,3,2,72,12,dtucewmt49th1p4selfutmnmc,0,49.6,47.0,2025-06-21T01:40:48.353Z,2025-06-21T02:11:10Z,"[{'id': 5776176665, 'qualifierId': 233, 'value': '613'}, {'id': 5776176579, 'qualifierId': 286}, {'id': 5776176577, 'qualifierId': 56, 'value': 'Back'}]",asfd5wkedz1u29xt37r6or4rt,S. DeMelo,,,Racing Louisville,Home
2823539125,613,7,2,72,12,966pdxhsoxaib9qt5083h8uus,1,50.4,53.0,2025-06-21T01:40:48.354Z,2025-06-21T02:11:10Z,"[{'id': 5776176647, 'qualifierId': 233, 'value': '519'}, {'id': 5776176631, 'qualifierId': 285}, {'id': 5776176629, 'qualifierId': 56, 'value': 'Center'}]",23nuijdnnuiwzkd5cf7jbyajt,Angelina,,,Orlando Pride,Away
2823539129,614,49,2,72,15,966pdxhsoxaib9qt5083h8uus,1,55.3,51.6,2025-06-21T01:40:51.209Z,2025-06-21T01:40:51Z,[],23nuijdnnuiwzkd5cf7jbyajt,Angelina,,,Orlando Pride,Away
2823539141,615,1,2,72,15,966pdxhsoxaib9qt5083h8uus,1,55.3,51.6,2025-06-21T01:40:51.625Z,2025-06-21T01:40:53Z,"[{'id': 5776176729, 'qualifierId': 140, 'value': '67.4'}, {'id': 5776176727, 'qualifierId': 56, 'value': 'Center'}, {'id': 5776176733, 'qualifierId': 212, 'value': '12.8'}, {'id': 5776176735, 'qualifierId': 213, 'value': '0.12'}, {'id': 5776176731, 'qualifierId': 141, 'value': '53.9'}]",23nuijdnnuiwzkd5cf7jbyajt,Angelina,,,Orlando Pride,Away
2823539157,616,1,2,72,17,966pdxhsoxaib9qt5083h8uus,1,68.0,52.7,2025-06-21T01:40:53.258Z,2025-06-21T01:40:56Z,"[{'id': 5776176815, 'qualifierId': 141, 'value': '36.4'}, {'id': 5776176811, 'qualifierId': 56, 'value': 'Center'}, {'id': 5776176819, 'qualifierId': 213, 'value': '5.07'}, {'id': 5776176817, 'qualifierId': 212, 'value': '11.8'}, {'id': 5776176813, 'qualifierId': 140, 'value': '71.9'}]",e2obgph6szyo04em3qr94g1qt,B. Banda,,,Orlando Pride,Away
2823539177,617,1,2,72,20,966pdxhsoxaib9qt5083h8uus,1,72.4,36.4,2025-06-21T01:40:56.649Z,2025-06-21T01:41:01Z,"[{'id': 5776176927, 'qualifierId': 141, 'value': '32.8'}, {'id': 5776176929, 'qualifierId': 212, 'value': '5.4'}, {'id': 5776176923, 'qualifierId': 56, 'value': 'Center'}, {'id': 5776176931, 'qualifierId': 213, 'value': '3.61'}, {'id': 5776176925, 'qualifierId': 140, 'value': '67.8'}]",13mfu77eipda4tqe1grek3a7e,S. Jackson,,,Orlando Pride,Away
2823539185,618,1,2,72,25,966pdxhsoxaib9qt5083h8uus,1,68.9,34.6,2025-06-21T01:41:01.577Z,2025-06-21T01:41:04Z,"[{'id': 5776176977, 'qualifierId': 212, 'value': '9.5'}, {'id': 5776176979, 'qualifierId': 213, 'value': '1.47'}, {'id': 5776176973, 'qualifierId': 140, 'value': '69.8'}, {'id': 5776176975, 'qualifierId': 141, 'value': '48.5'}, {'id': 5776176971, 'qualifierId': 56, 'value': 'Center'}]",9yvkpwm78jaqr321imfc3rrbo,E. Sams,,,Orlando Pride,Away
2823539193,619,1,2,72,28,966pdxhsoxaib9qt5083h8uus,1,69.8,48.5,2025-06-21T01:41:04.249Z,2025-06-21T01:41:04Z,"[{'id': 5776177009, 'qualifierId': 56, 'value': 'Center'}, {'id': 5776177017, 'qualifierId': 213, 'value': '1.31'}, {'id': 5776177015, 'qualifierId': 212, 'value': '11.5'}, {'id': 5776177011, 'qualifierId': 140, 'value': '72.6'}, {'id': 5776177013, 'qualifierId': 141, 'value': '64.8'}]",6uui5rxnfn6y5rkcsbuloiui,A. Lemos,,,Orlando Pride,Away
2823539195,620,1,2,72,29,966pdxhsoxaib9qt5083h8uus,1,72.7,65.6,2025-06-21T01:41:04.889Z,2025-06-21T01:41:06Z,"[{'id': 5776177023, 'qualifierId': 140, 'value': '75.1'}, {'id': 5776177029, 'qualifierId': 213, 'value': '1.05'}, {'id': 5776177027, 'qualifierId': 212, 'value': '5.0'}, {'id': 5776177021, 'qualifierId': 56, 'value': 'Center'}, {'id': 5776177025, 'qualifierId': 141, 'value': '72.0'}]",dyfsbff9jueyw5jhjou424bo4,K. Abello,,,Orlando Pride,Away
2823539201,621,1,2,72,30,966pdxhsoxaib9qt5083h8uus,1,78.1,81.3,2025-06-21T01:41:06.010Z,2025-06-21T01:41:07Z,"[{'id': 5776177073, 'qualifierId': 141, 'value': '72.0'}, {'id': 5776177075, 'qualifierId': 212, 'value': '6.3'}, {'id': 5776177071, 'qualifierId': 140, 'value': '78.6'}, {'id': 5776177077, 'qualifierId': 213, 'value': '4.80'}, {'id': 5776177069, 'qualifierId': 56, 'value': 'Center'}]",6zvfcc67po0ofvl1twrv13tg5,C. Pickett,,,Orlando Pride,Away
2823539215,622,1,2,72,31,966pdxhsoxaib9qt5083h8uus,1,78.6,72.0,2025-06-21T01:41:07.417Z,2025-06-21T02:06:01Z,"[{'id': 5776177127, 'qualifierId': 213, 'value': '2.03'}, {'id': 5776177123, 'qualifierId': 141, 'value': '76.4'}, {'id': 5776177119, 'qualifierId': 56, 'value': 'Center'}, {'id': 5776177121, 'qualifierId': 140, 'value': '77.2'}, {'id': 5776177125, 'qualifierId': 212, 'value': '3.3'}]",6fhiz0epsutfcs1xqfhcuomad,M. Gautrat,,,Orlando Pride,Away
2823539217,623,1,2,72,33,966pdxhsoxaib9qt5083h8uus,1,77.2,75.9,2025-06-21T01:41:09.593Z,2025-06-21T01:41:10Z,"[{'id': 5776177141, 'qualifierId': 213, 'value': '2.73'}, {'id': 5776177139, 'qualifierId': 212, 'value': '2.9'}, {'id': 5776177137, 'qualifierId': 141, 'value': '77.6'}, {'id': 5776177133, 'qualifierId': 56, 'value': 'Center'}, {'id': 5776177135, 'qualifierId': 140, 'value': '74.7'}]",dyfsbff9jueyw5jhjou424bo4,K. Abello,,,Orlando Pride,Away
2823539219,624,1,2,72,34,966pdxhsoxaib9qt5083h8uus,0,74.5,77.6,2025-06-21T01:41:10.361Z,2025-06-21T01:41:11Z,"[{'id': 5776177185, 'qualifierId': 141, 'value': '100.0'}, {'id': 5776177181, 'qualifierId': 56, 'value': 'Left'}, {'id': 5776177189, 'qualifierId': 213, 'value': '1.33'}, {'id': 5776177187, 'qualifierId': 212, 'value': '16.0'}, {'id': 5776177183, 'qualifierId': 140, 'value': '78.2'}]",23nuijdnnuiwzkd5cf7jbyajt,Angelina,,,Orlando Pride,Away
2823539289,520,5,2,72,35,dtucewmt49th1p4selfutmnmc,1,21.8,-0.7,2025-06-21T01:41:11.077Z,2025-06-21T02:10:55Z,"[{'id': 5776177631, 'qualifierId': 233, 'value': '625'}, {'id': 5776177617, 'qualifierId': 56, 'value': 'Back'}, {'id': 5776177619, 'qualifierId': 347}]",7hrw0exutge376ai2uf6frw4q,L. Milliet,,,Racing Louisville,Home
2823539223,625,5,2,72,35,966pdxhsoxaib9qt5083h8uus,0,78.2,100.7,2025-06-21T01:41:11.077Z,2025-06-21T02:10:56Z,"[{'id': 5776177637, 'qualifierId': 233, 'value': '520'}, {'id': 5776177201, 'qualifierId': 347}, {'id': 5776177199, 'qualifierId': 56, 'value': 'Left'}]",23nuijdnnuiwzkd5cf7jbyajt,Angelina,,,Orlando Pride,Away
2823539317,521,1,2,72,58,dtucewmt49th1p4selfutmnmc,1,24.4,0.0,2025-06-21T01:41:34.210Z,2025-06-21T01:41:36Z,"[{'id': 5776177835, 'qualifierId': 213, 'value': '0.44'}, {'id': 5776177825, 'qualifierId': 107}, {'id': 5776177831, 'qualifierId': 141, 'value': '10.0'}, {'id': 5776177833, 'qualifierId': 212, 'value': '17.3'}, {'id': 5776177829, 'qualifierId': 140, 'value': '39.3'}, {'id': 5776177827, 'qualifierId': 56, 'value': 'Back'}]",7hrw0exutge376ai2uf6frw4q,L. Milliet,,,Racing Louisville,Home
2823539321,522,3,2,73,0,dtucewmt49th1p4selfutmnmc,0,40.2,9.8,2025-06-21T01:41:36.402Z,2025-06-21T01:41:41Z,"[{'id': 5776177849, 'qualifierId': 56, 'value': 'Back'}, {'id': 5776177853, 'qualifierId': 211}, {'id': 5776177851, 'qualifierId': 286}]",aoa88ulpguvr42b0a1jn8dfys,S. Weber,,,Racing Louisville,Home
2823539329,626,49,2,73,2,966pdxhsoxaib9qt5083h8uus,1,66.6,84.2,2025-06-21T01:41:38.362Z,2025-06-21T01:41:38Z,[],1uf4321zvio3hrwfu4z4jxp7t,K. Nadaner,,,Orlando Pride,Away
2823539331,523,83,2,73,2,dtucewmt49th1p4selfutmnmc,0,38.7,12.7,2025-06-21T01:41:38.706Z,2025-06-21T01:41:40Z,"[{'id': 5776177971, 'qualifierId': 399, 'value': '1uf4321zvio3hrwfu4z4jxp7t'}]",aoa88ulpguvr42b0a1jn8dfys,S. Weber,,,Racing Louisville,Home
2823539339,627,1,2,73,2,966pdxhsoxaib9qt5083h8uus,1,66.0,84.5,2025-06-21T01:41:38.817Z,2025-06-21T01:41:40Z,"[{'id': 5776177947, 'qualifierId': 213, 'value': '5.43'}, {'id': 5776177941, 'qualifierId': 140, 'value': '69.5'}, {'id': 5776177939, 'qualifierId': 56, 'value': 'Center'}, {'id': 5776177945, 'qualifierId': 212, 'value': '5.6'}, {'id': 5776177943, 'qualifierId': 141, 'value': '78.3'}]",1uf4321zvio3hrwfu4z4jxp7t,K. Nadaner,,,Orlando Pride,Away
2823539341,628,1,2,73,4,966pdxhsoxaib9qt5083h8uus,1,69.5,78.3,2025-06-21T01:41:39.994Z,2025-06-21T01:41:40Z,"[{'id': 5776177959, 'qualifierId': 141, 'value': '84.6'}, {'id': 5776177961, 'qualifierId': 212, 'value': '7.6'}, {'id': 5776177955, 'qualifierId': 56, 'value': 'Left'}, {'id': 5776177963, 'qualifierId': 213, 'value': '2.54'}, {'id': 5776177957, 'qualifierId': 140, 'value': '63.5'}]",23nuijdnnuiwzkd5cf7jbyajt,Angelina,,,Orlando Pride,Away
2823539361,629,1,2,73,4,966pdxhsoxaib9qt5083h8uus,1,63.5,84.6,2025-06-21T01:41:40.826Z,2025-06-21T01:41:43Z,"[{'id': 5776178073, 'qualifierId': 213, 'value': '4.37'}, {'id': 5776178065, 'qualifierId': 56, 'value': 'Center'}, {'id': 5776178069, 'qualifierId': 141, 'value': '67.5'}, {'id': 5776178067, 'qualifierId': 140, 'value': '59.6'}, {'id': 5776178071, 'qualifierId': 212, 'value': '12.3'}]",1uf4321zvio3hrwfu4z4jxp7t,K. Nadaner,,,Orlando Pride,Away
2823539377,630,1,2,73,7,966pdxhsoxaib9qt5083h8uus,1,59.3,61.5,2025-06-21T01:41:43.049Z,2025-06-21T01:41:46Z,"[{'id': 5776178183, 'qualifierId': 212, 'value': '8.7'}, {'id': 5776178177, 'qualifierId': 56, 'value': 'Center'}, {'id': 5776178179, 'qualifierId': 140, 'value': '59.0'}, {'id': 5776178185, 'qualifierId': 213, 'value': '1.61'}, {'id': 5776178181, 'qualifierId': 141, 'value': '74.3'}]",9yvkpwm78jaqr321imfc3rrbo,E. Sams,,,Orlando Pride,Away
2823539389,631,1,2,73,10,966pdxhsoxaib9qt5083h8uus,1,59.0,74.3,2025-06-21T01:41:46.041Z,2025-06-21T01:41:48Z,"[{'id': 5776178267, 'qualifierId': 213, 'value': '5.45'}, {'id': 5776178265, 'qualifierId': 212, 'value': '7.5'}, {'id': 5776178259, 'qualifierId': 56, 'value': 'Center'}, {'id': 5776178261, 'qualifierId': 140, 'value': '63.8'}, {'id': 5776178263, 'qualifierId': 141, 'value': '66.2'}]",1uf4321zvio3hrwfu4z4jxp7t,K. Nadaner,,,Orlando Pride,Away
2823539391,632,50,2,73,12,966pdxhsoxaib9qt5083h8uus,1,61.3,73.0,2025-06-21T01:41:48.378Z,2025-06-21T01:41:54Z,"[{'id': 5776178339, 'qualifierId': 233, 'value': '524'}, {'id': 5776178277, 'qualifierId': 286}, {'id': 5776178275, 'qualifierId': 56, 'value': 'Center'}]",23nuijdnnuiwzkd5cf7jbyajt,Angelina,,,Orlando Pride,Away
2823539399,524,7,2,73,12,dtucewmt49th1p4selfutmnmc,0,38.7,27.0,2025-06-21T01:41:48.379Z,2025-06-21T01:41:55Z,"[{'id': 5776178309, 'qualifierId': 56, 'value': 'Back'}, {'id': 5776178311, 'qualifierId': 285}, {'id': 5776178325, 'qualifierId': 233, 'value': '632'}]",1mym43khm3hlhzbj42tbnjlec,K. O'Kane,,,Racing Louisville,Home
2823539407,633,1,2,73,14,966pdxhsoxaib9qt5083h8uus,1,63.3,72.2,2025-06-21T01:41:49.913Z,2025-06-21T01:41:52Z,"[{'id': 5776178365, 'qualifierId': 140, 'value': '67.9'}, {'id': 5776178371, 'qualifierId': 213, 'value': '1.02'}, {'id': 5776178369, 'qualifierId': 212, 'value': '9.2'}, {'id': 5776178367, 'qualifierId': 141, 'value': '83.7'}, {'id': 5776178363, 'qualifierId': 56, 'value': 'Left'}]",1uf4321zvio3hrwfu4z4jxp7t,K. Nadaner,,,Orlando Pride,Away
2823539437,634,1,2,73,16,966pdxhsoxaib9qt5083h8uus,1,67.9,84.2,2025-06-21T01:41:52.457Z,2025-06-21T01:41:58Z,"[{'id': 5776178537, 'qualifierId': 213, 'value': '0.07'}, {'id': 5776178529, 'qualifierId': 56, 'value': 'Left'}, {'id': 5776178535, 'qualifierId': 212, 'value': '23.6'}, {'id': 5776178531, 'qualifierId': 140, 'value': '90.3'}, {'id': 5776178533, 'qualifierId': 141, 'value': '86.7'}]",dyfsbff9jueyw5jhjou424bo4,K. Abello,,,Orlando Pride,Away
2823539445,635,1,2,73,22,966pdxhsoxaib9qt5083h8uus,0,91.7,91.4,2025-06-21T01:41:58.281Z,2025-06-21T01:41:59Z,"[{'id': 5776178599, 'qualifierId': 233, 'value': '525'}, {'id': 5776178569, 'qualifierId': 56, 'value': 'Left'}, {'id': 5776178577, 'qualifierId': 213, 'value': '3.55'}, {'id': 5776178597, 'qualifierId': 236}, {'id': 5776178575, 'qualifierId': 212, 'value': '4.1'}, {'id': 5776178571, 'qualifierId': 140, 'value': '88.1'}, {'id': 5776178603, 'qualifierId': 286}, {'id': 5776178573, 'qualifierId': 141, 'value': '89.0'}]",e2obgph6szyo04em3qr94g1qt,B. Banda,,,Orlando Pride,Away
2823539447,525,74,2,73,22,dtucewmt49th1p4selfutmnmc,1,14.8,4.3,2025-06-21T01:41:58.282Z,2025-06-21T02:11:06Z,"[{'id': 5776178583, 'qualifierId': 285}, {'id': 5776178605, 'qualifierId': 233, 'value': '635'}, {'id': 5776178581, 'qualifierId': 56, 'value': 'Back'}]",7hrw0exutge376ai2uf6frw4q,L. Milliet,,,Racing Louisville,Home
2823539453,526,5,2,73,24,dtucewmt49th1p4selfutmnmc,0,12.2,-0.8,2025-06-21T01:42:00.601Z,2025-06-21T02:10:56Z,"[{'id': 5776178693, 'qualifierId': 233, 'value': '636'}, {'id': 5776178627, 'qualifierId': 56, 'value': 'Back'}, {'id': 5776178629, 'qualifierId': 347}]",7hrw0exutge376ai2uf6frw4q,L. Milliet,,,Racing Louisville,Home
2823539459,636,5,2,73,24,966pdxhsoxaib9qt5083h8uus,1,87.8,100.8,2025-06-21T01:42:00.601Z,2025-06-21T02:10:56Z,"[{'id': 5776178689, 'qualifierId': 233, 'value': '526'}, {'id': 5776178669, 'qualifierId': 56, 'value': 'Left'}, {'id': 5776178671, 'qualifierId': 347}]",e2obgph6szyo04em3qr94g1qt,B. Banda,,,Orlando Pride,Away
2823539467,637,1,2,73,28,966pdxhsoxaib9qt5083h8uus,1,86.3,100.0,2025-06-21T01:42:04.233Z,2025-06-21T01:42:05Z,"[{'id': 5776178731, 'qualifierId': 212, 'value': '8.8'}, {'id': 5776178725, 'qualifierId': 56, 'value': 'Left'}, {'id': 5776178723, 'qualifierId': 107}, {'id': 5776178729, 'qualifierId': 141, 'value': '88.2'}, {'id': 5776178727, 'qualifierId': 140, 'value': '83.7'}, {'id': 5776178733, 'qualifierId': 213, 'value': '4.40'}]",dyfsbff9jueyw5jhjou424bo4,K. Abello,,,Orlando Pride,Away
2823539495,638,1,2,73,29,966pdxhsoxaib9qt5083h8uus,1,83.7,88.1,2025-06-21T01:42:05.849Z,2025-06-21T01:42:11Z,"[{'id': 5776178877, 'qualifierId': 213, 'value': '0.66'}, {'id': 5776178869, 'qualifierId': 56, 'value': 'Left'}, {'id': 5776178873, 'qualifierId': 141, 'value': '91.8'}, {'id': 5776178875, 'qualifierId': 212, 'value': '4.1'}, {'id': 5776178871, 'qualifierId': 140, 'value': '86.8'}]",6zvfcc67po0ofvl1twrv13tg5,C. Pickett,,,Orlando Pride,Away
2823539481,527,83,2,73,33,dtucewmt49th1p4selfutmnmc,0,12.2,10.6,2025-06-21T01:42:09.151Z,2025-06-21T01:42:12Z,"[{'id': 5776178947, 'qualifierId': 399, 'value': 'dyfsbff9jueyw5jhjou424bo4'}]",8q0rkr3gz7hz1ssdx3fkro0a2,T. Flint,,,Racing Louisville,Home
2823539499,639,1,2,73,35,966pdxhsoxaib9qt5083h8uus,0,93.2,90.5,2025-06-21T01:42:11.401Z,2025-06-21T01:42:13Z,"[{'id': 5776178901, 'qualifierId': 2}, {'id': 5776178905, 'qualifierId': 56, 'value': 'Center'}, {'id': 5776178909, 'qualifierId': 141, 'value': '68.6'}, {'id': 5776178913, 'qualifierId': 213, 'value': '4.33'}, {'id': 5776178911, 'qualifierId': 212, 'value': '16.0'}, {'id': 5776178907, 'qualifierId': 140, 'value': '87.5'}]",dyfsbff9jueyw5jhjou424bo4,K. Abello,,,Orlando Pride,Away
2823539513,528,12,2,73,37,dtucewmt49th1p4selfutmnmc,1,14.1,35.0,2025-06-21T01:42:13.396Z,2025-06-21T02:11:55Z,"[{'id': 5776178991, 'qualifierId': 56, 'value': 'Back'}, {'id': 5776178995, 'qualifierId': 141, 'value': '26.9'}, {'id': 5776178993, 'qualifierId': 140, 'value': '11.4'}, {'id': 5776178999, 'qualifierId': 213, 'value': '4.24'}, {'id': 5776178997, 'qualifierId': 212, 'value': '6.2'}]",asfd5wkedz1u29xt37r6or4rt,S. DeMelo,,,Racing Louisville,Home
2823539527,640,1,2,73,38,966pdxhsoxaib9qt5083h8uus,1,85.9,69.6,2025-06-21T01:42:14.873Z,2025-06-21T01:42:17Z,"[{'id': 5776179067, 'qualifierId': 213, 'value': '3.69'}, {'id': 5776179063, 'qualifierId': 141, 'value': '62.1'}, {'id': 5776179059, 'qualifierId': 56, 'value': 'Center'}, {'id': 5776179065, 'qualifierId': 212, 'value': '9.8'}, {'id': 5776179061, 'qualifierId': 140, 'value': '77.9'}]",6fhiz0epsutfcs1xqfhcuomad,M. Gautrat,,,Orlando Pride,Away
2823539539,641,1,2,73,41,966pdxhsoxaib9qt5083h8uus,1,76.3,59.3,2025-06-21T01:42:17.657Z,2025-06-21T01:42:19Z,"[{'id': 5776179113, 'qualifierId': 212, 'value': '9.2'}, {'id': 5776179109, 'qualifierId': 140, 'value': '78.3'}, {'id': 5776179115, 'qualifierId': 213, 'value': '1.34'}, {'id': 5776179107, 'qualifierId': 56, 'value': 'Center'}, {'id': 5776179111, 'qualifierId': 141, 'value': '72.5'}]",6uui5rxnfn6y5rkcsbuloiui,A. Lemos,,,Orlando Pride,Away
2823539549,642,1,2,73,43,966pdxhsoxaib9qt5083h8uus,0,78.6,69.0,2025-06-21T01:42:19.834Z,2025-06-21T01:42:21Z,"[{'id': 5776179177, 'qualifierId': 212, 'value': '16.5'}, {'id': 5776179169, 'qualifierId': 155}, {'id': 5776179173, 'qualifierId': 140, 'value': '86.3'}, {'id': 5776179179, 'qualifierId': 213, 'value': '5.23'}, {'id': 5776179171, 'qualifierId': 56, 'value': 'Center'}, {'id': 5776179175, 'qualifierId': 141, 'value': '47.9'}]",23nuijdnnuiwzkd5cf7jbyajt,Angelina,,,Orlando Pride,Away
2823539569,529,12,2,73,46,dtucewmt49th1p4selfutmnmc,1,6.3,56.7,2025-06-21T01:42:22.035Z,2025-06-21T01:42:27Z,"[{'id': 5776179267, 'qualifierId': 140, 'value': '12.0'}, {'id': 5776179269, 'qualifierId': 141, 'value': '36.8'}, {'id': 5776179271, 'qualifierId': 212, 'value': '14.8'}, {'id': 5776179273, 'qualifierId': 213, 'value': '5.13'}, {'id': 5776179265, 'qualifierId': 56, 'value': 'Back'}]",2x4vbu3htfozzwd8g7bdxeacp,C. Petersen,,,Racing Louisville,Home
2823539577,530,12,2,73,48,dtucewmt49th1p4selfutmnmc,1,12.0,36.8,2025-06-21T01:42:24.019Z,2025-06-21T01:42:27Z,"[{'id': 5776179327, 'qualifierId': 213, 'value': '0.32'}, {'id': 5776179323, 'qualifierId': 141, 'value': '45.5'}, {'id': 5776179325, 'qualifierId': 212, 'value': '18.8'}, {'id': 5776179319, 'qualifierId': 56, 'value': 'Back'}, {'id': 5776179321, 'qualifierId': 140, 'value': '29.0'}]",7hrw0exutge376ai2uf6frw4q,L. Milliet,,,Racing Louisville,Home
2823539593,643,1,2,73,50,966pdxhsoxaib9qt5083h8uus,1,71.1,57.6,2025-06-21T01:42:26.377Z,2025-06-21T01:42:29Z,"[{'id': 5776179425, 'qualifierId': 141, 'value': '45.2'}, {'id': 5776179421, 'qualifierId': 56, 'value': 'Center'}, {'id': 5776179429, 'qualifierId': 213, 'value': '4.85'}, {'id': 5776179427, 'qualifierId': 212, 'value': '8.5'}, {'id': 5776179423, 'qualifierId': 140, 'value': '72.2'}]",1uf4321zvio3hrwfu4z4jxp7t,K. Nadaner,,,Orlando Pride,Away
2823539609,644,1,2,73,53,966pdxhsoxaib9qt5083h8uus,1,75.5,36.2,2025-06-21T01:42:29.529Z,2025-06-21T01:42:33Z,"[{'id': 5776179489, 'qualifierId': 56, 'value': 'Right'}, {'id': 5776179497, 'qualifierId': 213, 'value': '5.27'}, {'id': 5776179491, 'qualifierId': 140, 'value': '85.0'}, {'id': 5776179495, 'qualifierId': 212, 'value': '18.8'}, {'id': 5776179493, 'qualifierId': 141, 'value': '12.8'}]",9yvkpwm78jaqr321imfc3rrbo,E. Sams,,,Orlando Pride,Away
2823539613,645,1,2,73,57,966pdxhsoxaib9qt5083h8uus,0,82.0,17.9,2025-06-21T01:42:33.257Z,2025-06-21T01:42:34Z,"[{'id': 5776179539, 'qualifierId': 213, 'value': '1.01'}, {'id': 5776179537, 'qualifierId': 212, 'value': '13.8'}, {'id': 5776179533, 'qualifierId': 140, 'value': '89.0'}, {'id': 5776179535, 'qualifierId': 141, 'value': '35.0'}, {'id': 5776179531, 'qualifierId': 56, 'value': 'Center'}]",eigt6t2rj0k98zt1isqrvtvqh,A. Watt,,,Orlando Pride,Away
2823539621,531,12,2,73,59,dtucewmt49th1p4selfutmnmc,1,14.2,67.8,2025-06-21T01:42:35.300Z,2025-06-21T01:42:37Z,"[{'id': 5776179587, 'qualifierId': 213, 'value': '0.98'}, {'id': 5776179579, 'qualifierId': 56, 'value': 'Back'}, {'id': 5776179583, 'qualifierId': 141, 'value': '80.7'}, {'id': 5776179585, 'qualifierId': 212, 'value': '10.6'}, {'id': 5776179581, 'qualifierId': 140, 'value': '19.8'}]",2x4vbu3htfozzwd8g7bdxeacp,C. Petersen,,,Racing Louisville,Home
2823539623,532,12,2,74,1,dtucewmt49th1p4selfutmnmc,1,19.8,80.7,2025-06-21T01:42:37.524Z,2025-06-21T01:42:38Z,"[{'id': 5776179597, 'qualifierId': 213, 'value': '1.84'}, {'id': 5776179589, 'qualifierId': 56, 'value': 'Back'}, {'id': 5776179593, 'qualifierId': 141, 'value': '100.0'}, {'id': 5776179591, 'qualifierId': 140, 'value': '16.0'}, {'id': 5776179607, 'qualifierId': 167}, {'id': 5776179595, 'qualifierId': 212, 'value': '15.0'}]",1mym43khm3hlhzbj42tbnjlec,K. O'Kane,,,Racing Louisville,Home
2823539625,533,5,2,74,2,dtucewmt49th1p4selfutmnmc,0,14.2,102.0,2025-06-21T01:42:38.113Z,2025-06-21T02:10:57Z,"[{'id': 5776179601, 'qualifierId': 347}, {'id': 5776179599, 'qualifierId': 56, 'value': 'Back'}, {'id': 5776179771, 'qualifierId': 233, 'value': '646'}]",1mym43khm3hlhzbj42tbnjlec,K. O'Kane,,,Racing Louisville,Home
2823539643,646,5,2,74,2,966pdxhsoxaib9qt5083h8uus,1,85.8,-2.0,2025-06-21T01:42:38.113Z,2025-06-21T02:10:56Z,"[{'id': 5776179749, 'qualifierId': 56, 'value': 'Right'}, {'id': 5776179751, 'qualifierId': 347}, {'id': 5776179767, 'qualifierId': 233, 'value': '533'}]",eigt6t2rj0k98zt1isqrvtvqh,A. Watt,,,Orlando Pride,Away
2823539649,647,1,2,74,7,966pdxhsoxaib9qt5083h8uus,1,88.8,0.0,2025-06-21T01:42:43.545Z,2025-06-21T01:43:53Z,"[{'id': 5776179807, 'qualifierId': 141, 'value': '10.3'}, {'id': 5776179811, 'qualifierId': 213, 'value': '1.97'}, {'id': 5776179809, 'qualifierId': 212, 'value': '9.1'}, {'id': 5776179803, 'qualifierId': 56, 'value': 'Right'}, {'id': 5776179805, 'qualifierId': 140, 'value': '85.4'}, {'id': 5776179801, 'qualifierId': 107}]",9yvkpwm78jaqr321imfc3rrbo,E. Sams,,,Orlando Pride,Away
2823539653,648,1,2,74,10,966pdxhsoxaib9qt5083h8uus,0,84.1,13.3,2025-06-21T01:42:46.234Z,2025-06-21T01:42:47Z,"[{'id': 5776179825, 'qualifierId': 212, 'value': '19.5'}, {'id': 5776179817, 'qualifierId': 155}, {'id': 5776179819, 'qualifierId': 56, 'value': 'Center'}, {'id': 5776179821, 'qualifierId': 140, 'value': '90.4'}, {'id': 5776179827, 'qualifierId': 213, 'value': '1.22'}, {'id': 5776179823, 'qualifierId': 141, 'value': '40.3'}, {'id': 5776179815, 'qualifierId': 2}]",eigt6t2rj0k98zt1isqrvtvqh,A. Watt,,,Orlando Pride,Away
2823539671,534,12,2,74,11,dtucewmt49th1p4selfutmnmc,1,13.8,64.2,2025-06-21T01:42:47.237Z,2025-06-21T01:42:58Z,"[{'id': 5776179945, 'qualifierId': 56, 'value': 'Back'}, {'id': 5776179951, 'qualifierId': 212, 'value': '44.8'}, {'id': 5776180073, 'qualifierId': 167}, {'id': 5776179955, 'qualifierId': 15}, {'id': 5776179947, 'qualifierId': 140, 'value': '4.6'}, {'id': 5776179953, 'qualifierId': 213, 'value': '4.50'}, {'id': 5776179949, 'qualifierId': 141, 'value': '0.0'}]",8q0rkr3gz7hz1ssdx3fkro0a2,T. Flint,,,Racing Louisville,Home
2823539677,535,5,2,74,19,dtucewmt49th1p4selfutmnmc,0,6.9,-1.0,2025-06-21T01:42:55.045Z,2025-06-21T02:10:57Z,"[{'id': 5776180013, 'qualifierId': 347}, {'id': 5776180231, 'qualifierId': 233, 'value': '649'}, {'id': 5776180011, 'qualifierId': 56, 'value': 'Back'}]",8q0rkr3gz7hz1ssdx3fkro0a2,T. Flint,,,Racing Louisville,Home
2823539721,649,5,2,74,19,966pdxhsoxaib9qt5083h8uus,1,93.1,101.0,2025-06-21T01:42:55.045Z,2025-06-21T02:10:57Z,"[{'id': 5776180215, 'qualifierId': 233, 'value': '535'}, {'id': 5776180197, 'qualifierId': 56, 'value': 'Left'}, {'id': 5776180199, 'qualifierId': 347}]",eigt6t2rj0k98zt1isqrvtvqh,A. Watt,,,Orlando Pride,Away
2823539725,650,1,2,74,35,966pdxhsoxaib9qt5083h8uus,1,87.1,100.0,2025-06-21T01:43:11.513Z,2025-06-21T01:43:12Z,"[{'id': 5776180245, 'qualifierId': 141, 'value': '89.3'}, {'id': 5776180241, 'qualifierId': 56, 'value': 'Left'}, {'id': 5776180239, 'qualifierId': 107}, {'id': 5776180249, 'qualifierId': 213, 'value': '4.77'}, {'id': 5776180243, 'qualifierId': 140, 'value': '87.5'}, {'id': 5776180247, 'qualifierId': 212, 'value': '7.8'}]",dyfsbff9jueyw5jhjou424bo4,K. Abello,,,Orlando Pride,Away
2823539729,651,1,2,74,36,966pdxhsoxaib9qt5083h8uus,1,87.4,89.3,2025-06-21T01:43:12.473Z,2025-06-21T01:43:14Z,"[{'id': 5776180267, 'qualifierId': 140, 'value': '87.1'}, {'id': 5776180271, 'qualifierId': 212, 'value': '3.1'}, {'id': 5776180273, 'qualifierId': 213, 'value': '1.67'}, {'id': 5776180269, 'qualifierId': 141, 'value': '93.8'}, {'id': 5776180293, 'qualifierId': 156}, {'id': 5776180265, 'qualifierId': 56, 'value': 'Left'}]",6fhiz0epsutfcs1xqfhcuomad,M. Gautrat,,,Orlando Pride,Away
2823539737,652,1,2,74,38,966pdxhsoxaib9qt5083h8uus,0,87.1,93.8,2025-06-21T01:43:13.944Z,2025-06-21T01:43:14Z,"[{'id': 5776180367, 'qualifierId': 140, 'value': '89.1'}, {'id': 5776180369, 'qualifierId': 141, 'value': '88.7'}, {'id': 5776180371, 'qualifierId': 212, 'value': '4.1'}, {'id': 5776180373, 'qualifierId': 213, 'value': '5.26'}, {'id': 5776180365, 'qualifierId': 56, 'value': 'Left'}]",dyfsbff9jueyw5jhjou424bo4,K. Abello,,,Orlando Pride,Away
2823539751,536,50,2,74,41,dtucewmt49th1p4selfutmnmc,1,11.0,8.6,2025-06-21T01:43:16.888Z,2025-06-21T02:11:11Z,"[{'id': 5776180413, 'qualifierId': 285}, {'id': 5776180411, 'qualifierId': 56, 'value': 'Back'}, {'id': 5776180469, 'qualifierId': 233, 'value': '653'}]",7hrw0exutge376ai2uf6frw4q,L. Milliet,,,Racing Louisville,Home
2823539755,653,7,2,74,41,966pdxhsoxaib9qt5083h8uus,1,89.0,91.4,2025-06-21T01:43:16.889Z,2025-06-21T02:11:10Z,"[{'id': 5776180423, 'qualifierId': 286}, {'id': 5776180451, 'qualifierId': 233, 'value': '536'}, {'id': 5776180421, 'qualifierId': 56, 'value': 'Left'}]",6fhiz0epsutfcs1xqfhcuomad,M. Gautrat,,,Orlando Pride,Away
2823539757,654,50,2,74,42,966pdxhsoxaib9qt5083h8uus,1,87.3,90.1,2025-06-21T01:43:18.089Z,2025-06-21T02:11:11Z,"[{'id': 5776180441, 'qualifierId': 286}, {'id': 5776180439, 'qualifierId': 56, 'value': 'Left'}, {'id': 5776180517, 'qualifierId': 233, 'value': '537'}]",6fhiz0epsutfcs1xqfhcuomad,M. Gautrat,,,Orlando Pride,Away
2823539759,537,7,2,74,42,dtucewmt49th1p4selfutmnmc,1,12.7,9.9,2025-06-21T01:43:18.090Z,2025-06-21T02:11:34Z,"[{'id': 5776180495, 'qualifierId': 285}, {'id': 5776180509, 'qualifierId': 233, 'value': '654'}, {'id': 5776180493, 'qualifierId': 56, 'value': 'Back'}]",asfd5wkedz1u29xt37r6or4rt,S. DeMelo,,,Racing Louisville,Home
2823539765,538,1,2,74,43,dtucewmt49th1p4selfutmnmc,0,9.8,3.2,2025-06-21T01:43:19.285Z,2025-06-21T01:43:20Z,"[{'id': 5776180529, 'qualifierId': 213, 'value': '6.15'}, {'id': 5776180537, 'qualifierId': 233, 'value': '655'}, {'id': 5776180523, 'qualifierId': 140, 'value': '11.8'}, {'id': 5776180525, 'qualifierId': 141, 'value': '2.8'}, {'id': 5776180521, 'qualifierId': 56, 'value': 'Back'}, {'id': 5776180527, 'qualifierId': 212, 'value': '2.1'}, {'id': 5776180541, 'qualifierId': 286}, {'id': 5776180535, 'qualifierId': 236}]",7hrw0exutge376ai2uf6frw4q,L. Milliet,,,Racing Louisville,Home
2823539763,655,74,2,74,43,966pdxhsoxaib9qt5083h8uus,1,89.1,89.0,2025-06-21T01:43:19.286Z,2025-06-21T01:43:21Z,"[{'id': 5776180513, 'qualifierId': 56, 'value': 'Left'}, {'id': 5776180515, 'qualifierId': 285}, {'id': 5776180575, 'qualifierId': 233, 'value': '538'}]",6fhiz0epsutfcs1xqfhcuomad,M. Gautrat,,,Orlando Pride,Away
2823539777,539,5,2,74,44,dtucewmt49th1p4selfutmnmc,1,11.3,-0.7,2025-06-21T01:43:20.389Z,2025-06-21T02:10:57Z,"[{'id': 5776180625, 'qualifierId': 56, 'value': 'Back'}, {'id': 5776180635, 'qualifierId': 233, 'value': '656'}, {'id': 5776180627, 'qualifierId': 347}]",7hrw0exutge376ai2uf6frw4q,L. Milliet,,,Racing Louisville,Home
2823539767,656,5,2,74,44,966pdxhsoxaib9qt5083h8uus,0,88.7,100.7,2025-06-21T01:43:20.389Z,2025-06-21T02:10:58Z,"[{'id': 5776180639, 'qualifierId': 233, 'value': '539'}, {'id': 5776180569, 'qualifierId': 56, 'value': 'Left'}, {'id': 5776180571, 'qualifierId': 347}]",6fhiz0epsutfcs1xqfhcuomad,M. Gautrat,,,Orlando Pride,Away
2823539831,540,1,2,74,58,dtucewmt49th1p4selfutmnmc,1,9.5,0.0,2025-06-21T01:43:34.454Z,2025-06-21T01:43:39Z,"[{'id': 5776180945, 'qualifierId': 213, 'value': '0.37'}, {'id': 5776180937, 'qualifierId': 56, 'value': 'Back'}, {'id': 5776180939, 'qualifierId': 140, 'value': '24.5'}, {'id': 5776180941, 'qualifierId': 141, 'value': '8.2'}, {'id': 5776180943, 'qualifierId': 212, 'value': '16.9'}, {'id': 5776180935, 'qualifierId': 107}]",7hrw0exutge376ai2uf6frw4q,L. Milliet,,,Racing Louisville,Home
2823539839,541,4,2,75,3,dtucewmt49th1p4selfutmnmc,1,24.0,10.0,2025-06-21T01:43:39.109Z,2025-06-21T02:03:22Z,"[{'id': 5776181007, 'qualifierId': 152}, {'id': 5776181009, 'qualifierId': 285}, {'id': 5776181003, 'qualifierId': 294}, {'id': 5776181021, 'qualifierId': 233, 'value': '657'}, {'id': 5776181005, 'qualifierId': 56, 'value': 'Back'}, {'id': 5776181001, 'qualifierId': 13}]",aoa88ulpguvr42b0a1jn8dfys,S. Weber,,,Racing Louisville,Home
2823539835,657,4,2,75,3,966pdxhsoxaib9qt5083h8uus,0,76.0,90.0,2025-06-21T01:43:39.110Z,2025-06-21T02:03:22Z,"[{'id': 5776181011, 'qualifierId': 13}, {'id': 5776181015, 'qualifierId': 56, 'value': 'Left'}, {'id': 5776181013, 'qualifierId': 294}, {'id': 5776181025, 'qualifierId': 233, 'value': '541'}, {'id': 5776181019, 'qualifierId': 286}, {'id': 5776181017, 'qualifierId': 152}]",dyfsbff9jueyw5jhjou424bo4,K. Abello,,,Orlando Pride,Away
2823539997,542,1,2,75,45,dtucewmt49th1p4selfutmnmc,0,26.1,13.1,2025-06-21T01:44:21.255Z,2025-06-21T01:44:31Z,"[{'id': 5776181897, 'qualifierId': 212, 'value': '78.4'}, {'id': 5776181885, 'qualifierId': 5}, {'id': 5776182045, 'qualifierId': 189}, {'id': 5776181889, 'qualifierId': 152}, {'id': 5776181899, 'qualifierId': 213, 'value': '0.02'}, {'id': 5776181901, 'qualifierId': 1}, {'id': 5776181893, 'qualifierId': 140, 'value': '100.0'}, {'id': 5776181895, 'qualifierId': 141, 'value': '15.8'}, {'id': 5776181891, 'qualifierId': 56, 'value': 'Right'}, {'id': 5776181887, 'qualifierId': 155}]",7hrw0exutge376ai2uf6frw4q,L. Milliet,,,Racing Louisville,Home
2823540003,658,56,2,75,48,966pdxhsoxaib9qt5083h8uus,1,3.9,86.7,2025-06-21T01:44:24.744Z,2025-06-21T01:44:33Z,"[{'id': 5776181947, 'qualifierId': 56, 'value': 'Back'}]",1uf4321zvio3hrwfu4z4jxp7t,K. Nadaner,,,Orlando Pride,Away
2823540013,543,5,2,75,50,dtucewmt49th1p4selfutmnmc,0,100.4,17.0,2025-06-21T01:44:26.313Z,2025-06-21T01:44:42Z,"[{'id': 5776181987, 'qualifierId': 346}, {'id': 5776182283, 'qualifierId': 233, 'value': '660'}, {'id': 5776181985, 'qualifierId': 56, 'value': 'Right'}]",9e65qlc7dfjkajyhzhak8sc7p,J. Sonis,,,Racing Louisville,Home
2823540061,660,5,2,75,50,966pdxhsoxaib9qt5083h8uus,1,-0.4,83.0,2025-06-21T01:44:26.313Z,2025-06-21T02:10:58Z,"[{'id': 5776182275, 'qualifierId': 233, 'value': '543'}, {'id': 5776182267, 'qualifierId': 56, 'value': 'Back'}, {'id': 5776182269, 'qualifierId': 346}]",1uf4321zvio3hrwfu4z4jxp7t,K. Nadaner,,,Orlando Pride,Away
2823540009,659,43,2,75,53,966pdxhsoxaib9qt5083h8uus,1,0.0,0.0,2025-06-21T01:44:29.417Z,2025-06-21T01:44:36Z,"[{'id': 5776181963, 'qualifierId': 56, 'value': 'Back'}, {'id': 5776182183, 'qualifierId': 144, 'value': '6'}, {'id': 5776181965, 'qualifierId': 73, 'value': '0'}]",1uf4321zvio3hrwfu4z4jxp7t,K. Nadaner,,,Orlando Pride,Away
2823540109,661,1,2,76,11,966pdxhsoxaib9qt5083h8uus,1,4.7,51.6,2025-06-21T01:44:47Z,2025-06-21T01:46:04Z,"[{'id': 5776182493, 'qualifierId': 212, 'value': '10.7'}, {'id': 5776183815, 'qualifierId': 189}, {'id': 5776182499, 'qualifierId': 237}, {'id': 5776182487, 'qualifierId': 56, 'value': 'Back'}, {'id': 5776182491, 'qualifierId': 141, 'value': '38.5'}, {'id': 5776182495, 'qualifierId': 213, 'value': '5.30'}, {'id': 5776182485, 'qualifierId': 124}, {'id': 5776182489, 'qualifierId': 140, 'value': '10.3'}]",7e8f4kfwcucaj4239xz0rai1h,A. Moorhouse,,,Orlando Pride,Away
2823540417,673,1,2,76,12,966pdxhsoxaib9qt5083h8uus,1,9.9,59.1,2025-06-21T01:44:48.128Z,2025-06-21T01:46:15Z,"[{'id': 5776184275, 'qualifierId': 140, 'value': '11.3'}, {'id': 5776184281, 'qualifierId': 213, 'value': '4.80'}, {'id': 5776184279, 'qualifierId': 212, 'value': '17.3'}, {'id': 5776184401, 'qualifierId': 189}, {'id': 5776184273, 'qualifierId': 56, 'value': 'Back'}, {'id': 5776184277, 'qualifierId': 141, 'value': '33.7'}]",1uf4321zvio3hrwfu4z4jxp7t,K. Nadaner,,,Orlando Pride,Away
2823540115,662,1,2,76,13,966pdxhsoxaib9qt5083h8uus,1,10.4,38.5,2025-06-21T01:44:49.752Z,2025-06-21T01:44:51Z,"[{'id': 5776182531, 'qualifierId': 212, 'value': '18.3'}, {'id': 5776182525, 'qualifierId': 56, 'value': 'Back'}, {'id': 5776182527, 'qualifierId': 140, 'value': '25.9'}, {'id': 5776182529, 'qualifierId': 141, 'value': '26.3'}, {'id': 5776182533, 'qualifierId': 213, 'value': '5.81'}]",9yvkpwm78jaqr321imfc3rrbo,E. Sams,,,Orlando Pride,Away
2823540127,663,1,2,76,15,966pdxhsoxaib9qt5083h8uus,1,27.5,24.5,2025-06-21T01:44:51.033Z,2025-06-21T01:44:54Z,"[{'id': 5776182591, 'qualifierId': 140, 'value': '31.8'}, {'id': 5776182595, 'qualifierId': 212, 'value': '11.0'}, {'id': 5776182593, 'qualifierId': 141, 'value': '39.2'}, {'id': 5776182589, 'qualifierId': 56, 'value': 'Back'}, {'id': 5776182597, 'qualifierId': 213, 'value': '1.15'}]",eigt6t2rj0k98zt1isqrvtvqh,A. Watt,,,Orlando Pride,Away
2823540141,664,1,2,76,18,966pdxhsoxaib9qt5083h8uus,1,33.2,39.1,2025-06-21T01:44:54.121Z,2025-06-21T01:45:00Z,"[{'id': 5776182681, 'qualifierId': 141, 'value': '19.0'}, {'id': 5776182685, 'qualifierId': 213, 'value': '5.76'}, {'id': 5776182683, 'qualifierId': 212, 'value': '27.6'}, {'id': 5776182677, 'qualifierId': 56, 'value': 'Right'}, {'id': 5776182679, 'qualifierId': 140, 'value': '56.0'}]",23nuijdnnuiwzkd5cf7jbyajt,Angelina,,,Orlando Pride,Away
2823540129,544,83,2,76,18,dtucewmt49th1p4selfutmnmc,0,67.1,68.1,2025-06-21T01:44:54.457Z,2025-06-21T01:45:03Z,"[{'id': 5776182751, 'qualifierId': 399, 'value': '13mfu77eipda4tqe1grek3a7e'}]",9e65qlc7dfjkajyhzhak8sc7p,J. Sonis,,,Racing Louisville,Home
2823540147,665,1,2,76,25,966pdxhsoxaib9qt5083h8uus,1,63.0,25.6,2025-06-21T01:45:00.888Z,2025-06-21T01:45:02Z,"[{'id': 5776182715, 'qualifierId': 141, 'value': '35.5'}, {'id': 5776182711, 'qualifierId': 56, 'value': 'Center'}, {'id': 5776182719, 'qualifierId': 213, 'value': '1.34'}, {'id': 5776182717, 'qualifierId': 212, 'value': '6.9'}, {'id': 5776182713, 'qualifierId': 140, 'value': '64.5'}]",13mfu77eipda4tqe1grek3a7e,S. Jackson,,,Orlando Pride,Away
2823540165,666,1,2,76,26,966pdxhsoxaib9qt5083h8uus,1,64.5,35.5,2025-06-21T01:45:02.104Z,2025-06-21T01:45:05Z,"[{'id': 5776182845, 'qualifierId': 213, 'value': '5.62'}, {'id': 5776182837, 'qualifierId': 56, 'value': 'Center'}, {'id': 5776182839, 'qualifierId': 140, 'value': '68.2'}, {'id': 5776182841, 'qualifierId': 141, 'value': '31.0'}, {'id': 5776182843, 'qualifierId': 212, 'value': '4.9'}]",23nuijdnnuiwzkd5cf7jbyajt,Angelina,,,Orlando Pride,Away
2823540169,667,50,2,76,28,966pdxhsoxaib9qt5083h8uus,1,68.6,29.0,2025-06-21T01:45:04.760Z,2025-06-21T02:11:12Z,"[{'id': 5776182855, 'qualifierId': 286}, {'id': 5776182853, 'qualifierId': 56, 'value': 'Center'}, {'id': 5776182861, 'qualifierId': 233, 'value': '545'}]",13mfu77eipda4tqe1grek3a7e,S. Jackson,,,Orlando Pride,Away
2823540167,545,7,2,76,28,dtucewmt49th1p4selfutmnmc,0,31.4,71.0,2025-06-21T01:45:04.761Z,2025-06-21T02:11:11Z,"[{'id': 5776182851, 'qualifierId': 285}, {'id': 5776182857, 'qualifierId': 233, 'value': '667'}, {'id': 5776182849, 'qualifierId': 56, 'value': 'Back'}]",8q0rkr3gz7hz1ssdx3fkro0a2,T. Flint,,,Racing Louisville,Home
2823540181,668,1,2,76,30,966pdxhsoxaib9qt5083h8uus,1,68.9,33.2,2025-06-21T01:45:06.489Z,2025-06-21T01:45:08Z,"[{'id': 5776182929, 'qualifierId': 140, 'value': '79.1'}, {'id': 5776182927, 'qualifierId': 56, 'value': 'Center'}, {'id': 5776182933, 'qualifierId': 212, 'value': '12.0'}, {'id': 5776182935, 'qualifierId': 213, 'value': '5.82'}, {'id': 5776182931, 'qualifierId': 141, 'value': '25.4'}, {'id': 5776182925, 'qualifierId': 155}]",23nuijdnnuiwzkd5cf7jbyajt,Angelina,,,Orlando Pride,Away
2823540195,669,1,2,76,32,966pdxhsoxaib9qt5083h8uus,1,79.1,25.4,2025-06-21T01:45:08.584Z,2025-06-21T01:45:36Z,"[{'id': 5776183027, 'qualifierId': 213, 'value': '0.22'}, {'id': 5776183023, 'qualifierId': 141, 'value': '29.8'}, {'id': 5776183261, 'qualifierId': 210, 'value': '15'}, {'id': 5776183019, 'qualifierId': 56, 'value': 'Center'}, {'id': 5776183021, 'qualifierId': 140, 'value': '91.9'}, {'id': 5776183025, 'qualifierId': 212, 'value': '13.8'}]",6fhiz0epsutfcs1xqfhcuomad,M. Gautrat,1.0,,Orlando Pride,Away
2823540197,670,15,2,76,35,966pdxhsoxaib9qt5083h8uus,1,92.0,29.8,2025-06-21T01:45:11.384Z,2025-06-21T01:45:36Z,"[{'id': 5776183295, 'qualifierId': 146, 'value': '98.9'}, {'id': 5776183287, 'qualifierId': 55, 'value': '669'}, {'id': 5776183291, 'qualifierId': 102, 'value': '49.4'}, {'id': 5776183293, 'qualifierId': 103, 'value': '19.6'}, {'id': 5776183499, 'qualifierId': 328}, {'id': 5776183203, 'qualifierId': 20}, {'id': 5776183395, 'qualifierId': 233, 'value': '546'}, {'id': 5776183033, 'qualifierId': 63}, {'id': 5776183283, 'qualifierId': 29}, {'id': 5776183281, 'qualifierId': 78}, {'id': 5776183297, 'qualifierId': 147, 'value': '46.4'}, {'id': 5776183031, 'qualifierId': 22}, {'id': 5776183035, 'qualifierId': 56, 'value': 'Center'}]",e2obgph6szyo04em3qr94g1qt,B. Banda,,,Orlando Pride,Away
2823540201,546,10,2,76,35,dtucewmt49th1p4selfutmnmc,1,1.9,53.1,2025-06-21T01:45:11.484Z,2025-06-21T01:45:28Z,"[{'id': 5776183059, 'qualifierId': 182}, {'id': 5776183061, 'qualifierId': 56, 'value': 'Back'}, {'id': 5776183391, 'qualifierId': 179}, {'id': 5776183399, 'qualifierId': 233, 'value': '670'}, {'id': 5776183055, 'qualifierId': 173}]",24lhpn1z5ikitapll48t1z7kk,J. Bloomer,,,Racing Louisville,Home
2823540223,547,12,2,76,39,dtucewmt49th1p4selfutmnmc,1,2.5,65.6,2025-06-21T01:45:15.512Z,2025-06-21T01:45:42Z,"[{'id': 5776183169, 'qualifierId': 141, 'value': '66.6'}, {'id': 5776183165, 'qualifierId': 56, 'value': 'Back'}, {'id': 5776183191, 'qualifierId': 233, 'value': '671'}, {'id': 5776183171, 'qualifierId': 212, 'value': '1.0'}, {'id': 5776183167, 'qualifierId': 140, 'value': '3.2'}, {'id': 5776183189, 'qualifierId': 397}, {'id': 5776183173, 'qualifierId': 213, 'value': '0.75'}]",cieyupgmnxecb4emqljudrw89,A. Wright,,,Racing Louisville,Home
2823540205,671,74,2,76,39,966pdxhsoxaib9qt5083h8uus,1,95.5,33.7,2025-06-21T01:45:15.513Z,2025-06-21T01:45:18Z,"[{'id': 5776183199, 'qualifierId': 233, 'value': '547'}, {'id': 5776183075, 'qualifierId': 56, 'value': 'Center'}, {'id': 5776183123, 'qualifierId': 397}, {'id': 5776183077, 'qualifierId': 285}]",e2obgph6szyo04em3qr94g1qt,B. Banda,,,Orlando Pride,Away
2823540233,548,5,2,76,41,dtucewmt49th1p4selfutmnmc,1,-0.9,66.0,2025-06-21T01:45:17.081Z,2025-06-21T02:10:58Z,"[{'id': 5776183235, 'qualifierId': 346}, {'id': 5776183239, 'qualifierId': 233, 'value': '672'}, {'id': 5776183233, 'qualifierId': 56, 'value': 'Back'}]",2x4vbu3htfozzwd8g7bdxeacp,C. Petersen,,,Racing Louisville,Home
2823540227,672,5,2,76,41,966pdxhsoxaib9qt5083h8uus,0,100.9,34.0,2025-06-21T01:45:17.081Z,2025-06-21T02:10:58Z,"[{'id': 5776183195, 'qualifierId': 56, 'value': 'Center'}, {'id': 5776183197, 'qualifierId': 346}, {'id': 5776183243, 'qualifierId': 233, 'value': '548'}]",e2obgph6szyo04em3qr94g1qt,B. Banda,,,Orlando Pride,Away
2823540369,549,18,2,77,21,dtucewmt49th1p4selfutmnmc,1,0.0,0.0,2025-06-21T01:45:57.781Z,2025-06-21T01:45:58Z,"[{'id': 5776184001, 'qualifierId': 42}, {'id': 5776184005, 'qualifierId': 59, 'value': '13'}, {'id': 5776184003, 'qualifierId': 44, 'value': 'Forward'}, {'id': 5776184037, 'qualifierId': 55, 'value': '550'}]",br17lkx91icsoqiibmufa23v8,E. Sears,,,Racing Louisville,Home
2823540373,550,19,2,77,21,dtucewmt49th1p4selfutmnmc,1,0.0,0.0,2025-06-21T01:45:57.782Z,2025-06-21T01:45:58Z,"[{'id': 5776184031, 'qualifierId': 44, 'value': 'Forward'}, {'id': 5776184027, 'qualifierId': 292, 'value': '8'}, {'id': 5776184033, 'qualifierId': 55, 'value': '549'}, {'id': 5776184025, 'qualifierId': 59, 'value': '6'}, {'id': 5776184019, 'qualifierId': 42}, {'id': 5776184029, 'qualifierId': 293, 'value': '1'}, {'id': 5776184023, 'qualifierId': 145, 'value': '11'}]",aackuqvi6nlca566oisw0wc9g,E. Hase,,,Racing Louisville,Home
2823540443,551,1,2,77,39,dtucewmt49th1p4selfutmnmc,0,5.2,49.9,2025-06-21T01:46:15.228Z,2025-06-21T01:46:21Z,"[{'id': 5776184457, 'qualifierId': 1}, {'id': 5776184447, 'qualifierId': 56, 'value': 'Center'}, {'id': 5776184455, 'qualifierId': 213, 'value': '0.19'}, {'id': 5776184445, 'qualifierId': 124}, {'id': 5776184451, 'qualifierId': 141, 'value': '69.0'}, {'id': 5776184461, 'qualifierId': 74}, {'id': 5776184453, 'qualifierId': 212, 'value': '67.8'}, {'id': 5776184449, 'qualifierId': 140, 'value': '68.6'}]",24lhpn1z5ikitapll48t1z7kk,J. Bloomer,,,Racing Louisville,Home
2823540455,674,44,2,77,44,966pdxhsoxaib9qt5083h8uus,1,33.8,34.9,2025-06-21T01:46:20.617Z,2025-06-21T02:11:18Z,"[{'id': 5776184525, 'qualifierId': 285}, {'id': 5776184523, 'qualifierId': 56, 'value': 'Back'}, {'id': 5776184537, 'qualifierId': 233, 'value': '552'}]",eigt6t2rj0k98zt1isqrvtvqh,A. Watt,,,Orlando Pride,Away
2823540445,552,44,2,77,44,dtucewmt49th1p4selfutmnmc,0,66.2,65.1,2025-06-21T01:46:20.618Z,2025-06-21T02:11:18Z,"[{'id': 5776184463, 'qualifierId': 56, 'value': 'Center'}, {'id': 5776184543, 'qualifierId': 233, 'value': '674'}, {'id': 5776184465, 'qualifierId': 286}]",aackuqvi6nlca566oisw0wc9g,E. Hase,,,Racing Louisville,Home
2823540459,675,61,2,77,44,966pdxhsoxaib9qt5083h8uus,0,37.1,39.4,2025-06-21T01:46:20.816Z,2025-06-21T02:12:04Z,"[{'id': 5776184553, 'qualifierId': 56, 'value': 'Back'}]",eigt6t2rj0k98zt1isqrvtvqh,A. Watt,,,Orlando Pride,Away
2823540467,553,1,2,77,47,dtucewmt49th1p4selfutmnmc,1,65.6,59.4,2025-06-21T01:46:22.955Z,2025-06-21T01:46:27Z,"[{'id': 5776184589, 'qualifierId': 56, 'value': 'Center'}, {'id': 5776184597, 'qualifierId': 213, 'value': '5.19'}, {'id': 5776184595, 'qualifierId': 212, 'value': '17.5'}, {'id': 5776184587, 'qualifierId': 155}, {'id': 5776184591, 'qualifierId': 140, 'value': '73.2'}, {'id': 5776184593, 'qualifierId': 141, 'value': '36.5'}]",aoa88ulpguvr42b0a1jn8dfys,S. Weber,,,Racing Louisville,Home
2823540473,554,1,2,77,51,dtucewmt49th1p4selfutmnmc,1,65.0,35.9,2025-06-21T01:46:27.114Z,2025-06-21T01:46:29Z,"[{'id': 5776184629, 'qualifierId': 56, 'value': 'Right'}, {'id': 5776184637, 'qualifierId': 213, 'value': '4.36'}, {'id': 5776184633, 'qualifierId': 141, 'value': '18.1'}, {'id': 5776184631, 'qualifierId': 140, 'value': '60.8'}, {'id': 5776184635, 'qualifierId': 212, 'value': '12.9'}]",9e65qlc7dfjkajyhzhak8sc7p,J. Sonis,,,Racing Louisville,Home
2823540487,555,1,2,77,53,dtucewmt49th1p4selfutmnmc,1,60.3,18.8,2025-06-21T01:46:29.213Z,2025-06-21T01:46:32Z,"[{'id': 5776184721, 'qualifierId': 212, 'value': '30.2'}, {'id': 5776184719, 'qualifierId': 141, 'value': '27.8'}, {'id': 5776184717, 'qualifierId': 140, 'value': '32.1'}, {'id': 5776184715, 'qualifierId': 56, 'value': 'Back'}, {'id': 5776184723, 'qualifierId': 213, 'value': '2.94'}]",7hrw0exutge376ai2uf6frw4q,L. Milliet,,,Racing Louisville,Home
2823540509,556,1,2,77,56,dtucewmt49th1p4selfutmnmc,1,30.6,29.6,2025-06-21T01:46:32.202Z,2025-06-21T01:46:35Z,"[{'id': 5776184833, 'qualifierId': 140, 'value': '37.1'}, {'id': 5776184839, 'qualifierId': 213, 'value': '1.30'}, {'id': 5776184837, 'qualifierId': 212, 'value': '25.7'}, {'id': 5776184831, 'qualifierId': 56, 'value': 'Back'}, {'id': 5776184835, 'qualifierId': 141, 'value': '66.0'}]",2mlyh9k0yhv8862rj6hu26j8p,E. Jean,,,Racing Louisville,Home
2823540521,557,1,2,77,59,dtucewmt49th1p4selfutmnmc,1,37.1,66.0,2025-06-21T01:46:35.434Z,2025-06-21T01:46:38Z,"[{'id': 5776184915, 'qualifierId': 56, 'value': 'Back'}, {'id': 5776184923, 'qualifierId': 213, 'value': '3.71'}, {'id': 5776184921, 'qualifierId': 212, 'value': '17.4'}, {'id': 5776184917, 'qualifierId': 140, 'value': '23.2'}, {'id': 5776184919, 'qualifierId': 141, 'value': '52.2'}]",cieyupgmnxecb4emqljudrw89,A. Wright,,,Racing Louisville,Home
2823540539,558,1,2,78,2,dtucewmt49th1p4selfutmnmc,0,24.2,48.1,2025-06-21T01:46:38.540Z,2025-06-21T01:46:42Z,"[{'id': 5776185009, 'qualifierId': 157}, {'id': 5776185017, 'qualifierId': 212, 'value': '48.7'}, {'id': 5776185015, 'qualifierId': 141, 'value': '48.4'}, {'id': 5776185011, 'qualifierId': 56, 'value': 'Center'}, {'id': 5776185019, 'qualifierId': 213, 'value': '0.00'}, {'id': 5776185021, 'qualifierId': 1}, {'id': 5776185013, 'qualifierId': 140, 'value': '70.6'}]",24lhpn1z5ikitapll48t1z7kk,J. Bloomer,,,Racing Louisville,Home
2823540545,676,12,2,78,7,966pdxhsoxaib9qt5083h8uus,1,28.4,53.9,2025-06-21T01:46:43.448Z,2025-06-21T01:46:47Z,"[{'id': 5776185057, 'qualifierId': 212, 'value': '6.3'}, {'id': 5776185059, 'qualifierId': 213, 'value': '5.74'}, {'id': 5776185053, 'qualifierId': 140, 'value': '33.5'}, {'id': 5776185077, 'qualifierId': 15}, {'id': 5776185055, 'qualifierId': 141, 'value': '49.1'}, {'id': 5776185051, 'qualifierId': 56, 'value': 'Back'}]",1uf4321zvio3hrwfu4z4jxp7t,K. Nadaner,,,Orlando Pride,Away
2823540567,559,1,2,78,9,dtucewmt49th1p4selfutmnmc,0,70.6,48.7,2025-06-21T01:46:45.483Z,2025-06-21T01:46:46Z,"[{'id': 5776185149, 'qualifierId': 213, 'value': '6.03'}, {'id': 5776185143, 'qualifierId': 140, 'value': '81.4'}, {'id': 5776185145, 'qualifierId': 141, 'value': '44.3'}, {'id': 5776185139, 'qualifierId': 3}, {'id': 5776185141, 'qualifierId': 56, 'value': 'Center'}, {'id': 5776185147, 'qualifierId': 212, 'value': '11.7'}]",aoa88ulpguvr42b0a1jn8dfys,S. Weber,,,Racing Louisville,Home
2823540571,677,12,2,78,11,966pdxhsoxaib9qt5083h8uus,1,25.2,53.9,2025-06-21T01:46:47.817Z,2025-06-21T01:46:49Z,"[{'id': 5776185201, 'qualifierId': 56, 'value': 'Back'}, {'id': 5776185205, 'qualifierId': 141, 'value': '51.8'}, {'id': 5776185203, 'qualifierId': 140, 'value': '31.6'}, {'id': 5776185207, 'qualifierId': 212, 'value': '6.9'}, {'id': 5776185209, 'qualifierId': 213, 'value': '6.07'}]",dyfsbff9jueyw5jhjou424bo4,K. Abello,,,Orlando Pride,Away
2823540575,678,1,2,78,13,966pdxhsoxaib9qt5083h8uus,0,30.0,52.1,2025-06-21T01:46:49.720Z,2025-06-21T01:46:50Z,"[{'id': 5776185221, 'qualifierId': 212, 'value': '2.0'}, {'id': 5776185219, 'qualifierId': 141, 'value': '51.5'}, {'id': 5776185217, 'qualifierId': 140, 'value': '31.9'}, {'id': 5776185215, 'qualifierId': 56, 'value': 'Back'}, {'id': 5776185223, 'qualifierId': 213, 'value': '6.08'}]",1uf4321zvio3hrwfu4z4jxp7t,K. Nadaner,,,Orlando Pride,Away
2823540577,560,1,2,78,14,dtucewmt49th1p4selfutmnmc,1,74.5,45.8,2025-06-21T01:46:50.531Z,2025-06-21T01:47:23Z,"[{'id': 5776185747, 'qualifierId': 141, 'value': '40.5'}, {'id': 5776185227, 'qualifierId': 56, 'value': 'Center'}, {'id': 5776185751, 'qualifierId': 213, 'value': '5.22'}, {'id': 5776185745, 'qualifierId': 140, 'value': '76.4'}, {'id': 5776185749, 'qualifierId': 212, 'value': '4.1'}]",aoa88ulpguvr42b0a1jn8dfys,S. Weber,,,Racing Louisville,Home
2823540585,561,1,2,78,15,dtucewmt49th1p4selfutmnmc,1,78.1,34.1,2025-06-21T01:46:51.635Z,2025-06-21T01:47:19Z,"[{'id': 5776185263, 'qualifierId': 141, 'value': '16.0'}, {'id': 5776185261, 'qualifierId': 140, 'value': '88.7'}, {'id': 5776185259, 'qualifierId': 56, 'value': 'Right'}, {'id': 5776185265, 'qualifierId': 212, 'value': '16.6'}, {'id': 5776185267, 'qualifierId': 213, 'value': '5.45'}]",9e65qlc7dfjkajyhzhak8sc7p,J. Sonis,,,Racing Louisville,Home
2823540591,562,1,2,78,16,dtucewmt49th1p4selfutmnmc,0,95.8,16.4,2025-06-21T01:46:52.652Z,2025-06-21T01:46:53Z,"[{'id': 5776185319, 'qualifierId': 56, 'value': 'Center'}, {'id': 5776185317, 'qualifierId': 155}, {'id': 5776185321, 'qualifierId': 140, 'value': '95.4'}, {'id': 5776185325, 'qualifierId': 212, 'value': '10.0'}, {'id': 5776185323, 'qualifierId': 141, 'value': '31.1'}, {'id': 5776185315, 'qualifierId': 2}, {'id': 5776185327, 'qualifierId': 213, 'value': '1.61'}]",asfd5wkedz1u29xt37r6or4rt,S. DeMelo,,,Racing Louisville,Home
2823540601,679,61,2,78,18,966pdxhsoxaib9qt5083h8uus,1,11.2,68.0,2025-06-21T01:46:54.389Z,2025-06-21T02:12:10Z,"[{'id': 5776185359, 'qualifierId': 56, 'value': 'Back'}]",dyfsbff9jueyw5jhjou424bo4,K. Abello,,,Orlando Pride,Away
2823540595,563,6,2,78,18,dtucewmt49th1p4selfutmnmc,1,91.2,31.7,2025-06-21T01:46:54.651Z,2025-06-21T02:03:19Z,"[{'id': 5776185363, 'qualifierId': 75}, {'id': 5776185399, 'qualifierId': 233, 'value': '680'}, {'id': 5776185361, 'qualifierId': 56, 'value': 'Center'}]",asfd5wkedz1u29xt37r6or4rt,S. DeMelo,,,Racing Louisville,Home
2823540605,680,6,2,78,18,966pdxhsoxaib9qt5083h8uus,0,8.8,68.3,2025-06-21T01:46:54.651Z,2025-06-21T02:03:19Z,"[{'id': 5776185395, 'qualifierId': 56, 'value': 'Back'}, {'id': 5776185405, 'qualifierId': 233, 'value': '563'}, {'id': 5776185397, 'qualifierId': 73}]",dyfsbff9jueyw5jhjou424bo4,K. Abello,,,Orlando Pride,Away
2823540705,564,1,2,78,56,dtucewmt49th1p4selfutmnmc,1,99.5,0.5,2025-06-21T01:47:32.317Z,2025-06-21T01:47:57Z,"[{'id': 5776186007, 'qualifierId': 155}, {'id': 5776186019, 'qualifierId': 213, 'value': '1.64'}, {'id': 5776186009, 'qualifierId': 223}, {'id': 5776186017, 'qualifierId': 212, 'value': '35.0'}, {'id': 5776186015, 'qualifierId': 141, 'value': '51.9'}, {'id': 5776186011, 'qualifierId': 56, 'value': 'Center'}, {'id': 5776186021, 'qualifierId': 1}, {'id': 5776186377, 'qualifierId': 210, 'value': '13'}, {'id': 5776186013, 'qualifierId': 140, 'value': '97.1'}, {'id': 5776186003, 'qualifierId': 2}, {'id': 5776186005, 'qualifierId': 6}, {'id': 5776186379, 'qualifierId': 154}]",2x4vbu3htfozzwd8g7bdxeacp,C. Petersen,1.0,,Racing Louisville,Home
2823540713,565,44,2,79,1,dtucewmt49th1p4selfutmnmc,1,95.2,52.8,2025-06-21T01:47:37.260Z,2025-06-21T02:11:18Z,"[{'id': 5776186081, 'qualifierId': 233, 'value': '681'}, {'id': 5776186067, 'qualifierId': 286}, {'id': 5776186065, 'qualifierId': 56, 'value': 'Center'}]",aoa88ulpguvr42b0a1jn8dfys,S. Weber,,,Racing Louisville,Home
2823540709,681,44,2,79,1,966pdxhsoxaib9qt5083h8uus,0,4.8,47.2,2025-06-21T01:47:37.261Z,2025-06-21T02:11:19Z,"[{'id': 5776186045, 'qualifierId': 285}, {'id': 5776186085, 'qualifierId': 233, 'value': '565'}, {'id': 5776186043, 'qualifierId': 56, 'value': 'Back'}]",dyfsbff9jueyw5jhjou424bo4,K. Abello,,,Orlando Pride,Away
2823540715,566,13,2,79,2,dtucewmt49th1p4selfutmnmc,1,97.1,51.9,2025-06-21T01:47:38.093Z,2025-06-21T01:47:57Z,"[{'id': 5776186383, 'qualifierId': 29}, {'id': 5776186237, 'qualifierId': 15}, {'id': 5776186385, 'qualifierId': 154}, {'id': 5776186381, 'qualifierId': 83}, {'id': 5776186399, 'qualifierId': 231, 'value': '51.4'}, {'id': 5776186387, 'qualifierId': 55, 'value': '564'}, {'id': 5776186391, 'qualifierId': 102, 'value': '57.3'}, {'id': 5776186395, 'qualifierId': 230, 'value': '99.7'}, {'id': 5776186241, 'qualifierId': 328}, {'id': 5776186073, 'qualifierId': 56, 'value': 'Center'}, {'id': 5776186393, 'qualifierId': 103, 'value': '22.2'}, {'id': 5776186071, 'qualifierId': 16}, {'id': 5776186235, 'qualifierId': 25}]",aoa88ulpguvr42b0a1jn8dfys,S. Weber,,,Racing Louisville,Home
2823540741,567,5,2,79,2,dtucewmt49th1p4selfutmnmc,0,100.6,57.0,2025-06-21T01:47:38.328Z,2025-06-21T02:10:59Z,"[{'id': 5776186231, 'qualifierId': 56, 'value': 'Center'}, {'id': 5776186233, 'qualifierId': 346}, {'id': 5776186331, 'qualifierId': 233, 'value': '682'}]",aoa88ulpguvr42b0a1jn8dfys,S. Weber,,,Racing Louisville,Home
2823540763,682,5,2,79,2,966pdxhsoxaib9qt5083h8uus,1,-0.6,43.0,2025-06-21T01:47:38.328Z,2025-06-21T02:10:59Z,"[{'id': 5776186313, 'qualifierId': 56, 'value': 'Back'}, {'id': 5776186321, 'qualifierId': 233, 'value': '567'}, {'id': 5776186315, 'qualifierId': 346}]",eigt6t2rj0k98zt1isqrvtvqh,A. Watt,,,Orlando Pride,Away
2823540781,683,1,2,79,20,966pdxhsoxaib9qt5083h8uus,1,4.8,46.6,2025-06-21T01:47:56.584Z,2025-06-21T01:47:58Z,"[{'id': 5776186411, 'qualifierId': 213, 'value': '0.60'}, {'id': 5776186415, 'qualifierId': 237}, {'id': 5776186407, 'qualifierId': 141, 'value': '55.7'}, {'id': 5776186403, 'qualifierId': 56, 'value': 'Back'}, {'id': 5776186409, 'qualifierId': 212, 'value': '11.0'}, {'id': 5776186401, 'qualifierId': 124}, {'id': 5776186405, 'qualifierId': 140, 'value': '13.5'}, {'id': 5776186417, 'qualifierId': 189}]",7e8f4kfwcucaj4239xz0rai1h,A. Moorhouse,,,Orlando Pride,Away
2823540793,684,1,2,79,23,966pdxhsoxaib9qt5083h8uus,1,13.8,56.9,2025-06-21T01:47:59.304Z,2025-06-21T01:48:19Z,"[{'id': 5776186475, 'qualifierId': 140, 'value': '22.4'}, {'id': 5776186481, 'qualifierId': 213, 'value': '1.04'}, {'id': 5776186479, 'qualifierId': 212, 'value': '17.9'}, {'id': 5776186473, 'qualifierId': 56, 'value': 'Back'}, {'id': 5776186839, 'qualifierId': 189}, {'id': 5776186477, 'qualifierId': 141, 'value': '79.7'}]",1uf4321zvio3hrwfu4z4jxp7t,K. Nadaner,,,Orlando Pride,Away
2823540801,685,1,2,79,25,966pdxhsoxaib9qt5083h8uus,1,22.7,80.9,2025-06-21T01:48:01.497Z,2025-06-21T01:48:20Z,"[{'id': 5776186493, 'qualifierId': 155}, {'id': 5776186499, 'qualifierId': 141, 'value': '76.2'}, {'id': 5776186495, 'qualifierId': 56, 'value': 'Back'}, {'id': 5776186503, 'qualifierId': 213, 'value': '6.16'}, {'id': 5776186497, 'qualifierId': 140, 'value': '47.6'}, {'id': 5776186501, 'qualifierId': 212, 'value': '26.3'}]",dyfsbff9jueyw5jhjou424bo4,K. Abello,,,Orlando Pride,Away
2823540845,569,43,2,79,29,dtucewmt49th1p4selfutmnmc,1,0.0,0.0,2025-06-21T01:48:05.429Z,2025-06-21T01:48:30Z,"[{'id': 5776187009, 'qualifierId': 144, 'value': '83'}, {'id': 5776186823, 'qualifierId': 399, 'value': 'e2obgph6szyo04em3qr94g1qt'}]",7hrw0exutge376ai2uf6frw4q,L. Milliet,,,Racing Louisville,Home
2823540807,686,61,2,79,29,966pdxhsoxaib9qt5083h8uus,0,58.5,73.8,2025-06-21T01:48:05.800Z,2025-06-21T01:48:05Z,"[{'id': 5776186557, 'qualifierId': 56, 'value': 'Center'}]",e2obgph6szyo04em3qr94g1qt,B. Banda,,,Orlando Pride,Away
2823540813,568,4,2,79,30,dtucewmt49th1p4selfutmnmc,1,41.2,24.2,2025-06-21T01:48:06.471Z,2025-06-21T01:48:10Z,"[{'id': 5776186617, 'qualifierId': 265}, {'id': 5776186619, 'qualifierId': 286}, {'id': 5776186621, 'qualifierId': 233, 'value': '687'}, {'id': 5776186613, 'qualifierId': 56, 'value': 'Back'}, {'id': 5776186615, 'qualifierId': 152}, {'id': 5776186611, 'qualifierId': 13}]",7hrw0exutge376ai2uf6frw4q,L. Milliet,,,Racing Louisville,Home
2823540811,687,4,2,79,30,966pdxhsoxaib9qt5083h8uus,0,58.8,75.8,2025-06-21T01:48:06.472Z,2025-06-21T01:48:09Z,"[{'id': 5776186573, 'qualifierId': 56, 'value': 'Center'}, {'id': 5776186627, 'qualifierId': 233, 'value': '568'}, {'id': 5776186579, 'qualifierId': 285}, {'id': 5776186577, 'qualifierId': 265}, {'id': 5776186571, 'qualifierId': 13}, {'id': 5776186575, 'qualifierId': 152}]",e2obgph6szyo04em3qr94g1qt,B. Banda,,,Orlando Pride,Away
2823540925,570,1,2,80,3,dtucewmt49th1p4selfutmnmc,1,42.5,22.1,2025-06-21T01:48:39.871Z,2025-06-21T01:48:44Z,"[{'id': 5776187209, 'qualifierId': 5}, {'id': 5776187217, 'qualifierId': 140, 'value': '84.2'}, {'id': 5776187223, 'qualifierId': 213, 'value': '6.22'}, {'id': 5776187215, 'qualifierId': 56, 'value': 'Right'}, {'id': 5776187211, 'qualifierId': 157}, {'id': 5776187219, 'qualifierId': 141, 'value': '17.8'}, {'id': 5776187221, 'qualifierId': 212, 'value': '43.9'}, {'id': 5776187225, 'qualifierId': 1}, {'id': 5776187213, 'qualifierId': 152}]",24lhpn1z5ikitapll48t1z7kk,J. Bloomer,,,Racing Louisville,Home
2823540927,571,1,2,80,8,dtucewmt49th1p4selfutmnmc,0,84.2,17.8,2025-06-21T01:48:44.111Z,2025-06-21T01:48:45Z,"[{'id': 5776187245, 'qualifierId': 212, 'value': '18.4'}, {'id': 5776187241, 'qualifierId': 140, 'value': '100.0'}, {'id': 5776187237, 'qualifierId': 168}, {'id': 5776187239, 'qualifierId': 56, 'value': 'Center'}, {'id': 5776187247, 'qualifierId': 213, 'value': '0.30'}, {'id': 5776187235, 'qualifierId': 3}, {'id': 5776187243, 'qualifierId': 141, 'value': '25.7'}]",8q0rkr3gz7hz1ssdx3fkro0a2,T. Flint,,,Racing Louisville,Home
2823540989,572,5,2,80,9,dtucewmt49th1p4selfutmnmc,0,100.8,27.1,2025-06-21T01:48:45.401Z,2025-06-21T02:10:59Z,"[{'id': 5776187541, 'qualifierId': 233, 'value': '688'}, {'id': 5776187523, 'qualifierId': 346}, {'id': 5776187521, 'qualifierId': 56, 'value': 'Center'}]",8q0rkr3gz7hz1ssdx3fkro0a2,T. Flint,,,Racing Louisville,Home
2823540937,688,5,2,80,9,966pdxhsoxaib9qt5083h8uus,1,-0.8,72.9,2025-06-21T01:48:45.401Z,2025-06-21T02:10:59Z,"[{'id': 5776187527, 'qualifierId': 233, 'value': '572'}, {'id': 5776187291, 'qualifierId': 346}, {'id': 5776187289, 'qualifierId': 56, 'value': 'Back'}]",dyfsbff9jueyw5jhjou424bo4,K. Abello,,,Orlando Pride,Away
2823540961,689,1,2,80,17,966pdxhsoxaib9qt5083h8uus,1,5.3,54.8,2025-06-21T01:48:52.999Z,2025-06-21T01:48:58Z,"[{'id': 5776187403, 'qualifierId': 124}, {'id': 5776187409, 'qualifierId': 141, 'value': '69.2'}, {'id': 5776187405, 'qualifierId': 56, 'value': 'Back'}, {'id': 5776187417, 'qualifierId': 237}, {'id': 5776187411, 'qualifierId': 212, 'value': '10.2'}, {'id': 5776187407, 'qualifierId': 140, 'value': '8.1'}, {'id': 5776187413, 'qualifierId': 213, 'value': '1.28'}]",7e8f4kfwcucaj4239xz0rai1h,A. Moorhouse,,,Orlando Pride,Away
2823540975,690,1,2,80,22,966pdxhsoxaib9qt5083h8uus,1,10.8,69.2,2025-06-21T01:48:58.551Z,2025-06-21T01:49:02Z,"[{'id': 5776187475, 'qualifierId': 213, 'value': '1.07'}, {'id': 5776187467, 'qualifierId': 56, 'value': 'Back'}, {'id': 5776187469, 'qualifierId': 140, 'value': '18.5'}, {'id': 5776187471, 'qualifierId': 141, 'value': '91.1'}, {'id': 5776187473, 'qualifierId': 212, 'value': '16.9'}]",1uf4321zvio3hrwfu4z4jxp7t,K. Nadaner,,,Orlando Pride,Away
2823540995,573,45,2,80,26,dtucewmt49th1p4selfutmnmc,0,83.8,11.4,2025-06-21T01:49:02.680Z,2025-06-21T02:11:14Z,"[{'id': 5776187535, 'qualifierId': 286}, {'id': 5776187565, 'qualifierId': 233, 'value': '691'}, {'id': 5776187533, 'qualifierId': 56, 'value': 'Right'}]",8q0rkr3gz7hz1ssdx3fkro0a2,T. Flint,,,Racing Louisville,Home
2823540981,691,3,2,80,26,966pdxhsoxaib9qt5083h8uus,1,16.2,88.6,2025-06-21T01:49:02.680Z,2025-06-21T02:11:13Z,"[{'id': 5776187493, 'qualifierId': 285}, {'id': 5776187545, 'qualifierId': 233, 'value': '573'}, {'id': 5776187491, 'qualifierId': 56, 'value': 'Back'}]",dyfsbff9jueyw5jhjou424bo4,K. Abello,,,Orlando Pride,Away
2823540997,574,45,2,80,27,dtucewmt49th1p4selfutmnmc,0,76.6,10.0,2025-06-21T01:49:03.448Z,2025-06-21T01:49:09Z,"[{'id': 5776187551, 'qualifierId': 286}, {'id': 5776187579, 'qualifierId': 233, 'value': '692'}, {'id': 5776187549, 'qualifierId': 56, 'value': 'Right'}]",7hrw0exutge376ai2uf6frw4q,L. Milliet,,,Racing Louisville,Home
2823541001,692,3,2,80,27,966pdxhsoxaib9qt5083h8uus,1,23.4,90.0,2025-06-21T01:49:03.448Z,2025-06-21T01:49:08Z,"[{'id': 5776187573, 'qualifierId': 233, 'value': '574'}, {'id': 5776187571, 'qualifierId': 285}, {'id': 5776187569, 'qualifierId': 56, 'value': 'Back'}]",dyfsbff9jueyw5jhjou424bo4,K. Abello,,,Orlando Pride,Away
2823541007,693,1,2,80,30,966pdxhsoxaib9qt5083h8uus,1,31.1,87.0,2025-06-21T01:49:05.927Z,2025-06-21T01:49:08Z,"[{'id': 5776187613, 'qualifierId': 212, 'value': '11.3'}, {'id': 5776187611, 'qualifierId': 141, 'value': '92.7'}, {'id': 5776187607, 'qualifierId': 56, 'value': 'Back'}, {'id': 5776187615, 'qualifierId': 213, 'value': '0.35'}, {'id': 5776187609, 'qualifierId': 140, 'value': '41.2'}]",dyfsbff9jueyw5jhjou424bo4,K. Abello,,,Orlando Pride,Away
2823541021,694,1,2,80,31,966pdxhsoxaib9qt5083h8uus,1,44.2,92.6,2025-06-21T01:49:07.447Z,2025-06-21T01:49:11Z,"[{'id': 5776187685, 'qualifierId': 213, 'value': '5.35'}, {'id': 5776187681, 'qualifierId': 141, 'value': '73.2'}, {'id': 5776187679, 'qualifierId': 140, 'value': '53.6'}, {'id': 5776187677, 'qualifierId': 56, 'value': 'Center'}, {'id': 5776187683, 'qualifierId': 212, 'value': '16.5'}]",6zvfcc67po0ofvl1twrv13tg5,C. Pickett,,,Orlando Pride,Away
2823541045,695,1,2,80,35,966pdxhsoxaib9qt5083h8uus,1,47.4,72.9,2025-06-21T01:49:11.687Z,2025-06-21T01:49:16Z,"[{'id': 5776187789, 'qualifierId': 140, 'value': '45.0'}, {'id': 5776187787, 'qualifierId': 56, 'value': 'Back'}, {'id': 5776187791, 'qualifierId': 141, 'value': '81.3'}, {'id': 5776187795, 'qualifierId': 213, 'value': '1.99'}, {'id': 5776187793, 'qualifierId': 212, 'value': '6.2'}]",6fhiz0epsutfcs1xqfhcuomad,M. Gautrat,,,Orlando Pride,Away
2823541055,696,1,2,80,40,966pdxhsoxaib9qt5083h8uus,0,65.0,81.2,2025-06-21T01:49:16.712Z,2025-06-21T01:49:19Z,"[{'id': 5776187849, 'qualifierId': 212, 'value': '6.6'}, {'id': 5776187847, 'qualifierId': 141, 'value': '72.9'}, {'id': 5776187843, 'qualifierId': 56, 'value': 'Center'}, {'id': 5776187851, 'qualifierId': 213, 'value': '5.26'}, {'id': 5776187845, 'qualifierId': 140, 'value': '68.3'}]",dyfsbff9jueyw5jhjou424bo4,K. Abello,,,Orlando Pride,Away
2823541053,575,1,2,80,41,dtucewmt49th1p4selfutmnmc,0,35.1,13.7,2025-06-21T01:49:17.519Z,2025-06-21T01:49:20Z,"[{'id': 5776187879, 'qualifierId': 286}, {'id': 5776187873, 'qualifierId': 236}, {'id': 5776187875, 'qualifierId': 233, 'value': '697'}, {'id': 5776187829, 'qualifierId': 56, 'value': 'Back'}, {'id': 5776187837, 'qualifierId': 213, 'value': '1.81'}, {'id': 5776187831, 'qualifierId': 140, 'value': '34.5'}, {'id': 5776187835, 'qualifierId': 212, 'value': '2.7'}, {'id': 5776187833, 'qualifierId': 141, 'value': '17.5'}]",7hrw0exutge376ai2uf6frw4q,L. Milliet,,,Racing Louisville,Home
2823541059,697,74,2,80,41,966pdxhsoxaib9qt5083h8uus,1,68.3,72.9,2025-06-21T01:49:17.520Z,2025-06-21T02:11:06Z,"[{'id': 5776187885, 'qualifierId': 233, 'value': '575'}, {'id': 5776187857, 'qualifierId': 56, 'value': 'Center'}, {'id': 5776187859, 'qualifierId': 285}]",6zvfcc67po0ofvl1twrv13tg5,C. Pickett,1.0,,Orlando Pride,Away
2823541067,576,45,2,80,45,dtucewmt49th1p4selfutmnmc,0,22.8,28.9,2025-06-21T01:49:21.695Z,2025-06-21T02:11:14Z,"[{'id': 5776187907, 'qualifierId': 285}, {'id': 5776187905, 'qualifierId': 56, 'value': 'Back'}, {'id': 5776187977, 'qualifierId': 233, 'value': '698'}]",8q0rkr3gz7hz1ssdx3fkro0a2,T. Flint,,,Racing Louisville,Home
2823541073,698,3,2,80,45,966pdxhsoxaib9qt5083h8uus,1,77.2,71.1,2025-06-21T01:49:21.695Z,2025-06-21T02:11:14Z,"[{'id': 5776187939, 'qualifierId': 286}, {'id': 5776187937, 'qualifierId': 56, 'value': 'Center'}, {'id': 5776187973, 'qualifierId': 233, 'value': '576'}]",e2obgph6szyo04em3qr94g1qt,B. Banda,,,Orlando Pride,Away
2823541075,699,15,2,80,46,966pdxhsoxaib9qt5083h8uus,1,80.4,67.2,2025-06-21T01:49:22.744Z,2025-06-21T01:49:28Z,"[{'id': 5776188075, 'qualifierId': 29}, {'id': 5776188081, 'qualifierId': 102, 'value': '50.3'}, {'id': 5776188085, 'qualifierId': 146, 'value': '98.5'}, {'id': 5776188083, 'qualifierId': 103, 'value': '10.8'}, {'id': 5776188073, 'qualifierId': 78}, {'id': 5776187945, 'qualifierId': 56, 'value': 'Center'}, {'id': 5776187941, 'qualifierId': 22}, {'id': 5776188077, 'qualifierId': 55, 'value': '697'}, {'id': 5776188091, 'qualifierId': 233, 'value': '577'}, {'id': 5776187943, 'qualifierId': 18}, {'id': 5776188087, 'qualifierId': 147, 'value': '52.2'}, {'id': 5776187985, 'qualifierId': 20}]",e2obgph6szyo04em3qr94g1qt,B. Banda,,,Orlando Pride,Away
2823541077,577,10,2,80,46,dtucewmt49th1p4selfutmnmc,1,0.8,48.8,2025-06-21T01:49:22.844Z,2025-06-21T01:49:29Z,"[{'id': 5776188063, 'qualifierId': 177}, {'id': 5776188095, 'qualifierId': 233, 'value': '699'}, {'id': 5776187959, 'qualifierId': 56, 'value': 'Back'}, {'id': 5776187957, 'qualifierId': 182}, {'id': 5776188065, 'qualifierId': 180}]",24lhpn1z5ikitapll48t1z7kk,J. Bloomer,,,Racing Louisville,Home
2823541097,578,52,2,80,47,dtucewmt49th1p4selfutmnmc,1,0.8,48.8,2025-06-21T01:49:23.802Z,2025-06-21T01:49:27Z,[],24lhpn1z5ikitapll48t1z7kk,J. Bloomer,,,Racing Louisville,Home
2823541113,579,80,2,81,4,dtucewmt49th1p4selfutmnmc,0,16.2,65.4,2025-06-21T01:49:40.065Z,2025-06-21T01:49:40Z,[],24lhpn1z5ikitapll48t1z7kk,J. Bloomer,,,Racing Louisville,Home
2823541125,580,1,2,81,7,dtucewmt49th1p4selfutmnmc,0,19.4,65.3,2025-06-21T01:49:43.039Z,2025-06-21T01:49:48Z,"[{'id': 5776188215, 'qualifierId': 140, 'value': '79.3'}, {'id': 5776188223, 'qualifierId': 1}, {'id': 5776188211, 'qualifierId': 198}, {'id': 5776188221, 'qualifierId': 213, 'value': '0.15'}, {'id': 5776188219, 'qualifierId': 212, 'value': '63.6'}, {'id': 5776188213, 'qualifierId': 56, 'value': 'Left'}, {'id': 5776188209, 'qualifierId': 157}, {'id': 5776188217, 'qualifierId': 141, 'value': '79.2'}]",24lhpn1z5ikitapll48t1z7kk,J. Bloomer,,,Racing Louisville,Home
2823541129,700,49,2,81,13,966pdxhsoxaib9qt5083h8uus,1,33.2,24.2,2025-06-21T01:49:49.623Z,2025-06-21T01:49:49Z,[],9yvkpwm78jaqr321imfc3rrbo,E. Sams,,,Orlando Pride,Away
2823541145,701,1,2,81,16,966pdxhsoxaib9qt5083h8uus,1,32.3,22.0,2025-06-21T01:49:51.912Z,2025-06-21T01:49:55Z,"[{'id': 5776188327, 'qualifierId': 213, 'value': '0.68'}, {'id': 5776188319, 'qualifierId': 56, 'value': 'Back'}, {'id': 5776188321, 'qualifierId': 140, 'value': '36.5'}, {'id': 5776188325, 'qualifierId': 212, 'value': '5.7'}, {'id': 5776188323, 'qualifierId': 141, 'value': '27.2'}]",9yvkpwm78jaqr321imfc3rrbo,E. Sams,,,Orlando Pride,Away
2823541185,702,1,2,81,19,966pdxhsoxaib9qt5083h8uus,1,36.9,28.3,2025-06-21T01:49:54.952Z,2025-06-21T01:50:29Z,"[{'id': 5776188567, 'qualifierId': 56, 'value': 'Center'}, {'id': 5776188571, 'qualifierId': 141, 'value': '55.7'}, {'id': 5776188575, 'qualifierId': 213, 'value': '0.51'}, {'id': 5776188573, 'qualifierId': 212, 'value': '37.9'}, {'id': 5776188569, 'qualifierId': 140, 'value': '68.3'}, {'id': 5776188565, 'qualifierId': 155}, {'id': 5776189073, 'qualifierId': 210, 'value': '13'}, {'id': 5776188577, 'qualifierId': 1}]",6uui5rxnfn6y5rkcsbuloiui,A. Lemos,1.0,,Orlando Pride,Away
2823541189,703,13,2,81,27,966pdxhsoxaib9qt5083h8uus,1,78.4,53.4,2025-06-21T01:50:03.736Z,2025-06-21T01:50:29Z,"[{'id': 5776189083, 'qualifierId': 102, 'value': '31.4'}, {'id': 5776188587, 'qualifierId': 56, 'value': 'Center'}, {'id': 5776189085, 'qualifierId': 103, 'value': '50'}, {'id': 5776189075, 'qualifierId': 81}, {'id': 5776189091, 'qualifierId': 231, 'value': '51.1'}, {'id': 5776188763, 'qualifierId': 20}, {'id': 5776189087, 'qualifierId': 215}, {'id': 5776188583, 'qualifierId': 22}, {'id': 5776189077, 'qualifierId': 29}, {'id': 5776188585, 'qualifierId': 18}, {'id': 5776189089, 'qualifierId': 230, 'value': '98.5'}, {'id': 5776189079, 'qualifierId': 55, 'value': '702'}]",e2obgph6szyo04em3qr94g1qt,B. Banda,,,Orlando Pride,Away
2823541289,581,5,2,81,31,dtucewmt49th1p4selfutmnmc,1,-1.4,62.6,2025-06-21T01:50:07.715Z,2025-06-21T02:11:00Z,"[{'id': 5776189203, 'qualifierId': 346}, {'id': 5776189215, 'qualifierId': 233, 'value': '705'}, {'id': 5776189201, 'qualifierId': 56, 'value': 'Back'}]",2mlyh9k0yhv8862rj6hu26j8p,E. Jean,,,Racing Louisville,Home
2823541225,705,5,2,81,31,966pdxhsoxaib9qt5083h8uus,0,101.4,37.4,2025-06-21T01:50:07.715Z,2025-06-21T02:11:00Z,"[{'id': 5776189223, 'qualifierId': 233, 'value': '581'}, {'id': 5776188761, 'qualifierId': 346}, {'id': 5776188759, 'qualifierId': 56, 'value': 'Center'}]",e2obgph6szyo04em3qr94g1qt,B. Banda,,,Orlando Pride,Away
2823541295,582,1,2,81,59,dtucewmt49th1p4selfutmnmc,1,5.5,50.0,2025-06-21T01:50:34.978Z,2025-06-21T01:50:39Z,"[{'id': 5776189275, 'qualifierId': 74}, {'id': 5776189271, 'qualifierId': 1}, {'id': 5776189267, 'qualifierId': 212, 'value': '53.6'}, {'id': 5776189261, 'qualifierId': 56, 'value': 'Center'}, {'id': 5776189259, 'qualifierId': 124}, {'id': 5776189265, 'qualifierId': 141, 'value': '48.1'}, {'id': 5776189263, 'qualifierId': 140, 'value': '56.5'}, {'id': 5776189269, 'qualifierId': 213, 'value': '6.26'}]",24lhpn1z5ikitapll48t1z7kk,J. Bloomer,,,Racing Louisville,Home
2823541299,583,1,2,82,3,dtucewmt49th1p4selfutmnmc,1,56.5,48.1,2025-06-21T01:50:39.010Z,2025-06-21T01:50:40Z,"[{'id': 5776189301, 'qualifierId': 212, 'value': '13.1'}, {'id': 5776189293, 'qualifierId': 168}, {'id': 5776189299, 'qualifierId': 141, 'value': '56.6'}, {'id': 5776189297, 'qualifierId': 140, 'value': '67.7'}, {'id': 5776189291, 'qualifierId': 3}, {'id': 5776189303, 'qualifierId': 213, 'value': '0.46'}, {'id': 5776189295, 'qualifierId': 56, 'value': 'Center'}]",8q0rkr3gz7hz1ssdx3fkro0a2,T. Flint,,,Racing Louisville,Home
2823541303,584,44,2,82,4,dtucewmt49th1p4selfutmnmc,1,61.6,59.4,2025-06-21T01:50:40.818Z,2025-06-21T02:11:19Z,"[{'id': 5776189313, 'qualifierId': 286}, {'id': 5776189315, 'qualifierId': 233, 'value': '706'}, {'id': 5776189311, 'qualifierId': 56, 'value': 'Center'}]",aackuqvi6nlca566oisw0wc9g,E. Hase,,,Racing Louisville,Home
2823541301,706,44,2,82,4,966pdxhsoxaib9qt5083h8uus,0,38.4,40.6,2025-06-21T01:50:40.819Z,2025-06-21T02:11:19Z,"[{'id': 5776189319, 'qualifierId': 233, 'value': '584'}, {'id': 5776189307, 'qualifierId': 56, 'value': 'Back'}, {'id': 5776189309, 'qualifierId': 285}]",6uui5rxnfn6y5rkcsbuloiui,A. Lemos,,,Orlando Pride,Away
2823541305,585,1,2,82,5,dtucewmt49th1p4selfutmnmc,0,67.7,56.6,2025-06-21T01:50:41.442Z,2025-06-21T01:50:42Z,"[{'id': 5776189325, 'qualifierId': 56, 'value': 'Center'}, {'id': 5776189331, 'qualifierId': 212, 'value': '8.8'}, {'id': 5776189323, 'qualifierId': 3}, {'id': 5776189333, 'qualifierId': 213, 'value': '5.15'}, {'id': 5776189329, 'qualifierId': 141, 'value': '44.9'}, {'id': 5776189327, 'qualifierId': 140, 'value': '71.2'}]",aackuqvi6nlca566oisw0wc9g,E. Hase,,,Racing Louisville,Home
2823541309,707,1,2,82,6,966pdxhsoxaib9qt5083h8uus,1,35.4,52.5,2025-06-21T01:50:42.664Z,2025-06-21T01:50:45Z,"[{'id': 5776189391, 'qualifierId': 1}, {'id': 5776189387, 'qualifierId': 212, 'value': '32.6'}, {'id': 5776189381, 'qualifierId': 56, 'value': 'Center'}, {'id': 5776189385, 'qualifierId': 141, 'value': '53.9'}, {'id': 5776189383, 'qualifierId': 140, 'value': '66.4'}, {'id': 5776189379, 'qualifierId': 157}, {'id': 5776189389, 'qualifierId': 213, 'value': '0.03'}]",1uf4321zvio3hrwfu4z4jxp7t,K. Nadaner,,,Orlando Pride,Away
2823541311,708,61,2,82,9,966pdxhsoxaib9qt5083h8uus,0,66.4,53.9,2025-06-21T01:50:45.767Z,2025-06-21T01:50:46Z,"[{'id': 5776189395, 'qualifierId': 56, 'value': 'Center'}]",e2obgph6szyo04em3qr94g1qt,B. Banda,,,Orlando Pride,Away
2823541319,586,1,2,82,12,dtucewmt49th1p4selfutmnmc,1,33.4,48.1,2025-06-21T01:50:48.849Z,2025-06-21T01:50:50Z,"[{'id': 5776189473, 'qualifierId': 213, 'value': '0.76'}, {'id': 5776189465, 'qualifierId': 56, 'value': 'Back'}, {'id': 5776189469, 'qualifierId': 141, 'value': '55.8'}, {'id': 5776189467, 'qualifierId': 140, 'value': '38.6'}, {'id': 5776189471, 'qualifierId': 212, 'value': '7.6'}]",2mlyh9k0yhv8862rj6hu26j8p,E. Jean,,,Racing Louisville,Home
2823541323,587,1,2,82,14,dtucewmt49th1p4selfutmnmc,0,39.5,59.3,2025-06-21T01:50:50.721Z,2025-06-21T01:50:51Z,"[{'id': 5776189497, 'qualifierId': 213, 'value': '0.83'}, {'id': 5776189493, 'qualifierId': 141, 'value': '89.9'}, {'id': 5776189495, 'qualifierId': 212, 'value': '28.1'}, {'id': 5776189491, 'qualifierId': 140, 'value': '57.5'}, {'id': 5776189489, 'qualifierId': 56, 'value': 'Left'}]",1mym43khm3hlhzbj42tbnjlec,K. O'Kane,,,Racing Louisville,Home
2823541325,709,49,2,82,17,966pdxhsoxaib9qt5083h8uus,1,51.4,24.8,2025-06-21T01:50:53.160Z,2025-06-21T01:50:53Z,[],eigt6t2rj0k98zt1isqrvtvqh,A. Watt,,,Orlando Pride,Away
2823541341,710,4,2,82,21,966pdxhsoxaib9qt5083h8uus,1,60.8,30.8,2025-06-21T01:50:57.479Z,2025-06-21T01:51:01Z,"[{'id': 5776189617, 'qualifierId': 13}, {'id': 5776189627, 'qualifierId': 233, 'value': '588'}, {'id': 5776189625, 'qualifierId': 286}, {'id': 5776189619, 'qualifierId': 56, 'value': 'Center'}, {'id': 5776189621, 'qualifierId': 152}, {'id': 5776189623, 'qualifierId': 265}]",eigt6t2rj0k98zt1isqrvtvqh,A. Watt,,,Orlando Pride,Away
2823541343,588,4,2,82,21,dtucewmt49th1p4selfutmnmc,0,39.2,69.2,2025-06-21T01:50:57.480Z,2025-06-21T01:51:32Z,"[{'id': 5776189593, 'qualifierId': 13}, {'id': 5776189599, 'qualifierId': 265}, {'id': 5776189595, 'qualifierId': 56, 'value': 'Back'}, {'id': 5776190249, 'qualifierId': 55, 'value': '589'}, {'id': 5776189597, 'qualifierId': 152}, {'id': 5776189601, 'qualifierId': 285}, {'id': 5776189645, 'qualifierId': 233, 'value': '710'}]",1mym43khm3hlhzbj42tbnjlec,K. O'Kane,,,Racing Louisville,Home
2823541367,589,17,2,82,30,dtucewmt49th1p4selfutmnmc,1,0.0,0.0,2025-06-21T01:51:05.987Z,2025-06-21T01:51:32Z,"[{'id': 5776190231, 'qualifierId': 13, 'value': '243'}, {'id': 5776190229, 'qualifierId': 392}, {'id': 5776190227, 'qualifierId': 31}, {'id': 5776190233, 'qualifierId': 55, 'value': '588'}]",1mym43khm3hlhzbj42tbnjlec,K. O'Kane,,,Racing Louisville,Home
2823541497,711,1,2,83,25,966pdxhsoxaib9qt5083h8uus,1,63.1,29.2,2025-06-21T01:52:01.046Z,2025-06-21T01:52:03Z,"[{'id': 5776190509, 'qualifierId': 56, 'value': 'Center'}, {'id': 5776190505, 'qualifierId': 5}, {'id': 5776190517, 'qualifierId': 213, 'value': '5.85'}, {'id': 5776190511, 'qualifierId': 140, 'value': '65.5'}, {'id': 5776190515, 'qualifierId': 212, 'value': '2.8'}, {'id': 5776190507, 'qualifierId': 152}, {'id': 5776190513, 'qualifierId': 141, 'value': '27.5'}]",23nuijdnnuiwzkd5cf7jbyajt,Angelina,,,Orlando Pride,Away
2823541503,712,1,2,83,27,966pdxhsoxaib9qt5083h8uus,1,67.1,32.5,2025-06-21T01:52:03.575Z,2025-06-21T01:52:07Z,"[{'id': 5776190563, 'qualifierId': 141, 'value': '53.4'}, {'id': 5776190565, 'qualifierId': 212, 'value': '14.6'}, {'id': 5776190559, 'qualifierId': 56, 'value': 'Center'}, {'id': 5776190561, 'qualifierId': 140, 'value': '70.4'}, {'id': 5776190567, 'qualifierId': 213, 'value': '1.33'}]",6zvfcc67po0ofvl1twrv13tg5,C. Pickett,,,Orlando Pride,Away
2823541525,713,1,2,83,31,966pdxhsoxaib9qt5083h8uus,1,71.8,54.2,2025-06-21T01:52:07.463Z,2025-06-21T01:52:15Z,"[{'id': 5776190703, 'qualifierId': 213, 'value': '0.81'}, {'id': 5776190697, 'qualifierId': 140, 'value': '89.1'}, {'id': 5776190699, 'qualifierId': 141, 'value': '82.2'}, {'id': 5776190695, 'qualifierId': 56, 'value': 'Left'}, {'id': 5776190701, 'qualifierId': 212, 'value': '26.3'}]",1uf4321zvio3hrwfu4z4jxp7t,K. Nadaner,,,Orlando Pride,Away
2823541531,714,3,2,83,38,966pdxhsoxaib9qt5083h8uus,0,93.8,83.7,2025-06-21T01:52:14.307Z,2025-06-21T02:11:12Z,"[{'id': 5776190913, 'qualifierId': 233, 'value': '590'}, {'id': 5776190727, 'qualifierId': 56, 'value': 'Left'}, {'id': 5776190729, 'qualifierId': 286}]",dyfsbff9jueyw5jhjou424bo4,K. Abello,,,Orlando Pride,Away
2823541527,590,7,2,83,38,dtucewmt49th1p4selfutmnmc,0,6.2,16.3,2025-06-21T01:52:14.308Z,2025-06-21T02:11:12Z,"[{'id': 5776190709, 'qualifierId': 285}, {'id': 5776190707, 'qualifierId': 56, 'value': 'Back'}, {'id': 5776190931, 'qualifierId': 233, 'value': '714'}]",8q0rkr3gz7hz1ssdx3fkro0a2,T. Flint,,,Racing Louisville,Home
2823541545,715,1,2,83,41,966pdxhsoxaib9qt5083h8uus,1,94.2,83.6,2025-06-21T01:52:17.815Z,2025-06-21T01:52:21Z,"[{'id': 5776190813, 'qualifierId': 213, 'value': '2.75'}, {'id': 5776190809, 'qualifierId': 212, 'value': '12.9'}, {'id': 5776190797, 'qualifierId': 56, 'value': 'Left'}, {'id': 5776190805, 'qualifierId': 141, 'value': '90.8'}, {'id': 5776190801, 'qualifierId': 140, 'value': '82.8'}]",dyfsbff9jueyw5jhjou424bo4,K. Abello,,,Orlando Pride,Away
2823541547,716,1,2,83,45,966pdxhsoxaib9qt5083h8uus,0,82.0,90.8,2025-06-21T01:52:21.111Z,2025-06-21T01:52:22Z,"[{'id': 5776190823, 'qualifierId': 56, 'value': 'Center'}, {'id': 5776190829, 'qualifierId': 212, 'value': '33.3'}, {'id': 5776190821, 'qualifierId': 155}, {'id': 5776190819, 'qualifierId': 2}, {'id': 5776190825, 'qualifierId': 140, 'value': '96.1'}, {'id': 5776190827, 'qualifierId': 141, 'value': '47.0'}, {'id': 5776190833, 'qualifierId': 1}, {'id': 5776190831, 'qualifierId': 213, 'value': '5.17'}]",6uui5rxnfn6y5rkcsbuloiui,A. Lemos,,,Orlando Pride,Away
2823541555,591,12,2,83,47,dtucewmt49th1p4selfutmnmc,1,6.5,51.9,2025-06-21T01:52:23.701Z,2025-06-21T01:52:26Z,"[{'id': 5776190861, 'qualifierId': 141, 'value': '66.6'}, {'id': 5776190873, 'qualifierId': 15}, {'id': 5776190865, 'qualifierId': 213, 'value': '2.24'}, {'id': 5776190857, 'qualifierId': 56, 'value': 'Back'}, {'id': 5776190859, 'qualifierId': 140, 'value': '0.0'}, {'id': 5776190863, 'qualifierId': 212, 'value': '12.8'}, {'id': 5776190867, 'qualifierId': 167}]",aoa88ulpguvr42b0a1jn8dfys,S. Weber,,,Racing Louisville,Home
2823541557,592,6,2,83,48,dtucewmt49th1p4selfutmnmc,0,0.8,61.5,2025-06-21T01:52:23.974Z,2025-06-21T02:03:20Z,"[{'id': 5776190943, 'qualifierId': 73}, {'id': 5776190949, 'qualifierId': 233, 'value': '717'}, {'id': 5776190941, 'qualifierId': 56, 'value': 'Back'}]",aoa88ulpguvr42b0a1jn8dfys,S. Weber,,,Racing Louisville,Home
2823541553,717,6,2,83,48,966pdxhsoxaib9qt5083h8uus,1,99.2,38.5,2025-06-21T01:52:23.974Z,2025-06-21T02:03:20Z,"[{'id': 5776190869, 'qualifierId': 56, 'value': 'Center'}, {'id': 5776190871, 'qualifierId': 75}, {'id': 5776190945, 'qualifierId': 233, 'value': '592'}]",6uui5rxnfn6y5rkcsbuloiui,A. Lemos,,,Orlando Pride,Away
2823541615,718,1,2,84,7,966pdxhsoxaib9qt5083h8uus,1,99.7,0.1,2025-06-21T01:52:42.998Z,2025-06-21T01:52:50Z,"[{'id': 5776191313, 'qualifierId': 212, 'value': '14.5'}, {'id': 5776191315, 'qualifierId': 213, 'value': '2.64'}, {'id': 5776191307, 'qualifierId': 56, 'value': 'Right'}, {'id': 5776191311, 'qualifierId': 141, 'value': '10.4'}, {'id': 5776191305, 'qualifierId': 6}, {'id': 5776191309, 'qualifierId': 140, 'value': '87.6'}]",23nuijdnnuiwzkd5cf7jbyajt,Angelina,,,Orlando Pride,Away
2823541623,719,3,2,84,12,966pdxhsoxaib9qt5083h8uus,0,93.2,14.6,2025-06-21T01:52:48.421Z,2025-06-21T02:11:13Z,"[{'id': 5776191357, 'qualifierId': 233, 'value': '593'}, {'id': 5776191339, 'qualifierId': 286}, {'id': 5776191337, 'qualifierId': 56, 'value': 'Right'}]",13mfu77eipda4tqe1grek3a7e,S. Jackson,,,Orlando Pride,Away
2823541621,593,7,2,84,12,dtucewmt49th1p4selfutmnmc,1,6.8,85.4,2025-06-21T01:52:48.422Z,2025-06-21T02:11:12Z,"[{'id': 5776191331, 'qualifierId': 167}, {'id': 5776191347, 'qualifierId': 233, 'value': '719'}, {'id': 5776191335, 'qualifierId': 285}, {'id': 5776191333, 'qualifierId': 56, 'value': 'Back'}]",aackuqvi6nlca566oisw0wc9g,E. Hase,,,Racing Louisville,Home
2823541627,594,6,2,84,13,dtucewmt49th1p4selfutmnmc,0,5.2,84.8,2025-06-21T01:52:49.429Z,2025-06-21T01:52:54Z,"[{'id': 5776191373, 'qualifierId': 73}, {'id': 5776191411, 'qualifierId': 233, 'value': '720'}, {'id': 5776191371, 'qualifierId': 56, 'value': 'Back'}]",aackuqvi6nlca566oisw0wc9g,E. Hase,,,Racing Louisville,Home
2823541633,720,6,2,84,13,966pdxhsoxaib9qt5083h8uus,1,94.8,15.2,2025-06-21T01:52:49.429Z,2025-06-21T02:03:20Z,"[{'id': 5776191399, 'qualifierId': 75}, {'id': 5776191397, 'qualifierId': 56, 'value': 'Right'}, {'id': 5776191405, 'qualifierId': 233, 'value': '594'}]",13mfu77eipda4tqe1grek3a7e,S. Jackson,,,Orlando Pride,Away
2823541689,721,1,2,84,26,966pdxhsoxaib9qt5083h8uus,1,99.5,0.5,2025-06-21T01:53:02.055Z,2025-06-21T01:53:06Z,"[{'id': 5776191647, 'qualifierId': 141, 'value': '13.3'}, {'id': 5776191651, 'qualifierId': 213, 'value': '2.45'}, {'id': 5776191645, 'qualifierId': 140, 'value': '89.4'}, {'id': 5776191641, 'qualifierId': 6}, {'id': 5776191649, 'qualifierId': 212, 'value': '13.7'}, {'id': 5776191643, 'qualifierId': 56, 'value': 'Right'}]",23nuijdnnuiwzkd5cf7jbyajt,Angelina,,,Orlando Pride,Away
2823541693,722,1,2,84,29,966pdxhsoxaib9qt5083h8uus,1,89.6,13.1,2025-06-21T01:53:05.670Z,2025-06-21T01:53:07Z,"[{'id': 5776191675, 'qualifierId': 141, 'value': '13.7'}, {'id': 5776191671, 'qualifierId': 56, 'value': 'Right'}, {'id': 5776191679, 'qualifierId': 213, 'value': '3.11'}, {'id': 5776191677, 'qualifierId': 212, 'value': '13.8'}, {'id': 5776191673, 'qualifierId': 140, 'value': '76.5'}]",13mfu77eipda4tqe1grek3a7e,S. Jackson,,,Orlando Pride,Away
2823541707,723,1,2,84,31,966pdxhsoxaib9qt5083h8uus,1,77.4,13.4,2025-06-21T01:53:07.174Z,2025-06-21T01:53:09Z,"[{'id': 5776191763, 'qualifierId': 141, 'value': '31.9'}, {'id': 5776191759, 'qualifierId': 56, 'value': 'Center'}, {'id': 5776191765, 'qualifierId': 212, 'value': '15.1'}, {'id': 5776191761, 'qualifierId': 140, 'value': '69.5'}, {'id': 5776191767, 'qualifierId': 213, 'value': '2.15'}]",23nuijdnnuiwzkd5cf7jbyajt,Angelina,,,Orlando Pride,Away
2823541713,724,1,2,84,33,966pdxhsoxaib9qt5083h8uus,0,69.5,31.9,2025-06-21T01:53:09.303Z,2025-06-21T01:53:10Z,"[{'id': 5776191793, 'qualifierId': 213, 'value': '0.26'}, {'id': 5776191785, 'qualifierId': 56, 'value': 'Center'}, {'id': 5776191787, 'qualifierId': 140, 'value': '78.4'}, {'id': 5776191789, 'qualifierId': 141, 'value': '35.5'}, {'id': 5776191791, 'qualifierId': 212, 'value': '9.7'}]",6zvfcc67po0ofvl1twrv13tg5,C. Pickett,,,Orlando Pride,Away
2823541719,595,49,2,84,37,dtucewmt49th1p4selfutmnmc,1,27.9,72.9,2025-06-21T01:53:13.126Z,2025-06-21T02:11:08Z,[],7hrw0exutge376ai2uf6frw4q,L. Milliet,,,Racing Louisville,Home
2823541725,596,1,2,84,37,dtucewmt49th1p4selfutmnmc,0,27.9,72.9,2025-06-21T01:53:13.622Z,2025-06-21T01:53:36Z,"[{'id': 5776191851, 'qualifierId': 56, 'value': 'Center'}, {'id': 5776191855, 'qualifierId': 141, 'value': '60.3'}, {'id': 5776191861, 'qualifierId': 1}, {'id': 5776191853, 'qualifierId': 140, 'value': '58.9'}, {'id': 5776191849, 'qualifierId': 155}, {'id': 5776191859, 'qualifierId': 213, 'value': '6.03'}, {'id': 5776191857, 'qualifierId': 212, 'value': '33.7'}]",7hrw0exutge376ai2uf6frw4q,L. Milliet,,,Racing Louisville,Home
2823541737,725,49,2,84,39,966pdxhsoxaib9qt5083h8uus,1,40.1,32.5,2025-06-21T01:53:15.511Z,2025-06-21T01:53:15Z,[],7e8f4kfwcucaj4239xz0rai1h,A. Moorhouse,,,Orlando Pride,Away
2823541767,726,1,2,84,40,966pdxhsoxaib9qt5083h8uus,1,40.1,32.5,2025-06-21T01:53:16.231Z,2025-06-21T01:53:21Z,"[{'id': 5776192027, 'qualifierId': 213, 'value': '5.97'}, {'id': 5776192021, 'qualifierId': 140, 'value': '61.0'}, {'id': 5776192019, 'qualifierId': 56, 'value': 'Center'}, {'id': 5776192025, 'qualifierId': 212, 'value': '23.1'}, {'id': 5776192023, 'qualifierId': 141, 'value': '22.0'}]",7e8f4kfwcucaj4239xz0rai1h,A. Moorhouse,,,Orlando Pride,Away
2823541769,727,1,2,84,44,966pdxhsoxaib9qt5083h8uus,0,63.7,21.2,2025-06-21T01:53:20.831Z,2025-06-21T02:11:21Z,"[{'id': 5776192063, 'qualifierId': 140, 'value': '68.3'}, {'id': 5776192069, 'qualifierId': 213, 'value': '0.29'}, {'id': 5776192067, 'qualifierId': 212, 'value': '5.0'}, {'id': 5776192061, 'qualifierId': 56, 'value': 'Center'}, {'id': 5776192065, 'qualifierId': 141, 'value': '23.3'}]",9yvkpwm78jaqr321imfc3rrbo,E. Sams,,,Orlando Pride,Away
2823541765,597,49,2,84,45,dtucewmt49th1p4selfutmnmc,1,39.8,86.0,2025-06-21T01:53:21.702Z,2025-06-21T01:53:21Z,[],7hrw0exutge376ai2uf6frw4q,L. Milliet,,,Racing Louisville,Home
2823541773,598,1,2,84,46,dtucewmt49th1p4selfutmnmc,1,39.8,86.0,2025-06-21T01:53:22.294Z,2025-06-21T01:53:27Z,"[{'id': 5776192099, 'qualifierId': 141, 'value': '86.9'}, {'id': 5776192103, 'qualifierId': 213, 'value': '0.09'}, {'id': 5776192097, 'qualifierId': 140, 'value': '46.4'}, {'id': 5776192095, 'qualifierId': 56, 'value': 'Back'}, {'id': 5776192101, 'qualifierId': 212, 'value': '7.0'}]",7hrw0exutge376ai2uf6frw4q,L. Milliet,,,Racing Louisville,Home
2823541775,599,61,2,84,49,dtucewmt49th1p4selfutmnmc,0,46.4,86.9,2025-06-21T01:53:25.078Z,2025-06-21T01:53:29Z,"[{'id': 5776192107, 'qualifierId': 56, 'value': 'Back'}]",asfd5wkedz1u29xt37r6or4rt,S. DeMelo,,,Racing Louisville,Home
2823541777,728,49,2,84,51,966pdxhsoxaib9qt5083h8uus,1,58.6,30.2,2025-06-21T01:53:27.750Z,2025-06-21T01:53:27Z,[],6fhiz0epsutfcs1xqfhcuomad,M. Gautrat,,,Orlando Pride,Away
2823541799,729,1,2,84,52,966pdxhsoxaib9qt5083h8uus,1,58.6,30.2,2025-06-21T01:53:28.326Z,2025-06-21T01:53:31Z,"[{'id': 5776192223, 'qualifierId': 212, 'value': '7.4'}, {'id': 5776192225, 'qualifierId': 213, 'value': '5.12'}, {'id': 5776192217, 'qualifierId': 56, 'value': 'Right'}, {'id': 5776192219, 'qualifierId': 140, 'value': '61.4'}, {'id': 5776192221, 'qualifierId': 141, 'value': '20.2'}]",6fhiz0epsutfcs1xqfhcuomad,M. Gautrat,,,Orlando Pride,Away
2823541815,730,1,2,84,56,966pdxhsoxaib9qt5083h8uus,1,61.1,20.0,2025-06-21T01:53:31.910Z,2025-06-21T01:53:35Z,"[{'id': 5776192309, 'qualifierId': 213, 'value': '2.65'}, {'id': 5776192303, 'qualifierId': 140, 'value': '44.0'}, {'id': 5776192305, 'qualifierId': 141, 'value': '34.0'}, {'id': 5776192301, 'qualifierId': 56, 'value': 'Back'}, {'id': 5776192307, 'qualifierId': 212, 'value': '20.3'}]",9yvkpwm78jaqr321imfc3rrbo,E. Sams,,,Orlando Pride,Away
2823541829,731,1,2,84,59,966pdxhsoxaib9qt5083h8uus,1,44.3,35.2,2025-06-21T01:53:35.239Z,2025-06-21T01:53:41Z,"[{'id': 5776192385, 'qualifierId': 140, 'value': '46.9'}, {'id': 5776192383, 'qualifierId': 56, 'value': 'Back'}, {'id': 5776192387, 'qualifierId': 141, 'value': '57.8'}, {'id': 5776192389, 'qualifierId': 212, 'value': '15.6'}, {'id': 5776192391, 'qualifierId': 213, 'value': '1.39'}]",1uf4321zvio3hrwfu4z4jxp7t,K. Nadaner,,,Orlando Pride,Away
2823541837,732,1,2,85,5,966pdxhsoxaib9qt5083h8uus,0,60.4,58.7,2025-06-21T01:53:41.207Z,2025-06-21T01:53:43Z,"[{'id': 5776192435, 'qualifierId': 140, 'value': '76.6'}, {'id': 5776192431, 'qualifierId': 155}, {'id': 5776192439, 'qualifierId': 212, 'value': '18.9'}, {'id': 5776192437, 'qualifierId': 141, 'value': '46.6'}, {'id': 5776192441, 'qualifierId': 213, 'value': '5.83'}, {'id': 5776192433, 'qualifierId': 56, 'value': 'Center'}]",6zvfcc67po0ofvl1twrv13tg5,C. Pickett,,,Orlando Pride,Away
2823541839,600,61,2,85,8,dtucewmt49th1p4selfutmnmc,1,23.0,68.6,2025-06-21T01:53:44.237Z,2025-06-21T02:10:20Z,"[{'id': 5776192443, 'qualifierId': 56, 'value': 'Back'}]",aackuqvi6nlca566oisw0wc9g,E. Hase,,,Racing Louisville,Home
2823541865,601,12,2,85,9,dtucewmt49th1p4selfutmnmc,1,20.8,66.2,2025-06-21T01:53:45.718Z,2025-06-21T02:10:22Z,"[{'id': 5776192569, 'qualifierId': 140, 'value': '22.8'}, {'id': 5776192575, 'qualifierId': 213, 'value': '0.10'}, {'id': 5776192571, 'qualifierId': 141, 'value': '66.5'}, {'id': 5776192585, 'qualifierId': 233, 'value': '733'}, {'id': 5776192567, 'qualifierId': 56, 'value': 'Back'}, {'id': 5776192583, 'qualifierId': 397}, {'id': 5776192573, 'qualifierId': 212, 'value': '2.1'}]",2x4vbu3htfozzwd8g7bdxeacp,C. Petersen,,,Racing Louisville,Home
2823541851,733,74,2,85,9,966pdxhsoxaib9qt5083h8uus,1,78.0,43.1,2025-06-21T01:53:45.719Z,2025-06-21T01:53:48Z,"[{'id': 5776192499, 'qualifierId': 285}, {'id': 5776192497, 'qualifierId': 56, 'value': 'Center'}, {'id': 5776192581, 'qualifierId': 233, 'value': '601'}, {'id': 5776192545, 'qualifierId': 397}]",13mfu77eipda4tqe1grek3a7e,S. Jackson,,,Orlando Pride,Away
2823541873,734,1,2,85,14,966pdxhsoxaib9qt5083h8uus,0,86.2,20.3,2025-06-21T01:53:50.527Z,2025-06-21T01:53:55Z,"[{'id': 5776192609, 'qualifierId': 2}, {'id': 5776192615, 'qualifierId': 140, 'value': '90.5'}, {'id': 5776192613, 'qualifierId': 56, 'value': 'Center'}, {'id': 5776192619, 'qualifierId': 212, 'value': '22.7'}, {'id': 5776192617, 'qualifierId': 141, 'value': '53.0'}, {'id': 5776192621, 'qualifierId': 213, 'value': '1.37'}]",eigt6t2rj0k98zt1isqrvtvqh,A. Watt,,,Orlando Pride,Away
2823541891,602,12,2,85,15,dtucewmt49th1p4selfutmnmc,1,9.6,46.7,2025-06-21T01:53:51.238Z,2025-06-21T01:53:56Z,"[{'id': 5776192691, 'qualifierId': 56, 'value': 'Back'}, {'id': 5776192695, 'qualifierId': 141, 'value': '14.0'}, {'id': 5776192693, 'qualifierId': 140, 'value': '18.7'}, {'id': 5776192697, 'qualifierId': 212, 'value': '24.2'}, {'id': 5776192699, 'qualifierId': 213, 'value': '5.12'}]",2mlyh9k0yhv8862rj6hu26j8p,E. Jean,,,Racing Louisville,Home
2823541897,735,1,2,85,20,966pdxhsoxaib9qt5083h8uus,1,87.4,82.8,2025-06-21T01:53:56.678Z,2025-06-21T01:53:58Z,"[{'id': 5776192709, 'qualifierId': 141, 'value': '76.4'}, {'id': 5776192705, 'qualifierId': 56, 'value': 'Center'}, {'id': 5776192711, 'qualifierId': 212, 'value': '7.7'}, {'id': 5776192707, 'qualifierId': 140, 'value': '93.5'}, {'id': 5776192713, 'qualifierId': 213, 'value': '5.69'}]",6zvfcc67po0ofvl1twrv13tg5,C. Pickett,,,Orlando Pride,Away
2823541901,736,1,2,85,22,966pdxhsoxaib9qt5083h8uus,0,94.7,75.6,2025-06-21T01:53:58.119Z,2025-06-21T01:54:00Z,"[{'id': 5776192735, 'qualifierId': 140, 'value': '90.5'}, {'id': 5776192739, 'qualifierId': 212, 'value': '15.5'}, {'id': 5776192737, 'qualifierId': 141, 'value': '53.7'}, {'id': 5776192741, 'qualifierId': 213, 'value': '4.42'}, {'id': 5776192729, 'qualifierId': 2}, {'id': 5776192733, 'qualifierId': 56, 'value': 'Center'}]",dyfsbff9jueyw5jhjou424bo4,K. Abello,,,Orlando Pride,Away
2823541919,603,12,2,85,24,dtucewmt49th1p4selfutmnmc,1,6.9,45.7,2025-06-21T01:54:00.477Z,2025-06-21T02:10:45Z,"[{'id': 5776192815, 'qualifierId': 140, 'value': '26.3'}, {'id': 5776192833, 'qualifierId': 167}, {'id': 5776192817, 'qualifierId': 141, 'value': '0.0'}, {'id': 5776192819, 'qualifierId': 212, 'value': '38.1'}, {'id': 5776192821, 'qualifierId': 213, 'value': '5.28'}, {'id': 5776192813, 'qualifierId': 56, 'value': 'Back'}]",8q0rkr3gz7hz1ssdx3fkro0a2,T. Flint,,,Racing Louisville,Home
2823541921,604,5,2,85,25,dtucewmt49th1p4selfutmnmc,0,25.7,-1.0,2025-06-21T01:54:01.845Z,2025-06-21T02:11:00Z,"[{'id': 5776192825, 'qualifierId': 56, 'value': 'Back'}, {'id': 5776192827, 'qualifierId': 347}, {'id': 5776192899, 'qualifierId': 233, 'value': '737'}]",aoa88ulpguvr42b0a1jn8dfys,S. Weber,,,Racing Louisville,Home
2823541931,737,5,2,85,25,966pdxhsoxaib9qt5083h8uus,1,74.3,101.0,2025-06-21T01:54:01.845Z,2025-06-21T02:11:00Z,"[{'id': 5776192891, 'qualifierId': 233, 'value': '604'}, {'id': 5776192865, 'qualifierId': 347}, {'id': 5776192863, 'qualifierId': 56, 'value': 'Left'}]",dyfsbff9jueyw5jhjou424bo4,K. Abello,,,Orlando Pride,Away
2823541939,738,1,2,85,30,966pdxhsoxaib9qt5083h8uus,1,74.1,100.0,2025-06-21T01:54:06.519Z,2025-06-21T01:54:08Z,"[{'id': 5776192937, 'qualifierId': 212, 'value': '7.3'}, {'id': 5776192929, 'qualifierId': 107}, {'id': 5776192939, 'qualifierId': 213, 'value': '5.17'}, {'id': 5776192933, 'qualifierId': 140, 'value': '77.2'}, {'id': 5776192935, 'qualifierId': 141, 'value': '91.5'}, {'id': 5776192931, 'qualifierId': 56, 'value': 'Left'}]",1uf4321zvio3hrwfu4z4jxp7t,K. Nadaner,,,Orlando Pride,Away
2823541949,739,1,2,85,32,966pdxhsoxaib9qt5083h8uus,1,75.9,91.2,2025-06-21T01:54:08.614Z,2025-06-21T01:54:10Z,"[{'id': 5776192979, 'qualifierId': 56, 'value': 'Left'}, {'id': 5776192983, 'qualifierId': 141, 'value': '81.3'}, {'id': 5776192981, 'qualifierId': 140, 'value': '74.5'}, {'id': 5776192985, 'qualifierId': 212, 'value': '6.9'}, {'id': 5776192987, 'qualifierId': 213, 'value': '4.50'}]",6zvfcc67po0ofvl1twrv13tg5,C. Pickett,,,Orlando Pride,Away
2823541951,740,1,2,85,34,966pdxhsoxaib9qt5083h8uus,1,73.9,80.9,2025-06-21T01:54:10.102Z,2025-06-21T01:54:11Z,"[{'id': 5776193019, 'qualifierId': 212, 'value': '12.6'}, {'id': 5776193017, 'qualifierId': 141, 'value': '88.7'}, {'id': 5776193021, 'qualifierId': 213, 'value': '0.43'}, {'id': 5776193013, 'qualifierId': 56, 'value': 'Left'}, {'id': 5776193015, 'qualifierId': 140, 'value': '84.8'}]",23nuijdnnuiwzkd5cf7jbyajt,Angelina,,,Orlando Pride,Away
2823541953,741,1,2,85,36,966pdxhsoxaib9qt5083h8uus,1,84.8,88.7,2025-06-21T01:54:11.894Z,2025-06-21T01:54:13Z,"[{'id': 5776193029, 'qualifierId': 140, 'value': '82.7'}, {'id': 5776193027, 'qualifierId': 56, 'value': 'Left'}, {'id': 5776193033, 'qualifierId': 212, 'value': '6.1'}, {'id': 5776193031, 'qualifierId': 141, 'value': '80.3'}, {'id': 5776193035, 'qualifierId': 213, 'value': '4.34'}]",dyfsbff9jueyw5jhjou424bo4,K. Abello,,,Orlando Pride,Away
2823541955,742,1,2,85,37,966pdxhsoxaib9qt5083h8uus,1,82.6,79.7,2025-06-21T01:54:13.190Z,2025-06-21T01:54:15Z,"[{'id': 5776193043, 'qualifierId': 141, 'value': '86.4'}, {'id': 5776193045, 'qualifierId': 212, 'value': '12.5'}, {'id': 5776193039, 'qualifierId': 56, 'value': 'Left'}, {'id': 5776193041, 'qualifierId': 140, 'value': '93.7'}, {'id': 5776193047, 'qualifierId': 213, 'value': '0.37'}]",6fhiz0epsutfcs1xqfhcuomad,M. Gautrat,,,Orlando Pride,Away
2823541963,743,1,2,85,39,966pdxhsoxaib9qt5083h8uus,0,93.7,86.4,2025-06-21T01:54:15.511Z,2025-06-21T01:54:17Z,"[{'id': 5776193107, 'qualifierId': 212, 'value': '20.9'}, {'id': 5776193099, 'qualifierId': 155}, {'id': 5776193105, 'qualifierId': 141, 'value': '55.7'}, {'id': 5776193101, 'qualifierId': 56, 'value': 'Center'}, {'id': 5776193109, 'qualifierId': 213, 'value': '4.68'}, {'id': 5776193103, 'qualifierId': 140, 'value': '93.1'}, {'id': 5776193097, 'qualifierId': 2}]",dyfsbff9jueyw5jhjou424bo4,K. Abello,,,Orlando Pride,Away
2823541965,605,12,2,85,41,dtucewmt49th1p4selfutmnmc,1,6.0,38.6,2025-06-21T01:54:17.655Z,2025-06-21T01:54:19Z,"[{'id': 5776193127, 'qualifierId': 213, 'value': '3.98'}, {'id': 5776193119, 'qualifierId': 56, 'value': 'Back'}, {'id': 5776193121, 'qualifierId': 140, 'value': '0.0'}, {'id': 5776193157, 'qualifierId': 167}, {'id': 5776193125, 'qualifierId': 212, 'value': '10.8'}, {'id': 5776193123, 'qualifierId': 141, 'value': '26.8'}]",2mlyh9k0yhv8862rj6hu26j8p,E. Jean,,,Racing Louisville,Home
2823541969,606,6,2,85,42,dtucewmt49th1p4selfutmnmc,0,2.2,33.8,2025-06-21T01:54:18.589Z,2025-06-21T01:54:23Z,"[{'id': 5776193189, 'qualifierId': 233, 'value': '744'}, {'id': 5776193169, 'qualifierId': 73}, {'id': 5776193167, 'qualifierId': 56, 'value': 'Back'}]",2mlyh9k0yhv8862rj6hu26j8p,E. Jean,,,Racing Louisville,Home
2823541971,744,6,2,85,42,966pdxhsoxaib9qt5083h8uus,1,97.8,66.2,2025-06-21T01:54:18.589Z,2025-06-21T02:03:20Z,"[{'id': 5776193183, 'qualifierId': 233, 'value': '606'}, {'id': 5776193177, 'qualifierId': 73}, {'id': 5776193175, 'qualifierId': 56, 'value': 'Center'}]",dyfsbff9jueyw5jhjou424bo4,K. Abello,,,Orlando Pride,Away
2823542025,745,1,2,85,55,966pdxhsoxaib9qt5083h8uus,1,99.5,99.5,2025-06-21T01:54:31.574Z,2025-06-21T01:54:38Z,"[{'id': 5776193435, 'qualifierId': 56, 'value': 'Left'}, {'id': 5776193443, 'qualifierId': 213, 'value': '3.60'}, {'id': 5776193441, 'qualifierId': 212, 'value': '11.0'}, {'id': 5776193439, 'qualifierId': 141, 'value': '92.4'}, {'id': 5776193433, 'qualifierId': 6}, {'id': 5776193437, 'qualifierId': 140, 'value': '90.1'}]",23nuijdnnuiwzkd5cf7jbyajt,Angelina,,,Orlando Pride,Away
2823542031,746,1,2,85,59,966pdxhsoxaib9qt5083h8uus,1,91.8,92.1,2025-06-21T01:54:35.816Z,2025-06-21T01:54:38Z,"[{'id': 5776193481, 'qualifierId': 140, 'value': '85.9'}, {'id': 5776193485, 'qualifierId': 212, 'value': '6.2'}, {'id': 5776193479, 'qualifierId': 56, 'value': 'Left'}, {'id': 5776193483, 'qualifierId': 141, 'value': '91.2'}, {'id': 5776193487, 'qualifierId': 213, 'value': '3.24'}]",13mfu77eipda4tqe1grek3a7e,S. Jackson,,,Orlando Pride,Away
2823542037,747,1,2,86,3,966pdxhsoxaib9qt5083h8uus,1,83.5,90.8,2025-06-21T01:54:38.903Z,2025-06-21T01:54:40Z,"[{'id': 5776193527, 'qualifierId': 212, 'value': '12.9'}, {'id': 5776193529, 'qualifierId': 213, 'value': '4.00'}, {'id': 5776193523, 'qualifierId': 140, 'value': '75.5'}, {'id': 5776193525, 'qualifierId': 141, 'value': '76.4'}, {'id': 5776193521, 'qualifierId': 56, 'value': 'Center'}]",23nuijdnnuiwzkd5cf7jbyajt,Angelina,,,Orlando Pride,Away
2823542047,748,1,2,86,4,966pdxhsoxaib9qt5083h8uus,1,75.5,76.4,2025-06-21T01:54:40.326Z,2025-06-21T01:54:43Z,"[{'id': 5776193569, 'qualifierId': 141, 'value': '86.6'}, {'id': 5776193567, 'qualifierId': 140, 'value': '84.2'}, {'id': 5776193571, 'qualifierId': 212, 'value': '11.5'}, {'id': 5776193573, 'qualifierId': 213, 'value': '0.65'}, {'id': 5776193565, 'qualifierId': 56, 'value': 'Left'}]",6zvfcc67po0ofvl1twrv13tg5,C. Pickett,,,Orlando Pride,Away
2823542055,749,1,2,86,7,966pdxhsoxaib9qt5083h8uus,0,82.8,85.4,2025-06-21T01:54:43.126Z,2025-06-21T01:54:45Z,"[{'id': 5776193619, 'qualifierId': 56, 'value': 'Center'}, {'id': 5776193617, 'qualifierId': 155}, {'id': 5776193621, 'qualifierId': 140, 'value': '89.2'}, {'id': 5776193625, 'qualifierId': 212, 'value': '25.3'}, {'id': 5776193623, 'qualifierId': 141, 'value': '49.6'}, {'id': 5776193615, 'qualifierId': 2}, {'id': 5776193627, 'qualifierId': 213, 'value': '4.98'}]",23nuijdnnuiwzkd5cf7jbyajt,Angelina,,,Orlando Pride,Away
2823542065,607,61,2,86,10,dtucewmt49th1p4selfutmnmc,1,12.8,53.7,2025-06-21T01:54:46.281Z,2025-06-21T01:55:05Z,"[{'id': 5776193681, 'qualifierId': 56, 'value': 'Back'}]",8q0rkr3gz7hz1ssdx3fkro0a2,T. Flint,,,Racing Louisville,Home
2823542063,750,13,2,86,11,966pdxhsoxaib9qt5083h8uus,1,82.4,47.7,2025-06-21T01:54:47.174Z,2025-06-21T02:08:13Z,"[{'id': 5776207677, 'qualifierId': 108}, {'id': 5776193857, 'qualifierId': 102, 'value': '38.0'}, {'id': 5776207679, 'qualifierId': 328}, {'id': 5776193859, 'qualifierId': 103, 'value': '34.7'}, {'id': 5776193783, 'qualifierId': 20}, {'id': 5776193781, 'qualifierId': 25}, {'id': 5776193669, 'qualifierId': 56, 'value': 'Center'}, {'id': 5776193865, 'qualifierId': 231, 'value': '50.2'}, {'id': 5776193861, 'qualifierId': 458}, {'id': 5776193855, 'qualifierId': 75}, {'id': 5776207675, 'qualifierId': 18}, {'id': 5776193863, 'qualifierId': 230, 'value': '98.9'}]",6fhiz0epsutfcs1xqfhcuomad,M. Gautrat,,,Orlando Pride,Away
2823542073,608,5,2,86,13,dtucewmt49th1p4selfutmnmc,1,-0.8,61.8,2025-06-21T01:54:48.934Z,2025-06-21T02:11:01Z,"[{'id': 5776193715, 'qualifierId': 56, 'value': 'Back'}, {'id': 5776193717, 'qualifierId': 346}, {'id': 5776193725, 'qualifierId': 233, 'value': '751'}]",8q0rkr3gz7hz1ssdx3fkro0a2,T. Flint,,,Racing Louisville,Home
2823542071,751,5,2,86,13,966pdxhsoxaib9qt5083h8uus,0,100.8,38.2,2025-06-21T01:54:48.934Z,2025-06-21T02:11:01Z,"[{'id': 5776193713, 'qualifierId': 346}, {'id': 5776193709, 'qualifierId': 56, 'value': 'Center'}, {'id': 5776193729, 'qualifierId': 233, 'value': '608'}]",6fhiz0epsutfcs1xqfhcuomad,M. Gautrat,,,Orlando Pride,Away
2823542163,609,1,2,86,41,dtucewmt49th1p4selfutmnmc,1,5.3,61.7,2025-06-21T01:55:17.641Z,2025-06-21T01:55:22Z,"[{'id': 5776194251, 'qualifierId': 141, 'value': '84.6'}, {'id': 5776194245, 'qualifierId': 124}, {'id': 5776194255, 'qualifierId': 213, 'value': '0.33'}, {'id': 5776194253, 'qualifierId': 212, 'value': '47.6'}, {'id': 5776194261, 'qualifierId': 74}, {'id': 5776194249, 'qualifierId': 140, 'value': '48.1'}, {'id': 5776194247, 'qualifierId': 56, 'value': 'Back'}, {'id': 5776194257, 'qualifierId': 1}]",24lhpn1z5ikitapll48t1z7kk,J. Bloomer,,,Racing Louisville,Home
2823542169,610,1,2,86,46,dtucewmt49th1p4selfutmnmc,1,48.1,84.6,2025-06-21T01:55:22.473Z,2025-06-21T02:09:58Z,"[{'id': 5776194299, 'qualifierId': 140, 'value': '66.6'}, {'id': 5776194297, 'qualifierId': 56, 'value': 'Center'}, {'id': 5776194305, 'qualifierId': 213, 'value': '6.01'}, {'id': 5776194301, 'qualifierId': 141, 'value': '76.5'}, {'id': 5776194293, 'qualifierId': 3}, {'id': 5776194295, 'qualifierId': 168}, {'id': 5776194303, 'qualifierId': 212, 'value': '20.2'}]",8q0rkr3gz7hz1ssdx3fkro0a2,T. Flint,,,Racing Louisville,Home
2823542177,611,1,2,86,49,dtucewmt49th1p4selfutmnmc,1,66.4,68.4,2025-06-21T01:55:25.001Z,2025-06-21T01:55:26Z,"[{'id': 5776194355, 'qualifierId': 140, 'value': '54.9'}, {'id': 5776194357, 'qualifierId': 141, 'value': '52.1'}, {'id': 5776194359, 'qualifierId': 212, 'value': '16.4'}, {'id': 5776194361, 'qualifierId': 213, 'value': '3.88'}, {'id': 5776194353, 'qualifierId': 56, 'value': 'Center'}]",aoa88ulpguvr42b0a1jn8dfys,S. Weber,,,Racing Louisville,Home
2823542195,612,1,2,86,50,dtucewmt49th1p4selfutmnmc,1,52.6,46.6,2025-06-21T01:55:26.122Z,2025-06-21T01:55:29Z,"[{'id': 5776194433, 'qualifierId': 140, 'value': '35.3'}, {'id': 5776194439, 'qualifierId': 213, 'value': '3.00'}, {'id': 5776194437, 'qualifierId': 212, 'value': '18.3'}, {'id': 5776194431, 'qualifierId': 56, 'value': 'Back'}, {'id': 5776194435, 'qualifierId': 141, 'value': '50.3'}]",asfd5wkedz1u29xt37r6or4rt,S. DeMelo,,,Racing Louisville,Home
2823542197,613,1,2,86,53,dtucewmt49th1p4selfutmnmc,0,33.6,51.6,2025-06-21T01:55:29.449Z,2025-06-21T01:55:30Z,"[{'id': 5776194463, 'qualifierId': 213, 'value': '0.87'}, {'id': 5776194455, 'qualifierId': 56, 'value': 'Back'}, {'id': 5776194461, 'qualifierId': 212, 'value': '19.1'}, {'id': 5776194459, 'qualifierId': 141, 'value': '73.2'}, {'id': 5776194457, 'qualifierId': 140, 'value': '45.3'}]",2mlyh9k0yhv8862rj6hu26j8p,E. Jean,,,Racing Louisville,Home
2823542201,752,49,2,86,55,966pdxhsoxaib9qt5083h8uus,1,69.5,42.1,2025-06-21T01:55:31.110Z,2025-06-21T01:55:31Z,[],13mfu77eipda4tqe1grek3a7e,S. Jackson,,,Orlando Pride,Away
2823542219,753,1,2,86,58,966pdxhsoxaib9qt5083h8uus,1,74.6,52.8,2025-06-21T01:55:34.358Z,2025-06-21T01:55:38Z,"[{'id': 5776194577, 'qualifierId': 56, 'value': 'Center'}, {'id': 5776194579, 'qualifierId': 140, 'value': '86.4'}, {'id': 5776194583, 'qualifierId': 212, 'value': '14.8'}, {'id': 5776194581, 'qualifierId': 141, 'value': '64.8'}, {'id': 5776194585, 'qualifierId': 213, 'value': '0.58'}]",13mfu77eipda4tqe1grek3a7e,S. Jackson,,,Orlando Pride,Away
2823542221,754,1,2,87,1,966pdxhsoxaib9qt5083h8uus,0,86.1,64.8,2025-06-21T01:55:37.739Z,2025-06-21T01:55:39Z,"[{'id': 5776194625, 'qualifierId': 236}, {'id': 5776194593, 'qualifierId': 141, 'value': '62.3'}, {'id': 5776194595, 'qualifierId': 212, 'value': '3.5'}, {'id': 5776194591, 'qualifierId': 140, 'value': '83.2'}, {'id': 5776194631, 'qualifierId': 286}, {'id': 5776194597, 'qualifierId': 213, 'value': '3.65'}, {'id': 5776194627, 'qualifierId': 233, 'value': '614'}, {'id': 5776194589, 'qualifierId': 56, 'value': 'Center'}]",6zvfcc67po0ofvl1twrv13tg5,C. Pickett,,,Orlando Pride,Away
2823542217,614,74,2,87,1,dtucewmt49th1p4selfutmnmc,1,11.5,37.0,2025-06-21T01:55:37.740Z,2025-06-21T01:55:39Z,"[{'id': 5776194573, 'qualifierId': 56, 'value': 'Back'}, {'id': 5776194635, 'qualifierId': 233, 'value': '754'}, {'id': 5776194575, 'qualifierId': 285}]",7hrw0exutge376ai2uf6frw4q,L. Milliet,,,Racing Louisville,Home
2823542227,615,52,2,87,3,dtucewmt49th1p4selfutmnmc,1,2.6,44.3,2025-06-21T01:55:39.530Z,2025-06-21T01:55:39Z,[],24lhpn1z5ikitapll48t1z7kk,J. Bloomer,,,Racing Louisville,Home
2823542301,616,1,2,87,26,dtucewmt49th1p4selfutmnmc,0,14.0,45.8,2025-06-21T01:56:02.299Z,2025-06-21T01:56:03Z,"[{'id': 5776195055, 'qualifierId': 56, 'value': 'Center'}, {'id': 5776195063, 'qualifierId': 213, 'value': '0.26'}, {'id': 5776195065, 'qualifierId': 1}, {'id': 5776195059, 'qualifierId': 141, 'value': '66.8'}, {'id': 5776195061, 'qualifierId': 212, 'value': '56.5'}, {'id': 5776195053, 'qualifierId': 199}, {'id': 5776195057, 'qualifierId': 140, 'value': '66.1'}]",24lhpn1z5ikitapll48t1z7kk,J. Bloomer,,,Racing Louisville,Home
2823543053,818,8,2,87,27,966pdxhsoxaib9qt5083h8uus,1,28.5,38.8,2025-06-21T01:56:03.550Z,2025-06-21T02:00:14Z,"[{'id': 5776199261, 'qualifierId': 56, 'value': 'Back'}, {'id': 5776199277, 'qualifierId': 15}]",6uui5rxnfn6y5rkcsbuloiui,A. Lemos,,,Orlando Pride,Away
2823542305,756,1,2,87,28,966pdxhsoxaib9qt5083h8uus,0,33.2,25.4,2025-06-21T01:56:04.038Z,2025-06-21T02:00:17Z,"[{'id': 5776195075, 'qualifierId': 212, 'value': '10.4'}, {'id': 5776195069, 'qualifierId': 56, 'value': 'Back'}, {'id': 5776195067, 'qualifierId': 3}, {'id': 5776195071, 'qualifierId': 140, 'value': '41.7'}, {'id': 5776195077, 'qualifierId': 213, 'value': '0.54'}, {'id': 5776195073, 'qualifierId': 141, 'value': '33.2'}]",eigt6t2rj0k98zt1isqrvtvqh,A. Watt,,,Orlando Pride,Away
2823542311,617,1,2,87,30,dtucewmt49th1p4selfutmnmc,0,65.5,74.1,2025-06-21T01:56:06.202Z,2025-06-21T01:56:07Z,"[{'id': 5776195105, 'qualifierId': 140, 'value': '68.8'}, {'id': 5776195103, 'qualifierId': 56, 'value': 'Left'}, {'id': 5776195111, 'qualifierId': 213, 'value': '1.00'}, {'id': 5776195107, 'qualifierId': 141, 'value': '82.1'}, {'id': 5776195109, 'qualifierId': 212, 'value': '6.4'}]",1mym43khm3hlhzbj42tbnjlec,K. O'Kane,,,Racing Louisville,Home
2823542317,757,8,2,87,33,966pdxhsoxaib9qt5083h8uus,1,41.7,33.2,2025-06-21T01:56:09.286Z,2025-06-21T01:56:09Z,"[{'id': 5776195125, 'qualifierId': 56, 'value': 'Back'}]",9yvkpwm78jaqr321imfc3rrbo,E. Sams,,,Orlando Pride,Away
2823542325,758,49,2,87,34,966pdxhsoxaib9qt5083h8uus,1,41.9,33.4,2025-06-21T01:56:09.943Z,2025-06-21T02:06:25Z,[],9yvkpwm78jaqr321imfc3rrbo,E. Sams,,,Orlando Pride,Away
2823542349,759,1,2,87,37,966pdxhsoxaib9qt5083h8uus,1,64.6,25.0,2025-06-21T01:56:13.526Z,2025-06-21T01:56:17Z,"[{'id': 5776195293, 'qualifierId': 213, 'value': '5.84'}, {'id': 5776195285, 'qualifierId': 56, 'value': 'Right'}, {'id': 5776195289, 'qualifierId': 141, 'value': '14.3'}, {'id': 5776195287, 'qualifierId': 140, 'value': '79.1'}, {'id': 5776195291, 'qualifierId': 212, 'value': '16.9'}]",9yvkpwm78jaqr321imfc3rrbo,E. Sams,,,Orlando Pride,Away
2823542355,760,43,2,87,41,966pdxhsoxaib9qt5083h8uus,1,0.0,0.0,2025-06-21T01:56:17.253Z,2025-06-21T01:56:20Z,"[{'id': 5776195313, 'qualifierId': 2, 'value': '0'}, {'id': 5776195325, 'qualifierId': 213, 'value': '3.14'}, {'id': 5776195321, 'qualifierId': 141, 'value': '14.2'}, {'id': 5776195403, 'qualifierId': 144, 'value': '1'}, {'id': 5776195319, 'qualifierId': 140, 'value': '86.0'}, {'id': 5776195323, 'qualifierId': 212, 'value': '0'}, {'id': 5776195317, 'qualifierId': 56, 'value': 'Right'}]",e2obgph6szyo04em3qr94g1qt,B. Banda,,,Orlando Pride,Away
2823542373,761,1,2,87,42,966pdxhsoxaib9qt5083h8uus,0,83.9,15.1,2025-06-21T01:56:18.774Z,2025-06-21T01:56:23Z,"[{'id': 5776195435, 'qualifierId': 212, 'value': '26.7'}, {'id': 5776195431, 'qualifierId': 140, 'value': '85.8'}, {'id': 5776195437, 'qualifierId': 213, 'value': '1.50'}, {'id': 5776195429, 'qualifierId': 56, 'value': 'Center'}, {'id': 5776195433, 'qualifierId': 141, 'value': '54.2'}]",e2obgph6szyo04em3qr94g1qt,B. Banda,,,Orlando Pride,Away
2823542367,618,49,2,87,44,dtucewmt49th1p4selfutmnmc,1,20.4,25.1,2025-06-21T01:56:20.604Z,2025-06-21T01:56:20Z,[],9e65qlc7dfjkajyhzhak8sc7p,J. Sonis,,,Racing Louisville,Home
2823542407,619,1,2,87,48,dtucewmt49th1p4selfutmnmc,0,27.2,16.3,2025-06-21T01:56:24.107Z,2025-06-21T01:56:30Z,"[{'id': 5776195617, 'qualifierId': 213, 'value': '6.22'}, {'id': 5776195609, 'qualifierId': 56, 'value': 'Right'}, {'id': 5776195619, 'qualifierId': 1}, {'id': 5776195613, 'qualifierId': 141, 'value': '10.7'}, {'id': 5776195615, 'qualifierId': 212, 'value': '62.4'}, {'id': 5776195611, 'qualifierId': 140, 'value': '86.5'}]",9e65qlc7dfjkajyhzhak8sc7p,J. Sonis,,,Racing Louisville,Home
2823542413,762,49,2,87,55,966pdxhsoxaib9qt5083h8uus,1,23.3,88.8,2025-06-21T01:56:31.269Z,2025-06-21T01:56:31Z,[],1uf4321zvio3hrwfu4z4jxp7t,K. Nadaner,,,Orlando Pride,Away
2823542425,763,1,2,87,55,966pdxhsoxaib9qt5083h8uus,1,22.9,88.7,2025-06-21T01:56:31.782Z,2025-06-21T01:56:34Z,"[{'id': 5776195685, 'qualifierId': 212, 'value': '16.8'}, {'id': 5776195681, 'qualifierId': 140, 'value': '15.1'}, {'id': 5776195679, 'qualifierId': 56, 'value': 'Back'}, {'id': 5776195683, 'qualifierId': 141, 'value': '67.2'}, {'id': 5776195687, 'qualifierId': 213, 'value': '4.20'}]",1uf4321zvio3hrwfu4z4jxp7t,K. Nadaner,,,Orlando Pride,Away
2823542431,764,1,2,87,58,966pdxhsoxaib9qt5083h8uus,1,14.8,66.0,2025-06-21T01:56:34.678Z,2025-06-21T01:56:37Z,"[{'id': 5776195723, 'qualifierId': 141, 'value': '43.1'}, {'id': 5776195725, 'qualifierId': 212, 'value': '16.9'}, {'id': 5776195719, 'qualifierId': 56, 'value': 'Back'}, {'id': 5776195721, 'qualifierId': 140, 'value': '21.1'}, {'id': 5776195727, 'qualifierId': 213, 'value': '5.11'}]",7e8f4kfwcucaj4239xz0rai1h,A. Moorhouse,,,Orlando Pride,Away
2823542447,765,1,2,88,1,966pdxhsoxaib9qt5083h8uus,1,24.3,41.9,2025-06-21T01:56:37.334Z,2025-06-21T01:56:41Z,"[{'id': 5776195799, 'qualifierId': 141, 'value': '70.2'}, {'id': 5776195797, 'qualifierId': 140, 'value': '26.2'}, {'id': 5776195803, 'qualifierId': 213, 'value': '1.47'}, {'id': 5776195801, 'qualifierId': 212, 'value': '19.3'}, {'id': 5776195795, 'qualifierId': 56, 'value': 'Back'}]",eigt6t2rj0k98zt1isqrvtvqh,A. Watt,,,Orlando Pride,Away
2823542451,766,1,2,88,5,966pdxhsoxaib9qt5083h8uus,1,28.5,70.7,2025-06-21T01:56:41.494Z,2025-06-21T01:56:44Z,"[{'id': 5776195829, 'qualifierId': 141, 'value': '88.1'}, {'id': 5776195827, 'qualifierId': 140, 'value': '53.2'}, {'id': 5776195833, 'qualifierId': 213, 'value': '0.43'}, {'id': 5776195831, 'qualifierId': 212, 'value': '28.5'}, {'id': 5776195825, 'qualifierId': 56, 'value': 'Left'}]",1uf4321zvio3hrwfu4z4jxp7t,K. Nadaner,,,Orlando Pride,Away
2823542455,767,1,2,88,8,966pdxhsoxaib9qt5083h8uus,1,53.5,88.4,2025-06-21T01:56:44.118Z,2025-06-21T01:56:47Z,"[{'id': 5776195857, 'qualifierId': 141, 'value': '72.6'}, {'id': 5776195859, 'qualifierId': 212, 'value': '16.2'}, {'id': 5776195853, 'qualifierId': 56, 'value': 'Center'}, {'id': 5776195855, 'qualifierId': 140, 'value': '65.1'}, {'id': 5776195863, 'qualifierId': 213, 'value': '5.56'}]",dyfsbff9jueyw5jhjou424bo4,K. Abello,,,Orlando Pride,Away
2823542467,768,1,2,88,11,966pdxhsoxaib9qt5083h8uus,1,67.0,71.1,2025-06-21T01:56:47.350Z,2025-06-21T01:56:52Z,"[{'id': 5776195965, 'qualifierId': 213, 'value': '6.20'}, {'id': 5776195959, 'qualifierId': 140, 'value': '80.1'}, {'id': 5776195957, 'qualifierId': 56, 'value': 'Center'}, {'id': 5776195961, 'qualifierId': 141, 'value': '69.5'}, {'id': 5776195963, 'qualifierId': 212, 'value': '13.8'}]",13mfu77eipda4tqe1grek3a7e,S. Jackson,,,Orlando Pride,Away
2823542469,769,61,2,88,16,966pdxhsoxaib9qt5083h8uus,0,79.9,67.1,2025-06-21T01:56:52.582Z,2025-06-21T01:56:52Z,"[{'id': 5776195969, 'qualifierId': 56, 'value': 'Center'}]",6zvfcc67po0ofvl1twrv13tg5,C. Pickett,,,Orlando Pride,Away
2823542515,620,12,2,88,16,dtucewmt49th1p4selfutmnmc,1,23.7,35.0,2025-06-21T01:56:52.877Z,2025-06-21T01:57:03Z,"[{'id': 5776196239, 'qualifierId': 141, 'value': '27.7'}, {'id': 5776196237, 'qualifierId': 140, 'value': '38.8'}, {'id': 5776196241, 'qualifierId': 212, 'value': '16.6'}, {'id': 5776196243, 'qualifierId': 213, 'value': '5.98'}, {'id': 5776196235, 'qualifierId': 56, 'value': 'Back'}]",cieyupgmnxecb4emqljudrw89,A. Wright,,,Racing Louisville,Home
2823542513,770,1,2,88,21,966pdxhsoxaib9qt5083h8uus,1,70.0,56.7,2025-06-21T01:56:57.158Z,2025-06-21T01:57:03Z,"[{'id': 5776196217, 'qualifierId': 56, 'value': 'Right'}, {'id': 5776196227, 'qualifierId': 1}, {'id': 5776196219, 'qualifierId': 140, 'value': '85.2'}, {'id': 5776196221, 'qualifierId': 141, 'value': '12.2'}, {'id': 5776196225, 'qualifierId': 213, 'value': '5.20'}, {'id': 5776196223, 'qualifierId': 212, 'value': '34.2'}, {'id': 5776196215, 'qualifierId': 155}]",23nuijdnnuiwzkd5cf7jbyajt,Angelina,,,Orlando Pride,Away
2823542525,771,1,2,88,27,966pdxhsoxaib9qt5083h8uus,0,95.3,19.6,2025-06-21T01:57:02.965Z,2025-06-21T01:57:04Z,"[{'id': 5776196281, 'qualifierId': 155}, {'id': 5776196313, 'qualifierId': 233, 'value': '621'}, {'id': 5776196285, 'qualifierId': 140, 'value': '95.8'}, {'id': 5776196279, 'qualifierId': 2}, {'id': 5776196283, 'qualifierId': 56, 'value': 'Center'}, {'id': 5776196289, 'qualifierId': 212, 'value': '4.7'}, {'id': 5776196311, 'qualifierId': 236}, {'id': 5776196317, 'qualifierId': 286}, {'id': 5776196287, 'qualifierId': 141, 'value': '26.5'}, {'id': 5776196291, 'qualifierId': 213, 'value': '1.46'}]",e2obgph6szyo04em3qr94g1qt,B. Banda,,,Orlando Pride,Away
2823542517,621,12,2,88,27,dtucewmt49th1p4selfutmnmc,1,4.5,77.9,2025-06-21T01:57:03.065Z,2025-06-21T01:57:05Z,"[{'id': 5776196249, 'qualifierId': 185}, {'id': 5776196251, 'qualifierId': 56, 'value': 'Back'}, {'id': 5776196321, 'qualifierId': 233, 'value': '771'}]",2x4vbu3htfozzwd8g7bdxeacp,C. Petersen,,,Racing Louisville,Home
2823542521,622,6,2,88,28,dtucewmt49th1p4selfutmnmc,0,4.4,76.2,2025-06-21T01:57:04.141Z,2025-06-21T01:57:09Z,"[{'id': 5776196307, 'qualifierId': 56, 'value': 'Back'}, {'id': 5776196309, 'qualifierId': 73}, {'id': 5776196363, 'qualifierId': 233, 'value': '772'}]",2x4vbu3htfozzwd8g7bdxeacp,C. Petersen,,,Racing Louisville,Home
2823542529,772,6,2,88,28,966pdxhsoxaib9qt5083h8uus,1,95.6,23.8,2025-06-21T01:57:04.141Z,2025-06-21T02:03:21Z,"[{'id': 5776196337, 'qualifierId': 75}, {'id': 5776196355, 'qualifierId': 233, 'value': '622'}, {'id': 5776196335, 'qualifierId': 56, 'value': 'Center'}]",e2obgph6szyo04em3qr94g1qt,B. Banda,,,Orlando Pride,Away
2823542585,773,1,2,88,47,966pdxhsoxaib9qt5083h8uus,1,99.6,0.4,2025-06-21T01:57:23.125Z,2025-06-21T01:57:30Z,"[{'id': 5776196669, 'qualifierId': 213, 'value': '2.33'}, {'id': 5776196663, 'qualifierId': 140, 'value': '92.7'}, {'id': 5776196665, 'qualifierId': 141, 'value': '11.6'}, {'id': 5776196659, 'qualifierId': 6}, {'id': 5776196661, 'qualifierId': 56, 'value': 'Right'}, {'id': 5776196667, 'qualifierId': 212, 'value': '10.5'}]",23nuijdnnuiwzkd5cf7jbyajt,Angelina,,,Orlando Pride,Away
2823542591,774,1,2,88,49,966pdxhsoxaib9qt5083h8uus,1,92.8,9.1,2025-06-21T01:57:25.158Z,2025-06-21T01:57:26Z,"[{'id': 5776196701, 'qualifierId': 140, 'value': '81.7'}, {'id': 5776196705, 'qualifierId': 212, 'value': '11.7'}, {'id': 5776196703, 'qualifierId': 141, 'value': '8.6'}, {'id': 5776196699, 'qualifierId': 56, 'value': 'Right'}, {'id': 5776196707, 'qualifierId': 213, 'value': '3.17'}]",13mfu77eipda4tqe1grek3a7e,S. Jackson,,,Orlando Pride,Away
2823542597,775,1,2,88,50,966pdxhsoxaib9qt5083h8uus,1,81.0,9.7,2025-06-21T01:57:26.597Z,2025-06-21T01:57:29Z,"[{'id': 5776196737, 'qualifierId': 140, 'value': '74.0'}, {'id': 5776196739, 'qualifierId': 141, 'value': '31.9'}, {'id': 5776196741, 'qualifierId': 212, 'value': '16.8'}, {'id': 5776196743, 'qualifierId': 213, 'value': '2.02'}, {'id': 5776196735, 'qualifierId': 56, 'value': 'Center'}]",23nuijdnnuiwzkd5cf7jbyajt,Angelina,,,Orlando Pride,Away
2823542601,776,1,2,88,53,966pdxhsoxaib9qt5083h8uus,1,74.0,31.9,2025-06-21T01:57:29.094Z,2025-06-21T01:57:30Z,"[{'id': 5776196765, 'qualifierId': 56, 'value': 'Right'}, {'id': 5776196773, 'qualifierId': 213, 'value': '4.92'}, {'id': 5776196771, 'qualifierId': 212, 'value': '12.1'}, {'id': 5776196767, 'qualifierId': 140, 'value': '76.4'}, {'id': 5776196769, 'qualifierId': 141, 'value': '14.5'}]",6zvfcc67po0ofvl1twrv13tg5,C. Pickett,,,Orlando Pride,Away
2823542605,777,1,2,88,56,966pdxhsoxaib9qt5083h8uus,1,76.4,14.5,2025-06-21T01:57:31.910Z,2025-06-21T02:08:57Z,"[{'id': 5776196795, 'qualifierId': 56, 'value': 'Center'}, {'id': 5776208707, 'qualifierId': 154}, {'id': 5776196793, 'qualifierId': 155}, {'id': 5776196799, 'qualifierId': 141, 'value': '31.4'}, {'id': 5776208705, 'qualifierId': 210, 'value': '15'}, {'id': 5776196801, 'qualifierId': 212, 'value': '13.5'}, {'id': 5776196797, 'qualifierId': 140, 'value': '83.2'}, {'id': 5776196803, 'qualifierId': 213, 'value': '1.01'}]",23nuijdnnuiwzkd5cf7jbyajt,Angelina,1.0,,Orlando Pride,Away
2823542609,778,15,2,88,58,966pdxhsoxaib9qt5083h8uus,1,82.2,34.6,2025-06-21T01:57:34.502Z,2025-06-21T02:08:59Z,"[{'id': 5776197863, 'qualifierId': 102, 'value': '48.4'}, {'id': 5776208711, 'qualifierId': 72}, {'id': 5776208715, 'qualifierId': 29}, {'id': 5776196815, 'qualifierId': 56, 'value': 'Center'}, {'id': 5776196813, 'qualifierId': 18}, {'id': 5776208713, 'qualifierId': 78}, {'id': 5776197865, 'qualifierId': 103, 'value': '19'}, {'id': 5776197875, 'qualifierId': 231, 'value': '47.7'}, {'id': 5776197871, 'qualifierId': 147, 'value': '41.5'}, {'id': 5776197873, 'qualifierId': 230, 'value': '98.4'}, {'id': 5776197869, 'qualifierId': 146, 'value': '91.1'}, {'id': 5776197877, 'qualifierId': 233, 'value': '623'}, {'id': 5776208719, 'qualifierId': 55, 'value': '777'}, {'id': 5776208709, 'qualifierId': 25}, {'id': 5776208717, 'qualifierId': 154}, {'id': 5776197819, 'qualifierId': 82}]",13mfu77eipda4tqe1grek3a7e,S. Jackson,,,Orlando Pride,Away
2823542611,623,10,2,88,58,dtucewmt49th1p4selfutmnmc,1,7.5,58.8,2025-06-21T01:57:34.602Z,2025-06-21T01:58:40Z,"[{'id': 5776196831, 'qualifierId': 56, 'value': 'Back'}, {'id': 5776197881, 'qualifierId': 233, 'value': '778'}, {'id': 5776196829, 'qualifierId': 94}]",cieyupgmnxecb4emqljudrw89,A. Wright,,,Racing Louisville,Home
2823542621,624,12,2,89,1,dtucewmt49th1p4selfutmnmc,1,13.4,65.4,2025-06-21T01:57:36.925Z,2025-06-21T02:08:13Z,"[{'id': 5776196895, 'qualifierId': 56, 'value': 'Back'}, {'id': 5776196903, 'qualifierId': 213, 'value': '0.59'}, {'id': 5776196901, 'qualifierId': 212, 'value': '19.5'}, {'id': 5776196897, 'qualifierId': 140, 'value': '28.9'}, {'id': 5776196899, 'qualifierId': 141, 'value': '81.3'}]",7hrw0exutge376ai2uf6frw4q,L. Milliet,,,Racing Louisville,Home
2823542623,779,1,2,89,5,966pdxhsoxaib9qt5083h8uus,0,69.4,22.3,2025-06-21T01:57:41.094Z,2025-06-21T01:57:45Z,"[{'id': 5776196909, 'qualifierId': 56, 'value': 'Center'}, {'id': 5776196905, 'qualifierId': 2}, {'id': 5776196917, 'qualifierId': 213, 'value': '0.90'}, {'id': 5776196911, 'qualifierId': 140, 'value': '83.4'}, {'id': 5776196915, 'qualifierId': 212, 'value': '23.6'}, {'id': 5776196907, 'qualifierId': 155}, {'id': 5776196913, 'qualifierId': 141, 'value': '49.4'}]",6zvfcc67po0ofvl1twrv13tg5,C. Pickett,,,Orlando Pride,Away
2823542639,626,44,2,89,7,dtucewmt49th1p4selfutmnmc,1,19.2,48.4,2025-06-21T01:57:43.581Z,2025-06-21T02:08:43Z,"[{'id': 5776197003, 'qualifierId': 233, 'value': '780'}, {'id': 5776196989, 'qualifierId': 285}, {'id': 5776196987, 'qualifierId': 56, 'value': 'Back'}]",aoa88ulpguvr42b0a1jn8dfys,S. Weber,,,Racing Louisville,Home
2823542629,780,44,2,89,7,966pdxhsoxaib9qt5083h8uus,0,80.8,51.6,2025-06-21T01:57:43.582Z,2025-06-21T02:11:19Z,"[{'id': 5776196931, 'qualifierId': 286}, {'id': 5776197009, 'qualifierId': 233, 'value': '626'}, {'id': 5776196929, 'qualifierId': 56, 'value': 'Center'}]",1uf4321zvio3hrwfu4z4jxp7t,K. Nadaner,,,Orlando Pride,Away
2823542631,625,12,2,89,8,dtucewmt49th1p4selfutmnmc,1,12.6,48.5,2025-06-21T01:57:44.381Z,2025-06-21T02:08:40Z,"[{'id': 5776196933, 'qualifierId': 56, 'value': 'Back'}, {'id': 5776196941, 'qualifierId': 213, 'value': '6.09'}, {'id': 5776196937, 'qualifierId': 141, 'value': '45.4'}, {'id': 5776196939, 'qualifierId': 212, 'value': '11.2'}, {'id': 5776196947, 'qualifierId': 15}, {'id': 5776196935, 'qualifierId': 140, 'value': '23.1'}]",aoa88ulpguvr42b0a1jn8dfys,S. Weber,,,Racing Louisville,Home
2823542641,781,1,2,89,10,966pdxhsoxaib9qt5083h8uus,1,75.5,52.1,2025-06-21T01:57:46.661Z,2025-06-21T01:57:48Z,"[{'id': 5776196991, 'qualifierId': 56, 'value': 'Center'}, {'id': 5776196995, 'qualifierId': 141, 'value': '56.9'}, {'id': 5776196993, 'qualifierId': 140, 'value': '73.6'}, {'id': 5776196999, 'qualifierId': 213, 'value': '2.12'}, {'id': 5776196997, 'qualifierId': 212, 'value': '3.8'}]",6uui5rxnfn6y5rkcsbuloiui,A. Lemos,,,Orlando Pride,Away
2823542651,782,1,2,89,12,966pdxhsoxaib9qt5083h8uus,1,73.6,56.9,2025-06-21T01:57:48.006Z,2025-06-21T01:57:50Z,"[{'id': 5776197047, 'qualifierId': 213, 'value': '4.85'}, {'id': 5776197043, 'qualifierId': 141, 'value': '48.2'}, {'id': 5776197039, 'qualifierId': 56, 'value': 'Center'}, {'id': 5776197041, 'qualifierId': 140, 'value': '74.4'}, {'id': 5776197045, 'qualifierId': 212, 'value': '6.0'}]",9yvkpwm78jaqr321imfc3rrbo,E. Sams,,,Orlando Pride,Away
2823542659,783,1,2,89,14,966pdxhsoxaib9qt5083h8uus,1,74.4,48.2,2025-06-21T01:57:49.989Z,2025-06-21T01:57:53Z,"[{'id': 5776197097, 'qualifierId': 212, 'value': '7.9'}, {'id': 5776197091, 'qualifierId': 56, 'value': 'Center'}, {'id': 5776197095, 'qualifierId': 141, 'value': '40.6'}, {'id': 5776197093, 'qualifierId': 140, 'value': '80.1'}, {'id': 5776197099, 'qualifierId': 213, 'value': '5.57'}]",23nuijdnnuiwzkd5cf7jbyajt,Angelina,,,Orlando Pride,Away
2823542665,784,1,2,89,17,966pdxhsoxaib9qt5083h8uus,1,76.4,42.1,2025-06-21T01:57:52.949Z,2025-06-21T01:57:54Z,"[{'id': 5776197123, 'qualifierId': 56, 'value': 'Center'}, {'id': 5776197127, 'qualifierId': 141, 'value': '23.5'}, {'id': 5776197129, 'qualifierId': 212, 'value': '12.8'}, {'id': 5776197125, 'qualifierId': 140, 'value': '74.3'}, {'id': 5776197131, 'qualifierId': 213, 'value': '4.54'}]",6fhiz0epsutfcs1xqfhcuomad,M. Gautrat,,,Orlando Pride,Away
2823542675,785,1,2,89,18,966pdxhsoxaib9qt5083h8uus,1,74.3,23.5,2025-06-21T01:57:54.870Z,2025-06-21T01:57:58Z,"[{'id': 5776197185, 'qualifierId': 140, 'value': '72.2'}, {'id': 5776197189, 'qualifierId': 212, 'value': '14.9'}, {'id': 5776197187, 'qualifierId': 141, 'value': '45.1'}, {'id': 5776197191, 'qualifierId': 213, 'value': '1.72'}, {'id': 5776197183, 'qualifierId': 56, 'value': 'Center'}]",6zvfcc67po0ofvl1twrv13tg5,C. Pickett,,,Orlando Pride,Away
2823542679,786,1,2,89,22,966pdxhsoxaib9qt5083h8uus,0,71.7,45.5,2025-06-21T01:57:58.277Z,2025-06-21T01:57:59Z,"[{'id': 5776197219, 'qualifierId': 213, 'value': '6.21'}, {'id': 5776197217, 'qualifierId': 212, 'value': '5.8'}, {'id': 5776197213, 'qualifierId': 140, 'value': '77.2'}, {'id': 5776197215, 'qualifierId': 141, 'value': '44.9'}, {'id': 5776197211, 'qualifierId': 56, 'value': 'Center'}]",23nuijdnnuiwzkd5cf7jbyajt,Angelina,,,Orlando Pride,Away
2823542681,627,61,2,89,24,dtucewmt49th1p4selfutmnmc,1,24.3,66.6,2025-06-21T01:58:00.222Z,2025-06-21T02:09:05Z,"[{'id': 5776197223, 'qualifierId': 56, 'value': 'Back'}]",asfd5wkedz1u29xt37r6or4rt,S. DeMelo,,,Racing Louisville,Home
2823542699,628,12,2,89,26,dtucewmt49th1p4selfutmnmc,1,12.0,68.7,2025-06-21T01:58:02.365Z,2025-06-21T02:09:06Z,"[{'id': 5776197281, 'qualifierId': 213, 'value': '0.41'}, {'id': 5776197275, 'qualifierId': 140, 'value': '31.8'}, {'id': 5776197273, 'qualifierId': 56, 'value': 'Back'}, {'id': 5776197279, 'qualifierId': 212, 'value': '22.7'}, {'id': 5776197277, 'qualifierId': 141, 'value': '82.1'}]",2x4vbu3htfozzwd8g7bdxeacp,C. Petersen,,,Racing Louisville,Home
2823542697,787,1,2,89,26,966pdxhsoxaib9qt5083h8uus,1,76.7,26.8,2025-06-21T01:58:02.437Z,2025-06-21T01:58:04Z,"[{'id': 5776197261, 'qualifierId': 56, 'value': 'Right'}, {'id': 5776197265, 'qualifierId': 141, 'value': '14.5'}, {'id': 5776197263, 'qualifierId': 140, 'value': '68.8'}, {'id': 5776197269, 'qualifierId': 213, 'value': '3.93'}, {'id': 5776197267, 'qualifierId': 212, 'value': '11.8'}]",6fhiz0epsutfcs1xqfhcuomad,M. Gautrat,,,Orlando Pride,Away
2823542703,788,1,2,89,28,966pdxhsoxaib9qt5083h8uus,1,68.1,15.2,2025-06-21T01:58:04.870Z,2025-06-21T01:58:07Z,"[{'id': 5776197295, 'qualifierId': 56, 'value': 'Right'}, {'id': 5776197303, 'qualifierId': 213, 'value': '6.03'}, {'id': 5776197297, 'qualifierId': 140, 'value': '79.3'}, {'id': 5776197299, 'qualifierId': 141, 'value': '10.7'}, {'id': 5776197301, 'qualifierId': 212, 'value': '12.2'}]",6zvfcc67po0ofvl1twrv13tg5,C. Pickett,,,Orlando Pride,Away
2823542713,789,1,2,89,31,966pdxhsoxaib9qt5083h8uus,1,79.3,10.7,2025-06-21T01:58:07.461Z,2025-06-21T01:58:33Z,"[{'id': 5776197347, 'qualifierId': 141, 'value': '39.4'}, {'id': 5776197745, 'qualifierId': 210, 'value': '15'}, {'id': 5776197349, 'qualifierId': 212, 'value': '21.0'}, {'id': 5776197343, 'qualifierId': 56, 'value': 'Center'}, {'id': 5776197747, 'qualifierId': 154}, {'id': 5776197351, 'qualifierId': 213, 'value': '1.19'}, {'id': 5776197345, 'qualifierId': 140, 'value': '86.8'}, {'id': 5776197341, 'qualifierId': 155}, {'id': 5776197339, 'qualifierId': 2}]",6fhiz0epsutfcs1xqfhcuomad,M. Gautrat,1.0,,Orlando Pride,Away
2823542717,790,15,2,89,31,966pdxhsoxaib9qt5083h8uus,1,86.7,39.7,2025-06-21T01:58:07.518Z,2025-06-21T02:10:39Z,"[{'id': 5776197541, 'qualifierId': 147, 'value': '44.0'}, {'id': 5776197497, 'qualifierId': 82}, {'id': 5776197531, 'qualifierId': 78}, {'id': 5776197751, 'qualifierId': 15}, {'id': 5776197763, 'qualifierId': 233, 'value': '630'}, {'id': 5776197757, 'qualifierId': 55, 'value': '789'}, {'id': 5776209993, 'qualifierId': 25}, {'id': 5776197545, 'qualifierId': 231, 'value': '46.2'}, {'id': 5776197533, 'qualifierId': 102, 'value': '50.9'}, {'id': 5776197543, 'qualifierId': 230, 'value': '97.7'}, {'id': 5776197535, 'qualifierId': 103, 'value': '19'}, {'id': 5776197373, 'qualifierId': 17}, {'id': 5776197753, 'qualifierId': 29}, {'id': 5776197761, 'qualifierId': 328}, {'id': 5776197375, 'qualifierId': 56, 'value': 'Center'}, {'id': 5776197755, 'qualifierId': 154}, {'id': 5776197539, 'qualifierId': 146, 'value': '91.9'}]",e2obgph6szyo04em3qr94g1qt,B. Banda,,,Orlando Pride,Away
2823542779,630,10,2,89,31,dtucewmt49th1p4selfutmnmc,1,8.1,56.0,2025-06-21T01:58:07.618Z,2025-06-21T02:09:15Z,"[{'id': 5776197667, 'qualifierId': 56, 'value': 'Back'}, {'id': 5776197729, 'qualifierId': 233, 'value': '790'}, {'id': 5776197665, 'qualifierId': 94}]",cieyupgmnxecb4emqljudrw89,A. Wright,,,Racing Louisville,Home
2823542725,791,13,2,89,35,966pdxhsoxaib9qt5083h8uus,1,86.7,39.7,2025-06-21T01:58:11.127Z,2025-06-21T02:10:13Z,"[{'id': 5776197405, 'qualifierId': 56, 'value': 'Center'}, {'id': 5776197403, 'qualifierId': 17}, {'id': 5776197675, 'qualifierId': 458}, {'id': 5776197671, 'qualifierId': 102, 'value': '43.5'}, {'id': 5776210157, 'qualifierId': 328}, {'id': 5776197673, 'qualifierId': 103, 'value': '59.7'}, {'id': 5776210155, 'qualifierId': 25}, {'id': 5776197669, 'qualifierId': 87}, {'id': 5776197677, 'qualifierId': 230, 'value': '99.0'}, {'id': 5776197587, 'qualifierId': 20}, {'id': 5776197679, 'qualifierId': 231, 'value': '47.5'}]",e2obgph6szyo04em3qr94g1qt,B. Banda,,,Orlando Pride,Away
2823542739,629,5,2,89,35,dtucewmt49th1p4selfutmnmc,1,-0.8,55.0,2025-06-21T01:58:11.553Z,2025-06-21T02:11:01Z,"[{'id': 5776197489, 'qualifierId': 233, 'value': '792'}, {'id': 5776197461, 'qualifierId': 56, 'value': 'Back'}, {'id': 5776197463, 'qualifierId': 346}]",2x4vbu3htfozzwd8g7bdxeacp,C. Petersen,,,Racing Louisville,Home
2823542747,792,5,2,89,35,966pdxhsoxaib9qt5083h8uus,0,100.8,45.0,2025-06-21T01:58:11.553Z,2025-06-21T02:11:01Z,"[{'id': 5776197485, 'qualifierId': 56, 'value': 'Center'}, {'id': 5776197499, 'qualifierId': 233, 'value': '629'}, {'id': 5776197487, 'qualifierId': 346}]",e2obgph6szyo04em3qr94g1qt,B. Banda,,,Orlando Pride,Away
2823542813,633,70,2,90,1,dtucewmt49th1p4selfutmnmc,1,0.0,0.0,2025-06-21T01:58:37.734Z,2025-06-21T01:58:54Z,"[{'id': 5776197973, 'qualifierId': 277, 'value': '4'}]",,,,,Racing Louisville,Home
2823542803,631,1,2,90,2,dtucewmt49th1p4selfutmnmc,1,5.6,49.7,2025-06-21T01:58:38.479Z,2025-06-21T01:58:43Z,"[{'id': 5776197905, 'qualifierId': 56, 'value': 'Left'}, {'id': 5776197909, 'qualifierId': 141, 'value': '88.1'}, {'id': 5776197903, 'qualifierId': 124}, {'id': 5776197919, 'qualifierId': 74}, {'id': 5776197913, 'qualifierId': 213, 'value': '0.42'}, {'id': 5776197915, 'qualifierId': 1}, {'id': 5776197907, 'qualifierId': 140, 'value': '61.2'}, {'id': 5776197911, 'qualifierId': 212, 'value': '64.0'}]",24lhpn1z5ikitapll48t1z7kk,J. Bloomer,,,Racing Louisville,Home
2823542805,632,1,2,90,7,dtucewmt49th1p4selfutmnmc,0,60.5,89.3,2025-06-21T01:58:43.777Z,2025-06-21T01:58:45Z,"[{'id': 5776197955, 'qualifierId': 212, 'value': '33.1'}, {'id': 5776197951, 'qualifierId': 140, 'value': '92.0'}, {'id': 5776197959, 'qualifierId': 1}, {'id': 5776197953, 'qualifierId': 141, 'value': '88.1'}, {'id': 5776197949, 'qualifierId': 56, 'value': 'Left'}, {'id': 5776197957, 'qualifierId': 213, 'value': '6.26'}, {'id': 5776197947, 'qualifierId': 157}]",aackuqvi6nlca566oisw0wc9g,E. Hase,,,Racing Louisville,Home
2823542807,793,49,2,90,11,966pdxhsoxaib9qt5083h8uus,1,17.1,17.3,2025-06-21T01:58:47.784Z,2025-06-21T01:58:47Z,[],9yvkpwm78jaqr321imfc3rrbo,E. Sams,,,Orlando Pride,Away
2823542825,794,1,2,90,14,966pdxhsoxaib9qt5083h8uus,1,16.9,18.5,2025-06-21T01:58:50.758Z,2025-06-21T01:58:53Z,"[{'id': 5776198005, 'qualifierId': 56, 'value': 'Back'}, {'id': 5776198009, 'qualifierId': 141, 'value': '50.7'}, {'id': 5776198013, 'qualifierId': 213, 'value': '1.66'}, {'id': 5776198011, 'qualifierId': 212, 'value': '22.0'}, {'id': 5776198007, 'qualifierId': 140, 'value': '15.1'}]",9yvkpwm78jaqr321imfc3rrbo,E. Sams,,,Orlando Pride,Away
2823542831,795,1,2,90,17,966pdxhsoxaib9qt5083h8uus,1,20.9,53.7,2025-06-21T01:58:53.861Z,2025-06-21T01:58:56Z,"[{'id': 5776198049, 'qualifierId': 213, 'value': '1.14'}, {'id': 5776198043, 'qualifierId': 140, 'value': '29.1'}, {'id': 5776198045, 'qualifierId': 141, 'value': '81.5'}, {'id': 5776198041, 'qualifierId': 56, 'value': 'Back'}, {'id': 5776198047, 'qualifierId': 212, 'value': '20.8'}]",1uf4321zvio3hrwfu4z4jxp7t,K. Nadaner,,,Orlando Pride,Away
2823542835,796,1,2,90,20,966pdxhsoxaib9qt5083h8uus,1,29.1,81.5,2025-06-21T01:58:56.486Z,2025-06-21T01:58:58Z,"[{'id': 5776198071, 'qualifierId': 140, 'value': '42.4'}, {'id': 5776198075, 'qualifierId': 212, 'value': '14.5'}, {'id': 5776198073, 'qualifierId': 141, 'value': '87.2'}, {'id': 5776198069, 'qualifierId': 56, 'value': 'Back'}, {'id': 5776198077, 'qualifierId': 213, 'value': '0.27'}]",dyfsbff9jueyw5jhjou424bo4,K. Abello,,,Orlando Pride,Away
2823542845,797,1,2,90,22,966pdxhsoxaib9qt5083h8uus,0,42.4,87.2,2025-06-21T01:58:58.022Z,2025-06-21T01:58:59Z,"[{'id': 5776198135, 'qualifierId': 213, 'value': '4.47'}, {'id': 5776198131, 'qualifierId': 141, 'value': '76.8'}, {'id': 5776198133, 'qualifierId': 212, 'value': '7.3'}, {'id': 5776198127, 'qualifierId': 56, 'value': 'Back'}, {'id': 5776198129, 'qualifierId': 140, 'value': '40.7'}]",6zvfcc67po0ofvl1twrv13tg5,C. Pickett,,,Orlando Pride,Away
2823542837,634,8,2,90,23,dtucewmt49th1p4selfutmnmc,1,59.8,13.6,2025-06-21T01:58:59.281Z,2025-06-21T01:58:59Z,"[{'id': 5776198081, 'qualifierId': 56, 'value': 'Right'}]",9e65qlc7dfjkajyhzhak8sc7p,J. Sonis,,,Racing Louisville,Home
2823542849,635,49,2,90,24,dtucewmt49th1p4selfutmnmc,1,60.0,21.2,2025-06-21T01:59:00.545Z,2025-06-21T01:59:00Z,[],asfd5wkedz1u29xt37r6or4rt,S. DeMelo,,,Racing Louisville,Home
2823542853,636,1,2,90,25,dtucewmt49th1p4selfutmnmc,0,60.0,21.2,2025-06-21T01:59:01.008Z,2025-06-21T01:59:01Z,"[{'id': 5776198173, 'qualifierId': 56, 'value': 'Right'}, {'id': 5776198177, 'qualifierId': 141, 'value': '17.8'}, {'id': 5776198179, 'qualifierId': 212, 'value': '9.1'}, {'id': 5776198175, 'qualifierId': 140, 'value': '68.4'}, {'id': 5776198181, 'qualifierId': 213, 'value': '6.03'}]",asfd5wkedz1u29xt37r6or4rt,S. DeMelo,,,Racing Louisville,Home
2823542863,798,8,2,90,27,966pdxhsoxaib9qt5083h8uus,1,37.2,74.4,2025-06-21T01:59:03.638Z,2025-06-21T01:59:03Z,"[{'id': 5776198255, 'qualifierId': 56, 'value': 'Back'}]",6uui5rxnfn6y5rkcsbuloiui,A. Lemos,,,Orlando Pride,Away
2823542867,799,49,2,90,28,966pdxhsoxaib9qt5083h8uus,1,37.4,74.7,2025-06-21T01:59:04.583Z,2025-06-21T01:59:04Z,[],6uui5rxnfn6y5rkcsbuloiui,A. Lemos,,,Orlando Pride,Away
2823542873,800,1,2,90,29,966pdxhsoxaib9qt5083h8uus,1,38.0,74.9,2025-06-21T01:59:05.029Z,2025-06-21T01:59:07Z,"[{'id': 5776198313, 'qualifierId': 141, 'value': '84.6'}, {'id': 5776198315, 'qualifierId': 212, 'value': '6.8'}, {'id': 5776198311, 'qualifierId': 140, 'value': '36.4'}, {'id': 5776198317, 'qualifierId': 213, 'value': '1.82'}, {'id': 5776198309, 'qualifierId': 56, 'value': 'Back'}]",6uui5rxnfn6y5rkcsbuloiui,A. Lemos,,,Orlando Pride,Away
2823542881,801,1,2,90,31,966pdxhsoxaib9qt5083h8uus,1,36.5,85.1,2025-06-21T01:59:07.125Z,2025-06-21T01:59:08Z,"[{'id': 5776198367, 'qualifierId': 213, 'value': '4.40'}, {'id': 5776198361, 'qualifierId': 140, 'value': '34.0'}, {'id': 5776198365, 'qualifierId': 212, 'value': '8.5'}, {'id': 5776198359, 'qualifierId': 56, 'value': 'Back'}, {'id': 5776198363, 'qualifierId': 141, 'value': '73.2'}]",6zvfcc67po0ofvl1twrv13tg5,C. Pickett,,,Orlando Pride,Away
2823542889,802,1,2,90,32,966pdxhsoxaib9qt5083h8uus,1,34.0,73.2,2025-06-21T01:59:08.341Z,2025-06-21T01:59:11Z,"[{'id': 5776198401, 'qualifierId': 141, 'value': '66.3'}, {'id': 5776198405, 'qualifierId': 213, 'value': '5.35'}, {'id': 5776198399, 'qualifierId': 140, 'value': '37.3'}, {'id': 5776198397, 'qualifierId': 56, 'value': 'Back'}, {'id': 5776198403, 'qualifierId': 212, 'value': '5.8'}]",1uf4321zvio3hrwfu4z4jxp7t,K. Nadaner,,,Orlando Pride,Away
2823542901,803,1,2,90,35,966pdxhsoxaib9qt5083h8uus,1,37.4,65.0,2025-06-21T01:59:11.542Z,2025-06-21T01:59:13Z,"[{'id': 5776198451, 'qualifierId': 213, 'value': '4.45'}, {'id': 5776198445, 'qualifierId': 140, 'value': '34.5'}, {'id': 5776198443, 'qualifierId': 56, 'value': 'Back'}, {'id': 5776198449, 'qualifierId': 212, 'value': '11.6'}, {'id': 5776198447, 'qualifierId': 141, 'value': '48.5'}]",dyfsbff9jueyw5jhjou424bo4,K. Abello,,,Orlando Pride,Away
2823542903,804,1,2,90,37,966pdxhsoxaib9qt5083h8uus,1,33.5,46.1,2025-06-21T01:59:13.589Z,2025-06-21T01:59:14Z,"[{'id': 5776198461, 'qualifierId': 212, 'value': '7.8'}, {'id': 5776198459, 'qualifierId': 141, 'value': '42.2'}, {'id': 5776198463, 'qualifierId': 213, 'value': '5.94'}, {'id': 5776198455, 'qualifierId': 56, 'value': 'Back'}, {'id': 5776198457, 'qualifierId': 140, 'value': '40.5'}]",9yvkpwm78jaqr321imfc3rrbo,E. Sams,,,Orlando Pride,Away
2823542907,805,1,2,90,38,966pdxhsoxaib9qt5083h8uus,1,41.8,41.5,2025-06-21T01:59:14.517Z,2025-06-21T01:59:16Z,"[{'id': 5776198481, 'qualifierId': 140, 'value': '51.6'}, {'id': 5776198485, 'qualifierId': 212, 'value': '17.9'}, {'id': 5776198483, 'qualifierId': 141, 'value': '19.9'}, {'id': 5776198479, 'qualifierId': 56, 'value': 'Right'}, {'id': 5776198487, 'qualifierId': 213, 'value': '5.32'}]",23nuijdnnuiwzkd5cf7jbyajt,Angelina,,,Orlando Pride,Away
2823542915,806,1,2,90,40,966pdxhsoxaib9qt5083h8uus,0,52.9,19.1,2025-06-21T01:59:16.774Z,2025-06-21T01:59:19Z,"[{'id': 5776198539, 'qualifierId': 1}, {'id': 5776198527, 'qualifierId': 155}, {'id': 5776198533, 'qualifierId': 141, 'value': '49.1'}, {'id': 5776198535, 'qualifierId': 212, 'value': '34.3'}, {'id': 5776198531, 'qualifierId': 140, 'value': '79.2'}, {'id': 5776198537, 'qualifierId': 213, 'value': '0.64'}, {'id': 5776198529, 'qualifierId': 56, 'value': 'Center'}]",eigt6t2rj0k98zt1isqrvtvqh,A. Watt,,,Orlando Pride,Away
2823542919,637,12,2,90,43,dtucewmt49th1p4selfutmnmc,1,18.7,53.8,2025-06-21T01:59:18.928Z,2025-06-21T01:59:29Z,"[{'id': 5776198549, 'qualifierId': 141, 'value': '19.9'}, {'id': 5776198553, 'qualifierId': 213, 'value': '4.42'}, {'id': 5776198547, 'qualifierId': 140, 'value': '12.1'}, {'id': 5776198555, 'qualifierId': 15}, {'id': 5776198545, 'qualifierId': 56, 'value': 'Back'}, {'id': 5776198551, 'qualifierId': 212, 'value': '24.1'}]",2mlyh9k0yhv8862rj6hu26j8p,E. Jean,,,Racing Louisville,Home
2823542927,638,49,2,90,47,dtucewmt49th1p4selfutmnmc,1,10.2,17.6,2025-06-21T01:59:22.881Z,2025-06-21T01:59:22Z,[],7hrw0exutge376ai2uf6frw4q,L. Milliet,,,Racing Louisville,Home
2823542933,639,1,2,90,48,dtucewmt49th1p4selfutmnmc,0,10.2,17.6,2025-06-21T01:59:23.954Z,2025-06-21T01:59:24Z,"[{'id': 5776198627, 'qualifierId': 1}, {'id': 5776198615, 'qualifierId': 157}, {'id': 5776198623, 'qualifierId': 212, 'value': '32.0'}, {'id': 5776198625, 'qualifierId': 213, 'value': '6.15'}, {'id': 5776198621, 'qualifierId': 141, 'value': '11.3'}, {'id': 5776198619, 'qualifierId': 140, 'value': '40.4'}, {'id': 5776198617, 'qualifierId': 56, 'value': 'Back'}]",7hrw0exutge376ai2uf6frw4q,L. Milliet,,,Racing Louisville,Home
2823542937,807,49,2,90,49,966pdxhsoxaib9qt5083h8uus,1,64.0,85.4,2025-06-21T01:59:25.622Z,2025-06-21T01:59:25Z,[],dyfsbff9jueyw5jhjou424bo4,K. Abello,,,Orlando Pride,Away
2823542951,808,1,2,90,52,966pdxhsoxaib9qt5083h8uus,1,67.0,84.3,2025-06-21T01:59:28.613Z,2025-06-21T01:59:31Z,"[{'id': 5776198713, 'qualifierId': 213, 'value': '0.31'}, {'id': 5776198707, 'qualifierId': 140, 'value': '76.7'}, {'id': 5776198711, 'qualifierId': 212, 'value': '10.7'}, {'id': 5776198705, 'qualifierId': 56, 'value': 'Left'}, {'id': 5776198709, 'qualifierId': 141, 'value': '89.1'}]",dyfsbff9jueyw5jhjou424bo4,K. Abello,,,Orlando Pride,Away
2823542965,809,1,2,90,55,966pdxhsoxaib9qt5083h8uus,1,76.5,87.9,2025-06-21T01:59:31.172Z,2025-06-21T01:59:34Z,"[{'id': 5776198777, 'qualifierId': 212, 'value': '9.4'}, {'id': 5776198779, 'qualifierId': 213, 'value': '3.75'}, {'id': 5776198773, 'qualifierId': 140, 'value': '69.2'}, {'id': 5776198775, 'qualifierId': 141, 'value': '80.0'}, {'id': 5776198771, 'qualifierId': 56, 'value': 'Left'}]",6zvfcc67po0ofvl1twrv13tg5,C. Pickett,,,Orlando Pride,Away
2823542971,810,1,2,90,58,966pdxhsoxaib9qt5083h8uus,1,70.3,80.3,2025-06-21T01:59:34.773Z,2025-06-21T01:59:35Z,"[{'id': 5776198791, 'qualifierId': 56, 'value': 'Left'}, {'id': 5776198795, 'qualifierId': 141, 'value': '81.0'}, {'id': 5776198793, 'qualifierId': 140, 'value': '77.0'}, {'id': 5776198797, 'qualifierId': 212, 'value': '7.1'}, {'id': 5776198799, 'qualifierId': 213, 'value': '0.07'}]",6uui5rxnfn6y5rkcsbuloiui,A. Lemos,,,Orlando Pride,Away
2823542979,811,1,2,90,59,966pdxhsoxaib9qt5083h8uus,1,77.0,81.0,2025-06-21T01:59:35.812Z,2025-06-21T01:59:38Z,"[{'id': 5776198835, 'qualifierId': 141, 'value': '75.9'}, {'id': 5776198831, 'qualifierId': 56, 'value': 'Center'}, {'id': 5776198839, 'qualifierId': 213, 'value': '3.70'}, {'id': 5776198837, 'qualifierId': 212, 'value': '6.6'}, {'id': 5776198833, 'qualifierId': 140, 'value': '71.7'}]",6fhiz0epsutfcs1xqfhcuomad,M. Gautrat,,,Orlando Pride,Away
2823542983,812,1,2,91,2,966pdxhsoxaib9qt5083h8uus,0,71.4,71.9,2025-06-21T01:59:38.373Z,2025-06-21T01:59:39Z,"[{'id': 5776198857, 'qualifierId': 213, 'value': '5.65'}, {'id': 5776198885, 'qualifierId': 236}, {'id': 5776198849, 'qualifierId': 56, 'value': 'Center'}, {'id': 5776198853, 'qualifierId': 141, 'value': '69.5'}, {'id': 5776198887, 'qualifierId': 233, 'value': '640'}, {'id': 5776198891, 'qualifierId': 286}, {'id': 5776198851, 'qualifierId': 140, 'value': '73.5'}, {'id': 5776198855, 'qualifierId': 212, 'value': '2.7'}]",6uui5rxnfn6y5rkcsbuloiui,A. Lemos,,,Orlando Pride,Away
2823542987,640,74,2,91,2,dtucewmt49th1p4selfutmnmc,1,23.6,39.2,2025-06-21T01:59:38.374Z,2025-06-21T02:11:06Z,"[{'id': 5776198897, 'qualifierId': 233, 'value': '812'}, {'id': 5776198881, 'qualifierId': 56, 'value': 'Back'}, {'id': 5776198883, 'qualifierId': 285}]",8q0rkr3gz7hz1ssdx3fkro0a2,T. Flint,,,Racing Louisville,Home
2823542997,813,1,2,91,5,966pdxhsoxaib9qt5083h8uus,1,74.6,38.9,2025-06-21T01:59:41.445Z,2025-06-21T01:59:44Z,"[{'id': 5776198943, 'qualifierId': 141, 'value': '46.4'}, {'id': 5776198945, 'qualifierId': 212, 'value': '7.5'}, {'id': 5776198939, 'qualifierId': 56, 'value': 'Center'}, {'id': 5776198941, 'qualifierId': 140, 'value': '69.3'}, {'id': 5776198947, 'qualifierId': 213, 'value': '2.40'}]",13mfu77eipda4tqe1grek3a7e,S. Jackson,,,Orlando Pride,Away
2823543001,814,1,2,91,8,966pdxhsoxaib9qt5083h8uus,1,70.4,44.5,2025-06-21T01:59:44.853Z,2025-06-21T01:59:47Z,"[{'id': 5776198963, 'qualifierId': 212, 'value': '3.8'}, {'id': 5776198961, 'qualifierId': 141, 'value': '49.1'}, {'id': 5776198959, 'qualifierId': 140, 'value': '68.3'}, {'id': 5776198965, 'qualifierId': 213, 'value': '2.18'}, {'id': 5776198957, 'qualifierId': 56, 'value': 'Center'}]",9yvkpwm78jaqr321imfc3rrbo,E. Sams,,,Orlando Pride,Away
2823543005,815,1,2,91,11,966pdxhsoxaib9qt5083h8uus,0,68.3,49.1,2025-06-21T01:59:47.365Z,2025-06-21T01:59:50Z,"[{'id': 5776198981, 'qualifierId': 155}, {'id': 5776198985, 'qualifierId': 140, 'value': '100.0'}, {'id': 5776198993, 'qualifierId': 1}, {'id': 5776198983, 'qualifierId': 56, 'value': 'Right'}, {'id': 5776198991, 'qualifierId': 213, 'value': '5.68'}, {'id': 5776198989, 'qualifierId': 212, 'value': '41.6'}, {'id': 5776198987, 'qualifierId': 141, 'value': '14.5'}]",23nuijdnnuiwzkd5cf7jbyajt,Angelina,,,Orlando Pride,Away
2823543081,641,5,2,91,14,dtucewmt49th1p4selfutmnmc,1,-1.2,85.9,2025-06-21T01:59:50.476Z,2025-06-21T02:11:02Z,"[{'id': 5776199423, 'qualifierId': 233, 'value': '816'}, {'id': 5776199421, 'qualifierId': 346}, {'id': 5776199419, 'qualifierId': 56, 'value': 'Back'}]",aoa88ulpguvr42b0a1jn8dfys,S. Weber,,,Racing Louisville,Home
2823543035,816,5,2,91,14,966pdxhsoxaib9qt5083h8uus,0,101.2,14.1,2025-06-21T01:59:50.476Z,2025-06-21T02:11:02Z,"[{'id': 5776199171, 'qualifierId': 346}, {'id': 5776199169, 'qualifierId': 56, 'value': 'Right'}, {'id': 5776199427, 'qualifierId': 233, 'value': '641'}]",23nuijdnnuiwzkd5cf7jbyajt,Angelina,,,Orlando Pride,Away
2823543037,817,43,2,91,25,966pdxhsoxaib9qt5083h8uus,1,0.0,0.0,2025-06-21T02:00:01.749Z,2025-06-21T02:00:09Z,"[{'id': 5776199175, 'qualifierId': 285, 'value': '0'}, {'id': 5776199317, 'qualifierId': 144, 'value': '44'}, {'id': 5776199173, 'qualifierId': 56, 'value': 'Back'}]",6uui5rxnfn6y5rkcsbuloiui,A. Lemos,,,Orlando Pride,Away
2823543085,642,1,2,91,39,dtucewmt49th1p4selfutmnmc,1,5.2,59.6,2025-06-21T02:00:15.490Z,2025-06-21T02:00:19Z,"[{'id': 5776199459, 'qualifierId': 1}, {'id': 5776199449, 'qualifierId': 56, 'value': 'Left'}, {'id': 5776199453, 'qualifierId': 141, 'value': '83.6'}, {'id': 5776199455, 'qualifierId': 212, 'value': '60.4'}, {'id': 5776199463, 'qualifierId': 74}, {'id': 5776199451, 'qualifierId': 140, 'value': '60.6'}, {'id': 5776199457, 'qualifierId': 213, 'value': '0.27'}, {'id': 5776199447, 'qualifierId': 124}]",24lhpn1z5ikitapll48t1z7kk,J. Bloomer,,,Racing Louisville,Home
2823543091,643,1,2,91,43,dtucewmt49th1p4selfutmnmc,1,60.6,83.6,2025-06-21T02:00:19.041Z,2025-06-21T02:00:21Z,"[{'id': 5776199489, 'qualifierId': 3}, {'id': 5776199501, 'qualifierId': 213, 'value': '0.33'}, {'id': 5776199497, 'qualifierId': 141, 'value': '88.4'}, {'id': 5776199491, 'qualifierId': 168}, {'id': 5776199495, 'qualifierId': 140, 'value': '69.8'}, {'id': 5776199493, 'qualifierId': 56, 'value': 'Left'}, {'id': 5776199499, 'qualifierId': 212, 'value': '10.2'}]",8q0rkr3gz7hz1ssdx3fkro0a2,T. Flint,,,Racing Louisville,Home
2823543093,644,1,2,91,45,dtucewmt49th1p4selfutmnmc,0,69.8,88.4,2025-06-21T02:00:21.410Z,2025-06-21T02:00:22Z,"[{'id': 5776199513, 'qualifierId': 212, 'value': '8.7'}, {'id': 5776199511, 'qualifierId': 141, 'value': '100.0'}, {'id': 5776199515, 'qualifierId': 213, 'value': '1.92'}, {'id': 5776199507, 'qualifierId': 56, 'value': 'Left'}, {'id': 5776199505, 'qualifierId': 3}, {'id': 5776199509, 'qualifierId': 140, 'value': '67.0'}]",aoa88ulpguvr42b0a1jn8dfys,S. Weber,,,Racing Louisville,Home
2823543099,645,5,2,91,46,dtucewmt49th1p4selfutmnmc,0,65.8,100.6,2025-06-21T02:00:22.043Z,2025-06-21T02:11:02Z,"[{'id': 5776199533, 'qualifierId': 347}, {'id': 5776199687, 'qualifierId': 233, 'value': '819'}, {'id': 5776199531, 'qualifierId': 56, 'value': 'Left'}]",aoa88ulpguvr42b0a1jn8dfys,S. Weber,,,Racing Louisville,Home
2823543125,819,5,2,91,46,966pdxhsoxaib9qt5083h8uus,1,34.2,-0.6,2025-06-21T02:00:22.043Z,2025-06-21T02:11:02Z,"[{'id': 5776199681, 'qualifierId': 347}, {'id': 5776199683, 'qualifierId': 233, 'value': '645'}, {'id': 5776199679, 'qualifierId': 56, 'value': 'Back'}]",6uui5rxnfn6y5rkcsbuloiui,A. Lemos,,,Orlando Pride,Away
2823543137,820,1,2,91,51,966pdxhsoxaib9qt5083h8uus,1,36.8,0.0,2025-06-21T02:00:27.797Z,2025-06-21T02:00:30Z,"[{'id': 5776199743, 'qualifierId': 1}, {'id': 5776199735, 'qualifierId': 140, 'value': '65.5'}, {'id': 5776199731, 'qualifierId': 107}, {'id': 5776199739, 'qualifierId': 212, 'value': '31.4'}, {'id': 5776199737, 'qualifierId': 141, 'value': '11.6'}, {'id': 5776199741, 'qualifierId': 213, 'value': '0.29'}, {'id': 5776199733, 'qualifierId': 56, 'value': 'Right'}]",eigt6t2rj0k98zt1isqrvtvqh,A. Watt,,,Orlando Pride,Away
2823543143,821,1,2,91,54,966pdxhsoxaib9qt5083h8uus,0,65.5,12.4,2025-06-21T02:00:30.789Z,2025-06-21T02:00:31Z,"[{'id': 5776199777, 'qualifierId': 213, 'value': '1.20'}, {'id': 5776199773, 'qualifierId': 141, 'value': '18.4'}, {'id': 5776199775, 'qualifierId': 212, 'value': '4.4'}, {'id': 5776199771, 'qualifierId': 140, 'value': '67.0'}, {'id': 5776199769, 'qualifierId': 56, 'value': 'Right'}]",e2obgph6szyo04em3qr94g1qt,B. Banda,,,Orlando Pride,Away
2823543147,646,1,2,91,55,dtucewmt49th1p4selfutmnmc,1,38.6,75.2,2025-06-21T02:00:31.617Z,2025-06-21T02:00:33Z,"[{'id': 5776199795, 'qualifierId': 141, 'value': '89.0'}, {'id': 5776199791, 'qualifierId': 56, 'value': 'Back'}, {'id': 5776199799, 'qualifierId': 213, 'value': '0.84'}, {'id': 5776199797, 'qualifierId': 212, 'value': '12.6'}, {'id': 5776199793, 'qualifierId': 140, 'value': '46.6'}]",1mym43khm3hlhzbj42tbnjlec,K. O'Kane,,,Racing Louisville,Home
2823543149,647,49,2,91,57,dtucewmt49th1p4selfutmnmc,1,46.6,89.0,2025-06-21T02:00:33.091Z,2025-06-21T02:00:33Z,[],aackuqvi6nlca566oisw0wc9g,E. Hase,,,Racing Louisville,Home
2823543155,648,1,2,91,57,dtucewmt49th1p4selfutmnmc,1,46.6,89.0,2025-06-21T02:00:33.346Z,2025-06-21T02:00:35Z,"[{'id': 5776199831, 'qualifierId': 140, 'value': '41.6'}, {'id': 5776199835, 'qualifierId': 212, 'value': '5.7'}, {'id': 5776199833, 'qualifierId': 141, 'value': '85.7'}, {'id': 5776199829, 'qualifierId': 56, 'value': 'Back'}, {'id': 5776199837, 'qualifierId': 213, 'value': '3.55'}]",aackuqvi6nlca566oisw0wc9g,E. Hase,,,Racing Louisville,Home
2823543159,649,1,2,91,59,dtucewmt49th1p4selfutmnmc,1,41.6,85.7,2025-06-21T02:00:35.186Z,2025-06-21T02:00:36Z,"[{'id': 5776199847, 'qualifierId': 212, 'value': '16.0'}, {'id': 5776199843, 'qualifierId': 140, 'value': '56.5'}, {'id': 5776199849, 'qualifierId': 213, 'value': '0.20'}, {'id': 5776199841, 'qualifierId': 56, 'value': 'Left'}, {'id': 5776199845, 'qualifierId': 141, 'value': '90.3'}]",2x4vbu3htfozzwd8g7bdxeacp,C. Petersen,,,Racing Louisville,Home
2823543167,650,1,2,92,0,dtucewmt49th1p4selfutmnmc,1,56.5,90.3,2025-06-21T02:00:36.033Z,2025-06-21T02:05:16Z,"[{'id': 5776199891, 'qualifierId': 213, 'value': '5.56'}, {'id': 5776199887, 'qualifierId': 141, 'value': '81.8'}, {'id': 5776199889, 'qualifierId': 212, 'value': '8.7'}, {'id': 5776199883, 'qualifierId': 56, 'value': 'Left'}, {'id': 5776199885, 'qualifierId': 140, 'value': '62.7'}]",aackuqvi6nlca566oisw0wc9g,E. Hase,,,Racing Louisville,Home
2823543181,651,1,2,92,1,dtucewmt49th1p4selfutmnmc,1,62.7,81.8,2025-06-21T02:00:36.914Z,2025-06-21T02:05:46Z,"[{'id': 5776199949, 'qualifierId': 140, 'value': '63.2'}, {'id': 5776199953, 'qualifierId': 212, 'value': '8.6'}, {'id': 5776199947, 'qualifierId': 56, 'value': 'Left'}, {'id': 5776199955, 'qualifierId': 213, 'value': '1.51'}, {'id': 5776199951, 'qualifierId': 141, 'value': '94.4'}]",aoa88ulpguvr42b0a1jn8dfys,S. Weber,,,Racing Louisville,Home
2823543199,652,61,2,92,4,dtucewmt49th1p4selfutmnmc,0,58.1,94.7,2025-06-21T02:00:40.370Z,2025-06-21T02:06:37Z,"[{'id': 5776200035, 'qualifierId': 56, 'value': 'Left'}]",aackuqvi6nlca566oisw0wc9g,E. Hase,,,Racing Louisville,Home
2823543211,822,1,2,92,5,966pdxhsoxaib9qt5083h8uus,0,46.0,19.7,2025-06-21T02:00:41.570Z,2025-06-21T02:06:07Z,"[{'id': 5776200107, 'qualifierId': 212, 'value': '3.0'}, {'id': 5776205351, 'qualifierId': 233, 'value': '654'}, {'id': 5776205355, 'qualifierId': 286}, {'id': 5776205349, 'qualifierId': 236}, {'id': 5776200109, 'qualifierId': 213, 'value': '5.61'}, {'id': 5776200103, 'qualifierId': 140, 'value': '48.2'}, {'id': 5776200105, 'qualifierId': 141, 'value': '17.0'}, {'id': 5776200101, 'qualifierId': 56, 'value': 'Back'}]",6fhiz0epsutfcs1xqfhcuomad,M. Gautrat,,,Orlando Pride,Away
2823543237,654,74,2,92,5,dtucewmt49th1p4selfutmnmc,1,52.1,95.1,2025-06-21T02:00:41.571Z,2025-06-21T02:06:30Z,"[{'id': 5776205357, 'qualifierId': 233, 'value': '822'}, {'id': 5776205347, 'qualifierId': 285}, {'id': 5776205345, 'qualifierId': 56, 'value': 'Left'}]",2x4vbu3htfozzwd8g7bdxeacp,C. Petersen,,,Racing Louisville,Home
2823543223,823,49,2,92,9,966pdxhsoxaib9qt5083h8uus,1,44.7,16.7,2025-06-21T02:00:45.014Z,2025-06-21T02:07:10Z,[],13mfu77eipda4tqe1grek3a7e,S. Jackson,,,Orlando Pride,Away
2823543227,824,1,2,92,9,966pdxhsoxaib9qt5083h8uus,1,44.7,16.7,2025-06-21T02:00:45.397Z,2025-06-21T02:00:45Z,"[{'id': 5776200193, 'qualifierId': 141, 'value': '22.6'}, {'id': 5776200195, 'qualifierId': 212, 'value': '4.2'}, {'id': 5776200191, 'qualifierId': 140, 'value': '43.6'}, {'id': 5776200197, 'qualifierId': 213, 'value': '1.85'}, {'id': 5776200189, 'qualifierId': 56, 'value': 'Back'}]",13mfu77eipda4tqe1grek3a7e,S. Jackson,,,Orlando Pride,Away
2823543231,825,1,2,92,10,966pdxhsoxaib9qt5083h8uus,0,43.6,22.9,2025-06-21T02:00:45.925Z,2025-06-21T02:00:46Z,"[{'id': 5776200211, 'qualifierId': 140, 'value': '60.5'}, {'id': 5776200209, 'qualifierId': 56, 'value': 'Center'}, {'id': 5776200215, 'qualifierId': 212, 'value': '17.7'}, {'id': 5776200213, 'qualifierId': 141, 'value': '23.3'}, {'id': 5776200217, 'qualifierId': 213, 'value': '0.02'}]",23nuijdnnuiwzkd5cf7jbyajt,Angelina,,,Orlando Pride,Away
2823543233,653,1,2,92,10,dtucewmt49th1p4selfutmnmc,1,39.3,84.8,2025-06-21T02:00:46.786Z,2025-06-21T02:07:15Z,"[{'id': 5776206433, 'qualifierId': 140, 'value': '56.3'}, {'id': 5776206439, 'qualifierId': 213, 'value': '0.22'}, {'id': 5776206435, 'qualifierId': 141, 'value': '90.8'}, {'id': 5776200219, 'qualifierId': 56, 'value': 'Left'}, {'id': 5776206437, 'qualifierId': 212, 'value': '18.3'}]",cieyupgmnxecb4emqljudrw89,A. Wright,,,Racing Louisville,Home
2823544423,672,49,2,92,11,dtucewmt49th1p4selfutmnmc,1,55.2,93.6,2025-06-21T02:00:46.881Z,2025-06-21T02:07:28Z,[],aackuqvi6nlca566oisw0wc9g,E. Hase,,,Racing Louisville,Home
2823543239,655,1,2,92,11,dtucewmt49th1p4selfutmnmc,1,53.6,96.3,2025-06-21T02:00:47.732Z,2025-06-21T02:07:35Z,"[{'id': 5776206957, 'qualifierId': 212, 'value': '7.4'}, {'id': 5776206955, 'qualifierId': 141, 'value': '96.7'}, {'id': 5776206951, 'qualifierId': 56, 'value': 'Back'}, {'id': 5776206959, 'qualifierId': 213, 'value': '3.10'}, {'id': 5776206953, 'qualifierId': 140, 'value': '46.6'}]",aackuqvi6nlca566oisw0wc9g,E. Hase,,,Racing Louisville,Home
2823543251,656,1,2,92,14,dtucewmt49th1p4selfutmnmc,0,44.8,94.7,2025-06-21T02:00:49.986Z,2025-06-21T02:07:39Z,"[{'id': 5776200299, 'qualifierId': 213, 'value': '0.51'}, {'id': 5776200297, 'qualifierId': 212, 'value': '8.8'}, {'id': 5776200293, 'qualifierId': 140, 'value': '52.1'}, {'id': 5776200295, 'qualifierId': 141, 'value': '100.0'}, {'id': 5776200291, 'qualifierId': 56, 'value': 'Left'}]",2x4vbu3htfozzwd8g7bdxeacp,C. Petersen,,,Racing Louisville,Home
2823543255,657,5,2,92,14,dtucewmt49th1p4selfutmnmc,0,52.0,101.2,2025-06-21T02:00:50.236Z,2025-06-21T02:00:54Z,"[{'id': 5776200313, 'qualifierId': 56, 'value': 'Left'}, {'id': 5776200315, 'qualifierId': 347}, {'id': 5776200371, 'qualifierId': 233, 'value': '826'}]",2x4vbu3htfozzwd8g7bdxeacp,C. Petersen,,,Racing Louisville,Home
2823543265,826,5,2,92,14,966pdxhsoxaib9qt5083h8uus,1,48.0,-1.2,2025-06-21T02:00:50.236Z,2025-06-21T02:11:03Z,"[{'id': 5776200359, 'qualifierId': 347}, {'id': 5776200357, 'qualifierId': 56, 'value': 'Back'}, {'id': 5776200363, 'qualifierId': 233, 'value': '657'}]",23nuijdnnuiwzkd5cf7jbyajt,Angelina,,,Orlando Pride,Away
2823543287,658,18,2,92,25,dtucewmt49th1p4selfutmnmc,1,0.0,0.0,2025-06-21T02:01:01.293Z,2025-06-21T02:01:02Z,"[{'id': 5776200507, 'qualifierId': 55, 'value': '659'}, {'id': 5776200485, 'qualifierId': 59, 'value': '42'}, {'id': 5776200481, 'qualifierId': 42}, {'id': 5776200483, 'qualifierId': 44, 'value': 'Forward'}]",aoa88ulpguvr42b0a1jn8dfys,S. Weber,,,Racing Louisville,Home
2823543289,659,19,2,92,25,dtucewmt49th1p4selfutmnmc,1,0.0,0.0,2025-06-21T02:01:01.294Z,2025-06-21T02:01:02Z,"[{'id': 5776200501, 'qualifierId': 55, 'value': '658'}, {'id': 5776200497, 'qualifierId': 293, 'value': '3'}, {'id': 5776200495, 'qualifierId': 292, 'value': '9'}, {'id': 5776200491, 'qualifierId': 145, 'value': '9'}, {'id': 5776200487, 'qualifierId': 42}, {'id': 5776200499, 'qualifierId': 44, 'value': 'Forward'}, {'id': 5776200493, 'qualifierId': 59, 'value': '14'}]",5ni7a4s85lp22rysy5inywf3e,M. DiGrande,,,Racing Louisville,Home
2823543337,827,1,2,92,38,966pdxhsoxaib9qt5083h8uus,0,46.0,0.0,2025-06-21T02:01:14.148Z,2025-06-21T02:12:21Z,"[{'id': 5776200745, 'qualifierId': 140, 'value': '58.8'}, {'id': 5776200751, 'qualifierId': 213, 'value': '0.53'}, {'id': 5776200741, 'qualifierId': 107}, {'id': 5776200749, 'qualifierId': 212, 'value': '15.6'}, {'id': 5776200743, 'qualifierId': 56, 'value': 'Right'}, {'id': 5776200765, 'qualifierId': 189}, {'id': 5776200747, 'qualifierId': 141, 'value': '10.1'}]",eigt6t2rj0k98zt1isqrvtvqh,A. Watt,,,Orlando Pride,Away
2823543779,671,61,2,92,39,dtucewmt49th1p4selfutmnmc,1,35.4,96.8,2025-06-21T02:01:14.881Z,2025-06-21T02:03:53Z,"[{'id': 5776203141, 'qualifierId': 56, 'value': 'Back'}, {'id': 5776203179, 'qualifierId': 189}]",aackuqvi6nlca566oisw0wc9g,E. Hase,,,Racing Louisville,Home
2823543367,660,1,2,92,42,dtucewmt49th1p4selfutmnmc,0,43.8,85.2,2025-06-21T02:01:18.163Z,2025-06-21T02:04:00Z,"[{'id': 5776200901, 'qualifierId': 213, 'value': '0.32'}, {'id': 5776200897, 'qualifierId': 141, 'value': '99.0'}, {'id': 5776200899, 'qualifierId': 212, 'value': '29.8'}, {'id': 5776200893, 'qualifierId': 56, 'value': 'Left'}, {'id': 5776200895, 'qualifierId': 140, 'value': '70.7'}, {'id': 5776200903, 'qualifierId': 1}, {'id': 5776200891, 'qualifierId': 157}]",asfd5wkedz1u29xt37r6or4rt,S. DeMelo,,,Racing Louisville,Home
2823543373,828,1,2,92,47,966pdxhsoxaib9qt5083h8uus,1,28.8,13.9,2025-06-21T02:01:23.397Z,2025-06-21T02:01:25Z,"[{'id': 5776200933, 'qualifierId': 140, 'value': '14.2'}, {'id': 5776200939, 'qualifierId': 213, 'value': '2.76'}, {'id': 5776200937, 'qualifierId': 212, 'value': '16.5'}, {'id': 5776200931, 'qualifierId': 56, 'value': 'Back'}, {'id': 5776200935, 'qualifierId': 141, 'value': '23.0'}]",9yvkpwm78jaqr321imfc3rrbo,E. Sams,,,Orlando Pride,Away
2823543393,829,1,2,92,49,966pdxhsoxaib9qt5083h8uus,1,16.3,25.0,2025-06-21T02:01:25.574Z,2025-06-21T02:01:29Z,"[{'id': 5776201057, 'qualifierId': 213, 'value': '1.14'}, {'id': 5776201053, 'qualifierId': 141, 'value': '49.9'}, {'id': 5776201049, 'qualifierId': 56, 'value': 'Back'}, {'id': 5776201055, 'qualifierId': 212, 'value': '18.7'}, {'id': 5776201051, 'qualifierId': 140, 'value': '23.8'}]",7e8f4kfwcucaj4239xz0rai1h,A. Moorhouse,,,Orlando Pride,Away
2823543401,830,1,2,92,53,966pdxhsoxaib9qt5083h8uus,1,26.1,48.1,2025-06-21T02:01:29.109Z,2025-06-21T02:01:31Z,"[{'id': 5776201105, 'qualifierId': 56, 'value': 'Back'}, {'id': 5776201109, 'qualifierId': 141, 'value': '39.2'}, {'id': 5776201113, 'qualifierId': 213, 'value': '5.63'}, {'id': 5776201111, 'qualifierId': 212, 'value': '10.0'}, {'id': 5776201107, 'qualifierId': 140, 'value': '33.7'}]",1uf4321zvio3hrwfu4z4jxp7t,K. Nadaner,,,Orlando Pride,Away
2823543419,831,1,2,92,55,966pdxhsoxaib9qt5083h8uus,1,33.6,38.9,2025-06-21T02:01:31.253Z,2025-06-21T02:01:37Z,"[{'id': 5776201197, 'qualifierId': 141, 'value': '21.8'}, {'id': 5776201193, 'qualifierId': 56, 'value': 'Back'}, {'id': 5776201201, 'qualifierId': 213, 'value': '4.42'}, {'id': 5776201199, 'qualifierId': 212, 'value': '12.1'}, {'id': 5776201195, 'qualifierId': 140, 'value': '30.3'}]",23nuijdnnuiwzkd5cf7jbyajt,Angelina,,,Orlando Pride,Away
2823543425,832,1,2,93,1,966pdxhsoxaib9qt5083h8uus,1,38.1,19.0,2025-06-21T02:01:37.558Z,2025-06-21T02:01:39Z,"[{'id': 5776201227, 'qualifierId': 141, 'value': '15.1'}, {'id': 5776201229, 'qualifierId': 212, 'value': '27.8'}, {'id': 5776201223, 'qualifierId': 56, 'value': 'Right'}, {'id': 5776201225, 'qualifierId': 140, 'value': '64.5'}, {'id': 5776201231, 'qualifierId': 213, 'value': '6.19'}]",9yvkpwm78jaqr321imfc3rrbo,E. Sams,,,Orlando Pride,Away
2823543441,833,1,2,93,3,966pdxhsoxaib9qt5083h8uus,1,64.8,15.1,2025-06-21T02:01:39.493Z,2025-06-21T02:01:42Z,"[{'id': 5776201329, 'qualifierId': 140, 'value': '63.3'}, {'id': 5776201327, 'qualifierId': 56, 'value': 'Center'}, {'id': 5776201333, 'qualifierId': 212, 'value': '5.9'}, {'id': 5776201331, 'qualifierId': 141, 'value': '23.5'}, {'id': 5776201335, 'qualifierId': 213, 'value': '1.84'}]",13mfu77eipda4tqe1grek3a7e,S. Jackson,,,Orlando Pride,Away
2823543465,834,1,2,93,6,966pdxhsoxaib9qt5083h8uus,1,68.0,26.3,2025-06-21T02:01:42.404Z,2025-06-21T02:01:48Z,"[{'id': 5776201451, 'qualifierId': 213, 'value': '5.50'}, {'id': 5776201445, 'qualifierId': 140, 'value': '78.3'}, {'id': 5776201443, 'qualifierId': 56, 'value': 'Right'}, {'id': 5776201449, 'qualifierId': 212, 'value': '15.3'}, {'id': 5776201447, 'qualifierId': 141, 'value': '10.4'}]",9yvkpwm78jaqr321imfc3rrbo,E. Sams,,,Orlando Pride,Away
2823543481,835,1,2,93,12,966pdxhsoxaib9qt5083h8uus,0,94.3,21.5,2025-06-21T02:01:48.293Z,2025-06-21T02:01:51Z,"[{'id': 5776201547, 'qualifierId': 56, 'value': 'Left'}, {'id': 5776201557, 'qualifierId': 1}, {'id': 5776201549, 'qualifierId': 140, 'value': '94.4'}, {'id': 5776201553, 'qualifierId': 212, 'value': '54.1'}, {'id': 5776201543, 'qualifierId': 2}, {'id': 5776201545, 'qualifierId': 155}, {'id': 5776201551, 'qualifierId': 141, 'value': '100.0'}, {'id': 5776201555, 'qualifierId': 213, 'value': '1.57'}]",eigt6t2rj0k98zt1isqrvtvqh,A. Watt,,,Orlando Pride,Away
2823543525,661,5,2,93,15,dtucewmt49th1p4selfutmnmc,1,4.7,-1.0,2025-06-21T02:01:51.175Z,2025-06-21T02:11:03Z,"[{'id': 5776201741, 'qualifierId': 56, 'value': 'Back'}, {'id': 5776201745, 'qualifierId': 233, 'value': '836'}, {'id': 5776201743, 'qualifierId': 347}]",cieyupgmnxecb4emqljudrw89,A. Wright,,,Racing Louisville,Home
2823543483,836,5,2,93,15,966pdxhsoxaib9qt5083h8uus,0,95.3,101.0,2025-06-21T02:01:51.175Z,2025-06-21T02:11:03Z,"[{'id': 5776201561, 'qualifierId': 56, 'value': 'Left'}, {'id': 5776201749, 'qualifierId': 233, 'value': '661'}, {'id': 5776201563, 'qualifierId': 347}]",eigt6t2rj0k98zt1isqrvtvqh,A. Watt,,,Orlando Pride,Away
2823543539,662,1,2,93,37,dtucewmt49th1p4selfutmnmc,1,7.6,0.0,2025-06-21T02:02:13.508Z,2025-06-21T02:02:15Z,"[{'id': 5776201853, 'qualifierId': 212, 'value': '10.5'}, {'id': 5776201847, 'qualifierId': 56, 'value': 'Back'}, {'id': 5776201849, 'qualifierId': 140, 'value': '16.1'}, {'id': 5776201855, 'qualifierId': 213, 'value': '0.56'}, {'id': 5776201845, 'qualifierId': 107}, {'id': 5776201851, 'qualifierId': 141, 'value': '7.4'}]",7hrw0exutge376ai2uf6frw4q,L. Milliet,,,Racing Louisville,Home
2823543541,663,1,2,93,39,dtucewmt49th1p4selfutmnmc,0,15.0,8.0,2025-06-21T02:02:15.638Z,2025-06-21T02:02:16Z,"[{'id': 5776201877, 'qualifierId': 140, 'value': '26.3'}, {'id': 5776201879, 'qualifierId': 141, 'value': '10.9'}, {'id': 5776201883, 'qualifierId': 213, 'value': '0.16'}, {'id': 5776201873, 'qualifierId': 157}, {'id': 5776201881, 'qualifierId': 212, 'value': '12.0'}, {'id': 5776201875, 'qualifierId': 56, 'value': 'Back'}, {'id': 5776201885, 'qualifierId': 1}]",9e65qlc7dfjkajyhzhak8sc7p,J. Sonis,,,Racing Louisville,Home
2823543545,837,49,2,93,42,966pdxhsoxaib9qt5083h8uus,1,81.9,84.5,2025-06-21T02:02:18.501Z,2025-06-21T02:02:18Z,[],6uui5rxnfn6y5rkcsbuloiui,A. Lemos,,,Orlando Pride,Away
2823543555,838,1,2,93,43,966pdxhsoxaib9qt5083h8uus,1,81.9,84.5,2025-06-21T02:02:18.917Z,2025-06-21T02:02:21Z,"[{'id': 5776201969, 'qualifierId': 141, 'value': '82.4'}, {'id': 5776201967, 'qualifierId': 140, 'value': '85.2'}, {'id': 5776201971, 'qualifierId': 212, 'value': '3.7'}, {'id': 5776201973, 'qualifierId': 213, 'value': '5.89'}, {'id': 5776201965, 'qualifierId': 56, 'value': 'Left'}]",6uui5rxnfn6y5rkcsbuloiui,A. Lemos,,,Orlando Pride,Away
2823543557,839,61,2,93,45,966pdxhsoxaib9qt5083h8uus,1,85.2,82.4,2025-06-21T02:02:21.727Z,2025-06-21T02:02:22Z,"[{'id': 5776201977, 'qualifierId': 56, 'value': 'Left'}]",6fhiz0epsutfcs1xqfhcuomad,M. Gautrat,,,Orlando Pride,Away
2823543559,664,1,2,93,45,dtucewmt49th1p4selfutmnmc,0,20.4,9.1,2025-06-21T02:02:21.734Z,2025-06-21T02:03:23Z,"[{'id': 5776202799, 'qualifierId': 286}, {'id': 5776201989, 'qualifierId': 141, 'value': '7.3'}, {'id': 5776201993, 'qualifierId': 213, 'value': '5.98'}, {'id': 5776201995, 'qualifierId': 1}, {'id': 5776201991, 'qualifierId': 212, 'value': '4.1'}, {'id': 5776201987, 'qualifierId': 140, 'value': '24.1'}, {'id': 5776202793, 'qualifierId': 236}, {'id': 5776201985, 'qualifierId': 56, 'value': 'Back'}, {'id': 5776201983, 'qualifierId': 157}, {'id': 5776202795, 'qualifierId': 233, 'value': '841'}]",9e65qlc7dfjkajyhzhak8sc7p,J. Sonis,,,Racing Louisville,Home
2823543567,841,74,2,93,45,966pdxhsoxaib9qt5083h8uus,1,79.7,85.8,2025-06-21T02:02:21.735Z,2025-06-21T02:11:07Z,"[{'id': 5776202039, 'qualifierId': 56, 'value': 'Left'}, {'id': 5776202801, 'qualifierId': 233, 'value': '664'}, {'id': 5776202791, 'qualifierId': 285}]",dyfsbff9jueyw5jhjou424bo4,K. Abello,,,Orlando Pride,Away
2823543563,840,1,2,93,46,966pdxhsoxaib9qt5083h8uus,0,80.9,82.8,2025-06-21T02:02:22.708Z,2025-06-21T02:02:23Z,"[{'id': 5776202023, 'qualifierId': 212, 'value': '3.8'}, {'id': 5776202025, 'qualifierId': 213, 'value': '0.91'}, {'id': 5776202021, 'qualifierId': 141, 'value': '87.2'}, {'id': 5776202019, 'qualifierId': 140, 'value': '83.1'}, {'id': 5776202017, 'qualifierId': 56, 'value': 'Left'}]",6uui5rxnfn6y5rkcsbuloiui,A. Lemos,,,Orlando Pride,Away
2823543569,665,12,2,93,47,dtucewmt49th1p4selfutmnmc,1,26.3,10.0,2025-06-21T02:02:23.861Z,2025-06-21T02:02:25Z,"[{'id': 5776202041, 'qualifierId': 56, 'value': 'Back'}, {'id': 5776202045, 'qualifierId': 141, 'value': '0.0'}, {'id': 5776202043, 'qualifierId': 140, 'value': '27.7'}, {'id': 5776202049, 'qualifierId': 213, 'value': '4.90'}, {'id': 5776202067, 'qualifierId': 167}, {'id': 5776202047, 'qualifierId': 212, 'value': '8.0'}]",asfd5wkedz1u29xt37r6or4rt,S. DeMelo,,,Racing Louisville,Home
2823543573,666,5,2,93,48,dtucewmt49th1p4selfutmnmc,0,27.0,-1.2,2025-06-21T02:02:24.418Z,2025-06-21T02:11:04Z,"[{'id': 5776202065, 'qualifierId': 347}, {'id': 5776202111, 'qualifierId': 233, 'value': '842'}, {'id': 5776202063, 'qualifierId': 56, 'value': 'Back'}]",asfd5wkedz1u29xt37r6or4rt,S. DeMelo,,,Racing Louisville,Home
2823543581,842,5,2,93,48,966pdxhsoxaib9qt5083h8uus,1,73.0,101.2,2025-06-21T02:02:24.418Z,2025-06-21T02:11:03Z,"[{'id': 5776202091, 'qualifierId': 56, 'value': 'Left'}, {'id': 5776202097, 'qualifierId': 233, 'value': '666'}, {'id': 5776202093, 'qualifierId': 347}]",6uui5rxnfn6y5rkcsbuloiui,A. Lemos,,,Orlando Pride,Away
2823543585,843,1,2,93,52,966pdxhsoxaib9qt5083h8uus,1,74.2,100.0,2025-06-21T02:02:28.533Z,2025-06-21T02:02:30Z,"[{'id': 5776202123, 'qualifierId': 140, 'value': '53.7'}, {'id': 5776202129, 'qualifierId': 213, 'value': '3.44'}, {'id': 5776202121, 'qualifierId': 56, 'value': 'Left'}, {'id': 5776202119, 'qualifierId': 107}, {'id': 5776202125, 'qualifierId': 141, 'value': '90.8'}, {'id': 5776202127, 'qualifierId': 212, 'value': '22.6'}, {'id': 5776202131, 'qualifierId': 1}]",dyfsbff9jueyw5jhjou424bo4,K. Abello,,,Orlando Pride,Away
2823543589,844,1,2,93,54,966pdxhsoxaib9qt5083h8uus,1,52.7,89.7,2025-06-21T02:02:30.852Z,2025-06-21T02:02:36Z,"[{'id': 5776202149, 'qualifierId': 140, 'value': '53.3'}, {'id': 5776202153, 'qualifierId': 212, 'value': '22.5'}, {'id': 5776202147, 'qualifierId': 56, 'value': 'Center'}, {'id': 5776202155, 'qualifierId': 213, 'value': '4.74'}, {'id': 5776202151, 'qualifierId': 141, 'value': '56.6'}]",1uf4321zvio3hrwfu4z4jxp7t,K. Nadaner,,,Orlando Pride,Away
2823543599,845,1,2,94,0,966pdxhsoxaib9qt5083h8uus,1,55.1,55.2,2025-06-21T02:02:35.972Z,2025-06-21T02:02:38Z,"[{'id': 5776202213, 'qualifierId': 140, 'value': '66.3'}, {'id': 5776202217, 'qualifierId': 212, 'value': '12.1'}, {'id': 5776202219, 'qualifierId': 213, 'value': '6.06'}, {'id': 5776202211, 'qualifierId': 56, 'value': 'Center'}, {'id': 5776202215, 'qualifierId': 141, 'value': '51.3'}]",eigt6t2rj0k98zt1isqrvtvqh,A. Watt,,,Orlando Pride,Away
2823543607,846,1,2,94,2,966pdxhsoxaib9qt5083h8uus,0,66.5,51.0,2025-06-21T02:02:38.261Z,2025-06-21T02:02:39Z,"[{'id': 5776202255, 'qualifierId': 140, 'value': '78.3'}, {'id': 5776202257, 'qualifierId': 141, 'value': '50.1'}, {'id': 5776202259, 'qualifierId': 212, 'value': '12.4'}, {'id': 5776202253, 'qualifierId': 56, 'value': 'Center'}, {'id': 5776202261, 'qualifierId': 213, 'value': '6.23'}]",13mfu77eipda4tqe1grek3a7e,S. Jackson,,,Orlando Pride,Away
2823543623,667,12,2,94,2,dtucewmt49th1p4selfutmnmc,1,20.4,57.2,2025-06-21T02:02:38.589Z,2025-06-21T02:02:45Z,"[{'id': 5776202327, 'qualifierId': 141, 'value': '31.4'}, {'id': 5776202329, 'qualifierId': 212, 'value': '19.0'}, {'id': 5776202323, 'qualifierId': 56, 'value': 'Back'}, {'id': 5776202325, 'qualifierId': 140, 'value': '27.4'}, {'id': 5776202331, 'qualifierId': 213, 'value': '5.11'}]",cieyupgmnxecb4emqljudrw89,A. Wright,,,Racing Louisville,Home
2823543627,668,30,2,94,3,dtucewmt49th1p4selfutmnmc,1,0.0,0.0,2025-06-21T02:02:39.118Z,2025-06-21T02:02:46Z,"[{'id': 5776202349, 'qualifierId': 209}, {'id': 5776202347, 'qualifierId': 57, 'value': '0'}]",,,,,Racing Louisville,Home
2823543621,847,30,2,94,3,966pdxhsoxaib9qt5083h8uus,1,0.0,0.0,2025-06-21T02:02:39.118Z,2025-06-21T02:02:46Z,"[{'id': 5776202321, 'qualifierId': 209}, {'id': 5776202319, 'qualifierId': 57, 'value': '0'}]",,,,,Orlando Pride,Away
2823543715,669,30,14,0,0,dtucewmt49th1p4selfutmnmc,1,0.0,0.0,2025-06-21T02:03:25.691Z,2025-06-21T02:03:25Z,"[{'id': 5776202831, 'qualifierId': 57, 'value': '1'}, {'id': 5776202833, 'qualifierId': 209}]",,,,,Racing Louisville,Home
2823543719,848,30,14,0,0,966pdxhsoxaib9qt5083h8uus,1,0.0,0.0,2025-06-21T02:03:25.691Z,2025-06-21T02:03:26Z,"[{'id': 5776202839, 'qualifierId': 209}, {'id': 5776202837, 'qualifierId': 57, 'value': '1'}]",,,,,Orlando Pride,Away
2823543717,670,37,14,0,0,dtucewmt49th1p4selfutmnmc,1,0.0,0.0,2025-06-21T02:03:25.719Z,2025-06-21T02:14:56Z,"[{'id': 5776214689, 'qualifierId': 302}]",,,,,Racing Louisville,Home
2823543721,849,37,14,0,0,966pdxhsoxaib9qt5083h8uus,1,0.0,0.0,2025-06-21T02:03:25.719Z,2025-06-21T02:14:56Z,"[{'id': 5776215389, 'qualifierId': 302}]",,,,,Orlando Pride,Away
