id,eventId,typeId,periodId,timeMin,timeSec,contestantId,outcome,x,y,timeStamp,lastModified,qualifier,playerId,playerName,keyPass,assist,Squad,Position
2823708899,1,34,16,0,0,b4fbmos00gxtk8qnaqsm392p5,1,0.0,0.0,2025-06-21T22:50:41.504Z,2025-06-21T23:41:59Z,"[{'id': 5777115473, 'qualifierId': 194, 'value': '7fk82cjz0z5vq2ts3vmz8has5'}, {'id': 5777115463, 'qualifierId': 30, 'value': '3qj9t05behkav9okd8n2wywh5, 1x229gvjahkxp7w02bh0v36ga, awme1kk0t2w81hc4xcup7k222, 1p3bwk03ay87hp2nwrl3tfxwq, cbco4ht0d7uk1thgam6vc0ep6, cqpdeqi0psfadqsgejcvdqqne, 7fk82cjz0z5vq2ts3vmz8has5, bxj6bpjfxkumj112yoco9wahg, 3ytdxf659yjtnml5zzpxl01k9, 90bm7jsl7sjqiel7u2tv0vgq2, 8afwde4025w5wxddyf2ouoine, p6mq2ouc50vln1ou3cyg0lqs, cwerr3zz6pqzzzqso9dx69fjd, 54ieoaegysojsey2jmqtr9ucp, cbofbntctfuhr1vqpn7eywt05, 75p1ff1723mzkbs7tfke3j9m2, 9aj5gfycwgc6r0b550zagl4a1, 4k83z2cdvn2kwb72kh8e8qfsa, 817x7baq69b1tnrtminbjf3zd, 2sylxhwmisg8f763p2t1q934k'}, {'id': 5777115475, 'qualifierId': 227, 'value': '0, 0, 0, 0, 0, 0, 0, 0, 0, 0, 0, 0, 0, 0, 0, 0, 0, 0, 0, 0'}, {'id': 5777115469, 'qualifierId': 130, 'value': '19'}, {'id': 5777115471, 'qualifierId': 131, 'value': '1, 2, 3, 4, 5, 6, 7, 8, 9, 10, 11, 0, 0, 0, 0, 0, 0, 0, 0, 0'}, {'id': 5777115467, 'qualifierId': 59, 'value': '1, 13, 14, 3, 27, 7, 10, 16, 22, 34, 20, 44, 2, 8, 11, 12, 17, 19, 25, 30'}, {'id': 5777115465, 'qualifierId': 44, 'value': '1, 3, 3, 2, 2, 2, 3, 3, 4, 4, 3, 5, 5, 5, 5, 5, 5, 5, 5, 5'}, {'id': 5777211207, 'qualifierId': 197, 'value': '28161'}]",,,,,North Carolina Courage,Home
2823709661,1,34,16,0,0,c3v2ohfuzoqmc8ljm65hi80sj,1,0.0,0.0,2025-06-21T22:56:15.406Z,2025-07-01T11:56:01Z,"[{'id': 5777119817, 'qualifierId': 194, 'value': '53uflfknc5uus7iqw3obp5fx1'}, {'id': 5777119807, 'qualifierId': 30, 'value': '53uflfknc5uus7iqw3obp5fx1, 61ucpn8qxos0kwaw0gdpqubys, n4egj8ymfled94mco0lwa95, 6089nfwh31ha73pl7vlla75cl, 8co65x7tuvynuqvket8okb7xl, 8ruvr2jnsfdub02rdh8q88s89, 95tl8tonvm6czhwzd6i5ep756, 1c2boqmoi50esuelgdd96o06h, 1xgse8t4dm0decmpzebsphvfu, 2sc4jlfmioa61d1vgpcz0pht6, 270qzf9ig52z04iu3ujnmstg4, 706rwdwv4re27svfmlo7na3th, 191uogxjdg4uo178qv1544jys, bdsv3kql5t6sw5ed2gsxmz2eh, 97ia01cyibu1l7qs8qexd2n3e, cgfk0e62cesbgieslfge2p61h, edwr7f7jwnxm1plk91fx8hfro, 22rwy15pz3noi4av4wb3i0wh6, 6zm75ruas324c7yrt18ttei8l, b3pwhedfzplkesy9qek3q6o7o'}, {'id': 5777210901, 'qualifierId': 197, 'value': '24270'}, {'id': 5777119819, 'qualifierId': 227, 'value': '0, 0, 0, 0, 0, 0, 0, 0, 0, 0, 0, 0, 0, 0, 0, 0, 0, 0, 0, 0'}, {'id': 5777119809, 'qualifierId': 44, 'value': '1, 2, 2, 3, 2, 2, 3, 3, 4, 3, 3, 5, 5, 5, 5, 5, 5, 5, 5, 5'}, {'id': 5777119811, 'qualifierId': 59, 'value': '1, 15, 20, 17, 4, 14, 10, 24, 11, 8, 21, 35, 6, 7, 12, 13, 22, 23, 25, 29'}, {'id': 5777119815, 'qualifierId': 131, 'value': '1, 2, 3, 4, 5, 6, 7, 8, 9, 10, 11, 0, 0, 0, 0, 0, 0, 0, 0, 0'}, {'id': 5777119813, 'qualifierId': 130, 'value': '8'}]",,,,,Houston Dash,Away
2823726145,2,32,1,0,0,c3v2ohfuzoqmc8ljm65hi80sj,1,0.0,0.0,2025-06-21T23:39:22.051Z,2025-06-21T23:39:22Z,"[{'id': 5777211279, 'qualifierId': 127, 'value': 'Left to Right'}]",,,,,Houston Dash,Away
2823726155,3,32,1,0,0,b4fbmos00gxtk8qnaqsm392p5,1,0.0,0.0,2025-06-21T23:39:22.051Z,2025-06-24T10:33:53Z,"[{'id': 5777211337, 'qualifierId': 127, 'value': 'Right to Left'}]",,,,,North Carolina Courage,Home
2823726187,3,1,1,0,0,c3v2ohfuzoqmc8ljm65hi80sj,1,50.1,50.0,2025-06-21T23:39:22.052Z,2025-06-21T23:39:28Z,"[{'id': 5777211551, 'qualifierId': 141, 'value': '46.0'}, {'id': 5777211555, 'qualifierId': 213, 'value': '3.25'}, {'id': 5777211553, 'qualifierId': 212, 'value': '25.2'}, {'id': 5777211547, 'qualifierId': 56, 'value': 'Back'}, {'id': 5777211557, 'qualifierId': 279, 'value': 'S'}, {'id': 5777211549, 'qualifierId': 140, 'value': '26.2'}]",1xgse8t4dm0decmpzebsphvfu,Y. Ryan,,,Houston Dash,Away
2823726215,4,1,1,0,6,c3v2ohfuzoqmc8ljm65hi80sj,1,28.1,44.8,2025-06-21T23:39:28.772Z,2025-06-21T23:39:33Z,"[{'id': 5777211727, 'qualifierId': 212, 'value': '55.4'}, {'id': 5777211719, 'qualifierId': 155}, {'id': 5777211731, 'qualifierId': 1}, {'id': 5777211723, 'qualifierId': 140, 'value': '76.4'}, {'id': 5777211725, 'qualifierId': 141, 'value': '12.0'}, {'id': 5777211721, 'qualifierId': 56, 'value': 'Right'}, {'id': 5777211729, 'qualifierId': 213, 'value': '5.87'}]",53uflfknc5uus7iqw3obp5fx1,J. Campbell,,,Houston Dash,Away
2823726225,5,1,1,0,11,c3v2ohfuzoqmc8ljm65hi80sj,0,77.4,7.9,2025-06-21T23:39:33.452Z,2025-06-24T10:34:52Z,"[{'id': 5779510767, 'qualifierId': 224}, {'id': 5777215345, 'qualifierId': 286}, {'id': 5777215341, 'qualifierId': 233, 'value': '4'}, {'id': 5777211785, 'qualifierId': 213, 'value': '1.51'}, {'id': 5777211781, 'qualifierId': 141, 'value': '10.4'}, {'id': 5777211777, 'qualifierId': 56, 'value': 'Right'}, {'id': 5777211783, 'qualifierId': 212, 'value': '1.7'}, {'id': 5777211773, 'qualifierId': 2}, {'id': 5777211779, 'qualifierId': 140, 'value': '77.5'}, {'id': 5777215339, 'qualifierId': 236}, {'id': 5779510769, 'qualifierId': 20}]",95tl8tonvm6czhwzd6i5ep756,B. Olivieri,,,Houston Dash,Away
2823726217,4,12,1,0,11,b4fbmos00gxtk8qnaqsm392p5,1,24.4,91.7,2025-06-21T23:39:33.552Z,2025-06-21T23:40:48Z,"[{'id': 5777215349, 'qualifierId': 233, 'value': '5'}, {'id': 5777212681, 'qualifierId': 185}, {'id': 5777211739, 'qualifierId': 56, 'value': 'Back'}]",awme1kk0t2w81hc4xcup7k222,T. Lussi,,,North Carolina Courage,Home
2823726249,5,1,1,0,16,b4fbmos00gxtk8qnaqsm392p5,0,6.4,95.1,2025-06-21T23:39:38.419Z,2025-06-21T23:39:39Z,"[{'id': 5777211953, 'qualifierId': 56, 'value': 'Back'}, {'id': 5777211951, 'qualifierId': 157}, {'id': 5777211955, 'qualifierId': 140, 'value': '21.1'}, {'id': 5777211959, 'qualifierId': 212, 'value': '16.1'}, {'id': 5777211961, 'qualifierId': 213, 'value': '0.29'}, {'id': 5777211957, 'qualifierId': 141, 'value': '100.0'}, {'id': 5777211963, 'qualifierId': 1}]",1p3bwk03ay87hp2nwrl3tfxwq,K. Kurtz,,,North Carolina Courage,Home
2823726389,6,5,1,0,17,c3v2ohfuzoqmc8ljm65hi80sj,1,81.2,-2.0,2025-06-21T23:39:39.858Z,2025-06-22T01:53:56Z,"[{'id': 5777212781, 'qualifierId': 233, 'value': '6'}, {'id': 5777212749, 'qualifierId': 347}, {'id': 5777212745, 'qualifierId': 56, 'value': 'Right'}]",95tl8tonvm6czhwzd6i5ep756,B. Olivieri,,,Houston Dash,Away
2823726251,6,5,1,0,17,b4fbmos00gxtk8qnaqsm392p5,0,18.8,102.0,2025-06-21T23:39:39.858Z,2025-06-22T01:53:56Z,"[{'id': 5777212787, 'qualifierId': 233, 'value': '6'}, {'id': 5777211965, 'qualifierId': 56, 'value': 'Back'}, {'id': 5777211967, 'qualifierId': 347}]",1p3bwk03ay87hp2nwrl3tfxwq,K. Kurtz,,,North Carolina Courage,Home
2823726441,7,1,1,0,34,c3v2ohfuzoqmc8ljm65hi80sj,1,87.5,0.0,2025-06-21T23:39:56.204Z,2025-06-21T23:40:02Z,"[{'id': 5777213013, 'qualifierId': 56, 'value': 'Right'}, {'id': 5777213015, 'qualifierId': 140, 'value': '83.7'}, {'id': 5777213011, 'qualifierId': 107}, {'id': 5777213019, 'qualifierId': 212, 'value': '13.3'}, {'id': 5777213021, 'qualifierId': 213, 'value': '1.87'}, {'id': 5777213017, 'qualifierId': 141, 'value': '17.1'}]",61ucpn8qxos0kwaw0gdpqubys,A. Patterson,,,Houston Dash,Away
2823748225,392,1,1,0,38,c3v2ohfuzoqmc8ljm65hi80sj,1,79.6,19.2,2025-06-21T23:40:00.051Z,2025-06-22T00:32:33Z,"[{'id': 5777336421, 'qualifierId': 213, 'value': '3.77'}, {'id': 5777336417, 'qualifierId': 141, 'value': '12.8'}, {'id': 5777336413, 'qualifierId': 56, 'value': 'Right'}, {'id': 5777336415, 'qualifierId': 140, 'value': '73.9'}, {'id': 5777336419, 'qualifierId': 212, 'value': '7.4'}]",2sc4jlfmioa61d1vgpcz0pht6,D. Sheehan,,,Houston Dash,Away
2823726479,8,1,1,0,40,c3v2ohfuzoqmc8ljm65hi80sj,1,81.5,4.9,2025-06-21T23:40:02.941Z,2025-06-21T23:40:07Z,"[{'id': 5777213227, 'qualifierId': 213, 'value': '6.23'}, {'id': 5777213219, 'qualifierId': 56, 'value': 'Right'}, {'id': 5777213223, 'qualifierId': 141, 'value': '4.4'}, {'id': 5777213225, 'qualifierId': 212, 'value': '6.9'}, {'id': 5777213221, 'qualifierId': 140, 'value': '88.1'}]",1c2boqmoi50esuelgdd96o06h,D. Colaprico,,,Houston Dash,Away
2823726485,9,50,1,0,45,c3v2ohfuzoqmc8ljm65hi80sj,1,74.1,13.9,2025-06-21T23:40:07.105Z,2025-06-22T01:43:30Z,"[{'id': 5777213273, 'qualifierId': 233, 'value': '7'}, {'id': 5777213247, 'qualifierId': 56, 'value': 'Right'}, {'id': 5777213249, 'qualifierId': 286}]",61ucpn8qxos0kwaw0gdpqubys,A. Patterson,,,Houston Dash,Away
2823726481,7,7,1,0,45,b4fbmos00gxtk8qnaqsm392p5,0,25.9,86.1,2025-06-21T23:40:07.106Z,2025-06-24T10:36:24Z,"[{'id': 5779510799, 'qualifierId': 178}, {'id': 5777213231, 'qualifierId': 56, 'value': 'Back'}, {'id': 5777213255, 'qualifierId': 233, 'value': '9'}, {'id': 5777213233, 'qualifierId': 285}, {'id': 5779510797, 'qualifierId': 383}]",bxj6bpjfxkumj112yoco9wahg,R. Jackson,,,North Carolina Courage,Home
2823726507,10,1,1,0,46,c3v2ohfuzoqmc8ljm65hi80sj,1,73.5,11.0,2025-06-21T23:40:08.660Z,2025-06-21T23:40:10Z,"[{'id': 5777213357, 'qualifierId': 141, 'value': '5.3'}, {'id': 5777213361, 'qualifierId': 213, 'value': '6.00'}, {'id': 5777213359, 'qualifierId': 212, 'value': '13.9'}, {'id': 5777213355, 'qualifierId': 140, 'value': '86.2'}, {'id': 5777213353, 'qualifierId': 56, 'value': 'Right'}]",1c2boqmoi50esuelgdd96o06h,D. Colaprico,,,Houston Dash,Away
2823726519,11,1,1,0,48,c3v2ohfuzoqmc8ljm65hi80sj,0,86.8,5.6,2025-06-21T23:40:10.068Z,2025-06-24T10:36:41Z,"[{'id': 5777213419, 'qualifierId': 140, 'value': '89.1'}, {'id': 5779510843, 'qualifierId': 224}, {'id': 5777213415, 'qualifierId': 155}, {'id': 5779510845, 'qualifierId': 20}, {'id': 5777213413, 'qualifierId': 2}, {'id': 5777213417, 'qualifierId': 56, 'value': 'Center'}, {'id': 5777213421, 'qualifierId': 141, 'value': '43.6'}, {'id': 5777213425, 'qualifierId': 213, 'value': '1.48'}, {'id': 5777213423, 'qualifierId': 212, 'value': '26.0'}]",2sc4jlfmioa61d1vgpcz0pht6,D. Sheehan,,,Houston Dash,Away
2823726527,8,8,1,0,49,b4fbmos00gxtk8qnaqsm392p5,1,9.5,56.4,2025-06-21T23:40:11.706Z,2025-06-24T10:36:50Z,"[{'id': 5779510849, 'qualifierId': 384}, {'id': 5777213451, 'qualifierId': 56, 'value': 'Back'}]",1p3bwk03ay87hp2nwrl3tfxwq,K. Kurtz,,,North Carolina Courage,Home
2823726547,9,61,1,0,49,b4fbmos00gxtk8qnaqsm392p5,0,9.9,62.8,2025-06-21T23:40:11.954Z,2025-06-24T10:38:52Z,"[{'id': 5777213537, 'qualifierId': 56, 'value': 'Back'}]",cqpdeqi0psfadqsgejcvdqqne,M. Berkely,,,North Carolina Courage,Home
2824135219,830,51,1,0,50,b4fbmos00gxtk8qnaqsm392p5,1,10.8,64.3,2025-06-21T23:40:12.767Z,2025-06-24T10:38:48Z,"[{'id': 5779510907, 'qualifierId': 170, 'value': '13'}]",cqpdeqi0psfadqsgejcvdqqne,M. Berkely,,,North Carolina Courage,Home
2823726581,12,3,1,0,51,c3v2ohfuzoqmc8ljm65hi80sj,1,89.5,36.9,2025-06-21T23:40:13.327Z,2025-06-24T10:39:21Z,"[{'id': 5777213721, 'qualifierId': 286}, {'id': 5779510863, 'qualifierId': 465}, {'id': 5779510933, 'qualifierId': 233, 'value': '829'}, {'id': 5777213719, 'qualifierId': 56, 'value': 'Center'}]",61ucpn8qxos0kwaw0gdpqubys,A. Patterson,,,Houston Dash,Away
2824135213,829,45,1,0,51,b4fbmos00gxtk8qnaqsm392p5,0,10.5,63.1,2025-06-21T23:40:13.327Z,2025-06-24T10:39:21Z,"[{'id': 5779510869, 'qualifierId': 56, 'value': 'Back'}, {'id': 5779510937, 'qualifierId': 233, 'value': '12'}, {'id': 5779510871, 'qualifierId': 285}]",cqpdeqi0psfadqsgejcvdqqne,M. Berkely,,,North Carolina Courage,Home
2823726585,13,16,1,0,52,c3v2ohfuzoqmc8ljm65hi80sj,1,89.6,42.3,2025-06-21T23:40:14.517Z,2025-06-24T15:08:11Z,"[{'id': 5779510897, 'qualifierId': 396, 'value': '48.6'}, {'id': 5777213745, 'qualifierId': 56, 'value': 'Center'}, {'id': 5777213741, 'qualifierId': 22}, {'id': 5777214977, 'qualifierId': 374, 'value': '2025-06-22 00:40:13.790'}, {'id': 5777215729, 'qualifierId': 102, 'value': '48.4'}, {'id': 5777214981, 'qualifierId': 375, 'value': '00:51.739'}, {'id': 5777215733, 'qualifierId': 458}, {'id': 5779510895, 'qualifierId': 395, 'value': '98.4'}, {'id': 5777213743, 'qualifierId': 17}, {'id': 5779510913, 'qualifierId': 468, 'value': '830'}, {'id': 5777215737, 'qualifierId': 231, 'value': '49.6'}, {'id': 5777215727, 'qualifierId': 133}, {'id': 5777214973, 'qualifierId': 72}, {'id': 5777215735, 'qualifierId': 230, 'value': '98.5'}, {'id': 5777215731, 'qualifierId': 103, 'value': '8.2'}, {'id': 5777215725, 'qualifierId': 78}, {'id': 5779510893, 'qualifierId': 215}]",61ucpn8qxos0kwaw0gdpqubys,A. Patterson,,,Houston Dash,Away
2823726559,10,43,1,0,52,b4fbmos00gxtk8qnaqsm392p5,1,0.0,0.0,2025-06-21T23:40:14.778Z,2025-06-21T23:40:40Z,"[{'id': 5777213605, 'qualifierId': 285, 'value': '0'}, {'id': 5777214865, 'qualifierId': 144, 'value': '45'}, {'id': 5777213603, 'qualifierId': 56, 'value': 'Back'}]",cqpdeqi0psfadqsgejcvdqqne,M. Berkely,,,North Carolina Courage,Home
2823727119,11,1,1,1,49,b4fbmos00gxtk8qnaqsm392p5,1,49.8,49.9,2025-06-21T23:41:11.178Z,2025-06-24T10:39:55Z,"[{'id': 5779510947, 'qualifierId': 189}, {'id': 5777216727, 'qualifierId': 279, 'value': 'G'}, {'id': 5777216719, 'qualifierId': 140, 'value': '38.7'}, {'id': 5777216723, 'qualifierId': 212, 'value': '16.6'}, {'id': 5777216717, 'qualifierId': 56, 'value': 'Back'}, {'id': 5777216721, 'qualifierId': 141, 'value': '67.3'}, {'id': 5777216725, 'qualifierId': 213, 'value': '2.35'}]",90bm7jsl7sjqiel7u2tv0vgq2,M. Matsukubo,,,North Carolina Courage,Home
2823727141,12,1,1,1,58,b4fbmos00gxtk8qnaqsm392p5,1,39.6,70.8,2025-06-21T23:41:20.553Z,2025-06-24T10:40:11Z,"[{'id': 5777216847, 'qualifierId': 212, 'value': '22.2'}, {'id': 5777216849, 'qualifierId': 213, 'value': '0.60'}, {'id': 5777216845, 'qualifierId': 141, 'value': '89.3'}, {'id': 5777216841, 'qualifierId': 56, 'value': 'Left'}, {'id': 5777216843, 'qualifierId': 140, 'value': '57.0'}]",cqpdeqi0psfadqsgejcvdqqne,M. Berkely,,,North Carolina Courage,Home
2823727185,13,1,1,2,3,b4fbmos00gxtk8qnaqsm392p5,1,57.1,89.3,2025-06-21T23:41:26.033Z,2025-06-21T23:41:28Z,"[{'id': 5777217059, 'qualifierId': 140, 'value': '38.7'}, {'id': 5777217063, 'qualifierId': 212, 'value': '21.7'}, {'id': 5777217057, 'qualifierId': 56, 'value': 'Back'}, {'id': 5777217065, 'qualifierId': 213, 'value': '3.61'}, {'id': 5777217061, 'qualifierId': 141, 'value': '74.8'}]",8afwde4025w5wxddyf2ouoine,S. Koyama,,,North Carolina Courage,Home
2823727203,14,1,1,2,6,b4fbmos00gxtk8qnaqsm392p5,1,42.6,76.3,2025-06-21T23:41:28.225Z,2025-06-21T23:41:30Z,"[{'id': 5777217149, 'qualifierId': 141, 'value': '92.6'}, {'id': 5777217147, 'qualifierId': 140, 'value': '64.6'}, {'id': 5777217145, 'qualifierId': 56, 'value': 'Left'}, {'id': 5777217153, 'qualifierId': 213, 'value': '0.45'}, {'id': 5777217151, 'qualifierId': 212, 'value': '25.6'}]",cqpdeqi0psfadqsgejcvdqqne,M. Berkely,,,North Carolina Courage,Home
2823727213,15,1,1,2,7,b4fbmos00gxtk8qnaqsm392p5,1,71.4,93.0,2025-06-21T23:41:29.537Z,2025-06-22T00:39:52Z,"[{'id': 5777217193, 'qualifierId': 212, 'value': '11.7'}, {'id': 5777217187, 'qualifierId': 56, 'value': 'Center'}, {'id': 5777217189, 'qualifierId': 140, 'value': '73.5'}, {'id': 5777217191, 'qualifierId': 141, 'value': '76.1'}, {'id': 5777217195, 'qualifierId': 213, 'value': '4.90'}]",8afwde4025w5wxddyf2ouoine,S. Koyama,,,North Carolina Courage,Home
2823727271,16,1,1,2,8,b4fbmos00gxtk8qnaqsm392p5,0,73.5,76.1,2025-06-21T23:41:30.802Z,2025-06-24T10:40:36Z,"[{'id': 5777217495, 'qualifierId': 212, 'value': '12.3'}, {'id': 5777217491, 'qualifierId': 140, 'value': '64.9'}, {'id': 5777217497, 'qualifierId': 213, 'value': '2.39'}, {'id': 5777217493, 'qualifierId': 141, 'value': '88.4'}, {'id': 5777217489, 'qualifierId': 56, 'value': 'Left'}]",90bm7jsl7sjqiel7u2tv0vgq2,M. Matsukubo,,,North Carolina Courage,Home
2824135229,768,3,1,2,10,c3v2ohfuzoqmc8ljm65hi80sj,0,30.9,15.3,2025-06-21T23:41:32.853Z,2025-06-24T10:41:43Z,"[{'id': 5779510985, 'qualifierId': 56, 'value': 'Back'}, {'id': 5779510993, 'qualifierId': 233, 'value': '831'}, {'id': 5779510989, 'qualifierId': 285}, {'id': 5779510991, 'qualifierId': 464}]",95tl8tonvm6czhwzd6i5ep756,B. Olivieri,,,Houston Dash,Away
2824135227,831,7,1,2,10,b4fbmos00gxtk8qnaqsm392p5,1,69.1,84.7,2025-06-21T23:41:32.854Z,2025-06-24T10:41:43Z,"[{'id': 5779510981, 'qualifierId': 383}, {'id': 5779510979, 'qualifierId': 286}, {'id': 5779510983, 'qualifierId': 178}, {'id': 5779510977, 'qualifierId': 56, 'value': 'Left'}, {'id': 5779510997, 'qualifierId': 233, 'value': '768'}]",8afwde4025w5wxddyf2ouoine,S. Koyama,,,North Carolina Courage,Home
2823748227,393,43,1,2,11,c3v2ohfuzoqmc8ljm65hi80sj,1,0.0,0.0,2025-06-21T23:41:33.051Z,2025-06-24T10:42:29Z,"[{'id': 5777336425, 'qualifierId': 56, 'value': 'Back'}, {'id': 5779511005, 'qualifierId': 144, 'value': '61'}]",95tl8tonvm6czhwzd6i5ep756,B. Olivieri,,,Houston Dash,Away
2823727309,17,1,1,2,12,b4fbmos00gxtk8qnaqsm392p5,1,62.6,88.1,2025-06-21T23:41:34.681Z,2025-06-24T10:41:54Z,"[{'id': 5777217635, 'qualifierId': 56, 'value': 'Left'}, {'id': 5777217637, 'qualifierId': 140, 'value': '57.4'}, {'id': 5777217643, 'qualifierId': 212, 'value': '6.7'}, {'id': 5777217645, 'qualifierId': 213, 'value': '3.76'}, {'id': 5777217641, 'qualifierId': 141, 'value': '82.4'}]",8afwde4025w5wxddyf2ouoine,S. Koyama,,,North Carolina Courage,Home
2823727317,18,1,1,2,12,b4fbmos00gxtk8qnaqsm392p5,1,57.8,82.4,2025-06-21T23:41:34.745Z,2025-06-24T10:41:50Z,"[{'id': 5777217735, 'qualifierId': 56, 'value': 'Left'}, {'id': 5777217743, 'qualifierId': 213, 'value': '0.95'}, {'id': 5777217739, 'qualifierId': 141, 'value': '95.4'}, {'id': 5777217737, 'qualifierId': 140, 'value': '63.8'}, {'id': 5777217741, 'qualifierId': 212, 'value': '10.9'}]",bxj6bpjfxkumj112yoco9wahg,R. Jackson,,,North Carolina Courage,Home
2823727319,19,1,1,2,13,b4fbmos00gxtk8qnaqsm392p5,0,63.8,95.6,2025-06-21T23:41:35.706Z,2025-06-24T10:41:48Z,"[{'id': 5777217749, 'qualifierId': 140, 'value': '73.1'}, {'id': 5777217751, 'qualifierId': 141, 'value': '93.0'}, {'id': 5777217755, 'qualifierId': 213, 'value': '6.10'}, {'id': 5777217753, 'qualifierId': 212, 'value': '9.9'}, {'id': 5777217747, 'qualifierId': 56, 'value': 'Left'}]",cqpdeqi0psfadqsgejcvdqqne,M. Berkely,,,North Carolina Courage,Home
2823727353,14,49,1,2,21,c3v2ohfuzoqmc8ljm65hi80sj,1,37.8,10.7,2025-06-21T23:41:43.756Z,2025-06-21T23:41:43Z,[],61ucpn8qxos0kwaw0gdpqubys,A. Patterson,,,Houston Dash,Away
2823727367,15,1,1,2,22,c3v2ohfuzoqmc8ljm65hi80sj,1,37.8,10.7,2025-06-21T23:41:44.069Z,2025-06-21T23:41:45Z,"[{'id': 5777217995, 'qualifierId': 213, 'value': '2.11'}, {'id': 5777217991, 'qualifierId': 141, 'value': '17.9'}, {'id': 5777217987, 'qualifierId': 56, 'value': 'Back'}, {'id': 5777217989, 'qualifierId': 140, 'value': '35.0'}, {'id': 5777217993, 'qualifierId': 212, 'value': '5.7'}]",61ucpn8qxos0kwaw0gdpqubys,A. Patterson,,,Houston Dash,Away
2823727405,16,1,1,2,23,c3v2ohfuzoqmc8ljm65hi80sj,1,35.4,17.6,2025-06-21T23:41:45.156Z,2025-06-22T00:32:52Z,"[{'id': 5777218271, 'qualifierId': 141, 'value': '3.8'}, {'id': 5777218267, 'qualifierId': 56, 'value': 'Back'}, {'id': 5777218269, 'qualifierId': 140, 'value': '24.6'}, {'id': 5777218277, 'qualifierId': 213, 'value': '3.83'}, {'id': 5777218273, 'qualifierId': 212, 'value': '14.7'}]",2sc4jlfmioa61d1vgpcz0pht6,D. Sheehan,,,Houston Dash,Away
2823727409,17,1,1,2,27,c3v2ohfuzoqmc8ljm65hi80sj,0,24.8,3.7,2025-06-21T23:41:49.672Z,2025-06-22T00:39:40Z,"[{'id': 5777218301, 'qualifierId': 212, 'value': '8.5'}, {'id': 5777218297, 'qualifierId': 140, 'value': '32.9'}, {'id': 5777218299, 'qualifierId': 141, 'value': '4.4'}, {'id': 5777218295, 'qualifierId': 56, 'value': 'Back'}, {'id': 5777218303, 'qualifierId': 213, 'value': '0.06'}, {'id': 5777218293, 'qualifierId': 155}]",1c2boqmoi50esuelgdd96o06h,D. Colaprico,,,Houston Dash,Away
2823727401,20,61,1,2,28,b4fbmos00gxtk8qnaqsm392p5,1,70.0,97.1,2025-06-21T23:41:50.421Z,2025-06-21T23:41:50Z,"[{'id': 5777218261, 'qualifierId': 56, 'value': 'Left'}]",awme1kk0t2w81hc4xcup7k222,T. Lussi,,,North Carolina Courage,Home
2823727463,18,5,1,2,29,c3v2ohfuzoqmc8ljm65hi80sj,1,31.6,-1.8,2025-06-21T23:41:51.378Z,2025-06-22T01:53:56Z,"[{'id': 5777218601, 'qualifierId': 56, 'value': 'Back'}, {'id': 5777218609, 'qualifierId': 233, 'value': '21'}, {'id': 5777218603, 'qualifierId': 347}]",2sc4jlfmioa61d1vgpcz0pht6,D. Sheehan,,,Houston Dash,Away
2823727403,21,5,1,2,29,b4fbmos00gxtk8qnaqsm392p5,0,68.4,101.8,2025-06-21T23:41:51.378Z,2025-06-22T01:53:56Z,"[{'id': 5777218265, 'qualifierId': 347}, {'id': 5777218651, 'qualifierId': 233, 'value': '18'}, {'id': 5777218263, 'qualifierId': 56, 'value': 'Left'}]",awme1kk0t2w81hc4xcup7k222,T. Lussi,,,North Carolina Courage,Home
2823727483,19,1,1,2,41,c3v2ohfuzoqmc8ljm65hi80sj,1,35.0,0.0,2025-06-21T23:42:04.004Z,2025-06-21T23:42:06Z,"[{'id': 5777218727, 'qualifierId': 140, 'value': '46.5'}, {'id': 5777218731, 'qualifierId': 212, 'value': '15.9'}, {'id': 5777218723, 'qualifierId': 107}, {'id': 5777218729, 'qualifierId': 141, 'value': '13.8'}, {'id': 5777218725, 'qualifierId': 56, 'value': 'Back'}, {'id': 5777218733, 'qualifierId': 213, 'value': '0.71'}]",61ucpn8qxos0kwaw0gdpqubys,A. Patterson,,,Houston Dash,Away
2823727487,20,1,1,2,42,c3v2ohfuzoqmc8ljm65hi80sj,0,46.5,13.8,2025-06-21T23:42:04.955Z,2025-06-22T00:38:49Z,"[{'id': 5777218753, 'qualifierId': 140, 'value': '42.0'}, {'id': 5777338085, 'qualifierId': 156}, {'id': 5777218755, 'qualifierId': 141, 'value': '10.9'}, {'id': 5777218751, 'qualifierId': 56, 'value': 'Back'}, {'id': 5777218759, 'qualifierId': 213, 'value': '3.54'}, {'id': 5777218757, 'qualifierId': 212, 'value': '5.1'}]",1xgse8t4dm0decmpzebsphvfu,Y. Ryan,,,Houston Dash,Away
2823727493,22,61,1,2,43,b4fbmos00gxtk8qnaqsm392p5,1,67.8,91.8,2025-06-21T23:42:05.258Z,2025-06-22T00:38:51Z,"[{'id': 5777218793, 'qualifierId': 56, 'value': 'Left'}]",awme1kk0t2w81hc4xcup7k222,T. Lussi,,,North Carolina Courage,Home
2823750075,381,1,1,2,44,b4fbmos00gxtk8qnaqsm392p5,0,59.3,91.2,2025-06-21T23:42:06.683Z,2025-06-22T00:39:25Z,"[{'id': 5777347151, 'qualifierId': 213, 'value': '5.63'}, {'id': 5777347147, 'qualifierId': 141, 'value': '89.9'}, {'id': 5777347143, 'qualifierId': 56, 'value': 'Left'}, {'id': 5777349605, 'qualifierId': 236}, {'id': 5777352027, 'qualifierId': 233, 'value': '394'}, {'id': 5777349611, 'qualifierId': 286}, {'id': 5777347145, 'qualifierId': 140, 'value': '60.4'}, {'id': 5777347149, 'qualifierId': 212, 'value': '1.5'}]",8afwde4025w5wxddyf2ouoine,S. Koyama,,,North Carolina Courage,Home
2823748641,394,74,1,2,44,c3v2ohfuzoqmc8ljm65hi80sj,1,35.6,22.8,2025-06-21T23:42:06.684Z,2025-06-22T00:39:25Z,"[{'id': 5777338889, 'qualifierId': 56, 'value': 'Back'}, {'id': 5777351983, 'qualifierId': 233, 'value': '381'}, {'id': 5777338891, 'qualifierId': 285}]",2sc4jlfmioa61d1vgpcz0pht6,D. Sheehan,,,Houston Dash,Away
2823750449,382,61,1,2,47,b4fbmos00gxtk8qnaqsm392p5,1,60.7,86.2,2025-06-21T23:42:09.051Z,2025-06-22T00:37:59Z,"[{'id': 5777349157, 'qualifierId': 56, 'value': 'Left'}]",8afwde4025w5wxddyf2ouoine,S. Koyama,,,North Carolina Courage,Home
2823727521,21,3,1,2,49,c3v2ohfuzoqmc8ljm65hi80sj,0,31.6,6.2,2025-06-21T23:42:11.139Z,2025-06-24T10:43:25Z,"[{'id': 5777218895, 'qualifierId': 285}, {'id': 5777218953, 'qualifierId': 233, 'value': '23'}, {'id': 5779511013, 'qualifierId': 464}, {'id': 5777218893, 'qualifierId': 56, 'value': 'Back'}]",61ucpn8qxos0kwaw0gdpqubys,A. Patterson,,,Houston Dash,Away
2823727533,23,7,1,2,49,b4fbmos00gxtk8qnaqsm392p5,1,68.4,93.8,2025-06-21T23:42:11.140Z,2025-06-24T10:43:30Z,"[{'id': 5777218937, 'qualifierId': 286}, {'id': 5779511019, 'qualifierId': 383}, {'id': 5779511021, 'qualifierId': 178}, {'id': 5777218935, 'qualifierId': 56, 'value': 'Left'}, {'id': 5777218939, 'qualifierId': 233, 'value': '21'}]",8afwde4025w5wxddyf2ouoine,S. Koyama,,,North Carolina Courage,Home
2823727539,24,1,1,2,52,b4fbmos00gxtk8qnaqsm392p5,0,66.1,96.5,2025-06-21T23:42:15.050Z,2025-06-22T00:39:25Z,"[{'id': 5777218997, 'qualifierId': 141, 'value': '96.5'}, {'id': 5777219027, 'qualifierId': 236}, {'id': 5777219001, 'qualifierId': 213, 'value': '3.14'}, {'id': 5777218995, 'qualifierId': 140, 'value': '65.5'}, {'id': 5777218999, 'qualifierId': 212, 'value': '0.6'}, {'id': 5777352019, 'qualifierId': 233, 'value': '22'}, {'id': 5777218993, 'qualifierId': 56, 'value': 'Left'}, {'id': 5777219033, 'qualifierId': 286}]",8afwde4025w5wxddyf2ouoine,S. Koyama,,,North Carolina Courage,Home
2823727549,22,74,1,2,53,c3v2ohfuzoqmc8ljm65hi80sj,1,34.9,4.1,2025-06-21T23:42:15.051Z,2025-06-22T00:39:25Z,"[{'id': 5777351895, 'qualifierId': 233, 'value': '24'}, {'id': 5777219025, 'qualifierId': 285}, {'id': 5777219023, 'qualifierId': 56, 'value': 'Back'}]",1c2boqmoi50esuelgdd96o06h,D. Colaprico,,,Houston Dash,Away
2823727559,23,5,1,2,53,c3v2ohfuzoqmc8ljm65hi80sj,0,34.8,-1.5,2025-06-21T23:42:15.915Z,2025-06-22T00:16:05Z,"[{'id': 5777219081, 'qualifierId': 347}, {'id': 5777219097, 'qualifierId': 233, 'value': '25'}, {'id': 5777219079, 'qualifierId': 56, 'value': 'Back'}]",1c2boqmoi50esuelgdd96o06h,D. Colaprico,,,Houston Dash,Away
2823727543,25,5,1,2,53,b4fbmos00gxtk8qnaqsm392p5,1,65.2,101.5,2025-06-21T23:42:15.915Z,2025-06-22T01:53:57Z,"[{'id': 5777219093, 'qualifierId': 233, 'value': '23'}, {'id': 5777219017, 'qualifierId': 56, 'value': 'Left'}, {'id': 5777219019, 'qualifierId': 347}]",8afwde4025w5wxddyf2ouoine,S. Koyama,,,North Carolina Courage,Home
2823727647,26,1,1,3,8,b4fbmos00gxtk8qnaqsm392p5,0,66.3,100.0,2025-06-21T23:42:30.099Z,2025-06-22T00:36:28Z,"[{'id': 5777219593, 'qualifierId': 56, 'value': 'Left'}, {'id': 5777219601, 'qualifierId': 213, 'value': '5.48'}, {'id': 5777219591, 'qualifierId': 107}, {'id': 5777219595, 'qualifierId': 140, 'value': '74.3'}, {'id': 5777219597, 'qualifierId': 141, 'value': '89.3'}, {'id': 5777219599, 'qualifierId': 212, 'value': '12.0'}]",cqpdeqi0psfadqsgejcvdqqne,M. Berkely,,,North Carolina Courage,Home
2823727675,24,8,1,3,8,c3v2ohfuzoqmc8ljm65hi80sj,1,28.5,5.0,2025-06-21T23:42:30.868Z,2025-06-24T10:44:03Z,"[{'id': 5779511031, 'qualifierId': 384}, {'id': 5777219791, 'qualifierId': 56, 'value': 'Back'}]",95tl8tonvm6czhwzd6i5ep756,B. Olivieri,,,Houston Dash,Away
2823727651,27,43,1,3,9,b4fbmos00gxtk8qnaqsm392p5,1,0.0,0.0,2025-06-21T23:42:31.785Z,2025-06-22T00:36:30Z,"[{'id': 5777345127, 'qualifierId': 144, 'value': '1'}, {'id': 5777219623, 'qualifierId': 212, 'value': '0.9'}, {'id': 5777219619, 'qualifierId': 140, 'value': '73.4'}, {'id': 5777219617, 'qualifierId': 56, 'value': 'Left'}, {'id': 5777219621, 'qualifierId': 141, 'value': '88.3'}, {'id': 5777219625, 'qualifierId': 213, 'value': '4.20'}]",3ytdxf659yjtnml5zzpxl01k9,C. Vine,,,North Carolina Courage,Home
2823727681,29,61,1,3,10,b4fbmos00gxtk8qnaqsm392p5,1,68.4,94.4,2025-06-21T23:42:32.738Z,2025-06-22T00:35:05Z,"[{'id': 5777219815, 'qualifierId': 56, 'value': 'Left'}]",3ytdxf659yjtnml5zzpxl01k9,C. Vine,,,North Carolina Courage,Home
2823727693,25,5,1,3,11,c3v2ohfuzoqmc8ljm65hi80sj,1,28.2,-1.6,2025-06-21T23:42:33.625Z,2025-06-22T01:53:57Z,"[{'id': 5777219893, 'qualifierId': 347}, {'id': 5777292145, 'qualifierId': 233, 'value': '28'}, {'id': 5777219891, 'qualifierId': 56, 'value': 'Back'}]",1c2boqmoi50esuelgdd96o06h,D. Colaprico,,,Houston Dash,Away
2823727663,28,5,1,3,11,b4fbmos00gxtk8qnaqsm392p5,0,71.8,101.6,2025-06-21T23:42:33.625Z,2025-06-22T01:53:57Z,"[{'id': 5777292151, 'qualifierId': 233, 'value': '25'}, {'id': 5777219685, 'qualifierId': 56, 'value': 'Left'}, {'id': 5777219687, 'qualifierId': 347}]",3ytdxf659yjtnml5zzpxl01k9,C. Vine,,,North Carolina Courage,Home
2823727695,26,1,1,3,16,c3v2ohfuzoqmc8ljm65hi80sj,0,28.5,0.0,2025-06-21T23:42:38.764Z,2025-06-22T00:40:43Z,"[{'id': 5777219917, 'qualifierId': 213, 'value': '1.24'}, {'id': 5777219915, 'qualifierId': 212, 'value': '11.7'}, {'id': 5777219909, 'qualifierId': 56, 'value': 'Back'}, {'id': 5777219911, 'qualifierId': 140, 'value': '32.1'}, {'id': 5777219907, 'qualifierId': 107}, {'id': 5777219913, 'qualifierId': 141, 'value': '14.4'}]",61ucpn8qxos0kwaw0gdpqubys,A. Patterson,,,Houston Dash,Away
2823749257,395,43,1,3,17,c3v2ohfuzoqmc8ljm65hi80sj,1,0.0,0.0,2025-06-21T23:42:39.051Z,2025-06-24T10:44:39Z,"[{'id': 5777342501, 'qualifierId': 140, 'value': '31.9'}, {'id': 5777342505, 'qualifierId': 212, 'value': '8.5'}, {'id': 5777342507, 'qualifierId': 213, 'value': '2.32'}, {'id': 5777342503, 'qualifierId': 141, 'value': '51.0'}, {'id': 5777342499, 'qualifierId': 56, 'value': 'Back'}, {'id': 5779511049, 'qualifierId': 144, 'value': '1'}]",2sc4jlfmioa61d1vgpcz0pht6,D. Sheehan,,,Houston Dash,Away
2824135239,832,1,1,3,17,b4fbmos00gxtk8qnaqsm392p5,1,69.7,65.1,2025-06-21T23:42:39.530Z,2025-06-24T10:44:55Z,"[{'id': 5779511061, 'qualifierId': 212, 'value': '6.6'}, {'id': 5779511063, 'qualifierId': 213, 'value': '5.58'}, {'id': 5779511057, 'qualifierId': 140, 'value': '74.5'}, {'id': 5779511059, 'qualifierId': 141, 'value': '58.8'}, {'id': 5779511055, 'qualifierId': 56, 'value': 'Center'}]",bxj6bpjfxkumj112yoco9wahg,R. Jackson,,,North Carolina Courage,Home
2823727705,30,3,1,3,20,b4fbmos00gxtk8qnaqsm392p5,0,68.2,52.7,2025-06-21T23:42:43.050Z,2025-06-24T10:45:10Z,"[{'id': 5777219993, 'qualifierId': 56, 'value': 'Center'}, {'id': 5777342667, 'qualifierId': 233, 'value': '396'}, {'id': 5779511069, 'qualifierId': 464}, {'id': 5777219995, 'qualifierId': 286}]",90bm7jsl7sjqiel7u2tv0vgq2,M. Matsukubo,,,North Carolina Courage,Home
2823749285,396,7,1,3,21,c3v2ohfuzoqmc8ljm65hi80sj,1,31.8,47.3,2025-06-21T23:42:43.051Z,2025-06-24T10:45:14Z,"[{'id': 5779511071, 'qualifierId': 383}, {'id': 5777342625, 'qualifierId': 285}, {'id': 5777342651, 'qualifierId': 233, 'value': '30'}, {'id': 5779511073, 'qualifierId': 178}, {'id': 5777342623, 'qualifierId': 56, 'value': 'Back'}]",6089nfwh31ha73pl7vlla75cl,S. Puntigam,,,Houston Dash,Away
2823749817,397,1,1,3,22,c3v2ohfuzoqmc8ljm65hi80sj,0,31.7,46.7,2025-06-21T23:42:44.051Z,2025-06-22T01:47:37Z,"[{'id': 5777345595, 'qualifierId': 56, 'value': 'Back'}, {'id': 5777345597, 'qualifierId': 140, 'value': '36.3'}, {'id': 5777345599, 'qualifierId': 141, 'value': '34.8'}, {'id': 5777345603, 'qualifierId': 213, 'value': '5.25'}, {'id': 5777345601, 'qualifierId': 212, 'value': '9.4'}]",2sc4jlfmioa61d1vgpcz0pht6,D. Sheehan,,,Houston Dash,Away
2823727763,32,4,1,3,23,b4fbmos00gxtk8qnaqsm392p5,1,66.3,58.4,2025-06-21T23:42:45.273Z,2025-06-22T01:35:47Z,"[{'id': 5777220381, 'qualifierId': 286}, {'id': 5777220363, 'qualifierId': 13}, {'id': 5777220369, 'qualifierId': 56, 'value': 'Center'}, {'id': 5777220377, 'qualifierId': 265}, {'id': 5777220373, 'qualifierId': 152}, {'id': 5777221127, 'qualifierId': 233, 'value': '27'}]",awme1kk0t2w81hc4xcup7k222,T. Lussi,,,North Carolina Courage,Home
2823727837,27,4,1,3,23,c3v2ohfuzoqmc8ljm65hi80sj,0,33.7,41.6,2025-06-21T23:42:45.274Z,2025-06-22T01:35:48Z,"[{'id': 5777220787, 'qualifierId': 13}, {'id': 5777220791, 'qualifierId': 152}, {'id': 5777220795, 'qualifierId': 285}, {'id': 5777221143, 'qualifierId': 233, 'value': '32'}, {'id': 5777220793, 'qualifierId': 265}, {'id': 5777220789, 'qualifierId': 56, 'value': 'Back'}]",95tl8tonvm6czhwzd6i5ep756,B. Olivieri,,,Houston Dash,Away
2823727713,31,43,1,3,23,b4fbmos00gxtk8qnaqsm392p5,1,0.0,0.0,2025-06-21T23:42:45.882Z,2025-06-21T23:43:12Z,"[{'id': 5777220981, 'qualifierId': 144, 'value': '61'}, {'id': 5777220043, 'qualifierId': 56, 'value': 'Center'}]",awme1kk0t2w81hc4xcup7k222,T. Lussi,,,North Carolina Courage,Home
2823727977,33,1,1,4,6,b4fbmos00gxtk8qnaqsm392p5,0,63.9,67.8,2025-06-21T23:43:28.410Z,2025-06-21T23:43:31Z,"[{'id': 5777221681, 'qualifierId': 1}, {'id': 5777221643, 'qualifierId': 152}, {'id': 5777221649, 'qualifierId': 141, 'value': '36.7'}, {'id': 5777221645, 'qualifierId': 56, 'value': 'Center'}, {'id': 5777221641, 'qualifierId': 155}, {'id': 5777221639, 'qualifierId': 5}, {'id': 5777221651, 'qualifierId': 212, 'value': '40.6'}, {'id': 5777221647, 'qualifierId': 140, 'value': '96.9'}, {'id': 5777221653, 'qualifierId': 213, 'value': '5.74'}]",bxj6bpjfxkumj112yoco9wahg,R. Jackson,,,North Carolina Courage,Home
2823750693,398,61,1,4,10,c3v2ohfuzoqmc8ljm65hi80sj,1,9.3,61.7,2025-06-21T23:43:32.051Z,2025-06-22T00:38:42Z,"[{'id': 5777350501, 'qualifierId': 56, 'value': 'Back'}]",2sc4jlfmioa61d1vgpcz0pht6,D. Sheehan,,,Houston Dash,Away
2823727995,28,49,1,4,12,c3v2ohfuzoqmc8ljm65hi80sj,1,14.2,77.0,2025-06-21T23:43:34.956Z,2025-06-21T23:43:35Z,[],n4egj8ymfled94mco0lwa95,C. Westphal,,,Houston Dash,Away
2823728009,29,1,1,4,14,c3v2ohfuzoqmc8ljm65hi80sj,0,11.1,84.7,2025-06-21T23:43:36.259Z,2025-06-21T23:43:36Z,"[{'id': 5777221847, 'qualifierId': 1}, {'id': 5777221841, 'qualifierId': 141, 'value': '100.0'}, {'id': 5777221845, 'qualifierId': 213, 'value': '0.39'}, {'id': 5777221835, 'qualifierId': 157}, {'id': 5777221843, 'qualifierId': 212, 'value': '31.2'}, {'id': 5777221837, 'qualifierId': 56, 'value': 'Back'}, {'id': 5777221839, 'qualifierId': 140, 'value': '38.6'}]",n4egj8ymfled94mco0lwa95,C. Westphal,,,Houston Dash,Away
2823728013,30,5,1,4,14,c3v2ohfuzoqmc8ljm65hi80sj,0,32.7,101.6,2025-06-21T23:43:36.425Z,2025-06-22T01:53:58Z,"[{'id': 5777221917, 'qualifierId': 233, 'value': '34'}, {'id': 5777221863, 'qualifierId': 56, 'value': 'Back'}, {'id': 5777221865, 'qualifierId': 347}]",n4egj8ymfled94mco0lwa95,C. Westphal,,,Houston Dash,Away
2823728021,34,5,1,4,14,b4fbmos00gxtk8qnaqsm392p5,1,67.3,-1.6,2025-06-21T23:43:36.425Z,2025-06-21T23:43:40Z,"[{'id': 5777221905, 'qualifierId': 56, 'value': 'Right'}, {'id': 5777221907, 'qualifierId': 347}, {'id': 5777221911, 'qualifierId': 233, 'value': '30'}]",cqpdeqi0psfadqsgejcvdqqne,M. Berkely,,,North Carolina Courage,Home
2823728087,35,1,1,4,25,b4fbmos00gxtk8qnaqsm392p5,1,71.9,0.0,2025-06-21T23:43:47.521Z,2025-06-21T23:43:49Z,"[{'id': 5777222227, 'qualifierId': 107}, {'id': 5777222237, 'qualifierId': 213, 'value': '2.07'}, {'id': 5777222229, 'qualifierId': 56, 'value': 'Right'}, {'id': 5777222233, 'qualifierId': 141, 'value': '6.4'}, {'id': 5777222231, 'qualifierId': 140, 'value': '69.0'}, {'id': 5777222235, 'qualifierId': 212, 'value': '6.4'}]",1x229gvjahkxp7w02bh0v36ga,R. Williams,,,North Carolina Courage,Home
2824135313,769,83,1,4,27,c3v2ohfuzoqmc8ljm65hi80sj,1,34.5,93.4,2025-06-21T23:43:49.408Z,2025-06-24T11:09:41Z,"[{'id': 5779511691, 'qualifierId': 399, 'value': 'bxj6bpjfxkumj112yoco9wahg'}]",6089nfwh31ha73pl7vlla75cl,S. Puntigam,,,Houston Dash,Away
2823728107,36,1,1,4,27,b4fbmos00gxtk8qnaqsm392p5,1,69.0,6.4,2025-06-21T23:43:49.417Z,2025-06-21T23:43:50Z,"[{'id': 5777222297, 'qualifierId': 56, 'value': 'Right'}, {'id': 5777222305, 'qualifierId': 213, 'value': '5.35'}, {'id': 5777222299, 'qualifierId': 140, 'value': '71.3'}, {'id': 5777222301, 'qualifierId': 141, 'value': '1.6'}, {'id': 5777222303, 'qualifierId': 212, 'value': '4.1'}]",bxj6bpjfxkumj112yoco9wahg,R. Jackson,,,North Carolina Courage,Home
2823728117,37,1,1,4,28,b4fbmos00gxtk8qnaqsm392p5,1,72.5,2.8,2025-06-21T23:43:50.920Z,2025-06-21T23:43:52Z,"[{'id': 5777222391, 'qualifierId': 56, 'value': 'Right'}, {'id': 5777222395, 'qualifierId': 141, 'value': '20.4'}, {'id': 5777222399, 'qualifierId': 213, 'value': '1.73'}, {'id': 5777222393, 'qualifierId': 140, 'value': '70.7'}, {'id': 5777222397, 'qualifierId': 212, 'value': '12.1'}]",1x229gvjahkxp7w02bh0v36ga,R. Williams,,,North Carolina Courage,Home
2824135315,770,83,1,4,29,c3v2ohfuzoqmc8ljm65hi80sj,1,33.7,76.9,2025-06-21T23:43:51.900Z,2025-06-24T11:10:16Z,"[{'id': 5779511703, 'qualifierId': 399, 'value': '7fk82cjz0z5vq2ts3vmz8has5'}]",95tl8tonvm6czhwzd6i5ep756,B. Olivieri,,,Houston Dash,Away
2823728125,38,1,1,4,30,b4fbmos00gxtk8qnaqsm392p5,0,70.7,24.3,2025-06-21T23:43:52.608Z,2025-06-21T23:43:55Z,"[{'id': 5777222515, 'qualifierId': 233, 'value': '31'}, {'id': 5777222443, 'qualifierId': 141, 'value': '24.0'}, {'id': 5777222519, 'qualifierId': 286}, {'id': 5777222513, 'qualifierId': 236}, {'id': 5777222445, 'qualifierId': 212, 'value': '1.3'}, {'id': 5777222441, 'qualifierId': 140, 'value': '71.9'}, {'id': 5777222439, 'qualifierId': 56, 'value': 'Center'}, {'id': 5777222447, 'qualifierId': 213, 'value': '6.12'}]",7fk82cjz0z5vq2ts3vmz8has5,D. O'Sullivan,,,North Carolina Courage,Home
2823728137,31,74,1,4,30,c3v2ohfuzoqmc8ljm65hi80sj,1,32.8,62.1,2025-06-21T23:43:52.609Z,2025-06-22T01:43:27Z,"[{'id': 5777222521, 'qualifierId': 233, 'value': '38'}, {'id': 5777222509, 'qualifierId': 56, 'value': 'Back'}, {'id': 5777222511, 'qualifierId': 285}]",1c2boqmoi50esuelgdd96o06h,D. Colaprico,,,Houston Dash,Away
2823728167,32,49,1,4,37,c3v2ohfuzoqmc8ljm65hi80sj,1,30.5,81.1,2025-06-21T23:43:59.339Z,2025-06-22T00:39:18Z,[],8ruvr2jnsfdub02rdh8q88s89,P. Nielsen,,,Houston Dash,Away
2823728181,33,1,1,4,37,c3v2ohfuzoqmc8ljm65hi80sj,1,30.2,80.2,2025-06-21T23:43:59.892Z,2025-06-22T00:39:34Z,"[{'id': 5777222813, 'qualifierId': 141, 'value': '85.1'}, {'id': 5777222809, 'qualifierId': 56, 'value': 'Back'}, {'id': 5777222811, 'qualifierId': 140, 'value': '19.0'}, {'id': 5777222815, 'qualifierId': 212, 'value': '12.2'}, {'id': 5777222817, 'qualifierId': 213, 'value': '2.87'}]",8ruvr2jnsfdub02rdh8q88s89,P. Nielsen,,,Houston Dash,Away
2823728191,34,1,1,4,39,c3v2ohfuzoqmc8ljm65hi80sj,1,19.0,85.1,2025-06-21T23:44:01.844Z,2025-06-22T00:39:26Z,"[{'id': 5777222867, 'qualifierId': 212, 'value': '23.9'}, {'id': 5777222863, 'qualifierId': 140, 'value': '7.2'}, {'id': 5777222861, 'qualifierId': 56, 'value': 'Back'}, {'id': 5777222865, 'qualifierId': 141, 'value': '55.1'}, {'id': 5777222869, 'qualifierId': 213, 'value': '4.17'}]",n4egj8ymfled94mco0lwa95,C. Westphal,,,Houston Dash,Away
2823728199,35,1,1,4,40,c3v2ohfuzoqmc8ljm65hi80sj,0,7.2,55.1,2025-06-21T23:44:02.891Z,2025-06-21T23:44:03Z,"[{'id': 5777222917, 'qualifierId': 212, 'value': '33.0'}, {'id': 5777222921, 'qualifierId': 1}, {'id': 5777222913, 'qualifierId': 140, 'value': '38.4'}, {'id': 5777222919, 'qualifierId': 213, 'value': '6.17'}, {'id': 5777222915, 'qualifierId': 141, 'value': '49.6'}, {'id': 5777222911, 'qualifierId': 56, 'value': 'Back'}, {'id': 5777222909, 'qualifierId': 157}]",53uflfknc5uus7iqw3obp5fx1,J. Campbell,,,Houston Dash,Away
2823728197,39,49,1,4,41,b4fbmos00gxtk8qnaqsm392p5,1,63.9,41.3,2025-06-21T23:44:03.337Z,2025-06-21T23:44:03Z,[],bxj6bpjfxkumj112yoco9wahg,R. Jackson,,,North Carolina Courage,Home
2823728221,40,1,1,4,42,b4fbmos00gxtk8qnaqsm392p5,1,65.0,43.7,2025-06-21T23:44:04.200Z,2025-06-21T23:44:06Z,"[{'id': 5777223041, 'qualifierId': 213, 'value': '1.53'}, {'id': 5777223033, 'qualifierId': 56, 'value': 'Left'}, {'id': 5777223037, 'qualifierId': 141, 'value': '83.5'}, {'id': 5777223039, 'qualifierId': 212, 'value': '27.1'}, {'id': 5777223035, 'qualifierId': 140, 'value': '66.1'}]",bxj6bpjfxkumj112yoco9wahg,R. Jackson,,,North Carolina Courage,Home
2823728251,41,1,1,4,43,b4fbmos00gxtk8qnaqsm392p5,1,66.1,83.5,2025-06-21T23:44:06.041Z,2025-06-21T23:44:09Z,"[{'id': 5777223173, 'qualifierId': 212, 'value': '13.8'}, {'id': 5777223171, 'qualifierId': 141, 'value': '69.9'}, {'id': 5777223167, 'qualifierId': 56, 'value': 'Center'}, {'id': 5777223169, 'qualifierId': 140, 'value': '56.4'}, {'id': 5777223175, 'qualifierId': 213, 'value': '3.88'}]",awme1kk0t2w81hc4xcup7k222,T. Lussi,,,North Carolina Courage,Home
2823728281,42,1,1,4,47,b4fbmos00gxtk8qnaqsm392p5,1,55.3,67.6,2025-06-21T23:44:09.872Z,2025-06-21T23:44:13Z,"[{'id': 5777223357, 'qualifierId': 213, 'value': '4.42'}, {'id': 5777223349, 'qualifierId': 56, 'value': 'Center'}, {'id': 5777223351, 'qualifierId': 140, 'value': '51.0'}, {'id': 5777223355, 'qualifierId': 212, 'value': '15.6'}, {'id': 5777223353, 'qualifierId': 141, 'value': '45.7'}]",cqpdeqi0psfadqsgejcvdqqne,M. Berkely,,,North Carolina Courage,Home
2823728297,43,1,1,4,51,b4fbmos00gxtk8qnaqsm392p5,1,52.8,45.2,2025-06-21T23:44:13.328Z,2025-06-21T23:44:14Z,"[{'id': 5777223463, 'qualifierId': 140, 'value': '57.8'}, {'id': 5777223469, 'qualifierId': 213, 'value': '5.01'}, {'id': 5777223467, 'qualifierId': 212, 'value': '17.9'}, {'id': 5777223465, 'qualifierId': 141, 'value': '20.0'}, {'id': 5777223461, 'qualifierId': 56, 'value': 'Right'}]",1p3bwk03ay87hp2nwrl3tfxwq,K. Kurtz,,,North Carolina Courage,Home
2823728303,44,1,1,4,52,b4fbmos00gxtk8qnaqsm392p5,1,57.9,19.8,2025-06-21T23:44:14.848Z,2025-06-21T23:44:16Z,"[{'id': 5777223517, 'qualifierId': 213, 'value': '5.15'}, {'id': 5777223509, 'qualifierId': 56, 'value': 'Right'}, {'id': 5777223511, 'qualifierId': 140, 'value': '63.7'}, {'id': 5777223515, 'qualifierId': 212, 'value': '14.3'}, {'id': 5777223513, 'qualifierId': 141, 'value': '0.7'}]",cbco4ht0d7uk1thgam6vc0ep6,M. Bell,,,North Carolina Courage,Home
2823728321,45,1,1,4,54,b4fbmos00gxtk8qnaqsm392p5,1,64.1,0.7,2025-06-21T23:44:16.601Z,2025-06-21T23:44:18Z,"[{'id': 5777223613, 'qualifierId': 140, 'value': '66.6'}, {'id': 5777223615, 'qualifierId': 141, 'value': '7.7'}, {'id': 5777223611, 'qualifierId': 56, 'value': 'Right'}, {'id': 5777223619, 'qualifierId': 213, 'value': '1.07'}, {'id': 5777223617, 'qualifierId': 212, 'value': '5.4'}]",1x229gvjahkxp7w02bh0v36ga,R. Williams,,,North Carolina Courage,Home
2823728395,46,1,1,4,56,b4fbmos00gxtk8qnaqsm392p5,1,65.8,11.7,2025-06-21T23:44:18.225Z,2025-06-21T23:44:28Z,"[{'id': 5777224065, 'qualifierId': 141, 'value': '21.6'}, {'id': 5777224061, 'qualifierId': 56, 'value': 'Center'}, {'id': 5777224069, 'qualifierId': 213, 'value': '1.34'}, {'id': 5777224063, 'qualifierId': 140, 'value': '67.3'}, {'id': 5777224067, 'qualifierId': 212, 'value': '6.9'}]",7fk82cjz0z5vq2ts3vmz8has5,D. O'Sullivan,,,North Carolina Courage,Home
2823728421,47,1,1,5,6,b4fbmos00gxtk8qnaqsm392p5,1,52.8,1.6,2025-06-21T23:44:28.593Z,2025-06-21T23:44:31Z,"[{'id': 5777224231, 'qualifierId': 212, 'value': '10.5'}, {'id': 5777224233, 'qualifierId': 213, 'value': '0.73'}, {'id': 5777224225, 'qualifierId': 56, 'value': 'Right'}, {'id': 5777224227, 'qualifierId': 140, 'value': '60.3'}, {'id': 5777224229, 'qualifierId': 141, 'value': '11.9'}]",90bm7jsl7sjqiel7u2tv0vgq2,M. Matsukubo,,,North Carolina Courage,Home
2823728439,48,1,1,5,9,b4fbmos00gxtk8qnaqsm392p5,0,72.0,5.2,2025-06-21T23:44:31.921Z,2025-06-21T23:44:34Z,"[{'id': 5777224297, 'qualifierId': 213, 'value': '0.93'}, {'id': 5777224291, 'qualifierId': 140, 'value': '88.5'}, {'id': 5777224295, 'qualifierId': 212, 'value': '29.2'}, {'id': 5777224287, 'qualifierId': 155}, {'id': 5777224289, 'qualifierId': 56, 'value': 'Center'}, {'id': 5777224293, 'qualifierId': 141, 'value': '39.7'}]",bxj6bpjfxkumj112yoco9wahg,R. Jackson,,,North Carolina Courage,Home
2823728465,36,1,1,5,11,c3v2ohfuzoqmc8ljm65hi80sj,1,12.6,44.9,2025-06-21T23:44:33.804Z,2025-06-24T11:16:20Z,"[{'id': 5779511777, 'qualifierId': 3}, {'id': 5777224497, 'qualifierId': 212, 'value': '14.5'}, {'id': 5777224493, 'qualifierId': 140, 'value': '22.0'}, {'id': 5777224495, 'qualifierId': 141, 'value': '60.6'}, {'id': 5777224491, 'qualifierId': 56, 'value': 'Back'}, {'id': 5777224499, 'qualifierId': 213, 'value': '0.82'}]",8co65x7tuvynuqvket8okb7xl,N. Jacobs,,,Houston Dash,Away
2824135321,771,49,1,5,12,c3v2ohfuzoqmc8ljm65hi80sj,1,18.7,76.4,2025-06-21T23:44:34.707Z,2025-06-24T11:16:15Z,[],6089nfwh31ha73pl7vlla75cl,S. Puntigam,,,Houston Dash,Away
2823728493,37,1,1,5,17,c3v2ohfuzoqmc8ljm65hi80sj,1,20.5,58.8,2025-06-21T23:44:39.851Z,2025-06-24T11:16:09Z,"[{'id': 5777224635, 'qualifierId': 140, 'value': '15.2'}, {'id': 5777224639, 'qualifierId': 212, 'value': '11.9'}, {'id': 5777224637, 'qualifierId': 141, 'value': '74.2'}, {'id': 5777224633, 'qualifierId': 56, 'value': 'Back'}, {'id': 5777224641, 'qualifierId': 213, 'value': '2.06'}]",6089nfwh31ha73pl7vlla75cl,S. Puntigam,,,Houston Dash,Away
2823728499,38,12,1,5,20,c3v2ohfuzoqmc8ljm65hi80sj,1,12.2,83.6,2025-06-21T23:44:42.171Z,2025-06-24T11:16:30Z,"[{'id': 5777224655, 'qualifierId': 212, 'value': '24.5'}, {'id': 5777224651, 'qualifierId': 140, 'value': '32.4'}, {'id': 5779511795, 'qualifierId': 167}, {'id': 5777224653, 'qualifierId': 141, 'value': '100.0'}, {'id': 5777224657, 'qualifierId': 213, 'value': '0.53'}, {'id': 5777224649, 'qualifierId': 56, 'value': 'Back'}]",n4egj8ymfled94mco0lwa95,C. Westphal,,,Houston Dash,Away
2823728503,39,5,1,5,20,c3v2ohfuzoqmc8ljm65hi80sj,0,28.2,101.6,2025-06-21T23:44:42.849Z,2025-06-22T01:53:58Z,"[{'id': 5777224673, 'qualifierId': 56, 'value': 'Back'}, {'id': 5777224689, 'qualifierId': 233, 'value': '49'}, {'id': 5777224675, 'qualifierId': 347}]",n4egj8ymfled94mco0lwa95,C. Westphal,,,Houston Dash,Away
2823728475,49,5,1,5,20,b4fbmos00gxtk8qnaqsm392p5,1,71.8,-1.6,2025-06-21T23:44:42.849Z,2025-06-22T00:18:12Z,"[{'id': 5777224549, 'qualifierId': 56, 'value': 'Right'}, {'id': 5777224681, 'qualifierId': 233, 'value': '39'}, {'id': 5777224551, 'qualifierId': 347}]",bxj6bpjfxkumj112yoco9wahg,R. Jackson,,,North Carolina Courage,Home
2823728521,50,1,1,5,22,b4fbmos00gxtk8qnaqsm392p5,1,84.6,0.0,2025-06-21T23:44:44.576Z,2025-06-21T23:44:47Z,"[{'id': 5777224785, 'qualifierId': 212, 'value': '5.7'}, {'id': 5777224781, 'qualifierId': 140, 'value': '80.6'}, {'id': 5777224783, 'qualifierId': 141, 'value': '4.0'}, {'id': 5777224777, 'qualifierId': 107}, {'id': 5777224787, 'qualifierId': 213, 'value': '2.41'}, {'id': 5777224779, 'qualifierId': 56, 'value': 'Right'}]",1x229gvjahkxp7w02bh0v36ga,R. Williams,,,North Carolina Courage,Home
2823728537,51,1,1,5,25,b4fbmos00gxtk8qnaqsm392p5,1,76.4,3.2,2025-06-21T23:44:47.608Z,2025-06-21T23:44:50Z,"[{'id': 5777224901, 'qualifierId': 140, 'value': '63.9'}, {'id': 5777224905, 'qualifierId': 212, 'value': '13.1'}, {'id': 5777224899, 'qualifierId': 56, 'value': 'Right'}, {'id': 5777224903, 'qualifierId': 141, 'value': '2.9'}, {'id': 5777224907, 'qualifierId': 213, 'value': '3.16'}]",bxj6bpjfxkumj112yoco9wahg,R. Jackson,,,North Carolina Courage,Home
2823728547,52,1,1,5,28,b4fbmos00gxtk8qnaqsm392p5,1,57.6,3.2,2025-06-21T23:44:50.216Z,2025-06-21T23:44:53Z,"[{'id': 5777224973, 'qualifierId': 212, 'value': '21.9'}, {'id': 5777224971, 'qualifierId': 141, 'value': '29.4'}, {'id': 5777224969, 'qualifierId': 140, 'value': '45.4'}, {'id': 5777224967, 'qualifierId': 56, 'value': 'Back'}, {'id': 5777224975, 'qualifierId': 213, 'value': '2.19'}]",cbco4ht0d7uk1thgam6vc0ep6,M. Bell,,,North Carolina Courage,Home
2823728571,53,1,1,5,31,b4fbmos00gxtk8qnaqsm392p5,1,52.6,36.7,2025-06-21T23:44:53.576Z,2025-06-21T23:44:56Z,"[{'id': 5777225111, 'qualifierId': 140, 'value': '56.7'}, {'id': 5777225109, 'qualifierId': 56, 'value': 'Center'}, {'id': 5777225115, 'qualifierId': 212, 'value': '21.2'}, {'id': 5777225113, 'qualifierId': 141, 'value': '67.3'}, {'id': 5777225117, 'qualifierId': 213, 'value': '1.37'}]",1p3bwk03ay87hp2nwrl3tfxwq,K. Kurtz,,,North Carolina Courage,Home
2823728579,54,1,1,5,34,b4fbmos00gxtk8qnaqsm392p5,1,58.1,69.9,2025-06-21T23:44:56.264Z,2025-06-21T23:44:58Z,"[{'id': 5777225153, 'qualifierId': 141, 'value': '78.4'}, {'id': 5777225155, 'qualifierId': 212, 'value': '8.9'}, {'id': 5777225151, 'qualifierId': 140, 'value': '64.6'}, {'id': 5777225149, 'qualifierId': 56, 'value': 'Center'}, {'id': 5777225157, 'qualifierId': 213, 'value': '0.70'}]",cqpdeqi0psfadqsgejcvdqqne,M. Berkely,,,North Carolina Courage,Home
2823728601,55,1,1,5,36,b4fbmos00gxtk8qnaqsm392p5,1,66.1,75.3,2025-06-21T23:44:58.104Z,2025-06-21T23:45:01Z,"[{'id': 5777225249, 'qualifierId': 141, 'value': '63.4'}, {'id': 5777225247, 'qualifierId': 140, 'value': '67.3'}, {'id': 5777225253, 'qualifierId': 213, 'value': '4.87'}, {'id': 5777225245, 'qualifierId': 56, 'value': 'Center'}, {'id': 5777225251, 'qualifierId': 212, 'value': '8.2'}]",8afwde4025w5wxddyf2ouoine,S. Koyama,,,North Carolina Courage,Home
2823728621,56,1,1,5,39,b4fbmos00gxtk8qnaqsm392p5,1,64.0,71.5,2025-06-21T23:45:01.272Z,2025-06-21T23:45:04Z,"[{'id': 5777225363, 'qualifierId': 56, 'value': 'Left'}, {'id': 5777225371, 'qualifierId': 213, 'value': '1.86'}, {'id': 5777225369, 'qualifierId': 212, 'value': '11.1'}, {'id': 5777225367, 'qualifierId': 141, 'value': '87.2'}, {'id': 5777225365, 'qualifierId': 140, 'value': '61.0'}]",90bm7jsl7sjqiel7u2tv0vgq2,M. Matsukubo,,,North Carolina Courage,Home
2823728639,57,1,1,5,41,b4fbmos00gxtk8qnaqsm392p5,1,64.7,89.4,2025-06-21T23:45:04.016Z,2025-06-21T23:45:05Z,"[{'id': 5777225485, 'qualifierId': 212, 'value': '4.8'}, {'id': 5777225481, 'qualifierId': 140, 'value': '68.9'}, {'id': 5777225483, 'qualifierId': 141, 'value': '86.5'}, {'id': 5777225487, 'qualifierId': 213, 'value': '5.86'}, {'id': 5777225479, 'qualifierId': 56, 'value': 'Left'}]",cqpdeqi0psfadqsgejcvdqqne,M. Berkely,,,North Carolina Courage,Home
2823728669,58,1,1,5,43,b4fbmos00gxtk8qnaqsm392p5,1,68.9,86.5,2025-06-21T23:45:05.824Z,2025-06-21T23:45:10Z,"[{'id': 5777225663, 'qualifierId': 212, 'value': '7.2'}, {'id': 5777225659, 'qualifierId': 140, 'value': '64.7'}, {'id': 5777225657, 'qualifierId': 56, 'value': 'Center'}, {'id': 5777225661, 'qualifierId': 141, 'value': '78.2'}, {'id': 5777225665, 'qualifierId': 213, 'value': '4.05'}]",8afwde4025w5wxddyf2ouoine,S. Koyama,,,North Carolina Courage,Home
2823728717,59,1,1,5,48,b4fbmos00gxtk8qnaqsm392p5,1,63.1,62.6,2025-06-21T23:45:10.136Z,2025-06-21T23:45:15Z,"[{'id': 5777225945, 'qualifierId': 213, 'value': '4.37'}, {'id': 5777225941, 'qualifierId': 141, 'value': '34.0'}, {'id': 5777225937, 'qualifierId': 56, 'value': 'Center'}, {'id': 5777225939, 'qualifierId': 140, 'value': '56.6'}, {'id': 5777225943, 'qualifierId': 212, 'value': '20.6'}]",90bm7jsl7sjqiel7u2tv0vgq2,M. Matsukubo,,,North Carolina Courage,Home
2823728729,60,1,1,5,53,b4fbmos00gxtk8qnaqsm392p5,1,56.6,33.0,2025-06-21T23:45:15.624Z,2025-06-21T23:45:16Z,"[{'id': 5777226019, 'qualifierId': 213, 'value': '1.68'}, {'id': 5777226011, 'qualifierId': 56, 'value': 'Center'}, {'id': 5777226015, 'qualifierId': 141, 'value': '49.4'}, {'id': 5777226013, 'qualifierId': 140, 'value': '55.4'}, {'id': 5777226017, 'qualifierId': 212, 'value': '11.2'}]",cbco4ht0d7uk1thgam6vc0ep6,M. Bell,,,North Carolina Courage,Home
2823728751,61,1,1,5,54,b4fbmos00gxtk8qnaqsm392p5,1,54.7,50.1,2025-06-21T23:45:16.616Z,2025-06-21T23:45:18Z,"[{'id': 5777226115, 'qualifierId': 213, 'value': '6.07'}, {'id': 5777226107, 'qualifierId': 56, 'value': 'Center'}, {'id': 5777226111, 'qualifierId': 141, 'value': '46.0'}, {'id': 5777226109, 'qualifierId': 140, 'value': '67.0'}, {'id': 5777226113, 'qualifierId': 212, 'value': '13.2'}]",1p3bwk03ay87hp2nwrl3tfxwq,K. Kurtz,,,North Carolina Courage,Home
2823728755,62,3,1,5,56,b4fbmos00gxtk8qnaqsm392p5,0,67.3,48.2,2025-06-21T23:45:18.760Z,2025-06-24T11:18:39Z,"[{'id': 5777226133, 'qualifierId': 286}, {'id': 5777226131, 'qualifierId': 56, 'value': 'Center'}, {'id': 5777226361, 'qualifierId': 233, 'value': '40'}, {'id': 5779511899, 'qualifierId': 464}]",90bm7jsl7sjqiel7u2tv0vgq2,M. Matsukubo,,,North Carolina Courage,Home
2823728793,40,7,1,5,56,c3v2ohfuzoqmc8ljm65hi80sj,1,32.7,51.8,2025-06-21T23:45:18.761Z,2025-06-24T11:18:43Z,"[{'id': 5777226311, 'qualifierId': 285}, {'id': 5779511903, 'qualifierId': 384}, {'id': 5777226309, 'qualifierId': 56, 'value': 'Back'}, {'id': 5779511905, 'qualifierId': 178}, {'id': 5777226357, 'qualifierId': 233, 'value': '62'}]",1c2boqmoi50esuelgdd96o06h,D. Colaprico,,,Houston Dash,Away
2823728823,42,1,1,5,56,c3v2ohfuzoqmc8ljm65hi80sj,1,30.2,57.9,2025-06-21T23:45:19.020Z,2025-06-24T11:19:01Z,"[{'id': 5777226481, 'qualifierId': 212, 'value': '20.2'}, {'id': 5777226473, 'qualifierId': 140, 'value': '48.8'}, {'id': 5777226483, 'qualifierId': 213, 'value': '6.02'}, {'id': 5777226477, 'qualifierId': 141, 'value': '50.3'}, {'id': 5777226471, 'qualifierId': 56, 'value': 'Back'}]",6089nfwh31ha73pl7vlla75cl,S. Puntigam,,,Houston Dash,Away
2824135327,772,49,1,5,57,c3v2ohfuzoqmc8ljm65hi80sj,1,38.0,47.3,2025-06-21T23:45:20.015Z,2025-06-24T11:19:03Z,[],1xgse8t4dm0decmpzebsphvfu,Y. Ryan,,,Houston Dash,Away
2823728797,41,43,1,5,59,c3v2ohfuzoqmc8ljm65hi80sj,1,0.0,0.0,2025-06-21T23:45:21.780Z,2025-06-24T11:18:52Z,"[{'id': 5779511911, 'qualifierId': 144, 'value': '49'}]",6089nfwh31ha73pl7vlla75cl,S. Puntigam,,,Houston Dash,Away
2823728893,43,1,1,6,2,c3v2ohfuzoqmc8ljm65hi80sj,1,55.3,62.9,2025-06-21T23:45:24.635Z,2025-06-22T01:17:43Z,"[{'id': 5777226831, 'qualifierId': 141, 'value': '82.4'}, {'id': 5777226835, 'qualifierId': 213, 'value': '0.62'}, {'id': 5777226827, 'qualifierId': 56, 'value': 'Left'}, {'id': 5777226829, 'qualifierId': 140, 'value': '73.0'}, {'id': 5777226833, 'qualifierId': 212, 'value': '22.8'}]",1xgse8t4dm0decmpzebsphvfu,Y. Ryan,,,Houston Dash,Away
2823728911,44,1,1,6,9,c3v2ohfuzoqmc8ljm65hi80sj,1,74.1,81.5,2025-06-21T23:45:31.219Z,2025-06-21T23:45:34Z,"[{'id': 5777226973, 'qualifierId': 213, 'value': '3.12'}, {'id': 5777226969, 'qualifierId': 141, 'value': '82.3'}, {'id': 5777226971, 'qualifierId': 212, 'value': '20.9'}, {'id': 5777226967, 'qualifierId': 140, 'value': '54.2'}, {'id': 5777226965, 'qualifierId': 56, 'value': 'Left'}]",270qzf9ig52z04iu3ujnmstg4,R. Gareis,,,Houston Dash,Away
2823728929,45,1,1,6,12,c3v2ohfuzoqmc8ljm65hi80sj,1,54.0,82.0,2025-06-21T23:45:34.427Z,2025-06-22T01:17:18Z,"[{'id': 5777227073, 'qualifierId': 213, 'value': '5.45'}, {'id': 5777227065, 'qualifierId': 56, 'value': 'Center'}, {'id': 5777227071, 'qualifierId': 212, 'value': '12.5'}, {'id': 5777227067, 'qualifierId': 140, 'value': '62.0'}, {'id': 5777227069, 'qualifierId': 141, 'value': '68.4'}]",n4egj8ymfled94mco0lwa95,C. Westphal,,,Houston Dash,Away
2823728943,46,1,1,6,14,c3v2ohfuzoqmc8ljm65hi80sj,0,62.8,67.3,2025-06-21T23:45:36.531Z,2025-06-21T23:45:38Z,"[{'id': 5777227123, 'qualifierId': 141, 'value': '56.7'}, {'id': 5777227121, 'qualifierId': 140, 'value': '63.1'}, {'id': 5777227125, 'qualifierId': 212, 'value': '7.2'}, {'id': 5777227127, 'qualifierId': 213, 'value': '4.76'}, {'id': 5777227119, 'qualifierId': 56, 'value': 'Center'}]",1xgse8t4dm0decmpzebsphvfu,Y. Ryan,,,Houston Dash,Away
2823728941,63,61,1,6,15,b4fbmos00gxtk8qnaqsm392p5,1,34.5,53.7,2025-06-21T23:45:37.896Z,2025-06-21T23:45:37Z,"[{'id': 5777227113, 'qualifierId': 56, 'value': 'Back'}]",90bm7jsl7sjqiel7u2tv0vgq2,M. Matsukubo,,,North Carolina Courage,Home
2823729033,47,1,1,6,18,c3v2ohfuzoqmc8ljm65hi80sj,1,68.1,29.8,2025-06-21T23:45:40.516Z,2025-06-21T23:45:51Z,"[{'id': 5777227653, 'qualifierId': 56, 'value': 'Center'}, {'id': 5777227659, 'qualifierId': 212, 'value': '10.0'}, {'id': 5777227655, 'qualifierId': 140, 'value': '77.5'}, {'id': 5777227661, 'qualifierId': 213, 'value': '0.16'}, {'id': 5777227657, 'qualifierId': 141, 'value': '32.1'}]",61ucpn8qxos0kwaw0gdpqubys,A. Patterson,,,Houston Dash,Away
2823728969,64,83,1,6,20,b4fbmos00gxtk8qnaqsm392p5,0,27.3,84.8,2025-06-21T23:45:42.192Z,2025-06-21T23:45:55Z,"[{'id': 5777227793, 'qualifierId': 399, 'value': '95tl8tonvm6czhwzd6i5ep756'}]",awme1kk0t2w81hc4xcup7k222,T. Lussi,,,North Carolina Courage,Home
2823729037,48,4,1,6,28,c3v2ohfuzoqmc8ljm65hi80sj,1,69.6,8.1,2025-06-21T23:45:50.711Z,2025-06-21T23:45:54Z,"[{'id': 5777227673, 'qualifierId': 152}, {'id': 5777227691, 'qualifierId': 233, 'value': '65'}, {'id': 5777227677, 'qualifierId': 286}, {'id': 5777227675, 'qualifierId': 265}, {'id': 5777227669, 'qualifierId': 13}, {'id': 5777227671, 'qualifierId': 56, 'value': 'Right'}]",95tl8tonvm6czhwzd6i5ep756,B. Olivieri,,,Houston Dash,Away
2823729025,65,4,1,6,28,b4fbmos00gxtk8qnaqsm392p5,0,30.4,91.9,2025-06-21T23:45:50.712Z,2025-06-21T23:45:55Z,"[{'id': 5777227637, 'qualifierId': 265}, {'id': 5777227639, 'qualifierId': 285}, {'id': 5777227631, 'qualifierId': 13}, {'id': 5777227635, 'qualifierId': 152}, {'id': 5777227697, 'qualifierId': 233, 'value': '48'}, {'id': 5777227633, 'qualifierId': 56, 'value': 'Back'}]",awme1kk0t2w81hc4xcup7k222,T. Lussi,,,North Carolina Courage,Home
2823729233,49,1,1,6,51,c3v2ohfuzoqmc8ljm65hi80sj,1,71.1,12.0,2025-06-21T23:46:13.251Z,2025-06-24T11:19:56Z,"[{'id': 5777228751, 'qualifierId': 152}, {'id': 5777228755, 'qualifierId': 140, 'value': '38.3'}, {'id': 5777228759, 'qualifierId': 212, 'value': '34.4'}, {'id': 5779511959, 'qualifierId': 189}, {'id': 5777228753, 'qualifierId': 56, 'value': 'Back'}, {'id': 5777228757, 'qualifierId': 141, 'value': '12.8'}, {'id': 5777228763, 'qualifierId': 1}, {'id': 5777228761, 'qualifierId': 213, 'value': '3.13'}, {'id': 5777228749, 'qualifierId': 5}]",95tl8tonvm6czhwzd6i5ep756,B. Olivieri,,,Houston Dash,Away
2823729239,50,1,1,6,54,c3v2ohfuzoqmc8ljm65hi80sj,1,37.3,12.9,2025-06-21T23:46:16.635Z,2025-06-21T23:46:17Z,"[{'id': 5777228803, 'qualifierId': 213, 'value': '5.99'}, {'id': 5777228795, 'qualifierId': 56, 'value': 'Right'}, {'id': 5777228799, 'qualifierId': 141, 'value': '4.9'}, {'id': 5777228801, 'qualifierId': 212, 'value': '18.8'}, {'id': 5777228797, 'qualifierId': 140, 'value': '54.4'}]",8co65x7tuvynuqvket8okb7xl,N. Jacobs,,,Houston Dash,Away
2823729263,51,1,1,6,55,c3v2ohfuzoqmc8ljm65hi80sj,1,54.4,4.9,2025-06-21T23:46:17.523Z,2025-06-21T23:46:19Z,"[{'id': 5777228945, 'qualifierId': 140, 'value': '40.1'}, {'id': 5777228949, 'qualifierId': 212, 'value': '17.1'}, {'id': 5777228947, 'qualifierId': 141, 'value': '17.0'}, {'id': 5777228943, 'qualifierId': 56, 'value': 'Back'}, {'id': 5777228951, 'qualifierId': 213, 'value': '2.64'}]",61ucpn8qxos0kwaw0gdpqubys,A. Patterson,,,Houston Dash,Away
2823729275,52,1,1,6,57,c3v2ohfuzoqmc8ljm65hi80sj,1,43.4,12.8,2025-06-21T23:46:19.516Z,2025-06-21T23:46:21Z,"[{'id': 5777229005, 'qualifierId': 56, 'value': 'Right'}, {'id': 5777229009, 'qualifierId': 141, 'value': '17.1'}, {'id': 5777229011, 'qualifierId': 212, 'value': '23.2'}, {'id': 5777229007, 'qualifierId': 140, 'value': '65.3'}, {'id': 5777229013, 'qualifierId': 213, 'value': '0.13'}]",8co65x7tuvynuqvket8okb7xl,N. Jacobs,,,Houston Dash,Away
2823729281,53,1,1,6,58,c3v2ohfuzoqmc8ljm65hi80sj,1,65.6,17.4,2025-06-21T23:46:21.019Z,2025-06-21T23:46:22Z,"[{'id': 5777229053, 'qualifierId': 140, 'value': '56.2'}, {'id': 5777229059, 'qualifierId': 213, 'value': '2.96'}, {'id': 5777229055, 'qualifierId': 141, 'value': '20.0'}, {'id': 5777229051, 'qualifierId': 56, 'value': 'Right'}, {'id': 5777229057, 'qualifierId': 212, 'value': '10.0'}, {'id': 5777229063, 'qualifierId': 156}]",95tl8tonvm6czhwzd6i5ep756,B. Olivieri,,,Houston Dash,Away
2823729307,54,1,1,7,1,c3v2ohfuzoqmc8ljm65hi80sj,0,56.8,20.3,2025-06-21T23:46:23.443Z,2025-06-21T23:46:24Z,"[{'id': 5777229167, 'qualifierId': 213, 'value': '0.05'}, {'id': 5777229161, 'qualifierId': 140, 'value': '73.2'}, {'id': 5777229165, 'qualifierId': 212, 'value': '17.2'}, {'id': 5777229163, 'qualifierId': 141, 'value': '21.6'}, {'id': 5777229157, 'qualifierId': 3}, {'id': 5777229159, 'qualifierId': 56, 'value': 'Center'}]",1c2boqmoi50esuelgdd96o06h,D. Colaprico,,,Houston Dash,Away
2823729305,66,49,1,7,1,b4fbmos00gxtk8qnaqsm392p5,1,30.4,77.6,2025-06-21T23:46:23.863Z,2025-06-21T23:46:23Z,[],cqpdeqi0psfadqsgejcvdqqne,M. Berkely,,,North Carolina Courage,Home
2823729311,67,1,1,7,2,b4fbmos00gxtk8qnaqsm392p5,1,30.6,76.3,2025-06-21T23:46:24.231Z,2025-06-21T23:46:25Z,"[{'id': 5777229201, 'qualifierId': 140, 'value': '43.4'}, {'id': 5777229205, 'qualifierId': 212, 'value': '19.1'}, {'id': 5777229203, 'qualifierId': 141, 'value': '56.3'}, {'id': 5777229207, 'qualifierId': 213, 'value': '5.49'}, {'id': 5777229199, 'qualifierId': 56, 'value': 'Back'}]",cqpdeqi0psfadqsgejcvdqqne,M. Berkely,,,North Carolina Courage,Home
2823729327,68,1,1,7,3,b4fbmos00gxtk8qnaqsm392p5,1,43.4,56.3,2025-06-21T23:46:25.231Z,2025-06-21T23:46:27Z,"[{'id': 5777229297, 'qualifierId': 213, 'value': '2.61'}, {'id': 5777229291, 'qualifierId': 140, 'value': '37.0'}, {'id': 5777229295, 'qualifierId': 212, 'value': '7.8'}, {'id': 5777229293, 'qualifierId': 141, 'value': '62.1'}, {'id': 5777229289, 'qualifierId': 56, 'value': 'Back'}]",7fk82cjz0z5vq2ts3vmz8has5,D. O'Sullivan,,,North Carolina Courage,Home
2823729349,69,1,1,7,5,b4fbmos00gxtk8qnaqsm392p5,1,37.0,62.1,2025-06-21T23:46:27.432Z,2025-06-21T23:46:30Z,"[{'id': 5777229427, 'qualifierId': 212, 'value': '43.2'}, {'id': 5777229419, 'qualifierId': 155}, {'id': 5777229429, 'qualifierId': 213, 'value': '5.34'}, {'id': 5777229421, 'qualifierId': 56, 'value': 'Right'}, {'id': 5777229425, 'qualifierId': 141, 'value': '10.9'}, {'id': 5777229423, 'qualifierId': 140, 'value': '61.3'}, {'id': 5777229431, 'qualifierId': 1}]",bxj6bpjfxkumj112yoco9wahg,R. Jackson,,,North Carolina Courage,Home
2823729373,70,1,1,7,8,b4fbmos00gxtk8qnaqsm392p5,1,61.6,10.7,2025-06-21T23:46:30.880Z,2025-06-21T23:46:34Z,"[{'id': 5777229577, 'qualifierId': 141, 'value': '25.3'}, {'id': 5777229581, 'qualifierId': 213, 'value': '1.70'}, {'id': 5777229579, 'qualifierId': 212, 'value': '10.0'}, {'id': 5777229575, 'qualifierId': 140, 'value': '60.4'}, {'id': 5777229573, 'qualifierId': 56, 'value': 'Center'}]",1x229gvjahkxp7w02bh0v36ga,R. Williams,,,North Carolina Courage,Home
2823729391,71,1,1,7,11,b4fbmos00gxtk8qnaqsm392p5,1,62.8,25.5,2025-06-21T23:46:33.999Z,2025-06-21T23:46:35Z,"[{'id': 5777229663, 'qualifierId': 56, 'value': 'Center'}, {'id': 5777229671, 'qualifierId': 213, 'value': '2.46'}, {'id': 5777229669, 'qualifierId': 212, 'value': '7.6'}, {'id': 5777229667, 'qualifierId': 141, 'value': '32.5'}, {'id': 5777229665, 'qualifierId': 140, 'value': '57.2'}]",7fk82cjz0z5vq2ts3vmz8has5,D. O'Sullivan,,,North Carolina Courage,Home
2823729431,72,1,1,7,13,b4fbmos00gxtk8qnaqsm392p5,1,57.5,32.8,2025-06-21T23:46:35.704Z,2025-06-21T23:46:39Z,"[{'id': 5777229903, 'qualifierId': 140, 'value': '53.3'}, {'id': 5777229901, 'qualifierId': 56, 'value': 'Center'}, {'id': 5777229905, 'qualifierId': 141, 'value': '51.9'}, {'id': 5777229909, 'qualifierId': 213, 'value': '1.90'}, {'id': 5777229907, 'qualifierId': 212, 'value': '13.7'}]",bxj6bpjfxkumj112yoco9wahg,R. Jackson,,,North Carolina Courage,Home
2823729453,73,1,1,7,17,b4fbmos00gxtk8qnaqsm392p5,1,57.6,56.1,2025-06-21T23:46:39.263Z,2025-06-21T23:46:42Z,"[{'id': 5777229999, 'qualifierId': 56, 'value': 'Center'}, {'id': 5777230005, 'qualifierId': 212, 'value': '9.6'}, {'id': 5777230001, 'qualifierId': 140, 'value': '59.6'}, {'id': 5777230003, 'qualifierId': 141, 'value': '69.9'}, {'id': 5777230007, 'qualifierId': 213, 'value': '1.35'}]",1p3bwk03ay87hp2nwrl3tfxwq,K. Kurtz,,,North Carolina Courage,Home
2823729485,74,1,1,7,20,b4fbmos00gxtk8qnaqsm392p5,1,61.8,67.2,2025-06-21T23:46:42.296Z,2025-06-21T23:46:45Z,"[{'id': 5777230149, 'qualifierId': 141, 'value': '51.9'}, {'id': 5777230147, 'qualifierId': 140, 'value': '53.5'}, {'id': 5777230145, 'qualifierId': 56, 'value': 'Center'}, {'id': 5777230153, 'qualifierId': 213, 'value': '4.02'}, {'id': 5777230151, 'qualifierId': 212, 'value': '13.6'}]",cqpdeqi0psfadqsgejcvdqqne,M. Berkely,,,North Carolina Courage,Home
2823729533,75,1,1,7,23,b4fbmos00gxtk8qnaqsm392p5,1,52.8,43.4,2025-06-21T23:46:45.415Z,2025-06-21T23:46:49Z,"[{'id': 5777230407, 'qualifierId': 212, 'value': '48.8'}, {'id': 5777230401, 'qualifierId': 56, 'value': 'Right'}, {'id': 5777230405, 'qualifierId': 141, 'value': '3.5'}, {'id': 5777230409, 'qualifierId': 213, 'value': '5.69'}, {'id': 5777230411, 'qualifierId': 1}, {'id': 5777230399, 'qualifierId': 155}, {'id': 5777230403, 'qualifierId': 140, 'value': '91.4'}]",1p3bwk03ay87hp2nwrl3tfxwq,K. Kurtz,,,North Carolina Courage,Home
2823729559,76,1,1,7,27,b4fbmos00gxtk8qnaqsm392p5,0,98.7,7.6,2025-06-21T23:46:49.495Z,2025-06-24T11:21:05Z,"[{'id': 5779511975, 'qualifierId': 20}, {'id': 5779511973, 'qualifierId': 224}, {'id': 5777230607, 'qualifierId': 2}, {'id': 5777230617, 'qualifierId': 212, 'value': '27.0'}, {'id': 5777230613, 'qualifierId': 140, 'value': '92.9'}, {'id': 5777230615, 'qualifierId': 141, 'value': '46.3'}, {'id': 5777230611, 'qualifierId': 56, 'value': 'Center'}, {'id': 5777230609, 'qualifierId': 155}, {'id': 5777230619, 'qualifierId': 213, 'value': '1.80'}]",1x229gvjahkxp7w02bh0v36ga,R. Williams,,,North Carolina Courage,Home
2823729583,55,12,1,7,29,c3v2ohfuzoqmc8ljm65hi80sj,1,8.3,48.2,2025-06-21T23:46:51.635Z,2025-06-21T23:46:56Z,"[{'id': 5777230737, 'qualifierId': 15}, {'id': 5777230735, 'qualifierId': 213, 'value': '0.83'}, {'id': 5777230731, 'qualifierId': 141, 'value': '79.4'}, {'id': 5777230729, 'qualifierId': 140, 'value': '26.9'}, {'id': 5777230727, 'qualifierId': 56, 'value': 'Back'}, {'id': 5777230733, 'qualifierId': 212, 'value': '28.8'}]",8co65x7tuvynuqvket8okb7xl,N. Jacobs,,,Houston Dash,Away
2823729609,56,1,1,7,34,c3v2ohfuzoqmc8ljm65hi80sj,0,25.4,93.8,2025-06-21T23:46:56.647Z,2025-06-21T23:46:58Z,"[{'id': 5777230867, 'qualifierId': 212, 'value': '5.7'}, {'id': 5777230875, 'qualifierId': 236}, {'id': 5777230863, 'qualifierId': 140, 'value': '30.8'}, {'id': 5777230881, 'qualifierId': 286}, {'id': 5777230861, 'qualifierId': 56, 'value': 'Back'}, {'id': 5777230877, 'qualifierId': 233, 'value': '77'}, {'id': 5777230865, 'qualifierId': 141, 'value': '93.5'}, {'id': 5777230869, 'qualifierId': 213, 'value': '6.25'}]",270qzf9ig52z04iu3ujnmstg4,R. Gareis,,,Houston Dash,Away
2823729597,77,74,1,7,34,b4fbmos00gxtk8qnaqsm392p5,1,73.9,2.8,2025-06-21T23:46:56.648Z,2025-06-21T23:47:00Z,"[{'id': 5777230921, 'qualifierId': 233, 'value': '56'}, {'id': 5777230799, 'qualifierId': 56, 'value': 'Right'}, {'id': 5777230801, 'qualifierId': 285}]",cbco4ht0d7uk1thgam6vc0ep6,M. Bell,,,North Carolina Courage,Home
2823729727,57,5,1,7,35,c3v2ohfuzoqmc8ljm65hi80sj,1,25.5,101.6,2025-06-21T23:46:57.871Z,2025-06-22T01:53:58Z,"[{'id': 5777231531, 'qualifierId': 233, 'value': '78'}, {'id': 5777231521, 'qualifierId': 347}, {'id': 5777231519, 'qualifierId': 56, 'value': 'Back'}]",270qzf9ig52z04iu3ujnmstg4,R. Gareis,,,Houston Dash,Away
2823729617,78,5,1,7,35,b4fbmos00gxtk8qnaqsm392p5,0,74.5,-1.6,2025-06-21T23:46:57.871Z,2025-06-22T01:53:58Z,"[{'id': 5777230923, 'qualifierId': 56, 'value': 'Right'}, {'id': 5777231561, 'qualifierId': 233, 'value': '57'}, {'id': 5777230925, 'qualifierId': 347}]",bxj6bpjfxkumj112yoco9wahg,R. Jackson,,,North Carolina Courage,Home
2823729757,58,1,1,7,50,c3v2ohfuzoqmc8ljm65hi80sj,1,25.6,100.0,2025-06-21T23:47:12.243Z,2025-06-21T23:47:14Z,"[{'id': 5777231631, 'qualifierId': 56, 'value': 'Left'}, {'id': 5777231635, 'qualifierId': 140, 'value': '59.2'}, {'id': 5777231639, 'qualifierId': 141, 'value': '94.4'}, {'id': 5777231651, 'qualifierId': 1}, {'id': 5777231647, 'qualifierId': 213, 'value': '6.14'}, {'id': 5777231675, 'qualifierId': 189}, {'id': 5777231629, 'qualifierId': 107}, {'id': 5777231643, 'qualifierId': 212, 'value': '35.6'}]",n4egj8ymfled94mco0lwa95,C. Westphal,,,Houston Dash,Away
2823729789,59,2,1,7,53,c3v2ohfuzoqmc8ljm65hi80sj,1,60.8,92.1,2025-06-21T23:47:15.715Z,2025-06-21T23:47:19Z,"[{'id': 5777231819, 'qualifierId': 140, 'value': '73.8'}, {'id': 5777231821, 'qualifierId': 141, 'value': '68.1'}, {'id': 5777231889, 'qualifierId': 56, 'value': 'Center'}, {'id': 5777231887, 'qualifierId': 7, 'value': '1xgse8t4dm0decmpzebsphvfu'}]",270qzf9ig52z04iu3ujnmstg4,R. Gareis,,,Houston Dash,Away
2823729795,79,55,1,7,53,b4fbmos00gxtk8qnaqsm392p5,1,32.4,36.0,2025-06-21T23:47:15.716Z,2025-06-22T01:36:01Z,[],1p3bwk03ay87hp2nwrl3tfxwq,K. Kurtz,,,North Carolina Courage,Home
2823730025,80,1,1,8,22,b4fbmos00gxtk8qnaqsm392p5,1,29.1,34.2,2025-06-21T23:47:44.935Z,2025-06-21T23:47:53Z,"[{'id': 5777233197, 'qualifierId': 212, 'value': '22.9'}, {'id': 5777233187, 'qualifierId': 5}, {'id': 5777233191, 'qualifierId': 56, 'value': 'Back'}, {'id': 5777233515, 'qualifierId': 189}, {'id': 5777233195, 'qualifierId': 141, 'value': '51.0'}, {'id': 5777233199, 'qualifierId': 213, 'value': '2.62'}, {'id': 5777233193, 'qualifierId': 140, 'value': '10.2'}, {'id': 5777233189, 'qualifierId': 241}]",1p3bwk03ay87hp2nwrl3tfxwq,K. Kurtz,,,North Carolina Courage,Home
2823730047,81,1,1,8,25,b4fbmos00gxtk8qnaqsm392p5,1,12.1,54.2,2025-06-21T23:47:47.287Z,2025-06-21T23:47:49Z,"[{'id': 5777233331, 'qualifierId': 212, 'value': '18.5'}, {'id': 5777233329, 'qualifierId': 141, 'value': '75.9'}, {'id': 5777233327, 'qualifierId': 140, 'value': '22.7'}, {'id': 5777233333, 'qualifierId': 213, 'value': '0.92'}, {'id': 5777233325, 'qualifierId': 56, 'value': 'Back'}]",3qj9t05behkav9okd8n2wywh5,C. Murphy,,,North Carolina Courage,Home
2823730053,82,1,1,8,27,b4fbmos00gxtk8qnaqsm392p5,0,32.8,75.7,2025-06-21T23:47:49.615Z,2025-06-21T23:47:50Z,"[{'id': 5777233365, 'qualifierId': 141, 'value': '100.0'}, {'id': 5777233361, 'qualifierId': 56, 'value': 'Back'}, {'id': 5777233367, 'qualifierId': 212, 'value': '22.0'}, {'id': 5777233369, 'qualifierId': 213, 'value': '0.93'}, {'id': 5777233363, 'qualifierId': 140, 'value': '45.3'}]",cqpdeqi0psfadqsgejcvdqqne,M. Berkely,,,North Carolina Courage,Home
2823730227,60,5,1,8,28,c3v2ohfuzoqmc8ljm65hi80sj,1,52.8,-1.8,2025-06-21T23:47:50.551Z,2025-06-22T01:53:59Z,"[{'id': 5777234393, 'qualifierId': 233, 'value': '83'}, {'id': 5777234367, 'qualifierId': 56, 'value': 'Right'}, {'id': 5777234369, 'qualifierId': 347}]",1xgse8t4dm0decmpzebsphvfu,Y. Ryan,,,Houston Dash,Away
2823730055,83,5,1,8,28,b4fbmos00gxtk8qnaqsm392p5,0,47.2,101.8,2025-06-21T23:47:50.551Z,2025-06-22T01:53:59Z,"[{'id': 5777233375, 'qualifierId': 56, 'value': 'Back'}, {'id': 5777234411, 'qualifierId': 233, 'value': '60'}, {'id': 5777233377, 'qualifierId': 347}]",cqpdeqi0psfadqsgejcvdqqne,M. Berkely,,,North Carolina Courage,Home
2823730255,61,1,1,8,47,c3v2ohfuzoqmc8ljm65hi80sj,1,50.8,0.0,2025-06-21T23:48:09.228Z,2025-06-21T23:48:11Z,"[{'id': 5777234507, 'qualifierId': 140, 'value': '64.1'}, {'id': 5777234511, 'qualifierId': 212, 'value': '15.7'}, {'id': 5777234509, 'qualifierId': 141, 'value': '8.9'}, {'id': 5777234505, 'qualifierId': 56, 'value': 'Right'}, {'id': 5777234513, 'qualifierId': 213, 'value': '0.47'}, {'id': 5777234503, 'qualifierId': 107}]",61ucpn8qxos0kwaw0gdpqubys,A. Patterson,,,Houston Dash,Away
2823730267,62,1,1,8,48,c3v2ohfuzoqmc8ljm65hi80sj,1,70.0,6.8,2025-06-21T23:48:10.955Z,2025-06-21T23:48:12Z,"[{'id': 5777234601, 'qualifierId': 213, 'value': '3.18'}, {'id': 5777234593, 'qualifierId': 56, 'value': 'Right'}, {'id': 5777234597, 'qualifierId': 141, 'value': '5.8'}, {'id': 5777234599, 'qualifierId': 212, 'value': '18.6'}, {'id': 5777234595, 'qualifierId': 140, 'value': '52.3'}]",95tl8tonvm6czhwzd6i5ep756,B. Olivieri,,,Houston Dash,Away
2823730313,63,1,1,8,50,c3v2ohfuzoqmc8ljm65hi80sj,1,53.4,5.6,2025-06-21T23:48:12.859Z,2025-06-21T23:48:17Z,"[{'id': 5777234817, 'qualifierId': 1}, {'id': 5777234807, 'qualifierId': 56, 'value': 'Back'}, {'id': 5777234813, 'qualifierId': 212, 'value': '42.9'}, {'id': 5777234815, 'qualifierId': 213, 'value': '2.04'}, {'id': 5777234809, 'qualifierId': 140, 'value': '35.1'}, {'id': 5777234811, 'qualifierId': 141, 'value': '62.0'}]",61ucpn8qxos0kwaw0gdpqubys,A. Patterson,,,Houston Dash,Away
2823730377,64,1,1,8,54,c3v2ohfuzoqmc8ljm65hi80sj,1,36.8,59.6,2025-06-21T23:48:16.987Z,2025-06-21T23:48:23Z,"[{'id': 5777235139, 'qualifierId': 213, 'value': '0.35'}, {'id': 5777235137, 'qualifierId': 212, 'value': '25.1'}, {'id': 5777235135, 'qualifierId': 141, 'value': '72.3'}, {'id': 5777235131, 'qualifierId': 56, 'value': 'Center'}, {'id': 5777235133, 'qualifierId': 140, 'value': '59.2'}]",8ruvr2jnsfdub02rdh8q88s89,P. Nielsen,,,Houston Dash,Away
2823730401,65,1,1,9,1,c3v2ohfuzoqmc8ljm65hi80sj,1,57.9,87.5,2025-06-21T23:48:23.539Z,2025-06-21T23:48:25Z,"[{'id': 5777235273, 'qualifierId': 140, 'value': '32.5'}, {'id': 5777235277, 'qualifierId': 212, 'value': '27.2'}, {'id': 5777235279, 'qualifierId': 213, 'value': '3.34'}, {'id': 5777235275, 'qualifierId': 141, 'value': '79.7'}, {'id': 5777235271, 'qualifierId': 56, 'value': 'Back'}]",n4egj8ymfled94mco0lwa95,C. Westphal,,,Houston Dash,Away
2823730425,66,1,1,9,3,c3v2ohfuzoqmc8ljm65hi80sj,1,33.8,80.5,2025-06-21T23:48:25.883Z,2025-06-21T23:48:29Z,"[{'id': 5777235397, 'qualifierId': 213, 'value': '3.92'}, {'id': 5777235393, 'qualifierId': 141, 'value': '56.7'}, {'id': 5777235389, 'qualifierId': 56, 'value': 'Back'}, {'id': 5777235391, 'qualifierId': 140, 'value': '18.2'}, {'id': 5777235395, 'qualifierId': 212, 'value': '23.0'}]",8ruvr2jnsfdub02rdh8q88s89,P. Nielsen,,,Houston Dash,Away
2823730439,67,1,1,9,7,c3v2ohfuzoqmc8ljm65hi80sj,1,17.1,53.1,2025-06-21T23:48:29.595Z,2025-06-21T23:48:32Z,"[{'id': 5777235495, 'qualifierId': 56, 'value': 'Back'}, {'id': 5777235497, 'qualifierId': 140, 'value': '24.2'}, {'id': 5777235499, 'qualifierId': 141, 'value': '27.1'}, {'id': 5777235503, 'qualifierId': 213, 'value': '5.11'}, {'id': 5777235501, 'qualifierId': 212, 'value': '19.2'}]",53uflfknc5uus7iqw3obp5fx1,J. Campbell,,,Houston Dash,Away
2823730467,68,1,1,9,10,c3v2ohfuzoqmc8ljm65hi80sj,1,26.3,21.8,2025-06-21T23:48:32.722Z,2025-06-21T23:48:35Z,"[{'id': 5777235681, 'qualifierId': 140, 'value': '29.5'}, {'id': 5777235685, 'qualifierId': 212, 'value': '18.2'}, {'id': 5777235683, 'qualifierId': 141, 'value': '48.1'}, {'id': 5777235687, 'qualifierId': 213, 'value': '1.39'}, {'id': 5777235679, 'qualifierId': 56, 'value': 'Back'}]",8co65x7tuvynuqvket8okb7xl,N. Jacobs,,,Houston Dash,Away
2823730495,69,1,1,9,13,c3v2ohfuzoqmc8ljm65hi80sj,1,31.2,47.9,2025-06-21T23:48:35.779Z,2025-06-21T23:48:38Z,"[{'id': 5777235817, 'qualifierId': 213, 'value': '1.21'}, {'id': 5777235813, 'qualifierId': 141, 'value': '70.9'}, {'id': 5777235809, 'qualifierId': 56, 'value': 'Back'}, {'id': 5777235811, 'qualifierId': 140, 'value': '36.9'}, {'id': 5777235815, 'qualifierId': 212, 'value': '16.7'}]",8ruvr2jnsfdub02rdh8q88s89,P. Nielsen,,,Houston Dash,Away
2823730531,70,1,1,9,16,c3v2ohfuzoqmc8ljm65hi80sj,1,37.7,70.6,2025-06-21T23:48:38.091Z,2025-06-21T23:48:42Z,"[{'id': 5777235919, 'qualifierId': 141, 'value': '51.9'}, {'id': 5777235915, 'qualifierId': 56, 'value': 'Back'}, {'id': 5777235917, 'qualifierId': 140, 'value': '29.4'}, {'id': 5777235921, 'qualifierId': 212, 'value': '15.4'}, {'id': 5777235923, 'qualifierId': 213, 'value': '4.11'}]",n4egj8ymfled94mco0lwa95,C. Westphal,,,Houston Dash,Away
2823730545,71,1,1,9,19,c3v2ohfuzoqmc8ljm65hi80sj,1,28.7,53.7,2025-06-21T23:48:42.026Z,2025-06-21T23:48:43Z,"[{'id': 5777236001, 'qualifierId': 141, 'value': '41.9'}, {'id': 5777236005, 'qualifierId': 213, 'value': '5.37'}, {'id': 5777236003, 'qualifierId': 212, 'value': '10.1'}, {'id': 5777235999, 'qualifierId': 140, 'value': '34.6'}, {'id': 5777235997, 'qualifierId': 56, 'value': 'Back'}]",8ruvr2jnsfdub02rdh8q88s89,P. Nielsen,,,Houston Dash,Away
2823730561,72,1,1,9,21,c3v2ohfuzoqmc8ljm65hi80sj,1,34.7,42.1,2025-06-21T23:48:43.179Z,2025-06-21T23:48:45Z,"[{'id': 5777236085, 'qualifierId': 213, 'value': '2.09'}, {'id': 5777236081, 'qualifierId': 141, 'value': '53.4'}, {'id': 5777236083, 'qualifierId': 212, 'value': '8.9'}, {'id': 5777236079, 'qualifierId': 140, 'value': '30.5'}, {'id': 5777236077, 'qualifierId': 56, 'value': 'Back'}]",1c2boqmoi50esuelgdd96o06h,D. Colaprico,,,Houston Dash,Away
2823730591,73,1,1,9,23,c3v2ohfuzoqmc8ljm65hi80sj,1,30.6,54.6,2025-06-21T23:48:45.198Z,2025-06-21T23:48:47Z,"[{'id': 5777236203, 'qualifierId': 56, 'value': 'Back'}, {'id': 5777236211, 'qualifierId': 213, 'value': '5.46'}, {'id': 5777236209, 'qualifierId': 212, 'value': '9.7'}, {'id': 5777236207, 'qualifierId': 141, 'value': '44.2'}, {'id': 5777236205, 'qualifierId': 140, 'value': '36.9'}]",8ruvr2jnsfdub02rdh8q88s89,P. Nielsen,,,Houston Dash,Away
2823730605,74,1,1,9,25,c3v2ohfuzoqmc8ljm65hi80sj,1,37.0,55.5,2025-06-21T23:48:47.803Z,2025-06-21T23:48:49Z,"[{'id': 5777236293, 'qualifierId': 212, 'value': '14.0'}, {'id': 5777236287, 'qualifierId': 56, 'value': 'Back'}, {'id': 5777236289, 'qualifierId': 140, 'value': '37.4'}, {'id': 5777236295, 'qualifierId': 213, 'value': '1.54'}, {'id': 5777236291, 'qualifierId': 141, 'value': '76.1'}]",1c2boqmoi50esuelgdd96o06h,D. Colaprico,,,Houston Dash,Away
2823730637,75,1,1,9,27,c3v2ohfuzoqmc8ljm65hi80sj,1,36.5,77.2,2025-06-21T23:48:49.083Z,2025-06-21T23:48:52Z,"[{'id': 5777236459, 'qualifierId': 212, 'value': '12.2'}, {'id': 5777236455, 'qualifierId': 140, 'value': '41.1'}, {'id': 5777236453, 'qualifierId': 56, 'value': 'Back'}, {'id': 5777236457, 'qualifierId': 141, 'value': '93.6'}, {'id': 5777236461, 'qualifierId': 213, 'value': '1.16'}]",n4egj8ymfled94mco0lwa95,C. Westphal,,,Houston Dash,Away
2823730663,76,1,1,9,30,c3v2ohfuzoqmc8ljm65hi80sj,1,41.0,93.8,2025-06-21T23:48:52.707Z,2025-06-21T23:48:55Z,"[{'id': 5777236597, 'qualifierId': 213, 'value': '3.62'}, {'id': 5777236591, 'qualifierId': 140, 'value': '26.9'}, {'id': 5777236595, 'qualifierId': 212, 'value': '16.6'}, {'id': 5777236589, 'qualifierId': 56, 'value': 'Back'}, {'id': 5777236593, 'qualifierId': 141, 'value': '82.6'}]",270qzf9ig52z04iu3ujnmstg4,R. Gareis,,,Houston Dash,Away
2823730669,77,1,1,9,33,c3v2ohfuzoqmc8ljm65hi80sj,1,26.6,82.1,2025-06-21T23:48:55.572Z,2025-06-21T23:48:56Z,"[{'id': 5777236633, 'qualifierId': 140, 'value': '17.1'}, {'id': 5777236637, 'qualifierId': 212, 'value': '13.9'}, {'id': 5777236639, 'qualifierId': 213, 'value': '3.91'}, {'id': 5777236631, 'qualifierId': 56, 'value': 'Back'}, {'id': 5777236635, 'qualifierId': 141, 'value': '67.9'}]",n4egj8ymfled94mco0lwa95,C. Westphal,,,Houston Dash,Away
2823730681,78,1,1,9,34,c3v2ohfuzoqmc8ljm65hi80sj,1,17.1,67.9,2025-06-21T23:48:56.699Z,2025-06-21T23:48:57Z,"[{'id': 5777236681, 'qualifierId': 141, 'value': '45.7'}, {'id': 5777236685, 'qualifierId': 213, 'value': '4.08'}, {'id': 5777236677, 'qualifierId': 56, 'value': 'Back'}, {'id': 5777236683, 'qualifierId': 212, 'value': '18.7'}, {'id': 5777236679, 'qualifierId': 140, 'value': '6.6'}]",8ruvr2jnsfdub02rdh8q88s89,P. Nielsen,,,Houston Dash,Away
2823730729,79,1,1,9,35,c3v2ohfuzoqmc8ljm65hi80sj,1,6.6,45.7,2025-06-21T23:48:57.876Z,2025-06-21T23:49:01Z,"[{'id': 5777236945, 'qualifierId': 140, 'value': '13.5'}, {'id': 5777236949, 'qualifierId': 212, 'value': '16.4'}, {'id': 5777236947, 'qualifierId': 141, 'value': '24.0'}, {'id': 5777236951, 'qualifierId': 213, 'value': '5.17'}, {'id': 5777236943, 'qualifierId': 56, 'value': 'Back'}]",53uflfknc5uus7iqw3obp5fx1,J. Campbell,,,Houston Dash,Away
2823730759,80,1,1,9,39,c3v2ohfuzoqmc8ljm65hi80sj,1,21.9,17.7,2025-06-21T23:49:01.779Z,2025-06-21T23:49:05Z,"[{'id': 5777237129, 'qualifierId': 212, 'value': '17.9'}, {'id': 5777237125, 'qualifierId': 140, 'value': '38.8'}, {'id': 5777237131, 'qualifierId': 213, 'value': '0.11'}, {'id': 5777237123, 'qualifierId': 56, 'value': 'Back'}, {'id': 5777237127, 'qualifierId': 141, 'value': '20.7'}]",8co65x7tuvynuqvket8okb7xl,N. Jacobs,,,Houston Dash,Away
2823730769,81,1,1,9,43,c3v2ohfuzoqmc8ljm65hi80sj,0,38.5,21.0,2025-06-21T23:49:05.563Z,2025-06-21T23:49:07Z,"[{'id': 5777237175, 'qualifierId': 56, 'value': 'Back'}, {'id': 5777237179, 'qualifierId': 141, 'value': '22.2'}, {'id': 5777237183, 'qualifierId': 213, 'value': '3.02'}, {'id': 5777237177, 'qualifierId': 140, 'value': '31.9'}, {'id': 5777237185, 'qualifierId': 156}, {'id': 5777237181, 'qualifierId': 212, 'value': '7.0'}]",1xgse8t4dm0decmpzebsphvfu,Y. Ryan,,,Houston Dash,Away
2823730765,84,50,1,9,44,b4fbmos00gxtk8qnaqsm392p5,1,62.3,79.9,2025-06-21T23:49:06.222Z,2025-06-24T15:07:24Z,"[{'id': 5779512015, 'qualifierId': 286}, {'id': 5779536161, 'qualifierId': 233, 'value': '773'}, {'id': 5777237159, 'qualifierId': 56, 'value': 'Left'}]",8afwde4025w5wxddyf2ouoine,S. Koyama,,,North Carolina Courage,Home
2824135337,773,7,1,9,44,c3v2ohfuzoqmc8ljm65hi80sj,1,37.7,20.1,2025-06-21T23:49:06.223Z,2025-06-24T15:07:24Z,"[{'id': 5779512019, 'qualifierId': 285}, {'id': 5779512023, 'qualifierId': 178}, {'id': 5779512017, 'qualifierId': 56, 'value': 'Back'}, {'id': 5779536157, 'qualifierId': 233, 'value': '84'}, {'id': 5779512021, 'qualifierId': 383}]",1xgse8t4dm0decmpzebsphvfu,Y. Ryan,,,Houston Dash,Away
2823730799,82,1,1,9,46,c3v2ohfuzoqmc8ljm65hi80sj,1,31.5,18.9,2025-06-21T23:49:08.955Z,2025-06-21T23:49:09Z,"[{'id': 5777237331, 'qualifierId': 140, 'value': '24.4'}, {'id': 5777237335, 'qualifierId': 212, 'value': '9.3'}, {'id': 5777237329, 'qualifierId': 56, 'value': 'Back'}, {'id': 5777237333, 'qualifierId': 141, 'value': '10.7'}, {'id': 5777237337, 'qualifierId': 213, 'value': '3.78'}]",6089nfwh31ha73pl7vlla75cl,S. Puntigam,,,Houston Dash,Away
2823730811,83,1,1,9,47,c3v2ohfuzoqmc8ljm65hi80sj,1,24.4,10.7,2025-06-21T23:49:09.875Z,2025-06-21T23:49:10Z,"[{'id': 5777237407, 'qualifierId': 212, 'value': '8.1'}, {'id': 5777237405, 'qualifierId': 141, 'value': '18.3'}, {'id': 5777237401, 'qualifierId': 56, 'value': 'Back'}, {'id': 5777237409, 'qualifierId': 213, 'value': '2.45'}, {'id': 5777237403, 'qualifierId': 140, 'value': '18.4'}]",61ucpn8qxos0kwaw0gdpqubys,A. Patterson,,,Houston Dash,Away
2823730829,84,1,1,9,48,c3v2ohfuzoqmc8ljm65hi80sj,1,18.4,18.9,2025-06-21T23:49:10.875Z,2025-06-21T23:49:13Z,"[{'id': 5777237493, 'qualifierId': 140, 'value': '7.7'}, {'id': 5777237495, 'qualifierId': 141, 'value': '47.3'}, {'id': 5777237491, 'qualifierId': 56, 'value': 'Back'}, {'id': 5777237499, 'qualifierId': 213, 'value': '2.10'}, {'id': 5777237497, 'qualifierId': 212, 'value': '22.3'}]",8co65x7tuvynuqvket8okb7xl,N. Jacobs,,,Houston Dash,Away
2823730847,85,1,1,9,51,c3v2ohfuzoqmc8ljm65hi80sj,1,7.4,47.8,2025-06-21T23:49:13.235Z,2025-06-21T23:49:15Z,"[{'id': 5777237633, 'qualifierId': 140, 'value': '14.7'}, {'id': 5777237635, 'qualifierId': 141, 'value': '59.6'}, {'id': 5777237631, 'qualifierId': 56, 'value': 'Back'}, {'id': 5777237639, 'qualifierId': 213, 'value': '0.81'}, {'id': 5777237637, 'qualifierId': 212, 'value': '11.1'}]",53uflfknc5uus7iqw3obp5fx1,J. Campbell,,,Houston Dash,Away
2823730879,86,1,1,9,53,c3v2ohfuzoqmc8ljm65hi80sj,1,19.5,56.4,2025-06-21T23:49:15.651Z,2025-06-21T23:49:20Z,"[{'id': 5777237839, 'qualifierId': 213, 'value': '1.01'}, {'id': 5777237837, 'qualifierId': 212, 'value': '15.8'}, {'id': 5777237831, 'qualifierId': 56, 'value': 'Back'}, {'id': 5777237835, 'qualifierId': 141, 'value': '76.1'}, {'id': 5777237833, 'qualifierId': 140, 'value': '27.5'}]",8ruvr2jnsfdub02rdh8q88s89,P. Nielsen,,,Houston Dash,Away
2823730919,87,1,1,9,58,c3v2ohfuzoqmc8ljm65hi80sj,1,28.4,75.9,2025-06-21T23:49:20.115Z,2025-06-21T23:49:24Z,"[{'id': 5777238059, 'qualifierId': 212, 'value': '13.0'}, {'id': 5777238055, 'qualifierId': 140, 'value': '19.3'}, {'id': 5777238053, 'qualifierId': 56, 'value': 'Back'}, {'id': 5777238057, 'qualifierId': 141, 'value': '62.9'}, {'id': 5777238061, 'qualifierId': 213, 'value': '3.89'}]",n4egj8ymfled94mco0lwa95,C. Westphal,,,Houston Dash,Away
2823730947,88,1,1,10,1,c3v2ohfuzoqmc8ljm65hi80sj,1,19.3,62.4,2025-06-21T23:49:24.050Z,2025-06-21T23:49:27Z,"[{'id': 5777238231, 'qualifierId': 141, 'value': '47.0'}, {'id': 5777238235, 'qualifierId': 213, 'value': '4.01'}, {'id': 5777238233, 'qualifierId': 212, 'value': '13.7'}, {'id': 5777238227, 'qualifierId': 56, 'value': 'Back'}, {'id': 5777238229, 'qualifierId': 140, 'value': '10.9'}]",8ruvr2jnsfdub02rdh8q88s89,P. Nielsen,,,Houston Dash,Away
2823730965,89,1,1,10,5,c3v2ohfuzoqmc8ljm65hi80sj,1,17.4,45.7,2025-06-21T23:49:27.388Z,2025-06-21T23:49:31Z,"[{'id': 5777238347, 'qualifierId': 213, 'value': '0.94'}, {'id': 5777238339, 'qualifierId': 56, 'value': 'Back'}, {'id': 5777238341, 'qualifierId': 140, 'value': '23.5'}, {'id': 5777238345, 'qualifierId': 212, 'value': '10.8'}, {'id': 5777238343, 'qualifierId': 141, 'value': '58.5'}]",53uflfknc5uus7iqw3obp5fx1,J. Campbell,,,Houston Dash,Away
2823730971,90,1,1,10,8,c3v2ohfuzoqmc8ljm65hi80sj,1,23.8,57.0,2025-06-21T23:49:30.971Z,2025-06-21T23:49:31Z,"[{'id': 5777238367, 'qualifierId': 56, 'value': 'Back'}, {'id': 5777238371, 'qualifierId': 141, 'value': '48.5'}, {'id': 5777238369, 'qualifierId': 140, 'value': '28.3'}, {'id': 5777238375, 'qualifierId': 213, 'value': '5.40'}, {'id': 5777238373, 'qualifierId': 212, 'value': '7.5'}]",8ruvr2jnsfdub02rdh8q88s89,P. Nielsen,,,Houston Dash,Away
2823730979,91,1,1,10,9,c3v2ohfuzoqmc8ljm65hi80sj,1,28.3,48.5,2025-06-21T23:49:31.859Z,2025-06-21T23:49:33Z,"[{'id': 5777238419, 'qualifierId': 140, 'value': '23.1'}, {'id': 5777238417, 'qualifierId': 56, 'value': 'Back'}, {'id': 5777238421, 'qualifierId': 141, 'value': '62.3'}, {'id': 5777238425, 'qualifierId': 213, 'value': '2.10'}, {'id': 5777238435, 'qualifierId': 156}, {'id': 5777238423, 'qualifierId': 212, 'value': '10.9'}]",6089nfwh31ha73pl7vlla75cl,S. Puntigam,,,Houston Dash,Away
2823730999,92,1,1,10,12,c3v2ohfuzoqmc8ljm65hi80sj,1,23.1,62.3,2025-06-21T23:49:34.066Z,2025-06-21T23:49:36Z,"[{'id': 5777238547, 'qualifierId': 212, 'value': '9.4'}, {'id': 5777238541, 'qualifierId': 56, 'value': 'Back'}, {'id': 5777238545, 'qualifierId': 141, 'value': '74.5'}, {'id': 5777238549, 'qualifierId': 213, 'value': '1.08'}, {'id': 5777238543, 'qualifierId': 140, 'value': '27.3'}]",8ruvr2jnsfdub02rdh8q88s89,P. Nielsen,,,Houston Dash,Away
2823731021,93,1,1,10,14,c3v2ohfuzoqmc8ljm65hi80sj,1,28.7,73.6,2025-06-21T23:49:36.379Z,2025-06-21T23:49:38Z,"[{'id': 5777238669, 'qualifierId': 140, 'value': '20.0'}, {'id': 5777238671, 'qualifierId': 141, 'value': '61.4'}, {'id': 5777238667, 'qualifierId': 56, 'value': 'Back'}, {'id': 5777238675, 'qualifierId': 213, 'value': '3.88'}, {'id': 5777238673, 'qualifierId': 212, 'value': '12.3'}]",n4egj8ymfled94mco0lwa95,C. Westphal,,,Houston Dash,Away
2823731059,94,1,1,10,16,c3v2ohfuzoqmc8ljm65hi80sj,1,20.7,61.4,2025-06-21T23:49:38.867Z,2025-06-21T23:49:41Z,"[{'id': 5777238851, 'qualifierId': 213, 'value': '6.23'}, {'id': 5777238843, 'qualifierId': 56, 'value': 'Back'}, {'id': 5777238847, 'qualifierId': 141, 'value': '60.6'}, {'id': 5777238849, 'qualifierId': 212, 'value': '10.7'}, {'id': 5777238845, 'qualifierId': 140, 'value': '30.9'}]",8ruvr2jnsfdub02rdh8q88s89,P. Nielsen,,,Houston Dash,Away
2823731065,95,1,1,10,19,c3v2ohfuzoqmc8ljm65hi80sj,1,31.1,61.7,2025-06-21T23:49:41.714Z,2025-06-24T11:25:13Z,"[{'id': 5777238889, 'qualifierId': 212, 'value': '13.0'}, {'id': 5777238885, 'qualifierId': 140, 'value': '18.8'}, {'id': 5777238883, 'qualifierId': 56, 'value': 'Back'}, {'id': 5777238891, 'qualifierId': 213, 'value': '3.26'}, {'id': 5777238887, 'qualifierId': 141, 'value': '59.4'}]",2sc4jlfmioa61d1vgpcz0pht6,D. Sheehan,,,Houston Dash,Away
2823731089,96,1,1,10,21,c3v2ohfuzoqmc8ljm65hi80sj,1,20.3,60.9,2025-06-21T23:49:43.971Z,2025-06-21T23:49:45Z,"[{'id': 5777238995, 'qualifierId': 213, 'value': '1.21'}, {'id': 5777238991, 'qualifierId': 141, 'value': '72.1'}, {'id': 5777238993, 'qualifierId': 212, 'value': '8.1'}, {'id': 5777238989, 'qualifierId': 140, 'value': '23.0'}, {'id': 5777238987, 'qualifierId': 56, 'value': 'Back'}]",8ruvr2jnsfdub02rdh8q88s89,P. Nielsen,,,Houston Dash,Away
2823731143,97,1,1,10,23,c3v2ohfuzoqmc8ljm65hi80sj,1,23.0,72.1,2025-06-21T23:49:45.355Z,2025-06-21T23:49:52Z,"[{'id': 5777239303, 'qualifierId': 141, 'value': '78.4'}, {'id': 5777239301, 'qualifierId': 140, 'value': '66.1'}, {'id': 5777239297, 'qualifierId': 155}, {'id': 5777239305, 'qualifierId': 212, 'value': '45.5'}, {'id': 5777239309, 'qualifierId': 1}, {'id': 5777239299, 'qualifierId': 56, 'value': 'Center'}, {'id': 5777239307, 'qualifierId': 213, 'value': '0.09'}]",n4egj8ymfled94mco0lwa95,C. Westphal,,,Houston Dash,Away
2823731179,98,1,1,10,30,c3v2ohfuzoqmc8ljm65hi80sj,0,68.1,62.3,2025-06-21T23:49:52.267Z,2025-06-21T23:49:55Z,"[{'id': 5777239527, 'qualifierId': 141, 'value': '23.7'}, {'id': 5777239523, 'qualifierId': 56, 'value': 'Center'}, {'id': 5777239531, 'qualifierId': 213, 'value': '5.63'}, {'id': 5777239533, 'qualifierId': 1}, {'id': 5777239525, 'qualifierId': 140, 'value': '100.0'}, {'id': 5777239529, 'qualifierId': 212, 'value': '43.3'}]",95tl8tonvm6czhwzd6i5ep756,B. Olivieri,,,Houston Dash,Away
2823731225,85,5,1,10,33,b4fbmos00gxtk8qnaqsm392p5,1,-1.0,75.0,2025-06-21T23:49:55.809Z,2025-06-22T01:53:59Z,"[{'id': 5777241653, 'qualifierId': 233, 'value': '99'}, {'id': 5777239753, 'qualifierId': 346}, {'id': 5777239751, 'qualifierId': 56, 'value': 'Back'}]",1p3bwk03ay87hp2nwrl3tfxwq,K. Kurtz,,,North Carolina Courage,Home
2823731573,99,5,1,10,33,c3v2ohfuzoqmc8ljm65hi80sj,0,101.0,25.0,2025-06-21T23:49:55.809Z,2025-06-22T01:53:59Z,"[{'id': 5777241633, 'qualifierId': 56, 'value': 'Center'}, {'id': 5777241657, 'qualifierId': 233, 'value': '85'}, {'id': 5777241635, 'qualifierId': 346}]",95tl8tonvm6czhwzd6i5ep756,B. Olivieri,,,Houston Dash,Away
2823731569,86,1,1,11,16,b4fbmos00gxtk8qnaqsm392p5,1,5.1,46.6,2025-06-21T23:50:38.119Z,2025-06-21T23:50:42Z,"[{'id': 5777241617, 'qualifierId': 74}, {'id': 5777241607, 'qualifierId': 141, 'value': '31.0'}, {'id': 5777241603, 'qualifierId': 56, 'value': 'Back'}, {'id': 5777241613, 'qualifierId': 1}, {'id': 5777241605, 'qualifierId': 140, 'value': '44.7'}, {'id': 5777241601, 'qualifierId': 124}, {'id': 5777241609, 'qualifierId': 212, 'value': '42.9'}, {'id': 5777241611, 'qualifierId': 213, 'value': '6.03'}]",3qj9t05behkav9okd8n2wywh5,C. Murphy,,,North Carolina Courage,Home
2823731579,87,44,1,11,16,b4fbmos00gxtk8qnaqsm392p5,1,45.7,27.5,2025-06-21T23:50:38.130Z,2025-06-22T01:45:29Z,"[{'id': 5777241651, 'qualifierId': 285}, {'id': 5777248143, 'qualifierId': 233, 'value': '119'}, {'id': 5777241649, 'qualifierId': 56, 'value': 'Back'}]",bxj6bpjfxkumj112yoco9wahg,R. Jackson,,,North Carolina Courage,Home
2823732687,119,44,1,11,16,c3v2ohfuzoqmc8ljm65hi80sj,0,54.3,72.5,2025-06-21T23:50:38.131Z,2025-06-22T01:45:29Z,"[{'id': 5777247985, 'qualifierId': 56, 'value': 'Center'}, {'id': 5777247987, 'qualifierId': 286}, {'id': 5777248159, 'qualifierId': 233, 'value': '87'}]",2sc4jlfmioa61d1vgpcz0pht6,D. Sheehan,,,Houston Dash,Away
2823731597,88,1,1,11,18,b4fbmos00gxtk8qnaqsm392p5,1,44.7,31.0,2025-06-21T23:50:40.406Z,2025-06-21T23:52:59Z,"[{'id': 5777241769, 'qualifierId': 212, 'value': '19.2'}, {'id': 5777241761, 'qualifierId': 140, 'value': '62.4'}, {'id': 5777241765, 'qualifierId': 141, 'value': '24.0'}, {'id': 5777241771, 'qualifierId': 213, 'value': '6.03'}, {'id': 5777241751, 'qualifierId': 3}, {'id': 5777241755, 'qualifierId': 168}, {'id': 5777241759, 'qualifierId': 56, 'value': 'Center'}]",bxj6bpjfxkumj112yoco9wahg,R. Jackson,,,North Carolina Courage,Home
2823731603,89,1,1,11,19,b4fbmos00gxtk8qnaqsm392p5,0,62.4,24.0,2025-06-21T23:50:41.398Z,2025-06-21T23:53:10Z,"[{'id': 5777241789, 'qualifierId': 141, 'value': '28.3'}, {'id': 5777241785, 'qualifierId': 56, 'value': 'Center'}, {'id': 5777241793, 'qualifierId': 213, 'value': '0.86'}, {'id': 5777241781, 'qualifierId': 3}, {'id': 5777241791, 'qualifierId': 212, 'value': '3.9'}, {'id': 5777241783, 'qualifierId': 168}, {'id': 5777241787, 'qualifierId': 140, 'value': '64.8'}]",3ytdxf659yjtnml5zzpxl01k9,C. Vine,,,North Carolina Courage,Home
2823731605,100,1,1,11,20,c3v2ohfuzoqmc8ljm65hi80sj,1,30.9,73.3,2025-06-21T23:50:42.435Z,2025-06-21T23:50:44Z,"[{'id': 5777241803, 'qualifierId': 212, 'value': '11.4'}, {'id': 5777241801, 'qualifierId': 141, 'value': '75.4'}, {'id': 5777241799, 'qualifierId': 140, 'value': '41.7'}, {'id': 5777241797, 'qualifierId': 56, 'value': 'Back'}, {'id': 5777241805, 'qualifierId': 213, 'value': '0.13'}, {'id': 5777241795, 'qualifierId': 3}]",n4egj8ymfled94mco0lwa95,C. Westphal,,,Houston Dash,Away
2823731611,101,44,1,11,22,c3v2ohfuzoqmc8ljm65hi80sj,1,39.6,73.4,2025-06-21T23:50:44.842Z,2025-06-24T11:26:48Z,"[{'id': 5777241833, 'qualifierId': 285}, {'id': 5777241893, 'qualifierId': 233, 'value': '90'}, {'id': 5777241831, 'qualifierId': 56, 'value': 'Back'}]",6089nfwh31ha73pl7vlla75cl,S. Puntigam,,,Houston Dash,Away
2823731621,90,44,1,11,22,b4fbmos00gxtk8qnaqsm392p5,0,60.4,26.6,2025-06-21T23:50:44.843Z,2025-06-22T01:45:30Z,"[{'id': 5777241915, 'qualifierId': 233, 'value': '101'}, {'id': 5777241877, 'qualifierId': 56, 'value': 'Center'}, {'id': 5777241879, 'qualifierId': 286}]",7fk82cjz0z5vq2ts3vmz8has5,D. O'Sullivan,,,North Carolina Courage,Home
2823731615,102,1,1,11,22,c3v2ohfuzoqmc8ljm65hi80sj,1,41.7,75.4,2025-06-21T23:50:45.011Z,2025-06-24T11:27:02Z,"[{'id': 5777241859, 'qualifierId': 168}, {'id': 5777241867, 'qualifierId': 212, 'value': '8.3'}, {'id': 5777241857, 'qualifierId': 3}, {'id': 5777241863, 'qualifierId': 140, 'value': '49.5'}, {'id': 5777241865, 'qualifierId': 141, 'value': '73.2'}, {'id': 5777241861, 'qualifierId': 56, 'value': 'Back'}, {'id': 5777241869, 'qualifierId': 213, 'value': '6.10'}]",6089nfwh31ha73pl7vlla75cl,S. Puntigam,,,Houston Dash,Away
2824135341,774,1,1,11,23,c3v2ohfuzoqmc8ljm65hi80sj,1,40.4,68.3,2025-06-21T23:50:46.019Z,2025-06-24T11:27:18Z,"[{'id': 5779512087, 'qualifierId': 168}, {'id': 5779512097, 'qualifierId': 213, 'value': '6.09'}, {'id': 5779512089, 'qualifierId': 56, 'value': 'Center'}, {'id': 5779512093, 'qualifierId': 141, 'value': '64.8'}, {'id': 5779512085, 'qualifierId': 3}, {'id': 5779512091, 'qualifierId': 140, 'value': '52.0'}, {'id': 5779512095, 'qualifierId': 212, 'value': '12.4'}]",2sc4jlfmioa61d1vgpcz0pht6,D. Sheehan,,,Houston Dash,Away
2823731649,103,61,1,11,25,c3v2ohfuzoqmc8ljm65hi80sj,0,53.6,70.2,2025-06-21T23:50:47.666Z,2025-06-21T23:50:47Z,"[{'id': 5777242017, 'qualifierId': 56, 'value': 'Center'}]",1xgse8t4dm0decmpzebsphvfu,Y. Ryan,,,Houston Dash,Away
2823731679,91,1,1,11,25,b4fbmos00gxtk8qnaqsm392p5,1,52.0,40.1,2025-06-21T23:50:47.869Z,2025-06-21T23:50:50Z,"[{'id': 5777242195, 'qualifierId': 213, 'value': '1.21'}, {'id': 5777242191, 'qualifierId': 141, 'value': '48.2'}, {'id': 5777242193, 'qualifierId': 212, 'value': '5.9'}, {'id': 5777242189, 'qualifierId': 140, 'value': '54.0'}, {'id': 5777242187, 'qualifierId': 56, 'value': 'Center'}]",1p3bwk03ay87hp2nwrl3tfxwq,K. Kurtz,,,North Carolina Courage,Home
2823731717,92,1,1,11,28,b4fbmos00gxtk8qnaqsm392p5,1,51.6,47.6,2025-06-21T23:50:50.446Z,2025-06-21T23:50:55Z,"[{'id': 5777242439, 'qualifierId': 213, 'value': '2.52'}, {'id': 5777242437, 'qualifierId': 212, 'value': '23.6'}, {'id': 5777242435, 'qualifierId': 141, 'value': '67.9'}, {'id': 5777242431, 'qualifierId': 56, 'value': 'Back'}, {'id': 5777242433, 'qualifierId': 140, 'value': '33.4'}]",8afwde4025w5wxddyf2ouoine,S. Koyama,,,North Carolina Courage,Home
2823731733,93,1,1,11,32,b4fbmos00gxtk8qnaqsm392p5,1,31.8,67.9,2025-06-21T23:50:55.014Z,2025-06-21T23:50:58Z,"[{'id': 5777242523, 'qualifierId': 140, 'value': '21.9'}, {'id': 5777242521, 'qualifierId': 56, 'value': 'Back'}, {'id': 5777242525, 'qualifierId': 141, 'value': '57.0'}, {'id': 5777242529, 'qualifierId': 213, 'value': '3.76'}, {'id': 5777242527, 'qualifierId': 212, 'value': '12.8'}]",cqpdeqi0psfadqsgejcvdqqne,M. Berkely,,,North Carolina Courage,Home
2823731751,94,1,1,11,36,b4fbmos00gxtk8qnaqsm392p5,1,22.6,57.5,2025-06-21T23:50:58.398Z,2025-06-21T23:51:00Z,"[{'id': 5777242605, 'qualifierId': 213, 'value': '1.32'}, {'id': 5777242601, 'qualifierId': 141, 'value': '75.3'}, {'id': 5777242597, 'qualifierId': 56, 'value': 'Back'}, {'id': 5777242599, 'qualifierId': 140, 'value': '25.6'}, {'id': 5777242603, 'qualifierId': 212, 'value': '12.5'}]",3qj9t05behkav9okd8n2wywh5,C. Murphy,,,North Carolina Courage,Home
2823731773,95,1,1,11,38,b4fbmos00gxtk8qnaqsm392p5,1,26.7,82.9,2025-06-21T23:51:00.613Z,2025-06-21T23:51:02Z,"[{'id': 5777242735, 'qualifierId': 213, 'value': '0.23'}, {'id': 5777242731, 'qualifierId': 141, 'value': '85.0'}, {'id': 5777242727, 'qualifierId': 56, 'value': 'Back'}, {'id': 5777242729, 'qualifierId': 140, 'value': '32.6'}, {'id': 5777242733, 'qualifierId': 212, 'value': '6.4'}]",cqpdeqi0psfadqsgejcvdqqne,M. Berkely,,,North Carolina Courage,Home
2823731855,96,1,1,11,40,b4fbmos00gxtk8qnaqsm392p5,1,31.3,89.4,2025-06-21T23:51:02.718Z,2025-06-21T23:51:10Z,"[{'id': 5777243205, 'qualifierId': 212, 'value': '27.9'}, {'id': 5777243201, 'qualifierId': 140, 'value': '57.9'}, {'id': 5777243203, 'qualifierId': 141, 'value': '88.9'}, {'id': 5777243207, 'qualifierId': 213, 'value': '6.27'}, {'id': 5777243199, 'qualifierId': 56, 'value': 'Left'}]",8afwde4025w5wxddyf2ouoine,S. Koyama,,,North Carolina Courage,Home
2823731859,97,3,1,11,48,b4fbmos00gxtk8qnaqsm392p5,0,77.8,76.7,2025-06-21T23:51:10.687Z,2025-06-24T11:29:02Z,"[{'id': 5777243229, 'qualifierId': 286}, {'id': 5777243227, 'qualifierId': 56, 'value': 'Center'}, {'id': 5777243349, 'qualifierId': 233, 'value': '104'}, {'id': 5779512143, 'qualifierId': 465}]",awme1kk0t2w81hc4xcup7k222,T. Lussi,,,North Carolina Courage,Home
2823731875,104,7,1,11,48,c3v2ohfuzoqmc8ljm65hi80sj,1,22.2,23.3,2025-06-21T23:51:10.688Z,2025-06-24T11:29:07Z,"[{'id': 5777243287, 'qualifierId': 285}, {'id': 5779512161, 'qualifierId': 383}, {'id': 5777243285, 'qualifierId': 56, 'value': 'Back'}, {'id': 5777243345, 'qualifierId': 233, 'value': '97'}, {'id': 5779512163, 'qualifierId': 389}]",1c2boqmoi50esuelgdd96o06h,D. Colaprico,,,Houston Dash,Away
2823731879,105,49,1,11,50,c3v2ohfuzoqmc8ljm65hi80sj,1,12.4,12.8,2025-06-21T23:51:12.699Z,2025-06-21T23:51:13Z,[],8co65x7tuvynuqvket8okb7xl,N. Jacobs,,,Houston Dash,Away
2823731919,106,1,1,11,52,c3v2ohfuzoqmc8ljm65hi80sj,1,12.4,11.6,2025-06-21T23:51:14.363Z,2025-06-21T23:51:16Z,"[{'id': 5777243525, 'qualifierId': 213, 'value': '0.22'}, {'id': 5777243521, 'qualifierId': 141, 'value': '19.1'}, {'id': 5777243517, 'qualifierId': 56, 'value': 'Back'}, {'id': 5777243523, 'qualifierId': 212, 'value': '23.6'}, {'id': 5777243515, 'qualifierId': 155}, {'id': 5777243519, 'qualifierId': 140, 'value': '34.3'}]",8co65x7tuvynuqvket8okb7xl,N. Jacobs,,,Houston Dash,Away
2823731945,107,1,1,11,54,c3v2ohfuzoqmc8ljm65hi80sj,1,37.2,17.9,2025-06-21T23:51:16.538Z,2025-06-21T23:51:19Z,"[{'id': 5777243705, 'qualifierId': 213, 'value': '2.35'}, {'id': 5777243701, 'qualifierId': 141, 'value': '26.7'}, {'id': 5777243699, 'qualifierId': 140, 'value': '31.6'}, {'id': 5777243697, 'qualifierId': 56, 'value': 'Back'}, {'id': 5777243703, 'qualifierId': 212, 'value': '8.4'}]",1xgse8t4dm0decmpzebsphvfu,Y. Ryan,,,Houston Dash,Away
2824135349,775,61,1,11,54,c3v2ohfuzoqmc8ljm65hi80sj,1,29.7,21.9,2025-06-21T23:51:16.680Z,2025-06-24T11:29:45Z,"[{'id': 5779512187, 'qualifierId': 56, 'value': 'Back'}]",61ucpn8qxos0kwaw0gdpqubys,A. Patterson,,,Houston Dash,Away
2824135351,776,61,1,11,54,c3v2ohfuzoqmc8ljm65hi80sj,1,29.7,21.9,2025-06-21T23:51:16.960Z,2025-06-24T11:29:51Z,"[{'id': 5779512191, 'qualifierId': 56, 'value': 'Back'}]",1xgse8t4dm0decmpzebsphvfu,Y. Ryan,,,Houston Dash,Away
2823731951,108,1,1,11,57,c3v2ohfuzoqmc8ljm65hi80sj,1,29.6,27.6,2025-06-21T23:51:19.803Z,2025-06-21T23:51:22Z,"[{'id': 5777243753, 'qualifierId': 56, 'value': 'Back'}, {'id': 5777243755, 'qualifierId': 140, 'value': '21.5'}, {'id': 5777243759, 'qualifierId': 212, 'value': '8.5'}, {'id': 5777243761, 'qualifierId': 213, 'value': '3.24'}, {'id': 5777243757, 'qualifierId': 141, 'value': '26.4'}]",61ucpn8qxos0kwaw0gdpqubys,A. Patterson,,,Houston Dash,Away
2823731979,109,1,1,12,0,c3v2ohfuzoqmc8ljm65hi80sj,1,23.1,25.3,2025-06-21T23:51:22.251Z,2025-06-21T23:51:29Z,"[{'id': 5777243961, 'qualifierId': 213, 'value': '1.43'}, {'id': 5777243957, 'qualifierId': 141, 'value': '73.2'}, {'id': 5777243963, 'qualifierId': 1}, {'id': 5777243953, 'qualifierId': 56, 'value': 'Back'}, {'id': 5777243959, 'qualifierId': 212, 'value': '32.9'}, {'id': 5777243951, 'qualifierId': 155}, {'id': 5777243955, 'qualifierId': 140, 'value': '27.4'}]",8co65x7tuvynuqvket8okb7xl,N. Jacobs,,,Houston Dash,Away
2823732007,110,1,1,12,7,c3v2ohfuzoqmc8ljm65hi80sj,1,29.0,68.8,2025-06-21T23:51:29.651Z,2025-06-21T23:51:32Z,"[{'id': 5777244097, 'qualifierId': 213, 'value': '3.42'}, {'id': 5777244091, 'qualifierId': 140, 'value': '20.7'}, {'id': 5777244095, 'qualifierId': 212, 'value': '9.1'}, {'id': 5777244093, 'qualifierId': 141, 'value': '65.2'}, {'id': 5777244089, 'qualifierId': 56, 'value': 'Back'}]",n4egj8ymfled94mco0lwa95,C. Westphal,,,Houston Dash,Away
2823732011,111,1,1,12,10,c3v2ohfuzoqmc8ljm65hi80sj,1,16.9,61.4,2025-06-21T23:51:32.379Z,2025-06-21T23:51:33Z,"[{'id': 5777244159, 'qualifierId': 56, 'value': 'Back'}, {'id': 5777244167, 'qualifierId': 213, 'value': '5.63'}, {'id': 5777244163, 'qualifierId': 141, 'value': '51.3'}, {'id': 5777244161, 'qualifierId': 140, 'value': '25.5'}, {'id': 5777244165, 'qualifierId': 212, 'value': '11.3'}]",8ruvr2jnsfdub02rdh8q88s89,P. Nielsen,,,Houston Dash,Away
2823732041,112,1,1,12,11,c3v2ohfuzoqmc8ljm65hi80sj,1,26.5,50.3,2025-06-21T23:51:33.483Z,2025-06-21T23:51:38Z,"[{'id': 5777244341, 'qualifierId': 140, 'value': '19.3'}, {'id': 5777244345, 'qualifierId': 212, 'value': '12.2'}, {'id': 5777244343, 'qualifierId': 141, 'value': '64.3'}, {'id': 5777244347, 'qualifierId': 213, 'value': '2.24'}, {'id': 5777244339, 'qualifierId': 56, 'value': 'Back'}]",1c2boqmoi50esuelgdd96o06h,D. Colaprico,,,Houston Dash,Away
2823732061,113,1,1,12,16,c3v2ohfuzoqmc8ljm65hi80sj,1,21.2,66.1,2025-06-21T23:51:38.826Z,2025-06-21T23:51:42Z,"[{'id': 5777244431, 'qualifierId': 212, 'value': '13.5'}, {'id': 5777244429, 'qualifierId': 141, 'value': '51.6'}, {'id': 5777244427, 'qualifierId': 140, 'value': '12.4'}, {'id': 5777244433, 'qualifierId': 213, 'value': '3.96'}, {'id': 5777244425, 'qualifierId': 56, 'value': 'Back'}]",8ruvr2jnsfdub02rdh8q88s89,P. Nielsen,,,Houston Dash,Away
2823732089,114,1,1,12,19,c3v2ohfuzoqmc8ljm65hi80sj,1,14.3,47.8,2025-06-21T23:51:41.987Z,2025-06-21T23:51:47Z,"[{'id': 5777244563, 'qualifierId': 213, 'value': '0.70'}, {'id': 5777244557, 'qualifierId': 140, 'value': '23.9'}, {'id': 5777244559, 'qualifierId': 141, 'value': '60.2'}, {'id': 5777244555, 'qualifierId': 56, 'value': 'Back'}, {'id': 5777244561, 'qualifierId': 212, 'value': '13.1'}]",53uflfknc5uus7iqw3obp5fx1,J. Campbell,,,Houston Dash,Away
2823732105,115,1,1,12,25,c3v2ohfuzoqmc8ljm65hi80sj,0,27.3,57.9,2025-06-21T23:51:47.835Z,2025-06-21T23:51:49Z,"[{'id': 5777244639, 'qualifierId': 140, 'value': '42.0'}, {'id': 5777244637, 'qualifierId': 56, 'value': 'Back'}, {'id': 5777244643, 'qualifierId': 212, 'value': '21.1'}, {'id': 5777244645, 'qualifierId': 213, 'value': '0.75'}, {'id': 5777244641, 'qualifierId': 141, 'value': '79.1'}]",8ruvr2jnsfdub02rdh8q88s89,P. Nielsen,,,Houston Dash,Away
2823732119,98,49,1,12,29,b4fbmos00gxtk8qnaqsm392p5,1,57.9,20.0,2025-06-21T23:51:52.045Z,2025-06-21T23:51:52Z,[],cbco4ht0d7uk1thgam6vc0ep6,M. Bell,,,North Carolina Courage,Home
2823732131,99,1,1,12,30,b4fbmos00gxtk8qnaqsm392p5,1,57.9,20.0,2025-06-21T23:51:52.269Z,2025-06-21T23:51:53Z,"[{'id': 5777244783, 'qualifierId': 213, 'value': '1.59'}, {'id': 5777244777, 'qualifierId': 140, 'value': '57.8'}, {'id': 5777244779, 'qualifierId': 141, 'value': '29.8'}, {'id': 5777244775, 'qualifierId': 56, 'value': 'Center'}, {'id': 5777244781, 'qualifierId': 212, 'value': '6.7'}]",cbco4ht0d7uk1thgam6vc0ep6,M. Bell,,,North Carolina Courage,Home
2823732139,100,1,1,12,31,b4fbmos00gxtk8qnaqsm392p5,1,58.1,30.9,2025-06-21T23:51:53.221Z,2025-06-21T23:51:54Z,"[{'id': 5777244849, 'qualifierId': 212, 'value': '12.3'}, {'id': 5777244847, 'qualifierId': 141, 'value': '48.8'}, {'id': 5777244845, 'qualifierId': 140, 'value': '56.4'}, {'id': 5777244843, 'qualifierId': 56, 'value': 'Center'}, {'id': 5777244851, 'qualifierId': 213, 'value': '1.72'}]",bxj6bpjfxkumj112yoco9wahg,R. Jackson,,,North Carolina Courage,Home
2823732159,101,1,1,12,32,b4fbmos00gxtk8qnaqsm392p5,1,54.5,48.7,2025-06-21T23:51:54.678Z,2025-06-21T23:52:00Z,"[{'id': 5777244969, 'qualifierId': 140, 'value': '44.2'}, {'id': 5777244971, 'qualifierId': 141, 'value': '47.2'}, {'id': 5777244967, 'qualifierId': 56, 'value': 'Back'}, {'id': 5777244975, 'qualifierId': 213, 'value': '3.24'}, {'id': 5777244973, 'qualifierId': 212, 'value': '10.9'}]",8afwde4025w5wxddyf2ouoine,S. Koyama,,,North Carolina Courage,Home
2823732179,102,1,1,12,37,b4fbmos00gxtk8qnaqsm392p5,1,52.0,46.9,2025-06-21T23:51:59.965Z,2025-06-21T23:52:02Z,"[{'id': 5777245067, 'qualifierId': 140, 'value': '48.5'}, {'id': 5777245071, 'qualifierId': 212, 'value': '25.7'}, {'id': 5777245069, 'qualifierId': 141, 'value': '9.5'}, {'id': 5777245065, 'qualifierId': 56, 'value': 'Back'}, {'id': 5777245073, 'qualifierId': 213, 'value': '4.57'}]",1p3bwk03ay87hp2nwrl3tfxwq,K. Kurtz,,,North Carolina Courage,Home
2823732195,103,1,1,12,40,b4fbmos00gxtk8qnaqsm392p5,1,48.5,9.5,2025-06-21T23:52:02.541Z,2025-06-21T23:52:05Z,"[{'id': 5777245193, 'qualifierId': 141, 'value': '2.0'}, {'id': 5777245189, 'qualifierId': 56, 'value': 'Right'}, {'id': 5777245195, 'qualifierId': 212, 'value': '16.5'}, {'id': 5777245191, 'qualifierId': 140, 'value': '63.4'}, {'id': 5777245197, 'qualifierId': 213, 'value': '5.97'}]",cbco4ht0d7uk1thgam6vc0ep6,M. Bell,,,North Carolina Courage,Home
2823732217,104,1,1,12,43,b4fbmos00gxtk8qnaqsm392p5,1,62.2,1.7,2025-06-21T23:52:05.085Z,2025-06-21T23:52:06Z,"[{'id': 5777245339, 'qualifierId': 213, 'value': '3.00'}, {'id': 5777245337, 'qualifierId': 212, 'value': '16.4'}, {'id': 5777245331, 'qualifierId': 56, 'value': 'Back'}, {'id': 5777245335, 'qualifierId': 141, 'value': '5.0'}, {'id': 5777245333, 'qualifierId': 140, 'value': '46.7'}]",1x229gvjahkxp7w02bh0v36ga,R. Williams,,,North Carolina Courage,Home
2823732241,105,1,1,12,44,b4fbmos00gxtk8qnaqsm392p5,1,46.7,5.0,2025-06-21T23:52:06.653Z,2025-06-21T23:52:10Z,"[{'id': 5777245485, 'qualifierId': 213, 'value': '0.51'}, {'id': 5777245481, 'qualifierId': 141, 'value': '13.2'}, {'id': 5777245479, 'qualifierId': 140, 'value': '56.2'}, {'id': 5777245483, 'qualifierId': 212, 'value': '11.4'}, {'id': 5777245477, 'qualifierId': 56, 'value': 'Right'}]",cbco4ht0d7uk1thgam6vc0ep6,M. Bell,,,North Carolina Courage,Home
2824135359,833,61,1,12,46,b4fbmos00gxtk8qnaqsm392p5,0,63.3,11.5,2025-06-21T23:52:08.563Z,2025-06-24T11:32:21Z,"[{'id': 5779512283, 'qualifierId': 56, 'value': 'Right'}]",bxj6bpjfxkumj112yoco9wahg,R. Jackson,,,North Carolina Courage,Home
2823732243,116,3,1,12,47,c3v2ohfuzoqmc8ljm65hi80sj,0,42.6,91.9,2025-06-21T23:52:10.049Z,2025-06-24T15:07:25Z,"[{'id': 5779536169, 'qualifierId': 233, 'value': '106'}, {'id': 5779512277, 'qualifierId': 464}, {'id': 5779512271, 'qualifierId': 286}, {'id': 5777245489, 'qualifierId': 56, 'value': 'Back'}]",270qzf9ig52z04iu3ujnmstg4,R. Gareis,,,Houston Dash,Away
2823732247,106,7,1,12,47,b4fbmos00gxtk8qnaqsm392p5,0,57.4,8.1,2025-06-21T23:52:10.050Z,2025-06-24T15:07:24Z,"[{'id': 5779512279, 'qualifierId': 383}, {'id': 5779512269, 'qualifierId': 285}, {'id': 5779536165, 'qualifierId': 233, 'value': '116'}, {'id': 5779512281, 'qualifierId': 178}, {'id': 5777245507, 'qualifierId': 56, 'value': 'Right'}]",bxj6bpjfxkumj112yoco9wahg,R. Jackson,,,North Carolina Courage,Home
2823732261,107,1,1,12,49,b4fbmos00gxtk8qnaqsm392p5,1,59.1,1.4,2025-06-21T23:52:11.941Z,2025-06-21T23:52:12Z,"[{'id': 5777245595, 'qualifierId': 140, 'value': '65.5'}, {'id': 5777245599, 'qualifierId': 212, 'value': '7.2'}, {'id': 5777245597, 'qualifierId': 141, 'value': '5.0'}, {'id': 5777245593, 'qualifierId': 56, 'value': 'Right'}, {'id': 5777245601, 'qualifierId': 213, 'value': '0.35'}]",bxj6bpjfxkumj112yoco9wahg,R. Jackson,,,North Carolina Courage,Home
2823732269,108,1,1,12,50,b4fbmos00gxtk8qnaqsm392p5,1,65.5,5.0,2025-06-21T23:52:12.598Z,2025-06-24T11:32:40Z,"[{'id': 5777245639, 'qualifierId': 140, 'value': '61.2'}, {'id': 5779512291, 'qualifierId': 156}, {'id': 5777245643, 'qualifierId': 212, 'value': '5.0'}, {'id': 5777245637, 'qualifierId': 56, 'value': 'Right'}, {'id': 5777245641, 'qualifierId': 141, 'value': '1.7'}, {'id': 5777245645, 'qualifierId': 213, 'value': '3.60'}]",1x229gvjahkxp7w02bh0v36ga,R. Williams,,,North Carolina Courage,Home
2823732275,109,1,1,12,51,b4fbmos00gxtk8qnaqsm392p5,1,60.8,5.2,2025-06-21T23:52:13.629Z,2025-06-21T23:52:14Z,"[{'id': 5777245691, 'qualifierId': 212, 'value': '11.8'}, {'id': 5777245693, 'qualifierId': 213, 'value': '2.15'}, {'id': 5777245685, 'qualifierId': 56, 'value': 'Right'}, {'id': 5777245689, 'qualifierId': 141, 'value': '19.7'}, {'id': 5777245687, 'qualifierId': 140, 'value': '54.7'}]",bxj6bpjfxkumj112yoco9wahg,R. Jackson,,,North Carolina Courage,Home
2823732287,110,1,1,12,52,b4fbmos00gxtk8qnaqsm392p5,1,54.7,19.7,2025-06-21T23:52:14.893Z,2025-06-21T23:52:16Z,"[{'id': 5777245745, 'qualifierId': 140, 'value': '42.1'}, {'id': 5777245749, 'qualifierId': 212, 'value': '15.6'}, {'id': 5777245747, 'qualifierId': 141, 'value': '31.9'}, {'id': 5777245743, 'qualifierId': 56, 'value': 'Back'}, {'id': 5777245751, 'qualifierId': 213, 'value': '2.58'}]",7fk82cjz0z5vq2ts3vmz8has5,D. O'Sullivan,,,North Carolina Courage,Home
2823732315,111,1,1,12,54,b4fbmos00gxtk8qnaqsm392p5,1,43.3,35.5,2025-06-21T23:52:16.749Z,2025-06-21T23:52:20Z,"[{'id': 5777245893, 'qualifierId': 141, 'value': '67.9'}, {'id': 5777245889, 'qualifierId': 56, 'value': 'Back'}, {'id': 5777245895, 'qualifierId': 212, 'value': '22.1'}, {'id': 5777245891, 'qualifierId': 140, 'value': '44.6'}, {'id': 5777245897, 'qualifierId': 213, 'value': '1.51'}]",1p3bwk03ay87hp2nwrl3tfxwq,K. Kurtz,,,North Carolina Courage,Home
2823732325,112,1,1,12,57,b4fbmos00gxtk8qnaqsm392p5,1,56.1,79.9,2025-06-21T23:52:19.989Z,2025-06-21T23:52:22Z,"[{'id': 5777245973, 'qualifierId': 140, 'value': '65.4'}, {'id': 5777245979, 'qualifierId': 213, 'value': '0.78'}, {'id': 5777245977, 'qualifierId': 212, 'value': '13.8'}, {'id': 5777245975, 'qualifierId': 141, 'value': '94.2'}, {'id': 5777245971, 'qualifierId': 56, 'value': 'Left'}]",cqpdeqi0psfadqsgejcvdqqne,M. Berkely,,,North Carolina Courage,Home
2823732393,113,1,1,13,0,b4fbmos00gxtk8qnaqsm392p5,1,65.5,94.2,2025-06-21T23:52:22.445Z,2025-06-21T23:52:30Z,"[{'id': 5777246367, 'qualifierId': 56, 'value': 'Left'}, {'id': 5777246371, 'qualifierId': 141, 'value': '92.4'}, {'id': 5777246369, 'qualifierId': 140, 'value': '76.1'}, {'id': 5777246375, 'qualifierId': 213, 'value': '6.17'}, {'id': 5777246373, 'qualifierId': 212, 'value': '11.2'}]",awme1kk0t2w81hc4xcup7k222,T. Lussi,,,North Carolina Courage,Home
2823732417,114,1,1,13,8,b4fbmos00gxtk8qnaqsm392p5,1,89.4,87.4,2025-06-21T23:52:30.805Z,2025-06-21T23:52:35Z,"[{'id': 5777246517, 'qualifierId': 213, 'value': '3.78'}, {'id': 5777246515, 'qualifierId': 212, 'value': '15.4'}, {'id': 5777246509, 'qualifierId': 56, 'value': 'Center'}, {'id': 5777246511, 'qualifierId': 140, 'value': '77.6'}, {'id': 5777246513, 'qualifierId': 141, 'value': '73.9'}]",90bm7jsl7sjqiel7u2tv0vgq2,M. Matsukubo,,,North Carolina Courage,Home
2823732443,115,1,1,13,13,b4fbmos00gxtk8qnaqsm392p5,1,76.0,81.5,2025-06-21T23:52:35.773Z,2025-06-21T23:52:39Z,"[{'id': 5777246659, 'qualifierId': 140, 'value': '90.0'}, {'id': 5777246663, 'qualifierId': 212, 'value': '15.8'}, {'id': 5777246657, 'qualifierId': 56, 'value': 'Left'}, {'id': 5777246665, 'qualifierId': 213, 'value': '0.37'}, {'id': 5777246661, 'qualifierId': 141, 'value': '90.0'}]",bxj6bpjfxkumj112yoco9wahg,R. Jackson,,,North Carolina Courage,Home
2823732455,116,1,1,13,17,b4fbmos00gxtk8qnaqsm392p5,1,86.8,81.8,2025-06-21T23:52:39.333Z,2025-06-21T23:52:42Z,"[{'id': 5777246743, 'qualifierId': 56, 'value': 'Left'}, {'id': 5777246751, 'qualifierId': 213, 'value': '3.00'}, {'id': 5777246745, 'qualifierId': 140, 'value': '74.8'}, {'id': 5777246747, 'qualifierId': 141, 'value': '84.4'}, {'id': 5777246749, 'qualifierId': 212, 'value': '12.7'}]",90bm7jsl7sjqiel7u2tv0vgq2,M. Matsukubo,,,North Carolina Courage,Home
2823732469,117,1,1,13,20,b4fbmos00gxtk8qnaqsm392p5,0,74.7,78.8,2025-06-21T23:52:42.613Z,2025-06-21T23:52:45Z,"[{'id': 5777246835, 'qualifierId': 56, 'value': 'Center'}, {'id': 5777246843, 'qualifierId': 213, 'value': '5.40'}, {'id': 5777246839, 'qualifierId': 141, 'value': '47.9'}, {'id': 5777246837, 'qualifierId': 140, 'value': '91.3'}, {'id': 5777246833, 'qualifierId': 155}, {'id': 5777246841, 'qualifierId': 212, 'value': '27.3'}]",cqpdeqi0psfadqsgejcvdqqne,M. Berkely,,,North Carolina Courage,Home
2823732479,117,12,1,13,23,c3v2ohfuzoqmc8ljm65hi80sj,1,9.3,54.5,2025-06-21T23:52:45.282Z,2025-06-21T23:52:47Z,"[{'id': 5777246857, 'qualifierId': 141, 'value': '72.6'}, {'id': 5777246863, 'qualifierId': 15}, {'id': 5777246861, 'qualifierId': 213, 'value': '2.31'}, {'id': 5777246869, 'qualifierId': 167}, {'id': 5777246859, 'qualifierId': 212, 'value': '16.7'}, {'id': 5777246855, 'qualifierId': 140, 'value': '0.0'}, {'id': 5777246853, 'qualifierId': 56, 'value': 'Back'}]",8ruvr2jnsfdub02rdh8q88s89,P. Nielsen,,,Houston Dash,Away
2823732475,118,6,1,13,23,b4fbmos00gxtk8qnaqsm392p5,1,97.6,35.0,2025-06-21T23:52:45.982Z,2025-06-22T01:35:55Z,"[{'id': 5777246867, 'qualifierId': 75}, {'id': 5777246865, 'qualifierId': 56, 'value': 'Center'}, {'id': 5777246953, 'qualifierId': 233, 'value': '118'}]",cqpdeqi0psfadqsgejcvdqqne,M. Berkely,,,North Carolina Courage,Home
2823732481,118,6,1,13,23,c3v2ohfuzoqmc8ljm65hi80sj,0,2.4,65.0,2025-06-21T23:52:45.982Z,2025-06-24T11:33:23Z,"[{'id': 5777246949, 'qualifierId': 56, 'value': 'Back'}, {'id': 5777246975, 'qualifierId': 233, 'value': '118'}, {'id': 5777246951, 'qualifierId': 73}]",8ruvr2jnsfdub02rdh8q88s89,P. Nielsen,,,Houston Dash,Away
2823732865,119,1,1,14,7,b4fbmos00gxtk8qnaqsm392p5,1,99.5,0.5,2025-06-21T23:53:29.782Z,2025-06-24T11:33:28Z,"[{'id': 5779512307, 'qualifierId': 20}, {'id': 5777248945, 'qualifierId': 2}, {'id': 5777248949, 'qualifierId': 155}, {'id': 5777248957, 'qualifierId': 141, 'value': '64.5'}, {'id': 5777248953, 'qualifierId': 56, 'value': 'Center'}, {'id': 5777248947, 'qualifierId': 6}, {'id': 5777248955, 'qualifierId': 140, 'value': '95.5'}, {'id': 5777248951, 'qualifierId': 224}, {'id': 5777248959, 'qualifierId': 212, 'value': '43.7'}, {'id': 5777248961, 'qualifierId': 213, 'value': '1.67'}, {'id': 5777248963, 'qualifierId': 1}]",bxj6bpjfxkumj112yoco9wahg,R. Jackson,,,North Carolina Courage,Home
2823732871,120,1,1,14,11,b4fbmos00gxtk8qnaqsm392p5,0,95.5,64.5,2025-06-21T23:53:33.942Z,2025-06-21T23:53:34Z,"[{'id': 5777249013, 'qualifierId': 213, 'value': '4.28'}, {'id': 5777249003, 'qualifierId': 3}, {'id': 5777249007, 'qualifierId': 140, 'value': '89.6'}, {'id': 5777249011, 'qualifierId': 212, 'value': '14.9'}, {'id': 5777249009, 'qualifierId': 141, 'value': '44.5'}, {'id': 5777249005, 'qualifierId': 56, 'value': 'Center'}]",awme1kk0t2w81hc4xcup7k222,T. Lussi,,,North Carolina Courage,Home
2823732959,120,12,1,14,14,c3v2ohfuzoqmc8ljm65hi80sj,1,12.3,56.0,2025-06-21T23:53:36.362Z,2025-06-21T23:53:45Z,"[{'id': 5777249499, 'qualifierId': 212, 'value': '28.3'}, {'id': 5777249497, 'qualifierId': 141, 'value': '47.0'}, {'id': 5777249495, 'qualifierId': 140, 'value': '38.6'}, {'id': 5777249501, 'qualifierId': 213, 'value': '6.07'}, {'id': 5777249493, 'qualifierId': 56, 'value': 'Back'}]",95tl8tonvm6czhwzd6i5ep756,B. Olivieri,,,Houston Dash,Away
2823732919,121,1,1,14,15,b4fbmos00gxtk8qnaqsm392p5,1,66.5,43.0,2025-06-21T23:53:37.933Z,2025-06-21T23:53:40Z,"[{'id': 5777249271, 'qualifierId': 213, 'value': '5.06'}, {'id': 5777249269, 'qualifierId': 212, 'value': '12.6'}, {'id': 5777249267, 'qualifierId': 141, 'value': '25.6'}, {'id': 5777249265, 'qualifierId': 140, 'value': '70.6'}, {'id': 5777249263, 'qualifierId': 56, 'value': 'Center'}]",1x229gvjahkxp7w02bh0v36ga,R. Williams,,,North Carolina Courage,Home
2823732941,122,1,1,14,18,b4fbmos00gxtk8qnaqsm392p5,1,70.6,25.6,2025-06-21T23:53:40.124Z,2025-06-21T23:53:42Z,"[{'id': 5777249367, 'qualifierId': 212, 'value': '24.0'}, {'id': 5777249369, 'qualifierId': 213, 'value': '5.88'}, {'id': 5777249365, 'qualifierId': 141, 'value': '11.6'}, {'id': 5777249361, 'qualifierId': 56, 'value': 'Right'}, {'id': 5777249363, 'qualifierId': 140, 'value': '91.6'}]",90bm7jsl7sjqiel7u2tv0vgq2,M. Matsukubo,,,North Carolina Courage,Home
2823732953,123,1,1,14,20,b4fbmos00gxtk8qnaqsm392p5,0,92.4,11.6,2025-06-21T23:53:42.557Z,2025-06-24T11:34:50Z,"[{'id': 5777249451, 'qualifierId': 2}, {'id': 5777249455, 'qualifierId': 56, 'value': 'Center'}, {'id': 5777249459, 'qualifierId': 141, 'value': '40.1'}, {'id': 5779512329, 'qualifierId': 20}, {'id': 5777249461, 'qualifierId': 212, 'value': '19.4'}, {'id': 5777249457, 'qualifierId': 140, 'value': '92.5'}, {'id': 5777249463, 'qualifierId': 213, 'value': '1.57'}, {'id': 5779512327, 'qualifierId': 224}]",bxj6bpjfxkumj112yoco9wahg,R. Jackson,,,North Carolina Courage,Home
2823732989,121,12,1,14,23,c3v2ohfuzoqmc8ljm65hi80sj,1,6.6,55.7,2025-06-21T23:53:45.490Z,2025-06-21T23:53:52Z,"[{'id': 5777249741, 'qualifierId': 233, 'value': '126'}, {'id': 5777249639, 'qualifierId': 141, 'value': '66.1'}, {'id': 5777249635, 'qualifierId': 56, 'value': 'Back'}, {'id': 5777249641, 'qualifierId': 212, 'value': '17.2'}, {'id': 5777249643, 'qualifierId': 213, 'value': '0.42'}, {'id': 5777249637, 'qualifierId': 140, 'value': '21.5'}, {'id': 5777249739, 'qualifierId': 397}]",8co65x7tuvynuqvket8okb7xl,N. Jacobs,,,Houston Dash,Away
2823733003,126,74,1,14,23,b4fbmos00gxtk8qnaqsm392p5,1,88.6,43.9,2025-06-21T23:53:45.491Z,2025-06-21T23:53:52Z,"[{'id': 5777249737, 'qualifierId': 397}, {'id': 5777249681, 'qualifierId': 285}, {'id': 5777249745, 'qualifierId': 233, 'value': '121'}, {'id': 5777249679, 'qualifierId': 56, 'value': 'Center'}]",7fk82cjz0z5vq2ts3vmz8has5,D. O'Sullivan,,,North Carolina Courage,Home
2823732961,124,15,1,14,23,b4fbmos00gxtk8qnaqsm392p5,1,86.5,35.2,2025-06-21T23:53:45.516Z,2025-06-24T11:35:32Z,"[{'id': 5777251189, 'qualifierId': 230, 'value': '98.8'}, {'id': 5777251181, 'qualifierId': 139}, {'id': 5777251185, 'qualifierId': 146, 'value': '92.8'}, {'id': 5777251183, 'qualifierId': 82}, {'id': 5777251177, 'qualifierId': 328}, {'id': 5777251191, 'qualifierId': 231, 'value': '48.4'}, {'id': 5777251173, 'qualifierId': 102, 'value': '51.9'}, {'id': 5777251187, 'qualifierId': 147, 'value': '43.0'}, {'id': 5777249513, 'qualifierId': 63}, {'id': 5779512369, 'qualifierId': 108}, {'id': 5777250643, 'qualifierId': 20}, {'id': 5777249515, 'qualifierId': 56, 'value': 'Center'}, {'id': 5777251171, 'qualifierId': 76}, {'id': 5777251175, 'qualifierId': 103, 'value': '19'}, {'id': 5777251179, 'qualifierId': 458}, {'id': 5777251169, 'qualifierId': 25}]",cqpdeqi0psfadqsgejcvdqqne,M. Berkely,,,North Carolina Courage,Home
2823732987,125,61,1,14,23,b4fbmos00gxtk8qnaqsm392p5,1,91.9,43.6,2025-06-21T23:53:45.829Z,2025-06-24T11:35:52Z,"[{'id': 5777250595, 'qualifierId': 228}, {'id': 5777249633, 'qualifierId': 56, 'value': 'Center'}]",3ytdxf659yjtnml5zzpxl01k9,C. Vine,,,North Carolina Courage,Home
2824135367,834,61,1,14,24,b4fbmos00gxtk8qnaqsm392p5,0,89.0,42.1,2025-06-21T23:53:46.603Z,2025-06-24T11:35:48Z,"[{'id': 5779512387, 'qualifierId': 56, 'value': 'Center'}]",3ytdxf659yjtnml5zzpxl01k9,C. Vine,,,North Carolina Courage,Home
2823733017,122,12,1,14,26,c3v2ohfuzoqmc8ljm65hi80sj,1,7.1,60.9,2025-06-21T23:53:48.163Z,2025-06-24T15:07:26Z,"[{'id': 5777249757, 'qualifierId': 213, 'value': '0.16'}, {'id': 5777249749, 'qualifierId': 56, 'value': 'Back'}, {'id': 5777249755, 'qualifierId': 212, 'value': '7.1'}, {'id': 5777249751, 'qualifierId': 140, 'value': '13.8'}, {'id': 5779536199, 'qualifierId': 233, 'value': '835'}, {'id': 5779512389, 'qualifierId': 397}, {'id': 5777249753, 'qualifierId': 141, 'value': '62.6'}]",2sc4jlfmioa61d1vgpcz0pht6,D. Sheehan,,,Houston Dash,Away
2824135369,835,74,1,14,26,b4fbmos00gxtk8qnaqsm392p5,1,88.3,40.1,2025-06-21T23:53:48.164Z,2025-06-24T15:07:26Z,"[{'id': 5779512393, 'qualifierId': 285}, {'id': 5779536203, 'qualifierId': 233, 'value': '122'}, {'id': 5779512391, 'qualifierId': 56, 'value': 'Center'}, {'id': 5779512395, 'qualifierId': 397}]",7fk82cjz0z5vq2ts3vmz8has5,D. O'Sullivan,,,North Carolina Courage,Home
2823733111,123,5,1,14,30,c3v2ohfuzoqmc8ljm65hi80sj,1,-0.6,70.5,2025-06-21T23:53:52.442Z,2025-06-22T01:54:00Z,"[{'id': 5777250313, 'qualifierId': 233, 'value': '127'}, {'id': 5777250303, 'qualifierId': 346}, {'id': 5777250301, 'qualifierId': 56, 'value': 'Back'}]",95tl8tonvm6czhwzd6i5ep756,B. Olivieri,,,Houston Dash,Away
2823733023,127,5,1,14,30,b4fbmos00gxtk8qnaqsm392p5,0,100.6,29.5,2025-06-21T23:53:52.442Z,2025-06-22T01:54:00Z,"[{'id': 5777249795, 'qualifierId': 56, 'value': 'Center'}, {'id': 5777249797, 'qualifierId': 346}, {'id': 5777250337, 'qualifierId': 233, 'value': '123'}]",7fk82cjz0z5vq2ts3vmz8has5,D. O'Sullivan,,,North Carolina Courage,Home
2823733197,124,1,1,15,1,c3v2ohfuzoqmc8ljm65hi80sj,1,4.9,49.6,2025-06-21T23:54:23.947Z,2025-06-21T23:55:04Z,"[{'id': 5777250787, 'qualifierId': 141, 'value': '66.9'}, {'id': 5777252407, 'qualifierId': 189}, {'id': 5777250795, 'qualifierId': 237}, {'id': 5777250783, 'qualifierId': 56, 'value': 'Back'}, {'id': 5777250791, 'qualifierId': 213, 'value': '1.39'}, {'id': 5777250789, 'qualifierId': 212, 'value': '12.0'}, {'id': 5777250781, 'qualifierId': 124}, {'id': 5777250785, 'qualifierId': 140, 'value': '7.0'}]",53uflfknc5uus7iqw3obp5fx1,J. Campbell,,,Houston Dash,Away
2823733217,125,1,1,15,3,c3v2ohfuzoqmc8ljm65hi80sj,1,7.0,66.9,2025-06-21T23:54:25.058Z,2025-06-21T23:55:05Z,"[{'id': 5777250873, 'qualifierId': 141, 'value': '51.0'}, {'id': 5777250875, 'qualifierId': 212, 'value': '11.3'}, {'id': 5777250871, 'qualifierId': 140, 'value': '3.8'}, {'id': 5777252435, 'qualifierId': 189}, {'id': 5777250869, 'qualifierId': 56, 'value': 'Back'}, {'id': 5777250877, 'qualifierId': 213, 'value': '4.41'}]",8ruvr2jnsfdub02rdh8q88s89,P. Nielsen,,,Houston Dash,Away
2823733269,126,1,1,15,4,c3v2ohfuzoqmc8ljm65hi80sj,1,3.8,50.7,2025-06-21T23:54:26.874Z,2025-06-21T23:55:07Z,"[{'id': 5777251161, 'qualifierId': 212, 'value': '13.6'}, {'id': 5777252477, 'qualifierId': 189}, {'id': 5777251159, 'qualifierId': 141, 'value': '70.0'}, {'id': 5777251163, 'qualifierId': 213, 'value': '1.31'}, {'id': 5777251157, 'qualifierId': 140, 'value': '7.1'}, {'id': 5777251155, 'qualifierId': 56, 'value': 'Back'}]",53uflfknc5uus7iqw3obp5fx1,J. Campbell,,,Houston Dash,Away
2823733271,127,61,1,15,12,c3v2ohfuzoqmc8ljm65hi80sj,1,12.7,71.2,2025-06-21T23:54:34.058Z,2025-06-21T23:54:35Z,"[{'id': 5777251167, 'qualifierId': 56, 'value': 'Back'}, {'id': 5777251243, 'qualifierId': 189}]",8ruvr2jnsfdub02rdh8q88s89,P. Nielsen,,,Houston Dash,Away
2823733303,128,61,1,15,14,b4fbmos00gxtk8qnaqsm392p5,1,71.7,2.6,2025-06-21T23:54:36.904Z,2025-06-21T23:59:38Z,"[{'id': 5777251533, 'qualifierId': 189}, {'id': 5777251419, 'qualifierId': 56, 'value': 'Right'}]",1x229gvjahkxp7w02bh0v36ga,R. Williams,,,North Carolina Courage,Home
2823733365,128,5,1,15,15,c3v2ohfuzoqmc8ljm65hi80sj,1,26.4,101.7,2025-06-21T23:54:37.994Z,2025-06-22T01:54:00Z,"[{'id': 5777251769, 'qualifierId': 347}, {'id': 5777251767, 'qualifierId': 56, 'value': 'Back'}, {'id': 5777251787, 'qualifierId': 233, 'value': '129'}]",8ruvr2jnsfdub02rdh8q88s89,P. Nielsen,,,Houston Dash,Away
2823733307,129,5,1,15,15,b4fbmos00gxtk8qnaqsm392p5,0,73.6,-1.7,2025-06-21T23:54:37.994Z,2025-06-22T01:54:00Z,"[{'id': 5777251463, 'qualifierId': 347}, {'id': 5777251461, 'qualifierId': 56, 'value': 'Right'}, {'id': 5777251817, 'qualifierId': 233, 'value': '128'}]",1x229gvjahkxp7w02bh0v36ga,R. Williams,,,North Carolina Courage,Home
2823733377,129,1,1,15,23,c3v2ohfuzoqmc8ljm65hi80sj,1,21.2,100.0,2025-06-21T23:54:45.706Z,2025-06-21T23:55:02Z,"[{'id': 5777251865, 'qualifierId': 213, 'value': '3.78'}, {'id': 5777251861, 'qualifierId': 141, 'value': '87.5'}, {'id': 5777251855, 'qualifierId': 107}, {'id': 5777252315, 'qualifierId': 189}, {'id': 5777251857, 'qualifierId': 56, 'value': 'Back'}, {'id': 5777251863, 'qualifierId': 212, 'value': '15.8'}, {'id': 5777251859, 'qualifierId': 140, 'value': '9.1'}]",n4egj8ymfled94mco0lwa95,C. Westphal,,,Houston Dash,Away
2823733415,130,1,1,15,25,c3v2ohfuzoqmc8ljm65hi80sj,1,9.1,87.5,2025-06-21T23:54:47.466Z,2025-06-21T23:54:55Z,"[{'id': 5777252137, 'qualifierId': 212, 'value': '39.9'}, {'id': 5777252141, 'qualifierId': 1}, {'id': 5777252131, 'qualifierId': 56, 'value': 'Back'}, {'id': 5777252135, 'qualifierId': 141, 'value': '92.6'}, {'id': 5777252139, 'qualifierId': 213, 'value': '0.09'}, {'id': 5777252133, 'qualifierId': 140, 'value': '47.0'}, {'id': 5777252129, 'qualifierId': 157}]",8ruvr2jnsfdub02rdh8q88s89,P. Nielsen,,,Houston Dash,Away
2823733429,131,2,1,15,33,c3v2ohfuzoqmc8ljm65hi80sj,1,35.2,95.4,2025-06-21T23:54:55.562Z,2025-06-21T23:56:15Z,"[{'id': 5777252223, 'qualifierId': 140, 'value': '71.3'}, {'id': 5777252231, 'qualifierId': 1}, {'id': 5777252221, 'qualifierId': 56, 'value': 'Left'}, {'id': 5777252225, 'qualifierId': 141, 'value': '90.2'}, {'id': 5777254293, 'qualifierId': 7, 'value': '270qzf9ig52z04iu3ujnmstg4'}]",1xgse8t4dm0decmpzebsphvfu,Y. Ryan,,,Houston Dash,Away
2823733437,130,55,1,15,33,b4fbmos00gxtk8qnaqsm392p5,1,30.4,12.0,2025-06-21T23:54:55.563Z,2025-06-22T01:36:01Z,[],cbco4ht0d7uk1thgam6vc0ep6,M. Bell,,,North Carolina Courage,Home
2823733439,131,43,1,15,38,b4fbmos00gxtk8qnaqsm392p5,1,0.0,0.0,2025-06-21T23:55:00.660Z,2025-06-21T23:58:47Z,"[{'id': 5777257369, 'qualifierId': 144, 'value': '49'}]",3qj9t05behkav9okd8n2wywh5,C. Murphy,,,North Carolina Courage,Home
2823733549,132,1,1,15,58,b4fbmos00gxtk8qnaqsm392p5,1,29.1,51.9,2025-06-21T23:55:20.612Z,2025-06-21T23:59:44Z,"[{'id': 5777258481, 'qualifierId': 152}, {'id': 5777257375, 'qualifierId': 189}, {'id': 5777252903, 'qualifierId': 141, 'value': '46.0'}, {'id': 5777252899, 'qualifierId': 56, 'value': 'Back'}, {'id': 5777252901, 'qualifierId': 140, 'value': '31.9'}, {'id': 5777252905, 'qualifierId': 212, 'value': '5.0'}, {'id': 5777252907, 'qualifierId': 213, 'value': '5.34'}, {'id': 5777258479, 'qualifierId': 5}]",3qj9t05behkav9okd8n2wywh5,C. Murphy,,,North Carolina Courage,Home
2823733559,133,1,1,16,0,b4fbmos00gxtk8qnaqsm392p5,1,34.1,40.0,2025-06-21T23:55:22.876Z,2025-06-21T23:55:25Z,"[{'id': 5777252977, 'qualifierId': 1}, {'id': 5777252965, 'qualifierId': 155}, {'id': 5777252969, 'qualifierId': 140, 'value': '95.6'}, {'id': 5777252973, 'qualifierId': 212, 'value': '66.6'}, {'id': 5777252971, 'qualifierId': 141, 'value': '16.2'}, {'id': 5777252967, 'qualifierId': 56, 'value': 'Right'}, {'id': 5777252975, 'qualifierId': 213, 'value': '6.04'}]",1p3bwk03ay87hp2nwrl3tfxwq,K. Kurtz,,,North Carolina Courage,Home
2823733567,134,1,1,16,3,b4fbmos00gxtk8qnaqsm392p5,0,97.0,17.7,2025-06-21T23:55:25.468Z,2025-06-24T11:38:36Z,"[{'id': 5777253039, 'qualifierId': 140, 'value': '86.0'}, {'id': 5777253035, 'qualifierId': 56, 'value': 'Center'}, {'id': 5777253047, 'qualifierId': 212, 'value': '28.9'}, {'id': 5777253043, 'qualifierId': 141, 'value': '56.6'}, {'id': 5779512451, 'qualifierId': 224}, {'id': 5777253027, 'qualifierId': 2}, {'id': 5777253049, 'qualifierId': 213, 'value': '1.98'}, {'id': 5779512453, 'qualifierId': 20}]",1x229gvjahkxp7w02bh0v36ga,R. Williams,,,North Carolina Courage,Home
2823733591,132,49,1,16,8,c3v2ohfuzoqmc8ljm65hi80sj,1,15.2,55.5,2025-06-21T23:55:30.258Z,2025-06-21T23:55:30Z,[],61ucpn8qxos0kwaw0gdpqubys,A. Patterson,,,Houston Dash,Away
2823733619,133,1,1,16,8,c3v2ohfuzoqmc8ljm65hi80sj,1,15.1,56.0,2025-06-21T23:55:30.650Z,2025-06-21T23:55:35Z,"[{'id': 5777253315, 'qualifierId': 212, 'value': '29.8'}, {'id': 5777253309, 'qualifierId': 56, 'value': 'Back'}, {'id': 5777253311, 'qualifierId': 140, 'value': '35.6'}, {'id': 5777253313, 'qualifierId': 141, 'value': '86.3'}, {'id': 5777253317, 'qualifierId': 213, 'value': '0.76'}]",61ucpn8qxos0kwaw0gdpqubys,A. Patterson,,,Houston Dash,Away
2823733647,134,1,1,16,13,c3v2ohfuzoqmc8ljm65hi80sj,1,40.7,79.7,2025-06-21T23:55:35.562Z,2025-06-21T23:55:40Z,"[{'id': 5777253467, 'qualifierId': 213, 'value': '5.63'}, {'id': 5777253459, 'qualifierId': 56, 'value': 'Center'}, {'id': 5777253461, 'qualifierId': 140, 'value': '56.5'}, {'id': 5777253465, 'qualifierId': 212, 'value': '20.9'}, {'id': 5777253463, 'qualifierId': 141, 'value': '60.9'}]",270qzf9ig52z04iu3ujnmstg4,R. Gareis,,,Houston Dash,Away
2823733671,135,1,1,16,18,c3v2ohfuzoqmc8ljm65hi80sj,1,44.1,83.2,2025-06-21T23:55:40.250Z,2025-06-21T23:55:43Z,"[{'id': 5777253553, 'qualifierId': 140, 'value': '32.7'}, {'id': 5777253557, 'qualifierId': 212, 'value': '12.0'}, {'id': 5777253559, 'qualifierId': 213, 'value': '3.03'}, {'id': 5777253555, 'qualifierId': 141, 'value': '85.1'}, {'id': 5777253551, 'qualifierId': 56, 'value': 'Back'}]",1xgse8t4dm0decmpzebsphvfu,Y. Ryan,,,Houston Dash,Away
2823733677,136,1,1,16,21,c3v2ohfuzoqmc8ljm65hi80sj,1,33.8,83.9,2025-06-21T23:55:43.226Z,2025-06-21T23:55:44Z,"[{'id': 5777253579, 'qualifierId': 56, 'value': 'Back'}, {'id': 5777253587, 'qualifierId': 213, 'value': '3.53'}, {'id': 5777253583, 'qualifierId': 141, 'value': '77.2'}, {'id': 5777253581, 'qualifierId': 140, 'value': '23.1'}, {'id': 5777253585, 'qualifierId': 212, 'value': '12.1'}]",n4egj8ymfled94mco0lwa95,C. Westphal,,,Houston Dash,Away
2823733691,137,1,1,16,22,c3v2ohfuzoqmc8ljm65hi80sj,1,25.5,76.0,2025-06-21T23:55:44.843Z,2025-06-21T23:55:46Z,"[{'id': 5777253627, 'qualifierId': 56, 'value': 'Back'}, {'id': 5777253629, 'qualifierId': 140, 'value': '42.0'}, {'id': 5777253633, 'qualifierId': 212, 'value': '17.6'}, {'id': 5777253631, 'qualifierId': 141, 'value': '71.8'}, {'id': 5777253635, 'qualifierId': 213, 'value': '6.12'}]",8ruvr2jnsfdub02rdh8q88s89,P. Nielsen,,,Houston Dash,Away
2823733699,138,1,1,16,24,c3v2ohfuzoqmc8ljm65hi80sj,1,39.9,72.0,2025-06-21T23:55:46.138Z,2025-06-24T11:39:18Z,"[{'id': 5777253673, 'qualifierId': 140, 'value': '23.9'}, {'id': 5777253677, 'qualifierId': 212, 'value': '18.3'}, {'id': 5777253679, 'qualifierId': 213, 'value': '2.74'}, {'id': 5777253675, 'qualifierId': 141, 'value': '82.6'}, {'id': 5777253671, 'qualifierId': 56, 'value': 'Back'}]",6089nfwh31ha73pl7vlla75cl,S. Puntigam,,,Houston Dash,Away
2823733715,139,1,1,16,25,c3v2ohfuzoqmc8ljm65hi80sj,1,26.4,82.4,2025-06-21T23:55:47.409Z,2025-06-24T11:39:37Z,"[{'id': 5777253773, 'qualifierId': 212, 'value': '11.5'}, {'id': 5777253771, 'qualifierId': 141, 'value': '94.2'}, {'id': 5777253769, 'qualifierId': 140, 'value': '34.2'}, {'id': 5777253767, 'qualifierId': 56, 'value': 'Back'}, {'id': 5777253775, 'qualifierId': 213, 'value': '0.78'}]",8ruvr2jnsfdub02rdh8q88s89,P. Nielsen,,,Houston Dash,Away
2824135377,777,1,1,16,28,c3v2ohfuzoqmc8ljm65hi80sj,1,28.7,91.9,2025-06-21T23:55:51.015Z,2025-06-24T11:39:48Z,"[{'id': 5779512469, 'qualifierId': 212, 'value': '13.9'}, {'id': 5779512471, 'qualifierId': 213, 'value': '0.21'}, {'id': 5779512467, 'qualifierId': 141, 'value': '96.2'}, {'id': 5779512465, 'qualifierId': 140, 'value': '41.6'}, {'id': 5779512463, 'qualifierId': 56, 'value': 'Back'}]",n4egj8ymfled94mco0lwa95,C. Westphal,,,Houston Dash,Away
2823733723,140,1,1,16,29,c3v2ohfuzoqmc8ljm65hi80sj,1,38.5,91.8,2025-06-21T23:55:51.570Z,2025-06-21T23:55:56Z,"[{'id': 5777253811, 'qualifierId': 213, 'value': '0.16'}, {'id': 5777253807, 'qualifierId': 141, 'value': '95.7'}, {'id': 5777253809, 'qualifierId': 212, 'value': '16.3'}, {'id': 5777253805, 'qualifierId': 140, 'value': '53.8'}, {'id': 5777253803, 'qualifierId': 56, 'value': 'Left'}]",270qzf9ig52z04iu3ujnmstg4,R. Gareis,,,Houston Dash,Away
2823733725,135,83,1,16,34,b4fbmos00gxtk8qnaqsm392p5,0,38.6,6.8,2025-06-21T23:55:56.290Z,2025-06-24T11:40:10Z,"[{'id': 5779512487, 'qualifierId': 399, 'value': '1xgse8t4dm0decmpzebsphvfu'}]",7fk82cjz0z5vq2ts3vmz8has5,D. O'Sullivan,,,North Carolina Courage,Home
2823733739,141,43,1,16,34,c3v2ohfuzoqmc8ljm65hi80sj,1,0.0,0.0,2025-06-21T23:55:56.290Z,2025-06-24T11:40:11Z,"[{'id': 5777253931, 'qualifierId': 286, 'value': '0'}, {'id': 5777253929, 'qualifierId': 56, 'value': 'Left'}, {'id': 5779512491, 'qualifierId': 144, 'value': '3'}]",1xgse8t4dm0decmpzebsphvfu,Y. Ryan,,,Houston Dash,Away
2823733745,142,1,1,16,37,c3v2ohfuzoqmc8ljm65hi80sj,0,71.0,70.3,2025-06-21T23:55:59.779Z,2025-06-21T23:56:01Z,"[{'id': 5777253963, 'qualifierId': 141, 'value': '57.9'}, {'id': 5777253959, 'qualifierId': 56, 'value': 'Center'}, {'id': 5777253967, 'qualifierId': 213, 'value': '5.97'}, {'id': 5777253965, 'qualifierId': 212, 'value': '27.7'}, {'id': 5777253961, 'qualifierId': 140, 'value': '96.1'}]",1xgse8t4dm0decmpzebsphvfu,Y. Ryan,,,Houston Dash,Away
2823733751,136,52,1,16,41,b4fbmos00gxtk8qnaqsm392p5,1,2.1,43.3,2025-06-21T23:56:03.460Z,2025-06-24T11:40:26Z,"[{'id': 5779512497, 'qualifierId': 376}]",3qj9t05behkav9okd8n2wywh5,C. Murphy,,,North Carolina Courage,Home
2823733801,137,1,1,16,47,b4fbmos00gxtk8qnaqsm392p5,1,14.6,55.4,2025-06-21T23:56:09.628Z,2025-06-21T23:56:12Z,"[{'id': 5777254247, 'qualifierId': 141, 'value': '80.0'}, {'id': 5777254251, 'qualifierId': 213, 'value': '0.97'}, {'id': 5777254241, 'qualifierId': 123}, {'id': 5777254245, 'qualifierId': 140, 'value': '25.6'}, {'id': 5777254249, 'qualifierId': 212, 'value': '20.3'}, {'id': 5777254243, 'qualifierId': 56, 'value': 'Back'}]",3qj9t05behkav9okd8n2wywh5,C. Murphy,,,North Carolina Courage,Home
2823733807,138,1,1,16,50,b4fbmos00gxtk8qnaqsm392p5,1,32.7,89.0,2025-06-21T23:56:12.908Z,2025-06-21T23:56:14Z,"[{'id': 5777254263, 'qualifierId': 56, 'value': 'Back'}, {'id': 5777254265, 'qualifierId': 140, 'value': '31.0'}, {'id': 5777254271, 'qualifierId': 213, 'value': '4.53'}, {'id': 5777254267, 'qualifierId': 141, 'value': '74.7'}, {'id': 5777254269, 'qualifierId': 212, 'value': '9.9'}]",awme1kk0t2w81hc4xcup7k222,T. Lussi,,,North Carolina Courage,Home
2823733817,139,1,1,16,52,b4fbmos00gxtk8qnaqsm392p5,1,30.6,66.6,2025-06-21T23:56:14.572Z,2025-06-21T23:56:16Z,"[{'id': 5777254303, 'qualifierId': 213, 'value': '4.61'}, {'id': 5777254301, 'qualifierId': 212, 'value': '21.7'}, {'id': 5777254297, 'qualifierId': 140, 'value': '28.5'}, {'id': 5777254295, 'qualifierId': 56, 'value': 'Back'}, {'id': 5777254299, 'qualifierId': 141, 'value': '34.8'}]",bxj6bpjfxkumj112yoco9wahg,R. Jackson,,,North Carolina Courage,Home
2823733829,140,1,1,16,54,b4fbmos00gxtk8qnaqsm392p5,1,28.5,33.7,2025-06-21T23:56:16.348Z,2025-06-21T23:56:17Z,"[{'id': 5777254347, 'qualifierId': 212, 'value': '17.0'}, {'id': 5777254343, 'qualifierId': 140, 'value': '37.2'}, {'id': 5777254345, 'qualifierId': 141, 'value': '12.6'}, {'id': 5777254341, 'qualifierId': 56, 'value': 'Back'}, {'id': 5777254349, 'qualifierId': 213, 'value': '5.28'}]",cbco4ht0d7uk1thgam6vc0ep6,M. Bell,,,North Carolina Courage,Home
2823733831,141,1,1,16,55,b4fbmos00gxtk8qnaqsm392p5,1,36.4,10.1,2025-06-21T23:56:17.772Z,2025-06-21T23:56:19Z,"[{'id': 5777254357, 'qualifierId': 141, 'value': '33.4'}, {'id': 5777254361, 'qualifierId': 213, 'value': '1.26'}, {'id': 5777254355, 'qualifierId': 140, 'value': '41.2'}, {'id': 5777254359, 'qualifierId': 212, 'value': '16.6'}, {'id': 5777254353, 'qualifierId': 56, 'value': 'Back'}]",1x229gvjahkxp7w02bh0v36ga,R. Williams,,,North Carolina Courage,Home
2823733833,142,4,1,16,57,b4fbmos00gxtk8qnaqsm392p5,1,39.2,33.4,2025-06-21T23:56:19.572Z,2025-06-22T01:35:48Z,"[{'id': 5777254573, 'qualifierId': 233, 'value': '143'}, {'id': 5777254365, 'qualifierId': 56, 'value': 'Back'}, {'id': 5777254367, 'qualifierId': 286}, {'id': 5777254513, 'qualifierId': 152}, {'id': 5777254509, 'qualifierId': 13}, {'id': 5777254511, 'qualifierId': 295}]",7fk82cjz0z5vq2ts3vmz8has5,D. O'Sullivan,,,North Carolina Courage,Home
2823733861,143,4,1,16,57,c3v2ohfuzoqmc8ljm65hi80sj,0,60.8,66.6,2025-06-21T23:56:19.573Z,2025-06-22T01:35:48Z,"[{'id': 5777254571, 'qualifierId': 285}, {'id': 5777254567, 'qualifierId': 56, 'value': 'Center'}, {'id': 5777254577, 'qualifierId': 233, 'value': '142'}, {'id': 5777254565, 'qualifierId': 295}, {'id': 5777254569, 'qualifierId': 152}, {'id': 5777254563, 'qualifierId': 13}]",6089nfwh31ha73pl7vlla75cl,S. Puntigam,,,Houston Dash,Away
2823733883,143,1,1,17,13,b4fbmos00gxtk8qnaqsm392p5,1,33.9,42.1,2025-06-21T23:56:35.075Z,2025-06-21T23:56:37Z,"[{'id': 5777254713, 'qualifierId': 56, 'value': 'Back'}, {'id': 5777254719, 'qualifierId': 212, 'value': '32.0'}, {'id': 5777254711, 'qualifierId': 152}, {'id': 5777254709, 'qualifierId': 5}, {'id': 5777254715, 'qualifierId': 140, 'value': '44.8'}, {'id': 5777254717, 'qualifierId': 141, 'value': '86.0'}, {'id': 5777254721, 'qualifierId': 213, 'value': '1.20'}]",1p3bwk03ay87hp2nwrl3tfxwq,K. Kurtz,,,North Carolina Courage,Home
2823733889,144,1,1,17,15,b4fbmos00gxtk8qnaqsm392p5,1,45.8,90.3,2025-06-21T23:56:37.619Z,2025-06-21T23:56:39Z,"[{'id': 5777254759, 'qualifierId': 140, 'value': '61.4'}, {'id': 5777254763, 'qualifierId': 212, 'value': '16.7'}, {'id': 5777254757, 'qualifierId': 56, 'value': 'Left'}, {'id': 5777254761, 'qualifierId': 141, 'value': '95.4'}, {'id': 5777254765, 'qualifierId': 213, 'value': '0.21'}]",cqpdeqi0psfadqsgejcvdqqne,M. Berkely,,,North Carolina Courage,Home
2823733903,145,1,1,17,17,b4fbmos00gxtk8qnaqsm392p5,0,61.4,95.4,2025-06-21T23:56:39.140Z,2025-06-21T23:56:41Z,"[{'id': 5777254833, 'qualifierId': 140, 'value': '77.9'}, {'id': 5777254839, 'qualifierId': 213, 'value': '6.19'}, {'id': 5777254837, 'qualifierId': 212, 'value': '17.4'}, {'id': 5777254835, 'qualifierId': 141, 'value': '92.9'}, {'id': 5777254831, 'qualifierId': 56, 'value': 'Left'}]",awme1kk0t2w81hc4xcup7k222,T. Lussi,,,North Carolina Courage,Home
2823733913,144,49,1,17,21,c3v2ohfuzoqmc8ljm65hi80sj,1,16.6,7.4,2025-06-21T23:56:43.778Z,2025-06-21T23:56:43Z,[],8co65x7tuvynuqvket8okb7xl,N. Jacobs,,,Houston Dash,Away
2823733921,145,1,1,17,21,c3v2ohfuzoqmc8ljm65hi80sj,1,16.6,7.4,2025-06-21T23:56:44.049Z,2025-06-21T23:56:44Z,"[{'id': 5777254917, 'qualifierId': 212, 'value': '9.1'}, {'id': 5777254919, 'qualifierId': 213, 'value': '6.25'}, {'id': 5777254911, 'qualifierId': 56, 'value': 'Back'}, {'id': 5777254915, 'qualifierId': 141, 'value': '7.0'}, {'id': 5777254913, 'qualifierId': 140, 'value': '25.3'}]",8co65x7tuvynuqvket8okb7xl,N. Jacobs,,,Houston Dash,Away
2823733933,146,1,1,17,22,c3v2ohfuzoqmc8ljm65hi80sj,1,25.3,7.0,2025-06-21T23:56:44.858Z,2025-06-24T11:41:05Z,"[{'id': 5777254983, 'qualifierId': 213, 'value': '1.99'}, {'id': 5777254977, 'qualifierId': 140, 'value': '21.4'}, {'id': 5777254979, 'qualifierId': 141, 'value': '20.4'}, {'id': 5777254975, 'qualifierId': 56, 'value': 'Back'}, {'id': 5777254981, 'qualifierId': 212, 'value': '10.0'}, {'id': 5779512511, 'qualifierId': 156}]",61ucpn8qxos0kwaw0gdpqubys,A. Patterson,,,Houston Dash,Away
2823733935,147,1,1,17,23,c3v2ohfuzoqmc8ljm65hi80sj,0,22.3,20.0,2025-06-21T23:56:45.602Z,2025-06-22T00:18:22Z,"[{'id': 5777254995, 'qualifierId': 141, 'value': '29.7'}, {'id': 5777254991, 'qualifierId': 56, 'value': 'Back'}, {'id': 5777254997, 'qualifierId': 212, 'value': '22.5'}, {'id': 5777254999, 'qualifierId': 213, 'value': '0.30'}, {'id': 5777254993, 'qualifierId': 140, 'value': '42.8'}]",1c2boqmoi50esuelgdd96o06h,D. Colaprico,,,Houston Dash,Away
2823733929,146,8,1,17,24,b4fbmos00gxtk8qnaqsm392p5,1,56.9,65.8,2025-06-21T23:56:46.948Z,2025-06-24T11:41:16Z,"[{'id': 5779512515, 'qualifierId': 385}, {'id': 5777254933, 'qualifierId': 56, 'value': 'Center'}]",1p3bwk03ay87hp2nwrl3tfxwq,K. Kurtz,,,North Carolina Courage,Home
2823733941,148,44,1,17,27,c3v2ohfuzoqmc8ljm65hi80sj,1,21.1,30.2,2025-06-21T23:56:49.929Z,2025-06-22T01:45:30Z,"[{'id': 5777255039, 'qualifierId': 233, 'value': '147'}, {'id': 5777255037, 'qualifierId': 285}, {'id': 5777255035, 'qualifierId': 56, 'value': 'Back'}]",8co65x7tuvynuqvket8okb7xl,N. Jacobs,,,Houston Dash,Away
2823733939,147,44,1,17,27,b4fbmos00gxtk8qnaqsm392p5,0,78.9,69.8,2025-06-21T23:56:49.930Z,2025-06-22T01:45:30Z,"[{'id': 5777255043, 'qualifierId': 233, 'value': '148'}, {'id': 5777255031, 'qualifierId': 56, 'value': 'Center'}, {'id': 5777255033, 'qualifierId': 286}]",3ytdxf659yjtnml5zzpxl01k9,C. Vine,,,North Carolina Courage,Home
2823733945,149,12,1,17,28,c3v2ohfuzoqmc8ljm65hi80sj,1,15.6,31.8,2025-06-21T23:56:50.450Z,2025-06-21T23:56:52Z,"[{'id': 5777255067, 'qualifierId': 140, 'value': '34.1'}, {'id': 5777255071, 'qualifierId': 212, 'value': '19.8'}, {'id': 5777255073, 'qualifierId': 213, 'value': '6.10'}, {'id': 5777255069, 'qualifierId': 141, 'value': '26.4'}, {'id': 5777255065, 'qualifierId': 56, 'value': 'Back'}, {'id': 5777255089, 'qualifierId': 15}]",8co65x7tuvynuqvket8okb7xl,N. Jacobs,,,Houston Dash,Away
2824135383,778,1,1,17,29,c3v2ohfuzoqmc8ljm65hi80sj,1,29.1,26.5,2025-06-21T23:56:51.514Z,2025-06-24T11:41:46Z,"[{'id': 5779512529, 'qualifierId': 56, 'value': 'Back'}, {'id': 5779512533, 'qualifierId': 141, 'value': '20.5'}, {'id': 5779512525, 'qualifierId': 3}, {'id': 5779512531, 'qualifierId': 140, 'value': '40.0'}, {'id': 5779512535, 'qualifierId': 212, 'value': '12.2'}, {'id': 5779512527, 'qualifierId': 168}, {'id': 5779512537, 'qualifierId': 213, 'value': '5.94'}]",2sc4jlfmioa61d1vgpcz0pht6,D. Sheehan,,,Houston Dash,Away
2823733951,150,50,1,17,31,c3v2ohfuzoqmc8ljm65hi80sj,1,34.4,22.6,2025-06-21T23:56:53.738Z,2025-06-22T01:43:32Z,"[{'id': 5777255181, 'qualifierId': 286}, {'id': 5777255177, 'qualifierId': 233, 'value': '148'}, {'id': 5777255109, 'qualifierId': 56, 'value': 'Back'}]",95tl8tonvm6czhwzd6i5ep756,B. Olivieri,,,Houston Dash,Away
2823733963,148,7,1,17,31,b4fbmos00gxtk8qnaqsm392p5,0,65.6,77.4,2025-06-21T23:56:53.739Z,2025-06-24T11:42:13Z,"[{'id': 5777255153, 'qualifierId': 56, 'value': 'Center'}, {'id': 5779512559, 'qualifierId': 383}, {'id': 5777255173, 'qualifierId': 233, 'value': '150'}, {'id': 5777255155, 'qualifierId': 285}, {'id': 5779512561, 'qualifierId': 178}]",bxj6bpjfxkumj112yoco9wahg,R. Jackson,,,North Carolina Courage,Home
2824135385,779,61,1,17,31,c3v2ohfuzoqmc8ljm65hi80sj,1,37.8,20.2,2025-06-21T23:56:53.762Z,2025-06-24T11:42:08Z,"[{'id': 5779512543, 'qualifierId': 56, 'value': 'Back'}]",95tl8tonvm6czhwzd6i5ep756,B. Olivieri,,,Houston Dash,Away
2823733969,149,1,1,17,33,b4fbmos00gxtk8qnaqsm392p5,1,66.0,82.9,2025-06-21T23:56:55.843Z,2025-06-24T11:42:41Z,"[{'id': 5777255189, 'qualifierId': 212, 'value': '7.7'}, {'id': 5777255185, 'qualifierId': 140, 'value': '59.4'}, {'id': 5777255183, 'qualifierId': 56, 'value': 'Center'}, {'id': 5777255191, 'qualifierId': 213, 'value': '3.58'}, {'id': 5777255187, 'qualifierId': 141, 'value': '78.1'}]",awme1kk0t2w81hc4xcup7k222,T. Lussi,,,North Carolina Courage,Home
2824135393,836,49,1,17,33,b4fbmos00gxtk8qnaqsm392p5,1,62.8,78.4,2025-06-21T23:56:56.015Z,2025-06-24T11:42:39Z,[],bxj6bpjfxkumj112yoco9wahg,R. Jackson,,,North Carolina Courage,Home
2823733971,150,1,1,17,36,b4fbmos00gxtk8qnaqsm392p5,1,57.7,75.7,2025-06-21T23:56:59.003Z,2025-06-21T23:57:00Z,"[{'id': 5777255207, 'qualifierId': 213, 'value': '3.89'}, {'id': 5777255199, 'qualifierId': 56, 'value': 'Back'}, {'id': 5777255201, 'qualifierId': 140, 'value': '46.6'}, {'id': 5777255205, 'qualifierId': 212, 'value': '15.9'}, {'id': 5777255203, 'qualifierId': 141, 'value': '59.9'}]",bxj6bpjfxkumj112yoco9wahg,R. Jackson,,,North Carolina Courage,Home
2823733973,151,43,1,17,37,b4fbmos00gxtk8qnaqsm392p5,1,0.0,0.0,2025-06-21T23:57:00.011Z,2025-06-24T11:42:32Z,"[{'id': 5779512569, 'qualifierId': 144, 'value': '49'}]",1p3bwk03ay87hp2nwrl3tfxwq,K. Kurtz,,,North Carolina Courage,Home
2823733975,152,1,1,17,38,b4fbmos00gxtk8qnaqsm392p5,1,46.6,59.9,2025-06-21T23:57:00.227Z,2025-06-22T00:33:03Z,"[{'id': 5777255213, 'qualifierId': 56, 'value': 'Back'}, {'id': 5777255215, 'qualifierId': 140, 'value': '48.2'}, {'id': 5777255219, 'qualifierId': 212, 'value': '14.2'}, {'id': 5777255221, 'qualifierId': 213, 'value': '4.83'}, {'id': 5777255217, 'qualifierId': 141, 'value': '39.1'}]",1p3bwk03ay87hp2nwrl3tfxwq,K. Kurtz,,,North Carolina Courage,Home
2823733989,153,1,1,17,42,b4fbmos00gxtk8qnaqsm392p5,1,53.9,34.2,2025-06-21T23:57:04.540Z,2025-06-21T23:57:08Z,"[{'id': 5777255299, 'qualifierId': 141, 'value': '49.3'}, {'id': 5777255295, 'qualifierId': 56, 'value': 'Back'}, {'id': 5777255297, 'qualifierId': 140, 'value': '45.6'}, {'id': 5777255301, 'qualifierId': 212, 'value': '13.5'}, {'id': 5777255303, 'qualifierId': 213, 'value': '2.27'}]",cbco4ht0d7uk1thgam6vc0ep6,M. Bell,,,North Carolina Courage,Home
2823734009,154,1,1,17,46,b4fbmos00gxtk8qnaqsm392p5,1,50.7,58.2,2025-06-21T23:57:08.467Z,2025-06-21T23:57:11Z,"[{'id': 5777255363, 'qualifierId': 56, 'value': 'Center'}, {'id': 5777255365, 'qualifierId': 140, 'value': '66.1'}, {'id': 5777255371, 'qualifierId': 213, 'value': '6.10'}, {'id': 5777255367, 'qualifierId': 141, 'value': '53.7'}, {'id': 5777255369, 'qualifierId': 212, 'value': '16.5'}]",1p3bwk03ay87hp2nwrl3tfxwq,K. Kurtz,,,North Carolina Courage,Home
2824135395,780,83,1,17,48,c3v2ohfuzoqmc8ljm65hi80sj,1,33.3,48.7,2025-06-21T23:57:10.527Z,2025-06-24T11:43:06Z,"[{'id': 5779512597, 'qualifierId': 399, 'value': '90bm7jsl7sjqiel7u2tv0vgq2'}]",6089nfwh31ha73pl7vlla75cl,S. Puntigam,,,Houston Dash,Away
2823734013,155,1,1,17,49,b4fbmos00gxtk8qnaqsm392p5,1,63.5,62.1,2025-06-21T23:57:11.748Z,2025-06-21T23:57:13Z,"[{'id': 5777255387, 'qualifierId': 141, 'value': '78.8'}, {'id': 5777255385, 'qualifierId': 140, 'value': '59.9'}, {'id': 5777255389, 'qualifierId': 212, 'value': '12.0'}, {'id': 5777255383, 'qualifierId': 56, 'value': 'Center'}, {'id': 5777255391, 'qualifierId': 213, 'value': '1.89'}]",90bm7jsl7sjqiel7u2tv0vgq2,M. Matsukubo,,,North Carolina Courage,Home
2823734017,156,1,1,17,51,b4fbmos00gxtk8qnaqsm392p5,1,58.8,82.4,2025-06-21T23:57:13.660Z,2025-06-21T23:57:15Z,"[{'id': 5777255419, 'qualifierId': 141, 'value': '80.8'}, {'id': 5777255415, 'qualifierId': 56, 'value': 'Left'}, {'id': 5777255417, 'qualifierId': 140, 'value': '68.5'}, {'id': 5777255421, 'qualifierId': 212, 'value': '10.2'}, {'id': 5777255423, 'qualifierId': 213, 'value': '6.18'}]",cqpdeqi0psfadqsgejcvdqqne,M. Berkely,,,North Carolina Courage,Home
2823734031,157,1,1,17,53,b4fbmos00gxtk8qnaqsm392p5,1,65.8,85.6,2025-06-21T23:57:15.539Z,2025-06-21T23:57:17Z,"[{'id': 5777255473, 'qualifierId': 56, 'value': 'Left'}, {'id': 5777255479, 'qualifierId': 212, 'value': '8.9'}, {'id': 5777255475, 'qualifierId': 140, 'value': '72.5'}, {'id': 5777255481, 'qualifierId': 213, 'value': '0.65'}, {'id': 5777255477, 'qualifierId': 141, 'value': '93.5'}]",8afwde4025w5wxddyf2ouoine,S. Koyama,,,North Carolina Courage,Home
2823734037,158,1,1,17,55,b4fbmos00gxtk8qnaqsm392p5,1,72.3,93.3,2025-06-21T23:57:17.923Z,2025-06-21T23:57:19Z,"[{'id': 5777255501, 'qualifierId': 141, 'value': '85.7'}, {'id': 5777255505, 'qualifierId': 213, 'value': '3.87'}, {'id': 5777255503, 'qualifierId': 212, 'value': '7.7'}, {'id': 5777255499, 'qualifierId': 140, 'value': '66.8'}, {'id': 5777255497, 'qualifierId': 56, 'value': 'Left'}]",awme1kk0t2w81hc4xcup7k222,T. Lussi,,,North Carolina Courage,Home
2823734047,159,1,1,17,57,b4fbmos00gxtk8qnaqsm392p5,1,66.7,84.1,2025-06-21T23:57:19.259Z,2025-06-21T23:57:22Z,"[{'id': 5777255567, 'qualifierId': 212, 'value': '15.2'}, {'id': 5777255569, 'qualifierId': 213, 'value': '4.74'}, {'id': 5777255565, 'qualifierId': 141, 'value': '61.8'}, {'id': 5777255561, 'qualifierId': 56, 'value': 'Center'}, {'id': 5777255563, 'qualifierId': 140, 'value': '67.1'}]",8afwde4025w5wxddyf2ouoine,S. Koyama,,,North Carolina Courage,Home
2823734077,160,1,1,18,0,b4fbmos00gxtk8qnaqsm392p5,1,67.1,59.9,2025-06-21T23:57:22.379Z,2025-06-21T23:57:26Z,"[{'id': 5777255687, 'qualifierId': 141, 'value': '31.9'}, {'id': 5777255691, 'qualifierId': 213, 'value': '4.60'}, {'id': 5777255683, 'qualifierId': 56, 'value': 'Center'}, {'id': 5777255689, 'qualifierId': 212, 'value': '19.2'}, {'id': 5777255685, 'qualifierId': 140, 'value': '65.1'}]",bxj6bpjfxkumj112yoco9wahg,R. Jackson,,,North Carolina Courage,Home
2823734085,161,1,1,18,4,b4fbmos00gxtk8qnaqsm392p5,1,66.0,25.2,2025-06-21T23:57:26.651Z,2025-06-21T23:57:28Z,"[{'id': 5777255747, 'qualifierId': 213, 'value': '5.15'}, {'id': 5777255739, 'qualifierId': 56, 'value': 'Right'}, {'id': 5777255745, 'qualifierId': 212, 'value': '17.9'}, {'id': 5777255741, 'qualifierId': 140, 'value': '73.2'}, {'id': 5777255743, 'qualifierId': 141, 'value': '1.4'}]",cbco4ht0d7uk1thgam6vc0ep6,M. Bell,,,North Carolina Courage,Home
2823734087,162,1,1,18,6,b4fbmos00gxtk8qnaqsm392p5,1,73.2,1.4,2025-06-21T23:57:28.915Z,2025-06-21T23:57:29Z,"[{'id': 5777255753, 'qualifierId': 56, 'value': 'Right'}, {'id': 5777255755, 'qualifierId': 140, 'value': '73.7'}, {'id': 5777255759, 'qualifierId': 212, 'value': '8.4'}, {'id': 5777255761, 'qualifierId': 213, 'value': '1.51'}, {'id': 5777255757, 'qualifierId': 141, 'value': '13.7'}]",1x229gvjahkxp7w02bh0v36ga,R. Williams,,,North Carolina Courage,Home
2823734115,163,1,1,18,7,b4fbmos00gxtk8qnaqsm392p5,1,73.7,13.7,2025-06-21T23:57:29.739Z,2025-06-21T23:57:33Z,"[{'id': 5777255921, 'qualifierId': 212, 'value': '20.2'}, {'id': 5777255917, 'qualifierId': 140, 'value': '92.6'}, {'id': 5777255923, 'qualifierId': 213, 'value': '6.11'}, {'id': 5777255915, 'qualifierId': 56, 'value': 'Right'}, {'id': 5777255919, 'qualifierId': 141, 'value': '8.5'}]",7fk82cjz0z5vq2ts3vmz8has5,D. O'Sullivan,,,North Carolina Courage,Home
2823734133,164,1,1,18,11,b4fbmos00gxtk8qnaqsm392p5,1,97.9,30.3,2025-06-21T23:57:33.332Z,2025-06-24T11:46:00Z,"[{'id': 5777256027, 'qualifierId': 56, 'value': 'Center'}, {'id': 5777256029, 'qualifierId': 140, 'value': '93.6'}, {'id': 5777256191, 'qualifierId': 210, 'value': '15'}, {'id': 5777256033, 'qualifierId': 212, 'value': '10.2'}, {'id': 5777256193, 'qualifierId': 154}, {'id': 5777256035, 'qualifierId': 213, 'value': '2.03'}, {'id': 5779512641, 'qualifierId': 195}, {'id': 5777256031, 'qualifierId': 141, 'value': '43.8'}]",1x229gvjahkxp7w02bh0v36ga,R. Williams,1.0,,North Carolina Courage,Home
2823734135,165,15,1,18,13,b4fbmos00gxtk8qnaqsm392p5,1,94.9,43.0,2025-06-21T23:57:35.388Z,2025-06-24T11:46:13Z,"[{'id': 5777256197, 'qualifierId': 29}, {'id': 5777256053, 'qualifierId': 60}, {'id': 5777256207, 'qualifierId': 103, 'value': '24.1'}, {'id': 5777256055, 'qualifierId': 56, 'value': 'Center'}, {'id': 5777256051, 'qualifierId': 22}, {'id': 5777256087, 'qualifierId': 20}, {'id': 5777256213, 'qualifierId': 146, 'value': '99.0'}, {'id': 5777256215, 'qualifierId': 147, 'value': '48.4'}, {'id': 5777256209, 'qualifierId': 214}, {'id': 5777256211, 'qualifierId': 328}, {'id': 5777256205, 'qualifierId': 102, 'value': '48.4'}, {'id': 5777256201, 'qualifierId': 55, 'value': '164'}, {'id': 5777256219, 'qualifierId': 233, 'value': '151'}, {'id': 5777256199, 'qualifierId': 154}, {'id': 5777256195, 'qualifierId': 79}]",90bm7jsl7sjqiel7u2tv0vgq2,M. Matsukubo,,,North Carolina Courage,Home
2823734129,151,10,1,18,13,c3v2ohfuzoqmc8ljm65hi80sj,1,2.2,53.6,2025-06-21T23:57:35.488Z,2025-06-24T11:46:18Z,"[{'id': 5777256097, 'qualifierId': 174}, {'id': 5777256223, 'qualifierId': 233, 'value': '165'}, {'id': 5777256007, 'qualifierId': 182}, {'id': 5777256005, 'qualifierId': 178}, {'id': 5779512655, 'qualifierId': 378}, {'id': 5777256009, 'qualifierId': 56, 'value': 'Back'}]",53uflfknc5uus7iqw3obp5fx1,J. Campbell,,,Houston Dash,Away
2823734137,152,52,1,18,14,c3v2ohfuzoqmc8ljm65hi80sj,1,2.6,50.3,2025-06-21T23:57:36.330Z,2025-06-24T11:46:23Z,"[{'id': 5779512659, 'qualifierId': 378}]",53uflfknc5uus7iqw3obp5fx1,J. Campbell,,,Houston Dash,Away
2823734179,153,1,1,18,35,c3v2ohfuzoqmc8ljm65hi80sj,1,14.7,51.2,2025-06-21T23:57:57.410Z,2025-06-21T23:58:01Z,"[{'id': 5777256407, 'qualifierId': 189}, {'id': 5777256329, 'qualifierId': 56, 'value': 'Back'}, {'id': 5777256333, 'qualifierId': 141, 'value': '65.2'}, {'id': 5777256335, 'qualifierId': 212, 'value': '11.1'}, {'id': 5777256331, 'qualifierId': 140, 'value': '20.2'}, {'id': 5777256327, 'qualifierId': 123}, {'id': 5777256337, 'qualifierId': 213, 'value': '1.03'}]",53uflfknc5uus7iqw3obp5fx1,J. Campbell,,,Houston Dash,Away
2823734181,154,61,1,18,37,c3v2ohfuzoqmc8ljm65hi80sj,1,20.2,65.2,2025-06-21T23:57:59.225Z,2025-06-21T23:57:59Z,"[{'id': 5777256371, 'qualifierId': 189}, {'id': 5777256345, 'qualifierId': 56, 'value': 'Back'}]",8ruvr2jnsfdub02rdh8q88s89,P. Nielsen,,,Houston Dash,Away
2823734245,166,1,1,18,53,b4fbmos00gxtk8qnaqsm392p5,1,37.7,73.5,2025-06-21T23:58:15.491Z,2025-06-21T23:58:16Z,"[{'id': 5777256741, 'qualifierId': 212, 'value': '4.5'}, {'id': 5777256739, 'qualifierId': 141, 'value': '66.9'}, {'id': 5777256737, 'qualifierId': 140, 'value': '37.2'}, {'id': 5777256743, 'qualifierId': 213, 'value': '4.60'}, {'id': 5777256735, 'qualifierId': 56, 'value': 'Back'}]",awme1kk0t2w81hc4xcup7k222,T. Lussi,,,North Carolina Courage,Home
2823734247,167,49,1,18,54,b4fbmos00gxtk8qnaqsm392p5,1,37.2,66.9,2025-06-21T23:58:16.908Z,2025-06-21T23:58:17Z,[],bxj6bpjfxkumj112yoco9wahg,R. Jackson,,,North Carolina Courage,Home
2823734255,168,1,1,18,55,b4fbmos00gxtk8qnaqsm392p5,1,37.2,66.9,2025-06-21T23:58:17.187Z,2025-06-21T23:58:19Z,"[{'id': 5777256791, 'qualifierId': 212, 'value': '14.8'}, {'id': 5777256785, 'qualifierId': 56, 'value': 'Back'}, {'id': 5777256793, 'qualifierId': 213, 'value': '2.66'}, {'id': 5777256787, 'qualifierId': 140, 'value': '24.7'}, {'id': 5777256789, 'qualifierId': 141, 'value': '76.9'}]",bxj6bpjfxkumj112yoco9wahg,R. Jackson,,,North Carolina Courage,Home
2823734273,169,1,1,18,57,b4fbmos00gxtk8qnaqsm392p5,1,23.6,83.2,2025-06-21T23:58:19.315Z,2025-06-21T23:58:22Z,"[{'id': 5777256871, 'qualifierId': 56, 'value': 'Back'}, {'id': 5777256875, 'qualifierId': 141, 'value': '48.7'}, {'id': 5777256877, 'qualifierId': 212, 'value': '28.4'}, {'id': 5777256879, 'qualifierId': 213, 'value': '4.12'}, {'id': 5777256873, 'qualifierId': 140, 'value': '8.4'}]",cqpdeqi0psfadqsgejcvdqqne,M. Berkely,,,North Carolina Courage,Home
2823734281,170,1,1,19,0,b4fbmos00gxtk8qnaqsm392p5,1,9.3,45.8,2025-06-21T23:58:22.883Z,2025-06-21T23:58:26Z,"[{'id': 5777256921, 'qualifierId': 213, 'value': '5.51'}, {'id': 5777256917, 'qualifierId': 141, 'value': '14.1'}, {'id': 5777256911, 'qualifierId': 155}, {'id': 5777256915, 'qualifierId': 140, 'value': '30.5'}, {'id': 5777256919, 'qualifierId': 212, 'value': '31.0'}, {'id': 5777256913, 'qualifierId': 56, 'value': 'Back'}]",3qj9t05behkav9okd8n2wywh5,C. Murphy,,,North Carolina Courage,Home
2823734283,171,61,1,19,3,b4fbmos00gxtk8qnaqsm392p5,0,29.8,11.4,2025-06-21T23:58:25.987Z,2025-06-21T23:58:26Z,"[{'id': 5777256929, 'qualifierId': 56, 'value': 'Back'}]",1x229gvjahkxp7w02bh0v36ga,R. Williams,,,North Carolina Courage,Home
2823734303,155,5,1,19,4,c3v2ohfuzoqmc8ljm65hi80sj,1,68.8,101.7,2025-06-21T23:58:26.635Z,2025-06-22T01:54:01Z,"[{'id': 5777257015, 'qualifierId': 233, 'value': '172'}, {'id': 5777257011, 'qualifierId': 56, 'value': 'Left'}, {'id': 5777257013, 'qualifierId': 347}]",1xgse8t4dm0decmpzebsphvfu,Y. Ryan,,,Houston Dash,Away
2823734285,172,5,1,19,4,b4fbmos00gxtk8qnaqsm392p5,0,31.2,-1.7,2025-06-21T23:58:26.635Z,2025-06-22T01:54:01Z,"[{'id': 5777257019, 'qualifierId': 233, 'value': '155'}, {'id': 5777256941, 'qualifierId': 347}, {'id': 5777256939, 'qualifierId': 56, 'value': 'Back'}]",1x229gvjahkxp7w02bh0v36ga,R. Williams,,,North Carolina Courage,Home
2823734309,156,1,1,19,9,c3v2ohfuzoqmc8ljm65hi80sj,1,65.7,100.0,2025-06-21T23:58:31.074Z,2025-06-21T23:58:33Z,"[{'id': 5777257059, 'qualifierId': 141, 'value': '89.4'}, {'id': 5777257055, 'qualifierId': 56, 'value': 'Left'}, {'id': 5777257053, 'qualifierId': 107}, {'id': 5777257057, 'qualifierId': 140, 'value': '65.0'}, {'id': 5777257063, 'qualifierId': 213, 'value': '4.62'}, {'id': 5777257061, 'qualifierId': 212, 'value': '8.2'}]",n4egj8ymfled94mco0lwa95,C. Westphal,,,Houston Dash,Away
2823734313,157,1,1,19,11,c3v2ohfuzoqmc8ljm65hi80sj,1,65.4,88.3,2025-06-21T23:58:33.218Z,2025-06-21T23:58:34Z,"[{'id': 5777257081, 'qualifierId': 140, 'value': '63.7'}, {'id': 5777257085, 'qualifierId': 212, 'value': '5.7'}, {'id': 5777257083, 'qualifierId': 141, 'value': '96.3'}, {'id': 5777257087, 'qualifierId': 213, 'value': '1.89'}, {'id': 5777257079, 'qualifierId': 56, 'value': 'Left'}]",2sc4jlfmioa61d1vgpcz0pht6,D. Sheehan,,,Houston Dash,Away
2823734327,158,1,1,19,12,c3v2ohfuzoqmc8ljm65hi80sj,1,63.9,96.3,2025-06-21T23:58:34.570Z,2025-06-21T23:58:39Z,"[{'id': 5777257167, 'qualifierId': 212, 'value': '6.7'}, {'id': 5777257163, 'qualifierId': 140, 'value': '68.9'}, {'id': 5777257169, 'qualifierId': 213, 'value': '5.61'}, {'id': 5777257161, 'qualifierId': 56, 'value': 'Left'}, {'id': 5777257165, 'qualifierId': 141, 'value': '90.2'}]",n4egj8ymfled94mco0lwa95,C. Westphal,,,Houston Dash,Away
2823734343,159,1,1,19,17,c3v2ohfuzoqmc8ljm65hi80sj,1,70.2,84.4,2025-06-21T23:58:39.226Z,2025-06-21T23:58:43Z,"[{'id': 5777257245, 'qualifierId': 56, 'value': 'Left'}, {'id': 5777257253, 'qualifierId': 213, 'value': '3.15'}, {'id': 5777257249, 'qualifierId': 141, 'value': '84.2'}, {'id': 5777257247, 'qualifierId': 140, 'value': '53.3'}, {'id': 5777257251, 'qualifierId': 212, 'value': '17.7'}]",2sc4jlfmioa61d1vgpcz0pht6,D. Sheehan,,,Houston Dash,Away
2823734347,160,1,1,19,20,c3v2ohfuzoqmc8ljm65hi80sj,1,53.7,84.2,2025-06-21T23:58:42.993Z,2025-06-21T23:58:43Z,"[{'id': 5777257271, 'qualifierId': 141, 'value': '89.0'}, {'id': 5777257267, 'qualifierId': 56, 'value': 'Left'}, {'id': 5777257269, 'qualifierId': 140, 'value': '62.6'}, {'id': 5777257275, 'qualifierId': 213, 'value': '0.34'}, {'id': 5777257273, 'qualifierId': 212, 'value': '9.9'}]",8ruvr2jnsfdub02rdh8q88s89,P. Nielsen,,,Houston Dash,Away
2823734365,161,1,1,19,21,c3v2ohfuzoqmc8ljm65hi80sj,1,62.6,89.0,2025-06-21T23:58:43.938Z,2025-06-21T23:58:47Z,"[{'id': 5777257359, 'qualifierId': 140, 'value': '51.5'}, {'id': 5777257363, 'qualifierId': 212, 'value': '11.8'}, {'id': 5777257357, 'qualifierId': 56, 'value': 'Left'}, {'id': 5777257361, 'qualifierId': 141, 'value': '85.9'}, {'id': 5777257365, 'qualifierId': 213, 'value': '3.32'}]",n4egj8ymfled94mco0lwa95,C. Westphal,,,Houston Dash,Away
2823734367,162,1,1,19,25,c3v2ohfuzoqmc8ljm65hi80sj,1,58.2,81.5,2025-06-21T23:58:47.738Z,2025-06-21T23:58:53Z,"[{'id': 5777257389, 'qualifierId': 141, 'value': '49.1'}, {'id': 5777257393, 'qualifierId': 213, 'value': '4.21'}, {'id': 5777257385, 'qualifierId': 56, 'value': 'Back'}, {'id': 5777257383, 'qualifierId': 155}, {'id': 5777257391, 'qualifierId': 212, 'value': '25.1'}, {'id': 5777257387, 'qualifierId': 140, 'value': '46.8'}]",8ruvr2jnsfdub02rdh8q88s89,P. Nielsen,,,Houston Dash,Away
2823734375,163,1,1,19,30,c3v2ohfuzoqmc8ljm65hi80sj,1,56.1,39.8,2025-06-21T23:58:53.050Z,2025-06-21T23:58:55Z,"[{'id': 5777257451, 'qualifierId': 140, 'value': '67.0'}, {'id': 5777257455, 'qualifierId': 212, 'value': '20.9'}, {'id': 5777257453, 'qualifierId': 141, 'value': '14.0'}, {'id': 5777257457, 'qualifierId': 213, 'value': '5.29'}, {'id': 5777257449, 'qualifierId': 56, 'value': 'Right'}]",8co65x7tuvynuqvket8okb7xl,N. Jacobs,,,Houston Dash,Away
2823734381,164,1,1,19,33,c3v2ohfuzoqmc8ljm65hi80sj,1,64.0,12.9,2025-06-21T23:58:55.601Z,2025-06-21T23:58:58Z,"[{'id': 5777257487, 'qualifierId': 56, 'value': 'Center'}, {'id': 5777257489, 'qualifierId': 140, 'value': '64.8'}, {'id': 5777257493, 'qualifierId': 212, 'value': '15.2'}, {'id': 5777257491, 'qualifierId': 141, 'value': '35.2'}, {'id': 5777257495, 'qualifierId': 213, 'value': '1.52'}]",95tl8tonvm6czhwzd6i5ep756,B. Olivieri,,,Houston Dash,Away
2823734385,165,1,1,19,36,c3v2ohfuzoqmc8ljm65hi80sj,1,64.8,35.4,2025-06-21T23:58:58.377Z,2025-06-24T11:53:08Z,"[{'id': 5777257513, 'qualifierId': 212, 'value': '10.0'}, {'id': 5777257511, 'qualifierId': 141, 'value': '25.6'}, {'id': 5777257509, 'qualifierId': 140, 'value': '57.7'}, {'id': 5777257507, 'qualifierId': 56, 'value': 'Center'}, {'id': 5777257515, 'qualifierId': 213, 'value': '3.87'}]",2sc4jlfmioa61d1vgpcz0pht6,D. Sheehan,,,Houston Dash,Away
2823734393,166,1,1,19,38,c3v2ohfuzoqmc8ljm65hi80sj,1,57.7,25.5,2025-06-21T23:59:00.241Z,2025-06-21T23:59:01Z,"[{'id': 5777257557, 'qualifierId': 212, 'value': '16.2'}, {'id': 5777257559, 'qualifierId': 213, 'value': '5.42'}, {'id': 5777257555, 'qualifierId': 141, 'value': '7.4'}, {'id': 5777257551, 'qualifierId': 56, 'value': 'Right'}, {'id': 5777257553, 'qualifierId': 140, 'value': '67.7'}]",8co65x7tuvynuqvket8okb7xl,N. Jacobs,,,Houston Dash,Away
2823734413,167,1,1,19,39,c3v2ohfuzoqmc8ljm65hi80sj,1,66.6,6.1,2025-06-21T23:59:01.394Z,2025-06-21T23:59:06Z,"[{'id': 5777257727, 'qualifierId': 141, 'value': '7.1'}, {'id': 5777257725, 'qualifierId': 140, 'value': '85.7'}, {'id': 5777257729, 'qualifierId': 212, 'value': '20.1'}, {'id': 5777257723, 'qualifierId': 56, 'value': 'Right'}, {'id': 5777257731, 'qualifierId': 213, 'value': '0.03'}]",95tl8tonvm6czhwzd6i5ep756,B. Olivieri,,,Houston Dash,Away
2823734417,168,3,1,19,44,c3v2ohfuzoqmc8ljm65hi80sj,0,86.0,8.8,2025-06-21T23:59:06.282Z,2025-06-24T11:53:24Z,"[{'id': 5777257759, 'qualifierId': 286}, {'id': 5779512759, 'qualifierId': 465}, {'id': 5777257757, 'qualifierId': 56, 'value': 'Right'}, {'id': 5777257761, 'qualifierId': 211}]",6089nfwh31ha73pl7vlla75cl,S. Puntigam,,,Houston Dash,Away
2823734421,173,49,1,19,46,b4fbmos00gxtk8qnaqsm392p5,1,14.3,85.4,2025-06-21T23:59:08.203Z,2025-06-21T23:59:08Z,[],awme1kk0t2w81hc4xcup7k222,T. Lussi,,,North Carolina Courage,Home
2823734441,174,12,1,19,49,b4fbmos00gxtk8qnaqsm392p5,1,5.8,95.1,2025-06-21T23:59:11.054Z,2025-06-21T23:59:12Z,"[{'id': 5777257843, 'qualifierId': 140, 'value': '14.3'}, {'id': 5777257859, 'qualifierId': 167}, {'id': 5777257841, 'qualifierId': 56, 'value': 'Back'}, {'id': 5777257845, 'qualifierId': 141, 'value': '100.0'}, {'id': 5777257847, 'qualifierId': 212, 'value': '10.0'}, {'id': 5777257849, 'qualifierId': 213, 'value': '0.46'}]",awme1kk0t2w81hc4xcup7k222,T. Lussi,,,North Carolina Courage,Home
2823734457,169,5,1,19,49,c3v2ohfuzoqmc8ljm65hi80sj,1,86.7,-1.6,2025-06-21T23:59:11.602Z,2025-06-22T01:54:01Z,"[{'id': 5777257887, 'qualifierId': 347}, {'id': 5777257885, 'qualifierId': 56, 'value': 'Right'}, {'id': 5777257895, 'qualifierId': 233, 'value': '175'}]",6089nfwh31ha73pl7vlla75cl,S. Puntigam,,,Houston Dash,Away
2823734443,175,5,1,19,49,b4fbmos00gxtk8qnaqsm392p5,0,13.3,101.6,2025-06-21T23:59:11.602Z,2025-06-22T01:54:01Z,"[{'id': 5777257851, 'qualifierId': 56, 'value': 'Back'}, {'id': 5777257905, 'qualifierId': 233, 'value': '169'}, {'id': 5777257853, 'qualifierId': 347}]",awme1kk0t2w81hc4xcup7k222,T. Lussi,,,North Carolina Courage,Home
2823734479,170,1,1,19,52,c3v2ohfuzoqmc8ljm65hi80sj,1,88.9,0.0,2025-06-21T23:59:14.546Z,2025-06-21T23:59:19Z,"[{'id': 5777257999, 'qualifierId': 141, 'value': '25.3'}, {'id': 5777257995, 'qualifierId': 56, 'value': 'Center'}, {'id': 5777257993, 'qualifierId': 107}, {'id': 5777257997, 'qualifierId': 140, 'value': '74.5'}, {'id': 5777258003, 'qualifierId': 213, 'value': '2.26'}, {'id': 5777258001, 'qualifierId': 212, 'value': '23.7'}, {'id': 5777258005, 'qualifierId': 1}]",61ucpn8qxos0kwaw0gdpqubys,A. Patterson,,,Houston Dash,Away
2823734493,171,1,1,19,57,c3v2ohfuzoqmc8ljm65hi80sj,1,75.9,32.7,2025-06-21T23:59:19.298Z,2025-06-21T23:59:21Z,"[{'id': 5777258103, 'qualifierId': 213, 'value': '1.54'}, {'id': 5777258101, 'qualifierId': 212, 'value': '15.6'}, {'id': 5777258097, 'qualifierId': 140, 'value': '76.3'}, {'id': 5777258095, 'qualifierId': 56, 'value': 'Center'}, {'id': 5777258099, 'qualifierId': 141, 'value': '55.7'}]",2sc4jlfmioa61d1vgpcz0pht6,D. Sheehan,,,Houston Dash,Away
2823734511,172,1,1,19,59,c3v2ohfuzoqmc8ljm65hi80sj,1,75.9,56.4,2025-06-21T23:59:21.609Z,2025-06-21T23:59:24Z,"[{'id': 5777258173, 'qualifierId': 141, 'value': '74.1'}, {'id': 5777258171, 'qualifierId': 140, 'value': '83.6'}, {'id': 5777258175, 'qualifierId': 212, 'value': '14.5'}, {'id': 5777258177, 'qualifierId': 213, 'value': '0.98'}, {'id': 5777258169, 'qualifierId': 56, 'value': 'Center'}]",n4egj8ymfled94mco0lwa95,C. Westphal,,,Houston Dash,Away
2823734521,173,1,1,20,2,c3v2ohfuzoqmc8ljm65hi80sj,1,85.1,73.5,2025-06-21T23:59:24.138Z,2025-06-21T23:59:46Z,"[{'id': 5777258241, 'qualifierId': 56, 'value': 'Center'}, {'id': 5777258245, 'qualifierId': 141, 'value': '61.2'}, {'id': 5777258249, 'qualifierId': 213, 'value': '4.58'}, {'id': 5777258243, 'qualifierId': 140, 'value': '84.0'}, {'id': 5777258495, 'qualifierId': 210, 'value': '15'}, {'id': 5777258247, 'qualifierId': 212, 'value': '8.4'}]",270qzf9ig52z04iu3ujnmstg4,R. Gareis,1.0,,Houston Dash,Away
2823734523,174,15,1,20,5,c3v2ohfuzoqmc8ljm65hi80sj,1,81.8,56.8,2025-06-21T23:59:27.242Z,2025-06-24T11:54:18Z,"[{'id': 5777258517, 'qualifierId': 233, 'value': '176'}, {'id': 5777258257, 'qualifierId': 56, 'value': 'Center'}, {'id': 5777258507, 'qualifierId': 103, 'value': '19'}, {'id': 5777258497, 'qualifierId': 78}, {'id': 5777258453, 'qualifierId': 20}, {'id': 5779512767, 'qualifierId': 215}, {'id': 5777258505, 'qualifierId': 102, 'value': '50.0'}, {'id': 5777258501, 'qualifierId': 55, 'value': '173'}, {'id': 5777258255, 'qualifierId': 18}, {'id': 5777258515, 'qualifierId': 231, 'value': '50'}, {'id': 5777258511, 'qualifierId': 147, 'value': '52.7'}, {'id': 5777258457, 'qualifierId': 82}, {'id': 5777258509, 'qualifierId': 146, 'value': '90.8'}, {'id': 5777258499, 'qualifierId': 29}, {'id': 5777258513, 'qualifierId': 230, 'value': '98.9'}, {'id': 5777258253, 'qualifierId': 22}]",2sc4jlfmioa61d1vgpcz0pht6,D. Sheehan,,,Houston Dash,Away
2823734527,176,10,1,20,5,b4fbmos00gxtk8qnaqsm392p5,1,9.2,47.3,2025-06-21T23:59:27.342Z,2025-06-21T23:59:47Z,"[{'id': 5777258277, 'qualifierId': 94}, {'id': 5777258279, 'qualifierId': 56, 'value': 'Back'}, {'id': 5777258521, 'qualifierId': 233, 'value': '174'}]",1p3bwk03ay87hp2nwrl3tfxwq,K. Kurtz,,,North Carolina Courage,Home
2823734535,175,1,1,20,7,c3v2ohfuzoqmc8ljm65hi80sj,1,72.8,71.7,2025-06-21T23:59:29.754Z,2025-06-21T23:59:33Z,"[{'id': 5777258335, 'qualifierId': 213, 'value': '0.41'}, {'id': 5777258331, 'qualifierId': 141, 'value': '81.2'}, {'id': 5777258327, 'qualifierId': 56, 'value': 'Left'}, {'id': 5777258329, 'qualifierId': 140, 'value': '87.1'}, {'id': 5777258333, 'qualifierId': 212, 'value': '16.3'}]",n4egj8ymfled94mco0lwa95,C. Westphal,,,Houston Dash,Away
2823734549,176,1,1,20,11,c3v2ohfuzoqmc8ljm65hi80sj,0,92.8,81.2,2025-06-21T23:59:33.161Z,2025-06-24T11:55:26Z,"[{'id': 5777258375, 'qualifierId': 140, 'value': '93.1'}, {'id': 5777258371, 'qualifierId': 155}, {'id': 5777258379, 'qualifierId': 212, 'value': '3.3'}, {'id': 5779512789, 'qualifierId': 72}, {'id': 5777258373, 'qualifierId': 56, 'value': 'Center'}, {'id': 5777258369, 'qualifierId': 2}, {'id': 5777258377, 'qualifierId': 141, 'value': '76.4'}, {'id': 5777258383, 'qualifierId': 236}, {'id': 5779512787, 'qualifierId': 224}, {'id': 5777258389, 'qualifierId': 286}, {'id': 5777258385, 'qualifierId': 233, 'value': '177'}, {'id': 5777258381, 'qualifierId': 213, 'value': '4.81'}]",270qzf9ig52z04iu3ujnmstg4,R. Gareis,,,Houston Dash,Away
2823734545,177,12,1,20,11,b4fbmos00gxtk8qnaqsm392p5,1,4.7,17.7,2025-06-21T23:59:33.261Z,2025-06-21T23:59:36Z,"[{'id': 5777258399, 'qualifierId': 233, 'value': '176'}, {'id': 5777258365, 'qualifierId': 56, 'value': 'Back'}, {'id': 5777258363, 'qualifierId': 185}]",1x229gvjahkxp7w02bh0v36ga,R. Williams,,,North Carolina Courage,Home
2823734561,177,6,1,20,13,c3v2ohfuzoqmc8ljm65hi80sj,1,94.4,80.0,2025-06-21T23:59:35.834Z,2025-06-22T01:35:56Z,"[{'id': 5777258425, 'qualifierId': 233, 'value': '178'}, {'id': 5777258421, 'qualifierId': 56, 'value': 'Left'}, {'id': 5777258423, 'qualifierId': 73}]",270qzf9ig52z04iu3ujnmstg4,R. Gareis,,,Houston Dash,Away
2823734553,178,6,1,20,13,b4fbmos00gxtk8qnaqsm392p5,0,5.6,20.0,2025-06-21T23:59:35.834Z,2025-06-24T11:55:37Z,"[{'id': 5777258431, 'qualifierId': 233, 'value': '177'}, {'id': 5777258419, 'qualifierId': 73}, {'id': 5777258417, 'qualifierId': 56, 'value': 'Back'}]",1x229gvjahkxp7w02bh0v36ga,R. Williams,,,North Carolina Courage,Home
2823734613,178,1,1,20,56,c3v2ohfuzoqmc8ljm65hi80sj,0,99.5,99.5,2025-06-22T00:00:18.841Z,2025-06-24T11:55:51Z,"[{'id': 5777258815, 'qualifierId': 2}, {'id': 5777258827, 'qualifierId': 141, 'value': '49.7'}, {'id': 5777258819, 'qualifierId': 155}, {'id': 5779512795, 'qualifierId': 20}, {'id': 5777258825, 'qualifierId': 140, 'value': '89.9'}, {'id': 5777258833, 'qualifierId': 1}, {'id': 5777258821, 'qualifierId': 223}, {'id': 5777258817, 'qualifierId': 6}, {'id': 5777258829, 'qualifierId': 212, 'value': '35.3'}, {'id': 5777258831, 'qualifierId': 213, 'value': '4.42'}, {'id': 5777258823, 'qualifierId': 56, 'value': 'Center'}]",95tl8tonvm6czhwzd6i5ep756,B. Olivieri,,,Houston Dash,Away
2824135415,837,44,1,20,58,b4fbmos00gxtk8qnaqsm392p5,1,9.0,53.6,2025-06-22T00:00:20.653Z,2025-06-24T11:56:37Z,"[{'id': 5779512825, 'qualifierId': 285}, {'id': 5779512821, 'qualifierId': 56, 'value': 'Back'}, {'id': 5779512827, 'qualifierId': 233, 'value': '781'}]",1p3bwk03ay87hp2nwrl3tfxwq,K. Kurtz,,,North Carolina Courage,Home
2824135413,781,44,1,20,58,c3v2ohfuzoqmc8ljm65hi80sj,0,91.0,46.4,2025-06-22T00:00:20.654Z,2025-06-24T11:56:37Z,"[{'id': 5779512819, 'qualifierId': 286}, {'id': 5779512817, 'qualifierId': 56, 'value': 'Center'}, {'id': 5779512831, 'qualifierId': 233, 'value': '837'}]",2sc4jlfmioa61d1vgpcz0pht6,D. Sheehan,,,Houston Dash,Away
2823734615,179,12,1,21,1,b4fbmos00gxtk8qnaqsm392p5,1,8.4,49.1,2025-06-22T00:00:23.058Z,2025-06-22T00:00:24Z,"[{'id': 5777258853, 'qualifierId': 213, 'value': '6.12'}, {'id': 5777258845, 'qualifierId': 56, 'value': 'Back'}, {'id': 5777258847, 'qualifierId': 140, 'value': '23.1'}, {'id': 5777258849, 'qualifierId': 141, 'value': '45.4'}, {'id': 5777258851, 'qualifierId': 212, 'value': '15.6'}, {'id': 5777258857, 'qualifierId': 15}]",1p3bwk03ay87hp2nwrl3tfxwq,K. Kurtz,,,North Carolina Courage,Home
2823734625,180,43,1,21,5,b4fbmos00gxtk8qnaqsm392p5,1,0.0,0.0,2025-06-22T00:00:27.659Z,2025-06-22T00:01:10Z,"[{'id': 5777259831, 'qualifierId': 144, 'value': '61'}, {'id': 5777258871, 'qualifierId': 56, 'value': 'Back'}]",8afwde4025w5wxddyf2ouoine,S. Koyama,,,North Carolina Courage,Home
2823734627,179,15,1,21,6,c3v2ohfuzoqmc8ljm65hi80sj,1,73.2,57.3,2025-06-22T00:00:28.081Z,2025-06-24T11:57:09Z,"[{'id': 5777261353, 'qualifierId': 102, 'value': '50.5'}, {'id': 5777261355, 'qualifierId': 103, 'value': '19'}, {'id': 5777261351, 'qualifierId': 78}, {'id': 5779512857, 'qualifierId': 215}, {'id': 5777261257, 'qualifierId': 20}, {'id': 5777261359, 'qualifierId': 139}, {'id': 5777261365, 'qualifierId': 230, 'value': '99.1'}, {'id': 5777487457, 'qualifierId': 25}, {'id': 5777261361, 'qualifierId': 146, 'value': '76.2'}, {'id': 5777258879, 'qualifierId': 56, 'value': 'Center'}, {'id': 5777261363, 'qualifierId': 147, 'value': '56.1'}, {'id': 5777261367, 'qualifierId': 231, 'value': '48.9'}, {'id': 5777487459, 'qualifierId': 108}, {'id': 5777261261, 'qualifierId': 82}, {'id': 5777258877, 'qualifierId': 18}, {'id': 5777261357, 'qualifierId': 458}, {'id': 5777487461, 'qualifierId': 328}]",270qzf9ig52z04iu3ujnmstg4,R. Gareis,,,Houston Dash,Away
2824135429,782,61,1,21,7,c3v2ohfuzoqmc8ljm65hi80sj,1,78.1,55.3,2025-06-22T00:00:29.192Z,2025-06-24T11:59:39Z,"[{'id': 5779512973, 'qualifierId': 228}, {'id': 5779512965, 'qualifierId': 56, 'value': 'Center'}]",1c2boqmoi50esuelgdd96o06h,D. Colaprico,,,Houston Dash,Away
2823734635,180,1,1,21,9,c3v2ohfuzoqmc8ljm65hi80sj,1,75.1,41.5,2025-06-22T00:00:31.233Z,2025-06-22T00:00:34Z,"[{'id': 5777258913, 'qualifierId': 141, 'value': '13.4'}, {'id': 5777258915, 'qualifierId': 212, 'value': '25.0'}, {'id': 5777258909, 'qualifierId': 56, 'value': 'Right'}, {'id': 5777258911, 'qualifierId': 140, 'value': '90.4'}, {'id': 5777258917, 'qualifierId': 213, 'value': '5.41'}]",1xgse8t4dm0decmpzebsphvfu,Y. Ryan,,,Houston Dash,Away
2823734645,181,1,1,21,12,c3v2ohfuzoqmc8ljm65hi80sj,1,90.6,13.2,2025-06-22T00:00:34.649Z,2025-06-22T00:00:38Z,"[{'id': 5777258933, 'qualifierId': 56, 'value': 'Center'}, {'id': 5777258941, 'qualifierId': 213, 'value': '1.40'}, {'id': 5777258935, 'qualifierId': 140, 'value': '92.2'}, {'id': 5777258937, 'qualifierId': 141, 'value': '27.6'}, {'id': 5777258939, 'qualifierId': 212, 'value': '9.9'}]",2sc4jlfmioa61d1vgpcz0pht6,D. Sheehan,,,Houston Dash,Away
2823734649,182,61,1,21,16,c3v2ohfuzoqmc8ljm65hi80sj,0,88.5,27.1,2025-06-22T00:00:38.627Z,2025-06-22T00:00:38Z,"[{'id': 5777258959, 'qualifierId': 56, 'value': 'Center'}]",61ucpn8qxos0kwaw0gdpqubys,A. Patterson,,,Houston Dash,Away
2823734651,181,12,1,21,18,b4fbmos00gxtk8qnaqsm392p5,1,2.6,72.3,2025-06-22T00:00:40.611Z,2025-06-22T00:00:42Z,"[{'id': 5777259021, 'qualifierId': 167}, {'id': 5777258969, 'qualifierId': 140, 'value': '9.2'}, {'id': 5777258973, 'qualifierId': 212, 'value': '20.9'}, {'id': 5777258967, 'qualifierId': 56, 'value': 'Back'}, {'id': 5777258971, 'qualifierId': 141, 'value': '100.0'}, {'id': 5777258975, 'qualifierId': 213, 'value': '1.23'}]",1p3bwk03ay87hp2nwrl3tfxwq,K. Kurtz,,,North Carolina Courage,Home
2823734657,182,5,1,21,19,b4fbmos00gxtk8qnaqsm392p5,0,10.1,101.3,2025-06-22T00:00:41.484Z,2025-06-22T01:54:02Z,"[{'id': 5777259155, 'qualifierId': 233, 'value': '183'}, {'id': 5777258997, 'qualifierId': 347}, {'id': 5777258995, 'qualifierId': 56, 'value': 'Back'}]",1p3bwk03ay87hp2nwrl3tfxwq,K. Kurtz,,,North Carolina Courage,Home
2823734679,183,5,1,21,19,c3v2ohfuzoqmc8ljm65hi80sj,1,89.9,-1.3,2025-06-22T00:00:41.484Z,2025-06-22T01:54:02Z,"[{'id': 5777259129, 'qualifierId': 347}, {'id': 5777259127, 'qualifierId': 56, 'value': 'Right'}, {'id': 5777259135, 'qualifierId': 233, 'value': '182'}]",61ucpn8qxos0kwaw0gdpqubys,A. Patterson,,,Houston Dash,Away
2823734693,184,1,1,21,24,c3v2ohfuzoqmc8ljm65hi80sj,1,89.1,0.0,2025-06-22T00:00:46.098Z,2025-06-22T00:00:48Z,"[{'id': 5777259207, 'qualifierId': 141, 'value': '12.0'}, {'id': 5777259203, 'qualifierId': 56, 'value': 'Right'}, {'id': 5777259209, 'qualifierId': 212, 'value': '9.7'}, {'id': 5777259211, 'qualifierId': 213, 'value': '1.31'}, {'id': 5777259205, 'qualifierId': 140, 'value': '91.5'}, {'id': 5777259201, 'qualifierId': 107}]",2sc4jlfmioa61d1vgpcz0pht6,D. Sheehan,,,Houston Dash,Away
2823734711,185,1,1,21,26,c3v2ohfuzoqmc8ljm65hi80sj,1,91.6,12.3,2025-06-22T00:00:48.378Z,2025-06-24T12:00:19Z,"[{'id': 5777259345, 'qualifierId': 212, 'value': '6.6'}, {'id': 5777259341, 'qualifierId': 140, 'value': '87.6'}, {'id': 5779513021, 'qualifierId': 156}, {'id': 5777259343, 'qualifierId': 141, 'value': '4.9'}, {'id': 5777259347, 'qualifierId': 213, 'value': '4.02'}, {'id': 5777259339, 'qualifierId': 56, 'value': 'Right'}]",61ucpn8qxos0kwaw0gdpqubys,A. Patterson,,,Houston Dash,Away
2823734713,186,1,1,21,28,c3v2ohfuzoqmc8ljm65hi80sj,0,88.8,5.8,2025-06-22T00:00:50.833Z,2025-06-24T12:00:31Z,"[{'id': 5777259411, 'qualifierId': 286}, {'id': 5777259405, 'qualifierId': 236}, {'id': 5779513025, 'qualifierId': 386}, {'id': 5779513023, 'qualifierId': 225}, {'id': 5777259357, 'qualifierId': 140, 'value': '89.1'}, {'id': 5777259361, 'qualifierId': 212, 'value': '2.9'}, {'id': 5777259363, 'qualifierId': 213, 'value': '1.46'}, {'id': 5779513027, 'qualifierId': 20}, {'id': 5777259407, 'qualifierId': 233, 'value': '183'}, {'id': 5777259355, 'qualifierId': 56, 'value': 'Right'}, {'id': 5777259351, 'qualifierId': 2}, {'id': 5777259359, 'qualifierId': 141, 'value': '10.1'}]",2sc4jlfmioa61d1vgpcz0pht6,D. Sheehan,,,Houston Dash,Away
2823734721,183,12,1,21,28,b4fbmos00gxtk8qnaqsm392p5,1,8.5,93.9,2025-06-22T00:00:50.933Z,2025-06-22T00:00:52Z,"[{'id': 5777259421, 'qualifierId': 233, 'value': '186'}, {'id': 5777259401, 'qualifierId': 185}, {'id': 5777259403, 'qualifierId': 56, 'value': 'Back'}]",8afwde4025w5wxddyf2ouoine,S. Koyama,,,North Carolina Courage,Home
2824135431,783,61,1,21,30,c3v2ohfuzoqmc8ljm65hi80sj,1,84.3,8.9,2025-06-22T00:00:52.516Z,2025-06-24T12:00:45Z,"[{'id': 5779513029, 'qualifierId': 56, 'value': 'Right'}]",2sc4jlfmioa61d1vgpcz0pht6,D. Sheehan,,,Houston Dash,Away
2823734735,184,61,1,21,33,b4fbmos00gxtk8qnaqsm392p5,0,24.0,98.0,2025-06-22T00:00:55.402Z,2025-06-22T00:00:55Z,"[{'id': 5777259483, 'qualifierId': 56, 'value': 'Back'}]",3ytdxf659yjtnml5zzpxl01k9,C. Vine,,,North Carolina Courage,Home
2823734741,185,5,1,21,34,b4fbmos00gxtk8qnaqsm392p5,0,24.0,101.5,2025-06-22T00:00:56.106Z,2025-06-22T01:54:02Z,"[{'id': 5777259509, 'qualifierId': 56, 'value': 'Back'}, {'id': 5777259969, 'qualifierId': 233, 'value': '187'}, {'id': 5777259511, 'qualifierId': 347}]",3ytdxf659yjtnml5zzpxl01k9,C. Vine,,,North Carolina Courage,Home
2823734811,187,5,1,21,34,c3v2ohfuzoqmc8ljm65hi80sj,1,76.0,-1.5,2025-06-22T00:00:56.106Z,2025-06-22T01:54:02Z,"[{'id': 5777259953, 'qualifierId': 233, 'value': '185'}, {'id': 5777259935, 'qualifierId': 56, 'value': 'Right'}, {'id': 5777259937, 'qualifierId': 347}]",1xgse8t4dm0decmpzebsphvfu,Y. Ryan,,,Houston Dash,Away
2823734825,188,1,1,21,52,c3v2ohfuzoqmc8ljm65hi80sj,0,81.3,0.0,2025-06-22T00:01:14.137Z,2025-06-22T00:01:15Z,"[{'id': 5777260057, 'qualifierId': 213, 'value': '2.03'}, {'id': 5777260051, 'qualifierId': 140, 'value': '73.8'}, {'id': 5777260055, 'qualifierId': 212, 'value': '17.8'}, {'id': 5777260049, 'qualifierId': 56, 'value': 'Center'}, {'id': 5777260047, 'qualifierId': 107}, {'id': 5777260053, 'qualifierId': 141, 'value': '22.4'}]",61ucpn8qxos0kwaw0gdpqubys,A. Patterson,,,Houston Dash,Away
2823734827,186,8,1,21,54,b4fbmos00gxtk8qnaqsm392p5,1,29.5,84.1,2025-06-22T00:01:16.274Z,2025-06-24T12:01:20Z,"[{'id': 5779513035, 'qualifierId': 384}, {'id': 5777260061, 'qualifierId': 56, 'value': 'Back'}]",bxj6bpjfxkumj112yoco9wahg,R. Jackson,,,North Carolina Courage,Home
2823734839,187,1,1,21,55,b4fbmos00gxtk8qnaqsm392p5,0,31.5,68.3,2025-06-22T00:01:17.963Z,2025-06-24T12:01:39Z,"[{'id': 5779513057, 'qualifierId': 212, 'value': '17.0'}, {'id': 5779513061, 'qualifierId': 1}, {'id': 5779513059, 'qualifierId': 213, 'value': '5.17'}, {'id': 5777260109, 'qualifierId': 56, 'value': 'Back'}, {'id': 5779513055, 'qualifierId': 141, 'value': '45.8'}, {'id': 5779513051, 'qualifierId': 157}, {'id': 5779513053, 'qualifierId': 140, 'value': '38.6'}]",90bm7jsl7sjqiel7u2tv0vgq2,M. Matsukubo,,,North Carolina Courage,Home
2823734889,189,1,1,21,58,c3v2ohfuzoqmc8ljm65hi80sj,1,64.3,60.0,2025-06-22T00:01:20.130Z,2025-06-22T00:01:23Z,"[{'id': 5777260309, 'qualifierId': 212, 'value': '9.2'}, {'id': 5777260311, 'qualifierId': 213, 'value': '0.01'}, {'id': 5777260307, 'qualifierId': 141, 'value': '60.2'}, {'id': 5777260305, 'qualifierId': 140, 'value': '73.1'}, {'id': 5777260303, 'qualifierId': 56, 'value': 'Center'}]",n4egj8ymfled94mco0lwa95,C. Westphal,,,Houston Dash,Away
2823734905,190,1,1,22,1,c3v2ohfuzoqmc8ljm65hi80sj,1,71.3,60.0,2025-06-22T00:01:23.882Z,2025-06-22T00:01:27Z,"[{'id': 5777260413, 'qualifierId': 212, 'value': '7.7'}, {'id': 5777260409, 'qualifierId': 140, 'value': '71.5'}, {'id': 5777260411, 'qualifierId': 141, 'value': '48.7'}, {'id': 5777260407, 'qualifierId': 56, 'value': 'Center'}, {'id': 5777260415, 'qualifierId': 213, 'value': '4.74'}]",2sc4jlfmioa61d1vgpcz0pht6,D. Sheehan,,,Houston Dash,Away
2823734917,191,1,1,22,4,c3v2ohfuzoqmc8ljm65hi80sj,1,65.4,49.3,2025-06-22T00:01:26.954Z,2025-06-22T00:01:29Z,"[{'id': 5777260479, 'qualifierId': 213, 'value': '1.93'}, {'id': 5777260477, 'qualifierId': 212, 'value': '15.4'}, {'id': 5777260475, 'qualifierId': 141, 'value': '70.5'}, {'id': 5777260471, 'qualifierId': 56, 'value': 'Center'}, {'id': 5777260473, 'qualifierId': 140, 'value': '60.2'}]",1xgse8t4dm0decmpzebsphvfu,Y. Ryan,,,Houston Dash,Away
2823734921,192,1,1,22,7,c3v2ohfuzoqmc8ljm65hi80sj,1,60.0,70.5,2025-06-22T00:01:29.313Z,2025-06-22T00:01:31Z,"[{'id': 5777260497, 'qualifierId': 56, 'value': 'Left'}, {'id': 5777260499, 'qualifierId': 140, 'value': '71.2'}, {'id': 5777260503, 'qualifierId': 212, 'value': '17.4'}, {'id': 5777260505, 'qualifierId': 213, 'value': '0.83'}, {'id': 5777260501, 'qualifierId': 141, 'value': '89.4'}]",n4egj8ymfled94mco0lwa95,C. Westphal,,,Houston Dash,Away
2823734933,193,1,1,22,9,c3v2ohfuzoqmc8ljm65hi80sj,1,71.2,89.6,2025-06-22T00:01:31.089Z,2025-06-22T00:01:33Z,"[{'id': 5777260565, 'qualifierId': 140, 'value': '75.5'}, {'id': 5777260569, 'qualifierId': 212, 'value': '12.3'}, {'id': 5777260571, 'qualifierId': 213, 'value': '5.09'}, {'id': 5777260567, 'qualifierId': 141, 'value': '72.7'}, {'id': 5777260563, 'qualifierId': 56, 'value': 'Center'}]",270qzf9ig52z04iu3ujnmstg4,R. Gareis,,,Houston Dash,Away
2823734961,194,1,1,22,11,c3v2ohfuzoqmc8ljm65hi80sj,0,75.3,72.7,2025-06-22T00:01:33.201Z,2025-06-22T00:01:37Z,"[{'id': 5777260715, 'qualifierId': 141, 'value': '76.1'}, {'id': 5777260711, 'qualifierId': 56, 'value': 'Center'}, {'id': 5777260719, 'qualifierId': 213, 'value': '0.12'}, {'id': 5777260717, 'qualifierId': 212, 'value': '18.7'}, {'id': 5777260713, 'qualifierId': 140, 'value': '93.0'}]",2sc4jlfmioa61d1vgpcz0pht6,D. Sheehan,,,Houston Dash,Away
2823735039,188,12,1,22,20,b4fbmos00gxtk8qnaqsm392p5,1,6.1,22.4,2025-06-22T00:01:42.697Z,2025-06-22T00:01:57Z,"[{'id': 5777261093, 'qualifierId': 141, 'value': '20.9'}, {'id': 5777261089, 'qualifierId': 56, 'value': 'Back'}, {'id': 5777261095, 'qualifierId': 212, 'value': '1.3'}, {'id': 5777261091, 'qualifierId': 140, 'value': '6.9'}, {'id': 5777261107, 'qualifierId': 397}, {'id': 5777261097, 'qualifierId': 213, 'value': '5.40'}, {'id': 5777261109, 'qualifierId': 233, 'value': '195'}]",cbco4ht0d7uk1thgam6vc0ep6,M. Bell,,,North Carolina Courage,Home
2823734993,195,74,1,22,20,c3v2ohfuzoqmc8ljm65hi80sj,1,92.8,78.4,2025-06-22T00:01:42.698Z,2025-06-22T00:01:49Z,"[{'id': 5777260901, 'qualifierId': 56, 'value': 'Center'}, {'id': 5777260917, 'qualifierId': 397}, {'id': 5777260903, 'qualifierId': 285}, {'id': 5777261113, 'qualifierId': 233, 'value': '188'}]",6089nfwh31ha73pl7vlla75cl,S. Puntigam,,,Houston Dash,Away
2823735045,189,61,1,22,21,b4fbmos00gxtk8qnaqsm392p5,1,6.9,20.9,2025-06-22T00:01:43.082Z,2025-06-22T00:02:24Z,"[{'id': 5777261105, 'qualifierId': 56, 'value': 'Back'}]",cbco4ht0d7uk1thgam6vc0ep6,M. Bell,,,North Carolina Courage,Home
2823735047,190,6,1,22,25,b4fbmos00gxtk8qnaqsm392p5,0,6.8,21.3,2025-06-22T00:01:47.721Z,2025-06-24T12:02:17Z,"[{'id': 5777261141, 'qualifierId': 56, 'value': 'Back'}, {'id': 5777261165, 'qualifierId': 233, 'value': '196'}, {'id': 5777261143, 'qualifierId': 73}]",cbco4ht0d7uk1thgam6vc0ep6,M. Bell,,,North Carolina Courage,Home
2823735037,196,6,1,22,25,c3v2ohfuzoqmc8ljm65hi80sj,1,93.2,78.7,2025-06-22T00:01:47.721Z,2025-06-22T01:35:56Z,"[{'id': 5777261149, 'qualifierId': 233, 'value': '190'}, {'id': 5777261083, 'qualifierId': 56, 'value': 'Center'}, {'id': 5777261085, 'qualifierId': 73}]",6089nfwh31ha73pl7vlla75cl,S. Puntigam,,,Houston Dash,Away
2823735103,197,1,1,22,48,c3v2ohfuzoqmc8ljm65hi80sj,0,99.5,99.5,2025-06-22T00:02:10.609Z,2025-06-24T12:02:24Z,"[{'id': 5777261521, 'qualifierId': 223}, {'id': 5777261525, 'qualifierId': 140, 'value': '90.7'}, {'id': 5777261517, 'qualifierId': 6}, {'id': 5777261529, 'qualifierId': 212, 'value': '28.4'}, {'id': 5779513075, 'qualifierId': 20}, {'id': 5777261523, 'qualifierId': 56, 'value': 'Center'}, {'id': 5777261531, 'qualifierId': 213, 'value': '4.38'}, {'id': 5777261515, 'qualifierId': 2}, {'id': 5777261519, 'qualifierId': 155}, {'id': 5777261527, 'qualifierId': 141, 'value': '60.0'}]",95tl8tonvm6czhwzd6i5ep756,B. Olivieri,,,Houston Dash,Away
2823735107,191,12,1,22,51,b4fbmos00gxtk8qnaqsm392p5,1,10.3,36.7,2025-06-22T00:02:13.762Z,2025-06-24T12:02:37Z,"[{'id': 5777261559, 'qualifierId': 140, 'value': '27.7'}, {'id': 5777261563, 'qualifierId': 212, 'value': '20.3'}, {'id': 5777261557, 'qualifierId': 56, 'value': 'Back'}, {'id': 5777261561, 'qualifierId': 141, 'value': '49.6'}, {'id': 5777261565, 'qualifierId': 213, 'value': '0.45'}]",cqpdeqi0psfadqsgejcvdqqne,M. Berkely,,,North Carolina Courage,Home
2823735117,198,1,1,22,54,c3v2ohfuzoqmc8ljm65hi80sj,1,68.4,34.5,2025-06-22T00:02:16.786Z,2025-06-22T00:02:19Z,"[{'id': 5777261617, 'qualifierId': 212, 'value': '10.0'}, {'id': 5777261619, 'qualifierId': 213, 'value': '1.30'}, {'id': 5777261615, 'qualifierId': 141, 'value': '48.7'}, {'id': 5777261611, 'qualifierId': 56, 'value': 'Center'}, {'id': 5777261613, 'qualifierId': 140, 'value': '71.0'}]",1xgse8t4dm0decmpzebsphvfu,Y. Ryan,,,Houston Dash,Away
2823735119,199,1,1,22,57,c3v2ohfuzoqmc8ljm65hi80sj,1,73.4,53.1,2025-06-22T00:02:19.113Z,2025-06-24T12:02:54Z,"[{'id': 5777261635, 'qualifierId': 141, 'value': '53.3'}, {'id': 5777261631, 'qualifierId': 56, 'value': 'Center'}, {'id': 5777261639, 'qualifierId': 213, 'value': '3.13'}, {'id': 5777261637, 'qualifierId': 212, 'value': '13.9'}, {'id': 5777261633, 'qualifierId': 140, 'value': '60.2'}]",1c2boqmoi50esuelgdd96o06h,D. Colaprico,,,Houston Dash,Away
2823735135,200,1,1,22,58,c3v2ohfuzoqmc8ljm65hi80sj,1,60.2,53.3,2025-06-22T00:02:20.361Z,2025-06-22T00:02:23Z,"[{'id': 5777261717, 'qualifierId': 213, 'value': '0.96'}, {'id': 5777261715, 'qualifierId': 212, 'value': '21.4'}, {'id': 5777261709, 'qualifierId': 56, 'value': 'Left'}, {'id': 5777261711, 'qualifierId': 140, 'value': '71.9'}, {'id': 5777261713, 'qualifierId': 141, 'value': '79.1'}]",n4egj8ymfled94mco0lwa95,C. Westphal,,,Houston Dash,Away
2823735151,201,1,1,23,1,c3v2ohfuzoqmc8ljm65hi80sj,0,73.1,80.3,2025-06-22T00:02:23.873Z,2025-06-24T12:03:04Z,"[{'id': 5777261793, 'qualifierId': 2}, {'id': 5777261803, 'qualifierId': 212, 'value': '31.0'}, {'id': 5777261795, 'qualifierId': 155}, {'id': 5777261805, 'qualifierId': 213, 'value': '5.59'}, {'id': 5777261801, 'qualifierId': 141, 'value': '51.2'}, {'id': 5777261799, 'qualifierId': 140, 'value': '95.8'}, {'id': 5779513085, 'qualifierId': 72}, {'id': 5777261859, 'qualifierId': 233, 'value': '192'}, {'id': 5779513083, 'qualifierId': 224}, {'id': 5777261797, 'qualifierId': 56, 'value': 'Center'}]",8ruvr2jnsfdub02rdh8q88s89,P. Nielsen,,,Houston Dash,Away
2823735161,192,11,1,23,4,b4fbmos00gxtk8qnaqsm392p5,1,3.8,51.0,2025-06-22T00:02:26.993Z,2025-06-24T12:03:08Z,"[{'id': 5777261863, 'qualifierId': 233, 'value': '201'}, {'id': 5777261857, 'qualifierId': 88}, {'id': 5777261855, 'qualifierId': 56, 'value': 'Back'}, {'id': 5779513087, 'qualifierId': 378}]",3qj9t05behkav9okd8n2wywh5,C. Murphy,,,North Carolina Courage,Home
2823735185,193,1,1,23,13,b4fbmos00gxtk8qnaqsm392p5,1,15.0,49.4,2025-06-22T00:02:35.058Z,2025-06-22T00:02:37Z,"[{'id': 5777262063, 'qualifierId': 123}, {'id': 5777262073, 'qualifierId': 213, 'value': '1.19'}, {'id': 5777262065, 'qualifierId': 56, 'value': 'Back'}, {'id': 5777262069, 'qualifierId': 141, 'value': '72.6'}, {'id': 5777262071, 'qualifierId': 212, 'value': '17.0'}, {'id': 5777262067, 'qualifierId': 140, 'value': '21.1'}]",3qj9t05behkav9okd8n2wywh5,C. Murphy,,,North Carolina Courage,Home
2823735191,194,1,1,23,15,b4fbmos00gxtk8qnaqsm392p5,1,21.2,72.6,2025-06-22T00:02:37.081Z,2025-06-22T00:02:38Z,"[{'id': 5777262123, 'qualifierId': 141, 'value': '65.1'}, {'id': 5777262121, 'qualifierId': 140, 'value': '31.7'}, {'id': 5777262125, 'qualifierId': 212, 'value': '12.1'}, {'id': 5777262119, 'qualifierId': 56, 'value': 'Back'}, {'id': 5777262127, 'qualifierId': 213, 'value': '5.85'}]",cqpdeqi0psfadqsgejcvdqqne,M. Berkely,,,North Carolina Courage,Home
2823735213,195,1,1,23,16,b4fbmos00gxtk8qnaqsm392p5,1,31.7,65.1,2025-06-22T00:02:38.321Z,2025-06-22T00:02:41Z,"[{'id': 5777262239, 'qualifierId': 141, 'value': '29.8'}, {'id': 5777262237, 'qualifierId': 140, 'value': '27.0'}, {'id': 5777262243, 'qualifierId': 213, 'value': '4.51'}, {'id': 5777262235, 'qualifierId': 56, 'value': 'Back'}, {'id': 5777262241, 'qualifierId': 212, 'value': '24.5'}]",bxj6bpjfxkumj112yoco9wahg,R. Jackson,,,North Carolina Courage,Home
2823735231,196,1,1,23,18,b4fbmos00gxtk8qnaqsm392p5,1,28.3,27.7,2025-06-22T00:02:40.953Z,2025-06-22T00:02:43Z,"[{'id': 5777262317, 'qualifierId': 213, 'value': '5.29'}, {'id': 5777262313, 'qualifierId': 141, 'value': '2.6'}, {'id': 5777262315, 'qualifierId': 212, 'value': '20.3'}, {'id': 5777262309, 'qualifierId': 56, 'value': 'Back'}, {'id': 5777262311, 'qualifierId': 140, 'value': '38.8'}]",cbco4ht0d7uk1thgam6vc0ep6,M. Bell,,,North Carolina Courage,Home
2823735263,197,1,1,23,21,b4fbmos00gxtk8qnaqsm392p5,1,38.8,2.6,2025-06-22T00:02:43.801Z,2025-06-22T00:02:49Z,"[{'id': 5777262483, 'qualifierId': 140, 'value': '37.1'}, {'id': 5777262489, 'qualifierId': 213, 'value': '1.79'}, {'id': 5777262487, 'qualifierId': 212, 'value': '8.2'}, {'id': 5777262481, 'qualifierId': 56, 'value': 'Back'}, {'id': 5777262485, 'qualifierId': 141, 'value': '14.4'}]",1x229gvjahkxp7w02bh0v36ga,R. Williams,,,North Carolina Courage,Home
2823735273,198,1,1,23,27,b4fbmos00gxtk8qnaqsm392p5,1,48.1,23.7,2025-06-22T00:02:49.281Z,2025-06-22T00:02:50Z,"[{'id': 5777262511, 'qualifierId': 56, 'value': 'Back'}, {'id': 5777262515, 'qualifierId': 141, 'value': '26.2'}, {'id': 5777262519, 'qualifierId': 213, 'value': '3.00'}, {'id': 5777262513, 'qualifierId': 140, 'value': '37.0'}, {'id': 5777262517, 'qualifierId': 212, 'value': '11.8'}]",7fk82cjz0z5vq2ts3vmz8has5,D. O'Sullivan,,,North Carolina Courage,Home
2823735299,199,1,1,23,28,b4fbmos00gxtk8qnaqsm392p5,1,36.5,29.5,2025-06-22T00:02:50.937Z,2025-06-22T00:02:53Z,"[{'id': 5777262619, 'qualifierId': 213, 'value': '1.82'}, {'id': 5777262611, 'qualifierId': 56, 'value': 'Back'}, {'id': 5777262615, 'qualifierId': 141, 'value': '46.1'}, {'id': 5777262613, 'qualifierId': 140, 'value': '33.8'}, {'id': 5777262617, 'qualifierId': 212, 'value': '11.6'}]",cbco4ht0d7uk1thgam6vc0ep6,M. Bell,,,North Carolina Courage,Home
2823735327,200,1,1,23,31,b4fbmos00gxtk8qnaqsm392p5,1,34.0,52.7,2025-06-22T00:02:53.617Z,2025-06-22T00:02:57Z,"[{'id': 5777262743, 'qualifierId': 56, 'value': 'Back'}, {'id': 5777262751, 'qualifierId': 213, 'value': '1.41'}, {'id': 5777262749, 'qualifierId': 212, 'value': '22.2'}, {'id': 5777262747, 'qualifierId': 141, 'value': '85.0'}, {'id': 5777262745, 'qualifierId': 140, 'value': '37.3'}]",1p3bwk03ay87hp2nwrl3tfxwq,K. Kurtz,,,North Carolina Courage,Home
2823735333,201,1,1,23,35,b4fbmos00gxtk8qnaqsm392p5,1,40.4,88.3,2025-06-22T00:02:57.865Z,2025-06-22T00:02:59Z,"[{'id': 5777262773, 'qualifierId': 140, 'value': '58.8'}, {'id': 5777262779, 'qualifierId': 213, 'value': '0.00'}, {'id': 5777262777, 'qualifierId': 212, 'value': '19.3'}, {'id': 5777262775, 'qualifierId': 141, 'value': '88.3'}, {'id': 5777262771, 'qualifierId': 56, 'value': 'Left'}]",cqpdeqi0psfadqsgejcvdqqne,M. Berkely,,,North Carolina Courage,Home
2823735337,202,1,1,23,37,b4fbmos00gxtk8qnaqsm392p5,1,58.8,89.1,2025-06-22T00:02:59.937Z,2025-06-22T00:03:00Z,"[{'id': 5777262801, 'qualifierId': 212, 'value': '3.9'}, {'id': 5777262799, 'qualifierId': 141, 'value': '94.7'}, {'id': 5777262797, 'qualifierId': 140, 'value': '58.0'}, {'id': 5777262795, 'qualifierId': 56, 'value': 'Left'}, {'id': 5777262803, 'qualifierId': 213, 'value': '1.79'}]",8afwde4025w5wxddyf2ouoine,S. Koyama,,,North Carolina Courage,Home
2823735339,203,1,1,23,38,b4fbmos00gxtk8qnaqsm392p5,0,58.0,94.7,2025-06-22T00:03:00.825Z,2025-06-22T00:03:03Z,"[{'id': 5777262807, 'qualifierId': 56, 'value': 'Left'}, {'id': 5777262845, 'qualifierId': 233, 'value': '202'}, {'id': 5777262811, 'qualifierId': 141, 'value': '94.7'}, {'id': 5777262849, 'qualifierId': 286}, {'id': 5777262809, 'qualifierId': 140, 'value': '58.8'}, {'id': 5777262815, 'qualifierId': 213, 'value': '0.00'}, {'id': 5777262843, 'qualifierId': 236}, {'id': 5777262813, 'qualifierId': 212, 'value': '0.8'}]",awme1kk0t2w81hc4xcup7k222,T. Lussi,,,North Carolina Courage,Home
2823735345,202,74,1,23,38,c3v2ohfuzoqmc8ljm65hi80sj,1,36.9,5.3,2025-06-22T00:03:00.826Z,2025-06-22T01:43:27Z,"[{'id': 5777262851, 'qualifierId': 233, 'value': '203'}, {'id': 5777262839, 'qualifierId': 56, 'value': 'Back'}, {'id': 5777262841, 'qualifierId': 285}]",61ucpn8qxos0kwaw0gdpqubys,A. Patterson,,,Houston Dash,Away
2823735351,203,5,1,23,40,c3v2ohfuzoqmc8ljm65hi80sj,0,41.2,-1.6,2025-06-22T00:03:02.537Z,2025-06-22T01:54:03Z,"[{'id': 5777262887, 'qualifierId': 233, 'value': '204'}, {'id': 5777262865, 'qualifierId': 56, 'value': 'Back'}, {'id': 5777262867, 'qualifierId': 347}]",61ucpn8qxos0kwaw0gdpqubys,A. Patterson,,,Houston Dash,Away
2823735347,204,5,1,23,40,b4fbmos00gxtk8qnaqsm392p5,1,58.8,101.6,2025-06-22T00:03:02.537Z,2025-06-22T01:54:03Z,"[{'id': 5777262859, 'qualifierId': 347}, {'id': 5777262857, 'qualifierId': 56, 'value': 'Left'}, {'id': 5777262869, 'qualifierId': 233, 'value': '203'}]",awme1kk0t2w81hc4xcup7k222,T. Lussi,,,North Carolina Courage,Home
2823735407,205,1,1,23,51,b4fbmos00gxtk8qnaqsm392p5,1,57.8,100.0,2025-06-22T00:03:13.361Z,2025-06-22T00:03:16Z,"[{'id': 5777263119, 'qualifierId': 56, 'value': 'Left'}, {'id': 5777263127, 'qualifierId': 213, 'value': '5.28'}, {'id': 5777263123, 'qualifierId': 141, 'value': '80.3'}, {'id': 5777263117, 'qualifierId': 107}, {'id': 5777263121, 'qualifierId': 140, 'value': '66.7'}, {'id': 5777263125, 'qualifierId': 212, 'value': '17.4'}]",awme1kk0t2w81hc4xcup7k222,T. Lussi,,,North Carolina Courage,Home
2823735411,206,1,1,23,54,b4fbmos00gxtk8qnaqsm392p5,1,67.9,82.7,2025-06-22T00:03:16.305Z,2025-06-22T00:03:17Z,"[{'id': 5777263147, 'qualifierId': 212, 'value': '7.9'}, {'id': 5777263143, 'qualifierId': 140, 'value': '62.9'}, {'id': 5777263149, 'qualifierId': 213, 'value': '3.98'}, {'id': 5777263141, 'qualifierId': 56, 'value': 'Center'}, {'id': 5777263145, 'qualifierId': 141, 'value': '74.1'}]",8afwde4025w5wxddyf2ouoine,S. Koyama,,,North Carolina Courage,Home
2823735417,207,1,1,23,55,b4fbmos00gxtk8qnaqsm392p5,0,62.9,74.1,2025-06-22T00:03:17.169Z,2025-06-22T00:03:17Z,"[{'id': 5777263181, 'qualifierId': 212, 'value': '19.1'}, {'id': 5777263179, 'qualifierId': 141, 'value': '51.3'}, {'id': 5777263183, 'qualifierId': 213, 'value': '5.34'}, {'id': 5777263177, 'qualifierId': 140, 'value': '73.5'}, {'id': 5777263175, 'qualifierId': 56, 'value': 'Center'}]",90bm7jsl7sjqiel7u2tv0vgq2,M. Matsukubo,,,North Carolina Courage,Home
2823735501,204,12,1,23,57,c3v2ohfuzoqmc8ljm65hi80sj,1,25.2,53.1,2025-06-22T00:03:19.257Z,2025-06-22T00:03:36Z,"[{'id': 5777263563, 'qualifierId': 140, 'value': '35.4'}, {'id': 5777263561, 'qualifierId': 56, 'value': 'Back'}, {'id': 5777263565, 'qualifierId': 141, 'value': '35.2'}, {'id': 5777263567, 'qualifierId': 212, 'value': '16.2'}, {'id': 5777263569, 'qualifierId': 213, 'value': '5.43'}]",n4egj8ymfled94mco0lwa95,C. Westphal,,,Houston Dash,Away
2823735431,208,1,1,23,59,b4fbmos00gxtk8qnaqsm392p5,1,61.8,67.2,2025-06-22T00:03:21.977Z,2025-06-22T00:03:24Z,"[{'id': 5777263273, 'qualifierId': 140, 'value': '51.4'}, {'id': 5777263277, 'qualifierId': 212, 'value': '13.3'}, {'id': 5777263279, 'qualifierId': 213, 'value': '3.75'}, {'id': 5777263271, 'qualifierId': 56, 'value': 'Center'}, {'id': 5777263275, 'qualifierId': 141, 'value': '56.0'}]",bxj6bpjfxkumj112yoco9wahg,R. Jackson,,,North Carolina Courage,Home
2823735455,209,1,1,24,2,b4fbmos00gxtk8qnaqsm392p5,1,52.5,55.4,2025-06-22T00:03:24.713Z,2025-06-22T00:03:29Z,"[{'id': 5777263381, 'qualifierId': 141, 'value': '43.6'}, {'id': 5777263385, 'qualifierId': 213, 'value': '5.63'}, {'id': 5777263379, 'qualifierId': 140, 'value': '62.5'}, {'id': 5777263383, 'qualifierId': 212, 'value': '13.2'}, {'id': 5777263377, 'qualifierId': 56, 'value': 'Center'}]",1p3bwk03ay87hp2nwrl3tfxwq,K. Kurtz,,,North Carolina Courage,Home
2823735473,210,1,1,24,7,b4fbmos00gxtk8qnaqsm392p5,1,60.1,21.6,2025-06-22T00:03:29.121Z,2025-06-22T00:03:31Z,"[{'id': 5777263471, 'qualifierId': 140, 'value': '62.9'}, {'id': 5777263475, 'qualifierId': 212, 'value': '14.4'}, {'id': 5777263473, 'qualifierId': 141, 'value': '0.8'}, {'id': 5777263469, 'qualifierId': 56, 'value': 'Right'}, {'id': 5777263477, 'qualifierId': 213, 'value': '4.92'}]",7fk82cjz0z5vq2ts3vmz8has5,D. O'Sullivan,,,North Carolina Courage,Home
2823735479,211,1,1,24,9,b4fbmos00gxtk8qnaqsm392p5,0,60.2,6.8,2025-06-22T00:03:31.577Z,2025-06-22T00:03:50Z,"[{'id': 5777263507, 'qualifierId': 213, 'value': '1.57'}, {'id': 5777263901, 'qualifierId': 236}, {'id': 5777263903, 'qualifierId': 233, 'value': '205'}, {'id': 5777263907, 'qualifierId': 286}, {'id': 5777263501, 'qualifierId': 140, 'value': '60.2'}, {'id': 5777263505, 'qualifierId': 212, 'value': '0.5'}, {'id': 5777263503, 'qualifierId': 141, 'value': '7.6'}, {'id': 5777263499, 'qualifierId': 56, 'value': 'Right'}]",1x229gvjahkxp7w02bh0v36ga,R. Williams,,,North Carolina Courage,Home
2823735503,205,74,1,24,9,c3v2ohfuzoqmc8ljm65hi80sj,1,42.0,92.3,2025-06-22T00:03:31.578Z,2025-06-22T01:43:28Z,"[{'id': 5777263577, 'qualifierId': 285}, {'id': 5777263575, 'qualifierId': 56, 'value': 'Back'}, {'id': 5777263909, 'qualifierId': 233, 'value': '211'}]",270qzf9ig52z04iu3ujnmstg4,R. Gareis,,,Houston Dash,Away
2823735507,206,5,1,24,12,c3v2ohfuzoqmc8ljm65hi80sj,0,72.7,102.0,2025-06-22T00:03:34.601Z,2025-06-22T01:54:03Z,"[{'id': 5777263615, 'qualifierId': 233, 'value': '212'}, {'id': 5777263597, 'qualifierId': 347}, {'id': 5777263595, 'qualifierId': 56, 'value': 'Left'}]",270qzf9ig52z04iu3ujnmstg4,R. Gareis,,,Houston Dash,Away
2823735497,212,5,1,24,12,b4fbmos00gxtk8qnaqsm392p5,1,27.3,-2.0,2025-06-22T00:03:34.601Z,2025-06-22T01:54:03Z,"[{'id': 5777263599, 'qualifierId': 233, 'value': '206'}, {'id': 5777263559, 'qualifierId': 347}, {'id': 5777263557, 'qualifierId': 56, 'value': 'Back'}]",1x229gvjahkxp7w02bh0v36ga,R. Williams,,,North Carolina Courage,Home
2823735555,213,1,1,24,20,b4fbmos00gxtk8qnaqsm392p5,1,28.8,0.0,2025-06-22T00:03:42.297Z,2025-06-22T00:03:51Z,"[{'id': 5777263921, 'qualifierId': 212, 'value': '26.5'}, {'id': 5777263925, 'qualifierId': 1}, {'id': 5777263917, 'qualifierId': 140, 'value': '10.9'}, {'id': 5777263923, 'qualifierId': 213, 'value': '2.36'}, {'id': 5777263915, 'qualifierId': 56, 'value': 'Back'}, {'id': 5777263919, 'qualifierId': 141, 'value': '25.5'}, {'id': 5777263913, 'qualifierId': 107}]",cbco4ht0d7uk1thgam6vc0ep6,M. Bell,,,North Carolina Courage,Home
2823735563,214,1,1,24,28,b4fbmos00gxtk8qnaqsm392p5,1,9.6,38.9,2025-06-22T00:03:50.888Z,2025-06-22T00:03:59Z,"[{'id': 5777263953, 'qualifierId': 56, 'value': 'Back'}, {'id': 5777263959, 'qualifierId': 212, 'value': '13.2'}, {'id': 5777263955, 'qualifierId': 140, 'value': '17.1'}, {'id': 5777263961, 'qualifierId': 213, 'value': '0.93'}, {'id': 5777264173, 'qualifierId': 189}, {'id': 5777263957, 'qualifierId': 141, 'value': '54.5'}]",3qj9t05behkav9okd8n2wywh5,C. Murphy,,,North Carolina Courage,Home
2823735583,215,1,1,24,30,b4fbmos00gxtk8qnaqsm392p5,1,23.1,60.3,2025-06-22T00:03:52.465Z,2025-06-22T00:04:00Z,"[{'id': 5777264095, 'qualifierId': 213, 'value': '0.52'}, {'id': 5777264091, 'qualifierId': 141, 'value': '92.6'}, {'id': 5777264093, 'qualifierId': 212, 'value': '43.9'}, {'id': 5777264085, 'qualifierId': 155}, {'id': 5777264089, 'qualifierId': 140, 'value': '59.3'}, {'id': 5777264097, 'qualifierId': 1}, {'id': 5777264207, 'qualifierId': 189}, {'id': 5777264087, 'qualifierId': 56, 'value': 'Left'}]",1p3bwk03ay87hp2nwrl3tfxwq,K. Kurtz,,,North Carolina Courage,Home
2823735587,216,4,1,24,34,b4fbmos00gxtk8qnaqsm392p5,1,73.6,93.9,2025-06-22T00:03:56.106Z,2025-06-22T01:35:48Z,"[{'id': 5777264129, 'qualifierId': 286}, {'id': 5777264125, 'qualifierId': 56, 'value': 'Left'}, {'id': 5777264121, 'qualifierId': 13}, {'id': 5777264123, 'qualifierId': 294}, {'id': 5777264127, 'qualifierId': 152}, {'id': 5777264165, 'qualifierId': 233, 'value': '207'}]",8afwde4025w5wxddyf2ouoine,S. Koyama,,,North Carolina Courage,Home
2823735589,207,4,1,24,34,c3v2ohfuzoqmc8ljm65hi80sj,0,26.4,6.1,2025-06-22T00:03:56.107Z,2025-06-22T01:35:49Z,"[{'id': 5777264159, 'qualifierId': 56, 'value': 'Back'}, {'id': 5777264155, 'qualifierId': 13}, {'id': 5777264161, 'qualifierId': 152}, {'id': 5777264169, 'qualifierId': 233, 'value': '216'}, {'id': 5777264157, 'qualifierId': 294}, {'id': 5777264163, 'qualifierId': 285}]",1c2boqmoi50esuelgdd96o06h,D. Colaprico,,,Houston Dash,Away
2823735881,230,1,1,24,43,b4fbmos00gxtk8qnaqsm392p5,1,66.8,96.8,2025-06-22T00:04:05.704Z,2025-06-22T00:05:20Z,"[{'id': 5777265989, 'qualifierId': 212, 'value': '2.4'}, {'id': 5777265985, 'qualifierId': 140, 'value': '64.7'}, {'id': 5777266051, 'qualifierId': 152}, {'id': 5777266253, 'qualifierId': 189}, {'id': 5777265983, 'qualifierId': 56, 'value': 'Left'}, {'id': 5777265991, 'qualifierId': 213, 'value': '3.55'}, {'id': 5777265987, 'qualifierId': 141, 'value': '95.4'}, {'id': 5777266049, 'qualifierId': 5}]",awme1kk0t2w81hc4xcup7k222,T. Lussi,,,North Carolina Courage,Home
2823735621,217,1,1,24,44,b4fbmos00gxtk8qnaqsm392p5,0,66.7,94.4,2025-06-22T00:04:06.257Z,2025-06-22T00:05:18Z,"[{'id': 5777264379, 'qualifierId': 212, 'value': '45.3'}, {'id': 5777264375, 'qualifierId': 140, 'value': '69.5'}, {'id': 5777264367, 'qualifierId': 155}, {'id': 5777264431, 'qualifierId': 189}, {'id': 5777264373, 'qualifierId': 56, 'value': 'Center'}, {'id': 5777264377, 'qualifierId': 141, 'value': '27.9'}, {'id': 5777264383, 'qualifierId': 1}, {'id': 5777264369, 'qualifierId': 196}, {'id': 5777264381, 'qualifierId': 213, 'value': '4.78'}]",bxj6bpjfxkumj112yoco9wahg,R. Jackson,,,North Carolina Courage,Home
2823735633,208,1,1,24,47,c3v2ohfuzoqmc8ljm65hi80sj,0,21.6,81.5,2025-06-22T00:04:09.624Z,2025-06-24T12:04:57Z,"[{'id': 5777264465, 'qualifierId': 56, 'value': 'Back'}, {'id': 5777264467, 'qualifierId': 140, 'value': '40.7'}, {'id': 5777264471, 'qualifierId': 212, 'value': '20.4'}, {'id': 5777264469, 'qualifierId': 141, 'value': '86.9'}, {'id': 5777264463, 'qualifierId': 3}, {'id': 5777264473, 'qualifierId': 213, 'value': '0.18'}]",n4egj8ymfled94mco0lwa95,C. Westphal,,,Houston Dash,Away
2823735651,218,1,1,24,51,b4fbmos00gxtk8qnaqsm392p5,1,66.6,6.2,2025-06-22T00:04:13.081Z,2025-06-22T00:04:15Z,"[{'id': 5777264577, 'qualifierId': 141, 'value': '1.7'}, {'id': 5777264581, 'qualifierId': 213, 'value': '3.47'}, {'id': 5777264579, 'qualifierId': 212, 'value': '9.5'}, {'id': 5777264575, 'qualifierId': 140, 'value': '58.0'}, {'id': 5777264573, 'qualifierId': 56, 'value': 'Right'}]",cbco4ht0d7uk1thgam6vc0ep6,M. Bell,,,North Carolina Courage,Home
2823735657,219,1,1,24,53,b4fbmos00gxtk8qnaqsm392p5,1,56.6,12.3,2025-06-22T00:04:15.776Z,2025-06-22T00:04:18Z,"[{'id': 5777264611, 'qualifierId': 212, 'value': '22.1'}, {'id': 5777264609, 'qualifierId': 141, 'value': '37.9'}, {'id': 5777264607, 'qualifierId': 140, 'value': '43.6'}, {'id': 5777264605, 'qualifierId': 56, 'value': 'Back'}, {'id': 5777264613, 'qualifierId': 213, 'value': '2.24'}]",1x229gvjahkxp7w02bh0v36ga,R. Williams,,,North Carolina Courage,Home
2823735669,220,1,1,24,56,b4fbmos00gxtk8qnaqsm392p5,1,45.1,41.2,2025-06-22T00:04:18.312Z,2025-06-24T12:43:48Z,"[{'id': 5777264665, 'qualifierId': 140, 'value': '46.2'}, {'id': 5777264669, 'qualifierId': 212, 'value': '21.2'}, {'id': 5777264671, 'qualifierId': 213, 'value': '1.52'}, {'id': 5777264667, 'qualifierId': 141, 'value': '72.3'}, {'id': 5777264663, 'qualifierId': 56, 'value': 'Back'}]",1p3bwk03ay87hp2nwrl3tfxwq,K. Kurtz,,,North Carolina Courage,Home
2823735687,221,1,1,25,0,b4fbmos00gxtk8qnaqsm392p5,1,55.1,83.6,2025-06-22T00:04:22.784Z,2025-06-22T00:04:26Z,"[{'id': 5777264801, 'qualifierId': 213, 'value': '5.46'}, {'id': 5777264797, 'qualifierId': 141, 'value': '68.5'}, {'id': 5777264799, 'qualifierId': 212, 'value': '14.0'}, {'id': 5777264795, 'qualifierId': 140, 'value': '64.1'}, {'id': 5777264793, 'qualifierId': 56, 'value': 'Center'}]",cqpdeqi0psfadqsgejcvdqqne,M. Berkely,,,North Carolina Courage,Home
2823735691,222,1,1,25,4,b4fbmos00gxtk8qnaqsm392p5,0,63.7,79.3,2025-06-22T00:04:26.265Z,2025-06-22T00:04:27Z,"[{'id': 5777264823, 'qualifierId': 212, 'value': '18.0'}, {'id': 5777264819, 'qualifierId': 140, 'value': '72.5'}, {'id': 5777264817, 'qualifierId': 56, 'value': 'Left'}, {'id': 5777264821, 'qualifierId': 141, 'value': '100.0'}, {'id': 5777264825, 'qualifierId': 213, 'value': '1.03'}]",90bm7jsl7sjqiel7u2tv0vgq2,M. Matsukubo,,,North Carolina Courage,Home
2823735747,209,5,1,25,5,c3v2ohfuzoqmc8ljm65hi80sj,1,24.7,-1.8,2025-06-22T00:04:27.062Z,2025-06-22T01:54:04Z,"[{'id': 5777265153, 'qualifierId': 347}, {'id': 5777265171, 'qualifierId': 233, 'value': '223'}, {'id': 5777265151, 'qualifierId': 56, 'value': 'Back'}]",270qzf9ig52z04iu3ujnmstg4,R. Gareis,,,Houston Dash,Away
2823735693,223,5,1,25,5,b4fbmos00gxtk8qnaqsm392p5,0,75.3,101.8,2025-06-22T00:04:27.062Z,2025-06-22T01:54:04Z,"[{'id': 5777264831, 'qualifierId': 347}, {'id': 5777265187, 'qualifierId': 233, 'value': '209'}, {'id': 5777264829, 'qualifierId': 56, 'value': 'Left'}]",90bm7jsl7sjqiel7u2tv0vgq2,M. Matsukubo,,,North Carolina Courage,Home
2823735755,210,1,1,25,21,c3v2ohfuzoqmc8ljm65hi80sj,1,23.7,0.0,2025-06-22T00:04:43.472Z,2025-06-22T00:04:44Z,"[{'id': 5777265201, 'qualifierId': 213, 'value': '0.75'}, {'id': 5777265197, 'qualifierId': 141, 'value': '6.1'}, {'id': 5777265193, 'qualifierId': 56, 'value': 'Back'}, {'id': 5777265199, 'qualifierId': 212, 'value': '7.7'}, {'id': 5777265191, 'qualifierId': 107}, {'id': 5777265195, 'qualifierId': 140, 'value': '29.1'}]",61ucpn8qxos0kwaw0gdpqubys,A. Patterson,,,Houston Dash,Away
2823735765,211,1,1,25,22,c3v2ohfuzoqmc8ljm65hi80sj,1,29.0,6.2,2025-06-22T00:04:44.602Z,2025-06-24T12:44:12Z,"[{'id': 5777265273, 'qualifierId': 212, 'value': '7.9'}, {'id': 5779514445, 'qualifierId': 156}, {'id': 5777265271, 'qualifierId': 141, 'value': '1.3'}, {'id': 5777265269, 'qualifierId': 140, 'value': '22.2'}, {'id': 5777265267, 'qualifierId': 56, 'value': 'Back'}, {'id': 5777265275, 'qualifierId': 213, 'value': '3.58'}]",1c2boqmoi50esuelgdd96o06h,D. Colaprico,,,Houston Dash,Away
2823735769,212,1,1,25,24,c3v2ohfuzoqmc8ljm65hi80sj,0,22.7,1.3,2025-06-22T00:04:46.769Z,2025-06-22T00:04:47Z,"[{'id': 5777265293, 'qualifierId': 140, 'value': '47.4'}, {'id': 5777265297, 'qualifierId': 212, 'value': '32.0'}, {'id': 5777265299, 'qualifierId': 213, 'value': '0.62'}, {'id': 5777265295, 'qualifierId': 141, 'value': '28.8'}, {'id': 5777265291, 'qualifierId': 56, 'value': 'Back'}]",2sc4jlfmioa61d1vgpcz0pht6,D. Sheehan,,,Houston Dash,Away
2823735771,224,49,1,25,25,b4fbmos00gxtk8qnaqsm392p5,1,53.3,70.6,2025-06-22T00:04:47.585Z,2025-06-22T00:04:47Z,[],1p3bwk03ay87hp2nwrl3tfxwq,K. Kurtz,,,North Carolina Courage,Home
2823735787,225,1,1,25,25,b4fbmos00gxtk8qnaqsm392p5,1,53.3,70.6,2025-06-22T00:04:47.768Z,2025-06-22T00:04:51Z,"[{'id': 5777265377, 'qualifierId': 213, 'value': '5.75'}, {'id': 5777265369, 'qualifierId': 56, 'value': 'Center'}, {'id': 5777265373, 'qualifierId': 141, 'value': '61.7'}, {'id': 5777265371, 'qualifierId': 140, 'value': '63.0'}, {'id': 5777265375, 'qualifierId': 212, 'value': '11.8'}]",1p3bwk03ay87hp2nwrl3tfxwq,K. Kurtz,,,North Carolina Courage,Home
2823735801,226,1,1,25,29,b4fbmos00gxtk8qnaqsm392p5,1,67.8,55.5,2025-06-22T00:04:51.720Z,2025-06-22T00:04:55Z,"[{'id': 5777265491, 'qualifierId': 212, 'value': '22.1'}, {'id': 5777265485, 'qualifierId': 56, 'value': 'Left'}, {'id': 5777265493, 'qualifierId': 213, 'value': '1.21'}, {'id': 5777265489, 'qualifierId': 141, 'value': '86.0'}, {'id': 5777265487, 'qualifierId': 140, 'value': '75.2'}]",7fk82cjz0z5vq2ts3vmz8has5,D. O'Sullivan,,,North Carolina Courage,Home
2823735813,227,1,1,25,33,b4fbmos00gxtk8qnaqsm392p5,1,74.9,86.6,2025-06-22T00:04:55.232Z,2025-06-22T00:04:58Z,"[{'id': 5777265569, 'qualifierId': 56, 'value': 'Left'}, {'id': 5777265577, 'qualifierId': 213, 'value': '6.11'}, {'id': 5777265571, 'qualifierId': 140, 'value': '90.1'}, {'id': 5777265575, 'qualifierId': 212, 'value': '16.2'}, {'id': 5777265573, 'qualifierId': 141, 'value': '82.4'}]",awme1kk0t2w81hc4xcup7k222,T. Lussi,,,North Carolina Courage,Home
2823735823,228,1,1,25,36,b4fbmos00gxtk8qnaqsm392p5,0,96.6,81.4,2025-06-22T00:04:58.208Z,2025-06-24T12:44:32Z,"[{'id': 5777265633, 'qualifierId': 155}, {'id': 5777265639, 'qualifierId': 141, 'value': '75.1'}, {'id': 5779514477, 'qualifierId': 224}, {'id': 5777265631, 'qualifierId': 2}, {'id': 5777265635, 'qualifierId': 56, 'value': 'Center'}, {'id': 5777265659, 'qualifierId': 236}, {'id': 5777265665, 'qualifierId': 286}, {'id': 5777265661, 'qualifierId': 233, 'value': '213'}, {'id': 5777265641, 'qualifierId': 212, 'value': '4.3'}, {'id': 5777265637, 'qualifierId': 140, 'value': '96.9'}, {'id': 5777265643, 'qualifierId': 213, 'value': '4.79'}, {'id': 5779514479, 'qualifierId': 72}]",8afwde4025w5wxddyf2ouoine,S. Koyama,,,North Carolina Courage,Home
2823735827,213,12,1,25,36,c3v2ohfuzoqmc8ljm65hi80sj,1,2.8,22.8,2025-06-22T00:04:58.308Z,2025-06-22T00:05:00Z,"[{'id': 5777265657, 'qualifierId': 56, 'value': 'Back'}, {'id': 5777265655, 'qualifierId': 185}, {'id': 5777265683, 'qualifierId': 233, 'value': '228'}]",8co65x7tuvynuqvket8okb7xl,N. Jacobs,,,Houston Dash,Away
2823735839,214,6,1,25,38,c3v2ohfuzoqmc8ljm65hi80sj,0,3.0,23.6,2025-06-22T00:05:00.577Z,2025-06-24T12:44:41Z,"[{'id': 5777265729, 'qualifierId': 56, 'value': 'Back'}, {'id': 5777265761, 'qualifierId': 233, 'value': '229'}, {'id': 5777265731, 'qualifierId': 73}]",8co65x7tuvynuqvket8okb7xl,N. Jacobs,,,Houston Dash,Away
2823735833,229,6,1,25,38,b4fbmos00gxtk8qnaqsm392p5,1,97.0,76.4,2025-06-22T00:05:00.577Z,2025-06-22T00:05:04Z,"[{'id': 5777265739, 'qualifierId': 56, 'value': 'Center'}, {'id': 5777265755, 'qualifierId': 233, 'value': '214'}, {'id': 5777265741, 'qualifierId': 73}]",8afwde4025w5wxddyf2ouoine,S. Koyama,,,North Carolina Courage,Home
2823735989,231,1,1,26,12,b4fbmos00gxtk8qnaqsm392p5,1,99.2,99.5,2025-06-22T00:05:34.633Z,2025-06-24T12:44:53Z,"[{'id': 5777266703, 'qualifierId': 56, 'value': 'Center'}, {'id': 5777266713, 'qualifierId': 1}, {'id': 5777266705, 'qualifierId': 140, 'value': '89.7'}, {'id': 5777266701, 'qualifierId': 223}, {'id': 5777266697, 'qualifierId': 6}, {'id': 5777266711, 'qualifierId': 213, 'value': '4.45'}, {'id': 5777266709, 'qualifierId': 212, 'value': '39.1'}, {'id': 5779514495, 'qualifierId': 20}, {'id': 5777270229, 'qualifierId': 210, 'value': '15'}, {'id': 5777270231, 'qualifierId': 154}, {'id': 5777266695, 'qualifierId': 2}, {'id': 5777266699, 'qualifierId': 155}, {'id': 5777266707, 'qualifierId': 141, 'value': '43.9'}]",bxj6bpjfxkumj112yoco9wahg,R. Jackson,1.0,,North Carolina Courage,Home
2823735991,232,15,1,26,14,b4fbmos00gxtk8qnaqsm392p5,1,89.7,43.9,2025-06-22T00:05:36.936Z,2025-06-24T12:45:28Z,"[{'id': 5777270043, 'qualifierId': 15}, {'id': 5777270249, 'qualifierId': 103, 'value': '19'}, {'id': 5777270243, 'qualifierId': 55, 'value': '231'}, {'id': 5777270041, 'qualifierId': 25}, {'id': 5777270257, 'qualifierId': 231, 'value': '48.4'}, {'id': 5777270049, 'qualifierId': 82}, {'id': 5777468197, 'qualifierId': 139}, {'id': 5777266731, 'qualifierId': 17}, {'id': 5777266733, 'qualifierId': 56, 'value': 'Center'}, {'id': 5777270253, 'qualifierId': 147, 'value': '44.6'}, {'id': 5777270247, 'qualifierId': 102, 'value': '48.9'}, {'id': 5777270233, 'qualifierId': 78}, {'id': 5777270251, 'qualifierId': 146, 'value': '91.1'}, {'id': 5777270255, 'qualifierId': 230, 'value': '99.0'}, {'id': 5777270239, 'qualifierId': 154}, {'id': 5777270235, 'qualifierId': 29}, {'id': 5777270047, 'qualifierId': 328}]",cbco4ht0d7uk1thgam6vc0ep6,M. Bell,,,North Carolina Courage,Home
2823736463,248,61,1,26,15,b4fbmos00gxtk8qnaqsm392p5,1,88.8,46.3,2025-06-22T00:05:37.279Z,2025-06-22T00:10:14Z,"[{'id': 5777269745, 'qualifierId': 228}, {'id': 5777269533, 'qualifierId': 56, 'value': 'Center'}]",1p3bwk03ay87hp2nwrl3tfxwq,K. Kurtz,1.0,,North Carolina Courage,Home
2823736757,251,13,1,26,15,b4fbmos00gxtk8qnaqsm392p5,1,96.3,33.9,2025-06-22T00:05:37.310Z,2025-06-24T12:46:00Z,"[{'id': 5777274193, 'qualifierId': 147, 'value': '50.2'}, {'id': 5777274185, 'qualifierId': 102, 'value': '91.4'}, {'id': 5777274181, 'qualifierId': 55, 'value': '248'}, {'id': 5777274189, 'qualifierId': 328}, {'id': 5777274191, 'qualifierId': 146, 'value': '97.1'}, {'id': 5777271757, 'qualifierId': 153}, {'id': 5777274195, 'qualifierId': 230, 'value': '99.1'}, {'id': 5777274177, 'qualifierId': 73}, {'id': 5777271433, 'qualifierId': 62}, {'id': 5777271435, 'qualifierId': 56, 'value': 'Center'}, {'id': 5777271753, 'qualifierId': 20}, {'id': 5777274187, 'qualifierId': 103, 'value': '12.5'}, {'id': 5777274179, 'qualifierId': 29}, {'id': 5777274197, 'qualifierId': 231, 'value': '47.7'}, {'id': 5777271751, 'qualifierId': 25}]",awme1kk0t2w81hc4xcup7k222,T. Lussi,,,North Carolina Courage,Home
2823736001,215,12,1,26,18,c3v2ohfuzoqmc8ljm65hi80sj,1,6.9,49.3,2025-06-22T00:05:40.665Z,2025-06-22T00:05:48Z,"[{'id': 5777266837, 'qualifierId': 213, 'value': '5.39'}, {'id': 5777266835, 'qualifierId': 212, 'value': '10.1'}, {'id': 5777266831, 'qualifierId': 140, 'value': '12.9'}, {'id': 5777266829, 'qualifierId': 56, 'value': 'Back'}, {'id': 5777266833, 'qualifierId': 141, 'value': '37.7'}]",8co65x7tuvynuqvket8okb7xl,N. Jacobs,,,Houston Dash,Away
2823735999,233,61,1,26,19,b4fbmos00gxtk8qnaqsm392p5,0,86.2,67.0,2025-06-22T00:05:41.121Z,2025-06-22T00:05:41Z,"[{'id': 5777266759, 'qualifierId': 56, 'value': 'Center'}]",90bm7jsl7sjqiel7u2tv0vgq2,M. Matsukubo,,,North Carolina Courage,Home
2823736005,216,12,1,26,21,c3v2ohfuzoqmc8ljm65hi80sj,1,15.8,44.9,2025-06-22T00:05:43.961Z,2025-06-22T00:05:51Z,"[{'id': 5777266861, 'qualifierId': 141, 'value': '37.0'}, {'id': 5777266865, 'qualifierId': 213, 'value': '6.05'}, {'id': 5777266863, 'qualifierId': 212, 'value': '23.6'}, {'id': 5777266857, 'qualifierId': 56, 'value': 'Back'}, {'id': 5777266859, 'qualifierId': 140, 'value': '37.7'}]",2sc4jlfmioa61d1vgpcz0pht6,D. Sheehan,,,Houston Dash,Away
2823736009,234,1,1,26,26,b4fbmos00gxtk8qnaqsm392p5,1,67.7,58.7,2025-06-22T00:05:48.520Z,2025-06-22T00:05:51Z,"[{'id': 5777266895, 'qualifierId': 213, 'value': '4.69'}, {'id': 5777266891, 'qualifierId': 141, 'value': '29.7'}, {'id': 5777266893, 'qualifierId': 212, 'value': '19.7'}, {'id': 5777266887, 'qualifierId': 56, 'value': 'Center'}, {'id': 5777266889, 'qualifierId': 140, 'value': '67.2'}]",1x229gvjahkxp7w02bh0v36ga,R. Williams,,,North Carolina Courage,Home
2823736013,235,1,1,26,29,b4fbmos00gxtk8qnaqsm392p5,1,67.2,25.6,2025-06-22T00:05:51.416Z,2025-06-22T00:05:52Z,"[{'id': 5777266947, 'qualifierId': 141, 'value': '29.4'}, {'id': 5777266949, 'qualifierId': 212, 'value': '6.0'}, {'id': 5777266945, 'qualifierId': 140, 'value': '72.4'}, {'id': 5777266943, 'qualifierId': 56, 'value': 'Center'}, {'id': 5777266951, 'qualifierId': 213, 'value': '0.44'}]",cbco4ht0d7uk1thgam6vc0ep6,M. Bell,,,North Carolina Courage,Home
2823736033,236,1,1,26,30,b4fbmos00gxtk8qnaqsm392p5,1,76.5,28.0,2025-06-22T00:05:52.624Z,2025-06-22T00:06:00Z,"[{'id': 5777267095, 'qualifierId': 212, 'value': '19.4'}, {'id': 5777267091, 'qualifierId': 140, 'value': '87.3'}, {'id': 5777267093, 'qualifierId': 141, 'value': '4.9'}, {'id': 5777267089, 'qualifierId': 56, 'value': 'Right'}, {'id': 5777267097, 'qualifierId': 213, 'value': '5.34'}]",7fk82cjz0z5vq2ts3vmz8has5,D. O'Sullivan,,,North Carolina Courage,Home
2823736093,237,1,1,26,33,b4fbmos00gxtk8qnaqsm392p5,0,88.2,14.6,2025-06-22T00:05:55.777Z,2025-06-24T12:46:28Z,"[{'id': 5777267417, 'qualifierId': 155}, {'id': 5777267421, 'qualifierId': 140, 'value': '97.6'}, {'id': 5777267425, 'qualifierId': 212, 'value': '23.8'}, {'id': 5777267423, 'qualifierId': 141, 'value': '46.4'}, {'id': 5777267427, 'qualifierId': 213, 'value': '1.14'}, {'id': 5777267419, 'qualifierId': 56, 'value': 'Center'}, {'id': 5779514523, 'qualifierId': 72}, {'id': 5777267415, 'qualifierId': 2}, {'id': 5779514521, 'qualifierId': 223}]",awme1kk0t2w81hc4xcup7k222,T. Lussi,,,North Carolina Courage,Home
2823736031,217,52,1,26,37,c3v2ohfuzoqmc8ljm65hi80sj,1,3.3,50.3,2025-06-22T00:05:59.264Z,2025-06-24T12:46:46Z,"[{'id': 5779514531, 'qualifierId': 376}]",53uflfknc5uus7iqw3obp5fx1,J. Campbell,,,Houston Dash,Away
2823736067,218,1,1,26,43,c3v2ohfuzoqmc8ljm65hi80sj,1,9.2,48.2,2025-06-22T00:06:05.145Z,2025-06-22T00:06:07Z,"[{'id': 5777267259, 'qualifierId': 56, 'value': 'Back'}, {'id': 5777267267, 'qualifierId': 213, 'value': '5.37'}, {'id': 5777267275, 'qualifierId': 287}, {'id': 5777267263, 'qualifierId': 141, 'value': '22.4'}, {'id': 5777267257, 'qualifierId': 123}, {'id': 5777267289, 'qualifierId': 189}, {'id': 5777267261, 'qualifierId': 140, 'value': '22.2'}, {'id': 5777267265, 'qualifierId': 212, 'value': '22.2'}]",53uflfknc5uus7iqw3obp5fx1,J. Campbell,,,Houston Dash,Away
2823736087,219,61,1,26,48,c3v2ohfuzoqmc8ljm65hi80sj,1,23.6,17.0,2025-06-22T00:06:11.049Z,2025-06-22T00:06:11Z,"[{'id': 5777267359, 'qualifierId': 56, 'value': 'Back'}, {'id': 5777267393, 'qualifierId': 189}]",8co65x7tuvynuqvket8okb7xl,N. Jacobs,,,Houston Dash,Away
2823736139,220,1,1,27,4,c3v2ohfuzoqmc8ljm65hi80sj,1,64.3,70.2,2025-06-22T00:06:26.200Z,2025-06-22T00:06:29Z,"[{'id': 5777267751, 'qualifierId': 141, 'value': '93.2'}, {'id': 5777267755, 'qualifierId': 213, 'value': '0.71'}, {'id': 5777267749, 'qualifierId': 140, 'value': '81.6'}, {'id': 5777267747, 'qualifierId': 56, 'value': 'Left'}, {'id': 5777267753, 'qualifierId': 212, 'value': '24.0'}]",n4egj8ymfled94mco0lwa95,C. Westphal,,,Houston Dash,Away
2823736157,221,1,1,27,6,c3v2ohfuzoqmc8ljm65hi80sj,1,84.7,87.7,2025-06-22T00:06:29.009Z,2025-06-22T00:06:33Z,"[{'id': 5777267845, 'qualifierId': 56, 'value': 'Center'}, {'id': 5777267853, 'qualifierId': 213, 'value': '3.96'}, {'id': 5777267847, 'qualifierId': 140, 'value': '78.5'}, {'id': 5777267849, 'qualifierId': 141, 'value': '77.5'}, {'id': 5777267851, 'qualifierId': 212, 'value': '9.5'}]",270qzf9ig52z04iu3ujnmstg4,R. Gareis,,,Houston Dash,Away
2823736163,222,1,1,27,11,c3v2ohfuzoqmc8ljm65hi80sj,1,75.1,87.4,2025-06-22T00:06:33.560Z,2025-06-22T00:06:35Z,"[{'id': 5777267903, 'qualifierId': 56, 'value': 'Left'}, {'id': 5777267905, 'qualifierId': 140, 'value': '83.1'}, {'id': 5777267911, 'qualifierId': 213, 'value': '0.59'}, {'id': 5777267909, 'qualifierId': 212, 'value': '10.1'}, {'id': 5777267907, 'qualifierId': 141, 'value': '95.7'}]",n4egj8ymfled94mco0lwa95,C. Westphal,,,Houston Dash,Away
2823736171,223,1,1,27,13,c3v2ohfuzoqmc8ljm65hi80sj,1,83.1,95.7,2025-06-22T00:06:35.576Z,2025-06-22T00:06:38Z,"[{'id': 5777267963, 'qualifierId': 140, 'value': '77.5'}, {'id': 5777267961, 'qualifierId': 56, 'value': 'Left'}, {'id': 5777267965, 'qualifierId': 141, 'value': '84.7'}, {'id': 5777267969, 'qualifierId': 213, 'value': '4.05'}, {'id': 5777267967, 'qualifierId': 212, 'value': '9.5'}]",270qzf9ig52z04iu3ujnmstg4,R. Gareis,,,Houston Dash,Away
2823736179,224,1,1,27,16,c3v2ohfuzoqmc8ljm65hi80sj,1,75.8,82.6,2025-06-22T00:06:38.666Z,2025-06-22T00:06:40Z,"[{'id': 5777267993, 'qualifierId': 140, 'value': '79.2'}, {'id': 5777267991, 'qualifierId': 56, 'value': 'Left'}, {'id': 5777267995, 'qualifierId': 141, 'value': '96.3'}, {'id': 5777267997, 'qualifierId': 212, 'value': '10.0'}, {'id': 5777267999, 'qualifierId': 213, 'value': '1.20'}]",6089nfwh31ha73pl7vlla75cl,S. Puntigam,,,Houston Dash,Away
2823736187,225,1,1,27,17,c3v2ohfuzoqmc8ljm65hi80sj,1,74.6,93.9,2025-06-22T00:06:40.001Z,2025-06-22T00:06:42Z,"[{'id': 5777268039, 'qualifierId': 56, 'value': 'Left'}, {'id': 5777268047, 'qualifierId': 213, 'value': '3.06'}, {'id': 5777268043, 'qualifierId': 141, 'value': '95.4'}, {'id': 5777268045, 'qualifierId': 212, 'value': '12.0'}, {'id': 5777268041, 'qualifierId': 140, 'value': '63.2'}]",270qzf9ig52z04iu3ujnmstg4,R. Gareis,,,Houston Dash,Away
2823736193,226,1,1,27,20,c3v2ohfuzoqmc8ljm65hi80sj,1,62.6,90.2,2025-06-22T00:06:42.528Z,2025-06-22T00:06:43Z,"[{'id': 5777268085, 'qualifierId': 140, 'value': '66.5'}, {'id': 5777268089, 'qualifierId': 212, 'value': '10.1'}, {'id': 5777268083, 'qualifierId': 56, 'value': 'Center'}, {'id': 5777268091, 'qualifierId': 213, 'value': '5.13'}, {'id': 5777268087, 'qualifierId': 141, 'value': '76.6'}]",n4egj8ymfled94mco0lwa95,C. Westphal,,,Houston Dash,Away
2823736199,227,1,1,27,21,c3v2ohfuzoqmc8ljm65hi80sj,0,63.7,85.0,2025-06-22T00:06:43.488Z,2025-06-22T00:06:52Z,"[{'id': 5777268105, 'qualifierId': 140, 'value': '54.7'}, {'id': 5777268141, 'qualifierId': 156}, {'id': 5777268107, 'qualifierId': 141, 'value': '100.0'}, {'id': 5777268111, 'qualifierId': 213, 'value': '2.26'}, {'id': 5777268109, 'qualifierId': 212, 'value': '14.8'}, {'id': 5777268103, 'qualifierId': 56, 'value': 'Left'}]",2sc4jlfmioa61d1vgpcz0pht6,D. Sheehan,,,Houston Dash,Away
2823736233,228,5,1,27,26,c3v2ohfuzoqmc8ljm65hi80sj,0,60.0,101.6,2025-06-22T00:06:48.593Z,2025-06-22T00:06:55Z,"[{'id': 5777268293, 'qualifierId': 347}, {'id': 5777268481, 'qualifierId': 233, 'value': '238'}, {'id': 5777268291, 'qualifierId': 56, 'value': 'Left'}]",n4egj8ymfled94mco0lwa95,C. Westphal,,,Houston Dash,Away
2823736261,238,5,1,27,26,b4fbmos00gxtk8qnaqsm392p5,1,40.0,-1.6,2025-06-22T00:06:48.593Z,2025-06-22T01:54:04Z,"[{'id': 5777268473, 'qualifierId': 347}, {'id': 5777268475, 'qualifierId': 233, 'value': '228'}, {'id': 5777268471, 'qualifierId': 56, 'value': 'Back'}]",awme1kk0t2w81hc4xcup7k222,T. Lussi,,,North Carolina Courage,Home
2823736297,239,1,1,27,42,b4fbmos00gxtk8qnaqsm392p5,1,34.8,0.0,2025-06-22T00:07:04.415Z,2025-06-24T12:48:44Z,"[{'id': 5777268633, 'qualifierId': 141, 'value': '10.7'}, {'id': 5777268629, 'qualifierId': 56, 'value': 'Back'}, {'id': 5777268635, 'qualifierId': 212, 'value': '13.1'}, {'id': 5777268631, 'qualifierId': 140, 'value': '25.4'}, {'id': 5779514591, 'qualifierId': 189}, {'id': 5777268627, 'qualifierId': 107}, {'id': 5777268637, 'qualifierId': 213, 'value': '2.42'}]",1x229gvjahkxp7w02bh0v36ga,R. Williams,,,North Carolina Courage,Home
2823736303,240,1,1,27,44,b4fbmos00gxtk8qnaqsm392p5,1,25.0,24.1,2025-06-22T00:07:06.232Z,2025-06-22T00:07:07Z,"[{'id': 5777268681, 'qualifierId': 213, 'value': '1.62'}, {'id': 5777268677, 'qualifierId': 141, 'value': '46.1'}, {'id': 5777268673, 'qualifierId': 56, 'value': 'Back'}, {'id': 5777268679, 'qualifierId': 212, 'value': '15.0'}, {'id': 5777268675, 'qualifierId': 140, 'value': '24.3'}]",cbco4ht0d7uk1thgam6vc0ep6,M. Bell,,,North Carolina Courage,Home
2823736315,241,1,1,27,45,b4fbmos00gxtk8qnaqsm392p5,1,24.9,55.2,2025-06-22T00:07:07.567Z,2025-06-22T00:07:10Z,"[{'id': 5777268747, 'qualifierId': 213, 'value': '1.43'}, {'id': 5777268739, 'qualifierId': 56, 'value': 'Back'}, {'id': 5777268745, 'qualifierId': 212, 'value': '21.4'}, {'id': 5777268741, 'qualifierId': 140, 'value': '27.8'}, {'id': 5777268743, 'qualifierId': 141, 'value': '86.3'}]",1p3bwk03ay87hp2nwrl3tfxwq,K. Kurtz,,,North Carolina Courage,Home
2823736337,242,1,1,27,47,b4fbmos00gxtk8qnaqsm392p5,1,29.2,89.4,2025-06-22T00:07:09.959Z,2025-06-22T00:07:16Z,"[{'id': 5777268897, 'qualifierId': 141, 'value': '64.2'}, {'id': 5777268899, 'qualifierId': 212, 'value': '17.8'}, {'id': 5777268895, 'qualifierId': 140, 'value': '24.6'}, {'id': 5777268901, 'qualifierId': 213, 'value': '4.44'}, {'id': 5777268893, 'qualifierId': 56, 'value': 'Back'}]",cqpdeqi0psfadqsgejcvdqqne,M. Berkely,,,North Carolina Courage,Home
2823736349,243,1,1,27,54,b4fbmos00gxtk8qnaqsm392p5,1,35.2,33.7,2025-06-22T00:07:16.287Z,2025-06-22T00:07:18Z,"[{'id': 5777268961, 'qualifierId': 140, 'value': '32.8'}, {'id': 5777268965, 'qualifierId': 212, 'value': '10.2'}, {'id': 5777268963, 'qualifierId': 141, 'value': '19.2'}, {'id': 5777268967, 'qualifierId': 213, 'value': '4.46'}, {'id': 5777268959, 'qualifierId': 56, 'value': 'Back'}]",1p3bwk03ay87hp2nwrl3tfxwq,K. Kurtz,,,North Carolina Courage,Home
2823736365,244,1,1,27,59,b4fbmos00gxtk8qnaqsm392p5,1,27.4,28.6,2025-06-22T00:07:21.351Z,2025-06-22T00:07:24Z,"[{'id': 5777269053, 'qualifierId': 140, 'value': '14.9'}, {'id': 5777269055, 'qualifierId': 141, 'value': '49.0'}, {'id': 5777269059, 'qualifierId': 213, 'value': '2.33'}, {'id': 5777269049, 'qualifierId': 56, 'value': 'Back'}, {'id': 5777269057, 'qualifierId': 212, 'value': '19.1'}]",cbco4ht0d7uk1thgam6vc0ep6,M. Bell,,,North Carolina Courage,Home
2823736377,245,1,1,28,1,b4fbmos00gxtk8qnaqsm392p5,1,14.4,51.9,2025-06-22T00:07:23.983Z,2025-06-22T00:07:29Z,"[{'id': 5777269135, 'qualifierId': 141, 'value': '83.6'}, {'id': 5777269131, 'qualifierId': 56, 'value': 'Back'}, {'id': 5777269139, 'qualifierId': 213, 'value': '1.21'}, {'id': 5777269137, 'qualifierId': 212, 'value': '23.1'}, {'id': 5777269133, 'qualifierId': 140, 'value': '22.2'}]",3qj9t05behkav9okd8n2wywh5,C. Murphy,,,North Carolina Courage,Home
2823736379,246,1,1,28,6,b4fbmos00gxtk8qnaqsm392p5,0,23.8,92.1,2025-06-22T00:07:29.008Z,2025-06-22T00:07:29Z,"[{'id': 5777269151, 'qualifierId': 212, 'value': '22.9'}, {'id': 5777269143, 'qualifierId': 155}, {'id': 5777269153, 'qualifierId': 213, 'value': '5.84'}, {'id': 5777269145, 'qualifierId': 56, 'value': 'Back'}, {'id': 5777269147, 'qualifierId': 140, 'value': '43.5'}, {'id': 5777269149, 'qualifierId': 141, 'value': '77.6'}]",cqpdeqi0psfadqsgejcvdqqne,M. Berkely,,,North Carolina Courage,Home
2823736383,229,1,1,28,8,c3v2ohfuzoqmc8ljm65hi80sj,1,61.3,31.9,2025-06-22T00:07:30.793Z,2025-06-22T00:07:32Z,"[{'id': 5777269169, 'qualifierId': 56, 'value': 'Center'}, {'id': 5777269177, 'qualifierId': 213, 'value': '0.97'}, {'id': 5777269173, 'qualifierId': 141, 'value': '60.5'}, {'id': 5777269175, 'qualifierId': 212, 'value': '23.5'}, {'id': 5777269171, 'qualifierId': 140, 'value': '73.9'}, {'id': 5777269167, 'qualifierId': 3}]",2sc4jlfmioa61d1vgpcz0pht6,D. Sheehan,,,Houston Dash,Away
2823736385,230,49,1,28,10,c3v2ohfuzoqmc8ljm65hi80sj,1,74.3,60.2,2025-06-22T00:07:32.688Z,2025-06-22T00:07:33Z,[],270qzf9ig52z04iu3ujnmstg4,R. Gareis,,,Houston Dash,Away
2823736391,231,1,1,28,11,c3v2ohfuzoqmc8ljm65hi80sj,1,69.9,59.6,2025-06-22T00:07:33.068Z,2025-06-22T00:07:34Z,"[{'id': 5777269201, 'qualifierId': 212, 'value': '10.8'}, {'id': 5777269203, 'qualifierId': 213, 'value': '5.27'}, {'id': 5777269195, 'qualifierId': 56, 'value': 'Center'}, {'id': 5777269197, 'qualifierId': 140, 'value': '75.3'}, {'id': 5777269199, 'qualifierId': 141, 'value': '46.1'}]",270qzf9ig52z04iu3ujnmstg4,R. Gareis,,,Houston Dash,Away
2823736397,232,1,1,28,12,c3v2ohfuzoqmc8ljm65hi80sj,0,76.4,46.6,2025-06-22T00:07:34.322Z,2025-06-22T00:07:36Z,"[{'id': 5777269221, 'qualifierId': 56, 'value': 'Center'}, {'id': 5777269225, 'qualifierId': 141, 'value': '67.0'}, {'id': 5777269227, 'qualifierId': 212, 'value': '14.4'}, {'id': 5777269229, 'qualifierId': 213, 'value': '1.30'}, {'id': 5777269223, 'qualifierId': 140, 'value': '80.0'}]",1xgse8t4dm0decmpzebsphvfu,Y. Ryan,,,Houston Dash,Away
2823736411,247,12,1,28,17,b4fbmos00gxtk8qnaqsm392p5,1,20.6,37.9,2025-06-22T00:07:39.176Z,2025-06-22T00:07:41Z,"[{'id': 5777269303, 'qualifierId': 141, 'value': '27.1'}, {'id': 5777269305, 'qualifierId': 212, 'value': '51.3'}, {'id': 5777269299, 'qualifierId': 56, 'value': 'Center'}, {'id': 5777269301, 'qualifierId': 140, 'value': '69.0'}, {'id': 5777269307, 'qualifierId': 213, 'value': '6.14'}]",cbco4ht0d7uk1thgam6vc0ep6,M. Bell,,,North Carolina Courage,Home
2823736439,233,1,1,28,21,c3v2ohfuzoqmc8ljm65hi80sj,1,31.7,75.9,2025-06-22T00:07:43.521Z,2025-06-22T00:07:47Z,"[{'id': 5777269407, 'qualifierId': 212, 'value': '13.5'}, {'id': 5777269403, 'qualifierId': 140, 'value': '42.1'}, {'id': 5777269409, 'qualifierId': 213, 'value': '0.63'}, {'id': 5777269401, 'qualifierId': 56, 'value': 'Back'}, {'id': 5777269405, 'qualifierId': 141, 'value': '87.5'}]",8ruvr2jnsfdub02rdh8q88s89,P. Nielsen,,,Houston Dash,Away
2823736457,234,1,1,28,25,c3v2ohfuzoqmc8ljm65hi80sj,1,45.5,83.5,2025-06-22T00:07:47.057Z,2025-06-22T00:07:50Z,"[{'id': 5777269505, 'qualifierId': 56, 'value': 'Back'}, {'id': 5777269511, 'qualifierId': 212, 'value': '13.0'}, {'id': 5777269509, 'qualifierId': 141, 'value': '65.1'}, {'id': 5777269507, 'qualifierId': 140, 'value': '42.2'}, {'id': 5777269513, 'qualifierId': 213, 'value': '4.44'}]",n4egj8ymfled94mco0lwa95,C. Westphal,,,Houston Dash,Away
2823736477,235,1,1,28,27,c3v2ohfuzoqmc8ljm65hi80sj,1,46.6,69.7,2025-06-22T00:07:49.960Z,2025-06-22T00:07:54Z,"[{'id': 5777269625, 'qualifierId': 212, 'value': '10.0'}, {'id': 5777269621, 'qualifierId': 140, 'value': '42.1'}, {'id': 5777269623, 'qualifierId': 141, 'value': '82.6'}, {'id': 5777269619, 'qualifierId': 56, 'value': 'Back'}, {'id': 5777269627, 'qualifierId': 213, 'value': '2.06'}]",1c2boqmoi50esuelgdd96o06h,D. Colaprico,,,Houston Dash,Away
2823736499,236,1,1,28,32,c3v2ohfuzoqmc8ljm65hi80sj,1,39.9,79.7,2025-06-22T00:07:54.801Z,2025-06-22T00:08:00Z,"[{'id': 5777269759, 'qualifierId': 1}, {'id': 5777269755, 'qualifierId': 212, 'value': '37.7'}, {'id': 5777269751, 'qualifierId': 140, 'value': '70.1'}, {'id': 5777269747, 'qualifierId': 155}, {'id': 5777269753, 'qualifierId': 141, 'value': '49.6'}, {'id': 5777269757, 'qualifierId': 213, 'value': '5.71'}, {'id': 5777269749, 'qualifierId': 56, 'value': 'Center'}]",n4egj8ymfled94mco0lwa95,C. Westphal,,,Houston Dash,Away
2823736501,237,4,1,28,38,c3v2ohfuzoqmc8ljm65hi80sj,1,71.3,54.4,2025-06-22T00:08:00.489Z,2025-06-22T01:35:49Z,"[{'id': 5777269887, 'qualifierId': 233, 'value': '249'}, {'id': 5777269779, 'qualifierId': 152}, {'id': 5777269775, 'qualifierId': 13}, {'id': 5777269781, 'qualifierId': 265}, {'id': 5777269783, 'qualifierId': 286}, {'id': 5777269777, 'qualifierId': 56, 'value': 'Center'}]",1xgse8t4dm0decmpzebsphvfu,Y. Ryan,,,Houston Dash,Away
2823736511,249,4,1,28,38,b4fbmos00gxtk8qnaqsm392p5,0,28.7,45.6,2025-06-22T00:08:00.490Z,2025-06-22T01:35:49Z,"[{'id': 5777269879, 'qualifierId': 56, 'value': 'Back'}, {'id': 5777269881, 'qualifierId': 152}, {'id': 5777269885, 'qualifierId': 285}, {'id': 5777269883, 'qualifierId': 265}, {'id': 5777269877, 'qualifierId': 13}, {'id': 5777269891, 'qualifierId': 233, 'value': '237'}]",1p3bwk03ay87hp2nwrl3tfxwq,K. Kurtz,,,North Carolina Courage,Home
2823736715,238,1,1,29,20,c3v2ohfuzoqmc8ljm65hi80sj,0,71.1,60.2,2025-06-22T00:08:42.864Z,2025-06-22T00:08:44Z,"[{'id': 5777271179, 'qualifierId': 5}, {'id': 5777271187, 'qualifierId': 140, 'value': '100.0'}, {'id': 5777271191, 'qualifierId': 212, 'value': '35.9'}, {'id': 5777271195, 'qualifierId': 1}, {'id': 5777271183, 'qualifierId': 152}, {'id': 5777271189, 'qualifierId': 141, 'value': '35.7'}, {'id': 5777271185, 'qualifierId': 56, 'value': 'Center'}, {'id': 5777271193, 'qualifierId': 213, 'value': '5.80'}, {'id': 5777271181, 'qualifierId': 155}]",95tl8tonvm6czhwzd6i5ep756,B. Olivieri,,,Houston Dash,Away
2823736871,239,5,1,29,22,c3v2ohfuzoqmc8ljm65hi80sj,0,101.4,36.2,2025-06-22T00:08:44.644Z,2025-06-22T01:54:05Z,"[{'id': 5777272115, 'qualifierId': 233, 'value': '250'}, {'id': 5777272109, 'qualifierId': 346}, {'id': 5777272107, 'qualifierId': 56, 'value': 'Center'}]",95tl8tonvm6czhwzd6i5ep756,B. Olivieri,,,Houston Dash,Away
2823736727,250,5,1,29,22,b4fbmos00gxtk8qnaqsm392p5,1,-1.4,63.8,2025-06-22T00:08:44.644Z,2025-06-22T01:54:04Z,"[{'id': 5777271259, 'qualifierId': 346}, {'id': 5777271257, 'qualifierId': 56, 'value': 'Back'}, {'id': 5777272111, 'qualifierId': 233, 'value': '239'}]",1p3bwk03ay87hp2nwrl3tfxwq,K. Kurtz,,,North Carolina Courage,Home
2823736851,252,1,1,29,48,b4fbmos00gxtk8qnaqsm392p5,0,4.5,49.4,2025-06-22T00:09:10.255Z,2025-06-22T00:09:13Z,"[{'id': 5777271997, 'qualifierId': 74}, {'id': 5777271987, 'qualifierId': 140, 'value': '70.3'}, {'id': 5777272053, 'qualifierId': 189}, {'id': 5777271991, 'qualifierId': 212, 'value': '70.4'}, {'id': 5777271995, 'qualifierId': 1}, {'id': 5777271983, 'qualifierId': 124}, {'id': 5777271989, 'qualifierId': 141, 'value': '29.5'}, {'id': 5777271993, 'qualifierId': 213, 'value': '6.09'}, {'id': 5777271985, 'qualifierId': 56, 'value': 'Center'}]",3qj9t05behkav9okd8n2wywh5,C. Murphy,,,North Carolina Courage,Home
2823736875,240,49,1,29,52,c3v2ohfuzoqmc8ljm65hi80sj,1,27.8,71.5,2025-06-22T00:09:14.800Z,2025-06-22T00:09:15Z,[],8co65x7tuvynuqvket8okb7xl,N. Jacobs,,,Houston Dash,Away
2823736881,241,1,1,29,52,c3v2ohfuzoqmc8ljm65hi80sj,1,27.8,71.5,2025-06-22T00:09:15.040Z,2025-06-22T00:09:16Z,"[{'id': 5777272149, 'qualifierId': 56, 'value': 'Back'}, {'id': 5777272157, 'qualifierId': 213, 'value': '3.59'}, {'id': 5777272153, 'qualifierId': 141, 'value': '57.3'}, {'id': 5777272151, 'qualifierId': 140, 'value': '8.7'}, {'id': 5777272155, 'qualifierId': 212, 'value': '22.3'}]",8co65x7tuvynuqvket8okb7xl,N. Jacobs,,,Houston Dash,Away
2823736895,242,1,1,29,54,c3v2ohfuzoqmc8ljm65hi80sj,1,7.7,56.1,2025-06-22T00:09:16.137Z,2025-06-22T00:09:18Z,"[{'id': 5777272257, 'qualifierId': 213, 'value': '0.57'}, {'id': 5777272249, 'qualifierId': 56, 'value': 'Back'}, {'id': 5777272255, 'qualifierId': 212, 'value': '18.2'}, {'id': 5777272251, 'qualifierId': 140, 'value': '22.3'}, {'id': 5777272253, 'qualifierId': 141, 'value': '70.6'}]",53uflfknc5uus7iqw3obp5fx1,J. Campbell,,,Houston Dash,Away
2823736913,243,1,1,29,56,c3v2ohfuzoqmc8ljm65hi80sj,1,32.1,68.4,2025-06-22T00:09:18.280Z,2025-06-22T00:09:21Z,"[{'id': 5777272353, 'qualifierId': 212, 'value': '17.0'}, {'id': 5777272347, 'qualifierId': 56, 'value': 'Back'}, {'id': 5777272349, 'qualifierId': 140, 'value': '41.1'}, {'id': 5777272351, 'qualifierId': 141, 'value': '89.1'}, {'id': 5777272355, 'qualifierId': 213, 'value': '0.98'}]",8co65x7tuvynuqvket8okb7xl,N. Jacobs,,,Houston Dash,Away
2823736929,244,1,1,29,59,c3v2ohfuzoqmc8ljm65hi80sj,1,42.3,87.8,2025-06-22T00:09:21.169Z,2025-06-22T00:09:23Z,"[{'id': 5777272431, 'qualifierId': 141, 'value': '71.7'}, {'id': 5777272435, 'qualifierId': 213, 'value': '4.80'}, {'id': 5777272433, 'qualifierId': 212, 'value': '11.0'}, {'id': 5777272429, 'qualifierId': 140, 'value': '43.2'}, {'id': 5777272427, 'qualifierId': 56, 'value': 'Back'}]",n4egj8ymfled94mco0lwa95,C. Westphal,,,Houston Dash,Away
2823736945,245,1,1,30,1,c3v2ohfuzoqmc8ljm65hi80sj,1,43.3,75.0,2025-06-22T00:09:23.560Z,2025-06-22T00:09:26Z,"[{'id': 5777272507, 'qualifierId': 213, 'value': '1.46'}, {'id': 5777272499, 'qualifierId': 56, 'value': 'Back'}, {'id': 5777272503, 'qualifierId': 141, 'value': '94.4'}, {'id': 5777272505, 'qualifierId': 212, 'value': '13.3'}, {'id': 5777272501, 'qualifierId': 140, 'value': '44.7'}]",6089nfwh31ha73pl7vlla75cl,S. Puntigam,,,Houston Dash,Away
2823736957,246,1,1,30,4,c3v2ohfuzoqmc8ljm65hi80sj,1,44.7,94.4,2025-06-22T00:09:26.592Z,2025-06-22T00:29:40Z,"[{'id': 5777272567, 'qualifierId': 213, 'value': '3.41'}, {'id': 5777272559, 'qualifierId': 56, 'value': 'Back'}, {'id': 5777272565, 'qualifierId': 212, 'value': '14.0'}, {'id': 5777272561, 'qualifierId': 140, 'value': '31.8'}, {'id': 5777272563, 'qualifierId': 141, 'value': '89.0'}]",2sc4jlfmioa61d1vgpcz0pht6,D. Sheehan,,,Houston Dash,Away
2823736963,247,1,1,30,7,c3v2ohfuzoqmc8ljm65hi80sj,1,31.9,85.3,2025-06-22T00:09:29.368Z,2025-06-22T00:09:30Z,"[{'id': 5777272581, 'qualifierId': 141, 'value': '78.7'}, {'id': 5777272585, 'qualifierId': 213, 'value': '5.60'}, {'id': 5777272577, 'qualifierId': 56, 'value': 'Back'}, {'id': 5777272583, 'qualifierId': 212, 'value': '7.1'}, {'id': 5777272579, 'qualifierId': 140, 'value': '37.1'}]",n4egj8ymfled94mco0lwa95,C. Westphal,,,Houston Dash,Away
2823736997,248,1,1,30,8,c3v2ohfuzoqmc8ljm65hi80sj,1,37.1,78.7,2025-06-22T00:09:30.177Z,2025-06-22T00:09:33Z,"[{'id': 5777272749, 'qualifierId': 56, 'value': 'Back'}, {'id': 5777272757, 'qualifierId': 213, 'value': '0.47'}, {'id': 5777272753, 'qualifierId': 141, 'value': '88.7'}, {'id': 5777272755, 'qualifierId': 212, 'value': '15.0'}, {'id': 5777272751, 'qualifierId': 140, 'value': '49.8'}]",6089nfwh31ha73pl7vlla75cl,S. Puntigam,,,Houston Dash,Away
2823737001,249,61,1,30,8,c3v2ohfuzoqmc8ljm65hi80sj,0,50.6,87.2,2025-06-22T00:09:30.296Z,2025-06-22T01:48:24Z,"[{'id': 5777272789, 'qualifierId': 56, 'value': 'Left'}]",2sc4jlfmioa61d1vgpcz0pht6,D. Sheehan,,,Houston Dash,Away
2823736981,253,1,1,30,9,b4fbmos00gxtk8qnaqsm392p5,0,40.1,6.2,2025-06-22T00:09:31.158Z,2025-06-22T00:30:19Z,"[{'id': 5777272687, 'qualifierId': 213, 'value': '6.25'}, {'id': 5777272679, 'qualifierId': 56, 'value': 'Back'}, {'id': 5777332029, 'qualifierId': 236}, {'id': 5777272681, 'qualifierId': 140, 'value': '41.8'}, {'id': 5777272685, 'qualifierId': 212, 'value': '1.8'}, {'id': 5777332031, 'qualifierId': 233, 'value': '390'}, {'id': 5777272683, 'qualifierId': 141, 'value': '6.1'}, {'id': 5777332035, 'qualifierId': 286}]",1x229gvjahkxp7w02bh0v36ga,R. Williams,,,North Carolina Courage,Home
2823747527,390,74,1,30,9,c3v2ohfuzoqmc8ljm65hi80sj,1,53.8,87.7,2025-06-22T00:09:31.159Z,2025-06-22T01:43:28Z,"[{'id': 5777332027, 'qualifierId': 285}, {'id': 5777332025, 'qualifierId': 56, 'value': 'Left'}, {'id': 5777332055, 'qualifierId': 233, 'value': '253'}]",2sc4jlfmioa61d1vgpcz0pht6,D. Sheehan,,,Houston Dash,Away
2823737047,250,1,1,30,16,c3v2ohfuzoqmc8ljm65hi80sj,1,58.2,94.7,2025-06-22T00:09:38.511Z,2025-06-22T00:30:44Z,"[{'id': 5777273047, 'qualifierId': 212, 'value': '9.6'}, {'id': 5777273043, 'qualifierId': 140, 'value': '49.7'}, {'id': 5777273041, 'qualifierId': 56, 'value': 'Back'}, {'id': 5777273045, 'qualifierId': 141, 'value': '89.4'}, {'id': 5777273049, 'qualifierId': 213, 'value': '3.53'}]",270qzf9ig52z04iu3ujnmstg4,R. Gareis,,,Houston Dash,Away
2823747659,391,1,1,30,18,c3v2ohfuzoqmc8ljm65hi80sj,1,54.2,82.9,2025-06-22T00:09:40.051Z,2025-06-22T00:30:43Z,"[{'id': 5777332879, 'qualifierId': 56, 'value': 'Back'}, {'id': 5777332887, 'qualifierId': 213, 'value': '2.89'}, {'id': 5777332883, 'qualifierId': 141, 'value': '88.7'}, {'id': 5777332881, 'qualifierId': 140, 'value': '39.5'}, {'id': 5777332885, 'qualifierId': 212, 'value': '15.9'}]",2sc4jlfmioa61d1vgpcz0pht6,D. Sheehan,,,Houston Dash,Away
2823737055,251,1,1,30,20,c3v2ohfuzoqmc8ljm65hi80sj,1,38.8,85.3,2025-06-22T00:09:42.296Z,2025-06-22T00:09:44Z,"[{'id': 5777273091, 'qualifierId': 213, 'value': '5.42'}, {'id': 5777273083, 'qualifierId': 56, 'value': 'Back'}, {'id': 5777273089, 'qualifierId': 212, 'value': '8.4'}, {'id': 5777273085, 'qualifierId': 140, 'value': '44.0'}, {'id': 5777273087, 'qualifierId': 141, 'value': '75.9'}]",n4egj8ymfled94mco0lwa95,C. Westphal,,,Houston Dash,Away
2823737071,252,1,1,30,22,c3v2ohfuzoqmc8ljm65hi80sj,1,44.9,68.8,2025-06-22T00:09:44.848Z,2025-06-22T00:09:47Z,"[{'id': 5777273187, 'qualifierId': 141, 'value': '56.9'}, {'id': 5777273183, 'qualifierId': 56, 'value': 'Back'}, {'id': 5777273191, 'qualifierId': 213, 'value': '3.59'}, {'id': 5777273189, 'qualifierId': 212, 'value': '18.6'}, {'id': 5777273185, 'qualifierId': 140, 'value': '28.9'}]",1c2boqmoi50esuelgdd96o06h,D. Colaprico,,,Houston Dash,Away
2823737101,253,1,1,30,25,c3v2ohfuzoqmc8ljm65hi80sj,1,29.0,56.9,2025-06-22T00:09:47.584Z,2025-06-22T00:09:50Z,"[{'id': 5777273349, 'qualifierId': 213, 'value': '1.34'}, {'id': 5777273345, 'qualifierId': 141, 'value': '81.1'}, {'id': 5777273341, 'qualifierId': 56, 'value': 'Back'}, {'id': 5777273343, 'qualifierId': 140, 'value': '32.7'}, {'id': 5777273347, 'qualifierId': 212, 'value': '16.9'}]",8co65x7tuvynuqvket8okb7xl,N. Jacobs,,,Houston Dash,Away
2823737125,254,1,1,30,28,c3v2ohfuzoqmc8ljm65hi80sj,1,32.4,83.2,2025-06-22T00:09:50.641Z,2025-06-22T00:09:54Z,"[{'id': 5777273495, 'qualifierId': 141, 'value': '97.7'}, {'id': 5777273491, 'qualifierId': 56, 'value': 'Back'}, {'id': 5777273499, 'qualifierId': 213, 'value': '0.69'}, {'id': 5777273497, 'qualifierId': 212, 'value': '15.5'}, {'id': 5777273493, 'qualifierId': 140, 'value': '43.8'}]",n4egj8ymfled94mco0lwa95,C. Westphal,,,Houston Dash,Away
2823737155,255,1,1,30,32,c3v2ohfuzoqmc8ljm65hi80sj,1,45.7,96.2,2025-06-22T00:09:54.217Z,2025-06-22T00:09:59Z,"[{'id': 5777273681, 'qualifierId': 56, 'value': 'Back'}, {'id': 5777273685, 'qualifierId': 141, 'value': '84.7'}, {'id': 5777273689, 'qualifierId': 213, 'value': '4.99'}, {'id': 5777273687, 'qualifierId': 212, 'value': '8.1'}, {'id': 5777273683, 'qualifierId': 140, 'value': '47.8'}]",270qzf9ig52z04iu3ujnmstg4,R. Gareis,,,Houston Dash,Away
2823737159,256,61,1,30,37,c3v2ohfuzoqmc8ljm65hi80sj,0,46.4,93.3,2025-06-22T00:09:59.072Z,2025-06-22T00:09:59Z,"[{'id': 5777273697, 'qualifierId': 56, 'value': 'Back'}]",2sc4jlfmioa61d1vgpcz0pht6,D. Sheehan,,,Houston Dash,Away
2823737169,254,4,1,30,37,b4fbmos00gxtk8qnaqsm392p5,1,50.8,6.8,2025-06-22T00:09:59.904Z,2025-06-24T12:52:44Z,"[{'id': 5777273729, 'qualifierId': 56, 'value': 'Right'}, {'id': 5777273747, 'qualifierId': 233, 'value': '257'}, {'id': 5777273735, 'qualifierId': 286}, {'id': 5777273731, 'qualifierId': 152}, {'id': 5777273727, 'qualifierId': 13}, {'id': 5779514691, 'qualifierId': 295}]",cbco4ht0d7uk1thgam6vc0ep6,M. Bell,,,North Carolina Courage,Home
2823737165,257,4,1,30,37,c3v2ohfuzoqmc8ljm65hi80sj,0,49.2,93.2,2025-06-22T00:09:59.905Z,2025-06-24T12:52:40Z,"[{'id': 5777273739, 'qualifierId': 56, 'value': 'Back'}, {'id': 5777273737, 'qualifierId': 13}, {'id': 5777273793, 'qualifierId': 233, 'value': '254'}, {'id': 5779514695, 'qualifierId': 295}, {'id': 5777273745, 'qualifierId': 285}, {'id': 5777273741, 'qualifierId': 152}]",2sc4jlfmioa61d1vgpcz0pht6,D. Sheehan,,,Houston Dash,Away
2823737309,255,1,1,31,3,b4fbmos00gxtk8qnaqsm392p5,1,46.0,6.8,2025-06-22T00:10:25.886Z,2025-06-24T14:18:29Z,"[{'id': 5777274615, 'qualifierId': 141, 'value': '39.5'}, {'id': 5777274609, 'qualifierId': 152}, {'id': 5777274611, 'qualifierId': 56, 'value': 'Back'}, {'id': 5777274619, 'qualifierId': 213, 'value': '2.10'}, {'id': 5777274613, 'qualifierId': 140, 'value': '33.6'}, {'id': 5777274607, 'qualifierId': 5}, {'id': 5777274617, 'qualifierId': 212, 'value': '25.8'}]",cbco4ht0d7uk1thgam6vc0ep6,M. Bell,,,North Carolina Courage,Home
2823737315,256,1,1,31,4,b4fbmos00gxtk8qnaqsm392p5,1,33.6,41.5,2025-06-22T00:10:26.782Z,2025-06-22T00:10:27Z,"[{'id': 5777274667, 'qualifierId': 212, 'value': '14.2'}, {'id': 5777274663, 'qualifierId': 140, 'value': '35.7'}, {'id': 5777274665, 'qualifierId': 141, 'value': '62.1'}, {'id': 5777274661, 'qualifierId': 56, 'value': 'Back'}, {'id': 5777274669, 'qualifierId': 213, 'value': '1.41'}]",1p3bwk03ay87hp2nwrl3tfxwq,K. Kurtz,,,North Carolina Courage,Home
2823737327,257,1,1,31,5,b4fbmos00gxtk8qnaqsm392p5,1,36.3,67.3,2025-06-22T00:10:27.654Z,2025-06-22T00:10:30Z,"[{'id': 5777274731, 'qualifierId': 213, 'value': '0.71'}, {'id': 5777274723, 'qualifierId': 56, 'value': 'Left'}, {'id': 5777274725, 'qualifierId': 140, 'value': '54.7'}, {'id': 5777274729, 'qualifierId': 212, 'value': '25.5'}, {'id': 5777274727, 'qualifierId': 141, 'value': '91.8'}]",cqpdeqi0psfadqsgejcvdqqne,M. Berkely,,,North Carolina Courage,Home
2823737347,258,1,1,31,8,b4fbmos00gxtk8qnaqsm392p5,1,44.2,89.7,2025-06-22T00:10:30.735Z,2025-06-22T00:10:32Z,"[{'id': 5777274805, 'qualifierId': 140, 'value': '36.9'}, {'id': 5777274811, 'qualifierId': 213, 'value': '4.41'}, {'id': 5777274807, 'qualifierId': 141, 'value': '53.4'}, {'id': 5777274809, 'qualifierId': 212, 'value': '25.8'}, {'id': 5777274803, 'qualifierId': 56, 'value': 'Back'}]",8afwde4025w5wxddyf2ouoine,S. Koyama,,,North Carolina Courage,Home
2823737361,259,1,1,31,10,b4fbmos00gxtk8qnaqsm392p5,1,40.0,49.6,2025-06-22T00:10:32.510Z,2025-06-22T00:10:34Z,"[{'id': 5777274883, 'qualifierId': 140, 'value': '41.9'}, {'id': 5777274881, 'qualifierId': 56, 'value': 'Back'}, {'id': 5777274885, 'qualifierId': 141, 'value': '24.9'}, {'id': 5777274889, 'qualifierId': 213, 'value': '4.83'}, {'id': 5777274887, 'qualifierId': 212, 'value': '16.9'}]",1p3bwk03ay87hp2nwrl3tfxwq,K. Kurtz,,,North Carolina Courage,Home
2823737389,260,1,1,31,12,b4fbmos00gxtk8qnaqsm392p5,1,41.9,24.9,2025-06-22T00:10:34.142Z,2025-06-22T00:10:37Z,"[{'id': 5777275017, 'qualifierId': 56, 'value': 'Center'}, {'id': 5777275025, 'qualifierId': 213, 'value': '6.26'}, {'id': 5777275021, 'qualifierId': 141, 'value': '24.3'}, {'id': 5777275023, 'qualifierId': 212, 'value': '17.5'}, {'id': 5777275019, 'qualifierId': 140, 'value': '58.6'}]",cbco4ht0d7uk1thgam6vc0ep6,M. Bell,,,North Carolina Courage,Home
2823737437,261,1,1,31,15,b4fbmos00gxtk8qnaqsm392p5,1,61.9,9.4,2025-06-22T00:10:37.093Z,2025-06-22T00:10:44Z,"[{'id': 5777275293, 'qualifierId': 56, 'value': 'Right'}, {'id': 5777275299, 'qualifierId': 212, 'value': '9.3'}, {'id': 5777275297, 'qualifierId': 141, 'value': '3.4'}, {'id': 5777275301, 'qualifierId': 213, 'value': '5.83'}, {'id': 5777275295, 'qualifierId': 140, 'value': '69.9'}]",7fk82cjz0z5vq2ts3vmz8has5,D. O'Sullivan,,,North Carolina Courage,Home
2823737459,262,1,1,31,22,b4fbmos00gxtk8qnaqsm392p5,1,67.2,12.0,2025-06-22T00:10:44.686Z,2025-06-22T00:10:46Z,"[{'id': 5777275423, 'qualifierId': 140, 'value': '74.3'}, {'id': 5777275427, 'qualifierId': 212, 'value': '9.5'}, {'id': 5777275429, 'qualifierId': 213, 'value': '5.62'}, {'id': 5777275421, 'qualifierId': 56, 'value': 'Right'}, {'id': 5777275425, 'qualifierId': 141, 'value': '3.4'}]",1x229gvjahkxp7w02bh0v36ga,R. Williams,,,North Carolina Courage,Home
2823737463,263,1,1,31,24,b4fbmos00gxtk8qnaqsm392p5,0,74.6,3.7,2025-06-22T00:10:46.926Z,2025-06-22T00:11:56Z,"[{'id': 5777275457, 'qualifierId': 213, 'value': '0.23'}, {'id': 5777275455, 'qualifierId': 212, 'value': '8.0'}, {'id': 5777275451, 'qualifierId': 140, 'value': '82.0'}, {'id': 5777275449, 'qualifierId': 56, 'value': 'Right'}, {'id': 5777275453, 'qualifierId': 141, 'value': '6.4'}]",3ytdxf659yjtnml5zzpxl01k9,C. Vine,,,North Carolina Courage,Home
2823737491,258,8,1,31,25,c3v2ohfuzoqmc8ljm65hi80sj,1,22.0,92.6,2025-06-22T00:10:47.416Z,2025-06-24T14:24:08Z,"[{'id': 5777275577, 'qualifierId': 56, 'value': 'Back'}, {'id': 5779526281, 'qualifierId': 385}]",8ruvr2jnsfdub02rdh8q88s89,P. Nielsen,,,Houston Dash,Away
2823737509,259,5,1,31,26,c3v2ohfuzoqmc8ljm65hi80sj,0,16.9,102.0,2025-06-22T00:10:48.984Z,2025-06-22T01:54:05Z,"[{'id': 5777275669, 'qualifierId': 56, 'value': 'Back'}, {'id': 5777275671, 'qualifierId': 347}, {'id': 5777275697, 'qualifierId': 233, 'value': '264'}]",n4egj8ymfled94mco0lwa95,C. Westphal,,,Houston Dash,Away
2823737487,264,5,1,31,26,b4fbmos00gxtk8qnaqsm392p5,1,83.1,-2.0,2025-06-22T00:10:48.984Z,2025-06-22T01:54:05Z,"[{'id': 5777275677, 'qualifierId': 233, 'value': '259'}, {'id': 5777275563, 'qualifierId': 347}, {'id': 5777275561, 'qualifierId': 56, 'value': 'Right'}]",3ytdxf659yjtnml5zzpxl01k9,C. Vine,,,North Carolina Courage,Home
2823737677,265,1,1,31,43,b4fbmos00gxtk8qnaqsm392p5,1,85.4,0.0,2025-06-22T00:11:05.973Z,2025-06-22T00:11:07Z,"[{'id': 5777276513, 'qualifierId': 56, 'value': 'Right'}, {'id': 5777276511, 'qualifierId': 107}, {'id': 5777276515, 'qualifierId': 140, 'value': '89.6'}, {'id': 5777276519, 'qualifierId': 212, 'value': '8.8'}, {'id': 5777276521, 'qualifierId': 213, 'value': '1.05'}, {'id': 5777276517, 'qualifierId': 141, 'value': '9.2'}]",1x229gvjahkxp7w02bh0v36ga,R. Williams,,,North Carolina Courage,Home
2823737707,266,1,1,31,45,b4fbmos00gxtk8qnaqsm392p5,1,89.6,9.2,2025-06-22T00:11:07.301Z,2025-06-22T00:11:11Z,"[{'id': 5777276661, 'qualifierId': 140, 'value': '87.9'}, {'id': 5777276665, 'qualifierId': 212, 'value': '5.8'}, {'id': 5777276663, 'qualifierId': 141, 'value': '1.1'}, {'id': 5777276667, 'qualifierId': 213, 'value': '4.40'}, {'id': 5777276659, 'qualifierId': 56, 'value': 'Right'}]",7fk82cjz0z5vq2ts3vmz8has5,D. O'Sullivan,,,North Carolina Courage,Home
2823737733,267,1,1,31,49,b4fbmos00gxtk8qnaqsm392p5,1,80.8,2.0,2025-06-22T00:11:11.374Z,2025-06-22T00:11:14Z,"[{'id': 5777276831, 'qualifierId': 212, 'value': '3.7'}, {'id': 5777276825, 'qualifierId': 56, 'value': 'Right'}, {'id': 5777276833, 'qualifierId': 213, 'value': '1.60'}, {'id': 5777276829, 'qualifierId': 141, 'value': '7.4'}, {'id': 5777276827, 'qualifierId': 140, 'value': '80.7'}]",1x229gvjahkxp7w02bh0v36ga,R. Williams,,,North Carolina Courage,Home
2823737739,268,50,1,31,52,b4fbmos00gxtk8qnaqsm392p5,1,77.6,17.6,2025-06-22T00:11:14.222Z,2025-06-24T15:07:25Z,"[{'id': 5777276861, 'qualifierId': 56, 'value': 'Right'}, {'id': 5777276863, 'qualifierId': 286}, {'id': 5779536177, 'qualifierId': 233, 'value': '260'}]",7fk82cjz0z5vq2ts3vmz8has5,D. O'Sullivan,,,North Carolina Courage,Home
2823737865,260,7,1,31,52,c3v2ohfuzoqmc8ljm65hi80sj,0,22.4,82.4,2025-06-22T00:11:14.223Z,2025-06-24T15:07:25Z,"[{'id': 5777277615, 'qualifierId': 285}, {'id': 5779536173, 'qualifierId': 233, 'value': '268'}, {'id': 5777277613, 'qualifierId': 56, 'value': 'Back'}, {'id': 5779526469, 'qualifierId': 178}, {'id': 5779526467, 'qualifierId': 385}]",95tl8tonvm6czhwzd6i5ep756,B. Olivieri,,,Houston Dash,Away
2823737811,269,1,1,31,57,b4fbmos00gxtk8qnaqsm392p5,1,70.6,16.5,2025-06-22T00:11:19.429Z,2025-06-22T00:11:20Z,"[{'id': 5777277251, 'qualifierId': 212, 'value': '22.6'}, {'id': 5777277247, 'qualifierId': 140, 'value': '67.4'}, {'id': 5777277249, 'qualifierId': 141, 'value': '49.3'}, {'id': 5777277245, 'qualifierId': 56, 'value': 'Center'}, {'id': 5777277253, 'qualifierId': 213, 'value': '1.72'}]",bxj6bpjfxkumj112yoco9wahg,R. Jackson,,,North Carolina Courage,Home
2823737837,270,1,1,31,58,b4fbmos00gxtk8qnaqsm392p5,1,67.0,56.6,2025-06-22T00:11:20.589Z,2025-06-22T00:11:23Z,"[{'id': 5777277427, 'qualifierId': 212, 'value': '27.3'}, {'id': 5777277429, 'qualifierId': 213, 'value': '0.95'}, {'id': 5777277421, 'qualifierId': 56, 'value': 'Left'}, {'id': 5777277425, 'qualifierId': 141, 'value': '89.3'}, {'id': 5777277423, 'qualifierId': 140, 'value': '82.1'}]",cqpdeqi0psfadqsgejcvdqqne,M. Berkely,,,North Carolina Courage,Home
2823737863,271,1,1,32,1,b4fbmos00gxtk8qnaqsm392p5,1,78.8,86.8,2025-06-22T00:11:23.237Z,2025-06-22T00:11:26Z,"[{'id': 5777277595, 'qualifierId': 141, 'value': '83.3'}, {'id': 5777277591, 'qualifierId': 56, 'value': 'Left'}, {'id': 5777277599, 'qualifierId': 213, 'value': '3.31'}, {'id': 5777277597, 'qualifierId': 212, 'value': '14.1'}, {'id': 5777277593, 'qualifierId': 140, 'value': '65.6'}]",awme1kk0t2w81hc4xcup7k222,T. Lussi,,,North Carolina Courage,Home
2823737899,272,1,1,32,3,b4fbmos00gxtk8qnaqsm392p5,1,67.7,82.9,2025-06-22T00:11:26.005Z,2025-06-22T00:11:30Z,"[{'id': 5777277775, 'qualifierId': 213, 'value': '0.43'}, {'id': 5777277767, 'qualifierId': 56, 'value': 'Left'}, {'id': 5777277771, 'qualifierId': 141, 'value': '95.0'}, {'id': 5777277769, 'qualifierId': 140, 'value': '84.8'}, {'id': 5777277773, 'qualifierId': 212, 'value': '19.8'}]",cqpdeqi0psfadqsgejcvdqqne,M. Berkely,,,North Carolina Courage,Home
2823737933,273,1,1,32,9,b4fbmos00gxtk8qnaqsm392p5,1,79.9,91.8,2025-06-22T00:11:31.197Z,2025-06-22T00:11:35Z,"[{'id': 5777277961, 'qualifierId': 213, 'value': '3.48'}, {'id': 5777277957, 'qualifierId': 141, 'value': '84.2'}, {'id': 5777277953, 'qualifierId': 56, 'value': 'Left'}, {'id': 5777277955, 'qualifierId': 140, 'value': '66.0'}, {'id': 5777277959, 'qualifierId': 212, 'value': '15.5'}]",90bm7jsl7sjqiel7u2tv0vgq2,M. Matsukubo,,,North Carolina Courage,Home
2823737965,274,1,1,32,13,b4fbmos00gxtk8qnaqsm392p5,1,63.2,77.5,2025-06-22T00:11:35.101Z,2025-06-22T00:11:38Z,"[{'id': 5777278119, 'qualifierId': 141, 'value': '80.3'}, {'id': 5777278115, 'qualifierId': 56, 'value': 'Left'}, {'id': 5777278113, 'qualifierId': 155}, {'id': 5777278117, 'qualifierId': 140, 'value': '86.9'}, {'id': 5777278121, 'qualifierId': 212, 'value': '25.0'}, {'id': 5777278123, 'qualifierId': 213, 'value': '0.08'}]",cqpdeqi0psfadqsgejcvdqqne,M. Berkely,,,North Carolina Courage,Home
2823737989,275,1,1,32,16,b4fbmos00gxtk8qnaqsm392p5,0,92.9,86.3,2025-06-22T00:11:38.309Z,2025-06-24T14:25:05Z,"[{'id': 5777278259, 'qualifierId': 213, 'value': '4.87'}, {'id': 5779526487, 'qualifierId': 224}, {'id': 5777278251, 'qualifierId': 56, 'value': 'Center'}, {'id': 5777278255, 'qualifierId': 141, 'value': '53.3'}, {'id': 5777278247, 'qualifierId': 2}, {'id': 5777278253, 'qualifierId': 140, 'value': '96.3'}, {'id': 5777278257, 'qualifierId': 212, 'value': '22.7'}, {'id': 5779526489, 'qualifierId': 72}, {'id': 5777278249, 'qualifierId': 155}]",awme1kk0t2w81hc4xcup7k222,T. Lussi,,,North Carolina Courage,Home
2823738009,261,44,1,32,20,c3v2ohfuzoqmc8ljm65hi80sj,1,4.8,46.3,2025-06-22T00:11:42.372Z,2025-06-22T01:45:31Z,"[{'id': 5777278343, 'qualifierId': 56, 'value': 'Back'}, {'id': 5777278347, 'qualifierId': 233, 'value': '276'}, {'id': 5777278345, 'qualifierId': 285}]",8ruvr2jnsfdub02rdh8q88s89,P. Nielsen,,,Houston Dash,Away
2823738007,276,44,1,32,20,b4fbmos00gxtk8qnaqsm392p5,0,95.2,53.7,2025-06-22T00:11:42.373Z,2025-06-22T01:45:31Z,"[{'id': 5777278341, 'qualifierId': 286}, {'id': 5777278351, 'qualifierId': 233, 'value': '261'}, {'id': 5777278339, 'qualifierId': 56, 'value': 'Center'}]",3ytdxf659yjtnml5zzpxl01k9,C. Vine,,,North Carolina Courage,Home
2823738015,262,12,1,32,21,c3v2ohfuzoqmc8ljm65hi80sj,1,6.4,45.8,2025-06-22T00:11:43.192Z,2025-06-22T00:11:45Z,"[{'id': 5777278379, 'qualifierId': 213, 'value': '4.02'}, {'id': 5777278375, 'qualifierId': 141, 'value': '30.4'}, {'id': 5777278371, 'qualifierId': 56, 'value': 'Back'}, {'id': 5777278373, 'qualifierId': 140, 'value': '0.0'}, {'id': 5777278377, 'qualifierId': 212, 'value': '13.6'}, {'id': 5777278427, 'qualifierId': 167}, {'id': 5777278409, 'qualifierId': 15}]",8ruvr2jnsfdub02rdh8q88s89,P. Nielsen,,,Houston Dash,Away
2823738021,263,6,1,32,21,c3v2ohfuzoqmc8ljm65hi80sj,0,0.4,37.1,2025-06-22T00:11:43.277Z,2025-06-24T14:25:29Z,"[{'id': 5777281251, 'qualifierId': 233, 'value': '277'}, {'id': 5777281231, 'qualifierId': 73}, {'id': 5777278429, 'qualifierId': 56, 'value': 'Back'}]",8ruvr2jnsfdub02rdh8q88s89,P. Nielsen,,,Houston Dash,Away
2823738011,277,6,1,32,21,b4fbmos00gxtk8qnaqsm392p5,1,99.6,62.9,2025-06-22T00:11:43.277Z,2025-06-24T14:25:21Z,"[{'id': 5777281245, 'qualifierId': 233, 'value': '263'}, {'id': 5777278357, 'qualifierId': 73}, {'id': 5777278355, 'qualifierId': 56, 'value': 'Center'}]",awme1kk0t2w81hc4xcup7k222,T. Lussi,,,North Carolina Courage,Home
2823738147,278,1,1,32,28,b4fbmos00gxtk8qnaqsm392p5,0,99.7,99.5,2025-06-22T00:11:50.566Z,2025-06-24T14:25:39Z,"[{'id': 5777279143, 'qualifierId': 155}, {'id': 5777279157, 'qualifierId': 1}, {'id': 5777279145, 'qualifierId': 223}, {'id': 5777279141, 'qualifierId': 6}, {'id': 5777279149, 'qualifierId': 140, 'value': '100.0'}, {'id': 5777284351, 'qualifierId': 189}, {'id': 5777279155, 'qualifierId': 213, 'value': '4.75'}, {'id': 5777279139, 'qualifierId': 2}, {'id': 5777279151, 'qualifierId': 141, 'value': '38.0'}, {'id': 5779526633, 'qualifierId': 20}, {'id': 5777279153, 'qualifierId': 212, 'value': '41.9'}, {'id': 5777279147, 'qualifierId': 56, 'value': 'Center'}]",bxj6bpjfxkumj112yoco9wahg,R. Jackson,,,North Carolina Courage,Home
2823738609,267,5,1,32,31,c3v2ohfuzoqmc8ljm65hi80sj,1,-1.0,49.6,2025-06-22T00:11:53.918Z,2025-06-22T01:54:05Z,"[{'id': 5777281829, 'qualifierId': 56, 'value': 'Back'}, {'id': 5777281845, 'qualifierId': 233, 'value': '279'}, {'id': 5777281831, 'qualifierId': 346}]",1xgse8t4dm0decmpzebsphvfu,Y. Ryan,,,Houston Dash,Away
2823738199,279,5,1,32,31,b4fbmos00gxtk8qnaqsm392p5,0,101.0,50.4,2025-06-22T00:11:53.918Z,2025-06-22T00:13:02Z,"[{'id': 5777279501, 'qualifierId': 346}, {'id': 5777279499, 'qualifierId': 56, 'value': 'Center'}, {'id': 5777281855, 'qualifierId': 233, 'value': '267'}]",bxj6bpjfxkumj112yoco9wahg,R. Jackson,,,North Carolina Courage,Home
2823738423,264,1,1,33,9,c3v2ohfuzoqmc8ljm65hi80sj,1,4.3,46.6,2025-06-22T00:12:31.112Z,2025-06-22T00:13:05Z,"[{'id': 5777282215, 'qualifierId': 237}, {'id': 5777280707, 'qualifierId': 1}, {'id': 5777280699, 'qualifierId': 140, 'value': '49.8'}, {'id': 5777282213, 'qualifierId': 124}, {'id': 5777280703, 'qualifierId': 212, 'value': '47.9'}, {'id': 5777280697, 'qualifierId': 56, 'value': 'Back'}, {'id': 5777280701, 'qualifierId': 141, 'value': '41.2'}, {'id': 5777280705, 'qualifierId': 213, 'value': '6.21'}]",53uflfknc5uus7iqw3obp5fx1,J. Campbell,,,Houston Dash,Away
2824137737,842,83,1,33,10,b4fbmos00gxtk8qnaqsm392p5,1,52.8,54.2,2025-06-22T00:12:32.420Z,2025-06-24T14:30:35Z,"[{'id': 5779527649, 'qualifierId': 399, 'value': '1xgse8t4dm0decmpzebsphvfu'}]",bxj6bpjfxkumj112yoco9wahg,R. Jackson,,,North Carolina Courage,Home
2823738437,265,1,1,33,15,c3v2ohfuzoqmc8ljm65hi80sj,0,46.8,55.7,2025-06-22T00:12:37.528Z,2025-06-24T14:30:47Z,"[{'id': 5777280787, 'qualifierId': 141, 'value': '100.0'}, {'id': 5777280789, 'qualifierId': 212, 'value': '35.1'}, {'id': 5777280793, 'qualifierId': 1}, {'id': 5777280785, 'qualifierId': 140, 'value': '61.8'}, {'id': 5777280791, 'qualifierId': 213, 'value': '1.11'}, {'id': 5777280783, 'qualifierId': 56, 'value': 'Left'}]",1xgse8t4dm0decmpzebsphvfu,Y. Ryan,,,Houston Dash,Away
2823738439,266,5,1,33,16,c3v2ohfuzoqmc8ljm65hi80sj,0,61.2,102.0,2025-06-22T00:12:38.558Z,2025-06-22T00:12:44Z,"[{'id': 5777280799, 'qualifierId': 347}, {'id': 5777280797, 'qualifierId': 56, 'value': 'Left'}, {'id': 5777281123, 'qualifierId': 233, 'value': '280'}]",1xgse8t4dm0decmpzebsphvfu,Y. Ryan,,,Houston Dash,Away
2823738485,280,5,1,33,16,b4fbmos00gxtk8qnaqsm392p5,1,38.8,-2.0,2025-06-22T00:12:38.558Z,2025-06-22T01:54:06Z,"[{'id': 5777281075, 'qualifierId': 56, 'value': 'Back'}, {'id': 5777281115, 'qualifierId': 233, 'value': '266'}, {'id': 5777281077, 'qualifierId': 347}]",bxj6bpjfxkumj112yoco9wahg,R. Jackson,,,North Carolina Courage,Home
2823738681,281,1,1,33,43,b4fbmos00gxtk8qnaqsm392p5,1,33.7,0.0,2025-06-22T00:13:05.917Z,2025-06-22T00:13:13Z,"[{'id': 5777282547, 'qualifierId': 189}, {'id': 5777282277, 'qualifierId': 213, 'value': '1.53'}, {'id': 5777282269, 'qualifierId': 56, 'value': 'Back'}, {'id': 5777282273, 'qualifierId': 141, 'value': '6.2'}, {'id': 5777282271, 'qualifierId': 140, 'value': '33.9'}, {'id': 5777282267, 'qualifierId': 107}, {'id': 5777282275, 'qualifierId': 212, 'value': '5.5'}]",1x229gvjahkxp7w02bh0v36ga,R. Williams,,,North Carolina Courage,Home
2823738689,282,1,1,33,44,b4fbmos00gxtk8qnaqsm392p5,0,33.9,6.2,2025-06-22T00:13:06.958Z,2025-06-22T00:13:12Z,"[{'id': 5777282315, 'qualifierId': 157}, {'id': 5777282319, 'qualifierId': 140, 'value': '63.3'}, {'id': 5777282327, 'qualifierId': 1}, {'id': 5777282323, 'qualifierId': 212, 'value': '30.9'}, {'id': 5777282325, 'qualifierId': 213, 'value': '6.28'}, {'id': 5777282497, 'qualifierId': 189}, {'id': 5777282321, 'qualifierId': 141, 'value': '6.1'}, {'id': 5777282317, 'qualifierId': 56, 'value': 'Right'}]",bxj6bpjfxkumj112yoco9wahg,R. Jackson,,,North Carolina Courage,Home
2823738707,268,1,1,33,47,c3v2ohfuzoqmc8ljm65hi80sj,0,44.4,89.7,2025-06-22T00:13:09.744Z,2025-06-22T00:13:10Z,"[{'id': 5777282419, 'qualifierId': 56, 'value': 'Left'}, {'id': 5777282427, 'qualifierId': 213, 'value': '0.46'}, {'id': 5777282421, 'qualifierId': 140, 'value': '60.1'}, {'id': 5777282425, 'qualifierId': 212, 'value': '18.4'}, {'id': 5777282417, 'qualifierId': 157}, {'id': 5777282429, 'qualifierId': 1}, {'id': 5777282423, 'qualifierId': 141, 'value': '100.0'}]",8ruvr2jnsfdub02rdh8q88s89,P. Nielsen,,,Houston Dash,Away
2823738713,269,5,1,33,48,c3v2ohfuzoqmc8ljm65hi80sj,0,59.1,101.6,2025-06-22T00:13:10.254Z,2025-06-22T01:54:06Z,"[{'id': 5777282445, 'qualifierId': 347}, {'id': 5777282443, 'qualifierId': 56, 'value': 'Left'}, {'id': 5777282515, 'qualifierId': 233, 'value': '283'}]",8ruvr2jnsfdub02rdh8q88s89,P. Nielsen,,,Houston Dash,Away
2823738719,283,5,1,33,48,b4fbmos00gxtk8qnaqsm392p5,1,40.9,-1.6,2025-06-22T00:13:10.254Z,2025-06-22T01:54:06Z,"[{'id': 5777282469, 'qualifierId': 56, 'value': 'Back'}, {'id': 5777282471, 'qualifierId': 347}, {'id': 5777282507, 'qualifierId': 233, 'value': '269'}]",bxj6bpjfxkumj112yoco9wahg,R. Jackson,,,North Carolina Courage,Home
2823738793,284,1,1,33,56,b4fbmos00gxtk8qnaqsm392p5,1,42.5,0.0,2025-06-22T00:13:18.260Z,2025-06-22T00:13:23Z,"[{'id': 5777282971, 'qualifierId': 140, 'value': '44.3'}, {'id': 5777282967, 'qualifierId': 107}, {'id': 5777282975, 'qualifierId': 212, 'value': '5.5'}, {'id': 5777282973, 'qualifierId': 141, 'value': '5.9'}, {'id': 5777282977, 'qualifierId': 213, 'value': '1.22'}, {'id': 5777282969, 'qualifierId': 56, 'value': 'Back'}]",1x229gvjahkxp7w02bh0v36ga,R. Williams,,,North Carolina Courage,Home
2823738819,285,1,1,34,1,b4fbmos00gxtk8qnaqsm392p5,1,31.8,5.2,2025-06-22T00:13:23.213Z,2025-06-22T00:13:27Z,"[{'id': 5777283131, 'qualifierId': 212, 'value': '20.7'}, {'id': 5777283133, 'qualifierId': 213, 'value': '2.62'}, {'id': 5777283125, 'qualifierId': 56, 'value': 'Back'}, {'id': 5777283127, 'qualifierId': 140, 'value': '14.7'}, {'id': 5777283129, 'qualifierId': 141, 'value': '20.3'}]",90bm7jsl7sjqiel7u2tv0vgq2,M. Matsukubo,,,North Carolina Courage,Home
2823738825,286,1,1,34,5,b4fbmos00gxtk8qnaqsm392p5,1,14.0,20.9,2025-06-22T00:13:27.788Z,2025-06-22T00:13:29Z,"[{'id': 5777283193, 'qualifierId': 213, 'value': '1.99'}, {'id': 5777283185, 'qualifierId': 56, 'value': 'Back'}, {'id': 5777283187, 'qualifierId': 140, 'value': '3.9'}, {'id': 5777283189, 'qualifierId': 141, 'value': '56.1'}, {'id': 5777283191, 'qualifierId': 212, 'value': '26.2'}]",cbco4ht0d7uk1thgam6vc0ep6,M. Bell,,,North Carolina Courage,Home
2823738845,287,1,1,34,7,b4fbmos00gxtk8qnaqsm392p5,0,3.9,56.1,2025-06-22T00:13:29.220Z,2025-06-22T00:13:31Z,"[{'id': 5777283283, 'qualifierId': 212, 'value': '32.2'}, {'id': 5777283279, 'qualifierId': 140, 'value': '14.1'}, {'id': 5777283277, 'qualifierId': 56, 'value': 'Back'}, {'id': 5777283287, 'qualifierId': 1}, {'id': 5777283281, 'qualifierId': 141, 'value': '100.0'}, {'id': 5777283285, 'qualifierId': 213, 'value': '1.23'}]",3qj9t05behkav9okd8n2wywh5,C. Murphy,,,North Carolina Courage,Home
2823738875,270,5,1,34,9,c3v2ohfuzoqmc8ljm65hi80sj,1,85.4,-0.9,2025-06-22T00:13:31.430Z,2025-06-22T01:54:06Z,"[{'id': 5777283453, 'qualifierId': 347}, {'id': 5777283451, 'qualifierId': 56, 'value': 'Right'}, {'id': 5777283459, 'qualifierId': 233, 'value': '288'}]",95tl8tonvm6czhwzd6i5ep756,B. Olivieri,,,Houston Dash,Away
2823738847,288,5,1,34,9,b4fbmos00gxtk8qnaqsm392p5,0,14.6,100.9,2025-06-22T00:13:31.430Z,2025-06-22T01:54:07Z,"[{'id': 5777283289, 'qualifierId': 56, 'value': 'Back'}, {'id': 5777283291, 'qualifierId': 347}, {'id': 5777283475, 'qualifierId': 233, 'value': '270'}]",3qj9t05behkav9okd8n2wywh5,C. Murphy,,,North Carolina Courage,Home
2823738917,271,1,1,34,12,c3v2ohfuzoqmc8ljm65hi80sj,1,84.6,0.0,2025-06-22T00:13:34.928Z,2025-06-22T00:13:39Z,"[{'id': 5777283683, 'qualifierId': 56, 'value': 'Right'}, {'id': 5777283691, 'qualifierId': 213, 'value': '0.91'}, {'id': 5777283681, 'qualifierId': 107}, {'id': 5777283685, 'qualifierId': 140, 'value': '94.0'}, {'id': 5777283689, 'qualifierId': 212, 'value': '16.0'}, {'id': 5777283687, 'qualifierId': 141, 'value': '17.0'}]",95tl8tonvm6czhwzd6i5ep756,B. Olivieri,,,Houston Dash,Away
2823738931,272,1,1,34,17,c3v2ohfuzoqmc8ljm65hi80sj,1,93.3,8.8,2025-06-22T00:13:39.488Z,2025-06-22T00:13:40Z,"[{'id': 5777283793, 'qualifierId': 212, 'value': '8.8'}, {'id': 5777283787, 'qualifierId': 56, 'value': 'Right'}, {'id': 5777283789, 'qualifierId': 140, 'value': '85.1'}, {'id': 5777283795, 'qualifierId': 213, 'value': '3.35'}, {'id': 5777283791, 'qualifierId': 141, 'value': '6.1'}]",1xgse8t4dm0decmpzebsphvfu,Y. Ryan,,,Houston Dash,Away
2823738939,273,1,1,34,18,c3v2ohfuzoqmc8ljm65hi80sj,0,85.1,6.1,2025-06-22T00:13:40.616Z,2025-06-22T00:13:42Z,"[{'id': 5777283977, 'qualifierId': 233, 'value': '289'}, {'id': 5777283843, 'qualifierId': 140, 'value': '85.5'}, {'id': 5777283849, 'qualifierId': 213, 'value': '1.37'}, {'id': 5777283981, 'qualifierId': 286}, {'id': 5777283841, 'qualifierId': 56, 'value': 'Right'}, {'id': 5777283845, 'qualifierId': 141, 'value': '9.1'}, {'id': 5777283975, 'qualifierId': 236}, {'id': 5777283847, 'qualifierId': 212, 'value': '2.1'}]",95tl8tonvm6czhwzd6i5ep756,B. Olivieri,,,Houston Dash,Away
2823738967,289,74,1,34,18,b4fbmos00gxtk8qnaqsm392p5,1,11.4,94.5,2025-06-22T00:13:40.617Z,2025-06-22T01:43:28Z,"[{'id': 5777283971, 'qualifierId': 56, 'value': 'Back'}, {'id': 5777283989, 'qualifierId': 233, 'value': '273'}, {'id': 5777283973, 'qualifierId': 285}]",awme1kk0t2w81hc4xcup7k222,T. Lussi,,,North Carolina Courage,Home
2823739019,274,5,1,34,21,c3v2ohfuzoqmc8ljm65hi80sj,1,87.5,-1.7,2025-06-22T00:13:43.468Z,2025-06-22T01:54:07Z,"[{'id': 5777284225, 'qualifierId': 347}, {'id': 5777284235, 'qualifierId': 233, 'value': '290'}, {'id': 5777284223, 'qualifierId': 56, 'value': 'Right'}]",95tl8tonvm6czhwzd6i5ep756,B. Olivieri,,,Houston Dash,Away
2823738975,290,5,1,34,21,b4fbmos00gxtk8qnaqsm392p5,0,12.5,101.7,2025-06-22T00:13:43.468Z,2025-06-22T01:54:07Z,"[{'id': 5777284243, 'qualifierId': 233, 'value': '274'}, {'id': 5777284017, 'qualifierId': 347}, {'id': 5777284015, 'qualifierId': 56, 'value': 'Back'}]",awme1kk0t2w81hc4xcup7k222,T. Lussi,,,North Carolina Courage,Home
2823739049,275,1,1,34,25,c3v2ohfuzoqmc8ljm65hi80sj,1,88.0,0.0,2025-06-22T00:13:47.159Z,2025-06-22T00:13:50Z,"[{'id': 5777284405, 'qualifierId': 56, 'value': 'Center'}, {'id': 5777284415, 'qualifierId': 1}, {'id': 5777284411, 'qualifierId': 212, 'value': '22.3'}, {'id': 5777284407, 'qualifierId': 140, 'value': '76.7'}, {'id': 5777284409, 'qualifierId': 141, 'value': '26.7'}, {'id': 5777284403, 'qualifierId': 107}, {'id': 5777284413, 'qualifierId': 213, 'value': '2.13'}]",95tl8tonvm6czhwzd6i5ep756,B. Olivieri,,,Houston Dash,Away
2823739101,276,1,1,34,28,c3v2ohfuzoqmc8ljm65hi80sj,1,76.7,26.7,2025-06-22T00:13:50.368Z,2025-06-22T00:13:55Z,"[{'id': 5777284673, 'qualifierId': 140, 'value': '69.9'}, {'id': 5777284681, 'qualifierId': 212, 'value': '31.9'}, {'id': 5777284669, 'qualifierId': 56, 'value': 'Center'}, {'id': 5777284683, 'qualifierId': 213, 'value': '1.80'}, {'id': 5777284677, 'qualifierId': 141, 'value': '72.4'}]",1xgse8t4dm0decmpzebsphvfu,Y. Ryan,,,Houston Dash,Away
2823739137,277,1,1,34,33,c3v2ohfuzoqmc8ljm65hi80sj,1,76.5,68.2,2025-06-22T00:13:55.120Z,2025-06-22T00:13:58Z,"[{'id': 5777284905, 'qualifierId': 56, 'value': 'Left'}, {'id': 5777284909, 'qualifierId': 141, 'value': '82.9'}, {'id': 5777284911, 'qualifierId': 212, 'value': '13.8'}, {'id': 5777284907, 'qualifierId': 140, 'value': '85.5'}, {'id': 5777284913, 'qualifierId': 213, 'value': '0.81'}]",n4egj8ymfled94mco0lwa95,C. Westphal,,,Houston Dash,Away
2823739167,278,1,1,34,36,c3v2ohfuzoqmc8ljm65hi80sj,1,85.2,82.7,2025-06-22T00:13:58.704Z,2025-06-22T00:14:02Z,"[{'id': 5777285081, 'qualifierId': 212, 'value': '10.6'}, {'id': 5777285075, 'qualifierId': 56, 'value': 'Left'}, {'id': 5777285077, 'qualifierId': 140, 'value': '75.1'}, {'id': 5777285083, 'qualifierId': 213, 'value': '3.09'}, {'id': 5777285079, 'qualifierId': 141, 'value': '83.5'}]",270qzf9ig52z04iu3ujnmstg4,R. Gareis,,,Houston Dash,Away
2823739195,279,1,1,34,40,c3v2ohfuzoqmc8ljm65hi80sj,0,73.8,79.0,2025-06-22T00:14:02.192Z,2025-06-24T14:42:00Z,"[{'id': 5777285243, 'qualifierId': 2}, {'id': 5779529927, 'qualifierId': 20}, {'id': 5777285249, 'qualifierId': 140, 'value': '86.7'}, {'id': 5777285245, 'qualifierId': 155}, {'id': 5779529925, 'qualifierId': 223}, {'id': 5777285251, 'qualifierId': 141, 'value': '54.6'}, {'id': 5777285255, 'qualifierId': 213, 'value': '5.40'}, {'id': 5777285247, 'qualifierId': 56, 'value': 'Center'}, {'id': 5777285253, 'qualifierId': 212, 'value': '21.4'}]",n4egj8ymfled94mco0lwa95,C. Westphal,,,Houston Dash,Away
2823739191,291,44,1,34,42,b4fbmos00gxtk8qnaqsm392p5,1,13.1,45.6,2025-06-22T00:14:04.204Z,2025-06-22T01:45:31Z,"[{'id': 5777285325, 'qualifierId': 233, 'value': '280'}, {'id': 5777285215, 'qualifierId': 285}, {'id': 5777285213, 'qualifierId': 56, 'value': 'Back'}]",1p3bwk03ay87hp2nwrl3tfxwq,K. Kurtz,,,North Carolina Courage,Home
2823739201,280,44,1,34,42,c3v2ohfuzoqmc8ljm65hi80sj,0,86.9,54.4,2025-06-22T00:14:04.205Z,2025-06-22T01:45:31Z,"[{'id': 5777285303, 'qualifierId': 56, 'value': 'Center'}, {'id': 5777285305, 'qualifierId': 286}, {'id': 5777285341, 'qualifierId': 233, 'value': '291'}]",1xgse8t4dm0decmpzebsphvfu,Y. Ryan,,,Houston Dash,Away
2823739203,292,12,1,34,42,b4fbmos00gxtk8qnaqsm392p5,1,12.8,45.8,2025-06-22T00:14:04.516Z,2025-06-22T00:14:05Z,"[{'id': 5777285307, 'qualifierId': 56, 'value': 'Back'}, {'id': 5777285323, 'qualifierId': 15}, {'id': 5777285309, 'qualifierId': 140, 'value': '20.9'}, {'id': 5777285311, 'qualifierId': 141, 'value': '74.4'}, {'id': 5777285315, 'qualifierId': 213, 'value': '1.16'}, {'id': 5777285313, 'qualifierId': 212, 'value': '21.2'}]",1p3bwk03ay87hp2nwrl3tfxwq,K. Kurtz,,,North Carolina Courage,Home
2823739249,281,1,1,34,45,c3v2ohfuzoqmc8ljm65hi80sj,1,78.8,32.2,2025-06-22T00:14:07.384Z,2025-06-22T00:14:12Z,"[{'id': 5777285523, 'qualifierId': 56, 'value': 'Center'}, {'id': 5777285531, 'qualifierId': 213, 'value': '1.83'}, {'id': 5777285525, 'qualifierId': 140, 'value': '76.9'}, {'id': 5777285529, 'qualifierId': 212, 'value': '7.8'}, {'id': 5777285527, 'qualifierId': 141, 'value': '43.3'}]",95tl8tonvm6czhwzd6i5ep756,B. Olivieri,,,Houston Dash,Away
2823739257,282,1,1,34,50,c3v2ohfuzoqmc8ljm65hi80sj,0,73.0,34.2,2025-06-22T00:14:12.384Z,2025-06-22T00:14:13Z,"[{'id': 5777285591, 'qualifierId': 212, 'value': '8.2'}, {'id': 5777285589, 'qualifierId': 141, 'value': '33.6'}, {'id': 5777285587, 'qualifierId': 140, 'value': '80.8'}, {'id': 5777285585, 'qualifierId': 56, 'value': 'Center'}, {'id': 5777285593, 'qualifierId': 213, 'value': '6.23'}]",1c2boqmoi50esuelgdd96o06h,D. Colaprico,,,Houston Dash,Away
2823739267,293,4,1,34,51,b4fbmos00gxtk8qnaqsm392p5,1,20.5,67.7,2025-06-22T00:14:13.932Z,2025-06-24T14:42:31Z,"[{'id': 5777285887, 'qualifierId': 13}, {'id': 5779530025, 'qualifierId': 294}, {'id': 5777285637, 'qualifierId': 56, 'value': 'Back'}, {'id': 5777285919, 'qualifierId': 233, 'value': '283'}, {'id': 5777285889, 'qualifierId': 152}, {'id': 5777285893, 'qualifierId': 285}]",awme1kk0t2w81hc4xcup7k222,T. Lussi,,,North Carolina Courage,Home
2823739301,283,4,1,34,51,c3v2ohfuzoqmc8ljm65hi80sj,0,79.5,32.3,2025-06-22T00:14:13.933Z,2025-06-24T14:42:35Z,"[{'id': 5779530061, 'qualifierId': 294}, {'id': 5777285863, 'qualifierId': 13}, {'id': 5777285865, 'qualifierId': 56, 'value': 'Center'}, {'id': 5777285867, 'qualifierId': 152}, {'id': 5777285871, 'qualifierId': 286}, {'id': 5777285923, 'qualifierId': 233, 'value': '293'}]",61ucpn8qxos0kwaw0gdpqubys,A. Patterson,,,Houston Dash,Away
2823739475,294,1,1,35,14,b4fbmos00gxtk8qnaqsm392p5,1,22.2,80.9,2025-06-22T00:14:36.500Z,2025-06-22T00:14:37Z,"[{'id': 5777287003, 'qualifierId': 140, 'value': '13.0'}, {'id': 5777286997, 'qualifierId': 5}, {'id': 5777287001, 'qualifierId': 56, 'value': 'Back'}, {'id': 5777287005, 'qualifierId': 141, 'value': '66.1'}, {'id': 5777287009, 'qualifierId': 213, 'value': '3.95'}, {'id': 5777286999, 'qualifierId': 152}, {'id': 5777287007, 'qualifierId': 212, 'value': '13.9'}]",cqpdeqi0psfadqsgejcvdqqne,M. Berkely,,,North Carolina Courage,Home
2823739493,295,1,1,35,15,b4fbmos00gxtk8qnaqsm392p5,1,10.2,65.2,2025-06-22T00:14:37.620Z,2025-06-22T00:14:39Z,"[{'id': 5777287073, 'qualifierId': 56, 'value': 'Back'}, {'id': 5777287079, 'qualifierId': 212, 'value': '15.2'}, {'id': 5777287075, 'qualifierId': 140, 'value': '20.2'}, {'id': 5777287081, 'qualifierId': 213, 'value': '0.81'}, {'id': 5777287077, 'qualifierId': 141, 'value': '81.4'}]",3qj9t05behkav9okd8n2wywh5,C. Murphy,,,North Carolina Courage,Home
2823739511,296,1,1,35,17,b4fbmos00gxtk8qnaqsm392p5,1,24.9,88.1,2025-06-22T00:14:39.500Z,2025-06-22T00:14:41Z,"[{'id': 5777287187, 'qualifierId': 141, 'value': '92.4'}, {'id': 5777287191, 'qualifierId': 213, 'value': '0.09'}, {'id': 5777287183, 'qualifierId': 56, 'value': 'Left'}, {'id': 5777287185, 'qualifierId': 140, 'value': '55.4'}, {'id': 5777287193, 'qualifierId': 1}, {'id': 5777287181, 'qualifierId': 155}, {'id': 5777287189, 'qualifierId': 212, 'value': '32.2'}]",cqpdeqi0psfadqsgejcvdqqne,M. Berkely,,,North Carolina Courage,Home
2823739515,297,61,1,35,19,b4fbmos00gxtk8qnaqsm392p5,0,55.4,92.4,2025-06-22T00:14:41.204Z,2025-06-22T00:14:41Z,"[{'id': 5777287205, 'qualifierId': 56, 'value': 'Left'}]",awme1kk0t2w81hc4xcup7k222,T. Lussi,,,North Carolina Courage,Home
2823739639,284,5,1,35,19,c3v2ohfuzoqmc8ljm65hi80sj,1,40.5,-1.0,2025-06-22T00:14:41.208Z,2025-06-22T01:54:07Z,"[{'id': 5777287915, 'qualifierId': 233, 'value': '298'}, {'id': 5777287909, 'qualifierId': 347}, {'id': 5777287907, 'qualifierId': 56, 'value': 'Back'}]",1xgse8t4dm0decmpzebsphvfu,Y. Ryan,,,Houston Dash,Away
2823739519,298,5,1,35,19,b4fbmos00gxtk8qnaqsm392p5,0,59.5,101.0,2025-06-22T00:14:41.208Z,2025-06-22T01:54:08Z,"[{'id': 5777287933, 'qualifierId': 233, 'value': '284'}, {'id': 5777287223, 'qualifierId': 56, 'value': 'Left'}, {'id': 5777287225, 'qualifierId': 347}]",awme1kk0t2w81hc4xcup7k222,T. Lussi,,,North Carolina Courage,Home
2823739669,285,1,1,35,33,c3v2ohfuzoqmc8ljm65hi80sj,1,41.0,0.0,2025-06-22T00:14:55.615Z,2025-06-22T00:14:58Z,"[{'id': 5777288055, 'qualifierId': 140, 'value': '46.9'}, {'id': 5777288051, 'qualifierId': 107}, {'id': 5777288059, 'qualifierId': 212, 'value': '12.2'}, {'id': 5777288053, 'qualifierId': 56, 'value': 'Back'}, {'id': 5777288057, 'qualifierId': 141, 'value': '13.8'}, {'id': 5777288061, 'qualifierId': 213, 'value': '1.04'}]",61ucpn8qxos0kwaw0gdpqubys,A. Patterson,,,Houston Dash,Away
2823739671,286,61,1,35,36,c3v2ohfuzoqmc8ljm65hi80sj,0,45.4,12.0,2025-06-22T00:14:58.503Z,2025-06-22T00:14:58Z,"[{'id': 5777288097, 'qualifierId': 56, 'value': 'Back'}]",2sc4jlfmioa61d1vgpcz0pht6,D. Sheehan,,,Houston Dash,Away
2823739675,299,3,1,35,36,b4fbmos00gxtk8qnaqsm392p5,0,60.6,89.7,2025-06-22T00:14:58.764Z,2025-06-24T14:43:50Z,"[{'id': 5777288145, 'qualifierId': 286}, {'id': 5777288143, 'qualifierId': 56, 'value': 'Left'}, {'id': 5777288317, 'qualifierId': 233, 'value': '287'}, {'id': 5779530327, 'qualifierId': 464}]",8afwde4025w5wxddyf2ouoine,S. Koyama,,,North Carolina Courage,Home
2823739707,287,7,1,35,36,c3v2ohfuzoqmc8ljm65hi80sj,1,39.4,10.3,2025-06-22T00:14:58.765Z,2025-06-24T14:43:53Z,"[{'id': 5777288283, 'qualifierId': 56, 'value': 'Back'}, {'id': 5779530349, 'qualifierId': 383}, {'id': 5777288303, 'qualifierId': 233, 'value': '299'}, {'id': 5779530351, 'qualifierId': 178}, {'id': 5777288285, 'qualifierId': 285}]",2sc4jlfmioa61d1vgpcz0pht6,D. Sheehan,,,Houston Dash,Away
2823739721,288,1,1,35,39,c3v2ohfuzoqmc8ljm65hi80sj,1,42.6,3.4,2025-06-22T00:15:01.944Z,2025-06-22T00:15:03Z,"[{'id': 5777288349, 'qualifierId': 56, 'value': 'Back'}, {'id': 5777288357, 'qualifierId': 213, 'value': '2.13'}, {'id': 5777288353, 'qualifierId': 141, 'value': '14.1'}, {'id': 5777288351, 'qualifierId': 140, 'value': '38.3'}, {'id': 5777288355, 'qualifierId': 212, 'value': '8.6'}]",61ucpn8qxos0kwaw0gdpqubys,A. Patterson,,,Houston Dash,Away
2823739743,289,1,1,35,40,c3v2ohfuzoqmc8ljm65hi80sj,1,38.3,14.1,2025-06-22T00:15:03.040Z,2025-06-22T00:15:04Z,"[{'id': 5777288465, 'qualifierId': 140, 'value': '27.0'}, {'id': 5777288471, 'qualifierId': 213, 'value': '2.88'}, {'id': 5777288469, 'qualifierId': 212, 'value': '12.3'}, {'id': 5777288467, 'qualifierId': 141, 'value': '18.8'}, {'id': 5777288463, 'qualifierId': 56, 'value': 'Back'}]",2sc4jlfmioa61d1vgpcz0pht6,D. Sheehan,,,Houston Dash,Away
2823739783,290,1,1,35,42,c3v2ohfuzoqmc8ljm65hi80sj,1,26.1,18.6,2025-06-22T00:15:04.471Z,2025-06-22T00:15:08Z,"[{'id': 5777288661, 'qualifierId': 212, 'value': '24.9'}, {'id': 5777288655, 'qualifierId': 56, 'value': 'Back'}, {'id': 5777288663, 'qualifierId': 213, 'value': '2.38'}, {'id': 5777288659, 'qualifierId': 141, 'value': '43.9'}, {'id': 5777288657, 'qualifierId': 140, 'value': '9.0'}]",8co65x7tuvynuqvket8okb7xl,N. Jacobs,,,Houston Dash,Away
2823739857,291,1,1,35,46,c3v2ohfuzoqmc8ljm65hi80sj,1,8.7,43.6,2025-06-22T00:15:08.327Z,2025-06-22T00:15:12Z,"[{'id': 5777289031, 'qualifierId': 212, 'value': '32.5'}, {'id': 5777289035, 'qualifierId': 1}, {'id': 5777289027, 'qualifierId': 140, 'value': '30.8'}, {'id': 5777289029, 'qualifierId': 141, 'value': '77.0'}, {'id': 5777289033, 'qualifierId': 213, 'value': '0.77'}, {'id': 5777289025, 'qualifierId': 56, 'value': 'Back'}]",53uflfknc5uus7iqw3obp5fx1,J. Campbell,,,Houston Dash,Away
2823739905,292,1,1,35,50,c3v2ohfuzoqmc8ljm65hi80sj,1,32.2,73.2,2025-06-22T00:15:12.847Z,2025-06-22T00:15:17Z,"[{'id': 5777289327, 'qualifierId': 141, 'value': '57.6'}, {'id': 5777289323, 'qualifierId': 56, 'value': 'Back'}, {'id': 5777289331, 'qualifierId': 213, 'value': '3.86'}, {'id': 5777289325, 'qualifierId': 140, 'value': '20.7'}, {'id': 5777289329, 'qualifierId': 212, 'value': '16.1'}]",n4egj8ymfled94mco0lwa95,C. Westphal,,,Houston Dash,Away
2823739943,293,1,1,35,55,c3v2ohfuzoqmc8ljm65hi80sj,1,22.9,52.7,2025-06-22T00:15:17.391Z,2025-06-22T00:15:19Z,"[{'id': 5777289513, 'qualifierId': 213, 'value': '0.87'}, {'id': 5777289505, 'qualifierId': 56, 'value': 'Back'}, {'id': 5777289509, 'qualifierId': 141, 'value': '65.7'}, {'id': 5777289511, 'qualifierId': 212, 'value': '11.6'}, {'id': 5777289507, 'qualifierId': 140, 'value': '30.0'}]",8ruvr2jnsfdub02rdh8q88s89,P. Nielsen,,,Houston Dash,Away
2823739997,294,1,1,35,57,c3v2ohfuzoqmc8ljm65hi80sj,1,32.1,67.3,2025-06-22T00:15:19.392Z,2025-06-22T00:15:24Z,"[{'id': 5777289813, 'qualifierId': 140, 'value': '40.4'}, {'id': 5777289819, 'qualifierId': 213, 'value': '1.11'}, {'id': 5777289811, 'qualifierId': 56, 'value': 'Back'}, {'id': 5777289815, 'qualifierId': 141, 'value': '92.9'}, {'id': 5777289817, 'qualifierId': 212, 'value': '19.5'}]",n4egj8ymfled94mco0lwa95,C. Westphal,,,Houston Dash,Away
2823740007,295,61,1,36,2,c3v2ohfuzoqmc8ljm65hi80sj,0,39.7,98.3,2025-06-22T00:15:24.511Z,2025-06-22T00:15:24Z,"[{'id': 5777289847, 'qualifierId': 56, 'value': 'Back'}]",270qzf9ig52z04iu3ujnmstg4,R. Gareis,,,Houston Dash,Away
2823740019,296,5,1,36,4,c3v2ohfuzoqmc8ljm65hi80sj,0,53.3,101.8,2025-06-22T00:15:26.144Z,2025-06-22T01:54:08Z,"[{'id': 5777290105, 'qualifierId': 233, 'value': '300'}, {'id': 5777289927, 'qualifierId': 56, 'value': 'Left'}, {'id': 5777289929, 'qualifierId': 347}]",270qzf9ig52z04iu3ujnmstg4,R. Gareis,,,Houston Dash,Away
2823740043,300,5,1,36,4,b4fbmos00gxtk8qnaqsm392p5,1,46.7,-1.8,2025-06-22T00:15:26.144Z,2025-06-22T01:54:08Z,"[{'id': 5777290061, 'qualifierId': 347}, {'id': 5777290075, 'qualifierId': 233, 'value': '296'}, {'id': 5777290059, 'qualifierId': 56, 'value': 'Back'}]",8afwde4025w5wxddyf2ouoine,S. Koyama,,,North Carolina Courage,Home
2823740079,301,1,1,36,6,b4fbmos00gxtk8qnaqsm392p5,1,38.7,0.0,2025-06-22T00:15:28.916Z,2025-06-22T00:15:33Z,"[{'id': 5777290241, 'qualifierId': 140, 'value': '29.2'}, {'id': 5777290245, 'qualifierId': 212, 'value': '11.4'}, {'id': 5777290243, 'qualifierId': 141, 'value': '6.2'}, {'id': 5777290237, 'qualifierId': 107}, {'id': 5777290247, 'qualifierId': 213, 'value': '2.63'}, {'id': 5777290239, 'qualifierId': 56, 'value': 'Back'}]",1x229gvjahkxp7w02bh0v36ga,R. Williams,,,North Carolina Courage,Home
2823740127,302,1,1,36,11,b4fbmos00gxtk8qnaqsm392p5,1,25.9,26.1,2025-06-22T00:15:33.491Z,2025-06-22T00:15:38Z,"[{'id': 5777290503, 'qualifierId': 212, 'value': '29.7'}, {'id': 5777290497, 'qualifierId': 56, 'value': 'Back'}, {'id': 5777290499, 'qualifierId': 140, 'value': '29.4'}, {'id': 5777290501, 'qualifierId': 141, 'value': '69.4'}, {'id': 5777290505, 'qualifierId': 213, 'value': '1.45'}]",cbco4ht0d7uk1thgam6vc0ep6,M. Bell,,,North Carolina Courage,Home
2823740147,303,1,1,36,16,b4fbmos00gxtk8qnaqsm392p5,0,33.3,68.7,2025-06-22T00:15:38.588Z,2025-06-24T14:44:21Z,"[{'id': 5777290637, 'qualifierId': 1}, {'id': 5777290627, 'qualifierId': 56, 'value': 'Center'}, {'id': 5777290631, 'qualifierId': 141, 'value': '74.2'}, {'id': 5779530451, 'qualifierId': 157}, {'id': 5777290635, 'qualifierId': 213, 'value': '0.10'}, {'id': 5777290629, 'qualifierId': 140, 'value': '69.5'}, {'id': 5777290633, 'qualifierId': 212, 'value': '38.2'}]",cqpdeqi0psfadqsgejcvdqqne,M. Berkely,,,North Carolina Courage,Home
2823740165,297,12,1,36,19,c3v2ohfuzoqmc8ljm65hi80sj,1,28.9,27.7,2025-06-22T00:15:41.992Z,2025-06-22T00:15:43Z,"[{'id': 5777290713, 'qualifierId': 213, 'value': '6.21'}, {'id': 5777290769, 'qualifierId': 15}, {'id': 5777290705, 'qualifierId': 56, 'value': 'Back'}, {'id': 5777290711, 'qualifierId': 212, 'value': '6.2'}, {'id': 5777290709, 'qualifierId': 141, 'value': '27.0'}, {'id': 5777290707, 'qualifierId': 140, 'value': '34.8'}]",61ucpn8qxos0kwaw0gdpqubys,A. Patterson,,,Houston Dash,Away
2823740251,304,1,1,36,25,b4fbmos00gxtk8qnaqsm392p5,1,66.4,87.5,2025-06-22T00:15:47.387Z,2025-06-22T00:15:51Z,"[{'id': 5777291173, 'qualifierId': 56, 'value': 'Left'}, {'id': 5777291179, 'qualifierId': 212, 'value': '20.1'}, {'id': 5777291175, 'qualifierId': 140, 'value': '85.4'}, {'id': 5777291171, 'qualifierId': 155}, {'id': 5777291181, 'qualifierId': 213, 'value': '0.10'}, {'id': 5777291177, 'qualifierId': 141, 'value': '90.5'}]",awme1kk0t2w81hc4xcup7k222,T. Lussi,,,North Carolina Courage,Home
2823740259,305,4,1,36,29,b4fbmos00gxtk8qnaqsm392p5,1,92.1,87.7,2025-06-22T00:15:51.204Z,2025-06-22T01:35:50Z,"[{'id': 5777291241, 'qualifierId': 286}, {'id': 5777291265, 'qualifierId': 233, 'value': '298'}, {'id': 5777291237, 'qualifierId': 152}, {'id': 5777291233, 'qualifierId': 13}, {'id': 5777291239, 'qualifierId': 265}, {'id': 5777291235, 'qualifierId': 56, 'value': 'Left'}]",8afwde4025w5wxddyf2ouoine,S. Koyama,,,North Carolina Courage,Home
2823740263,298,4,1,36,29,c3v2ohfuzoqmc8ljm65hi80sj,0,7.9,12.3,2025-06-22T00:15:51.205Z,2025-06-22T01:35:50Z,"[{'id': 5777291277, 'qualifierId': 233, 'value': '305'}, {'id': 5777291261, 'qualifierId': 265}, {'id': 5777291257, 'qualifierId': 56, 'value': 'Back'}, {'id': 5777291263, 'qualifierId': 285}, {'id': 5777291259, 'qualifierId': 152}, {'id': 5777291255, 'qualifierId': 13}]",61ucpn8qxos0kwaw0gdpqubys,A. Patterson,,,Houston Dash,Away
2823740785,306,1,1,37,17,b4fbmos00gxtk8qnaqsm392p5,0,92.0,87.7,2025-06-22T00:16:39.964Z,2025-06-24T14:44:57Z,"[{'id': 5779530579, 'qualifierId': 386}, {'id': 5777294125, 'qualifierId': 2}, {'id': 5777294133, 'qualifierId': 155}, {'id': 5777294129, 'qualifierId': 5}, {'id': 5777294135, 'qualifierId': 152}, {'id': 5777294139, 'qualifierId': 140, 'value': '96.4'}, {'id': 5779530577, 'qualifierId': 225}, {'id': 5777294141, 'qualifierId': 141, 'value': '47.6'}, {'id': 5777294145, 'qualifierId': 213, 'value': '4.88'}, {'id': 5779530563, 'qualifierId': 20}, {'id': 5777294143, 'qualifierId': 212, 'value': '27.7'}, {'id': 5777294137, 'qualifierId': 56, 'value': 'Center'}]",bxj6bpjfxkumj112yoco9wahg,R. Jackson,,,North Carolina Courage,Home
2823740811,299,12,1,37,20,c3v2ohfuzoqmc8ljm65hi80sj,1,6.9,58.5,2025-06-22T00:16:42.943Z,2025-06-22T00:17:16Z,"[{'id': 5777294261, 'qualifierId': 141, 'value': '67.3'}, {'id': 5777294265, 'qualifierId': 213, 'value': '0.53'}, {'id': 5777294267, 'qualifierId': 15}, {'id': 5777294263, 'qualifierId': 212, 'value': '11.8'}, {'id': 5777294259, 'qualifierId': 140, 'value': '16.6'}, {'id': 5777294257, 'qualifierId': 56, 'value': 'Back'}]",2sc4jlfmioa61d1vgpcz0pht6,D. Sheehan,,,Houston Dash,Away
2823740823,307,1,1,37,22,b4fbmos00gxtk8qnaqsm392p5,0,93.8,29.4,2025-06-22T00:16:44.428Z,2025-06-22T00:16:44Z,"[{'id': 5777294317, 'qualifierId': 3}, {'id': 5777294325, 'qualifierId': 212, 'value': '5.7'}, {'id': 5777294321, 'qualifierId': 140, 'value': '94.7'}, {'id': 5777294323, 'qualifierId': 141, 'value': '37.7'}, {'id': 5777294319, 'qualifierId': 56, 'value': 'Center'}, {'id': 5777294327, 'qualifierId': 213, 'value': '1.40'}]",awme1kk0t2w81hc4xcup7k222,T. Lussi,,,North Carolina Courage,Home
2823740903,300,12,1,37,24,c3v2ohfuzoqmc8ljm65hi80sj,1,8.1,61.1,2025-06-22T00:16:46.151Z,2025-06-22T00:16:49Z,"[{'id': 5777294677, 'qualifierId': 213, 'value': '0.24'}, {'id': 5777294669, 'qualifierId': 56, 'value': 'Back'}, {'id': 5777294671, 'qualifierId': 140, 'value': '37.7'}, {'id': 5777294675, 'qualifierId': 212, 'value': '32.0'}, {'id': 5777294673, 'qualifierId': 141, 'value': '72.4'}]",2sc4jlfmioa61d1vgpcz0pht6,D. Sheehan,,,Houston Dash,Away
2823740907,301,49,1,37,27,c3v2ohfuzoqmc8ljm65hi80sj,1,34.9,80.0,2025-06-22T00:16:49.296Z,2025-06-22T00:16:49Z,[],1xgse8t4dm0decmpzebsphvfu,Y. Ryan,,,Houston Dash,Away
2823740959,302,3,1,37,31,c3v2ohfuzoqmc8ljm65hi80sj,0,95.4,2.3,2025-06-22T00:16:53.779Z,2025-06-24T14:45:23Z,"[{'id': 5779530649, 'qualifierId': 465}, {'id': 5777294955, 'qualifierId': 56, 'value': 'Right'}, {'id': 5777294957, 'qualifierId': 286}, {'id': 5777295013, 'qualifierId': 233, 'value': '308'}]",1xgse8t4dm0decmpzebsphvfu,Y. Ryan,,,Houston Dash,Away
2823740957,308,7,1,37,31,b4fbmos00gxtk8qnaqsm392p5,0,4.6,97.7,2025-06-22T00:16:53.780Z,2025-06-24T14:45:29Z,"[{'id': 5777294951, 'qualifierId': 56, 'value': 'Back'}, {'id': 5777294953, 'qualifierId': 285}, {'id': 5779530653, 'qualifierId': 385}, {'id': 5777294981, 'qualifierId': 233, 'value': '302'}, {'id': 5779530655, 'qualifierId': 178}]",7fk82cjz0z5vq2ts3vmz8has5,D. O'Sullivan,,,North Carolina Courage,Home
2823741031,303,1,1,37,33,c3v2ohfuzoqmc8ljm65hi80sj,1,48.5,92.4,2025-06-22T00:16:55.991Z,2025-06-22T00:17:01Z,"[{'id': 5777295423, 'qualifierId': 213, 'value': '4.08'}, {'id': 5777295417, 'qualifierId': 140, 'value': '38.6'}, {'id': 5777295421, 'qualifierId': 212, 'value': '17.5'}, {'id': 5777295419, 'qualifierId': 141, 'value': '71.7'}, {'id': 5777295415, 'qualifierId': 56, 'value': 'Back'}]",1xgse8t4dm0decmpzebsphvfu,Y. Ryan,,,Houston Dash,Away
2823741083,304,1,1,37,39,c3v2ohfuzoqmc8ljm65hi80sj,1,56.0,72.7,2025-06-22T00:17:01.831Z,2025-06-22T00:17:04Z,"[{'id': 5777295645, 'qualifierId': 56, 'value': 'Back'}, {'id': 5777295653, 'qualifierId': 213, 'value': '3.15'}, {'id': 5777295647, 'qualifierId': 140, 'value': '40.5'}, {'id': 5777295649, 'qualifierId': 141, 'value': '72.6'}, {'id': 5777295651, 'qualifierId': 212, 'value': '16.3'}]",1c2boqmoi50esuelgdd96o06h,D. Colaprico,,,Houston Dash,Away
2823741147,305,1,1,37,42,c3v2ohfuzoqmc8ljm65hi80sj,1,40.5,72.6,2025-06-22T00:17:04.535Z,2025-06-22T00:17:09Z,"[{'id': 5777295987, 'qualifierId': 141, 'value': '88.7'}, {'id': 5777295989, 'qualifierId': 212, 'value': '17.4'}, {'id': 5777295985, 'qualifierId': 140, 'value': '53.4'}, {'id': 5777295991, 'qualifierId': 213, 'value': '0.68'}, {'id': 5777295983, 'qualifierId': 56, 'value': 'Left'}]",n4egj8ymfled94mco0lwa95,C. Westphal,,,Houston Dash,Away
2823741159,306,1,1,37,47,c3v2ohfuzoqmc8ljm65hi80sj,0,53.4,88.7,2025-06-22T00:17:09.575Z,2025-06-22T00:17:10Z,"[{'id': 5777296043, 'qualifierId': 56, 'value': 'Left'}, {'id': 5777296051, 'qualifierId': 213, 'value': '0.36'}, {'id': 5777296045, 'qualifierId': 140, 'value': '75.9'}, {'id': 5777296047, 'qualifierId': 141, 'value': '100.0'}, {'id': 5777296049, 'qualifierId': 212, 'value': '25.2'}]",2sc4jlfmioa61d1vgpcz0pht6,D. Sheehan,,,Houston Dash,Away
2823741165,307,5,1,37,48,c3v2ohfuzoqmc8ljm65hi80sj,0,74.2,101.8,2025-06-22T00:17:10.642Z,2025-06-22T01:54:09Z,"[{'id': 5777296077, 'qualifierId': 56, 'value': 'Left'}, {'id': 5777296079, 'qualifierId': 347}, {'id': 5777296309, 'qualifierId': 233, 'value': '309'}]",2sc4jlfmioa61d1vgpcz0pht6,D. Sheehan,,,Houston Dash,Away
2823741199,309,5,1,37,48,b4fbmos00gxtk8qnaqsm392p5,1,25.8,-1.8,2025-06-22T00:17:10.642Z,2025-06-22T01:54:08Z,"[{'id': 5777296291, 'qualifierId': 233, 'value': '307'}, {'id': 5777296277, 'qualifierId': 56, 'value': 'Back'}, {'id': 5777296279, 'qualifierId': 347}]",7fk82cjz0z5vq2ts3vmz8has5,D. O'Sullivan,,,North Carolina Courage,Home
2823741235,310,1,1,37,52,b4fbmos00gxtk8qnaqsm392p5,1,23.9,0.0,2025-06-22T00:17:14.579Z,2025-06-22T00:17:17Z,"[{'id': 5777296451, 'qualifierId': 141, 'value': '14.7'}, {'id': 5777296455, 'qualifierId': 213, 'value': '1.80'}, {'id': 5777296447, 'qualifierId': 56, 'value': 'Back'}, {'id': 5777296449, 'qualifierId': 140, 'value': '21.4'}, {'id': 5777296453, 'qualifierId': 212, 'value': '11.7'}, {'id': 5777296445, 'qualifierId': 107}]",1x229gvjahkxp7w02bh0v36ga,R. Williams,,,North Carolina Courage,Home
2823741307,311,1,1,37,55,b4fbmos00gxtk8qnaqsm392p5,1,20.7,22.7,2025-06-22T00:17:17.507Z,2025-06-22T00:17:26Z,"[{'id': 5777296863, 'qualifierId': 141, 'value': '39.8'}, {'id': 5777296865, 'qualifierId': 212, 'value': '12.1'}, {'id': 5777296861, 'qualifierId': 140, 'value': '23.9'}, {'id': 5777296859, 'qualifierId': 56, 'value': 'Back'}, {'id': 5777296867, 'qualifierId': 213, 'value': '1.29'}]",cbco4ht0d7uk1thgam6vc0ep6,M. Bell,,,North Carolina Courage,Home
2823741417,312,1,1,38,4,b4fbmos00gxtk8qnaqsm392p5,1,26.3,43.7,2025-06-22T00:17:26.059Z,2025-06-22T00:17:38Z,"[{'id': 5777297513, 'qualifierId': 212, 'value': '17.4'}, {'id': 5777297509, 'qualifierId': 140, 'value': '26.8'}, {'id': 5777297511, 'qualifierId': 141, 'value': '69.3'}, {'id': 5777297507, 'qualifierId': 56, 'value': 'Back'}, {'id': 5777297515, 'qualifierId': 213, 'value': '1.54'}]",1p3bwk03ay87hp2nwrl3tfxwq,K. Kurtz,,,North Carolina Courage,Home
2823741423,313,61,1,38,16,b4fbmos00gxtk8qnaqsm392p5,1,33.3,89.3,2025-06-22T00:17:38.299Z,2025-06-24T14:47:41Z,"[{'id': 5777297527, 'qualifierId': 56, 'value': 'Back'}, {'id': 5777297585, 'qualifierId': 189}]",cqpdeqi0psfadqsgejcvdqqne,M. Berkely,,,North Carolina Courage,Home
2823741425,308,49,1,38,17,c3v2ohfuzoqmc8ljm65hi80sj,1,53.7,9.2,2025-06-22T00:17:39.831Z,2025-06-24T14:47:47Z,"[{'id': 5779531007, 'qualifierId': 189}]",61ucpn8qxos0kwaw0gdpqubys,A. Patterson,,,Houston Dash,Away
2823741439,309,1,1,38,18,c3v2ohfuzoqmc8ljm65hi80sj,1,53.7,9.2,2025-06-22T00:17:40.079Z,2025-06-22T00:17:41Z,"[{'id': 5777297607, 'qualifierId': 141, 'value': '26.1'}, {'id': 5777297611, 'qualifierId': 213, 'value': '2.04'}, {'id': 5777297609, 'qualifierId': 212, 'value': '12.9'}, {'id': 5777297605, 'qualifierId': 140, 'value': '48.2'}, {'id': 5777297603, 'qualifierId': 56, 'value': 'Back'}]",61ucpn8qxos0kwaw0gdpqubys,A. Patterson,,,Houston Dash,Away
2823741453,310,1,1,38,19,c3v2ohfuzoqmc8ljm65hi80sj,1,56.4,26.4,2025-06-22T00:17:41.911Z,2025-06-22T00:17:43Z,"[{'id': 5777297685, 'qualifierId': 141, 'value': '31.3'}, {'id': 5777297681, 'qualifierId': 56, 'value': 'Center'}, {'id': 5777297687, 'qualifierId': 212, 'value': '19.3'}, {'id': 5777297689, 'qualifierId': 213, 'value': '0.17'}, {'id': 5777297683, 'qualifierId': 140, 'value': '74.5'}]",1c2boqmoi50esuelgdd96o06h,D. Colaprico,,,Houston Dash,Away
2823741461,311,1,1,38,21,c3v2ohfuzoqmc8ljm65hi80sj,1,74.5,31.3,2025-06-22T00:17:43.728Z,2025-06-22T00:17:44Z,"[{'id': 5777297727, 'qualifierId': 141, 'value': '29.1'}, {'id': 5777297729, 'qualifierId': 212, 'value': '13.7'}, {'id': 5777297753, 'qualifierId': 156}, {'id': 5777297733, 'qualifierId': 213, 'value': '3.25'}, {'id': 5777297725, 'qualifierId': 140, 'value': '61.5'}, {'id': 5777297723, 'qualifierId': 56, 'value': 'Center'}]",95tl8tonvm6czhwzd6i5ep756,B. Olivieri,,,Houston Dash,Away
2823741483,312,1,1,38,23,c3v2ohfuzoqmc8ljm65hi80sj,1,61.5,27.7,2025-06-22T00:17:45.703Z,2025-06-22T00:17:47Z,"[{'id': 5777297833, 'qualifierId': 141, 'value': '13.4'}, {'id': 5777297829, 'qualifierId': 56, 'value': 'Right'}, {'id': 5777297831, 'qualifierId': 140, 'value': '61.8'}, {'id': 5777297835, 'qualifierId': 212, 'value': '9.7'}, {'id': 5777297837, 'qualifierId': 213, 'value': '4.74'}]",1c2boqmoi50esuelgdd96o06h,D. Colaprico,,,Houston Dash,Away
2823741517,313,3,1,38,24,c3v2ohfuzoqmc8ljm65hi80sj,1,56.5,7.0,2025-06-22T00:17:46.827Z,2025-06-24T14:47:55Z,"[{'id': 5777298051, 'qualifierId': 233, 'value': '314'}, {'id': 5777298037, 'qualifierId': 286}, {'id': 5779531037, 'qualifierId': 464}, {'id': 5777298035, 'qualifierId': 56, 'value': 'Right'}]",61ucpn8qxos0kwaw0gdpqubys,A. Patterson,,,Houston Dash,Away
2823741475,314,45,1,38,24,b4fbmos00gxtk8qnaqsm392p5,0,43.5,93.0,2025-06-22T00:17:46.827Z,2025-06-22T01:45:26Z,"[{'id': 5777297793, 'qualifierId': 285}, {'id': 5777298055, 'qualifierId': 233, 'value': '313'}, {'id': 5777297791, 'qualifierId': 56, 'value': 'Back'}]",90bm7jsl7sjqiel7u2tv0vgq2,M. Matsukubo,,,North Carolina Courage,Home
2823741557,314,1,1,38,29,c3v2ohfuzoqmc8ljm65hi80sj,1,57.5,17.0,2025-06-22T00:17:51.735Z,2025-06-22T00:17:57Z,"[{'id': 5777298245, 'qualifierId': 213, 'value': '5.51'}, {'id': 5777298241, 'qualifierId': 141, 'value': '4.4'}, {'id': 5777298237, 'qualifierId': 56, 'value': 'Right'}, {'id': 5777298239, 'qualifierId': 140, 'value': '65.8'}, {'id': 5777298243, 'qualifierId': 212, 'value': '12.2'}]",61ucpn8qxos0kwaw0gdpqubys,A. Patterson,,,Houston Dash,Away
2823741565,315,1,1,38,34,c3v2ohfuzoqmc8ljm65hi80sj,1,65.2,8.0,2025-06-22T00:17:57.031Z,2025-06-22T00:17:58Z,"[{'id': 5777298323, 'qualifierId': 213, 'value': '2.98'}, {'id': 5777298321, 'qualifierId': 212, 'value': '28.2'}, {'id': 5777298317, 'qualifierId': 140, 'value': '38.7'}, {'id': 5777298315, 'qualifierId': 56, 'value': 'Back'}, {'id': 5777298319, 'qualifierId': 141, 'value': '14.6'}]",2sc4jlfmioa61d1vgpcz0pht6,D. Sheehan,,,Houston Dash,Away
2823741587,316,61,1,38,36,c3v2ohfuzoqmc8ljm65hi80sj,1,38.7,14.6,2025-06-22T00:17:58.135Z,2025-06-24T14:48:17Z,"[{'id': 5777298449, 'qualifierId': 56, 'value': 'Back'}]",1c2boqmoi50esuelgdd96o06h,D. Colaprico,,,Houston Dash,Away
2823741629,317,1,1,38,38,c3v2ohfuzoqmc8ljm65hi80sj,1,33.7,27.0,2025-06-22T00:18:00.446Z,2025-06-22T00:18:03Z,"[{'id': 5777298683, 'qualifierId': 140, 'value': '27.0'}, {'id': 5777298685, 'qualifierId': 141, 'value': '61.2'}, {'id': 5777298681, 'qualifierId': 56, 'value': 'Back'}, {'id': 5777298689, 'qualifierId': 213, 'value': '1.86'}, {'id': 5777298687, 'qualifierId': 212, 'value': '24.3'}]",8co65x7tuvynuqvket8okb7xl,N. Jacobs,,,Houston Dash,Away
2823741681,318,1,1,38,41,c3v2ohfuzoqmc8ljm65hi80sj,1,28.1,59.0,2025-06-22T00:18:03.863Z,2025-06-22T00:18:08Z,"[{'id': 5777298981, 'qualifierId': 213, 'value': '4.67'}, {'id': 5777298977, 'qualifierId': 141, 'value': '38.8'}, {'id': 5777298973, 'qualifierId': 56, 'value': 'Back'}, {'id': 5777298979, 'qualifierId': 212, 'value': '13.8'}, {'id': 5777298975, 'qualifierId': 140, 'value': '27.5'}]",8ruvr2jnsfdub02rdh8q88s89,P. Nielsen,,,Houston Dash,Away
2823741687,319,50,1,38,46,c3v2ohfuzoqmc8ljm65hi80sj,1,29.6,32.6,2025-06-22T00:18:08.407Z,2025-06-22T00:18:11Z,"[{'id': 5777299007, 'qualifierId': 56, 'value': 'Back'}, {'id': 5777299009, 'qualifierId': 285}, {'id': 5777299031, 'qualifierId': 233, 'value': '315'}]",8co65x7tuvynuqvket8okb7xl,N. Jacobs,,,Houston Dash,Away
2823741689,315,7,1,38,46,b4fbmos00gxtk8qnaqsm392p5,0,70.4,67.4,2025-06-22T00:18:08.408Z,2025-06-24T14:48:34Z,"[{'id': 5777299019, 'qualifierId': 286}, {'id': 5779531205, 'qualifierId': 178}, {'id': 5779531203, 'qualifierId': 383}, {'id': 5777299021, 'qualifierId': 233, 'value': '319'}, {'id': 5777299017, 'qualifierId': 56, 'value': 'Center'}]",90bm7jsl7sjqiel7u2tv0vgq2,M. Matsukubo,,,North Carolina Courage,Home
2823741749,320,1,1,38,49,c3v2ohfuzoqmc8ljm65hi80sj,1,19.7,28.5,2025-06-22T00:18:11.127Z,2025-06-22T00:18:13Z,"[{'id': 5777299381, 'qualifierId': 141, 'value': '54.8'}, {'id': 5777299385, 'qualifierId': 213, 'value': '1.40'}, {'id': 5777299379, 'qualifierId': 140, 'value': '22.6'}, {'id': 5777299383, 'qualifierId': 212, 'value': '18.1'}, {'id': 5777299377, 'qualifierId': 56, 'value': 'Back'}]",8co65x7tuvynuqvket8okb7xl,N. Jacobs,,,Houston Dash,Away
2823741791,321,1,1,38,51,c3v2ohfuzoqmc8ljm65hi80sj,1,24.8,55.4,2025-06-22T00:18:13.895Z,2025-06-22T00:18:16Z,"[{'id': 5777299621, 'qualifierId': 212, 'value': '16.9'}, {'id': 5777299617, 'qualifierId': 140, 'value': '32.9'}, {'id': 5777299623, 'qualifierId': 213, 'value': '1.04'}, {'id': 5777299615, 'qualifierId': 56, 'value': 'Back'}, {'id': 5777299619, 'qualifierId': 141, 'value': '76.9'}]",8ruvr2jnsfdub02rdh8q88s89,P. Nielsen,,,Houston Dash,Away
2823741841,322,1,1,38,54,c3v2ohfuzoqmc8ljm65hi80sj,1,35.4,75.7,2025-06-22T00:18:16.631Z,2025-06-22T00:18:20Z,"[{'id': 5777299867, 'qualifierId': 212, 'value': '13.7'}, {'id': 5777299863, 'qualifierId': 140, 'value': '44.1'}, {'id': 5777299869, 'qualifierId': 213, 'value': '0.84'}, {'id': 5777299861, 'qualifierId': 56, 'value': 'Back'}, {'id': 5777299865, 'qualifierId': 141, 'value': '90.8'}]",n4egj8ymfled94mco0lwa95,C. Westphal,,,Houston Dash,Away
2823741873,323,1,1,38,58,c3v2ohfuzoqmc8ljm65hi80sj,1,39.3,91.4,2025-06-22T00:18:20.743Z,2025-06-22T00:18:23Z,"[{'id': 5777299981, 'qualifierId': 140, 'value': '24.8'}, {'id': 5777299985, 'qualifierId': 141, 'value': '91.4'}, {'id': 5777299993, 'qualifierId': 213, 'value': '3.14'}, {'id': 5777299989, 'qualifierId': 212, 'value': '15.2'}, {'id': 5777299977, 'qualifierId': 56, 'value': 'Back'}]",95tl8tonvm6czhwzd6i5ep756,B. Olivieri,,,Houston Dash,Away
2823741907,324,1,1,39,1,c3v2ohfuzoqmc8ljm65hi80sj,1,24.0,90.3,2025-06-22T00:18:23.271Z,2025-06-24T14:49:35Z,"[{'id': 5777300181, 'qualifierId': 212, 'value': '12.5'}, {'id': 5777300175, 'qualifierId': 56, 'value': 'Back'}, {'id': 5777300183, 'qualifierId': 213, 'value': '4.14'}, {'id': 5777300177, 'qualifierId': 140, 'value': '17.6'}, {'id': 5777300179, 'qualifierId': 141, 'value': '74.8'}]",n4egj8ymfled94mco0lwa95,C. Westphal,,,Houston Dash,Away
2823742005,325,1,1,39,4,c3v2ohfuzoqmc8ljm65hi80sj,1,24.8,72.0,2025-06-22T00:18:26.863Z,2025-06-24T14:49:43Z,"[{'id': 5777300743, 'qualifierId': 141, 'value': '94.5'}, {'id': 5777300741, 'qualifierId': 140, 'value': '23.8'}, {'id': 5777300745, 'qualifierId': 212, 'value': '15.3'}, {'id': 5777300739, 'qualifierId': 56, 'value': 'Back'}, {'id': 5777300747, 'qualifierId': 213, 'value': '1.64'}]",8ruvr2jnsfdub02rdh8q88s89,P. Nielsen,,,Houston Dash,Away
2823742007,326,50,1,39,12,c3v2ohfuzoqmc8ljm65hi80sj,1,23.8,97.2,2025-06-22T00:18:34.937Z,2025-06-24T14:50:01Z,"[{'id': 5777300753, 'qualifierId': 285}, {'id': 5777300781, 'qualifierId': 233, 'value': '316'}, {'id': 5777300751, 'qualifierId': 56, 'value': 'Back'}]",n4egj8ymfled94mco0lwa95,C. Westphal,,,Houston Dash,Away
2823742009,316,7,1,39,12,b4fbmos00gxtk8qnaqsm392p5,0,76.2,2.8,2025-06-22T00:18:34.938Z,2025-06-24T14:50:07Z,"[{'id': 5779531557, 'qualifierId': 383}, {'id': 5777300755, 'qualifierId': 56, 'value': 'Right'}, {'id': 5777300761, 'qualifierId': 233, 'value': '326'}, {'id': 5777300757, 'qualifierId': 286}, {'id': 5779531559, 'qualifierId': 178}]",7fk82cjz0z5vq2ts3vmz8has5,D. O'Sullivan,,,North Carolina Courage,Home
2823742013,327,61,1,39,13,c3v2ohfuzoqmc8ljm65hi80sj,1,23.7,96.3,2025-06-22T00:18:35.970Z,2025-06-22T00:18:36Z,"[{'id': 5777300777, 'qualifierId': 56, 'value': 'Back'}]",8ruvr2jnsfdub02rdh8q88s89,P. Nielsen,,,Houston Dash,Away
2823742043,317,5,1,39,14,b4fbmos00gxtk8qnaqsm392p5,1,76.4,-1.4,2025-06-22T00:18:36.268Z,2025-06-22T00:18:40Z,"[{'id': 5777300921, 'qualifierId': 347}, {'id': 5777300933, 'qualifierId': 233, 'value': '328'}, {'id': 5777300919, 'qualifierId': 56, 'value': 'Right'}]",7fk82cjz0z5vq2ts3vmz8has5,D. O'Sullivan,,,North Carolina Courage,Home
2823742041,328,5,1,39,14,c3v2ohfuzoqmc8ljm65hi80sj,0,23.6,101.4,2025-06-22T00:18:36.268Z,2025-06-22T01:54:09Z,"[{'id': 5777300939, 'qualifierId': 233, 'value': '317'}, {'id': 5777300907, 'qualifierId': 56, 'value': 'Back'}, {'id': 5777300909, 'qualifierId': 347}]",8ruvr2jnsfdub02rdh8q88s89,P. Nielsen,,,Houston Dash,Away
2823742159,318,1,1,39,28,b4fbmos00gxtk8qnaqsm392p5,1,76.9,0.0,2025-06-22T00:18:50.370Z,2025-06-22T00:20:05Z,"[{'id': 5777305017, 'qualifierId': 189}, {'id': 5777301575, 'qualifierId': 107}, {'id': 5777301583, 'qualifierId': 212, 'value': '10.8'}, {'id': 5777301577, 'qualifierId': 56, 'value': 'Right'}, {'id': 5777301579, 'qualifierId': 140, 'value': '84.1'}, {'id': 5777301581, 'qualifierId': 141, 'value': '10.9'}, {'id': 5777301585, 'qualifierId': 213, 'value': '0.79'}]",1x229gvjahkxp7w02bh0v36ga,R. Williams,,,North Carolina Courage,Home
2823742175,319,1,1,39,30,b4fbmos00gxtk8qnaqsm392p5,1,86.5,14.1,2025-06-22T00:18:52.858Z,2025-06-22T00:18:54Z,"[{'id': 5777301663, 'qualifierId': 141, 'value': '26.4'}, {'id': 5777301661, 'qualifierId': 140, 'value': '87.2'}, {'id': 5777301665, 'qualifierId': 212, 'value': '8.4'}, {'id': 5777301659, 'qualifierId': 56, 'value': 'Center'}, {'id': 5777301667, 'qualifierId': 213, 'value': '1.48'}]",bxj6bpjfxkumj112yoco9wahg,R. Jackson,,,North Carolina Courage,Home
2823742189,320,1,1,39,32,b4fbmos00gxtk8qnaqsm392p5,1,87.2,26.4,2025-06-22T00:18:54.283Z,2025-06-22T00:18:55Z,"[{'id': 5777301723, 'qualifierId': 56, 'value': 'Right'}, {'id': 5777301731, 'qualifierId': 213, 'value': '3.71'}, {'id': 5777301725, 'qualifierId': 140, 'value': '76.4'}, {'id': 5777301729, 'qualifierId': 212, 'value': '13.4'}, {'id': 5777301727, 'qualifierId': 141, 'value': '15.8'}]",3ytdxf659yjtnml5zzpxl01k9,C. Vine,,,North Carolina Courage,Home
2823742201,321,1,1,39,33,b4fbmos00gxtk8qnaqsm392p5,1,76.3,14.7,2025-06-22T00:18:55.098Z,2025-06-22T00:20:04Z,"[{'id': 5777301795, 'qualifierId': 140, 'value': '75.5'}, {'id': 5777301801, 'qualifierId': 213, 'value': '4.61'}, {'id': 5777301799, 'qualifierId': 212, 'value': '8.3'}, {'id': 5777301797, 'qualifierId': 141, 'value': '2.6'}, {'id': 5777301793, 'qualifierId': 56, 'value': 'Right'}]",7fk82cjz0z5vq2ts3vmz8has5,D. O'Sullivan,,,North Carolina Courage,Home
2823742225,322,1,1,39,35,b4fbmos00gxtk8qnaqsm392p5,1,71.5,2.8,2025-06-22T00:18:57.298Z,2025-06-22T00:19:00Z,"[{'id': 5777301933, 'qualifierId': 140, 'value': '58.5'}, {'id': 5777301939, 'qualifierId': 213, 'value': '2.70'}, {'id': 5777301937, 'qualifierId': 212, 'value': '15.1'}, {'id': 5777301931, 'qualifierId': 56, 'value': 'Right'}, {'id': 5777301935, 'qualifierId': 141, 'value': '12.2'}]",1x229gvjahkxp7w02bh0v36ga,R. Williams,,,North Carolina Courage,Home
2823742251,323,1,1,39,38,b4fbmos00gxtk8qnaqsm392p5,1,57.2,21.0,2025-06-22T00:19:00.178Z,2025-06-22T00:19:02Z,"[{'id': 5777302063, 'qualifierId': 56, 'value': 'Center'}, {'id': 5777302071, 'qualifierId': 213, 'value': '1.66'}, {'id': 5777302069, 'qualifierId': 212, 'value': '14.8'}, {'id': 5777302067, 'qualifierId': 141, 'value': '42.7'}, {'id': 5777302065, 'qualifierId': 140, 'value': '56.0'}]",cbco4ht0d7uk1thgam6vc0ep6,M. Bell,,,North Carolina Courage,Home
2823742261,324,1,1,39,40,b4fbmos00gxtk8qnaqsm392p5,0,57.0,42.7,2025-06-22T00:19:02.403Z,2025-06-22T00:19:03Z,"[{'id': 5777302151, 'qualifierId': 213, 'value': '6.25'}, {'id': 5777302143, 'qualifierId': 56, 'value': 'Center'}, {'id': 5777302149, 'qualifierId': 212, 'value': '9.8'}, {'id': 5777302147, 'qualifierId': 141, 'value': '42.2'}, {'id': 5777302145, 'qualifierId': 140, 'value': '66.3'}]",1p3bwk03ay87hp2nwrl3tfxwq,K. Kurtz,,,North Carolina Courage,Home
2823742279,329,8,1,39,42,c3v2ohfuzoqmc8ljm65hi80sj,1,36.2,44.2,2025-06-22T00:19:04.383Z,2025-06-24T14:50:38Z,"[{'id': 5779531635, 'qualifierId': 383}, {'id': 5777302207, 'qualifierId': 56, 'value': 'Back'}]",1xgse8t4dm0decmpzebsphvfu,Y. Ryan,,,Houston Dash,Away
2823742305,325,1,1,39,43,b4fbmos00gxtk8qnaqsm392p5,1,61.3,49.9,2025-06-22T00:19:05.234Z,2025-06-22T00:19:08Z,"[{'id': 5777302377, 'qualifierId': 213, 'value': '1.57'}, {'id': 5777302369, 'qualifierId': 56, 'value': 'Center'}, {'id': 5777302371, 'qualifierId': 140, 'value': '61.3'}, {'id': 5777302375, 'qualifierId': 212, 'value': '13.1'}, {'id': 5777302373, 'qualifierId': 141, 'value': '69.1'}]",1p3bwk03ay87hp2nwrl3tfxwq,K. Kurtz,,,North Carolina Courage,Home
2823742315,326,1,1,39,45,b4fbmos00gxtk8qnaqsm392p5,1,59.9,84.4,2025-06-22T00:19:07.970Z,2025-06-22T00:19:10Z,"[{'id': 5777302441, 'qualifierId': 141, 'value': '92.9'}, {'id': 5777302445, 'qualifierId': 213, 'value': '0.43'}, {'id': 5777302443, 'qualifierId': 212, 'value': '13.9'}, {'id': 5777302437, 'qualifierId': 56, 'value': 'Left'}, {'id': 5777302439, 'qualifierId': 140, 'value': '71.9'}]",cqpdeqi0psfadqsgejcvdqqne,M. Berkely,,,North Carolina Courage,Home
2823742321,327,61,1,39,47,b4fbmos00gxtk8qnaqsm392p5,0,71.9,92.9,2025-06-22T00:19:09.994Z,2025-06-22T00:19:10Z,"[{'id': 5777302465, 'qualifierId': 56, 'value': 'Left'}]",awme1kk0t2w81hc4xcup7k222,T. Lussi,,,North Carolina Courage,Home
2823742329,330,49,1,39,49,c3v2ohfuzoqmc8ljm65hi80sj,1,25.7,23.9,2025-06-22T00:19:11.287Z,2025-06-22T00:19:11Z,[],8co65x7tuvynuqvket8okb7xl,N. Jacobs,,,Houston Dash,Away
2823742355,331,1,1,39,52,c3v2ohfuzoqmc8ljm65hi80sj,1,28.1,26.4,2025-06-22T00:19:14.143Z,2025-06-22T00:19:16Z,"[{'id': 5777302669, 'qualifierId': 56, 'value': 'Back'}, {'id': 5777302677, 'qualifierId': 213, 'value': '0.32'}, {'id': 5777302671, 'qualifierId': 140, 'value': '42.2'}, {'id': 5777302675, 'qualifierId': 212, 'value': '15.6'}, {'id': 5777302673, 'qualifierId': 141, 'value': '33.7'}]",8co65x7tuvynuqvket8okb7xl,N. Jacobs,,,Houston Dash,Away
2823742375,332,1,1,39,54,c3v2ohfuzoqmc8ljm65hi80sj,0,40.6,35.4,2025-06-22T00:19:16.599Z,2025-06-22T00:19:19Z,"[{'id': 5777302779, 'qualifierId': 56, 'value': 'Center'}, {'id': 5777302783, 'qualifierId': 141, 'value': '69.7'}, {'id': 5777302781, 'qualifierId': 140, 'value': '56.3'}, {'id': 5777302785, 'qualifierId': 212, 'value': '28.6'}, {'id': 5777302787, 'qualifierId': 213, 'value': '0.96'}]",1xgse8t4dm0decmpzebsphvfu,Y. Ryan,,,Houston Dash,Away
2823742387,328,1,1,39,58,b4fbmos00gxtk8qnaqsm392p5,1,42.0,32.2,2025-06-22T00:19:20.234Z,2025-06-22T00:19:21Z,"[{'id': 5777302863, 'qualifierId': 212, 'value': '15.2'}, {'id': 5777302859, 'qualifierId': 140, 'value': '55.8'}, {'id': 5777302857, 'qualifierId': 56, 'value': 'Center'}, {'id': 5777302861, 'qualifierId': 141, 'value': '25.3'}, {'id': 5777302865, 'qualifierId': 213, 'value': '5.97'}]",cbco4ht0d7uk1thgam6vc0ep6,M. Bell,,,North Carolina Courage,Home
2823742389,329,49,1,39,59,b4fbmos00gxtk8qnaqsm392p5,1,56.3,25.3,2025-06-22T00:19:21.642Z,2025-06-22T00:19:21Z,[],1x229gvjahkxp7w02bh0v36ga,R. Williams,,,North Carolina Courage,Home
2823742429,330,1,1,40,3,b4fbmos00gxtk8qnaqsm392p5,1,56.1,28.2,2025-06-22T00:19:25.730Z,2025-06-22T00:19:27Z,"[{'id': 5777303133, 'qualifierId': 213, 'value': '1.91'}, {'id': 5777303125, 'qualifierId': 56, 'value': 'Center'}, {'id': 5777303129, 'qualifierId': 141, 'value': '41.9'}, {'id': 5777303127, 'qualifierId': 140, 'value': '53.0'}, {'id': 5777303131, 'qualifierId': 212, 'value': '9.9'}]",1x229gvjahkxp7w02bh0v36ga,R. Williams,,,North Carolina Courage,Home
2823742457,331,1,1,40,5,b4fbmos00gxtk8qnaqsm392p5,1,52.8,45.8,2025-06-22T00:19:27.090Z,2025-06-22T00:19:30Z,"[{'id': 5777303255, 'qualifierId': 212, 'value': '16.4'}, {'id': 5777303251, 'qualifierId': 140, 'value': '45.6'}, {'id': 5777303253, 'qualifierId': 141, 'value': '67.2'}, {'id': 5777303257, 'qualifierId': 213, 'value': '2.05'}, {'id': 5777303249, 'qualifierId': 56, 'value': 'Back'}]",bxj6bpjfxkumj112yoco9wahg,R. Jackson,,,North Carolina Courage,Home
2823742493,332,1,1,40,7,b4fbmos00gxtk8qnaqsm392p5,1,45.6,67.2,2025-06-22T00:19:29.994Z,2025-06-22T00:19:32Z,"[{'id': 5777303453, 'qualifierId': 140, 'value': '44.6'}, {'id': 5777303457, 'qualifierId': 212, 'value': '11.5'}, {'id': 5777303459, 'qualifierId': 213, 'value': '4.62'}, {'id': 5777303455, 'qualifierId': 141, 'value': '50.4'}, {'id': 5777303451, 'qualifierId': 56, 'value': 'Back'}]",cqpdeqi0psfadqsgejcvdqqne,M. Berkely,,,North Carolina Courage,Home
2823742509,333,1,1,40,10,b4fbmos00gxtk8qnaqsm392p5,1,46.3,46.4,2025-06-22T00:19:32.394Z,2025-06-22T00:19:34Z,"[{'id': 5777303565, 'qualifierId': 213, 'value': '5.19'}, {'id': 5777303561, 'qualifierId': 141, 'value': '27.9'}, {'id': 5777303563, 'qualifierId': 212, 'value': '14.2'}, {'id': 5777303559, 'qualifierId': 140, 'value': '52.5'}, {'id': 5777303557, 'qualifierId': 56, 'value': 'Center'}]",1p3bwk03ay87hp2nwrl3tfxwq,K. Kurtz,,,North Carolina Courage,Home
2823742533,334,1,1,40,12,b4fbmos00gxtk8qnaqsm392p5,1,55.1,18.6,2025-06-22T00:19:34.866Z,2025-06-22T00:19:38Z,"[{'id': 5777303679, 'qualifierId': 212, 'value': '15.9'}, {'id': 5777303675, 'qualifierId': 140, 'value': '65.5'}, {'id': 5777303673, 'qualifierId': 56, 'value': 'Right'}, {'id': 5777303677, 'qualifierId': 141, 'value': '1.6'}, {'id': 5777303681, 'qualifierId': 213, 'value': '5.47'}]",cbco4ht0d7uk1thgam6vc0ep6,M. Bell,,,North Carolina Courage,Home
2823742537,335,1,1,40,16,b4fbmos00gxtk8qnaqsm392p5,0,64.0,5.4,2025-06-22T00:19:38.330Z,2025-06-24T14:51:17Z,"[{'id': 5777303703, 'qualifierId': 56, 'value': 'Right'}, {'id': 5779531695, 'qualifierId': 141, 'value': '9.2'}, {'id': 5779531697, 'qualifierId': 212, 'value': '2.6'}, {'id': 5779531699, 'qualifierId': 213, 'value': '1.57'}, {'id': 5779531693, 'qualifierId': 140, 'value': '64.0'}]",1x229gvjahkxp7w02bh0v36ga,R. Williams,,,North Carolina Courage,Home
2823742579,333,1,1,40,17,c3v2ohfuzoqmc8ljm65hi80sj,1,26.9,87.7,2025-06-22T00:19:40.047Z,2025-06-22T00:19:41Z,"[{'id': 5777303861, 'qualifierId': 212, 'value': '4.8'}, {'id': 5777303859, 'qualifierId': 141, 'value': '92.0'}, {'id': 5777303863, 'qualifierId': 213, 'value': '2.48'}, {'id': 5777303857, 'qualifierId': 140, 'value': '23.3'}, {'id': 5777303855, 'qualifierId': 56, 'value': 'Back'}]",6089nfwh31ha73pl7vlla75cl,S. Puntigam,,,Houston Dash,Away
2823742587,334,49,1,40,18,c3v2ohfuzoqmc8ljm65hi80sj,1,25.4,94.4,2025-06-22T00:19:40.512Z,2025-06-22T00:19:47Z,[],n4egj8ymfled94mco0lwa95,C. Westphal,,,Houston Dash,Away
2823742593,335,1,1,40,18,c3v2ohfuzoqmc8ljm65hi80sj,0,26.1,95.4,2025-06-22T00:19:40.865Z,2025-06-22T00:19:43Z,"[{'id': 5777303917, 'qualifierId': 56, 'value': 'Back'}, {'id': 5777303925, 'qualifierId': 213, 'value': '5.82'}, {'id': 5777303921, 'qualifierId': 141, 'value': '94.4'}, {'id': 5777303939, 'qualifierId': 236}, {'id': 5777303923, 'qualifierId': 212, 'value': '1.5'}, {'id': 5777303945, 'qualifierId': 286}, {'id': 5777303941, 'qualifierId': 233, 'value': '336'}, {'id': 5777303919, 'qualifierId': 140, 'value': '27.4'}]",n4egj8ymfled94mco0lwa95,C. Westphal,,,Houston Dash,Away
2823742571,336,74,1,40,18,b4fbmos00gxtk8qnaqsm392p5,1,63.6,1.6,2025-06-22T00:19:40.866Z,2025-06-22T00:19:42Z,"[{'id': 5777303813, 'qualifierId': 285}, {'id': 5777303953, 'qualifierId': 233, 'value': '335'}, {'id': 5777303811, 'qualifierId': 56, 'value': 'Right'}]",7fk82cjz0z5vq2ts3vmz8has5,D. O'Sullivan,,,North Carolina Courage,Home
2823742607,336,5,1,40,19,c3v2ohfuzoqmc8ljm65hi80sj,1,34.6,101.8,2025-06-22T00:19:41.343Z,2025-06-22T00:20:17Z,"[{'id': 5777303989, 'qualifierId': 56, 'value': 'Back'}, {'id': 5777305423, 'qualifierId': 233, 'value': '337'}, {'id': 5777303991, 'qualifierId': 347}]",n4egj8ymfled94mco0lwa95,C. Westphal,,,Houston Dash,Away
2823742583,337,5,1,40,19,b4fbmos00gxtk8qnaqsm392p5,0,65.4,-1.8,2025-06-22T00:19:41.343Z,2025-06-22T01:54:09Z,"[{'id': 5777305439, 'qualifierId': 233, 'value': '336'}, {'id': 5777303873, 'qualifierId': 56, 'value': 'Right'}, {'id': 5777303875, 'qualifierId': 347}]",7fk82cjz0z5vq2ts3vmz8has5,D. O'Sullivan,,,North Carolina Courage,Home
2823742849,337,1,1,40,45,c3v2ohfuzoqmc8ljm65hi80sj,1,37.3,100.0,2025-06-22T00:20:07.759Z,2025-06-24T14:53:49Z,"[{'id': 5777305273, 'qualifierId': 140, 'value': '41.6'}, {'id': 5777329603, 'qualifierId': 107}, {'id': 5777305275, 'qualifierId': 141, 'value': '94.4'}, {'id': 5777305271, 'qualifierId': 56, 'value': 'Back'}, {'id': 5779531977, 'qualifierId': 189}, {'id': 5777305279, 'qualifierId': 213, 'value': '5.46'}, {'id': 5777305277, 'qualifierId': 212, 'value': '6.7'}]",n4egj8ymfled94mco0lwa95,C. Westphal,,,Houston Dash,Away
2824138557,792,61,1,40,47,c3v2ohfuzoqmc8ljm65hi80sj,1,46.2,90.2,2025-06-22T00:20:09.465Z,2025-06-24T14:53:59Z,"[{'id': 5779532321, 'qualifierId': 56, 'value': 'Back'}, {'id': 5779532349, 'qualifierId': 189}]",6089nfwh31ha73pl7vlla75cl,S. Puntigam,,,Houston Dash,Away
2823742855,338,1,1,40,48,c3v2ohfuzoqmc8ljm65hi80sj,0,42.5,94.5,2025-06-22T00:20:10.863Z,2025-06-24T14:54:03Z,"[{'id': 5777305301, 'qualifierId': 141, 'value': '78.2'}, {'id': 5777305305, 'qualifierId': 213, 'value': '5.52'}, {'id': 5777305297, 'qualifierId': 56, 'value': 'Center'}, {'id': 5777305303, 'qualifierId': 212, 'value': '16.1'}, {'id': 5777305307, 'qualifierId': 1}, {'id': 5777305295, 'qualifierId': 157}, {'id': 5777305299, 'qualifierId': 140, 'value': '53.6'}]",n4egj8ymfled94mco0lwa95,C. Westphal,,,Houston Dash,Away
2823743079,340,44,1,40,49,b4fbmos00gxtk8qnaqsm392p5,1,31.2,26.5,2025-06-22T00:20:11.494Z,2025-06-22T00:29:41Z,"[{'id': 5777307619, 'qualifierId': 233, 'value': '353'}, {'id': 5777306491, 'qualifierId': 285}, {'id': 5777306489, 'qualifierId': 56, 'value': 'Back'}]",1p3bwk03ay87hp2nwrl3tfxwq,K. Kurtz,,,North Carolina Courage,Home
2823743257,353,44,1,40,49,c3v2ohfuzoqmc8ljm65hi80sj,0,68.8,73.5,2025-06-22T00:20:11.495Z,2025-06-22T00:29:40Z,"[{'id': 5777307635, 'qualifierId': 233, 'value': '340'}, {'id': 5777307457, 'qualifierId': 286}, {'id': 5777307455, 'qualifierId': 56, 'value': 'Center'}]",1xgse8t4dm0decmpzebsphvfu,Y. Ryan,,,Houston Dash,Away
2823742863,338,12,1,40,51,b4fbmos00gxtk8qnaqsm392p5,1,33.7,27.7,2025-06-22T00:20:13.522Z,2025-06-22T00:20:14Z,"[{'id': 5777305325, 'qualifierId': 140, 'value': '45.4'}, {'id': 5777305329, 'qualifierId': 212, 'value': '12.7'}, {'id': 5777305327, 'qualifierId': 141, 'value': '32.2'}, {'id': 5777305331, 'qualifierId': 213, 'value': '0.24'}, {'id': 5777305323, 'qualifierId': 56, 'value': 'Back'}, {'id': 5777305343, 'qualifierId': 15}]",1p3bwk03ay87hp2nwrl3tfxwq,K. Kurtz,,,North Carolina Courage,Home
2823742907,339,1,1,40,52,c3v2ohfuzoqmc8ljm65hi80sj,1,50.5,74.7,2025-06-22T00:20:14.943Z,2025-06-22T00:20:22Z,"[{'id': 5777305589, 'qualifierId': 157}, {'id': 5777305601, 'qualifierId': 1}, {'id': 5777305593, 'qualifierId': 140, 'value': '72.8'}, {'id': 5777305599, 'qualifierId': 213, 'value': '0.25'}, {'id': 5777305591, 'qualifierId': 56, 'value': 'Left'}, {'id': 5777305595, 'qualifierId': 141, 'value': '83.6'}, {'id': 5777305597, 'qualifierId': 212, 'value': '24.2'}]",1c2boqmoi50esuelgdd96o06h,D. Colaprico,,,Houston Dash,Away
2823742949,340,1,1,40,58,c3v2ohfuzoqmc8ljm65hi80sj,1,70.5,85.0,2025-06-22T00:20:20.778Z,2025-06-24T14:55:22Z,"[{'id': 5777305797, 'qualifierId': 140, 'value': '68.1'}, {'id': 5777305801, 'qualifierId': 212, 'value': '6.6'}, {'id': 5777305799, 'qualifierId': 141, 'value': '94.0'}, {'id': 5777305795, 'qualifierId': 56, 'value': 'Left'}, {'id': 5777305803, 'qualifierId': 213, 'value': '1.96'}]",270qzf9ig52z04iu3ujnmstg4,R. Gareis,,,Houston Dash,Away
2824138605,793,1,1,40,59,c3v2ohfuzoqmc8ljm65hi80sj,1,72.5,93.1,2025-06-22T00:20:21.264Z,2025-06-24T14:55:34Z,"[{'id': 5779532597, 'qualifierId': 213, 'value': '3.26'}, {'id': 5779532591, 'qualifierId': 140, 'value': '60.2'}, {'id': 5779532595, 'qualifierId': 212, 'value': '13.0'}, {'id': 5779532593, 'qualifierId': 141, 'value': '90.8'}, {'id': 5779532589, 'qualifierId': 56, 'value': 'Left'}]",2sc4jlfmioa61d1vgpcz0pht6,D. Sheehan,,,Houston Dash,Away
2823742959,341,1,1,41,4,c3v2ohfuzoqmc8ljm65hi80sj,1,55.3,85.4,2025-06-22T00:20:26.959Z,2025-06-22T00:20:28Z,"[{'id': 5777305847, 'qualifierId': 140, 'value': '70.2'}, {'id': 5777305849, 'qualifierId': 141, 'value': '74.2'}, {'id': 5777305845, 'qualifierId': 56, 'value': 'Center'}, {'id': 5777305853, 'qualifierId': 213, 'value': '5.83'}, {'id': 5777305851, 'qualifierId': 212, 'value': '17.4'}]",n4egj8ymfled94mco0lwa95,C. Westphal,,,Houston Dash,Away
2823742979,342,1,1,41,6,c3v2ohfuzoqmc8ljm65hi80sj,1,70.5,75.7,2025-06-22T00:20:28.415Z,2025-06-22T00:20:29Z,"[{'id': 5777305953, 'qualifierId': 56, 'value': 'Left'}, {'id': 5777305955, 'qualifierId': 140, 'value': '70.0'}, {'id': 5777305959, 'qualifierId': 212, 'value': '13.1'}, {'id': 5777305961, 'qualifierId': 213, 'value': '1.61'}, {'id': 5777305957, 'qualifierId': 141, 'value': '95.0'}]",6089nfwh31ha73pl7vlla75cl,S. Puntigam,,,Houston Dash,Away
2823742983,343,1,1,41,7,c3v2ohfuzoqmc8ljm65hi80sj,0,70.0,95.0,2025-06-22T00:20:29.631Z,2025-06-24T14:56:00Z,"[{'id': 5779532747, 'qualifierId': 72}, {'id': 5777305981, 'qualifierId': 212, 'value': '26.2'}, {'id': 5777305983, 'qualifierId': 213, 'value': '5.38'}, {'id': 5777305977, 'qualifierId': 140, 'value': '85.4'}, {'id': 5777305973, 'qualifierId': 155}, {'id': 5779532745, 'qualifierId': 224}, {'id': 5777305975, 'qualifierId': 56, 'value': 'Center'}, {'id': 5777305971, 'qualifierId': 2}, {'id': 5777305979, 'qualifierId': 141, 'value': '64.6'}]",2sc4jlfmioa61d1vgpcz0pht6,D. Sheehan,,,Houston Dash,Away
2823743025,339,12,1,41,7,b4fbmos00gxtk8qnaqsm392p5,1,12.7,44.8,2025-06-22T00:20:29.810Z,2025-06-22T00:20:35Z,"[{'id': 5777306235, 'qualifierId': 213, 'value': '6.15'}, {'id': 5777306231, 'qualifierId': 141, 'value': '41.5'}, {'id': 5777306233, 'qualifierId': 212, 'value': '17.3'}, {'id': 5777306229, 'qualifierId': 140, 'value': '29.0'}, {'id': 5777306227, 'qualifierId': 56, 'value': 'Back'}]",1p3bwk03ay87hp2nwrl3tfxwq,K. Kurtz,,,North Carolina Courage,Home
2823743029,344,1,1,41,11,c3v2ohfuzoqmc8ljm65hi80sj,1,61.4,73.3,2025-06-22T00:20:33.118Z,2025-06-22T00:20:36Z,"[{'id': 5777306265, 'qualifierId': 213, 'value': '2.28'}, {'id': 5777306261, 'qualifierId': 141, 'value': '87.8'}, {'id': 5777306263, 'qualifierId': 212, 'value': '13.0'}, {'id': 5777306257, 'qualifierId': 56, 'value': 'Left'}, {'id': 5777306259, 'qualifierId': 140, 'value': '53.3'}]",6089nfwh31ha73pl7vlla75cl,S. Puntigam,,,Houston Dash,Away
2823743047,345,1,1,41,14,c3v2ohfuzoqmc8ljm65hi80sj,1,56.6,86.0,2025-06-22T00:20:36.287Z,2025-06-22T00:20:37Z,"[{'id': 5777306321, 'qualifierId': 213, 'value': '5.77'}, {'id': 5777306317, 'qualifierId': 141, 'value': '77.2'}, {'id': 5777306313, 'qualifierId': 56, 'value': 'Center'}, {'id': 5777306315, 'qualifierId': 140, 'value': '66.8'}, {'id': 5777306319, 'qualifierId': 212, 'value': '12.3'}]",n4egj8ymfled94mco0lwa95,C. Westphal,,,Houston Dash,Away
2823743063,346,1,1,41,15,c3v2ohfuzoqmc8ljm65hi80sj,1,66.7,77.3,2025-06-22T00:20:37.670Z,2025-06-22T00:20:39Z,"[{'id': 5777306435, 'qualifierId': 140, 'value': '72.2'}, {'id': 5777306439, 'qualifierId': 212, 'value': '5.8'}, {'id': 5777306437, 'qualifierId': 141, 'value': '77.3'}, {'id': 5777306433, 'qualifierId': 56, 'value': 'Center'}, {'id': 5777306441, 'qualifierId': 213, 'value': '0.00'}]",6089nfwh31ha73pl7vlla75cl,S. Puntigam,,,Houston Dash,Away
2823743071,347,1,1,41,17,c3v2ohfuzoqmc8ljm65hi80sj,1,72.9,77.2,2025-06-22T00:20:39.791Z,2025-06-24T14:57:06Z,"[{'id': 5777306469, 'qualifierId': 212, 'value': '5.9'}, {'id': 5777306465, 'qualifierId': 140, 'value': '68.4'}, {'id': 5777306463, 'qualifierId': 56, 'value': 'Center'}, {'id': 5777306467, 'qualifierId': 141, 'value': '72.0'}, {'id': 5777306471, 'qualifierId': 213, 'value': '3.78'}, {'id': 5779532949, 'qualifierId': 156}]",2sc4jlfmioa61d1vgpcz0pht6,D. Sheehan,,,Houston Dash,Away
2823743087,348,1,1,41,18,c3v2ohfuzoqmc8ljm65hi80sj,0,68.3,71.8,2025-06-22T00:20:40.751Z,2025-06-22T00:20:42Z,"[{'id': 5777306523, 'qualifierId': 141, 'value': '70.5'}, {'id': 5777306519, 'qualifierId': 56, 'value': 'Center'}, {'id': 5777306527, 'qualifierId': 213, 'value': '6.24'}, {'id': 5777306525, 'qualifierId': 212, 'value': '20.0'}, {'id': 5777306521, 'qualifierId': 140, 'value': '87.3'}]",6089nfwh31ha73pl7vlla75cl,S. Puntigam,,,Houston Dash,Away
2824138667,846,49,1,41,19,b4fbmos00gxtk8qnaqsm392p5,1,13.7,45.2,2025-06-22T00:20:41.584Z,2025-06-24T14:57:24Z,[],1p3bwk03ay87hp2nwrl3tfxwq,K. Kurtz,,,North Carolina Courage,Home
2823743109,341,1,1,41,20,b4fbmos00gxtk8qnaqsm392p5,1,11.5,34.2,2025-06-22T00:20:42.825Z,2025-06-22T00:20:44Z,"[{'id': 5777306639, 'qualifierId': 212, 'value': '14.0'}, {'id': 5777306637, 'qualifierId': 141, 'value': '14.1'}, {'id': 5777306635, 'qualifierId': 140, 'value': '14.5'}, {'id': 5777306641, 'qualifierId': 213, 'value': '4.94'}, {'id': 5777306633, 'qualifierId': 56, 'value': 'Back'}]",1p3bwk03ay87hp2nwrl3tfxwq,K. Kurtz,,,North Carolina Courage,Home
2823743115,342,43,1,41,22,b4fbmos00gxtk8qnaqsm392p5,1,0.0,0.0,2025-06-22T00:20:44.689Z,2025-06-24T14:57:17Z,"[{'id': 5779532951, 'qualifierId': 144, 'value': '49'}]",1x229gvjahkxp7w02bh0v36ga,R. Williams,,,North Carolina Courage,Home
2823743133,343,1,1,41,22,b4fbmos00gxtk8qnaqsm392p5,1,14.5,14.1,2025-06-22T00:20:44.850Z,2025-06-22T00:20:46Z,"[{'id': 5777306735, 'qualifierId': 56, 'value': 'Back'}, {'id': 5777306739, 'qualifierId': 141, 'value': '25.9'}, {'id': 5777306737, 'qualifierId': 140, 'value': '20.2'}, {'id': 5777306743, 'qualifierId': 213, 'value': '0.93'}, {'id': 5777306741, 'qualifierId': 212, 'value': '10.0'}]",1x229gvjahkxp7w02bh0v36ga,R. Williams,,,North Carolina Courage,Home
2823743141,344,1,1,41,23,b4fbmos00gxtk8qnaqsm392p5,0,20.2,25.9,2025-06-22T00:20:45.265Z,2025-06-22T00:20:49Z,"[{'id': 5777306773, 'qualifierId': 213, 'value': '5.22'}, {'id': 5777306767, 'qualifierId': 140, 'value': '23.6'}, {'id': 5777306771, 'qualifierId': 212, 'value': '7.4'}, {'id': 5777306769, 'qualifierId': 141, 'value': '16.4'}, {'id': 5777306765, 'qualifierId': 56, 'value': 'Back'}]",bxj6bpjfxkumj112yoco9wahg,R. Jackson,,,North Carolina Courage,Home
2823743131,349,49,1,41,24,c3v2ohfuzoqmc8ljm65hi80sj,1,78.3,81.7,2025-06-22T00:20:46.158Z,2025-06-22T00:20:46Z,[],270qzf9ig52z04iu3ujnmstg4,R. Gareis,,,Houston Dash,Away
2823743161,350,1,1,41,25,c3v2ohfuzoqmc8ljm65hi80sj,0,82.7,80.5,2025-06-22T00:20:47.871Z,2025-06-22T00:20:49Z,"[{'id': 5777306949, 'qualifierId': 140, 'value': '89.7'}, {'id': 5777306947, 'qualifierId': 56, 'value': 'Left'}, {'id': 5777306953, 'qualifierId': 212, 'value': '7.5'}, {'id': 5777306955, 'qualifierId': 213, 'value': '0.17'}, {'id': 5777306951, 'qualifierId': 141, 'value': '82.3'}]",270qzf9ig52z04iu3ujnmstg4,R. Gareis,,,Houston Dash,Away
2823743179,345,49,1,41,29,b4fbmos00gxtk8qnaqsm392p5,1,2.5,13.1,2025-06-22T00:20:51.210Z,2025-06-22T00:20:51Z,[],1x229gvjahkxp7w02bh0v36ga,R. Williams,,,North Carolina Courage,Home
2823743201,346,1,1,41,29,b4fbmos00gxtk8qnaqsm392p5,1,2.4,10.7,2025-06-22T00:20:51.929Z,2025-06-22T00:20:55Z,"[{'id': 5777307189, 'qualifierId': 212, 'value': '11.0'}, {'id': 5777307185, 'qualifierId': 140, 'value': '11.6'}, {'id': 5777307191, 'qualifierId': 213, 'value': '5.79'}, {'id': 5777307183, 'qualifierId': 56, 'value': 'Back'}, {'id': 5777307187, 'qualifierId': 141, 'value': '3.1'}]",1x229gvjahkxp7w02bh0v36ga,R. Williams,,,North Carolina Courage,Home
2823743203,347,50,1,41,33,b4fbmos00gxtk8qnaqsm392p5,1,10.6,2.6,2025-06-22T00:20:55.785Z,2025-06-22T00:21:00Z,"[{'id': 5777307299, 'qualifierId': 233, 'value': '351'}, {'id': 5777307197, 'qualifierId': 285}, {'id': 5777307195, 'qualifierId': 56, 'value': 'Back'}]",bxj6bpjfxkumj112yoco9wahg,R. Jackson,,,North Carolina Courage,Home
2823743221,351,7,1,41,33,c3v2ohfuzoqmc8ljm65hi80sj,1,89.4,97.4,2025-06-22T00:20:55.786Z,2025-06-24T14:57:48Z,"[{'id': 5777307285, 'qualifierId': 233, 'value': '347'}, {'id': 5779533107, 'qualifierId': 178}, {'id': 5777307281, 'qualifierId': 56, 'value': 'Left'}, {'id': 5777307283, 'qualifierId': 286}, {'id': 5779533105, 'qualifierId': 385}, {'id': 5777307279, 'qualifierId': 167}]",n4egj8ymfled94mco0lwa95,C. Westphal,,,Houston Dash,Away
2823743223,348,5,1,41,34,b4fbmos00gxtk8qnaqsm392p5,1,7.2,-2.0,2025-06-22T00:20:56.274Z,2025-06-22T01:54:09Z,"[{'id': 5777307289, 'qualifierId': 56, 'value': 'Back'}, {'id': 5777307291, 'qualifierId': 347}, {'id': 5777307353, 'qualifierId': 233, 'value': '352'}]",bxj6bpjfxkumj112yoco9wahg,R. Jackson,,,North Carolina Courage,Home
2823743235,352,5,1,41,34,c3v2ohfuzoqmc8ljm65hi80sj,0,92.8,102.0,2025-06-22T00:20:56.274Z,2025-06-22T01:54:10Z,"[{'id': 5777307349, 'qualifierId': 56, 'value': 'Left'}, {'id': 5777307371, 'qualifierId': 233, 'value': '348'}, {'id': 5777307351, 'qualifierId': 347}]",n4egj8ymfled94mco0lwa95,C. Westphal,,,Houston Dash,Away
2823743471,349,1,1,42,1,b4fbmos00gxtk8qnaqsm392p5,1,6.1,0.0,2025-06-22T00:21:23.577Z,2025-06-22T00:21:25Z,"[{'id': 5777308587, 'qualifierId': 107}, {'id': 5777308597, 'qualifierId': 213, 'value': '0.40'}, {'id': 5777308593, 'qualifierId': 141, 'value': '8.8'}, {'id': 5777308589, 'qualifierId': 56, 'value': 'Back'}, {'id': 5777308595, 'qualifierId': 212, 'value': '18.7'}, {'id': 5777308591, 'qualifierId': 140, 'value': '22.5'}]",1x229gvjahkxp7w02bh0v36ga,R. Williams,,,North Carolina Courage,Home
2823743477,350,61,1,42,3,b4fbmos00gxtk8qnaqsm392p5,0,22.5,8.8,2025-06-22T00:21:25.417Z,2025-06-22T00:21:25Z,"[{'id': 5777308623, 'qualifierId': 56, 'value': 'Back'}]",bxj6bpjfxkumj112yoco9wahg,R. Jackson,,,North Carolina Courage,Home
2823743505,354,61,1,42,4,c3v2ohfuzoqmc8ljm65hi80sj,0,64.2,92.4,2025-06-22T00:21:26.119Z,2025-06-24T15:01:23Z,"[{'id': 5777308805, 'qualifierId': 56, 'value': 'Left'}]",n4egj8ymfled94mco0lwa95,C. Westphal,,,Houston Dash,Away
2823743489,351,5,1,42,4,b4fbmos00gxtk8qnaqsm392p5,1,32.4,-1.6,2025-06-22T00:21:26.666Z,2025-06-22T01:54:10Z,"[{'id': 5777308657, 'qualifierId': 347}, {'id': 5777308655, 'qualifierId': 56, 'value': 'Back'}, {'id': 5777308847, 'qualifierId': 233, 'value': '355'}]",bxj6bpjfxkumj112yoco9wahg,R. Jackson,,,North Carolina Courage,Home
2823743515,355,5,1,42,4,c3v2ohfuzoqmc8ljm65hi80sj,0,67.6,101.6,2025-06-22T00:21:26.666Z,2025-06-22T01:54:10Z,"[{'id': 5777308843, 'qualifierId': 56, 'value': 'Left'}, {'id': 5777308875, 'qualifierId': 233, 'value': '351'}, {'id': 5777308845, 'qualifierId': 347}]",6089nfwh31ha73pl7vlla75cl,S. Puntigam,,,Houston Dash,Away
2823743549,352,57,1,42,13,b4fbmos00gxtk8qnaqsm392p5,0,26.4,0.0,2025-06-22T00:21:35.433Z,2025-06-22T00:21:46Z,"[{'id': 5777309023, 'qualifierId': 56, 'value': 'Back'}]",1x229gvjahkxp7w02bh0v36ga,R. Williams,,,North Carolina Courage,Home
2823743643,356,57,1,42,13,c3v2ohfuzoqmc8ljm65hi80sj,1,61.4,100.0,2025-06-22T00:21:35.433Z,2025-06-22T01:36:01Z,"[{'id': 5777309643, 'qualifierId': 56, 'value': 'Left'}]",,,,,Houston Dash,Away
2823743671,357,1,1,42,32,c3v2ohfuzoqmc8ljm65hi80sj,0,60.4,100.0,2025-06-22T00:21:54.127Z,2025-06-22T00:21:58Z,"[{'id': 5777309803, 'qualifierId': 1}, {'id': 5777309793, 'qualifierId': 56, 'value': 'Center'}, {'id': 5777309801, 'qualifierId': 213, 'value': '5.83'}, {'id': 5777309799, 'qualifierId': 212, 'value': '47.1'}, {'id': 5777309795, 'qualifierId': 140, 'value': '100.0'}, {'id': 5777309791, 'qualifierId': 107}, {'id': 5777309797, 'qualifierId': 141, 'value': '71.5'}]",n4egj8ymfled94mco0lwa95,C. Westphal,,,Houston Dash,Away
2823743703,353,5,1,42,33,b4fbmos00gxtk8qnaqsm392p5,1,-0.8,24.4,2025-06-22T00:21:55.691Z,2025-06-22T01:54:10Z,"[{'id': 5777310599, 'qualifierId': 233, 'value': '358'}, {'id': 5777309959, 'qualifierId': 56, 'value': 'Back'}, {'id': 5777309961, 'qualifierId': 346}]",bxj6bpjfxkumj112yoco9wahg,R. Jackson,,,North Carolina Courage,Home
2823743797,358,5,1,42,33,c3v2ohfuzoqmc8ljm65hi80sj,0,100.8,75.6,2025-06-22T00:21:55.691Z,2025-06-22T01:54:11Z,"[{'id': 5777310605, 'qualifierId': 233, 'value': '353'}, {'id': 5777310593, 'qualifierId': 346}, {'id': 5777310591, 'qualifierId': 56, 'value': 'Center'}]",n4egj8ymfled94mco0lwa95,C. Westphal,,,Houston Dash,Away
2823743725,354,1,1,42,41,b4fbmos00gxtk8qnaqsm392p5,1,3.8,41.8,2025-06-22T00:22:03.809Z,2025-06-22T00:22:05Z,"[{'id': 5777310081, 'qualifierId': 140, 'value': '6.3'}, {'id': 5777310085, 'qualifierId': 212, 'value': '18.7'}, {'id': 5777310083, 'qualifierId': 141, 'value': '69.0'}, {'id': 5777310077, 'qualifierId': 124}, {'id': 5777310091, 'qualifierId': 237}, {'id': 5777310087, 'qualifierId': 213, 'value': '1.43'}, {'id': 5777310079, 'qualifierId': 56, 'value': 'Back'}]",3qj9t05behkav9okd8n2wywh5,C. Murphy,,,North Carolina Courage,Home
2823743753,355,1,1,42,43,b4fbmos00gxtk8qnaqsm392p5,1,7.1,71.8,2025-06-22T00:22:05.681Z,2025-06-22T00:22:10Z,"[{'id': 5777310269, 'qualifierId': 140, 'value': '12.6'}, {'id': 5777310271, 'qualifierId': 141, 'value': '89.9'}, {'id': 5777310267, 'qualifierId': 56, 'value': 'Back'}, {'id': 5777310275, 'qualifierId': 213, 'value': '1.13'}, {'id': 5777310273, 'qualifierId': 212, 'value': '13.6'}]",1p3bwk03ay87hp2nwrl3tfxwq,K. Kurtz,,,North Carolina Courage,Home
2823743765,356,1,1,42,48,b4fbmos00gxtk8qnaqsm392p5,1,28.9,93.6,2025-06-22T00:22:10.665Z,2025-06-22T00:22:13Z,"[{'id': 5777310395, 'qualifierId': 212, 'value': '6.8'}, {'id': 5777310391, 'qualifierId': 140, 'value': '35.0'}, {'id': 5777310393, 'qualifierId': 141, 'value': '97.1'}, {'id': 5777310389, 'qualifierId': 56, 'value': 'Back'}, {'id': 5777310397, 'qualifierId': 213, 'value': '0.36'}]",cqpdeqi0psfadqsgejcvdqqne,M. Berkely,,,North Carolina Courage,Home
2823743789,357,1,1,42,51,b4fbmos00gxtk8qnaqsm392p5,0,43.1,94.1,2025-06-22T00:22:13.273Z,2025-06-22T00:22:15Z,"[{'id': 5777310525, 'qualifierId': 56, 'value': 'Left'}, {'id': 5777310533, 'qualifierId': 213, 'value': '5.90'}, {'id': 5777310529, 'qualifierId': 141, 'value': '80.2'}, {'id': 5777310527, 'qualifierId': 140, 'value': '65.7'}, {'id': 5777310531, 'qualifierId': 212, 'value': '25.5'}]",awme1kk0t2w81hc4xcup7k222,T. Lussi,,,North Carolina Courage,Home
2823743801,359,1,1,42,53,c3v2ohfuzoqmc8ljm65hi80sj,0,34.6,35.8,2025-06-22T00:22:15.919Z,2025-06-22T00:22:16Z,"[{'id': 5777310617, 'qualifierId': 213, 'value': '0.35'}, {'id': 5777310615, 'qualifierId': 212, 'value': '16.2'}, {'id': 5777310611, 'qualifierId': 140, 'value': '49.1'}, {'id': 5777310609, 'qualifierId': 56, 'value': 'Back'}, {'id': 5777310613, 'qualifierId': 141, 'value': '44.0'}]",8co65x7tuvynuqvket8okb7xl,N. Jacobs,,,Houston Dash,Away
2823743859,358,1,1,42,57,b4fbmos00gxtk8qnaqsm392p5,1,51.7,57.8,2025-06-22T00:22:19.401Z,2025-06-22T00:22:21Z,"[{'id': 5777310955, 'qualifierId': 213, 'value': '2.21'}, {'id': 5777310951, 'qualifierId': 141, 'value': '68.4'}, {'id': 5777310947, 'qualifierId': 56, 'value': 'Back'}, {'id': 5777310949, 'qualifierId': 140, 'value': '46.6'}, {'id': 5777310953, 'qualifierId': 212, 'value': '9.0'}]",8afwde4025w5wxddyf2ouoine,S. Koyama,,,North Carolina Courage,Home
2823743881,359,1,1,42,59,b4fbmos00gxtk8qnaqsm392p5,1,46.9,71.8,2025-06-22T00:22:21.625Z,2025-06-22T00:22:23Z,"[{'id': 5777311049, 'qualifierId': 212, 'value': '11.4'}, {'id': 5777311047, 'qualifierId': 141, 'value': '78.7'}, {'id': 5777311045, 'qualifierId': 140, 'value': '37.0'}, {'id': 5777311051, 'qualifierId': 213, 'value': '2.72'}, {'id': 5777311043, 'qualifierId': 56, 'value': 'Back'}]",bxj6bpjfxkumj112yoco9wahg,R. Jackson,,,North Carolina Courage,Home
2823743905,360,1,1,43,1,b4fbmos00gxtk8qnaqsm392p5,1,35.4,71.7,2025-06-22T00:22:23.505Z,2025-06-22T00:22:27Z,"[{'id': 5777311227, 'qualifierId': 212, 'value': '37.4'}, {'id': 5777311229, 'qualifierId': 213, 'value': '5.02'}, {'id': 5777311225, 'qualifierId': 141, 'value': '19.2'}, {'id': 5777311221, 'qualifierId': 56, 'value': 'Back'}, {'id': 5777311231, 'qualifierId': 1}, {'id': 5777311223, 'qualifierId': 140, 'value': '46.1'}]",cqpdeqi0psfadqsgejcvdqqne,M. Berkely,,,North Carolina Courage,Home
2823743923,361,1,1,43,5,b4fbmos00gxtk8qnaqsm392p5,1,46.2,19.2,2025-06-22T00:22:27.505Z,2025-06-22T00:22:29Z,"[{'id': 5777311313, 'qualifierId': 213, 'value': '0.23'}, {'id': 5777311305, 'qualifierId': 56, 'value': 'Center'}, {'id': 5777311311, 'qualifierId': 212, 'value': '15.4'}, {'id': 5777311309, 'qualifierId': 141, 'value': '24.4'}, {'id': 5777311307, 'qualifierId': 140, 'value': '60.5'}]",cbco4ht0d7uk1thgam6vc0ep6,M. Bell,,,North Carolina Courage,Home
2823743947,362,1,1,43,7,b4fbmos00gxtk8qnaqsm392p5,1,59.3,11.7,2025-06-22T00:22:29.545Z,2025-06-22T00:22:32Z,"[{'id': 5777311415, 'qualifierId': 56, 'value': 'Right'}, {'id': 5777311419, 'qualifierId': 141, 'value': '2.3'}, {'id': 5777311423, 'qualifierId': 213, 'value': '5.63'}, {'id': 5777311421, 'qualifierId': 212, 'value': '10.6'}, {'id': 5777311417, 'qualifierId': 140, 'value': '67.3'}]",7fk82cjz0z5vq2ts3vmz8has5,D. O'Sullivan,,,North Carolina Courage,Home
2823743961,363,1,1,43,10,b4fbmos00gxtk8qnaqsm392p5,1,64.3,7.4,2025-06-22T00:22:32.305Z,2025-06-22T00:22:34Z,"[{'id': 5777311487, 'qualifierId': 141, 'value': '18.0'}, {'id': 5777311491, 'qualifierId': 213, 'value': '1.80'}, {'id': 5777311483, 'qualifierId': 56, 'value': 'Right'}, {'id': 5777311489, 'qualifierId': 212, 'value': '7.4'}, {'id': 5777311485, 'qualifierId': 140, 'value': '62.7'}]",1x229gvjahkxp7w02bh0v36ga,R. Williams,,,North Carolina Courage,Home
2823743967,364,61,1,43,12,b4fbmos00gxtk8qnaqsm392p5,0,62.7,18.0,2025-06-22T00:22:34.137Z,2025-06-22T00:22:34Z,"[{'id': 5777311525, 'qualifierId': 56, 'value': 'Right'}]",8afwde4025w5wxddyf2ouoine,S. Koyama,,,North Carolina Courage,Home
2823743989,360,1,1,43,14,c3v2ohfuzoqmc8ljm65hi80sj,0,31.2,90.6,2025-06-22T00:22:36.634Z,2025-06-22T00:22:38Z,"[{'id': 5777311707, 'qualifierId': 233, 'value': '365'}, {'id': 5777311669, 'qualifierId': 212, 'value': '3.8'}, {'id': 5777311665, 'qualifierId': 140, 'value': '34.4'}, {'id': 5777311663, 'qualifierId': 56, 'value': 'Back'}, {'id': 5777311671, 'qualifierId': 213, 'value': '5.80'}, {'id': 5777311711, 'qualifierId': 286}, {'id': 5777311667, 'qualifierId': 141, 'value': '88.0'}, {'id': 5777311705, 'qualifierId': 236}]",n4egj8ymfled94mco0lwa95,C. Westphal,,,Houston Dash,Away
2823743981,365,74,1,43,14,b4fbmos00gxtk8qnaqsm392p5,1,61.8,4.1,2025-06-22T00:22:36.635Z,2025-06-22T00:22:37Z,"[{'id': 5777311625, 'qualifierId': 285}, {'id': 5777311715, 'qualifierId': 233, 'value': '360'}, {'id': 5777311623, 'qualifierId': 56, 'value': 'Right'}]",8afwde4025w5wxddyf2ouoine,S. Koyama,,,North Carolina Courage,Home
2823744021,366,1,1,43,15,b4fbmos00gxtk8qnaqsm392p5,1,61.8,4.1,2025-06-22T00:22:37.152Z,2025-06-22T00:22:40Z,"[{'id': 5777311827, 'qualifierId': 141, 'value': '10.7'}, {'id': 5777311829, 'qualifierId': 212, 'value': '5.7'}, {'id': 5777311825, 'qualifierId': 140, 'value': '58.5'}, {'id': 5777311831, 'qualifierId': 213, 'value': '2.23'}, {'id': 5777311823, 'qualifierId': 56, 'value': 'Right'}]",8afwde4025w5wxddyf2ouoine,S. Koyama,,,North Carolina Courage,Home
2823744009,361,43,1,43,16,c3v2ohfuzoqmc8ljm65hi80sj,1,0.0,0.0,2025-06-22T00:22:38.191Z,2025-06-22T00:28:28Z,"[{'id': 5777311775, 'qualifierId': 212, 'value': '9.3'}, {'id': 5777311771, 'qualifierId': 140, 'value': '42.9'}, {'id': 5777311773, 'qualifierId': 141, 'value': '84.5'}, {'id': 5777311769, 'qualifierId': 56, 'value': 'Back'}, {'id': 5777311777, 'qualifierId': 213, 'value': '5.87'}, {'id': 5777327453, 'qualifierId': 144, 'value': '1'}]",n4egj8ymfled94mco0lwa95,C. Westphal,,,Houston Dash,Away
2823744033,362,45,1,43,18,c3v2ohfuzoqmc8ljm65hi80sj,0,27.6,68.6,2025-06-22T00:22:40.801Z,2025-06-22T01:45:27Z,"[{'id': 5777311881, 'qualifierId': 56, 'value': 'Back'}, {'id': 5777311911, 'qualifierId': 233, 'value': '367'}, {'id': 5777311883, 'qualifierId': 285}]",1c2boqmoi50esuelgdd96o06h,D. Colaprico,,,Houston Dash,Away
2823744027,367,3,1,43,18,b4fbmos00gxtk8qnaqsm392p5,1,72.4,31.4,2025-06-22T00:22:40.801Z,2025-06-24T15:04:27Z,"[{'id': 5779534835, 'qualifierId': 465}, {'id': 5777311853, 'qualifierId': 286}, {'id': 5777311889, 'qualifierId': 233, 'value': '362'}, {'id': 5777311851, 'qualifierId': 56, 'value': 'Center'}]",1x229gvjahkxp7w02bh0v36ga,R. Williams,,,North Carolina Courage,Home
2823744043,368,1,1,43,19,b4fbmos00gxtk8qnaqsm392p5,0,72.2,29.1,2025-06-22T00:22:41.873Z,2025-06-22T00:22:43Z,"[{'id': 5777311919, 'qualifierId': 56, 'value': 'Center'}, {'id': 5777311927, 'qualifierId': 213, 'value': '0.05'}, {'id': 5777311921, 'qualifierId': 140, 'value': '80.6'}, {'id': 5777311925, 'qualifierId': 212, 'value': '8.8'}, {'id': 5777311923, 'qualifierId': 141, 'value': '29.8'}]",1x229gvjahkxp7w02bh0v36ga,R. Williams,,,North Carolina Courage,Home
2823744071,363,12,1,43,21,c3v2ohfuzoqmc8ljm65hi80sj,1,21.5,62.4,2025-06-22T00:22:44.007Z,2025-06-22T00:22:46Z,"[{'id': 5777312099, 'qualifierId': 141, 'value': '38.2'}, {'id': 5777312097, 'qualifierId': 140, 'value': '33.5'}, {'id': 5777312101, 'qualifierId': 212, 'value': '20.7'}, {'id': 5777312095, 'qualifierId': 56, 'value': 'Back'}, {'id': 5777312103, 'qualifierId': 213, 'value': '5.37'}]",8ruvr2jnsfdub02rdh8q88s89,P. Nielsen,,,Houston Dash,Away
2823744075,364,49,1,43,24,c3v2ohfuzoqmc8ljm65hi80sj,1,31.8,33.0,2025-06-22T00:22:46.255Z,2025-06-22T00:22:46Z,[],1xgse8t4dm0decmpzebsphvfu,Y. Ryan,,,Houston Dash,Away
2823744145,365,1,1,43,31,c3v2ohfuzoqmc8ljm65hi80sj,1,30.0,28.6,2025-06-22T00:22:53.142Z,2025-06-22T00:22:55Z,"[{'id': 5777312523, 'qualifierId': 140, 'value': '20.3'}, {'id': 5777312527, 'qualifierId': 212, 'value': '10.2'}, {'id': 5777312529, 'qualifierId': 213, 'value': '3.09'}, {'id': 5777312525, 'qualifierId': 141, 'value': '29.4'}, {'id': 5777312521, 'qualifierId': 56, 'value': 'Back'}]",1xgse8t4dm0decmpzebsphvfu,Y. Ryan,,,Houston Dash,Away
2823744185,366,1,1,43,33,c3v2ohfuzoqmc8ljm65hi80sj,1,24.0,26.7,2025-06-22T00:22:55.286Z,2025-06-22T00:22:57Z,"[{'id': 5777312735, 'qualifierId': 141, 'value': '18.3'}, {'id': 5777312731, 'qualifierId': 56, 'value': 'Back'}, {'id': 5777312737, 'qualifierId': 212, 'value': '9.4'}, {'id': 5777312739, 'qualifierId': 213, 'value': '5.63'}, {'id': 5777312733, 'qualifierId': 140, 'value': '31.1'}]",8co65x7tuvynuqvket8okb7xl,N. Jacobs,,,Houston Dash,Away
2823744347,367,1,1,43,35,c3v2ohfuzoqmc8ljm65hi80sj,1,27.0,19.7,2025-06-22T00:22:57.935Z,2025-06-22T00:23:16Z,"[{'id': 5777313631, 'qualifierId': 56, 'value': 'Back'}, {'id': 5777313635, 'qualifierId': 141, 'value': '42.1'}, {'id': 5777313639, 'qualifierId': 213, 'value': '2.53'}, {'id': 5777313637, 'qualifierId': 212, 'value': '26.5'}, {'id': 5777313633, 'qualifierId': 140, 'value': '6.3'}]",1xgse8t4dm0decmpzebsphvfu,Y. Ryan,,,Houston Dash,Away
2823744351,368,61,1,43,54,c3v2ohfuzoqmc8ljm65hi80sj,1,13.1,45.2,2025-06-22T00:23:16.238Z,2025-06-22T00:23:17Z,"[{'id': 5777313655, 'qualifierId': 56, 'value': 'Back'}, {'id': 5777313661, 'qualifierId': 189}]",53uflfknc5uus7iqw3obp5fx1,J. Campbell,,,Houston Dash,Away
2823744379,369,4,1,43,58,c3v2ohfuzoqmc8ljm65hi80sj,1,23.8,10.0,2025-06-22T00:23:20.311Z,2025-06-22T01:35:51Z,"[{'id': 5777313859, 'qualifierId': 56, 'value': 'Back'}, {'id': 5777313857, 'qualifierId': 13}, {'id': 5777314049, 'qualifierId': 233, 'value': '369'}, {'id': 5777313863, 'qualifierId': 265}, {'id': 5777313861, 'qualifierId': 152}, {'id': 5777313865, 'qualifierId': 285}]",8co65x7tuvynuqvket8okb7xl,N. Jacobs,,,Houston Dash,Away
2823744407,369,4,1,43,58,b4fbmos00gxtk8qnaqsm392p5,0,76.2,90.0,2025-06-22T00:23:20.312Z,2025-06-22T01:35:51Z,"[{'id': 5777314031, 'qualifierId': 265}, {'id': 5777314025, 'qualifierId': 13}, {'id': 5777314033, 'qualifierId': 286}, {'id': 5777314029, 'qualifierId': 152}, {'id': 5777314057, 'qualifierId': 233, 'value': '369'}, {'id': 5777314027, 'qualifierId': 56, 'value': 'Left'}]",90bm7jsl7sjqiel7u2tv0vgq2,M. Matsukubo,,,North Carolina Courage,Home
2823744551,370,1,1,44,4,c3v2ohfuzoqmc8ljm65hi80sj,1,21.7,16.1,2025-06-22T00:23:26.143Z,2025-06-22T00:23:36Z,"[{'id': 5777314779, 'qualifierId': 56, 'value': 'Back'}, {'id': 5777314775, 'qualifierId': 5}, {'id': 5777314787, 'qualifierId': 213, 'value': '2.32'}, {'id': 5777314777, 'qualifierId': 152}, {'id': 5777314783, 'qualifierId': 141, 'value': '39.2'}, {'id': 5777314785, 'qualifierId': 212, 'value': '21.4'}, {'id': 5777314781, 'qualifierId': 140, 'value': '7.8'}]",8co65x7tuvynuqvket8okb7xl,N. Jacobs,,,Houston Dash,Away
2823744597,371,1,1,44,14,c3v2ohfuzoqmc8ljm65hi80sj,1,15.2,38.2,2025-06-22T00:23:36.055Z,2025-06-22T00:23:41Z,"[{'id': 5777315053, 'qualifierId': 140, 'value': '14.4'}, {'id': 5777315059, 'qualifierId': 213, 'value': '4.63'}, {'id': 5777315057, 'qualifierId': 212, 'value': '10.7'}, {'id': 5777315051, 'qualifierId': 56, 'value': 'Back'}, {'id': 5777315055, 'qualifierId': 141, 'value': '22.5'}]",53uflfknc5uus7iqw3obp5fx1,J. Campbell,,,Houston Dash,Away
2823744607,370,83,1,44,17,b4fbmos00gxtk8qnaqsm392p5,0,86.0,74.2,2025-06-22T00:23:39.722Z,2025-06-22T00:23:48Z,"[{'id': 5777315237, 'qualifierId': 399, 'value': '8co65x7tuvynuqvket8okb7xl'}]",90bm7jsl7sjqiel7u2tv0vgq2,M. Matsukubo,,,North Carolina Courage,Home
2823744611,372,1,1,44,18,c3v2ohfuzoqmc8ljm65hi80sj,1,14.2,30.6,2025-06-22T00:23:40.975Z,2025-06-22T00:23:42Z,"[{'id': 5777315129, 'qualifierId': 212, 'value': '10.0'}, {'id': 5777315125, 'qualifierId': 140, 'value': '23.7'}, {'id': 5777315123, 'qualifierId': 56, 'value': 'Back'}, {'id': 5777315131, 'qualifierId': 213, 'value': '0.12'}, {'id': 5777315127, 'qualifierId': 141, 'value': '32.4'}]",8co65x7tuvynuqvket8okb7xl,N. Jacobs,,,Houston Dash,Away
2823744621,373,1,1,44,19,c3v2ohfuzoqmc8ljm65hi80sj,1,23.7,32.4,2025-06-22T00:23:41.951Z,2025-06-24T15:05:26Z,"[{'id': 5777315181, 'qualifierId': 212, 'value': '19.8'}, {'id': 5777315175, 'qualifierId': 56, 'value': 'Back'}, {'id': 5777315179, 'qualifierId': 141, 'value': '52.2'}, {'id': 5777315183, 'qualifierId': 213, 'value': '2.39'}, {'id': 5777315177, 'qualifierId': 140, 'value': '9.9'}]",6089nfwh31ha73pl7vlla75cl,S. Puntigam,,,Houston Dash,Away
2823744669,374,1,1,44,23,c3v2ohfuzoqmc8ljm65hi80sj,1,7.6,52.1,2025-06-22T00:23:45.542Z,2025-06-22T00:23:50Z,"[{'id': 5777315467, 'qualifierId': 212, 'value': '29.2'}, {'id': 5777315465, 'qualifierId': 141, 'value': '83.8'}, {'id': 5777315461, 'qualifierId': 56, 'value': 'Back'}, {'id': 5777315469, 'qualifierId': 213, 'value': '0.83'}, {'id': 5777315463, 'qualifierId': 140, 'value': '26.3'}]",53uflfknc5uus7iqw3obp5fx1,J. Campbell,,,Houston Dash,Away
2823744693,375,1,1,44,28,c3v2ohfuzoqmc8ljm65hi80sj,1,32.3,84.2,2025-06-22T00:23:50.071Z,2025-06-22T00:23:52Z,"[{'id': 5777315573, 'qualifierId': 141, 'value': '94.1'}, {'id': 5777315575, 'qualifierId': 212, 'value': '16.4'}, {'id': 5777315571, 'qualifierId': 140, 'value': '46.5'}, {'id': 5777315577, 'qualifierId': 213, 'value': '0.42'}, {'id': 5777315569, 'qualifierId': 56, 'value': 'Back'}]",n4egj8ymfled94mco0lwa95,C. Westphal,,,Houston Dash,Away
2823744713,376,1,1,44,30,c3v2ohfuzoqmc8ljm65hi80sj,1,46.1,94.5,2025-06-22T00:23:52.247Z,2025-06-22T00:23:54Z,"[{'id': 5777315745, 'qualifierId': 213, 'value': '3.22'}, {'id': 5777315741, 'qualifierId': 141, 'value': '92.3'}, {'id': 5777315737, 'qualifierId': 56, 'value': 'Back'}, {'id': 5777315739, 'qualifierId': 140, 'value': '27.2'}, {'id': 5777315743, 'qualifierId': 212, 'value': '19.9'}]",270qzf9ig52z04iu3ujnmstg4,R. Gareis,,,Houston Dash,Away
2823744727,377,1,1,44,32,c3v2ohfuzoqmc8ljm65hi80sj,1,26.8,92.3,2025-06-22T00:23:54.055Z,2025-06-22T00:23:56Z,"[{'id': 5777315873, 'qualifierId': 213, 'value': '5.11'}, {'id': 5777315871, 'qualifierId': 212, 'value': '11.4'}, {'id': 5777315867, 'qualifierId': 140, 'value': '31.0'}, {'id': 5777315869, 'qualifierId': 141, 'value': '76.9'}, {'id': 5777315865, 'qualifierId': 56, 'value': 'Back'}]",n4egj8ymfled94mco0lwa95,C. Westphal,,,Houston Dash,Away
2823744761,378,1,1,44,34,c3v2ohfuzoqmc8ljm65hi80sj,1,30.3,74.1,2025-06-22T00:23:56.302Z,2025-06-22T00:23:59Z,"[{'id': 5777316041, 'qualifierId': 213, 'value': '0.86'}, {'id': 5777316033, 'qualifierId': 56, 'value': 'Back'}, {'id': 5777316037, 'qualifierId': 141, 'value': '81.5'}, {'id': 5777316039, 'qualifierId': 212, 'value': '6.6'}, {'id': 5777316035, 'qualifierId': 140, 'value': '34.4'}]",6089nfwh31ha73pl7vlla75cl,S. Puntigam,,,Houston Dash,Away
2823744773,379,1,1,44,37,c3v2ohfuzoqmc8ljm65hi80sj,0,30.2,88.0,2025-06-22T00:23:59.198Z,2025-06-22T00:24:00Z,"[{'id': 5777316093, 'qualifierId': 56, 'value': 'Back'}, {'id': 5777316099, 'qualifierId': 212, 'value': '9.3'}, {'id': 5777316097, 'qualifierId': 141, 'value': '74.5'}, {'id': 5777316095, 'qualifierId': 140, 'value': '31.5'}, {'id': 5777316101, 'qualifierId': 213, 'value': '4.86'}]",270qzf9ig52z04iu3ujnmstg4,R. Gareis,,,Houston Dash,Away
2823744845,372,8,1,44,39,b4fbmos00gxtk8qnaqsm392p5,1,60.9,20.0,2025-06-22T00:24:01.962Z,2025-06-24T15:05:48Z,"[{'id': 5777316525, 'qualifierId': 56, 'value': 'Right'}, {'id': 5779535465, 'qualifierId': 384}]",3ytdxf659yjtnml5zzpxl01k9,C. Vine,,,North Carolina Courage,Home
2823744791,371,4,1,44,40,b4fbmos00gxtk8qnaqsm392p5,1,67.0,20.5,2025-06-22T00:24:02.520Z,2025-06-22T01:35:51Z,"[{'id': 5777316395, 'qualifierId': 233, 'value': '380'}, {'id': 5777316221, 'qualifierId': 152}, {'id': 5777316225, 'qualifierId': 286}, {'id': 5777316217, 'qualifierId': 13}, {'id': 5777316223, 'qualifierId': 265}, {'id': 5777316219, 'qualifierId': 56, 'value': 'Right'}]",3ytdxf659yjtnml5zzpxl01k9,C. Vine,,,North Carolina Courage,Home
2823744813,380,4,1,44,40,c3v2ohfuzoqmc8ljm65hi80sj,0,33.0,79.5,2025-06-22T00:24:02.521Z,2025-06-22T01:35:51Z,"[{'id': 5777316359, 'qualifierId': 56, 'value': 'Back'}, {'id': 5777316407, 'qualifierId': 233, 'value': '371'}, {'id': 5777316363, 'qualifierId': 265}, {'id': 5777316357, 'qualifierId': 13}, {'id': 5777316591, 'qualifierId': 55, 'value': '381'}, {'id': 5777316365, 'qualifierId': 285}, {'id': 5777316361, 'qualifierId': 152}]",6089nfwh31ha73pl7vlla75cl,S. Puntigam,,,Houston Dash,Away
2823744837,381,17,1,44,44,c3v2ohfuzoqmc8ljm65hi80sj,1,0.0,0.0,2025-06-22T00:24:06.911Z,2025-06-22T00:24:09Z,"[{'id': 5777316569, 'qualifierId': 392}, {'id': 5777316571, 'qualifierId': 13, 'value': '243'}, {'id': 5777316567, 'qualifierId': 31}, {'id': 5777316573, 'qualifierId': 55, 'value': '380'}]",6089nfwh31ha73pl7vlla75cl,S. Puntigam,,,Houston Dash,Away
2823745093,382,70,1,45,17,c3v2ohfuzoqmc8ljm65hi80sj,1,0.0,0.0,2025-06-22T00:24:39.881Z,2025-06-22T00:24:39Z,"[{'id': 5777318011, 'qualifierId': 277, 'value': '1'}]",,,,,Houston Dash,Away
2823745331,373,1,1,45,35,b4fbmos00gxtk8qnaqsm392p5,0,59.3,13.9,2025-06-22T00:24:57.680Z,2025-06-24T15:06:09Z,"[{'id': 5777319339, 'qualifierId': 213, 'value': '0.84'}, {'id': 5777319335, 'qualifierId': 141, 'value': '62.4'}, {'id': 5777319331, 'qualifierId': 56, 'value': 'Center'}, {'id': 5779535643, 'qualifierId': 20}, {'id': 5777319329, 'qualifierId': 155}, {'id': 5779535641, 'qualifierId': 224}, {'id': 5777319333, 'qualifierId': 140, 'value': '87.6'}, {'id': 5777328653, 'qualifierId': 152}, {'id': 5777328651, 'qualifierId': 5}, {'id': 5777320225, 'qualifierId': 1}, {'id': 5777319337, 'qualifierId': 212, 'value': '44.4'}, {'id': 5777319327, 'qualifierId': 2}]",bxj6bpjfxkumj112yoco9wahg,R. Jackson,,,North Carolina Courage,Home
2823745285,383,61,1,45,37,c3v2ohfuzoqmc8ljm65hi80sj,1,10.5,39.2,2025-06-22T00:24:59.824Z,2025-06-24T15:06:26Z,"[{'id': 5777319051, 'qualifierId': 56, 'value': 'Back'}]",n4egj8ymfled94mco0lwa95,C. Westphal,,,Houston Dash,Away
2824139207,796,49,1,45,38,c3v2ohfuzoqmc8ljm65hi80sj,1,10.0,22.2,2025-06-22T00:25:01.018Z,2025-06-24T15:06:29Z,[],95tl8tonvm6czhwzd6i5ep756,B. Olivieri,,,Houston Dash,Away
2823745337,384,1,1,45,41,c3v2ohfuzoqmc8ljm65hi80sj,0,11.0,24.3,2025-06-22T00:25:04.030Z,2025-06-24T15:08:03Z,"[{'id': 5779535689, 'qualifierId': 1}, {'id': 5777319359, 'qualifierId': 140, 'value': '44.1'}, {'id': 5779535687, 'qualifierId': 157}, {'id': 5777319357, 'qualifierId': 56, 'value': 'Back'}, {'id': 5777319363, 'qualifierId': 212, 'value': '34.8'}, {'id': 5777319365, 'qualifierId': 213, 'value': '0.02'}, {'id': 5777319361, 'qualifierId': 141, 'value': '25.5'}]",95tl8tonvm6czhwzd6i5ep756,B. Olivieri,,,Houston Dash,Away
2823745361,374,1,1,45,42,b4fbmos00gxtk8qnaqsm392p5,1,52.1,68.5,2025-06-22T00:25:04.698Z,2025-06-22T00:28:01Z,"[{'id': 5777322433, 'qualifierId': 141, 'value': '66.9'}, {'id': 5777322429, 'qualifierId': 56, 'value': 'Center'}, {'id': 5777322435, 'qualifierId': 212, 'value': '11.7'}, {'id': 5777322431, 'qualifierId': 140, 'value': '63.2'}, {'id': 5777322427, 'qualifierId': 3}, {'id': 5777322437, 'qualifierId': 213, 'value': '6.19'}]",1x229gvjahkxp7w02bh0v36ga,R. Williams,,,North Carolina Courage,Home
2823745363,375,1,1,45,43,b4fbmos00gxtk8qnaqsm392p5,0,58.3,70.1,2025-06-22T00:25:05.944Z,2025-06-24T15:06:40Z,"[{'id': 5779535875, 'qualifierId': 168}, {'id': 5777322795, 'qualifierId': 213, 'value': '0.00'}, {'id': 5777322791, 'qualifierId': 141, 'value': '70.1'}, {'id': 5777322787, 'qualifierId': 56, 'value': 'Center'}, {'id': 5777322789, 'qualifierId': 140, 'value': '62.7'}, {'id': 5777322793, 'qualifierId': 212, 'value': '4.6'}]",1p3bwk03ay87hp2nwrl3tfxwq,K. Kurtz,,,North Carolina Courage,Home
2823745355,385,1,1,45,44,c3v2ohfuzoqmc8ljm65hi80sj,0,33.4,25.5,2025-06-22T00:25:06.894Z,2025-06-22T00:25:08Z,"[{'id': 5777319471, 'qualifierId': 212, 'value': '14.4'}, {'id': 5777319469, 'qualifierId': 141, 'value': '25.5'}, {'id': 5777319467, 'qualifierId': 140, 'value': '47.1'}, {'id': 5777319465, 'qualifierId': 56, 'value': 'Back'}, {'id': 5777319473, 'qualifierId': 213, 'value': '0.00'}, {'id': 5777319463, 'qualifierId': 3}]",1xgse8t4dm0decmpzebsphvfu,Y. Ryan,,,Houston Dash,Away
2823745383,376,50,1,45,44,b4fbmos00gxtk8qnaqsm392p5,1,50.2,79.4,2025-06-22T00:25:07.050Z,2025-06-22T00:28:31Z,"[{'id': 5777319605, 'qualifierId': 286}, {'id': 5777319603, 'qualifierId': 56, 'value': 'Left'}, {'id': 5777324973, 'qualifierId': 233, 'value': '389'}]",1p3bwk03ay87hp2nwrl3tfxwq,K. Kurtz,,,North Carolina Courage,Home
2823746351,389,7,1,45,45,c3v2ohfuzoqmc8ljm65hi80sj,0,49.8,20.6,2025-06-22T00:25:07.051Z,2025-06-24T15:07:05Z,"[{'id': 5777324955, 'qualifierId': 233, 'value': '376'}, {'id': 5777324935, 'qualifierId': 285}, {'id': 5779536067, 'qualifierId': 178}, {'id': 5777324933, 'qualifierId': 56, 'value': 'Back'}, {'id': 5779536065, 'qualifierId': 384}]",270qzf9ig52z04iu3ujnmstg4,R. Gareis,,,Houston Dash,Away
2823746193,380,61,1,45,46,b4fbmos00gxtk8qnaqsm392p5,0,55.3,73.3,2025-06-22T00:25:08.051Z,2025-06-22T00:28:23Z,"[{'id': 5777324055, 'qualifierId': 56, 'value': 'Center'}]",7fk82cjz0z5vq2ts3vmz8has5,D. O'Sullivan,,,North Carolina Courage,Home
2823745487,386,4,1,45,53,c3v2ohfuzoqmc8ljm65hi80sj,1,41.0,26.2,2025-06-22T00:25:15.303Z,2025-06-22T00:27:13Z,"[{'id': 5777325041, 'qualifierId': 265}, {'id': 5777320127, 'qualifierId': 286}, {'id': 5777320119, 'qualifierId': 13}, {'id': 5777320121, 'qualifierId': 56, 'value': 'Back'}, {'id': 5777321603, 'qualifierId': 233, 'value': '377'}, {'id': 5777320123, 'qualifierId': 152}]",61ucpn8qxos0kwaw0gdpqubys,A. Patterson,,,Houston Dash,Away
2823745423,377,4,1,45,53,b4fbmos00gxtk8qnaqsm392p5,0,59.0,73.8,2025-06-22T00:25:15.304Z,2025-06-22T00:27:12Z,"[{'id': 5777319865, 'qualifierId': 56, 'value': 'Center'}, {'id': 5777324953, 'qualifierId': 265}, {'id': 5777321639, 'qualifierId': 233, 'value': '386'}, {'id': 5777319871, 'qualifierId': 285}, {'id': 5777319867, 'qualifierId': 152}, {'id': 5777319863, 'qualifierId': 13}]",7fk82cjz0z5vq2ts3vmz8has5,D. O'Sullivan,,,North Carolina Courage,Home
2823745687,387,1,1,46,13,c3v2ohfuzoqmc8ljm65hi80sj,0,44.3,28.6,2025-06-22T00:25:36.016Z,2025-06-22T00:25:39Z,"[{'id': 5777321209, 'qualifierId': 1}, {'id': 5777321201, 'qualifierId': 140, 'value': '88.0'}, {'id': 5777321205, 'qualifierId': 212, 'value': '46.0'}, {'id': 5777321197, 'qualifierId': 152}, {'id': 5777321203, 'qualifierId': 141, 'value': '32.4'}, {'id': 5777321207, 'qualifierId': 213, 'value': '0.06'}, {'id': 5777321193, 'qualifierId': 5}, {'id': 5777321199, 'qualifierId': 56, 'value': 'Center'}, {'id': 5777321195, 'qualifierId': 155}]",8co65x7tuvynuqvket8okb7xl,N. Jacobs,,,Houston Dash,Away
2823745689,378,52,1,46,17,b4fbmos00gxtk8qnaqsm392p5,1,9.8,71.5,2025-06-22T00:25:39.568Z,2025-06-24T15:07:20Z,"[{'id': 5779536153, 'qualifierId': 377}]",3qj9t05behkav9okd8n2wywh5,C. Murphy,,,North Carolina Courage,Home
2823745717,379,30,1,46,18,b4fbmos00gxtk8qnaqsm392p5,1,0.0,0.0,2025-06-22T00:25:40.247Z,2025-06-22T00:25:45Z,"[{'id': 5777321333, 'qualifierId': 57, 'value': '0'}]",,,,,North Carolina Courage,Home
2823745715,388,30,1,46,18,c3v2ohfuzoqmc8ljm65hi80sj,1,0.0,0.0,2025-06-22T00:25:40.247Z,2025-06-22T00:41:03Z,"[{'id': 5777321331, 'qualifierId': 57, 'value': '0'}]",,,,,Houston Dash,Away
2823751427,399,18,2,45,0,c3v2ohfuzoqmc8ljm65hi80sj,1,0.0,0.0,2025-06-22T00:40:36.006Z,2025-06-22T00:40:36Z,"[{'id': 5777354623, 'qualifierId': 44, 'value': 'Forward'}, {'id': 5777354621, 'qualifierId': 42}, {'id': 5777354625, 'qualifierId': 59, 'value': '15'}, {'id': 5777354641, 'qualifierId': 55, 'value': '400'}]",61ucpn8qxos0kwaw0gdpqubys,A. Patterson,,,Houston Dash,Away
2823751429,400,19,2,45,0,c3v2ohfuzoqmc8ljm65hi80sj,1,0.0,0.0,2025-06-22T00:40:36.007Z,2025-06-22T01:48:37Z,"[{'id': 5777354633, 'qualifierId': 59, 'value': '22'}, {'id': 5777354631, 'qualifierId': 145, 'value': '2'}, {'id': 5777354635, 'qualifierId': 44, 'value': 'Defender'}, {'id': 5777482713, 'qualifierId': 293, 'value': '2'}, {'id': 5777354627, 'qualifierId': 42}, {'id': 5777482711, 'qualifierId': 292, 'value': '3'}, {'id': 5777354637, 'qualifierId': 55, 'value': '399'}]",edwr7f7jwnxm1plk91fx8hfro,M. Alozie,,,Houston Dash,Away
2823751529,383,32,2,45,0,b4fbmos00gxtk8qnaqsm392p5,1,0.0,0.0,2025-06-22T00:40:55.582Z,2025-06-24T10:34:06Z,"[{'id': 5777355179, 'qualifierId': 127, 'value': 'Left to Right'}]",,,,,North Carolina Courage,Home
2823751525,401,32,2,45,0,c3v2ohfuzoqmc8ljm65hi80sj,1,0.0,0.0,2025-06-22T00:40:55.582Z,2025-06-22T00:40:55Z,"[{'id': 5777355169, 'qualifierId': 127, 'value': 'Right to Left'}]",,,,,Houston Dash,Away
2823751559,384,1,2,45,0,b4fbmos00gxtk8qnaqsm392p5,1,50.2,49.6,2025-06-22T00:40:55.583Z,2025-06-22T00:40:59Z,"[{'id': 5777355367, 'qualifierId': 279, 'value': 'S'}, {'id': 5777355359, 'qualifierId': 140, 'value': '35.1'}, {'id': 5777355361, 'qualifierId': 141, 'value': '50.4'}, {'id': 5777355365, 'qualifierId': 213, 'value': '3.11'}, {'id': 5777355363, 'qualifierId': 212, 'value': '15.9'}, {'id': 5777355357, 'qualifierId': 56, 'value': 'Back'}]",90bm7jsl7sjqiel7u2tv0vgq2,M. Matsukubo,,,North Carolina Courage,Home
2823751577,385,1,2,45,3,b4fbmos00gxtk8qnaqsm392p5,0,37.7,48.7,2025-06-22T00:40:59.561Z,2025-06-24T13:30:50Z,"[{'id': 5777355451, 'qualifierId': 213, 'value': '0.30'}, {'id': 5777355453, 'qualifierId': 1}, {'id': 5777355447, 'qualifierId': 141, 'value': '66.7'}, {'id': 5777355443, 'qualifierId': 56, 'value': 'Center'}, {'id': 5777355441, 'qualifierId': 157}, {'id': 5777355445, 'qualifierId': 140, 'value': '74.8'}, {'id': 5777355449, 'qualifierId': 212, 'value': '40.8'}]",1p3bwk03ay87hp2nwrl3tfxwq,K. Kurtz,,,North Carolina Courage,Home
2824136143,784,12,2,45,7,c3v2ohfuzoqmc8ljm65hi80sj,1,23.7,30.6,2025-06-22T00:41:03.420Z,2025-06-24T13:31:07Z,"[{'id': 5779518347, 'qualifierId': 212, 'value': '15.2'}, {'id': 5779518339, 'qualifierId': 15}, {'id': 5779518341, 'qualifierId': 56, 'value': 'Back'}, {'id': 5779518345, 'qualifierId': 141, 'value': '17.6'}, {'id': 5779518349, 'qualifierId': 213, 'value': '5.66'}, {'id': 5779518343, 'qualifierId': 140, 'value': '35.5'}]",8co65x7tuvynuqvket8okb7xl,N. Jacobs,,,Houston Dash,Away
2823751627,386,1,2,45,10,b4fbmos00gxtk8qnaqsm392p5,1,71.1,83.0,2025-06-22T00:41:05.720Z,2025-06-22T00:41:08Z,"[{'id': 5777355791, 'qualifierId': 213, 'value': '4.03'}, {'id': 5777355783, 'qualifierId': 56, 'value': 'Center'}, {'id': 5777355789, 'qualifierId': 212, 'value': '7.3'}, {'id': 5777355785, 'qualifierId': 140, 'value': '66.7'}, {'id': 5777355787, 'qualifierId': 141, 'value': '74.7'}]",awme1kk0t2w81hc4xcup7k222,T. Lussi,,,North Carolina Courage,Home
2823751663,387,1,2,45,12,b4fbmos00gxtk8qnaqsm392p5,1,70.2,75.9,2025-06-22T00:41:08.280Z,2025-06-22T00:41:10Z,"[{'id': 5777355929, 'qualifierId': 56, 'value': 'Left'}, {'id': 5777355941, 'qualifierId': 213, 'value': '1.38'}, {'id': 5777355933, 'qualifierId': 140, 'value': '72.3'}, {'id': 5777355937, 'qualifierId': 141, 'value': '92.4'}, {'id': 5777355939, 'qualifierId': 212, 'value': '11.4'}]",bxj6bpjfxkumj112yoco9wahg,R. Jackson,,,North Carolina Courage,Home
2823751673,388,1,2,45,15,b4fbmos00gxtk8qnaqsm392p5,0,78.6,93.6,2025-06-22T00:41:10.816Z,2025-06-24T13:31:33Z,"[{'id': 5777355979, 'qualifierId': 56, 'value': 'Left'}, {'id': 5777355975, 'qualifierId': 2}, {'id': 5777355987, 'qualifierId': 213, 'value': '5.02'}, {'id': 5777356045, 'qualifierId': 236}, {'id': 5777355983, 'qualifierId': 141, 'value': '91.2'}, {'id': 5777355977, 'qualifierId': 155}, {'id': 5777356051, 'qualifierId': 286}, {'id': 5777355981, 'qualifierId': 140, 'value': '79.1'}, {'id': 5777356047, 'qualifierId': 233, 'value': '402'}, {'id': 5777355985, 'qualifierId': 212, 'value': '1.7'}, {'id': 5779518475, 'qualifierId': 72}, {'id': 5779518473, 'qualifierId': 224}]",awme1kk0t2w81hc4xcup7k222,T. Lussi,,,North Carolina Courage,Home
2823751685,402,12,2,45,15,c3v2ohfuzoqmc8ljm65hi80sj,1,14.2,14.3,2025-06-22T00:41:10.916Z,2025-06-22T00:41:13Z,"[{'id': 5777356033, 'qualifierId': 56, 'value': 'Back'}, {'id': 5777356065, 'qualifierId': 233, 'value': '388'}, {'id': 5777356031, 'qualifierId': 185}]",1c2boqmoi50esuelgdd96o06h,D. Colaprico,,,Houston Dash,Away
2823751699,389,50,2,45,18,b4fbmos00gxtk8qnaqsm392p5,1,77.2,75.4,2025-06-22T00:41:14.352Z,2025-06-22T00:41:19Z,"[{'id': 5777356229, 'qualifierId': 233, 'value': '403'}, {'id': 5777356119, 'qualifierId': 286}, {'id': 5777356117, 'qualifierId': 56, 'value': 'Center'}]",bxj6bpjfxkumj112yoco9wahg,R. Jackson,,,North Carolina Courage,Home
2823751715,403,7,2,45,18,c3v2ohfuzoqmc8ljm65hi80sj,0,22.8,24.6,2025-06-22T00:41:14.353Z,2025-06-24T13:31:58Z,"[{'id': 5777356199, 'qualifierId': 233, 'value': '389'}, {'id': 5777356191, 'qualifierId': 285}, {'id': 5779518615, 'qualifierId': 385}, {'id': 5777356189, 'qualifierId': 56, 'value': 'Back'}]",2sc4jlfmioa61d1vgpcz0pht6,D. Sheehan,,,Houston Dash,Away
2823751733,390,1,2,45,21,b4fbmos00gxtk8qnaqsm392p5,1,74.7,67.9,2025-06-22T00:41:16.608Z,2025-06-22T00:41:18Z,"[{'id': 5777356275, 'qualifierId': 141, 'value': '59.7'}, {'id': 5777356271, 'qualifierId': 56, 'value': 'Center'}, {'id': 5777356279, 'qualifierId': 213, 'value': '5.97'}, {'id': 5777356277, 'qualifierId': 212, 'value': '18.0'}, {'id': 5777356273, 'qualifierId': 140, 'value': '91.0'}]",awme1kk0t2w81hc4xcup7k222,T. Lussi,,,North Carolina Courage,Home
2823751751,391,1,2,45,22,b4fbmos00gxtk8qnaqsm392p5,1,91.0,59.7,2025-06-22T00:41:17.992Z,2025-06-22T00:41:47Z,"[{'id': 5777356341, 'qualifierId': 140, 'value': '92.5'}, {'id': 5777356345, 'qualifierId': 212, 'value': '6.1'}, {'id': 5777357517, 'qualifierId': 210, 'value': '15'}, {'id': 5777356343, 'qualifierId': 141, 'value': '51.0'}, {'id': 5777356347, 'qualifierId': 213, 'value': '4.97'}, {'id': 5777357519, 'qualifierId': 154}, {'id': 5777356339, 'qualifierId': 56, 'value': 'Center'}]",90bm7jsl7sjqiel7u2tv0vgq2,M. Matsukubo,1.0,,North Carolina Courage,Home
2823751753,392,15,2,45,23,b4fbmos00gxtk8qnaqsm392p5,1,92.1,49.9,2025-06-22T00:41:19.144Z,2025-07-01T12:10:56Z,"[{'id': 5777357521, 'qualifierId': 78}, {'id': 5777357533, 'qualifierId': 103, 'value': '0.6'}, {'id': 5777357525, 'qualifierId': 154}, {'id': 5777357539, 'qualifierId': 146, 'value': '97.3'}, {'id': 5777357523, 'qualifierId': 29}, {'id': 5777357535, 'qualifierId': 214}, {'id': 5777357531, 'qualifierId': 102, 'value': '50.0'}, {'id': 5777356355, 'qualifierId': 56, 'value': 'Center'}, {'id': 5777356351, 'qualifierId': 22}, {'id': 5777356353, 'qualifierId': 17}, {'id': 5777356545, 'qualifierId': 20}, {'id': 5777357541, 'qualifierId': 147, 'value': '50'}, {'id': 5777357527, 'qualifierId': 55, 'value': '391'}, {'id': 5777357545, 'qualifierId': 233, 'value': '404'}, {'id': 5777357537, 'qualifierId': 328}]",3ytdxf659yjtnml5zzpxl01k9,C. Vine,,,North Carolina Courage,Home
2823751757,404,10,2,45,23,c3v2ohfuzoqmc8ljm65hi80sj,1,5.5,49.1,2025-06-22T00:41:19.244Z,2025-07-01T12:10:59Z,"[{'id': 5777356381, 'qualifierId': 56, 'value': 'Back'}, {'id': 5779518931, 'qualifierId': 183}, {'id': 5777357561, 'qualifierId': 233, 'value': '392'}, {'id': 5779518849, 'qualifierId': 376}, {'id': 5785692721, 'qualifierId': 389}, {'id': 5777356375, 'qualifierId': 173}]",53uflfknc5uus7iqw3obp5fx1,J. Campbell,,,Houston Dash,Away
2823751765,393,6,2,45,24,b4fbmos00gxtk8qnaqsm392p5,1,94.4,50.2,2025-06-22T00:41:20.365Z,2025-07-01T12:11:01Z,"[{'id': 5777356433, 'qualifierId': 56, 'value': 'Center'}, {'id': 5777356435, 'qualifierId': 75}, {'id': 5777356437, 'qualifierId': 233, 'value': '405'}]",3ytdxf659yjtnml5zzpxl01k9,C. Vine,,,North Carolina Courage,Home
2823751763,405,6,2,45,24,c3v2ohfuzoqmc8ljm65hi80sj,0,5.6,49.8,2025-06-22T00:41:20.365Z,2025-07-01T12:11:03Z,"[{'id': 5777356455, 'qualifierId': 233, 'value': '393'}, {'id': 5777356415, 'qualifierId': 56, 'value': 'Back'}, {'id': 5777356417, 'qualifierId': 73}]",53uflfknc5uus7iqw3obp5fx1,J. Campbell,,,Houston Dash,Away
2823751987,394,1,2,45,49,b4fbmos00gxtk8qnaqsm392p5,1,99.4,0.5,2025-06-22T00:41:45.192Z,2025-07-01T16:37:43Z,"[{'id': 5777357673, 'qualifierId': 56, 'value': 'Right'}, {'id': 5777357679, 'qualifierId': 212, 'value': '15.2'}, {'id': 5777357671, 'qualifierId': 6}, {'id': 5777357675, 'qualifierId': 140, 'value': '87.5'}, {'id': 5777357681, 'qualifierId': 213, 'value': '2.53'}, {'id': 5777357677, 'qualifierId': 141, 'value': '13.3'}, {'id': 5779519569, 'qualifierId': 189}]",bxj6bpjfxkumj112yoco9wahg,R. Jackson,,,North Carolina Courage,Home
2825238593,856,1,2,45,52,b4fbmos00gxtk8qnaqsm392p5,1,89.0,14.1,2025-06-22T00:41:47.919Z,2025-07-01T12:12:30Z,"[{'id': 5785693449, 'qualifierId': 56, 'value': 'Center'}, {'id': 5785693457, 'qualifierId': 213, 'value': '2.77'}, {'id': 5785693447, 'qualifierId': 189}, {'id': 5785693453, 'qualifierId': 141, 'value': '21.9'}, {'id': 5785693455, 'qualifierId': 212, 'value': '14.5'}, {'id': 5785693451, 'qualifierId': 140, 'value': '76.1'}]",90bm7jsl7sjqiel7u2tv0vgq2,M. Matsukubo,,,North Carolina Courage,Home
2823751995,395,1,2,45,54,b4fbmos00gxtk8qnaqsm392p5,0,73.6,22.1,2025-06-22T00:41:50.361Z,2025-06-24T13:36:36Z,"[{'id': 5779519587, 'qualifierId': 224}, {'id': 5777357727, 'qualifierId': 56, 'value': 'Center'}, {'id': 5779519589, 'qualifierId': 20}, {'id': 5777357735, 'qualifierId': 213, 'value': '0.73'}, {'id': 5777357723, 'qualifierId': 2}, {'id': 5777357731, 'qualifierId': 141, 'value': '43.9'}, {'id': 5777357729, 'qualifierId': 140, 'value': '89.3'}, {'id': 5777357733, 'qualifierId': 212, 'value': '22.2'}, {'id': 5777357725, 'qualifierId': 155}]",8afwde4025w5wxddyf2ouoine,S. Koyama,,,North Carolina Courage,Home
2823752089,406,12,2,45,58,c3v2ohfuzoqmc8ljm65hi80sj,1,11.0,54.5,2025-06-22T00:41:54.525Z,2025-06-22T01:48:35Z,"[{'id': 5777358217, 'qualifierId': 213, 'value': '1.52'}, {'id': 5777358211, 'qualifierId': 140, 'value': '12.2'}, {'id': 5777358209, 'qualifierId': 56, 'value': 'Back'}, {'id': 5777358215, 'qualifierId': 212, 'value': '22.6'}, {'id': 5777358213, 'qualifierId': 141, 'value': '87.7'}]",8co65x7tuvynuqvket8okb7xl,N. Jacobs,,,Houston Dash,Away
2823752059,396,1,2,45,59,b4fbmos00gxtk8qnaqsm392p5,1,88.4,15.3,2025-06-22T00:41:55.232Z,2025-06-22T00:41:58Z,"[{'id': 5777358077, 'qualifierId': 213, 'value': '6.19'}, {'id': 5777358075, 'qualifierId': 212, 'value': '9.9'}, {'id': 5777358069, 'qualifierId': 56, 'value': 'Right'}, {'id': 5777358071, 'qualifierId': 140, 'value': '97.8'}, {'id': 5777358073, 'qualifierId': 141, 'value': '14.0'}]",90bm7jsl7sjqiel7u2tv0vgq2,M. Matsukubo,,,North Carolina Courage,Home
2823752077,397,3,2,46,3,b4fbmos00gxtk8qnaqsm392p5,1,96.6,16.5,2025-06-22T00:41:58.592Z,2025-06-24T13:36:50Z,"[{'id': 5777358237, 'qualifierId': 233, 'value': '407'}, {'id': 5777358129, 'qualifierId': 56, 'value': 'Right'}, {'id': 5779519623, 'qualifierId': 464}, {'id': 5777358131, 'qualifierId': 286}]",bxj6bpjfxkumj112yoco9wahg,R. Jackson,,,North Carolina Courage,Home
2823752091,407,45,2,46,3,c3v2ohfuzoqmc8ljm65hi80sj,0,3.4,83.5,2025-06-22T00:41:58.592Z,2025-06-22T01:45:27Z,"[{'id': 5777358245, 'qualifierId': 233, 'value': '397'}, {'id': 5777358221, 'qualifierId': 56, 'value': 'Back'}, {'id': 5777358223, 'qualifierId': 285}]",95tl8tonvm6czhwzd6i5ep756,B. Olivieri,,,Houston Dash,Away
2823752099,398,1,2,46,4,b4fbmos00gxtk8qnaqsm392p5,1,96.4,14.1,2025-06-22T00:42:00.072Z,2025-06-22T00:42:02Z,"[{'id': 5777358259, 'qualifierId': 56, 'value': 'Right'}, {'id': 5777358267, 'qualifierId': 213, 'value': '3.27'}, {'id': 5777358263, 'qualifierId': 141, 'value': '12.3'}, {'id': 5777358265, 'qualifierId': 212, 'value': '9.6'}, {'id': 5777358261, 'qualifierId': 140, 'value': '87.3'}]",bxj6bpjfxkumj112yoco9wahg,R. Jackson,,,North Carolina Courage,Home
2823752105,399,1,2,46,6,b4fbmos00gxtk8qnaqsm392p5,1,87.3,12.3,2025-06-22T00:42:01.824Z,2025-06-22T00:42:03Z,"[{'id': 5777358303, 'qualifierId': 56, 'value': 'Center'}, {'id': 5777358305, 'qualifierId': 140, 'value': '91.2'}, {'id': 5777358309, 'qualifierId': 212, 'value': '10.4'}, {'id': 5777358311, 'qualifierId': 213, 'value': '1.17'}, {'id': 5777358307, 'qualifierId': 141, 'value': '26.4'}]",90bm7jsl7sjqiel7u2tv0vgq2,M. Matsukubo,,,North Carolina Courage,Home
2823752137,400,1,2,46,8,b4fbmos00gxtk8qnaqsm392p5,1,92.3,28.2,2025-06-22T00:42:03.648Z,2025-06-22T00:42:20Z,"[{'id': 5777358505, 'qualifierId': 213, 'value': '2.76'}, {'id': 5777359269, 'qualifierId': 154}, {'id': 5777358501, 'qualifierId': 141, 'value': '32.2'}, {'id': 5777358499, 'qualifierId': 140, 'value': '85.8'}, {'id': 5777358503, 'qualifierId': 212, 'value': '7.3'}, {'id': 5777359267, 'qualifierId': 210, 'value': '13'}, {'id': 5777358497, 'qualifierId': 56, 'value': 'Center'}]",8afwde4025w5wxddyf2ouoine,S. Koyama,1.0,,North Carolina Courage,Home
2823752141,401,13,2,46,9,b4fbmos00gxtk8qnaqsm392p5,1,85.8,32.2,2025-06-22T00:42:05.336Z,2025-07-01T12:13:29Z,"[{'id': 5777359281, 'qualifierId': 55, 'value': '400'}, {'id': 5777359285, 'qualifierId': 102, 'value': '51.4'}, {'id': 5777359293, 'qualifierId': 231, 'value': '46.9'}, {'id': 5777358797, 'qualifierId': 72}, {'id': 5777359289, 'qualifierId': 328}, {'id': 5777359277, 'qualifierId': 29}, {'id': 5777359291, 'qualifierId': 230, 'value': '98.6'}, {'id': 5785693731, 'qualifierId': 120}, {'id': 5777358529, 'qualifierId': 56, 'value': 'Center'}, {'id': 5777358527, 'qualifierId': 63}, {'id': 5777358795, 'qualifierId': 25}, {'id': 5777359287, 'qualifierId': 103, 'value': '45.8'}, {'id': 5777359279, 'qualifierId': 154}, {'id': 5777359275, 'qualifierId': 85}]",90bm7jsl7sjqiel7u2tv0vgq2,M. Matsukubo,,,North Carolina Courage,Home
2823752161,402,5,2,46,10,b4fbmos00gxtk8qnaqsm392p5,0,101.2,52.8,2025-06-22T00:42:05.873Z,2025-07-01T12:13:35Z,"[{'id': 5777358659, 'qualifierId': 346}, {'id': 5777359209, 'qualifierId': 233, 'value': '408'}, {'id': 5777358657, 'qualifierId': 56, 'value': 'Center'}]",90bm7jsl7sjqiel7u2tv0vgq2,M. Matsukubo,,,North Carolina Courage,Home
2823752243,408,5,2,46,10,c3v2ohfuzoqmc8ljm65hi80sj,1,-1.2,47.2,2025-06-22T00:42:05.873Z,2025-07-01T16:36:12Z,"[{'id': 5777359159, 'qualifierId': 56, 'value': 'Back'}, {'id': 5777359161, 'qualifierId': 346}, {'id': 5777359191, 'qualifierId': 233, 'value': '402'}]",95tl8tonvm6czhwzd6i5ep756,B. Olivieri,,,Houston Dash,Away
2823752467,409,1,2,46,49,c3v2ohfuzoqmc8ljm65hi80sj,1,4.1,50.3,2025-06-22T00:42:45.173Z,2025-07-01T12:14:17Z,"[{'id': 5777360359, 'qualifierId': 140, 'value': '23.9'}, {'id': 5777360435, 'qualifierId': 189}, {'id': 5777360355, 'qualifierId': 124}, {'id': 5777360361, 'qualifierId': 141, 'value': '65.7'}, {'id': 5777360365, 'qualifierId': 213, 'value': '0.47'}, {'id': 5777360369, 'qualifierId': 237}, {'id': 5777360357, 'qualifierId': 56, 'value': 'Back'}, {'id': 5777360363, 'qualifierId': 212, 'value': '23.3'}]",53uflfknc5uus7iqw3obp5fx1,J. Campbell,,,Houston Dash,Away
2823752473,410,61,2,46,51,c3v2ohfuzoqmc8ljm65hi80sj,1,23.9,65.7,2025-06-22T00:42:46.853Z,2025-07-01T12:14:20Z,"[{'id': 5777360397, 'qualifierId': 189}, {'id': 5777360383, 'qualifierId': 56, 'value': 'Back'}]",8ruvr2jnsfdub02rdh8q88s89,P. Nielsen,,,Houston Dash,Away
2823752533,403,49,2,46,55,b4fbmos00gxtk8qnaqsm392p5,1,21.3,65.5,2025-06-22T00:42:50.697Z,2025-07-01T12:14:15Z,"[{'id': 5785693869, 'qualifierId': 189}]",1p3bwk03ay87hp2nwrl3tfxwq,K. Kurtz,,,North Carolina Courage,Home
2823752549,404,1,2,46,57,b4fbmos00gxtk8qnaqsm392p5,1,21.3,65.5,2025-06-22T00:42:52.888Z,2025-07-01T12:14:27Z,"[{'id': 5777360693, 'qualifierId': 140, 'value': '19.8'}, {'id': 5777360699, 'qualifierId': 213, 'value': '4.63'}, {'id': 5777360695, 'qualifierId': 141, 'value': '37.0'}, {'id': 5777360691, 'qualifierId': 56, 'value': 'Back'}, {'id': 5777360697, 'qualifierId': 212, 'value': '19.4'}]",1p3bwk03ay87hp2nwrl3tfxwq,K. Kurtz,,,North Carolina Courage,Home
2823752557,405,1,2,47,0,b4fbmos00gxtk8qnaqsm392p5,1,21.3,31.2,2025-06-22T00:42:56.079Z,2025-07-01T12:14:32Z,"[{'id': 5777360743, 'qualifierId': 212, 'value': '14.3'}, {'id': 5777360739, 'qualifierId': 140, 'value': '25.9'}, {'id': 5777360737, 'qualifierId': 56, 'value': 'Back'}, {'id': 5777360741, 'qualifierId': 141, 'value': '11.4'}, {'id': 5777360745, 'qualifierId': 213, 'value': '5.06'}]",cbco4ht0d7uk1thgam6vc0ep6,M. Bell,,,North Carolina Courage,Home
2823752565,406,3,2,47,3,b4fbmos00gxtk8qnaqsm392p5,0,26.2,10.8,2025-06-22T00:42:59.095Z,2025-06-24T13:38:19Z,"[{'id': 5777360763, 'qualifierId': 56, 'value': 'Back'}, {'id': 5777360765, 'qualifierId': 285}, {'id': 5777360913, 'qualifierId': 233, 'value': '411'}, {'id': 5779519857, 'qualifierId': 464}]",1x229gvjahkxp7w02bh0v36ga,R. Williams,,,North Carolina Courage,Home
2823752593,411,7,2,47,3,c3v2ohfuzoqmc8ljm65hi80sj,1,73.8,89.2,2025-06-22T00:42:59.096Z,2025-06-24T13:38:21Z,"[{'id': 5779519871, 'qualifierId': 385}, {'id': 5777360877, 'qualifierId': 56, 'value': 'Left'}, {'id': 5777360879, 'qualifierId': 286}, {'id': 5777360903, 'qualifierId': 233, 'value': '406'}, {'id': 5777360875, 'qualifierId': 167}]",n4egj8ymfled94mco0lwa95,C. Westphal,,,Houston Dash,Away
2823752599,407,5,2,47,5,b4fbmos00gxtk8qnaqsm392p5,1,17.0,-1.2,2025-06-22T00:43:00.664Z,2025-06-22T01:54:11Z,"[{'id': 5777360895, 'qualifierId': 347}, {'id': 5777361003, 'qualifierId': 233, 'value': '412'}, {'id': 5777360893, 'qualifierId': 56, 'value': 'Back'}]",1x229gvjahkxp7w02bh0v36ga,R. Williams,,,North Carolina Courage,Home
2823752619,412,5,2,47,5,c3v2ohfuzoqmc8ljm65hi80sj,0,83.0,101.2,2025-06-22T00:43:00.664Z,2025-06-22T01:54:12Z,"[{'id': 5777361009, 'qualifierId': 233, 'value': '407'}, {'id': 5777361001, 'qualifierId': 347}, {'id': 5777360999, 'qualifierId': 56, 'value': 'Left'}]",270qzf9ig52z04iu3ujnmstg4,R. Gareis,,,Houston Dash,Away
2823752729,408,1,2,47,13,b4fbmos00gxtk8qnaqsm392p5,1,15.6,0.0,2025-06-22T00:43:09.039Z,2025-07-01T12:15:13Z,"[{'id': 5777361547, 'qualifierId': 213, 'value': '0.22'}, {'id': 5777361883, 'qualifierId': 189}, {'id': 5777361539, 'qualifierId': 56, 'value': 'Back'}, {'id': 5777361541, 'qualifierId': 140, 'value': '22.4'}, {'id': 5777361545, 'qualifierId': 212, 'value': '7.3'}, {'id': 5777361543, 'qualifierId': 141, 'value': '0.4'}, {'id': 5777361537, 'qualifierId': 107}]",1x229gvjahkxp7w02bh0v36ga,R. Williams,,,North Carolina Courage,Home
2823752733,409,61,2,47,14,b4fbmos00gxtk8qnaqsm392p5,1,23.7,2.3,2025-06-22T00:43:09.936Z,2025-07-01T12:15:15Z,"[{'id': 5777361783, 'qualifierId': 189}, {'id': 5777361565, 'qualifierId': 56, 'value': 'Back'}]",7fk82cjz0z5vq2ts3vmz8has5,D. O'Sullivan,,,North Carolina Courage,Home
2823752723,413,61,2,47,15,c3v2ohfuzoqmc8ljm65hi80sj,1,76.3,97.1,2025-06-22T00:43:10.893Z,2025-07-01T12:15:16Z,"[{'id': 5777361491, 'qualifierId': 56, 'value': 'Left'}, {'id': 5777361511, 'qualifierId': 189}]",2sc4jlfmioa61d1vgpcz0pht6,D. Sheehan,,,Houston Dash,Away
2823752747,410,5,2,47,16,b4fbmos00gxtk8qnaqsm392p5,1,22.2,-1.7,2025-06-22T00:43:11.637Z,2025-07-01T12:15:18Z,"[{'id': 5777361633, 'qualifierId': 347}, {'id': 5777365541, 'qualifierId': 233, 'value': '414'}, {'id': 5777361631, 'qualifierId': 56, 'value': 'Back'}]",7fk82cjz0z5vq2ts3vmz8has5,D. O'Sullivan,,,North Carolina Courage,Home
2823752743,414,5,2,47,16,c3v2ohfuzoqmc8ljm65hi80sj,0,77.8,101.7,2025-06-22T00:43:11.637Z,2025-07-01T12:15:20Z,"[{'id': 5777365545, 'qualifierId': 233, 'value': '410'}, {'id': 5777361617, 'qualifierId': 347}, {'id': 5777361615, 'qualifierId': 56, 'value': 'Left'}]",2sc4jlfmioa61d1vgpcz0pht6,D. Sheehan,,,Houston Dash,Away
2823752813,411,1,2,47,22,b4fbmos00gxtk8qnaqsm392p5,0,25.0,0.0,2025-06-22T00:43:17.591Z,2025-07-01T12:15:30Z,"[{'id': 5777361917, 'qualifierId': 213, 'value': '0.38'}, {'id': 5777361913, 'qualifierId': 141, 'value': '6.2'}, {'id': 5777364973, 'qualifierId': 107}, {'id': 5777365299, 'qualifierId': 189}, {'id': 5777361909, 'qualifierId': 56, 'value': 'Back'}, {'id': 5777361911, 'qualifierId': 140, 'value': '37.2'}, {'id': 5777361915, 'qualifierId': 212, 'value': '13.8'}]",1x229gvjahkxp7w02bh0v36ga,R. Williams,,,North Carolina Courage,Home
2823752803,415,49,2,47,23,c3v2ohfuzoqmc8ljm65hi80sj,1,68.8,92.1,2025-06-22T00:43:19.436Z,2025-07-01T12:15:33Z,"[{'id': 5785694415, 'qualifierId': 189}]",270qzf9ig52z04iu3ujnmstg4,R. Gareis,,,Houston Dash,Away
2823752819,416,1,2,47,24,c3v2ohfuzoqmc8ljm65hi80sj,1,68.8,92.1,2025-06-22T00:43:19.637Z,2025-07-01T12:15:35Z,"[{'id': 5777361955, 'qualifierId': 141, 'value': '83.5'}, {'id': 5777361951, 'qualifierId': 56, 'value': 'Left'}, {'id': 5777361957, 'qualifierId': 212, 'value': '12.6'}, {'id': 5777361959, 'qualifierId': 213, 'value': '5.80'}, {'id': 5777361953, 'qualifierId': 140, 'value': '79.4'}]",270qzf9ig52z04iu3ujnmstg4,R. Gareis,,,Houston Dash,Away
2823752825,417,1,2,47,26,c3v2ohfuzoqmc8ljm65hi80sj,1,79.4,83.5,2025-06-22T00:43:22.516Z,2025-07-01T12:15:48Z,"[{'id': 5777361983, 'qualifierId': 140, 'value': '69.0'}, {'id': 5777361981, 'qualifierId': 56, 'value': 'Left'}, {'id': 5777361985, 'qualifierId': 141, 'value': '87.1'}, {'id': 5777361987, 'qualifierId': 212, 'value': '11.2'}, {'id': 5777361989, 'qualifierId': 213, 'value': '2.92'}]",1xgse8t4dm0decmpzebsphvfu,Y. Ryan,,,Houston Dash,Away
2823752835,418,1,2,47,28,c3v2ohfuzoqmc8ljm65hi80sj,0,69.0,86.9,2025-06-22T00:43:24.101Z,2025-06-22T00:43:24Z,"[{'id': 5777362045, 'qualifierId': 212, 'value': '17.7'}, {'id': 5777362041, 'qualifierId': 140, 'value': '85.9'}, {'id': 5777362047, 'qualifierId': 213, 'value': '6.27'}, {'id': 5777362039, 'qualifierId': 56, 'value': 'Left'}, {'id': 5777362043, 'qualifierId': 141, 'value': '86.5'}]",6089nfwh31ha73pl7vlla75cl,S. Puntigam,,,Houston Dash,Away
2823752849,412,61,2,47,29,b4fbmos00gxtk8qnaqsm392p5,0,11.6,9.1,2025-06-22T00:43:24.744Z,2025-07-01T12:17:29Z,"[{'id': 5777362139, 'qualifierId': 56, 'value': 'Back'}]",cbco4ht0d7uk1thgam6vc0ep6,M. Bell,,,North Carolina Courage,Home
2823752875,419,3,2,47,30,c3v2ohfuzoqmc8ljm65hi80sj,0,84.2,93.3,2025-06-22T00:43:25.973Z,2025-07-01T12:17:30Z,"[{'id': 5777362271, 'qualifierId': 56, 'value': 'Left'}, {'id': 5779520057, 'qualifierId': 464}, {'id': 5777362273, 'qualifierId': 286}, {'id': 5777362287, 'qualifierId': 211}]",270qzf9ig52z04iu3ujnmstg4,R. Gareis,,,Houston Dash,Away
2823752883,413,12,2,47,31,b4fbmos00gxtk8qnaqsm392p5,1,10.6,10.4,2025-06-22T00:43:27.160Z,2025-07-01T12:17:31Z,"[{'id': 5777362343, 'qualifierId': 56, 'value': 'Back'}, {'id': 5777362345, 'qualifierId': 140, 'value': '38.2'}, {'id': 5777362349, 'qualifierId': 212, 'value': '30.1'}, {'id': 5777362351, 'qualifierId': 213, 'value': '6.01'}, {'id': 5777362387, 'qualifierId': 167}, {'id': 5777362347, 'qualifierId': 141, 'value': '0.0'}]",1x229gvjahkxp7w02bh0v36ga,R. Williams,,,North Carolina Courage,Home
2823752887,414,5,2,47,32,b4fbmos00gxtk8qnaqsm392p5,0,36.8,-1.3,2025-06-22T00:43:28.249Z,2025-07-01T12:17:34Z,"[{'id': 5777362359, 'qualifierId': 56, 'value': 'Back'}, {'id': 5777362361, 'qualifierId': 347}, {'id': 5777363121, 'qualifierId': 233, 'value': '420'}]",cbco4ht0d7uk1thgam6vc0ep6,M. Bell,,,North Carolina Courage,Home
2823753027,420,5,2,47,32,c3v2ohfuzoqmc8ljm65hi80sj,1,63.2,101.3,2025-06-22T00:43:28.249Z,2025-07-01T12:17:36Z,"[{'id': 5777363103, 'qualifierId': 347}, {'id': 5777363101, 'qualifierId': 56, 'value': 'Left'}, {'id': 5777363117, 'qualifierId': 233, 'value': '414'}]",270qzf9ig52z04iu3ujnmstg4,R. Gareis,,,Houston Dash,Away
2823753075,421,1,2,47,47,c3v2ohfuzoqmc8ljm65hi80sj,1,66.2,100.0,2025-06-22T00:43:42.996Z,2025-06-24T13:42:29Z,"[{'id': 5777363319, 'qualifierId': 141, 'value': '95.0'}, {'id': 5777363315, 'qualifierId': 56, 'value': 'Left'}, {'id': 5777363313, 'qualifierId': 107}, {'id': 5777363317, 'qualifierId': 140, 'value': '75.2'}, {'id': 5777363321, 'qualifierId': 212, 'value': '10.6'}, {'id': 5777363323, 'qualifierId': 213, 'value': '5.82'}]",n4egj8ymfled94mco0lwa95,C. Westphal,,,Houston Dash,Away
2823753089,422,1,2,47,48,c3v2ohfuzoqmc8ljm65hi80sj,1,75.2,95.0,2025-06-22T00:43:43.717Z,2025-07-01T12:18:46Z,"[{'id': 5777363405, 'qualifierId': 140, 'value': '67.4'}, {'id': 5777363409, 'qualifierId': 212, 'value': '8.2'}, {'id': 5777363411, 'qualifierId': 213, 'value': '3.08'}, {'id': 5777363407, 'qualifierId': 141, 'value': '95.7'}, {'id': 5777363403, 'qualifierId': 56, 'value': 'Left'}]",2sc4jlfmioa61d1vgpcz0pht6,D. Sheehan,,,Houston Dash,Away
2823753097,423,1,2,47,50,c3v2ohfuzoqmc8ljm65hi80sj,0,67.5,95.9,2025-06-22T00:43:46.301Z,2025-07-01T12:19:48Z,"[{'id': 5777363451, 'qualifierId': 140, 'value': '78.1'}, {'id': 5777363455, 'qualifierId': 212, 'value': '19.3'}, {'id': 5777363457, 'qualifierId': 213, 'value': '5.33'}, {'id': 5777363453, 'qualifierId': 141, 'value': '72.8'}, {'id': 5777363449, 'qualifierId': 56, 'value': 'Center'}, {'id': 5777363447, 'qualifierId': 155}]",n4egj8ymfled94mco0lwa95,C. Westphal,,,Houston Dash,Away
2823753137,415,44,2,47,51,b4fbmos00gxtk8qnaqsm392p5,1,21.6,27.4,2025-06-22T00:43:47.275Z,2025-07-01T12:19:53Z,"[{'id': 5777363695, 'qualifierId': 56, 'value': 'Back'}, {'id': 5777363697, 'qualifierId': 285}, {'id': 5777363709, 'qualifierId': 233, 'value': '424'}]",1p3bwk03ay87hp2nwrl3tfxwq,K. Kurtz,,,North Carolina Courage,Home
2823753109,424,44,2,47,51,c3v2ohfuzoqmc8ljm65hi80sj,0,78.4,72.6,2025-06-22T00:43:47.276Z,2025-07-01T12:19:55Z,"[{'id': 5777363533, 'qualifierId': 56, 'value': 'Center'}, {'id': 5777363727, 'qualifierId': 233, 'value': '415'}, {'id': 5777363535, 'qualifierId': 286}]",1xgse8t4dm0decmpzebsphvfu,Y. Ryan,,,Houston Dash,Away
2824136739,838,8,2,47,52,b4fbmos00gxtk8qnaqsm392p5,1,22.6,27.4,2025-06-22T00:43:48.466Z,2025-07-01T12:19:58Z,"[{'id': 5779521693, 'qualifierId': 15}, {'id': 5779521683, 'qualifierId': 385}, {'id': 5779521675, 'qualifierId': 56, 'value': 'Back'}]",1p3bwk03ay87hp2nwrl3tfxwq,K. Kurtz,,,North Carolina Courage,Home
2824136755,785,61,2,47,53,c3v2ohfuzoqmc8ljm65hi80sj,1,76.2,72.0,2025-06-22T00:43:48.920Z,2025-07-01T12:20:03Z,"[{'id': 5779521761, 'qualifierId': 56, 'value': 'Center'}]",1xgse8t4dm0decmpzebsphvfu,Y. Ryan,,,Houston Dash,Away
2824136773,839,12,2,47,54,b4fbmos00gxtk8qnaqsm392p5,1,20.9,34.2,2025-06-22T00:43:50.419Z,2025-07-01T12:20:17Z,"[{'id': 5779521857, 'qualifierId': 140, 'value': '37.0'}, {'id': 5779521863, 'qualifierId': 213, 'value': '5.71'}, {'id': 5779521859, 'qualifierId': 141, 'value': '18.0'}, {'id': 5779521855, 'qualifierId': 56, 'value': 'Back'}, {'id': 5779521861, 'qualifierId': 212, 'value': '20.2'}]",cqpdeqi0psfadqsgejcvdqqne,M. Berkely,,,North Carolina Courage,Home
2823753161,425,50,2,47,58,c3v2ohfuzoqmc8ljm65hi80sj,1,66.9,71.0,2025-06-22T00:43:54.333Z,2025-07-01T14:03:26Z,"[{'id': 5777363767, 'qualifierId': 56, 'value': 'Center'}, {'id': 5785695463, 'qualifierId': 286}, {'id': 5785722641, 'qualifierId': 233, 'value': '857'}]",n4egj8ymfled94mco0lwa95,C. Westphal,,,Houston Dash,Away
2825238941,857,7,2,47,58,b4fbmos00gxtk8qnaqsm392p5,1,33.1,29.0,2025-06-22T00:43:54.334Z,2025-07-01T14:03:25Z,"[{'id': 5785695441, 'qualifierId': 56, 'value': 'Back'}, {'id': 5785722633, 'qualifierId': 285}, {'id': 5785722637, 'qualifierId': 233, 'value': '425'}, {'id': 5785722635, 'qualifierId': 383}]",7fk82cjz0z5vq2ts3vmz8has5,D. O'Sullivan,,,North Carolina Courage,Home
2823753181,417,49,2,48,0,b4fbmos00gxtk8qnaqsm392p5,1,35.1,38.8,2025-06-22T00:43:55.871Z,2025-06-22T00:43:56Z,[],7fk82cjz0z5vq2ts3vmz8has5,D. O'Sullivan,,,North Carolina Courage,Home
2823753199,418,1,2,48,1,b4fbmos00gxtk8qnaqsm392p5,0,36.5,29.8,2025-06-22T00:43:57.439Z,2025-06-22T00:44:02Z,"[{'id': 5777363989, 'qualifierId': 140, 'value': '36.6'}, {'id': 5777363993, 'qualifierId': 212, 'value': '0.9'}, {'id': 5777364237, 'qualifierId': 286}, {'id': 5777363991, 'qualifierId': 141, 'value': '28.5'}, {'id': 5777363995, 'qualifierId': 213, 'value': '4.83'}, {'id': 5777363987, 'qualifierId': 56, 'value': 'Back'}, {'id': 5777364233, 'qualifierId': 233, 'value': '426'}, {'id': 5777364231, 'qualifierId': 236}]",7fk82cjz0z5vq2ts3vmz8has5,D. O'Sullivan,,,North Carolina Courage,Home
2823753235,426,74,2,48,1,c3v2ohfuzoqmc8ljm65hi80sj,1,71.2,70.6,2025-06-22T00:43:57.440Z,2025-06-22T01:43:28Z,"[{'id': 5777364251, 'qualifierId': 233, 'value': '418'}, {'id': 5777364229, 'qualifierId': 285}, {'id': 5777364227, 'qualifierId': 56, 'value': 'Center'}]",95tl8tonvm6czhwzd6i5ep756,B. Olivieri,,,Houston Dash,Away
2825243101,806,49,2,48,4,c3v2ohfuzoqmc8ljm65hi80sj,1,67.9,82.7,2025-06-22T00:43:59.669Z,2025-07-01T13:58:53Z,[],270qzf9ig52z04iu3ujnmstg4,R. Gareis,,,Houston Dash,Away
2823753267,427,1,2,48,6,c3v2ohfuzoqmc8ljm65hi80sj,1,73.8,72.8,2025-06-22T00:44:01.629Z,2025-07-01T13:59:30Z,"[{'id': 5777364417, 'qualifierId': 212, 'value': '10.7'}, {'id': 5777364419, 'qualifierId': 213, 'value': '0.15'}, {'id': 5777364415, 'qualifierId': 141, 'value': '75.2'}, {'id': 5777364411, 'qualifierId': 56, 'value': 'Center'}, {'id': 5777364413, 'qualifierId': 140, 'value': '83.9'}]",270qzf9ig52z04iu3ujnmstg4,R. Gareis,,,Houston Dash,Away
2823753305,428,1,2,48,9,c3v2ohfuzoqmc8ljm65hi80sj,1,81.6,74.8,2025-06-22T00:44:05.356Z,2025-07-01T14:01:43Z,"[{'id': 5777364617, 'qualifierId': 213, 'value': '4.22'}, {'id': 5777364609, 'qualifierId': 56, 'value': 'Center'}, {'id': 5777364611, 'qualifierId': 140, 'value': '79.3'}, {'id': 5777364615, 'qualifierId': 212, 'value': '5.2'}, {'id': 5777364613, 'qualifierId': 141, 'value': '68.1'}]",95tl8tonvm6czhwzd6i5ep756,B. Olivieri,,,Houston Dash,Away
2824136877,786,50,2,48,10,c3v2ohfuzoqmc8ljm65hi80sj,1,78.2,68.9,2025-06-22T00:44:05.919Z,2025-07-01T14:01:49Z,"[{'id': 5779522571, 'qualifierId': 56, 'value': 'Center'}, {'id': 5779536195, 'qualifierId': 233, 'value': '419'}, {'id': 5779522573, 'qualifierId': 286}]",270qzf9ig52z04iu3ujnmstg4,R. Gareis,,,Houston Dash,Away
2823753275,419,7,2,48,10,b4fbmos00gxtk8qnaqsm392p5,0,21.8,31.1,2025-06-22T00:44:05.920Z,2025-07-01T14:01:51Z,"[{'id': 5779536181, 'qualifierId': 233, 'value': '786'}, {'id': 5779522635, 'qualifierId': 383}, {'id': 5777364469, 'qualifierId': 56, 'value': 'Back'}, {'id': 5779522511, 'qualifierId': 285}]",7fk82cjz0z5vq2ts3vmz8has5,D. O'Sullivan,,,North Carolina Courage,Home
2825243207,858,50,2,48,11,b4fbmos00gxtk8qnaqsm392p5,1,22.9,29.8,2025-06-22T00:44:06.917Z,2025-07-01T14:03:26Z,"[{'id': 5785722065, 'qualifierId': 285}, {'id': 5785722063, 'qualifierId': 56, 'value': 'Back'}, {'id': 5785722649, 'qualifierId': 233, 'value': '787'}]",7fk82cjz0z5vq2ts3vmz8has5,D. O'Sullivan,,,North Carolina Courage,Home
2824136901,787,7,2,48,11,c3v2ohfuzoqmc8ljm65hi80sj,0,77.1,70.2,2025-06-22T00:44:06.918Z,2025-07-01T14:03:26Z,"[{'id': 5785722645, 'qualifierId': 233, 'value': '858'}, {'id': 5779522717, 'qualifierId': 56, 'value': 'Center'}, {'id': 5785721895, 'qualifierId': 286}, {'id': 5785722223, 'qualifierId': 383}]",95tl8tonvm6czhwzd6i5ep756,B. Olivieri,,,Houston Dash,Away
2823753313,429,43,2,48,11,c3v2ohfuzoqmc8ljm65hi80sj,1,0.0,0.0,2025-06-22T00:44:07.380Z,2025-06-24T13:50:39Z,"[{'id': 5779522541, 'qualifierId': 144, 'value': '61'}, {'id': 5777364653, 'qualifierId': 56, 'value': 'Center'}]",n4egj8ymfled94mco0lwa95,C. Westphal,,,Houston Dash,Away
2825243245,859,61,2,48,12,b4fbmos00gxtk8qnaqsm392p5,1,21.5,32.6,2025-06-22T00:44:07.840Z,2025-07-01T14:02:18Z,"[{'id': 5785722305, 'qualifierId': 56, 'value': 'Back'}]",7fk82cjz0z5vq2ts3vmz8has5,D. O'Sullivan,,,North Carolina Courage,Home
2823753321,420,1,2,48,13,b4fbmos00gxtk8qnaqsm392p5,0,22.8,32.5,2025-06-22T00:44:08.696Z,2025-07-01T14:04:27Z,"[{'id': 5777364689, 'qualifierId': 157}, {'id': 5777364693, 'qualifierId': 140, 'value': '36.8'}, {'id': 5777364699, 'qualifierId': 213, 'value': '0.98'}, {'id': 5777364691, 'qualifierId': 56, 'value': 'Back'}, {'id': 5777364695, 'qualifierId': 141, 'value': '64.6'}, {'id': 5777364697, 'qualifierId': 212, 'value': '26.3'}, {'id': 5777364701, 'qualifierId': 1}]",bxj6bpjfxkumj112yoco9wahg,R. Jackson,,,North Carolina Courage,Home
2823753331,430,43,2,48,16,c3v2ohfuzoqmc8ljm65hi80sj,1,0.0,0.0,2025-06-22T00:44:12.068Z,2025-06-24T13:51:44Z,"[{'id': 5779522759, 'qualifierId': 144, 'value': '49'}]",edwr7f7jwnxm1plk91fx8hfro,M. Alozie,,,Houston Dash,Away
2823753371,431,1,2,48,18,c3v2ohfuzoqmc8ljm65hi80sj,1,63.6,43.0,2025-06-22T00:44:13.820Z,2025-06-22T00:44:15Z,"[{'id': 5777364959, 'qualifierId': 212, 'value': '18.0'}, {'id': 5777364955, 'qualifierId': 140, 'value': '51.4'}, {'id': 5777364953, 'qualifierId': 56, 'value': 'Center'}, {'id': 5777364957, 'qualifierId': 141, 'value': '61.7'}, {'id': 5777364961, 'qualifierId': 213, 'value': '2.36'}]",edwr7f7jwnxm1plk91fx8hfro,M. Alozie,,,Houston Dash,Away
2823753399,432,1,2,48,19,c3v2ohfuzoqmc8ljm65hi80sj,1,52.1,61.7,2025-06-22T00:44:15.517Z,2025-06-22T00:44:18Z,"[{'id': 5777365147, 'qualifierId': 213, 'value': '0.73'}, {'id': 5777365139, 'qualifierId': 56, 'value': 'Left'}, {'id': 5777365145, 'qualifierId': 212, 'value': '27.3'}, {'id': 5777365141, 'qualifierId': 140, 'value': '71.5'}, {'id': 5777365143, 'qualifierId': 141, 'value': '88.4'}]",8ruvr2jnsfdub02rdh8q88s89,P. Nielsen,,,Houston Dash,Away
2823753425,433,1,2,48,23,c3v2ohfuzoqmc8ljm65hi80sj,1,70.6,88.4,2025-06-22T00:44:18.804Z,2025-06-22T00:44:21Z,"[{'id': 5777365323, 'qualifierId': 141, 'value': '75.6'}, {'id': 5777365321, 'qualifierId': 140, 'value': '70.0'}, {'id': 5777365325, 'qualifierId': 212, 'value': '8.7'}, {'id': 5777365319, 'qualifierId': 56, 'value': 'Center'}, {'id': 5777365327, 'qualifierId': 213, 'value': '4.64'}]",n4egj8ymfled94mco0lwa95,C. Westphal,,,Houston Dash,Away
2823753463,434,1,2,48,25,c3v2ohfuzoqmc8ljm65hi80sj,1,69.7,76.3,2025-06-22T00:44:21.173Z,2025-06-22T00:44:24Z,"[{'id': 5777365537, 'qualifierId': 213, 'value': '2.97'}, {'id': 5777365535, 'qualifierId': 212, 'value': '24.2'}, {'id': 5777365531, 'qualifierId': 140, 'value': '47.0'}, {'id': 5777365533, 'qualifierId': 141, 'value': '82.3'}, {'id': 5777365529, 'qualifierId': 56, 'value': 'Back'}]",2sc4jlfmioa61d1vgpcz0pht6,D. Sheehan,,,Houston Dash,Away
2823753481,435,1,2,48,28,c3v2ohfuzoqmc8ljm65hi80sj,1,62.3,83.6,2025-06-22T00:44:24.285Z,2025-07-01T14:04:48Z,"[{'id': 5777365615, 'qualifierId': 56, 'value': 'Left'}, {'id': 5777365619, 'qualifierId': 141, 'value': '96.1'}, {'id': 5777365623, 'qualifierId': 213, 'value': '1.57'}, {'id': 5777365621, 'qualifierId': 212, 'value': '8.5'}, {'id': 5777365617, 'qualifierId': 140, 'value': '62.3'}]",8ruvr2jnsfdub02rdh8q88s89,P. Nielsen,,,Houston Dash,Away
2823753507,436,1,2,48,30,c3v2ohfuzoqmc8ljm65hi80sj,0,62.7,96.5,2025-06-22T00:44:26.164Z,2025-06-22T00:44:28Z,"[{'id': 5777365787, 'qualifierId': 213, 'value': '6.04'}, {'id': 5777365785, 'qualifierId': 212, 'value': '15.9'}, {'id': 5777365781, 'qualifierId': 140, 'value': '77.4'}, {'id': 5777365779, 'qualifierId': 56, 'value': 'Left'}, {'id': 5777365783, 'qualifierId': 141, 'value': '90.9'}]",n4egj8ymfled94mco0lwa95,C. Westphal,,,Houston Dash,Away
2823753511,421,61,2,48,31,b4fbmos00gxtk8qnaqsm392p5,1,26.6,6.1,2025-06-22T00:44:27.161Z,2025-07-01T14:05:14Z,"[{'id': 5777365811, 'qualifierId': 56, 'value': 'Back'}]",1x229gvjahkxp7w02bh0v36ga,R. Williams,,,North Carolina Courage,Home
2823753579,437,1,2,48,32,c3v2ohfuzoqmc8ljm65hi80sj,1,72.0,85.4,2025-06-22T00:44:28.197Z,2025-07-01T14:05:16Z,"[{'id': 5777366173, 'qualifierId': 140, 'value': '74.8'}, {'id': 5777366175, 'qualifierId': 141, 'value': '90.6'}, {'id': 5777366171, 'qualifierId': 56, 'value': 'Left'}, {'id': 5777366177, 'qualifierId': 212, 'value': '4.6'}, {'id': 5777366179, 'qualifierId': 213, 'value': '0.88'}]",6089nfwh31ha73pl7vlla75cl,S. Puntigam,,,Houston Dash,Away
2823753585,438,50,2,48,41,c3v2ohfuzoqmc8ljm65hi80sj,1,84.8,48.3,2025-06-22T00:44:37.383Z,2025-07-01T16:36:09Z,"[{'id': 5785771229, 'qualifierId': 233, 'value': '422'}, {'id': 5785723155, 'qualifierId': 286}, {'id': 5777366207, 'qualifierId': 56, 'value': 'Center'}]",2sc4jlfmioa61d1vgpcz0pht6,D. Sheehan,,,Houston Dash,Away
2823753593,422,7,2,48,41,b4fbmos00gxtk8qnaqsm392p5,0,15.2,51.7,2025-06-22T00:44:37.384Z,2025-07-01T16:36:09Z,"[{'id': 5785723225, 'qualifierId': 383}, {'id': 5785771221, 'qualifierId': 233, 'value': '438'}, {'id': 5785723227, 'qualifierId': 178}, {'id': 5785723183, 'qualifierId': 285}, {'id': 5777366241, 'qualifierId': 56, 'value': 'Back'}]",1p3bwk03ay87hp2nwrl3tfxwq,K. Kurtz,,,North Carolina Courage,Home
2824136971,840,51,2,48,42,b4fbmos00gxtk8qnaqsm392p5,1,13.5,52.7,2025-06-22T00:44:38.420Z,2025-07-01T14:06:16Z,"[{'id': 5779523045, 'qualifierId': 169, 'value': '439'}]",1p3bwk03ay87hp2nwrl3tfxwq,K. Kurtz,,,North Carolina Courage,Home
2823753629,439,15,2,48,43,c3v2ohfuzoqmc8ljm65hi80sj,1,86.8,49.1,2025-06-22T00:44:39.148Z,2025-07-01T14:07:50Z,"[{'id': 5777367761, 'qualifierId': 233, 'value': '423'}, {'id': 5777367475, 'qualifierId': 102, 'value': '49.0'}, {'id': 5777367479, 'qualifierId': 328}, {'id': 5777367473, 'qualifierId': 78}, {'id': 5779523051, 'qualifierId': 468, 'value': '840'}, {'id': 5777366405, 'qualifierId': 56, 'value': 'Center'}, {'id': 5777366401, 'qualifierId': 22}, {'id': 5777366403, 'qualifierId': 17}, {'id': 5777367477, 'qualifierId': 103, 'value': '5.7'}, {'id': 5777367483, 'qualifierId': 146, 'value': '98.4'}, {'id': 5777366909, 'qualifierId': 72}, {'id': 5777367481, 'qualifierId': 458}, {'id': 5777367485, 'qualifierId': 147, 'value': '48.0'}]",1xgse8t4dm0decmpzebsphvfu,Y. Ryan,,,Houston Dash,Away
2823753607,423,10,2,48,43,b4fbmos00gxtk8qnaqsm392p5,1,1.5,51.9,2025-06-22T00:44:39.248Z,2025-07-01T14:08:25Z,"[{'id': 5777367747, 'qualifierId': 179}, {'id': 5779523057, 'qualifierId': 376}, {'id': 5777366313, 'qualifierId': 56, 'value': 'Back'}, {'id': 5785723645, 'qualifierId': 173}, {'id': 5777367769, 'qualifierId': 233, 'value': '439'}, {'id': 5777366311, 'qualifierId': 182}]",3qj9t05behkav9okd8n2wywh5,C. Murphy,,,North Carolina Courage,Home
2823753645,424,12,2,48,46,b4fbmos00gxtk8qnaqsm392p5,1,8.3,23.5,2025-06-22T00:44:42.264Z,2025-06-22T00:44:50Z,"[{'id': 5777366513, 'qualifierId': 141, 'value': '0.9'}, {'id': 5777366517, 'qualifierId': 213, 'value': '4.23'}, {'id': 5777366511, 'qualifierId': 140, 'value': '0.6'}, {'id': 5777366509, 'qualifierId': 56, 'value': 'Back'}, {'id': 5777366515, 'qualifierId': 212, 'value': '17.4'}]",1x229gvjahkxp7w02bh0v36ga,R. Williams,,,North Carolina Courage,Home
2823753655,425,43,2,48,47,b4fbmos00gxtk8qnaqsm392p5,1,0.0,0.0,2025-06-22T00:44:42.952Z,2025-06-22T00:44:46Z,"[{'id': 5777366561, 'qualifierId': 347, 'value': '0'}, {'id': 5777366775, 'qualifierId': 144, 'value': '5'}, {'id': 5777366559, 'qualifierId': 56, 'value': 'Back'}]",1x229gvjahkxp7w02bh0v36ga,R. Williams,,,North Carolina Courage,Home
2823753733,426,81,2,48,48,b4fbmos00gxtk8qnaqsm392p5,0,0.6,0.8,2025-06-22T00:44:44.263Z,2025-06-22T00:45:14Z,"[{'id': 5777366993, 'qualifierId': 380}]",,,,,North Carolina Courage,Home
2823753745,427,6,2,48,49,b4fbmos00gxtk8qnaqsm392p5,0,9.6,17.6,2025-06-22T00:44:44.725Z,2025-07-01T14:08:37Z,"[{'id': 5777367107, 'qualifierId': 73}, {'id': 5777367105, 'qualifierId': 56, 'value': 'Back'}, {'id': 5777367415, 'qualifierId': 233, 'value': '440'}]",1x229gvjahkxp7w02bh0v36ga,R. Williams,,,North Carolina Courage,Home
2823753683,440,6,2,48,49,c3v2ohfuzoqmc8ljm65hi80sj,1,90.4,82.4,2025-06-22T00:44:44.725Z,2025-07-01T15:54:15Z,"[{'id': 5777366823, 'qualifierId': 56, 'value': 'Left'}, {'id': 5777367401, 'qualifierId': 233, 'value': '427'}, {'id': 5777366825, 'qualifierId': 73}]",1xgse8t4dm0decmpzebsphvfu,Y. Ryan,,,Houston Dash,Away
2823753913,441,1,2,49,20,c3v2ohfuzoqmc8ljm65hi80sj,0,99.5,99.5,2025-06-22T00:45:15.885Z,2025-06-24T13:53:47Z,"[{'id': 5777368217, 'qualifierId': 140, 'value': '87.3'}, {'id': 5777368221, 'qualifierId': 212, 'value': '31.6'}, {'id': 5777368207, 'qualifierId': 2}, {'id': 5777368223, 'qualifierId': 213, 'value': '4.30'}, {'id': 5777368219, 'qualifierId': 141, 'value': '57.0'}, {'id': 5777368209, 'qualifierId': 6}, {'id': 5777368211, 'qualifierId': 155}, {'id': 5777368215, 'qualifierId': 56, 'value': 'Center'}, {'id': 5779523145, 'qualifierId': 72}, {'id': 5777368213, 'qualifierId': 223}]",95tl8tonvm6czhwzd6i5ep756,B. Olivieri,,,Houston Dash,Away
2823753939,428,12,2,49,23,b4fbmos00gxtk8qnaqsm392p5,1,11.5,43.6,2025-06-22T00:45:18.879Z,2025-06-22T00:45:20Z,"[{'id': 5777368371, 'qualifierId': 140, 'value': '25.4'}, {'id': 5777368369, 'qualifierId': 56, 'value': 'Back'}, {'id': 5777368375, 'qualifierId': 212, 'value': '21.4'}, {'id': 5777368377, 'qualifierId': 213, 'value': '5.46'}, {'id': 5777368391, 'qualifierId': 15}, {'id': 5777368373, 'qualifierId': 141, 'value': '20.6'}]",1p3bwk03ay87hp2nwrl3tfxwq,K. Kurtz,,,North Carolina Courage,Home
2823754001,442,44,2,49,25,c3v2ohfuzoqmc8ljm65hi80sj,1,76.2,75.0,2025-06-22T00:45:20.653Z,2025-07-01T14:09:36Z,"[{'id': 5777368677, 'qualifierId': 56, 'value': 'Center'}, {'id': 5777368679, 'qualifierId': 286}, {'id': 5777368681, 'qualifierId': 233, 'value': '429'}]",270qzf9ig52z04iu3ujnmstg4,R. Gareis,,,Houston Dash,Away
2823753991,429,44,2,49,25,b4fbmos00gxtk8qnaqsm392p5,0,23.8,25.0,2025-06-22T00:45:20.654Z,2025-07-01T14:09:38Z,"[{'id': 5777368611, 'qualifierId': 56, 'value': 'Back'}, {'id': 5777368687, 'qualifierId': 233, 'value': '442'}, {'id': 5777368613, 'qualifierId': 285}]",90bm7jsl7sjqiel7u2tv0vgq2,M. Matsukubo,,,North Carolina Courage,Home
2823754009,443,1,2,49,25,c3v2ohfuzoqmc8ljm65hi80sj,1,77.6,77.5,2025-06-22T00:45:21.228Z,2025-07-01T14:09:40Z,"[{'id': 5777368731, 'qualifierId': 140, 'value': '65.4'}, {'id': 5777368735, 'qualifierId': 212, 'value': '14.2'}, {'id': 5777368729, 'qualifierId': 56, 'value': 'Left'}, {'id': 5777368733, 'qualifierId': 141, 'value': '86.6'}, {'id': 5777368737, 'qualifierId': 213, 'value': '2.69'}, {'id': 5777368727, 'qualifierId': 3}]",270qzf9ig52z04iu3ujnmstg4,R. Gareis,,,Houston Dash,Away
2823754043,444,1,2,49,32,c3v2ohfuzoqmc8ljm65hi80sj,1,66.4,91.1,2025-06-22T00:45:27.708Z,2025-06-22T00:45:31Z,"[{'id': 5777368895, 'qualifierId': 213, 'value': '0.09'}, {'id': 5777368891, 'qualifierId': 141, 'value': '93.6'}, {'id': 5777368889, 'qualifierId': 140, 'value': '84.9'}, {'id': 5777368887, 'qualifierId': 56, 'value': 'Left'}, {'id': 5777368893, 'qualifierId': 212, 'value': '19.5'}]",n4egj8ymfled94mco0lwa95,C. Westphal,,,Houston Dash,Away
2823754047,445,61,2,49,33,c3v2ohfuzoqmc8ljm65hi80sj,0,84.9,93.6,2025-06-22T00:45:29.020Z,2025-06-22T01:48:57Z,"[{'id': 5777368905, 'qualifierId': 56, 'value': 'Left'}]",95tl8tonvm6czhwzd6i5ep756,B. Olivieri,,,Houston Dash,Away
2823754039,430,5,2,49,34,b4fbmos00gxtk8qnaqsm392p5,1,16.3,-1.4,2025-06-22T00:45:29.687Z,2025-06-22T01:54:13Z,"[{'id': 5777368873, 'qualifierId': 56, 'value': 'Back'}, {'id': 5777368945, 'qualifierId': 233, 'value': '446'}, {'id': 5777368875, 'qualifierId': 347}]",90bm7jsl7sjqiel7u2tv0vgq2,M. Matsukubo,,,North Carolina Courage,Home
2823754053,446,5,2,49,34,c3v2ohfuzoqmc8ljm65hi80sj,0,83.7,101.4,2025-06-22T00:45:29.687Z,2025-06-22T01:54:13Z,"[{'id': 5777368923, 'qualifierId': 56, 'value': 'Left'}, {'id': 5777368949, 'qualifierId': 233, 'value': '430'}, {'id': 5777368925, 'qualifierId': 347}]",95tl8tonvm6czhwzd6i5ep756,B. Olivieri,,,Houston Dash,Away
2823754221,431,1,2,49,54,b4fbmos00gxtk8qnaqsm392p5,1,21.7,0.0,2025-06-22T00:45:49.878Z,2025-06-24T13:57:14Z,"[{'id': 5777369875, 'qualifierId': 107}, {'id': 5777369879, 'qualifierId': 56, 'value': 'Back'}, {'id': 5777369887, 'qualifierId': 213, 'value': '0.27'}, {'id': 5777369883, 'qualifierId': 141, 'value': '6.2'}, {'id': 5777369885, 'qualifierId': 212, 'value': '20.4'}, {'id': 5777369881, 'qualifierId': 140, 'value': '40.4'}]",1x229gvjahkxp7w02bh0v36ga,R. Williams,,,North Carolina Courage,Home
2823754223,432,1,2,49,55,b4fbmos00gxtk8qnaqsm392p5,0,38.5,9.9,2025-06-22T00:45:51.374Z,2025-07-01T14:12:13Z,"[{'id': 5785724061, 'qualifierId': 213, 'value': '3.11'}, {'id': 5785724063, 'qualifierId': 156}, {'id': 5785724057, 'qualifierId': 141, 'value': '10.1'}, {'id': 5777369891, 'qualifierId': 56, 'value': 'Back'}, {'id': 5785724055, 'qualifierId': 140, 'value': '33.9'}, {'id': 5785724059, 'qualifierId': 212, 'value': '4.8'}]",3ytdxf659yjtnml5zzpxl01k9,C. Vine,,,North Carolina Courage,Home
2823754279,447,8,2,49,56,c3v2ohfuzoqmc8ljm65hi80sj,1,66.7,91.6,2025-06-22T00:45:51.916Z,2025-07-01T14:12:15Z,"[{'id': 5777370177, 'qualifierId': 56, 'value': 'Left'}, {'id': 5785724103, 'qualifierId': 384}]",1c2boqmoi50esuelgdd96o06h,D. Colaprico,,,Houston Dash,Away
2823754285,448,1,2,49,58,c3v2ohfuzoqmc8ljm65hi80sj,0,68.7,99.5,2025-06-22T00:45:54.412Z,2025-07-01T14:12:37Z,"[{'id': 5777370207, 'qualifierId': 1}, {'id': 5777370201, 'qualifierId': 141, 'value': '44.8'}, {'id': 5777370205, 'qualifierId': 213, 'value': '5.03'}, {'id': 5777370199, 'qualifierId': 140, 'value': '80.5'}, {'id': 5777370197, 'qualifierId': 56, 'value': 'Center'}, {'id': 5777370203, 'qualifierId': 212, 'value': '39.2'}, {'id': 5779523855, 'qualifierId': 157}]",270qzf9ig52z04iu3ujnmstg4,R. Gareis,,,Houston Dash,Away
2823754319,433,43,2,50,5,b4fbmos00gxtk8qnaqsm392p5,1,0.0,0.0,2025-06-22T00:46:01.454Z,2025-06-22T00:46:09Z,"[{'id': 5777370893, 'qualifierId': 144, 'value': '49'}]",cqpdeqi0psfadqsgejcvdqqne,M. Berkely,,,North Carolina Courage,Home
2823754369,434,1,2,50,8,b4fbmos00gxtk8qnaqsm392p5,1,45.6,70.5,2025-06-22T00:46:04.414Z,2025-06-22T00:46:05Z,"[{'id': 5777370625, 'qualifierId': 56, 'value': 'Center'}, {'id': 5777370633, 'qualifierId': 213, 'value': '5.51'}, {'id': 5777370627, 'qualifierId': 140, 'value': '53.2'}, {'id': 5777370629, 'qualifierId': 141, 'value': '59.1'}, {'id': 5777370631, 'qualifierId': 212, 'value': '11.1'}]",cqpdeqi0psfadqsgejcvdqqne,M. Berkely,,,North Carolina Courage,Home
2823754435,435,1,2,50,10,b4fbmos00gxtk8qnaqsm392p5,1,53.0,60.6,2025-06-22T00:46:05.862Z,2025-06-22T00:46:11Z,"[{'id': 5777370933, 'qualifierId': 140, 'value': '44.9'}, {'id': 5777370937, 'qualifierId': 212, 'value': '13.5'}, {'id': 5777370939, 'qualifierId': 213, 'value': '2.25'}, {'id': 5777370931, 'qualifierId': 56, 'value': 'Back'}, {'id': 5777370935, 'qualifierId': 141, 'value': '76.1'}]",bxj6bpjfxkumj112yoco9wahg,R. Jackson,,,North Carolina Courage,Home
2823754449,436,1,2,50,15,b4fbmos00gxtk8qnaqsm392p5,1,43.5,76.6,2025-06-22T00:46:10.974Z,2025-06-22T00:46:12Z,"[{'id': 5777371017, 'qualifierId': 213, 'value': '0.61'}, {'id': 5777371009, 'qualifierId': 56, 'value': 'Left'}, {'id': 5777371011, 'qualifierId': 140, 'value': '60.2'}, {'id': 5777371015, 'qualifierId': 212, 'value': '21.5'}, {'id': 5777371013, 'qualifierId': 141, 'value': '94.8'}]",cqpdeqi0psfadqsgejcvdqqne,M. Berkely,,,North Carolina Courage,Home
2823754495,437,1,2,50,16,b4fbmos00gxtk8qnaqsm392p5,1,60.1,94.4,2025-06-22T00:46:12.246Z,2025-06-22T00:46:16Z,"[{'id': 5777371315, 'qualifierId': 140, 'value': '60.6'}, {'id': 5777371319, 'qualifierId': 212, 'value': '7.6'}, {'id': 5777371313, 'qualifierId': 56, 'value': 'Left'}, {'id': 5777371321, 'qualifierId': 213, 'value': '4.78'}, {'id': 5777371317, 'qualifierId': 141, 'value': '83.3'}]",8afwde4025w5wxddyf2ouoine,S. Koyama,,,North Carolina Courage,Home
2823754519,438,1,2,50,21,b4fbmos00gxtk8qnaqsm392p5,1,67.7,69.4,2025-06-22T00:46:16.734Z,2025-06-22T00:46:18Z,"[{'id': 5777371433, 'qualifierId': 140, 'value': '74.4'}, {'id': 5777371439, 'qualifierId': 213, 'value': '5.73'}, {'id': 5777371437, 'qualifierId': 212, 'value': '8.3'}, {'id': 5777371431, 'qualifierId': 56, 'value': 'Center'}, {'id': 5777371435, 'qualifierId': 141, 'value': '63.0'}]",bxj6bpjfxkumj112yoco9wahg,R. Jackson,,,North Carolina Courage,Home
2823754521,439,61,2,50,23,b4fbmos00gxtk8qnaqsm392p5,0,74.3,60.6,2025-06-22T00:46:18.598Z,2025-06-22T00:46:18Z,"[{'id': 5777371447, 'qualifierId': 56, 'value': 'Center'}]",8afwde4025w5wxddyf2ouoine,S. Koyama,,,North Carolina Courage,Home
2823754541,449,49,2,50,24,c3v2ohfuzoqmc8ljm65hi80sj,1,27.4,52.2,2025-06-22T00:46:20.404Z,2025-06-22T00:46:20Z,[],8co65x7tuvynuqvket8okb7xl,N. Jacobs,,,Houston Dash,Away
2823754551,450,1,2,50,25,c3v2ohfuzoqmc8ljm65hi80sj,1,27.4,52.2,2025-06-22T00:46:20.684Z,2025-06-22T00:46:22Z,"[{'id': 5777371603, 'qualifierId': 140, 'value': '36.7'}, {'id': 5777371605, 'qualifierId': 141, 'value': '53.6'}, {'id': 5777371601, 'qualifierId': 56, 'value': 'Back'}, {'id': 5777371609, 'qualifierId': 213, 'value': '0.10'}, {'id': 5777371607, 'qualifierId': 212, 'value': '9.8'}]",8co65x7tuvynuqvket8okb7xl,N. Jacobs,,,Houston Dash,Away
2823754557,451,1,2,50,26,c3v2ohfuzoqmc8ljm65hi80sj,1,36.0,53.9,2025-06-22T00:46:22.348Z,2025-06-22T00:46:23Z,"[{'id': 5777371639, 'qualifierId': 140, 'value': '41.0'}, {'id': 5777371637, 'qualifierId': 56, 'value': 'Back'}, {'id': 5777371643, 'qualifierId': 212, 'value': '8.4'}, {'id': 5777371645, 'qualifierId': 213, 'value': '5.38'}, {'id': 5777371641, 'qualifierId': 141, 'value': '44.2'}]",270qzf9ig52z04iu3ujnmstg4,R. Gareis,,,Houston Dash,Away
2823754559,452,61,2,50,27,c3v2ohfuzoqmc8ljm65hi80sj,0,41.0,44.2,2025-06-22T00:46:23.573Z,2025-06-22T00:46:23Z,"[{'id': 5777371649, 'qualifierId': 56, 'value': 'Back'}]",1xgse8t4dm0decmpzebsphvfu,Y. Ryan,,,Houston Dash,Away
2823754573,440,1,2,50,28,b4fbmos00gxtk8qnaqsm392p5,0,53.4,43.4,2025-06-22T00:46:24.126Z,2025-06-22T00:46:25Z,"[{'id': 5777371727, 'qualifierId': 56, 'value': 'Center'}, {'id': 5777371729, 'qualifierId': 140, 'value': '76.1'}, {'id': 5777371733, 'qualifierId': 212, 'value': '24.1'}, {'id': 5777371731, 'qualifierId': 141, 'value': '38.2'}, {'id': 5777371735, 'qualifierId': 213, 'value': '6.14'}]",1p3bwk03ay87hp2nwrl3tfxwq,K. Kurtz,,,North Carolina Courage,Home
2823754627,453,1,2,50,33,c3v2ohfuzoqmc8ljm65hi80sj,0,30.1,61.8,2025-06-22T00:46:29.004Z,2025-06-22T00:46:30Z,"[{'id': 5777372007, 'qualifierId': 212, 'value': '42.6'}, {'id': 5777372009, 'qualifierId': 213, 'value': '0.68'}, {'id': 5777372011, 'qualifierId': 1}, {'id': 5777372001, 'qualifierId': 56, 'value': 'Left'}, {'id': 5777372005, 'qualifierId': 141, 'value': '100.0'}, {'id': 5777371999, 'qualifierId': 155}, {'id': 5777372003, 'qualifierId': 140, 'value': '61.7'}]",n4egj8ymfled94mco0lwa95,C. Westphal,,,Houston Dash,Away
2823754653,441,5,2,50,35,b4fbmos00gxtk8qnaqsm392p5,1,38.8,-0.8,2025-06-22T00:46:30.722Z,2025-06-22T01:54:13Z,"[{'id': 5777372197, 'qualifierId': 233, 'value': '454'}, {'id': 5777372195, 'qualifierId': 347}, {'id': 5777372193, 'qualifierId': 56, 'value': 'Back'}]",1p3bwk03ay87hp2nwrl3tfxwq,K. Kurtz,,,North Carolina Courage,Home
2823754635,454,5,2,50,35,c3v2ohfuzoqmc8ljm65hi80sj,0,61.2,100.8,2025-06-22T00:46:30.722Z,2025-06-22T00:46:35Z,"[{'id': 5777372211, 'qualifierId': 233, 'value': '441'}, {'id': 5777372047, 'qualifierId': 56, 'value': 'Left'}, {'id': 5777372049, 'qualifierId': 347}]",n4egj8ymfled94mco0lwa95,C. Westphal,,,Houston Dash,Away
2823754677,442,1,2,50,41,b4fbmos00gxtk8qnaqsm392p5,1,38.7,0.0,2025-06-22T00:46:37.494Z,2025-06-22T00:46:38Z,"[{'id': 5777372357, 'qualifierId': 140, 'value': '41.7'}, {'id': 5777372363, 'qualifierId': 213, 'value': '1.05'}, {'id': 5777372361, 'qualifierId': 212, 'value': '6.3'}, {'id': 5777372355, 'qualifierId': 56, 'value': 'Back'}, {'id': 5777372359, 'qualifierId': 141, 'value': '6.7'}, {'id': 5777372353, 'qualifierId': 107}]",1x229gvjahkxp7w02bh0v36ga,R. Williams,,,North Carolina Courage,Home
2823754685,443,1,2,50,42,b4fbmos00gxtk8qnaqsm392p5,1,41.7,6.7,2025-06-22T00:46:38.358Z,2025-06-22T00:46:39Z,"[{'id': 5777372419, 'qualifierId': 212, 'value': '5.3'}, {'id': 5777372415, 'qualifierId': 140, 'value': '37.7'}, {'id': 5777372413, 'qualifierId': 56, 'value': 'Back'}, {'id': 5777372417, 'qualifierId': 141, 'value': '2.0'}, {'id': 5777372421, 'qualifierId': 213, 'value': '3.79'}]",7fk82cjz0z5vq2ts3vmz8has5,D. O'Sullivan,,,North Carolina Courage,Home
2823754691,444,1,2,50,44,b4fbmos00gxtk8qnaqsm392p5,0,40.7,2.9,2025-06-22T00:46:39.781Z,2025-06-22T00:46:41Z,"[{'id': 5777372477, 'qualifierId': 213, 'value': '0.22'}, {'id': 5777372469, 'qualifierId': 56, 'value': 'Right'}, {'id': 5777372473, 'qualifierId': 141, 'value': '14.0'}, {'id': 5777372479, 'qualifierId': 1}, {'id': 5777372467, 'qualifierId': 155}, {'id': 5777372471, 'qualifierId': 140, 'value': '73.3'}, {'id': 5777372475, 'qualifierId': 212, 'value': '35.1'}]",1x229gvjahkxp7w02bh0v36ga,R. Williams,,,North Carolina Courage,Home
2823754713,455,1,2,50,47,c3v2ohfuzoqmc8ljm65hi80sj,0,27.1,76.3,2025-06-22T00:46:42.637Z,2025-06-22T00:46:43Z,"[{'id': 5777372587, 'qualifierId': 212, 'value': '10.4'}, {'id': 5777372589, 'qualifierId': 213, 'value': '6.13'}, {'id': 5777372581, 'qualifierId': 56, 'value': 'Back'}, {'id': 5777372585, 'qualifierId': 141, 'value': '73.9'}, {'id': 5777372583, 'qualifierId': 140, 'value': '36.9'}]",8ruvr2jnsfdub02rdh8q88s89,P. Nielsen,,,Houston Dash,Away
2823754755,445,1,2,50,48,b4fbmos00gxtk8qnaqsm392p5,1,70.8,23.3,2025-06-22T00:46:44.038Z,2025-06-22T01:48:11Z,"[{'id': 5777372835, 'qualifierId': 141, 'value': '13.1'}, {'id': 5777372839, 'qualifierId': 213, 'value': '5.74'}, {'id': 5777372833, 'qualifierId': 140, 'value': '81.8'}, {'id': 5777372829, 'qualifierId': 56, 'value': 'Right'}, {'id': 5777372837, 'qualifierId': 212, 'value': '13.5'}]",1x229gvjahkxp7w02bh0v36ga,R. Williams,,,North Carolina Courage,Home
2823754795,446,1,2,50,51,b4fbmos00gxtk8qnaqsm392p5,1,81.8,13.1,2025-06-22T00:46:47.293Z,2025-06-22T00:46:50Z,"[{'id': 5777373043, 'qualifierId': 212, 'value': '16.6'}, {'id': 5777373037, 'qualifierId': 56, 'value': 'Center'}, {'id': 5777373039, 'qualifierId': 140, 'value': '95.8'}, {'id': 5777373041, 'qualifierId': 141, 'value': '24.3'}, {'id': 5777373045, 'qualifierId': 213, 'value': '0.48'}]",3ytdxf659yjtnml5zzpxl01k9,C. Vine,,,North Carolina Courage,Home
2823754857,447,1,2,50,54,b4fbmos00gxtk8qnaqsm392p5,1,97.4,28.3,2025-06-22T00:46:50.103Z,2025-06-22T00:47:28Z,"[{'id': 5777373363, 'qualifierId': 155}, {'id': 5777373369, 'qualifierId': 141, 'value': '54.2'}, {'id': 5777373365, 'qualifierId': 56, 'value': 'Center'}, {'id': 5777375343, 'qualifierId': 210, 'value': '13'}, {'id': 5777373373, 'qualifierId': 213, 'value': '1.97'}, {'id': 5777373367, 'qualifierId': 140, 'value': '90.3'}, {'id': 5777373371, 'qualifierId': 212, 'value': '19.1'}, {'id': 5777375345, 'qualifierId': 154}]",1x229gvjahkxp7w02bh0v36ga,R. Williams,1.0,,North Carolina Courage,Home
2823754877,448,44,2,50,55,b4fbmos00gxtk8qnaqsm392p5,1,93.0,54.8,2025-06-22T00:46:50.787Z,2025-07-01T14:17:32Z,"[{'id': 5777373515, 'qualifierId': 286}, {'id': 5777373559, 'qualifierId': 233, 'value': '456'}, {'id': 5777373513, 'qualifierId': 56, 'value': 'Center'}]",awme1kk0t2w81hc4xcup7k222,T. Lussi,,,North Carolina Courage,Home
2823754837,456,44,2,50,55,c3v2ohfuzoqmc8ljm65hi80sj,0,7.0,45.2,2025-06-22T00:46:50.788Z,2025-07-01T14:17:36Z,"[{'id': 5777373257, 'qualifierId': 285}, {'id': 5777373255, 'qualifierId': 56, 'value': 'Back'}, {'id': 5777373563, 'qualifierId': 233, 'value': '448'}]",edwr7f7jwnxm1plk91fx8hfro,M. Alozie,,,Houston Dash,Away
2823754885,449,13,2,50,55,b4fbmos00gxtk8qnaqsm392p5,1,92.6,53.8,2025-06-22T00:46:50.941Z,2025-07-01T14:17:38Z,"[{'id': 5777374855, 'qualifierId': 15}, {'id': 5777375353, 'qualifierId': 29}, {'id': 5777375365, 'qualifierId': 146, 'value': '99.7'}, {'id': 5777373539, 'qualifierId': 56, 'value': 'Center'}, {'id': 5777375361, 'qualifierId': 102, 'value': '56.8'}, {'id': 5777375367, 'qualifierId': 147, 'value': '56.1'}, {'id': 5785725173, 'qualifierId': 137}, {'id': 5777374859, 'qualifierId': 328}, {'id': 5777375355, 'qualifierId': 154}, {'id': 5777375351, 'qualifierId': 83}, {'id': 5777375371, 'qualifierId': 231, 'value': '50.4'}, {'id': 5777375363, 'qualifierId': 103, 'value': '8.3'}, {'id': 5777374861, 'qualifierId': 153}, {'id': 5777373535, 'qualifierId': 22}, {'id': 5777375369, 'qualifierId': 230, 'value': '98.9'}, {'id': 5777373537, 'qualifierId': 17}, {'id': 5777375357, 'qualifierId': 55, 'value': '447'}]",awme1kk0t2w81hc4xcup7k222,T. Lussi,,,North Carolina Courage,Home
2823754883,457,10,2,50,56,c3v2ohfuzoqmc8ljm65hi80sj,1,0.7,44.0,2025-06-22T00:46:51.757Z,2025-07-01T14:17:49Z,"[{'id': 5777374123, 'qualifierId': 179}, {'id': 5777373531, 'qualifierId': 182}, {'id': 5777373533, 'qualifierId': 56, 'value': 'Back'}, {'id': 5777374125, 'qualifierId': 190}, {'id': 5779524537, 'qualifierId': 376}, {'id': 5777373527, 'qualifierId': 173}]",53uflfknc5uus7iqw3obp5fx1,J. Campbell,,,Houston Dash,Away
2823754895,450,6,2,50,57,b4fbmos00gxtk8qnaqsm392p5,1,94.4,54.0,2025-06-22T00:46:53.414Z,2025-07-01T14:17:53Z,"[{'id': 5777373791, 'qualifierId': 233, 'value': '458'}, {'id': 5777373661, 'qualifierId': 56, 'value': 'Center'}, {'id': 5777373663, 'qualifierId': 73}]",awme1kk0t2w81hc4xcup7k222,T. Lussi,,,North Carolina Courage,Home
2823754925,458,6,2,50,57,c3v2ohfuzoqmc8ljm65hi80sj,0,5.6,46.0,2025-06-22T00:46:53.414Z,2025-07-01T14:17:56Z,"[{'id': 5777373775, 'qualifierId': 56, 'value': 'Back'}, {'id': 5777373833, 'qualifierId': 233, 'value': '450'}, {'id': 5777373777, 'qualifierId': 73}]",53uflfknc5uus7iqw3obp5fx1,J. Campbell,,,Houston Dash,Away
2823755307,451,1,2,51,35,b4fbmos00gxtk8qnaqsm392p5,1,99.5,99.5,2025-06-22T00:47:30.814Z,2025-07-01T14:20:21Z,"[{'id': 5777377929, 'qualifierId': 154}, {'id': 5777375649, 'qualifierId': 2}, {'id': 5785725453, 'qualifierId': 225}, {'id': 5777375657, 'qualifierId': 56, 'value': 'Center'}, {'id': 5785725455, 'qualifierId': 386}, {'id': 5779524609, 'qualifierId': 20}, {'id': 5777375667, 'qualifierId': 1}, {'id': 5777375665, 'qualifierId': 213, 'value': '4.45'}, {'id': 5777375661, 'qualifierId': 141, 'value': '44.8'}, {'id': 5777375663, 'qualifierId': 212, 'value': '38.5'}, {'id': 5777377927, 'qualifierId': 210, 'value': '14'}, {'id': 5777375653, 'qualifierId': 155}, {'id': 5777375659, 'qualifierId': 140, 'value': '90.0'}, {'id': 5777375651, 'qualifierId': 6}]",bxj6bpjfxkumj112yoco9wahg,R. Jackson,1.0,,North Carolina Courage,Home
2823755311,452,14,2,51,37,b4fbmos00gxtk8qnaqsm392p5,1,90.0,44.8,2025-06-22T00:47:33.253Z,2025-07-01T14:19:45Z,"[{'id': 5777377443, 'qualifierId': 15}, {'id': 5777377441, 'qualifierId': 25}, {'id': 5777377949, 'qualifierId': 29}, {'id': 5777377957, 'qualifierId': 102, 'value': '53.3'}, {'id': 5777377953, 'qualifierId': 55, 'value': '451'}, {'id': 5777375691, 'qualifierId': 56, 'value': 'Center'}, {'id': 5777377947, 'qualifierId': 74}, {'id': 5777377951, 'qualifierId': 154}, {'id': 5777377959, 'qualifierId': 103, 'value': '39.2'}, {'id': 5777375689, 'qualifierId': 17}, {'id': 5777377961, 'qualifierId': 230, 'value': '99.5'}, {'id': 5777377447, 'qualifierId': 328}, {'id': 5777377963, 'qualifierId': 231, 'value': '48.4'}]",awme1kk0t2w81hc4xcup7k222,T. Lussi,,,North Carolina Courage,Home
2823755339,453,61,2,51,40,b4fbmos00gxtk8qnaqsm392p5,0,94.2,68.5,2025-06-22T00:47:36.158Z,2025-06-24T14:03:38Z,"[{'id': 5777375867, 'qualifierId': 56, 'value': 'Center'}]",90bm7jsl7sjqiel7u2tv0vgq2,M. Matsukubo,,,North Carolina Courage,Home
2823755365,459,12,2,51,42,c3v2ohfuzoqmc8ljm65hi80sj,1,9.1,35.5,2025-06-22T00:47:37.780Z,2025-06-22T00:47:41Z,"[{'id': 5777376005, 'qualifierId': 141, 'value': '51.9'}, {'id': 5777376001, 'qualifierId': 56, 'value': 'Back'}, {'id': 5777376007, 'qualifierId': 212, 'value': '16.4'}, {'id': 5777376009, 'qualifierId': 213, 'value': '0.75'}, {'id': 5777376003, 'qualifierId': 140, 'value': '20.5'}]",95tl8tonvm6czhwzd6i5ep756,B. Olivieri,,,Houston Dash,Away
2823755375,460,44,2,51,44,c3v2ohfuzoqmc8ljm65hi80sj,1,22.8,56.0,2025-06-22T00:47:40.419Z,2025-06-22T01:45:33Z,"[{'id': 5777376075, 'qualifierId': 56, 'value': 'Back'}, {'id': 5777376079, 'qualifierId': 233, 'value': '454'}, {'id': 5777376077, 'qualifierId': 285}]",1xgse8t4dm0decmpzebsphvfu,Y. Ryan,,,Houston Dash,Away
2823755353,454,44,2,51,44,b4fbmos00gxtk8qnaqsm392p5,0,77.2,44.0,2025-06-22T00:47:40.420Z,2025-06-22T01:45:33Z,"[{'id': 5777375939, 'qualifierId': 286}, {'id': 5777375937, 'qualifierId': 56, 'value': 'Center'}, {'id': 5777376095, 'qualifierId': 233, 'value': '460'}]",8afwde4025w5wxddyf2ouoine,S. Koyama,,,North Carolina Courage,Home
2823755381,461,12,2,51,45,c3v2ohfuzoqmc8ljm65hi80sj,1,18.9,51.9,2025-06-22T00:47:41.556Z,2025-06-24T14:03:56Z,"[{'id': 5777376121, 'qualifierId': 15}, {'id': 5777376117, 'qualifierId': 212, 'value': '1.8'}, {'id': 5777376115, 'qualifierId': 141, 'value': '53.0'}, {'id': 5777376111, 'qualifierId': 56, 'value': 'Back'}, {'id': 5777376119, 'qualifierId': 213, 'value': '0.42'}, {'id': 5777376113, 'qualifierId': 140, 'value': '20.5'}]",1xgse8t4dm0decmpzebsphvfu,Y. Ryan,,,Houston Dash,Away
2823755363,455,61,2,51,46,b4fbmos00gxtk8qnaqsm392p5,1,74.9,41.6,2025-06-22T00:47:42.444Z,2025-06-24T14:03:58Z,"[{'id': 5777375999, 'qualifierId': 56, 'value': 'Center'}]",8afwde4025w5wxddyf2ouoine,S. Koyama,,,North Carolina Courage,Home
2823755387,456,44,2,51,47,b4fbmos00gxtk8qnaqsm392p5,1,81.2,48.9,2025-06-22T00:47:43.557Z,2025-06-22T01:45:33Z,"[{'id': 5777381023, 'qualifierId': 233, 'value': '474'}, {'id': 5777376145, 'qualifierId': 56, 'value': 'Center'}, {'id': 5777376147, 'qualifierId': 286}]",1p3bwk03ay87hp2nwrl3tfxwq,K. Kurtz,,,North Carolina Courage,Home
2823756219,474,44,2,51,47,c3v2ohfuzoqmc8ljm65hi80sj,0,18.8,51.1,2025-06-22T00:47:43.558Z,2025-06-22T01:45:33Z,"[{'id': 5777381027, 'qualifierId': 233, 'value': '456'}, {'id': 5777380763, 'qualifierId': 285}, {'id': 5777380761, 'qualifierId': 56, 'value': 'Back'}]",2sc4jlfmioa61d1vgpcz0pht6,D. Sheehan,,,Houston Dash,Away
2823755405,457,1,2,51,48,b4fbmos00gxtk8qnaqsm392p5,1,79.2,39.4,2025-06-22T00:47:44.341Z,2025-06-22T00:47:45Z,"[{'id': 5777376259, 'qualifierId': 3}, {'id': 5777376271, 'qualifierId': 213, 'value': '0.47'}, {'id': 5777376267, 'qualifierId': 141, 'value': '44.2'}, {'id': 5777376263, 'qualifierId': 56, 'value': 'Center'}, {'id': 5777376265, 'qualifierId': 140, 'value': '85.3'}, {'id': 5777376261, 'qualifierId': 168}, {'id': 5777376269, 'qualifierId': 212, 'value': '7.2'}]",1p3bwk03ay87hp2nwrl3tfxwq,K. Kurtz,,,North Carolina Courage,Home
2823755419,458,1,2,51,50,b4fbmos00gxtk8qnaqsm392p5,0,85.3,44.2,2025-06-22T00:47:45.628Z,2025-06-22T01:48:08Z,"[{'id': 5777376369, 'qualifierId': 56, 'value': 'Center'}, {'id': 5777376371, 'qualifierId': 140, 'value': '91.0'}, {'id': 5777376375, 'qualifierId': 212, 'value': '14.0'}, {'id': 5777376377, 'qualifierId': 213, 'value': '5.15'}, {'id': 5777376373, 'qualifierId': 141, 'value': '25.6'}]",3ytdxf659yjtnml5zzpxl01k9,C. Vine,,,North Carolina Courage,Home
2823755501,462,12,2,51,51,c3v2ohfuzoqmc8ljm65hi80sj,1,10.0,74.7,2025-06-22T00:47:47.180Z,2025-06-22T00:47:57Z,"[{'id': 5777376923, 'qualifierId': 213, 'value': '2.11'}, {'id': 5777376915, 'qualifierId': 56, 'value': 'Back'}, {'id': 5777376921, 'qualifierId': 212, 'value': '8.6'}, {'id': 5777376919, 'qualifierId': 141, 'value': '85.6'}, {'id': 5777376917, 'qualifierId': 140, 'value': '5.8'}]",edwr7f7jwnxm1plk91fx8hfro,M. Alozie,,,Houston Dash,Away
2823755497,459,1,2,51,56,b4fbmos00gxtk8qnaqsm392p5,1,94.6,7.0,2025-06-22T00:47:52.013Z,2025-06-22T00:47:56Z,"[{'id': 5777376907, 'qualifierId': 213, 'value': '3.10'}, {'id': 5777376899, 'qualifierId': 56, 'value': 'Right'}, {'id': 5777376903, 'qualifierId': 141, 'value': '8.2'}, {'id': 5777376905, 'qualifierId': 212, 'value': '21.6'}, {'id': 5777376901, 'qualifierId': 140, 'value': '74.0'}]",cbco4ht0d7uk1thgam6vc0ep6,M. Bell,,,North Carolina Courage,Home
2823755499,460,61,2,52,0,b4fbmos00gxtk8qnaqsm392p5,0,87.4,6.4,2025-06-22T00:47:56.061Z,2025-06-22T00:47:56Z,"[{'id': 5777376911, 'qualifierId': 56, 'value': 'Right'}]",1x229gvjahkxp7w02bh0v36ga,R. Williams,,,North Carolina Courage,Home
2823755545,463,12,2,52,1,c3v2ohfuzoqmc8ljm65hi80sj,1,13.9,85.7,2025-06-22T00:47:57.092Z,2025-06-22T00:48:02Z,"[{'id': 5777377129, 'qualifierId': 141, 'value': '86.5'}, {'id': 5777377125, 'qualifierId': 56, 'value': 'Back'}, {'id': 5777377133, 'qualifierId': 213, 'value': '0.16'}, {'id': 5777377151, 'qualifierId': 233, 'value': '461'}, {'id': 5777377131, 'qualifierId': 212, 'value': '3.4'}, {'id': 5777377127, 'qualifierId': 140, 'value': '17.1'}, {'id': 5777377149, 'qualifierId': 397}]",edwr7f7jwnxm1plk91fx8hfro,M. Alozie,,,Houston Dash,Away
2823755505,461,74,2,52,1,b4fbmos00gxtk8qnaqsm392p5,1,89.2,5.8,2025-06-22T00:47:57.093Z,2025-06-22T00:48:02Z,"[{'id': 5777377123, 'qualifierId': 397}, {'id': 5777377163, 'qualifierId': 233, 'value': '463'}, {'id': 5777376937, 'qualifierId': 56, 'value': 'Right'}, {'id': 5777376939, 'qualifierId': 285}]",1x229gvjahkxp7w02bh0v36ga,R. Williams,,,North Carolina Courage,Home
2823755549,464,52,2,52,5,c3v2ohfuzoqmc8ljm65hi80sj,1,2.0,67.9,2025-06-22T00:48:01.532Z,2025-06-24T14:04:23Z,"[{'id': 5779524729, 'qualifierId': 376}]",53uflfknc5uus7iqw3obp5fx1,J. Campbell,,,Houston Dash,Away
2823755689,465,1,2,52,19,c3v2ohfuzoqmc8ljm65hi80sj,1,8.7,49.1,2025-06-22T00:48:15.253Z,2025-06-22T00:48:20Z,"[{'id': 5777377907, 'qualifierId': 141, 'value': '62.7'}, {'id': 5777377903, 'qualifierId': 56, 'value': 'Back'}, {'id': 5777378021, 'qualifierId': 189}, {'id': 5777377911, 'qualifierId': 213, 'value': '0.56'}, {'id': 5777377909, 'qualifierId': 212, 'value': '17.3'}, {'id': 5777377905, 'qualifierId': 140, 'value': '22.6'}, {'id': 5777377901, 'qualifierId': 123}]",53uflfknc5uus7iqw3obp5fx1,J. Campbell,,,Houston Dash,Away
2823755691,466,61,2,52,21,c3v2ohfuzoqmc8ljm65hi80sj,1,22.6,62.7,2025-06-22T00:48:17.548Z,2025-06-24T14:15:39Z,"[{'id': 5777377941, 'qualifierId': 189}, {'id': 5777377915, 'qualifierId': 56, 'value': 'Back'}]",8ruvr2jnsfdub02rdh8q88s89,P. Nielsen,,,Houston Dash,Away
2823755779,462,49,2,52,35,b4fbmos00gxtk8qnaqsm392p5,1,12.6,52.4,2025-06-22T00:48:31.245Z,2025-06-22T00:48:31Z,[],3qj9t05behkav9okd8n2wywh5,C. Murphy,,,North Carolina Courage,Home
2823755799,463,1,2,52,35,b4fbmos00gxtk8qnaqsm392p5,1,12.6,52.4,2025-06-22T00:48:31.557Z,2025-06-22T00:48:34Z,"[{'id': 5777378503, 'qualifierId': 212, 'value': '21.4'}, {'id': 5777378497, 'qualifierId': 56, 'value': 'Back'}, {'id': 5777378499, 'qualifierId': 140, 'value': '20.9'}, {'id': 5777378501, 'qualifierId': 141, 'value': '81.2'}, {'id': 5777378505, 'qualifierId': 213, 'value': '1.15'}]",3qj9t05behkav9okd8n2wywh5,C. Murphy,,,North Carolina Courage,Home
2823755839,464,1,2,52,38,b4fbmos00gxtk8qnaqsm392p5,1,22.1,77.5,2025-06-22T00:48:34.021Z,2025-06-22T00:48:39Z,"[{'id': 5777378721, 'qualifierId': 56, 'value': 'Back'}, {'id': 5777378725, 'qualifierId': 141, 'value': '62.9'}, {'id': 5777378729, 'qualifierId': 213, 'value': '4.38'}, {'id': 5777378727, 'qualifierId': 212, 'value': '10.5'}, {'id': 5777378723, 'qualifierId': 140, 'value': '18.8'}]",cqpdeqi0psfadqsgejcvdqqne,M. Berkely,,,North Carolina Courage,Home
2823755865,465,1,2,52,44,b4fbmos00gxtk8qnaqsm392p5,1,24.0,54.8,2025-06-22T00:48:39.765Z,2025-06-22T00:48:43Z,"[{'id': 5777378869, 'qualifierId': 56, 'value': 'Back'}, {'id': 5777378877, 'qualifierId': 213, 'value': '4.72'}, {'id': 5777378875, 'qualifierId': 212, 'value': '24.1'}, {'id': 5777378871, 'qualifierId': 140, 'value': '24.2'}, {'id': 5777378873, 'qualifierId': 141, 'value': '19.4'}]",1p3bwk03ay87hp2nwrl3tfxwq,K. Kurtz,,,North Carolina Courage,Home
2823755873,466,1,2,52,48,b4fbmos00gxtk8qnaqsm392p5,1,24.4,6.7,2025-06-22T00:48:43.797Z,2025-06-22T00:48:44Z,"[{'id': 5777378939, 'qualifierId': 213, 'value': '5.74'}, {'id': 5777378937, 'qualifierId': 212, 'value': '5.5'}, {'id': 5777378931, 'qualifierId': 56, 'value': 'Back'}, {'id': 5777378935, 'qualifierId': 141, 'value': '2.5'}, {'id': 5777378933, 'qualifierId': 140, 'value': '28.9'}]",cbco4ht0d7uk1thgam6vc0ep6,M. Bell,,,North Carolina Courage,Home
2823755875,467,3,2,52,49,b4fbmos00gxtk8qnaqsm392p5,0,28.6,5.6,2025-06-22T00:48:44.869Z,2025-06-24T14:16:05Z,"[{'id': 5777378943, 'qualifierId': 56, 'value': 'Back'}, {'id': 5777379129, 'qualifierId': 233, 'value': '467'}, {'id': 5777378945, 'qualifierId': 285}, {'id': 5779525141, 'qualifierId': 464}]",1x229gvjahkxp7w02bh0v36ga,R. Williams,,,North Carolina Courage,Home
2823755903,467,7,2,52,49,c3v2ohfuzoqmc8ljm65hi80sj,1,71.4,94.4,2025-06-22T00:48:44.870Z,2025-06-24T14:16:07Z,"[{'id': 5777379095, 'qualifierId': 56, 'value': 'Left'}, {'id': 5777379099, 'qualifierId': 233, 'value': '467'}, {'id': 5777379093, 'qualifierId': 167}, {'id': 5779525143, 'qualifierId': 385}, {'id': 5777379097, 'qualifierId': 286}]",n4egj8ymfled94mco0lwa95,C. Westphal,,,Houston Dash,Away
2823755889,468,5,2,52,50,b4fbmos00gxtk8qnaqsm392p5,1,29.0,-0.8,2025-06-22T00:48:45.933Z,2025-06-22T01:49:03Z,"[{'id': 5777379027, 'qualifierId': 347}, {'id': 5777379025, 'qualifierId': 56, 'value': 'Back'}, {'id': 5777379259, 'qualifierId': 233, 'value': '468'}]",1x229gvjahkxp7w02bh0v36ga,R. Williams,,,North Carolina Courage,Home
2823755927,468,5,2,52,50,c3v2ohfuzoqmc8ljm65hi80sj,0,71.0,100.8,2025-06-22T00:48:45.933Z,2025-06-22T01:54:14Z,"[{'id': 5777379235, 'qualifierId': 347}, {'id': 5777379233, 'qualifierId': 56, 'value': 'Left'}, {'id': 5777379275, 'qualifierId': 233, 'value': '468'}]",n4egj8ymfled94mco0lwa95,C. Westphal,,,Houston Dash,Away
2823755919,469,1,2,52,52,b4fbmos00gxtk8qnaqsm392p5,1,28.9,0.0,2025-06-22T00:48:48.348Z,2025-06-22T01:48:05Z,"[{'id': 5777379197, 'qualifierId': 212, 'value': '17.7'}, {'id': 5777379195, 'qualifierId': 141, 'value': '23.9'}, {'id': 5777379191, 'qualifierId': 56, 'value': 'Back'}, {'id': 5777379199, 'qualifierId': 213, 'value': '1.31'}, {'id': 5777379193, 'qualifierId': 140, 'value': '33.3'}, {'id': 5777379189, 'qualifierId': 107}]",1x229gvjahkxp7w02bh0v36ga,R. Williams,,,North Carolina Courage,Home
2823755921,470,3,2,52,55,b4fbmos00gxtk8qnaqsm392p5,0,29.6,29.1,2025-06-22T00:48:51.461Z,2025-06-24T14:16:14Z,"[{'id': 5777379363, 'qualifierId': 233, 'value': '469'}, {'id': 5777379209, 'qualifierId': 285}, {'id': 5777379207, 'qualifierId': 56, 'value': 'Back'}, {'id': 5779525145, 'qualifierId': 464}]",bxj6bpjfxkumj112yoco9wahg,R. Jackson,,,North Carolina Courage,Home
2823755943,469,7,2,52,55,c3v2ohfuzoqmc8ljm65hi80sj,1,70.4,70.9,2025-06-22T00:48:51.462Z,2025-06-24T14:16:16Z,"[{'id': 5777379325, 'qualifierId': 56, 'value': 'Center'}, {'id': 5779525147, 'qualifierId': 383}, {'id': 5777379347, 'qualifierId': 233, 'value': '470'}, {'id': 5777379327, 'qualifierId': 286}]",2sc4jlfmioa61d1vgpcz0pht6,D. Sheehan,,,Houston Dash,Away
2823755945,470,49,2,52,58,c3v2ohfuzoqmc8ljm65hi80sj,1,76.4,75.3,2025-06-22T00:48:53.884Z,2025-06-22T00:48:54Z,[],2sc4jlfmioa61d1vgpcz0pht6,D. Sheehan,,,Houston Dash,Away
2823755959,471,50,2,52,59,c3v2ohfuzoqmc8ljm65hi80sj,1,75.8,80.8,2025-06-22T00:48:55.516Z,2025-06-22T01:43:34Z,"[{'id': 5777379387, 'qualifierId': 56, 'value': 'Left'}, {'id': 5777379389, 'qualifierId': 286}, {'id': 5777379453, 'qualifierId': 233, 'value': '471'}]",2sc4jlfmioa61d1vgpcz0pht6,D. Sheehan,,,Houston Dash,Away
2823755969,471,7,2,52,59,b4fbmos00gxtk8qnaqsm392p5,1,24.2,19.2,2025-06-22T00:48:55.517Z,2025-06-24T14:16:28Z,"[{'id': 5777379449, 'qualifierId': 233, 'value': '471'}, {'id': 5777379437, 'qualifierId': 285}, {'id': 5777379435, 'qualifierId': 56, 'value': 'Back'}, {'id': 5779525151, 'qualifierId': 383}]",7fk82cjz0z5vq2ts3vmz8has5,D. O'Sullivan,,,North Carolina Courage,Home
2823755973,472,61,2,53,1,b4fbmos00gxtk8qnaqsm392p5,1,29.3,11.0,2025-06-22T00:48:57.206Z,2025-06-22T00:48:57Z,"[{'id': 5777379443, 'qualifierId': 56, 'value': 'Back'}]",1x229gvjahkxp7w02bh0v36ga,R. Williams,,,North Carolina Courage,Home
2823755981,473,49,2,53,2,b4fbmos00gxtk8qnaqsm392p5,1,31.8,26.1,2025-06-22T00:48:58.541Z,2025-06-22T00:48:58Z,[],bxj6bpjfxkumj112yoco9wahg,R. Jackson,,,North Carolina Courage,Home
2823756009,474,1,2,53,3,b4fbmos00gxtk8qnaqsm392p5,1,31.5,29.5,2025-06-22T00:48:58.820Z,2025-06-22T00:49:01Z,"[{'id': 5777379693, 'qualifierId': 141, 'value': '42.2'}, {'id': 5777379689, 'qualifierId': 56, 'value': 'Back'}, {'id': 5777379695, 'qualifierId': 212, 'value': '10.8'}, {'id': 5777379691, 'qualifierId': 140, 'value': '25.3'}, {'id': 5777379697, 'qualifierId': 213, 'value': '2.22'}]",bxj6bpjfxkumj112yoco9wahg,R. Jackson,,,North Carolina Courage,Home
2823756035,475,1,2,53,6,b4fbmos00gxtk8qnaqsm392p5,1,24.7,44.5,2025-06-22T00:49:01.788Z,2025-06-22T00:49:04Z,"[{'id': 5777379813, 'qualifierId': 212, 'value': '22.7'}, {'id': 5777379809, 'qualifierId': 140, 'value': '29.6'}, {'id': 5777379811, 'qualifierId': 141, 'value': '77.0'}, {'id': 5777379807, 'qualifierId': 56, 'value': 'Back'}, {'id': 5777379815, 'qualifierId': 213, 'value': '1.34'}]",1p3bwk03ay87hp2nwrl3tfxwq,K. Kurtz,,,North Carolina Courage,Home
2823756057,476,1,2,53,8,b4fbmos00gxtk8qnaqsm392p5,1,35.0,87.8,2025-06-22T00:49:04.221Z,2025-06-22T00:49:06Z,"[{'id': 5777379953, 'qualifierId': 140, 'value': '56.5'}, {'id': 5777379959, 'qualifierId': 213, 'value': '0.29'}, {'id': 5777379957, 'qualifierId': 212, 'value': '23.6'}, {'id': 5777379951, 'qualifierId': 56, 'value': 'Left'}, {'id': 5777379955, 'qualifierId': 141, 'value': '97.7'}]",cqpdeqi0psfadqsgejcvdqqne,M. Berkely,,,North Carolina Courage,Home
2823756077,477,1,2,53,10,b4fbmos00gxtk8qnaqsm392p5,0,56.5,97.7,2025-06-22T00:49:06.508Z,2025-06-22T00:49:10Z,"[{'id': 5777380093, 'qualifierId': 56, 'value': 'Left'}, {'id': 5777380101, 'qualifierId': 213, 'value': '6.28'}, {'id': 5777380095, 'qualifierId': 140, 'value': '74.7'}, {'id': 5777380097, 'qualifierId': 141, 'value': '97.5'}, {'id': 5777380099, 'qualifierId': 212, 'value': '19.1'}]",awme1kk0t2w81hc4xcup7k222,T. Lussi,,,North Carolina Courage,Home
2823756089,472,12,2,53,14,c3v2ohfuzoqmc8ljm65hi80sj,1,28.9,4.0,2025-06-22T00:49:10.220Z,2025-06-22T00:49:11Z,"[{'id': 5777380133, 'qualifierId': 140, 'value': '33.2'}, {'id': 5777380161, 'qualifierId': 167}, {'id': 5777380139, 'qualifierId': 213, 'value': '5.55'}, {'id': 5777380137, 'qualifierId': 212, 'value': '6.1'}, {'id': 5777380131, 'qualifierId': 56, 'value': 'Back'}, {'id': 5777380135, 'qualifierId': 141, 'value': '0.0'}]",8co65x7tuvynuqvket8okb7xl,N. Jacobs,,,Houston Dash,Away
2823756093,473,5,2,53,15,c3v2ohfuzoqmc8ljm65hi80sj,0,31.8,-1.8,2025-06-22T00:49:10.758Z,2025-06-22T01:54:14Z,"[{'id': 5777380155, 'qualifierId': 347}, {'id': 5777380235, 'qualifierId': 233, 'value': '478'}, {'id': 5777380153, 'qualifierId': 56, 'value': 'Back'}]",8co65x7tuvynuqvket8okb7xl,N. Jacobs,,,Houston Dash,Away
2823756099,478,5,2,53,15,b4fbmos00gxtk8qnaqsm392p5,1,68.2,101.8,2025-06-22T00:49:10.758Z,2025-06-22T00:49:14Z,"[{'id': 5777380175, 'qualifierId': 347}, {'id': 5777380193, 'qualifierId': 233, 'value': '473'}, {'id': 5777380173, 'qualifierId': 56, 'value': 'Left'}]",awme1kk0t2w81hc4xcup7k222,T. Lussi,,,North Carolina Courage,Home
2823756237,479,1,2,53,30,b4fbmos00gxtk8qnaqsm392p5,1,72.2,100.0,2025-06-22T00:49:26.476Z,2025-06-24T14:18:20Z,"[{'id': 5777380841, 'qualifierId': 56, 'value': 'Left'}, {'id': 5777380845, 'qualifierId': 141, 'value': '94.5'}, {'id': 5777380849, 'qualifierId': 213, 'value': '4.34'}, {'id': 5777380843, 'qualifierId': 140, 'value': '70.3'}, {'id': 5777380847, 'qualifierId': 212, 'value': '5.5'}, {'id': 5777380839, 'qualifierId': 107}]",awme1kk0t2w81hc4xcup7k222,T. Lussi,,,North Carolina Courage,Home
2823756245,480,1,2,53,31,b4fbmos00gxtk8qnaqsm392p5,1,70.3,94.5,2025-06-22T00:49:27.565Z,2025-06-22T00:49:28Z,"[{'id': 5777380877, 'qualifierId': 56, 'value': 'Left'}, {'id': 5777380883, 'qualifierId': 212, 'value': '9.2'}, {'id': 5777380879, 'qualifierId': 140, 'value': '78.8'}, {'id': 5777380881, 'qualifierId': 141, 'value': '97.5'}, {'id': 5777380885, 'qualifierId': 213, 'value': '0.22'}]",bxj6bpjfxkumj112yoco9wahg,R. Jackson,,,North Carolina Courage,Home
2823756257,481,1,2,53,32,b4fbmos00gxtk8qnaqsm392p5,1,78.8,97.5,2025-06-22T00:49:28.580Z,2025-06-22T00:49:30Z,"[{'id': 5777380947, 'qualifierId': 213, 'value': '3.15'}, {'id': 5777380939, 'qualifierId': 56, 'value': 'Left'}, {'id': 5777380941, 'qualifierId': 140, 'value': '72.6'}, {'id': 5777380945, 'qualifierId': 212, 'value': '6.5'}, {'id': 5777380943, 'qualifierId': 141, 'value': '97.4'}]",awme1kk0t2w81hc4xcup7k222,T. Lussi,,,North Carolina Courage,Home
2823756291,482,1,2,53,34,b4fbmos00gxtk8qnaqsm392p5,1,70.5,93.0,2025-06-22T00:49:30.180Z,2025-06-22T00:49:35Z,"[{'id': 5777381173, 'qualifierId': 212, 'value': '29.8'}, {'id': 5777381175, 'qualifierId': 213, 'value': '4.52'}, {'id': 5777381167, 'qualifierId': 56, 'value': 'Center'}, {'id': 5777381171, 'qualifierId': 141, 'value': '50.0'}, {'id': 5777381169, 'qualifierId': 140, 'value': '65.2'}]",bxj6bpjfxkumj112yoco9wahg,R. Jackson,,,North Carolina Courage,Home
2823756315,483,1,2,53,40,b4fbmos00gxtk8qnaqsm392p5,1,68.5,46.1,2025-06-22T00:49:35.908Z,2025-06-22T00:49:39Z,"[{'id': 5777381321, 'qualifierId': 56, 'value': 'Center'}, {'id': 5777381325, 'qualifierId': 141, 'value': '62.9'}, {'id': 5777381327, 'qualifierId': 212, 'value': '15.4'}, {'id': 5777381329, 'qualifierId': 213, 'value': '2.31'}, {'id': 5777381323, 'qualifierId': 140, 'value': '58.6'}]",cbco4ht0d7uk1thgam6vc0ep6,M. Bell,,,North Carolina Courage,Home
2823756323,484,1,2,53,44,b4fbmos00gxtk8qnaqsm392p5,1,58.5,65.5,2025-06-22T00:49:39.820Z,2025-06-22T00:49:41Z,"[{'id': 5777381363, 'qualifierId': 212, 'value': '17.7'}, {'id': 5777381359, 'qualifierId': 140, 'value': '63.6'}, {'id': 5777381357, 'qualifierId': 56, 'value': 'Left'}, {'id': 5777381361, 'qualifierId': 141, 'value': '90.3'}, {'id': 5777381365, 'qualifierId': 213, 'value': '1.26'}]",1p3bwk03ay87hp2nwrl3tfxwq,K. Kurtz,,,North Carolina Courage,Home
2823756373,485,1,2,53,45,b4fbmos00gxtk8qnaqsm392p5,1,64.7,94.1,2025-06-22T00:49:41.236Z,2025-06-22T00:49:58Z,"[{'id': 5777381587, 'qualifierId': 56, 'value': 'Left'}, {'id': 5777382085, 'qualifierId': 210, 'value': '15'}, {'id': 5777381589, 'qualifierId': 140, 'value': '72.6'}, {'id': 5777381593, 'qualifierId': 212, 'value': '8.8'}, {'id': 5777381595, 'qualifierId': 213, 'value': '0.33'}, {'id': 5777381591, 'qualifierId': 141, 'value': '98.3'}]",cqpdeqi0psfadqsgejcvdqqne,M. Berkely,1.0,,North Carolina Courage,Home
2823756377,486,15,2,53,50,b4fbmos00gxtk8qnaqsm392p5,1,74.4,69.7,2025-06-22T00:49:45.593Z,2025-07-01T14:22:50Z,"[{'id': 5779525211, 'qualifierId': 77}, {'id': 5777381609, 'qualifierId': 56, 'value': 'Center'}, {'id': 5777381605, 'qualifierId': 22}, {'id': 5777382123, 'qualifierId': 215}, {'id': 5777381805, 'qualifierId': 20}, {'id': 5777382147, 'qualifierId': 233, 'value': '475'}, {'id': 5777382121, 'qualifierId': 103, 'value': '25.3'}, {'id': 5777382125, 'qualifierId': 146, 'value': '98.9'}, {'id': 5777382113, 'qualifierId': 29}, {'id': 5777382119, 'qualifierId': 102, 'value': '53.9'}, {'id': 5777382127, 'qualifierId': 147, 'value': '52.0'}, {'id': 5777382115, 'qualifierId': 55, 'value': '485'}, {'id': 5777381607, 'qualifierId': 18}]",awme1kk0t2w81hc4xcup7k222,T. Lussi,,,North Carolina Courage,Home
2823756383,475,10,2,53,50,c3v2ohfuzoqmc8ljm65hi80sj,1,1.1,46.1,2025-06-22T00:49:45.693Z,2025-07-01T14:22:48Z,"[{'id': 5779525213, 'qualifierId': 174}, {'id': 5779525215, 'qualifierId': 381}, {'id': 5785725609, 'qualifierId': 181}, {'id': 5777382161, 'qualifierId': 233, 'value': '486'}, {'id': 5777381645, 'qualifierId': 182}, {'id': 5777381647, 'qualifierId': 56, 'value': 'Back'}, {'id': 5779525217, 'qualifierId': 378}]",53uflfknc5uus7iqw3obp5fx1,J. Campbell,,,Houston Dash,Away
2823756417,476,6,2,53,51,c3v2ohfuzoqmc8ljm65hi80sj,0,12.2,41.5,2025-06-22T00:49:46.916Z,2025-07-01T14:22:54Z,"[{'id': 5777381799, 'qualifierId': 56, 'value': 'Back'}, {'id': 5777381867, 'qualifierId': 233, 'value': '487'}, {'id': 5777381801, 'qualifierId': 73}]",53uflfknc5uus7iqw3obp5fx1,J. Campbell,,,Houston Dash,Away
2823756385,487,6,2,53,51,b4fbmos00gxtk8qnaqsm392p5,1,87.8,58.5,2025-06-22T00:49:46.916Z,2025-07-01T14:22:56Z,"[{'id': 5777381855, 'qualifierId': 233, 'value': '476'}, {'id': 5777381663, 'qualifierId': 73}, {'id': 5777381661, 'qualifierId': 56, 'value': 'Center'}]",awme1kk0t2w81hc4xcup7k222,T. Lussi,,,North Carolina Courage,Home
2823756643,488,1,2,54,25,b4fbmos00gxtk8qnaqsm392p5,1,99.5,99.5,2025-06-22T00:50:21.564Z,2025-06-22T00:50:25Z,"[{'id': 5777383191, 'qualifierId': 141, 'value': '78.8'}, {'id': 5777383195, 'qualifierId': 213, 'value': '3.61'}, {'id': 5777383187, 'qualifierId': 56, 'value': 'Center'}, {'id': 5777383189, 'qualifierId': 140, 'value': '72.7'}, {'id': 5777383193, 'qualifierId': 212, 'value': '31.5'}, {'id': 5777383185, 'qualifierId': 6}]",90bm7jsl7sjqiel7u2tv0vgq2,M. Matsukubo,,,North Carolina Courage,Home
2823756659,489,1,2,54,27,b4fbmos00gxtk8qnaqsm392p5,1,73.1,77.3,2025-06-22T00:50:22.972Z,2025-06-22T00:50:25Z,"[{'id': 5777383315, 'qualifierId': 213, 'value': '1.29'}, {'id': 5777383309, 'qualifierId': 140, 'value': '76.0'}, {'id': 5777383311, 'qualifierId': 141, 'value': '92.6'}, {'id': 5777383307, 'qualifierId': 56, 'value': 'Left'}, {'id': 5777383313, 'qualifierId': 212, 'value': '10.8'}]",8afwde4025w5wxddyf2ouoine,S. Koyama,,,North Carolina Courage,Home
2823756669,490,1,2,54,29,b4fbmos00gxtk8qnaqsm392p5,1,74.9,88.9,2025-06-22T00:50:25.029Z,2025-06-24T14:19:27Z,"[{'id': 5777383563, 'qualifierId': 1}, {'id': 5777383347, 'qualifierId': 155}, {'id': 5777383353, 'qualifierId': 141, 'value': '42.8'}, {'id': 5779525299, 'qualifierId': 223}, {'id': 5777383351, 'qualifierId': 140, 'value': '94.2'}, {'id': 5777383355, 'qualifierId': 212, 'value': '37.3'}, {'id': 5777383349, 'qualifierId': 56, 'value': 'Center'}, {'id': 5779525301, 'qualifierId': 20}, {'id': 5777383345, 'qualifierId': 2}, {'id': 5777383357, 'qualifierId': 213, 'value': '5.29'}, {'id': 5777384431, 'qualifierId': 210, 'value': '13'}, {'id': 5777384435, 'qualifierId': 154}]",bxj6bpjfxkumj112yoco9wahg,R. Jackson,1.0,,North Carolina Courage,Home
2823756729,491,44,2,54,30,b4fbmos00gxtk8qnaqsm392p5,1,94.0,41.6,2025-06-22T00:50:26.413Z,2025-06-22T01:45:34Z,"[{'id': 5777383747, 'qualifierId': 233, 'value': '477'}, {'id': 5777383719, 'qualifierId': 286}, {'id': 5777383717, 'qualifierId': 56, 'value': 'Center'}]",cbco4ht0d7uk1thgam6vc0ep6,M. Bell,,,North Carolina Courage,Home
2823756719,477,44,2,54,30,c3v2ohfuzoqmc8ljm65hi80sj,0,6.0,58.4,2025-06-22T00:50:26.414Z,2025-06-22T01:45:34Z,"[{'id': 5777383673, 'qualifierId': 285}, {'id': 5777383671, 'qualifierId': 56, 'value': 'Back'}, {'id': 5777383767, 'qualifierId': 233, 'value': '491'}]",1xgse8t4dm0decmpzebsphvfu,Y. Ryan,,,Houston Dash,Away
2823756731,492,13,2,54,31,b4fbmos00gxtk8qnaqsm392p5,1,94.0,42.5,2025-06-22T00:50:27.268Z,2025-07-01T14:25:07Z,"[{'id': 5777384455, 'qualifierId': 231, 'value': '47.7'}, {'id': 5777384213, 'qualifierId': 25}, {'id': 5777384451, 'qualifierId': 103, 'value': '15.3'}, {'id': 5777384219, 'qualifierId': 328}, {'id': 5777384215, 'qualifierId': 15}, {'id': 5777384453, 'qualifierId': 230, 'value': '99.5'}, {'id': 5785725743, 'qualifierId': 84}, {'id': 5777384443, 'qualifierId': 154}, {'id': 5777383731, 'qualifierId': 56, 'value': 'Center'}, {'id': 5777383729, 'qualifierId': 17}, {'id': 5777384449, 'qualifierId': 102, 'value': '41.5'}, {'id': 5777384445, 'qualifierId': 55, 'value': '490'}, {'id': 5777384441, 'qualifierId': 29}]",cbco4ht0d7uk1thgam6vc0ep6,M. Bell,,,North Carolina Courage,Home
2823756747,478,5,2,54,32,c3v2ohfuzoqmc8ljm65hi80sj,1,-0.9,61.2,2025-06-22T00:50:28.263Z,2025-07-01T14:25:10Z,"[{'id': 5777385275, 'qualifierId': 346}, {'id': 5777385315, 'qualifierId': 233, 'value': '493'}, {'id': 5777383809, 'qualifierId': 56, 'value': 'Back'}]",1xgse8t4dm0decmpzebsphvfu,Y. Ryan,,,Houston Dash,Away
2823756755,493,5,2,54,32,b4fbmos00gxtk8qnaqsm392p5,0,100.9,38.8,2025-06-22T00:50:28.263Z,2025-07-01T14:25:12Z,"[{'id': 5777385319, 'qualifierId': 233, 'value': '478'}, {'id': 5777383827, 'qualifierId': 346}, {'id': 5777383825, 'qualifierId': 56, 'value': 'Center'}]",cbco4ht0d7uk1thgam6vc0ep6,M. Bell,,,North Carolina Courage,Home
2823756951,479,1,2,55,0,c3v2ohfuzoqmc8ljm65hi80sj,0,4.5,52.1,2025-06-22T00:50:56.228Z,2025-07-01T14:25:23Z,"[{'id': 5777385011, 'qualifierId': 189}, {'id': 5777384967, 'qualifierId': 1}, {'id': 5777384959, 'qualifierId': 140, 'value': '57.7'}, {'id': 5777385705, 'qualifierId': 124}, {'id': 5777384961, 'qualifierId': 141, 'value': '33.4'}, {'id': 5785725751, 'qualifierId': 74}, {'id': 5777384965, 'qualifierId': 213, 'value': '6.06'}, {'id': 5777384963, 'qualifierId': 212, 'value': '57.3'}, {'id': 5777384957, 'qualifierId': 56, 'value': 'Center'}]",53uflfknc5uus7iqw3obp5fx1,J. Campbell,,,Houston Dash,Away
2823756973,494,49,2,55,6,b4fbmos00gxtk8qnaqsm392p5,1,32.9,68.5,2025-06-22T00:51:02.059Z,2025-06-22T00:51:02Z,[],cqpdeqi0psfadqsgejcvdqqne,M. Berkely,,,North Carolina Courage,Home
2823756991,495,1,2,55,7,b4fbmos00gxtk8qnaqsm392p5,1,32.9,68.5,2025-06-22T00:51:02.907Z,2025-06-22T00:51:05Z,"[{'id': 5777385173, 'qualifierId': 212, 'value': '6.6'}, {'id': 5777385169, 'qualifierId': 140, 'value': '38.2'}, {'id': 5777385171, 'qualifierId': 141, 'value': '63.3'}, {'id': 5777385167, 'qualifierId': 56, 'value': 'Back'}, {'id': 5777385175, 'qualifierId': 213, 'value': '5.72'}]",cqpdeqi0psfadqsgejcvdqqne,M. Berkely,,,North Carolina Courage,Home
2823757013,496,1,2,55,9,b4fbmos00gxtk8qnaqsm392p5,1,38.4,63.3,2025-06-22T00:51:05.052Z,2025-06-22T00:51:10Z,"[{'id': 5777385305, 'qualifierId': 140, 'value': '30.5'}, {'id': 5777385309, 'qualifierId': 212, 'value': '8.9'}, {'id': 5777385311, 'qualifierId': 213, 'value': '2.78'}, {'id': 5777385307, 'qualifierId': 141, 'value': '67.9'}, {'id': 5777385303, 'qualifierId': 56, 'value': 'Back'}]",bxj6bpjfxkumj112yoco9wahg,R. Jackson,,,North Carolina Courage,Home
2823757019,497,1,2,55,14,b4fbmos00gxtk8qnaqsm392p5,1,30.3,67.9,2025-06-22T00:51:10.427Z,2025-06-22T00:51:11Z,"[{'id': 5777385339, 'qualifierId': 141, 'value': '55.5'}, {'id': 5777385337, 'qualifierId': 140, 'value': '28.7'}, {'id': 5777385343, 'qualifierId': 213, 'value': '4.52'}, {'id': 5777385335, 'qualifierId': 56, 'value': 'Back'}, {'id': 5777385341, 'qualifierId': 212, 'value': '8.6'}]",cqpdeqi0psfadqsgejcvdqqne,M. Berkely,,,North Carolina Courage,Home
2823757039,498,1,2,55,16,b4fbmos00gxtk8qnaqsm392p5,1,28.8,51.8,2025-06-22T00:51:11.836Z,2025-06-22T00:51:13Z,"[{'id': 5777385417, 'qualifierId': 141, 'value': '46.1'}, {'id': 5777385421, 'qualifierId': 213, 'value': '6.16'}, {'id': 5777385419, 'qualifierId': 212, 'value': '31.6'}, {'id': 5777385415, 'qualifierId': 140, 'value': '58.7'}, {'id': 5777385413, 'qualifierId': 56, 'value': 'Center'}]",1p3bwk03ay87hp2nwrl3tfxwq,K. Kurtz,,,North Carolina Courage,Home
2823757045,499,1,2,55,17,b4fbmos00gxtk8qnaqsm392p5,1,58.9,46.1,2025-06-22T00:51:13.299Z,2025-06-22T00:51:14Z,"[{'id': 5777385503, 'qualifierId': 212, 'value': '6.6'}, {'id': 5777385497, 'qualifierId': 56, 'value': 'Center'}, {'id': 5777385499, 'qualifierId': 140, 'value': '57.7'}, {'id': 5777385501, 'qualifierId': 141, 'value': '36.6'}, {'id': 5777385505, 'qualifierId': 213, 'value': '4.52'}]",3ytdxf659yjtnml5zzpxl01k9,C. Vine,,,North Carolina Courage,Home
2823757087,500,1,2,55,19,b4fbmos00gxtk8qnaqsm392p5,1,58.9,34.9,2025-06-22T00:51:14.644Z,2025-06-22T00:51:21Z,"[{'id': 5777385773, 'qualifierId': 141, 'value': '12.5'}, {'id': 5777385775, 'qualifierId': 212, 'value': '18.0'}, {'id': 5777385771, 'qualifierId': 140, 'value': '68.0'}, {'id': 5777385769, 'qualifierId': 56, 'value': 'Right'}, {'id': 5777385777, 'qualifierId': 213, 'value': '5.27'}]",90bm7jsl7sjqiel7u2tv0vgq2,M. Matsukubo,,,North Carolina Courage,Home
2823757099,501,1,2,55,25,b4fbmos00gxtk8qnaqsm392p5,0,86.2,32.8,2025-06-22T00:51:21.028Z,2025-06-22T00:51:22Z,"[{'id': 5777385841, 'qualifierId': 212, 'value': '4.5'}, {'id': 5777385843, 'qualifierId': 213, 'value': '2.86'}, {'id': 5777385839, 'qualifierId': 141, 'value': '34.6'}, {'id': 5777385837, 'qualifierId': 140, 'value': '82.1'}, {'id': 5777385835, 'qualifierId': 56, 'value': 'Center'}]",7fk82cjz0z5vq2ts3vmz8has5,D. O'Sullivan,,,North Carolina Courage,Home
2823757127,480,49,2,55,28,c3v2ohfuzoqmc8ljm65hi80sj,1,15.4,63.3,2025-06-22T00:51:23.636Z,2025-06-24T14:22:18Z,[],270qzf9ig52z04iu3ujnmstg4,R. Gareis,,,Houston Dash,Away
2823757165,481,1,2,55,29,c3v2ohfuzoqmc8ljm65hi80sj,0,15.2,63.7,2025-06-22T00:51:24.821Z,2025-06-24T14:22:21Z,"[{'id': 5777386163, 'qualifierId': 157}, {'id': 5777386173, 'qualifierId': 213, 'value': '0.52'}, {'id': 5777386165, 'qualifierId': 56, 'value': 'Left'}, {'id': 5777386169, 'qualifierId': 141, 'value': '100.0'}, {'id': 5777386171, 'qualifierId': 212, 'value': '52.6'}, {'id': 5777386167, 'qualifierId': 140, 'value': '58.8'}, {'id': 5777386175, 'qualifierId': 1}]",270qzf9ig52z04iu3ujnmstg4,R. Gareis,,,Houston Dash,Away
2823757171,482,5,2,55,32,c3v2ohfuzoqmc8ljm65hi80sj,0,59.4,102.0,2025-06-22T00:51:28.212Z,2025-06-22T01:54:15Z,"[{'id': 5777386213, 'qualifierId': 347}, {'id': 5777386247, 'qualifierId': 233, 'value': '502'}, {'id': 5777386211, 'qualifierId': 56, 'value': 'Left'}]",1c2boqmoi50esuelgdd96o06h,D. Colaprico,,,Houston Dash,Away
2823757179,502,5,2,55,32,b4fbmos00gxtk8qnaqsm392p5,1,40.6,-2.0,2025-06-22T00:51:28.212Z,2025-06-22T00:51:31Z,"[{'id': 5777386223, 'qualifierId': 56, 'value': 'Back'}, {'id': 5777386229, 'qualifierId': 233, 'value': '482'}, {'id': 5777386225, 'qualifierId': 347}]",cbco4ht0d7uk1thgam6vc0ep6,M. Bell,,,North Carolina Courage,Home
2823757349,503,1,2,55,50,b4fbmos00gxtk8qnaqsm392p5,1,39.4,0.0,2025-06-22T00:51:45.819Z,2025-06-22T00:51:47Z,"[{'id': 5777387169, 'qualifierId': 212, 'value': '11.1'}, {'id': 5777387165, 'qualifierId': 140, 'value': '47.8'}, {'id': 5777387161, 'qualifierId': 107}, {'id': 5777387163, 'qualifierId': 56, 'value': 'Back'}, {'id': 5777387171, 'qualifierId': 213, 'value': '0.66'}, {'id': 5777387167, 'qualifierId': 141, 'value': '8.0'}]",1x229gvjahkxp7w02bh0v36ga,R. Williams,,,North Carolina Courage,Home
2824137473,788,83,2,55,50,c3v2ohfuzoqmc8ljm65hi80sj,1,43.0,91.9,2025-06-22T00:51:46.167Z,2025-06-24T14:22:48Z,"[{'id': 5779526105, 'qualifierId': 399, 'value': '7fk82cjz0z5vq2ts3vmz8has5'}]",270qzf9ig52z04iu3ujnmstg4,R. Gareis,,,Houston Dash,Away
2823757355,504,61,2,55,51,b4fbmos00gxtk8qnaqsm392p5,0,53.5,4.9,2025-06-22T00:51:47.515Z,2025-06-22T00:51:47Z,"[{'id': 5777387195, 'qualifierId': 56, 'value': 'Right'}]",7fk82cjz0z5vq2ts3vmz8has5,D. O'Sullivan,,,North Carolina Courage,Home
2823757409,483,5,2,55,52,c3v2ohfuzoqmc8ljm65hi80sj,1,45.3,101.2,2025-06-22T00:51:48.236Z,2025-06-22T01:54:15Z,"[{'id': 5777387499, 'qualifierId': 233, 'value': '505'}, {'id': 5777387477, 'qualifierId': 56, 'value': 'Back'}, {'id': 5777387479, 'qualifierId': 347}]",270qzf9ig52z04iu3ujnmstg4,R. Gareis,,,Houston Dash,Away
2823757357,505,5,2,55,52,b4fbmos00gxtk8qnaqsm392p5,0,54.7,-1.2,2025-06-22T00:51:48.236Z,2025-06-22T01:54:15Z,"[{'id': 5777387207, 'qualifierId': 347}, {'id': 5777387205, 'qualifierId': 56, 'value': 'Right'}, {'id': 5777387505, 'qualifierId': 233, 'value': '483'}]",7fk82cjz0z5vq2ts3vmz8has5,D. O'Sullivan,,,North Carolina Courage,Home
2823757417,484,1,2,55,59,c3v2ohfuzoqmc8ljm65hi80sj,0,43.7,100.0,2025-06-22T00:51:54.772Z,2025-06-22T00:51:56Z,"[{'id': 5777387535, 'qualifierId': 140, 'value': '56.1'}, {'id': 5777387531, 'qualifierId': 107}, {'id': 5777387537, 'qualifierId': 141, 'value': '78.8'}, {'id': 5777387539, 'qualifierId': 212, 'value': '19.7'}, {'id': 5777387533, 'qualifierId': 56, 'value': 'Center'}, {'id': 5777387541, 'qualifierId': 213, 'value': '5.44'}]",n4egj8ymfled94mco0lwa95,C. Westphal,,,Houston Dash,Away
2823757421,506,8,2,56,0,b4fbmos00gxtk8qnaqsm392p5,1,41.2,10.7,2025-06-22T00:51:56.452Z,2025-06-24T14:22:54Z,"[{'id': 5779526111, 'qualifierId': 383}, {'id': 5777387563, 'qualifierId': 56, 'value': 'Back'}]",7fk82cjz0z5vq2ts3vmz8has5,D. O'Sullivan,,,North Carolina Courage,Home
2823757435,507,49,2,56,1,b4fbmos00gxtk8qnaqsm392p5,1,38.3,11.4,2025-06-22T00:51:57.563Z,2025-06-22T00:51:57Z,[],bxj6bpjfxkumj112yoco9wahg,R. Jackson,,,North Carolina Courage,Home
2823757463,508,1,2,56,2,b4fbmos00gxtk8qnaqsm392p5,1,38.3,11.4,2025-06-22T00:51:57.779Z,2025-06-22T00:51:59Z,"[{'id': 5777387773, 'qualifierId': 140, 'value': '25.9'}, {'id': 5777387779, 'qualifierId': 213, 'value': '2.73'}, {'id': 5777387777, 'qualifierId': 212, 'value': '14.2'}, {'id': 5777387775, 'qualifierId': 141, 'value': '19.8'}, {'id': 5777387771, 'qualifierId': 56, 'value': 'Back'}]",bxj6bpjfxkumj112yoco9wahg,R. Jackson,,,North Carolina Courage,Home
2823757499,509,1,2,56,4,b4fbmos00gxtk8qnaqsm392p5,1,26.1,21.2,2025-06-22T00:51:59.899Z,2025-06-22T00:52:03Z,"[{'id': 5777387957, 'qualifierId': 213, 'value': '2.38'}, {'id': 5777387949, 'qualifierId': 56, 'value': 'Back'}, {'id': 5777387955, 'qualifierId': 212, 'value': '22.5'}, {'id': 5777387951, 'qualifierId': 140, 'value': '10.6'}, {'id': 5777387953, 'qualifierId': 141, 'value': '44.0'}]",cbco4ht0d7uk1thgam6vc0ep6,M. Bell,,,North Carolina Courage,Home
2823757557,510,1,2,56,7,b4fbmos00gxtk8qnaqsm392p5,1,10.6,44.0,2025-06-22T00:52:03.170Z,2025-06-22T00:52:10Z,"[{'id': 5777388303, 'qualifierId': 56, 'value': 'Back'}, {'id': 5777388313, 'qualifierId': 1}, {'id': 5777388305, 'qualifierId': 140, 'value': '26.7'}, {'id': 5777388311, 'qualifierId': 213, 'value': '1.03'}, {'id': 5777388307, 'qualifierId': 141, 'value': '85.1'}, {'id': 5777388309, 'qualifierId': 212, 'value': '32.7'}]",3qj9t05behkav9okd8n2wywh5,C. Murphy,,,North Carolina Courage,Home
2823757581,511,1,2,56,14,b4fbmos00gxtk8qnaqsm392p5,1,31.0,90.3,2025-06-22T00:52:10.571Z,2025-06-22T00:52:14Z,"[{'id': 5777388413, 'qualifierId': 141, 'value': '96.9'}, {'id': 5777388411, 'qualifierId': 140, 'value': '40.9'}, {'id': 5777388409, 'qualifierId': 56, 'value': 'Back'}, {'id': 5777388415, 'qualifierId': 212, 'value': '11.3'}, {'id': 5777388417, 'qualifierId': 213, 'value': '0.41'}]",cqpdeqi0psfadqsgejcvdqqne,M. Berkely,,,North Carolina Courage,Home
2823757623,512,1,2,56,18,b4fbmos00gxtk8qnaqsm392p5,1,38.7,96.8,2025-06-22T00:52:14.059Z,2025-06-22T00:52:17Z,"[{'id': 5777388653, 'qualifierId': 140, 'value': '26.4'}, {'id': 5777388659, 'qualifierId': 213, 'value': '3.17'}, {'id': 5777388657, 'qualifierId': 212, 'value': '12.9'}, {'id': 5777388655, 'qualifierId': 141, 'value': '96.3'}, {'id': 5777388651, 'qualifierId': 56, 'value': 'Back'}]",awme1kk0t2w81hc4xcup7k222,T. Lussi,,,North Carolina Courage,Home
2823757649,513,1,2,56,21,b4fbmos00gxtk8qnaqsm392p5,1,25.2,88.9,2025-06-22T00:52:17.315Z,2025-06-22T00:52:19Z,"[{'id': 5777388793, 'qualifierId': 212, 'value': '12.1'}, {'id': 5777388789, 'qualifierId': 140, 'value': '21.1'}, {'id': 5777388787, 'qualifierId': 56, 'value': 'Back'}, {'id': 5777388795, 'qualifierId': 213, 'value': '4.35'}, {'id': 5777388791, 'qualifierId': 141, 'value': '72.3'}]",cqpdeqi0psfadqsgejcvdqqne,M. Berkely,,,North Carolina Courage,Home
2823757703,514,1,2,56,23,b4fbmos00gxtk8qnaqsm392p5,1,21.1,72.3,2025-06-22T00:52:19.075Z,2025-06-22T00:52:24Z,"[{'id': 5777389083, 'qualifierId': 213, 'value': '6.24'}, {'id': 5777389079, 'qualifierId': 141, 'value': '71.8'}, {'id': 5777389077, 'qualifierId': 140, 'value': '29.5'}, {'id': 5777389075, 'qualifierId': 56, 'value': 'Back'}, {'id': 5777389081, 'qualifierId': 212, 'value': '8.8'}]",1p3bwk03ay87hp2nwrl3tfxwq,K. Kurtz,,,North Carolina Courage,Home
2823757771,515,1,2,56,28,b4fbmos00gxtk8qnaqsm392p5,1,32.6,53.3,2025-06-22T00:52:24.283Z,2025-06-22T00:52:31Z,"[{'id': 5777389443, 'qualifierId': 141, 'value': '32.1'}, {'id': 5777389445, 'qualifierId': 212, 'value': '15.0'}, {'id': 5777389441, 'qualifierId': 140, 'value': '36.7'}, {'id': 5777389439, 'qualifierId': 56, 'value': 'Back'}, {'id': 5777389447, 'qualifierId': 213, 'value': '5.00'}]",bxj6bpjfxkumj112yoco9wahg,R. Jackson,,,North Carolina Courage,Home
2823757813,516,1,2,56,35,b4fbmos00gxtk8qnaqsm392p5,1,66.4,12.3,2025-06-22T00:52:31.195Z,2025-06-22T00:52:35Z,"[{'id': 5777389617, 'qualifierId': 141, 'value': '6.5'}, {'id': 5777389621, 'qualifierId': 213, 'value': '5.71'}, {'id': 5777389613, 'qualifierId': 56, 'value': 'Right'}, {'id': 5777389619, 'qualifierId': 212, 'value': '7.3'}, {'id': 5777389615, 'qualifierId': 140, 'value': '72.2'}]",cbco4ht0d7uk1thgam6vc0ep6,M. Bell,,,North Carolina Courage,Home
2823757831,517,1,2,56,40,b4fbmos00gxtk8qnaqsm392p5,1,65.9,13.5,2025-06-22T00:52:35.842Z,2025-06-22T00:52:37Z,"[{'id': 5777389719, 'qualifierId': 212, 'value': '5.1'}, {'id': 5777389715, 'qualifierId': 140, 'value': '62.7'}, {'id': 5777389713, 'qualifierId': 56, 'value': 'Right'}, {'id': 5777389717, 'qualifierId': 141, 'value': '7.9'}, {'id': 5777389721, 'qualifierId': 213, 'value': '3.99'}]",1x229gvjahkxp7w02bh0v36ga,R. Williams,,,North Carolina Courage,Home
2823757865,518,1,2,56,41,b4fbmos00gxtk8qnaqsm392p5,1,61.3,7.0,2025-06-22T00:52:37.011Z,2025-06-22T00:52:39Z,"[{'id': 5777389889, 'qualifierId': 140, 'value': '53.8'}, {'id': 5777389887, 'qualifierId': 56, 'value': 'Center'}, {'id': 5777389893, 'qualifierId': 212, 'value': '17.7'}, {'id': 5777389891, 'qualifierId': 141, 'value': '30.3'}, {'id': 5777389895, 'qualifierId': 213, 'value': '2.03'}]",bxj6bpjfxkumj112yoco9wahg,R. Jackson,,,North Carolina Courage,Home
2823757883,519,1,2,56,43,b4fbmos00gxtk8qnaqsm392p5,0,55.1,31.2,2025-06-22T00:52:39.491Z,2025-06-22T00:52:41Z,"[{'id': 5777389969, 'qualifierId': 155}, {'id': 5777389977, 'qualifierId': 212, 'value': '38.8'}, {'id': 5777389981, 'qualifierId': 1}, {'id': 5777389971, 'qualifierId': 56, 'value': 'Center'}, {'id': 5777389975, 'qualifierId': 141, 'value': '72.0'}, {'id': 5777389979, 'qualifierId': 213, 'value': '0.80'}, {'id': 5777389973, 'qualifierId': 140, 'value': '81.0'}]",1p3bwk03ay87hp2nwrl3tfxwq,K. Kurtz,,,North Carolina Courage,Home
2823757893,485,12,2,56,46,c3v2ohfuzoqmc8ljm65hi80sj,1,19.9,23.9,2025-06-22T00:52:41.820Z,2025-06-22T00:52:52Z,"[{'id': 5777390037, 'qualifierId': 213, 'value': '5.58'}, {'id': 5777390057, 'qualifierId': 15}, {'id': 5777390031, 'qualifierId': 140, 'value': '27.8'}, {'id': 5777390035, 'qualifierId': 212, 'value': '10.9'}, {'id': 5777390029, 'qualifierId': 56, 'value': 'Back'}, {'id': 5777390033, 'qualifierId': 141, 'value': '13.5'}]",edwr7f7jwnxm1plk91fx8hfro,M. Alozie,,,Houston Dash,Away
2823757939,520,1,2,56,51,b4fbmos00gxtk8qnaqsm392p5,0,97.0,75.0,2025-06-22T00:52:47.483Z,2025-06-24T14:23:46Z,"[{'id': 5777390255, 'qualifierId': 212, 'value': '1.5'}, {'id': 5777390251, 'qualifierId': 140, 'value': '96.4'}, {'id': 5779526279, 'qualifierId': 195}, {'id': 5777390257, 'qualifierId': 213, 'value': '4.28'}, {'id': 5777390253, 'qualifierId': 141, 'value': '73.0'}, {'id': 5777390249, 'qualifierId': 56, 'value': 'Center'}]",8afwde4025w5wxddyf2ouoine,S. Koyama,,,North Carolina Courage,Home
2824137509,789,61,2,56,53,c3v2ohfuzoqmc8ljm65hi80sj,1,5.0,30.8,2025-06-22T00:52:48.923Z,2025-06-24T14:23:54Z,"[{'id': 5779526317, 'qualifierId': 56, 'value': 'Back'}]",edwr7f7jwnxm1plk91fx8hfro,M. Alozie,,,Houston Dash,Away
2823758151,523,61,2,56,54,b4fbmos00gxtk8qnaqsm392p5,0,91.4,51.8,2025-06-22T00:52:49.922Z,2025-06-22T00:53:19Z,"[{'id': 5777391383, 'qualifierId': 56, 'value': 'Center'}]",1x229gvjahkxp7w02bh0v36ga,R. Williams,,,North Carolina Courage,Home
2823757985,487,50,2,56,55,c3v2ohfuzoqmc8ljm65hi80sj,1,9.4,49.0,2025-06-22T00:52:51.241Z,2025-06-22T00:53:16Z,"[{'id': 5777390465, 'qualifierId': 56, 'value': 'Back'}, {'id': 5777391369, 'qualifierId': 233, 'value': '521'}, {'id': 5777390467, 'qualifierId': 285}]",6089nfwh31ha73pl7vlla75cl,S. Puntigam,,,Houston Dash,Away
2823757957,521,7,2,56,55,b4fbmos00gxtk8qnaqsm392p5,0,90.6,51.0,2025-06-22T00:52:51.242Z,2025-06-24T14:24:17Z,"[{'id': 5777390363, 'qualifierId': 56, 'value': 'Center'}, {'id': 5777391357, 'qualifierId': 233, 'value': '487'}, {'id': 5779526397, 'qualifierId': 384}, {'id': 5777390365, 'qualifierId': 286}]",1x229gvjahkxp7w02bh0v36ga,R. Williams,,,North Carolina Courage,Home
2823759751,504,61,2,56,56,c3v2ohfuzoqmc8ljm65hi80sj,0,9.6,54.2,2025-06-22T00:52:51.684Z,2025-06-24T14:26:03Z,"[{'id': 5777400275, 'qualifierId': 56, 'value': 'Back'}]",n4egj8ymfled94mco0lwa95,C. Westphal,,,Houston Dash,Away
2823759651,556,50,2,56,56,b4fbmos00gxtk8qnaqsm392p5,1,90.3,47.2,2025-06-22T00:52:52.293Z,2025-06-22T01:43:35Z,"[{'id': 5777400437, 'qualifierId': 286}, {'id': 5777399697, 'qualifierId': 56, 'value': 'Center'}, {'id': 5777400447, 'qualifierId': 233, 'value': '501'}]",7fk82cjz0z5vq2ts3vmz8has5,D. O'Sullivan,,,North Carolina Courage,Home
2823759491,501,7,2,56,56,c3v2ohfuzoqmc8ljm65hi80sj,1,9.7,52.8,2025-06-22T00:52:52.294Z,2025-06-24T14:26:19Z,"[{'id': 5777398905, 'qualifierId': 56, 'value': 'Back'}, {'id': 5779526795, 'qualifierId': 385}, {'id': 5777398907, 'qualifierId': 285}, {'id': 5777400439, 'qualifierId': 233, 'value': '556'}]",n4egj8ymfled94mco0lwa95,C. Westphal,,,Houston Dash,Away
2823757961,486,43,2,56,56,c3v2ohfuzoqmc8ljm65hi80sj,1,0.0,0.0,2025-06-22T00:52:52.308Z,2025-06-24T14:26:29Z,"[{'id': 5777390379, 'qualifierId': 56, 'value': 'Back'}, {'id': 5779526833, 'qualifierId': 144, 'value': '61'}]",edwr7f7jwnxm1plk91fx8hfro,M. Alozie,,,Houston Dash,Away
2823758369,489,12,2,56,57,c3v2ohfuzoqmc8ljm65hi80sj,1,8.2,62.6,2025-06-22T00:52:53.356Z,2025-07-01T14:26:16Z,"[{'id': 5777392687, 'qualifierId': 140, 'value': '8.5'}, {'id': 5777392689, 'qualifierId': 141, 'value': '65.5'}, {'id': 5777392685, 'qualifierId': 56, 'value': 'Back'}, {'id': 5777392693, 'qualifierId': 213, 'value': '1.41'}, {'id': 5777392691, 'qualifierId': 212, 'value': '2.0'}]",n4egj8ymfled94mco0lwa95,C. Westphal,,,Houston Dash,Away
2823758007,522,13,2,56,58,b4fbmos00gxtk8qnaqsm392p5,1,91.3,45.5,2025-06-22T00:52:54.122Z,2025-07-01T14:26:51Z,"[{'id': 5777401529, 'qualifierId': 458}, {'id': 5777401521, 'qualifierId': 75}, {'id': 5777401525, 'qualifierId': 103, 'value': '1.4'}, {'id': 5777401533, 'qualifierId': 146, 'value': '97.2'}, {'id': 5777401539, 'qualifierId': 230, 'value': '98.6'}, {'id': 5777401523, 'qualifierId': 102, 'value': '0.3'}, {'id': 5777401535, 'qualifierId': 147, 'value': '0'}, {'id': 5777400829, 'qualifierId': 20}, {'id': 5777401531, 'qualifierId': 153}, {'id': 5777401527, 'qualifierId': 328}, {'id': 5777401541, 'qualifierId': 231, 'value': '48.4'}, {'id': 5777390601, 'qualifierId': 22}, {'id': 5777390605, 'qualifierId': 56, 'value': 'Center'}, {'id': 5777401537, 'qualifierId': 276}, {'id': 5777390603, 'qualifierId': 17}]",1x229gvjahkxp7w02bh0v36ga,R. Williams,,,North Carolina Courage,Home
2823758327,488,5,2,57,5,c3v2ohfuzoqmc8ljm65hi80sj,1,4.8,101.7,2025-06-22T00:53:01.548Z,2025-07-01T14:27:02Z,"[{'id': 5777392405, 'qualifierId': 347}, {'id': 5777392407, 'qualifierId': 233, 'value': '524'}, {'id': 5777392403, 'qualifierId': 56, 'value': 'Back'}]",6089nfwh31ha73pl7vlla75cl,S. Puntigam,,,Houston Dash,Away
2823758203,524,5,2,57,5,b4fbmos00gxtk8qnaqsm392p5,0,95.2,-1.7,2025-06-22T00:53:01.548Z,2025-07-01T14:27:04Z,"[{'id': 5777392411, 'qualifierId': 233, 'value': '488'}, {'id': 5777391707, 'qualifierId': 56, 'value': 'Right'}, {'id': 5777391709, 'qualifierId': 347}]",1x229gvjahkxp7w02bh0v36ga,R. Williams,,,North Carolina Courage,Home
2823758511,527,17,2,57,39,b4fbmos00gxtk8qnaqsm392p5,1,0.0,0.0,2025-06-22T00:53:35.105Z,2025-07-01T14:27:14Z,"[{'id': 5777393433, 'qualifierId': 283, 'value': 'ajse7ikx4axbrx8twhgcob1lh'}, {'id': 5777393429, 'qualifierId': 184}, {'id': 5777393427, 'qualifierId': 31}]",,,,,North Carolina Courage,Home
2823758469,490,1,2,57,55,c3v2ohfuzoqmc8ljm65hi80sj,0,1.7,100.0,2025-06-22T00:53:51.524Z,2025-07-01T14:29:08Z,"[{'id': 5777393207, 'qualifierId': 213, 'value': '5.96'}, {'id': 5777393199, 'qualifierId': 56, 'value': 'Back'}, {'id': 5777473577, 'qualifierId': 189}, {'id': 5777393201, 'qualifierId': 140, 'value': '7.7'}, {'id': 5777393205, 'qualifierId': 212, 'value': '6.6'}, {'id': 5777393197, 'qualifierId': 107}, {'id': 5777393203, 'qualifierId': 141, 'value': '97.5'}]",n4egj8ymfled94mco0lwa95,C. Westphal,,,Houston Dash,Away
2824137625,841,61,2,57,56,b4fbmos00gxtk8qnaqsm392p5,1,91.9,3.1,2025-06-22T00:53:51.669Z,2025-07-01T14:29:11Z,"[{'id': 5779527021, 'qualifierId': 189}, {'id': 5779527019, 'qualifierId': 56, 'value': 'Right'}]",awme1kk0t2w81hc4xcup7k222,T. Lussi,,,North Carolina Courage,Home
2823758445,525,3,2,58,0,b4fbmos00gxtk8qnaqsm392p5,0,92.8,5.6,2025-06-22T00:53:55.851Z,2025-06-24T14:27:39Z,"[{'id': 5777393083, 'qualifierId': 56, 'value': 'Right'}, {'id': 5777393085, 'qualifierId': 286}, {'id': 5777474129, 'qualifierId': 233, 'value': '492'}, {'id': 5779527061, 'qualifierId': 464}]",90bm7jsl7sjqiel7u2tv0vgq2,M. Matsukubo,,,North Carolina Courage,Home
2823758475,492,7,2,58,0,c3v2ohfuzoqmc8ljm65hi80sj,1,7.2,94.4,2025-06-22T00:53:55.852Z,2025-06-24T14:27:41Z,"[{'id': 5777393251, 'qualifierId': 56, 'value': 'Back'}, {'id': 5779527063, 'qualifierId': 385}, {'id': 5777473713, 'qualifierId': 285}, {'id': 5777474125, 'qualifierId': 233, 'value': '525'}, {'id': 5777473837, 'qualifierId': 167}]",n4egj8ymfled94mco0lwa95,C. Westphal,,,Houston Dash,Away
2823758487,493,5,2,58,4,c3v2ohfuzoqmc8ljm65hi80sj,0,6.7,101.5,2025-06-22T00:53:59.939Z,2025-06-22T01:54:16Z,"[{'id': 5777393319, 'qualifierId': 233, 'value': '526'}, {'id': 5777393289, 'qualifierId': 347}, {'id': 5777393287, 'qualifierId': 56, 'value': 'Back'}]",n4egj8ymfled94mco0lwa95,C. Westphal,,,Houston Dash,Away
2823758465,526,5,2,58,4,b4fbmos00gxtk8qnaqsm392p5,1,93.3,-1.5,2025-06-22T00:53:59.939Z,2025-06-22T01:54:16Z,"[{'id': 5777393181, 'qualifierId': 347}, {'id': 5777393179, 'qualifierId': 56, 'value': 'Right'}, {'id': 5777393303, 'qualifierId': 233, 'value': '493'}]",90bm7jsl7sjqiel7u2tv0vgq2,M. Matsukubo,,,North Carolina Courage,Home
2823758473,491,43,2,58,5,c3v2ohfuzoqmc8ljm65hi80sj,1,0.0,0.0,2025-06-22T00:54:01.372Z,2025-06-22T01:41:37Z,"[{'id': 5777393247, 'qualifierId': 213, 'value': '3.12'}, {'id': 5777393239, 'qualifierId': 56, 'value': 'Back'}, {'id': 5777393245, 'qualifierId': 212, 'value': '3.2'}, {'id': 5777393241, 'qualifierId': 140, 'value': '9.5'}, {'id': 5777473645, 'qualifierId': 144, 'value': '1'}, {'id': 5777393243, 'qualifierId': 141, 'value': '92.1'}]",6089nfwh31ha73pl7vlla75cl,S. Puntigam,,,Houston Dash,Away
2823758593,528,1,2,58,23,b4fbmos00gxtk8qnaqsm392p5,0,92.8,0.0,2025-06-22T00:54:19.386Z,2025-06-24T14:30:03Z,"[{'id': 5777393981, 'qualifierId': 213, 'value': '1.63'}, {'id': 5777393977, 'qualifierId': 141, 'value': '33.3'}, {'id': 5777393983, 'qualifierId': 1}, {'id': 5777393973, 'qualifierId': 56, 'value': 'Center'}, {'id': 5777393979, 'qualifierId': 212, 'value': '24.0'}, {'id': 5777393971, 'qualifierId': 107}, {'id': 5777393975, 'qualifierId': 140, 'value': '91.5'}]",1p3bwk03ay87hp2nwrl3tfxwq,K. Kurtz,,,North Carolina Courage,Home
2823758605,494,12,2,58,24,c3v2ohfuzoqmc8ljm65hi80sj,1,12.8,67.9,2025-06-22T00:54:20.467Z,2025-06-22T00:54:30Z,"[{'id': 5777394043, 'qualifierId': 140, 'value': '12.2'}, {'id': 5777394049, 'qualifierId': 213, 'value': '1.63'}, {'id': 5777394069, 'qualifierId': 15}, {'id': 5777394041, 'qualifierId': 56, 'value': 'Back'}, {'id': 5777394045, 'qualifierId': 141, 'value': '84.1'}, {'id': 5777394047, 'qualifierId': 212, 'value': '11.0'}]",n4egj8ymfled94mco0lwa95,C. Westphal,,,Houston Dash,Away
2823758617,529,1,2,58,26,b4fbmos00gxtk8qnaqsm392p5,0,87.7,11.9,2025-06-22T00:54:21.745Z,2025-06-24T14:30:17Z,"[{'id': 5779527595, 'qualifierId': 72}, {'id': 5777394099, 'qualifierId': 155}, {'id': 5777394107, 'qualifierId': 212, 'value': '12.5'}, {'id': 5779527593, 'qualifierId': 223}, {'id': 5777394103, 'qualifierId': 140, 'value': '90.0'}, {'id': 5777394109, 'qualifierId': 213, 'value': '1.38'}, {'id': 5777394097, 'qualifierId': 2}, {'id': 5777394105, 'qualifierId': 141, 'value': '30.0'}, {'id': 5777394101, 'qualifierId': 56, 'value': 'Center'}]",1p3bwk03ay87hp2nwrl3tfxwq,K. Kurtz,,,North Carolina Courage,Home
2823758653,495,12,2,58,27,c3v2ohfuzoqmc8ljm65hi80sj,1,10.8,73.9,2025-06-22T00:54:22.868Z,2025-06-22T00:54:33Z,"[{'id': 5777394309, 'qualifierId': 212, 'value': '20.5'}, {'id': 5777394311, 'qualifierId': 213, 'value': '0.79'}, {'id': 5777394307, 'qualifierId': 141, 'value': '95.4'}, {'id': 5777394327, 'qualifierId': 15}, {'id': 5777394305, 'qualifierId': 140, 'value': '24.5'}, {'id': 5777394303, 'qualifierId': 56, 'value': 'Back'}]",n4egj8ymfled94mco0lwa95,C. Westphal,,,Houston Dash,Away
2823758715,530,1,2,58,32,b4fbmos00gxtk8qnaqsm392p5,1,66.8,2.2,2025-06-22T00:54:28.266Z,2025-06-22T00:54:32Z,"[{'id': 5777394607, 'qualifierId': 56, 'value': 'Back'}, {'id': 5777394617, 'qualifierId': 1}, {'id': 5777394609, 'qualifierId': 140, 'value': '34.8'}, {'id': 5777394611, 'qualifierId': 141, 'value': '28.5'}, {'id': 5777394615, 'qualifierId': 213, 'value': '2.65'}, {'id': 5777394613, 'qualifierId': 212, 'value': '38.1'}]",1p3bwk03ay87hp2nwrl3tfxwq,K. Kurtz,,,North Carolina Courage,Home
2823758733,531,1,2,58,36,b4fbmos00gxtk8qnaqsm392p5,1,34.1,31.0,2025-06-22T00:54:32.458Z,2025-06-22T00:54:35Z,"[{'id': 5777394749, 'qualifierId': 141, 'value': '63.7'}, {'id': 5777394747, 'qualifierId': 140, 'value': '39.3'}, {'id': 5777394745, 'qualifierId': 56, 'value': 'Back'}, {'id': 5777394753, 'qualifierId': 213, 'value': '1.33'}, {'id': 5777394751, 'qualifierId': 212, 'value': '22.9'}]",3qj9t05behkav9okd8n2wywh5,C. Murphy,,,North Carolina Courage,Home
2823758749,532,1,2,58,40,b4fbmos00gxtk8qnaqsm392p5,1,40.7,66.1,2025-06-22T00:54:35.609Z,2025-06-22T00:54:38Z,"[{'id': 5777394887, 'qualifierId': 141, 'value': '94.8'}, {'id': 5777394891, 'qualifierId': 213, 'value': '0.75'}, {'id': 5777394883, 'qualifierId': 56, 'value': 'Left'}, {'id': 5777394889, 'qualifierId': 212, 'value': '28.6'}, {'id': 5777394885, 'qualifierId': 140, 'value': '60.6'}]",bxj6bpjfxkumj112yoco9wahg,R. Jackson,,,North Carolina Courage,Home
2823758769,533,1,2,58,42,b4fbmos00gxtk8qnaqsm392p5,1,60.6,94.8,2025-06-22T00:54:38.378Z,2025-06-22T00:54:41Z,"[{'id': 5777395029, 'qualifierId': 212, 'value': '9.5'}, {'id': 5777395025, 'qualifierId': 140, 'value': '63.5'}, {'id': 5777395031, 'qualifierId': 213, 'value': '5.04'}, {'id': 5777395023, 'qualifierId': 56, 'value': 'Left'}, {'id': 5777395027, 'qualifierId': 141, 'value': '81.5'}]",8afwde4025w5wxddyf2ouoine,S. Koyama,,,North Carolina Courage,Home
2823758795,534,1,2,58,45,b4fbmos00gxtk8qnaqsm392p5,1,60.3,72.4,2025-06-22T00:54:41.074Z,2025-06-22T00:54:44Z,"[{'id': 5777395201, 'qualifierId': 141, 'value': '27.9'}, {'id': 5777395205, 'qualifierId': 213, 'value': '4.27'}, {'id': 5777395203, 'qualifierId': 212, 'value': '33.5'}, {'id': 5777395197, 'qualifierId': 56, 'value': 'Back'}, {'id': 5777395207, 'qualifierId': 1}, {'id': 5777395199, 'qualifierId': 140, 'value': '46.7'}]",awme1kk0t2w81hc4xcup7k222,T. Lussi,,,North Carolina Courage,Home
2823758837,535,1,2,58,49,b4fbmos00gxtk8qnaqsm392p5,1,56.5,22.7,2025-06-22T00:54:44.665Z,2025-06-22T00:54:51Z,"[{'id': 5777395445, 'qualifierId': 212, 'value': '12.5'}, {'id': 5777395441, 'qualifierId': 140, 'value': '68.3'}, {'id': 5777395443, 'qualifierId': 141, 'value': '25.2'}, {'id': 5777395447, 'qualifierId': 213, 'value': '0.14'}, {'id': 5777395439, 'qualifierId': 56, 'value': 'Center'}]",1p3bwk03ay87hp2nwrl3tfxwq,K. Kurtz,,,North Carolina Courage,Home
2823758869,536,1,2,58,55,b4fbmos00gxtk8qnaqsm392p5,1,76.0,16.4,2025-06-22T00:54:51.153Z,2025-06-22T00:54:55Z,"[{'id': 5777395637, 'qualifierId': 213, 'value': '1.83'}, {'id': 5777395629, 'qualifierId': 56, 'value': 'Center'}, {'id': 5777395633, 'qualifierId': 141, 'value': '30.7'}, {'id': 5777395631, 'qualifierId': 140, 'value': '73.5'}, {'id': 5777395635, 'qualifierId': 212, 'value': '10.1'}]",7fk82cjz0z5vq2ts3vmz8has5,D. O'Sullivan,,,North Carolina Courage,Home
2823758875,537,1,2,58,59,b4fbmos00gxtk8qnaqsm392p5,1,72.0,18.0,2025-06-22T00:54:55.297Z,2025-06-22T00:54:57Z,"[{'id': 5777395671, 'qualifierId': 213, 'value': '5.69'}, {'id': 5777395667, 'qualifierId': 141, 'value': '3.5'}, {'id': 5777395669, 'qualifierId': 212, 'value': '17.7'}, {'id': 5777395665, 'qualifierId': 140, 'value': '86.0'}, {'id': 5777395663, 'qualifierId': 56, 'value': 'Right'}]",90bm7jsl7sjqiel7u2tv0vgq2,M. Matsukubo,,,North Carolina Courage,Home
2823758879,538,1,2,59,1,b4fbmos00gxtk8qnaqsm392p5,1,86.0,3.5,2025-06-22T00:54:57.010Z,2025-06-22T00:54:57Z,"[{'id': 5777395703, 'qualifierId': 213, 'value': '3.01'}, {'id': 5777395699, 'qualifierId': 141, 'value': '5.0'}, {'id': 5777395697, 'qualifierId': 140, 'value': '78.8'}, {'id': 5777395695, 'qualifierId': 56, 'value': 'Right'}, {'id': 5777395701, 'qualifierId': 212, 'value': '7.6'}]",cbco4ht0d7uk1thgam6vc0ep6,M. Bell,,,North Carolina Courage,Home
2823758915,539,1,2,59,2,b4fbmos00gxtk8qnaqsm392p5,1,78.8,5.0,2025-06-22T00:54:57.841Z,2025-06-22T00:55:02Z,"[{'id': 5777395889, 'qualifierId': 141, 'value': '17.4'}, {'id': 5777395887, 'qualifierId': 140, 'value': '97.9'}, {'id': 5777395885, 'qualifierId': 56, 'value': 'Right'}, {'id': 5777395893, 'qualifierId': 213, 'value': '0.40'}, {'id': 5777395891, 'qualifierId': 212, 'value': '21.8'}]",90bm7jsl7sjqiel7u2tv0vgq2,M. Matsukubo,,,North Carolina Courage,Home
2823758925,540,1,2,59,6,b4fbmos00gxtk8qnaqsm392p5,0,98.4,17.6,2025-06-22T00:55:02.266Z,2025-06-24T14:30:55Z,"[{'id': 5777395947, 'qualifierId': 213, 'value': '1.37'}, {'id': 5777395935, 'qualifierId': 2}, {'id': 5777395939, 'qualifierId': 56, 'value': 'Center'}, {'id': 5779527745, 'qualifierId': 20}, {'id': 5777395945, 'qualifierId': 212, 'value': '15.8'}, {'id': 5777395941, 'qualifierId': 140, 'value': '100.0'}, {'id': 5779527743, 'qualifierId': 224}, {'id': 5777395937, 'qualifierId': 155}, {'id': 5777395943, 'qualifierId': 141, 'value': '40.3'}]",cbco4ht0d7uk1thgam6vc0ep6,M. Bell,,,North Carolina Courage,Home
2823759171,496,5,2,59,7,c3v2ohfuzoqmc8ljm65hi80sj,1,-1.0,59.6,2025-06-22T00:55:03.169Z,2025-06-22T01:54:16Z,"[{'id': 5777397133, 'qualifierId': 56, 'value': 'Back'}, {'id': 5777397135, 'qualifierId': 346}, {'id': 5777397143, 'qualifierId': 233, 'value': '541'}]",n4egj8ymfled94mco0lwa95,C. Westphal,,,Houston Dash,Away
2823758951,541,5,2,59,7,b4fbmos00gxtk8qnaqsm392p5,0,101.0,40.4,2025-06-22T00:55:03.169Z,2025-06-22T01:54:17Z,"[{'id': 5777396067, 'qualifierId': 346}, {'id': 5777396065, 'qualifierId': 56, 'value': 'Center'}, {'id': 5777397155, 'qualifierId': 233, 'value': '496'}]",cbco4ht0d7uk1thgam6vc0ep6,M. Bell,,,North Carolina Courage,Home
2823759181,497,1,2,59,38,c3v2ohfuzoqmc8ljm65hi80sj,0,4.6,49.3,2025-06-22T00:55:34.531Z,2025-06-24T14:33:05Z,"[{'id': 5777397187, 'qualifierId': 1}, {'id': 5777397175, 'qualifierId': 124}, {'id': 5779528247, 'qualifierId': 189}, {'id': 5777397179, 'qualifierId': 140, 'value': '49.2'}, {'id': 5777397189, 'qualifierId': 74}, {'id': 5777397185, 'qualifierId': 213, 'value': '5.79'}, {'id': 5777397181, 'qualifierId': 141, 'value': '12.3'}, {'id': 5777397177, 'qualifierId': 56, 'value': 'Back'}, {'id': 5777397183, 'qualifierId': 212, 'value': '53.2'}]",53uflfknc5uus7iqw3obp5fx1,J. Campbell,,,Houston Dash,Away
2823759199,542,49,2,59,43,b4fbmos00gxtk8qnaqsm392p5,1,54.1,87.2,2025-06-22T00:55:39.223Z,2025-06-22T00:55:39Z,[],cqpdeqi0psfadqsgejcvdqqne,M. Berkely,,,North Carolina Courage,Home
2823759257,543,1,2,59,48,b4fbmos00gxtk8qnaqsm392p5,1,55.7,70.8,2025-06-22T00:55:43.826Z,2025-06-22T00:55:46Z,"[{'id': 5777397557, 'qualifierId': 213, 'value': '5.49'}, {'id': 5777397549, 'qualifierId': 56, 'value': 'Center'}, {'id': 5777397555, 'qualifierId': 212, 'value': '20.8'}, {'id': 5777397551, 'qualifierId': 140, 'value': '69.6'}, {'id': 5777397547, 'qualifierId': 155}, {'id': 5777397553, 'qualifierId': 141, 'value': '49.0'}]",cqpdeqi0psfadqsgejcvdqqne,M. Berkely,,,North Carolina Courage,Home
2823759263,544,1,2,59,50,b4fbmos00gxtk8qnaqsm392p5,0,69.6,49.0,2025-06-22T00:55:46.378Z,2025-06-22T00:55:47Z,"[{'id': 5777397607, 'qualifierId': 3}, {'id': 5777397617, 'qualifierId': 212, 'value': '15.5'}, {'id': 5777397615, 'qualifierId': 141, 'value': '50.1'}, {'id': 5777397611, 'qualifierId': 56, 'value': 'Center'}, {'id': 5777397609, 'qualifierId': 168}, {'id': 5777397619, 'qualifierId': 213, 'value': '0.05'}, {'id': 5777397613, 'qualifierId': 140, 'value': '84.3'}]",90bm7jsl7sjqiel7u2tv0vgq2,M. Matsukubo,,,North Carolina Courage,Home
2823759367,498,12,2,59,52,c3v2ohfuzoqmc8ljm65hi80sj,1,15.1,47.6,2025-06-22T00:55:48.419Z,2025-06-22T00:56:00Z,"[{'id': 5777398145, 'qualifierId': 56, 'value': 'Back'}, {'id': 5777398153, 'qualifierId': 213, 'value': '1.64'}, {'id': 5777398147, 'qualifierId': 140, 'value': '13.5'}, {'id': 5777398149, 'qualifierId': 141, 'value': '80.9'}, {'id': 5777398151, 'qualifierId': 212, 'value': '22.7'}]",8co65x7tuvynuqvket8okb7xl,N. Jacobs,,,Houston Dash,Away
2823759309,545,1,2,59,57,b4fbmos00gxtk8qnaqsm392p5,1,86.5,13.5,2025-06-22T00:55:53.105Z,2025-06-22T00:55:54Z,"[{'id': 5777397839, 'qualifierId': 212, 'value': '10.0'}, {'id': 5777397837, 'qualifierId': 141, 'value': '27.4'}, {'id': 5777397835, 'qualifierId': 140, 'value': '83.5'}, {'id': 5777397841, 'qualifierId': 213, 'value': '1.89'}, {'id': 5777397833, 'qualifierId': 56, 'value': 'Center'}]",1x229gvjahkxp7w02bh0v36ga,R. Williams,,,North Carolina Courage,Home
2823759313,546,1,2,59,58,b4fbmos00gxtk8qnaqsm392p5,0,83.7,27.6,2025-06-22T00:55:54.297Z,2025-06-22T00:55:54Z,"[{'id': 5777397855, 'qualifierId': 140, 'value': '83.2'}, {'id': 5777397857, 'qualifierId': 141, 'value': '33.7'}, {'id': 5777397859, 'qualifierId': 212, 'value': '4.2'}, {'id': 5777397853, 'qualifierId': 56, 'value': 'Center'}, {'id': 5777397861, 'qualifierId': 213, 'value': '1.70'}]",7fk82cjz0z5vq2ts3vmz8has5,D. O'Sullivan,,,North Carolina Courage,Home
2823759383,500,61,2,60,2,c3v2ohfuzoqmc8ljm65hi80sj,1,16.3,72.1,2025-06-22T00:55:58.124Z,2025-06-22T00:56:05Z,"[{'id': 5777398253, 'qualifierId': 56, 'value': 'Back'}]",270qzf9ig52z04iu3ujnmstg4,R. Gareis,,,Houston Dash,Away
2823759379,499,12,2,60,4,c3v2ohfuzoqmc8ljm65hi80sj,1,14.0,81.5,2025-06-22T00:56:00.315Z,2025-06-22T00:56:03Z,"[{'id': 5777398245, 'qualifierId': 140, 'value': '47.8'}, {'id': 5777398247, 'qualifierId': 141, 'value': '78.7'}, {'id': 5777398249, 'qualifierId': 212, 'value': '35.5'}, {'id': 5777398243, 'qualifierId': 56, 'value': 'Back'}, {'id': 5777398251, 'qualifierId': 213, 'value': '6.23'}]",270qzf9ig52z04iu3ujnmstg4,R. Gareis,,,Houston Dash,Away
2823759425,547,1,2,60,13,b4fbmos00gxtk8qnaqsm392p5,1,32.9,30.4,2025-06-22T00:56:08.633Z,2025-06-22T00:56:09Z,"[{'id': 5777398511, 'qualifierId': 213, 'value': '1.37'}, {'id': 5777398509, 'qualifierId': 212, 'value': '22.6'}, {'id': 5777398507, 'qualifierId': 141, 'value': '63.0'}, {'id': 5777398505, 'qualifierId': 140, 'value': '37.1'}, {'id': 5777398503, 'qualifierId': 56, 'value': 'Back'}]",1p3bwk03ay87hp2nwrl3tfxwq,K. Kurtz,,,North Carolina Courage,Home
2823759443,548,1,2,60,13,b4fbmos00gxtk8qnaqsm392p5,1,37.1,63.0,2025-06-22T00:56:09.473Z,2025-06-22T00:56:10Z,"[{'id': 5777398631, 'qualifierId': 212, 'value': '19.7'}, {'id': 5777398629, 'qualifierId': 141, 'value': '34.3'}, {'id': 5777398627, 'qualifierId': 140, 'value': '34.3'}, {'id': 5777398633, 'qualifierId': 213, 'value': '4.56'}, {'id': 5777398625, 'qualifierId': 56, 'value': 'Back'}]",cqpdeqi0psfadqsgejcvdqqne,M. Berkely,,,North Carolina Courage,Home
2823759453,549,1,2,60,15,b4fbmos00gxtk8qnaqsm392p5,1,34.4,30.0,2025-06-22T00:56:10.665Z,2025-06-22T00:56:12Z,"[{'id': 5777398685, 'qualifierId': 140, 'value': '41.0'}, {'id': 5777398689, 'qualifierId': 212, 'value': '13.2'}, {'id': 5777398691, 'qualifierId': 213, 'value': '5.27'}, {'id': 5777398683, 'qualifierId': 56, 'value': 'Back'}, {'id': 5777398687, 'qualifierId': 141, 'value': '13.5'}]",1p3bwk03ay87hp2nwrl3tfxwq,K. Kurtz,,,North Carolina Courage,Home
2823759467,550,1,2,60,16,b4fbmos00gxtk8qnaqsm392p5,1,42.9,9.4,2025-06-22T00:56:11.985Z,2025-06-22T00:56:13Z,"[{'id': 5777398769, 'qualifierId': 141, 'value': '7.1'}, {'id': 5777398771, 'qualifierId': 212, 'value': '21.3'}, {'id': 5777398767, 'qualifierId': 140, 'value': '63.1'}, {'id': 5777398765, 'qualifierId': 56, 'value': 'Right'}, {'id': 5777398773, 'qualifierId': 213, 'value': '6.21'}]",cbco4ht0d7uk1thgam6vc0ep6,M. Bell,,,North Carolina Courage,Home
2823759481,551,1,2,60,18,b4fbmos00gxtk8qnaqsm392p5,1,63.1,7.1,2025-06-22T00:56:13.857Z,2025-06-22T00:56:15Z,"[{'id': 5777398839, 'qualifierId': 56, 'value': 'Right'}, {'id': 5777398847, 'qualifierId': 213, 'value': '1.91'}, {'id': 5777398843, 'qualifierId': 141, 'value': '16.8'}, {'id': 5777398841, 'qualifierId': 140, 'value': '60.9'}, {'id': 5777398845, 'qualifierId': 212, 'value': '7.0'}]",1x229gvjahkxp7w02bh0v36ga,R. Williams,,,North Carolina Courage,Home
2823759513,552,1,2,60,19,b4fbmos00gxtk8qnaqsm392p5,1,68.9,12.8,2025-06-22T00:56:15.337Z,2025-06-22T00:56:19Z,"[{'id': 5777399001, 'qualifierId': 140, 'value': '91.4'}, {'id': 5777399005, 'qualifierId': 212, 'value': '24.1'}, {'id': 5777399003, 'qualifierId': 141, 'value': '20.1'}, {'id': 5777399007, 'qualifierId': 213, 'value': '0.21'}, {'id': 5777398999, 'qualifierId': 56, 'value': 'Right'}]",7fk82cjz0z5vq2ts3vmz8has5,D. O'Sullivan,,,North Carolina Courage,Home
2823759533,553,1,2,60,23,b4fbmos00gxtk8qnaqsm392p5,0,91.4,20.1,2025-06-22T00:56:18.963Z,2025-06-24T14:34:44Z,"[{'id': 5779528545, 'qualifierId': 20}, {'id': 5777399107, 'qualifierId': 141, 'value': '33.0'}, {'id': 5777399099, 'qualifierId': 2}, {'id': 5779528543, 'qualifierId': 224}, {'id': 5777399103, 'qualifierId': 56, 'value': 'Center'}, {'id': 5777399109, 'qualifierId': 212, 'value': '9.7'}, {'id': 5777399111, 'qualifierId': 213, 'value': '1.13'}, {'id': 5777399105, 'qualifierId': 140, 'value': '95.3'}]",1x229gvjahkxp7w02bh0v36ga,R. Williams,,,North Carolina Courage,Home
2823759559,502,8,2,60,24,c3v2ohfuzoqmc8ljm65hi80sj,1,7.6,63.6,2025-06-22T00:56:20.564Z,2025-06-24T14:35:02Z,"[{'id': 5777399231, 'qualifierId': 56, 'value': 'Back'}, {'id': 5779528615, 'qualifierId': 385}]",8ruvr2jnsfdub02rdh8q88s89,P. Nielsen,,,Houston Dash,Away
2823759583,503,6,2,60,25,c3v2ohfuzoqmc8ljm65hi80sj,0,6.6,64.8,2025-06-22T00:56:20.921Z,2025-06-24T14:37:25Z,"[{'id': 5777399345, 'qualifierId': 56, 'value': 'Back'}, {'id': 5777399347, 'qualifierId': 73}, {'id': 5777402837, 'qualifierId': 233, 'value': '554'}]",8ruvr2jnsfdub02rdh8q88s89,P. Nielsen,,,Houston Dash,Away
2823759537,554,6,2,60,25,b4fbmos00gxtk8qnaqsm392p5,1,93.4,35.2,2025-06-22T00:56:20.921Z,2025-06-22T01:35:59Z,"[{'id': 5777402829, 'qualifierId': 233, 'value': '503'}, {'id': 5777399153, 'qualifierId': 56, 'value': 'Center'}, {'id': 5777399155, 'qualifierId': 75}]",1x229gvjahkxp7w02bh0v36ga,R. Williams,,,North Carolina Courage,Home
2823759645,555,43,2,60,35,b4fbmos00gxtk8qnaqsm392p5,1,0.0,0.0,2025-06-22T00:56:30.843Z,2025-06-22T00:56:37Z,"[{'id': 5777399667, 'qualifierId': 212, 'value': '0.1'}, {'id': 5777399653, 'qualifierId': 2, 'value': '0'}, {'id': 5777399655, 'qualifierId': 6, 'value': '0'}, {'id': 5777399659, 'qualifierId': 224, 'value': '0'}, {'id': 5777399803, 'qualifierId': 144, 'value': '1'}, {'id': 5777399669, 'qualifierId': 213, 'value': '5.71'}, {'id': 5777399661, 'qualifierId': 56, 'value': 'Center'}, {'id': 5777399665, 'qualifierId': 141, 'value': '48.7'}, {'id': 5777399663, 'qualifierId': 140, 'value': '90.5'}, {'id': 5777399657, 'qualifierId': 155, 'value': '0'}]",7fk82cjz0z5vq2ts3vmz8has5,D. O'Sullivan,,,North Carolina Courage,Home
2823759957,505,18,2,61,6,c3v2ohfuzoqmc8ljm65hi80sj,1,0.0,0.0,2025-06-22T00:57:01.757Z,2025-07-01T14:29:58Z,"[{'id': 5777401421, 'qualifierId': 42}, {'id': 5777401425, 'qualifierId': 59, 'value': '21'}, {'id': 5777401423, 'qualifierId': 44, 'value': 'Forward'}, {'id': 5777401463, 'qualifierId': 55, 'value': '506'}]",270qzf9ig52z04iu3ujnmstg4,R. Gareis,,,Houston Dash,Away
2823759965,506,19,2,61,6,c3v2ohfuzoqmc8ljm65hi80sj,1,0.0,0.0,2025-06-22T00:57:01.758Z,2025-07-01T14:29:58Z,"[{'id': 5777401449, 'qualifierId': 59, 'value': '6'}, {'id': 5777485943, 'qualifierId': 292, 'value': '9'}, {'id': 5777483113, 'qualifierId': 293, 'value': '3'}, {'id': 5777401443, 'qualifierId': 42}, {'id': 5777401453, 'qualifierId': 55, 'value': '505'}, {'id': 5777401447, 'qualifierId': 145, 'value': '11'}, {'id': 5777401451, 'qualifierId': 44, 'value': 'Forward'}]",191uogxjdg4uo178qv1544jys,M. Bright,,,Houston Dash,Away
2825245599,807,40,2,61,7,c3v2ohfuzoqmc8ljm65hi80sj,1,0.0,0.0,2025-06-22T00:57:02.921Z,2025-07-01T15:13:52Z,"[{'id': 5785736913, 'qualifierId': 194, 'value': '53uflfknc5uus7iqw3obp5fx1'}, {'id': 5785736903, 'qualifierId': 30, 'value': '53uflfknc5uus7iqw3obp5fx1, edwr7f7jwnxm1plk91fx8hfro, n4egj8ymfled94mco0lwa95, 6089nfwh31ha73pl7vlla75cl, 8co65x7tuvynuqvket8okb7xl, 8ruvr2jnsfdub02rdh8q88s89, 95tl8tonvm6czhwzd6i5ep756, 1c2boqmoi50esuelgdd96o06h, 191uogxjdg4uo178qv1544jys, 2sc4jlfmioa61d1vgpcz0pht6, 1xgse8t4dm0decmpzebsphvfu, 706rwdwv4re27svfmlo7na3th, bdsv3kql5t6sw5ed2gsxmz2eh, 6zm75ruas324c7yrt18ttei8l, b3pwhedfzplkesy9qek3q6o7o, 22rwy15pz3noi4av4wb3i0wh6, cgfk0e62cesbgieslfge2p61h, 97ia01cyibu1l7qs8qexd2n3e'}, {'id': 5785736911, 'qualifierId': 131, 'value': '1, 2, 3, 4, 5, 6, 7, 8, 9, 10, 11, 0, 0, 0, 0, 0, 0, 0'}, {'id': 5785736907, 'qualifierId': 59, 'value': '1, 22, 20, 17, 4, 14, 10, 24, 6, 8, 11, 35, 7, 25, 29, 23, 13, 12'}, {'id': 5785736909, 'qualifierId': 130, 'value': '8'}, {'id': 5785736905, 'qualifierId': 44, 'value': '1, 2, 2, 3, 2, 2, 3, 3, 4, 3, 3, 5, 5, 5, 5, 5, 5, 5'}]",,,,,Houston Dash,Away
2823760117,557,1,2,61,28,b4fbmos00gxtk8qnaqsm392p5,1,99.5,0.5,2025-06-22T00:57:23.912Z,2025-06-24T14:37:27Z,"[{'id': 5777402253, 'qualifierId': 2}, {'id': 5777402271, 'qualifierId': 1}, {'id': 5777403521, 'qualifierId': 154}, {'id': 5777402259, 'qualifierId': 224}, {'id': 5777402255, 'qualifierId': 6}, {'id': 5777402261, 'qualifierId': 56, 'value': 'Center'}, {'id': 5777402265, 'qualifierId': 141, 'value': '49.4'}, {'id': 5777402269, 'qualifierId': 213, 'value': '1.84'}, {'id': 5777402263, 'qualifierId': 140, 'value': '90.7'}, {'id': 5779529103, 'qualifierId': 20}, {'id': 5777402267, 'qualifierId': 212, 'value': '34.5'}, {'id': 5777403519, 'qualifierId': 210, 'value': '13'}, {'id': 5777402257, 'qualifierId': 155}]",bxj6bpjfxkumj112yoco9wahg,R. Jackson,1.0,,North Carolina Courage,Home
2823760125,558,13,2,61,31,b4fbmos00gxtk8qnaqsm392p5,1,91.2,52.1,2025-06-22T00:57:26.889Z,2025-07-01T14:43:46Z,"[{'id': 5777403553, 'qualifierId': 231, 'value': '50.4'}, {'id': 5777403547, 'qualifierId': 102, 'value': '49.7'}, {'id': 5777402297, 'qualifierId': 56, 'value': 'Center'}, {'id': 5777403539, 'qualifierId': 29}, {'id': 5777403551, 'qualifierId': 230, 'value': '99.1'}, {'id': 5777403407, 'qualifierId': 328}, {'id': 5777402295, 'qualifierId': 17}, {'id': 5785726693, 'qualifierId': 85}, {'id': 5777403403, 'qualifierId': 15}, {'id': 5777403541, 'qualifierId': 154}, {'id': 5777403549, 'qualifierId': 103, 'value': '56.9'}, {'id': 5777403543, 'qualifierId': 55, 'value': '557'}, {'id': 5777403401, 'qualifierId': 25}]",1p3bwk03ay87hp2nwrl3tfxwq,K. Kurtz,,,North Carolina Courage,Home
2823760183,507,5,2,61,33,c3v2ohfuzoqmc8ljm65hi80sj,1,-0.9,53.4,2025-06-22T00:57:28.697Z,2025-06-22T01:54:17Z,"[{'id': 5777402631, 'qualifierId': 233, 'value': '559'}, {'id': 5777402613, 'qualifierId': 56, 'value': 'Back'}, {'id': 5777402615, 'qualifierId': 346}]",191uogxjdg4uo178qv1544jys,M. Bright,,,Houston Dash,Away
2823760159,559,5,2,61,33,b4fbmos00gxtk8qnaqsm392p5,0,100.9,46.6,2025-06-22T00:57:28.697Z,2025-06-22T01:54:17Z,"[{'id': 5777402453, 'qualifierId': 346}, {'id': 5777402451, 'qualifierId': 56, 'value': 'Center'}, {'id': 5777402637, 'qualifierId': 233, 'value': '507'}]",1p3bwk03ay87hp2nwrl3tfxwq,K. Kurtz,,,North Carolina Courage,Home
2823760463,508,1,2,62,13,c3v2ohfuzoqmc8ljm65hi80sj,1,4.4,46.1,2025-06-22T00:58:09.523Z,2025-06-24T14:38:16Z,"[{'id': 5777404173, 'qualifierId': 56, 'value': 'Back'}, {'id': 5777404175, 'qualifierId': 140, 'value': '4.1'}, {'id': 5777404171, 'qualifierId': 124}, {'id': 5777404179, 'qualifierId': 212, 'value': '5.3'}, {'id': 5777404185, 'qualifierId': 237}, {'id': 5777404181, 'qualifierId': 213, 'value': '1.63'}, {'id': 5777404519, 'qualifierId': 189}, {'id': 5777404177, 'qualifierId': 141, 'value': '53.9'}]",53uflfknc5uus7iqw3obp5fx1,J. Campbell,,,Houston Dash,Away
2823760465,509,1,2,62,16,c3v2ohfuzoqmc8ljm65hi80sj,1,4.1,53.9,2025-06-22T00:58:11.763Z,2025-06-24T14:38:31Z,"[{'id': 5777404223, 'qualifierId': 213, 'value': '4.95'}, {'id': 5777404221, 'qualifierId': 212, 'value': '5.5'}, {'id': 5777404217, 'qualifierId': 140, 'value': '5.3'}, {'id': 5779529237, 'qualifierId': 189}, {'id': 5777404215, 'qualifierId': 56, 'value': 'Back'}, {'id': 5777404219, 'qualifierId': 141, 'value': '46.1'}]",8ruvr2jnsfdub02rdh8q88s89,P. Nielsen,,,Houston Dash,Away
2823760485,510,1,2,62,16,c3v2ohfuzoqmc8ljm65hi80sj,1,5.3,46.1,2025-06-22T00:58:12.491Z,2025-06-22T00:58:14Z,"[{'id': 5777404333, 'qualifierId': 140, 'value': '9.4'}, {'id': 5777404337, 'qualifierId': 212, 'value': '21.2'}, {'id': 5777404339, 'qualifierId': 213, 'value': '4.92'}, {'id': 5777404331, 'qualifierId': 56, 'value': 'Back'}, {'id': 5777404335, 'qualifierId': 141, 'value': '15.5'}]",53uflfknc5uus7iqw3obp5fx1,J. Campbell,,,Houston Dash,Away
2823760491,511,4,2,62,19,c3v2ohfuzoqmc8ljm65hi80sj,1,5.0,15.6,2025-06-22T00:58:14.811Z,2025-06-22T01:35:52Z,"[{'id': 5777404375, 'qualifierId': 265}, {'id': 5777404371, 'qualifierId': 56, 'value': 'Back'}, {'id': 5777404373, 'qualifierId': 152}, {'id': 5777404377, 'qualifierId': 285}, {'id': 5777404491, 'qualifierId': 233, 'value': '560'}, {'id': 5777404369, 'qualifierId': 13}]",8co65x7tuvynuqvket8okb7xl,N. Jacobs,,,Houston Dash,Away
2823760511,560,4,2,62,19,b4fbmos00gxtk8qnaqsm392p5,0,95.0,84.4,2025-06-22T00:58:14.812Z,2025-06-22T01:35:52Z,"[{'id': 5777404503, 'qualifierId': 233, 'value': '511'}, {'id': 5777404477, 'qualifierId': 13}, {'id': 5777404483, 'qualifierId': 265}, {'id': 5777404479, 'qualifierId': 56, 'value': 'Left'}, {'id': 5777404481, 'qualifierId': 152}, {'id': 5777404485, 'qualifierId': 286}]",3ytdxf659yjtnml5zzpxl01k9,C. Vine,,,North Carolina Courage,Home
2823760873,512,1,2,63,27,c3v2ohfuzoqmc8ljm65hi80sj,0,6.2,16.8,2025-06-22T00:59:23.299Z,2025-06-24T14:41:16Z,"[{'id': 5777406579, 'qualifierId': 1}, {'id': 5777406567, 'qualifierId': 56, 'value': 'Back'}, {'id': 5777406571, 'qualifierId': 141, 'value': '28.0'}, {'id': 5777406575, 'qualifierId': 213, 'value': '0.18'}, {'id': 5777406573, 'qualifierId': 212, 'value': '43.1'}, {'id': 5777406561, 'qualifierId': 5}, {'id': 5777406565, 'qualifierId': 152}, {'id': 5777406569, 'qualifierId': 140, 'value': '46.6'}, {'id': 5777406563, 'qualifierId': 157}]",53uflfknc5uus7iqw3obp5fx1,J. Campbell,,,Houston Dash,Away
2823760883,561,1,2,63,29,b4fbmos00gxtk8qnaqsm392p5,0,52.8,68.7,2025-06-22T00:59:24.847Z,2025-06-22T00:59:25Z,"[{'id': 5777406643, 'qualifierId': 212, 'value': '9.7'}, {'id': 5777406639, 'qualifierId': 140, 'value': '62.0'}, {'id': 5777406637, 'qualifierId': 56, 'value': 'Center'}, {'id': 5777406635, 'qualifierId': 3}, {'id': 5777406641, 'qualifierId': 141, 'value': '68.2'}, {'id': 5777406645, 'qualifierId': 213, 'value': '6.25'}]",bxj6bpjfxkumj112yoco9wahg,R. Jackson,,,North Carolina Courage,Home
2823760939,513,1,2,63,33,c3v2ohfuzoqmc8ljm65hi80sj,1,40.9,35.2,2025-06-22T00:59:28.923Z,2025-06-22T00:59:30Z,"[{'id': 5777406885, 'qualifierId': 141, 'value': '34.0'}, {'id': 5777406881, 'qualifierId': 56, 'value': 'Back'}, {'id': 5777406887, 'qualifierId': 212, 'value': '4.3'}, {'id': 5777406889, 'qualifierId': 213, 'value': '6.09'}, {'id': 5777406883, 'qualifierId': 140, 'value': '44.9'}]",6089nfwh31ha73pl7vlla75cl,S. Puntigam,,,Houston Dash,Away
2823760951,514,1,2,63,35,c3v2ohfuzoqmc8ljm65hi80sj,1,43.8,37.3,2025-06-22T00:59:30.739Z,2025-06-22T00:59:33Z,"[{'id': 5777406979, 'qualifierId': 140, 'value': '35.0'}, {'id': 5777406983, 'qualifierId': 212, 'value': '20.4'}, {'id': 5777406977, 'qualifierId': 56, 'value': 'Back'}, {'id': 5777406981, 'qualifierId': 141, 'value': '64.0'}, {'id': 5777406985, 'qualifierId': 213, 'value': '2.04'}]",2sc4jlfmioa61d1vgpcz0pht6,D. Sheehan,,,Houston Dash,Away
2823760961,515,1,2,63,38,c3v2ohfuzoqmc8ljm65hi80sj,1,35.2,62.4,2025-06-22T00:59:33.667Z,2025-06-24T14:42:41Z,"[{'id': 5777407041, 'qualifierId': 212, 'value': '19.4'}, {'id': 5777407043, 'qualifierId': 213, 'value': '0.95'}, {'id': 5777407039, 'qualifierId': 141, 'value': '85.6'}, {'id': 5777407037, 'qualifierId': 140, 'value': '46.0'}, {'id': 5777407035, 'qualifierId': 56, 'value': 'Back'}]",n4egj8ymfled94mco0lwa95,C. Westphal,,,Houston Dash,Away
2823760967,516,1,2,63,39,c3v2ohfuzoqmc8ljm65hi80sj,0,44.8,81.4,2025-06-22T00:59:35.083Z,2025-06-22T00:59:35Z,"[{'id': 5777407085, 'qualifierId': 213, 'value': '5.16'}, {'id': 5777407081, 'qualifierId': 141, 'value': '56.3'}, {'id': 5777407083, 'qualifierId': 212, 'value': '18.9'}, {'id': 5777407079, 'qualifierId': 140, 'value': '52.6'}, {'id': 5777407077, 'qualifierId': 56, 'value': 'Center'}]",1xgse8t4dm0decmpzebsphvfu,Y. Ryan,,,Houston Dash,Away
2823760975,562,49,2,63,41,b4fbmos00gxtk8qnaqsm392p5,1,48.2,30.9,2025-06-22T00:59:36.959Z,2025-06-22T00:59:37Z,[],bxj6bpjfxkumj112yoco9wahg,R. Jackson,,,North Carolina Courage,Home
2823760993,563,1,2,63,42,b4fbmos00gxtk8qnaqsm392p5,1,52.3,33.1,2025-06-22T00:59:38.175Z,2025-06-22T00:59:40Z,"[{'id': 5777407183, 'qualifierId': 212, 'value': '18.6'}, {'id': 5777407179, 'qualifierId': 140, 'value': '68.6'}, {'id': 5777407177, 'qualifierId': 56, 'value': 'Center'}, {'id': 5777407185, 'qualifierId': 213, 'value': '0.40'}, {'id': 5777407181, 'qualifierId': 141, 'value': '43.7'}]",bxj6bpjfxkumj112yoco9wahg,R. Jackson,,,North Carolina Courage,Home
2823761003,564,1,2,63,44,b4fbmos00gxtk8qnaqsm392p5,0,68.4,43.7,2025-06-22T00:59:40.543Z,2025-06-22T00:59:45Z,"[{'id': 5777407363, 'qualifierId': 236}, {'id': 5777407239, 'qualifierId': 140, 'value': '69.5'}, {'id': 5777407365, 'qualifierId': 233, 'value': '517'}, {'id': 5777407369, 'qualifierId': 286}, {'id': 5777407243, 'qualifierId': 212, 'value': '1.2'}, {'id': 5777407237, 'qualifierId': 56, 'value': 'Center'}, {'id': 5777407241, 'qualifierId': 141, 'value': '43.9'}, {'id': 5777407245, 'qualifierId': 213, 'value': '0.12'}]",3ytdxf659yjtnml5zzpxl01k9,C. Vine,,,North Carolina Courage,Home
2823761017,517,74,2,63,44,c3v2ohfuzoqmc8ljm65hi80sj,1,34.4,46.0,2025-06-22T00:59:40.544Z,2025-06-22T01:43:29Z,"[{'id': 5777407371, 'qualifierId': 233, 'value': '564'}, {'id': 5777407359, 'qualifierId': 285}, {'id': 5777407357, 'qualifierId': 56, 'value': 'Back'}]",6089nfwh31ha73pl7vlla75cl,S. Puntigam,,,Houston Dash,Away
2824138219,790,1,2,63,49,c3v2ohfuzoqmc8ljm65hi80sj,1,17.9,49.0,2025-06-22T00:59:44.919Z,2025-06-24T14:44:25Z,"[{'id': 5779530489, 'qualifierId': 141, 'value': '50.1'}, {'id': 5779530487, 'qualifierId': 140, 'value': '9.4'}, {'id': 5779530485, 'qualifierId': 56, 'value': 'Back'}, {'id': 5779530493, 'qualifierId': 213, 'value': '3.06'}, {'id': 5779530491, 'qualifierId': 212, 'value': '9.0'}]",8co65x7tuvynuqvket8okb7xl,N. Jacobs,,,Houston Dash,Away
2823761031,518,1,2,63,50,c3v2ohfuzoqmc8ljm65hi80sj,0,5.4,52.4,2025-06-22T00:59:46.508Z,2025-06-22T00:59:48Z,"[{'id': 5777407425, 'qualifierId': 212, 'value': '30.4'}, {'id': 5777407421, 'qualifierId': 140, 'value': '31.0'}, {'id': 5777407417, 'qualifierId': 157}, {'id': 5777407429, 'qualifierId': 1}, {'id': 5777407423, 'qualifierId': 141, 'value': '31.6'}, {'id': 5777407427, 'qualifierId': 213, 'value': '5.80'}, {'id': 5777407419, 'qualifierId': 56, 'value': 'Back'}]",53uflfknc5uus7iqw3obp5fx1,J. Campbell,,,Houston Dash,Away
2823761029,565,61,2,63,52,b4fbmos00gxtk8qnaqsm392p5,0,69.9,63.9,2025-06-22T00:59:47.895Z,2025-06-22T00:59:47Z,"[{'id': 5777407415, 'qualifierId': 56, 'value': 'Center'}]",8afwde4025w5wxddyf2ouoine,S. Koyama,,,North Carolina Courage,Home
2823761057,519,1,2,63,54,c3v2ohfuzoqmc8ljm65hi80sj,1,37.5,40.3,2025-06-22T00:59:49.595Z,2025-06-22T00:59:53Z,"[{'id': 5777407591, 'qualifierId': 141, 'value': '45.2'}, {'id': 5777407595, 'qualifierId': 213, 'value': '2.59'}, {'id': 5777407587, 'qualifierId': 56, 'value': 'Back'}, {'id': 5777407589, 'qualifierId': 140, 'value': '32.3'}, {'id': 5777407593, 'qualifierId': 212, 'value': '6.4'}]",191uogxjdg4uo178qv1544jys,M. Bright,,,Houston Dash,Away
2823761059,520,1,2,63,58,c3v2ohfuzoqmc8ljm65hi80sj,0,32.8,44.8,2025-06-22T00:59:53.779Z,2025-06-22T00:59:54Z,"[{'id': 5777407607, 'qualifierId': 212, 'value': '37.5'}, {'id': 5777407601, 'qualifierId': 56, 'value': 'Center'}, {'id': 5777407605, 'qualifierId': 141, 'value': '52.1'}, {'id': 5777407609, 'qualifierId': 213, 'value': '0.13'}, {'id': 5777407611, 'qualifierId': 1}, {'id': 5777407603, 'qualifierId': 140, 'value': '68.2'}, {'id': 5777407599, 'qualifierId': 157}]",1c2boqmoi50esuelgdd96o06h,D. Colaprico,,,Houston Dash,Away
2824138221,843,49,2,64,0,b4fbmos00gxtk8qnaqsm392p5,1,31.1,47.6,2025-06-22T00:59:55.920Z,2025-06-24T14:44:28Z,[],3qj9t05behkav9okd8n2wywh5,C. Murphy,,,North Carolina Courage,Home
2823761109,566,1,2,64,1,b4fbmos00gxtk8qnaqsm392p5,1,29.9,49.0,2025-06-22T00:59:56.919Z,2025-06-22T01:00:03Z,"[{'id': 5777407911, 'qualifierId': 141, 'value': '77.8'}, {'id': 5777407909, 'qualifierId': 140, 'value': '38.1'}, {'id': 5777407907, 'qualifierId': 56, 'value': 'Back'}, {'id': 5777407915, 'qualifierId': 213, 'value': '1.16'}, {'id': 5777407913, 'qualifierId': 212, 'value': '21.4'}]",3qj9t05behkav9okd8n2wywh5,C. Murphy,,,North Carolina Courage,Home
2823761113,567,1,2,64,8,b4fbmos00gxtk8qnaqsm392p5,0,43.3,76.4,2025-06-22T01:00:03.688Z,2025-06-22T01:00:06Z,"[{'id': 5777407929, 'qualifierId': 141, 'value': '44.6'}, {'id': 5777407925, 'qualifierId': 56, 'value': 'Center'}, {'id': 5777407933, 'qualifierId': 213, 'value': '5.66'}, {'id': 5777407931, 'qualifierId': 212, 'value': '37.1'}, {'id': 5777407923, 'qualifierId': 157}, {'id': 5777407935, 'qualifierId': 1}, {'id': 5777407927, 'qualifierId': 140, 'value': '72.0'}]",cqpdeqi0psfadqsgejcvdqqne,M. Berkely,,,North Carolina Courage,Home
2823761119,521,44,2,64,10,c3v2ohfuzoqmc8ljm65hi80sj,1,27.1,56.0,2025-06-22T01:00:05.598Z,2025-06-22T01:45:34Z,"[{'id': 5777407949, 'qualifierId': 56, 'value': 'Back'}, {'id': 5777407951, 'qualifierId': 285}, {'id': 5777407955, 'qualifierId': 233, 'value': '568'}]",8ruvr2jnsfdub02rdh8q88s89,P. Nielsen,,,Houston Dash,Away
2823761115,568,44,2,64,10,b4fbmos00gxtk8qnaqsm392p5,0,72.9,44.0,2025-06-22T01:00:05.599Z,2025-06-22T01:45:34Z,"[{'id': 5777407941, 'qualifierId': 56, 'value': 'Center'}, {'id': 5777407975, 'qualifierId': 233, 'value': '521'}, {'id': 5777407943, 'qualifierId': 286}]",8afwde4025w5wxddyf2ouoine,S. Koyama,,,North Carolina Courage,Home
2823761135,522,12,2,64,10,c3v2ohfuzoqmc8ljm65hi80sj,1,25.6,57.2,2025-06-22T01:00:06.507Z,2025-06-22T01:00:17Z,"[{'id': 5777407991, 'qualifierId': 141, 'value': '76.6'}, {'id': 5777407995, 'qualifierId': 213, 'value': '1.76'}, {'id': 5777407999, 'qualifierId': 15}, {'id': 5777407993, 'qualifierId': 212, 'value': '13.4'}, {'id': 5777407987, 'qualifierId': 56, 'value': 'Back'}, {'id': 5777407989, 'qualifierId': 140, 'value': '23.2'}]",8ruvr2jnsfdub02rdh8q88s89,P. Nielsen,,,Houston Dash,Away
2823761139,569,1,2,64,12,b4fbmos00gxtk8qnaqsm392p5,1,78.6,29.8,2025-06-22T01:00:07.799Z,2025-06-22T01:00:09Z,"[{'id': 5777408037, 'qualifierId': 213, 'value': '3.05'}, {'id': 5777408029, 'qualifierId': 56, 'value': 'Center'}, {'id': 5777408033, 'qualifierId': 141, 'value': '31.2'}, {'id': 5777408031, 'qualifierId': 140, 'value': '69.1'}, {'id': 5777408035, 'qualifierId': 212, 'value': '10.0'}]",1x229gvjahkxp7w02bh0v36ga,R. Williams,,,North Carolina Courage,Home
2823761143,570,1,2,64,13,b4fbmos00gxtk8qnaqsm392p5,1,69.1,31.2,2025-06-22T01:00:09.263Z,2025-06-22T01:00:12Z,"[{'id': 5777408067, 'qualifierId': 212, 'value': '11.1'}, {'id': 5777408061, 'qualifierId': 56, 'value': 'Right'}, {'id': 5777408065, 'qualifierId': 141, 'value': '18.5'}, {'id': 5777408069, 'qualifierId': 213, 'value': '4.04'}, {'id': 5777408063, 'qualifierId': 140, 'value': '62.5'}]",7fk82cjz0z5vq2ts3vmz8has5,D. O'Sullivan,,,North Carolina Courage,Home
2823761155,571,1,2,64,16,b4fbmos00gxtk8qnaqsm392p5,1,63.7,17.7,2025-06-22T01:00:11.959Z,2025-06-22T01:00:14Z,"[{'id': 5777408129, 'qualifierId': 212, 'value': '10.5'}, {'id': 5777408125, 'qualifierId': 140, 'value': '61.7'}, {'id': 5777408123, 'qualifierId': 56, 'value': 'Center'}, {'id': 5777408131, 'qualifierId': 213, 'value': '1.77'}, {'id': 5777408127, 'qualifierId': 141, 'value': '32.8'}]",cbco4ht0d7uk1thgam6vc0ep6,M. Bell,,,North Carolina Courage,Home
2823761175,572,1,2,64,18,b4fbmos00gxtk8qnaqsm392p5,1,61.7,32.8,2025-06-22T01:00:14.311Z,2025-06-22T01:00:16Z,"[{'id': 5777408237, 'qualifierId': 213, 'value': '0.56'}, {'id': 5777408233, 'qualifierId': 141, 'value': '41.2'}, {'id': 5777408229, 'qualifierId': 56, 'value': 'Center'}, {'id': 5777408235, 'qualifierId': 212, 'value': '10.8'}, {'id': 5777408231, 'qualifierId': 140, 'value': '70.4'}]",bxj6bpjfxkumj112yoco9wahg,R. Jackson,,,North Carolina Courage,Home
2823761179,573,1,2,64,20,b4fbmos00gxtk8qnaqsm392p5,0,70.4,41.2,2025-06-22T01:00:16.479Z,2025-06-22T01:00:21Z,"[{'id': 5777408291, 'qualifierId': 233, 'value': '523'}, {'id': 5777408249, 'qualifierId': 140, 'value': '70.6'}, {'id': 5777408295, 'qualifierId': 286}, {'id': 5777408289, 'qualifierId': 236}, {'id': 5777408247, 'qualifierId': 56, 'value': 'Center'}, {'id': 5777408253, 'qualifierId': 212, 'value': '0.8'}, {'id': 5777408255, 'qualifierId': 213, 'value': '4.99'}, {'id': 5777408251, 'qualifierId': 141, 'value': '40.1'}]",90bm7jsl7sjqiel7u2tv0vgq2,M. Matsukubo,,,North Carolina Courage,Home
2823761187,523,74,2,64,20,c3v2ohfuzoqmc8ljm65hi80sj,1,29.5,53.3,2025-06-22T01:00:16.480Z,2025-06-22T01:43:29Z,"[{'id': 5777408301, 'qualifierId': 233, 'value': '573'}, {'id': 5777408283, 'qualifierId': 56, 'value': 'Back'}, {'id': 5777408287, 'qualifierId': 285}]",6089nfwh31ha73pl7vlla75cl,S. Puntigam,,,Houston Dash,Away
2823761213,524,1,2,64,23,c3v2ohfuzoqmc8ljm65hi80sj,1,25.3,52.4,2025-06-22T01:00:19.307Z,2025-06-22T01:00:21Z,"[{'id': 5777408441, 'qualifierId': 213, 'value': '0.55'}, {'id': 5777408433, 'qualifierId': 56, 'value': 'Back'}, {'id': 5777408439, 'qualifierId': 212, 'value': '7.9'}, {'id': 5777408437, 'qualifierId': 141, 'value': '58.4'}, {'id': 5777408435, 'qualifierId': 140, 'value': '31.7'}]",1c2boqmoi50esuelgdd96o06h,D. Colaprico,,,Houston Dash,Away
2823761215,525,49,2,64,25,c3v2ohfuzoqmc8ljm65hi80sj,1,31.6,58.4,2025-06-22T01:00:21.371Z,2025-06-22T01:00:21Z,[],2sc4jlfmioa61d1vgpcz0pht6,D. Sheehan,,,Houston Dash,Away
2823761233,526,1,2,64,26,c3v2ohfuzoqmc8ljm65hi80sj,1,31.5,58.5,2025-06-22T01:00:21.594Z,2025-06-22T01:00:24Z,"[{'id': 5777408583, 'qualifierId': 141, 'value': '81.8'}, {'id': 5777408585, 'qualifierId': 212, 'value': '21.1'}, {'id': 5777408581, 'qualifierId': 140, 'value': '44.7'}, {'id': 5777408579, 'qualifierId': 56, 'value': 'Back'}, {'id': 5777408587, 'qualifierId': 213, 'value': '0.85'}]",2sc4jlfmioa61d1vgpcz0pht6,D. Sheehan,,,Houston Dash,Away
2823761265,527,1,2,64,28,c3v2ohfuzoqmc8ljm65hi80sj,1,44.5,83.2,2025-06-22T01:00:24.339Z,2025-06-22T01:00:27Z,"[{'id': 5777408731, 'qualifierId': 212, 'value': '13.4'}, {'id': 5777408733, 'qualifierId': 213, 'value': '4.11'}, {'id': 5777408725, 'qualifierId': 56, 'value': 'Back'}, {'id': 5777408727, 'qualifierId': 140, 'value': '37.3'}, {'id': 5777408729, 'qualifierId': 141, 'value': '66.9'}]",1xgse8t4dm0decmpzebsphvfu,Y. Ryan,,,Houston Dash,Away
2823761289,528,1,2,64,32,c3v2ohfuzoqmc8ljm65hi80sj,1,36.6,67.8,2025-06-22T01:00:27.723Z,2025-06-22T01:00:31Z,"[{'id': 5777408885, 'qualifierId': 141, 'value': '87.2'}, {'id': 5777408881, 'qualifierId': 56, 'value': 'Back'}, {'id': 5777408889, 'qualifierId': 213, 'value': '2.13'}, {'id': 5777408887, 'qualifierId': 212, 'value': '15.5'}, {'id': 5777408883, 'qualifierId': 140, 'value': '28.8'}]",1c2boqmoi50esuelgdd96o06h,D. Colaprico,,,Houston Dash,Away
2823761295,529,1,2,64,36,c3v2ohfuzoqmc8ljm65hi80sj,1,29.1,85.7,2025-06-22T01:00:31.699Z,2025-06-22T01:00:32Z,"[{'id': 5777408923, 'qualifierId': 212, 'value': '8.6'}, {'id': 5777408917, 'qualifierId': 56, 'value': 'Back'}, {'id': 5777408921, 'qualifierId': 141, 'value': '75.7'}, {'id': 5777408925, 'qualifierId': 213, 'value': '4.05'}, {'id': 5777408919, 'qualifierId': 140, 'value': '24.1'}]",n4egj8ymfled94mco0lwa95,C. Westphal,,,Houston Dash,Away
2823761339,530,1,2,64,37,c3v2ohfuzoqmc8ljm65hi80sj,1,23.9,75.6,2025-06-22T01:00:32.619Z,2025-06-22T01:00:39Z,"[{'id': 5777409149, 'qualifierId': 56, 'value': 'Back'}, {'id': 5777409157, 'qualifierId': 213, 'value': '5.33'}, {'id': 5777409153, 'qualifierId': 141, 'value': '60.3'}, {'id': 5777409155, 'qualifierId': 212, 'value': '12.7'}, {'id': 5777409151, 'qualifierId': 140, 'value': '30.9'}]",8ruvr2jnsfdub02rdh8q88s89,P. Nielsen,,,Houston Dash,Away
2823761351,531,1,2,64,44,c3v2ohfuzoqmc8ljm65hi80sj,1,29.6,52.4,2025-06-22T01:00:39.651Z,2025-06-22T01:00:40Z,"[{'id': 5777409225, 'qualifierId': 212, 'value': '23.2'}, {'id': 5777409221, 'qualifierId': 140, 'value': '7.6'}, {'id': 5777409223, 'qualifierId': 141, 'value': '49.3'}, {'id': 5777409227, 'qualifierId': 213, 'value': '3.23'}, {'id': 5777409219, 'qualifierId': 56, 'value': 'Back'}]",6089nfwh31ha73pl7vlla75cl,S. Puntigam,,,Houston Dash,Away
2823761393,532,1,2,64,44,c3v2ohfuzoqmc8ljm65hi80sj,1,7.6,49.3,2025-06-22T01:00:40.563Z,2025-06-22T01:00:43Z,"[{'id': 5777409441, 'qualifierId': 212, 'value': '31.5'}, {'id': 5777409435, 'qualifierId': 56, 'value': 'Back'}, {'id': 5777409437, 'qualifierId': 140, 'value': '30.2'}, {'id': 5777409439, 'qualifierId': 141, 'value': '18.9'}, {'id': 5777409443, 'qualifierId': 213, 'value': '5.57'}]",53uflfknc5uus7iqw3obp5fx1,J. Campbell,,,Houston Dash,Away
2823761433,533,2,2,64,47,c3v2ohfuzoqmc8ljm65hi80sj,1,32.5,11.1,2025-06-22T01:00:43.211Z,2025-07-01T15:15:58Z,"[{'id': 5777410833, 'qualifierId': 7, 'value': 'edwr7f7jwnxm1plk91fx8hfro'}, {'id': 5777409603, 'qualifierId': 56, 'value': 'Right'}, {'id': 5777409605, 'qualifierId': 140, 'value': '58.7'}, {'id': 5777409607, 'qualifierId': 141, 'value': '15.2'}]",8co65x7tuvynuqvket8okb7xl,N. Jacobs,,,Houston Dash,Away
2823761473,574,55,2,64,47,b4fbmos00gxtk8qnaqsm392p5,1,43.7,78.7,2025-06-22T01:00:43.212Z,2025-07-01T15:16:18Z,[],cqpdeqi0psfadqsgejcvdqqne,M. Berkely,,,North Carolina Courage,Home
2823761441,534,43,2,64,53,c3v2ohfuzoqmc8ljm65hi80sj,1,0.0,0.0,2025-06-22T01:00:49.171Z,2025-06-22T01:01:13Z,"[{'id': 5777409663, 'qualifierId': 141, 'value': '30.9'}, {'id': 5777409665, 'qualifierId': 212, 'value': '1.4'}, {'id': 5777409661, 'qualifierId': 140, 'value': '97.0'}, {'id': 5777409659, 'qualifierId': 56, 'value': 'Center'}, {'id': 5777409667, 'qualifierId': 213, 'value': '1.57'}, {'id': 5777409799, 'qualifierId': 236, 'value': '0'}, {'id': 5777410485, 'qualifierId': 144, 'value': '1'}, {'id': 5777409805, 'qualifierId': 286, 'value': '0'}, {'id': 5777410239, 'qualifierId': 233, 'value': '574'}]",191uogxjdg4uo178qv1544jys,M. Bright,,,Houston Dash,Away
2823761451,535,43,2,64,55,c3v2ohfuzoqmc8ljm65hi80sj,1,0.0,0.0,2025-06-22T01:00:50.659Z,2025-06-22T01:01:04Z,"[{'id': 5777410189, 'qualifierId': 144, 'value': '6'}, {'id': 5777409717, 'qualifierId': 56, 'value': 'Center'}, {'id': 5777409719, 'qualifierId': 75, 'value': '0'}]",191uogxjdg4uo178qv1544jys,M. Bright,,,Houston Dash,Away
2823761485,575,43,2,64,58,b4fbmos00gxtk8qnaqsm392p5,1,0.0,0.0,2025-06-22T01:00:53.911Z,2025-06-22T01:01:03Z,"[{'id': 5777409851, 'qualifierId': 56, 'value': 'Back'}, {'id': 5777409853, 'qualifierId': 73, 'value': '0'}, {'id': 5777410153, 'qualifierId': 144, 'value': '6'}, {'id': 5777409891, 'qualifierId': 233, 'value': '535'}]",cqpdeqi0psfadqsgejcvdqqne,M. Berkely,,,North Carolina Courage,Home
2823761921,580,18,2,65,24,b4fbmos00gxtk8qnaqsm392p5,1,0.0,0.0,2025-06-22T01:01:20.128Z,2025-06-22T01:25:06Z,"[{'id': 5777412297, 'qualifierId': 44, 'value': 'Forward'}, {'id': 5777412299, 'qualifierId': 59, 'value': '22'}, {'id': 5777412315, 'qualifierId': 55, 'value': '581'}, {'id': 5777412295, 'qualifierId': 42}]",3ytdxf659yjtnml5zzpxl01k9,C. Vine,,,North Carolina Courage,Home
2823761923,581,19,2,65,24,b4fbmos00gxtk8qnaqsm392p5,1,0.0,0.0,2025-06-22T01:01:20.129Z,2025-06-22T01:47:52Z,"[{'id': 5777413065, 'qualifierId': 293, 'value': '3'}, {'id': 5777412311, 'qualifierId': 55, 'value': '580'}, {'id': 5777412309, 'qualifierId': 44, 'value': 'Forward'}, {'id': 5777412301, 'qualifierId': 42}, {'id': 5777412305, 'qualifierId': 145, 'value': '9'}, {'id': 5777412307, 'qualifierId': 59, 'value': '30'}, {'id': 5777481515, 'qualifierId': 292, 'value': '9'}]",2sylxhwmisg8f763p2t1q934k,H. Betfort,,,North Carolina Courage,Home
2823761765,576,18,2,65,33,b4fbmos00gxtk8qnaqsm392p5,1,0.0,0.0,2025-06-22T01:01:29.108Z,2025-06-22T01:05:13Z,"[{'id': 5777411559, 'qualifierId': 55, 'value': '577'}, {'id': 5777411535, 'qualifierId': 44, 'value': 'Midfielder'}, {'id': 5777411537, 'qualifierId': 59, 'value': '16'}, {'id': 5777411533, 'qualifierId': 42}]",bxj6bpjfxkumj112yoco9wahg,R. Jackson,,,North Carolina Courage,Home
2823761767,577,19,2,65,33,b4fbmos00gxtk8qnaqsm392p5,1,0.0,0.0,2025-06-22T01:01:29.109Z,2025-07-01T15:19:44Z,"[{'id': 5777416687, 'qualifierId': 293, 'value': '4'}, {'id': 5777411543, 'qualifierId': 145, 'value': '8'}, {'id': 5777411549, 'qualifierId': 55, 'value': '576'}, {'id': 5777411545, 'qualifierId': 59, 'value': '2'}, {'id': 5777481477, 'qualifierId': 292, 'value': '7'}, {'id': 5777411539, 'qualifierId': 42}, {'id': 5777411547, 'qualifierId': 44, 'value': 'Midfielder'}]",cwerr3zz6pqzzzqso9dx69fjd,A. Sanchez,,,North Carolina Courage,Home
2823761827,578,18,2,65,36,b4fbmos00gxtk8qnaqsm392p5,1,0.0,0.0,2025-06-22T01:01:31.866Z,2025-07-01T15:18:48Z,"[{'id': 5777411895, 'qualifierId': 42}, {'id': 5777411897, 'qualifierId': 44, 'value': 'Midfielder'}, {'id': 5777411899, 'qualifierId': 59, 'value': '20'}, {'id': 5777411941, 'qualifierId': 55, 'value': '579'}]",8afwde4025w5wxddyf2ouoine,S. Koyama,,,North Carolina Courage,Home
2823761833,579,19,2,65,36,b4fbmos00gxtk8qnaqsm392p5,1,0.0,0.0,2025-06-22T01:01:31.867Z,2025-07-01T15:18:48Z,"[{'id': 5777416519, 'qualifierId': 293, 'value': '5'}, {'id': 5777411915, 'qualifierId': 42}, {'id': 5777458095, 'qualifierId': 292, 'value': '7'}, {'id': 5777411931, 'qualifierId': 44, 'value': 'Midfielder'}, {'id': 5777411933, 'qualifierId': 55, 'value': '578'}, {'id': 5777411925, 'qualifierId': 145, 'value': '11'}, {'id': 5777411929, 'qualifierId': 59, 'value': '19'}]",4k83z2cdvn2kwb72kh8e8qfsa,J. Shaw,,,North Carolina Courage,Home
2825246519,860,40,2,65,37,b4fbmos00gxtk8qnaqsm392p5,1,0.0,0.0,2025-06-22T01:01:33.173Z,2025-07-01T15:22:06Z,"[{'id': 5785741941, 'qualifierId': 59, 'value': '1, 13, 14, 3, 27, 7, 19, 10, 34, 30, 2, 44, 12, 17, 25, 8, 11'}, {'id': 5785741945, 'qualifierId': 131, 'value': '1, 2, 3, 4, 5, 6, 7, 8, 9, 10, 11, 0, 0, 0, 0, 0, 0'}, {'id': 5785741947, 'qualifierId': 194, 'value': '7fk82cjz0z5vq2ts3vmz8has5'}, {'id': 5785741943, 'qualifierId': 130, 'value': '19'}, {'id': 5785741939, 'qualifierId': 44, 'value': '1, 3, 3, 2, 2, 2, 3, 3, 4, 4, 3, 5, 5, 5, 5, 5, 5'}, {'id': 5785741937, 'qualifierId': 30, 'value': '3qj9t05behkav9okd8n2wywh5, 1x229gvjahkxp7w02bh0v36ga, awme1kk0t2w81hc4xcup7k222, 1p3bwk03ay87hp2nwrl3tfxwq, cbco4ht0d7uk1thgam6vc0ep6, cqpdeqi0psfadqsgejcvdqqne, 4k83z2cdvn2kwb72kh8e8qfsa, 7fk82cjz0z5vq2ts3vmz8has5, 90bm7jsl7sjqiel7u2tv0vgq2, 2sylxhwmisg8f763p2t1q934k, cwerr3zz6pqzzzqso9dx69fjd, p6mq2ouc50vln1ou3cyg0lqs, 75p1ff1723mzkbs7tfke3j9m2, 9aj5gfycwgc6r0b550zagl4a1, 817x7baq69b1tnrtminbjf3zd, 54ieoaegysojsey2jmqtr9ucp, cbofbntctfuhr1vqpn7eywt05'}]",,,,,North Carolina Courage,Home
2823765555,655,1,2,65,55,b4fbmos00gxtk8qnaqsm392p5,1,27.4,69.1,2025-06-22T01:01:51.192Z,2025-06-24T14:46:27Z,"[{'id': 5777433637, 'qualifierId': 5}, {'id': 5777433643, 'qualifierId': 140, 'value': '38.8'}, {'id': 5777433649, 'qualifierId': 212, 'value': '13.9'}, {'id': 5777433641, 'qualifierId': 56, 'value': 'Back'}, {'id': 5777433639, 'qualifierId': 152}, {'id': 5777479289, 'qualifierId': 189}, {'id': 5777433651, 'qualifierId': 213, 'value': '0.54'}, {'id': 5777433647, 'qualifierId': 141, 'value': '79.6'}]",3qj9t05behkav9okd8n2wywh5,C. Murphy,,,North Carolina Courage,Home
2823761933,582,1,2,65,56,b4fbmos00gxtk8qnaqsm392p5,1,30.8,65.2,2025-06-22T01:01:51.840Z,2025-06-22T01:46:52Z,"[{'id': 5777480219, 'qualifierId': 213, 'value': '1.02'}, {'id': 5777480211, 'qualifierId': 56, 'value': 'Back'}, {'id': 5777480215, 'qualifierId': 141, 'value': '82.4'}, {'id': 5777480213, 'qualifierId': 140, 'value': '37.6'}, {'id': 5777480217, 'qualifierId': 212, 'value': '13.7'}, {'id': 5777480235, 'qualifierId': 189}]",1p3bwk03ay87hp2nwrl3tfxwq,K. Kurtz,,,North Carolina Courage,Home
2823761937,583,61,2,65,57,b4fbmos00gxtk8qnaqsm392p5,0,40.0,98.7,2025-06-22T01:01:53.014Z,2025-06-22T01:47:08Z,"[{'id': 5777480557, 'qualifierId': 56, 'value': 'Back'}]",cqpdeqi0psfadqsgejcvdqqne,M. Berkely,,,North Carolina Courage,Home
2823761893,536,5,2,65,58,c3v2ohfuzoqmc8ljm65hi80sj,1,63.8,-1.8,2025-06-22T01:01:53.582Z,2025-06-22T01:54:17Z,"[{'id': 5777483611, 'qualifierId': 233, 'value': '826'}, {'id': 5777412171, 'qualifierId': 56, 'value': 'Right'}, {'id': 5777412173, 'qualifierId': 347}]",95tl8tonvm6czhwzd6i5ep756,B. Olivieri,,,Houston Dash,Away
2823773727,826,5,2,65,58,b4fbmos00gxtk8qnaqsm392p5,0,36.2,101.8,2025-06-22T01:01:53.582Z,2025-06-22T01:49:42Z,"[{'id': 5777483595, 'qualifierId': 347}, {'id': 5777483615, 'qualifierId': 233, 'value': '536'}, {'id': 5777480701, 'qualifierId': 56, 'value': 'Back'}]",3qj9t05behkav9okd8n2wywh5,C. Murphy,,,North Carolina Courage,Home
2823761911,537,1,2,66,12,c3v2ohfuzoqmc8ljm65hi80sj,1,56.3,0.0,2025-06-22T01:02:08.091Z,2025-07-01T15:23:19Z,"[{'id': 5777412265, 'qualifierId': 213, 'value': '2.08'}, {'id': 5777412261, 'qualifierId': 141, 'value': '10.5'}, {'id': 5777412263, 'qualifierId': 212, 'value': '9.4'}, {'id': 5777412257, 'qualifierId': 56, 'value': 'Right'}, {'id': 5777413009, 'qualifierId': 189}, {'id': 5777412259, 'qualifierId': 140, 'value': '51.9'}, {'id': 5777412255, 'qualifierId': 107}]",edwr7f7jwnxm1plk91fx8hfro,M. Alozie,,,Houston Dash,Away
2825246697,808,61,2,66,14,c3v2ohfuzoqmc8ljm65hi80sj,1,51.8,11.3,2025-06-22T01:02:09.923Z,2025-07-01T15:23:15Z,"[{'id': 5785742991, 'qualifierId': 56, 'value': 'Right'}, {'id': 5785743009, 'qualifierId': 189}]",8co65x7tuvynuqvket8okb7xl,N. Jacobs,,,Houston Dash,Away
2825246719,861,61,2,66,15,b4fbmos00gxtk8qnaqsm392p5,1,32.1,84.1,2025-06-22T01:02:11.385Z,2025-07-01T15:23:37Z,"[{'id': 5785743141, 'qualifierId': 189}, {'id': 5785743135, 'qualifierId': 56, 'value': 'Back'}]",cqpdeqi0psfadqsgejcvdqqne,M. Berkely,,,North Carolina Courage,Home
2823761967,588,4,2,66,19,b4fbmos00gxtk8qnaqsm392p5,1,27.0,94.2,2025-06-22T01:02:15.394Z,2025-06-22T01:02:21Z,"[{'id': 5777412479, 'qualifierId': 152}, {'id': 5777412483, 'qualifierId': 285}, {'id': 5777412477, 'qualifierId': 56, 'value': 'Back'}, {'id': 5777412475, 'qualifierId': 13}, {'id': 5777412485, 'qualifierId': 233, 'value': '538'}, {'id': 5777412481, 'qualifierId': 265}]",awme1kk0t2w81hc4xcup7k222,T. Lussi,,,North Carolina Courage,Home
2823761939,538,4,2,66,19,c3v2ohfuzoqmc8ljm65hi80sj,0,73.0,5.8,2025-06-22T01:02:15.395Z,2025-06-22T01:02:24Z,"[{'id': 5777412619, 'qualifierId': 55, 'value': '539'}, {'id': 5777412395, 'qualifierId': 13}, {'id': 5777412401, 'qualifierId': 265}, {'id': 5777412399, 'qualifierId': 152}, {'id': 5777412495, 'qualifierId': 233, 'value': '588'}, {'id': 5777412403, 'qualifierId': 286}, {'id': 5777412397, 'qualifierId': 56, 'value': 'Right'}]",95tl8tonvm6czhwzd6i5ep756,B. Olivieri,,,Houston Dash,Away
2823761973,539,17,2,66,24,c3v2ohfuzoqmc8ljm65hi80sj,1,0.0,0.0,2025-06-22T01:02:20.204Z,2025-06-22T01:02:24Z,"[{'id': 5777412611, 'qualifierId': 13, 'value': '243'}, {'id': 5777412607, 'qualifierId': 31}, {'id': 5777412609, 'qualifierId': 392}, {'id': 5777412613, 'qualifierId': 55, 'value': '538'}]",95tl8tonvm6czhwzd6i5ep756,B. Olivieri,,,Houston Dash,Away
2823762173,589,1,2,67,9,b4fbmos00gxtk8qnaqsm392p5,1,32.7,88.6,2025-06-22T01:03:04.791Z,2025-06-22T01:47:39Z,"[{'id': 5777413591, 'qualifierId': 212, 'value': '39.1'}, {'id': 5777413595, 'qualifierId': 1}, {'id': 5777413583, 'qualifierId': 157}, {'id': 5777413589, 'qualifierId': 141, 'value': '77.5'}, {'id': 5777413585, 'qualifierId': 56, 'value': 'Center'}, {'id': 5777481207, 'qualifierId': 5}, {'id': 5777413593, 'qualifierId': 213, 'value': '6.09'}, {'id': 5777413587, 'qualifierId': 140, 'value': '69.2'}, {'id': 5777481209, 'qualifierId': 152}]",cqpdeqi0psfadqsgejcvdqqne,M. Berkely,,,North Carolina Courage,Home
2823762177,590,44,2,67,12,b4fbmos00gxtk8qnaqsm392p5,1,69.6,71.1,2025-06-22T01:03:07.662Z,2025-06-22T01:45:35Z,"[{'id': 5777413615, 'qualifierId': 286}, {'id': 5777413745, 'qualifierId': 233, 'value': '540'}, {'id': 5777413613, 'qualifierId': 56, 'value': 'Center'}]",2sylxhwmisg8f763p2t1q934k,H. Betfort,,,North Carolina Courage,Home
2823762191,540,44,2,67,12,c3v2ohfuzoqmc8ljm65hi80sj,0,30.4,28.9,2025-06-22T01:03:07.663Z,2025-06-22T01:45:35Z,"[{'id': 5777413753, 'qualifierId': 233, 'value': '590'}, {'id': 5777413735, 'qualifierId': 56, 'value': 'Back'}, {'id': 5777413737, 'qualifierId': 285}]",8co65x7tuvynuqvket8okb7xl,N. Jacobs,,,Houston Dash,Away
2823762179,591,1,2,67,12,b4fbmos00gxtk8qnaqsm392p5,0,69.2,77.5,2025-06-22T01:03:07.805Z,2025-06-22T01:03:08Z,"[{'id': 5777413637, 'qualifierId': 212, 'value': '10.9'}, {'id': 5777413627, 'qualifierId': 3}, {'id': 5777413635, 'qualifierId': 141, 'value': '73.6'}, {'id': 5777413631, 'qualifierId': 56, 'value': 'Center'}, {'id': 5777413639, 'qualifierId': 213, 'value': '6.04'}, {'id': 5777413633, 'qualifierId': 140, 'value': '79.3'}, {'id': 5777413629, 'qualifierId': 168}]",2sylxhwmisg8f763p2t1q934k,H. Betfort,,,North Carolina Courage,Home
2823762217,541,12,2,67,15,c3v2ohfuzoqmc8ljm65hi80sj,1,23.5,41.6,2025-06-22T01:03:11.162Z,2025-06-24T14:51:12Z,"[{'id': 5777413879, 'qualifierId': 141, 'value': '6.1'}, {'id': 5777413883, 'qualifierId': 213, 'value': '5.32'}, {'id': 5777413877, 'qualifierId': 140, 'value': '39.6'}, {'id': 5777413875, 'qualifierId': 56, 'value': 'Back'}, {'id': 5779531691, 'qualifierId': 15}, {'id': 5777413881, 'qualifierId': 212, 'value': '29.5'}]",8ruvr2jnsfdub02rdh8q88s89,P. Nielsen,,,Houston Dash,Away
2823762219,542,4,2,67,17,c3v2ohfuzoqmc8ljm65hi80sj,1,36.8,5.0,2025-06-22T01:03:12.789Z,2025-06-22T01:03:19Z,"[{'id': 5777413899, 'qualifierId': 152}, {'id': 5777413903, 'qualifierId': 286}, {'id': 5777413895, 'qualifierId': 13}, {'id': 5777413901, 'qualifierId': 265}, {'id': 5777413897, 'qualifierId': 56, 'value': 'Back'}, {'id': 5777413917, 'qualifierId': 233, 'value': '592'}]",edwr7f7jwnxm1plk91fx8hfro,M. Alozie,,,Houston Dash,Away
2823762205,592,4,2,67,17,b4fbmos00gxtk8qnaqsm392p5,0,63.2,95.0,2025-06-22T01:03:12.790Z,2025-06-22T01:03:18Z,"[{'id': 5777413793, 'qualifierId': 56, 'value': 'Left'}, {'id': 5777413799, 'qualifierId': 285}, {'id': 5777413795, 'qualifierId': 152}, {'id': 5777413791, 'qualifierId': 13}, {'id': 5777413797, 'qualifierId': 265}, {'id': 5777413923, 'qualifierId': 233, 'value': '542'}]",awme1kk0t2w81hc4xcup7k222,T. Lussi,,,North Carolina Courage,Home
2823762313,543,1,2,67,39,c3v2ohfuzoqmc8ljm65hi80sj,0,40.7,7.6,2025-06-22T01:03:34.707Z,2025-07-01T15:25:14Z,"[{'id': 5777415807, 'qualifierId': 212, 'value': '32.6'}, {'id': 5777415959, 'qualifierId': 5}, {'id': 5785743821, 'qualifierId': 189}, {'id': 5777415811, 'qualifierId': 1}, {'id': 5777415809, 'qualifierId': 213, 'value': '0.18'}, {'id': 5777415805, 'qualifierId': 141, 'value': '16.2'}, {'id': 5777414357, 'qualifierId': 56, 'value': 'Right'}, {'id': 5777415961, 'qualifierId': 152}, {'id': 5777415803, 'qualifierId': 140, 'value': '71.2'}, {'id': 5777415889, 'qualifierId': 155}]",edwr7f7jwnxm1plk91fx8hfro,M. Alozie,,,Houston Dash,Away
2823762323,544,43,2,67,43,c3v2ohfuzoqmc8ljm65hi80sj,1,0.0,0.0,2025-06-22T01:03:38.611Z,2025-07-01T15:25:00Z,"[{'id': 5777414443, 'qualifierId': 189, 'value': '0'}, {'id': 5785743799, 'qualifierId': 144, 'value': '1'}, {'id': 5777414419, 'qualifierId': 140, 'value': '76.0'}, {'id': 5777414427, 'qualifierId': 1, 'value': '0'}, {'id': 5777414415, 'qualifierId': 155, 'value': '0'}, {'id': 5777414423, 'qualifierId': 212, 'value': '40.9'}, {'id': 5777414417, 'qualifierId': 56, 'value': 'Right'}, {'id': 5777414425, 'qualifierId': 213, 'value': '0.13'}, {'id': 5777414421, 'qualifierId': 141, 'value': '20.0'}]",edwr7f7jwnxm1plk91fx8hfro,M. Alozie,,,Houston Dash,Away
2823762335,593,12,2,67,43,b4fbmos00gxtk8qnaqsm392p5,1,13.4,93.9,2025-06-22T01:03:38.926Z,2025-06-22T01:03:42Z,"[{'id': 5777414501, 'qualifierId': 213, 'value': '0.11'}, {'id': 5777414493, 'qualifierId': 56, 'value': 'Back'}, {'id': 5777414497, 'qualifierId': 141, 'value': '97.5'}, {'id': 5777414499, 'qualifierId': 212, 'value': '22.7'}, {'id': 5777414495, 'qualifierId': 140, 'value': '34.9'}]",1p3bwk03ay87hp2nwrl3tfxwq,K. Kurtz,,,North Carolina Courage,Home
2823762337,594,61,2,67,46,b4fbmos00gxtk8qnaqsm392p5,0,34.9,97.5,2025-06-22T01:03:42.341Z,2025-06-22T01:03:42Z,"[{'id': 5777414503, 'qualifierId': 56, 'value': 'Back'}]",awme1kk0t2w81hc4xcup7k222,T. Lussi,,,North Carolina Courage,Home
2823762351,545,1,2,67,47,c3v2ohfuzoqmc8ljm65hi80sj,1,61.2,13.8,2025-06-22T01:03:42.739Z,2025-06-22T01:03:45Z,"[{'id': 5777414573, 'qualifierId': 140, 'value': '73.9'}, {'id': 5777414577, 'qualifierId': 212, 'value': '13.3'}, {'id': 5777414579, 'qualifierId': 213, 'value': '6.28'}, {'id': 5777414571, 'qualifierId': 56, 'value': 'Right'}, {'id': 5777414575, 'qualifierId': 141, 'value': '13.7'}]",1c2boqmoi50esuelgdd96o06h,D. Colaprico,,,Houston Dash,Away
2823762359,546,1,2,67,49,c3v2ohfuzoqmc8ljm65hi80sj,1,70.6,16.1,2025-06-22T01:03:45.562Z,2025-06-22T01:03:47Z,"[{'id': 5777414625, 'qualifierId': 140, 'value': '67.2'}, {'id': 5777414629, 'qualifierId': 212, 'value': '5.7'}, {'id': 5777414631, 'qualifierId': 213, 'value': '2.24'}, {'id': 5777414623, 'qualifierId': 56, 'value': 'Center'}, {'id': 5777414627, 'qualifierId': 141, 'value': '22.7'}]",95tl8tonvm6czhwzd6i5ep756,B. Olivieri,,,Houston Dash,Away
2823762373,547,1,2,67,51,c3v2ohfuzoqmc8ljm65hi80sj,1,66.8,22.7,2025-06-22T01:03:46.955Z,2025-06-22T01:03:51Z,"[{'id': 5777414707, 'qualifierId': 140, 'value': '57.0'}, {'id': 5777414711, 'qualifierId': 212, 'value': '16.0'}, {'id': 5777414709, 'qualifierId': 141, 'value': '4.7'}, {'id': 5777414705, 'qualifierId': 56, 'value': 'Right'}, {'id': 5777414713, 'qualifierId': 213, 'value': '4.01'}]",2sc4jlfmioa61d1vgpcz0pht6,D. Sheehan,,,Houston Dash,Away
2823762385,548,1,2,67,55,c3v2ohfuzoqmc8ljm65hi80sj,1,60.2,5.8,2025-06-22T01:03:51.123Z,2025-06-22T01:03:53Z,"[{'id': 5777414761, 'qualifierId': 212, 'value': '18.5'}, {'id': 5777414755, 'qualifierId': 56, 'value': 'Center'}, {'id': 5777414757, 'qualifierId': 140, 'value': '67.0'}, {'id': 5777414763, 'qualifierId': 213, 'value': '1.17'}, {'id': 5777414759, 'qualifierId': 141, 'value': '30.9'}]",edwr7f7jwnxm1plk91fx8hfro,M. Alozie,,,Houston Dash,Away
2823762399,549,1,2,67,57,c3v2ohfuzoqmc8ljm65hi80sj,0,67.4,28.2,2025-06-22T01:03:53.082Z,2025-06-22T01:03:55Z,"[{'id': 5777414823, 'qualifierId': 212, 'value': '15.1'}, {'id': 5777414821, 'qualifierId': 141, 'value': '15.2'}, {'id': 5777414825, 'qualifierId': 213, 'value': '5.66'}, {'id': 5777414817, 'qualifierId': 56, 'value': 'Right'}, {'id': 5777414815, 'qualifierId': 155}, {'id': 5777414819, 'qualifierId': 140, 'value': '79.1'}]",95tl8tonvm6czhwzd6i5ep756,B. Olivieri,,,Houston Dash,Away
2823762417,595,12,2,68,0,b4fbmos00gxtk8qnaqsm392p5,1,21.7,86.2,2025-06-22T01:03:56.157Z,2025-06-22T01:03:57Z,"[{'id': 5777414917, 'qualifierId': 212, 'value': '8.7'}, {'id': 5777414913, 'qualifierId': 140, 'value': '27.3'}, {'id': 5777414927, 'qualifierId': 15}, {'id': 5777414919, 'qualifierId': 213, 'value': '5.45'}, {'id': 5777414911, 'qualifierId': 56, 'value': 'Back'}, {'id': 5777414915, 'qualifierId': 141, 'value': '76.7'}]",1p3bwk03ay87hp2nwrl3tfxwq,K. Kurtz,,,North Carolina Courage,Home
2823762435,596,1,2,68,2,b4fbmos00gxtk8qnaqsm392p5,0,33.9,85.9,2025-06-22T01:03:58.053Z,2025-06-24T14:52:24Z,"[{'id': 5777415063, 'qualifierId': 141, 'value': '83.0'}, {'id': 5777415059, 'qualifierId': 56, 'value': 'Back'}, {'id': 5777415061, 'qualifierId': 140, 'value': '36.5'}, {'id': 5777415065, 'qualifierId': 212, 'value': '3.4'}, {'id': 5777415067, 'qualifierId': 213, 'value': '5.66'}]",4k83z2cdvn2kwb72kh8e8qfsa,J. Shaw,,,North Carolina Courage,Home
2824138523,791,61,2,68,3,c3v2ohfuzoqmc8ljm65hi80sj,1,68.5,33.7,2025-06-22T01:03:58.668Z,2025-06-24T14:53:11Z,"[{'id': 5779532155, 'qualifierId': 56, 'value': 'Center'}]",2sc4jlfmioa61d1vgpcz0pht6,D. Sheehan,,,Houston Dash,Away
2824138475,844,43,2,68,3,b4fbmos00gxtk8qnaqsm392p5,1,0.0,0.0,2025-06-22T01:03:58.693Z,2025-06-24T14:53:01Z,"[{'id': 5779532135, 'qualifierId': 144, 'value': '61'}, {'id': 5779531939, 'qualifierId': 56, 'value': 'Back'}]",54ieoaegysojsey2jmqtr9ucp,B. Pinto,,,North Carolina Courage,Home
2823762433,550,1,2,68,4,c3v2ohfuzoqmc8ljm65hi80sj,0,63.2,29.2,2025-06-22T01:04:00.250Z,2025-06-22T01:04:00Z,"[{'id': 5777415047, 'qualifierId': 56, 'value': 'Center'}, {'id': 5777415049, 'qualifierId': 140, 'value': '78.7'}, {'id': 5777415053, 'qualifierId': 212, 'value': '17.6'}, {'id': 5777415045, 'qualifierId': 157}, {'id': 5777415057, 'qualifierId': 1}, {'id': 5777415051, 'qualifierId': 141, 'value': '38.9'}, {'id': 5777415055, 'qualifierId': 213, 'value': '0.39'}]",6089nfwh31ha73pl7vlla75cl,S. Puntigam,,,Houston Dash,Away
2824138559,845,1,2,68,6,b4fbmos00gxtk8qnaqsm392p5,1,25.7,39.8,2025-06-22T01:04:01.669Z,2025-06-24T14:53:56Z,"[{'id': 5779532327, 'qualifierId': 140, 'value': '32.9'}, {'id': 5779532331, 'qualifierId': 212, 'value': '8.4'}, {'id': 5779532323, 'qualifierId': 3}, {'id': 5779532329, 'qualifierId': 141, 'value': '45.2'}, {'id': 5779532333, 'qualifierId': 213, 'value': '0.45'}, {'id': 5779532325, 'qualifierId': 56, 'value': 'Back'}]",cbco4ht0d7uk1thgam6vc0ep6,M. Bell,,,North Carolina Courage,Home
2823762451,597,61,2,68,8,b4fbmos00gxtk8qnaqsm392p5,1,32.2,63.4,2025-06-22T01:04:04.165Z,2025-06-24T14:53:56Z,"[{'id': 5777415147, 'qualifierId': 56, 'value': 'Back'}]",7fk82cjz0z5vq2ts3vmz8has5,D. O'Sullivan,,,North Carolina Courage,Home
2823762453,598,49,2,68,9,b4fbmos00gxtk8qnaqsm392p5,1,31.3,68.5,2025-06-22T01:04:05.142Z,2025-06-22T01:04:05Z,[],4k83z2cdvn2kwb72kh8e8qfsa,J. Shaw,,,North Carolina Courage,Home
2823762467,599,1,2,68,9,b4fbmos00gxtk8qnaqsm392p5,1,31.3,68.5,2025-06-22T01:04:05.325Z,2025-06-22T01:04:08Z,"[{'id': 5777415235, 'qualifierId': 56, 'value': 'Back'}, {'id': 5777415239, 'qualifierId': 141, 'value': '61.2'}, {'id': 5777415237, 'qualifierId': 140, 'value': '32.2'}, {'id': 5777415243, 'qualifierId': 213, 'value': '4.90'}, {'id': 5777415241, 'qualifierId': 212, 'value': '5.1'}]",4k83z2cdvn2kwb72kh8e8qfsa,J. Shaw,,,North Carolina Courage,Home
2823762475,600,1,2,68,12,b4fbmos00gxtk8qnaqsm392p5,1,31.4,54.3,2025-06-22T01:04:08.029Z,2025-06-22T01:04:10Z,"[{'id': 5777415283, 'qualifierId': 56, 'value': 'Back'}, {'id': 5777415291, 'qualifierId': 213, 'value': '4.15'}, {'id': 5777415289, 'qualifierId': 212, 'value': '14.2'}, {'id': 5777415285, 'qualifierId': 140, 'value': '24.2'}, {'id': 5777415287, 'qualifierId': 141, 'value': '36.6'}]",7fk82cjz0z5vq2ts3vmz8has5,D. O'Sullivan,,,North Carolina Courage,Home
2823762493,601,1,2,68,14,b4fbmos00gxtk8qnaqsm392p5,1,24.2,36.6,2025-06-22T01:04:10.565Z,2025-06-22T01:04:16Z,"[{'id': 5777415387, 'qualifierId': 212, 'value': '25.1'}, {'id': 5777415389, 'qualifierId': 213, 'value': '5.31'}, {'id': 5777415381, 'qualifierId': 56, 'value': 'Back'}, {'id': 5777415385, 'qualifierId': 141, 'value': '6.1'}, {'id': 5777415383, 'qualifierId': 140, 'value': '37.6'}]",cbco4ht0d7uk1thgam6vc0ep6,M. Bell,,,North Carolina Courage,Home
2823762521,551,45,2,68,20,c3v2ohfuzoqmc8ljm65hi80sj,0,66.6,95.0,2025-06-22T01:04:15.778Z,2025-06-22T01:45:28Z,"[{'id': 5777416343, 'qualifierId': 233, 'value': '602'}, {'id': 5777415479, 'qualifierId': 56, 'value': 'Left'}, {'id': 5777478417, 'qualifierId': 285}]",n4egj8ymfled94mco0lwa95,C. Westphal,,,Houston Dash,Away
2823762503,602,3,2,68,20,b4fbmos00gxtk8qnaqsm392p5,1,33.4,5.0,2025-06-22T01:04:15.778Z,2025-06-24T14:54:11Z,"[{'id': 5777416319, 'qualifierId': 233, 'value': '551'}, {'id': 5777416353, 'qualifierId': 286}, {'id': 5779532397, 'qualifierId': 464}, {'id': 5777415429, 'qualifierId': 56, 'value': 'Back'}]",1x229gvjahkxp7w02bh0v36ga,R. Williams,,,North Carolina Courage,Home
2823762515,603,1,2,68,23,b4fbmos00gxtk8qnaqsm392p5,1,33.5,5.2,2025-06-22T01:04:18.629Z,2025-06-22T01:04:21Z,"[{'id': 5777415463, 'qualifierId': 56, 'value': 'Back'}, {'id': 5777415469, 'qualifierId': 212, 'value': '9.3'}, {'id': 5777415471, 'qualifierId': 213, 'value': '6.16'}, {'id': 5777415467, 'qualifierId': 141, 'value': '3.5'}, {'id': 5777415465, 'qualifierId': 140, 'value': '42.3'}]",1x229gvjahkxp7w02bh0v36ga,R. Williams,,,North Carolina Courage,Home
2823762519,604,4,2,68,25,b4fbmos00gxtk8qnaqsm392p5,1,48.9,3.4,2025-06-22T01:04:21.357Z,2025-06-22T01:35:52Z,"[{'id': 5777415551, 'qualifierId': 233, 'value': '552'}, {'id': 5777415487, 'qualifierId': 13}, {'id': 5777415495, 'qualifierId': 286}, {'id': 5777415491, 'qualifierId': 152}, {'id': 5777415493, 'qualifierId': 265}, {'id': 5777415489, 'qualifierId': 56, 'value': 'Back'}]",4k83z2cdvn2kwb72kh8e8qfsa,J. Shaw,,,North Carolina Courage,Home
2823762529,552,4,2,68,25,c3v2ohfuzoqmc8ljm65hi80sj,0,51.1,96.6,2025-06-22T01:04:21.358Z,2025-06-22T01:35:52Z,"[{'id': 5777416221, 'qualifierId': 55, 'value': '553'}, {'id': 5777415547, 'qualifierId': 265}, {'id': 5777415543, 'qualifierId': 56, 'value': 'Left'}, {'id': 5777415557, 'qualifierId': 233, 'value': '604'}, {'id': 5777415541, 'qualifierId': 13}, {'id': 5777415545, 'qualifierId': 152}, {'id': 5777415549, 'qualifierId': 285}]",6089nfwh31ha73pl7vlla75cl,S. Puntigam,,,Houston Dash,Away
2823762585,553,17,2,68,36,c3v2ohfuzoqmc8ljm65hi80sj,1,0.0,0.0,2025-06-22T01:04:31.698Z,2025-07-01T15:44:49Z,"[{'id': 5785744549, 'qualifierId': 392}, {'id': 5777416213, 'qualifierId': 13, 'value': '243'}, {'id': 5777416209, 'qualifierId': 32}, {'id': 5777416215, 'qualifierId': 55, 'value': '552'}]",6089nfwh31ha73pl7vlla75cl,S. Puntigam,,,Houston Dash,Away
2825248811,809,40,2,68,40,c3v2ohfuzoqmc8ljm65hi80sj,1,0.0,0.0,2025-06-22T01:04:36.118Z,2025-07-01T15:45:22Z,"[{'id': 5785754641, 'qualifierId': 131, 'value': '1, 2, 3, 5, 6, 7, 8, 9, 10, 11, 0, 0, 0, 0, 0, 0, 0'}, {'id': 5785754633, 'qualifierId': 30, 'value': '53uflfknc5uus7iqw3obp5fx1, edwr7f7jwnxm1plk91fx8hfro, n4egj8ymfled94mco0lwa95, 8co65x7tuvynuqvket8okb7xl, 8ruvr2jnsfdub02rdh8q88s89, 95tl8tonvm6czhwzd6i5ep756, 1c2boqmoi50esuelgdd96o06h, 191uogxjdg4uo178qv1544jys, 2sc4jlfmioa61d1vgpcz0pht6, 1xgse8t4dm0decmpzebsphvfu, 706rwdwv4re27svfmlo7na3th, bdsv3kql5t6sw5ed2gsxmz2eh, 6zm75ruas324c7yrt18ttei8l, b3pwhedfzplkesy9qek3q6o7o, cgfk0e62cesbgieslfge2p61h, 22rwy15pz3noi4av4wb3i0wh6, 97ia01cyibu1l7qs8qexd2n3e'}, {'id': 5785754643, 'qualifierId': 194, 'value': '53uflfknc5uus7iqw3obp5fx1'}, {'id': 5785754639, 'qualifierId': 130, 'value': '7'}, {'id': 5785754637, 'qualifierId': 59, 'value': '1, 22, 20, 4, 14, 10, 24, 6, 8, 11, 35, 7, 25, 29, 13, 23, 12'}, {'id': 5785754635, 'qualifierId': 44, 'value': '1, 2, 2, 2, 2, 3, 3, 4, 3, 3, 5, 5, 5, 5, 5, 5, 5'}]",,,,,Houston Dash,Away
2823762735,605,1,2,69,30,b4fbmos00gxtk8qnaqsm392p5,1,45.7,2.3,2025-06-22T01:05:25.654Z,2025-06-24T15:01:06Z,"[{'id': 5777416985, 'qualifierId': 212, 'value': '61.3'}, {'id': 5777416981, 'qualifierId': 140, 'value': '62.3'}, {'id': 5777416989, 'qualifierId': 1}, {'id': 5777416983, 'qualifierId': 141, 'value': '88.7'}, {'id': 5777416977, 'qualifierId': 152}, {'id': 5779533963, 'qualifierId': 189}, {'id': 5777416987, 'qualifierId': 213, 'value': '1.28'}, {'id': 5777416973, 'qualifierId': 155}, {'id': 5777416979, 'qualifierId': 56, 'value': 'Left'}, {'id': 5777416975, 'qualifierId': 196}, {'id': 5777416971, 'qualifierId': 5}]",cbco4ht0d7uk1thgam6vc0ep6,M. Bell,,,North Carolina Courage,Home
2823762741,606,1,2,69,32,b4fbmos00gxtk8qnaqsm392p5,1,67.0,67.8,2025-06-22T01:05:28.140Z,2025-06-22T01:05:29Z,"[{'id': 5777417019, 'qualifierId': 56, 'value': 'Center'}, {'id': 5777417027, 'qualifierId': 213, 'value': '4.84'}, {'id': 5777417025, 'qualifierId': 212, 'value': '23.8'}, {'id': 5777417021, 'qualifierId': 140, 'value': '69.8'}, {'id': 5777417023, 'qualifierId': 141, 'value': '33.0'}]",awme1kk0t2w81hc4xcup7k222,T. Lussi,,,North Carolina Courage,Home
2823762767,607,1,2,69,33,b4fbmos00gxtk8qnaqsm392p5,1,67.2,29.8,2025-06-22T01:05:29.325Z,2025-06-22T01:05:35Z,"[{'id': 5777417175, 'qualifierId': 213, 'value': '5.48'}, {'id': 5777417171, 'qualifierId': 141, 'value': '7.1'}, {'id': 5777417169, 'qualifierId': 140, 'value': '81.5'}, {'id': 5777417167, 'qualifierId': 56, 'value': 'Right'}, {'id': 5777417173, 'qualifierId': 212, 'value': '21.5'}]",cbco4ht0d7uk1thgam6vc0ep6,M. Bell,,,North Carolina Courage,Home
2823762773,608,1,2,69,40,b4fbmos00gxtk8qnaqsm392p5,1,90.2,17.1,2025-06-22T01:05:35.741Z,2025-06-22T01:05:39Z,"[{'id': 5777417197, 'qualifierId': 213, 'value': '2.38'}, {'id': 5777417195, 'qualifierId': 212, 'value': '6.7'}, {'id': 5777417191, 'qualifierId': 140, 'value': '85.6'}, {'id': 5777417189, 'qualifierId': 56, 'value': 'Center'}, {'id': 5777417193, 'qualifierId': 141, 'value': '23.9'}]",1x229gvjahkxp7w02bh0v36ga,R. Williams,,,North Carolina Courage,Home
2823762777,609,1,2,69,43,b4fbmos00gxtk8qnaqsm392p5,0,91.7,20.1,2025-06-22T01:05:39.022Z,2025-06-24T15:01:22Z,"[{'id': 5779534025, 'qualifierId': 224}, {'id': 5777417313, 'qualifierId': 236}, {'id': 5777417207, 'qualifierId': 140, 'value': '91.7'}, {'id': 5777417203, 'qualifierId': 155}, {'id': 5777417213, 'qualifierId': 213, 'value': '1.57'}, {'id': 5777417205, 'qualifierId': 56, 'value': 'Right'}, {'id': 5777417201, 'qualifierId': 2}, {'id': 5777417317, 'qualifierId': 233, 'value': '554'}, {'id': 5777417325, 'qualifierId': 286}, {'id': 5777417209, 'qualifierId': 141, 'value': '20.3'}, {'id': 5777417211, 'qualifierId': 212, 'value': '0.1'}, {'id': 5779534027, 'qualifierId': 20}]",4k83z2cdvn2kwb72kh8e8qfsa,J. Shaw,,,North Carolina Courage,Home
2823762791,554,12,2,69,43,c3v2ohfuzoqmc8ljm65hi80sj,1,8.6,75.4,2025-06-22T01:05:39.122Z,2025-06-22T01:05:41Z,"[{'id': 5777417303, 'qualifierId': 185}, {'id': 5777417305, 'qualifierId': 56, 'value': 'Back'}, {'id': 5777417329, 'qualifierId': 233, 'value': '609'}]",8ruvr2jnsfdub02rdh8q88s89,P. Nielsen,,,Houston Dash,Away
2823762785,610,61,2,69,44,b4fbmos00gxtk8qnaqsm392p5,1,91.7,20.3,2025-06-22T01:05:40.368Z,2025-06-22T01:05:40Z,"[{'id': 5777417247, 'qualifierId': 56, 'value': 'Right'}]",4k83z2cdvn2kwb72kh8e8qfsa,J. Shaw,,,North Carolina Courage,Home
2824138901,794,61,2,69,48,c3v2ohfuzoqmc8ljm65hi80sj,0,18.1,77.8,2025-06-22T01:05:43.669Z,2025-06-24T15:01:43Z,"[{'id': 5779534107, 'qualifierId': 56, 'value': 'Back'}]",n4egj8ymfled94mco0lwa95,C. Westphal,,,Houston Dash,Away
2823762799,611,1,2,69,48,b4fbmos00gxtk8qnaqsm392p5,1,81.9,23.1,2025-06-22T01:05:44.078Z,2025-06-24T15:01:39Z,"[{'id': 5779534073, 'qualifierId': 212, 'value': '13.4'}, {'id': 5779534071, 'qualifierId': 141, 'value': '31.9'}, {'id': 5779534069, 'qualifierId': 140, 'value': '70.5'}, {'id': 5779534075, 'qualifierId': 213, 'value': '2.68'}, {'id': 5777417375, 'qualifierId': 56, 'value': 'Center'}]",1x229gvjahkxp7w02bh0v36ga,R. Williams,,,North Carolina Courage,Home
2823762803,612,1,2,69,49,b4fbmos00gxtk8qnaqsm392p5,0,69.5,19.8,2025-06-22T01:05:45.076Z,2025-06-22T01:05:45Z,"[{'id': 5777417397, 'qualifierId': 213, 'value': '5.73'}, {'id': 5777417391, 'qualifierId': 140, 'value': '92.2'}, {'id': 5777417395, 'qualifierId': 212, 'value': '28.0'}, {'id': 5777417389, 'qualifierId': 56, 'value': 'Right'}, {'id': 5777417393, 'qualifierId': 141, 'value': '0.0'}]",1p3bwk03ay87hp2nwrl3tfxwq,K. Kurtz,,,North Carolina Courage,Home
2823762805,555,43,2,69,49,c3v2ohfuzoqmc8ljm65hi80sj,1,0.0,0.0,2025-06-22T01:05:45.483Z,2025-06-24T15:01:59Z,"[{'id': 5779534161, 'qualifierId': 144, 'value': '1'}, {'id': 5777417419, 'qualifierId': 140, 'value': '28.8'}, {'id': 5777417417, 'qualifierId': 56, 'value': 'Back'}, {'id': 5777417425, 'qualifierId': 213, 'value': '6.26'}, {'id': 5777417421, 'qualifierId': 141, 'value': '76.6'}, {'id': 5777417423, 'qualifierId': 212, 'value': '13.4'}]",n4egj8ymfled94mco0lwa95,C. Westphal,,,Houston Dash,Away
2823762891,556,5,2,69,50,c3v2ohfuzoqmc8ljm65hi80sj,1,8.9,101.6,2025-06-22T01:05:45.907Z,2025-06-22T01:54:18Z,"[{'id': 5777417941, 'qualifierId': 56, 'value': 'Back'}, {'id': 5777417943, 'qualifierId': 347}, {'id': 5777417955, 'qualifierId': 233, 'value': '613'}]",n4egj8ymfled94mco0lwa95,C. Westphal,,,Houston Dash,Away
2823762807,613,5,2,69,50,b4fbmos00gxtk8qnaqsm392p5,0,91.1,-1.6,2025-06-22T01:05:45.907Z,2025-06-22T01:54:18Z,"[{'id': 5777417427, 'qualifierId': 56, 'value': 'Right'}, {'id': 5777417429, 'qualifierId': 347}, {'id': 5777417975, 'qualifierId': 233, 'value': '556'}]",1p3bwk03ay87hp2nwrl3tfxwq,K. Kurtz,,,North Carolina Courage,Home
2823762897,557,1,2,70,20,c3v2ohfuzoqmc8ljm65hi80sj,0,10.3,100.0,2025-06-22T01:06:16.259Z,2025-06-22T01:06:18Z,"[{'id': 5777417987, 'qualifierId': 212, 'value': '17.0'}, {'id': 5777417979, 'qualifierId': 107}, {'id': 5777417985, 'qualifierId': 141, 'value': '87.4'}, {'id': 5777417993, 'qualifierId': 189}, {'id': 5777417981, 'qualifierId': 56, 'value': 'Back'}, {'id': 5777417989, 'qualifierId': 213, 'value': '5.69'}, {'id': 5777417983, 'qualifierId': 140, 'value': '23.7'}]",n4egj8ymfled94mco0lwa95,C. Westphal,,,Houston Dash,Away
2824138927,847,61,2,70,21,b4fbmos00gxtk8qnaqsm392p5,1,65.7,8.1,2025-06-22T01:06:17.419Z,2025-06-24T15:02:21Z,"[{'id': 5779534259, 'qualifierId': 189}, {'id': 5779534239, 'qualifierId': 56, 'value': 'Right'}]",1x229gvjahkxp7w02bh0v36ga,R. Williams,,,North Carolina Courage,Home
2823762899,614,49,2,70,23,b4fbmos00gxtk8qnaqsm392p5,1,81.8,29.8,2025-06-22T01:06:18.605Z,2025-06-22T01:06:18Z,[],90bm7jsl7sjqiel7u2tv0vgq2,M. Matsukubo,,,North Carolina Courage,Home
2823762905,615,3,2,70,23,b4fbmos00gxtk8qnaqsm392p5,0,86.5,22.5,2025-06-22T01:06:19.548Z,2025-06-24T15:02:56Z,"[{'id': 5777418039, 'qualifierId': 56, 'value': 'Center'}, {'id': 5777418041, 'qualifierId': 286}, {'id': 5779534387, 'qualifierId': 464}, {'id': 5777418175, 'qualifierId': 233, 'value': '558'}]",90bm7jsl7sjqiel7u2tv0vgq2,M. Matsukubo,,,North Carolina Courage,Home
2823762925,558,7,2,70,23,c3v2ohfuzoqmc8ljm65hi80sj,1,13.5,77.5,2025-06-22T01:06:19.549Z,2025-06-24T15:03:13Z,"[{'id': 5777418149, 'qualifierId': 56, 'value': 'Back'}, {'id': 5777418151, 'qualifierId': 285}, {'id': 5779534397, 'qualifierId': 383}, {'id': 5777418157, 'qualifierId': 233, 'value': '615'}]",95tl8tonvm6czhwzd6i5ep756,B. Olivieri,,,Houston Dash,Away
2824138981,795,49,2,70,26,c3v2ohfuzoqmc8ljm65hi80sj,1,23.9,71.8,2025-06-22T01:06:22.420Z,2025-06-24T15:03:25Z,[],95tl8tonvm6czhwzd6i5ep756,B. Olivieri,,,Houston Dash,Away
2823762929,559,43,2,70,27,c3v2ohfuzoqmc8ljm65hi80sj,1,0.0,0.0,2025-06-22T01:06:23.576Z,2025-06-24T15:03:17Z,"[{'id': 5779534433, 'qualifierId': 144, 'value': '61'}, {'id': 5777418155, 'qualifierId': 56, 'value': 'Back'}]",2sc4jlfmioa61d1vgpcz0pht6,D. Sheehan,,,Houston Dash,Away
2823762957,560,61,2,70,28,c3v2ohfuzoqmc8ljm65hi80sj,0,23.3,82.9,2025-06-22T01:06:24.539Z,2025-06-24T15:03:32Z,"[{'id': 5777418311, 'qualifierId': 56, 'value': 'Back'}]",95tl8tonvm6czhwzd6i5ep756,B. Olivieri,,,Houston Dash,Away
2823762955,616,1,2,70,30,b4fbmos00gxtk8qnaqsm392p5,1,72.0,11.9,2025-06-22T01:06:25.596Z,2025-06-22T01:06:29Z,"[{'id': 5777418299, 'qualifierId': 56, 'value': 'Center'}, {'id': 5777418307, 'qualifierId': 213, 'value': '2.49'}, {'id': 5777418301, 'qualifierId': 140, 'value': '60.4'}, {'id': 5777418305, 'qualifierId': 212, 'value': '15.3'}, {'id': 5777418303, 'qualifierId': 141, 'value': '25.5'}]",1x229gvjahkxp7w02bh0v36ga,R. Williams,,,North Carolina Courage,Home
2823762977,617,43,2,70,33,b4fbmos00gxtk8qnaqsm392p5,1,0.0,0.0,2025-06-22T01:06:28.956Z,2025-06-24T16:02:02Z,"[{'id': 5777418437, 'qualifierId': 212, 'value': '25.3'}, {'id': 5777418439, 'qualifierId': 213, 'value': '1.51'}, {'id': 5777418435, 'qualifierId': 141, 'value': '65.4'}, {'id': 5777418431, 'qualifierId': 56, 'value': 'Center'}, {'id': 5779553301, 'qualifierId': 144, 'value': '1'}, {'id': 5777418433, 'qualifierId': 140, 'value': '62.9'}]",1p3bwk03ay87hp2nwrl3tfxwq,K. Kurtz,,,North Carolina Courage,Home
2824138997,848,49,2,70,33,b4fbmos00gxtk8qnaqsm392p5,1,64.9,45.8,2025-06-22T01:06:29.169Z,2025-06-24T15:03:40Z,[],1p3bwk03ay87hp2nwrl3tfxwq,K. Kurtz,,,North Carolina Courage,Home
2823762989,618,1,2,70,37,b4fbmos00gxtk8qnaqsm392p5,1,62.9,65.4,2025-06-22T01:06:32.964Z,2025-06-22T01:06:35Z,"[{'id': 5777418519, 'qualifierId': 141, 'value': '59.3'}, {'id': 5777418515, 'qualifierId': 56, 'value': 'Center'}, {'id': 5777418523, 'qualifierId': 213, 'value': '5.71'}, {'id': 5777418517, 'qualifierId': 140, 'value': '69.0'}, {'id': 5777418521, 'qualifierId': 212, 'value': '7.6'}]",cqpdeqi0psfadqsgejcvdqqne,M. Berkely,,,North Carolina Courage,Home
2823762991,619,61,2,70,39,b4fbmos00gxtk8qnaqsm392p5,0,69.0,59.3,2025-06-22T01:06:35.052Z,2025-06-22T01:06:35Z,"[{'id': 5777418529, 'qualifierId': 56, 'value': 'Center'}]",cwerr3zz6pqzzzqso9dx69fjd,A. Sanchez,,,North Carolina Courage,Home
2823762995,561,49,2,70,40,c3v2ohfuzoqmc8ljm65hi80sj,1,26.1,39.2,2025-06-22T01:06:35.754Z,2025-06-22T01:06:35Z,[],191uogxjdg4uo178qv1544jys,M. Bright,,,Houston Dash,Away
2823762997,562,1,2,70,40,c3v2ohfuzoqmc8ljm65hi80sj,1,25.9,39.8,2025-06-22T01:06:36.234Z,2025-06-22T01:06:37Z,"[{'id': 5777418533, 'qualifierId': 140, 'value': '22.4'}, {'id': 5777418531, 'qualifierId': 56, 'value': 'Back'}, {'id': 5777418535, 'qualifierId': 141, 'value': '34.8'}, {'id': 5777418537, 'qualifierId': 212, 'value': '5.0'}, {'id': 5777418539, 'qualifierId': 213, 'value': '3.89'}]",191uogxjdg4uo178qv1544jys,M. Bright,,,Houston Dash,Away
2823763013,563,1,2,70,41,c3v2ohfuzoqmc8ljm65hi80sj,0,22.3,34.6,2025-06-22T01:06:37.314Z,2025-06-22T01:06:39Z,"[{'id': 5777418633, 'qualifierId': 56, 'value': 'Back'}, {'id': 5777418641, 'qualifierId': 213, 'value': '6.04'}, {'id': 5777418635, 'qualifierId': 140, 'value': '36.7'}, {'id': 5777418639, 'qualifierId': 212, 'value': '15.6'}, {'id': 5777418637, 'qualifierId': 141, 'value': '29.1'}]",1c2boqmoi50esuelgdd96o06h,D. Colaprico,,,Houston Dash,Away
2823763015,620,49,2,70,44,b4fbmos00gxtk8qnaqsm392p5,1,65.2,77.6,2025-06-22T01:06:40.004Z,2025-06-22T01:06:40Z,[],cqpdeqi0psfadqsgejcvdqqne,M. Berkely,,,North Carolina Courage,Home
2823763061,621,1,2,70,50,b4fbmos00gxtk8qnaqsm392p5,1,94.8,68.5,2025-06-22T01:06:46.004Z,2025-06-22T01:07:42Z,"[{'id': 5777419883, 'qualifierId': 22}, {'id': 5777418907, 'qualifierId': 213, 'value': '4.34'}, {'id': 5777419881, 'qualifierId': 154}, {'id': 5777418901, 'qualifierId': 140, 'value': '91.6'}, {'id': 5777419879, 'qualifierId': 210, 'value': '16'}, {'id': 5777418905, 'qualifierId': 212, 'value': '9.3'}, {'id': 5777418899, 'qualifierId': 56, 'value': 'Center'}, {'id': 5777418903, 'qualifierId': 141, 'value': '55.8'}, {'id': 5777420329, 'qualifierId': 195}]",cqpdeqi0psfadqsgejcvdqqne,M. Berkely,,1.0,North Carolina Courage,Home
2823763065,622,16,2,70,51,b4fbmos00gxtk8qnaqsm392p5,1,88.9,54.4,2025-06-22T01:06:47.444Z,2025-07-01T15:29:46Z,"[{'id': 5779534843, 'qualifierId': 395, 'value': '98.2'}, {'id': 5777419379, 'qualifierId': 20}, {'id': 5777418925, 'qualifierId': 17}, {'id': 5777419899, 'qualifierId': 214}, {'id': 5777419887, 'qualifierId': 29}, {'id': 5777419383, 'qualifierId': 374, 'value': '2025-06-22 02:06:46.722'}, {'id': 5777418927, 'qualifierId': 56, 'value': 'Center'}, {'id': 5777419903, 'qualifierId': 230, 'value': '98.4'}, {'id': 5779534845, 'qualifierId': 396, 'value': '50.9'}, {'id': 5785746585, 'qualifierId': 78}, {'id': 5777419889, 'qualifierId': 154}, {'id': 5777418923, 'qualifierId': 22}, {'id': 5777419387, 'qualifierId': 375, 'value': '70:51.140'}, {'id': 5777419895, 'qualifierId': 102, 'value': '48.4'}, {'id': 5777419891, 'qualifierId': 55, 'value': '621'}, {'id': 5777419897, 'qualifierId': 103, 'value': '1.3'}, {'id': 5777419905, 'qualifierId': 231, 'value': '52.0'}, {'id': 5777419901, 'qualifierId': 328}]",4k83z2cdvn2kwb72kh8e8qfsa,J. Shaw,,,North Carolina Courage,Home
2823763959,576,18,2,72,10,c3v2ohfuzoqmc8ljm65hi80sj,1,0.0,0.0,2025-06-22T01:08:05.953Z,2025-07-01T15:49:44Z,"[{'id': 5777424121, 'qualifierId': 59, 'value': '24'}, {'id': 5777424117, 'qualifierId': 42}, {'id': 5777424167, 'qualifierId': 55, 'value': '577'}, {'id': 5777424119, 'qualifierId': 44, 'value': 'Midfielder'}]",1c2boqmoi50esuelgdd96o06h,D. Colaprico,,,Houston Dash,Away
2823763961,577,19,2,72,10,c3v2ohfuzoqmc8ljm65hi80sj,1,0.0,0.0,2025-06-22T01:08:05.954Z,2025-07-01T15:54:05Z,"[{'id': 5777424135, 'qualifierId': 292, 'value': '7'}, {'id': 5777424131, 'qualifierId': 145, 'value': '8'}, {'id': 5777424139, 'qualifierId': 44, 'value': 'Midfielder'}, {'id': 5777424133, 'qualifierId': 59, 'value': '13'}, {'id': 5777424137, 'qualifierId': 293, 'value': '5'}, {'id': 5777424141, 'qualifierId': 55, 'value': '576'}, {'id': 5777424127, 'qualifierId': 42}]",cgfk0e62cesbgieslfge2p61h,S. Schmidt,,,Houston Dash,Away
2823763927,574,18,2,72,12,c3v2ohfuzoqmc8ljm65hi80sj,1,0.0,0.0,2025-06-22T01:08:07.739Z,2025-07-01T15:49:51Z,"[{'id': 5777423919, 'qualifierId': 42}, {'id': 5777423997, 'qualifierId': 55, 'value': '575'}, {'id': 5777423921, 'qualifierId': 44, 'value': 'Midfielder'}, {'id': 5777423923, 'qualifierId': 59, 'value': '8'}]",2sc4jlfmioa61d1vgpcz0pht6,D. Sheehan,,,Houston Dash,Away
2823763935,575,19,2,72,12,c3v2ohfuzoqmc8ljm65hi80sj,1,0.0,0.0,2025-06-22T01:08:07.740Z,2025-07-01T15:54:07Z,"[{'id': 5777423965, 'qualifierId': 42}, {'id': 5777423977, 'qualifierId': 44, 'value': 'Midfielder'}, {'id': 5777423969, 'qualifierId': 145, 'value': '10'}, {'id': 5777423979, 'qualifierId': 55, 'value': '574'}, {'id': 5777423975, 'qualifierId': 293, 'value': '4'}, {'id': 5777423971, 'qualifierId': 59, 'value': '23'}, {'id': 5777423973, 'qualifierId': 292, 'value': '7'}]",22rwy15pz3noi4av4wb3i0wh6,M. Graham,,,Houston Dash,Away
2823763541,564,1,2,72,33,c3v2ohfuzoqmc8ljm65hi80sj,1,49.9,50.3,2025-06-22T01:08:28.913Z,2025-06-24T15:07:20Z,"[{'id': 5777421815, 'qualifierId': 140, 'value': '17.7'}, {'id': 5777421819, 'qualifierId': 212, 'value': '33.8'}, {'id': 5777421813, 'qualifierId': 56, 'value': 'Back'}, {'id': 5777421825, 'qualifierId': 279, 'value': 'G'}, {'id': 5777421821, 'qualifierId': 213, 'value': '3.17'}, {'id': 5777421817, 'qualifierId': 141, 'value': '49.1'}, {'id': 5777421823, 'qualifierId': 1}]",1xgse8t4dm0decmpzebsphvfu,Y. Ryan,,,Houston Dash,Away
2823763555,565,1,2,72,36,c3v2ohfuzoqmc8ljm65hi80sj,1,22.5,49.0,2025-06-22T01:08:32.547Z,2025-06-22T01:45:03Z,"[{'id': 5777421899, 'qualifierId': 213, 'value': '5.86'}, {'id': 5777421895, 'qualifierId': 141, 'value': '19.2'}, {'id': 5777421891, 'qualifierId': 56, 'value': 'Right'}, {'id': 5777421889, 'qualifierId': 157}, {'id': 5777421901, 'qualifierId': 1}, {'id': 5777421893, 'qualifierId': 140, 'value': '65.6'}, {'id': 5777421897, 'qualifierId': 212, 'value': '49.6'}]",53uflfknc5uus7iqw3obp5fx1,J. Campbell,,,Houston Dash,Away
2823773241,766,44,2,72,39,c3v2ohfuzoqmc8ljm65hi80sj,1,61.3,20.6,2025-06-22T01:08:34.582Z,2025-06-22T01:45:35Z,"[{'id': 5777477779, 'qualifierId': 233, 'value': '628'}, {'id': 5777477777, 'qualifierId': 286}, {'id': 5777477775, 'qualifierId': 56, 'value': 'Right'}]",edwr7f7jwnxm1plk91fx8hfro,M. Alozie,,,Houston Dash,Away
2823763839,628,44,2,72,39,b4fbmos00gxtk8qnaqsm392p5,0,38.7,79.4,2025-06-22T01:08:34.583Z,2025-06-22T01:45:35Z,"[{'id': 5777423399, 'qualifierId': 285}, {'id': 5777423397, 'qualifierId': 56, 'value': 'Back'}, {'id': 5777477795, 'qualifierId': 233, 'value': '766'}]",awme1kk0t2w81hc4xcup7k222,T. Lussi,,,North Carolina Courage,Home
2823773243,767,1,2,72,40,c3v2ohfuzoqmc8ljm65hi80sj,0,55.3,20.9,2025-06-22T01:08:35.582Z,2025-06-24T15:09:28Z,"[{'id': 5777477817, 'qualifierId': 212, 'value': '1.8'}, {'id': 5777477809, 'qualifierId': 3}, {'id': 5777477811, 'qualifierId': 56, 'value': 'Right'}, {'id': 5777477815, 'qualifierId': 141, 'value': '20.3'}, {'id': 5777477819, 'qualifierId': 213, 'value': '6.06'}, {'id': 5777477813, 'qualifierId': 140, 'value': '57.0'}]",edwr7f7jwnxm1plk91fx8hfro,M. Alozie,,,Houston Dash,Away
2824139413,849,61,2,72,41,b4fbmos00gxtk8qnaqsm392p5,1,41.2,68.9,2025-06-22T01:08:36.582Z,2025-06-24T15:09:24Z,"[{'id': 5779536909, 'qualifierId': 56, 'value': 'Back'}]",awme1kk0t2w81hc4xcup7k222,T. Lussi,,,North Carolina Courage,Home
2823763589,566,3,2,72,44,c3v2ohfuzoqmc8ljm65hi80sj,0,57.3,16.8,2025-06-22T01:08:40.395Z,2025-06-24T15:09:55Z,"[{'id': 5779537151, 'qualifierId': 464}, {'id': 5777422087, 'qualifierId': 56, 'value': 'Right'}, {'id': 5777422089, 'qualifierId': 286}, {'id': 5777422255, 'qualifierId': 233, 'value': '624'}]",191uogxjdg4uo178qv1544jys,M. Bright,,,Houston Dash,Away
2823763625,624,7,2,72,44,b4fbmos00gxtk8qnaqsm392p5,0,42.7,83.2,2025-06-22T01:08:40.396Z,2025-06-24T15:09:58Z,"[{'id': 5777422243, 'qualifierId': 56, 'value': 'Back'}, {'id': 5779537165, 'qualifierId': 385}, {'id': 5777422245, 'qualifierId': 285}, {'id': 5777422249, 'qualifierId': 233, 'value': '566'}]",cqpdeqi0psfadqsgejcvdqqne,M. Berkely,,,North Carolina Courage,Home
2823763621,567,3,2,72,45,c3v2ohfuzoqmc8ljm65hi80sj,0,55.6,22.4,2025-06-22T01:08:41.314Z,2025-06-24T15:11:08Z,"[{'id': 5779537339, 'qualifierId': 211}, {'id': 5779537335, 'qualifierId': 286}, {'id': 5779537341, 'qualifierId': 464}, {'id': 5777422225, 'qualifierId': 56, 'value': 'Center'}]",95tl8tonvm6czhwzd6i5ep756,B. Olivieri,,,Houston Dash,Away
2823763599,623,50,2,72,47,b4fbmos00gxtk8qnaqsm392p5,1,58.2,71.8,2025-06-22T01:08:42.749Z,2025-06-24T15:10:32Z,"[{'id': 5777475945, 'qualifierId': 233, 'value': '568'}, {'id': 5777473045, 'qualifierId': 286}, {'id': 5777473043, 'qualifierId': 56, 'value': 'Center'}]",4k83z2cdvn2kwb72kh8e8qfsa,J. Shaw,,,North Carolina Courage,Home
2823763647,568,7,2,72,47,c3v2ohfuzoqmc8ljm65hi80sj,1,41.8,28.2,2025-06-22T01:08:42.750Z,2025-06-24T15:11:14Z,"[{'id': 5777475929, 'qualifierId': 233, 'value': '623'}, {'id': 5777422353, 'qualifierId': 56, 'value': 'Back'}, {'id': 5779537361, 'qualifierId': 383}, {'id': 5777422355, 'qualifierId': 285}]",95tl8tonvm6czhwzd6i5ep756,B. Olivieri,,,Houston Dash,Away
2823763651,569,1,2,72,56,c3v2ohfuzoqmc8ljm65hi80sj,1,43.4,22.7,2025-06-22T01:08:52.530Z,2025-06-22T01:08:53Z,"[{'id': 5777422381, 'qualifierId': 213, 'value': '0.68'}, {'id': 5777422377, 'qualifierId': 141, 'value': '30.6'}, {'id': 5777422373, 'qualifierId': 56, 'value': 'Back'}, {'id': 5777422379, 'qualifierId': 212, 'value': '8.5'}, {'id': 5777422375, 'qualifierId': 140, 'value': '49.7'}]",95tl8tonvm6czhwzd6i5ep756,B. Olivieri,,,Houston Dash,Away
2823763679,570,1,2,72,57,c3v2ohfuzoqmc8ljm65hi80sj,1,49.7,30.6,2025-06-22T01:08:53.385Z,2025-06-22T01:08:59Z,"[{'id': 5777422505, 'qualifierId': 140, 'value': '56.6'}, {'id': 5777422511, 'qualifierId': 213, 'value': '5.26'}, {'id': 5777422509, 'qualifierId': 212, 'value': '13.9'}, {'id': 5777422507, 'qualifierId': 141, 'value': '13.2'}, {'id': 5777422503, 'qualifierId': 56, 'value': 'Right'}]",1xgse8t4dm0decmpzebsphvfu,Y. Ryan,,,Houston Dash,Away
2823763681,571,1,2,73,3,c3v2ohfuzoqmc8ljm65hi80sj,0,79.9,17.7,2025-06-22T01:08:59.274Z,2025-07-01T15:30:29Z,"[{'id': 5777422551, 'qualifierId': 213, 'value': '0.97'}, {'id': 5779537407, 'qualifierId': 20}, {'id': 5779537405, 'qualifierId': 224}, {'id': 5777422541, 'qualifierId': 56, 'value': 'Center'}, {'id': 5777422545, 'qualifierId': 140, 'value': '89.8'}, {'id': 5777422547, 'qualifierId': 141, 'value': '40.0'}, {'id': 5777422549, 'qualifierId': 212, 'value': '18.4'}, {'id': 5777422533, 'qualifierId': 2}]",edwr7f7jwnxm1plk91fx8hfro,M. Alozie,,,Houston Dash,Away
2823763695,625,12,2,73,4,b4fbmos00gxtk8qnaqsm392p5,1,10.1,58.5,2025-06-22T01:09:00.353Z,2025-07-01T15:30:53Z,"[{'id': 5785747213, 'qualifierId': 213, 'value': '3.44'}, {'id': 5777422625, 'qualifierId': 56, 'value': 'Back'}, {'id': 5785747211, 'qualifierId': 212, 'value': '9.4'}, {'id': 5785747207, 'qualifierId': 140, 'value': '1.6'}, {'id': 5785747209, 'qualifierId': 141, 'value': '54.4'}]",1p3bwk03ay87hp2nwrl3tfxwq,K. Kurtz,,,North Carolina Courage,Home
2823763701,626,10,2,73,5,b4fbmos00gxtk8qnaqsm392p5,1,2.4,53.6,2025-06-22T01:09:01.275Z,2025-06-24T15:11:38Z,"[{'id': 5777422933, 'qualifierId': 139}, {'id': 5779537451, 'qualifierId': 377}, {'id': 5777422657, 'qualifierId': 182}, {'id': 5777422659, 'qualifierId': 56, 'value': 'Back'}, {'id': 5777422931, 'qualifierId': 180}, {'id': 5777422653, 'qualifierId': 173}]",3qj9t05behkav9okd8n2wywh5,C. Murphy,,,North Carolina Courage,Home
2823763687,572,6,2,73,6,c3v2ohfuzoqmc8ljm65hi80sj,1,94.6,44.0,2025-06-22T01:09:01.739Z,2025-07-01T15:30:35Z,"[{'id': 5777422637, 'qualifierId': 75}, {'id': 5777422635, 'qualifierId': 56, 'value': 'Center'}, {'id': 5777422715, 'qualifierId': 233, 'value': '627'}]",edwr7f7jwnxm1plk91fx8hfro,M. Alozie,,,Houston Dash,Away
2823763705,627,6,2,73,6,b4fbmos00gxtk8qnaqsm392p5,0,5.4,56.0,2025-06-22T01:09:01.739Z,2025-06-24T15:11:54Z,"[{'id': 5777422713, 'qualifierId': 73}, {'id': 5777422711, 'qualifierId': 56, 'value': 'Back'}, {'id': 5777422727, 'qualifierId': 233, 'value': '572'}]",3qj9t05behkav9okd8n2wywh5,C. Murphy,,,North Carolina Courage,Home
2823763885,573,1,2,73,42,c3v2ohfuzoqmc8ljm65hi80sj,0,99.5,0.5,2025-06-22T01:09:37.986Z,2025-06-24T15:12:06Z,"[{'id': 5777423759, 'qualifierId': 233, 'value': '629'}, {'id': 5777423685, 'qualifierId': 6}, {'id': 5777423693, 'qualifierId': 140, 'value': '94.6'}, {'id': 5777423699, 'qualifierId': 213, 'value': '1.72'}, {'id': 5777423691, 'qualifierId': 56, 'value': 'Center'}, {'id': 5777423683, 'qualifierId': 2}, {'id': 5777423695, 'qualifierId': 141, 'value': '50.3'}, {'id': 5779537569, 'qualifierId': 20}, {'id': 5779537567, 'qualifierId': 224}, {'id': 5777423687, 'qualifierId': 155}, {'id': 5777423697, 'qualifierId': 212, 'value': '34.3'}, {'id': 5777423701, 'qualifierId': 1}]",95tl8tonvm6czhwzd6i5ep756,B. Olivieri,,,Houston Dash,Away
2824139569,850,44,2,73,43,b4fbmos00gxtk8qnaqsm392p5,1,5.4,47.8,2025-06-22T01:09:39.169Z,2025-06-24T15:12:24Z,"[{'id': 5779537677, 'qualifierId': 233, 'value': '797'}, {'id': 5779537675, 'qualifierId': 285}, {'id': 5779537671, 'qualifierId': 56, 'value': 'Back'}]",3qj9t05behkav9okd8n2wywh5,C. Murphy,,,North Carolina Courage,Home
2824139567,797,44,2,73,43,c3v2ohfuzoqmc8ljm65hi80sj,0,94.6,52.2,2025-06-22T01:09:39.170Z,2025-06-24T15:12:23Z,"[{'id': 5779537681, 'qualifierId': 233, 'value': '850'}, {'id': 5779537667, 'qualifierId': 56, 'value': 'Center'}, {'id': 5779537669, 'qualifierId': 286}]",8ruvr2jnsfdub02rdh8q88s89,P. Nielsen,,,Houston Dash,Away
2823763895,629,41,2,73,44,b4fbmos00gxtk8qnaqsm392p5,1,3.3,51.5,2025-06-22T01:09:39.994Z,2025-06-24T15:12:26Z,"[{'id': 5777423757, 'qualifierId': 213, 'value': '0.15'}, {'id': 5777423765, 'qualifierId': 233, 'value': '573'}, {'id': 5779537685, 'qualifierId': 378}, {'id': 5777423755, 'qualifierId': 212, 'value': '8.7'}, {'id': 5777423751, 'qualifierId': 140, 'value': '11.5'}, {'id': 5777423753, 'qualifierId': 141, 'value': '53.4'}]",3qj9t05behkav9okd8n2wywh5,C. Murphy,,,North Carolina Courage,Home
2823763897,630,12,2,73,45,b4fbmos00gxtk8qnaqsm392p5,1,11.5,53.4,2025-06-22T01:09:41.262Z,2025-06-22T01:09:42Z,"[{'id': 5777423773, 'qualifierId': 141, 'value': '50.0'}, {'id': 5777423791, 'qualifierId': 15}, {'id': 5777423777, 'qualifierId': 213, 'value': '6.02'}, {'id': 5777423775, 'qualifierId': 212, 'value': '8.9'}, {'id': 5777423769, 'qualifierId': 56, 'value': 'Back'}, {'id': 5777423771, 'qualifierId': 140, 'value': '19.7'}]",2sylxhwmisg8f763p2t1q934k,H. Betfort,,,North Carolina Courage,Home
2823763923,631,12,2,73,47,b4fbmos00gxtk8qnaqsm392p5,1,15.3,46.6,2025-06-22T01:09:43.116Z,2025-06-24T15:13:32Z,"[{'id': 5777423895, 'qualifierId': 140, 'value': '35.4'}, {'id': 5777423897, 'qualifierId': 141, 'value': '33.4'}, {'id': 5777423899, 'qualifierId': 212, 'value': '22.9'}, {'id': 5777423893, 'qualifierId': 56, 'value': 'Back'}, {'id': 5777423901, 'qualifierId': 213, 'value': '5.88'}]",4k83z2cdvn2kwb72kh8e8qfsa,J. Shaw,,,North Carolina Courage,Home
2823772007,759,61,2,73,48,c3v2ohfuzoqmc8ljm65hi80sj,1,82.5,55.1,2025-06-22T01:09:43.582Z,2025-06-24T15:12:42Z,"[{'id': 5777470591, 'qualifierId': 56, 'value': 'Center'}]",cgfk0e62cesbgieslfge2p61h,S. Schmidt,,,Houston Dash,Away
2824139673,851,12,2,73,50,b4fbmos00gxtk8qnaqsm392p5,1,10.0,44.4,2025-06-22T01:09:45.582Z,2025-06-24T15:14:42Z,"[{'id': 5779538213, 'qualifierId': 56, 'value': 'Back'}, {'id': 5779538217, 'qualifierId': 141, 'value': '15.6'}, {'id': 5779538219, 'qualifierId': 212, 'value': '40.5'}, {'id': 5779538215, 'qualifierId': 140, 'value': '43.8'}, {'id': 5779538221, 'qualifierId': 213, 'value': '5.78'}]",2sylxhwmisg8f763p2t1q934k,H. Betfort,,,North Carolina Courage,Home
2823772069,760,1,2,73,54,c3v2ohfuzoqmc8ljm65hi80sj,1,66.4,72.0,2025-06-22T01:09:49.582Z,2025-06-22T01:39:16Z,"[{'id': 5777470877, 'qualifierId': 141, 'value': '81.2'}, {'id': 5777470881, 'qualifierId': 213, 'value': '0.43'}, {'id': 5777470875, 'qualifierId': 140, 'value': '79.5'}, {'id': 5777470879, 'qualifierId': 212, 'value': '15.1'}, {'id': 5777470873, 'qualifierId': 56, 'value': 'Left'}]",1xgse8t4dm0decmpzebsphvfu,Y. Ryan,,,Houston Dash,Away
2823772103,761,1,2,73,56,c3v2ohfuzoqmc8ljm65hi80sj,1,75.7,81.5,2025-06-22T01:09:51.582Z,2025-06-22T01:39:32Z,"[{'id': 5777471109, 'qualifierId': 141, 'value': '73.8'}, {'id': 5777471111, 'qualifierId': 212, 'value': '13.3'}, {'id': 5777471107, 'qualifierId': 140, 'value': '64.1'}, {'id': 5777471105, 'qualifierId': 56, 'value': 'Center'}, {'id': 5777471113, 'qualifierId': 213, 'value': '3.55'}]",191uogxjdg4uo178qv1544jys,M. Bright,,,Houston Dash,Away
2823772139,762,1,2,73,58,c3v2ohfuzoqmc8ljm65hi80sj,1,67.7,73.5,2025-06-22T01:09:53.582Z,2025-06-22T01:39:37Z,"[{'id': 5777471307, 'qualifierId': 212, 'value': '7.6'}, {'id': 5777471303, 'qualifierId': 140, 'value': '72.6'}, {'id': 5777471301, 'qualifierId': 56, 'value': 'Center'}, {'id': 5777471305, 'qualifierId': 141, 'value': '65.2'}, {'id': 5777471309, 'qualifierId': 213, 'value': '5.45'}]",1xgse8t4dm0decmpzebsphvfu,Y. Ryan,,,Houston Dash,Away
2823772161,763,1,2,73,59,c3v2ohfuzoqmc8ljm65hi80sj,1,72.3,65.2,2025-06-22T01:09:54.582Z,2025-06-24T15:14:04Z,"[{'id': 5777471439, 'qualifierId': 212, 'value': '14.2'}, {'id': 5777471437, 'qualifierId': 141, 'value': '73.8'}, {'id': 5777471435, 'qualifierId': 140, 'value': '60.0'}, {'id': 5777471441, 'qualifierId': 213, 'value': '2.72'}, {'id': 5777471433, 'qualifierId': 56, 'value': 'Center'}]",8co65x7tuvynuqvket8okb7xl,N. Jacobs,,,Houston Dash,Away
2823772245,764,1,2,74,0,c3v2ohfuzoqmc8ljm65hi80sj,0,64.8,66.4,2025-06-22T01:09:55.582Z,2025-06-24T15:14:49Z,"[{'id': 5777471905, 'qualifierId': 140, 'value': '63.5'}, {'id': 5777471907, 'qualifierId': 141, 'value': '49.6'}, {'id': 5777471911, 'qualifierId': 213, 'value': '4.59'}, {'id': 5777471909, 'qualifierId': 212, 'value': '11.5'}, {'id': 5777471903, 'qualifierId': 56, 'value': 'Center'}]",1xgse8t4dm0decmpzebsphvfu,Y. Ryan,,,Houston Dash,Away
2823763985,632,8,2,74,0,b4fbmos00gxtk8qnaqsm392p5,1,34.2,43.0,2025-06-22T01:09:56.068Z,2025-06-24T15:14:52Z,"[{'id': 5777424301, 'qualifierId': 56, 'value': 'Back'}, {'id': 5779538251, 'qualifierId': 383}]",cwerr3zz6pqzzzqso9dx69fjd,A. Sanchez,,,North Carolina Courage,Home
2823764059,578,3,2,74,9,c3v2ohfuzoqmc8ljm65hi80sj,0,97.7,87.9,2025-06-22T01:10:05.017Z,2025-06-24T15:15:01Z,"[{'id': 5777424761, 'qualifierId': 233, 'value': '633'}, {'id': 5777424733, 'qualifierId': 56, 'value': 'Left'}, {'id': 5779538307, 'qualifierId': 464}, {'id': 5777424735, 'qualifierId': 286}]",1xgse8t4dm0decmpzebsphvfu,Y. Ryan,,,Houston Dash,Away
2823764063,633,7,2,74,9,b4fbmos00gxtk8qnaqsm392p5,1,2.3,12.1,2025-06-22T01:10:05.018Z,2025-06-24T15:15:04Z,"[{'id': 5777424751, 'qualifierId': 285}, {'id': 5777424747, 'qualifierId': 167}, {'id': 5777424749, 'qualifierId': 56, 'value': 'Back'}, {'id': 5779538309, 'qualifierId': 385}, {'id': 5777424753, 'qualifierId': 233, 'value': '578'}]",7fk82cjz0z5vq2ts3vmz8has5,D. O'Sullivan,,,North Carolina Courage,Home
2823764069,579,6,2,74,10,c3v2ohfuzoqmc8ljm65hi80sj,1,98.0,88.4,2025-06-22T01:10:05.787Z,2025-06-22T01:36:00Z,"[{'id': 5777424777, 'qualifierId': 73}, {'id': 5777424825, 'qualifierId': 233, 'value': '634'}, {'id': 5777424775, 'qualifierId': 56, 'value': 'Left'}]",1xgse8t4dm0decmpzebsphvfu,Y. Ryan,,,Houston Dash,Away
2823764065,634,6,2,74,10,b4fbmos00gxtk8qnaqsm392p5,0,2.0,11.6,2025-06-22T01:10:05.787Z,2025-06-24T15:15:17Z,"[{'id': 5777424811, 'qualifierId': 73}, {'id': 5777424809, 'qualifierId': 56, 'value': 'Back'}, {'id': 5777424833, 'qualifierId': 233, 'value': '579'}]",7fk82cjz0z5vq2ts3vmz8has5,D. O'Sullivan,,,North Carolina Courage,Home
2823764241,580,1,2,74,44,c3v2ohfuzoqmc8ljm65hi80sj,1,99.7,99.3,2025-06-22T01:10:40.404Z,2025-06-24T16:02:19Z,"[{'id': 5779538385, 'qualifierId': 20}, {'id': 5777425817, 'qualifierId': 56, 'value': 'Center'}, {'id': 5777425821, 'qualifierId': 141, 'value': '57.5'}, {'id': 5777425825, 'qualifierId': 213, 'value': '4.32'}, {'id': 5777425823, 'qualifierId': 212, 'value': '30.8'}, {'id': 5777425819, 'qualifierId': 140, 'value': '88.5'}, {'id': 5777425809, 'qualifierId': 2}, {'id': 5777425811, 'qualifierId': 6}, {'id': 5777425815, 'qualifierId': 223}, {'id': 5777425813, 'qualifierId': 155}]",95tl8tonvm6czhwzd6i5ep756,B. Olivieri,,,Houston Dash,Away
2824139761,798,61,2,74,46,c3v2ohfuzoqmc8ljm65hi80sj,1,88.3,56.8,2025-06-22T01:10:41.623Z,2025-06-24T15:24:21Z,"[{'id': 5779538729, 'qualifierId': 56, 'value': 'Center'}]",edwr7f7jwnxm1plk91fx8hfro,M. Alozie,,,Houston Dash,Away
2823764251,635,12,2,74,48,b4fbmos00gxtk8qnaqsm392p5,1,15.1,49.7,2025-06-22T01:10:43.962Z,2025-06-22T01:11:18Z,"[{'id': 5777426649, 'qualifierId': 140, 'value': '15.5'}, {'id': 5777425889, 'qualifierId': 56, 'value': 'Back'}, {'id': 5777426847, 'qualifierId': 397}, {'id': 5777426651, 'qualifierId': 141, 'value': '49.5'}, {'id': 5777426655, 'qualifierId': 213, 'value': '5.97'}, {'id': 5777426653, 'qualifierId': 212, 'value': '0.4'}, {'id': 5777426849, 'qualifierId': 233, 'value': '581'}]",1x229gvjahkxp7w02bh0v36ga,R. Williams,,,North Carolina Courage,Home
2823764271,581,74,2,74,48,c3v2ohfuzoqmc8ljm65hi80sj,1,85.4,49.1,2025-06-22T01:10:43.963Z,2025-06-24T15:24:25Z,"[{'id': 5777426845, 'qualifierId': 285}, {'id': 5777426001, 'qualifierId': 56, 'value': 'Center'}, {'id': 5777426855, 'qualifierId': 233, 'value': '635'}, {'id': 5777426843, 'qualifierId': 397}]",edwr7f7jwnxm1plk91fx8hfro,M. Alozie,1.0,,Houston Dash,Away
2823764273,582,13,2,74,49,c3v2ohfuzoqmc8ljm65hi80sj,1,82.7,40.5,2025-06-22T01:10:44.906Z,2025-07-01T15:52:57Z,"[{'id': 5777426437, 'qualifierId': 231, 'value': '48.0'}, {'id': 5777426007, 'qualifierId': 18}, {'id': 5777489357, 'qualifierId': 328}, {'id': 5779538839, 'qualifierId': 81}, {'id': 5777426431, 'qualifierId': 103, 'value': '75'}, {'id': 5777489351, 'qualifierId': 29}, {'id': 5777426435, 'qualifierId': 230, 'value': '98.5'}, {'id': 5777426289, 'qualifierId': 20}, {'id': 5777426009, 'qualifierId': 56, 'value': 'Center'}, {'id': 5777426425, 'qualifierId': 25}, {'id': 5777489353, 'qualifierId': 55, 'value': '581'}, {'id': 5777426429, 'qualifierId': 102, 'value': '43.5'}]",cgfk0e62cesbgieslfge2p61h,S. Schmidt,,,Houston Dash,Away
2823764277,583,5,2,74,50,c3v2ohfuzoqmc8ljm65hi80sj,0,100.8,41.6,2025-06-22T01:10:46.044Z,2025-06-22T01:54:18Z,"[{'id': 5777426071, 'qualifierId': 346}, {'id': 5777426069, 'qualifierId': 56, 'value': 'Center'}, {'id': 5777426081, 'qualifierId': 233, 'value': '636'}]",8co65x7tuvynuqvket8okb7xl,N. Jacobs,,,Houston Dash,Away
2823764265,636,5,2,74,50,b4fbmos00gxtk8qnaqsm392p5,1,-0.8,58.4,2025-06-22T01:10:46.044Z,2025-06-22T01:10:50Z,"[{'id': 5777425975, 'qualifierId': 346}, {'id': 5777426077, 'qualifierId': 233, 'value': '583'}, {'id': 5777425973, 'qualifierId': 56, 'value': 'Back'}]",1x229gvjahkxp7w02bh0v36ga,R. Williams,,,North Carolina Courage,Home
2823764841,584,27,2,75,33,c3v2ohfuzoqmc8ljm65hi80sj,1,0.0,0.0,2025-06-22T01:11:28.795Z,2025-06-22T01:36:34Z,"[{'id': 5777468419, 'qualifierId': 233, 'value': '637'}]",,,,,Houston Dash,Away
2823764455,637,27,2,75,33,b4fbmos00gxtk8qnaqsm392p5,1,0.0,0.0,2025-06-22T01:11:28.795Z,2025-06-22T01:36:34Z,"[{'id': 5777468413, 'qualifierId': 233, 'value': '584'}, {'id': 5777427149, 'qualifierId': 53, 'value': '3qj9t05behkav9okd8n2wywh5'}, {'id': 5777427147, 'qualifierId': 41, 'value': 'Injury'}]",,,,,North Carolina Courage,Home
2823764975,638,18,2,75,40,b4fbmos00gxtk8qnaqsm392p5,1,0.0,0.0,2025-06-22T01:11:36.555Z,2025-06-22T01:14:02Z,"[{'id': 5777430247, 'qualifierId': 55, 'value': '639'}, {'id': 5777430189, 'qualifierId': 44, 'value': 'Defender'}, {'id': 5777430191, 'qualifierId': 59, 'value': '7'}, {'id': 5777430187, 'qualifierId': 42}, {'id': 5777432225, 'qualifierId': 189}]",cqpdeqi0psfadqsgejcvdqqne,M. Berkely,,,North Carolina Courage,Home
2823764979,639,19,2,75,40,b4fbmos00gxtk8qnaqsm392p5,1,0.0,0.0,2025-06-22T01:11:36.556Z,2025-07-01T16:21:45Z,"[{'id': 5777430231, 'qualifierId': 55, 'value': '638'}, {'id': 5777431555, 'qualifierId': 293, 'value': '1'}, {'id': 5777430221, 'qualifierId': 42}, {'id': 5777430225, 'qualifierId': 145, 'value': '6'}, {'id': 5777430229, 'qualifierId': 44, 'value': 'Forward'}, {'id': 5777432213, 'qualifierId': 189}, {'id': 5777430227, 'qualifierId': 59, 'value': '8'}, {'id': 5777456443, 'qualifierId': 292, 'value': '9'}]",54ieoaegysojsey2jmqtr9ucp,B. Pinto,,,North Carolina Courage,Home
2823765003,640,18,2,75,42,b4fbmos00gxtk8qnaqsm392p5,1,0.0,0.0,2025-06-22T01:11:37.755Z,2025-06-22T01:13:57Z,"[{'id': 5777430363, 'qualifierId': 42}, {'id': 5777430365, 'qualifierId': 44, 'value': 'Forward'}, {'id': 5777430395, 'qualifierId': 55, 'value': '641'}, {'id': 5777432047, 'qualifierId': 189}, {'id': 5777430367, 'qualifierId': 59, 'value': '14'}]",awme1kk0t2w81hc4xcup7k222,T. Lussi,,,North Carolina Courage,Home
2823765005,641,19,2,75,42,b4fbmos00gxtk8qnaqsm392p5,1,0.0,0.0,2025-06-22T01:11:37.756Z,2025-06-22T01:27:37Z,"[{'id': 5777431865, 'qualifierId': 189}, {'id': 5777430377, 'qualifierId': 44, 'value': 'Defender'}, {'id': 5777430369, 'qualifierId': 42}, {'id': 5777431757, 'qualifierId': 293, 'value': '1'}, {'id': 5777430379, 'qualifierId': 55, 'value': '640'}, {'id': 5777430375, 'qualifierId': 59, 'value': '11'}, {'id': 5777456393, 'qualifierId': 292, 'value': '3'}, {'id': 5777430373, 'qualifierId': 145, 'value': '3'}]",cbofbntctfuhr1vqpn7eywt05,F. Rauch,,,North Carolina Courage,Home
2823769191,747,40,2,75,43,b4fbmos00gxtk8qnaqsm392p5,1,0.0,0.0,2025-06-22T01:11:39.368Z,2025-07-01T15:59:17Z,"[{'id': 5777454303, 'qualifierId': 44, 'value': '1, 3, 3, 2, 2, 2, 3, 3, 4, 4, 3, 5, 5, 5, 5'}, {'id': 5777454301, 'qualifierId': 30, 'value': '3qj9t05behkav9okd8n2wywh5, 1x229gvjahkxp7w02bh0v36ga, 90bm7jsl7sjqiel7u2tv0vgq2, 1p3bwk03ay87hp2nwrl3tfxwq, cbco4ht0d7uk1thgam6vc0ep6, cbofbntctfuhr1vqpn7eywt05, 4k83z2cdvn2kwb72kh8e8qfsa, 7fk82cjz0z5vq2ts3vmz8has5, 2sylxhwmisg8f763p2t1q934k, 54ieoaegysojsey2jmqtr9ucp, cwerr3zz6pqzzzqso9dx69fjd, p6mq2ouc50vln1ou3cyg0lqs, 75p1ff1723mzkbs7tfke3j9m2, 9aj5gfycwgc6r0b550zagl4a1, 817x7baq69b1tnrtminbjf3zd'}, {'id': 5777454305, 'qualifierId': 59, 'value': '1, 13, 34, 3, 27, 11, 19, 10, 30, 8, 2, 44, 12, 17, 25'}, {'id': 5777454311, 'qualifierId': 194, 'value': '7fk82cjz0z5vq2ts3vmz8has5'}, {'id': 5777454309, 'qualifierId': 131, 'value': '1, 2, 3, 4, 5, 6, 7, 8, 9, 10, 11, 0, 0, 0, 0'}, {'id': 5777454307, 'qualifierId': 130, 'value': '19'}]",,,,,North Carolina Courage,Home
2823765451,585,28,2,77,20,c3v2ohfuzoqmc8ljm65hi80sj,1,0.0,0.0,2025-06-22T01:13:16.082Z,2025-06-22T01:14:36Z,"[{'id': 5777433429, 'qualifierId': 233, 'value': '642'}, {'id': 5777432965, 'qualifierId': 55, 'value': '584'}]",,,,,Houston Dash,Away
2823765015,642,28,2,77,20,b4fbmos00gxtk8qnaqsm392p5,1,0.0,0.0,2025-06-22T01:13:16.082Z,2025-06-22T01:14:35Z,"[{'id': 5777430449, 'qualifierId': 55, 'value': '637'}, {'id': 5777433413, 'qualifierId': 233, 'value': '585'}]",,,,,North Carolina Courage,Home
2823765269,643,1,2,77,51,b4fbmos00gxtk8qnaqsm392p5,1,4.5,41.6,2025-06-22T01:13:47.369Z,2025-06-24T15:21:14Z,"[{'id': 5777431867, 'qualifierId': 124}, {'id': 5777431871, 'qualifierId': 140, 'value': '9.0'}, {'id': 5777431875, 'qualifierId': 212, 'value': '12.2'}, {'id': 5777431873, 'qualifierId': 141, 'value': '58.1'}, {'id': 5777431877, 'qualifierId': 213, 'value': '1.17'}, {'id': 5777431869, 'qualifierId': 56, 'value': 'Back'}, {'id': 5777431881, 'qualifierId': 237}]",3qj9t05behkav9okd8n2wywh5,C. Murphy,,,North Carolina Courage,Home
2823765283,644,1,2,77,57,b4fbmos00gxtk8qnaqsm392p5,1,21.3,61.7,2025-06-22T01:13:52.865Z,2025-06-22T01:13:54Z,"[{'id': 5777431945, 'qualifierId': 213, 'value': '1.27'}, {'id': 5777431941, 'qualifierId': 141, 'value': '92.3'}, {'id': 5777431937, 'qualifierId': 56, 'value': 'Back'}, {'id': 5777431939, 'qualifierId': 140, 'value': '27.4'}, {'id': 5777431943, 'qualifierId': 212, 'value': '21.8'}]",1p3bwk03ay87hp2nwrl3tfxwq,K. Kurtz,,,North Carolina Courage,Home
2823765287,645,1,2,77,58,b4fbmos00gxtk8qnaqsm392p5,1,27.5,92.7,2025-06-22T01:13:53.945Z,2025-07-01T16:00:44Z,"[{'id': 5777431975, 'qualifierId': 213, 'value': '0.35'}, {'id': 5777431967, 'qualifierId': 56, 'value': 'Back'}, {'id': 5777431971, 'qualifierId': 141, 'value': '98.4'}, {'id': 5777431969, 'qualifierId': 140, 'value': '37.6'}, {'id': 5777431973, 'qualifierId': 212, 'value': '11.3'}]",cbofbntctfuhr1vqpn7eywt05,F. Rauch,,,North Carolina Courage,Home
2823765291,646,1,2,77,59,b4fbmos00gxtk8qnaqsm392p5,1,37.2,98.4,2025-06-22T01:13:55.416Z,2025-07-01T16:01:49Z,"[{'id': 5777431997, 'qualifierId': 141, 'value': '89.7'}, {'id': 5777431991, 'qualifierId': 56, 'value': 'Back'}, {'id': 5777431995, 'qualifierId': 140, 'value': '34.5'}, {'id': 5777431999, 'qualifierId': 212, 'value': '6.6'}, {'id': 5777432001, 'qualifierId': 213, 'value': '4.27'}]",90bm7jsl7sjqiel7u2tv0vgq2,M. Matsukubo,,,North Carolina Courage,Home
2823765299,647,1,2,78,0,b4fbmos00gxtk8qnaqsm392p5,1,34.6,89.7,2025-06-22T01:13:56.393Z,2025-06-22T01:13:57Z,"[{'id': 5777432041, 'qualifierId': 212, 'value': '5.7'}, {'id': 5777432035, 'qualifierId': 56, 'value': 'Back'}, {'id': 5777432037, 'qualifierId': 140, 'value': '35.0'}, {'id': 5777432039, 'qualifierId': 141, 'value': '98.1'}, {'id': 5777432043, 'qualifierId': 213, 'value': '1.50'}]",7fk82cjz0z5vq2ts3vmz8has5,D. O'Sullivan,,,North Carolina Courage,Home
2823765329,648,1,2,78,2,b4fbmos00gxtk8qnaqsm392p5,1,33.4,96.8,2025-06-22T01:13:57.809Z,2025-07-01T16:01:53Z,"[{'id': 5777432249, 'qualifierId': 212, 'value': '21.1'}, {'id': 5777432247, 'qualifierId': 141, 'value': '69.7'}, {'id': 5777432245, 'qualifierId': 140, 'value': '23.7'}, {'id': 5777432253, 'qualifierId': 213, 'value': '4.21'}, {'id': 5777432243, 'qualifierId': 56, 'value': 'Back'}]",90bm7jsl7sjqiel7u2tv0vgq2,M. Matsukubo,,,North Carolina Courage,Home
2823765343,649,1,2,78,7,b4fbmos00gxtk8qnaqsm392p5,1,32.7,59.1,2025-06-22T01:14:02.913Z,2025-06-22T01:14:04Z,"[{'id': 5777432347, 'qualifierId': 212, 'value': '19.3'}, {'id': 5777432349, 'qualifierId': 213, 'value': '4.75'}, {'id': 5777432341, 'qualifierId': 56, 'value': 'Back'}, {'id': 5777432345, 'qualifierId': 141, 'value': '30.7'}, {'id': 5777432343, 'qualifierId': 140, 'value': '33.4'}]",1p3bwk03ay87hp2nwrl3tfxwq,K. Kurtz,,,North Carolina Courage,Home
2823765377,650,1,2,78,9,b4fbmos00gxtk8qnaqsm392p5,1,34.0,29.1,2025-06-22T01:14:04.665Z,2025-06-22T01:14:08Z,"[{'id': 5777432551, 'qualifierId': 141, 'value': '12.3'}, {'id': 5777432555, 'qualifierId': 213, 'value': '5.77'}, {'id': 5777432549, 'qualifierId': 140, 'value': '53.2'}, {'id': 5777432547, 'qualifierId': 56, 'value': 'Right'}, {'id': 5777432553, 'qualifierId': 212, 'value': '23.2'}]",cbco4ht0d7uk1thgam6vc0ep6,M. Bell,,,North Carolina Courage,Home
2823765387,651,1,2,78,12,b4fbmos00gxtk8qnaqsm392p5,1,53.3,12.0,2025-06-22T01:14:08.352Z,2025-06-22T01:14:09Z,"[{'id': 5777432619, 'qualifierId': 141, 'value': '24.3'}, {'id': 5777432615, 'qualifierId': 56, 'value': 'Back'}, {'id': 5777432623, 'qualifierId': 213, 'value': '2.23'}, {'id': 5777432617, 'qualifierId': 140, 'value': '47.1'}, {'id': 5777432621, 'qualifierId': 212, 'value': '10.6'}]",4k83z2cdvn2kwb72kh8e8qfsa,J. Shaw,,,North Carolina Courage,Home
2823765395,652,1,2,78,14,b4fbmos00gxtk8qnaqsm392p5,1,47.0,23.6,2025-06-22T01:14:09.657Z,2025-06-22T01:14:11Z,"[{'id': 5777432677, 'qualifierId': 212, 'value': '14.5'}, {'id': 5777432679, 'qualifierId': 213, 'value': '5.76'}, {'id': 5777432675, 'qualifierId': 141, 'value': '12.9'}, {'id': 5777432671, 'qualifierId': 56, 'value': 'Right'}, {'id': 5777432673, 'qualifierId': 140, 'value': '58.9'}]",7fk82cjz0z5vq2ts3vmz8has5,D. O'Sullivan,,,North Carolina Courage,Home
2825249181,810,83,2,78,15,c3v2ohfuzoqmc8ljm65hi80sj,1,38.2,89.0,2025-06-22T01:14:10.671Z,2025-07-01T16:05:22Z,"[{'id': 5785757597, 'qualifierId': 399, 'value': '4k83z2cdvn2kwb72kh8e8qfsa'}]",22rwy15pz3noi4av4wb3i0wh6,M. Graham,,,Houston Dash,Away
2823765407,653,1,2,78,16,b4fbmos00gxtk8qnaqsm392p5,0,62.3,11.1,2025-06-22T01:14:12.409Z,2025-07-01T16:05:24Z,"[{'id': 5777432743, 'qualifierId': 212, 'value': '22.7'}, {'id': 5777432739, 'qualifierId': 140, 'value': '81.0'}, {'id': 5777432737, 'qualifierId': 56, 'value': 'Center'}, {'id': 5777432741, 'qualifierId': 141, 'value': '27.9'}, {'id': 5777432745, 'qualifierId': 213, 'value': '0.53'}]",4k83z2cdvn2kwb72kh8e8qfsa,J. Shaw,,,North Carolina Courage,Home
2823765459,586,4,2,78,18,c3v2ohfuzoqmc8ljm65hi80sj,1,20.2,71.0,2025-06-22T01:14:13.658Z,2025-07-01T16:06:08Z,"[{'id': 5777433019, 'qualifierId': 13}, {'id': 5777433027, 'qualifierId': 285}, {'id': 5777433667, 'qualifierId': 233, 'value': '654'}, {'id': 5777433025, 'qualifierId': 152}, {'id': 5777433021, 'qualifierId': 294}, {'id': 5777433023, 'qualifierId': 56, 'value': 'Back'}]",8ruvr2jnsfdub02rdh8q88s89,P. Nielsen,,,Houston Dash,Away
2823765435,654,4,2,78,18,b4fbmos00gxtk8qnaqsm392p5,0,79.8,29.0,2025-06-22T01:14:13.659Z,2025-07-01T16:06:10Z,"[{'id': 5777432889, 'qualifierId': 152}, {'id': 5777432885, 'qualifierId': 294}, {'id': 5777432883, 'qualifierId': 13}, {'id': 5777432891, 'qualifierId': 286}, {'id': 5777432887, 'qualifierId': 56, 'value': 'Center'}, {'id': 5777433675, 'qualifierId': 233, 'value': '586'}]",2sylxhwmisg8f763p2t1q934k,H. Betfort,,,North Carolina Courage,Home
2823765579,587,1,2,78,47,c3v2ohfuzoqmc8ljm65hi80sj,0,17.5,63.7,2025-06-22T01:14:43.418Z,2025-06-22T01:14:44Z,"[{'id': 5777433755, 'qualifierId': 157}, {'id': 5777433759, 'qualifierId': 56, 'value': 'Center'}, {'id': 5777433753, 'qualifierId': 5}, {'id': 5777433767, 'qualifierId': 213, 'value': '6.19'}, {'id': 5777433763, 'qualifierId': 141, 'value': '57.0'}, {'id': 5777433757, 'qualifierId': 152}, {'id': 5777433769, 'qualifierId': 1}, {'id': 5777433765, 'qualifierId': 212, 'value': '46.5'}, {'id': 5777433761, 'qualifierId': 140, 'value': '61.6'}]",53uflfknc5uus7iqw3obp5fx1,J. Campbell,,,Houston Dash,Away
2823765583,656,1,2,78,48,b4fbmos00gxtk8qnaqsm392p5,0,31.8,41.7,2025-06-22T01:14:43.704Z,2025-06-24T15:22:06Z,"[{'id': 5777433779, 'qualifierId': 141, 'value': '41.9'}, {'id': 5777433775, 'qualifierId': 56, 'value': 'Back'}, {'id': 5777433773, 'qualifierId': 3}, {'id': 5777433777, 'qualifierId': 140, 'value': '38.9'}, {'id': 5777433783, 'qualifierId': 213, 'value': '0.02'}, {'id': 5777433781, 'qualifierId': 212, 'value': '7.5'}]",1p3bwk03ay87hp2nwrl3tfxwq,K. Kurtz,,,North Carolina Courage,Home
2824139955,799,61,2,78,49,c3v2ohfuzoqmc8ljm65hi80sj,1,59.8,60.8,2025-06-22T01:14:45.418Z,2025-06-24T15:22:12Z,"[{'id': 5779539811, 'qualifierId': 56, 'value': 'Center'}]",1xgse8t4dm0decmpzebsphvfu,Y. Ryan,,,Houston Dash,Away
2823765585,657,49,2,78,50,b4fbmos00gxtk8qnaqsm392p5,1,38.6,38.8,2025-06-22T01:14:45.842Z,2025-06-22T01:14:46Z,[],7fk82cjz0z5vq2ts3vmz8has5,D. O'Sullivan,,,North Carolina Courage,Home
2823765605,658,1,2,78,52,b4fbmos00gxtk8qnaqsm392p5,1,52.6,26.1,2025-06-22T01:14:48.136Z,2025-06-22T01:14:49Z,"[{'id': 5777433907, 'qualifierId': 213, 'value': '4.99'}, {'id': 5777433901, 'qualifierId': 140, 'value': '55.9'}, {'id': 5777433905, 'qualifierId': 212, 'value': '12.5'}, {'id': 5777433903, 'qualifierId': 141, 'value': '8.5'}, {'id': 5777433899, 'qualifierId': 56, 'value': 'Right'}]",7fk82cjz0z5vq2ts3vmz8has5,D. O'Sullivan,,,North Carolina Courage,Home
2823765611,659,1,2,78,54,b4fbmos00gxtk8qnaqsm392p5,1,62.2,7.0,2025-06-22T01:14:49.704Z,2025-06-22T01:14:52Z,"[{'id': 5777433953, 'qualifierId': 140, 'value': '77.9'}, {'id': 5777433959, 'qualifierId': 213, 'value': '0.04'}, {'id': 5777433957, 'qualifierId': 212, 'value': '16.5'}, {'id': 5777433951, 'qualifierId': 56, 'value': 'Right'}, {'id': 5777433955, 'qualifierId': 141, 'value': '8.0'}]",1x229gvjahkxp7w02bh0v36ga,R. Williams,,,North Carolina Courage,Home
2823765613,660,3,2,78,57,b4fbmos00gxtk8qnaqsm392p5,0,77.6,8.0,2025-06-22T01:14:52.857Z,2025-06-24T15:22:24Z,"[{'id': 5777433965, 'qualifierId': 286}, {'id': 5779539885, 'qualifierId': 464}, {'id': 5777433963, 'qualifierId': 56, 'value': 'Right'}, {'id': 5777433981, 'qualifierId': 233, 'value': '588'}]",4k83z2cdvn2kwb72kh8e8qfsa,J. Shaw,,,North Carolina Courage,Home
2823765615,588,7,2,78,57,c3v2ohfuzoqmc8ljm65hi80sj,1,22.4,92.0,2025-06-22T01:14:52.858Z,2025-06-24T15:22:27Z,"[{'id': 5779539889, 'qualifierId': 385}, {'id': 5777433969, 'qualifierId': 167}, {'id': 5777433975, 'qualifierId': 233, 'value': '660'}, {'id': 5777433971, 'qualifierId': 56, 'value': 'Back'}, {'id': 5777433973, 'qualifierId': 285}]",8ruvr2jnsfdub02rdh8q88s89,P. Nielsen,,,Houston Dash,Away
2823765629,589,5,2,78,58,c3v2ohfuzoqmc8ljm65hi80sj,0,21.2,101.2,2025-06-22T01:14:53.859Z,2025-06-22T01:54:19Z,"[{'id': 5777434005, 'qualifierId': 347}, {'id': 5777434003, 'qualifierId': 56, 'value': 'Back'}, {'id': 5777434023, 'qualifierId': 233, 'value': '661'}]",8ruvr2jnsfdub02rdh8q88s89,P. Nielsen,,,Houston Dash,Away
2823765619,661,5,2,78,58,b4fbmos00gxtk8qnaqsm392p5,1,78.8,-1.2,2025-06-22T01:14:53.859Z,2025-06-22T01:54:18Z,"[{'id': 5777434019, 'qualifierId': 233, 'value': '589'}, {'id': 5777433985, 'qualifierId': 56, 'value': 'Right'}, {'id': 5777433987, 'qualifierId': 347}]",4k83z2cdvn2kwb72kh8e8qfsa,J. Shaw,,,North Carolina Courage,Home
2823765637,662,1,2,79,0,b4fbmos00gxtk8qnaqsm392p5,0,78.4,0.0,2025-06-22T01:14:55.816Z,2025-06-22T01:14:58Z,"[{'id': 5777434047, 'qualifierId': 212, 'value': '18.1'}, {'id': 5777434039, 'qualifierId': 107}, {'id': 5777434049, 'qualifierId': 213, 'value': '1.72'}, {'id': 5777434041, 'qualifierId': 56, 'value': 'Center'}, {'id': 5777434045, 'qualifierId': 141, 'value': '25.9'}, {'id': 5777434043, 'qualifierId': 140, 'value': '75.8'}]",4k83z2cdvn2kwb72kh8e8qfsa,J. Shaw,,,North Carolina Courage,Home
2823765643,590,49,2,79,4,c3v2ohfuzoqmc8ljm65hi80sj,1,33.0,61.8,2025-06-22T01:14:59.889Z,2025-06-22T01:14:59Z,[],1xgse8t4dm0decmpzebsphvfu,Y. Ryan,,,Houston Dash,Away
2823765649,591,61,2,79,5,c3v2ohfuzoqmc8ljm65hi80sj,0,26.2,77.8,2025-06-22T01:15:01.425Z,2025-06-22T01:15:01Z,"[{'id': 5777434075, 'qualifierId': 56, 'value': 'Back'}]",1xgse8t4dm0decmpzebsphvfu,Y. Ryan,,,Houston Dash,Away
2823765657,663,49,2,79,6,b4fbmos00gxtk8qnaqsm392p5,1,72.8,22.4,2025-06-22T01:15:02.280Z,2025-06-22T01:15:02Z,[],4k83z2cdvn2kwb72kh8e8qfsa,J. Shaw,,,North Carolina Courage,Home
2823765663,664,3,2,79,7,b4fbmos00gxtk8qnaqsm392p5,0,72.6,25.2,2025-06-22T01:15:03.041Z,2025-06-24T15:23:25Z,"[{'id': 5777434149, 'qualifierId': 286}, {'id': 5777434147, 'qualifierId': 56, 'value': 'Center'}, {'id': 5779540075, 'qualifierId': 464}, {'id': 5777434249, 'qualifierId': 233, 'value': '592'}]",4k83z2cdvn2kwb72kh8e8qfsa,J. Shaw,,,North Carolina Courage,Home
2823765677,592,7,2,79,7,c3v2ohfuzoqmc8ljm65hi80sj,0,27.4,74.8,2025-06-22T01:15:03.042Z,2025-07-01T16:07:19Z,"[{'id': 5779540057, 'qualifierId': 383}, {'id': 5777434237, 'qualifierId': 56, 'value': 'Back'}, {'id': 5777434239, 'qualifierId': 285}, {'id': 5777434243, 'qualifierId': 233, 'value': '664'}]",cgfk0e62cesbgieslfge2p61h,S. Schmidt,,,Houston Dash,Away
2825249253,862,61,2,79,8,b4fbmos00gxtk8qnaqsm392p5,1,72.5,25.7,2025-06-22T01:15:04.418Z,2025-07-01T16:07:25Z,"[{'id': 5785758037, 'qualifierId': 56, 'value': 'Center'}]",4k83z2cdvn2kwb72kh8e8qfsa,J. Shaw,,,North Carolina Courage,Home
2823765679,593,49,2,79,8,c3v2ohfuzoqmc8ljm65hi80sj,1,30.2,81.4,2025-06-22T01:15:04.522Z,2025-07-01T16:08:11Z,[],cgfk0e62cesbgieslfge2p61h,S. Schmidt,,,Houston Dash,Away
2824140025,800,1,2,79,9,c3v2ohfuzoqmc8ljm65hi80sj,1,31.1,70.6,2025-06-22T01:15:04.918Z,2025-07-01T16:07:53Z,"[{'id': 5779540227, 'qualifierId': 141, 'value': '81.8'}, {'id': 5779540231, 'qualifierId': 213, 'value': '1.01'}, {'id': 5779540223, 'qualifierId': 56, 'value': 'Back'}, {'id': 5779540225, 'qualifierId': 140, 'value': '35.7'}, {'id': 5779540229, 'qualifierId': 212, 'value': '9.0'}]",cgfk0e62cesbgieslfge2p61h,S. Schmidt,,,Houston Dash,Away
2823765703,594,3,2,79,17,c3v2ohfuzoqmc8ljm65hi80sj,0,70.2,94.7,2025-06-22T01:15:13.090Z,2025-06-24T15:23:54Z,"[{'id': 5777434411, 'qualifierId': 56, 'value': 'Left'}, {'id': 5777434413, 'qualifierId': 286}, {'id': 5777434567, 'qualifierId': 233, 'value': '665'}, {'id': 5779540235, 'qualifierId': 464}]",1xgse8t4dm0decmpzebsphvfu,Y. Ryan,,,Houston Dash,Away
2823765717,665,7,2,79,17,b4fbmos00gxtk8qnaqsm392p5,1,29.8,5.3,2025-06-22T01:15:13.091Z,2025-06-24T15:23:56Z,"[{'id': 5777434523, 'qualifierId': 233, 'value': '594'}, {'id': 5777434485, 'qualifierId': 56, 'value': 'Back'}, {'id': 5779540237, 'qualifierId': 383}, {'id': 5777434487, 'qualifierId': 285}]",1p3bwk03ay87hp2nwrl3tfxwq,K. Kurtz,,,North Carolina Courage,Home
2823765725,666,49,2,79,19,b4fbmos00gxtk8qnaqsm392p5,1,34.4,2.5,2025-06-22T01:15:14.896Z,2025-06-24T15:25:20Z,[],7fk82cjz0z5vq2ts3vmz8has5,D. O'Sullivan,,,North Carolina Courage,Home
2823765765,667,1,2,79,19,b4fbmos00gxtk8qnaqsm392p5,1,34.4,2.5,2025-06-22T01:15:15.232Z,2025-06-22T01:15:20Z,"[{'id': 5777434797, 'qualifierId': 213, 'value': '0.14'}, {'id': 5777434791, 'qualifierId': 140, 'value': '45.4'}, {'id': 5777434795, 'qualifierId': 212, 'value': '11.7'}, {'id': 5777434789, 'qualifierId': 56, 'value': 'Back'}, {'id': 5777434793, 'qualifierId': 141, 'value': '4.9'}]",7fk82cjz0z5vq2ts3vmz8has5,D. O'Sullivan,,,North Carolina Courage,Home
2823765789,668,1,2,79,25,b4fbmos00gxtk8qnaqsm392p5,1,74.7,17.9,2025-06-22T01:15:20.936Z,2025-06-22T01:15:23Z,"[{'id': 5777434927, 'qualifierId': 141, 'value': '17.1'}, {'id': 5777434925, 'qualifierId': 140, 'value': '89.2'}, {'id': 5777434929, 'qualifierId': 212, 'value': '15.2'}, {'id': 5777434923, 'qualifierId': 56, 'value': 'Right'}, {'id': 5777434931, 'qualifierId': 213, 'value': '6.25'}]",cwerr3zz6pqzzzqso9dx69fjd,A. Sanchez,,,North Carolina Courage,Home
2823765815,669,1,2,79,28,b4fbmos00gxtk8qnaqsm392p5,1,93.3,17.0,2025-06-22T01:15:23.808Z,2025-06-24T15:25:34Z,"[{'id': 5777435113, 'qualifierId': 141, 'value': '56.4'}, {'id': 5779540601, 'qualifierId': 224}, {'id': 5777435109, 'qualifierId': 56, 'value': 'Center'}, {'id': 5777435111, 'qualifierId': 140, 'value': '95.0'}, {'id': 5777435115, 'qualifierId': 212, 'value': '26.9'}, {'id': 5779540603, 'qualifierId': 20}, {'id': 5777435105, 'qualifierId': 2}, {'id': 5777435107, 'qualifierId': 155}, {'id': 5777435117, 'qualifierId': 213, 'value': '1.50'}]",1x229gvjahkxp7w02bh0v36ga,R. Williams,,,North Carolina Courage,Home
2823765821,670,1,2,79,30,b4fbmos00gxtk8qnaqsm392p5,0,95.0,56.4,2025-06-22T01:15:25.833Z,2025-07-01T16:08:47Z,"[{'id': 5777435143, 'qualifierId': 141, 'value': '46.3'}, {'id': 5777435139, 'qualifierId': 56, 'value': 'Center'}, {'id': 5777435137, 'qualifierId': 3}, {'id': 5777435147, 'qualifierId': 213, 'value': '4.71'}, {'id': 5777435141, 'qualifierId': 140, 'value': '95.0'}, {'id': 5777435145, 'qualifierId': 212, 'value': '6.9'}]",54ieoaegysojsey2jmqtr9ucp,B. Pinto,,,North Carolina Courage,Home
2823765833,595,12,2,79,33,c3v2ohfuzoqmc8ljm65hi80sj,1,3.0,57.3,2025-06-22T01:15:28.697Z,2025-07-01T16:09:00Z,"[{'id': 5777435223, 'qualifierId': 140, 'value': '2.7'}, {'id': 5777435225, 'qualifierId': 141, 'value': '74.4'}, {'id': 5777435221, 'qualifierId': 56, 'value': 'Back'}, {'id': 5777435229, 'qualifierId': 213, 'value': '1.60'}, {'id': 5777435227, 'qualifierId': 212, 'value': '11.6'}]",8ruvr2jnsfdub02rdh8q88s89,P. Nielsen,,,Houston Dash,Away
2823765835,596,12,2,79,35,c3v2ohfuzoqmc8ljm65hi80sj,1,3.6,77.3,2025-06-22T01:15:31.233Z,2025-06-22T01:15:32Z,"[{'id': 5777435267, 'qualifierId': 15}, {'id': 5777435233, 'qualifierId': 140, 'value': '5.5'}, {'id': 5777435237, 'qualifierId': 212, 'value': '9.0'}, {'id': 5777435239, 'qualifierId': 213, 'value': '1.35'}, {'id': 5777435231, 'qualifierId': 56, 'value': 'Back'}, {'id': 5777435235, 'qualifierId': 141, 'value': '90.2'}]",n4egj8ymfled94mco0lwa95,C. Westphal,,,Houston Dash,Away
2823765861,671,1,2,79,37,b4fbmos00gxtk8qnaqsm392p5,1,96.7,16.2,2025-06-22T01:15:33.232Z,2025-06-22T01:15:35Z,"[{'id': 5777435363, 'qualifierId': 56, 'value': 'Right'}, {'id': 5777435367, 'qualifierId': 141, 'value': '18.6'}, {'id': 5777435371, 'qualifierId': 213, 'value': '3.05'}, {'id': 5777435369, 'qualifierId': 212, 'value': '17.9'}, {'id': 5777435365, 'qualifierId': 140, 'value': '79.7'}]",1x229gvjahkxp7w02bh0v36ga,R. Williams,,,North Carolina Courage,Home
2823765867,672,1,2,79,39,b4fbmos00gxtk8qnaqsm392p5,0,80.7,18.8,2025-06-22T01:15:35.184Z,2025-06-24T15:25:52Z,"[{'id': 5777435399, 'qualifierId': 56, 'value': 'Center'}, {'id': 5779540665, 'qualifierId': 224}, {'id': 5777435405, 'qualifierId': 212, 'value': '11.2'}, {'id': 5777435395, 'qualifierId': 2}, {'id': 5777435401, 'qualifierId': 140, 'value': '86.4'}, {'id': 5777435403, 'qualifierId': 141, 'value': '32.8'}, {'id': 5777435407, 'qualifierId': 213, 'value': '1.01'}, {'id': 5779540667, 'qualifierId': 20}]",4k83z2cdvn2kwb72kh8e8qfsa,J. Shaw,,,North Carolina Courage,Home
2823765883,597,12,2,79,40,c3v2ohfuzoqmc8ljm65hi80sj,1,14.3,67.6,2025-06-22T01:15:35.633Z,2025-07-01T16:09:50Z,"[{'id': 5777435497, 'qualifierId': 140, 'value': '34.3'}, {'id': 5777435503, 'qualifierId': 212, 'value': '21.0'}, {'id': 5777435493, 'qualifierId': 56, 'value': 'Back'}, {'id': 5777435505, 'qualifierId': 213, 'value': '6.25'}, {'id': 5777435501, 'qualifierId': 141, 'value': '66.6'}]",cgfk0e62cesbgieslfge2p61h,S. Schmidt,,,Houston Dash,Away
2823765917,599,49,2,79,42,c3v2ohfuzoqmc8ljm65hi80sj,1,37.0,67.1,2025-06-22T01:15:38.466Z,2025-07-01T16:10:21Z,[],191uogxjdg4uo178qv1544jys,M. Bright,,,Houston Dash,Away
2823765915,598,1,2,79,43,c3v2ohfuzoqmc8ljm65hi80sj,1,36.9,66.7,2025-06-22T01:15:39.337Z,2025-07-01T16:10:44Z,"[{'id': 5777435663, 'qualifierId': 212, 'value': '7.7'}, {'id': 5777435659, 'qualifierId': 140, 'value': '29.6'}, {'id': 5777435657, 'qualifierId': 56, 'value': 'Back'}, {'id': 5777435661, 'qualifierId': 141, 'value': '67.1'}, {'id': 5777435665, 'qualifierId': 213, 'value': '3.11'}]",191uogxjdg4uo178qv1544jys,M. Bright,,,Houston Dash,Away
2823765939,600,1,2,79,45,c3v2ohfuzoqmc8ljm65hi80sj,1,29.9,66.0,2025-06-22T01:15:40.665Z,2025-07-01T16:10:50Z,"[{'id': 5777435775, 'qualifierId': 213, 'value': '0.63'}, {'id': 5777435771, 'qualifierId': 141, 'value': '74.6'}, {'id': 5777435767, 'qualifierId': 56, 'value': 'Back'}, {'id': 5777435769, 'qualifierId': 140, 'value': '37.6'}, {'id': 5777435773, 'qualifierId': 212, 'value': '10.0'}]",95tl8tonvm6czhwzd6i5ep756,B. Olivieri,,,Houston Dash,Away
2823766123,604,3,2,79,46,c3v2ohfuzoqmc8ljm65hi80sj,1,41.8,78.2,2025-06-22T01:15:41.936Z,2025-07-01T16:10:52Z,"[{'id': 5777436885, 'qualifierId': 286}, {'id': 5777436907, 'qualifierId': 233, 'value': '673'}, {'id': 5779540703, 'qualifierId': 465}, {'id': 5777436883, 'qualifierId': 56, 'value': 'Back'}]",191uogxjdg4uo178qv1544jys,M. Bright,,,Houston Dash,Away
2823765913,673,45,2,79,46,b4fbmos00gxtk8qnaqsm392p5,0,58.2,21.8,2025-06-22T01:15:41.936Z,2025-07-01T16:10:53Z,"[{'id': 5777436913, 'qualifierId': 233, 'value': '604'}, {'id': 5777435649, 'qualifierId': 285}, {'id': 5777435647, 'qualifierId': 56, 'value': 'Center'}]",1p3bwk03ay87hp2nwrl3tfxwq,K. Kurtz,,,North Carolina Courage,Home
2823765961,601,1,2,79,53,c3v2ohfuzoqmc8ljm65hi80sj,1,75.5,77.1,2025-06-22T01:15:49.401Z,2025-07-01T16:11:35Z,"[{'id': 5777436485, 'qualifierId': 210, 'value': '13'}, {'id': 5777435913, 'qualifierId': 141, 'value': '44.2'}, {'id': 5777435915, 'qualifierId': 212, 'value': '22.4'}, {'id': 5777435911, 'qualifierId': 140, 'value': '77.2'}, {'id': 5777435909, 'qualifierId': 56, 'value': 'Center'}, {'id': 5777436487, 'qualifierId': 154}, {'id': 5777435917, 'qualifierId': 213, 'value': '4.79'}]",191uogxjdg4uo178qv1544jys,M. Bright,1.0,,Houston Dash,Away
2823765967,602,13,2,79,56,c3v2ohfuzoqmc8ljm65hi80sj,1,79.3,41.7,2025-06-22T01:15:52.041Z,2025-07-01T16:12:00Z,"[{'id': 5777436503, 'qualifierId': 154}, {'id': 5777436499, 'qualifierId': 29}, {'id': 5777436513, 'qualifierId': 102, 'value': '43.7'}, {'id': 5777436495, 'qualifierId': 81}, {'id': 5777436519, 'qualifierId': 231, 'value': '48.4'}, {'id': 5777436515, 'qualifierId': 103, 'value': '70.8'}, {'id': 5777435929, 'qualifierId': 18}, {'id': 5777436517, 'qualifierId': 230, 'value': '98.0'}, {'id': 5777435931, 'qualifierId': 56, 'value': 'Center'}, {'id': 5777436507, 'qualifierId': 55, 'value': '601'}, {'id': 5777436361, 'qualifierId': 23}, {'id': 5777436363, 'qualifierId': 20}]",22rwy15pz3noi4av4wb3i0wh6,M. Graham,,,Houston Dash,Away
2823765975,603,5,2,79,57,c3v2ohfuzoqmc8ljm65hi80sj,0,101.4,41.8,2025-06-22T01:15:53.417Z,2025-06-22T01:54:19Z,"[{'id': 5777435961, 'qualifierId': 56, 'value': 'Center'}, {'id': 5777435969, 'qualifierId': 233, 'value': '674'}, {'id': 5777435963, 'qualifierId': 346}]",22rwy15pz3noi4av4wb3i0wh6,M. Graham,,,Houston Dash,Away
2823765971,674,5,2,79,57,b4fbmos00gxtk8qnaqsm392p5,1,-1.4,58.2,2025-06-22T01:15:53.417Z,2025-06-22T01:15:56Z,"[{'id': 5777435955, 'qualifierId': 346}, {'id': 5777435965, 'qualifierId': 233, 'value': '603'}, {'id': 5777435953, 'qualifierId': 56, 'value': 'Back'}]",cbofbntctfuhr1vqpn7eywt05,F. Rauch,,,North Carolina Courage,Home
2823766031,675,43,2,80,13,b4fbmos00gxtk8qnaqsm392p5,1,0.0,0.0,2025-06-22T01:16:09.121Z,2025-06-22T01:23:33Z,"[{'id': 5777436315, 'qualifierId': 30, 'value': '3qj9t05behkav9okd8n2wywh5, 1x229gvjahkxp7w02bh0v36ga, cbofbntctfuhr1vqpn7eywt05, 54ieoaegysojsey2jmqtr9ucp, cbco4ht0d7uk1thgam6vc0ep6, 1p3bwk03ay87hp2nwrl3tfxwq, 4k83z2cdvn2kwb72kh8e8qfsa, 7fk82cjz0z5vq2ts3vmz8has5, 3ytdxf659yjtnml5zzpxl01k9, cwerr3zz6pqzzzqso9dx69fjd, 2sylxhwmisg8f763p2t1q934k, 90bm7jsl7sjqiel7u2tv0vgq2, p6mq2ouc50vln1ou3cyg0lqs, 75p1ff1723mzkbs7tfke3j9m2, 9aj5gfycwgc6r0b550zagl4a1, 817x7baq69b1tnrtminbjf3zd'}, {'id': 5777436319, 'qualifierId': 59, 'value': '1, 13, 11, 8, 27, 3, 19, 10, 22, 2, 30, 34, 44, 12, 17, 25'}, {'id': 5777448975, 'qualifierId': 144, 'value': '40'}, {'id': 5777436321, 'qualifierId': 130, 'value': '8'}, {'id': 5777436325, 'qualifierId': 194, 'value': '7fk82cjz0z5vq2ts3vmz8has5'}, {'id': 5777436317, 'qualifierId': 44, 'value': '1, 2, 2, 3, 2, 2, 3, 3, 4, 3, 3, 3, 5, 5, 5, 5'}, {'id': 5777436323, 'qualifierId': 131, 'value': '1, 2, 3, 4, 5, 6, 7, 8, 9, 10, 11, 11, 0, 0, 0, 0'}]",,,,,North Carolina Courage,Home
2823766181,676,1,2,80,20,b4fbmos00gxtk8qnaqsm392p5,0,3.6,51.5,2025-06-22T01:16:15.969Z,2025-07-01T16:12:56Z,"[{'id': 5777437265, 'qualifierId': 124}, {'id': 5777440163, 'qualifierId': 189}, {'id': 5777437277, 'qualifierId': 1}, {'id': 5777437269, 'qualifierId': 140, 'value': '65.0'}, {'id': 5777437281, 'qualifierId': 74}, {'id': 5777437275, 'qualifierId': 213, 'value': '0.41'}, {'id': 5777437267, 'qualifierId': 56, 'value': 'Left'}, {'id': 5777437271, 'qualifierId': 141, 'value': '93.2'}, {'id': 5777437273, 'qualifierId': 212, 'value': '70.4'}]",3qj9t05behkav9okd8n2wywh5,C. Murphy,,,North Carolina Courage,Home
2823767737,641,61,2,80,24,c3v2ohfuzoqmc8ljm65hi80sj,1,17.1,4.1,2025-06-22T01:16:20.204Z,2025-07-01T16:13:00Z,"[{'id': 5777446177, 'qualifierId': 189}, {'id': 5777446129, 'qualifierId': 56, 'value': 'Back'}]",edwr7f7jwnxm1plk91fx8hfro,M. Alozie,,,Houston Dash,Away
2823767711,640,5,2,80,26,c3v2ohfuzoqmc8ljm65hi80sj,0,23.6,-1.5,2025-06-22T01:16:22.289Z,2025-07-01T16:13:01Z,"[{'id': 5777446017, 'qualifierId': 233, 'value': '681'}, {'id': 5777445971, 'qualifierId': 347}, {'id': 5777445969, 'qualifierId': 56, 'value': 'Back'}, {'id': 5785760361, 'qualifierId': 189}]",8co65x7tuvynuqvket8okb7xl,N. Jacobs,,,Houston Dash,Away
2823766735,681,5,2,80,26,b4fbmos00gxtk8qnaqsm392p5,1,76.4,101.5,2025-06-22T01:16:22.289Z,2025-07-01T16:13:02Z,"[{'id': 5777440525, 'qualifierId': 347}, {'id': 5777446013, 'qualifierId': 233, 'value': '640'}, {'id': 5777440523, 'qualifierId': 56, 'value': 'Left'}, {'id': 5777440629, 'qualifierId': 189}]",90bm7jsl7sjqiel7u2tv0vgq2,M. Matsukubo,,,North Carolina Courage,Home
2823773297,824,1,2,80,33,b4fbmos00gxtk8qnaqsm392p5,1,66.3,100.0,2025-06-22T01:16:28.582Z,2025-07-01T16:14:09Z,"[{'id': 5777478107, 'qualifierId': 213, 'value': '5.07'}, {'id': 5777478099, 'qualifierId': 56, 'value': 'Left'}, {'id': 5777478103, 'qualifierId': 141, 'value': '91.2'}, {'id': 5777478389, 'qualifierId': 189}, {'id': 5777478097, 'qualifierId': 107}, {'id': 5777478105, 'qualifierId': 212, 'value': '7.8'}, {'id': 5777478101, 'qualifierId': 140, 'value': '68.9'}]",90bm7jsl7sjqiel7u2tv0vgq2,M. Matsukubo,,,North Carolina Courage,Home
2823773335,825,1,2,80,34,b4fbmos00gxtk8qnaqsm392p5,1,70.0,90.2,2025-06-22T01:16:29.582Z,2025-07-01T16:14:13Z,"[{'id': 5777478321, 'qualifierId': 213, 'value': '1.46'}, {'id': 5777478317, 'qualifierId': 141, 'value': '97.2'}, {'id': 5777478315, 'qualifierId': 140, 'value': '70.5'}, {'id': 5777478319, 'qualifierId': 212, 'value': '4.8'}, {'id': 5777478313, 'qualifierId': 56, 'value': 'Left'}, {'id': 5777478403, 'qualifierId': 189}]",54ieoaegysojsey2jmqtr9ucp,B. Pinto,,,North Carolina Courage,Home
2823766361,678,1,2,80,36,b4fbmos00gxtk8qnaqsm392p5,1,70.0,92.7,2025-06-22T01:16:31.584Z,2025-07-01T16:14:12Z,"[{'id': 5779540837, 'qualifierId': 223}, {'id': 5777438273, 'qualifierId': 140, 'value': '90.8'}, {'id': 5777438279, 'qualifierId': 213, 'value': '5.43'}, {'id': 5777438301, 'qualifierId': 189}, {'id': 5777438271, 'qualifierId': 56, 'value': 'Center'}, {'id': 5777438275, 'qualifierId': 141, 'value': '55.7'}, {'id': 5777439327, 'qualifierId': 210, 'value': '16'}, {'id': 5777438269, 'qualifierId': 155}, {'id': 5777439329, 'qualifierId': 154}, {'id': 5777438267, 'qualifierId': 2}, {'id': 5779540839, 'qualifierId': 20}, {'id': 5777438281, 'qualifierId': 1}, {'id': 5777439657, 'qualifierId': 160}, {'id': 5777438277, 'qualifierId': 212, 'value': '33.3'}]",90bm7jsl7sjqiel7u2tv0vgq2,M. Matsukubo,,1.0,North Carolina Courage,Home
2823766187,677,16,2,80,38,b4fbmos00gxtk8qnaqsm392p5,1,91.1,52.1,2025-06-22T01:16:34.559Z,2025-07-01T16:13:43Z,"[{'id': 5779540915, 'qualifierId': 80}, {'id': 5777439355, 'qualifierId': 55, 'value': '678'}, {'id': 5777439351, 'qualifierId': 29}, {'id': 5777439369, 'qualifierId': 231, 'value': '51.3'}, {'id': 5777439363, 'qualifierId': 214}, {'id': 5777438663, 'qualifierId': 20}, {'id': 5779540883, 'qualifierId': 395, 'value': '96.8'}, {'id': 5777438671, 'qualifierId': 375, 'value': '80:38.410'}, {'id': 5777437317, 'qualifierId': 56, 'value': 'Center'}, {'id': 5777439353, 'qualifierId': 154}, {'id': 5777439359, 'qualifierId': 102, 'value': '46.8'}, {'id': 5777439365, 'qualifierId': 328}, {'id': 5777439361, 'qualifierId': 103, 'value': '2.5'}, {'id': 5777438667, 'qualifierId': 374, 'value': '2025-06-22 02:16:33.992'}, {'id': 5777439367, 'qualifierId': 230, 'value': '96.8'}, {'id': 5779540885, 'qualifierId': 396, 'value': '50.5'}, {'id': 5777437315, 'qualifierId': 17}, {'id': 5777439663, 'qualifierId': 160}]",2sylxhwmisg8f763p2t1q934k,H. Betfort,,,North Carolina Courage,Home
2823766557,606,27,2,82,10,c3v2ohfuzoqmc8ljm65hi80sj,1,0.0,0.0,2025-06-22T01:18:05.841Z,2025-07-01T16:14:38Z,"[{'id': 5777439531, 'qualifierId': 41, 'value': 'Injury'}, {'id': 5777468427, 'qualifierId': 233, 'value': '679'}, {'id': 5777439533, 'qualifierId': 53, 'value': 'n4egj8ymfled94mco0lwa95'}]",,,,,Houston Dash,Away
2823766601,679,27,2,82,10,b4fbmos00gxtk8qnaqsm392p5,1,0.0,0.0,2025-06-22T01:18:05.841Z,2025-07-01T16:14:41Z,"[{'id': 5777468423, 'qualifierId': 233, 'value': '606'}]",,,,,North Carolina Courage,Home
2823766783,609,28,2,82,37,c3v2ohfuzoqmc8ljm65hi80sj,1,0.0,0.0,2025-06-22T01:18:33.167Z,2025-07-01T16:15:50Z,"[{'id': 5777440837, 'qualifierId': 55, 'value': '606'}, {'id': 5777468435, 'qualifierId': 233, 'value': '680'}]",,,,,Houston Dash,Away
2823766685,680,28,2,82,37,b4fbmos00gxtk8qnaqsm392p5,1,0.0,0.0,2025-06-22T01:18:33.167Z,2025-07-01T16:15:52Z,"[{'id': 5777468431, 'qualifierId': 233, 'value': '609'}, {'id': 5777440275, 'qualifierId': 55, 'value': '679'}]",,,,,North Carolina Courage,Home
2823766721,607,18,2,82,38,c3v2ohfuzoqmc8ljm65hi80sj,1,0.0,0.0,2025-06-22T01:18:34.468Z,2025-07-01T16:15:55Z,"[{'id': 5779540991, 'qualifierId': 41}, {'id': 5777440491, 'qualifierId': 55, 'value': '608'}, {'id': 5777440459, 'qualifierId': 59, 'value': '20'}, {'id': 5777440457, 'qualifierId': 44, 'value': 'Defender'}]",n4egj8ymfled94mco0lwa95,C. Westphal,,,Houston Dash,Away
2823766727,608,19,2,82,38,c3v2ohfuzoqmc8ljm65hi80sj,1,0.0,0.0,2025-06-22T01:18:34.469Z,2025-07-01T16:15:55Z,"[{'id': 5777440483, 'qualifierId': 59, 'value': '12'}, {'id': 5777440481, 'qualifierId': 145, 'value': '3'}, {'id': 5777440485, 'qualifierId': 44, 'value': 'Defender'}, {'id': 5779540989, 'qualifierId': 41}, {'id': 5777484887, 'qualifierId': 293, 'value': '1'}, {'id': 5777486019, 'qualifierId': 292, 'value': '3'}, {'id': 5777440487, 'qualifierId': 55, 'value': '607'}]",97ia01cyibu1l7qs8qexd2n3e,K. van Zanten,,,Houston Dash,Away
2825250201,864,40,2,82,48,b4fbmos00gxtk8qnaqsm392p5,1,0.0,0.0,2025-06-22T01:18:43.959Z,2025-07-01T16:23:06Z,"[{'id': 5785763653, 'qualifierId': 59, 'value': '1, 13, 11, 8, 27, 3, 19, 10, 30, 2, 34, 44, 12, 17, 25'}, {'id': 5785763659, 'qualifierId': 194, 'value': '7fk82cjz0z5vq2ts3vmz8has5'}, {'id': 5785763655, 'qualifierId': 130, 'value': '8'}, {'id': 5785763651, 'qualifierId': 44, 'value': '1, 2, 2, 3, 2, 2, 3, 3, 4, 3, 3, 5, 5, 5, 5'}, {'id': 5785763649, 'qualifierId': 30, 'value': '3qj9t05behkav9okd8n2wywh5, 1x229gvjahkxp7w02bh0v36ga, cbofbntctfuhr1vqpn7eywt05, 54ieoaegysojsey2jmqtr9ucp, cbco4ht0d7uk1thgam6vc0ep6, 1p3bwk03ay87hp2nwrl3tfxwq, 4k83z2cdvn2kwb72kh8e8qfsa, 7fk82cjz0z5vq2ts3vmz8has5, 2sylxhwmisg8f763p2t1q934k, cwerr3zz6pqzzzqso9dx69fjd, 90bm7jsl7sjqiel7u2tv0vgq2, p6mq2ouc50vln1ou3cyg0lqs, 75p1ff1723mzkbs7tfke3j9m2, 9aj5gfycwgc6r0b550zagl4a1, 817x7baq69b1tnrtminbjf3zd'}, {'id': 5785763657, 'qualifierId': 131, 'value': '1, 2, 3, 4, 5, 6, 7, 8, 9, 10, 11, 0, 0, 0, 0'}]",,,,,North Carolina Courage,Home
2823766487,605,1,2,82,55,c3v2ohfuzoqmc8ljm65hi80sj,1,50.0,50.1,2025-06-22T01:18:50.689Z,2025-07-01T16:16:17Z,"[{'id': 5777439127, 'qualifierId': 212, 'value': '23.9'}, {'id': 5777439125, 'qualifierId': 141, 'value': '74.4'}, {'id': 5777439121, 'qualifierId': 56, 'value': 'Back'}, {'id': 5777439129, 'qualifierId': 213, 'value': '2.38'}, {'id': 5777439131, 'qualifierId': 279, 'value': 'G'}, {'id': 5777439123, 'qualifierId': 140, 'value': '33.5'}, {'id': 5777439135, 'qualifierId': 189}]",191uogxjdg4uo178qv1544jys,M. Bright,,,Houston Dash,Away
2825249953,863,83,2,83,0,b4fbmos00gxtk8qnaqsm392p5,1,51.8,31.1,2025-06-22T01:18:56.055Z,2025-07-01T16:20:15Z,"[{'id': 5785762251, 'qualifierId': 399, 'value': '97ia01cyibu1l7qs8qexd2n3e'}]",4k83z2cdvn2kwb72kh8e8qfsa,J. Shaw,,,North Carolina Courage,Home
2823766803,610,3,2,83,0,c3v2ohfuzoqmc8ljm65hi80sj,0,48.0,73.0,2025-06-22T01:18:56.065Z,2025-07-01T16:16:48Z,"[{'id': 5785762287, 'qualifierId': 286}, {'id': 5785762351, 'qualifierId': 465}, {'id': 5777440931, 'qualifierId': 56, 'value': 'Back'}, {'id': 5785762349, 'qualifierId': 211}]",97ia01cyibu1l7qs8qexd2n3e,K. van Zanten,,,Houston Dash,Away
2823766801,682,49,2,83,1,b4fbmos00gxtk8qnaqsm392p5,1,43.2,30.9,2025-06-22T01:18:56.806Z,2025-07-01T16:17:21Z,[],7fk82cjz0z5vq2ts3vmz8has5,D. O'Sullivan,,,North Carolina Courage,Home
2823766813,683,1,2,83,2,b4fbmos00gxtk8qnaqsm392p5,1,42.5,29.5,2025-06-22T01:18:58.446Z,2025-07-01T16:17:32Z,"[{'id': 5777440987, 'qualifierId': 141, 'value': '13.5'}, {'id': 5777440985, 'qualifierId': 140, 'value': '37.0'}, {'id': 5777440989, 'qualifierId': 212, 'value': '12.3'}, {'id': 5777440983, 'qualifierId': 56, 'value': 'Back'}, {'id': 5777440991, 'qualifierId': 213, 'value': '4.22'}]",7fk82cjz0z5vq2ts3vmz8has5,D. O'Sullivan,,,North Carolina Courage,Home
2823766825,684,1,2,83,4,b4fbmos00gxtk8qnaqsm392p5,1,36.9,11.1,2025-06-22T01:18:59.863Z,2025-07-01T16:17:34Z,"[{'id': 5777441071, 'qualifierId': 212, 'value': '7.5'}, {'id': 5777441069, 'qualifierId': 141, 'value': '20.4'}, {'id': 5777441067, 'qualifierId': 140, 'value': '40.8'}, {'id': 5777441065, 'qualifierId': 56, 'value': 'Back'}, {'id': 5777441073, 'qualifierId': 213, 'value': '1.00'}]",1x229gvjahkxp7w02bh0v36ga,R. Williams,,,North Carolina Courage,Home
2823766833,685,1,2,83,7,b4fbmos00gxtk8qnaqsm392p5,1,40.2,17.4,2025-06-22T01:19:03.062Z,2025-06-22T01:19:04Z,"[{'id': 5777441103, 'qualifierId': 56, 'value': 'Back'}, {'id': 5777441105, 'qualifierId': 140, 'value': '32.3'}, {'id': 5777441107, 'qualifierId': 141, 'value': '10.1'}, {'id': 5777441111, 'qualifierId': 213, 'value': '3.68'}, {'id': 5777441109, 'qualifierId': 212, 'value': '9.7'}]",7fk82cjz0z5vq2ts3vmz8has5,D. O'Sullivan,,,North Carolina Courage,Home
2823766843,686,1,2,83,9,b4fbmos00gxtk8qnaqsm392p5,1,29.6,11.3,2025-06-22T01:19:04.815Z,2025-06-22T01:19:07Z,"[{'id': 5777441171, 'qualifierId': 212, 'value': '14.8'}, {'id': 5777441167, 'qualifierId': 140, 'value': '21.3'}, {'id': 5777441169, 'qualifierId': 141, 'value': '28.9'}, {'id': 5777441165, 'qualifierId': 56, 'value': 'Back'}, {'id': 5777441173, 'qualifierId': 213, 'value': '2.20'}]",1x229gvjahkxp7w02bh0v36ga,R. Williams,,,North Carolina Courage,Home
2823766861,687,1,2,83,11,b4fbmos00gxtk8qnaqsm392p5,1,22.5,30.6,2025-06-22T01:19:07.111Z,2025-06-22T01:19:11Z,"[{'id': 5777441275, 'qualifierId': 140, 'value': '22.1'}, {'id': 5777441279, 'qualifierId': 212, 'value': '22.3'}, {'id': 5777441273, 'qualifierId': 56, 'value': 'Back'}, {'id': 5777441277, 'qualifierId': 141, 'value': '63.4'}, {'id': 5777441281, 'qualifierId': 213, 'value': '1.59'}]",cbco4ht0d7uk1thgam6vc0ep6,M. Bell,,,North Carolina Courage,Home
2823766873,688,1,2,83,16,b4fbmos00gxtk8qnaqsm392p5,1,23.0,65.8,2025-06-22T01:19:11.750Z,2025-06-22T01:19:12Z,"[{'id': 5777441353, 'qualifierId': 141, 'value': '95.6'}, {'id': 5777441351, 'qualifierId': 140, 'value': '29.8'}, {'id': 5777441355, 'qualifierId': 212, 'value': '21.5'}, {'id': 5777441349, 'qualifierId': 56, 'value': 'Back'}, {'id': 5777441357, 'qualifierId': 213, 'value': '1.23'}]",1p3bwk03ay87hp2nwrl3tfxwq,K. Kurtz,,,North Carolina Courage,Home
2823766893,689,1,2,83,17,b4fbmos00gxtk8qnaqsm392p5,1,30.2,97.1,2025-06-22T01:19:12.862Z,2025-06-22T01:19:15Z,"[{'id': 5777441453, 'qualifierId': 56, 'value': 'Back'}, {'id': 5777441459, 'qualifierId': 212, 'value': '13.4'}, {'id': 5777441455, 'qualifierId': 140, 'value': '42.9'}, {'id': 5777441461, 'qualifierId': 213, 'value': '0.07'}, {'id': 5777441457, 'qualifierId': 141, 'value': '98.4'}]",cbofbntctfuhr1vqpn7eywt05,F. Rauch,,,North Carolina Courage,Home
2823766901,690,1,2,83,20,b4fbmos00gxtk8qnaqsm392p5,1,41.6,97.5,2025-06-22T01:19:15.942Z,2025-06-22T01:19:17Z,"[{'id': 5777441503, 'qualifierId': 212, 'value': '11.4'}, {'id': 5777441499, 'qualifierId': 140, 'value': '30.8'}, {'id': 5777441497, 'qualifierId': 56, 'value': 'Back'}, {'id': 5777441501, 'qualifierId': 141, 'value': '96.2'}, {'id': 5777441505, 'qualifierId': 213, 'value': '3.22'}]",90bm7jsl7sjqiel7u2tv0vgq2,M. Matsukubo,,,North Carolina Courage,Home
2823766925,691,1,2,83,22,b4fbmos00gxtk8qnaqsm392p5,1,31.3,92.3,2025-06-22T01:19:17.838Z,2025-06-22T01:19:21Z,"[{'id': 5777441633, 'qualifierId': 140, 'value': '23.3'}, {'id': 5777441637, 'qualifierId': 212, 'value': '15.1'}, {'id': 5777441639, 'qualifierId': 213, 'value': '4.12'}, {'id': 5777441635, 'qualifierId': 141, 'value': '73.8'}, {'id': 5777441631, 'qualifierId': 56, 'value': 'Back'}]",cbofbntctfuhr1vqpn7eywt05,F. Rauch,,,North Carolina Courage,Home
2823766951,692,1,2,83,25,b4fbmos00gxtk8qnaqsm392p5,1,23.5,70.8,2025-06-22T01:19:21.134Z,2025-06-22T01:19:24Z,"[{'id': 5777441773, 'qualifierId': 196}, {'id': 5777441775, 'qualifierId': 56, 'value': 'Back'}, {'id': 5777441779, 'qualifierId': 141, 'value': '5.8'}, {'id': 5777441781, 'qualifierId': 212, 'value': '48.5'}, {'id': 5777441785, 'qualifierId': 1}, {'id': 5777441783, 'qualifierId': 213, 'value': '5.14'}, {'id': 5777441777, 'qualifierId': 140, 'value': '42.5'}]",1p3bwk03ay87hp2nwrl3tfxwq,K. Kurtz,,,North Carolina Courage,Home
2823766965,693,1,2,83,28,b4fbmos00gxtk8qnaqsm392p5,1,42.6,5.8,2025-06-22T01:19:24.254Z,2025-06-22T01:19:26Z,"[{'id': 5777441863, 'qualifierId': 56, 'value': 'Right'}, {'id': 5777441865, 'qualifierId': 140, 'value': '59.8'}, {'id': 5777441871, 'qualifierId': 213, 'value': '0.09'}, {'id': 5777441869, 'qualifierId': 212, 'value': '18.1'}, {'id': 5777441867, 'qualifierId': 141, 'value': '8.2'}]",1x229gvjahkxp7w02bh0v36ga,R. Williams,,,North Carolina Courage,Home
2823766971,694,3,2,83,30,b4fbmos00gxtk8qnaqsm392p5,0,61.6,6.0,2025-06-22T01:19:26.550Z,2025-06-24T15:30:11Z,"[{'id': 5777441881, 'qualifierId': 286}, {'id': 5777442005, 'qualifierId': 233, 'value': '611'}, {'id': 5779541583, 'qualifierId': 464}, {'id': 5777441879, 'qualifierId': 56, 'value': 'Right'}]",4k83z2cdvn2kwb72kh8e8qfsa,J. Shaw,,,North Carolina Courage,Home
2823766985,611,7,2,83,30,c3v2ohfuzoqmc8ljm65hi80sj,1,38.4,94.0,2025-06-22T01:19:26.551Z,2025-06-24T15:30:13Z,"[{'id': 5777441991, 'qualifierId': 233, 'value': '694'}, {'id': 5779541585, 'qualifierId': 385}, {'id': 5777441957, 'qualifierId': 56, 'value': 'Back'}, {'id': 5777441959, 'qualifierId': 285}, {'id': 5777441955, 'qualifierId': 167}]",97ia01cyibu1l7qs8qexd2n3e,K. van Zanten,,,Houston Dash,Away
2823767005,612,5,2,83,33,c3v2ohfuzoqmc8ljm65hi80sj,0,40.2,101.4,2025-06-22T01:19:29.224Z,2025-06-22T01:54:20Z,"[{'id': 5777442057, 'qualifierId': 56, 'value': 'Back'}, {'id': 5777442059, 'qualifierId': 347}, {'id': 5777442093, 'qualifierId': 233, 'value': '695'}]",97ia01cyibu1l7qs8qexd2n3e,K. van Zanten,,,Houston Dash,Away
2823767001,695,5,2,83,33,b4fbmos00gxtk8qnaqsm392p5,1,59.8,-1.4,2025-06-22T01:19:29.224Z,2025-06-22T01:54:20Z,"[{'id': 5777442039, 'qualifierId': 56, 'value': 'Right'}, {'id': 5777442041, 'qualifierId': 347}, {'id': 5777442075, 'qualifierId': 233, 'value': '612'}]",4k83z2cdvn2kwb72kh8e8qfsa,J. Shaw,,,North Carolina Courage,Home
2823767043,696,1,2,83,41,b4fbmos00gxtk8qnaqsm392p5,1,58.8,0.0,2025-06-22T01:19:36.838Z,2025-06-24T15:34:15Z,"[{'id': 5777442273, 'qualifierId': 107}, {'id': 5777442279, 'qualifierId': 141, 'value': '10.7'}, {'id': 5777442275, 'qualifierId': 56, 'value': 'Right'}, {'id': 5777442281, 'qualifierId': 212, 'value': '18.4'}, {'id': 5777442283, 'qualifierId': 213, 'value': '0.47'}, {'id': 5777442277, 'qualifierId': 140, 'value': '74.4'}]",1x229gvjahkxp7w02bh0v36ga,R. Williams,,,North Carolina Courage,Home
2823767051,697,61,2,83,42,b4fbmos00gxtk8qnaqsm392p5,0,73.0,10.6,2025-06-22T01:19:38.151Z,2025-07-01T16:24:12Z,"[{'id': 5777442325, 'qualifierId': 56, 'value': 'Right'}]",2sylxhwmisg8f763p2t1q934k,H. Betfort,,,North Carolina Courage,Home
2823767059,613,1,2,83,43,c3v2ohfuzoqmc8ljm65hi80sj,1,29.2,88.3,2025-06-22T01:19:39.152Z,2025-06-24T15:34:33Z,"[{'id': 5779542649, 'qualifierId': 212, 'value': '8.0'}, {'id': 5777442359, 'qualifierId': 56, 'value': 'Back'}, {'id': 5779542645, 'qualifierId': 140, 'value': '22.5'}, {'id': 5779542643, 'qualifierId': 3}, {'id': 5779542647, 'qualifierId': 141, 'value': '82.6'}, {'id': 5779542651, 'qualifierId': 213, 'value': '3.65'}]",97ia01cyibu1l7qs8qexd2n3e,K. van Zanten,,,Houston Dash,Away
2823767061,614,49,2,83,45,c3v2ohfuzoqmc8ljm65hi80sj,1,23.0,84.2,2025-06-22T01:19:40.929Z,2025-06-22T01:19:41Z,[],8ruvr2jnsfdub02rdh8q88s89,P. Nielsen,,,Houston Dash,Away
2823767089,615,1,2,83,45,c3v2ohfuzoqmc8ljm65hi80sj,1,23.0,84.2,2025-06-22T01:19:41.152Z,2025-06-22T01:19:44Z,"[{'id': 5777442513, 'qualifierId': 213, 'value': '4.14'}, {'id': 5777442511, 'qualifierId': 212, 'value': '17.4'}, {'id': 5777442507, 'qualifierId': 140, 'value': '14.0'}, {'id': 5777442509, 'qualifierId': 141, 'value': '62.7'}, {'id': 5777442505, 'qualifierId': 56, 'value': 'Back'}]",8ruvr2jnsfdub02rdh8q88s89,P. Nielsen,,,Houston Dash,Away
2823767097,616,1,2,83,49,c3v2ohfuzoqmc8ljm65hi80sj,1,14.1,63.4,2025-06-22T01:19:44.729Z,2025-06-22T01:19:45Z,"[{'id': 5777442557, 'qualifierId': 213, 'value': '4.04'}, {'id': 5777442549, 'qualifierId': 56, 'value': 'Back'}, {'id': 5777442555, 'qualifierId': 212, 'value': '14.3'}, {'id': 5777442551, 'qualifierId': 140, 'value': '5.6'}, {'id': 5777442553, 'qualifierId': 141, 'value': '47.0'}]",8co65x7tuvynuqvket8okb7xl,N. Jacobs,,,Houston Dash,Away
2823767125,617,1,2,83,50,c3v2ohfuzoqmc8ljm65hi80sj,1,5.6,47.0,2025-06-22T01:19:46.576Z,2025-07-01T16:24:21Z,"[{'id': 5777442743, 'qualifierId': 212, 'value': '25.1'}, {'id': 5777442737, 'qualifierId': 56, 'value': 'Back'}, {'id': 5777442739, 'qualifierId': 140, 'value': '29.2'}, {'id': 5777442741, 'qualifierId': 141, 'value': '52.5'}, {'id': 5777442745, 'qualifierId': 213, 'value': '0.15'}]",53uflfknc5uus7iqw3obp5fx1,J. Campbell,,,Houston Dash,Away
2823767131,618,1,2,83,54,c3v2ohfuzoqmc8ljm65hi80sj,1,26.1,54.0,2025-06-22T01:19:50.441Z,2025-06-22T01:19:52Z,"[{'id': 5777442773, 'qualifierId': 213, 'value': '2.81'}, {'id': 5777442765, 'qualifierId': 56, 'value': 'Back'}, {'id': 5777442769, 'qualifierId': 141, 'value': '60.3'}, {'id': 5777442771, 'qualifierId': 212, 'value': '13.0'}, {'id': 5777442767, 'qualifierId': 140, 'value': '14.4'}]",cgfk0e62cesbgieslfge2p61h,S. Schmidt,,,Houston Dash,Away
2823767141,619,1,2,83,56,c3v2ohfuzoqmc8ljm65hi80sj,1,15.5,46.6,2025-06-22T01:19:52.009Z,2025-06-22T01:19:53Z,"[{'id': 5777442793, 'qualifierId': 141, 'value': '47.2'}, {'id': 5777442789, 'qualifierId': 56, 'value': 'Back'}, {'id': 5777442791, 'qualifierId': 140, 'value': '5.8'}, {'id': 5777442795, 'qualifierId': 212, 'value': '10.2'}, {'id': 5777442797, 'qualifierId': 213, 'value': '3.10'}]",8co65x7tuvynuqvket8okb7xl,N. Jacobs,,,Houston Dash,Away
2823767165,620,1,2,83,57,c3v2ohfuzoqmc8ljm65hi80sj,1,5.8,47.0,2025-06-22T01:19:53.280Z,2025-06-22T01:19:58Z,"[{'id': 5777442917, 'qualifierId': 56, 'value': 'Back'}, {'id': 5777442925, 'qualifierId': 213, 'value': '1.09'}, {'id': 5777442921, 'qualifierId': 141, 'value': '74.1'}, {'id': 5777442923, 'qualifierId': 212, 'value': '20.8'}, {'id': 5777442919, 'qualifierId': 140, 'value': '15.0'}]",53uflfknc5uus7iqw3obp5fx1,J. Campbell,,,Houston Dash,Away
2823767179,621,1,2,84,2,c3v2ohfuzoqmc8ljm65hi80sj,1,28.7,74.2,2025-06-22T01:19:58.353Z,2025-06-22T01:20:01Z,"[{'id': 5777442993, 'qualifierId': 140, 'value': '38.2'}, {'id': 5777442999, 'qualifierId': 213, 'value': '0.99'}, {'id': 5777442997, 'qualifierId': 212, 'value': '18.2'}, {'id': 5777442995, 'qualifierId': 141, 'value': '96.5'}, {'id': 5777442991, 'qualifierId': 56, 'value': 'Back'}]",8ruvr2jnsfdub02rdh8q88s89,P. Nielsen,,,Houston Dash,Away
2823767227,622,1,2,84,5,c3v2ohfuzoqmc8ljm65hi80sj,1,34.1,97.4,2025-06-22T01:20:01.225Z,2025-06-22T01:20:09Z,"[{'id': 5777443265, 'qualifierId': 140, 'value': '33.3'}, {'id': 5777443271, 'qualifierId': 213, 'value': '4.67'}, {'id': 5777443269, 'qualifierId': 212, 'value': '21.2'}, {'id': 5777443267, 'qualifierId': 141, 'value': '66.3'}, {'id': 5777443263, 'qualifierId': 56, 'value': 'Back'}]",97ia01cyibu1l7qs8qexd2n3e,K. van Zanten,,,Houston Dash,Away
2823767233,623,3,2,84,9,c3v2ohfuzoqmc8ljm65hi80sj,1,31.8,73.0,2025-06-22T01:20:04.686Z,2025-06-24T15:34:49Z,"[{'id': 5779542763, 'qualifierId': 464}, {'id': 5777443305, 'qualifierId': 56, 'value': 'Back'}, {'id': 5777443307, 'qualifierId': 285}, {'id': 5777443309, 'qualifierId': 233, 'value': '698'}]",95tl8tonvm6czhwzd6i5ep756,B. Olivieri,,,Houston Dash,Away
2823767201,698,45,2,84,9,b4fbmos00gxtk8qnaqsm392p5,0,68.2,27.0,2025-06-22T01:20:04.686Z,2025-06-22T01:45:28Z,"[{'id': 5777443111, 'qualifierId': 56, 'value': 'Center'}, {'id': 5777443335, 'qualifierId': 233, 'value': '623'}, {'id': 5777443113, 'qualifierId': 286}]",7fk82cjz0z5vq2ts3vmz8has5,D. O'Sullivan,,,North Carolina Courage,Home
2823767245,624,1,2,84,10,c3v2ohfuzoqmc8ljm65hi80sj,1,41.5,88.7,2025-06-22T01:20:06.256Z,2025-06-22T01:51:07Z,"[{'id': 5777443389, 'qualifierId': 213, 'value': '0.73'}, {'id': 5777443387, 'qualifierId': 212, 'value': '10.8'}, {'id': 5777443385, 'qualifierId': 141, 'value': '99.3'}, {'id': 5777443381, 'qualifierId': 56, 'value': 'Back'}, {'id': 5777443383, 'qualifierId': 140, 'value': '49.2'}]",95tl8tonvm6czhwzd6i5ep756,B. Olivieri,,,Houston Dash,Away
2823767247,625,1,2,84,12,c3v2ohfuzoqmc8ljm65hi80sj,0,47.3,94.4,2025-06-22T01:20:07.785Z,2025-06-22T01:51:13Z,"[{'id': 5777443393, 'qualifierId': 155}, {'id': 5777443403, 'qualifierId': 213, 'value': '4.50'}, {'id': 5777443405, 'qualifierId': 1}, {'id': 5777443395, 'qualifierId': 56, 'value': 'Back'}, {'id': 5777443401, 'qualifierId': 212, 'value': '38.4'}, {'id': 5777443399, 'qualifierId': 141, 'value': '39.2'}, {'id': 5777443397, 'qualifierId': 140, 'value': '39.5'}]",97ia01cyibu1l7qs8qexd2n3e,K. van Zanten,,,Houston Dash,Away
2823767241,699,1,2,84,13,b4fbmos00gxtk8qnaqsm392p5,1,51.6,33.9,2025-06-22T01:20:09.495Z,2025-06-22T01:20:11Z,"[{'id': 5777443373, 'qualifierId': 213, 'value': '1.23'}, {'id': 5777443363, 'qualifierId': 3}, {'id': 5777443369, 'qualifierId': 141, 'value': '56.3'}, {'id': 5777443371, 'qualifierId': 212, 'value': '16.1'}, {'id': 5777443367, 'qualifierId': 140, 'value': '56.7'}, {'id': 5777443365, 'qualifierId': 56, 'value': 'Center'}]",54ieoaegysojsey2jmqtr9ucp,B. Pinto,,,North Carolina Courage,Home
2823767243,700,49,2,84,15,b4fbmos00gxtk8qnaqsm392p5,1,60.0,61.8,2025-06-22T01:20:11.358Z,2025-06-22T01:20:11Z,[],90bm7jsl7sjqiel7u2tv0vgq2,M. Matsukubo,,,North Carolina Courage,Home
2823767277,701,1,2,84,22,b4fbmos00gxtk8qnaqsm392p5,1,82.3,92.0,2025-06-22T01:20:18.366Z,2025-06-22T01:20:20Z,"[{'id': 5777443553, 'qualifierId': 56, 'value': 'Left'}, {'id': 5777443559, 'qualifierId': 212, 'value': '14.3'}, {'id': 5777443555, 'qualifierId': 140, 'value': '68.7'}, {'id': 5777443561, 'qualifierId': 213, 'value': '3.21'}, {'id': 5777443557, 'qualifierId': 141, 'value': '90.5'}]",90bm7jsl7sjqiel7u2tv0vgq2,M. Matsukubo,,,North Carolina Courage,Home
2823767289,702,1,2,84,24,b4fbmos00gxtk8qnaqsm392p5,1,69.2,90.6,2025-06-22T01:20:20.526Z,2025-06-22T01:20:22Z,"[{'id': 5777443639, 'qualifierId': 141, 'value': '96.6'}, {'id': 5777443637, 'qualifierId': 140, 'value': '71.7'}, {'id': 5777443643, 'qualifierId': 213, 'value': '1.00'}, {'id': 5777443635, 'qualifierId': 56, 'value': 'Left'}, {'id': 5777443641, 'qualifierId': 212, 'value': '4.9'}]",cbofbntctfuhr1vqpn7eywt05,F. Rauch,,,North Carolina Courage,Home
2823767303,703,1,2,84,26,b4fbmos00gxtk8qnaqsm392p5,1,70.9,96.0,2025-06-22T01:20:22.118Z,2025-06-22T01:20:24Z,"[{'id': 5777443723, 'qualifierId': 140, 'value': '66.3'}, {'id': 5777443727, 'qualifierId': 212, 'value': '12.7'}, {'id': 5777443729, 'qualifierId': 213, 'value': '4.32'}, {'id': 5777443721, 'qualifierId': 56, 'value': 'Center'}, {'id': 5777443725, 'qualifierId': 141, 'value': '78.8'}]",90bm7jsl7sjqiel7u2tv0vgq2,M. Matsukubo,,,North Carolina Courage,Home
2823767313,704,1,2,84,29,b4fbmos00gxtk8qnaqsm392p5,1,66.6,80.6,2025-06-22T01:20:24.734Z,2025-06-22T01:20:27Z,"[{'id': 5777443781, 'qualifierId': 56, 'value': 'Left'}, {'id': 5777443785, 'qualifierId': 141, 'value': '96.2'}, {'id': 5777443789, 'qualifierId': 213, 'value': '1.41'}, {'id': 5777443787, 'qualifierId': 212, 'value': '10.7'}, {'id': 5777443783, 'qualifierId': 140, 'value': '68.2'}]",54ieoaegysojsey2jmqtr9ucp,B. Pinto,,,North Carolina Courage,Home
2823767319,705,1,2,84,31,b4fbmos00gxtk8qnaqsm392p5,1,68.2,96.2,2025-06-22T01:20:27.382Z,2025-06-22T01:20:29Z,"[{'id': 5777443849, 'qualifierId': 141, 'value': '85.3'}, {'id': 5777443847, 'qualifierId': 140, 'value': '72.5'}, {'id': 5777443845, 'qualifierId': 56, 'value': 'Left'}, {'id': 5777443853, 'qualifierId': 213, 'value': '5.26'}, {'id': 5777443851, 'qualifierId': 212, 'value': '8.7'}]",90bm7jsl7sjqiel7u2tv0vgq2,M. Matsukubo,,,North Carolina Courage,Home
2823767335,706,1,2,84,33,b4fbmos00gxtk8qnaqsm392p5,1,71.9,83.8,2025-06-22T01:20:29.470Z,2025-06-22T01:20:31Z,"[{'id': 5777443919, 'qualifierId': 56, 'value': 'Center'}, {'id': 5777443927, 'qualifierId': 213, 'value': '3.57'}, {'id': 5777443921, 'qualifierId': 140, 'value': '62.8'}, {'id': 5777443925, 'qualifierId': 212, 'value': '10.5'}, {'id': 5777443923, 'qualifierId': 141, 'value': '77.3'}]",cbofbntctfuhr1vqpn7eywt05,F. Rauch,,,North Carolina Courage,Home
2823767359,707,1,2,84,35,b4fbmos00gxtk8qnaqsm392p5,1,65.1,83.5,2025-06-22T01:20:30.974Z,2025-06-22T01:20:34Z,"[{'id': 5777444053, 'qualifierId': 140, 'value': '69.2'}, {'id': 5777444057, 'qualifierId': 212, 'value': '10.4'}, {'id': 5777444059, 'qualifierId': 213, 'value': '1.15'}, {'id': 5777444055, 'qualifierId': 141, 'value': '97.5'}, {'id': 5777444051, 'qualifierId': 56, 'value': 'Left'}]",54ieoaegysojsey2jmqtr9ucp,B. Pinto,,,North Carolina Courage,Home
2823767387,708,1,2,84,38,b4fbmos00gxtk8qnaqsm392p5,1,66.5,97.2,2025-06-22T01:20:34.421Z,2025-06-22T01:20:37Z,"[{'id': 5777444167, 'qualifierId': 213, 'value': '3.47'}, {'id': 5777444159, 'qualifierId': 56, 'value': 'Back'}, {'id': 5777444165, 'qualifierId': 212, 'value': '26.7'}, {'id': 5777444161, 'qualifierId': 140, 'value': '42.4'}, {'id': 5777444163, 'qualifierId': 141, 'value': '84.7'}]",90bm7jsl7sjqiel7u2tv0vgq2,M. Matsukubo,,,North Carolina Courage,Home
2823767411,709,1,2,84,41,b4fbmos00gxtk8qnaqsm392p5,1,41.7,79.9,2025-06-22T01:20:37.294Z,2025-06-22T01:20:40Z,"[{'id': 5777444283, 'qualifierId': 140, 'value': '45.0'}, {'id': 5777444289, 'qualifierId': 213, 'value': '4.91'}, {'id': 5777444287, 'qualifierId': 212, 'value': '17.6'}, {'id': 5777444281, 'qualifierId': 56, 'value': 'Back'}, {'id': 5777444285, 'qualifierId': 141, 'value': '54.5'}]",1p3bwk03ay87hp2nwrl3tfxwq,K. Kurtz,,,North Carolina Courage,Home
2823767455,710,1,2,84,44,b4fbmos00gxtk8qnaqsm392p5,1,46.6,44.5,2025-06-22T01:20:40.334Z,2025-06-22T01:20:48Z,"[{'id': 5777444493, 'qualifierId': 56, 'value': 'Back'}, {'id': 5777444501, 'qualifierId': 213, 'value': '4.81'}, {'id': 5777444495, 'qualifierId': 140, 'value': '47.9'}, {'id': 5777444497, 'qualifierId': 141, 'value': '23.0'}, {'id': 5777444499, 'qualifierId': 212, 'value': '14.7'}]",cbco4ht0d7uk1thgam6vc0ep6,M. Bell,,,North Carolina Courage,Home
2823767461,711,1,2,84,53,b4fbmos00gxtk8qnaqsm392p5,0,73.2,15.2,2025-06-22T01:20:48.639Z,2025-06-24T16:01:55Z,"[{'id': 5779553207, 'qualifierId': 233, 'value': '626'}, {'id': 5779542897, 'qualifierId': 213, 'value': '6.07'}, {'id': 5779542921, 'qualifierId': 286}, {'id': 5779542895, 'qualifierId': 212, 'value': '1.3'}, {'id': 5779542891, 'qualifierId': 140, 'value': '74.4'}, {'id': 5777444533, 'qualifierId': 56, 'value': 'Right'}, {'id': 5779542893, 'qualifierId': 141, 'value': '14.8'}, {'id': 5779542919, 'qualifierId': 236}]",1x229gvjahkxp7w02bh0v36ga,R. Williams,,,North Carolina Courage,Home
2823767463,626,74,2,84,53,c3v2ohfuzoqmc8ljm65hi80sj,1,27.0,87.5,2025-06-22T01:20:48.640Z,2025-06-24T16:01:55Z,"[{'id': 5777444537, 'qualifierId': 56, 'value': 'Back'}, {'id': 5777444539, 'qualifierId': 285}, {'id': 5779553211, 'qualifierId': 233, 'value': '711'}]",97ia01cyibu1l7qs8qexd2n3e,K. van Zanten,,,Houston Dash,Away
2823767471,627,49,2,84,54,c3v2ohfuzoqmc8ljm65hi80sj,1,27.4,84.7,2025-06-22T01:20:49.610Z,2025-06-22T01:20:49Z,[],97ia01cyibu1l7qs8qexd2n3e,K. van Zanten,,,Houston Dash,Away
2823767529,628,1,2,84,54,c3v2ohfuzoqmc8ljm65hi80sj,1,29.9,84.7,2025-06-22T01:20:49.969Z,2025-06-22T01:21:00Z,"[{'id': 5777444907, 'qualifierId': 141, 'value': '88.4'}, {'id': 5777444911, 'qualifierId': 213, 'value': '0.06'}, {'id': 5777444909, 'qualifierId': 212, 'value': '39.1'}, {'id': 5777444905, 'qualifierId': 140, 'value': '67.1'}, {'id': 5777444913, 'qualifierId': 1}, {'id': 5777444903, 'qualifierId': 56, 'value': 'Left'}]",97ia01cyibu1l7qs8qexd2n3e,K. van Zanten,,,Houston Dash,Away
2823767547,629,1,2,85,5,c3v2ohfuzoqmc8ljm65hi80sj,1,85.7,88.0,2025-06-22T01:21:00.825Z,2025-06-22T01:21:04Z,"[{'id': 5777444993, 'qualifierId': 56, 'value': 'Center'}, {'id': 5777444999, 'qualifierId': 212, 'value': '13.1'}, {'id': 5777444997, 'qualifierId': 141, 'value': '75.3'}, {'id': 5777445001, 'qualifierId': 213, 'value': '3.86'}, {'id': 5777444995, 'qualifierId': 140, 'value': '76.3'}]",191uogxjdg4uo178qv1544jys,M. Bright,,,Houston Dash,Away
2823767553,630,3,2,85,8,c3v2ohfuzoqmc8ljm65hi80sj,0,79.8,77.4,2025-06-22T01:21:03.692Z,2025-06-24T15:35:37Z,"[{'id': 5779542979, 'qualifierId': 464}, {'id': 5777445015, 'qualifierId': 286}, {'id': 5777445025, 'qualifierId': 233, 'value': '712'}, {'id': 5777445013, 'qualifierId': 56, 'value': 'Center'}]",97ia01cyibu1l7qs8qexd2n3e,K. van Zanten,,,Houston Dash,Away
2823767549,712,7,2,85,8,b4fbmos00gxtk8qnaqsm392p5,0,20.2,22.6,2025-06-22T01:21:03.693Z,2025-06-24T15:35:41Z,"[{'id': 5779542999, 'qualifierId': 385}, {'id': 5777445007, 'qualifierId': 285}, {'id': 5777445005, 'qualifierId': 56, 'value': 'Back'}, {'id': 5777445017, 'qualifierId': 233, 'value': '630'}]",7fk82cjz0z5vq2ts3vmz8has5,D. O'Sullivan,,,North Carolina Courage,Home
2823767561,631,1,2,85,9,c3v2ohfuzoqmc8ljm65hi80sj,1,80.2,76.4,2025-06-22T01:21:05.433Z,2025-06-22T01:21:07Z,"[{'id': 5777445077, 'qualifierId': 213, 'value': '0.59'}, {'id': 5777445069, 'qualifierId': 56, 'value': 'Left'}, {'id': 5777445073, 'qualifierId': 141, 'value': '88.4'}, {'id': 5777445071, 'qualifierId': 140, 'value': '91.7'}, {'id': 5777445075, 'qualifierId': 212, 'value': '14.6'}]",97ia01cyibu1l7qs8qexd2n3e,K. van Zanten,,,Houston Dash,Away
2823767569,632,1,2,85,11,c3v2ohfuzoqmc8ljm65hi80sj,0,91.5,89.3,2025-06-22T01:21:07.401Z,2025-06-24T15:35:49Z,"[{'id': 5779543049, 'qualifierId': 72}, {'id': 5777445099, 'qualifierId': 56, 'value': 'Center'}, {'id': 5777445107, 'qualifierId': 213, 'value': '4.66'}, {'id': 5777445095, 'qualifierId': 2}, {'id': 5779543047, 'qualifierId': 224}, {'id': 5777445103, 'qualifierId': 141, 'value': '60.8'}, {'id': 5777445097, 'qualifierId': 155}, {'id': 5777445101, 'qualifierId': 140, 'value': '90.6'}, {'id': 5777445105, 'qualifierId': 212, 'value': '19.4'}]",191uogxjdg4uo178qv1544jys,M. Bright,,,Houston Dash,Away
2823767581,713,12,2,85,13,b4fbmos00gxtk8qnaqsm392p5,1,1.9,33.9,2025-06-22T01:21:09.397Z,2025-06-22T01:21:11Z,"[{'id': 5777445181, 'qualifierId': 212, 'value': '25.8'}, {'id': 5777445183, 'qualifierId': 213, 'value': '5.07'}, {'id': 5777445177, 'qualifierId': 140, 'value': '10.4'}, {'id': 5777445179, 'qualifierId': 141, 'value': '0.0'}, {'id': 5777445197, 'qualifierId': 167}, {'id': 5777445175, 'qualifierId': 56, 'value': 'Back'}]",1x229gvjahkxp7w02bh0v36ga,R. Williams,,,North Carolina Courage,Home
2823767597,633,5,2,85,15,c3v2ohfuzoqmc8ljm65hi80sj,1,89.6,101.6,2025-06-22T01:21:10.817Z,2025-06-22T01:54:20Z,"[{'id': 5777445265, 'qualifierId': 233, 'value': '714'}, {'id': 5777445253, 'qualifierId': 56, 'value': 'Left'}, {'id': 5777445255, 'qualifierId': 347}]",191uogxjdg4uo178qv1544jys,M. Bright,,,Houston Dash,Away
2823767583,714,5,2,85,15,b4fbmos00gxtk8qnaqsm392p5,0,10.4,-1.6,2025-06-22T01:21:10.817Z,2025-06-22T01:21:16Z,"[{'id': 5777445195, 'qualifierId': 347}, {'id': 5777445285, 'qualifierId': 233, 'value': '633'}, {'id': 5777445193, 'qualifierId': 56, 'value': 'Back'}]",1x229gvjahkxp7w02bh0v36ga,R. Williams,,,North Carolina Courage,Home
2823767601,634,1,2,85,20,c3v2ohfuzoqmc8ljm65hi80sj,1,89.6,100.0,2025-06-22T01:21:15.905Z,2025-06-24T15:36:12Z,"[{'id': 5777445307, 'qualifierId': 213, 'value': '5.14'}, {'id': 5777445299, 'qualifierId': 56, 'value': 'Left'}, {'id': 5777445297, 'qualifierId': 107}, {'id': 5777445305, 'qualifierId': 212, 'value': '14.8'}, {'id': 5777445301, 'qualifierId': 140, 'value': '95.4'}, {'id': 5777445303, 'qualifierId': 141, 'value': '81.7'}]",22rwy15pz3noi4av4wb3i0wh6,M. Graham,,,Houston Dash,Away
2823767603,635,1,2,85,22,c3v2ohfuzoqmc8ljm65hi80sj,1,94.8,81.5,2025-06-22T01:21:18.385Z,2025-06-24T15:36:20Z,"[{'id': 5779543187, 'qualifierId': 156}, {'id': 5777445317, 'qualifierId': 212, 'value': '8.8'}, {'id': 5777445313, 'qualifierId': 140, 'value': '90.9'}, {'id': 5777445319, 'qualifierId': 213, 'value': '2.05'}, {'id': 5777445315, 'qualifierId': 141, 'value': '93.0'}, {'id': 5777445311, 'qualifierId': 56, 'value': 'Left'}]",191uogxjdg4uo178qv1544jys,M. Bright,,,Houston Dash,Away
2823767609,636,1,2,85,23,c3v2ohfuzoqmc8ljm65hi80sj,1,90.3,95.4,2025-06-22T01:21:19.529Z,2025-06-22T01:21:21Z,"[{'id': 5777445357, 'qualifierId': 141, 'value': '87.7'}, {'id': 5777445361, 'qualifierId': 213, 'value': '4.07'}, {'id': 5777445355, 'qualifierId': 140, 'value': '86.6'}, {'id': 5777445359, 'qualifierId': 212, 'value': '6.5'}, {'id': 5777445353, 'qualifierId': 56, 'value': 'Left'}]",22rwy15pz3noi4av4wb3i0wh6,M. Graham,,,Houston Dash,Away
2823767625,637,1,2,85,25,c3v2ohfuzoqmc8ljm65hi80sj,1,78.9,88.3,2025-06-22T01:21:21.224Z,2025-06-22T01:21:23Z,"[{'id': 5777445427, 'qualifierId': 140, 'value': '70.3'}, {'id': 5777445429, 'qualifierId': 141, 'value': '69.4'}, {'id': 5777445425, 'qualifierId': 56, 'value': 'Center'}, {'id': 5777445433, 'qualifierId': 213, 'value': '4.10'}, {'id': 5777445431, 'qualifierId': 212, 'value': '15.7'}]",97ia01cyibu1l7qs8qexd2n3e,K. van Zanten,,,Houston Dash,Away
2823767653,638,1,2,85,28,c3v2ohfuzoqmc8ljm65hi80sj,1,70.0,69.3,2025-06-22T01:21:23.633Z,2025-06-22T01:21:30Z,"[{'id': 5777445595, 'qualifierId': 141, 'value': '43.7'}, {'id': 5777445591, 'qualifierId': 56, 'value': 'Center'}, {'id': 5777445597, 'qualifierId': 212, 'value': '17.5'}, {'id': 5777445599, 'qualifierId': 213, 'value': '4.60'}, {'id': 5777445593, 'qualifierId': 140, 'value': '68.1'}]",1xgse8t4dm0decmpzebsphvfu,Y. Ryan,,,Houston Dash,Away
2823767655,639,4,2,85,33,c3v2ohfuzoqmc8ljm65hi80sj,1,69.4,41.3,2025-06-22T01:21:28.724Z,2025-07-01T16:26:48Z,"[{'id': 5777445603, 'qualifierId': 13}, {'id': 5785767319, 'qualifierId': 295}, {'id': 5777445605, 'qualifierId': 56, 'value': 'Center'}, {'id': 5777445611, 'qualifierId': 286}, {'id': 5777445711, 'qualifierId': 233, 'value': '715'}, {'id': 5777445607, 'qualifierId': 152}]",8co65x7tuvynuqvket8okb7xl,N. Jacobs,,,Houston Dash,Away
2823767649,715,4,2,85,33,b4fbmos00gxtk8qnaqsm392p5,0,30.6,58.7,2025-06-22T01:21:28.725Z,2025-07-01T16:26:51Z,"[{'id': 5777445703, 'qualifierId': 56, 'value': 'Back'}, {'id': 5777445715, 'qualifierId': 233, 'value': '639'}, {'id': 5777445709, 'qualifierId': 285}, {'id': 5777445705, 'qualifierId': 152}, {'id': 5777445701, 'qualifierId': 13}, {'id': 5785767321, 'qualifierId': 295}]",90bm7jsl7sjqiel7u2tv0vgq2,M. Matsukubo,,,North Carolina Courage,Home
2823767797,642,1,2,86,2,c3v2ohfuzoqmc8ljm65hi80sj,0,69.6,42.2,2025-06-22T01:21:57.760Z,2025-06-22T01:22:16Z,"[{'id': 5777446495, 'qualifierId': 212, 'value': '30.5'}, {'id': 5777446483, 'qualifierId': 5}, {'id': 5777446491, 'qualifierId': 140, 'value': '95.9'}, {'id': 5777446485, 'qualifierId': 155}, {'id': 5777446493, 'qualifierId': 141, 'value': '61.1'}, {'id': 5777446489, 'qualifierId': 56, 'value': 'Center'}, {'id': 5777446497, 'qualifierId': 213, 'value': '0.44'}, {'id': 5777446487, 'qualifierId': 152}]",1xgse8t4dm0decmpzebsphvfu,Y. Ryan,,,Houston Dash,Away
2823767781,716,44,2,86,4,b4fbmos00gxtk8qnaqsm392p5,1,4.2,42.6,2025-06-22T01:22:00.149Z,2025-06-22T01:45:36Z,"[{'id': 5777446705, 'qualifierId': 233, 'value': '644'}, {'id': 5777446399, 'qualifierId': 285}, {'id': 5777446397, 'qualifierId': 56, 'value': 'Back'}]",1p3bwk03ay87hp2nwrl3tfxwq,K. Kurtz,,,North Carolina Courage,Home
2823767829,644,44,2,86,4,c3v2ohfuzoqmc8ljm65hi80sj,0,95.8,57.4,2025-06-22T01:22:00.150Z,2025-06-22T01:45:36Z,"[{'id': 5777446687, 'qualifierId': 286}, {'id': 5777446731, 'qualifierId': 233, 'value': '716'}, {'id': 5777446685, 'qualifierId': 56, 'value': 'Center'}]",22rwy15pz3noi4av4wb3i0wh6,M. Graham,,,Houston Dash,Away
2823767785,717,12,2,86,4,b4fbmos00gxtk8qnaqsm392p5,1,3.1,42.7,2025-06-22T01:22:00.574Z,2025-06-22T01:22:02Z,"[{'id': 5777446423, 'qualifierId': 15}, {'id': 5777446417, 'qualifierId': 141, 'value': '34.3'}, {'id': 5777446429, 'qualifierId': 167}, {'id': 5777446421, 'qualifierId': 213, 'value': '4.03'}, {'id': 5777446413, 'qualifierId': 56, 'value': 'Back'}, {'id': 5777446419, 'qualifierId': 212, 'value': '7.3'}, {'id': 5777446415, 'qualifierId': 140, 'value': '0.0'}]",1p3bwk03ay87hp2nwrl3tfxwq,K. Kurtz,,,North Carolina Courage,Home
2823767799,643,6,2,86,5,c3v2ohfuzoqmc8ljm65hi80sj,1,99.2,63.8,2025-06-22T01:22:01.446Z,2025-06-22T01:36:00Z,"[{'id': 5777446601, 'qualifierId': 56, 'value': 'Center'}, {'id': 5777446633, 'qualifierId': 233, 'value': '718'}, {'id': 5777446603, 'qualifierId': 73}]",1xgse8t4dm0decmpzebsphvfu,Y. Ryan,,,Houston Dash,Away
2823767789,718,6,2,86,5,b4fbmos00gxtk8qnaqsm392p5,0,0.8,36.2,2025-06-22T01:22:01.446Z,2025-06-24T15:37:14Z,"[{'id': 5777446655, 'qualifierId': 233, 'value': '643'}, {'id': 5777446459, 'qualifierId': 56, 'value': 'Back'}, {'id': 5777446461, 'qualifierId': 73}]",1p3bwk03ay87hp2nwrl3tfxwq,K. Kurtz,,,North Carolina Courage,Home
2823767887,645,1,2,86,27,c3v2ohfuzoqmc8ljm65hi80sj,0,99.5,99.3,2025-06-22T01:22:23.273Z,2025-06-24T15:37:16Z,"[{'id': 5777446999, 'qualifierId': 140, 'value': '92.8'}, {'id': 5777446995, 'qualifierId': 223}, {'id': 5777446991, 'qualifierId': 6}, {'id': 5777446989, 'qualifierId': 2}, {'id': 5777446993, 'qualifierId': 155}, {'id': 5777447005, 'qualifierId': 213, 'value': '4.46'}, {'id': 5777447001, 'qualifierId': 141, 'value': '58.5'}, {'id': 5777446997, 'qualifierId': 56, 'value': 'Center'}, {'id': 5779543467, 'qualifierId': 20}, {'id': 5777447003, 'qualifierId': 212, 'value': '28.6'}]",95tl8tonvm6czhwzd6i5ep756,B. Olivieri,,,Houston Dash,Away
2823767907,719,12,2,86,32,b4fbmos00gxtk8qnaqsm392p5,1,3.1,41.9,2025-06-22T01:22:28.134Z,2025-06-22T01:22:29Z,"[{'id': 5777447099, 'qualifierId': 140, 'value': '2.2'}, {'id': 5777447097, 'qualifierId': 56, 'value': 'Back'}, {'id': 5777447111, 'qualifierId': 15}, {'id': 5777447105, 'qualifierId': 213, 'value': '1.61'}, {'id': 5777447101, 'qualifierId': 141, 'value': '74.1'}, {'id': 5777447103, 'qualifierId': 212, 'value': '21.9'}]",cwerr3zz6pqzzzqso9dx69fjd,A. Sanchez,,,North Carolina Courage,Home
2823767919,720,12,2,86,35,b4fbmos00gxtk8qnaqsm392p5,1,2.7,77.3,2025-06-22T01:22:31.021Z,2025-06-22T01:22:32Z,"[{'id': 5777447187, 'qualifierId': 141, 'value': '100.0'}, {'id': 5777447201, 'qualifierId': 167}, {'id': 5777447189, 'qualifierId': 212, 'value': '31.4'}, {'id': 5777447185, 'qualifierId': 140, 'value': '28.0'}, {'id': 5777447183, 'qualifierId': 56, 'value': 'Back'}, {'id': 5777447191, 'qualifierId': 213, 'value': '0.56'}]",cbco4ht0d7uk1thgam6vc0ep6,M. Bell,,,North Carolina Courage,Home
2823768043,646,5,2,86,36,c3v2ohfuzoqmc8ljm65hi80sj,1,66.2,-1.8,2025-06-22T01:22:32.174Z,2025-06-22T01:54:20Z,"[{'id': 5777447819, 'qualifierId': 233, 'value': '721'}, {'id': 5777447815, 'qualifierId': 347}, {'id': 5777447813, 'qualifierId': 56, 'value': 'Right'}]",1xgse8t4dm0decmpzebsphvfu,Y. Ryan,,,Houston Dash,Away
2823767923,721,5,2,86,36,b4fbmos00gxtk8qnaqsm392p5,0,33.8,101.8,2025-06-22T01:22:32.174Z,2025-06-22T01:54:21Z,"[{'id': 5777447199, 'qualifierId': 347}, {'id': 5777447197, 'qualifierId': 56, 'value': 'Back'}, {'id': 5777447823, 'qualifierId': 233, 'value': '646'}]",cbco4ht0d7uk1thgam6vc0ep6,M. Bell,,,North Carolina Courage,Home
2823768061,647,1,2,86,45,c3v2ohfuzoqmc8ljm65hi80sj,1,60.4,0.0,2025-06-22T01:22:40.585Z,2025-07-01T16:28:53Z,"[{'id': 5777447921, 'qualifierId': 212, 'value': '19.7'}, {'id': 5777447917, 'qualifierId': 140, 'value': '42.9'}, {'id': 5777447923, 'qualifierId': 213, 'value': '2.77'}, {'id': 5777447915, 'qualifierId': 56, 'value': 'Back'}, {'id': 5777447919, 'qualifierId': 141, 'value': '8.5'}, {'id': 5777447913, 'qualifierId': 107}]",97ia01cyibu1l7qs8qexd2n3e,K. van Zanten,,,Houston Dash,Away
2823768069,648,1,2,86,51,c3v2ohfuzoqmc8ljm65hi80sj,1,37.8,27.3,2025-06-22T01:22:47.432Z,2025-07-01T16:29:37Z,"[{'id': 5777447961, 'qualifierId': 212, 'value': '23.1'}, {'id': 5777447955, 'qualifierId': 56, 'value': 'Back'}, {'id': 5777447957, 'qualifierId': 140, 'value': '21.6'}, {'id': 5777447963, 'qualifierId': 213, 'value': '2.40'}, {'id': 5777447959, 'qualifierId': 141, 'value': '50.3'}]",1xgse8t4dm0decmpzebsphvfu,Y. Ryan,,,Houston Dash,Away
2823768077,649,1,2,86,54,c3v2ohfuzoqmc8ljm65hi80sj,1,23.5,51.1,2025-06-22T01:22:50.176Z,2025-07-01T16:30:04Z,"[{'id': 5777448015, 'qualifierId': 141, 'value': '70.3'}, {'id': 5777448011, 'qualifierId': 56, 'value': 'Back'}, {'id': 5777448019, 'qualifierId': 213, 'value': '0.55'}, {'id': 5777448013, 'qualifierId': 140, 'value': '43.6'}, {'id': 5777448017, 'qualifierId': 212, 'value': '24.8'}]",53uflfknc5uus7iqw3obp5fx1,J. Campbell,,,Houston Dash,Away
2824140665,801,1,2,86,59,c3v2ohfuzoqmc8ljm65hi80sj,1,52.3,76.3,2025-06-22T01:22:55.470Z,2025-07-01T16:30:14Z,"[{'id': 5779543973, 'qualifierId': 56, 'value': 'Left'}, {'id': 5779543979, 'qualifierId': 212, 'value': '22.6'}, {'id': 5779543975, 'qualifierId': 140, 'value': '69.5'}, {'id': 5779543981, 'qualifierId': 213, 'value': '0.65'}, {'id': 5779543977, 'qualifierId': 141, 'value': '96.3'}]",8ruvr2jnsfdub02rdh8q88s89,P. Nielsen,,,Houston Dash,Away
2823768081,650,1,2,87,5,c3v2ohfuzoqmc8ljm65hi80sj,0,59.5,73.8,2025-06-22T01:23:00.977Z,2025-07-01T16:30:26Z,"[{'id': 5777448045, 'qualifierId': 212, 'value': '28.0'}, {'id': 5777448041, 'qualifierId': 140, 'value': '74.4'}, {'id': 5777448047, 'qualifierId': 213, 'value': '5.31'}, {'id': 5777448037, 'qualifierId': 155}, {'id': 5777448039, 'qualifierId': 56, 'value': 'Center'}, {'id': 5777448043, 'qualifierId': 141, 'value': '39.7'}]",95tl8tonvm6czhwzd6i5ep756,B. Olivieri,,,Houston Dash,Away
2824140727,852,49,2,87,10,b4fbmos00gxtk8qnaqsm392p5,1,23.5,74.3,2025-06-22T01:23:05.920Z,2025-06-24T15:40:57Z,[],cbofbntctfuhr1vqpn7eywt05,F. Rauch,,,North Carolina Courage,Home
2824140739,853,1,2,87,11,b4fbmos00gxtk8qnaqsm392p5,1,20.7,68.3,2025-06-22T01:23:06.920Z,2025-06-24T15:41:05Z,"[{'id': 5779544407, 'qualifierId': 56, 'value': 'Back'}, {'id': 5779544411, 'qualifierId': 141, 'value': '68.6'}, {'id': 5779544409, 'qualifierId': 140, 'value': '31.7'}, {'id': 5779544415, 'qualifierId': 213, 'value': '0.02'}, {'id': 5779544413, 'qualifierId': 212, 'value': '11.6'}]",cbofbntctfuhr1vqpn7eywt05,F. Rauch,,,North Carolina Courage,Home
2824140763,854,1,2,87,12,b4fbmos00gxtk8qnaqsm392p5,1,32.5,65.4,2025-06-22T01:23:07.668Z,2025-06-24T15:41:18Z,"[{'id': 5779544543, 'qualifierId': 212, 'value': '10.9'}, {'id': 5779544537, 'qualifierId': 56, 'value': 'Back'}, {'id': 5779544539, 'qualifierId': 140, 'value': '24.3'}, {'id': 5779544541, 'qualifierId': 141, 'value': '55.6'}, {'id': 5779544545, 'qualifierId': 213, 'value': '3.80'}]",4k83z2cdvn2kwb72kh8e8qfsa,J. Shaw,,,North Carolina Courage,Home
2823768101,722,1,2,87,13,b4fbmos00gxtk8qnaqsm392p5,1,35.1,44.0,2025-06-22T01:23:08.924Z,2025-06-24T15:41:24Z,"[{'id': 5777448153, 'qualifierId': 141, 'value': '48.1'}, {'id': 5777448151, 'qualifierId': 140, 'value': '22.3'}, {'id': 5777448155, 'qualifierId': 212, 'value': '13.7'}, {'id': 5777448149, 'qualifierId': 56, 'value': 'Back'}, {'id': 5777448157, 'qualifierId': 213, 'value': '2.94'}]",54ieoaegysojsey2jmqtr9ucp,B. Pinto,,,North Carolina Courage,Home
2823768121,723,1,2,87,14,b4fbmos00gxtk8qnaqsm392p5,1,22.3,48.1,2025-06-22T01:23:09.861Z,2025-06-22T01:23:11Z,"[{'id': 5777448253, 'qualifierId': 56, 'value': 'Back'}, {'id': 5777448255, 'qualifierId': 140, 'value': '29.1'}, {'id': 5777448259, 'qualifierId': 212, 'value': '17.4'}, {'id': 5777448261, 'qualifierId': 213, 'value': '1.15'}, {'id': 5777448257, 'qualifierId': 141, 'value': '71.4'}]",1p3bwk03ay87hp2nwrl3tfxwq,K. Kurtz,,,North Carolina Courage,Home
2823768137,724,1,2,87,16,b4fbmos00gxtk8qnaqsm392p5,1,28.8,69.7,2025-06-22T01:23:11.588Z,2025-06-22T01:23:13Z,"[{'id': 5777448317, 'qualifierId': 141, 'value': '49.7'}, {'id': 5777448325, 'qualifierId': 213, 'value': '4.87'}, {'id': 5777448321, 'qualifierId': 212, 'value': '13.8'}, {'id': 5777448309, 'qualifierId': 56, 'value': 'Back'}, {'id': 5777448313, 'qualifierId': 140, 'value': '30.8'}]",cbofbntctfuhr1vqpn7eywt05,F. Rauch,,,North Carolina Courage,Home
2823768131,651,43,2,87,16,c3v2ohfuzoqmc8ljm65hi80sj,1,0.0,0.0,2025-06-22T01:23:12.440Z,2025-06-24T15:41:29Z,"[{'id': 5777448353, 'qualifierId': 399, 'value': '54ieoaegysojsey2jmqtr9ucp'}, {'id': 5779544559, 'qualifierId': 144, 'value': '83'}]",191uogxjdg4uo178qv1544jys,M. Bright,,,Houston Dash,Away
2823768141,725,1,2,87,17,b4fbmos00gxtk8qnaqsm392p5,1,30.8,49.7,2025-06-22T01:23:13.308Z,2025-06-22T01:23:18Z,"[{'id': 5777448345, 'qualifierId': 213, 'value': '3.98'}, {'id': 5777448341, 'qualifierId': 141, 'value': '34.5'}, {'id': 5777448339, 'qualifierId': 140, 'value': '21.9'}, {'id': 5777448337, 'qualifierId': 56, 'value': 'Back'}, {'id': 5777448343, 'qualifierId': 212, 'value': '13.9'}]",54ieoaegysojsey2jmqtr9ucp,B. Pinto,,,North Carolina Courage,Home
2823768171,726,1,2,87,21,b4fbmos00gxtk8qnaqsm392p5,0,21.9,34.5,2025-06-22T01:23:17.502Z,2025-06-24T15:41:33Z,"[{'id': 5777448537, 'qualifierId': 212, 'value': '29.5'}, {'id': 5777448539, 'qualifierId': 213, 'value': '5.31'}, {'id': 5777448531, 'qualifierId': 56, 'value': 'Back'}, {'id': 5777448535, 'qualifierId': 141, 'value': '0.0'}, {'id': 5779544561, 'qualifierId': 155}, {'id': 5777448533, 'qualifierId': 140, 'value': '37.7'}]",cbco4ht0d7uk1thgam6vc0ep6,M. Bell,,,North Carolina Courage,Home
2823768211,652,5,2,87,22,c3v2ohfuzoqmc8ljm65hi80sj,1,60.6,101.4,2025-06-22T01:23:18.137Z,2025-06-22T01:54:21Z,"[{'id': 5777448773, 'qualifierId': 347}, {'id': 5777448775, 'qualifierId': 233, 'value': '727'}, {'id': 5777448771, 'qualifierId': 56, 'value': 'Left'}]",191uogxjdg4uo178qv1544jys,M. Bright,,,Houston Dash,Away
2823768175,727,5,2,87,22,b4fbmos00gxtk8qnaqsm392p5,0,39.4,-1.4,2025-06-22T01:23:18.137Z,2025-06-22T01:54:21Z,"[{'id': 5777448557, 'qualifierId': 347}, {'id': 5777448797, 'qualifierId': 233, 'value': '652'}, {'id': 5777448555, 'qualifierId': 56, 'value': 'Back'}]",cbco4ht0d7uk1thgam6vc0ep6,M. Bell,,,North Carolina Courage,Home
2823768249,653,1,2,87,30,c3v2ohfuzoqmc8ljm65hi80sj,1,57.2,100.0,2025-06-22T01:23:25.873Z,2025-07-01T16:31:31Z,"[{'id': 5777448959, 'qualifierId': 141, 'value': '85.3'}, {'id': 5777448955, 'qualifierId': 56, 'value': 'Left'}, {'id': 5777448953, 'qualifierId': 107}, {'id': 5777448957, 'qualifierId': 140, 'value': '62.2'}, {'id': 5777448963, 'qualifierId': 213, 'value': '5.16'}, {'id': 5777448961, 'qualifierId': 212, 'value': '12.1'}]",edwr7f7jwnxm1plk91fx8hfro,M. Alozie,,,Houston Dash,Away
2823768257,654,1,2,87,32,c3v2ohfuzoqmc8ljm65hi80sj,1,63.9,88.3,2025-06-22T01:23:28.256Z,2025-07-01T16:31:32Z,"[{'id': 5777449019, 'qualifierId': 141, 'value': '96.3'}, {'id': 5777449015, 'qualifierId': 56, 'value': 'Left'}, {'id': 5777449023, 'qualifierId': 213, 'value': '2.14'}, {'id': 5777449017, 'qualifierId': 140, 'value': '60.6'}, {'id': 5777449021, 'qualifierId': 212, 'value': '6.4'}]",95tl8tonvm6czhwzd6i5ep756,B. Olivieri,,,Houston Dash,Away
2823768263,655,1,2,87,33,c3v2ohfuzoqmc8ljm65hi80sj,0,60.8,98.7,2025-06-22T01:23:29.393Z,2025-07-01T16:31:37Z,"[{'id': 5777449053, 'qualifierId': 140, 'value': '64.3'}, {'id': 5777449055, 'qualifierId': 141, 'value': '95.4'}, {'id': 5777487665, 'qualifierId': 236}, {'id': 5777449051, 'qualifierId': 56, 'value': 'Left'}, {'id': 5777449059, 'qualifierId': 213, 'value': '5.73'}, {'id': 5777487671, 'qualifierId': 286}, {'id': 5777487667, 'qualifierId': 233, 'value': '827'}, {'id': 5777449057, 'qualifierId': 212, 'value': '4.3'}]",edwr7f7jwnxm1plk91fx8hfro,M. Alozie,,,Houston Dash,Away
2823774963,827,74,2,87,33,b4fbmos00gxtk8qnaqsm392p5,1,38.3,4.1,2025-06-22T01:23:29.394Z,2025-07-01T16:31:38Z,"[{'id': 5777487661, 'qualifierId': 56, 'value': 'Back'}, {'id': 5777487663, 'qualifierId': 285}, {'id': 5777487673, 'qualifierId': 233, 'value': '655'}]",7fk82cjz0z5vq2ts3vmz8has5,D. O'Sullivan,,,North Carolina Courage,Home
2823768269,656,5,2,87,34,c3v2ohfuzoqmc8ljm65hi80sj,1,60.8,101.8,2025-06-22T01:23:29.582Z,2025-07-01T16:31:39Z,"[{'id': 5777449091, 'qualifierId': 56, 'value': 'Left'}, {'id': 5777487801, 'qualifierId': 233, 'value': '828'}, {'id': 5777449093, 'qualifierId': 347}]",edwr7f7jwnxm1plk91fx8hfro,M. Alozie,,,Houston Dash,Away
2823774985,828,5,2,87,34,b4fbmos00gxtk8qnaqsm392p5,0,39.2,-1.8,2025-06-22T01:23:29.582Z,2025-07-01T16:31:41Z,"[{'id': 5777487797, 'qualifierId': 56, 'value': 'Back'}, {'id': 5777487799, 'qualifierId': 347}, {'id': 5777487805, 'qualifierId': 233, 'value': '656'}]",7fk82cjz0z5vq2ts3vmz8has5,D. O'Sullivan,,,North Carolina Courage,Home
2823768283,657,1,2,87,36,c3v2ohfuzoqmc8ljm65hi80sj,1,66.0,100.0,2025-06-22T01:23:32.104Z,2025-07-01T16:31:53Z,"[{'id': 5777449141, 'qualifierId': 140, 'value': '80.9'}, {'id': 5777449145, 'qualifierId': 212, 'value': '17.6'}, {'id': 5777449143, 'qualifierId': 141, 'value': '88.9'}, {'id': 5777449137, 'qualifierId': 107}, {'id': 5777449147, 'qualifierId': 213, 'value': '5.81'}, {'id': 5777449139, 'qualifierId': 56, 'value': 'Left'}]",edwr7f7jwnxm1plk91fx8hfro,M. Alozie,,,Houston Dash,Away
2824140819,802,61,2,87,38,c3v2ohfuzoqmc8ljm65hi80sj,1,77.9,80.4,2025-06-22T01:23:34.168Z,2025-07-01T16:32:11Z,"[{'id': 5779544871, 'qualifierId': 56, 'value': 'Left'}]",191uogxjdg4uo178qv1544jys,M. Bright,,,Houston Dash,Away
2823768287,658,1,2,87,43,c3v2ohfuzoqmc8ljm65hi80sj,1,70.1,83.6,2025-06-22T01:23:39.184Z,2025-06-22T01:23:40Z,"[{'id': 5777449161, 'qualifierId': 212, 'value': '15.2'}, {'id': 5777449157, 'qualifierId': 140, 'value': '56.7'}, {'id': 5777449163, 'qualifierId': 213, 'value': '3.54'}, {'id': 5777449159, 'qualifierId': 141, 'value': '75.0'}, {'id': 5777449155, 'qualifierId': 56, 'value': 'Center'}]",97ia01cyibu1l7qs8qexd2n3e,K. van Zanten,,,Houston Dash,Away
2823768297,659,1,2,87,44,c3v2ohfuzoqmc8ljm65hi80sj,1,56.3,74.8,2025-06-22T01:23:40.305Z,2025-06-22T01:23:42Z,"[{'id': 5777449233, 'qualifierId': 56, 'value': 'Left'}, {'id': 5777449241, 'qualifierId': 213, 'value': '0.65'}, {'id': 5777449235, 'qualifierId': 140, 'value': '66.8'}, {'id': 5777449239, 'qualifierId': 212, 'value': '13.8'}, {'id': 5777449237, 'qualifierId': 141, 'value': '87.1'}]",cgfk0e62cesbgieslfge2p61h,S. Schmidt,,,Houston Dash,Away
2823768307,660,1,2,87,47,c3v2ohfuzoqmc8ljm65hi80sj,1,65.1,85.4,2025-06-22T01:23:42.656Z,2025-06-22T01:23:46Z,"[{'id': 5777449283, 'qualifierId': 140, 'value': '57.4'}, {'id': 5777449287, 'qualifierId': 212, 'value': '14.1'}, {'id': 5777449289, 'qualifierId': 213, 'value': '4.10'}, {'id': 5777449285, 'qualifierId': 141, 'value': '68.4'}, {'id': 5777449281, 'qualifierId': 56, 'value': 'Center'}]",95tl8tonvm6czhwzd6i5ep756,B. Olivieri,,,Houston Dash,Away
2823768327,661,1,2,87,50,c3v2ohfuzoqmc8ljm65hi80sj,1,57.8,64.5,2025-06-22T01:23:45.940Z,2025-06-24T15:43:44Z,"[{'id': 5777449413, 'qualifierId': 213, 'value': '4.52'}, {'id': 5777449405, 'qualifierId': 56, 'value': 'Center'}, {'id': 5777449409, 'qualifierId': 141, 'value': '44.0'}, {'id': 5777449411, 'qualifierId': 212, 'value': '14.2'}, {'id': 5777449407, 'qualifierId': 140, 'value': '55.2'}]",cgfk0e62cesbgieslfge2p61h,S. Schmidt,,,Houston Dash,Away
2823768329,662,50,2,87,53,c3v2ohfuzoqmc8ljm65hi80sj,1,59.3,36.6,2025-06-22T01:23:49.225Z,2025-06-22T01:43:39Z,"[{'id': 5777449417, 'qualifierId': 56, 'value': 'Center'}, {'id': 5777449419, 'qualifierId': 286}, {'id': 5777449571, 'qualifierId': 233, 'value': '728'}]",8co65x7tuvynuqvket8okb7xl,N. Jacobs,,,Houston Dash,Away
2823768345,728,7,2,87,53,b4fbmos00gxtk8qnaqsm392p5,1,40.7,63.4,2025-06-22T01:23:49.226Z,2025-06-24T15:43:55Z,"[{'id': 5779545509, 'qualifierId': 383}, {'id': 5777449567, 'qualifierId': 233, 'value': '662'}, {'id': 5777449535, 'qualifierId': 56, 'value': 'Back'}, {'id': 5777449537, 'qualifierId': 285}]",90bm7jsl7sjqiel7u2tv0vgq2,M. Matsukubo,,,North Carolina Courage,Home
2823768347,729,4,2,87,55,b4fbmos00gxtk8qnaqsm392p5,1,36.2,66.6,2025-06-22T01:23:51.552Z,2025-06-22T01:35:54Z,"[{'id': 5777449579, 'qualifierId': 295}, {'id': 5777449597, 'qualifierId': 233, 'value': '663'}, {'id': 5777449583, 'qualifierId': 152}, {'id': 5777449577, 'qualifierId': 13}, {'id': 5777449585, 'qualifierId': 286}, {'id': 5777449581, 'qualifierId': 56, 'value': 'Back'}]",90bm7jsl7sjqiel7u2tv0vgq2,M. Matsukubo,,,North Carolina Courage,Home
2823768341,663,4,2,87,55,c3v2ohfuzoqmc8ljm65hi80sj,0,63.8,33.4,2025-06-22T01:23:51.553Z,2025-06-22T01:35:54Z,"[{'id': 5777449603, 'qualifierId': 233, 'value': '729'}, {'id': 5777449591, 'qualifierId': 56, 'value': 'Center'}, {'id': 5777449595, 'qualifierId': 285}, {'id': 5777449589, 'qualifierId': 295}, {'id': 5777449587, 'qualifierId': 13}, {'id': 5777449593, 'qualifierId': 152}]",8co65x7tuvynuqvket8okb7xl,N. Jacobs,,,Houston Dash,Away
2823768445,730,1,2,88,22,b4fbmos00gxtk8qnaqsm392p5,1,34.8,70.0,2025-06-22T01:24:18.052Z,2025-06-24T15:44:09Z,"[{'id': 5777450173, 'qualifierId': 152}, {'id': 5779545681, 'qualifierId': 189}, {'id': 5777450179, 'qualifierId': 141, 'value': '43.4'}, {'id': 5777450175, 'qualifierId': 56, 'value': 'Back'}, {'id': 5777450171, 'qualifierId': 5}, {'id': 5777450181, 'qualifierId': 212, 'value': '18.1'}, {'id': 5777450177, 'qualifierId': 140, 'value': '33.4'}, {'id': 5777450183, 'qualifierId': 213, 'value': '4.63'}]",1p3bwk03ay87hp2nwrl3tfxwq,K. Kurtz,,,North Carolina Courage,Home
2823768461,731,1,2,88,23,b4fbmos00gxtk8qnaqsm392p5,1,34.0,35.4,2025-06-22T01:24:19.012Z,2025-06-22T01:24:21Z,"[{'id': 5777450253, 'qualifierId': 56, 'value': 'Back'}, {'id': 5777450255, 'qualifierId': 140, 'value': '41.9'}, {'id': 5777450259, 'qualifierId': 212, 'value': '23.2'}, {'id': 5777450261, 'qualifierId': 213, 'value': '5.08'}, {'id': 5777450257, 'qualifierId': 141, 'value': '3.5'}]",cbco4ht0d7uk1thgam6vc0ep6,M. Bell,,,North Carolina Courage,Home
2823768465,732,1,2,88,25,b4fbmos00gxtk8qnaqsm392p5,0,41.9,3.5,2025-06-22T01:24:21.540Z,2025-06-22T01:24:22Z,"[{'id': 5777450273, 'qualifierId': 140, 'value': '61.7'}, {'id': 5777450275, 'qualifierId': 141, 'value': '4.7'}, {'id': 5777450271, 'qualifierId': 56, 'value': 'Right'}, {'id': 5777450279, 'qualifierId': 213, 'value': '0.04'}, {'id': 5777450277, 'qualifierId': 212, 'value': '20.8'}]",1x229gvjahkxp7w02bh0v36ga,R. Williams,,,North Carolina Courage,Home
2823768463,664,8,2,88,26,c3v2ohfuzoqmc8ljm65hi80sj,1,39.0,97.4,2025-06-22T01:24:21.801Z,2025-06-24T15:44:14Z,"[{'id': 5779545749, 'qualifierId': 385}, {'id': 5777450265, 'qualifierId': 56, 'value': 'Back'}]",97ia01cyibu1l7qs8qexd2n3e,K. van Zanten,,,Houston Dash,Away
2823768467,665,5,2,88,27,c3v2ohfuzoqmc8ljm65hi80sj,0,38.6,102.0,2025-06-22T01:24:22.776Z,2025-06-22T01:24:26Z,"[{'id': 5777450369, 'qualifierId': 233, 'value': '733'}, {'id': 5777450305, 'qualifierId': 347}, {'id': 5777450303, 'qualifierId': 56, 'value': 'Back'}]",97ia01cyibu1l7qs8qexd2n3e,K. van Zanten,,,Houston Dash,Away
2823768473,733,5,2,88,27,b4fbmos00gxtk8qnaqsm392p5,1,61.4,-2.0,2025-06-22T01:24:22.776Z,2025-06-22T01:54:22Z,"[{'id': 5777450335, 'qualifierId': 56, 'value': 'Right'}, {'id': 5777450351, 'qualifierId': 233, 'value': '665'}, {'id': 5777450337, 'qualifierId': 347}]",1x229gvjahkxp7w02bh0v36ga,R. Williams,,,North Carolina Courage,Home
2823768555,734,1,2,88,41,b4fbmos00gxtk8qnaqsm392p5,1,60.5,0.0,2025-06-22T01:24:37.388Z,2025-06-24T15:44:43Z,"[{'id': 5777450699, 'qualifierId': 141, 'value': '5.2'}, {'id': 5777450697, 'qualifierId': 140, 'value': '71.3'}, {'id': 5777450695, 'qualifierId': 56, 'value': 'Right'}, {'id': 5777450701, 'qualifierId': 212, 'value': '12.3'}, {'id': 5777450693, 'qualifierId': 107}, {'id': 5777450703, 'qualifierId': 213, 'value': '0.40'}]",1x229gvjahkxp7w02bh0v36ga,R. Williams,,,North Carolina Courage,Home
2823768547,666,83,2,88,44,c3v2ohfuzoqmc8ljm65hi80sj,0,30.5,96.2,2025-06-22T01:24:40.241Z,2025-06-22T01:24:42Z,"[{'id': 5777450759, 'qualifierId': 399, 'value': '4k83z2cdvn2kwb72kh8e8qfsa'}]",97ia01cyibu1l7qs8qexd2n3e,K. van Zanten,,,Houston Dash,Away
2823768559,735,61,2,88,45,b4fbmos00gxtk8qnaqsm392p5,0,69.8,2.3,2025-06-22T01:24:41.356Z,2025-06-22T01:24:41Z,"[{'id': 5777450715, 'qualifierId': 56, 'value': 'Right'}]",4k83z2cdvn2kwb72kh8e8qfsa,J. Shaw,,,North Carolina Courage,Home
2823768589,667,1,2,88,47,c3v2ohfuzoqmc8ljm65hi80sj,0,32.1,95.9,2025-06-22T01:24:43.045Z,2025-06-22T01:25:00Z,"[{'id': 5777450879, 'qualifierId': 140, 'value': '34.9'}, {'id': 5777450907, 'qualifierId': 233, 'value': '736'}, {'id': 5777450883, 'qualifierId': 212, 'value': '2.9'}, {'id': 5777450877, 'qualifierId': 56, 'value': 'Back'}, {'id': 5777450905, 'qualifierId': 236}, {'id': 5777450911, 'qualifierId': 286}, {'id': 5777450885, 'qualifierId': 213, 'value': '6.21'}, {'id': 5777450881, 'qualifierId': 141, 'value': '95.6'}]",1xgse8t4dm0decmpzebsphvfu,Y. Ryan,,,Houston Dash,Away
2823768569,736,74,2,88,47,b4fbmos00gxtk8qnaqsm392p5,1,67.1,2.9,2025-06-22T01:24:43.046Z,2025-06-22T01:24:45Z,"[{'id': 5777450797, 'qualifierId': 285}, {'id': 5777450795, 'qualifierId': 56, 'value': 'Right'}, {'id': 5777450919, 'qualifierId': 233, 'value': '667'}]",1x229gvjahkxp7w02bh0v36ga,R. Williams,,,North Carolina Courage,Home
2823768615,668,5,2,88,48,c3v2ohfuzoqmc8ljm65hi80sj,1,32.6,101.5,2025-06-22T01:24:43.612Z,2025-06-22T01:54:22Z,"[{'id': 5777451035, 'qualifierId': 233, 'value': '737'}, {'id': 5777451013, 'qualifierId': 56, 'value': 'Back'}, {'id': 5777451015, 'qualifierId': 347}]",191uogxjdg4uo178qv1544jys,M. Bright,,,Houston Dash,Away
2823768573,737,5,2,88,48,b4fbmos00gxtk8qnaqsm392p5,0,67.4,-1.5,2025-06-22T01:24:43.612Z,2025-06-22T01:54:22Z,"[{'id': 5777451059, 'qualifierId': 233, 'value': '668'}, {'id': 5777450801, 'qualifierId': 56, 'value': 'Right'}, {'id': 5777450803, 'qualifierId': 347}]",1x229gvjahkxp7w02bh0v36ga,R. Williams,,,North Carolina Courage,Home
2823768627,669,1,2,88,51,c3v2ohfuzoqmc8ljm65hi80sj,1,31.3,100.0,2025-06-22T01:24:46.914Z,2025-06-24T15:45:02Z,"[{'id': 5777451091, 'qualifierId': 107}, {'id': 5777451095, 'qualifierId': 140, 'value': '49.6'}, {'id': 5777451099, 'qualifierId': 212, 'value': '20.0'}, {'id': 5777451093, 'qualifierId': 56, 'value': 'Back'}, {'id': 5777451101, 'qualifierId': 213, 'value': '6.00'}, {'id': 5777451097, 'qualifierId': 141, 'value': '93.8'}]",97ia01cyibu1l7qs8qexd2n3e,K. van Zanten,,,Houston Dash,Away
2824141085,803,1,2,88,51,c3v2ohfuzoqmc8ljm65hi80sj,0,67.9,88.7,2025-06-22T01:24:47.418Z,2025-06-24T15:45:10Z,"[{'id': 5779546239, 'qualifierId': 140, 'value': '58.4'}, {'id': 5779546237, 'qualifierId': 56, 'value': 'Left'}, {'id': 5779546243, 'qualifierId': 212, 'value': '10.0'}, {'id': 5779546261, 'qualifierId': 156}, {'id': 5779546245, 'qualifierId': 213, 'value': '3.20'}, {'id': 5779546241, 'qualifierId': 141, 'value': '87.9'}]",191uogxjdg4uo178qv1544jys,M. Bright,,,Houston Dash,Away
2823768603,738,8,2,88,52,b4fbmos00gxtk8qnaqsm392p5,1,45.0,15.5,2025-06-22T01:24:47.804Z,2025-06-24T15:45:16Z,"[{'id': 5777450969, 'qualifierId': 56, 'value': 'Back'}, {'id': 5779546297, 'qualifierId': 384}]",54ieoaegysojsey2jmqtr9ucp,B. Pinto,,,North Carolina Courage,Home
2824141111,804,61,2,88,53,c3v2ohfuzoqmc8ljm65hi80sj,1,41.0,80.1,2025-06-22T01:24:49.419Z,2025-06-24T15:45:30Z,"[{'id': 5779546383, 'qualifierId': 56, 'value': 'Back'}]",97ia01cyibu1l7qs8qexd2n3e,K. van Zanten,,,Houston Dash,Away
2823768663,670,4,2,88,56,c3v2ohfuzoqmc8ljm65hi80sj,1,43.0,89.6,2025-06-22T01:24:51.682Z,2025-07-01T16:33:46Z,"[{'id': 5777451359, 'qualifierId': 13}, {'id': 5777451367, 'qualifierId': 286}, {'id': 5777452721, 'qualifierId': 233, 'value': '741'}, {'id': 5777451363, 'qualifierId': 56, 'value': 'Back'}, {'id': 5777451361, 'qualifierId': 294}, {'id': 5777451365, 'qualifierId': 152}]",cgfk0e62cesbgieslfge2p61h,S. Schmidt,,,Houston Dash,Away
2823768895,741,4,2,88,56,b4fbmos00gxtk8qnaqsm392p5,0,57.0,10.4,2025-06-22T01:24:51.683Z,2025-07-01T16:33:47Z,"[{'id': 5777452619, 'qualifierId': 13}, {'id': 5777452627, 'qualifierId': 285}, {'id': 5777452623, 'qualifierId': 152}, {'id': 5777453127, 'qualifierId': 294}, {'id': 5777452621, 'qualifierId': 56, 'value': 'Right'}, {'id': 5777452741, 'qualifierId': 233, 'value': '670'}]",54ieoaegysojsey2jmqtr9ucp,B. Pinto,,,North Carolina Courage,Home
2823768797,671,1,2,89,15,c3v2ohfuzoqmc8ljm65hi80sj,1,40.6,93.6,2025-06-22T01:25:11.504Z,2025-06-22T01:25:15Z,"[{'id': 5777452027, 'qualifierId': 56, 'value': 'Back'}, {'id': 5777452019, 'qualifierId': 5}, {'id': 5777452037, 'qualifierId': 212, 'value': '18.0'}, {'id': 5777452033, 'qualifierId': 141, 'value': '75.9'}, {'id': 5777452039, 'qualifierId': 213, 'value': '3.88'}, {'id': 5777452031, 'qualifierId': 140, 'value': '27.9'}, {'id': 5777452023, 'qualifierId': 152}]",97ia01cyibu1l7qs8qexd2n3e,K. van Zanten,,,Houston Dash,Away
2823768825,672,1,2,89,19,c3v2ohfuzoqmc8ljm65hi80sj,1,32.9,70.0,2025-06-22T01:25:15.128Z,2025-06-22T01:25:18Z,"[{'id': 5777452203, 'qualifierId': 56, 'value': 'Back'}, {'id': 5777452205, 'qualifierId': 140, 'value': '45.0'}, {'id': 5777452207, 'qualifierId': 141, 'value': '62.4'}, {'id': 5777452211, 'qualifierId': 213, 'value': '5.90'}, {'id': 5777452209, 'qualifierId': 212, 'value': '13.7'}]",8ruvr2jnsfdub02rdh8q88s89,P. Nielsen,,,Houston Dash,Away
2823768833,673,1,2,89,23,c3v2ohfuzoqmc8ljm65hi80sj,0,48.0,57.9,2025-06-22T01:25:18.713Z,2025-06-22T01:25:19Z,"[{'id': 5777452253, 'qualifierId': 140, 'value': '72.4'}, {'id': 5777452255, 'qualifierId': 141, 'value': '70.3'}, {'id': 5777452251, 'qualifierId': 56, 'value': 'Center'}, {'id': 5777452259, 'qualifierId': 213, 'value': '0.32'}, {'id': 5777452257, 'qualifierId': 212, 'value': '27.0'}]",cgfk0e62cesbgieslfge2p61h,S. Schmidt,,,Houston Dash,Away
2823768841,739,61,2,89,25,b4fbmos00gxtk8qnaqsm392p5,0,37.3,26.7,2025-06-22T01:25:21.515Z,2025-06-22T01:25:21Z,"[{'id': 5777452297, 'qualifierId': 56, 'value': 'Back'}]",1x229gvjahkxp7w02bh0v36ga,R. Williams,,,North Carolina Courage,Home
2823768863,674,1,2,89,28,c3v2ohfuzoqmc8ljm65hi80sj,1,75.6,90.9,2025-06-22T01:25:24.312Z,2025-06-22T01:25:26Z,"[{'id': 5777452441, 'qualifierId': 56, 'value': 'Left'}, {'id': 5777452445, 'qualifierId': 141, 'value': '92.9'}, {'id': 5777452449, 'qualifierId': 213, 'value': '3.02'}, {'id': 5777452443, 'qualifierId': 140, 'value': '65.0'}, {'id': 5777452447, 'qualifierId': 212, 'value': '11.2'}]",1xgse8t4dm0decmpzebsphvfu,Y. Ryan,,,Houston Dash,Away
2823768865,675,61,2,89,31,c3v2ohfuzoqmc8ljm65hi80sj,0,67.5,98.4,2025-06-22T01:25:26.688Z,2025-06-22T01:25:26Z,"[{'id': 5777452455, 'qualifierId': 56, 'value': 'Left'}]",97ia01cyibu1l7qs8qexd2n3e,K. van Zanten,,,Houston Dash,Away
2823768871,676,5,2,89,31,c3v2ohfuzoqmc8ljm65hi80sj,0,65.0,102.0,2025-06-22T01:25:27.484Z,2025-06-22T01:54:23Z,"[{'id': 5777452527, 'qualifierId': 233, 'value': '740'}, {'id': 5777452485, 'qualifierId': 347}, {'id': 5777452483, 'qualifierId': 56, 'value': 'Left'}]",97ia01cyibu1l7qs8qexd2n3e,K. van Zanten,,,Houston Dash,Away
2823768877,740,5,2,89,31,b4fbmos00gxtk8qnaqsm392p5,1,35.0,-2.0,2025-06-22T01:25:27.484Z,2025-06-22T01:25:31Z,"[{'id': 5777452505, 'qualifierId': 56, 'value': 'Back'}, {'id': 5777452521, 'qualifierId': 233, 'value': '676'}, {'id': 5777452507, 'qualifierId': 347}]",1x229gvjahkxp7w02bh0v36ga,R. Williams,,,North Carolina Courage,Home
2823768939,742,1,2,89,46,b4fbmos00gxtk8qnaqsm392p5,1,34.6,0.0,2025-06-22T01:25:41.627Z,2025-06-22T01:25:42Z,"[{'id': 5777452879, 'qualifierId': 56, 'value': 'Back'}, {'id': 5777452887, 'qualifierId': 213, 'value': '0.34'}, {'id': 5777452883, 'qualifierId': 141, 'value': '5.2'}, {'id': 5777452877, 'qualifierId': 107}, {'id': 5777452885, 'qualifierId': 212, 'value': '13.3'}, {'id': 5777452881, 'qualifierId': 140, 'value': '46.5'}]",1x229gvjahkxp7w02bh0v36ga,R. Williams,,,North Carolina Courage,Home
2823768953,743,1,2,89,46,b4fbmos00gxtk8qnaqsm392p5,1,46.5,5.2,2025-06-22T01:25:42.452Z,2025-06-22T01:25:44Z,"[{'id': 5777452977, 'qualifierId': 141, 'value': '11.3'}, {'id': 5777452981, 'qualifierId': 213, 'value': '0.20'}, {'id': 5777452975, 'qualifierId': 140, 'value': '65.8'}, {'id': 5777452979, 'qualifierId': 212, 'value': '20.7'}, {'id': 5777452973, 'qualifierId': 56, 'value': 'Right'}]",4k83z2cdvn2kwb72kh8e8qfsa,J. Shaw,,,North Carolina Courage,Home
2823768957,744,4,2,89,48,b4fbmos00gxtk8qnaqsm392p5,1,63.0,11.8,2025-06-22T01:25:44.423Z,2025-06-22T01:35:54Z,"[{'id': 5777453021, 'qualifierId': 265}, {'id': 5777453017, 'qualifierId': 56, 'value': 'Right'}, {'id': 5777453115, 'qualifierId': 233, 'value': '677'}, {'id': 5777453023, 'qualifierId': 286}, {'id': 5777453015, 'qualifierId': 13}, {'id': 5777453019, 'qualifierId': 152}]",2sylxhwmisg8f763p2t1q934k,H. Betfort,,,North Carolina Courage,Home
2823768973,677,4,2,89,48,c3v2ohfuzoqmc8ljm65hi80sj,0,37.0,88.2,2025-06-22T01:25:44.424Z,2025-06-22T01:35:55Z,"[{'id': 5777453109, 'qualifierId': 285}, {'id': 5777453101, 'qualifierId': 13}, {'id': 5777453119, 'qualifierId': 233, 'value': '744'}, {'id': 5777453105, 'qualifierId': 152}, {'id': 5777453103, 'qualifierId': 56, 'value': 'Back'}, {'id': 5777453107, 'qualifierId': 265}]",8ruvr2jnsfdub02rdh8q88s89,P. Nielsen,,,Houston Dash,Away
2823769021,678,70,2,90,0,c3v2ohfuzoqmc8ljm65hi80sj,1,0.0,0.0,2025-06-22T01:25:56.554Z,2025-07-01T16:34:10Z,"[{'id': 5777453409, 'qualifierId': 277, 'value': '8'}]",,,,,Houston Dash,Away
2823769061,745,1,2,90,9,b4fbmos00gxtk8qnaqsm392p5,1,57.0,6.4,2025-06-22T01:26:04.605Z,2025-06-22T01:26:08Z,"[{'id': 5777453635, 'qualifierId': 56, 'value': 'Right'}, {'id': 5777453631, 'qualifierId': 155}, {'id': 5777453639, 'qualifierId': 141, 'value': '17.1'}, {'id': 5777453633, 'qualifierId': 152}, {'id': 5777453629, 'qualifierId': 5}, {'id': 5777453643, 'qualifierId': 213, 'value': '0.23'}, {'id': 5777453637, 'qualifierId': 140, 'value': '86.1'}, {'id': 5777453641, 'qualifierId': 212, 'value': '31.4'}]",1x229gvjahkxp7w02bh0v36ga,R. Williams,,,North Carolina Courage,Home
2823769067,746,50,2,90,12,b4fbmos00gxtk8qnaqsm392p5,1,76.6,30.1,2025-06-22T01:26:08.172Z,2025-06-24T16:01:55Z,"[{'id': 5777453663, 'qualifierId': 286}, {'id': 5779553203, 'qualifierId': 233, 'value': '679'}, {'id': 5777453661, 'qualifierId': 56, 'value': 'Center'}]",2sylxhwmisg8f763p2t1q934k,H. Betfort,,,North Carolina Courage,Home
2823769081,679,7,2,90,12,c3v2ohfuzoqmc8ljm65hi80sj,1,23.4,69.9,2025-06-22T01:26:08.173Z,2025-06-24T16:01:54Z,"[{'id': 5777453745, 'qualifierId': 56, 'value': 'Back'}, {'id': 5779553199, 'qualifierId': 233, 'value': '746'}, {'id': 5779546689, 'qualifierId': 178}, {'id': 5779546687, 'qualifierId': 383}, {'id': 5777453747, 'qualifierId': 285}]",cgfk0e62cesbgieslfge2p61h,S. Schmidt,,,Houston Dash,Away
2823769105,680,1,2,90,14,c3v2ohfuzoqmc8ljm65hi80sj,1,14.2,61.2,2025-06-22T01:26:10.568Z,2025-06-22T01:26:12Z,"[{'id': 5777453877, 'qualifierId': 213, 'value': '3.72'}, {'id': 5777453861, 'qualifierId': 3}, {'id': 5777453869, 'qualifierId': 141, 'value': '53.7'}, {'id': 5777453863, 'qualifierId': 56, 'value': 'Back'}, {'id': 5777453867, 'qualifierId': 140, 'value': '6.7'}, {'id': 5777453873, 'qualifierId': 212, 'value': '9.4'}]",cgfk0e62cesbgieslfge2p61h,S. Schmidt,,,Houston Dash,Away
2823769109,681,52,2,90,17,c3v2ohfuzoqmc8ljm65hi80sj,1,6.7,53.7,2025-06-22T01:26:12.864Z,2025-06-24T15:47:11Z,"[{'id': 5779546737, 'qualifierId': 376}]",53uflfknc5uus7iqw3obp5fx1,J. Campbell,,,Houston Dash,Away
2823769137,682,1,2,90,17,c3v2ohfuzoqmc8ljm65hi80sj,1,6.7,53.7,2025-06-22T01:26:13.328Z,2025-06-22T01:26:18Z,"[{'id': 5777454059, 'qualifierId': 213, 'value': '5.46'}, {'id': 5777454051, 'qualifierId': 56, 'value': 'Back'}, {'id': 5777454055, 'qualifierId': 141, 'value': '34.5'}, {'id': 5777454053, 'qualifierId': 140, 'value': '18.2'}, {'id': 5777454057, 'qualifierId': 212, 'value': '17.8'}, {'id': 5777454049, 'qualifierId': 123}]",53uflfknc5uus7iqw3obp5fx1,J. Campbell,,,Houston Dash,Away
2823769189,683,1,2,90,23,c3v2ohfuzoqmc8ljm65hi80sj,0,29.4,29.1,2025-06-22T01:26:18.921Z,2025-06-22T01:26:25Z,"[{'id': 5777454285, 'qualifierId': 155}, {'id': 5777454293, 'qualifierId': 212, 'value': '66.3'}, {'id': 5777454289, 'qualifierId': 140, 'value': '92.4'}, {'id': 5777454287, 'qualifierId': 56, 'value': 'Center'}, {'id': 5777454291, 'qualifierId': 141, 'value': '34.5'}, {'id': 5777454295, 'qualifierId': 213, 'value': '0.06'}, {'id': 5777454297, 'qualifierId': 1}]",8co65x7tuvynuqvket8okb7xl,N. Jacobs,,,Houston Dash,Away
2823769207,748,52,2,90,32,b4fbmos00gxtk8qnaqsm392p5,1,10.6,64.9,2025-06-22T01:26:27.691Z,2025-06-24T15:47:24Z,"[{'id': 5779546777, 'qualifierId': 376}]",3qj9t05behkav9okd8n2wywh5,C. Murphy,,,North Carolina Courage,Home
2824141195,855,80,2,90,47,b4fbmos00gxtk8qnaqsm392p5,0,14.3,37.5,2025-06-22T01:26:42.668Z,2025-06-24T15:48:00Z,[],3qj9t05behkav9okd8n2wywh5,C. Murphy,,,North Carolina Courage,Home
2823769301,749,1,2,90,47,b4fbmos00gxtk8qnaqsm392p5,0,14.6,47.2,2025-06-22T01:26:43.428Z,2025-06-24T15:48:02Z,"[{'id': 5777454865, 'qualifierId': 213, 'value': '6.15'}, {'id': 5777454861, 'qualifierId': 141, 'value': '37.9'}, {'id': 5777454863, 'qualifierId': 212, 'value': '48.7'}, {'id': 5777454857, 'qualifierId': 56, 'value': 'Center'}, {'id': 5779546953, 'qualifierId': 157}, {'id': 5777454867, 'qualifierId': 1}, {'id': 5777454859, 'qualifierId': 140, 'value': '60.6'}, {'id': 5779546955, 'qualifierId': 198}]",3qj9t05behkav9okd8n2wywh5,C. Murphy,,,North Carolina Courage,Home
2823769331,684,1,2,90,53,c3v2ohfuzoqmc8ljm65hi80sj,1,32.9,68.7,2025-06-22T01:26:49.328Z,2025-06-22T01:26:50Z,"[{'id': 5777455027, 'qualifierId': 141, 'value': '83.8'}, {'id': 5777455029, 'qualifierId': 212, 'value': '20.4'}, {'id': 5777455021, 'qualifierId': 3}, {'id': 5777455025, 'qualifierId': 140, 'value': '49.7'}, {'id': 5777455023, 'qualifierId': 56, 'value': 'Back'}, {'id': 5777455031, 'qualifierId': 213, 'value': '0.53'}]",cgfk0e62cesbgieslfge2p61h,S. Schmidt,,,Houston Dash,Away
2823769337,685,49,2,90,55,c3v2ohfuzoqmc8ljm65hi80sj,1,47.4,83.6,2025-06-22T01:26:50.608Z,2025-06-22T01:26:50Z,[],1xgse8t4dm0decmpzebsphvfu,Y. Ryan,,,Houston Dash,Away
2823769345,686,1,2,90,55,c3v2ohfuzoqmc8ljm65hi80sj,0,47.4,83.6,2025-06-22T01:26:50.864Z,2025-06-22T01:26:51Z,"[{'id': 5777455065, 'qualifierId': 213, 'value': '5.71'}, {'id': 5777455061, 'qualifierId': 141, 'value': '63.6'}, {'id': 5777455059, 'qualifierId': 140, 'value': '67.6'}, {'id': 5777455063, 'qualifierId': 212, 'value': '25.2'}, {'id': 5777455057, 'qualifierId': 56, 'value': 'Center'}]",1xgse8t4dm0decmpzebsphvfu,Y. Ryan,,,Houston Dash,Away
2823769357,750,1,2,90,57,b4fbmos00gxtk8qnaqsm392p5,0,39.3,28.0,2025-06-22T01:26:53.061Z,2025-06-22T01:26:54Z,"[{'id': 5777455187, 'qualifierId': 1}, {'id': 5777455185, 'qualifierId': 213, 'value': '6.01'}, {'id': 5777455181, 'qualifierId': 141, 'value': '12.0'}, {'id': 5777455175, 'qualifierId': 157}, {'id': 5777455183, 'qualifierId': 212, 'value': '39.9'}, {'id': 5777455179, 'qualifierId': 140, 'value': '75.9'}, {'id': 5777455177, 'qualifierId': 56, 'value': 'Right'}]",cbco4ht0d7uk1thgam6vc0ep6,M. Bell,,,North Carolina Courage,Home
2823769383,687,1,2,91,0,c3v2ohfuzoqmc8ljm65hi80sj,0,31.0,81.1,2025-06-22T01:26:56.288Z,2025-06-22T01:26:58Z,"[{'id': 5777455343, 'qualifierId': 141, 'value': '50.6'}, {'id': 5777455337, 'qualifierId': 157}, {'id': 5777455341, 'qualifierId': 140, 'value': '72.0'}, {'id': 5777455345, 'qualifierId': 212, 'value': '47.8'}, {'id': 5777455349, 'qualifierId': 1}, {'id': 5777455339, 'qualifierId': 56, 'value': 'Center'}, {'id': 5777455347, 'qualifierId': 213, 'value': '5.83'}]",8ruvr2jnsfdub02rdh8q88s89,P. Nielsen,,,Houston Dash,Away
2823769397,751,1,2,91,3,b4fbmos00gxtk8qnaqsm392p5,1,35.0,40.4,2025-06-22T01:26:59.227Z,2025-06-22T01:27:02Z,"[{'id': 5777455447, 'qualifierId': 141, 'value': '49.1'}, {'id': 5777455449, 'qualifierId': 212, 'value': '29.5'}, {'id': 5777455445, 'qualifierId': 140, 'value': '7.5'}, {'id': 5777455451, 'qualifierId': 213, 'value': '2.94'}, {'id': 5777455443, 'qualifierId': 56, 'value': 'Back'}]",1p3bwk03ay87hp2nwrl3tfxwq,K. Kurtz,,,North Carolina Courage,Home
2823769401,752,49,2,91,6,b4fbmos00gxtk8qnaqsm392p5,1,7.5,49.1,2025-06-22T01:27:02.403Z,2025-06-22T01:27:02Z,[],3qj9t05behkav9okd8n2wywh5,C. Murphy,,,North Carolina Courage,Home
2823769437,753,1,2,91,10,b4fbmos00gxtk8qnaqsm392p5,1,5.5,40.6,2025-06-22T01:27:06.324Z,2025-06-24T15:48:29Z,"[{'id': 5777455579, 'qualifierId': 140, 'value': '38.0'}, {'id': 5777455587, 'qualifierId': 1}, {'id': 5779547113, 'qualifierId': 155}, {'id': 5777455583, 'qualifierId': 212, 'value': '41.8'}, {'id': 5777455577, 'qualifierId': 56, 'value': 'Back'}, {'id': 5777455581, 'qualifierId': 141, 'value': '5.0'}, {'id': 5777455585, 'qualifierId': 213, 'value': '5.67'}]",3qj9t05behkav9okd8n2wywh5,C. Murphy,,,North Carolina Courage,Home
2823769463,688,83,2,91,14,c3v2ohfuzoqmc8ljm65hi80sj,1,65.2,95.4,2025-06-22T01:27:10.192Z,2025-06-22T01:50:36Z,"[{'id': 5777484653, 'qualifierId': 399, 'value': '4k83z2cdvn2kwb72kh8e8qfsa'}]",97ia01cyibu1l7qs8qexd2n3e,K. van Zanten,,,Houston Dash,Away
2823769441,754,61,2,91,15,b4fbmos00gxtk8qnaqsm392p5,0,34.8,4.6,2025-06-22T01:27:11.191Z,2025-06-22T01:50:35Z,"[{'id': 5777455607, 'qualifierId': 56, 'value': 'Back'}]",4k83z2cdvn2kwb72kh8e8qfsa,J. Shaw,,,North Carolina Courage,Home
2823769483,689,5,2,91,17,c3v2ohfuzoqmc8ljm65hi80sj,1,66.6,101.6,2025-06-22T01:27:12.880Z,2025-06-22T01:54:23Z,"[{'id': 5777455849, 'qualifierId': 347}, {'id': 5777455847, 'qualifierId': 56, 'value': 'Left'}, {'id': 5777455949, 'qualifierId': 233, 'value': '755'}]",97ia01cyibu1l7qs8qexd2n3e,K. van Zanten,,,Houston Dash,Away
2823769471,755,5,2,91,17,b4fbmos00gxtk8qnaqsm392p5,0,33.4,-1.6,2025-06-22T01:27:12.880Z,2025-06-22T01:54:23Z,"[{'id': 5777455953, 'qualifierId': 233, 'value': '689'}, {'id': 5777455775, 'qualifierId': 56, 'value': 'Back'}, {'id': 5777455777, 'qualifierId': 347}]",4k83z2cdvn2kwb72kh8e8qfsa,J. Shaw,,,North Carolina Courage,Home
2823769515,690,1,2,91,18,c3v2ohfuzoqmc8ljm65hi80sj,0,73.0,100.0,2025-06-22T01:27:14.009Z,2025-06-22T01:50:25Z,"[{'id': 5777456027, 'qualifierId': 213, 'value': '5.80'}, {'id': 5777456019, 'qualifierId': 56, 'value': 'Left'}, {'id': 5777456017, 'qualifierId': 107}, {'id': 5777456025, 'qualifierId': 212, 'value': '18.5'}, {'id': 5777456021, 'qualifierId': 140, 'value': '88.6'}, {'id': 5777456023, 'qualifierId': 141, 'value': '89.1'}]",1xgse8t4dm0decmpzebsphvfu,Y. Ryan,,,Houston Dash,Away
2823769479,756,12,2,91,19,b4fbmos00gxtk8qnaqsm392p5,1,21.9,11.9,2025-06-22T01:27:14.980Z,2025-06-24T15:48:43Z,"[{'id': 5779547239, 'qualifierId': 140, 'value': '29.8'}, {'id': 5779547237, 'qualifierId': 167}, {'id': 5779547243, 'qualifierId': 212, 'value': '12.3'}, {'id': 5777455829, 'qualifierId': 56, 'value': 'Back'}, {'id': 5779547245, 'qualifierId': 213, 'value': '5.45'}, {'id': 5779547241, 'qualifierId': 141, 'value': '0.0'}, {'id': 5779547291, 'qualifierId': 15}]",1x229gvjahkxp7w02bh0v36ga,R. Williams,,,North Carolina Courage,Home
2823769531,691,5,2,91,20,c3v2ohfuzoqmc8ljm65hi80sj,1,80.2,102.0,2025-06-22T01:27:15.836Z,2025-06-22T01:54:23Z,"[{'id': 5777456103, 'qualifierId': 347}, {'id': 5777456101, 'qualifierId': 56, 'value': 'Left'}, {'id': 5777475017, 'qualifierId': 233, 'value': '757'}]",1xgse8t4dm0decmpzebsphvfu,Y. Ryan,,,Houston Dash,Away
2823769485,757,5,2,91,20,b4fbmos00gxtk8qnaqsm392p5,0,19.8,-2.0,2025-06-22T01:27:15.836Z,2025-06-22T01:54:24Z,"[{'id': 5777455853, 'qualifierId': 347}, {'id': 5777475035, 'qualifierId': 233, 'value': '691'}, {'id': 5777455851, 'qualifierId': 56, 'value': 'Back'}]",1x229gvjahkxp7w02bh0v36ga,R. Williams,,,North Carolina Courage,Home
2823769537,692,1,2,91,29,c3v2ohfuzoqmc8ljm65hi80sj,1,84.1,100.0,2025-06-22T01:27:24.736Z,2025-06-24T15:50:07Z,"[{'id': 5777456149, 'qualifierId': 140, 'value': '87.2'}, {'id': 5777456147, 'qualifierId': 56, 'value': 'Left'}, {'id': 5777456153, 'qualifierId': 212, 'value': '11.0'}, {'id': 5777456145, 'qualifierId': 107}, {'id': 5777456151, 'qualifierId': 141, 'value': '86.2'}, {'id': 5777456155, 'qualifierId': 213, 'value': '5.01'}]",1xgse8t4dm0decmpzebsphvfu,Y. Ryan,,,Houston Dash,Away
2823769547,693,1,2,91,31,c3v2ohfuzoqmc8ljm65hi80sj,1,87.1,87.1,2025-06-22T01:27:26.656Z,2025-06-22T01:27:30Z,"[{'id': 5777456209, 'qualifierId': 213, 'value': '1.47'}, {'id': 5777456201, 'qualifierId': 56, 'value': 'Left'}, {'id': 5777456205, 'qualifierId': 141, 'value': '99.8'}, {'id': 5777456203, 'qualifierId': 140, 'value': '87.9'}, {'id': 5777456207, 'qualifierId': 212, 'value': '8.7'}]",191uogxjdg4uo178qv1544jys,M. Bright,,,Houston Dash,Away
2823769563,694,1,2,91,34,c3v2ohfuzoqmc8ljm65hi80sj,1,80.6,97.5,2025-06-22T01:27:30.032Z,2025-06-22T01:27:34Z,"[{'id': 5777456323, 'qualifierId': 213, 'value': '3.26'}, {'id': 5777456317, 'qualifierId': 140, 'value': '53.7'}, {'id': 5777456321, 'qualifierId': 212, 'value': '28.5'}, {'id': 5777456319, 'qualifierId': 141, 'value': '92.4'}, {'id': 5777456315, 'qualifierId': 56, 'value': 'Left'}]",1xgse8t4dm0decmpzebsphvfu,Y. Ryan,,,Houston Dash,Away
2823769579,695,1,2,91,40,c3v2ohfuzoqmc8ljm65hi80sj,1,62.4,92.6,2025-06-22T01:27:36.064Z,2025-06-22T01:27:38Z,"[{'id': 5777456419, 'qualifierId': 141, 'value': '93.5'}, {'id': 5777456415, 'qualifierId': 56, 'value': 'Left'}, {'id': 5777456423, 'qualifierId': 213, 'value': '0.03'}, {'id': 5777456417, 'qualifierId': 140, 'value': '80.9'}, {'id': 5777456421, 'qualifierId': 212, 'value': '19.4'}]",8ruvr2jnsfdub02rdh8q88s89,P. Nielsen,,,Houston Dash,Away
2823769593,696,1,2,91,43,c3v2ohfuzoqmc8ljm65hi80sj,0,81.8,94.1,2025-06-22T01:27:38.792Z,2025-06-24T15:50:20Z,"[{'id': 5777456497, 'qualifierId': 141, 'value': '43.7'}, {'id': 5779548045, 'qualifierId': 224}, {'id': 5779548047, 'qualifierId': 72}, {'id': 5777456499, 'qualifierId': 212, 'value': '34.3'}, {'id': 5777456503, 'qualifierId': 1}, {'id': 5777456491, 'qualifierId': 56, 'value': 'Center'}, {'id': 5777456495, 'qualifierId': 140, 'value': '81.5'}, {'id': 5777456501, 'qualifierId': 213, 'value': '4.70'}, {'id': 5777456485, 'qualifierId': 155}, {'id': 5777456481, 'qualifierId': 2}]",1xgse8t4dm0decmpzebsphvfu,Y. Ryan,,,Houston Dash,Away
2823769601,758,49,2,91,45,b4fbmos00gxtk8qnaqsm392p5,1,24.6,57.2,2025-06-22T01:27:41.523Z,2025-06-24T15:51:43Z,[],cbofbntctfuhr1vqpn7eywt05,F. Rauch,,,North Carolina Courage,Home
2823769611,759,1,2,91,47,b4fbmos00gxtk8qnaqsm392p5,1,28.5,45.4,2025-06-22T01:27:42.834Z,2025-06-22T01:27:48Z,"[{'id': 5777456599, 'qualifierId': 212, 'value': '11.3'}, {'id': 5777456597, 'qualifierId': 141, 'value': '30.0'}, {'id': 5777456595, 'qualifierId': 140, 'value': '32.5'}, {'id': 5777456601, 'qualifierId': 213, 'value': '5.09'}, {'id': 5777456593, 'qualifierId': 56, 'value': 'Back'}]",cbofbntctfuhr1vqpn7eywt05,F. Rauch,,,North Carolina Courage,Home
2823769651,760,1,2,91,52,b4fbmos00gxtk8qnaqsm392p5,1,57.0,25.3,2025-06-22T01:27:47.946Z,2025-06-22T01:28:01Z,"[{'id': 5777456863, 'qualifierId': 212, 'value': '33.7'}, {'id': 5777456865, 'qualifierId': 213, 'value': '6.03'}, {'id': 5777456855, 'qualifierId': 140, 'value': '88.1'}, {'id': 5777456859, 'qualifierId': 141, 'value': '12.9'}, {'id': 5777456867, 'qualifierId': 1}, {'id': 5777456853, 'qualifierId': 56, 'value': 'Right'}]",cwerr3zz6pqzzzqso9dx69fjd,A. Sanchez,,,North Carolina Courage,Home
2823769655,761,50,2,92,5,b4fbmos00gxtk8qnaqsm392p5,1,98.0,1.6,2025-06-22T01:28:00.950Z,2025-06-22T01:28:03Z,"[{'id': 5777456881, 'qualifierId': 56, 'value': 'Right'}, {'id': 5777456947, 'qualifierId': 233, 'value': '697'}, {'id': 5777456883, 'qualifierId': 286}]",2sylxhwmisg8f763p2t1q934k,H. Betfort,,,North Carolina Courage,Home
2823769665,697,7,2,92,5,c3v2ohfuzoqmc8ljm65hi80sj,1,2.0,98.4,2025-06-22T01:28:00.951Z,2025-06-24T15:52:02Z,"[{'id': 5779548699, 'qualifierId': 385}, {'id': 5777456927, 'qualifierId': 167}, {'id': 5777456929, 'qualifierId': 56, 'value': 'Back'}, {'id': 5777456931, 'qualifierId': 285}, {'id': 5777456937, 'qualifierId': 233, 'value': '761'}]",8ruvr2jnsfdub02rdh8q88s89,P. Nielsen,,,Houston Dash,Away
2823769677,698,5,2,92,6,c3v2ohfuzoqmc8ljm65hi80sj,0,3.2,101.2,2025-06-22T01:28:01.869Z,2025-06-22T01:54:24Z,"[{'id': 5777456965, 'qualifierId': 56, 'value': 'Back'}, {'id': 5777456977, 'qualifierId': 233, 'value': '762'}, {'id': 5777456967, 'qualifierId': 347}]",8ruvr2jnsfdub02rdh8q88s89,P. Nielsen,,,Houston Dash,Away
2823769675,762,5,2,92,6,b4fbmos00gxtk8qnaqsm392p5,1,96.8,-1.2,2025-06-22T01:28:01.869Z,2025-06-22T01:28:04Z,"[{'id': 5777456969, 'qualifierId': 233, 'value': '698'}, {'id': 5777456961, 'qualifierId': 56, 'value': 'Right'}, {'id': 5777456963, 'qualifierId': 347}]",2sylxhwmisg8f763p2t1q934k,H. Betfort,,,North Carolina Courage,Home
2823769777,763,1,2,92,35,b4fbmos00gxtk8qnaqsm392p5,0,96.6,0.0,2025-06-22T01:28:30.738Z,2025-06-24T15:53:07Z,"[{'id': 5777457493, 'qualifierId': 212, 'value': '6.1'}, {'id': 5777457485, 'qualifierId': 107}, {'id': 5777457489, 'qualifierId': 140, 'value': '96.9'}, {'id': 5777457487, 'qualifierId': 56, 'value': 'Right'}, {'id': 5777457491, 'qualifierId': 141, 'value': '7.6'}, {'id': 5777457495, 'qualifierId': 213, 'value': '1.52'}]",4k83z2cdvn2kwb72kh8e8qfsa,J. Shaw,,,North Carolina Courage,Home
2823769779,699,8,2,92,37,c3v2ohfuzoqmc8ljm65hi80sj,1,7.2,89.0,2025-06-22T01:28:32.656Z,2025-06-24T15:53:30Z,"[{'id': 5779549371, 'qualifierId': 385}, {'id': 5777457517, 'qualifierId': 56, 'value': 'Back'}]",97ia01cyibu1l7qs8qexd2n3e,K. van Zanten,,,Houston Dash,Away
2823769797,700,50,2,92,38,c3v2ohfuzoqmc8ljm65hi80sj,1,6.8,87.2,2025-06-22T01:28:33.962Z,2025-06-22T01:43:40Z,"[{'id': 5777457653, 'qualifierId': 233, 'value': '764'}, {'id': 5777457637, 'qualifierId': 56, 'value': 'Back'}, {'id': 5777457639, 'qualifierId': 285}]",1xgse8t4dm0decmpzebsphvfu,Y. Ryan,,,Houston Dash,Away
2823769795,764,7,2,92,38,b4fbmos00gxtk8qnaqsm392p5,1,93.2,12.8,2025-06-22T01:28:33.963Z,2025-06-24T15:53:40Z,"[{'id': 5777457627, 'qualifierId': 167}, {'id': 5777457649, 'qualifierId': 233, 'value': '700'}, {'id': 5779549457, 'qualifierId': 383}, {'id': 5777457629, 'qualifierId': 56, 'value': 'Right'}, {'id': 5777457631, 'qualifierId': 286}]",4k83z2cdvn2kwb72kh8e8qfsa,J. Shaw,,,North Carolina Courage,Home
2823769805,701,5,2,92,41,c3v2ohfuzoqmc8ljm65hi80sj,1,-0.8,87.1,2025-06-22T01:28:36.994Z,2025-06-22T01:54:24Z,"[{'id': 5777457777, 'qualifierId': 233, 'value': '765'}, {'id': 5777457703, 'qualifierId': 56, 'value': 'Back'}, {'id': 5777457743, 'qualifierId': 346}]",1xgse8t4dm0decmpzebsphvfu,Y. Ryan,,,Houston Dash,Away
2823769799,765,5,2,92,41,b4fbmos00gxtk8qnaqsm392p5,0,100.8,12.9,2025-06-22T01:28:36.994Z,2025-06-22T01:54:24Z,"[{'id': 5777457641, 'qualifierId': 56, 'value': 'Right'}, {'id': 5777457643, 'qualifierId': 346}, {'id': 5777457789, 'qualifierId': 233, 'value': '701'}]",4k83z2cdvn2kwb72kh8e8qfsa,J. Shaw,,,North Carolina Courage,Home
2823769875,702,1,2,92,59,c3v2ohfuzoqmc8ljm65hi80sj,0,4.6,57.9,2025-06-22T01:28:55.224Z,2025-06-22T01:29:01Z,"[{'id': 5777458233, 'qualifierId': 141, 'value': '77.2'}, {'id': 5777458229, 'qualifierId': 56, 'value': 'Back'}, {'id': 5777458231, 'qualifierId': 140, 'value': '43.8'}, {'id': 5777458235, 'qualifierId': 212, 'value': '43.2'}, {'id': 5777458239, 'qualifierId': 1}, {'id': 5777458227, 'qualifierId': 124}, {'id': 5777458237, 'qualifierId': 213, 'value': '0.31'}, {'id': 5777458243, 'qualifierId': 74}]",53uflfknc5uus7iqw3obp5fx1,J. Campbell,,,Houston Dash,Away
2823769867,766,44,2,93,3,b4fbmos00gxtk8qnaqsm392p5,1,57.2,20.4,2025-06-22T01:28:59.386Z,2025-06-22T01:45:36Z,"[{'id': 5777458285, 'qualifierId': 233, 'value': '703'}, {'id': 5777458191, 'qualifierId': 56, 'value': 'Right'}, {'id': 5777458193, 'qualifierId': 286}]",4k83z2cdvn2kwb72kh8e8qfsa,J. Shaw,,,North Carolina Courage,Home
2823769879,703,44,2,93,3,c3v2ohfuzoqmc8ljm65hi80sj,0,42.8,79.6,2025-06-22T01:28:59.387Z,2025-06-22T01:45:36Z,"[{'id': 5777458249, 'qualifierId': 56, 'value': 'Back'}, {'id': 5777458301, 'qualifierId': 233, 'value': '766'}, {'id': 5777458251, 'qualifierId': 285}]",97ia01cyibu1l7qs8qexd2n3e,K. van Zanten,,,Houston Dash,Away
2823769871,767,1,2,93,4,b4fbmos00gxtk8qnaqsm392p5,0,58.6,16.4,2025-06-22T01:28:59.634Z,2025-06-22T01:29:00Z,"[{'id': 5777458213, 'qualifierId': 56, 'value': 'Right'}, {'id': 5777458215, 'qualifierId': 140, 'value': '58.8'}, {'id': 5777458211, 'qualifierId': 3}, {'id': 5777458219, 'qualifierId': 212, 'value': '0.2'}, {'id': 5777458221, 'qualifierId': 213, 'value': '0.00'}, {'id': 5777458217, 'qualifierId': 141, 'value': '16.4'}]",4k83z2cdvn2kwb72kh8e8qfsa,J. Shaw,,,North Carolina Courage,Home
2823769885,704,61,2,93,5,c3v2ohfuzoqmc8ljm65hi80sj,1,43.6,77.2,2025-06-22T01:29:00.806Z,2025-06-24T15:54:43Z,"[{'id': 5777458299, 'qualifierId': 56, 'value': 'Back'}]",97ia01cyibu1l7qs8qexd2n3e,K. van Zanten,,,Houston Dash,Away
2823769889,705,1,2,93,6,c3v2ohfuzoqmc8ljm65hi80sj,0,53.4,69.0,2025-06-22T01:29:02.129Z,2025-06-24T15:54:45Z,"[{'id': 5777458351, 'qualifierId': 212, 'value': '20.2'}, {'id': 5777458343, 'qualifierId': 157}, {'id': 5777458355, 'qualifierId': 1}, {'id': 5777458349, 'qualifierId': 141, 'value': '60.6'}, {'id': 5777458347, 'qualifierId': 140, 'value': '71.9'}, {'id': 5777458353, 'qualifierId': 213, 'value': '6.00'}, {'id': 5777458345, 'qualifierId': 56, 'value': 'Center'}]",1xgse8t4dm0decmpzebsphvfu,Y. Ryan,,,Houston Dash,Away
2823769887,768,12,2,93,7,b4fbmos00gxtk8qnaqsm392p5,1,34.9,43.0,2025-06-22T01:29:02.626Z,2025-06-22T01:29:19Z,"[{'id': 5777458329, 'qualifierId': 212, 'value': '28.0'}, {'id': 5777458327, 'qualifierId': 141, 'value': '28.9'}, {'id': 5777458937, 'qualifierId': 15}, {'id': 5777458325, 'qualifierId': 140, 'value': '60.0'}, {'id': 5777458323, 'qualifierId': 56, 'value': 'Center'}, {'id': 5777458331, 'qualifierId': 213, 'value': '5.93'}]",1p3bwk03ay87hp2nwrl3tfxwq,K. Kurtz,,,North Carolina Courage,Home
2824141747,805,1,2,93,9,c3v2ohfuzoqmc8ljm65hi80sj,0,40.0,57.6,2025-06-22T01:29:04.919Z,2025-06-24T15:55:03Z,"[{'id': 5779550141, 'qualifierId': 213, 'value': '0.47'}, {'id': 5779550133, 'qualifierId': 56, 'value': 'Back'}, {'id': 5779550137, 'qualifierId': 141, 'value': '64.5'}, {'id': 5779550139, 'qualifierId': 212, 'value': '10.4'}, {'id': 5779550135, 'qualifierId': 140, 'value': '48.8'}]",cgfk0e62cesbgieslfge2p61h,S. Schmidt,,,Houston Dash,Away
2823769903,769,1,2,93,10,b4fbmos00gxtk8qnaqsm392p5,1,43.8,30.0,2025-06-22T01:29:05.850Z,2025-06-24T15:55:07Z,"[{'id': 5777458445, 'qualifierId': 140, 'value': '53.4'}, {'id': 5777458449, 'qualifierId': 212, 'value': '10.5'}, {'id': 5777458447, 'qualifierId': 141, 'value': '25.6'}, {'id': 5777458443, 'qualifierId': 56, 'value': 'Center'}, {'id': 5777458451, 'qualifierId': 213, 'value': '5.99'}]",7fk82cjz0z5vq2ts3vmz8has5,D. O'Sullivan,,,North Carolina Courage,Home
2823769919,770,1,2,93,11,b4fbmos00gxtk8qnaqsm392p5,1,53.4,25.6,2025-06-22T01:29:06.634Z,2025-06-24T15:55:12Z,"[{'id': 5777458551, 'qualifierId': 141, 'value': '29.4'}, {'id': 5777458555, 'qualifierId': 213, 'value': '0.35'}, {'id': 5779550191, 'qualifierId': 168}, {'id': 5777458553, 'qualifierId': 212, 'value': '7.6'}, {'id': 5777458547, 'qualifierId': 56, 'value': 'Center'}, {'id': 5777458549, 'qualifierId': 140, 'value': '60.2'}]",4k83z2cdvn2kwb72kh8e8qfsa,J. Shaw,,,North Carolina Courage,Home
2823769921,771,3,2,93,11,b4fbmos00gxtk8qnaqsm392p5,0,62.0,29.4,2025-06-22T01:29:07.540Z,2025-06-24T15:55:20Z,"[{'id': 5779550237, 'qualifierId': 464}, {'id': 5777458559, 'qualifierId': 56, 'value': 'Center'}, {'id': 5777458585, 'qualifierId': 233, 'value': '706'}, {'id': 5777458561, 'qualifierId': 286}]",2sylxhwmisg8f763p2t1q934k,H. Betfort,,,North Carolina Courage,Home
2823769923,706,7,2,93,11,c3v2ohfuzoqmc8ljm65hi80sj,1,38.0,70.6,2025-06-22T01:29:07.541Z,2025-06-24T15:55:24Z,"[{'id': 5779550251, 'qualifierId': 385}, {'id': 5777458563, 'qualifierId': 56, 'value': 'Back'}, {'id': 5777458577, 'qualifierId': 233, 'value': '771'}, {'id': 5777458565, 'qualifierId': 285}]",97ia01cyibu1l7qs8qexd2n3e,K. van Zanten,,,Houston Dash,Away
2823769961,707,12,2,93,13,c3v2ohfuzoqmc8ljm65hi80sj,1,35.2,66.1,2025-06-22T01:29:08.953Z,2025-06-22T01:43:42Z,"[{'id': 5777458773, 'qualifierId': 213, 'value': '5.85'}, {'id': 5777459353, 'qualifierId': 397}, {'id': 5777458771, 'qualifierId': 212, 'value': '4.5'}, {'id': 5777458767, 'qualifierId': 140, 'value': '39.1'}, {'id': 5777459355, 'qualifierId': 233, 'value': '772'}, {'id': 5777458769, 'qualifierId': 141, 'value': '63.3'}, {'id': 5777458765, 'qualifierId': 56, 'value': 'Back'}]",8ruvr2jnsfdub02rdh8q88s89,P. Nielsen,,,Houston Dash,Away
2823769931,772,74,2,93,13,b4fbmos00gxtk8qnaqsm392p5,1,64.3,34.2,2025-06-22T01:29:08.954Z,2025-06-22T01:29:47Z,"[{'id': 5777458593, 'qualifierId': 56, 'value': 'Center'}, {'id': 5777459351, 'qualifierId': 397}, {'id': 5777458595, 'qualifierId': 285}, {'id': 5777459369, 'qualifierId': 233, 'value': '707'}]",cwerr3zz6pqzzzqso9dx69fjd,A. Sanchez,,,North Carolina Courage,Home
2823769975,708,1,2,93,18,c3v2ohfuzoqmc8ljm65hi80sj,1,24.8,85.1,2025-06-22T01:29:14.520Z,2025-06-22T01:29:16Z,"[{'id': 5777458835, 'qualifierId': 140, 'value': '8.6'}, {'id': 5777458839, 'qualifierId': 212, 'value': '30.0'}, {'id': 5777458837, 'qualifierId': 141, 'value': '48.8'}, {'id': 5777458833, 'qualifierId': 56, 'value': 'Back'}, {'id': 5777458841, 'qualifierId': 213, 'value': '4.11'}]",cgfk0e62cesbgieslfge2p61h,S. Schmidt,,,Houston Dash,Away
2823769997,709,1,2,93,20,c3v2ohfuzoqmc8ljm65hi80sj,1,8.6,48.8,2025-06-22T01:29:15.960Z,2025-06-22T01:29:18Z,"[{'id': 5777458883, 'qualifierId': 140, 'value': '31.2'}, {'id': 5777458885, 'qualifierId': 141, 'value': '57.2'}, {'id': 5777458881, 'qualifierId': 56, 'value': 'Back'}, {'id': 5777458887, 'qualifierId': 212, 'value': '24.4'}, {'id': 5777458889, 'qualifierId': 213, 'value': '0.24'}]",53uflfknc5uus7iqw3obp5fx1,J. Campbell,,,Houston Dash,Away
2823770019,710,1,2,93,23,c3v2ohfuzoqmc8ljm65hi80sj,1,28.8,58.7,2025-06-22T01:29:18.735Z,2025-06-22T01:29:22Z,"[{'id': 5777458993, 'qualifierId': 140, 'value': '28.3'}, {'id': 5777458997, 'qualifierId': 212, 'value': '21.7'}, {'id': 5777458999, 'qualifierId': 213, 'value': '1.59'}, {'id': 5777458991, 'qualifierId': 56, 'value': 'Back'}, {'id': 5777458995, 'qualifierId': 141, 'value': '90.6'}]",95tl8tonvm6czhwzd6i5ep756,B. Olivieri,,,Houston Dash,Away
2823770023,711,1,2,93,27,c3v2ohfuzoqmc8ljm65hi80sj,0,31.0,89.4,2025-06-22T01:29:22.881Z,2025-06-22T01:29:24Z,"[{'id': 5777459047, 'qualifierId': 213, 'value': '0.19'}, {'id': 5777459039, 'qualifierId': 56, 'value': 'Left'}, {'id': 5777459041, 'qualifierId': 140, 'value': '72.5'}, {'id': 5777459045, 'qualifierId': 212, 'value': '44.4'}, {'id': 5777459049, 'qualifierId': 1}, {'id': 5777459043, 'qualifierId': 141, 'value': '100.0'}, {'id': 5777459037, 'qualifierId': 155}]",cgfk0e62cesbgieslfge2p61h,S. Schmidt,,,Houston Dash,Away
2823770025,712,5,2,93,27,c3v2ohfuzoqmc8ljm65hi80sj,0,72.8,101.8,2025-06-22T01:29:23.556Z,2025-06-22T01:54:25Z,"[{'id': 5777459057, 'qualifierId': 347}, {'id': 5777459055, 'qualifierId': 56, 'value': 'Left'}, {'id': 5777459147, 'qualifierId': 233, 'value': '773'}]",cgfk0e62cesbgieslfge2p61h,S. Schmidt,,,Houston Dash,Away
2823770031,773,5,2,93,27,b4fbmos00gxtk8qnaqsm392p5,1,27.2,-1.8,2025-06-22T01:29:23.556Z,2025-06-22T01:29:26Z,"[{'id': 5777459103, 'qualifierId': 347}, {'id': 5777459123, 'qualifierId': 233, 'value': '712'}, {'id': 5777459101, 'qualifierId': 56, 'value': 'Back'}]",cwerr3zz6pqzzzqso9dx69fjd,A. Sanchez,,,North Carolina Courage,Home
2823770107,774,1,2,93,44,b4fbmos00gxtk8qnaqsm392p5,0,26.9,0.0,2025-06-22T01:29:39.969Z,2025-06-24T15:56:31Z,"[{'id': 5777459537, 'qualifierId': 213, 'value': '0.39'}, {'id': 5777459531, 'qualifierId': 140, 'value': '38.2'}, {'id': 5777459535, 'qualifierId': 212, 'value': '12.8'}, {'id': 5777459529, 'qualifierId': 56, 'value': 'Back'}, {'id': 5777459527, 'qualifierId': 107}, {'id': 5777459533, 'qualifierId': 141, 'value': '5.2'}]",1x229gvjahkxp7w02bh0v36ga,R. Williams,,,North Carolina Courage,Home
2823770113,713,44,2,93,46,c3v2ohfuzoqmc8ljm65hi80sj,1,63.9,94.8,2025-06-22T01:29:41.952Z,2025-06-22T01:45:37Z,"[{'id': 5777459573, 'qualifierId': 56, 'value': 'Left'}, {'id': 5777459591, 'qualifierId': 233, 'value': '775'}, {'id': 5777459575, 'qualifierId': 286}]",cgfk0e62cesbgieslfge2p61h,S. Schmidt,,,Houston Dash,Away
2823770109,775,44,2,93,46,b4fbmos00gxtk8qnaqsm392p5,0,36.1,5.2,2025-06-22T01:29:41.953Z,2025-06-22T01:45:37Z,"[{'id': 5777459551, 'qualifierId': 56, 'value': 'Back'}, {'id': 5777459553, 'qualifierId': 285}, {'id': 5777459595, 'qualifierId': 233, 'value': '713'}]",4k83z2cdvn2kwb72kh8e8qfsa,J. Shaw,,,North Carolina Courage,Home
2823770119,714,1,2,93,47,c3v2ohfuzoqmc8ljm65hi80sj,0,67.5,95.1,2025-06-22T01:29:42.648Z,2025-06-22T01:29:43Z,"[{'id': 5777459613, 'qualifierId': 56, 'value': 'Left'}, {'id': 5777459611, 'qualifierId': 3}, {'id': 5777459615, 'qualifierId': 140, 'value': '72.0'}, {'id': 5777459619, 'qualifierId': 212, 'value': '6.3'}, {'id': 5777459621, 'qualifierId': 213, 'value': '0.73'}, {'id': 5777459617, 'qualifierId': 141, 'value': '100.0'}]",cgfk0e62cesbgieslfge2p61h,S. Schmidt,,,Houston Dash,Away
2823770125,715,5,2,93,47,c3v2ohfuzoqmc8ljm65hi80sj,0,68.4,101.4,2025-06-22T01:29:42.740Z,2025-06-22T01:54:25Z,"[{'id': 5777459641, 'qualifierId': 347}, {'id': 5777459647, 'qualifierId': 233, 'value': '776'}, {'id': 5777459639, 'qualifierId': 56, 'value': 'Left'}]",cgfk0e62cesbgieslfge2p61h,S. Schmidt,,,Houston Dash,Away
2823770123,776,5,2,93,47,b4fbmos00gxtk8qnaqsm392p5,1,31.6,-1.4,2025-06-22T01:29:42.740Z,2025-06-22T01:54:25Z,"[{'id': 5777459643, 'qualifierId': 233, 'value': '715'}, {'id': 5777459637, 'qualifierId': 347}, {'id': 5777459635, 'qualifierId': 56, 'value': 'Back'}]",4k83z2cdvn2kwb72kh8e8qfsa,J. Shaw,,,North Carolina Courage,Home
2823770179,777,1,2,93,58,b4fbmos00gxtk8qnaqsm392p5,1,37.5,0.0,2025-06-22T01:29:53.785Z,2025-06-22T01:29:55Z,"[{'id': 5777459927, 'qualifierId': 212, 'value': '24.7'}, {'id': 5777459919, 'qualifierId': 107}, {'id': 5777459921, 'qualifierId': 56, 'value': 'Right'}, {'id': 5777459925, 'qualifierId': 141, 'value': '7.7'}, {'id': 5777459929, 'qualifierId': 213, 'value': '0.25'}, {'id': 5777459923, 'qualifierId': 140, 'value': '60.3'}, {'id': 5777459931, 'qualifierId': 1}]",1x229gvjahkxp7w02bh0v36ga,R. Williams,,,North Carolina Courage,Home
2823770183,778,61,2,94,0,b4fbmos00gxtk8qnaqsm392p5,0,60.6,4.7,2025-06-22T01:29:55.906Z,2025-06-22T01:29:56Z,"[{'id': 5777459943, 'qualifierId': 56, 'value': 'Right'}]",4k83z2cdvn2kwb72kh8e8qfsa,J. Shaw,,,North Carolina Courage,Home
2823770205,716,5,2,94,0,c3v2ohfuzoqmc8ljm65hi80sj,1,41.7,101.2,2025-06-22T01:29:56.427Z,2025-06-22T01:54:25Z,"[{'id': 5777460089, 'qualifierId': 233, 'value': '779'}, {'id': 5777460067, 'qualifierId': 56, 'value': 'Back'}, {'id': 5777460069, 'qualifierId': 347}]",cgfk0e62cesbgieslfge2p61h,S. Schmidt,,,Houston Dash,Away
2823770185,779,5,2,94,0,b4fbmos00gxtk8qnaqsm392p5,0,58.3,-1.2,2025-06-22T01:29:56.427Z,2025-06-22T01:54:26Z,"[{'id': 5777460097, 'qualifierId': 233, 'value': '716'}, {'id': 5777459949, 'qualifierId': 56, 'value': 'Right'}, {'id': 5777459951, 'qualifierId': 347}]",4k83z2cdvn2kwb72kh8e8qfsa,J. Shaw,,,North Carolina Courage,Home
2823770233,717,1,2,94,5,c3v2ohfuzoqmc8ljm65hi80sj,1,45.9,100.0,2025-06-22T01:30:00.880Z,2025-06-22T01:30:05Z,"[{'id': 5777460207, 'qualifierId': 107}, {'id': 5777460217, 'qualifierId': 213, 'value': '5.98'}, {'id': 5777460211, 'qualifierId': 140, 'value': '65.2'}, {'id': 5777460209, 'qualifierId': 56, 'value': 'Left'}, {'id': 5777460215, 'qualifierId': 212, 'value': '21.2'}, {'id': 5777460213, 'qualifierId': 141, 'value': '92.0'}]",1xgse8t4dm0decmpzebsphvfu,Y. Ryan,,,Houston Dash,Away
2823770239,718,1,2,94,9,c3v2ohfuzoqmc8ljm65hi80sj,0,62.2,96.3,2025-06-22T01:30:05.008Z,2025-06-22T01:30:05Z,"[{'id': 5777460261, 'qualifierId': 56, 'value': 'Left'}, {'id': 5777460265, 'qualifierId': 141, 'value': '100.0'}, {'id': 5777460267, 'qualifierId': 212, 'value': '7.7'}, {'id': 5777460269, 'qualifierId': 213, 'value': '2.70'}, {'id': 5777460263, 'qualifierId': 140, 'value': '55.6'}]",95tl8tonvm6czhwzd6i5ep756,B. Olivieri,,,Houston Dash,Away
2823770243,719,5,2,94,9,c3v2ohfuzoqmc8ljm65hi80sj,0,55.0,101.0,2025-06-22T01:30:05.154Z,2025-06-22T01:54:26Z,"[{'id': 5777460281, 'qualifierId': 56, 'value': 'Left'}, {'id': 5777460283, 'qualifierId': 347}, {'id': 5777460315, 'qualifierId': 233, 'value': '780'}]",95tl8tonvm6czhwzd6i5ep756,B. Olivieri,,,Houston Dash,Away
2823770247,780,5,2,94,9,b4fbmos00gxtk8qnaqsm392p5,1,45.0,-1.0,2025-06-22T01:30:05.154Z,2025-06-22T01:30:08Z,"[{'id': 5777460303, 'qualifierId': 233, 'value': '719'}, {'id': 5777460299, 'qualifierId': 56, 'value': 'Back'}, {'id': 5777460301, 'qualifierId': 347}]",4k83z2cdvn2kwb72kh8e8qfsa,J. Shaw,,,North Carolina Courage,Home
2823770283,781,1,2,94,16,b4fbmos00gxtk8qnaqsm392p5,0,46.3,0.0,2025-06-22T01:30:12.433Z,2025-06-22T01:30:15Z,"[{'id': 5777460495, 'qualifierId': 140, 'value': '63.3'}, {'id': 5777460491, 'qualifierId': 107}, {'id': 5777460499, 'qualifierId': 212, 'value': '18.8'}, {'id': 5777460497, 'qualifierId': 141, 'value': '8.0'}, {'id': 5777460493, 'qualifierId': 56, 'value': 'Right'}, {'id': 5777460501, 'qualifierId': 213, 'value': '0.32'}]",1x229gvjahkxp7w02bh0v36ga,R. Williams,,,North Carolina Courage,Home
2823770291,720,44,2,94,18,c3v2ohfuzoqmc8ljm65hi80sj,1,38.2,93.6,2025-06-22T01:30:14.464Z,2025-06-22T01:30:17Z,"[{'id': 5777460509, 'qualifierId': 56, 'value': 'Back'}, {'id': 5777460511, 'qualifierId': 285}, {'id': 5777460517, 'qualifierId': 233, 'value': '782'}]",cgfk0e62cesbgieslfge2p61h,S. Schmidt,,,Houston Dash,Away
2823770287,782,44,2,94,18,b4fbmos00gxtk8qnaqsm392p5,0,61.8,6.4,2025-06-22T01:30:14.465Z,2025-06-22T01:30:18Z,"[{'id': 5777460507, 'qualifierId': 286}, {'id': 5777460505, 'qualifierId': 56, 'value': 'Right'}, {'id': 5777460523, 'qualifierId': 233, 'value': '720'}]",4k83z2cdvn2kwb72kh8e8qfsa,J. Shaw,,,North Carolina Courage,Home
2823770305,721,12,2,94,19,c3v2ohfuzoqmc8ljm65hi80sj,1,40.4,95.9,2025-06-22T01:30:15.239Z,2025-06-24T15:57:03Z,"[{'id': 5777460629, 'qualifierId': 141, 'value': '100.0'}, {'id': 5777460627, 'qualifierId': 140, 'value': '39.1'}, {'id': 5779550807, 'qualifierId': 167}, {'id': 5779550805, 'qualifierId': 15}, {'id': 5777460633, 'qualifierId': 213, 'value': '1.90'}, {'id': 5777460625, 'qualifierId': 56, 'value': 'Back'}, {'id': 5777460631, 'qualifierId': 212, 'value': '4.2'}]",cgfk0e62cesbgieslfge2p61h,S. Schmidt,,,Houston Dash,Away
2823770307,722,5,2,94,19,c3v2ohfuzoqmc8ljm65hi80sj,0,38.1,101.6,2025-06-22T01:30:15.394Z,2025-06-22T01:54:26Z,"[{'id': 5777460639, 'qualifierId': 347}, {'id': 5777460637, 'qualifierId': 56, 'value': 'Back'}, {'id': 5777460645, 'qualifierId': 233, 'value': '783'}]",cgfk0e62cesbgieslfge2p61h,S. Schmidt,,,Houston Dash,Away
2823770299,783,5,2,94,19,b4fbmos00gxtk8qnaqsm392p5,1,61.9,-1.6,2025-06-22T01:30:15.394Z,2025-06-22T01:54:26Z,"[{'id': 5777460551, 'qualifierId': 56, 'value': 'Right'}, {'id': 5777460641, 'qualifierId': 233, 'value': '722'}, {'id': 5777460553, 'qualifierId': 347}]",4k83z2cdvn2kwb72kh8e8qfsa,J. Shaw,,,North Carolina Courage,Home
2823770341,784,1,2,94,29,b4fbmos00gxtk8qnaqsm392p5,0,63.6,0.0,2025-06-22T01:30:25.153Z,2025-06-22T01:30:26Z,"[{'id': 5777460819, 'qualifierId': 141, 'value': '9.4'}, {'id': 5777460815, 'qualifierId': 140, 'value': '75.0'}, {'id': 5777460809, 'qualifierId': 56, 'value': 'Right'}, {'id': 5777460825, 'qualifierId': 213, 'value': '0.55'}, {'id': 5777460807, 'qualifierId': 107}, {'id': 5777460823, 'qualifierId': 212, 'value': '14.0'}]",1x229gvjahkxp7w02bh0v36ga,R. Williams,,,North Carolina Courage,Home
2823770353,723,1,2,94,31,c3v2ohfuzoqmc8ljm65hi80sj,1,26.2,92.9,2025-06-22T01:30:27.208Z,2025-06-22T01:30:29Z,"[{'id': 5777460895, 'qualifierId': 213, 'value': '5.47'}, {'id': 5777460891, 'qualifierId': 141, 'value': '82.4'}, {'id': 5777460885, 'qualifierId': 3}, {'id': 5777460893, 'qualifierId': 212, 'value': '9.8'}, {'id': 5777460887, 'qualifierId': 56, 'value': 'Back'}, {'id': 5777460889, 'qualifierId': 140, 'value': '32.6'}]",cgfk0e62cesbgieslfge2p61h,S. Schmidt,,,Houston Dash,Away
2823770355,724,49,2,94,33,c3v2ohfuzoqmc8ljm65hi80sj,1,32.5,80.6,2025-06-22T01:30:29.024Z,2025-06-22T01:30:45Z,[],97ia01cyibu1l7qs8qexd2n3e,K. van Zanten,,,Houston Dash,Away
2823770383,725,1,2,94,38,c3v2ohfuzoqmc8ljm65hi80sj,0,38.8,69.1,2025-06-22T01:30:34.439Z,2025-06-22T01:30:35Z,"[{'id': 5777461043, 'qualifierId': 236}, {'id': 5777461049, 'qualifierId': 286}, {'id': 5777461045, 'qualifierId': 233, 'value': '785'}, {'id': 5777461027, 'qualifierId': 56, 'value': 'Back'}, {'id': 5777461031, 'qualifierId': 141, 'value': '57.6'}, {'id': 5777461035, 'qualifierId': 213, 'value': '4.77'}, {'id': 5777461033, 'qualifierId': 212, 'value': '7.8'}, {'id': 5777461029, 'qualifierId': 140, 'value': '39.2'}]",97ia01cyibu1l7qs8qexd2n3e,K. van Zanten,,,Houston Dash,Away
2823770387,785,74,2,94,38,b4fbmos00gxtk8qnaqsm392p5,1,60.9,37.4,2025-06-22T01:30:34.440Z,2025-06-22T01:43:29Z,"[{'id': 5777461041, 'qualifierId': 285}, {'id': 5777461051, 'qualifierId': 233, 'value': '725'}, {'id': 5777461039, 'qualifierId': 56, 'value': 'Center'}]",90bm7jsl7sjqiel7u2tv0vgq2,M. Matsukubo,,,North Carolina Courage,Home
2823770493,787,43,2,94,40,b4fbmos00gxtk8qnaqsm392p5,1,0.0,0.0,2025-06-22T01:30:35.705Z,2025-06-24T15:57:27Z,"[{'id': 5777461683, 'qualifierId': 56, 'value': 'Center'}, {'id': 5777461691, 'qualifierId': 213, 'value': '2.94'}, {'id': 5777461689, 'qualifierId': 212, 'value': '7.2'}, {'id': 5777461685, 'qualifierId': 140, 'value': '61.5'}, {'id': 5779550959, 'qualifierId': 144, 'value': '1'}, {'id': 5777461687, 'qualifierId': 141, 'value': '26.4'}]",2sylxhwmisg8f763p2t1q934k,H. Betfort,,,North Carolina Courage,Home
2823770403,726,4,2,94,41,c3v2ohfuzoqmc8ljm65hi80sj,1,32.8,85.4,2025-06-22T01:30:37.176Z,2025-06-22T01:31:12Z,"[{'id': 5777461159, 'qualifierId': 152}, {'id': 5777461155, 'qualifierId': 13}, {'id': 5777461157, 'qualifierId': 56, 'value': 'Back'}, {'id': 5777461973, 'qualifierId': 294}, {'id': 5777461165, 'qualifierId': 233, 'value': '786'}, {'id': 5777461169, 'qualifierId': 285}]",cgfk0e62cesbgieslfge2p61h,S. Schmidt,,,Houston Dash,Away
2823770399,786,4,2,94,41,b4fbmos00gxtk8qnaqsm392p5,0,67.2,14.6,2025-06-22T01:30:37.177Z,2025-06-22T01:30:59Z,"[{'id': 5777461175, 'qualifierId': 233, 'value': '726'}, {'id': 5777461139, 'qualifierId': 152}, {'id': 5777461135, 'qualifierId': 13}, {'id': 5777461735, 'qualifierId': 294}, {'id': 5777461143, 'qualifierId': 286}, {'id': 5777461137, 'qualifierId': 56, 'value': 'Right'}]",2sylxhwmisg8f763p2t1q934k,H. Betfort,,,North Carolina Courage,Home
2823770743,727,1,2,95,55,c3v2ohfuzoqmc8ljm65hi80sj,0,31.6,82.4,2025-06-22T01:31:50.704Z,2025-06-22T01:31:54Z,"[{'id': 5777462967, 'qualifierId': 56, 'value': 'Left'}, {'id': 5777462971, 'qualifierId': 141, 'value': '82.4'}, {'id': 5777462975, 'qualifierId': 213, 'value': '0.00'}, {'id': 5777462973, 'qualifierId': 212, 'value': '55.9'}, {'id': 5777462977, 'qualifierId': 1}, {'id': 5777462961, 'qualifierId': 5}, {'id': 5777462965, 'qualifierId': 152}, {'id': 5777462969, 'qualifierId': 140, 'value': '84.8'}, {'id': 5777462963, 'qualifierId': 157}]",53uflfknc5uus7iqw3obp5fx1,J. Campbell,,,Houston Dash,Away
2823770745,788,12,2,95,58,b4fbmos00gxtk8qnaqsm392p5,1,19.4,22.4,2025-06-22T01:31:54.320Z,2025-06-22T01:31:55Z,"[{'id': 5777462985, 'qualifierId': 212, 'value': '9.1'}, {'id': 5777462981, 'qualifierId': 140, 'value': '26.1'}, {'id': 5777462989, 'qualifierId': 15}, {'id': 5777462983, 'qualifierId': 141, 'value': '13.8'}, {'id': 5777462987, 'qualifierId': 213, 'value': '5.59'}, {'id': 5777462979, 'qualifierId': 56, 'value': 'Back'}]",1x229gvjahkxp7w02bh0v36ga,R. Williams,,,North Carolina Courage,Home
2823770753,789,50,2,96,0,b4fbmos00gxtk8qnaqsm392p5,1,24.0,12.6,2025-06-22T01:31:56.386Z,2025-06-22T01:43:41Z,"[{'id': 5777463115, 'qualifierId': 233, 'value': '728'}, {'id': 5777463011, 'qualifierId': 285}, {'id': 5777463009, 'qualifierId': 56, 'value': 'Back'}]",4k83z2cdvn2kwb72kh8e8qfsa,J. Shaw,,,North Carolina Courage,Home
2823770765,728,7,2,96,0,c3v2ohfuzoqmc8ljm65hi80sj,1,76.0,87.4,2025-06-22T01:31:56.387Z,2025-06-24T15:57:59Z,"[{'id': 5779551223, 'qualifierId': 384}, {'id': 5777463111, 'qualifierId': 233, 'value': '789'}, {'id': 5777463087, 'qualifierId': 286}, {'id': 5777463085, 'qualifierId': 56, 'value': 'Left'}]",cgfk0e62cesbgieslfge2p61h,S. Schmidt,,,Houston Dash,Away
2823770769,729,43,2,96,3,c3v2ohfuzoqmc8ljm65hi80sj,1,0.0,0.0,2025-06-22T01:31:58.673Z,2025-06-22T01:32:18Z,"[{'id': 5777463539, 'qualifierId': 144, 'value': '49'}]",1xgse8t4dm0decmpzebsphvfu,Y. Ryan,,,Houston Dash,Away
2823770771,730,1,2,96,3,c3v2ohfuzoqmc8ljm65hi80sj,1,81.6,85.4,2025-06-22T01:31:58.924Z,2025-06-22T01:32:00Z,"[{'id': 5777463139, 'qualifierId': 213, 'value': '3.47'}, {'id': 5777463137, 'qualifierId': 212, 'value': '7.9'}, {'id': 5777463131, 'qualifierId': 56, 'value': 'Left'}, {'id': 5777463135, 'qualifierId': 141, 'value': '81.7'}, {'id': 5777463133, 'qualifierId': 140, 'value': '74.5'}]",1xgse8t4dm0decmpzebsphvfu,Y. Ryan,,,Houston Dash,Away
2823770791,731,1,2,96,4,c3v2ohfuzoqmc8ljm65hi80sj,1,75.6,82.9,2025-06-22T01:31:59.984Z,2025-06-22T01:32:02Z,"[{'id': 5777463255, 'qualifierId': 56, 'value': 'Center'}, {'id': 5777463257, 'qualifierId': 140, 'value': '95.8'}, {'id': 5777463263, 'qualifierId': 213, 'value': '6.01'}, {'id': 5777463259, 'qualifierId': 141, 'value': '74.2'}, {'id': 5777463261, 'qualifierId': 212, 'value': '22.0'}]",97ia01cyibu1l7qs8qexd2n3e,K. van Zanten,,,Houston Dash,Away
2823770797,732,1,2,96,7,c3v2ohfuzoqmc8ljm65hi80sj,0,95.8,74.2,2025-06-22T01:32:02.663Z,2025-06-22T01:32:03Z,"[{'id': 5777463281, 'qualifierId': 56, 'value': 'Center'}, {'id': 5777463285, 'qualifierId': 141, 'value': '56.4'}, {'id': 5777463289, 'qualifierId': 213, 'value': '4.69'}, {'id': 5777463287, 'qualifierId': 212, 'value': '12.1'}, {'id': 5777463283, 'qualifierId': 140, 'value': '95.5'}]",cgfk0e62cesbgieslfge2p61h,S. Schmidt,,,Houston Dash,Away
2823770795,790,52,2,96,7,b4fbmos00gxtk8qnaqsm392p5,1,2.6,44.2,2025-06-22T01:32:02.896Z,2025-06-24T15:58:08Z,"[{'id': 5779551327, 'qualifierId': 376}]",3qj9t05behkav9okd8n2wywh5,C. Murphy,,,North Carolina Courage,Home
2823770881,791,1,2,96,25,b4fbmos00gxtk8qnaqsm392p5,0,15.6,34.3,2025-06-22T01:32:21.113Z,2025-06-22T01:32:25Z,"[{'id': 5777463747, 'qualifierId': 212, 'value': '52.5'}, {'id': 5777463739, 'qualifierId': 199}, {'id': 5777463751, 'qualifierId': 1}, {'id': 5777463749, 'qualifierId': 213, 'value': '5.98'}, {'id': 5777463745, 'qualifierId': 141, 'value': '11.6'}, {'id': 5777463741, 'qualifierId': 56, 'value': 'Right'}, {'id': 5777463743, 'qualifierId': 140, 'value': '63.4'}]",3qj9t05behkav9okd8n2wywh5,C. Murphy,,,North Carolina Courage,Home
2823770897,733,49,2,96,32,c3v2ohfuzoqmc8ljm65hi80sj,1,42.3,94.5,2025-06-22T01:32:28.455Z,2025-06-22T01:32:28Z,[],97ia01cyibu1l7qs8qexd2n3e,K. van Zanten,,,Houston Dash,Away
2823770913,734,1,2,96,33,c3v2ohfuzoqmc8ljm65hi80sj,0,44.2,89.7,2025-06-22T01:32:29.496Z,2025-06-22T01:32:33Z,"[{'id': 5777463897, 'qualifierId': 212, 'value': '60.7'}, {'id': 5777463899, 'qualifierId': 213, 'value': '6.17'}, {'id': 5777463891, 'qualifierId': 56, 'value': 'Left'}, {'id': 5777463895, 'qualifierId': 141, 'value': '79.9'}, {'id': 5777463901, 'qualifierId': 1}, {'id': 5777463889, 'qualifierId': 157}, {'id': 5777463893, 'qualifierId': 140, 'value': '100.0'}]",97ia01cyibu1l7qs8qexd2n3e,K. van Zanten,,,Houston Dash,Away
2823771027,735,5,2,96,36,c3v2ohfuzoqmc8ljm65hi80sj,0,101.4,80.7,2025-06-22T01:32:32.569Z,2025-06-22T01:54:27Z,"[{'id': 5777464599, 'qualifierId': 56, 'value': 'Left'}, {'id': 5777464611, 'qualifierId': 233, 'value': '792'}, {'id': 5777464601, 'qualifierId': 346}]",97ia01cyibu1l7qs8qexd2n3e,K. van Zanten,,,Houston Dash,Away
2823770919,792,5,2,96,36,b4fbmos00gxtk8qnaqsm392p5,1,-1.4,19.3,2025-06-22T01:32:32.569Z,2025-06-22T01:54:27Z,"[{'id': 5777463953, 'qualifierId': 346}, {'id': 5777464603, 'qualifierId': 233, 'value': '735'}, {'id': 5777463951, 'qualifierId': 56, 'value': 'Back'}]",cbco4ht0d7uk1thgam6vc0ep6,M. Bell,,,North Carolina Courage,Home
2823771025,793,1,2,97,11,b4fbmos00gxtk8qnaqsm392p5,0,4.8,59.1,2025-06-22T01:33:07.448Z,2025-06-22T01:33:09Z,"[{'id': 5777464597, 'qualifierId': 74}, {'id': 5777464587, 'qualifierId': 140, 'value': '45.8'}, {'id': 5777464591, 'qualifierId': 212, 'value': '43.9'}, {'id': 5777464583, 'qualifierId': 124}, {'id': 5777464595, 'qualifierId': 1}, {'id': 5777464593, 'qualifierId': 213, 'value': '0.20'}, {'id': 5777464585, 'qualifierId': 56, 'value': 'Back'}, {'id': 5777464589, 'qualifierId': 141, 'value': '71.8'}]",3qj9t05behkav9okd8n2wywh5,C. Murphy,,,North Carolina Courage,Home
2823771033,736,1,2,97,15,c3v2ohfuzoqmc8ljm65hi80sj,0,57.4,32.5,2025-06-22T01:33:10.671Z,2025-06-22T01:33:11Z,"[{'id': 5777464619, 'qualifierId': 3}, {'id': 5777464627, 'qualifierId': 212, 'value': '16.3'}, {'id': 5777464623, 'qualifierId': 140, 'value': '72.7'}, {'id': 5777464629, 'qualifierId': 213, 'value': '0.16'}, {'id': 5777464621, 'qualifierId': 56, 'value': 'Center'}, {'id': 5777464625, 'qualifierId': 141, 'value': '36.4'}]",cgfk0e62cesbgieslfge2p61h,S. Schmidt,,,Houston Dash,Away
2823771041,794,12,2,97,15,b4fbmos00gxtk8qnaqsm392p5,1,33.0,64.8,2025-06-22T01:33:11.393Z,2025-06-22T01:37:37Z,"[{'id': 5777464669, 'qualifierId': 56, 'value': 'Center'}, {'id': 5777464677, 'qualifierId': 213, 'value': '0.03'}, {'id': 5777464673, 'qualifierId': 141, 'value': '66.3'}, {'id': 5777464675, 'qualifierId': 212, 'value': '34.1'}, {'id': 5777469223, 'qualifierId': 15}, {'id': 5777464671, 'qualifierId': 140, 'value': '65.5'}]",1p3bwk03ay87hp2nwrl3tfxwq,K. Kurtz,,,North Carolina Courage,Home
2823771045,737,1,2,97,20,c3v2ohfuzoqmc8ljm65hi80sj,1,53.3,43.0,2025-06-22T01:33:15.951Z,2025-06-22T01:33:18Z,"[{'id': 5777464703, 'qualifierId': 212, 'value': '5.9'}, {'id': 5777464695, 'qualifierId': 3}, {'id': 5777464701, 'qualifierId': 141, 'value': '34.6'}, {'id': 5777464705, 'qualifierId': 213, 'value': '4.48'}, {'id': 5777464697, 'qualifierId': 56, 'value': 'Center'}, {'id': 5777464699, 'qualifierId': 140, 'value': '52.0'}]",8ruvr2jnsfdub02rdh8q88s89,P. Nielsen,,,Houston Dash,Away
2823771051,795,43,2,97,21,b4fbmos00gxtk8qnaqsm392p5,1,0.0,0.0,2025-06-22T01:33:17.040Z,2025-06-22T01:37:48Z,"[{'id': 5777469389, 'qualifierId': 144, 'value': '1'}, {'id': 5777464741, 'qualifierId': 212, 'value': '15.5'}, {'id': 5777464737, 'qualifierId': 140, 'value': '62.6'}, {'id': 5777464743, 'qualifierId': 213, 'value': '0.98'}, {'id': 5777464733, 'qualifierId': 3, 'value': '0'}, {'id': 5777464735, 'qualifierId': 56, 'value': 'Center'}, {'id': 5777464739, 'qualifierId': 141, 'value': '74.1'}]",2sylxhwmisg8f763p2t1q934k,H. Betfort,,,North Carolina Courage,Home
2823771049,738,1,2,97,22,c3v2ohfuzoqmc8ljm65hi80sj,0,49.5,31.6,2025-06-22T01:33:18.016Z,2025-06-22T01:33:18Z,"[{'id': 5777464713, 'qualifierId': 3}, {'id': 5777464715, 'qualifierId': 56, 'value': 'Center'}, {'id': 5777464719, 'qualifierId': 141, 'value': '41.0'}, {'id': 5777464723, 'qualifierId': 213, 'value': '0.64'}, {'id': 5777464721, 'qualifierId': 212, 'value': '10.7'}, {'id': 5777464717, 'qualifierId': 140, 'value': '57.7'}]",22rwy15pz3noi4av4wb3i0wh6,M. Graham,,,Houston Dash,Away
2823771863,822,1,2,97,23,b4fbmos00gxtk8qnaqsm392p5,0,55.6,61.1,2025-06-22T01:33:18.582Z,2025-06-22T01:50:03Z,"[{'id': 5777469597, 'qualifierId': 212, 'value': '5.6'}, {'id': 5777469595, 'qualifierId': 141, 'value': '66.9'}, {'id': 5777469591, 'qualifierId': 56, 'value': 'Center'}, {'id': 5777469599, 'qualifierId': 213, 'value': '0.78'}, {'id': 5777469593, 'qualifierId': 140, 'value': '59.4'}, {'id': 5777469589, 'qualifierId': 3}]",2sylxhwmisg8f763p2t1q934k,H. Betfort,,,North Carolina Courage,Home
2823771053,796,61,2,97,24,b4fbmos00gxtk8qnaqsm392p5,0,62.6,74.1,2025-06-22T01:33:20.008Z,2025-06-22T01:33:20Z,"[{'id': 5777464747, 'qualifierId': 56, 'value': 'Center'}]",cwerr3zz6pqzzzqso9dx69fjd,A. Sanchez,,,North Carolina Courage,Home
2823771067,739,49,2,97,29,c3v2ohfuzoqmc8ljm65hi80sj,1,27.3,11.1,2025-06-22T01:33:25.063Z,2025-06-22T01:33:25Z,[],22rwy15pz3noi4av4wb3i0wh6,M. Graham,,,Houston Dash,Away
2823771077,740,1,2,97,29,c3v2ohfuzoqmc8ljm65hi80sj,1,27.3,11.1,2025-06-22T01:33:25.303Z,2025-06-22T01:33:26Z,"[{'id': 5777464865, 'qualifierId': 213, 'value': '2.45'}, {'id': 5777464861, 'qualifierId': 141, 'value': '35.5'}, {'id': 5777464859, 'qualifierId': 140, 'value': '8.4'}, {'id': 5777464863, 'qualifierId': 212, 'value': '25.9'}, {'id': 5777464857, 'qualifierId': 56, 'value': 'Back'}]",22rwy15pz3noi4av4wb3i0wh6,M. Graham,,,Houston Dash,Away
2823771085,741,1,2,97,30,c3v2ohfuzoqmc8ljm65hi80sj,1,8.2,35.4,2025-06-22T01:33:26.456Z,2025-06-22T01:33:31Z,"[{'id': 5777464907, 'qualifierId': 56, 'value': 'Center'}, {'id': 5777464917, 'qualifierId': 1}, {'id': 5777464915, 'qualifierId': 213, 'value': '6.20'}, {'id': 5777464911, 'qualifierId': 141, 'value': '29.1'}, {'id': 5777464909, 'qualifierId': 140, 'value': '56.9'}, {'id': 5777464905, 'qualifierId': 157}, {'id': 5777464913, 'qualifierId': 212, 'value': '51.3'}]",53uflfknc5uus7iqw3obp5fx1,J. Campbell,,,Houston Dash,Away
2823771089,742,61,2,97,34,c3v2ohfuzoqmc8ljm65hi80sj,0,43.8,28.2,2025-06-22T01:33:29.887Z,2025-06-22T01:49:55Z,"[{'id': 5777464937, 'qualifierId': 56, 'value': 'Back'}]",22rwy15pz3noi4av4wb3i0wh6,M. Graham,,,Houston Dash,Away
2823771083,797,49,2,97,35,b4fbmos00gxtk8qnaqsm392p5,1,59.3,67.6,2025-06-22T01:33:31.297Z,2025-06-22T01:38:37Z,[],90bm7jsl7sjqiel7u2tv0vgq2,M. Matsukubo,,,North Carolina Courage,Home
2823773023,765,45,2,97,37,c3v2ohfuzoqmc8ljm65hi80sj,0,42.8,36.8,2025-06-22T01:33:32.582Z,2025-06-22T01:53:53Z,"[{'id': 5777476547, 'qualifierId': 56, 'value': 'Back'}, {'id': 5777476549, 'qualifierId': 285}, {'id': 5777476567, 'qualifierId': 233, 'value': '823'}]",cgfk0e62cesbgieslfge2p61h,S. Schmidt,,,Houston Dash,Away
2823771935,823,3,2,97,37,b4fbmos00gxtk8qnaqsm392p5,1,57.2,63.2,2025-06-22T01:33:32.582Z,2025-06-24T15:59:37Z,"[{'id': 5777476563, 'qualifierId': 233, 'value': '765'}, {'id': 5777470119, 'qualifierId': 56, 'value': 'Center'}, {'id': 5779551979, 'qualifierId': 464}, {'id': 5777470121, 'qualifierId': 286}]",90bm7jsl7sjqiel7u2tv0vgq2,M. Matsukubo,,,North Carolina Courage,Home
2823771097,798,1,2,97,38,b4fbmos00gxtk8qnaqsm392p5,1,55.6,54.3,2025-06-22T01:33:33.895Z,2025-06-22T01:38:39Z,"[{'id': 5777464989, 'qualifierId': 213, 'value': '4.44'}, {'id': 5777464987, 'qualifierId': 212, 'value': '5.9'}, {'id': 5777464981, 'qualifierId': 56, 'value': 'Center'}, {'id': 5777464985, 'qualifierId': 141, 'value': '46.0'}, {'id': 5777464983, 'qualifierId': 140, 'value': '54.1'}]",90bm7jsl7sjqiel7u2tv0vgq2,M. Matsukubo,,,North Carolina Courage,Home
2823771111,799,1,2,97,40,b4fbmos00gxtk8qnaqsm392p5,1,54.1,46.0,2025-06-22T01:33:35.968Z,2025-06-22T01:40:37Z,"[{'id': 5777465129, 'qualifierId': 212, 'value': '18.5'}, {'id': 5777465121, 'qualifierId': 157}, {'id': 5777465125, 'qualifierId': 140, 'value': '67.8'}, {'id': 5777465133, 'qualifierId': 1}, {'id': 5777465123, 'qualifierId': 56, 'value': 'Center'}, {'id': 5777465131, 'qualifierId': 213, 'value': '0.68'}, {'id': 5777465127, 'qualifierId': 141, 'value': '63.1'}]",1x229gvjahkxp7w02bh0v36ga,R. Williams,,,North Carolina Courage,Home
2823771141,800,1,2,97,43,b4fbmos00gxtk8qnaqsm392p5,0,68.4,67.1,2025-06-22T01:33:38.878Z,2025-06-22T01:39:21Z,"[{'id': 5777470869, 'qualifierId': 1}, {'id': 5777470865, 'qualifierId': 212, 'value': '37.5'}, {'id': 5777470861, 'qualifierId': 140, 'value': '80.9'}, {'id': 5777470863, 'qualifierId': 141, 'value': '15.4'}, {'id': 5777470857, 'qualifierId': 155}, {'id': 5777470867, 'qualifierId': 213, 'value': '5.07'}, {'id': 5777470859, 'qualifierId': 56, 'value': 'Right'}]",cwerr3zz6pqzzzqso9dx69fjd,A. Sanchez,,,North Carolina Courage,Home
2823771115,743,1,2,97,52,c3v2ohfuzoqmc8ljm65hi80sj,0,5.1,86.2,2025-06-22T01:33:47.880Z,2025-06-22T01:33:48Z,"[{'id': 5777465157, 'qualifierId': 140, 'value': '27.3'}, {'id': 5777465163, 'qualifierId': 213, 'value': '0.32'}, {'id': 5777465161, 'qualifierId': 212, 'value': '24.6'}, {'id': 5777465159, 'qualifierId': 141, 'value': '97.7'}, {'id': 5777465155, 'qualifierId': 56, 'value': 'Back'}, {'id': 5777465153, 'qualifierId': 155}]",8ruvr2jnsfdub02rdh8q88s89,P. Nielsen,,,Houston Dash,Away
2823771143,801,1,2,97,57,b4fbmos00gxtk8qnaqsm392p5,1,62.8,3.5,2025-06-22T01:33:52.953Z,2025-06-22T01:40:00Z,"[{'id': 5777471839, 'qualifierId': 213, 'value': '2.89'}, {'id': 5777471837, 'qualifierId': 212, 'value': '26.3'}, {'id': 5777471831, 'qualifierId': 56, 'value': 'Back'}, {'id': 5777471835, 'qualifierId': 141, 'value': '13.1'}, {'id': 5777471833, 'qualifierId': 140, 'value': '38.5'}]",1x229gvjahkxp7w02bh0v36ga,R. Williams,,,North Carolina Courage,Home
2823771145,802,1,2,98,0,b4fbmos00gxtk8qnaqsm392p5,0,38.0,16.8,2025-06-22T01:33:56.145Z,2025-06-22T01:40:18Z,"[{'id': 5777472183, 'qualifierId': 1}, {'id': 5777472177, 'qualifierId': 141, 'value': '18.2'}, {'id': 5777472181, 'qualifierId': 213, 'value': '0.03'}, {'id': 5777472179, 'qualifierId': 212, 'value': '36.2'}, {'id': 5777472171, 'qualifierId': 157}, {'id': 5777472175, 'qualifierId': 140, 'value': '72.5'}, {'id': 5777472173, 'qualifierId': 56, 'value': 'Right'}]",cbco4ht0d7uk1thgam6vc0ep6,M. Bell,,,North Carolina Courage,Home
2823771153,744,1,2,98,5,c3v2ohfuzoqmc8ljm65hi80sj,0,22.9,74.7,2025-06-22T01:34:01.183Z,2025-06-22T01:34:01Z,"[{'id': 5777465337, 'qualifierId': 213, 'value': '0.49'}, {'id': 5777465331, 'qualifierId': 140, 'value': '41.1'}, {'id': 5777465335, 'qualifierId': 212, 'value': '21.6'}, {'id': 5777465327, 'qualifierId': 3}, {'id': 5777465329, 'qualifierId': 56, 'value': 'Back'}, {'id': 5777465333, 'qualifierId': 141, 'value': '89.6'}]",8ruvr2jnsfdub02rdh8q88s89,P. Nielsen,,,Houston Dash,Away
2823771165,804,8,2,98,8,b4fbmos00gxtk8qnaqsm392p5,1,60.7,3.2,2025-06-22T01:34:04.376Z,2025-06-24T15:59:58Z,"[{'id': 5779552147, 'qualifierId': 385}, {'id': 5777465395, 'qualifierId': 56, 'value': 'Right'}, {'id': 5777472425, 'qualifierId': 15}]",54ieoaegysojsey2jmqtr9ucp,B. Pinto,,,North Carolina Courage,Home
2823771179,745,5,2,98,8,c3v2ohfuzoqmc8ljm65hi80sj,1,34.8,101.2,2025-06-22T01:34:04.472Z,2025-06-22T01:54:27Z,"[{'id': 5777465455, 'qualifierId': 347}, {'id': 5777465457, 'qualifierId': 233, 'value': '805'}, {'id': 5777465453, 'qualifierId': 56, 'value': 'Back'}]",8ruvr2jnsfdub02rdh8q88s89,P. Nielsen,,,Houston Dash,Away
2823771171,805,5,2,98,8,b4fbmos00gxtk8qnaqsm392p5,0,65.2,-1.2,2025-06-22T01:34:04.472Z,2025-06-22T01:54:27Z,"[{'id': 5777465415, 'qualifierId': 56, 'value': 'Right'}, {'id': 5777465461, 'qualifierId': 233, 'value': '745'}, {'id': 5777465417, 'qualifierId': 347}]",54ieoaegysojsey2jmqtr9ucp,B. Pinto,,,North Carolina Courage,Home
2823771195,746,1,2,98,12,c3v2ohfuzoqmc8ljm65hi80sj,0,28.8,100.0,2025-06-22T01:34:07.631Z,2025-06-22T01:49:46Z,"[{'id': 5777465559, 'qualifierId': 1}, {'id': 5777465555, 'qualifierId': 212, 'value': '39.6'}, {'id': 5777465551, 'qualifierId': 140, 'value': '63.3'}, {'id': 5777465553, 'qualifierId': 141, 'value': '78.5'}, {'id': 5777465557, 'qualifierId': 213, 'value': '5.87'}, {'id': 5777465591, 'qualifierId': 107}, {'id': 5777465549, 'qualifierId': 56, 'value': 'Center'}]",1xgse8t4dm0decmpzebsphvfu,Y. Ryan,,,Houston Dash,Away
2823771189,806,1,2,98,13,b4fbmos00gxtk8qnaqsm392p5,0,36.8,16.7,2025-06-22T01:34:08.602Z,2025-06-22T01:49:44Z,"[{'id': 5777465513, 'qualifierId': 140, 'value': '41.0'}, {'id': 5777465519, 'qualifierId': 213, 'value': '5.28'}, {'id': 5777465515, 'qualifierId': 141, 'value': '6.5'}, {'id': 5777465509, 'qualifierId': 3}, {'id': 5777465511, 'qualifierId': 56, 'value': 'Back'}, {'id': 5777465517, 'qualifierId': 212, 'value': '8.2'}]",54ieoaegysojsey2jmqtr9ucp,B. Pinto,,,North Carolina Courage,Home
2823771197,747,1,2,98,13,c3v2ohfuzoqmc8ljm65hi80sj,0,64.7,90.8,2025-06-22T01:34:08.744Z,2025-06-22T01:49:30Z,"[{'id': 5777465565, 'qualifierId': 56, 'value': 'Center'}, {'id': 5777465571, 'qualifierId': 212, 'value': '29.2'}, {'id': 5777465567, 'qualifierId': 140, 'value': '74.9'}, {'id': 5777465569, 'qualifierId': 141, 'value': '50.9'}, {'id': 5777465575, 'qualifierId': 1}, {'id': 5777465563, 'qualifierId': 157}, {'id': 5777465573, 'qualifierId': 213, 'value': '5.09'}]",97ia01cyibu1l7qs8qexd2n3e,K. van Zanten,,,Houston Dash,Away
2823771217,807,1,2,98,24,b4fbmos00gxtk8qnaqsm392p5,1,25.4,44.3,2025-06-22T01:34:20.016Z,2025-06-22T01:34:20Z,"[{'id': 5777465685, 'qualifierId': 56, 'value': 'Back'}, {'id': 5777465693, 'qualifierId': 213, 'value': '3.71'}, {'id': 5777465689, 'qualifierId': 141, 'value': '32.5'}, {'id': 5777465687, 'qualifierId': 140, 'value': '13.5'}, {'id': 5777465691, 'qualifierId': 212, 'value': '14.8'}]",cbofbntctfuhr1vqpn7eywt05,F. Rauch,,,North Carolina Courage,Home
2823771219,808,12,2,98,25,b4fbmos00gxtk8qnaqsm392p5,1,13.5,32.5,2025-06-22T01:34:20.896Z,2025-06-22T01:34:22Z,"[{'id': 5777465699, 'qualifierId': 140, 'value': '25.0'}, {'id': 5777465697, 'qualifierId': 56, 'value': 'Back'}, {'id': 5777465701, 'qualifierId': 141, 'value': '0.0'}, {'id': 5777465705, 'qualifierId': 213, 'value': '5.19'}, {'id': 5777465713, 'qualifierId': 167}, {'id': 5777465703, 'qualifierId': 212, 'value': '26.0'}]",1p3bwk03ay87hp2nwrl3tfxwq,K. Kurtz,,,North Carolina Courage,Home
2823771227,748,5,2,98,25,c3v2ohfuzoqmc8ljm65hi80sj,1,74.9,101.3,2025-06-22T01:34:21.529Z,2025-06-22T01:54:28Z,"[{'id': 5777465741, 'qualifierId': 347}, {'id': 5777465743, 'qualifierId': 233, 'value': '809'}, {'id': 5777465739, 'qualifierId': 56, 'value': 'Left'}]",97ia01cyibu1l7qs8qexd2n3e,K. van Zanten,,,Houston Dash,Away
2823771221,809,5,2,98,25,b4fbmos00gxtk8qnaqsm392p5,0,25.1,-1.3,2025-06-22T01:34:21.529Z,2025-06-22T01:49:19Z,"[{'id': 5777465709, 'qualifierId': 56, 'value': 'Back'}, {'id': 5777465711, 'qualifierId': 347}, {'id': 5777465767, 'qualifierId': 233, 'value': '748'}]",1p3bwk03ay87hp2nwrl3tfxwq,K. Kurtz,,,North Carolina Courage,Home
2823771233,749,1,2,98,27,c3v2ohfuzoqmc8ljm65hi80sj,0,75.1,100.0,2025-06-22T01:34:23.200Z,2025-06-22T01:34:24Z,"[{'id': 5777465773, 'qualifierId': 56, 'value': 'Center'}, {'id': 5777465781, 'qualifierId': 213, 'value': '4.86'}, {'id': 5777465775, 'qualifierId': 140, 'value': '77.8'}, {'id': 5777465771, 'qualifierId': 107}, {'id': 5777465779, 'qualifierId': 212, 'value': '19.9'}, {'id': 5777465777, 'qualifierId': 141, 'value': '72.4'}]",97ia01cyibu1l7qs8qexd2n3e,K. van Zanten,,,Houston Dash,Away
2823771239,810,49,2,98,31,b4fbmos00gxtk8qnaqsm392p5,1,23.8,15.9,2025-06-22T01:34:27.192Z,2025-06-22T01:34:27Z,[],7fk82cjz0z5vq2ts3vmz8has5,D. O'Sullivan,,,North Carolina Courage,Home
2823771245,811,1,2,98,31,b4fbmos00gxtk8qnaqsm392p5,1,20.9,13.8,2025-06-22T01:34:27.567Z,2025-06-22T01:34:29Z,"[{'id': 5777465823, 'qualifierId': 56, 'value': 'Back'}, {'id': 5777465831, 'qualifierId': 213, 'value': '3.35'}, {'id': 5777465825, 'qualifierId': 140, 'value': '11.5'}, {'id': 5777465829, 'qualifierId': 212, 'value': '10.1'}, {'id': 5777465827, 'qualifierId': 141, 'value': '10.7'}]",7fk82cjz0z5vq2ts3vmz8has5,D. O'Sullivan,,,North Carolina Courage,Home
2823771263,812,1,2,98,33,b4fbmos00gxtk8qnaqsm392p5,0,11.5,10.7,2025-06-22T01:34:29.521Z,2025-06-22T01:34:32Z,"[{'id': 5777465913, 'qualifierId': 212, 'value': '48.8'}, {'id': 5777465915, 'qualifierId': 213, 'value': '6.20'}, {'id': 5777465911, 'qualifierId': 141, 'value': '4.9'}, {'id': 5777465909, 'qualifierId': 140, 'value': '57.8'}, {'id': 5777465907, 'qualifierId': 56, 'value': 'Right'}, {'id': 5777465905, 'qualifierId': 157}, {'id': 5777465917, 'qualifierId': 1}]",1x229gvjahkxp7w02bh0v36ga,R. Williams,,,North Carolina Courage,Home
2823771277,750,4,2,98,39,c3v2ohfuzoqmc8ljm65hi80sj,1,43.5,93.0,2025-06-22T01:34:35.318Z,2025-06-22T01:35:55Z,"[{'id': 5777465997, 'qualifierId': 152}, {'id': 5777466529, 'qualifierId': 286}, {'id': 5777465995, 'qualifierId': 56, 'value': 'Back'}, {'id': 5777466537, 'qualifierId': 233, 'value': '813'}, {'id': 5777465999, 'qualifierId': 265}, {'id': 5777465993, 'qualifierId': 13}]",8ruvr2jnsfdub02rdh8q88s89,P. Nielsen,,,Houston Dash,Away
2823771271,813,4,2,98,39,b4fbmos00gxtk8qnaqsm392p5,0,56.5,7.0,2025-06-22T01:34:35.319Z,2025-06-22T01:35:55Z,"[{'id': 5777465987, 'qualifierId': 152}, {'id': 5777466845, 'qualifierId': 55, 'value': '814'}, {'id': 5777465989, 'qualifierId': 265}, {'id': 5777466541, 'qualifierId': 233, 'value': '750'}, {'id': 5777465985, 'qualifierId': 56, 'value': 'Right'}, {'id': 5777465983, 'qualifierId': 13}, {'id': 5777465991, 'qualifierId': 285}]",2sylxhwmisg8f763p2t1q934k,H. Betfort,,,North Carolina Courage,Home
2823771427,814,17,2,99,10,b4fbmos00gxtk8qnaqsm392p5,1,0.0,0.0,2025-06-22T01:35:06.088Z,2025-06-22T01:35:17Z,"[{'id': 5777466837, 'qualifierId': 13, 'value': '243'}, {'id': 5777466839, 'qualifierId': 55, 'value': '813'}, {'id': 5777466835, 'qualifierId': 392}, {'id': 5777466833, 'qualifierId': 31}]",2sylxhwmisg8f763p2t1q934k,H. Betfort,,,North Carolina Courage,Home
2823771475,751,1,2,99,22,c3v2ohfuzoqmc8ljm65hi80sj,0,44.9,92.9,2025-06-22T01:35:18.080Z,2025-06-22T01:35:21Z,"[{'id': 5777467061, 'qualifierId': 5}, {'id': 5777467077, 'qualifierId': 1}, {'id': 5777467065, 'qualifierId': 152}, {'id': 5777467069, 'qualifierId': 140, 'value': '87.4'}, {'id': 5777467063, 'qualifierId': 157}, {'id': 5777467071, 'qualifierId': 141, 'value': '55.5'}, {'id': 5777467067, 'qualifierId': 56, 'value': 'Center'}, {'id': 5777467075, 'qualifierId': 213, 'value': '5.77'}, {'id': 5777467073, 'qualifierId': 212, 'value': '51.4'}]",53uflfknc5uus7iqw3obp5fx1,J. Campbell,,,Houston Dash,Away
2823771487,815,12,2,99,27,b4fbmos00gxtk8qnaqsm392p5,1,14.2,40.0,2025-06-22T01:35:23.159Z,2025-06-22T01:35:24Z,"[{'id': 5777467151, 'qualifierId': 212, 'value': '14.4'}, {'id': 5777467155, 'qualifierId': 15}, {'id': 5777467147, 'qualifierId': 140, 'value': '8.6'}, {'id': 5777467149, 'qualifierId': 141, 'value': '59.4'}, {'id': 5777467153, 'qualifierId': 213, 'value': '1.99'}, {'id': 5777467145, 'qualifierId': 56, 'value': 'Back'}]",cbco4ht0d7uk1thgam6vc0ep6,M. Bell,,,North Carolina Courage,Home
2823771491,752,61,2,99,28,c3v2ohfuzoqmc8ljm65hi80sj,0,93.1,34.5,2025-06-22T01:35:23.680Z,2025-06-24T16:01:08Z,"[{'id': 5777467179, 'qualifierId': 56, 'value': 'Center'}]",191uogxjdg4uo178qv1544jys,M. Bright,,,Houston Dash,Away
2823771499,816,12,2,99,30,b4fbmos00gxtk8qnaqsm392p5,1,2.2,58.5,2025-06-22T01:35:25.752Z,2025-06-22T01:35:28Z,"[{'id': 5777467269, 'qualifierId': 167}, {'id': 5777467205, 'qualifierId': 56, 'value': 'Back'}, {'id': 5777467207, 'qualifierId': 140, 'value': '13.0'}, {'id': 5777467211, 'qualifierId': 212, 'value': '31.3'}, {'id': 5777467209, 'qualifierId': 141, 'value': '100.0'}, {'id': 5777467213, 'qualifierId': 213, 'value': '1.20'}]",1p3bwk03ay87hp2nwrl3tfxwq,K. Kurtz,,,North Carolina Courage,Home
2823771527,753,5,2,99,32,c3v2ohfuzoqmc8ljm65hi80sj,1,83.2,-1.4,2025-06-22T01:35:27.817Z,2025-06-22T01:54:28Z,"[{'id': 5777467385, 'qualifierId': 347}, {'id': 5777467391, 'qualifierId': 233, 'value': '817'}, {'id': 5777467383, 'qualifierId': 56, 'value': 'Right'}]",191uogxjdg4uo178qv1544jys,M. Bright,,,Houston Dash,Away
2823771505,817,5,2,99,32,b4fbmos00gxtk8qnaqsm392p5,0,16.8,101.4,2025-06-22T01:35:27.817Z,2025-06-22T01:54:28Z,"[{'id': 5777467243, 'qualifierId': 56, 'value': 'Back'}, {'id': 5777467395, 'qualifierId': 233, 'value': '753'}, {'id': 5777467245, 'qualifierId': 347}]",1p3bwk03ay87hp2nwrl3tfxwq,K. Kurtz,,,North Carolina Courage,Home
2823771533,754,1,2,99,38,c3v2ohfuzoqmc8ljm65hi80sj,1,76.9,0.0,2025-06-22T01:35:34.280Z,2025-06-24T16:01:51Z,"[{'id': 5777467417, 'qualifierId': 213, 'value': '2.48'}, {'id': 5777467407, 'qualifierId': 107}, {'id': 5777467415, 'qualifierId': 212, 'value': '8.9'}, {'id': 5777467409, 'qualifierId': 56, 'value': 'Right'}, {'id': 5777467411, 'qualifierId': 140, 'value': '70.2'}, {'id': 5777467413, 'qualifierId': 141, 'value': '6.5'}]",edwr7f7jwnxm1plk91fx8hfro,M. Alozie,,,Houston Dash,Away
2823771537,755,1,2,99,39,c3v2ohfuzoqmc8ljm65hi80sj,0,70.2,6.5,2025-06-22T01:35:34.996Z,2025-06-24T16:01:49Z,"[{'id': 5777467459, 'qualifierId': 236}, {'id': 5777467435, 'qualifierId': 2}, {'id': 5777467439, 'qualifierId': 56, 'value': 'Right'}, {'id': 5777467447, 'qualifierId': 213, 'value': '0.44'}, {'id': 5779553145, 'qualifierId': 224}, {'id': 5777467465, 'qualifierId': 286}, {'id': 5777467461, 'qualifierId': 233, 'value': '818'}, {'id': 5777467437, 'qualifierId': 155}, {'id': 5777467443, 'qualifierId': 141, 'value': '9.5'}, {'id': 5779553147, 'qualifierId': 20}, {'id': 5777467445, 'qualifierId': 212, 'value': '4.8'}, {'id': 5777467441, 'qualifierId': 140, 'value': '74.3'}]",8co65x7tuvynuqvket8okb7xl,N. Jacobs,,,Houston Dash,Away
2823771529,818,12,2,99,39,b4fbmos00gxtk8qnaqsm392p5,1,21.2,89.4,2025-06-22T01:35:35.096Z,2025-06-22T01:35:37Z,"[{'id': 5777467399, 'qualifierId': 185}, {'id': 5777467469, 'qualifierId': 233, 'value': '755'}, {'id': 5777467401, 'qualifierId': 56, 'value': 'Back'}]",cwerr3zz6pqzzzqso9dx69fjd,A. Sanchez,,,North Carolina Courage,Home
2823771549,756,30,2,99,40,c3v2ohfuzoqmc8ljm65hi80sj,1,0.0,0.0,2025-06-22T01:35:36.226Z,2025-07-01T16:35:59Z,"[{'id': 5777467553, 'qualifierId': 57, 'value': '0'}, {'id': 5777467555, 'qualifierId': 209}]",,,,,Houston Dash,Away
2823771551,819,30,2,99,40,b4fbmos00gxtk8qnaqsm392p5,1,0.0,0.0,2025-06-22T01:35:36.226Z,2025-07-01T16:36:02Z,"[{'id': 5777467557, 'qualifierId': 57, 'value': '0'}, {'id': 5777467559, 'qualifierId': 209}]",,,,,North Carolina Courage,Home
2823771681,757,30,14,0,0,c3v2ohfuzoqmc8ljm65hi80sj,1,0.0,0.0,2025-06-22T01:36:28.664Z,2025-06-22T01:36:32Z,"[{'id': 5777468389, 'qualifierId': 209}, {'id': 5777468387, 'qualifierId': 57, 'value': '1'}]",,,,,Houston Dash,Away
2823771669,820,30,14,0,0,b4fbmos00gxtk8qnaqsm392p5,1,0.0,0.0,2025-06-22T01:36:28.664Z,2025-06-22T01:36:28Z,"[{'id': 5777468333, 'qualifierId': 209}, {'id': 5777468331, 'qualifierId': 57, 'value': '1'}]",,,,,North Carolina Courage,Home
2823771685,758,37,14,0,0,c3v2ohfuzoqmc8ljm65hi80sj,1,0.0,0.0,2025-06-22T01:36:28.693Z,2025-06-24T16:02:21Z,"[{'id': 5779553467, 'qualifierId': 229}, {'id': 5777490101, 'qualifierId': 302}]",,,,,Houston Dash,Away
2823771671,821,37,14,0,0,b4fbmos00gxtk8qnaqsm392p5,1,0.0,0.0,2025-06-22T01:36:28.693Z,2025-06-24T16:02:21Z,"[{'id': 5779553465, 'qualifierId': 229}, {'id': 5777490423, 'qualifierId': 302}]",,,,,North Carolina Courage,Home
2823710411,2,71,16,0,0,b4fbmos00gxtk8qnaqsm392p5,0,0.0,0.0,2025-06-21T23:01:41.130Z,2025-06-21T23:01:41Z,"[{'id': 5777124015, 'qualifierId': 290, 'value': '1, 60'}, {'id': 5777124013, 'qualifierId': 30, 'value': '51883, 60672'}]",,,,,North Carolina Courage,Home
