id,eventId,typeId,periodId,timeMin,timeSec,contestantId,outcome,x,y,timeStamp,lastModified,qualifier,playerId,playerName,keyPass,assist,Squad,Position
2823766331,1,34,16,0,0,446mp88j1vpk9iwui9fiifrp8,1,0.0,0.0,2025-06-22T01:17:20.643Z,2025-06-22T02:45:01Z,"[{'id': 5777438089, 'qualifierId': 44, 'value': '1, 2, 2, 3, 2, 2, 3, 3, 4, 4, 3, 5, 5, 5, 5, 5, 5, 5, 5, 5'}, {'id': 5777438099, 'qualifierId': 197, 'value': '26340'}, {'id': 5777438087, 'qualifierId': 30, 'value': '1yva0f096q2oqk5gz59utr42y, 7whcppsae8rxxj20zaxpx1wq1, 615vz7uoe3eiozddbe206io6h, cmolam8ri93kos2rasjhnuxyi, 74uudh34v23m2z9gy5tdppxey, 8oj7cqgjacle67i49w4a3gx6, ek8x7y3jt0xcebttt75qi5exh, 7izc8t071mkrrgvptdjru467e, 5b2dire687lp3dasdj2z3n0q2, 2btfn8hbssn0dnszgyll1gopg, 7in4ykzbs8p44qy4jrb10p0wl, 68a0jc6cin6hxx0bkdch9hc5x, 8cjb3weg2uhmwh9l21gw0xqtw, et72990p9axru09oxv51hokwl, a0kl9l751uxo86g2k2chqtw5w, d0zsyv4xdt0hunaikjy3tde96, 2x310j2wycjsv4nzblfqd7sru, 1115fgmv9xa3nwx3bu19jr9pl, azcxror0t5ede7nqobmhx9u6s, ap0166ueagw059fehsj6hh3h1'}, {'id': 5777438097, 'qualifierId': 194, 'value': 'cmolam8ri93kos2rasjhnuxyi'}, {'id': 5777438101, 'qualifierId': 227, 'value': '0, 0, 0, 0, 0, 0, 0, 0, 0, 0, 0, 0, 0, 0, 0, 0, 0, 0, 0, 0'}, {'id': 5777438093, 'qualifierId': 130, 'value': '3'}, {'id': 5777438091, 'qualifierId': 59, 'value': '1, 20, 2, 17, 16, 5, 21, 13, 66, 19, 8, 18, 24, 10, 29, 26, 15, 77, 14, 34'}, {'id': 5777438095, 'qualifierId': 131, 'value': '1, 2, 3, 4, 5, 6, 7, 8, 9, 10, 11, 0, 0, 0, 0, 0, 0, 0, 0, 0'}]",,,,,Portland Thorns,Home
2823767067,1,34,16,0,0,dzxypx8djih58p668surbi4qm,1,0.0,0.0,2025-06-22T01:19:41.385Z,2025-06-22T02:16:21Z,"[{'id': 5777442407, 'qualifierId': 194, 'value': '11u4dj0z0p616zx9gsnil66ay'}, {'id': 5777442397, 'qualifierId': 30, 'value': '20qmwwdxbdp6ade3j9lssbvxm, v0k2w41tlj0elpj7nrw68onp, 4tnm3hxzav142ow867jwcozkk, daze51b5849zsk2aqvgmkkbth, 6zzk0lgja87zs45h8btgheled, 11u4dj0z0p616zx9gsnil66ay, 56jjwfa02gep01vggqojvfbe2, 6alny8atonddyhmltw3dgo1d5, 6e7scc2z7henelebs853mc844, 8v62hppzsz2yonw60h9910iga, 19udx179xugqp84qo9rsq0nhl, bre4xqwq7iti9otu5dkqrkk, 8ace4czv4na5qww43srp67fv8, 96jcamlgo8nghmr2s0m0q2lbe, a652ucv412tcgm98cx2ri6psk, 5fyfbevwr4aisqn4969aripsk, e6228d1678w0s4fx8iw72lj6y, 39jb2vzpuxxfhrr0px7tlk991, 9zcl2x3h5b1cb2sf5wuarmwru, 1zslcxrwelyckvt3kp9c7qiac'}, {'id': 5777442409, 'qualifierId': 197, 'value': '28138'}, {'id': 5777442399, 'qualifierId': 44, 'value': '1, 2, 2, 3, 2, 2, 3, 3, 4, 4, 4, 5, 5, 5, 5, 5, 5, 5, 5, 5'}, {'id': 5777442411, 'qualifierId': 227, 'value': '0, 0, 0, 0, 0, 0, 0, 0, 0, 0, 0, 0, 0, 0, 0, 0, 0, 0, 0, 0'}, {'id': 5777442405, 'qualifierId': 131, 'value': '1, 2, 3, 4, 5, 6, 7, 8, 9, 10, 11, 0, 0, 0, 0, 0, 0, 0, 0, 0'}, {'id': 5777442401, 'qualifierId': 59, 'value': '22, 12, 32, 77, 4, 3, 16, 21, 34, 24, 10, 27, 7, 11, 20, 23, 25, 26, 30, 41'}, {'id': 5777442403, 'qualifierId': 130, 'value': '4'}]",,,,,Chicago Stars,Away
2823776341,2,32,1,0,0,dzxypx8djih58p668surbi4qm,1,0.0,0.0,2025-06-22T02:05:37.052Z,2025-06-22T02:05:37Z,"[{'id': 5777495515, 'qualifierId': 127, 'value': 'Right to Left'}]",,,,,Chicago Stars,Away
2823776343,2,32,1,0,0,446mp88j1vpk9iwui9fiifrp8,1,0.0,0.0,2025-06-22T02:05:37.052Z,2025-06-22T02:05:37Z,"[{'id': 5777495517, 'qualifierId': 127, 'value': 'Left to Right'}]",,,,,Portland Thorns,Home
2823776347,3,1,1,0,0,446mp88j1vpk9iwui9fiifrp8,1,49.9,49.9,2025-06-22T02:05:37.135Z,2025-06-22T02:15:52Z,"[{'id': 5777495539, 'qualifierId': 279, 'value': 'S'}, {'id': 5777495537, 'qualifierId': 213, 'value': '5.91'}, {'id': 5777495529, 'qualifierId': 56, 'value': 'Center'}, {'id': 5777495541, 'qualifierId': 278}, {'id': 5777495533, 'qualifierId': 141, 'value': '48.7'}, {'id': 5777495535, 'qualifierId': 212, 'value': '2.3'}, {'id': 5777495531, 'qualifierId': 140, 'value': '51.9'}]",cmolam8ri93kos2rasjhnuxyi,S. Coffey,,,Portland Thorns,Home
2823776349,4,1,1,0,4,446mp88j1vpk9iwui9fiifrp8,1,53.1,39.8,2025-06-22T02:05:41.071Z,2025-06-22T02:15:59Z,"[{'id': 5777495549, 'qualifierId': 140, 'value': '53.8'}, {'id': 5777495555, 'qualifierId': 213, 'value': '4.77'}, {'id': 5777495551, 'qualifierId': 141, 'value': '20.4'}, {'id': 5777495547, 'qualifierId': 56, 'value': 'Right'}, {'id': 5777495553, 'qualifierId': 212, 'value': '13.2'}]",7izc8t071mkrrgvptdjru467e,O. Moultrie,,,Portland Thorns,Home
2823776351,5,1,1,0,5,446mp88j1vpk9iwui9fiifrp8,1,53.8,20.4,2025-06-22T02:05:42.863Z,2025-06-22T02:05:43Z,"[{'id': 5777495583, 'qualifierId': 212, 'value': '18.5'}, {'id': 5777495577, 'qualifierId': 56, 'value': 'Right'}, {'id': 5777495585, 'qualifierId': 213, 'value': '5.63'}, {'id': 5777495579, 'qualifierId': 140, 'value': '67.8'}, {'id': 5777495581, 'qualifierId': 141, 'value': '4.0'}]",7whcppsae8rxxj20zaxpx1wq1,K. Torpey,,,Portland Thorns,Home
2823776353,6,1,1,0,6,446mp88j1vpk9iwui9fiifrp8,0,67.8,4.0,2025-06-22T02:05:43.808Z,2025-06-22T02:05:44Z,"[{'id': 5777495603, 'qualifierId': 140, 'value': '77.3'}, {'id': 5777495609, 'qualifierId': 213, 'value': '0.09'}, {'id': 5777495607, 'qualifierId': 212, 'value': '10.0'}, {'id': 5777495601, 'qualifierId': 56, 'value': 'Right'}, {'id': 5777495605, 'qualifierId': 141, 'value': '5.3'}]",ek8x7y3jt0xcebttt75qi5exh,J. Fleming,,,Portland Thorns,Home
2823776355,3,1,1,0,8,dzxypx8djih58p668surbi4qm,0,17.2,90.5,2025-06-22T02:05:45.840Z,2025-06-22T02:05:46Z,"[{'id': 5777495613, 'qualifierId': 140, 'value': '32.2'}, {'id': 5777495619, 'qualifierId': 213, 'value': '6.02'}, {'id': 5777495617, 'qualifierId': 212, 'value': '16.3'}, {'id': 5777495611, 'qualifierId': 56, 'value': 'Back'}, {'id': 5777495615, 'qualifierId': 141, 'value': '84.2'}]",11u4dj0z0p616zx9gsnil66ay,S. Staab,,,Chicago Stars,Away
2823776357,7,61,1,0,9,446mp88j1vpk9iwui9fiifrp8,0,72.5,10.0,2025-06-22T02:05:46.368Z,2025-06-22T02:05:46Z,"[{'id': 5777495621, 'qualifierId': 56, 'value': 'Right'}]",ek8x7y3jt0xcebttt75qi5exh,J. Fleming,,,Portland Thorns,Home
2823776359,4,49,1,0,10,dzxypx8djih58p668surbi4qm,1,31.9,79.1,2025-06-22T02:05:47.824Z,2025-06-22T02:05:47Z,[],6alny8atonddyhmltw3dgo1d5,J. Grosso,,,Chicago Stars,Away
2823776361,5,1,1,0,11,dzxypx8djih58p668surbi4qm,1,31.9,79.1,2025-06-22T02:05:48.063Z,2025-06-22T02:05:49Z,"[{'id': 5777495635, 'qualifierId': 213, 'value': '3.90'}, {'id': 5777495631, 'qualifierId': 141, 'value': '72.0'}, {'id': 5777495633, 'qualifierId': 212, 'value': '7.1'}, {'id': 5777495629, 'qualifierId': 140, 'value': '27.0'}, {'id': 5777495627, 'qualifierId': 56, 'value': 'Back'}]",6alny8atonddyhmltw3dgo1d5,J. Grosso,,,Chicago Stars,Away
2823776363,6,1,1,0,12,dzxypx8djih58p668surbi4qm,1,27.0,72.0,2025-06-22T02:05:49.199Z,2025-06-22T02:05:51Z,"[{'id': 5777495643, 'qualifierId': 141, 'value': '95.3'}, {'id': 5777495645, 'qualifierId': 212, 'value': '15.9'}, {'id': 5777495641, 'qualifierId': 140, 'value': '25.9'}, {'id': 5777495639, 'qualifierId': 56, 'value': 'Back'}, {'id': 5777495647, 'qualifierId': 213, 'value': '1.64'}]",daze51b5849zsk2aqvgmkkbth,Maitane López,,,Chicago Stars,Away
2823776365,7,1,1,0,13,dzxypx8djih58p668surbi4qm,1,26.3,95.0,2025-06-22T02:05:51.023Z,2025-06-22T02:17:59Z,"[{'id': 5777495653, 'qualifierId': 140, 'value': '49.6'}, {'id': 5777495659, 'qualifierId': 213, 'value': '5.81'}, {'id': 5777495657, 'qualifierId': 212, 'value': '27.4'}, {'id': 5777495651, 'qualifierId': 56, 'value': 'Back'}, {'id': 5777495655, 'qualifierId': 141, 'value': '76.7'}]",4tnm3hxzav142ow867jwcozkk,T. Malham,,,Chicago Stars,Away
2823778189,94,61,1,0,14,dzxypx8djih58p668surbi4qm,0,48.6,84.8,2025-06-22T02:05:51.455Z,2025-06-22T02:17:48Z,"[{'id': 5777506929, 'qualifierId': 56, 'value': 'Back'}]",6e7scc2z7henelebs853mc844,A. Schlegel,,,Chicago Stars,Away
2823776369,8,1,1,0,16,446mp88j1vpk9iwui9fiifrp8,1,64.6,21.8,2025-06-22T02:05:53.408Z,2025-06-22T02:05:56Z,"[{'id': 5777495689, 'qualifierId': 141, 'value': '10.7'}, {'id': 5777495687, 'qualifierId': 140, 'value': '46.7'}, {'id': 5777495693, 'qualifierId': 213, 'value': '3.52'}, {'id': 5777495691, 'qualifierId': 212, 'value': '20.3'}, {'id': 5777495685, 'qualifierId': 56, 'value': 'Back'}]",cmolam8ri93kos2rasjhnuxyi,S. Coffey,,,Portland Thorns,Home
2823776371,9,49,1,0,19,446mp88j1vpk9iwui9fiifrp8,1,40.6,10.7,2025-06-22T02:05:56.592Z,2025-06-22T02:05:56Z,[],74uudh34v23m2z9gy5tdppxey,S. Hiatt,,,Portland Thorns,Home
2823776373,10,1,1,0,19,446mp88j1vpk9iwui9fiifrp8,1,40.6,10.7,2025-06-22T02:05:56.704Z,2025-06-22T02:05:58Z,"[{'id': 5777495701, 'qualifierId': 140, 'value': '17.8'}, {'id': 5777495699, 'qualifierId': 56, 'value': 'Back'}, {'id': 5777495705, 'qualifierId': 212, 'value': '27.3'}, {'id': 5777495707, 'qualifierId': 213, 'value': '2.64'}, {'id': 5777495703, 'qualifierId': 141, 'value': '30.1'}]",74uudh34v23m2z9gy5tdppxey,S. Hiatt,,,Portland Thorns,Home
2823776381,11,1,1,0,21,446mp88j1vpk9iwui9fiifrp8,1,10.1,31.2,2025-06-22T02:05:58.639Z,2025-06-22T02:06:05Z,"[{'id': 5777495733, 'qualifierId': 56, 'value': 'Center'}, {'id': 5777495741, 'qualifierId': 213, 'value': '0.16'}, {'id': 5777495743, 'qualifierId': 1}, {'id': 5777495735, 'qualifierId': 140, 'value': '59.9'}, {'id': 5777495731, 'qualifierId': 157}, {'id': 5777495739, 'qualifierId': 212, 'value': '53.0'}, {'id': 5777495737, 'qualifierId': 141, 'value': '43.6'}]",1yva0f096q2oqk5gz59utr42y,B. Bixby,,,Portland Thorns,Home
2823776387,12,1,1,0,28,446mp88j1vpk9iwui9fiifrp8,1,57.2,41.8,2025-06-22T02:06:05.456Z,2025-06-22T02:06:09Z,"[{'id': 5777495753, 'qualifierId': 140, 'value': '56.3'}, {'id': 5777495751, 'qualifierId': 56, 'value': 'Center'}, {'id': 5777495755, 'qualifierId': 141, 'value': '71.8'}, {'id': 5777495759, 'qualifierId': 213, 'value': '1.62'}, {'id': 5777495757, 'qualifierId': 212, 'value': '20.4'}]",5b2dire687lp3dasdj2z3n0q2,R. Turner,,,Portland Thorns,Home
2823776393,13,1,1,0,32,446mp88j1vpk9iwui9fiifrp8,1,64.7,75.4,2025-06-22T02:06:09.713Z,2025-06-22T02:06:14Z,"[{'id': 5777495797, 'qualifierId': 212, 'value': '16.3'}, {'id': 5777495799, 'qualifierId': 213, 'value': '0.67'}, {'id': 5777495791, 'qualifierId': 56, 'value': 'Left'}, {'id': 5777495795, 'qualifierId': 141, 'value': '90.3'}, {'id': 5777495793, 'qualifierId': 140, 'value': '76.8'}]",615vz7uoe3eiozddbe206io6h,R. Reyes,,,Portland Thorns,Home
2823776395,14,1,1,0,37,446mp88j1vpk9iwui9fiifrp8,0,87.6,90.3,2025-06-22T02:06:14.545Z,2025-06-22T02:06:15Z,"[{'id': 5777495811, 'qualifierId': 141, 'value': '55.2'}, {'id': 5777495807, 'qualifierId': 56, 'value': 'Center'}, {'id': 5777495815, 'qualifierId': 213, 'value': '5.05'}, {'id': 5777495805, 'qualifierId': 155}, {'id': 5777495803, 'qualifierId': 2}, {'id': 5777495809, 'qualifierId': 140, 'value': '95.5'}, {'id': 5777495813, 'qualifierId': 212, 'value': '25.3'}]",7in4ykzbs8p44qy4jrb10p0wl,H. Sugita,,,Portland Thorns,Home
2823776397,8,52,1,0,38,dzxypx8djih58p668surbi4qm,1,3.1,43.9,2025-06-22T02:06:15.536Z,2025-06-22T02:06:15Z,[],20qmwwdxbdp6ade3j9lssbvxm,H. Mackiewicz,,,Chicago Stars,Away
2823776409,9,80,1,0,50,dzxypx8djih58p668surbi4qm,0,14.3,46.1,2025-06-22T02:06:27.087Z,2025-06-22T02:06:27Z,[],20qmwwdxbdp6ade3j9lssbvxm,H. Mackiewicz,,,Chicago Stars,Away
2823776417,10,1,1,0,53,dzxypx8djih58p668surbi4qm,0,14.1,42.4,2025-06-22T02:06:30.352Z,2025-06-22T02:06:34Z,"[{'id': 5777495959, 'qualifierId': 56, 'value': 'Back'}, {'id': 5777495963, 'qualifierId': 141, 'value': '75.6'}, {'id': 5777495969, 'qualifierId': 1}, {'id': 5777495955, 'qualifierId': 157}, {'id': 5777495961, 'qualifierId': 140, 'value': '45.1'}, {'id': 5777495965, 'qualifierId': 212, 'value': '39.6'}, {'id': 5777495967, 'qualifierId': 213, 'value': '0.61'}, {'id': 5777495957, 'qualifierId': 198}]",20qmwwdxbdp6ade3j9lssbvxm,H. Mackiewicz,,,Chicago Stars,Away
2823776419,15,44,1,0,56,446mp88j1vpk9iwui9fiifrp8,1,55.1,22.5,2025-06-22T02:06:33.889Z,2025-06-22T04:01:02Z,"[{'id': 5777495973, 'qualifierId': 56, 'value': 'Center'}, {'id': 5777495995, 'qualifierId': 233, 'value': '11'}, {'id': 5777495975, 'qualifierId': 286}]",7whcppsae8rxxj20zaxpx1wq1,K. Torpey,,,Portland Thorns,Home
2823776421,11,44,1,0,56,dzxypx8djih58p668surbi4qm,0,44.9,77.5,2025-06-22T02:06:33.890Z,2025-06-22T04:01:03Z,"[{'id': 5777495977, 'qualifierId': 56, 'value': 'Back'}, {'id': 5777495979, 'qualifierId': 285}, {'id': 5777496013, 'qualifierId': 233, 'value': '15'}]",daze51b5849zsk2aqvgmkkbth,Maitane López,,,Chicago Stars,Away
2823776423,16,1,1,0,57,446mp88j1vpk9iwui9fiifrp8,0,60.1,13.1,2025-06-22T02:06:34.242Z,2025-06-22T02:06:41Z,"[{'id': 5777495985, 'qualifierId': 56, 'value': 'Right'}, {'id': 5777495987, 'qualifierId': 140, 'value': '76.8'}, {'id': 5777495991, 'qualifierId': 212, 'value': '20.2'}, {'id': 5777495993, 'qualifierId': 213, 'value': '5.77'}, {'id': 5777495983, 'qualifierId': 3}, {'id': 5777495989, 'qualifierId': 141, 'value': '0.0'}]",7whcppsae8rxxj20zaxpx1wq1,K. Torpey,,,Portland Thorns,Home
2823776431,12,56,1,1,1,dzxypx8djih58p668surbi4qm,1,22.5,96.5,2025-06-22T02:06:38.416Z,2025-06-22T02:06:38Z,"[{'id': 5777496023, 'qualifierId': 56, 'value': 'Back'}]",4tnm3hxzav142ow867jwcozkk,T. Malham,,,Chicago Stars,Away
2823776435,13,5,1,1,2,dzxypx8djih58p668surbi4qm,1,22.0,101.2,2025-06-22T02:06:39.424Z,2025-06-22T02:06:41Z,"[{'id': 5777496029, 'qualifierId': 347}, {'id': 5777496045, 'qualifierId': 233, 'value': '17'}, {'id': 5777496027, 'qualifierId': 56, 'value': 'Back'}]",4tnm3hxzav142ow867jwcozkk,T. Malham,,,Chicago Stars,Away
2823776429,17,5,1,1,2,446mp88j1vpk9iwui9fiifrp8,0,78.0,-1.2,2025-06-22T02:06:39.424Z,2025-06-22T02:32:50Z,"[{'id': 5777496019, 'qualifierId': 56, 'value': 'Right'}, {'id': 5777496051, 'qualifierId': 233, 'value': '13'}, {'id': 5777496021, 'qualifierId': 347}]",7whcppsae8rxxj20zaxpx1wq1,K. Torpey,,,Portland Thorns,Home
2823776441,14,1,1,1,4,dzxypx8djih58p668surbi4qm,1,22.4,100.0,2025-06-22T02:06:41.536Z,2025-06-22T02:06:45Z,"[{'id': 5777496109, 'qualifierId': 140, 'value': '33.9'}, {'id': 5777496113, 'qualifierId': 212, 'value': '13.6'}, {'id': 5777496111, 'qualifierId': 141, 'value': '92.3'}, {'id': 5777496107, 'qualifierId': 56, 'value': 'Back'}, {'id': 5777496115, 'qualifierId': 213, 'value': '5.81'}, {'id': 5777496105, 'qualifierId': 107}]",4tnm3hxzav142ow867jwcozkk,T. Malham,,,Chicago Stars,Away
2823776443,15,1,1,1,8,dzxypx8djih58p668surbi4qm,1,33.8,92.3,2025-06-22T02:06:45.855Z,2025-06-22T02:06:47Z,"[{'id': 5777496139, 'qualifierId': 140, 'value': '20.5'}, {'id': 5777496145, 'qualifierId': 213, 'value': '3.14'}, {'id': 5777496141, 'qualifierId': 141, 'value': '92.3'}, {'id': 5777496143, 'qualifierId': 212, 'value': '14.0'}, {'id': 5777496137, 'qualifierId': 56, 'value': 'Back'}]",19udx179xugqp84qo9rsq0nhl,S. Groom,,,Chicago Stars,Away
2823776445,16,1,1,1,9,dzxypx8djih58p668surbi4qm,1,20.5,92.3,2025-06-22T02:06:46.991Z,2025-06-22T02:06:49Z,"[{'id': 5777496163, 'qualifierId': 141, 'value': '82.7'}, {'id': 5777496159, 'qualifierId': 56, 'value': 'Back'}, {'id': 5777496167, 'qualifierId': 213, 'value': '3.91'}, {'id': 5777496165, 'qualifierId': 212, 'value': '9.4'}, {'id': 5777496161, 'qualifierId': 140, 'value': '14.1'}]",4tnm3hxzav142ow867jwcozkk,T. Malham,,,Chicago Stars,Away
2823776449,17,1,1,1,12,dzxypx8djih58p668surbi4qm,1,14.1,82.7,2025-06-22T02:06:49.264Z,2025-06-22T02:06:52Z,"[{'id': 5777496197, 'qualifierId': 213, 'value': '0.39'}, {'id': 5777496191, 'qualifierId': 140, 'value': '29.5'}, {'id': 5777496187, 'qualifierId': 155}, {'id': 5777496195, 'qualifierId': 212, 'value': '17.5'}, {'id': 5777496193, 'qualifierId': 141, 'value': '92.6'}, {'id': 5777496189, 'qualifierId': 56, 'value': 'Back'}]",11u4dj0z0p616zx9gsnil66ay,S. Staab,,,Chicago Stars,Away
2823776453,18,1,1,1,15,dzxypx8djih58p668surbi4qm,1,28.3,78.8,2025-06-22T02:06:52.352Z,2025-06-22T02:06:59Z,"[{'id': 5777496249, 'qualifierId': 213, 'value': '5.00'}, {'id': 5777496251, 'qualifierId': 1}, {'id': 5777496247, 'qualifierId': 212, 'value': '36.3'}, {'id': 5777496243, 'qualifierId': 140, 'value': '38.2'}, {'id': 5777496241, 'qualifierId': 56, 'value': 'Back'}, {'id': 5777496245, 'qualifierId': 141, 'value': '27.7'}]",19udx179xugqp84qo9rsq0nhl,S. Groom,,,Chicago Stars,Away
2823776461,19,1,1,1,22,dzxypx8djih58p668surbi4qm,1,67.4,27.0,2025-06-22T02:06:59.568Z,2025-06-22T02:07:03Z,"[{'id': 5777496287, 'qualifierId': 213, 'value': '5.42'}, {'id': 5777496285, 'qualifierId': 212, 'value': '15.5'}, {'id': 5777496281, 'qualifierId': 140, 'value': '77.0'}, {'id': 5777496279, 'qualifierId': 56, 'value': 'Right'}, {'id': 5777496283, 'qualifierId': 141, 'value': '9.7'}]",v0k2w41tlj0elpj7nrw68onp,N. Kuikka,,,Chicago Stars,Away
2823776467,20,1,1,1,26,dzxypx8djih58p668surbi4qm,1,70.9,8.5,2025-06-22T02:07:03.232Z,2025-06-22T02:07:08Z,"[{'id': 5777496313, 'qualifierId': 213, 'value': '2.35'}, {'id': 5777496309, 'qualifierId': 141, 'value': '17.4'}, {'id': 5777496305, 'qualifierId': 56, 'value': 'Right'}, {'id': 5777496307, 'qualifierId': 140, 'value': '65.2'}, {'id': 5777496311, 'qualifierId': 212, 'value': '8.5'}]",8v62hppzsz2yonw60h9910iga,J. Bike,,,Chicago Stars,Away
2823776481,21,1,1,1,31,dzxypx8djih58p668surbi4qm,1,54.4,4.7,2025-06-22T02:07:08.465Z,2025-06-22T02:07:14Z,"[{'id': 5777496373, 'qualifierId': 212, 'value': '27.0'}, {'id': 5777496369, 'qualifierId': 140, 'value': '33.4'}, {'id': 5777496375, 'qualifierId': 213, 'value': '2.52'}, {'id': 5777496371, 'qualifierId': 141, 'value': '27.7'}, {'id': 5777496367, 'qualifierId': 56, 'value': 'Back'}]",56jjwfa02gep01vggqojvfbe2,M. Hayashi,,,Chicago Stars,Away
2823776489,22,1,1,1,37,dzxypx8djih58p668surbi4qm,1,26.5,29.7,2025-06-22T02:07:14.240Z,2025-06-22T02:07:18Z,"[{'id': 5777496415, 'qualifierId': 56, 'value': 'Back'}, {'id': 5777496421, 'qualifierId': 212, 'value': '22.5'}, {'id': 5777496417, 'qualifierId': 140, 'value': '9.9'}, {'id': 5777496423, 'qualifierId': 213, 'value': '2.46'}, {'id': 5777496419, 'qualifierId': 141, 'value': '50.6'}]",6zzk0lgja87zs45h8btgheled,C. Onwualu,,,Chicago Stars,Away
2823776499,23,1,1,1,41,dzxypx8djih58p668surbi4qm,1,13.9,52.7,2025-06-22T02:07:18.512Z,2025-06-22T02:07:20Z,"[{'id': 5777496459, 'qualifierId': 140, 'value': '24.3'}, {'id': 5777496463, 'qualifierId': 212, 'value': '30.6'}, {'id': 5777496457, 'qualifierId': 56, 'value': 'Back'}, {'id': 5777496461, 'qualifierId': 141, 'value': '94.8'}, {'id': 5777496465, 'qualifierId': 213, 'value': '1.21'}]",20qmwwdxbdp6ade3j9lssbvxm,H. Mackiewicz,,,Chicago Stars,Away
2823776503,24,61,1,1,43,dzxypx8djih58p668surbi4qm,0,22.7,95.0,2025-06-22T02:07:20.751Z,2025-06-22T02:07:21Z,"[{'id': 5777496483, 'qualifierId': 56, 'value': 'Back'}]",4tnm3hxzav142ow867jwcozkk,T. Malham,,,Chicago Stars,Away
2823776511,18,5,1,1,44,446mp88j1vpk9iwui9fiifrp8,1,76.2,-2.0,2025-06-22T02:07:21.552Z,2025-06-22T02:32:50Z,"[{'id': 5777496515, 'qualifierId': 233, 'value': '25'}, {'id': 5777496511, 'qualifierId': 347}, {'id': 5777496509, 'qualifierId': 56, 'value': 'Right'}]",5b2dire687lp3dasdj2z3n0q2,R. Turner,,,Portland Thorns,Home
2823776509,25,5,1,1,44,dzxypx8djih58p668surbi4qm,0,23.8,102.0,2025-06-22T02:07:21.552Z,2025-06-22T02:07:24Z,"[{'id': 5777496499, 'qualifierId': 347}, {'id': 5777496521, 'qualifierId': 233, 'value': '18'}, {'id': 5777496497, 'qualifierId': 56, 'value': 'Back'}]",4tnm3hxzav142ow867jwcozkk,T. Malham,,,Chicago Stars,Away
2823776531,19,1,1,1,49,446mp88j1vpk9iwui9fiifrp8,1,74.0,0.0,2025-06-22T02:07:26.147Z,2025-06-22T02:20:12Z,"[{'id': 5777496607, 'qualifierId': 140, 'value': '76.9'}, {'id': 5777509847, 'qualifierId': 189}, {'id': 5777496609, 'qualifierId': 141, 'value': '13.1'}, {'id': 5777496611, 'qualifierId': 212, 'value': '10.7'}, {'id': 5777496605, 'qualifierId': 56, 'value': 'Right'}, {'id': 5777496603, 'qualifierId': 107}, {'id': 5777496613, 'qualifierId': 213, 'value': '1.28'}]",ek8x7y3jt0xcebttt75qi5exh,J. Fleming,,,Portland Thorns,Home
2823776533,20,61,1,1,52,446mp88j1vpk9iwui9fiifrp8,0,73.8,18.2,2025-06-22T02:07:29.282Z,2025-06-22T02:07:29Z,"[{'id': 5777496621, 'qualifierId': 56, 'value': 'Right'}]",2btfn8hbssn0dnszgyll1gopg,P. Tordin,,,Portland Thorns,Home
2823776541,26,1,1,1,54,dzxypx8djih58p668surbi4qm,0,28.5,71.8,2025-06-22T02:07:31.585Z,2025-06-22T02:07:32Z,"[{'id': 5777496675, 'qualifierId': 1}, {'id': 5777496667, 'qualifierId': 140, 'value': '37.6'}, {'id': 5777496671, 'qualifierId': 212, 'value': '15.9'}, {'id': 5777496665, 'qualifierId': 56, 'value': 'Back'}, {'id': 5777496669, 'qualifierId': 141, 'value': '90.5'}, {'id': 5777496663, 'qualifierId': 157}, {'id': 5777496673, 'qualifierId': 213, 'value': '0.93'}]",daze51b5849zsk2aqvgmkkbth,Maitane López,,,Chicago Stars,Away
2823776543,21,61,1,1,56,446mp88j1vpk9iwui9fiifrp8,0,65.6,5.6,2025-06-22T02:07:33.475Z,2025-06-22T02:07:33Z,"[{'id': 5777496679, 'qualifierId': 56, 'value': 'Right'}]",7whcppsae8rxxj20zaxpx1wq1,K. Torpey,,,Portland Thorns,Home
2823776545,27,1,1,1,58,dzxypx8djih58p668surbi4qm,1,34.6,89.1,2025-06-22T02:07:35.359Z,2025-06-22T02:07:36Z,"[{'id': 5777496699, 'qualifierId': 213, 'value': '3.89'}, {'id': 5777496689, 'qualifierId': 3}, {'id': 5777496697, 'qualifierId': 212, 'value': '8.6'}, {'id': 5777496693, 'qualifierId': 140, 'value': '28.6'}, {'id': 5777496695, 'qualifierId': 141, 'value': '80.5'}, {'id': 5777496691, 'qualifierId': 56, 'value': 'Back'}]",6e7scc2z7henelebs853mc844,A. Schlegel,,,Chicago Stars,Away
2823776547,28,49,1,1,59,dzxypx8djih58p668surbi4qm,1,28.6,80.5,2025-06-22T02:07:36.561Z,2025-06-22T02:07:36Z,[],19udx179xugqp84qo9rsq0nhl,S. Groom,,,Chicago Stars,Away
2823776555,29,1,1,2,0,dzxypx8djih58p668surbi4qm,1,31.4,80.6,2025-06-22T02:07:37.200Z,2025-06-22T02:07:40Z,"[{'id': 5777496757, 'qualifierId': 141, 'value': '75.6'}, {'id': 5777496759, 'qualifierId': 212, 'value': '9.3'}, {'id': 5777496761, 'qualifierId': 213, 'value': '3.52'}, {'id': 5777496755, 'qualifierId': 140, 'value': '23.2'}, {'id': 5777496753, 'qualifierId': 56, 'value': 'Back'}]",19udx179xugqp84qo9rsq0nhl,S. Groom,,,Chicago Stars,Away
2823776567,30,1,1,2,2,dzxypx8djih58p668surbi4qm,1,24.1,77.6,2025-06-22T02:07:39.999Z,2025-06-22T02:07:42Z,"[{'id': 5777496815, 'qualifierId': 213, 'value': '3.54'}, {'id': 5777496807, 'qualifierId': 56, 'value': 'Back'}, {'id': 5777496811, 'qualifierId': 141, 'value': '65.4'}, {'id': 5777496813, 'qualifierId': 212, 'value': '21.6'}, {'id': 5777496809, 'qualifierId': 140, 'value': '5.1'}]",11u4dj0z0p616zx9gsnil66ay,S. Staab,,,Chicago Stars,Away
2823776571,31,1,1,2,5,dzxypx8djih58p668surbi4qm,1,5.1,65.4,2025-06-22T02:07:42.319Z,2025-06-22T02:07:45Z,"[{'id': 5777496833, 'qualifierId': 212, 'value': '16.7'}, {'id': 5777496835, 'qualifierId': 213, 'value': '1.41'}, {'id': 5777496831, 'qualifierId': 141, 'value': '89.6'}, {'id': 5777496827, 'qualifierId': 56, 'value': 'Back'}, {'id': 5777496829, 'qualifierId': 140, 'value': '7.7'}]",20qmwwdxbdp6ade3j9lssbvxm,H. Mackiewicz,,,Chicago Stars,Away
2823776573,32,1,1,2,8,dzxypx8djih58p668surbi4qm,1,8.7,95.4,2025-06-22T02:07:45.168Z,2025-06-22T02:07:48Z,"[{'id': 5777496845, 'qualifierId': 141, 'value': '83.8'}, {'id': 5777496841, 'qualifierId': 56, 'value': 'Back'}, {'id': 5777496847, 'qualifierId': 212, 'value': '23.9'}, {'id': 5777496849, 'qualifierId': 213, 'value': '5.95'}, {'id': 5777496843, 'qualifierId': 140, 'value': '30.2'}]",11u4dj0z0p616zx9gsnil66ay,S. Staab,,,Chicago Stars,Away
2823776575,33,1,1,2,11,dzxypx8djih58p668surbi4qm,0,26.1,86.2,2025-06-22T02:07:48.080Z,2025-06-22T02:21:29Z,"[{'id': 5777496859, 'qualifierId': 212, 'value': '3.1'}, {'id': 5777496857, 'qualifierId': 141, 'value': '89.7'}, {'id': 5777496853, 'qualifierId': 56, 'value': 'Back'}, {'id': 5777496879, 'qualifierId': 233, 'value': '22'}, {'id': 5777496883, 'qualifierId': 286}, {'id': 5777496861, 'qualifierId': 213, 'value': '0.87'}, {'id': 5777496855, 'qualifierId': 140, 'value': '28.0'}, {'id': 5777496877, 'qualifierId': 236}]",6alny8atonddyhmltw3dgo1d5,J. Grosso,,,Chicago Stars,Away
2823776579,22,74,1,2,11,446mp88j1vpk9iwui9fiifrp8,1,75.7,6.4,2025-06-22T02:07:48.081Z,2025-06-22T02:15:14Z,"[{'id': 5777496873, 'qualifierId': 56, 'value': 'Right'}, {'id': 5777500911, 'qualifierId': 233, 'value': '33'}, {'id': 5777496875, 'qualifierId': 285}]",cmolam8ri93kos2rasjhnuxyi,S. Coffey,,,Portland Thorns,Home
2823776591,35,61,1,2,12,dzxypx8djih58p668surbi4qm,1,23.1,86.2,2025-06-22T02:07:49.541Z,2025-06-22T02:21:32Z,"[{'id': 5777496965, 'qualifierId': 56, 'value': 'Back'}]",6alny8atonddyhmltw3dgo1d5,J. Grosso,,,Chicago Stars,Away
2823776601,23,5,1,2,12,446mp88j1vpk9iwui9fiifrp8,1,75.6,-1.4,2025-06-22T02:07:49.584Z,2025-06-22T02:32:50Z,"[{'id': 5777511273, 'qualifierId': 233, 'value': '34'}, {'id': 5777496999, 'qualifierId': 347}, {'id': 5777496997, 'qualifierId': 56, 'value': 'Right'}]",cmolam8ri93kos2rasjhnuxyi,S. Coffey,,,Portland Thorns,Home
2823776577,34,5,1,2,12,dzxypx8djih58p668surbi4qm,0,24.4,101.4,2025-06-22T02:07:49.584Z,2025-06-22T02:32:51Z,"[{'id': 5777496869, 'qualifierId': 56, 'value': 'Back'}, {'id': 5777511277, 'qualifierId': 233, 'value': '23'}, {'id': 5777496871, 'qualifierId': 347}]",56jjwfa02gep01vggqojvfbe2,M. Hayashi,,,Chicago Stars,Away
2823776617,24,1,1,2,23,446mp88j1vpk9iwui9fiifrp8,0,76.7,0.0,2025-06-22T02:08:00.692Z,2025-06-22T02:08:04Z,"[{'id': 5777497085, 'qualifierId': 107}, {'id': 5777497091, 'qualifierId': 141, 'value': '7.6'}, {'id': 5777497095, 'qualifierId': 213, 'value': '0.29'}, {'id': 5777497093, 'qualifierId': 212, 'value': '21.9'}, {'id': 5777497097, 'qualifierId': 1}, {'id': 5777497087, 'qualifierId': 56, 'value': 'Right'}, {'id': 5777497089, 'qualifierId': 140, 'value': '96.7'}]",7whcppsae8rxxj20zaxpx1wq1,K. Torpey,,,Portland Thorns,Home
2823776627,25,45,1,2,28,446mp88j1vpk9iwui9fiifrp8,0,96.6,7.9,2025-06-22T02:08:06.032Z,2025-06-22T04:07:45Z,"[{'id': 5777497111, 'qualifierId': 56, 'value': 'Right'}, {'id': 5777497125, 'qualifierId': 233, 'value': '36'}, {'id': 5777497113, 'qualifierId': 286}]",2btfn8hbssn0dnszgyll1gopg,P. Tordin,,,Portland Thorns,Home
2823776621,36,3,1,2,28,dzxypx8djih58p668surbi4qm,1,3.4,92.1,2025-06-22T02:08:06.032Z,2025-06-22T04:07:44Z,"[{'id': 5777497117, 'qualifierId': 233, 'value': '25'}, {'id': 5777497105, 'qualifierId': 285}, {'id': 5777497103, 'qualifierId': 56, 'value': 'Back'}]",4tnm3hxzav142ow867jwcozkk,T. Malham,,,Chicago Stars,Away
2823776623,37,49,1,2,29,dzxypx8djih58p668surbi4qm,1,3.7,91.7,2025-06-22T02:08:06.673Z,2025-06-22T02:08:07Z,[],4tnm3hxzav142ow867jwcozkk,T. Malham,,,Chicago Stars,Away
2823776645,38,1,1,2,32,dzxypx8djih58p668surbi4qm,0,17.4,96.0,2025-06-22T02:08:09.457Z,2025-06-22T02:08:12Z,"[{'id': 5777497197, 'qualifierId': 56, 'value': 'Back'}, {'id': 5777497203, 'qualifierId': 212, 'value': '32.0'}, {'id': 5777497199, 'qualifierId': 140, 'value': '44.3'}, {'id': 5777497205, 'qualifierId': 213, 'value': '5.79'}, {'id': 5777497201, 'qualifierId': 141, 'value': '73.8'}, {'id': 5777497207, 'qualifierId': 1}]",4tnm3hxzav142ow867jwcozkk,T. Malham,,,Chicago Stars,Away
2823776651,26,49,1,2,39,446mp88j1vpk9iwui9fiifrp8,1,46.6,27.6,2025-06-22T02:08:16.901Z,2025-06-22T02:08:16Z,[],8oj7cqgjacle67i49w4a3gx6,I. Obaze,,,Portland Thorns,Home
2823776655,27,1,1,2,40,446mp88j1vpk9iwui9fiifrp8,1,46.6,27.6,2025-06-22T02:08:17.092Z,2025-06-22T02:08:18Z,"[{'id': 5777497247, 'qualifierId': 213, 'value': '3.74'}, {'id': 5777497239, 'qualifierId': 56, 'value': 'Back'}, {'id': 5777497241, 'qualifierId': 140, 'value': '37.7'}, {'id': 5777497245, 'qualifierId': 212, 'value': '11.3'}, {'id': 5777497243, 'qualifierId': 141, 'value': '18.3'}]",8oj7cqgjacle67i49w4a3gx6,I. Obaze,,,Portland Thorns,Home
2823776659,28,1,1,2,41,446mp88j1vpk9iwui9fiifrp8,1,37.7,18.3,2025-06-22T02:08:18.053Z,2025-06-22T02:08:21Z,"[{'id': 5777497275, 'qualifierId': 140, 'value': '22.5'}, {'id': 5777497273, 'qualifierId': 56, 'value': 'Back'}, {'id': 5777497277, 'qualifierId': 141, 'value': '44.0'}, {'id': 5777497279, 'qualifierId': 212, 'value': '23.7'}, {'id': 5777497281, 'qualifierId': 213, 'value': '2.31'}]",74uudh34v23m2z9gy5tdppxey,S. Hiatt,,,Portland Thorns,Home
2823776671,29,1,1,2,44,446mp88j1vpk9iwui9fiifrp8,1,24.4,43.6,2025-06-22T02:08:21.461Z,2025-06-22T02:08:25Z,"[{'id': 5777497363, 'qualifierId': 212, 'value': '11.4'}, {'id': 5777497359, 'qualifierId': 140, 'value': '28.3'}, {'id': 5777497357, 'qualifierId': 56, 'value': 'Back'}, {'id': 5777497365, 'qualifierId': 213, 'value': '5.08'}, {'id': 5777497361, 'qualifierId': 141, 'value': '27.9'}]",1yva0f096q2oqk5gz59utr42y,B. Bixby,,,Portland Thorns,Home
2823776679,30,1,1,2,48,446mp88j1vpk9iwui9fiifrp8,1,30.5,23.7,2025-06-22T02:08:25.157Z,2025-06-22T02:08:28Z,"[{'id': 5777497441, 'qualifierId': 212, 'value': '16.3'}, {'id': 5777497439, 'qualifierId': 141, 'value': '40.9'}, {'id': 5777497435, 'qualifierId': 56, 'value': 'Back'}, {'id': 5777497443, 'qualifierId': 213, 'value': '2.34'}, {'id': 5777497437, 'qualifierId': 140, 'value': '19.7'}]",74uudh34v23m2z9gy5tdppxey,S. Hiatt,,,Portland Thorns,Home
2823776689,31,1,1,2,51,446mp88j1vpk9iwui9fiifrp8,1,19.7,43.0,2025-06-22T02:08:28.500Z,2025-06-22T02:08:32Z,"[{'id': 5777497497, 'qualifierId': 212, 'value': '19.5'}, {'id': 5777497499, 'qualifierId': 213, 'value': '1.25'}, {'id': 5777497491, 'qualifierId': 56, 'value': 'Back'}, {'id': 5777497495, 'qualifierId': 141, 'value': '70.2'}, {'id': 5777497493, 'qualifierId': 140, 'value': '25.5'}]",1yva0f096q2oqk5gz59utr42y,B. Bixby,,,Portland Thorns,Home
2823776691,32,1,1,2,55,446mp88j1vpk9iwui9fiifrp8,1,28.3,73.2,2025-06-22T02:08:32.901Z,2025-06-22T02:08:35Z,"[{'id': 5777497511, 'qualifierId': 56, 'value': 'Back'}, {'id': 5777497515, 'qualifierId': 141, 'value': '49.0'}, {'id': 5777497517, 'qualifierId': 212, 'value': '17.4'}, {'id': 5777497513, 'qualifierId': 140, 'value': '22.9'}, {'id': 5777497519, 'qualifierId': 213, 'value': '4.38'}]",8oj7cqgjacle67i49w4a3gx6,I. Obaze,,,Portland Thorns,Home
2823776701,33,1,1,2,58,446mp88j1vpk9iwui9fiifrp8,1,22.2,48.2,2025-06-22T02:08:35.061Z,2025-06-22T02:08:39Z,"[{'id': 5777497589, 'qualifierId': 213, 'value': '5.19'}, {'id': 5777497583, 'qualifierId': 140, 'value': '30.9'}, {'id': 5777497587, 'qualifierId': 212, 'value': '19.9'}, {'id': 5777497585, 'qualifierId': 141, 'value': '22.2'}, {'id': 5777497581, 'qualifierId': 56, 'value': 'Back'}]",1yva0f096q2oqk5gz59utr42y,B. Bixby,,,Portland Thorns,Home
2823776707,34,1,1,3,2,446mp88j1vpk9iwui9fiifrp8,1,41.6,15.8,2025-06-22T02:08:39.525Z,2025-06-22T02:08:42Z,"[{'id': 5777497613, 'qualifierId': 213, 'value': '0.02'}, {'id': 5777497609, 'qualifierId': 141, 'value': '16.8'}, {'id': 5777497605, 'qualifierId': 56, 'value': 'Right'}, {'id': 5777497611, 'qualifierId': 212, 'value': '38.8'}, {'id': 5777497607, 'qualifierId': 140, 'value': '78.5'}, {'id': 5777497615, 'qualifierId': 1}]",74uudh34v23m2z9gy5tdppxey,S. Hiatt,,,Portland Thorns,Home
2823776709,35,61,1,3,5,446mp88j1vpk9iwui9fiifrp8,0,78.5,16.8,2025-06-22T02:08:42.566Z,2025-06-22T02:08:42Z,"[{'id': 5777497619, 'qualifierId': 56, 'value': 'Right'}]",2btfn8hbssn0dnszgyll1gopg,P. Tordin,,,Portland Thorns,Home
2823776721,39,5,1,3,9,dzxypx8djih58p668surbi4qm,1,-1.4,69.5,2025-06-22T02:08:46.112Z,2025-06-22T02:32:51Z,"[{'id': 5777511165, 'qualifierId': 233, 'value': '203'}, {'id': 5777497689, 'qualifierId': 56, 'value': 'Back'}, {'id': 5777497691, 'qualifierId': 346}]",11u4dj0z0p616zx9gsnil66ay,S. Staab,,,Chicago Stars,Away
2823779125,203,5,1,3,9,446mp88j1vpk9iwui9fiifrp8,0,101.4,30.5,2025-06-22T02:08:46.112Z,2025-06-22T02:32:51Z,"[{'id': 5777511161, 'qualifierId': 56, 'value': 'Center'}, {'id': 5777511169, 'qualifierId': 233, 'value': '39'}, {'id': 5777511163, 'qualifierId': 346}]",7izc8t071mkrrgvptdjru467e,O. Moultrie,,,Portland Thorns,Home
2823776763,40,1,1,3,22,dzxypx8djih58p668surbi4qm,1,4.9,42.7,2025-06-22T02:08:59.856Z,2025-06-22T02:09:00Z,"[{'id': 5777497789, 'qualifierId': 212, 'value': '16.2'}, {'id': 5777497787, 'qualifierId': 141, 'value': '21.9'}, {'id': 5777497783, 'qualifierId': 56, 'value': 'Back'}, {'id': 5777497791, 'qualifierId': 213, 'value': '5.23'}, {'id': 5777497795, 'qualifierId': 237}, {'id': 5777497785, 'qualifierId': 140, 'value': '12.5'}, {'id': 5777497781, 'qualifierId': 124}]",20qmwwdxbdp6ade3j9lssbvxm,H. Mackiewicz,,,Chicago Stars,Away
2823776767,41,1,1,3,23,dzxypx8djih58p668surbi4qm,1,12.5,21.9,2025-06-22T02:09:00.864Z,2025-06-22T02:09:02Z,"[{'id': 5777497827, 'qualifierId': 213, 'value': '5.52'}, {'id': 5777497825, 'qualifierId': 212, 'value': '14.6'}, {'id': 5777497821, 'qualifierId': 140, 'value': '22.6'}, {'id': 5777497823, 'qualifierId': 141, 'value': '7.1'}, {'id': 5777497819, 'qualifierId': 56, 'value': 'Back'}]",6zzk0lgja87zs45h8btgheled,C. Onwualu,,,Chicago Stars,Away
2823776769,42,1,1,3,25,dzxypx8djih58p668surbi4qm,1,22.6,7.1,2025-06-22T02:09:02.496Z,2025-06-22T02:09:04Z,"[{'id': 5777497835, 'qualifierId': 141, 'value': '17.9'}, {'id': 5777497831, 'qualifierId': 56, 'value': 'Back'}, {'id': 5777497837, 'qualifierId': 212, 'value': '17.9'}, {'id': 5777497839, 'qualifierId': 213, 'value': '0.42'}, {'id': 5777497833, 'qualifierId': 140, 'value': '38.1'}]",v0k2w41tlj0elpj7nrw68onp,N. Kuikka,,,Chicago Stars,Away
2823776775,43,1,1,3,27,dzxypx8djih58p668surbi4qm,0,38.6,18.0,2025-06-22T02:09:04.512Z,2025-06-22T02:09:07Z,"[{'id': 5777497869, 'qualifierId': 213, 'value': '5.46'}, {'id': 5777497863, 'qualifierId': 140, 'value': '50.5'}, {'id': 5777497865, 'qualifierId': 141, 'value': '0.0'}, {'id': 5777497861, 'qualifierId': 56, 'value': 'Right'}, {'id': 5777497867, 'qualifierId': 212, 'value': '18.5'}]",56jjwfa02gep01vggqojvfbe2,M. Hayashi,,,Chicago Stars,Away
2823776781,36,5,1,3,30,446mp88j1vpk9iwui9fiifrp8,1,47.0,102.0,2025-06-22T02:09:07.324Z,2025-06-22T02:32:51Z,"[{'id': 5777497901, 'qualifierId': 56, 'value': 'Back'}, {'id': 5777497925, 'qualifierId': 233, 'value': '44'}, {'id': 5777497903, 'qualifierId': 347}]",615vz7uoe3eiozddbe206io6h,R. Reyes,,,Portland Thorns,Home
2823776779,44,5,1,3,30,dzxypx8djih58p668surbi4qm,0,53.0,-2.0,2025-06-22T02:09:07.324Z,2025-06-22T02:09:11Z,"[{'id': 5777497931, 'qualifierId': 233, 'value': '36'}, {'id': 5777497883, 'qualifierId': 56, 'value': 'Right'}, {'id': 5777497885, 'qualifierId': 347}]",56jjwfa02gep01vggqojvfbe2,M. Hayashi,,,Chicago Stars,Away
2823776791,37,1,1,3,32,446mp88j1vpk9iwui9fiifrp8,1,43.3,100.0,2025-06-22T02:09:09.574Z,2025-06-22T02:09:12Z,"[{'id': 5777497941, 'qualifierId': 212, 'value': '4.5'}, {'id': 5777497933, 'qualifierId': 107}, {'id': 5777497935, 'qualifierId': 56, 'value': 'Back'}, {'id': 5777497943, 'qualifierId': 213, 'value': '4.67'}, {'id': 5777497939, 'qualifierId': 141, 'value': '95.4'}, {'id': 5777497937, 'qualifierId': 140, 'value': '43.1'}]",615vz7uoe3eiozddbe206io6h,R. Reyes,,,Portland Thorns,Home
2823776809,38,1,1,3,34,446mp88j1vpk9iwui9fiifrp8,1,41.3,95.7,2025-06-22T02:09:11.333Z,2025-06-22T02:09:18Z,"[{'id': 5777498021, 'qualifierId': 212, 'value': '2.3'}, {'id': 5777498017, 'qualifierId': 140, 'value': '40.7'}, {'id': 5777498023, 'qualifierId': 213, 'value': '1.84'}, {'id': 5777498019, 'qualifierId': 141, 'value': '99.0'}, {'id': 5777498015, 'qualifierId': 56, 'value': 'Back'}]",cmolam8ri93kos2rasjhnuxyi,S. Coffey,,,Portland Thorns,Home
2823776803,45,43,1,3,39,dzxypx8djih58p668surbi4qm,1,0.0,0.0,2025-06-22T02:09:16.977Z,2025-06-22T02:09:28Z,"[{'id': 5777498209, 'qualifierId': 144, 'value': '83'}, {'id': 5777498205, 'qualifierId': 399, 'value': '615vz7uoe3eiozddbe206io6h'}]",8v62hppzsz2yonw60h9910iga,J. Bike,,,Chicago Stars,Away
2823776807,46,43,1,3,40,dzxypx8djih58p668surbi4qm,1,0.0,0.0,2025-06-22T02:09:17.648Z,2025-06-22T02:09:26Z,"[{'id': 5777498011, 'qualifierId': 56, 'value': 'Right'}, {'id': 5777498013, 'qualifierId': 286, 'value': '0'}, {'id': 5777498185, 'qualifierId': 144, 'value': '45'}]",8v62hppzsz2yonw60h9910iga,J. Bike,,,Chicago Stars,Away
2823776813,39,4,1,3,40,446mp88j1vpk9iwui9fiifrp8,1,32.0,98.2,2025-06-22T02:09:17.911Z,2025-06-22T02:15:14Z,"[{'id': 5777498069, 'qualifierId': 56, 'value': 'Back'}, {'id': 5777498073, 'qualifierId': 265}, {'id': 5777504079, 'qualifierId': 285}, {'id': 5777498067, 'qualifierId': 13}, {'id': 5777498071, 'qualifierId': 152}, {'id': 5777504075, 'qualifierId': 233, 'value': '47'}]",615vz7uoe3eiozddbe206io6h,R. Reyes,,,Portland Thorns,Home
2823776819,47,4,1,3,40,dzxypx8djih58p668surbi4qm,0,68.0,1.8,2025-06-22T02:09:17.912Z,2025-06-22T02:15:14Z,"[{'id': 5777498107, 'qualifierId': 13}, {'id': 5777504097, 'qualifierId': 233, 'value': '39'}, {'id': 5777498109, 'qualifierId': 56, 'value': 'Right'}, {'id': 5777498111, 'qualifierId': 152}, {'id': 5777498115, 'qualifierId': 286}, {'id': 5777498113, 'qualifierId': 265}]",56jjwfa02gep01vggqojvfbe2,M. Hayashi,,,Chicago Stars,Away
2823776839,40,1,1,3,50,446mp88j1vpk9iwui9fiifrp8,1,35.9,97.7,2025-06-22T02:09:27.847Z,2025-06-22T02:09:30Z,"[{'id': 5777498227, 'qualifierId': 5}, {'id': 5777498239, 'qualifierId': 213, 'value': '3.86'}, {'id': 5777498229, 'qualifierId': 152}, {'id': 5777498237, 'qualifierId': 212, 'value': '14.8'}, {'id': 5777498233, 'qualifierId': 140, 'value': '25.3'}, {'id': 5777498231, 'qualifierId': 56, 'value': 'Back'}, {'id': 5777498235, 'qualifierId': 141, 'value': '83.3'}]",615vz7uoe3eiozddbe206io6h,R. Reyes,,,Portland Thorns,Home
2823776847,41,1,1,3,53,446mp88j1vpk9iwui9fiifrp8,1,24.3,76.7,2025-06-22T02:09:30.089Z,2025-06-22T02:09:32Z,"[{'id': 5777498289, 'qualifierId': 213, 'value': '4.34'}, {'id': 5777498283, 'qualifierId': 140, 'value': '17.9'}, {'id': 5777498285, 'qualifierId': 141, 'value': '51.6'}, {'id': 5777498281, 'qualifierId': 56, 'value': 'Back'}, {'id': 5777498287, 'qualifierId': 212, 'value': '18.3'}]",8oj7cqgjacle67i49w4a3gx6,I. Obaze,,,Portland Thorns,Home
2823776851,42,1,1,3,55,446mp88j1vpk9iwui9fiifrp8,1,19.5,40.6,2025-06-22T02:09:32.631Z,2025-06-22T02:09:34Z,"[{'id': 5777498313, 'qualifierId': 213, 'value': '4.87'}, {'id': 5777498309, 'qualifierId': 141, 'value': '21.6'}, {'id': 5777498305, 'qualifierId': 56, 'value': 'Back'}, {'id': 5777498307, 'qualifierId': 140, 'value': '21.5'}, {'id': 5777498311, 'qualifierId': 212, 'value': '13.1'}]",1yva0f096q2oqk5gz59utr42y,B. Bixby,,,Portland Thorns,Home
2823776853,43,1,1,3,57,446mp88j1vpk9iwui9fiifrp8,1,23.3,19.8,2025-06-22T02:09:34.342Z,2025-06-22T02:09:36Z,"[{'id': 5777498327, 'qualifierId': 213, 'value': '5.10'}, {'id': 5777498321, 'qualifierId': 140, 'value': '27.1'}, {'id': 5777498325, 'qualifierId': 212, 'value': '10.6'}, {'id': 5777498323, 'qualifierId': 141, 'value': '5.3'}, {'id': 5777498319, 'qualifierId': 56, 'value': 'Back'}]",74uudh34v23m2z9gy5tdppxey,S. Hiatt,,,Portland Thorns,Home
2823776855,44,1,1,3,58,446mp88j1vpk9iwui9fiifrp8,0,27.1,6.5,2025-06-22T02:09:35.959Z,2025-06-22T02:09:36Z,"[{'id': 5777498331, 'qualifierId': 56, 'value': 'Back'}, {'id': 5777498335, 'qualifierId': 141, 'value': '15.6'}, {'id': 5777498337, 'qualifierId': 212, 'value': '6.5'}, {'id': 5777498333, 'qualifierId': 140, 'value': '29.1'}, {'id': 5777498339, 'qualifierId': 213, 'value': '1.24'}]",7whcppsae8rxxj20zaxpx1wq1,K. Torpey,,,Portland Thorns,Home
2823776863,48,8,1,4,3,dzxypx8djih58p668surbi4qm,1,74.0,87.7,2025-06-22T02:09:40.689Z,2025-06-22T02:09:40Z,"[{'id': 5777498385, 'qualifierId': 56, 'value': 'Left'}]",6alny8atonddyhmltw3dgo1d5,J. Grosso,,,Chicago Stars,Away
2823776869,49,49,1,4,4,dzxypx8djih58p668surbi4qm,1,67.8,73.5,2025-06-22T02:09:41.937Z,2025-06-22T02:09:42Z,[],daze51b5849zsk2aqvgmkkbth,Maitane López,,,Chicago Stars,Away
2823776871,50,1,1,4,7,dzxypx8djih58p668surbi4qm,1,69.4,76.9,2025-06-22T02:09:44.623Z,2025-06-22T02:09:45Z,"[{'id': 5777498411, 'qualifierId': 213, 'value': '0.85'}, {'id': 5777498407, 'qualifierId': 141, 'value': '80.6'}, {'id': 5777498405, 'qualifierId': 140, 'value': '71.5'}, {'id': 5777498403, 'qualifierId': 56, 'value': 'Left'}, {'id': 5777498409, 'qualifierId': 212, 'value': '3.3'}]",daze51b5849zsk2aqvgmkkbth,Maitane López,,,Chicago Stars,Away
2823776873,51,1,1,4,8,dzxypx8djih58p668surbi4qm,1,71.5,80.6,2025-06-22T02:09:45.312Z,2025-06-22T02:09:46Z,"[{'id': 5777498415, 'qualifierId': 56, 'value': 'Center'}, {'id': 5777498423, 'qualifierId': 213, 'value': '3.80'}, {'id': 5777498419, 'qualifierId': 141, 'value': '67.6'}, {'id': 5777498417, 'qualifierId': 140, 'value': '60.7'}, {'id': 5777498421, 'qualifierId': 212, 'value': '14.4'}]",6alny8atonddyhmltw3dgo1d5,J. Grosso,,,Chicago Stars,Away
2823776877,52,1,1,4,9,dzxypx8djih58p668surbi4qm,1,60.7,67.6,2025-06-22T02:09:46.144Z,2025-06-22T02:09:47Z,"[{'id': 5777498451, 'qualifierId': 213, 'value': '4.35'}, {'id': 5777498449, 'qualifierId': 212, 'value': '17.9'}, {'id': 5777498447, 'qualifierId': 141, 'value': '43.0'}, {'id': 5777498443, 'qualifierId': 56, 'value': 'Center'}, {'id': 5777498445, 'qualifierId': 140, 'value': '54.6'}]",daze51b5849zsk2aqvgmkkbth,Maitane López,,,Chicago Stars,Away
2823776881,53,50,1,4,10,dzxypx8djih58p668surbi4qm,1,53.6,44.3,2025-06-22T02:09:47.505Z,2025-06-22T02:54:54Z,"[{'id': 5777498469, 'qualifierId': 56, 'value': 'Center'}, {'id': 5777498505, 'qualifierId': 233, 'value': '45'}, {'id': 5777498471, 'qualifierId': 286}]",56jjwfa02gep01vggqojvfbe2,M. Hayashi,,,Chicago Stars,Away
2823776885,45,7,1,4,10,446mp88j1vpk9iwui9fiifrp8,1,46.4,55.7,2025-06-22T02:09:47.506Z,2025-06-22T02:54:54Z,"[{'id': 5777498499, 'qualifierId': 285}, {'id': 5777498497, 'qualifierId': 56, 'value': 'Back'}, {'id': 5777498501, 'qualifierId': 233, 'value': '53'}]",5b2dire687lp3dasdj2z3n0q2,R. Turner,,,Portland Thorns,Home
2823776887,46,49,1,4,11,446mp88j1vpk9iwui9fiifrp8,1,49.1,51.3,2025-06-22T02:09:48.712Z,2025-06-22T02:09:49Z,[],5b2dire687lp3dasdj2z3n0q2,R. Turner,,,Portland Thorns,Home
2823776893,47,3,1,4,13,446mp88j1vpk9iwui9fiifrp8,1,53.8,53.4,2025-06-22T02:09:50.136Z,2025-06-22T04:07:45Z,"[{'id': 5777498529, 'qualifierId': 286}, {'id': 5777498547, 'qualifierId': 233, 'value': '54'}, {'id': 5777498527, 'qualifierId': 56, 'value': 'Center'}]",5b2dire687lp3dasdj2z3n0q2,R. Turner,,,Portland Thorns,Home
2823776891,54,45,1,4,13,dzxypx8djih58p668surbi4qm,0,46.2,46.6,2025-06-22T02:09:50.136Z,2025-06-22T04:07:45Z,"[{'id': 5777498523, 'qualifierId': 285}, {'id': 5777498551, 'qualifierId': 233, 'value': '47'}, {'id': 5777498521, 'qualifierId': 56, 'value': 'Back'}]",daze51b5849zsk2aqvgmkkbth,Maitane López,,,Chicago Stars,Away
2823776899,48,1,1,4,15,446mp88j1vpk9iwui9fiifrp8,1,59.6,31.2,2025-06-22T02:09:52.135Z,2025-06-22T02:09:57Z,"[{'id': 5777498575, 'qualifierId': 213, 'value': '4.74'}, {'id': 5777498567, 'qualifierId': 56, 'value': 'Right'}, {'id': 5777498571, 'qualifierId': 141, 'value': '6.5'}, {'id': 5777498573, 'qualifierId': 212, 'value': '16.8'}, {'id': 5777498569, 'qualifierId': 140, 'value': '60.0'}]",5b2dire687lp3dasdj2z3n0q2,R. Turner,,,Portland Thorns,Home
2823776901,49,50,1,4,19,446mp88j1vpk9iwui9fiifrp8,1,69.8,5.8,2025-06-22T02:09:56.920Z,2025-06-22T02:10:01Z,"[{'id': 5777498579, 'qualifierId': 56, 'value': 'Right'}, {'id': 5777498625, 'qualifierId': 233, 'value': '55'}, {'id': 5777498581, 'qualifierId': 286}]",7whcppsae8rxxj20zaxpx1wq1,K. Torpey,,,Portland Thorns,Home
2823776911,55,7,1,4,19,dzxypx8djih58p668surbi4qm,1,30.2,94.2,2025-06-22T02:09:56.921Z,2025-06-22T02:10:00Z,"[{'id': 5777498617, 'qualifierId': 285}, {'id': 5777498615, 'qualifierId': 56, 'value': 'Back'}, {'id': 5777498613, 'qualifierId': 167}, {'id': 5777498619, 'qualifierId': 233, 'value': '49'}]",19udx179xugqp84qo9rsq0nhl,S. Groom,,,Chicago Stars,Away
2823776907,50,5,1,4,21,446mp88j1vpk9iwui9fiifrp8,1,69.8,-1.5,2025-06-22T02:09:58.185Z,2025-06-22T02:32:52Z,"[{'id': 5777498661, 'qualifierId': 233, 'value': '56'}, {'id': 5777498609, 'qualifierId': 347}, {'id': 5777498607, 'qualifierId': 56, 'value': 'Right'}]",7whcppsae8rxxj20zaxpx1wq1,K. Torpey,,,Portland Thorns,Home
2823776923,56,5,1,4,21,dzxypx8djih58p668surbi4qm,0,30.2,101.5,2025-06-22T02:09:58.185Z,2025-06-22T02:32:52Z,"[{'id': 5777498659, 'qualifierId': 347}, {'id': 5777498675, 'qualifierId': 233, 'value': '50'}, {'id': 5777498657, 'qualifierId': 56, 'value': 'Back'}]",19udx179xugqp84qo9rsq0nhl,S. Groom,,,Chicago Stars,Away
2823776937,51,1,1,4,27,446mp88j1vpk9iwui9fiifrp8,1,69.9,0.0,2025-06-22T02:10:04.376Z,2025-06-22T02:10:05Z,"[{'id': 5777498725, 'qualifierId': 107}, {'id': 5777498733, 'qualifierId': 212, 'value': '11.1'}, {'id': 5777498731, 'qualifierId': 141, 'value': '10.0'}, {'id': 5777498735, 'qualifierId': 213, 'value': '2.32'}, {'id': 5777498727, 'qualifierId': 56, 'value': 'Right'}, {'id': 5777498729, 'qualifierId': 140, 'value': '62.7'}]",7whcppsae8rxxj20zaxpx1wq1,K. Torpey,,,Portland Thorns,Home
2823776943,52,1,1,4,28,446mp88j1vpk9iwui9fiifrp8,1,62.7,10.0,2025-06-22T02:10:05.400Z,2025-06-22T02:10:06Z,"[{'id': 5777498743, 'qualifierId': 140, 'value': '67.5'}, {'id': 5777498749, 'qualifierId': 213, 'value': '5.59'}, {'id': 5777498747, 'qualifierId': 212, 'value': '6.6'}, {'id': 5777498741, 'qualifierId': 56, 'value': 'Right'}, {'id': 5777498745, 'qualifierId': 141, 'value': '3.8'}]",7in4ykzbs8p44qy4jrb10p0wl,H. Sugita,,,Portland Thorns,Home
2823776947,53,1,1,4,29,446mp88j1vpk9iwui9fiifrp8,1,67.5,3.8,2025-06-22T02:10:06.824Z,2025-06-22T02:10:09Z,"[{'id': 5777498809, 'qualifierId': 212, 'value': '5.4'}, {'id': 5777498803, 'qualifierId': 56, 'value': 'Right'}, {'id': 5777498811, 'qualifierId': 213, 'value': '2.44'}, {'id': 5777498807, 'qualifierId': 141, 'value': '8.9'}, {'id': 5777498805, 'qualifierId': 140, 'value': '63.6'}]",7whcppsae8rxxj20zaxpx1wq1,K. Torpey,,,Portland Thorns,Home
2823776955,54,1,1,4,32,446mp88j1vpk9iwui9fiifrp8,1,61.3,25.2,2025-06-22T02:10:09.721Z,2025-06-22T02:10:16Z,"[{'id': 5777498857, 'qualifierId': 140, 'value': '62.8'}, {'id': 5777498855, 'qualifierId': 56, 'value': 'Center'}, {'id': 5777498861, 'qualifierId': 212, 'value': '29.5'}, {'id': 5777498859, 'qualifierId': 141, 'value': '68.5'}, {'id': 5777498863, 'qualifierId': 213, 'value': '1.52'}]",7in4ykzbs8p44qy4jrb10p0wl,H. Sugita,,,Portland Thorns,Home
2823776963,55,1,1,4,39,446mp88j1vpk9iwui9fiifrp8,1,68.7,75.7,2025-06-22T02:10:16.456Z,2025-06-22T02:10:18Z,"[{'id': 5777498883, 'qualifierId': 56, 'value': 'Center'}, {'id': 5777498889, 'qualifierId': 212, 'value': '7.0'}, {'id': 5777498885, 'qualifierId': 140, 'value': '75.4'}, {'id': 5777498887, 'qualifierId': 141, 'value': '75.9'}, {'id': 5777498891, 'qualifierId': 213, 'value': '0.02'}]",615vz7uoe3eiozddbe206io6h,R. Reyes,,,Portland Thorns,Home
2823776973,56,1,1,4,41,446mp88j1vpk9iwui9fiifrp8,1,75.4,75.9,2025-06-22T02:10:18.472Z,2025-06-22T02:10:19Z,"[{'id': 5777498929, 'qualifierId': 141, 'value': '73.0'}, {'id': 5777498931, 'qualifierId': 212, 'value': '2.5'}, {'id': 5777498927, 'qualifierId': 140, 'value': '76.9'}, {'id': 5777498933, 'qualifierId': 213, 'value': '5.39'}, {'id': 5777498925, 'qualifierId': 56, 'value': 'Center'}]",7izc8t071mkrrgvptdjru467e,O. Moultrie,,,Portland Thorns,Home
2823776977,57,1,1,4,42,446mp88j1vpk9iwui9fiifrp8,0,76.9,73.0,2025-06-22T02:10:19.320Z,2025-06-22T02:10:20Z,"[{'id': 5777498955, 'qualifierId': 141, 'value': '76.1'}, {'id': 5777498951, 'qualifierId': 56, 'value': 'Center'}, {'id': 5777498957, 'qualifierId': 212, 'value': '6.4'}, {'id': 5777498959, 'qualifierId': 213, 'value': '0.33'}, {'id': 5777498953, 'qualifierId': 140, 'value': '82.7'}]",5b2dire687lp3dasdj2z3n0q2,R. Turner,,,Portland Thorns,Home
2823776997,57,12,1,4,44,dzxypx8djih58p668surbi4qm,1,20.2,29.8,2025-06-22T02:10:21.280Z,2025-06-22T02:10:26Z,"[{'id': 5777499053, 'qualifierId': 213, 'value': '0.14'}, {'id': 5777499047, 'qualifierId': 140, 'value': '34.3'}, {'id': 5777499045, 'qualifierId': 56, 'value': 'Back'}, {'id': 5777499049, 'qualifierId': 141, 'value': '32.8'}, {'id': 5777499051, 'qualifierId': 212, 'value': '14.9'}]",6zzk0lgja87zs45h8btgheled,C. Onwualu,,,Chicago Stars,Away
2823776999,58,1,1,4,46,446mp88j1vpk9iwui9fiifrp8,1,64.2,69.0,2025-06-22T02:10:23.784Z,2025-06-22T02:10:26Z,"[{'id': 5777499063, 'qualifierId': 140, 'value': '68.8'}, {'id': 5777499065, 'qualifierId': 141, 'value': '69.7'}, {'id': 5777499061, 'qualifierId': 56, 'value': 'Center'}, {'id': 5777499069, 'qualifierId': 213, 'value': '0.10'}, {'id': 5777499059, 'qualifierId': 3}, {'id': 5777499067, 'qualifierId': 212, 'value': '4.9'}]",cmolam8ri93kos2rasjhnuxyi,S. Coffey,,,Portland Thorns,Home
2823777001,59,61,1,4,49,446mp88j1vpk9iwui9fiifrp8,0,77.6,71.1,2025-06-22T02:10:26.616Z,2025-06-22T02:10:26Z,"[{'id': 5777499077, 'qualifierId': 56, 'value': 'Center'}]",7izc8t071mkrrgvptdjru467e,O. Moultrie,,,Portland Thorns,Home
2823777005,58,1,1,4,50,dzxypx8djih58p668surbi4qm,1,27.6,31.6,2025-06-22T02:10:27.648Z,2025-06-22T02:10:28Z,"[{'id': 5777499105, 'qualifierId': 212, 'value': '12.5'}, {'id': 5777499101, 'qualifierId': 140, 'value': '16.2'}, {'id': 5777499099, 'qualifierId': 56, 'value': 'Back'}, {'id': 5777499107, 'qualifierId': 213, 'value': '3.43'}, {'id': 5777499103, 'qualifierId': 141, 'value': '26.4'}]",daze51b5849zsk2aqvgmkkbth,Maitane López,,,Chicago Stars,Away
2823777007,59,49,1,4,51,dzxypx8djih58p668surbi4qm,1,15.5,26.2,2025-06-22T02:10:28.818Z,2025-06-22T02:10:29Z,[],v0k2w41tlj0elpj7nrw68onp,N. Kuikka,,,Chicago Stars,Away
2823777015,60,1,1,4,52,dzxypx8djih58p668surbi4qm,0,14.8,24.6,2025-06-22T02:10:29.522Z,2025-06-22T02:10:31Z,"[{'id': 5777499161, 'qualifierId': 140, 'value': '40.9'}, {'id': 5777499165, 'qualifierId': 212, 'value': '30.1'}, {'id': 5777499167, 'qualifierId': 213, 'value': '5.86'}, {'id': 5777499157, 'qualifierId': 157}, {'id': 5777499163, 'qualifierId': 141, 'value': '6.4'}, {'id': 5777499159, 'qualifierId': 56, 'value': 'Back'}, {'id': 5777499169, 'qualifierId': 1}]",v0k2w41tlj0elpj7nrw68onp,N. Kuikka,,,Chicago Stars,Away
2823777029,60,1,1,4,54,446mp88j1vpk9iwui9fiifrp8,1,58.7,96.0,2025-06-22T02:10:31.785Z,2025-06-22T02:10:37Z,"[{'id': 5777499243, 'qualifierId': 212, 'value': '10.8'}, {'id': 5777499237, 'qualifierId': 56, 'value': 'Left'}, {'id': 5777499241, 'qualifierId': 141, 'value': '97.2'}, {'id': 5777499245, 'qualifierId': 213, 'value': '0.08'}, {'id': 5777499239, 'qualifierId': 140, 'value': '69.0'}]",8oj7cqgjacle67i49w4a3gx6,I. Obaze,,,Portland Thorns,Home
2823777033,61,1,1,4,59,446mp88j1vpk9iwui9fiifrp8,0,68.5,97.8,2025-06-22T02:10:36.513Z,2025-06-22T02:10:45Z,"[{'id': 5777499263, 'qualifierId': 140, 'value': '71.4'}, {'id': 5777499269, 'qualifierId': 213, 'value': '0.68'}, {'id': 5777499267, 'qualifierId': 212, 'value': '3.9'}, {'id': 5777499261, 'qualifierId': 56, 'value': 'Left'}, {'id': 5777499265, 'qualifierId': 141, 'value': '100.0'}]",615vz7uoe3eiozddbe206io6h,R. Reyes,,,Portland Thorns,Home
2823777027,61,5,1,4,59,dzxypx8djih58p668surbi4qm,1,28.8,-1.6,2025-06-22T02:10:36.960Z,2025-06-22T02:32:52Z,"[{'id': 5777499235, 'qualifierId': 347}, {'id': 5777499233, 'qualifierId': 56, 'value': 'Back'}, {'id': 5777499285, 'qualifierId': 233, 'value': '62'}]",v0k2w41tlj0elpj7nrw68onp,N. Kuikka,,,Chicago Stars,Away
2823777035,62,5,1,4,59,446mp88j1vpk9iwui9fiifrp8,0,71.2,101.6,2025-06-22T02:10:36.960Z,2025-06-22T02:32:52Z,"[{'id': 5777499271, 'qualifierId': 56, 'value': 'Left'}, {'id': 5777499273, 'qualifierId': 347}, {'id': 5777499301, 'qualifierId': 233, 'value': '61'}]",615vz7uoe3eiozddbe206io6h,R. Reyes,,,Portland Thorns,Home
2823777083,62,1,1,5,11,dzxypx8djih58p668surbi4qm,1,25.9,0.0,2025-06-22T02:10:48.976Z,2025-06-22T02:10:52Z,"[{'id': 5777499493, 'qualifierId': 140, 'value': '43.6'}, {'id': 5777499491, 'qualifierId': 56, 'value': 'Back'}, {'id': 5777499495, 'qualifierId': 141, 'value': '7.9'}, {'id': 5777499499, 'qualifierId': 213, 'value': '0.34'}, {'id': 5777499489, 'qualifierId': 107}, {'id': 5777499497, 'qualifierId': 212, 'value': '19.7'}]",v0k2w41tlj0elpj7nrw68onp,N. Kuikka,,,Chicago Stars,Away
2823777095,63,1,1,5,15,dzxypx8djih58p668surbi4qm,1,40.4,6.7,2025-06-22T02:10:52.561Z,2025-06-22T02:10:57Z,"[{'id': 5777499561, 'qualifierId': 140, 'value': '40.0'}, {'id': 5777499565, 'qualifierId': 212, 'value': '6.2'}, {'id': 5777499567, 'qualifierId': 213, 'value': '1.64'}, {'id': 5777499559, 'qualifierId': 56, 'value': 'Back'}, {'id': 5777499563, 'qualifierId': 141, 'value': '15.8'}]",6e7scc2z7henelebs853mc844,A. Schlegel,,,Chicago Stars,Away
2823777085,63,83,1,5,15,446mp88j1vpk9iwui9fiifrp8,0,55.2,92.7,2025-06-22T02:10:52.745Z,2025-06-22T02:11:01Z,"[{'id': 5777499621, 'qualifierId': 399, 'value': '56jjwfa02gep01vggqojvfbe2'}]",615vz7uoe3eiozddbe206io6h,R. Reyes,,,Portland Thorns,Home
2823777097,64,50,1,5,19,dzxypx8djih58p668surbi4qm,1,51.3,25.4,2025-06-22T02:10:56.360Z,2025-06-22T02:11:00Z,"[{'id': 5777499585, 'qualifierId': 233, 'value': '64'}, {'id': 5777499573, 'qualifierId': 286}, {'id': 5777499571, 'qualifierId': 56, 'value': 'Center'}]",56jjwfa02gep01vggqojvfbe2,M. Hayashi,,,Chicago Stars,Away
2823777099,64,7,1,5,19,446mp88j1vpk9iwui9fiifrp8,0,48.7,74.6,2025-06-22T02:10:56.361Z,2025-06-22T02:11:00Z,"[{'id': 5777499579, 'qualifierId': 233, 'value': '64'}, {'id': 5777499575, 'qualifierId': 56, 'value': 'Back'}, {'id': 5777499577, 'qualifierId': 285}]",cmolam8ri93kos2rasjhnuxyi,S. Coffey,,,Portland Thorns,Home
2823777105,65,61,1,5,22,dzxypx8djih58p668surbi4qm,1,61.6,26.5,2025-06-22T02:10:59.881Z,2025-06-22T02:10:59Z,"[{'id': 5777499607, 'qualifierId': 56, 'value': 'Center'}]",daze51b5849zsk2aqvgmkkbth,Maitane López,,,Chicago Stars,Away
2823777109,65,61,1,5,23,446mp88j1vpk9iwui9fiifrp8,0,46.7,82.0,2025-06-22T02:11:01.051Z,2025-06-22T02:29:00Z,"[{'id': 5777518643, 'qualifierId': 56, 'value': 'Back'}]",7in4ykzbs8p44qy4jrb10p0wl,H. Sugita,,,Portland Thorns,Home
2823777117,66,3,1,5,24,dzxypx8djih58p668surbi4qm,0,65.0,24.3,2025-06-22T02:11:01.240Z,2025-06-22T02:54:55Z,"[{'id': 5777519529, 'qualifierId': 286}, {'id': 5777519547, 'qualifierId': 233, 'value': '66'}, {'id': 5777499637, 'qualifierId': 56, 'value': 'Center'}]",6e7scc2z7henelebs853mc844,A. Schlegel,,,Chicago Stars,Away
2823777115,66,7,1,5,24,446mp88j1vpk9iwui9fiifrp8,1,35.0,75.7,2025-06-22T02:11:01.241Z,2025-06-22T02:54:55Z,"[{'id': 5777519461, 'qualifierId': 285}, {'id': 5777519531, 'qualifierId': 233, 'value': '66'}, {'id': 5777519459, 'qualifierId': 56, 'value': 'Back'}]",7in4ykzbs8p44qy4jrb10p0wl,H. Sugita,,,Portland Thorns,Home
2823777123,68,49,1,5,25,446mp88j1vpk9iwui9fiifrp8,1,29.1,79.3,2025-06-22T02:11:02.986Z,2025-06-22T02:11:03Z,[],8oj7cqgjacle67i49w4a3gx6,I. Obaze,,,Portland Thorns,Home
2823777131,69,1,1,5,26,446mp88j1vpk9iwui9fiifrp8,1,29.1,79.3,2025-06-22T02:11:03.082Z,2025-06-22T02:11:05Z,"[{'id': 5777499707, 'qualifierId': 213, 'value': '0.54'}, {'id': 5777499701, 'qualifierId': 140, 'value': '40.1'}, {'id': 5777499699, 'qualifierId': 56, 'value': 'Back'}, {'id': 5777499705, 'qualifierId': 212, 'value': '13.4'}, {'id': 5777499703, 'qualifierId': 141, 'value': '89.4'}]",8oj7cqgjacle67i49w4a3gx6,I. Obaze,,,Portland Thorns,Home
2823777141,70,1,1,5,28,446mp88j1vpk9iwui9fiifrp8,1,45.4,74.4,2025-06-22T02:11:05.705Z,2025-06-22T02:11:10Z,"[{'id': 5777499741, 'qualifierId': 140, 'value': '55.0'}, {'id': 5777499745, 'qualifierId': 212, 'value': '16.9'}, {'id': 5777499747, 'qualifierId': 213, 'value': '5.35'}, {'id': 5777499739, 'qualifierId': 56, 'value': 'Center'}, {'id': 5777499743, 'qualifierId': 141, 'value': '54.5'}]",615vz7uoe3eiozddbe206io6h,R. Reyes,,,Portland Thorns,Home
2823777137,67,45,1,5,31,dzxypx8djih58p668surbi4qm,0,46.6,53.2,2025-06-22T02:11:08.944Z,2025-06-22T04:07:46Z,"[{'id': 5777499727, 'qualifierId': 285}, {'id': 5777499725, 'qualifierId': 56, 'value': 'Back'}, {'id': 5777499785, 'qualifierId': 233, 'value': '71'}]",19udx179xugqp84qo9rsq0nhl,S. Groom,,,Chicago Stars,Away
2823777151,71,3,1,5,31,446mp88j1vpk9iwui9fiifrp8,1,53.4,46.8,2025-06-22T02:11:08.944Z,2025-06-22T04:07:45Z,"[{'id': 5777499777, 'qualifierId': 56, 'value': 'Center'}, {'id': 5777499779, 'qualifierId': 286}, {'id': 5777499781, 'qualifierId': 233, 'value': '67'}]",ek8x7y3jt0xcebttt75qi5exh,J. Fleming,,,Portland Thorns,Home
2823777155,72,1,1,5,35,446mp88j1vpk9iwui9fiifrp8,1,57.4,20.3,2025-06-22T02:11:12.954Z,2025-06-22T02:11:16Z,"[{'id': 5777499809, 'qualifierId': 141, 'value': '24.4'}, {'id': 5777499813, 'qualifierId': 213, 'value': '0.15'}, {'id': 5777499811, 'qualifierId': 212, 'value': '19.1'}, {'id': 5777499807, 'qualifierId': 140, 'value': '75.4'}, {'id': 5777499805, 'qualifierId': 56, 'value': 'Center'}]",ek8x7y3jt0xcebttt75qi5exh,J. Fleming,,,Portland Thorns,Home
2823777157,73,1,1,5,38,446mp88j1vpk9iwui9fiifrp8,1,75.4,24.4,2025-06-22T02:11:15.961Z,2025-06-22T02:11:16Z,"[{'id': 5777499821, 'qualifierId': 141, 'value': '8.8'}, {'id': 5777499825, 'qualifierId': 213, 'value': '4.55'}, {'id': 5777499817, 'qualifierId': 56, 'value': 'Right'}, {'id': 5777499823, 'qualifierId': 212, 'value': '10.8'}, {'id': 5777499819, 'qualifierId': 140, 'value': '73.7'}]",2btfn8hbssn0dnszgyll1gopg,P. Tordin,,,Portland Thorns,Home
2823777167,74,1,1,5,39,446mp88j1vpk9iwui9fiifrp8,1,73.7,8.8,2025-06-22T02:11:16.794Z,2025-06-22T02:11:18Z,"[{'id': 5777499877, 'qualifierId': 140, 'value': '58.4'}, {'id': 5777499875, 'qualifierId': 56, 'value': 'Right'}, {'id': 5777499883, 'qualifierId': 213, 'value': '2.85'}, {'id': 5777499881, 'qualifierId': 212, 'value': '16.8'}, {'id': 5777499879, 'qualifierId': 141, 'value': '15.9'}]",7whcppsae8rxxj20zaxpx1wq1,K. Torpey,,,Portland Thorns,Home
2823777177,75,1,1,5,41,446mp88j1vpk9iwui9fiifrp8,1,48.7,17.4,2025-06-22T02:11:18.746Z,2025-06-22T02:11:21Z,"[{'id': 5777499943, 'qualifierId': 141, 'value': '24.9'}, {'id': 5777499947, 'qualifierId': 213, 'value': '2.75'}, {'id': 5777499939, 'qualifierId': 56, 'value': 'Back'}, {'id': 5777499941, 'qualifierId': 140, 'value': '37.0'}, {'id': 5777499945, 'qualifierId': 212, 'value': '13.3'}]",ek8x7y3jt0xcebttt75qi5exh,J. Fleming,,,Portland Thorns,Home
2823777183,76,1,1,5,44,446mp88j1vpk9iwui9fiifrp8,1,34.8,22.1,2025-06-22T02:11:21.769Z,2025-06-22T02:11:22Z,"[{'id': 5777499983, 'qualifierId': 141, 'value': '10.4'}, {'id': 5777499987, 'qualifierId': 213, 'value': '5.29'}, {'id': 5777499985, 'qualifierId': 212, 'value': '9.5'}, {'id': 5777499981, 'qualifierId': 140, 'value': '39.7'}, {'id': 5777499979, 'qualifierId': 56, 'value': 'Back'}]",74uudh34v23m2z9gy5tdppxey,S. Hiatt,,,Portland Thorns,Home
2823777199,77,1,1,5,45,446mp88j1vpk9iwui9fiifrp8,1,39.7,10.4,2025-06-22T02:11:22.762Z,2025-06-22T02:11:25Z,"[{'id': 5777500075, 'qualifierId': 212, 'value': '8.6'}, {'id': 5777500071, 'qualifierId': 140, 'value': '43.5'}, {'id': 5777500077, 'qualifierId': 213, 'value': '1.09'}, {'id': 5777500069, 'qualifierId': 56, 'value': 'Back'}, {'id': 5777500073, 'qualifierId': 141, 'value': '21.6'}]",ek8x7y3jt0xcebttt75qi5exh,J. Fleming,,,Portland Thorns,Home
2823777207,78,1,1,5,48,446mp88j1vpk9iwui9fiifrp8,1,44.3,17.1,2025-06-22T02:11:25.818Z,2025-06-22T02:11:26Z,"[{'id': 5777500141, 'qualifierId': 213, 'value': '5.35'}, {'id': 5777500133, 'qualifierId': 56, 'value': 'Back'}, {'id': 5777500135, 'qualifierId': 140, 'value': '48.8'}, {'id': 5777500139, 'qualifierId': 212, 'value': '7.9'}, {'id': 5777500137, 'qualifierId': 141, 'value': '7.7'}]",cmolam8ri93kos2rasjhnuxyi,S. Coffey,,,Portland Thorns,Home
2823777209,79,1,1,5,49,446mp88j1vpk9iwui9fiifrp8,0,48.8,7.7,2025-06-22T02:11:26.826Z,2025-06-22T02:11:27Z,"[{'id': 5777500159, 'qualifierId': 213, 'value': '0.00'}, {'id': 5777500153, 'qualifierId': 140, 'value': '57.9'}, {'id': 5777500155, 'qualifierId': 141, 'value': '7.7'}, {'id': 5777500151, 'qualifierId': 56, 'value': 'Right'}, {'id': 5777500157, 'qualifierId': 212, 'value': '9.6'}]",ek8x7y3jt0xcebttt75qi5exh,J. Fleming,,,Portland Thorns,Home
2823777213,68,49,1,5,52,dzxypx8djih58p668surbi4qm,1,43.1,92.0,2025-06-22T02:11:29.538Z,2025-06-22T02:11:29Z,[],daze51b5849zsk2aqvgmkkbth,Maitane López,,,Chicago Stars,Away
2823777219,80,83,1,5,53,446mp88j1vpk9iwui9fiifrp8,0,57.0,4.6,2025-06-22T02:11:30.618Z,2025-06-22T02:11:34Z,"[{'id': 5777500263, 'qualifierId': 399, 'value': 'daze51b5849zsk2aqvgmkkbth'}]",7whcppsae8rxxj20zaxpx1wq1,K. Torpey,,,Portland Thorns,Home
2823777227,69,61,1,5,55,dzxypx8djih58p668surbi4qm,0,62.5,88.6,2025-06-22T02:11:32.961Z,2025-06-22T02:11:33Z,"[{'id': 5777500233, 'qualifierId': 56, 'value': 'Left'}]",daze51b5849zsk2aqvgmkkbth,Maitane López,,,Chicago Stars,Away
2823777239,81,49,1,5,57,446mp88j1vpk9iwui9fiifrp8,1,34.6,6.5,2025-06-22T02:11:34.523Z,2025-06-22T02:11:34Z,[],7whcppsae8rxxj20zaxpx1wq1,K. Torpey,,,Portland Thorns,Home
2823777247,82,1,1,5,57,446mp88j1vpk9iwui9fiifrp8,1,34.6,6.5,2025-06-22T02:11:34.826Z,2025-06-22T02:11:36Z,"[{'id': 5777500337, 'qualifierId': 140, 'value': '24.3'}, {'id': 5777500343, 'qualifierId': 213, 'value': '2.46'}, {'id': 5777500335, 'qualifierId': 56, 'value': 'Back'}, {'id': 5777500339, 'qualifierId': 141, 'value': '19.4'}, {'id': 5777500341, 'qualifierId': 212, 'value': '13.9'}]",7whcppsae8rxxj20zaxpx1wq1,K. Torpey,,,Portland Thorns,Home
2823777271,83,1,1,5,58,446mp88j1vpk9iwui9fiifrp8,1,24.3,19.4,2025-06-22T02:11:35.962Z,2025-06-22T02:11:40Z,"[{'id': 5777500419, 'qualifierId': 213, 'value': '2.20'}, {'id': 5777500413, 'qualifierId': 140, 'value': '12.1'}, {'id': 5777500417, 'qualifierId': 212, 'value': '21.9'}, {'id': 5777500415, 'qualifierId': 141, 'value': '45.5'}, {'id': 5777500411, 'qualifierId': 56, 'value': 'Back'}]",74uudh34v23m2z9gy5tdppxey,S. Hiatt,,,Portland Thorns,Home
2823777277,84,1,1,6,2,446mp88j1vpk9iwui9fiifrp8,1,17.8,47.8,2025-06-22T02:11:40.042Z,2025-06-22T02:11:44Z,"[{'id': 5777500437, 'qualifierId': 140, 'value': '22.8'}, {'id': 5777500443, 'qualifierId': 213, 'value': '1.30'}, {'id': 5777500435, 'qualifierId': 56, 'value': 'Back'}, {'id': 5777500439, 'qualifierId': 141, 'value': '75.7'}, {'id': 5777500441, 'qualifierId': 212, 'value': '19.7'}]",1yva0f096q2oqk5gz59utr42y,B. Bixby,,,Portland Thorns,Home
2823777281,85,1,1,6,7,446mp88j1vpk9iwui9fiifrp8,1,41.5,77.6,2025-06-22T02:11:44.698Z,2025-06-22T02:11:47Z,"[{'id': 5777500453, 'qualifierId': 140, 'value': '49.6'}, {'id': 5777500455, 'qualifierId': 141, 'value': '98.0'}, {'id': 5777500451, 'qualifierId': 56, 'value': 'Back'}, {'id': 5777500459, 'qualifierId': 213, 'value': '1.02'}, {'id': 5777500457, 'qualifierId': 212, 'value': '16.3'}]",8oj7cqgjacle67i49w4a3gx6,I. Obaze,,,Portland Thorns,Home
2823777285,86,1,1,6,9,446mp88j1vpk9iwui9fiifrp8,1,51.2,96.8,2025-06-22T02:11:46.922Z,2025-06-22T02:11:50Z,"[{'id': 5777500483, 'qualifierId': 141, 'value': '92.4'}, {'id': 5777500481, 'qualifierId': 140, 'value': '60.8'}, {'id': 5777500479, 'qualifierId': 56, 'value': 'Left'}, {'id': 5777500485, 'qualifierId': 212, 'value': '10.5'}, {'id': 5777500487, 'qualifierId': 213, 'value': '5.99'}]",615vz7uoe3eiozddbe206io6h,R. Reyes,,,Portland Thorns,Home
2823777287,87,1,1,6,12,446mp88j1vpk9iwui9fiifrp8,1,60.1,74.8,2025-06-22T02:11:49.978Z,2025-06-22T02:11:54Z,"[{'id': 5777500521, 'qualifierId': 141, 'value': '37.3'}, {'id': 5777500517, 'qualifierId': 56, 'value': 'Center'}, {'id': 5777500525, 'qualifierId': 213, 'value': '4.79'}, {'id': 5777500519, 'qualifierId': 140, 'value': '61.9'}, {'id': 5777500523, 'qualifierId': 212, 'value': '25.6'}]",5b2dire687lp3dasdj2z3n0q2,R. Turner,,,Portland Thorns,Home
2823777293,88,1,1,6,17,446mp88j1vpk9iwui9fiifrp8,1,72.0,30.6,2025-06-22T02:11:54.154Z,2025-06-22T02:11:58Z,"[{'id': 5777500561, 'qualifierId': 140, 'value': '74.0'}, {'id': 5777500565, 'qualifierId': 212, 'value': '5.8'}, {'id': 5777500567, 'qualifierId': 213, 'value': '1.20'}, {'id': 5777500563, 'qualifierId': 141, 'value': '38.5'}, {'id': 5777500559, 'qualifierId': 56, 'value': 'Center'}]",7whcppsae8rxxj20zaxpx1wq1,K. Torpey,,,Portland Thorns,Home
2823777295,71,83,1,6,20,dzxypx8djih58p668surbi4qm,0,28.7,71.2,2025-06-22T02:11:57.185Z,2025-06-22T02:12:06Z,"[{'id': 5777500621, 'qualifierId': 399, 'value': 'ek8x7y3jt0xcebttt75qi5exh'}]",19udx179xugqp84qo9rsq0nhl,S. Groom,,,Chicago Stars,Away
2823777291,70,83,1,6,20,dzxypx8djih58p668surbi4qm,0,29.2,74.4,2025-06-22T02:11:57.505Z,2025-06-22T02:12:04Z,"[{'id': 5777500683, 'qualifierId': 399, 'value': 'ek8x7y3jt0xcebttt75qi5exh'}]",19udx179xugqp84qo9rsq0nhl,S. Groom,,,Chicago Stars,Away
2823777301,89,1,1,6,20,446mp88j1vpk9iwui9fiifrp8,1,69.1,38.9,2025-06-22T02:11:58.043Z,2025-06-22T02:12:00Z,"[{'id': 5777500589, 'qualifierId': 140, 'value': '65.8'}, {'id': 5777500593, 'qualifierId': 212, 'value': '4.6'}, {'id': 5777500595, 'qualifierId': 213, 'value': '2.42'}, {'id': 5777500587, 'qualifierId': 56, 'value': 'Center'}, {'id': 5777500591, 'qualifierId': 141, 'value': '43.4'}]",ek8x7y3jt0xcebttt75qi5exh,J. Fleming,,,Portland Thorns,Home
2823777303,90,1,1,6,23,446mp88j1vpk9iwui9fiifrp8,1,69.8,30.9,2025-06-22T02:12:00.843Z,2025-06-22T02:12:04Z,"[{'id': 5777500607, 'qualifierId': 141, 'value': '31.3'}, {'id': 5777500611, 'qualifierId': 213, 'value': '3.12'}, {'id': 5777500605, 'qualifierId': 140, 'value': '59.5'}, {'id': 5777500609, 'qualifierId': 212, 'value': '10.8'}, {'id': 5777500603, 'qualifierId': 56, 'value': 'Center'}]",cmolam8ri93kos2rasjhnuxyi,S. Coffey,,,Portland Thorns,Home
2823777319,91,1,1,6,27,446mp88j1vpk9iwui9fiifrp8,1,59.5,31.3,2025-06-22T02:12:04.779Z,2025-06-22T02:12:06Z,"[{'id': 5777500699, 'qualifierId': 141, 'value': '28.8'}, {'id': 5777500697, 'qualifierId': 140, 'value': '65.3'}, {'id': 5777500701, 'qualifierId': 212, 'value': '6.3'}, {'id': 5777500703, 'qualifierId': 213, 'value': '6.01'}, {'id': 5777500695, 'qualifierId': 56, 'value': 'Center'}]",74uudh34v23m2z9gy5tdppxey,S. Hiatt,,,Portland Thorns,Home
2823777323,92,1,1,6,29,446mp88j1vpk9iwui9fiifrp8,0,65.3,28.8,2025-06-22T02:12:06.251Z,2025-06-22T02:12:09Z,"[{'id': 5777500731, 'qualifierId': 212, 'value': '37.7'}, {'id': 5777500723, 'qualifierId': 168}, {'id': 5777500767, 'qualifierId': 1}, {'id': 5777500725, 'qualifierId': 56, 'value': 'Center'}, {'id': 5777500733, 'qualifierId': 213, 'value': '6.17'}, {'id': 5777500729, 'qualifierId': 141, 'value': '22.5'}, {'id': 5777500727, 'qualifierId': 140, 'value': '100.0'}]",2btfn8hbssn0dnszgyll1gopg,P. Tordin,,,Portland Thorns,Home
2823777331,72,5,1,6,32,dzxypx8djih58p668surbi4qm,1,-1.3,76.2,2025-06-22T02:12:09.412Z,2025-06-22T02:32:53Z,"[{'id': 5777500785, 'qualifierId': 233, 'value': '93'}, {'id': 5777500779, 'qualifierId': 346}, {'id': 5777500777, 'qualifierId': 56, 'value': 'Back'}]",19udx179xugqp84qo9rsq0nhl,S. Groom,,,Chicago Stars,Away
2823777333,93,5,1,6,32,446mp88j1vpk9iwui9fiifrp8,0,101.3,23.8,2025-06-22T02:12:09.412Z,2025-06-22T02:32:53Z,"[{'id': 5777500789, 'qualifierId': 233, 'value': '72'}, {'id': 5777500783, 'qualifierId': 346}, {'id': 5777500781, 'qualifierId': 56, 'value': 'Center'}]",2btfn8hbssn0dnszgyll1gopg,P. Tordin,,,Portland Thorns,Home
2823777357,73,1,1,6,54,dzxypx8djih58p668surbi4qm,1,3.2,42.1,2025-06-22T02:12:31.809Z,2025-06-22T02:12:34Z,"[{'id': 5777500959, 'qualifierId': 237}, {'id': 5777500945, 'qualifierId': 124}, {'id': 5777500967, 'qualifierId': 189}, {'id': 5777500953, 'qualifierId': 212, 'value': '31.2'}, {'id': 5777500947, 'qualifierId': 56, 'value': 'Back'}, {'id': 5777500949, 'qualifierId': 140, 'value': '21.5'}, {'id': 5777500951, 'qualifierId': 141, 'value': '5.9'}, {'id': 5777500955, 'qualifierId': 213, 'value': '5.38'}]",20qmwwdxbdp6ade3j9lssbvxm,H. Mackiewicz,,,Chicago Stars,Away
2823777363,74,1,1,6,58,dzxypx8djih58p668surbi4qm,1,22.4,5.8,2025-06-22T02:12:35.697Z,2025-06-22T02:12:37Z,"[{'id': 5777500999, 'qualifierId': 213, 'value': '0.00'}, {'id': 5777501001, 'qualifierId': 1}, {'id': 5777500997, 'qualifierId': 212, 'value': '47.0'}, {'id': 5777500993, 'qualifierId': 140, 'value': '67.2'}, {'id': 5777500995, 'qualifierId': 141, 'value': '5.8'}, {'id': 5777500991, 'qualifierId': 56, 'value': 'Right'}]",v0k2w41tlj0elpj7nrw68onp,N. Kuikka,,,Chicago Stars,Away
2823777365,75,61,1,7,0,dzxypx8djih58p668surbi4qm,0,67.3,5.6,2025-06-22T02:12:37.617Z,2025-06-22T02:12:37Z,"[{'id': 5777501005, 'qualifierId': 56, 'value': 'Right'}]",6e7scc2z7henelebs853mc844,A. Schlegel,,,Chicago Stars,Away
2823777367,94,1,1,7,2,446mp88j1vpk9iwui9fiifrp8,0,25.1,73.6,2025-06-22T02:12:39.547Z,2025-06-22T02:12:40Z,"[{'id': 5777501009, 'qualifierId': 56, 'value': 'Back'}, {'id': 5777501019, 'qualifierId': 1}, {'id': 5777501013, 'qualifierId': 141, 'value': '83.0'}, {'id': 5777501015, 'qualifierId': 212, 'value': '15.5'}, {'id': 5777501011, 'qualifierId': 140, 'value': '38.5'}, {'id': 5777501007, 'qualifierId': 157}, {'id': 5777501017, 'qualifierId': 213, 'value': '0.43'}]",74uudh34v23m2z9gy5tdppxey,S. Hiatt,,,Portland Thorns,Home
2823777377,76,1,1,7,5,dzxypx8djih58p668surbi4qm,0,64.1,23.9,2025-06-22T02:12:42.593Z,2025-06-22T02:30:30Z,"[{'id': 5777501077, 'qualifierId': 213, 'value': '6.12'}, {'id': 5777501071, 'qualifierId': 140, 'value': '78.8'}, {'id': 5777501067, 'qualifierId': 3}, {'id': 5777501075, 'qualifierId': 212, 'value': '15.6'}, {'id': 5777501073, 'qualifierId': 141, 'value': '20.1'}, {'id': 5777501069, 'qualifierId': 56, 'value': 'Right'}]",8v62hppzsz2yonw60h9910iga,J. Bike,,,Chicago Stars,Away
2823777375,95,44,1,7,6,446mp88j1vpk9iwui9fiifrp8,1,22.4,77.2,2025-06-22T02:12:43.339Z,2025-06-22T04:01:03Z,"[{'id': 5777501065, 'qualifierId': 285}, {'id': 5777501133, 'qualifierId': 233, 'value': '77'}, {'id': 5777501063, 'qualifierId': 56, 'value': 'Back'}]",615vz7uoe3eiozddbe206io6h,R. Reyes,,,Portland Thorns,Home
2823777379,77,44,1,7,6,dzxypx8djih58p668surbi4qm,0,77.6,22.8,2025-06-22T02:12:43.340Z,2025-06-22T04:01:03Z,"[{'id': 5777501083, 'qualifierId': 286}, {'id': 5777501139, 'qualifierId': 233, 'value': '95'}, {'id': 5777501081, 'qualifierId': 56, 'value': 'Center'}]",6e7scc2z7henelebs853mc844,A. Schlegel,,,Chicago Stars,Away
2823777383,96,1,1,7,6,446mp88j1vpk9iwui9fiifrp8,1,24.6,72.7,2025-06-22T02:12:43.627Z,2025-06-22T02:12:45Z,"[{'id': 5777501103, 'qualifierId': 141, 'value': '69.7'}, {'id': 5777501097, 'qualifierId': 3}, {'id': 5777501101, 'qualifierId': 140, 'value': '31.9'}, {'id': 5777501105, 'qualifierId': 212, 'value': '7.9'}, {'id': 5777501107, 'qualifierId': 213, 'value': '6.02'}, {'id': 5777501099, 'qualifierId': 56, 'value': 'Back'}]",615vz7uoe3eiozddbe206io6h,R. Reyes,,,Portland Thorns,Home
2823777385,97,49,1,7,7,446mp88j1vpk9iwui9fiifrp8,1,31.9,69.7,2025-06-22T02:12:45.036Z,2025-06-22T02:12:45Z,[],cmolam8ri93kos2rasjhnuxyi,S. Coffey,,,Portland Thorns,Home
2823777389,98,1,1,7,8,446mp88j1vpk9iwui9fiifrp8,1,31.9,69.7,2025-06-22T02:12:45.403Z,2025-06-22T02:12:47Z,"[{'id': 5777501145, 'qualifierId': 56, 'value': 'Back'}, {'id': 5777501153, 'qualifierId': 213, 'value': '3.70'}, {'id': 5777501147, 'qualifierId': 140, 'value': '20.3'}, {'id': 5777501151, 'qualifierId': 212, 'value': '14.4'}, {'id': 5777501149, 'qualifierId': 141, 'value': '58.5'}]",cmolam8ri93kos2rasjhnuxyi,S. Coffey,,,Portland Thorns,Home
2823777401,99,1,1,7,10,446mp88j1vpk9iwui9fiifrp8,1,16.9,58.8,2025-06-22T02:12:47.740Z,2025-06-22T02:12:53Z,"[{'id': 5777501239, 'qualifierId': 140, 'value': '6.8'}, {'id': 5777501245, 'qualifierId': 213, 'value': '3.98'}, {'id': 5777501241, 'qualifierId': 141, 'value': '41.6'}, {'id': 5777501237, 'qualifierId': 56, 'value': 'Back'}, {'id': 5777501243, 'qualifierId': 212, 'value': '15.8'}]",74uudh34v23m2z9gy5tdppxey,S. Hiatt,,,Portland Thorns,Home
2823777407,100,1,1,7,15,446mp88j1vpk9iwui9fiifrp8,0,9.0,39.7,2025-06-22T02:12:52.940Z,2025-06-22T02:12:55Z,"[{'id': 5777501287, 'qualifierId': 213, 'value': '0.64'}, {'id': 5777501281, 'qualifierId': 140, 'value': '48.3'}, {'id': 5777501279, 'qualifierId': 56, 'value': 'Back'}, {'id': 5777501285, 'qualifierId': 212, 'value': '51.5'}, {'id': 5777501283, 'qualifierId': 141, 'value': '85.0'}, {'id': 5777501289, 'qualifierId': 1}, {'id': 5777501277, 'qualifierId': 155}]",1yva0f096q2oqk5gz59utr42y,B. Bixby,,,Portland Thorns,Home
2823777409,78,1,1,7,18,dzxypx8djih58p668surbi4qm,0,53.1,15.5,2025-06-22T02:12:55.985Z,2025-06-22T02:12:56Z,"[{'id': 5777501297, 'qualifierId': 141, 'value': '20.9'}, {'id': 5777501299, 'qualifierId': 212, 'value': '6.6'}, {'id': 5777501295, 'qualifierId': 140, 'value': '58.3'}, {'id': 5777501291, 'qualifierId': 3}, {'id': 5777501301, 'qualifierId': 213, 'value': '0.59'}, {'id': 5777501293, 'qualifierId': 56, 'value': 'Right'}]",v0k2w41tlj0elpj7nrw68onp,N. Kuikka,,,Chicago Stars,Away
2823777413,101,1,1,7,20,446mp88j1vpk9iwui9fiifrp8,1,43.3,75.4,2025-06-22T02:12:57.132Z,2025-06-22T02:12:58Z,"[{'id': 5777501341, 'qualifierId': 56, 'value': 'Back'}, {'id': 5777501345, 'qualifierId': 141, 'value': '67.5'}, {'id': 5777501347, 'qualifierId': 212, 'value': '8.3'}, {'id': 5777501343, 'qualifierId': 140, 'value': '49.3'}, {'id': 5777501349, 'qualifierId': 213, 'value': '5.58'}]",7in4ykzbs8p44qy4jrb10p0wl,H. Sugita,,,Portland Thorns,Home
2823777431,102,1,1,7,21,446mp88j1vpk9iwui9fiifrp8,1,49.3,67.5,2025-06-22T02:12:58.652Z,2025-06-22T02:13:04Z,"[{'id': 5777501393, 'qualifierId': 212, 'value': '8.1'}, {'id': 5777501389, 'qualifierId': 140, 'value': '46.6'}, {'id': 5777501387, 'qualifierId': 56, 'value': 'Back'}, {'id': 5777501395, 'qualifierId': 213, 'value': '4.35'}, {'id': 5777501391, 'qualifierId': 141, 'value': '56.4'}]",7izc8t071mkrrgvptdjru467e,O. Moultrie,,,Portland Thorns,Home
2823777441,103,1,1,7,27,446mp88j1vpk9iwui9fiifrp8,1,72.8,39.2,2025-06-22T02:13:04.331Z,2025-06-22T02:13:08Z,"[{'id': 5777501489, 'qualifierId': 212, 'value': '12.2'}, {'id': 5777501483, 'qualifierId': 56, 'value': 'Center'}, {'id': 5777501485, 'qualifierId': 140, 'value': '80.3'}, {'id': 5777501491, 'qualifierId': 213, 'value': '5.41'}, {'id': 5777501487, 'qualifierId': 141, 'value': '25.5'}]",7in4ykzbs8p44qy4jrb10p0wl,H. Sugita,,,Portland Thorns,Home
2823777445,104,1,1,7,31,446mp88j1vpk9iwui9fiifrp8,1,80.1,21.6,2025-06-22T02:13:08.315Z,2025-06-22T02:13:09Z,"[{'id': 5777501503, 'qualifierId': 213, 'value': '2.06'}, {'id': 5777501499, 'qualifierId': 141, 'value': '30.9'}, {'id': 5777501495, 'qualifierId': 56, 'value': 'Center'}, {'id': 5777501501, 'qualifierId': 212, 'value': '7.2'}, {'id': 5777501497, 'qualifierId': 140, 'value': '76.9'}]",ek8x7y3jt0xcebttt75qi5exh,J. Fleming,,,Portland Thorns,Home
2823777453,105,1,1,7,31,446mp88j1vpk9iwui9fiifrp8,1,76.9,30.9,2025-06-22T02:13:09.019Z,2025-06-22T02:13:11Z,"[{'id': 5777501545, 'qualifierId': 140, 'value': '87.8'}, {'id': 5777501543, 'qualifierId': 56, 'value': 'Right'}, {'id': 5777501547, 'qualifierId': 141, 'value': '10.3'}, {'id': 5777501549, 'qualifierId': 212, 'value': '18.1'}, {'id': 5777501551, 'qualifierId': 213, 'value': '5.40'}]",7in4ykzbs8p44qy4jrb10p0wl,H. Sugita,,,Portland Thorns,Home
2823777457,106,1,1,7,33,446mp88j1vpk9iwui9fiifrp8,1,87.8,10.3,2025-06-22T02:13:10.924Z,2025-06-22T02:13:11Z,"[{'id': 5777501567, 'qualifierId': 56, 'value': 'Right'}, {'id': 5777501571, 'qualifierId': 141, 'value': '14.6'}, {'id': 5777501575, 'qualifierId': 213, 'value': '2.57'}, {'id': 5777501573, 'qualifierId': 212, 'value': '5.4'}, {'id': 5777501569, 'qualifierId': 140, 'value': '83.5'}]",7whcppsae8rxxj20zaxpx1wq1,K. Torpey,,,Portland Thorns,Home
2823777463,107,1,1,7,34,446mp88j1vpk9iwui9fiifrp8,1,83.5,14.6,2025-06-22T02:13:11.612Z,2025-06-22T02:13:13Z,"[{'id': 5777501599, 'qualifierId': 213, 'value': '5.60'}, {'id': 5777501593, 'qualifierId': 140, 'value': '89.5'}, {'id': 5777501597, 'qualifierId': 212, 'value': '8.1'}, {'id': 5777501595, 'qualifierId': 141, 'value': '7.1'}, {'id': 5777501591, 'qualifierId': 56, 'value': 'Right'}]",ek8x7y3jt0xcebttt75qi5exh,J. Fleming,,,Portland Thorns,Home
2823777477,108,1,1,7,36,446mp88j1vpk9iwui9fiifrp8,1,78.9,9.5,2025-06-22T02:13:13.340Z,2025-06-22T02:13:16Z,"[{'id': 5777501713, 'qualifierId': 140, 'value': '67.3'}, {'id': 5777501719, 'qualifierId': 213, 'value': '2.65'}, {'id': 5777501717, 'qualifierId': 212, 'value': '13.9'}, {'id': 5777501711, 'qualifierId': 56, 'value': 'Right'}, {'id': 5777501715, 'qualifierId': 141, 'value': '19.2'}]",7whcppsae8rxxj20zaxpx1wq1,K. Torpey,,,Portland Thorns,Home
2823777495,109,1,1,7,39,446mp88j1vpk9iwui9fiifrp8,1,67.0,24.4,2025-06-22T02:13:16.348Z,2025-06-22T02:13:22Z,"[{'id': 5777501803, 'qualifierId': 140, 'value': '88.3'}, {'id': 5777501799, 'qualifierId': 155}, {'id': 5777501805, 'qualifierId': 141, 'value': '37.0'}, {'id': 5777501801, 'qualifierId': 56, 'value': 'Center'}, {'id': 5777501809, 'qualifierId': 213, 'value': '0.37'}, {'id': 5777501807, 'qualifierId': 212, 'value': '24.0'}]",7in4ykzbs8p44qy4jrb10p0wl,H. Sugita,,,Portland Thorns,Home
2823777501,110,43,1,7,45,446mp88j1vpk9iwui9fiifrp8,1,0.0,0.0,2025-06-22T02:13:22.091Z,2025-06-22T02:13:32Z,"[{'id': 5777501833, 'qualifierId': 3, 'value': '0'}, {'id': 5777501841, 'qualifierId': 141, 'value': '31.6'}, {'id': 5777501845, 'qualifierId': 213, 'value': '0.00'}, {'id': 5777501843, 'qualifierId': 212, 'value': '0'}, {'id': 5777501835, 'qualifierId': 168, 'value': '0'}, {'id': 5777501839, 'qualifierId': 140, 'value': '94.1'}, {'id': 5777501837, 'qualifierId': 56, 'value': 'Center'}, {'id': 5777501993, 'qualifierId': 144, 'value': '1'}]",5b2dire687lp3dasdj2z3n0q2,R. Turner,,,Portland Thorns,Home
2823777503,111,61,1,7,45,446mp88j1vpk9iwui9fiifrp8,0,94.8,31.4,2025-06-22T02:13:22.875Z,2025-06-22T02:13:46Z,"[{'id': 5777501851, 'qualifierId': 56, 'value': 'Center'}]",5b2dire687lp3dasdj2z3n0q2,R. Turner,,,Portland Thorns,Home
2823777509,79,43,1,7,45,dzxypx8djih58p668surbi4qm,1,0.0,0.0,2025-06-22T02:13:22.876Z,2025-06-22T02:13:49Z,"[{'id': 5777501863, 'qualifierId': 167, 'value': '0'}, {'id': 5777502343, 'qualifierId': 144, 'value': '7'}, {'id': 5777501865, 'qualifierId': 56, 'value': 'Back'}, {'id': 5777501867, 'qualifierId': 285, 'value': '0'}]",6zzk0lgja87zs45h8btgheled,C. Onwualu,,,Chicago Stars,Away
2823777511,80,5,1,7,46,dzxypx8djih58p668surbi4qm,1,-1.6,69.9,2025-06-22T02:13:23.906Z,2025-06-22T02:13:57Z,"[{'id': 5777502547, 'qualifierId': 346}, {'id': 5777502481, 'qualifierId': 233, 'value': '112'}, {'id': 5777501935, 'qualifierId': 56, 'value': 'Back'}]",6zzk0lgja87zs45h8btgheled,C. Onwualu,,,Chicago Stars,Away
2823777515,112,5,1,7,46,446mp88j1vpk9iwui9fiifrp8,0,101.6,30.1,2025-06-22T02:13:23.906Z,2025-06-22T02:32:53Z,"[{'id': 5777502485, 'qualifierId': 233, 'value': '80'}, {'id': 5777501923, 'qualifierId': 56, 'value': 'Center'}, {'id': 5777502549, 'qualifierId': 346}]",5b2dire687lp3dasdj2z3n0q2,R. Turner,,,Portland Thorns,Home
2823777559,81,1,1,8,5,dzxypx8djih58p668surbi4qm,0,4.6,56.7,2025-06-22T02:13:42.178Z,2025-06-22T02:14:04Z,"[{'id': 5777502659, 'qualifierId': 237}, {'id': 5777502211, 'qualifierId': 1}, {'id': 5777502205, 'qualifierId': 141, 'value': '36.4'}, {'id': 5777502201, 'qualifierId': 56, 'value': 'Center'}, {'id': 5777502203, 'qualifierId': 140, 'value': '71.6'}, {'id': 5777502657, 'qualifierId': 124}, {'id': 5777502703, 'qualifierId': 189}, {'id': 5777502207, 'qualifierId': 212, 'value': '71.7'}, {'id': 5777502209, 'qualifierId': 213, 'value': '6.09'}]",20qmwwdxbdp6ade3j9lssbvxm,H. Mackiewicz,,,Chicago Stars,Away
2823777547,113,43,1,8,5,446mp88j1vpk9iwui9fiifrp8,1,0.0,0.0,2025-06-22T02:13:42.444Z,2025-06-22T02:13:44Z,"[{'id': 5777502197, 'qualifierId': 144, 'value': '5'}, {'id': 5777502153, 'qualifierId': 56, 'value': 'Center'}, {'id': 5777502155, 'qualifierId': 346, 'value': '0'}]",5b2dire687lp3dasdj2z3n0q2,R. Turner,,,Portland Thorns,Home
2823777609,114,49,1,8,17,446mp88j1vpk9iwui9fiifrp8,1,25.6,72.9,2025-06-22T02:13:54.508Z,2025-06-22T02:14:43Z,[],8oj7cqgjacle67i49w4a3gx6,I. Obaze,,,Portland Thorns,Home
2823777617,115,1,1,8,17,446mp88j1vpk9iwui9fiifrp8,1,25.6,72.9,2025-06-22T02:13:54.685Z,2025-06-22T02:14:43Z,"[{'id': 5777502493, 'qualifierId': 56, 'value': 'Back'}, {'id': 5777502499, 'qualifierId': 212, 'value': '16.0'}, {'id': 5777502495, 'qualifierId': 140, 'value': '12.2'}, {'id': 5777502501, 'qualifierId': 213, 'value': '3.63'}, {'id': 5777502497, 'qualifierId': 141, 'value': '61.8'}]",8oj7cqgjacle67i49w4a3gx6,I. Obaze,,,Portland Thorns,Home
2823777637,116,1,1,8,18,446mp88j1vpk9iwui9fiifrp8,1,12.2,61.8,2025-06-22T02:13:55.932Z,2025-06-22T02:13:59Z,"[{'id': 5777502611, 'qualifierId': 140, 'value': '24.6'}, {'id': 5777502615, 'qualifierId': 212, 'value': '16.1'}, {'id': 5777502617, 'qualifierId': 213, 'value': '0.63'}, {'id': 5777502609, 'qualifierId': 56, 'value': 'Back'}, {'id': 5777502613, 'qualifierId': 141, 'value': '75.7'}]",1yva0f096q2oqk5gz59utr42y,B. Bixby,,,Portland Thorns,Home
2823777643,117,1,1,8,24,446mp88j1vpk9iwui9fiifrp8,1,24.6,75.7,2025-06-22T02:14:01.629Z,2025-06-22T02:14:02Z,"[{'id': 5777502645, 'qualifierId': 56, 'value': 'Back'}, {'id': 5777502647, 'qualifierId': 140, 'value': '11.7'}, {'id': 5777502653, 'qualifierId': 213, 'value': '4.12'}, {'id': 5777502651, 'qualifierId': 212, 'value': '24.3'}, {'id': 5777502649, 'qualifierId': 141, 'value': '46.1'}]",8oj7cqgjacle67i49w4a3gx6,I. Obaze,,,Portland Thorns,Home
2823777647,118,1,1,8,25,446mp88j1vpk9iwui9fiifrp8,1,11.7,46.1,2025-06-22T02:14:02.205Z,2025-06-22T02:14:03Z,"[{'id': 5777502675, 'qualifierId': 140, 'value': '17.4'}, {'id': 5777502673, 'qualifierId': 56, 'value': 'Back'}, {'id': 5777502677, 'qualifierId': 141, 'value': '25.2'}, {'id': 5777502679, 'qualifierId': 212, 'value': '15.4'}, {'id': 5777502681, 'qualifierId': 213, 'value': '5.11'}]",1yva0f096q2oqk5gz59utr42y,B. Bixby,,,Portland Thorns,Home
2823777657,119,1,1,8,26,446mp88j1vpk9iwui9fiifrp8,1,20.7,24.4,2025-06-22T02:14:03.613Z,2025-06-22T02:14:05Z,"[{'id': 5777502723, 'qualifierId': 140, 'value': '38.6'}, {'id': 5777502729, 'qualifierId': 213, 'value': '0.13'}, {'id': 5777502727, 'qualifierId': 212, 'value': '18.9'}, {'id': 5777502721, 'qualifierId': 56, 'value': 'Back'}, {'id': 5777502725, 'qualifierId': 141, 'value': '27.9'}]",74uudh34v23m2z9gy5tdppxey,S. Hiatt,,,Portland Thorns,Home
2823777667,120,1,1,8,28,446mp88j1vpk9iwui9fiifrp8,1,38.6,27.9,2025-06-22T02:14:05.325Z,2025-06-22T02:14:07Z,"[{'id': 5777502777, 'qualifierId': 140, 'value': '31.3'}, {'id': 5777502775, 'qualifierId': 56, 'value': 'Back'}, {'id': 5777502783, 'qualifierId': 213, 'value': '3.24'}, {'id': 5777502781, 'qualifierId': 212, 'value': '7.7'}, {'id': 5777502779, 'qualifierId': 141, 'value': '26.8'}]",ek8x7y3jt0xcebttt75qi5exh,J. Fleming,,,Portland Thorns,Home
2823777679,121,1,1,8,30,446mp88j1vpk9iwui9fiifrp8,1,31.0,17.0,2025-06-22T02:14:07.852Z,2025-06-22T02:14:10Z,"[{'id': 5777502827, 'qualifierId': 213, 'value': '2.88'}, {'id': 5777502825, 'qualifierId': 212, 'value': '11.4'}, {'id': 5777502821, 'qualifierId': 140, 'value': '20.5'}, {'id': 5777502823, 'qualifierId': 141, 'value': '21.3'}, {'id': 5777502819, 'qualifierId': 56, 'value': 'Back'}]",cmolam8ri93kos2rasjhnuxyi,S. Coffey,,,Portland Thorns,Home
2823777689,122,1,1,8,33,446mp88j1vpk9iwui9fiifrp8,1,20.5,20.1,2025-06-22T02:14:10.349Z,2025-06-22T02:14:15Z,"[{'id': 5777502889, 'qualifierId': 140, 'value': '25.3'}, {'id': 5777502893, 'qualifierId': 212, 'value': '11.7'}, {'id': 5777502891, 'qualifierId': 141, 'value': '4.6'}, {'id': 5777502887, 'qualifierId': 56, 'value': 'Back'}, {'id': 5777502895, 'qualifierId': 213, 'value': '5.16'}]",74uudh34v23m2z9gy5tdppxey,S. Hiatt,,,Portland Thorns,Home
2823777691,123,1,1,8,38,446mp88j1vpk9iwui9fiifrp8,1,22.9,6.1,2025-06-22T02:14:15.421Z,2025-06-22T02:14:16Z,"[{'id': 5777502907, 'qualifierId': 213, 'value': '2.51'}, {'id': 5777502901, 'qualifierId': 140, 'value': '9.8'}, {'id': 5777502905, 'qualifierId': 212, 'value': '17.0'}, {'id': 5777502903, 'qualifierId': 141, 'value': '20.9'}, {'id': 5777502899, 'qualifierId': 56, 'value': 'Back'}]",cmolam8ri93kos2rasjhnuxyi,S. Coffey,,,Portland Thorns,Home
2823777699,124,1,1,8,39,446mp88j1vpk9iwui9fiifrp8,1,9.8,20.9,2025-06-22T02:14:16.637Z,2025-06-22T02:14:19Z,"[{'id': 5777502967, 'qualifierId': 212, 'value': '16.6'}, {'id': 5777502969, 'qualifierId': 213, 'value': '1.81'}, {'id': 5777502965, 'qualifierId': 141, 'value': '44.6'}, {'id': 5777502961, 'qualifierId': 56, 'value': 'Back'}, {'id': 5777502963, 'qualifierId': 140, 'value': '6.1'}]",74uudh34v23m2z9gy5tdppxey,S. Hiatt,,,Portland Thorns,Home
2823777705,125,1,1,8,42,446mp88j1vpk9iwui9fiifrp8,1,9.8,46.4,2025-06-22T02:14:19.181Z,2025-06-22T02:14:22Z,"[{'id': 5777503005, 'qualifierId': 140, 'value': '21.5'}, {'id': 5777503011, 'qualifierId': 213, 'value': '1.05'}, {'id': 5777503007, 'qualifierId': 141, 'value': '78.1'}, {'id': 5777503009, 'qualifierId': 212, 'value': '24.8'}, {'id': 5777503003, 'qualifierId': 56, 'value': 'Back'}]",1yva0f096q2oqk5gz59utr42y,B. Bixby,,,Portland Thorns,Home
2823777719,126,1,1,8,45,446mp88j1vpk9iwui9fiifrp8,1,21.8,77.9,2025-06-22T02:14:22.893Z,2025-06-22T02:14:26Z,"[{'id': 5777503085, 'qualifierId': 213, 'value': '4.09'}, {'id': 5777503081, 'qualifierId': 141, 'value': '52.7'}, {'id': 5777503079, 'qualifierId': 140, 'value': '10.1'}, {'id': 5777503077, 'qualifierId': 56, 'value': 'Back'}, {'id': 5777503083, 'qualifierId': 212, 'value': '21.1'}]",8oj7cqgjacle67i49w4a3gx6,I. Obaze,,,Portland Thorns,Home
2823777723,127,1,1,8,49,446mp88j1vpk9iwui9fiifrp8,1,14.6,36.0,2025-06-22T02:14:26.877Z,2025-06-22T02:14:28Z,"[{'id': 5777503123, 'qualifierId': 56, 'value': 'Back'}, {'id': 5777503129, 'qualifierId': 212, 'value': '9.9'}, {'id': 5777503131, 'qualifierId': 213, 'value': '5.32'}, {'id': 5777503127, 'qualifierId': 141, 'value': '24.1'}, {'id': 5777503125, 'qualifierId': 140, 'value': '20.0'}]",1yva0f096q2oqk5gz59utr42y,B. Bixby,,,Portland Thorns,Home
2823777725,128,1,1,8,51,446mp88j1vpk9iwui9fiifrp8,1,19.3,18.6,2025-06-22T02:14:28.717Z,2025-06-22T02:14:30Z,"[{'id': 5777503135, 'qualifierId': 56, 'value': 'Back'}, {'id': 5777503143, 'qualifierId': 213, 'value': '5.21'}, {'id': 5777503137, 'qualifierId': 140, 'value': '24.6'}, {'id': 5777503141, 'qualifierId': 212, 'value': '11.7'}, {'id': 5777503139, 'qualifierId': 141, 'value': '3.5'}]",74uudh34v23m2z9gy5tdppxey,S. Hiatt,,,Portland Thorns,Home
2823777731,129,1,1,8,53,446mp88j1vpk9iwui9fiifrp8,1,24.6,3.5,2025-06-22T02:14:30.252Z,2025-06-22T02:14:34Z,"[{'id': 5777503167, 'qualifierId': 212, 'value': '15.0'}, {'id': 5777503169, 'qualifierId': 213, 'value': '0.10'}, {'id': 5777503161, 'qualifierId': 56, 'value': 'Back'}, {'id': 5777503165, 'qualifierId': 141, 'value': '5.6'}, {'id': 5777503163, 'qualifierId': 140, 'value': '38.8'}]",cmolam8ri93kos2rasjhnuxyi,S. Coffey,,,Portland Thorns,Home
2823777733,130,4,1,8,57,446mp88j1vpk9iwui9fiifrp8,1,44.4,4.8,2025-06-22T02:14:34.429Z,2025-06-22T02:15:15Z,"[{'id': 5777503191, 'qualifierId': 265}, {'id': 5777503185, 'qualifierId': 13}, {'id': 5777503193, 'qualifierId': 286}, {'id': 5777503187, 'qualifierId': 56, 'value': 'Back'}, {'id': 5777503189, 'qualifierId': 152}, {'id': 5777503311, 'qualifierId': 233, 'value': '82'}]",2btfn8hbssn0dnszgyll1gopg,P. Tordin,,,Portland Thorns,Home
2823777747,82,4,1,8,57,dzxypx8djih58p668surbi4qm,0,55.6,95.2,2025-06-22T02:14:34.430Z,2025-06-22T02:15:15Z,"[{'id': 5777503309, 'qualifierId': 285}, {'id': 5777503307, 'qualifierId': 265}, {'id': 5777503303, 'qualifierId': 56, 'value': 'Left'}, {'id': 5777503315, 'qualifierId': 233, 'value': '130'}, {'id': 5777503301, 'qualifierId': 13}, {'id': 5777503305, 'qualifierId': 152}]",11u4dj0z0p616zx9gsnil66ay,S. Staab,,,Chicago Stars,Away
2823777791,131,1,1,9,16,446mp88j1vpk9iwui9fiifrp8,1,46.6,2.6,2025-06-22T02:14:53.293Z,2025-06-22T02:14:54Z,"[{'id': 5777503537, 'qualifierId': 212, 'value': '16.7'}, {'id': 5777503529, 'qualifierId': 152}, {'id': 5777503527, 'qualifierId': 5}, {'id': 5777503539, 'qualifierId': 213, 'value': '2.18'}, {'id': 5777503531, 'qualifierId': 56, 'value': 'Back'}, {'id': 5777503535, 'qualifierId': 141, 'value': '22.7'}, {'id': 5777503533, 'qualifierId': 140, 'value': '37.5'}]",7whcppsae8rxxj20zaxpx1wq1,K. Torpey,,,Portland Thorns,Home
2823777797,132,1,1,9,17,446mp88j1vpk9iwui9fiifrp8,1,37.5,22.7,2025-06-22T02:14:54.446Z,2025-06-22T02:14:55Z,"[{'id': 5777503559, 'qualifierId': 56, 'value': 'Back'}, {'id': 5777503563, 'qualifierId': 141, 'value': '51.0'}, {'id': 5777503565, 'qualifierId': 212, 'value': '19.5'}, {'id': 5777503561, 'qualifierId': 140, 'value': '40.7'}, {'id': 5777503567, 'qualifierId': 213, 'value': '1.40'}]",74uudh34v23m2z9gy5tdppxey,S. Hiatt,,,Portland Thorns,Home
2823777803,133,1,1,9,18,446mp88j1vpk9iwui9fiifrp8,1,40.7,51.0,2025-06-22T02:14:55.118Z,2025-06-22T02:14:57Z,"[{'id': 5777503599, 'qualifierId': 56, 'value': 'Left'}, {'id': 5777503603, 'qualifierId': 141, 'value': '79.3'}, {'id': 5777503605, 'qualifierId': 212, 'value': '24.9'}, {'id': 5777503601, 'qualifierId': 140, 'value': '55.8'}, {'id': 5777503607, 'qualifierId': 213, 'value': '0.88'}]",8oj7cqgjacle67i49w4a3gx6,I. Obaze,,,Portland Thorns,Home
2823777809,134,1,1,9,20,446mp88j1vpk9iwui9fiifrp8,1,58.6,91.7,2025-06-22T02:14:57.197Z,2025-06-22T02:14:58Z,"[{'id': 5777503635, 'qualifierId': 56, 'value': 'Left'}, {'id': 5777503643, 'qualifierId': 213, 'value': '0.17'}, {'id': 5777503637, 'qualifierId': 140, 'value': '69.4'}, {'id': 5777503641, 'qualifierId': 212, 'value': '11.5'}, {'id': 5777503639, 'qualifierId': 141, 'value': '94.5'}]",7in4ykzbs8p44qy4jrb10p0wl,H. Sugita,,,Portland Thorns,Home
2823777827,135,1,1,9,21,446mp88j1vpk9iwui9fiifrp8,1,69.4,94.5,2025-06-22T02:14:58.461Z,2025-06-22T02:15:01Z,"[{'id': 5777503697, 'qualifierId': 56, 'value': 'Left'}, {'id': 5777503703, 'qualifierId': 212, 'value': '4.5'}, {'id': 5777503699, 'qualifierId': 140, 'value': '67.9'}, {'id': 5777503705, 'qualifierId': 213, 'value': '4.35'}, {'id': 5777503701, 'qualifierId': 141, 'value': '88.3'}]",615vz7uoe3eiozddbe206io6h,R. Reyes,,,Portland Thorns,Home
2823777847,136,1,1,9,24,446mp88j1vpk9iwui9fiifrp8,0,67.9,88.3,2025-06-22T02:15:01.149Z,2025-06-22T02:15:05Z,"[{'id': 5777503821, 'qualifierId': 140, 'value': '100.0'}, {'id': 5777503825, 'qualifierId': 212, 'value': '34.7'}, {'id': 5777503817, 'qualifierId': 155}, {'id': 5777503827, 'qualifierId': 213, 'value': '0.19'}, {'id': 5777503819, 'qualifierId': 56, 'value': 'Left'}, {'id': 5777503823, 'qualifierId': 141, 'value': '98.0'}, {'id': 5777503829, 'qualifierId': 1}]",5b2dire687lp3dasdj2z3n0q2,R. Turner,,,Portland Thorns,Home
2823777859,83,56,1,9,27,dzxypx8djih58p668surbi4qm,1,1.8,3.7,2025-06-22T02:15:04.401Z,2025-06-22T02:15:10Z,"[{'id': 5777503873, 'qualifierId': 56, 'value': 'Back'}]",6zzk0lgja87zs45h8btgheled,C. Onwualu,,,Chicago Stars,Away
2823777865,84,5,1,9,28,dzxypx8djih58p668surbi4qm,1,-0.8,2.4,2025-06-22T02:15:05.076Z,2025-06-22T02:32:54Z,"[{'id': 5777503909, 'qualifierId': 346}, {'id': 5777503915, 'qualifierId': 233, 'value': '137'}, {'id': 5777503907, 'qualifierId': 56, 'value': 'Back'}]",6zzk0lgja87zs45h8btgheled,C. Onwualu,,,Chicago Stars,Away
2823777857,137,5,1,9,28,446mp88j1vpk9iwui9fiifrp8,0,100.8,97.6,2025-06-22T02:15:05.076Z,2025-06-22T02:15:11Z,"[{'id': 5777503871, 'qualifierId': 346}, {'id': 5777503921, 'qualifierId': 233, 'value': '84'}, {'id': 5777503869, 'qualifierId': 56, 'value': 'Left'}]",5b2dire687lp3dasdj2z3n0q2,R. Turner,,,Portland Thorns,Home
2823777945,85,1,1,9,48,dzxypx8djih58p668surbi4qm,1,3.8,41.9,2025-06-22T02:15:25.521Z,2025-06-22T02:15:26Z,"[{'id': 5777504359, 'qualifierId': 140, 'value': '7.7'}, {'id': 5777504363, 'qualifierId': 212, 'value': '10.2'}, {'id': 5777504369, 'qualifierId': 237}, {'id': 5777504357, 'qualifierId': 56, 'value': 'Back'}, {'id': 5777504361, 'qualifierId': 141, 'value': '28.2'}, {'id': 5777504355, 'qualifierId': 124}, {'id': 5777504365, 'qualifierId': 213, 'value': '5.13'}]",20qmwwdxbdp6ade3j9lssbvxm,H. Mackiewicz,,,Chicago Stars,Away
2823777953,86,1,1,9,49,dzxypx8djih58p668surbi4qm,1,7.8,27.4,2025-06-22T02:15:26.738Z,2025-06-22T02:15:29Z,"[{'id': 5777504403, 'qualifierId': 141, 'value': '6.1'}, {'id': 5777504399, 'qualifierId': 56, 'value': 'Back'}, {'id': 5777504407, 'qualifierId': 213, 'value': '5.29'}, {'id': 5777504401, 'qualifierId': 140, 'value': '16.7'}, {'id': 5777504405, 'qualifierId': 212, 'value': '17.2'}]",6zzk0lgja87zs45h8btgheled,C. Onwualu,,,Chicago Stars,Away
2823777961,87,1,1,9,52,dzxypx8djih58p668surbi4qm,0,19.1,5.8,2025-06-22T02:15:29.282Z,2025-06-22T02:15:30Z,"[{'id': 5777504453, 'qualifierId': 141, 'value': '13.5'}, {'id': 5777504455, 'qualifierId': 212, 'value': '16.5'}, {'id': 5777504451, 'qualifierId': 140, 'value': '34.0'}, {'id': 5777504449, 'qualifierId': 56, 'value': 'Back'}, {'id': 5777504457, 'qualifierId': 213, 'value': '0.32'}]",v0k2w41tlj0elpj7nrw68onp,N. Kuikka,,,Chicago Stars,Away
2823777979,138,1,1,9,56,446mp88j1vpk9iwui9fiifrp8,1,62.0,87.5,2025-06-22T02:15:33.727Z,2025-06-22T02:15:35Z,"[{'id': 5777504565, 'qualifierId': 140, 'value': '72.1'}, {'id': 5777504561, 'qualifierId': 3}, {'id': 5777504563, 'qualifierId': 56, 'value': 'Left'}, {'id': 5777504571, 'qualifierId': 213, 'value': '0.03'}, {'id': 5777504567, 'qualifierId': 141, 'value': '88.0'}, {'id': 5777504569, 'qualifierId': 212, 'value': '10.6'}]",615vz7uoe3eiozddbe206io6h,R. Reyes,,,Portland Thorns,Home
2823777981,139,49,1,9,58,446mp88j1vpk9iwui9fiifrp8,1,72.1,88.0,2025-06-22T02:15:35.246Z,2025-06-22T02:15:35Z,[],7izc8t071mkrrgvptdjru467e,O. Moultrie,,,Portland Thorns,Home
2823778005,140,1,1,9,58,446mp88j1vpk9iwui9fiifrp8,1,72.1,88.0,2025-06-22T02:15:35.310Z,2025-06-22T02:15:38Z,"[{'id': 5777504693, 'qualifierId': 140, 'value': '91.7'}, {'id': 5777504691, 'qualifierId': 56, 'value': 'Left'}, {'id': 5777504695, 'qualifierId': 141, 'value': '93.8'}, {'id': 5777504699, 'qualifierId': 213, 'value': '0.19'}, {'id': 5777504697, 'qualifierId': 212, 'value': '21.0'}]",7izc8t071mkrrgvptdjru467e,O. Moultrie,,,Portland Thorns,Home
2823778017,141,1,1,10,1,446mp88j1vpk9iwui9fiifrp8,1,91.5,96.0,2025-06-22T02:15:38.766Z,2025-06-22T02:15:41Z,"[{'id': 5777504769, 'qualifierId': 56, 'value': 'Left'}, {'id': 5777504773, 'qualifierId': 141, 'value': '95.4'}, {'id': 5777504775, 'qualifierId': 212, 'value': '16.5'}, {'id': 5777504771, 'qualifierId': 140, 'value': '75.8'}, {'id': 5777504777, 'qualifierId': 213, 'value': '3.17'}]",7in4ykzbs8p44qy4jrb10p0wl,H. Sugita,,,Portland Thorns,Home
2823778031,142,1,1,10,4,446mp88j1vpk9iwui9fiifrp8,0,71.6,90.2,2025-06-22T02:15:41.630Z,2025-06-22T02:15:45Z,"[{'id': 5777504843, 'qualifierId': 2}, {'id': 5777504857, 'qualifierId': 213, 'value': '5.34'}, {'id': 5777504859, 'qualifierId': 1}, {'id': 5777504855, 'qualifierId': 212, 'value': '32.9'}, {'id': 5777504851, 'qualifierId': 140, 'value': '90.1'}, {'id': 5777504849, 'qualifierId': 56, 'value': 'Center'}, {'id': 5777504847, 'qualifierId': 155}, {'id': 5777504853, 'qualifierId': 141, 'value': '51.2'}]",615vz7uoe3eiozddbe206io6h,R. Reyes,,,Portland Thorns,Home
2823778033,88,44,1,10,7,dzxypx8djih58p668surbi4qm,1,8.9,47.9,2025-06-22T02:15:44.802Z,2025-06-22T04:01:03Z,"[{'id': 5777504917, 'qualifierId': 233, 'value': '143'}, {'id': 5777504863, 'qualifierId': 56, 'value': 'Back'}, {'id': 5777504865, 'qualifierId': 285}]",11u4dj0z0p616zx9gsnil66ay,S. Staab,,,Chicago Stars,Away
2823778039,143,44,1,10,7,446mp88j1vpk9iwui9fiifrp8,0,91.1,52.1,2025-06-22T02:15:44.803Z,2025-06-22T04:01:04Z,"[{'id': 5777504921, 'qualifierId': 233, 'value': '88'}, {'id': 5777504885, 'qualifierId': 56, 'value': 'Center'}, {'id': 5777504887, 'qualifierId': 286}]",2btfn8hbssn0dnszgyll1gopg,P. Tordin,,,Portland Thorns,Home
2823778041,89,12,1,10,8,dzxypx8djih58p668surbi4qm,1,7.2,46.3,2025-06-22T02:15:45.218Z,2025-06-22T02:15:47Z,"[{'id': 5777504897, 'qualifierId': 141, 'value': '35.2'}, {'id': 5777504901, 'qualifierId': 213, 'value': '5.80'}, {'id': 5777504895, 'qualifierId': 140, 'value': '20.9'}, {'id': 5777504911, 'qualifierId': 15}, {'id': 5777504899, 'qualifierId': 212, 'value': '16.2'}, {'id': 5777504893, 'qualifierId': 56, 'value': 'Back'}]",11u4dj0z0p616zx9gsnil66ay,S. Staab,,,Chicago Stars,Away
2823778053,90,12,1,10,10,dzxypx8djih58p668surbi4qm,1,20.9,35.2,2025-06-22T02:15:47.250Z,2025-06-22T02:32:17Z,"[{'id': 5777505001, 'qualifierId': 212, 'value': '31.7'}, {'id': 5777504999, 'qualifierId': 141, 'value': '72.4'}, {'id': 5777504995, 'qualifierId': 56, 'value': 'Back'}, {'id': 5777504997, 'qualifierId': 140, 'value': '39.1'}, {'id': 5777505003, 'qualifierId': 213, 'value': '0.92'}]",56jjwfa02gep01vggqojvfbe2,M. Hayashi,,,Chicago Stars,Away
2823778051,144,1,1,10,13,446mp88j1vpk9iwui9fiifrp8,1,65.3,28.6,2025-06-22T02:15:50.238Z,2025-06-22T02:15:51Z,"[{'id': 5777504983, 'qualifierId': 56, 'value': 'Center'}, {'id': 5777504989, 'qualifierId': 212, 'value': '14.4'}, {'id': 5777504987, 'qualifierId': 141, 'value': '33.4'}, {'id': 5777504991, 'qualifierId': 213, 'value': '2.91'}, {'id': 5777504985, 'qualifierId': 140, 'value': '51.9'}]",7whcppsae8rxxj20zaxpx1wq1,K. Torpey,,,Portland Thorns,Home
2823778085,145,1,1,10,14,446mp88j1vpk9iwui9fiifrp8,1,51.9,33.4,2025-06-22T02:15:51.520Z,2025-06-22T02:15:59Z,"[{'id': 5777505189, 'qualifierId': 212, 'value': '38.9'}, {'id': 5777505187, 'qualifierId': 141, 'value': '4.9'}, {'id': 5777505193, 'qualifierId': 1}, {'id': 5777505183, 'qualifierId': 56, 'value': 'Right'}, {'id': 5777505185, 'qualifierId': 140, 'value': '84.0'}, {'id': 5777505181, 'qualifierId': 155}, {'id': 5777505191, 'qualifierId': 213, 'value': '5.76'}]",74uudh34v23m2z9gy5tdppxey,S. Hiatt,,,Portland Thorns,Home
2823778093,146,1,1,10,22,446mp88j1vpk9iwui9fiifrp8,0,84.5,5.0,2025-06-22T02:15:59.438Z,2025-06-22T02:16:00Z,"[{'id': 5777505233, 'qualifierId': 140, 'value': '73.9'}, {'id': 5777505239, 'qualifierId': 213, 'value': '3.53'}, {'id': 5777505237, 'qualifierId': 212, 'value': '12.0'}, {'id': 5777505231, 'qualifierId': 56, 'value': 'Right'}, {'id': 5777505235, 'qualifierId': 141, 'value': '0.0'}]",2btfn8hbssn0dnszgyll1gopg,P. Tordin,,,Portland Thorns,Home
2823778099,91,5,1,10,23,dzxypx8djih58p668surbi4qm,1,24.2,101.6,2025-06-22T02:16:00.581Z,2025-06-22T02:32:54Z,"[{'id': 5777505271, 'qualifierId': 233, 'value': '147'}, {'id': 5777505265, 'qualifierId': 347}, {'id': 5777505263, 'qualifierId': 56, 'value': 'Back'}]",4tnm3hxzav142ow867jwcozkk,T. Malham,,,Chicago Stars,Away
2823778095,147,5,1,10,23,446mp88j1vpk9iwui9fiifrp8,0,75.8,-1.6,2025-06-22T02:16:00.581Z,2025-06-22T02:16:03Z,"[{'id': 5777505277, 'qualifierId': 233, 'value': '91'}, {'id': 5777505243, 'qualifierId': 347}, {'id': 5777505241, 'qualifierId': 56, 'value': 'Right'}]",2btfn8hbssn0dnszgyll1gopg,P. Tordin,,,Portland Thorns,Home
2823778113,92,1,1,10,25,dzxypx8djih58p668surbi4qm,0,23.8,100.0,2025-06-22T02:16:02.850Z,2025-06-22T02:16:06Z,"[{'id': 5777505329, 'qualifierId': 107}, {'id': 5777505337, 'qualifierId': 212, 'value': '39.7'}, {'id': 5777505331, 'qualifierId': 56, 'value': 'Left'}, {'id': 5777505335, 'qualifierId': 141, 'value': '80.9'}, {'id': 5777505333, 'qualifierId': 140, 'value': '59.3'}, {'id': 5777505339, 'qualifierId': 213, 'value': '5.93'}, {'id': 5777505341, 'qualifierId': 1}]",19udx179xugqp84qo9rsq0nhl,S. Groom,,,Chicago Stars,Away
2823778121,148,49,1,10,30,446mp88j1vpk9iwui9fiifrp8,1,32.3,19.7,2025-06-22T02:16:07.983Z,2025-06-22T02:16:08Z,[],74uudh34v23m2z9gy5tdppxey,S. Hiatt,,,Portland Thorns,Home
2823778147,149,1,1,10,31,446mp88j1vpk9iwui9fiifrp8,1,32.3,19.7,2025-06-22T02:16:08.271Z,2025-06-22T02:16:13Z,"[{'id': 5777505543, 'qualifierId': 212, 'value': '20.3'}, {'id': 5777505535, 'qualifierId': 140, 'value': '16.0'}, {'id': 5777505531, 'qualifierId': 56, 'value': 'Back'}, {'id': 5777505539, 'qualifierId': 141, 'value': '35.8'}, {'id': 5777505547, 'qualifierId': 213, 'value': '2.57'}]",74uudh34v23m2z9gy5tdppxey,S. Hiatt,,,Portland Thorns,Home
2823778167,150,1,1,10,35,446mp88j1vpk9iwui9fiifrp8,1,23.0,39.2,2025-06-22T02:16:12.975Z,2025-06-22T02:16:17Z,"[{'id': 5777505673, 'qualifierId': 141, 'value': '24.9'}, {'id': 5777505669, 'qualifierId': 56, 'value': 'Back'}, {'id': 5777505677, 'qualifierId': 213, 'value': '5.26'}, {'id': 5777505671, 'qualifierId': 140, 'value': '28.6'}, {'id': 5777505675, 'qualifierId': 212, 'value': '11.4'}]",1yva0f096q2oqk5gz59utr42y,B. Bixby,,,Portland Thorns,Home
2823778179,151,1,1,10,40,446mp88j1vpk9iwui9fiifrp8,0,29.5,24.9,2025-06-22T02:16:17.823Z,2025-06-22T02:16:21Z,"[{'id': 5777505747, 'qualifierId': 141, 'value': '29.5'}, {'id': 5777505753, 'qualifierId': 1}, {'id': 5777505751, 'qualifierId': 213, 'value': '0.06'}, {'id': 5777505749, 'qualifierId': 212, 'value': '50.7'}, {'id': 5777505745, 'qualifierId': 140, 'value': '77.7'}, {'id': 5777505741, 'qualifierId': 155}, {'id': 5777505743, 'qualifierId': 56, 'value': 'Center'}]",74uudh34v23m2z9gy5tdppxey,S. Hiatt,,,Portland Thorns,Home
2823778181,152,44,1,10,43,446mp88j1vpk9iwui9fiifrp8,1,69.9,24.5,2025-06-22T02:16:20.305Z,2025-06-22T04:01:04Z,"[{'id': 5777505761, 'qualifierId': 56, 'value': 'Center'}, {'id': 5777522821, 'qualifierId': 233, 'value': '93'}, {'id': 5777505763, 'qualifierId': 286}]",2btfn8hbssn0dnszgyll1gopg,P. Tordin,,,Portland Thorns,Home
2823778187,93,44,1,10,43,dzxypx8djih58p668surbi4qm,0,30.1,75.5,2025-06-22T02:16:20.306Z,2025-06-22T04:01:04Z,"[{'id': 5777522841, 'qualifierId': 233, 'value': '152'}, {'id': 5777522789, 'qualifierId': 285}, {'id': 5777522787, 'qualifierId': 56, 'value': 'Back'}]",4tnm3hxzav142ow867jwcozkk,T. Malham,,,Chicago Stars,Away
2823778425,168,1,1,10,44,446mp88j1vpk9iwui9fiifrp8,0,66.5,26.8,2025-06-22T02:16:21.768Z,2025-06-22T02:32:40Z,"[{'id': 5777507141, 'qualifierId': 3}, {'id': 5777507145, 'qualifierId': 56, 'value': 'Center'}, {'id': 5777507143, 'qualifierId': 168}, {'id': 5777507147, 'qualifierId': 140, 'value': '72.7'}, {'id': 5777507153, 'qualifierId': 213, 'value': '0.95'}, {'id': 5777507149, 'qualifierId': 141, 'value': '40.1'}, {'id': 5777507151, 'qualifierId': 212, 'value': '11.1'}]",2btfn8hbssn0dnszgyll1gopg,P. Tordin,,,Portland Thorns,Home
2823778215,95,1,1,10,49,dzxypx8djih58p668surbi4qm,1,62.2,85.6,2025-06-22T02:16:26.929Z,2025-06-22T02:16:29Z,"[{'id': 5777505897, 'qualifierId': 3}, {'id': 5777505901, 'qualifierId': 140, 'value': '68.9'}, {'id': 5777505905, 'qualifierId': 212, 'value': '7.7'}, {'id': 5777505907, 'qualifierId': 213, 'value': '5.86'}, {'id': 5777505899, 'qualifierId': 56, 'value': 'Left'}, {'id': 5777505903, 'qualifierId': 141, 'value': '80.9'}]",19udx179xugqp84qo9rsq0nhl,S. Groom,,,Chicago Stars,Away
2823778207,153,83,1,10,51,446mp88j1vpk9iwui9fiifrp8,0,36.6,9.5,2025-06-22T02:16:28.223Z,2025-06-22T02:16:30Z,"[{'id': 5777505929, 'qualifierId': 399, 'value': '6alny8atonddyhmltw3dgo1d5'}]",74uudh34v23m2z9gy5tdppxey,S. Hiatt,,,Portland Thorns,Home
2823778213,154,83,1,10,51,446mp88j1vpk9iwui9fiifrp8,0,36.6,9.5,2025-06-22T02:16:28.623Z,2025-06-22T02:16:30Z,"[{'id': 5777505927, 'qualifierId': 399, 'value': '6alny8atonddyhmltw3dgo1d5'}]",74uudh34v23m2z9gy5tdppxey,S. Hiatt,,,Portland Thorns,Home
2823778217,96,49,1,10,52,dzxypx8djih58p668surbi4qm,1,66.7,89.3,2025-06-22T02:16:29.794Z,2025-06-22T02:16:30Z,[],6alny8atonddyhmltw3dgo1d5,J. Grosso,,,Chicago Stars,Away
2823778223,97,1,1,10,53,dzxypx8djih58p668surbi4qm,1,66.6,89.4,2025-06-22T02:16:30.338Z,2025-06-22T02:16:31Z,"[{'id': 5777505939, 'qualifierId': 213, 'value': '3.44'}, {'id': 5777505933, 'qualifierId': 140, 'value': '46.7'}, {'id': 5777505937, 'qualifierId': 212, 'value': '21.9'}, {'id': 5777505935, 'qualifierId': 141, 'value': '80.0'}, {'id': 5777505931, 'qualifierId': 56, 'value': 'Back'}]",6alny8atonddyhmltw3dgo1d5,J. Grosso,,,Chicago Stars,Away
2823778227,98,1,1,10,54,dzxypx8djih58p668surbi4qm,1,46.7,80.0,2025-06-22T02:16:31.490Z,2025-06-22T02:16:34Z,"[{'id': 5777505963, 'qualifierId': 140, 'value': '43.0'}, {'id': 5777505965, 'qualifierId': 141, 'value': '93.3'}, {'id': 5777505961, 'qualifierId': 56, 'value': 'Back'}, {'id': 5777505969, 'qualifierId': 213, 'value': '1.98'}, {'id': 5777505967, 'qualifierId': 212, 'value': '9.8'}]",daze51b5849zsk2aqvgmkkbth,Maitane López,,,Chicago Stars,Away
2823778235,99,1,1,10,57,dzxypx8djih58p668surbi4qm,1,32.6,96.2,2025-06-22T02:16:34.178Z,2025-06-22T02:16:38Z,"[{'id': 5777506015, 'qualifierId': 56, 'value': 'Back'}, {'id': 5777506021, 'qualifierId': 212, 'value': '17.9'}, {'id': 5777506017, 'qualifierId': 140, 'value': '22.4'}, {'id': 5777506023, 'qualifierId': 213, 'value': '4.07'}, {'id': 5777506019, 'qualifierId': 141, 'value': '75.1'}]",4tnm3hxzav142ow867jwcozkk,T. Malham,,,Chicago Stars,Away
2823778245,100,1,1,11,1,dzxypx8djih58p668surbi4qm,1,28.0,65.1,2025-06-22T02:16:38.402Z,2025-06-22T02:16:42Z,"[{'id': 5777506071, 'qualifierId': 56, 'value': 'Back'}, {'id': 5777506075, 'qualifierId': 141, 'value': '18.8'}, {'id': 5777506073, 'qualifierId': 140, 'value': '37.3'}, {'id': 5777506069, 'qualifierId': 155}, {'id': 5777506077, 'qualifierId': 212, 'value': '33.0'}, {'id': 5777506081, 'qualifierId': 1}, {'id': 5777506079, 'qualifierId': 213, 'value': '5.01'}]",11u4dj0z0p616zx9gsnil66ay,S. Staab,,,Chicago Stars,Away
2823778253,101,1,1,11,5,dzxypx8djih58p668surbi4qm,1,35.2,18.2,2025-06-22T02:16:42.098Z,2025-06-22T02:16:44Z,"[{'id': 5777506123, 'qualifierId': 213, 'value': '5.28'}, {'id': 5777506119, 'qualifierId': 141, 'value': '5.5'}, {'id': 5777506121, 'qualifierId': 212, 'value': '10.3'}, {'id': 5777506117, 'qualifierId': 140, 'value': '40.5'}, {'id': 5777506115, 'qualifierId': 56, 'value': 'Back'}]",v0k2w41tlj0elpj7nrw68onp,N. Kuikka,,,Chicago Stars,Away
2823778255,102,1,1,11,7,dzxypx8djih58p668surbi4qm,0,40.5,9.8,2025-06-22T02:16:44.706Z,2025-06-22T02:16:45Z,"[{'id': 5777506139, 'qualifierId': 140, 'value': '48.6'}, {'id': 5777506145, 'qualifierId': 213, 'value': '0.39'}, {'id': 5777506141, 'qualifierId': 141, 'value': '15.0'}, {'id': 5777506143, 'qualifierId': 212, 'value': '9.2'}, {'id': 5777506137, 'qualifierId': 56, 'value': 'Back'}]",8v62hppzsz2yonw60h9910iga,J. Bike,,,Chicago Stars,Away
2823778257,155,49,1,11,9,446mp88j1vpk9iwui9fiifrp8,1,57.8,89.4,2025-06-22T02:16:46.559Z,2025-06-22T02:16:46Z,[],7in4ykzbs8p44qy4jrb10p0wl,H. Sugita,,,Portland Thorns,Home
2823778271,156,1,1,11,12,446mp88j1vpk9iwui9fiifrp8,1,45.3,93.6,2025-06-22T02:16:49.135Z,2025-06-22T02:16:51Z,"[{'id': 5777506225, 'qualifierId': 212, 'value': '14.8'}, {'id': 5777506221, 'qualifierId': 140, 'value': '34.6'}, {'id': 5777506227, 'qualifierId': 213, 'value': '3.85'}, {'id': 5777506219, 'qualifierId': 56, 'value': 'Back'}, {'id': 5777506223, 'qualifierId': 141, 'value': '79.4'}]",7in4ykzbs8p44qy4jrb10p0wl,H. Sugita,,,Portland Thorns,Home
2823778289,157,1,1,11,14,446mp88j1vpk9iwui9fiifrp8,1,32.3,75.7,2025-06-22T02:16:51.647Z,2025-06-22T02:16:55Z,"[{'id': 5777506297, 'qualifierId': 141, 'value': '45.8'}, {'id': 5777506301, 'qualifierId': 213, 'value': '4.54'}, {'id': 5777506295, 'qualifierId': 140, 'value': '28.9'}, {'id': 5777506299, 'qualifierId': 212, 'value': '20.6'}, {'id': 5777506293, 'qualifierId': 56, 'value': 'Back'}]",8oj7cqgjacle67i49w4a3gx6,I. Obaze,,,Portland Thorns,Home
2823778297,158,1,1,11,18,446mp88j1vpk9iwui9fiifrp8,1,31.2,45.2,2025-06-22T02:16:55.311Z,2025-06-22T02:16:58Z,"[{'id': 5777506355, 'qualifierId': 140, 'value': '30.1'}, {'id': 5777506361, 'qualifierId': 213, 'value': '1.64'}, {'id': 5777506353, 'qualifierId': 56, 'value': 'Back'}, {'id': 5777506357, 'qualifierId': 141, 'value': '69.6'}, {'id': 5777506359, 'qualifierId': 212, 'value': '16.6'}]",74uudh34v23m2z9gy5tdppxey,S. Hiatt,,,Portland Thorns,Home
2823778315,159,1,1,11,21,446mp88j1vpk9iwui9fiifrp8,1,30.1,69.6,2025-06-22T02:16:58.287Z,2025-06-22T02:17:04Z,"[{'id': 5777506435, 'qualifierId': 141, 'value': '92.9'}, {'id': 5777506431, 'qualifierId': 56, 'value': 'Back'}, {'id': 5777506437, 'qualifierId': 212, 'value': '17.6'}, {'id': 5777506439, 'qualifierId': 213, 'value': '1.12'}, {'id': 5777506433, 'qualifierId': 140, 'value': '37.4'}]",8oj7cqgjacle67i49w4a3gx6,I. Obaze,,,Portland Thorns,Home
2823778323,160,1,1,11,26,446mp88j1vpk9iwui9fiifrp8,1,54.6,92.9,2025-06-22T02:17:03.967Z,2025-06-22T02:17:06Z,"[{'id': 5777506483, 'qualifierId': 140, 'value': '65.7'}, {'id': 5777506489, 'qualifierId': 213, 'value': '0.14'}, {'id': 5777506481, 'qualifierId': 56, 'value': 'Left'}, {'id': 5777506485, 'qualifierId': 141, 'value': '95.4'}, {'id': 5777506487, 'qualifierId': 212, 'value': '11.8'}]",7in4ykzbs8p44qy4jrb10p0wl,H. Sugita,,,Portland Thorns,Home
2823778331,161,1,1,11,29,446mp88j1vpk9iwui9fiifrp8,1,65.7,95.4,2025-06-22T02:17:06.463Z,2025-06-22T02:17:09Z,"[{'id': 5777506543, 'qualifierId': 213, 'value': '3.06'}, {'id': 5777506537, 'qualifierId': 140, 'value': '56.7'}, {'id': 5777506535, 'qualifierId': 56, 'value': 'Left'}, {'id': 5777506539, 'qualifierId': 141, 'value': '96.6'}, {'id': 5777506541, 'qualifierId': 212, 'value': '9.5'}]",615vz7uoe3eiozddbe206io6h,R. Reyes,,,Portland Thorns,Home
2823778339,162,1,1,11,32,446mp88j1vpk9iwui9fiifrp8,1,53.4,93.8,2025-06-22T02:17:09.215Z,2025-06-22T02:17:11Z,"[{'id': 5777506577, 'qualifierId': 56, 'value': 'Back'}, {'id': 5777506583, 'qualifierId': 212, 'value': '13.8'}, {'id': 5777506581, 'qualifierId': 141, 'value': '82.7'}, {'id': 5777506579, 'qualifierId': 140, 'value': '42.4'}, {'id': 5777506585, 'qualifierId': 213, 'value': '3.72'}]",7in4ykzbs8p44qy4jrb10p0wl,H. Sugita,,,Portland Thorns,Home
2823778351,163,1,1,11,33,446mp88j1vpk9iwui9fiifrp8,1,42.4,82.7,2025-06-22T02:17:10.944Z,2025-06-22T02:17:14Z,"[{'id': 5777506631, 'qualifierId': 213, 'value': '1.06'}, {'id': 5777506623, 'qualifierId': 56, 'value': 'Back'}, {'id': 5777506629, 'qualifierId': 212, 'value': '10.8'}, {'id': 5777506625, 'qualifierId': 140, 'value': '47.4'}, {'id': 5777506627, 'qualifierId': 141, 'value': '96.6'}]",8oj7cqgjacle67i49w4a3gx6,I. Obaze,,,Portland Thorns,Home
2823778353,164,1,1,11,37,446mp88j1vpk9iwui9fiifrp8,1,53.7,97.8,2025-06-22T02:17:14.287Z,2025-06-22T02:17:16Z,"[{'id': 5777506639, 'qualifierId': 140, 'value': '66.6'}, {'id': 5777506641, 'qualifierId': 141, 'value': '97.1'}, {'id': 5777506645, 'qualifierId': 213, 'value': '6.25'}, {'id': 5777506643, 'qualifierId': 212, 'value': '13.6'}, {'id': 5777506637, 'qualifierId': 56, 'value': 'Left'}]",7in4ykzbs8p44qy4jrb10p0wl,H. Sugita,,,Portland Thorns,Home
2823778357,165,1,1,11,39,446mp88j1vpk9iwui9fiifrp8,0,66.6,97.1,2025-06-22T02:17:16.112Z,2025-06-22T02:17:21Z,"[{'id': 5777506719, 'qualifierId': 156}, {'id': 5777506673, 'qualifierId': 213, 'value': '4.31'}, {'id': 5777506669, 'qualifierId': 141, 'value': '90.2'}, {'id': 5777506665, 'qualifierId': 56, 'value': 'Left'}, {'id': 5777506667, 'qualifierId': 140, 'value': '64.7'}, {'id': 5777506671, 'qualifierId': 212, 'value': '5.1'}]",5b2dire687lp3dasdj2z3n0q2,R. Turner,,,Portland Thorns,Home
2823778359,166,3,1,11,40,446mp88j1vpk9iwui9fiifrp8,0,65.6,89.0,2025-06-22T02:17:17.968Z,2025-06-22T02:54:56Z,"[{'id': 5777506861, 'qualifierId': 233, 'value': '104'}, {'id': 5777506681, 'qualifierId': 286}, {'id': 5777506679, 'qualifierId': 56, 'value': 'Left'}]",cmolam8ri93kos2rasjhnuxyi,S. Coffey,,,Portland Thorns,Home
2823778363,104,7,1,11,40,dzxypx8djih58p668surbi4qm,1,34.4,11.0,2025-06-22T02:17:17.969Z,2025-06-22T02:54:55Z,"[{'id': 5777506855, 'qualifierId': 233, 'value': '166'}, {'id': 5777506705, 'qualifierId': 285}, {'id': 5777506703, 'qualifierId': 56, 'value': 'Back'}]",56jjwfa02gep01vggqojvfbe2,M. Hayashi,,,Chicago Stars,Away
2823778365,105,49,1,11,42,dzxypx8djih58p668surbi4qm,1,37.7,5.8,2025-06-22T02:17:19.954Z,2025-06-22T02:17:20Z,[],8v62hppzsz2yonw60h9910iga,J. Bike,,,Chicago Stars,Away
2823778375,106,1,1,11,43,dzxypx8djih58p668surbi4qm,1,37.7,5.8,2025-06-22T02:17:20.193Z,2025-06-22T02:17:22Z,"[{'id': 5777506747, 'qualifierId': 56, 'value': 'Back'}, {'id': 5777506753, 'qualifierId': 212, 'value': '10.7'}, {'id': 5777506751, 'qualifierId': 141, 'value': '21.6'}, {'id': 5777506755, 'qualifierId': 213, 'value': '1.60'}, {'id': 5777506749, 'qualifierId': 140, 'value': '37.4'}]",8v62hppzsz2yonw60h9910iga,J. Bike,,,Chicago Stars,Away
2823778377,107,1,1,11,45,dzxypx8djih58p668surbi4qm,1,35.4,29.8,2025-06-22T02:17:22.882Z,2025-06-22T02:17:24Z,"[{'id': 5777506771, 'qualifierId': 56, 'value': 'Back'}, {'id': 5777506775, 'qualifierId': 141, 'value': '43.6'}, {'id': 5777506773, 'qualifierId': 140, 'value': '24.8'}, {'id': 5777506777, 'qualifierId': 212, 'value': '14.6'}, {'id': 5777506779, 'qualifierId': 213, 'value': '2.44'}]",56jjwfa02gep01vggqojvfbe2,M. Hayashi,,,Chicago Stars,Away
2823778387,108,1,1,11,47,dzxypx8djih58p668surbi4qm,1,21.8,57.3,2025-06-22T02:17:24.786Z,2025-06-22T02:17:28Z,"[{'id': 5777506845, 'qualifierId': 140, 'value': '31.7'}, {'id': 5777506843, 'qualifierId': 56, 'value': 'Back'}, {'id': 5777506847, 'qualifierId': 141, 'value': '78.1'}, {'id': 5777506851, 'qualifierId': 213, 'value': '0.94'}, {'id': 5777506849, 'qualifierId': 212, 'value': '17.6'}]",11u4dj0z0p616zx9gsnil66ay,S. Staab,,,Chicago Stars,Away
2823778391,109,1,1,11,51,dzxypx8djih58p668surbi4qm,1,34.2,81.1,2025-06-22T02:17:28.083Z,2025-06-22T02:17:29Z,"[{'id': 5777506887, 'qualifierId': 56, 'value': 'Left'}, {'id': 5777506895, 'qualifierId': 213, 'value': '0.35'}, {'id': 5777506891, 'qualifierId': 141, 'value': '90.8'}, {'id': 5777506893, 'qualifierId': 212, 'value': '19.0'}, {'id': 5777506889, 'qualifierId': 140, 'value': '51.2'}]",4tnm3hxzav142ow867jwcozkk,T. Malham,,,Chicago Stars,Away
2823778393,110,1,1,11,52,dzxypx8djih58p668surbi4qm,0,51.2,90.8,2025-06-22T02:17:29.858Z,2025-06-22T02:17:30Z,"[{'id': 5777506899, 'qualifierId': 56, 'value': 'Center'}, {'id': 5777506903, 'qualifierId': 141, 'value': '73.8'}, {'id': 5777506905, 'qualifierId': 212, 'value': '13.6'}, {'id': 5777506901, 'qualifierId': 140, 'value': '58.0'}, {'id': 5777506907, 'qualifierId': 213, 'value': '5.27'}]",19udx179xugqp84qo9rsq0nhl,S. Groom,,,Chicago Stars,Away
2823778395,167,1,1,11,54,446mp88j1vpk9iwui9fiifrp8,0,43.0,21.8,2025-06-22T02:17:31.698Z,2025-06-22T02:17:32Z,"[{'id': 5777506927, 'qualifierId': 1}, {'id': 5777506915, 'qualifierId': 157}, {'id': 5777506923, 'qualifierId': 212, 'value': '27.2'}, {'id': 5777506919, 'qualifierId': 140, 'value': '68.4'}, {'id': 5777506917, 'qualifierId': 56, 'value': 'Right'}, {'id': 5777506925, 'qualifierId': 213, 'value': '6.08'}, {'id': 5777506921, 'qualifierId': 141, 'value': '13.8'}]",74uudh34v23m2z9gy5tdppxey,S. Hiatt,,,Portland Thorns,Home
2823778403,111,1,1,11,58,dzxypx8djih58p668surbi4qm,1,36.0,83.5,2025-06-22T02:17:35.298Z,2025-06-22T02:17:38Z,"[{'id': 5777506975, 'qualifierId': 212, 'value': '12.0'}, {'id': 5777506971, 'qualifierId': 140, 'value': '43.8'}, {'id': 5777506977, 'qualifierId': 213, 'value': '5.46'}, {'id': 5777506969, 'qualifierId': 56, 'value': 'Back'}, {'id': 5777506973, 'qualifierId': 141, 'value': '70.6'}]",11u4dj0z0p616zx9gsnil66ay,S. Staab,,,Chicago Stars,Away
2823778407,112,1,1,12,0,dzxypx8djih58p668surbi4qm,1,37.4,62.0,2025-06-22T02:17:38.018Z,2025-06-22T02:17:40Z,"[{'id': 5777506999, 'qualifierId': 212, 'value': '5.9'}, {'id': 5777506997, 'qualifierId': 141, 'value': '56.0'}, {'id': 5777507001, 'qualifierId': 213, 'value': '3.90'}, {'id': 5777506993, 'qualifierId': 56, 'value': 'Back'}, {'id': 5777506995, 'qualifierId': 140, 'value': '33.3'}]",6alny8atonddyhmltw3dgo1d5,J. Grosso,,,Chicago Stars,Away
2823778417,113,1,1,12,3,dzxypx8djih58p668surbi4qm,1,33.4,52.4,2025-06-22T02:17:40.610Z,2025-06-22T02:17:45Z,"[{'id': 5777507093, 'qualifierId': 212, 'value': '28.9'}, {'id': 5777507089, 'qualifierId': 140, 'value': '45.0'}, {'id': 5777507091, 'qualifierId': 141, 'value': '13.8'}, {'id': 5777507095, 'qualifierId': 213, 'value': '5.15'}, {'id': 5777507087, 'qualifierId': 56, 'value': 'Back'}]",56jjwfa02gep01vggqojvfbe2,M. Hayashi,,,Chicago Stars,Away
2823778419,114,1,1,12,8,dzxypx8djih58p668surbi4qm,1,41.1,16.4,2025-06-22T02:17:45.826Z,2025-06-22T02:17:47Z,"[{'id': 5777507103, 'qualifierId': 141, 'value': '25.6'}, {'id': 5777507105, 'qualifierId': 212, 'value': '6.8'}, {'id': 5777507101, 'qualifierId': 140, 'value': '43.7'}, {'id': 5777507099, 'qualifierId': 56, 'value': 'Back'}, {'id': 5777507107, 'qualifierId': 213, 'value': '1.16'}]",8v62hppzsz2yonw60h9910iga,J. Bike,,,Chicago Stars,Away
2823778421,115,1,1,12,10,dzxypx8djih58p668surbi4qm,1,43.8,27.9,2025-06-22T02:17:47.298Z,2025-06-22T02:17:50Z,"[{'id': 5777507119, 'qualifierId': 213, 'value': '3.31'}, {'id': 5777507113, 'qualifierId': 140, 'value': '30.3'}, {'id': 5777507115, 'qualifierId': 141, 'value': '24.3'}, {'id': 5777507111, 'qualifierId': 56, 'value': 'Back'}, {'id': 5777507117, 'qualifierId': 212, 'value': '14.4'}]",6alny8atonddyhmltw3dgo1d5,J. Grosso,,,Chicago Stars,Away
2823778427,116,1,1,12,13,dzxypx8djih58p668surbi4qm,1,32.0,26.1,2025-06-22T02:17:50.722Z,2025-06-22T02:17:53Z,"[{'id': 5777507159, 'qualifierId': 140, 'value': '41.7'}, {'id': 5777507163, 'qualifierId': 212, 'value': '10.4'}, {'id': 5777507157, 'qualifierId': 56, 'value': 'Back'}, {'id': 5777507161, 'qualifierId': 141, 'value': '22.8'}, {'id': 5777507165, 'qualifierId': 213, 'value': '6.07'}]",6zzk0lgja87zs45h8btgheled,C. Onwualu,,,Chicago Stars,Away
2823778437,117,1,1,12,16,dzxypx8djih58p668surbi4qm,1,41.7,22.8,2025-06-22T02:17:53.122Z,2025-06-22T02:17:57Z,"[{'id': 5777507231, 'qualifierId': 213, 'value': '4.52'}, {'id': 5777507229, 'qualifierId': 212, 'value': '12.6'}, {'id': 5777507223, 'qualifierId': 56, 'value': 'Back'}, {'id': 5777507225, 'qualifierId': 140, 'value': '39.4'}, {'id': 5777507227, 'qualifierId': 141, 'value': '4.6'}]",6alny8atonddyhmltw3dgo1d5,J. Grosso,,,Chicago Stars,Away
2823778441,118,1,1,12,20,dzxypx8djih58p668surbi4qm,1,37.2,5.2,2025-06-22T02:17:57.794Z,2025-06-22T02:18:04Z,"[{'id': 5777507277, 'qualifierId': 141, 'value': '25.3'}, {'id': 5777507281, 'qualifierId': 213, 'value': '2.24'}, {'id': 5777507279, 'qualifierId': 212, 'value': '17.4'}, {'id': 5777507275, 'qualifierId': 140, 'value': '27.0'}, {'id': 5777507273, 'qualifierId': 56, 'value': 'Back'}]",v0k2w41tlj0elpj7nrw68onp,N. Kuikka,,,Chicago Stars,Away
2823778447,119,1,1,12,26,dzxypx8djih58p668surbi4qm,1,26.0,20.3,2025-06-22T02:18:04.034Z,2025-06-22T02:18:07Z,"[{'id': 5777507303, 'qualifierId': 56, 'value': 'Back'}, {'id': 5777507309, 'qualifierId': 212, 'value': '15.9'}, {'id': 5777507311, 'qualifierId': 213, 'value': '5.53'}, {'id': 5777507307, 'qualifierId': 141, 'value': '4.3'}, {'id': 5777507305, 'qualifierId': 140, 'value': '37.0'}]",6zzk0lgja87zs45h8btgheled,C. Onwualu,,,Chicago Stars,Away
2823778453,120,1,1,12,30,dzxypx8djih58p668surbi4qm,1,43.8,3.5,2025-06-22T02:18:07.410Z,2025-06-22T02:18:10Z,"[{'id': 5777507351, 'qualifierId': 212, 'value': '31.2'}, {'id': 5777507349, 'qualifierId': 141, 'value': '19.7'}, {'id': 5777507353, 'qualifierId': 213, 'value': '0.36'}, {'id': 5777507347, 'qualifierId': 140, 'value': '71.6'}, {'id': 5777507343, 'qualifierId': 155}, {'id': 5777507345, 'qualifierId': 56, 'value': 'Right'}]",v0k2w41tlj0elpj7nrw68onp,N. Kuikka,,,Chicago Stars,Away
2823778457,121,44,1,12,33,dzxypx8djih58p668surbi4qm,1,69.8,23.8,2025-06-22T02:18:10.210Z,2025-06-22T04:01:04Z,"[{'id': 5777507399, 'qualifierId': 233, 'value': '169'}, {'id': 5777507367, 'qualifierId': 56, 'value': 'Center'}, {'id': 5777507369, 'qualifierId': 286}]",6e7scc2z7henelebs853mc844,A. Schlegel,,,Chicago Stars,Away
2823778455,169,44,1,12,33,446mp88j1vpk9iwui9fiifrp8,0,30.2,76.2,2025-06-22T02:18:10.211Z,2025-06-22T04:01:05Z,"[{'id': 5777507419, 'qualifierId': 233, 'value': '121'}, {'id': 5777507357, 'qualifierId': 56, 'value': 'Back'}, {'id': 5777507359, 'qualifierId': 285}]",615vz7uoe3eiozddbe206io6h,R. Reyes,,,Portland Thorns,Home
2823778459,122,61,1,12,33,dzxypx8djih58p668surbi4qm,0,72.1,19.7,2025-06-22T02:18:10.851Z,2025-06-22T02:18:11Z,"[{'id': 5777507371, 'qualifierId': 56, 'value': 'Right'}]",6e7scc2z7henelebs853mc844,A. Schlegel,,,Chicago Stars,Away
2823778473,170,49,1,12,35,446mp88j1vpk9iwui9fiifrp8,1,30.2,63.9,2025-06-22T02:18:13.025Z,2025-06-22T02:18:13Z,[],cmolam8ri93kos2rasjhnuxyi,S. Coffey,,,Portland Thorns,Home
2823778479,171,1,1,12,36,446mp88j1vpk9iwui9fiifrp8,1,30.2,63.9,2025-06-22T02:18:13.248Z,2025-06-22T02:18:14Z,"[{'id': 5777507477, 'qualifierId': 212, 'value': '12.5'}, {'id': 5777507479, 'qualifierId': 213, 'value': '3.60'}, {'id': 5777507475, 'qualifierId': 141, 'value': '55.7'}, {'id': 5777507471, 'qualifierId': 56, 'value': 'Back'}, {'id': 5777507473, 'qualifierId': 140, 'value': '19.5'}]",cmolam8ri93kos2rasjhnuxyi,S. Coffey,,,Portland Thorns,Home
2823778507,172,1,1,12,37,446mp88j1vpk9iwui9fiifrp8,1,19.5,55.7,2025-06-22T02:18:14.736Z,2025-06-22T02:18:21Z,"[{'id': 5777507627, 'qualifierId': 56, 'value': 'Back'}, {'id': 5777507629, 'qualifierId': 140, 'value': '7.3'}, {'id': 5777507633, 'qualifierId': 212, 'value': '13.0'}, {'id': 5777507631, 'qualifierId': 141, 'value': '52.8'}, {'id': 5777507635, 'qualifierId': 213, 'value': '3.29'}]",74uudh34v23m2z9gy5tdppxey,S. Hiatt,,,Portland Thorns,Home
2823778527,173,1,1,12,44,446mp88j1vpk9iwui9fiifrp8,1,7.9,45.7,2025-06-22T02:18:21.793Z,2025-06-22T02:18:25Z,"[{'id': 5777507727, 'qualifierId': 56, 'value': 'Back'}, {'id': 5777507737, 'qualifierId': 1}, {'id': 5777507729, 'qualifierId': 140, 'value': '29.1'}, {'id': 5777507733, 'qualifierId': 212, 'value': '34.9'}, {'id': 5777507725, 'qualifierId': 155}, {'id': 5777507731, 'qualifierId': 141, 'value': '6.2'}, {'id': 5777507735, 'qualifierId': 213, 'value': '5.40'}]",1yva0f096q2oqk5gz59utr42y,B. Bixby,,,Portland Thorns,Home
2823778531,174,1,1,12,48,446mp88j1vpk9iwui9fiifrp8,0,29.1,5.8,2025-06-22T02:18:25.648Z,2025-06-22T02:18:28Z,"[{'id': 5777507827, 'qualifierId': 236}, {'id': 5777507829, 'qualifierId': 233, 'value': '123'}, {'id': 5777507745, 'qualifierId': 56, 'value': 'Back'}, {'id': 5777507749, 'qualifierId': 141, 'value': '5.0'}, {'id': 5777507833, 'qualifierId': 286}, {'id': 5777507751, 'qualifierId': 212, 'value': '1.7'}, {'id': 5777507753, 'qualifierId': 213, 'value': '5.95'}, {'id': 5777507747, 'qualifierId': 140, 'value': '30.6'}]",7whcppsae8rxxj20zaxpx1wq1,K. Torpey,,,Portland Thorns,Home
2823778547,123,74,1,12,48,dzxypx8djih58p668surbi4qm,1,71.0,94.4,2025-06-22T02:18:25.649Z,2025-06-22T02:54:53Z,"[{'id': 5777507845, 'qualifierId': 233, 'value': '174'}, {'id': 5777507823, 'qualifierId': 285}, {'id': 5777507819, 'qualifierId': 56, 'value': 'Left'}]",4tnm3hxzav142ow867jwcozkk,T. Malham,,,Chicago Stars,Away
2823778553,124,5,1,12,51,dzxypx8djih58p668surbi4qm,0,71.8,101.8,2025-06-22T02:18:28.224Z,2025-06-22T02:32:54Z,"[{'id': 5777507857, 'qualifierId': 56, 'value': 'Left'}, {'id': 5777507859, 'qualifierId': 347}, {'id': 5777507869, 'qualifierId': 233, 'value': '175'}]",4tnm3hxzav142ow867jwcozkk,T. Malham,,,Chicago Stars,Away
2823778551,175,5,1,12,51,446mp88j1vpk9iwui9fiifrp8,1,28.2,-1.8,2025-06-22T02:18:28.224Z,2025-06-22T02:32:54Z,"[{'id': 5777507861, 'qualifierId': 233, 'value': '124'}, {'id': 5777507855, 'qualifierId': 347}, {'id': 5777507853, 'qualifierId': 56, 'value': 'Back'}]",7whcppsae8rxxj20zaxpx1wq1,K. Torpey,,,Portland Thorns,Home
2823778593,176,1,1,12,55,446mp88j1vpk9iwui9fiifrp8,1,31.9,0.0,2025-06-22T02:18:32.209Z,2025-06-22T02:18:34Z,"[{'id': 5777508025, 'qualifierId': 140, 'value': '29.7'}, {'id': 5777508021, 'qualifierId': 107}, {'id': 5777508027, 'qualifierId': 141, 'value': '22.5'}, {'id': 5777508031, 'qualifierId': 213, 'value': '1.71'}, {'id': 5777508029, 'qualifierId': 212, 'value': '16.8'}, {'id': 5777508023, 'qualifierId': 56, 'value': 'Back'}]",7whcppsae8rxxj20zaxpx1wq1,K. Torpey,,,Portland Thorns,Home
2823778599,177,1,1,12,57,446mp88j1vpk9iwui9fiifrp8,1,29.7,22.5,2025-06-22T02:18:34.578Z,2025-06-22T02:18:35Z,"[{'id': 5777508063, 'qualifierId': 213, 'value': '4.32'}, {'id': 5777508059, 'qualifierId': 141, 'value': '10.3'}, {'id': 5777508057, 'qualifierId': 140, 'value': '26.4'}, {'id': 5777508061, 'qualifierId': 212, 'value': '9.0'}, {'id': 5777508055, 'qualifierId': 56, 'value': 'Back'}]",cmolam8ri93kos2rasjhnuxyi,S. Coffey,,,Portland Thorns,Home
2823778621,178,1,1,12,58,446mp88j1vpk9iwui9fiifrp8,1,24.7,11.9,2025-06-22T02:18:35.713Z,2025-06-22T02:18:39Z,"[{'id': 5777508161, 'qualifierId': 56, 'value': 'Back'}, {'id': 5777508165, 'qualifierId': 141, 'value': '59.0'}, {'id': 5777508163, 'qualifierId': 140, 'value': '11.2'}, {'id': 5777508167, 'qualifierId': 212, 'value': '35.0'}, {'id': 5777508171, 'qualifierId': 1}, {'id': 5777508169, 'qualifierId': 213, 'value': '1.99'}]",7whcppsae8rxxj20zaxpx1wq1,K. Torpey,,,Portland Thorns,Home
2823778637,179,1,1,13,2,446mp88j1vpk9iwui9fiifrp8,0,12.7,59.4,2025-06-22T02:18:39.393Z,2025-06-22T02:18:43Z,"[{'id': 5777508253, 'qualifierId': 212, 'value': '51.1'}, {'id': 5777508247, 'qualifierId': 56, 'value': 'Left'}, {'id': 5777508249, 'qualifierId': 140, 'value': '52.9'}, {'id': 5777508257, 'qualifierId': 1}, {'id': 5777508255, 'qualifierId': 213, 'value': '0.60'}, {'id': 5777508251, 'qualifierId': 141, 'value': '100.0'}]",1yva0f096q2oqk5gz59utr42y,B. Bixby,,,Portland Thorns,Home
2823778655,125,5,1,13,6,dzxypx8djih58p668surbi4qm,1,47.8,-1.6,2025-06-22T02:18:43.543Z,2025-06-22T02:32:55Z,"[{'id': 5777508327, 'qualifierId': 347}, {'id': 5777508333, 'qualifierId': 233, 'value': '180'}, {'id': 5777508325, 'qualifierId': 56, 'value': 'Back'}]",4tnm3hxzav142ow867jwcozkk,T. Malham,,,Chicago Stars,Away
2823778639,180,5,1,13,6,446mp88j1vpk9iwui9fiifrp8,0,52.2,101.6,2025-06-22T02:18:43.543Z,2025-06-22T02:18:47Z,"[{'id': 5777508263, 'qualifierId': 56, 'value': 'Left'}, {'id': 5777508355, 'qualifierId': 233, 'value': '125'}, {'id': 5777508265, 'qualifierId': 347}]",1yva0f096q2oqk5gz59utr42y,B. Bixby,,,Portland Thorns,Home
2823778677,126,1,1,13,13,dzxypx8djih58p668surbi4qm,1,48.8,0.0,2025-06-22T02:18:50.338Z,2025-06-22T02:18:51Z,"[{'id': 5777508443, 'qualifierId': 140, 'value': '46.9'}, {'id': 5777508449, 'qualifierId': 213, 'value': '1.78'}, {'id': 5777508447, 'qualifierId': 212, 'value': '9.5'}, {'id': 5777508439, 'qualifierId': 107}, {'id': 5777508441, 'qualifierId': 56, 'value': 'Back'}, {'id': 5777508445, 'qualifierId': 141, 'value': '12.3'}]",v0k2w41tlj0elpj7nrw68onp,N. Kuikka,,,Chicago Stars,Away
2823778691,127,1,1,13,14,dzxypx8djih58p668surbi4qm,1,46.9,12.3,2025-06-22T02:18:51.522Z,2025-06-22T02:18:55Z,"[{'id': 5777508517, 'qualifierId': 213, 'value': '3.84'}, {'id': 5777508511, 'qualifierId': 140, 'value': '39.7'}, {'id': 5777508515, 'qualifierId': 212, 'value': '9.9'}, {'id': 5777508513, 'qualifierId': 141, 'value': '2.9'}, {'id': 5777508509, 'qualifierId': 56, 'value': 'Back'}]",56jjwfa02gep01vggqojvfbe2,M. Hayashi,,,Chicago Stars,Away
2823778709,128,1,1,13,18,dzxypx8djih58p668surbi4qm,1,30.8,3.4,2025-06-22T02:18:55.843Z,2025-06-22T02:19:00Z,"[{'id': 5777508621, 'qualifierId': 56, 'value': 'Back'}, {'id': 5777508625, 'qualifierId': 141, 'value': '15.6'}, {'id': 5777508627, 'qualifierId': 212, 'value': '10.5'}, {'id': 5777508623, 'qualifierId': 140, 'value': '24.6'}, {'id': 5777508629, 'qualifierId': 213, 'value': '2.24'}]",v0k2w41tlj0elpj7nrw68onp,N. Kuikka,,,Chicago Stars,Away
2823778729,129,1,1,13,22,dzxypx8djih58p668surbi4qm,1,24.1,22.7,2025-06-22T02:18:59.971Z,2025-06-22T02:19:04Z,"[{'id': 5777508725, 'qualifierId': 196}, {'id': 5777508733, 'qualifierId': 212, 'value': '44.1'}, {'id': 5777508731, 'qualifierId': 141, 'value': '86.6'}, {'id': 5777508735, 'qualifierId': 213, 'value': '1.40'}, {'id': 5777508723, 'qualifierId': 155}, {'id': 5777508727, 'qualifierId': 56, 'value': 'Back'}, {'id': 5777508737, 'qualifierId': 1}, {'id': 5777508729, 'qualifierId': 140, 'value': '31.3'}]",6zzk0lgja87zs45h8btgheled,C. Onwualu,,,Chicago Stars,Away
2823778737,130,1,1,13,27,dzxypx8djih58p668surbi4qm,1,36.3,92.4,2025-06-22T02:19:04.467Z,2025-06-22T02:19:08Z,"[{'id': 5777508767, 'qualifierId': 140, 'value': '54.5'}, {'id': 5777508771, 'qualifierId': 212, 'value': '19.5'}, {'id': 5777508765, 'qualifierId': 56, 'value': 'Left'}, {'id': 5777508769, 'qualifierId': 141, 'value': '86.6'}, {'id': 5777508773, 'qualifierId': 213, 'value': '6.08'}]",4tnm3hxzav142ow867jwcozkk,T. Malham,,,Chicago Stars,Away
2823778739,131,1,1,13,31,dzxypx8djih58p668surbi4qm,1,65.8,96.0,2025-06-22T02:19:08.786Z,2025-06-22T02:19:09Z,"[{'id': 5777508779, 'qualifierId': 140, 'value': '72.0'}, {'id': 5777508781, 'qualifierId': 141, 'value': '92.6'}, {'id': 5777508785, 'qualifierId': 213, 'value': '5.94'}, {'id': 5777508777, 'qualifierId': 56, 'value': 'Left'}, {'id': 5777508783, 'qualifierId': 212, 'value': '6.9'}]",6alny8atonddyhmltw3dgo1d5,J. Grosso,,,Chicago Stars,Away
2823778745,132,1,1,13,32,dzxypx8djih58p668surbi4qm,1,72.0,92.6,2025-06-22T02:19:09.858Z,2025-06-22T02:19:11Z,"[{'id': 5777508815, 'qualifierId': 140, 'value': '69.6'}, {'id': 5777508817, 'qualifierId': 141, 'value': '82.3'}, {'id': 5777508821, 'qualifierId': 213, 'value': '4.37'}, {'id': 5777508813, 'qualifierId': 56, 'value': 'Left'}, {'id': 5777508819, 'qualifierId': 212, 'value': '7.4'}]",19udx179xugqp84qo9rsq0nhl,S. Groom,,,Chicago Stars,Away
2823778753,133,1,1,13,34,dzxypx8djih58p668surbi4qm,0,77.6,76.6,2025-06-22T02:19:11.635Z,2025-06-22T02:20:18Z,"[{'id': 5777508863, 'qualifierId': 140, 'value': '90.8'}, {'id': 5777508869, 'qualifierId': 213, 'value': '5.94'}, {'id': 5777508867, 'qualifierId': 212, 'value': '14.7'}, {'id': 5777508861, 'qualifierId': 56, 'value': 'Center'}, {'id': 5777508865, 'qualifierId': 141, 'value': '69.3'}]",6alny8atonddyhmltw3dgo1d5,J. Grosso,,,Chicago Stars,Away
2823778761,181,12,1,13,37,446mp88j1vpk9iwui9fiifrp8,1,9.8,31.2,2025-06-22T02:19:14.785Z,2025-06-22T02:19:18Z,"[{'id': 5777508903, 'qualifierId': 141, 'value': '0.0'}, {'id': 5777508905, 'qualifierId': 212, 'value': '22.3'}, {'id': 5777508901, 'qualifierId': 140, 'value': '5.3'}, {'id': 5777508899, 'qualifierId': 56, 'value': 'Back'}, {'id': 5777508907, 'qualifierId': 213, 'value': '4.50'}, {'id': 5777508917, 'qualifierId': 167}]",8oj7cqgjacle67i49w4a3gx6,I. Obaze,,,Portland Thorns,Home
2823778757,134,6,1,13,39,dzxypx8djih58p668surbi4qm,1,94.5,94.2,2025-06-22T02:19:16.450Z,2025-06-22T02:55:08Z,"[{'id': 5777509187, 'qualifierId': 73}, {'id': 5777508883, 'qualifierId': 56, 'value': 'Left'}, {'id': 5777509199, 'qualifierId': 233, 'value': '182'}]",6alny8atonddyhmltw3dgo1d5,J. Grosso,,,Chicago Stars,Away
2823778763,182,6,1,13,39,446mp88j1vpk9iwui9fiifrp8,0,5.5,5.8,2025-06-22T02:19:16.450Z,2025-06-22T02:55:08Z,"[{'id': 5777508909, 'qualifierId': 56, 'value': 'Back'}, {'id': 5777509203, 'qualifierId': 233, 'value': '134'}, {'id': 5777509139, 'qualifierId': 73}]",8oj7cqgjacle67i49w4a3gx6,I. Obaze,,,Portland Thorns,Home
2823778891,135,1,1,14,15,dzxypx8djih58p668surbi4qm,1,99.3,99.5,2025-06-22T02:19:52.962Z,2025-06-22T02:20:24Z,"[{'id': 5777509645, 'qualifierId': 140, 'value': '95.9'}, {'id': 5777509641, 'qualifierId': 223}, {'id': 5777509863, 'qualifierId': 210, 'value': '15'}, {'id': 5777509651, 'qualifierId': 213, 'value': '4.62'}, {'id': 5777509649, 'qualifierId': 212, 'value': '37.9'}, {'id': 5777509637, 'qualifierId': 6}, {'id': 5777509635, 'qualifierId': 2}, {'id': 5777509865, 'qualifierId': 154}, {'id': 5777509643, 'qualifierId': 56, 'value': 'Center'}, {'id': 5777509639, 'qualifierId': 155}, {'id': 5777509647, 'qualifierId': 141, 'value': '44.0'}, {'id': 5777509653, 'qualifierId': 1}]",8v62hppzsz2yonw60h9910iga,J. Bike,1.0,,Chicago Stars,Away
2823778893,136,15,1,14,18,dzxypx8djih58p668surbi4qm,1,92.6,43.0,2025-06-22T02:19:55.302Z,2025-06-22T03:04:56Z,"[{'id': 5777509907, 'qualifierId': 233, 'value': '183'}, {'id': 5777509873, 'qualifierId': 29}, {'id': 5777509661, 'qualifierId': 56, 'value': 'Center'}, {'id': 5777509885, 'qualifierId': 328}, {'id': 5777509875, 'qualifierId': 154}, {'id': 5777509883, 'qualifierId': 103, 'value': '9.5'}, {'id': 5777509869, 'qualifierId': 15}, {'id': 5777543525, 'qualifierId': 133}, {'id': 5777509889, 'qualifierId': 147, 'value': '49.8'}, {'id': 5777524159, 'qualifierId': 17}, {'id': 5777509881, 'qualifierId': 102, 'value': '46.1'}, {'id': 5777509877, 'qualifierId': 55, 'value': '135'}, {'id': 5777509887, 'qualifierId': 146, 'value': '99.7'}, {'id': 5777509871, 'qualifierId': 80}, {'id': 5777509867, 'qualifierId': 25}]",11u4dj0z0p616zx9gsnil66ay,S. Staab,,,Chicago Stars,Away
2823778875,183,10,1,14,18,446mp88j1vpk9iwui9fiifrp8,1,2.1,53.4,2025-06-22T02:19:55.402Z,2025-06-22T03:58:45Z,"[{'id': 5777509579, 'qualifierId': 177}, {'id': 5777509581, 'qualifierId': 179}, {'id': 5777509547, 'qualifierId': 182}, {'id': 5777509911, 'qualifierId': 233, 'value': '136'}, {'id': 5777509549, 'qualifierId': 56, 'value': 'Back'}]",1yva0f096q2oqk5gz59utr42y,B. Bixby,,,Portland Thorns,Home
2823778881,184,52,1,14,21,446mp88j1vpk9iwui9fiifrp8,1,2.1,53.4,2025-06-22T02:19:58.412Z,2025-06-22T02:20:00Z,[],1yva0f096q2oqk5gz59utr42y,B. Bixby,,,Portland Thorns,Home
2823778889,185,1,1,14,25,446mp88j1vpk9iwui9fiifrp8,1,10.1,51.6,2025-06-22T02:20:02.354Z,2025-06-22T02:20:07Z,"[{'id': 5777509629, 'qualifierId': 213, 'value': '1.23'}, {'id': 5777509623, 'qualifierId': 140, 'value': '20.1'}, {'id': 5777509619, 'qualifierId': 123}, {'id': 5777509633, 'qualifierId': 287}, {'id': 5777509627, 'qualifierId': 212, 'value': '31.5'}, {'id': 5777509625, 'qualifierId': 141, 'value': '95.3'}, {'id': 5777509621, 'qualifierId': 56, 'value': 'Back'}]",1yva0f096q2oqk5gz59utr42y,B. Bixby,,,Portland Thorns,Home
2823778921,186,1,1,14,30,446mp88j1vpk9iwui9fiifrp8,1,25.9,93.3,2025-06-22T02:20:07.762Z,2025-06-22T02:20:10Z,"[{'id': 5777509829, 'qualifierId': 213, 'value': '4.13'}, {'id': 5777509823, 'qualifierId': 140, 'value': '19.1'}, {'id': 5777509825, 'qualifierId': 141, 'value': '77.5'}, {'id': 5777509821, 'qualifierId': 56, 'value': 'Back'}, {'id': 5777509827, 'qualifierId': 212, 'value': '12.9'}]",615vz7uoe3eiozddbe206io6h,R. Reyes,,,Portland Thorns,Home
2823778931,187,1,1,14,33,446mp88j1vpk9iwui9fiifrp8,1,19.4,73.3,2025-06-22T02:20:10.754Z,2025-06-22T02:20:19Z,"[{'id': 5777509943, 'qualifierId': 140, 'value': '19.5'}, {'id': 5777509949, 'qualifierId': 213, 'value': '4.72'}, {'id': 5777509947, 'qualifierId': 212, 'value': '29.4'}, {'id': 5777509941, 'qualifierId': 56, 'value': 'Back'}, {'id': 5777509945, 'qualifierId': 141, 'value': '30.0'}]",8oj7cqgjacle67i49w4a3gx6,I. Obaze,,,Portland Thorns,Home
2823778935,188,1,1,14,39,446mp88j1vpk9iwui9fiifrp8,1,20.7,30.7,2025-06-22T02:20:16.210Z,2025-06-22T02:20:22Z,"[{'id': 5777509973, 'qualifierId': 56, 'value': 'Back'}, {'id': 5777509975, 'qualifierId': 140, 'value': '11.4'}, {'id': 5777509979, 'qualifierId': 212, 'value': '14.5'}, {'id': 5777509981, 'qualifierId': 213, 'value': '2.31'}, {'id': 5777509977, 'qualifierId': 141, 'value': '46.4'}]",74uudh34v23m2z9gy5tdppxey,S. Hiatt,,,Portland Thorns,Home
2823778943,189,1,1,14,45,446mp88j1vpk9iwui9fiifrp8,1,11.4,46.4,2025-06-22T02:20:22.546Z,2025-06-22T02:20:23Z,"[{'id': 5777510043, 'qualifierId': 212, 'value': '20.8'}, {'id': 5777510037, 'qualifierId': 56, 'value': 'Back'}, {'id': 5777510041, 'qualifierId': 141, 'value': '73.8'}, {'id': 5777510045, 'qualifierId': 213, 'value': '1.11'}, {'id': 5777510039, 'qualifierId': 140, 'value': '20.3'}]",1yva0f096q2oqk5gz59utr42y,B. Bixby,,,Portland Thorns,Home
2823778947,190,1,1,14,46,446mp88j1vpk9iwui9fiifrp8,1,20.3,73.8,2025-06-22T02:20:23.315Z,2025-06-22T02:20:25Z,"[{'id': 5777510065, 'qualifierId': 141, 'value': '90.6'}, {'id': 5777510061, 'qualifierId': 56, 'value': 'Back'}, {'id': 5777510063, 'qualifierId': 140, 'value': '33.5'}, {'id': 5777510067, 'qualifierId': 212, 'value': '18.0'}, {'id': 5777510069, 'qualifierId': 213, 'value': '0.69'}]",8oj7cqgjacle67i49w4a3gx6,I. Obaze,,,Portland Thorns,Home
2823778953,191,1,1,14,48,446mp88j1vpk9iwui9fiifrp8,1,33.5,90.6,2025-06-22T02:20:25.618Z,2025-06-22T02:20:26Z,"[{'id': 5777510091, 'qualifierId': 140, 'value': '49.3'}, {'id': 5777510095, 'qualifierId': 212, 'value': '16.8'}, {'id': 5777510097, 'qualifierId': 213, 'value': '0.17'}, {'id': 5777510089, 'qualifierId': 56, 'value': 'Back'}, {'id': 5777510093, 'qualifierId': 141, 'value': '94.8'}]",615vz7uoe3eiozddbe206io6h,R. Reyes,,,Portland Thorns,Home
2823778971,192,1,1,14,49,446mp88j1vpk9iwui9fiifrp8,1,52.6,93.9,2025-06-22T02:20:26.786Z,2025-06-22T02:20:32Z,"[{'id': 5777510221, 'qualifierId': 140, 'value': '81.2'}, {'id': 5777510225, 'qualifierId': 212, 'value': '30.4'}, {'id': 5777510227, 'qualifierId': 213, 'value': '6.13'}, {'id': 5777510219, 'qualifierId': 56, 'value': 'Left'}, {'id': 5777510223, 'qualifierId': 141, 'value': '87.1'}]",7in4ykzbs8p44qy4jrb10p0wl,H. Sugita,,,Portland Thorns,Home
2823778975,193,1,1,14,55,446mp88j1vpk9iwui9fiifrp8,0,97.3,80.8,2025-06-22T02:20:32.547Z,2025-06-22T02:20:33Z,"[{'id': 5777510237, 'qualifierId': 56, 'value': 'Center'}, {'id': 5777510243, 'qualifierId': 212, 'value': '17.3'}, {'id': 5777510239, 'qualifierId': 140, 'value': '95.5'}, {'id': 5777510233, 'qualifierId': 2}, {'id': 5777510245, 'qualifierId': 213, 'value': '4.60'}, {'id': 5777510241, 'qualifierId': 141, 'value': '55.5'}]",5b2dire687lp3dasdj2z3n0q2,R. Turner,,,Portland Thorns,Home
2823778985,137,1,1,14,58,dzxypx8djih58p668surbi4qm,1,3.1,30.9,2025-06-22T02:20:35.859Z,2025-06-22T02:20:38Z,"[{'id': 5777510325, 'qualifierId': 212, 'value': '19.4'}, {'id': 5777510321, 'qualifierId': 140, 'value': '17.0'}, {'id': 5777510327, 'qualifierId': 213, 'value': '5.56'}, {'id': 5777510319, 'qualifierId': 56, 'value': 'Back'}, {'id': 5777510323, 'qualifierId': 141, 'value': '12.0'}]",11u4dj0z0p616zx9gsnil66ay,S. Staab,,,Chicago Stars,Away
2823778987,138,1,1,15,1,dzxypx8djih58p668surbi4qm,0,16.6,9.5,2025-06-22T02:20:38.819Z,2025-06-22T02:20:39Z,"[{'id': 5777510331, 'qualifierId': 56, 'value': 'Back'}, {'id': 5777510335, 'qualifierId': 141, 'value': '0.0'}, {'id': 5777510337, 'qualifierId': 212, 'value': '8.4'}, {'id': 5777510333, 'qualifierId': 140, 'value': '19.7'}, {'id': 5777510339, 'qualifierId': 213, 'value': '5.11'}]",56jjwfa02gep01vggqojvfbe2,M. Hayashi,,,Chicago Stars,Away
2823778991,139,5,1,15,2,dzxypx8djih58p668surbi4qm,0,19.0,-1.7,2025-06-22T02:20:39.347Z,2025-06-22T02:32:55Z,"[{'id': 5777510353, 'qualifierId': 233, 'value': '194'}, {'id': 5777510347, 'qualifierId': 347}, {'id': 5777510345, 'qualifierId': 56, 'value': 'Back'}]",56jjwfa02gep01vggqojvfbe2,M. Hayashi,,,Chicago Stars,Away
2823778989,194,5,1,15,2,446mp88j1vpk9iwui9fiifrp8,1,81.0,101.7,2025-06-22T02:20:39.347Z,2025-06-22T02:32:55Z,"[{'id': 5777510343, 'qualifierId': 347}, {'id': 5777510349, 'qualifierId': 233, 'value': '139'}, {'id': 5777510341, 'qualifierId': 56, 'value': 'Left'}]",5b2dire687lp3dasdj2z3n0q2,R. Turner,,,Portland Thorns,Home
2823779005,195,1,1,15,6,446mp88j1vpk9iwui9fiifrp8,1,82.2,100.0,2025-06-22T02:20:43.923Z,2025-06-22T02:20:44Z,"[{'id': 5777510415, 'qualifierId': 107}, {'id': 5777510419, 'qualifierId': 140, 'value': '74.3'}, {'id': 5777510423, 'qualifierId': 212, 'value': '9.0'}, {'id': 5777510417, 'qualifierId': 56, 'value': 'Left'}, {'id': 5777510425, 'qualifierId': 213, 'value': '3.54'}, {'id': 5777510421, 'qualifierId': 141, 'value': '96.2'}]",7in4ykzbs8p44qy4jrb10p0wl,H. Sugita,,,Portland Thorns,Home
2823779015,196,1,1,15,7,446mp88j1vpk9iwui9fiifrp8,1,74.3,96.2,2025-06-22T02:20:44.722Z,2025-06-22T02:20:47Z,"[{'id': 5777510485, 'qualifierId': 141, 'value': '88.9'}, {'id': 5777510481, 'qualifierId': 56, 'value': 'Left'}, {'id': 5777510487, 'qualifierId': 212, 'value': '5.0'}, {'id': 5777510489, 'qualifierId': 213, 'value': '4.65'}, {'id': 5777510483, 'qualifierId': 140, 'value': '74.0'}]",615vz7uoe3eiozddbe206io6h,R. Reyes,,,Portland Thorns,Home
2823779021,197,1,1,15,10,446mp88j1vpk9iwui9fiifrp8,1,71.4,85.1,2025-06-22T02:20:47.379Z,2025-06-22T02:20:49Z,"[{'id': 5777510527, 'qualifierId': 213, 'value': '3.04'}, {'id': 5777510525, 'qualifierId': 212, 'value': '7.4'}, {'id': 5777510521, 'qualifierId': 140, 'value': '64.4'}, {'id': 5777510523, 'qualifierId': 141, 'value': '86.2'}, {'id': 5777510519, 'qualifierId': 56, 'value': 'Left'}]",7izc8t071mkrrgvptdjru467e,O. Moultrie,,,Portland Thorns,Home
2823779027,198,1,1,15,11,446mp88j1vpk9iwui9fiifrp8,1,62.3,88.6,2025-06-22T02:20:48.995Z,2025-06-22T02:20:52Z,"[{'id': 5777510591, 'qualifierId': 213, 'value': '0.38'}, {'id': 5777510587, 'qualifierId': 141, 'value': '94.2'}, {'id': 5777510585, 'qualifierId': 140, 'value': '71.4'}, {'id': 5777510589, 'qualifierId': 212, 'value': '10.3'}, {'id': 5777510583, 'qualifierId': 56, 'value': 'Left'}]",cmolam8ri93kos2rasjhnuxyi,S. Coffey,,,Portland Thorns,Home
2823779043,199,1,1,15,15,446mp88j1vpk9iwui9fiifrp8,1,73.2,95.7,2025-06-22T02:20:52.339Z,2025-06-22T02:20:55Z,"[{'id': 5777510681, 'qualifierId': 212, 'value': '12.3'}, {'id': 5777510679, 'qualifierId': 141, 'value': '88.1'}, {'id': 5777510677, 'qualifierId': 140, 'value': '83.8'}, {'id': 5777510683, 'qualifierId': 213, 'value': '5.85'}, {'id': 5777510675, 'qualifierId': 56, 'value': 'Left'}]",615vz7uoe3eiozddbe206io6h,R. Reyes,,,Portland Thorns,Home
2823779057,200,1,1,15,18,446mp88j1vpk9iwui9fiifrp8,1,85.0,88.0,2025-06-22T02:20:55.795Z,2025-06-22T02:21:01Z,"[{'id': 5777510775, 'qualifierId': 213, 'value': '3.59'}, {'id': 5777510767, 'qualifierId': 56, 'value': 'Center'}, {'id': 5777510771, 'qualifierId': 141, 'value': '77.8'}, {'id': 5777510769, 'qualifierId': 140, 'value': '71.1'}, {'id': 5777510773, 'qualifierId': 212, 'value': '16.2'}]",5b2dire687lp3dasdj2z3n0q2,R. Turner,,,Portland Thorns,Home
2823779063,201,1,1,15,24,446mp88j1vpk9iwui9fiifrp8,0,73.9,74.8,2025-06-22T02:21:01.109Z,2025-06-22T02:21:02Z,"[{'id': 5777510807, 'qualifierId': 141, 'value': '28.9'}, {'id': 5777510809, 'qualifierId': 212, 'value': '42.2'}, {'id': 5777510801, 'qualifierId': 155}, {'id': 5777510805, 'qualifierId': 140, 'value': '100.0'}, {'id': 5777510811, 'qualifierId': 213, 'value': '5.45'}, {'id': 5777510813, 'qualifierId': 1}, {'id': 5777510803, 'qualifierId': 56, 'value': 'Center'}]",7izc8t071mkrrgvptdjru467e,O. Moultrie,,,Portland Thorns,Home
2823779065,140,5,1,15,25,dzxypx8djih58p668surbi4qm,1,-1.0,70.8,2025-06-22T02:21:02.228Z,2025-06-22T02:32:56Z,"[{'id': 5777510821, 'qualifierId': 346}, {'id': 5777511125, 'qualifierId': 233, 'value': '202'}, {'id': 5777510819, 'qualifierId': 56, 'value': 'Back'}]",8v62hppzsz2yonw60h9910iga,J. Bike,,,Chicago Stars,Away
2823779117,202,5,1,15,25,446mp88j1vpk9iwui9fiifrp8,0,101.0,29.2,2025-06-22T02:21:02.228Z,2025-06-22T02:32:56Z,"[{'id': 5777511129, 'qualifierId': 233, 'value': '140'}, {'id': 5777511123, 'qualifierId': 346}, {'id': 5777511121, 'qualifierId': 56, 'value': 'Center'}]",7izc8t071mkrrgvptdjru467e,O. Moultrie,,,Portland Thorns,Home
2823779109,141,1,1,15,43,dzxypx8djih58p668surbi4qm,1,5.3,50.0,2025-06-22T02:21:20.995Z,2025-06-22T02:21:23Z,"[{'id': 5777511063, 'qualifierId': 141, 'value': '32.5'}, {'id': 5777511065, 'qualifierId': 212, 'value': '14.0'}, {'id': 5777511061, 'qualifierId': 140, 'value': '12.4'}, {'id': 5777511059, 'qualifierId': 56, 'value': 'Back'}, {'id': 5777511057, 'qualifierId': 124}, {'id': 5777511067, 'qualifierId': 213, 'value': '5.27'}, {'id': 5777511071, 'qualifierId': 237}]",20qmwwdxbdp6ade3j9lssbvxm,H. Mackiewicz,,,Chicago Stars,Away
2823779111,142,1,1,15,45,dzxypx8djih58p668surbi4qm,1,12.4,32.1,2025-06-22T02:21:23.027Z,2025-06-22T02:21:24Z,"[{'id': 5777511077, 'qualifierId': 56, 'value': 'Back'}, {'id': 5777511083, 'qualifierId': 212, 'value': '20.6'}, {'id': 5777511085, 'qualifierId': 213, 'value': '5.19'}, {'id': 5777511079, 'qualifierId': 140, 'value': '21.5'}, {'id': 5777511081, 'qualifierId': 141, 'value': '5.2'}]",6zzk0lgja87zs45h8btgheled,C. Onwualu,,,Chicago Stars,Away
2823779119,143,1,1,15,47,dzxypx8djih58p668surbi4qm,1,21.5,5.2,2025-06-22T02:21:24.547Z,2025-06-22T02:21:29Z,"[{'id': 5777511135, 'qualifierId': 140, 'value': '31.2'}, {'id': 5777511133, 'qualifierId': 56, 'value': 'Back'}, {'id': 5777511141, 'qualifierId': 213, 'value': '0.44'}, {'id': 5777511137, 'qualifierId': 141, 'value': '12.2'}, {'id': 5777511139, 'qualifierId': 212, 'value': '11.2'}]",v0k2w41tlj0elpj7nrw68onp,N. Kuikka,,,Chicago Stars,Away
2823779127,144,1,1,15,51,dzxypx8djih58p668surbi4qm,1,57.5,4.4,2025-06-22T02:21:28.995Z,2025-06-22T02:35:07Z,"[{'id': 5777511177, 'qualifierId': 140, 'value': '54.7'}, {'id': 5777511183, 'qualifierId': 213, 'value': '1.89'}, {'id': 5777511175, 'qualifierId': 56, 'value': 'Right'}, {'id': 5777511181, 'qualifierId': 212, 'value': '9.4'}, {'id': 5777511179, 'qualifierId': 141, 'value': '17.6'}]",56jjwfa02gep01vggqojvfbe2,M. Hayashi,,,Chicago Stars,Away
2823779129,145,1,1,15,54,dzxypx8djih58p668surbi4qm,1,56.9,23.3,2025-06-22T02:21:32.003Z,2025-06-22T02:21:35Z,"[{'id': 5777511197, 'qualifierId': 1}, {'id': 5777511187, 'qualifierId': 56, 'value': 'Back'}, {'id': 5777511195, 'qualifierId': 213, 'value': '1.88'}, {'id': 5777511191, 'qualifierId': 141, 'value': '71.5'}, {'id': 5777511193, 'qualifierId': 212, 'value': '34.4'}, {'id': 5777511189, 'qualifierId': 140, 'value': '47.0'}]",6e7scc2z7henelebs853mc844,A. Schlegel,,,Chicago Stars,Away
2823779135,146,1,1,15,57,dzxypx8djih58p668surbi4qm,1,45.9,72.9,2025-06-22T02:21:34.963Z,2025-06-22T02:21:39Z,"[{'id': 5777511229, 'qualifierId': 140, 'value': '65.1'}, {'id': 5777511227, 'qualifierId': 56, 'value': 'Left'}, {'id': 5777511231, 'qualifierId': 141, 'value': '87.1'}, {'id': 5777511235, 'qualifierId': 213, 'value': '0.45'}, {'id': 5777511233, 'qualifierId': 212, 'value': '22.4'}]",4tnm3hxzav142ow867jwcozkk,T. Malham,,,Chicago Stars,Away
2823779149,147,1,1,16,2,dzxypx8djih58p668surbi4qm,1,74.7,75.4,2025-06-22T02:21:39.363Z,2025-06-22T02:21:42Z,"[{'id': 5777511319, 'qualifierId': 213, 'value': '4.52'}, {'id': 5777511313, 'qualifierId': 140, 'value': '73.1'}, {'id': 5777511317, 'qualifierId': 212, 'value': '8.8'}, {'id': 5777511315, 'qualifierId': 141, 'value': '62.7'}, {'id': 5777511311, 'qualifierId': 56, 'value': 'Center'}]",19udx179xugqp84qo9rsq0nhl,S. Groom,,,Chicago Stars,Away
2823779155,148,1,1,16,5,dzxypx8djih58p668surbi4qm,1,73.6,67.2,2025-06-22T02:21:42.131Z,2025-06-22T02:21:47Z,"[{'id': 5777511347, 'qualifierId': 56, 'value': 'Center'}, {'id': 5777511353, 'qualifierId': 212, 'value': '16.3'}, {'id': 5777511355, 'qualifierId': 213, 'value': '0.36'}, {'id': 5777511351, 'qualifierId': 141, 'value': '75.7'}, {'id': 5777511349, 'qualifierId': 140, 'value': '88.1'}]",6alny8atonddyhmltw3dgo1d5,J. Grosso,,,Chicago Stars,Away
2823779157,149,1,1,16,10,dzxypx8djih58p668surbi4qm,1,88.2,75.7,2025-06-22T02:21:47.474Z,2025-06-22T02:21:48Z,"[{'id': 5777511393, 'qualifierId': 213, 'value': '4.19'}, {'id': 5777511385, 'qualifierId': 56, 'value': 'Center'}, {'id': 5777511391, 'qualifierId': 212, 'value': '5.7'}, {'id': 5777511389, 'qualifierId': 141, 'value': '68.4'}, {'id': 5777511387, 'qualifierId': 140, 'value': '85.5'}]",4tnm3hxzav142ow867jwcozkk,T. Malham,,,Chicago Stars,Away
2823779165,150,1,1,16,11,dzxypx8djih58p668surbi4qm,1,85.5,68.4,2025-06-22T02:21:48.259Z,2025-06-22T02:21:58Z,"[{'id': 5777511467, 'qualifierId': 141, 'value': '75.9'}, {'id': 5777511471, 'qualifierId': 213, 'value': '0.37'}, {'id': 5777511465, 'qualifierId': 140, 'value': '97.9'}, {'id': 5777511469, 'qualifierId': 212, 'value': '14.0'}, {'id': 5777511463, 'qualifierId': 56, 'value': 'Center'}]",19udx179xugqp84qo9rsq0nhl,S. Groom,,,Chicago Stars,Away
2823779169,204,83,1,16,20,446mp88j1vpk9iwui9fiifrp8,0,10.5,5.0,2025-06-22T02:21:57.476Z,2025-06-22T02:22:09Z,"[{'id': 5777511625, 'qualifierId': 399, 'value': '4tnm3hxzav142ow867jwcozkk'}]",74uudh34v23m2z9gy5tdppxey,S. Hiatt,,,Portland Thorns,Home
2823779167,151,50,1,16,21,dzxypx8djih58p668surbi4qm,1,87.9,96.4,2025-06-22T02:21:58.644Z,2025-06-22T02:22:04Z,"[{'id': 5777511507, 'qualifierId': 233, 'value': '205'}, {'id': 5777511475, 'qualifierId': 56, 'value': 'Left'}, {'id': 5777511477, 'qualifierId': 286}]",4tnm3hxzav142ow867jwcozkk,T. Malham,,,Chicago Stars,Away
2823779173,205,7,1,16,21,446mp88j1vpk9iwui9fiifrp8,1,12.1,3.6,2025-06-22T02:21:58.645Z,2025-06-22T02:22:03Z,"[{'id': 5777511495, 'qualifierId': 285}, {'id': 5777511491, 'qualifierId': 167}, {'id': 5777511497, 'qualifierId': 233, 'value': '151'}, {'id': 5777511493, 'qualifierId': 56, 'value': 'Back'}]",74uudh34v23m2z9gy5tdppxey,S. Hiatt,,,Portland Thorns,Home
2823779171,152,5,1,16,22,dzxypx8djih58p668surbi4qm,1,86.7,102.0,2025-06-22T02:21:59.107Z,2025-06-22T02:32:56Z,"[{'id': 5777511535, 'qualifierId': 233, 'value': '206'}, {'id': 5777511485, 'qualifierId': 56, 'value': 'Left'}, {'id': 5777511487, 'qualifierId': 347}]",4tnm3hxzav142ow867jwcozkk,T. Malham,,,Chicago Stars,Away
2823779175,206,5,1,16,22,446mp88j1vpk9iwui9fiifrp8,0,13.3,-2.0,2025-06-22T02:21:59.107Z,2025-06-22T02:22:18Z,"[{'id': 5777511517, 'qualifierId': 347}, {'id': 5777511515, 'qualifierId': 56, 'value': 'Back'}, {'id': 5777511539, 'qualifierId': 233, 'value': '152'}]",74uudh34v23m2z9gy5tdppxey,S. Hiatt,,,Portland Thorns,Home
2823779177,153,1,1,16,23,dzxypx8djih58p668surbi4qm,1,86.2,100.0,2025-06-22T02:22:00.835Z,2025-06-22T02:22:04Z,"[{'id': 5777511527, 'qualifierId': 212, 'value': '11.1'}, {'id': 5777511525, 'qualifierId': 141, 'value': '90.8'}, {'id': 5777511521, 'qualifierId': 56, 'value': 'Left'}, {'id': 5777511529, 'qualifierId': 213, 'value': '5.53'}, {'id': 5777511523, 'qualifierId': 140, 'value': '93.9'}, {'id': 5777511519, 'qualifierId': 107}]",4tnm3hxzav142ow867jwcozkk,T. Malham,,,Chicago Stars,Away
2823779179,154,1,1,16,27,dzxypx8djih58p668surbi4qm,1,98.0,83.8,2025-06-22T02:22:04.275Z,2025-06-22T02:22:05Z,"[{'id': 5777511549, 'qualifierId': 212, 'value': '6.6'}, {'id': 5777511551, 'qualifierId': 213, 'value': '4.06'}, {'id': 5777511547, 'qualifierId': 141, 'value': '76.1'}, {'id': 5777511543, 'qualifierId': 56, 'value': 'Center'}, {'id': 5777511545, 'qualifierId': 140, 'value': '94.2'}]",19udx179xugqp84qo9rsq0nhl,S. Groom,,,Chicago Stars,Away
2823779185,155,1,1,16,28,dzxypx8djih58p668surbi4qm,0,94.2,76.1,2025-06-22T02:22:05.539Z,2025-06-22T02:22:07Z,"[{'id': 5777511593, 'qualifierId': 213, 'value': '5.10'}, {'id': 5777511589, 'qualifierId': 141, 'value': '63.3'}, {'id': 5777511585, 'qualifierId': 56, 'value': 'Center'}, {'id': 5777511587, 'qualifierId': 140, 'value': '97.6'}, {'id': 5777511591, 'qualifierId': 212, 'value': '9.4'}]",daze51b5849zsk2aqvgmkkbth,Maitane López,,,Chicago Stars,Away
2823779189,207,52,1,16,32,446mp88j1vpk9iwui9fiifrp8,1,4.1,32.8,2025-06-22T02:22:09.941Z,2025-06-22T02:22:10Z,[],1yva0f096q2oqk5gz59utr42y,B. Bixby,,,Portland Thorns,Home
2823779221,208,1,1,16,44,446mp88j1vpk9iwui9fiifrp8,1,14.8,31.8,2025-06-22T02:22:21.797Z,2025-06-22T02:22:26Z,"[{'id': 5777511827, 'qualifierId': 213, 'value': '4.58'}, {'id': 5777511825, 'qualifierId': 212, 'value': '5.4'}, {'id': 5777511817, 'qualifierId': 123}, {'id': 5777511821, 'qualifierId': 140, 'value': '14.1'}, {'id': 5777511823, 'qualifierId': 141, 'value': '23.9'}, {'id': 5777511819, 'qualifierId': 56, 'value': 'Back'}]",1yva0f096q2oqk5gz59utr42y,B. Bixby,,,Portland Thorns,Home
2823779225,209,1,1,16,49,446mp88j1vpk9iwui9fiifrp8,1,20.5,18.8,2025-06-22T02:22:26.580Z,2025-06-22T02:22:27Z,"[{'id': 5777511857, 'qualifierId': 212, 'value': '9.7'}, {'id': 5777511859, 'qualifierId': 213, 'value': '5.13'}, {'id': 5777511851, 'qualifierId': 56, 'value': 'Back'}, {'id': 5777511855, 'qualifierId': 141, 'value': '5.8'}, {'id': 5777511853, 'qualifierId': 140, 'value': '24.2'}]",74uudh34v23m2z9gy5tdppxey,S. Hiatt,,,Portland Thorns,Home
2823779237,210,1,1,16,50,446mp88j1vpk9iwui9fiifrp8,1,24.2,5.5,2025-06-22T02:22:27.924Z,2025-06-22T02:22:32Z,"[{'id': 5777511943, 'qualifierId': 140, 'value': '43.0'}, {'id': 5777511949, 'qualifierId': 213, 'value': '6.19'}, {'id': 5777511941, 'qualifierId': 56, 'value': 'Back'}, {'id': 5777511945, 'qualifierId': 141, 'value': '2.8'}, {'id': 5777511947, 'qualifierId': 212, 'value': '19.8'}]",7whcppsae8rxxj20zaxpx1wq1,K. Torpey,,,Portland Thorns,Home
2823779247,211,1,1,16,55,446mp88j1vpk9iwui9fiifrp8,1,35.4,14.6,2025-06-22T02:22:32.628Z,2025-06-22T02:22:36Z,"[{'id': 5777512037, 'qualifierId': 212, 'value': '29.3'}, {'id': 5777512035, 'qualifierId': 141, 'value': '29.5'}, {'id': 5777512031, 'qualifierId': 56, 'value': 'Center'}, {'id': 5777512039, 'qualifierId': 213, 'value': '0.35'}, {'id': 5777512033, 'qualifierId': 140, 'value': '61.6'}]",ek8x7y3jt0xcebttt75qi5exh,J. Fleming,,,Portland Thorns,Home
2823779253,212,1,1,16,59,446mp88j1vpk9iwui9fiifrp8,0,64.0,27.1,2025-06-22T02:22:36.806Z,2025-06-22T02:23:08Z,"[{'id': 5777512065, 'qualifierId': 212, 'value': '6.4'}, {'id': 5777512061, 'qualifierId': 140, 'value': '70.1'}, {'id': 5777512067, 'qualifierId': 213, 'value': '6.25'}, {'id': 5777512059, 'qualifierId': 56, 'value': 'Center'}, {'id': 5777512063, 'qualifierId': 141, 'value': '26.8'}]",7in4ykzbs8p44qy4jrb10p0wl,H. Sugita,,,Portland Thorns,Home
2823779259,156,50,1,17,1,dzxypx8djih58p668surbi4qm,1,27.4,74.0,2025-06-22T02:22:38.869Z,2025-06-22T02:54:56Z,"[{'id': 5777512205, 'qualifierId': 233, 'value': '213'}, {'id': 5777512103, 'qualifierId': 285}, {'id': 5777512101, 'qualifierId': 56, 'value': 'Back'}]",4tnm3hxzav142ow867jwcozkk,T. Malham,,,Chicago Stars,Away
2823779273,213,7,1,17,1,446mp88j1vpk9iwui9fiifrp8,1,72.6,26.0,2025-06-22T02:22:38.870Z,2025-06-22T02:54:56Z,"[{'id': 5777512191, 'qualifierId': 233, 'value': '156'}, {'id': 5777512155, 'qualifierId': 56, 'value': 'Center'}, {'id': 5777512157, 'qualifierId': 286}]",2btfn8hbssn0dnszgyll1gopg,P. Tordin,1.0,,Portland Thorns,Home
2823779277,214,14,1,17,6,446mp88j1vpk9iwui9fiifrp8,1,79.4,52.1,2025-06-22T02:22:43.588Z,2025-06-22T02:23:08Z,"[{'id': 5777512395, 'qualifierId': 103, 'value': '1.9'}, {'id': 5777512175, 'qualifierId': 22}, {'id': 5777512179, 'qualifierId': 56, 'value': 'Center'}, {'id': 5777512399, 'qualifierId': 231, 'value': '50.2'}, {'id': 5777512387, 'qualifierId': 29}, {'id': 5777512393, 'qualifierId': 102, 'value': '55.4'}, {'id': 5777512247, 'qualifierId': 72}, {'id': 5777512385, 'qualifierId': 73}, {'id': 5777512389, 'qualifierId': 55, 'value': '213'}, {'id': 5777512177, 'qualifierId': 18}, {'id': 5777512397, 'qualifierId': 230, 'value': '99.9'}]",7izc8t071mkrrgvptdjru467e,O. Moultrie,,,Portland Thorns,Home
2823779281,157,5,1,17,7,dzxypx8djih58p668surbi4qm,1,-1.1,41.4,2025-06-22T02:22:44.691Z,2025-06-22T02:32:56Z,"[{'id': 5777512231, 'qualifierId': 233, 'value': '215'}, {'id': 5777512209, 'qualifierId': 56, 'value': 'Back'}, {'id': 5777512211, 'qualifierId': 346}]",4tnm3hxzav142ow867jwcozkk,T. Malham,,,Chicago Stars,Away
2823779285,215,5,1,17,7,446mp88j1vpk9iwui9fiifrp8,0,101.1,58.6,2025-06-22T02:22:44.691Z,2025-06-22T02:32:57Z,"[{'id': 5777512229, 'qualifierId': 346}, {'id': 5777512235, 'qualifierId': 233, 'value': '157'}, {'id': 5777512227, 'qualifierId': 56, 'value': 'Center'}]",7izc8t071mkrrgvptdjru467e,O. Moultrie,,,Portland Thorns,Home
2823779345,158,1,1,17,32,dzxypx8djih58p668surbi4qm,0,4.4,50.1,2025-06-22T02:23:09.909Z,2025-06-22T02:23:11Z,"[{'id': 5777512527, 'qualifierId': 74}, {'id': 5777512515, 'qualifierId': 56, 'value': 'Right'}, {'id': 5777512513, 'qualifierId': 124}, {'id': 5777512521, 'qualifierId': 212, 'value': '60.9'}, {'id': 5777512541, 'qualifierId': 189}, {'id': 5777512525, 'qualifierId': 1}, {'id': 5777512517, 'qualifierId': 140, 'value': '54.6'}, {'id': 5777512523, 'qualifierId': 213, 'value': '5.76'}, {'id': 5777512519, 'qualifierId': 141, 'value': '5.2'}]",20qmwwdxbdp6ade3j9lssbvxm,H. Mackiewicz,,,Chicago Stars,Away
2823779373,216,1,1,17,37,446mp88j1vpk9iwui9fiifrp8,1,48.0,84.8,2025-06-22T02:23:14.277Z,2025-06-22T02:24:04Z,"[{'id': 5777512655, 'qualifierId': 212, 'value': '6.0'}, {'id': 5777512651, 'qualifierId': 140, 'value': '53.1'}, {'id': 5777512649, 'qualifierId': 56, 'value': 'Left'}, {'id': 5777512657, 'qualifierId': 213, 'value': '5.81'}, {'id': 5777512653, 'qualifierId': 141, 'value': '80.8'}, {'id': 5777512647, 'qualifierId': 3}]",8oj7cqgjacle67i49w4a3gx6,I. Obaze,,,Portland Thorns,Home
2823779375,217,49,1,17,38,446mp88j1vpk9iwui9fiifrp8,1,53.1,80.8,2025-06-22T02:23:15.381Z,2025-06-22T02:24:32Z,[],cmolam8ri93kos2rasjhnuxyi,S. Coffey,,,Portland Thorns,Home
2823779383,218,1,1,17,38,446mp88j1vpk9iwui9fiifrp8,1,53.1,80.8,2025-06-22T02:23:15.435Z,2025-06-22T02:24:43Z,"[{'id': 5777512709, 'qualifierId': 141, 'value': '83.2'}, {'id': 5777512713, 'qualifierId': 213, 'value': '0.11'}, {'id': 5777512707, 'qualifierId': 140, 'value': '67.5'}, {'id': 5777512711, 'qualifierId': 212, 'value': '15.2'}, {'id': 5777512705, 'qualifierId': 56, 'value': 'Left'}]",cmolam8ri93kos2rasjhnuxyi,S. Coffey,,,Portland Thorns,Home
2823779385,219,1,1,17,40,446mp88j1vpk9iwui9fiifrp8,0,76.1,85.0,2025-06-22T02:23:17.590Z,2025-06-22T02:24:43Z,"[{'id': 5777512727, 'qualifierId': 213, 'value': '5.17'}, {'id': 5777512721, 'qualifierId': 140, 'value': '84.0'}, {'id': 5777512725, 'qualifierId': 212, 'value': '18.7'}, {'id': 5777512723, 'qualifierId': 141, 'value': '60.3'}, {'id': 5777512719, 'qualifierId': 56, 'value': 'Center'}]",7in4ykzbs8p44qy4jrb10p0wl,H. Sugita,,,Portland Thorns,Home
2823779389,159,12,1,17,41,dzxypx8djih58p668surbi4qm,1,14.9,36.1,2025-06-22T02:23:18.771Z,2025-06-22T02:23:20Z,"[{'id': 5777512747, 'qualifierId': 56, 'value': 'Back'}, {'id': 5777512753, 'qualifierId': 212, 'value': '15.3'}, {'id': 5777512749, 'qualifierId': 140, 'value': '29.4'}, {'id': 5777512751, 'qualifierId': 141, 'value': '38.9'}, {'id': 5777512755, 'qualifierId': 213, 'value': '0.12'}]",11u4dj0z0p616zx9gsnil66ay,S. Staab,,,Chicago Stars,Away
2823779397,160,1,1,17,43,dzxypx8djih58p668surbi4qm,1,29.4,38.9,2025-06-22T02:23:20.851Z,2025-06-22T02:23:22Z,"[{'id': 5777512789, 'qualifierId': 141, 'value': '35.7'}, {'id': 5777512787, 'qualifierId': 140, 'value': '39.2'}, {'id': 5777512793, 'qualifierId': 213, 'value': '6.07'}, {'id': 5777512785, 'qualifierId': 56, 'value': 'Back'}, {'id': 5777512791, 'qualifierId': 212, 'value': '10.5'}]",6alny8atonddyhmltw3dgo1d5,J. Grosso,,,Chicago Stars,Away
2823779399,161,49,1,17,45,dzxypx8djih58p668surbi4qm,1,39.2,35.7,2025-06-22T02:23:22.372Z,2025-06-22T02:23:22Z,[],6e7scc2z7henelebs853mc844,A. Schlegel,,,Chicago Stars,Away
2823779401,162,50,1,17,46,dzxypx8djih58p668surbi4qm,1,40.7,38.0,2025-06-22T02:23:23.283Z,2025-06-22T02:23:50Z,"[{'id': 5777512799, 'qualifierId': 56, 'value': 'Back'}, {'id': 5777512801, 'qualifierId': 286}, {'id': 5777513201, 'qualifierId': 233, 'value': '220'}]",6e7scc2z7henelebs853mc844,A. Schlegel,,,Chicago Stars,Away
2823779421,220,7,1,17,46,446mp88j1vpk9iwui9fiifrp8,1,59.3,62.0,2025-06-22T02:23:23.284Z,2025-06-22T02:23:50Z,"[{'id': 5777512879, 'qualifierId': 56, 'value': 'Center'}, {'id': 5777512881, 'qualifierId': 285}, {'id': 5777513263, 'qualifierId': 233, 'value': '162'}]",cmolam8ri93kos2rasjhnuxyi,S. Coffey,,,Portland Thorns,Home
2823779423,221,49,1,17,52,446mp88j1vpk9iwui9fiifrp8,1,54.2,54.8,2025-06-22T02:23:29.429Z,2025-06-22T02:23:29Z,[],8oj7cqgjacle67i49w4a3gx6,I. Obaze,,,Portland Thorns,Home
2823779425,222,1,1,17,52,446mp88j1vpk9iwui9fiifrp8,1,54.2,54.8,2025-06-22T02:23:29.509Z,2025-06-22T02:23:30Z,"[{'id': 5777512913, 'qualifierId': 212, 'value': '10.1'}, {'id': 5777512909, 'qualifierId': 140, 'value': '46.6'}, {'id': 5777512915, 'qualifierId': 213, 'value': '2.48'}, {'id': 5777512907, 'qualifierId': 56, 'value': 'Back'}, {'id': 5777512911, 'qualifierId': 141, 'value': '64.0'}]",8oj7cqgjacle67i49w4a3gx6,I. Obaze,,,Portland Thorns,Home
2823779427,223,1,1,17,53,446mp88j1vpk9iwui9fiifrp8,1,46.6,64.0,2025-06-22T02:23:30.549Z,2025-06-22T02:23:32Z,"[{'id': 5777512929, 'qualifierId': 212, 'value': '16.5'}, {'id': 5777512923, 'qualifierId': 56, 'value': 'Back'}, {'id': 5777512931, 'qualifierId': 213, 'value': '4.56'}, {'id': 5777512927, 'qualifierId': 141, 'value': '40.0'}, {'id': 5777512925, 'qualifierId': 140, 'value': '44.2'}]",615vz7uoe3eiozddbe206io6h,R. Reyes,,,Portland Thorns,Home
2823779441,224,1,1,17,55,446mp88j1vpk9iwui9fiifrp8,1,44.8,33.0,2025-06-22T02:23:32.597Z,2025-06-22T02:23:37Z,"[{'id': 5777513033, 'qualifierId': 141, 'value': '20.0'}, {'id': 5777513029, 'qualifierId': 56, 'value': 'Back'}, {'id': 5777513037, 'qualifierId': 213, 'value': '4.83'}, {'id': 5777513035, 'qualifierId': 212, 'value': '8.9'}, {'id': 5777513031, 'qualifierId': 140, 'value': '45.8'}]",74uudh34v23m2z9gy5tdppxey,S. Hiatt,,,Portland Thorns,Home
2823779445,225,1,1,18,1,446mp88j1vpk9iwui9fiifrp8,0,45.9,4.7,2025-06-22T02:23:38.645Z,2025-06-22T02:25:06Z,"[{'id': 5777513059, 'qualifierId': 212, 'value': '7.1'}, {'id': 5777513053, 'qualifierId': 56, 'value': 'Right'}, {'id': 5777513057, 'qualifierId': 141, 'value': '0.0'}, {'id': 5777513055, 'qualifierId': 140, 'value': '51.4'}, {'id': 5777513061, 'qualifierId': 213, 'value': '5.66'}]",7whcppsae8rxxj20zaxpx1wq1,K. Torpey,,,Portland Thorns,Home
2823779451,163,5,1,18,3,dzxypx8djih58p668surbi4qm,1,49.3,102.0,2025-06-22T02:23:40.645Z,2025-06-22T02:32:57Z,"[{'id': 5777513081, 'qualifierId': 56, 'value': 'Back'}, {'id': 5777513085, 'qualifierId': 233, 'value': '226'}, {'id': 5777513083, 'qualifierId': 347}]",6e7scc2z7henelebs853mc844,A. Schlegel,,,Chicago Stars,Away
2823779447,226,5,1,18,3,446mp88j1vpk9iwui9fiifrp8,0,50.7,-2.0,2025-06-22T02:23:40.645Z,2025-06-22T02:23:43Z,"[{'id': 5777513065, 'qualifierId': 56, 'value': 'Right'}, {'id': 5777513067, 'qualifierId': 347}, {'id': 5777513091, 'qualifierId': 233, 'value': '163'}]",7whcppsae8rxxj20zaxpx1wq1,K. Torpey,,,Portland Thorns,Home
2823779481,164,1,1,18,16,dzxypx8djih58p668surbi4qm,1,36.7,100.0,2025-06-22T02:23:53.812Z,2025-06-22T02:23:55Z,"[{'id': 5777513313, 'qualifierId': 189}, {'id': 5777513303, 'qualifierId': 141, 'value': '82.0'}, {'id': 5777513305, 'qualifierId': 212, 'value': '22.8'}, {'id': 5777513301, 'qualifierId': 140, 'value': '19.2'}, {'id': 5777513299, 'qualifierId': 56, 'value': 'Back'}, {'id': 5777513309, 'qualifierId': 1}, {'id': 5777513297, 'qualifierId': 107}, {'id': 5777513307, 'qualifierId': 213, 'value': '3.78'}]",4tnm3hxzav142ow867jwcozkk,T. Malham,,,Chicago Stars,Away
2823779489,165,1,1,18,18,dzxypx8djih58p668surbi4qm,1,19.2,82.0,2025-06-22T02:23:55.508Z,2025-06-22T02:23:57Z,"[{'id': 5777513349, 'qualifierId': 140, 'value': '8.8'}, {'id': 5777513355, 'qualifierId': 213, 'value': '4.16'}, {'id': 5777513351, 'qualifierId': 141, 'value': '56.1'}, {'id': 5777513359, 'qualifierId': 189}, {'id': 5777513353, 'qualifierId': 212, 'value': '20.7'}, {'id': 5777513347, 'qualifierId': 56, 'value': 'Back'}]",11u4dj0z0p616zx9gsnil66ay,S. Staab,,,Chicago Stars,Away
2823779503,166,1,1,18,21,dzxypx8djih58p668surbi4qm,1,9.6,59.1,2025-06-22T02:23:58.180Z,2025-06-22T02:23:59Z,"[{'id': 5777513407, 'qualifierId': 213, 'value': '1.45'}, {'id': 5777513405, 'qualifierId': 212, 'value': '16.6'}, {'id': 5777513401, 'qualifierId': 140, 'value': '11.5'}, {'id': 5777513403, 'qualifierId': 141, 'value': '83.3'}, {'id': 5777513399, 'qualifierId': 56, 'value': 'Back'}]",20qmwwdxbdp6ade3j9lssbvxm,H. Mackiewicz,,,Chicago Stars,Away
2823779523,167,1,1,18,22,dzxypx8djih58p668surbi4qm,1,9.6,83.3,2025-06-22T02:23:59.475Z,2025-06-22T02:24:03Z,"[{'id': 5777513483, 'qualifierId': 141, 'value': '56.6'}, {'id': 5777513487, 'qualifierId': 213, 'value': '4.46'}, {'id': 5777513485, 'qualifierId': 212, 'value': '18.7'}, {'id': 5777513479, 'qualifierId': 56, 'value': 'Back'}, {'id': 5777513481, 'qualifierId': 140, 'value': '5.2'}]",11u4dj0z0p616zx9gsnil66ay,S. Staab,,,Chicago Stars,Away
2823779545,168,1,1,18,26,dzxypx8djih58p668surbi4qm,0,13.3,51.9,2025-06-22T02:24:03.476Z,2025-06-22T02:24:06Z,"[{'id': 5777513585, 'qualifierId': 56, 'value': 'Back'}, {'id': 5777513591, 'qualifierId': 212, 'value': '29.8'}, {'id': 5777513595, 'qualifierId': 1}, {'id': 5777513593, 'qualifierId': 213, 'value': '6.26'}, {'id': 5777513583, 'qualifierId': 157}, {'id': 5777513587, 'qualifierId': 140, 'value': '41.7'}, {'id': 5777513589, 'qualifierId': 141, 'value': '51.0'}]",20qmwwdxbdp6ade3j9lssbvxm,H. Mackiewicz,,,Chicago Stars,Away
2823779557,227,1,1,18,29,446mp88j1vpk9iwui9fiifrp8,1,63.8,47.2,2025-06-22T02:24:06.757Z,2025-06-22T02:24:10Z,"[{'id': 5777513649, 'qualifierId': 141, 'value': '67.6'}, {'id': 5777513651, 'qualifierId': 212, 'value': '13.9'}, {'id': 5777513647, 'qualifierId': 140, 'value': '64.4'}, {'id': 5777513653, 'qualifierId': 213, 'value': '1.53'}, {'id': 5777513643, 'qualifierId': 3}, {'id': 5777513645, 'qualifierId': 56, 'value': 'Center'}]",7in4ykzbs8p44qy4jrb10p0wl,H. Sugita,,,Portland Thorns,Home
2823779559,228,49,1,18,33,446mp88j1vpk9iwui9fiifrp8,1,60.2,67.5,2025-06-22T02:24:10.357Z,2025-06-22T02:24:10Z,[],cmolam8ri93kos2rasjhnuxyi,S. Coffey,,,Portland Thorns,Home
2823779585,229,1,1,18,33,446mp88j1vpk9iwui9fiifrp8,1,60.2,67.5,2025-06-22T02:24:10.807Z,2025-06-22T02:24:18Z,"[{'id': 5777513813, 'qualifierId': 141, 'value': '82.6'}, {'id': 5777513809, 'qualifierId': 56, 'value': 'Back'}, {'id': 5777513817, 'qualifierId': 213, 'value': '2.58'}, {'id': 5777513811, 'qualifierId': 140, 'value': '44.8'}, {'id': 5777513807, 'qualifierId': 155}, {'id': 5777513815, 'qualifierId': 212, 'value': '19.2'}]",cmolam8ri93kos2rasjhnuxyi,S. Coffey,,,Portland Thorns,Home
2823779619,230,1,1,18,41,446mp88j1vpk9iwui9fiifrp8,1,63.4,86.6,2025-06-22T02:24:18.838Z,2025-06-22T02:24:23Z,"[{'id': 5777513975, 'qualifierId': 140, 'value': '80.4'}, {'id': 5777513973, 'qualifierId': 56, 'value': 'Left'}, {'id': 5777513977, 'qualifierId': 141, 'value': '95.6'}, {'id': 5777513979, 'qualifierId': 212, 'value': '18.9'}, {'id': 5777513981, 'qualifierId': 213, 'value': '0.33'}]",615vz7uoe3eiozddbe206io6h,R. Reyes,,,Portland Thorns,Home
2823779623,231,61,1,18,46,446mp88j1vpk9iwui9fiifrp8,0,78.2,92.4,2025-06-22T02:24:23.766Z,2025-06-22T02:24:24Z,"[{'id': 5777514003, 'qualifierId': 56, 'value': 'Left'}]",7izc8t071mkrrgvptdjru467e,O. Moultrie,,,Portland Thorns,Home
2823779629,169,1,1,18,47,dzxypx8djih58p668surbi4qm,1,31.8,8.6,2025-06-22T02:24:24.627Z,2025-06-22T02:24:26Z,"[{'id': 5777514033, 'qualifierId': 140, 'value': '21.3'}, {'id': 5777514039, 'qualifierId': 213, 'value': '2.93'}, {'id': 5777514037, 'qualifierId': 212, 'value': '11.3'}, {'id': 5777514031, 'qualifierId': 56, 'value': 'Back'}, {'id': 5777514035, 'qualifierId': 141, 'value': '12.0'}]",8v62hppzsz2yonw60h9910iga,J. Bike,,,Chicago Stars,Away
2823779631,170,49,1,18,49,dzxypx8djih58p668surbi4qm,1,21.3,12.0,2025-06-22T02:24:26.596Z,2025-06-22T02:24:26Z,[],v0k2w41tlj0elpj7nrw68onp,N. Kuikka,,,Chicago Stars,Away
2823779639,171,1,1,18,49,dzxypx8djih58p668surbi4qm,1,21.3,12.0,2025-06-22T02:24:26.916Z,2025-06-22T02:24:28Z,"[{'id': 5777514093, 'qualifierId': 141, 'value': '4.0'}, {'id': 5777514089, 'qualifierId': 56, 'value': 'Back'}, {'id': 5777514097, 'qualifierId': 213, 'value': '5.36'}, {'id': 5777514091, 'qualifierId': 140, 'value': '25.2'}, {'id': 5777514095, 'qualifierId': 212, 'value': '6.8'}]",v0k2w41tlj0elpj7nrw68onp,N. Kuikka,,,Chicago Stars,Away
2823779659,172,1,1,18,51,dzxypx8djih58p668surbi4qm,1,25.3,3.8,2025-06-22T02:24:28.851Z,2025-06-22T02:24:33Z,"[{'id': 5777514189, 'qualifierId': 141, 'value': '11.6'}, {'id': 5777514187, 'qualifierId': 140, 'value': '16.5'}, {'id': 5777514193, 'qualifierId': 213, 'value': '2.62'}, {'id': 5777514185, 'qualifierId': 56, 'value': 'Back'}, {'id': 5777514191, 'qualifierId': 212, 'value': '10.7'}]",8v62hppzsz2yonw60h9910iga,J. Bike,,,Chicago Stars,Away
2823779673,173,3,1,18,56,dzxypx8djih58p668surbi4qm,1,21.9,18.6,2025-06-22T02:24:33.443Z,2025-06-22T04:07:46Z,"[{'id': 5777514283, 'qualifierId': 233, 'value': '232'}, {'id': 5777514279, 'qualifierId': 56, 'value': 'Back'}, {'id': 5777514281, 'qualifierId': 285}]",v0k2w41tlj0elpj7nrw68onp,N. Kuikka,,,Chicago Stars,Away
2823779661,232,45,1,18,56,446mp88j1vpk9iwui9fiifrp8,0,78.1,81.4,2025-06-22T02:24:33.443Z,2025-06-22T04:07:46Z,"[{'id': 5777514201, 'qualifierId': 286}, {'id': 5777514199, 'qualifierId': 56, 'value': 'Left'}, {'id': 5777514287, 'qualifierId': 233, 'value': '173'}]",7izc8t071mkrrgvptdjru467e,O. Moultrie,,,Portland Thorns,Home
2823779677,174,1,1,19,4,dzxypx8djih58p668surbi4qm,1,25.0,8.5,2025-06-22T02:24:41.492Z,2025-06-22T02:24:44Z,"[{'id': 5777514303, 'qualifierId': 56, 'value': 'Back'}, {'id': 5777514309, 'qualifierId': 212, 'value': '12.6'}, {'id': 5777514305, 'qualifierId': 140, 'value': '13.6'}, {'id': 5777514311, 'qualifierId': 213, 'value': '2.82'}, {'id': 5777514307, 'qualifierId': 141, 'value': '14.3'}]",v0k2w41tlj0elpj7nrw68onp,N. Kuikka,,,Chicago Stars,Away
2823779689,175,1,1,19,7,dzxypx8djih58p668surbi4qm,1,17.4,7.0,2025-06-22T02:24:44.293Z,2025-06-22T02:24:49Z,"[{'id': 5777514369, 'qualifierId': 140, 'value': '48.3'}, {'id': 5777514373, 'qualifierId': 212, 'value': '32.7'}, {'id': 5777514371, 'qualifierId': 141, 'value': '13.5'}, {'id': 5777514367, 'qualifierId': 56, 'value': 'Back'}, {'id': 5777514375, 'qualifierId': 213, 'value': '0.14'}, {'id': 5777514377, 'qualifierId': 1}, {'id': 5777514365, 'qualifierId': 157}]",6zzk0lgja87zs45h8btgheled,C. Onwualu,,,Chicago Stars,Away
2823779691,176,4,1,19,10,dzxypx8djih58p668surbi4qm,1,45.8,11.8,2025-06-22T02:24:47.301Z,2025-06-22T02:24:54Z,"[{'id': 5777514413, 'qualifierId': 152}, {'id': 5777514409, 'qualifierId': 294}, {'id': 5777514417, 'qualifierId': 233, 'value': '233'}, {'id': 5777514407, 'qualifierId': 13}, {'id': 5777514411, 'qualifierId': 56, 'value': 'Back'}, {'id': 5777514415, 'qualifierId': 286}]",6e7scc2z7henelebs853mc844,A. Schlegel,,,Chicago Stars,Away
2823779685,233,4,1,19,10,446mp88j1vpk9iwui9fiifrp8,0,54.2,88.2,2025-06-22T02:24:47.302Z,2025-06-22T02:24:53Z,"[{'id': 5777514347, 'qualifierId': 56, 'value': 'Left'}, {'id': 5777514351, 'qualifierId': 285}, {'id': 5777514349, 'qualifierId': 152}, {'id': 5777514345, 'qualifierId': 294}, {'id': 5777514423, 'qualifierId': 233, 'value': '176'}, {'id': 5777514343, 'qualifierId': 13}]",615vz7uoe3eiozddbe206io6h,R. Reyes,,,Portland Thorns,Home
2823779743,177,1,1,19,34,dzxypx8djih58p668surbi4qm,1,42.5,14.6,2025-06-22T02:25:11.876Z,2025-06-22T02:25:14Z,"[{'id': 5777514665, 'qualifierId': 212, 'value': '23.7'}, {'id': 5777514655, 'qualifierId': 5}, {'id': 5777514661, 'qualifierId': 140, 'value': '34.5'}, {'id': 5777514657, 'qualifierId': 152}, {'id': 5777514667, 'qualifierId': 213, 'value': '1.93'}, {'id': 5777514663, 'qualifierId': 141, 'value': '47.2'}, {'id': 5777514659, 'qualifierId': 56, 'value': 'Back'}]",v0k2w41tlj0elpj7nrw68onp,N. Kuikka,,,Chicago Stars,Away
2823779749,178,1,1,19,37,dzxypx8djih58p668surbi4qm,1,36.0,54.0,2025-06-22T02:25:14.724Z,2025-06-22T02:25:17Z,"[{'id': 5777514697, 'qualifierId': 1}, {'id': 5777514695, 'qualifierId': 213, 'value': '0.93'}, {'id': 5777514687, 'qualifierId': 56, 'value': 'Left'}, {'id': 5777514691, 'qualifierId': 141, 'value': '94.2'}, {'id': 5777514693, 'qualifierId': 212, 'value': '34.2'}, {'id': 5777514689, 'qualifierId': 140, 'value': '55.5'}]",11u4dj0z0p616zx9gsnil66ay,S. Staab,,,Chicago Stars,Away
2823779771,179,1,1,19,40,dzxypx8djih58p668surbi4qm,1,55.5,94.2,2025-06-22T02:25:17.716Z,2025-06-22T02:25:23Z,"[{'id': 5777514803, 'qualifierId': 56, 'value': 'Center'}, {'id': 5777514809, 'qualifierId': 212, 'value': '14.6'}, {'id': 5777514807, 'qualifierId': 141, 'value': '78.7'}, {'id': 5777514811, 'qualifierId': 213, 'value': '5.48'}, {'id': 5777514805, 'qualifierId': 140, 'value': '65.1'}]",4tnm3hxzav142ow867jwcozkk,T. Malham,,,Chicago Stars,Away
2823779785,180,1,1,19,46,dzxypx8djih58p668surbi4qm,1,75.3,69.9,2025-06-22T02:25:23.421Z,2025-06-22T02:25:29Z,"[{'id': 5777514909, 'qualifierId': 212, 'value': '17.6'}, {'id': 5777514903, 'qualifierId': 56, 'value': 'Left'}, {'id': 5777514905, 'qualifierId': 140, 'value': '85.5'}, {'id': 5777514911, 'qualifierId': 213, 'value': '0.92'}, {'id': 5777514907, 'qualifierId': 141, 'value': '90.5'}]",19udx179xugqp84qo9rsq0nhl,S. Groom,,,Chicago Stars,Away
2823779789,181,1,1,19,52,dzxypx8djih58p668surbi4qm,1,85.9,89.0,2025-06-22T02:25:29.188Z,2025-06-22T02:25:31Z,"[{'id': 5777514929, 'qualifierId': 140, 'value': '80.4'}, {'id': 5777514927, 'qualifierId': 56, 'value': 'Left'}, {'id': 5777514931, 'qualifierId': 141, 'value': '95.1'}, {'id': 5777514935, 'qualifierId': 213, 'value': '2.52'}, {'id': 5777514933, 'qualifierId': 212, 'value': '7.1'}]",6alny8atonddyhmltw3dgo1d5,J. Grosso,,,Chicago Stars,Away
2823779801,182,1,1,19,54,dzxypx8djih58p668surbi4qm,1,80.0,93.6,2025-06-22T02:25:31.476Z,2025-06-22T02:25:38Z,"[{'id': 5777515013, 'qualifierId': 213, 'value': '6.28'}, {'id': 5777515009, 'qualifierId': 141, 'value': '93.5'}, {'id': 5777515005, 'qualifierId': 56, 'value': 'Left'}, {'id': 5777515011, 'qualifierId': 212, 'value': '8.4'}, {'id': 5777515007, 'qualifierId': 140, 'value': '88.0'}]",4tnm3hxzav142ow867jwcozkk,T. Malham,,,Chicago Stars,Away
2823779811,183,3,1,20,1,dzxypx8djih58p668surbi4qm,1,92.4,84.0,2025-06-22T02:25:38.790Z,2025-06-22T04:07:47Z,"[{'id': 5777515065, 'qualifierId': 286}, {'id': 5777515079, 'qualifierId': 233, 'value': '234'}, {'id': 5777515063, 'qualifierId': 56, 'value': 'Left'}]",6alny8atonddyhmltw3dgo1d5,J. Grosso,,,Chicago Stars,Away
2823779805,234,45,1,20,1,446mp88j1vpk9iwui9fiifrp8,0,7.6,16.0,2025-06-22T02:25:38.790Z,2025-06-22T04:07:47Z,"[{'id': 5777515031, 'qualifierId': 285}, {'id': 5777515029, 'qualifierId': 56, 'value': 'Back'}, {'id': 5777515083, 'qualifierId': 233, 'value': '183'}]",7whcppsae8rxxj20zaxpx1wq1,K. Torpey,,,Portland Thorns,Home
2823779815,184,1,1,20,4,dzxypx8djih58p668surbi4qm,0,91.2,68.1,2025-06-22T02:25:41.924Z,2025-06-22T02:25:43Z,"[{'id': 5777515095, 'qualifierId': 212, 'value': '5.6'}, {'id': 5777515091, 'qualifierId': 140, 'value': '86.9'}, {'id': 5777515097, 'qualifierId': 213, 'value': '3.77'}, {'id': 5777515089, 'qualifierId': 56, 'value': 'Center'}, {'id': 5777515093, 'qualifierId': 141, 'value': '63.3'}]",6alny8atonddyhmltw3dgo1d5,J. Grosso,,,Chicago Stars,Away
2823779817,235,8,1,20,6,446mp88j1vpk9iwui9fiifrp8,1,14.5,31.3,2025-06-22T02:25:43.415Z,2025-06-22T02:25:43Z,"[{'id': 5777515101, 'qualifierId': 56, 'value': 'Back'}]",7izc8t071mkrrgvptdjru467e,O. Moultrie,,,Portland Thorns,Home
2823779819,236,3,1,20,8,446mp88j1vpk9iwui9fiifrp8,0,11.4,31.4,2025-06-22T02:25:45.303Z,2025-06-22T02:54:57Z,"[{'id': 5777515131, 'qualifierId': 233, 'value': '185'}, {'id': 5777515103, 'qualifierId': 56, 'value': 'Back'}, {'id': 5777515105, 'qualifierId': 285}]",ek8x7y3jt0xcebttt75qi5exh,J. Fleming,,,Portland Thorns,Home
2823779823,185,7,1,20,8,dzxypx8djih58p668surbi4qm,1,88.6,68.6,2025-06-22T02:25:45.304Z,2025-06-22T02:54:56Z,"[{'id': 5777515111, 'qualifierId': 286}, {'id': 5777515115, 'qualifierId': 233, 'value': '236'}, {'id': 5777515109, 'qualifierId': 56, 'value': 'Center'}]",4tnm3hxzav142ow867jwcozkk,T. Malham,,,Chicago Stars,Away
2823779835,186,1,1,20,10,dzxypx8djih58p668surbi4qm,1,89.0,63.9,2025-06-22T02:25:47.460Z,2025-06-22T02:25:49Z,"[{'id': 5777515181, 'qualifierId': 140, 'value': '95.1'}, {'id': 5777515179, 'qualifierId': 56, 'value': 'Center'}, {'id': 5777515185, 'qualifierId': 212, 'value': '8.5'}, {'id': 5777515187, 'qualifierId': 213, 'value': '0.72'}, {'id': 5777515183, 'qualifierId': 141, 'value': '72.1'}]",19udx179xugqp84qo9rsq0nhl,S. Groom,,,Chicago Stars,Away
2823779839,187,1,1,20,12,dzxypx8djih58p668surbi4qm,0,90.6,75.0,2025-06-22T02:25:49.716Z,2025-06-22T02:35:40Z,"[{'id': 5777515199, 'qualifierId': 155}, {'id': 5777515205, 'qualifierId': 141, 'value': '70.1'}, {'id': 5777515201, 'qualifierId': 56, 'value': 'Center'}, {'id': 5777515197, 'qualifierId': 2}, {'id': 5777515203, 'qualifierId': 140, 'value': '92.2'}, {'id': 5777515207, 'qualifierId': 212, 'value': '3.7'}, {'id': 5777515209, 'qualifierId': 213, 'value': '5.18'}]",4tnm3hxzav142ow867jwcozkk,T. Malham,,,Chicago Stars,Away
2823779843,237,61,1,20,14,446mp88j1vpk9iwui9fiifrp8,1,7.9,24.1,2025-06-22T02:25:51.053Z,2025-06-22T02:25:51Z,"[{'id': 5777515225, 'qualifierId': 56, 'value': 'Back'}]",cmolam8ri93kos2rasjhnuxyi,S. Coffey,,,Portland Thorns,Home
2823779851,238,52,1,20,15,446mp88j1vpk9iwui9fiifrp8,1,3.0,43.4,2025-06-22T02:25:52.679Z,2025-06-22T02:25:52Z,[],1yva0f096q2oqk5gz59utr42y,B. Bixby,,,Portland Thorns,Home
2823779889,239,1,1,20,31,446mp88j1vpk9iwui9fiifrp8,1,10.5,39.4,2025-06-22T02:26:08.184Z,2025-06-22T02:26:09Z,"[{'id': 5777515455, 'qualifierId': 213, 'value': '1.13'}, {'id': 5777515451, 'qualifierId': 141, 'value': '84.1'}, {'id': 5777515449, 'qualifierId': 140, 'value': '24.3'}, {'id': 5777515457, 'qualifierId': 1}, {'id': 5777515445, 'qualifierId': 123}, {'id': 5777515453, 'qualifierId': 212, 'value': '33.7'}, {'id': 5777515447, 'qualifierId': 56, 'value': 'Back'}]",1yva0f096q2oqk5gz59utr42y,B. Bixby,,,Portland Thorns,Home
2823779893,240,1,1,20,32,446mp88j1vpk9iwui9fiifrp8,1,24.3,84.1,2025-06-22T02:26:09.271Z,2025-06-22T02:26:11Z,"[{'id': 5777515483, 'qualifierId': 213, 'value': '0.59'}, {'id': 5777515475, 'qualifierId': 56, 'value': 'Back'}, {'id': 5777515477, 'qualifierId': 140, 'value': '31.8'}, {'id': 5777515479, 'qualifierId': 141, 'value': '91.8'}, {'id': 5777515481, 'qualifierId': 212, 'value': '9.5'}]",8oj7cqgjacle67i49w4a3gx6,I. Obaze,,,Portland Thorns,Home
2823779911,241,1,1,20,34,446mp88j1vpk9iwui9fiifrp8,1,27.6,84.5,2025-06-22T02:26:11.303Z,2025-06-22T02:26:19Z,"[{'id': 5777515587, 'qualifierId': 140, 'value': '10.9'}, {'id': 5777515589, 'qualifierId': 141, 'value': '59.6'}, {'id': 5777515585, 'qualifierId': 56, 'value': 'Back'}, {'id': 5777515591, 'qualifierId': 212, 'value': '24.4'}, {'id': 5777515593, 'qualifierId': 213, 'value': '3.91'}]",615vz7uoe3eiozddbe206io6h,R. Reyes,,,Portland Thorns,Home
2823779917,242,1,1,20,42,446mp88j1vpk9iwui9fiifrp8,1,18.4,48.2,2025-06-22T02:26:19.880Z,2025-06-22T02:26:23Z,"[{'id': 5777515619, 'qualifierId': 212, 'value': '39.5'}, {'id': 5777515623, 'qualifierId': 1}, {'id': 5777515617, 'qualifierId': 141, 'value': '94.2'}, {'id': 5777515621, 'qualifierId': 213, 'value': '0.92'}, {'id': 5777515613, 'qualifierId': 56, 'value': 'Back'}, {'id': 5777515611, 'qualifierId': 155}, {'id': 5777515615, 'qualifierId': 140, 'value': '41.3'}]",1yva0f096q2oqk5gz59utr42y,B. Bixby,,,Portland Thorns,Home
2823779931,243,1,1,20,46,446mp88j1vpk9iwui9fiifrp8,1,41.2,95.0,2025-06-22T02:26:23.287Z,2025-06-22T02:26:27Z,"[{'id': 5777515709, 'qualifierId': 141, 'value': '84.4'}, {'id': 5777515713, 'qualifierId': 213, 'value': '5.75'}, {'id': 5777515707, 'qualifierId': 140, 'value': '52.8'}, {'id': 5777515711, 'qualifierId': 212, 'value': '14.2'}, {'id': 5777515705, 'qualifierId': 56, 'value': 'Left'}]",615vz7uoe3eiozddbe206io6h,R. Reyes,,,Portland Thorns,Home
2823779941,244,1,1,20,50,446mp88j1vpk9iwui9fiifrp8,1,46.5,69.1,2025-06-22T02:26:27.895Z,2025-06-22T02:26:30Z,"[{'id': 5777515745, 'qualifierId': 56, 'value': 'Center'}, {'id': 5777515747, 'qualifierId': 140, 'value': '53.1'}, {'id': 5777515753, 'qualifierId': 213, 'value': '5.24'}, {'id': 5777515751, 'qualifierId': 212, 'value': '13.8'}, {'id': 5777515749, 'qualifierId': 141, 'value': '51.6'}]",7in4ykzbs8p44qy4jrb10p0wl,H. Sugita,,,Portland Thorns,Home
2823779955,245,1,1,20,53,446mp88j1vpk9iwui9fiifrp8,1,52.1,51.2,2025-06-22T02:26:30.439Z,2025-06-22T02:26:35Z,"[{'id': 5777515833, 'qualifierId': 140, 'value': '37.8'}, {'id': 5777515839, 'qualifierId': 213, 'value': '3.80'}, {'id': 5777515837, 'qualifierId': 212, 'value': '18.9'}, {'id': 5777515831, 'qualifierId': 56, 'value': 'Back'}, {'id': 5777515835, 'qualifierId': 141, 'value': '34.2'}]",7izc8t071mkrrgvptdjru467e,O. Moultrie,,,Portland Thorns,Home
2823779967,246,1,1,20,58,446mp88j1vpk9iwui9fiifrp8,1,54.5,24.3,2025-06-22T02:26:35.832Z,2025-06-22T02:26:38Z,"[{'id': 5777515905, 'qualifierId': 56, 'value': 'Right'}, {'id': 5777515911, 'qualifierId': 212, 'value': '16.3'}, {'id': 5777515907, 'qualifierId': 140, 'value': '66.5'}, {'id': 5777515913, 'qualifierId': 213, 'value': '5.60'}, {'id': 5777515909, 'qualifierId': 141, 'value': '9.2'}]",74uudh34v23m2z9gy5tdppxey,S. Hiatt,,,Portland Thorns,Home
2823779975,247,1,1,21,1,446mp88j1vpk9iwui9fiifrp8,1,64.2,8.8,2025-06-22T02:26:38.328Z,2025-06-22T02:26:40Z,"[{'id': 5777515963, 'qualifierId': 213, 'value': '2.68'}, {'id': 5777515959, 'qualifierId': 141, 'value': '17.6'}, {'id': 5777515955, 'qualifierId': 56, 'value': 'Right'}, {'id': 5777515961, 'qualifierId': 212, 'value': '13.6'}, {'id': 5777515957, 'qualifierId': 140, 'value': '52.6'}]",7whcppsae8rxxj20zaxpx1wq1,K. Torpey,,,Portland Thorns,Home
2823780001,248,1,1,21,3,446mp88j1vpk9iwui9fiifrp8,0,51.5,16.8,2025-06-22T02:26:40.072Z,2025-06-22T02:36:33Z,"[{'id': 5777516097, 'qualifierId': 56, 'value': 'Right'}, {'id': 5777516103, 'qualifierId': 212, 'value': '33.2'}, {'id': 5777516099, 'qualifierId': 140, 'value': '81.8'}, {'id': 5777516107, 'qualifierId': 1}, {'id': 5777516105, 'qualifierId': 213, 'value': '5.99'}, {'id': 5777516101, 'qualifierId': 141, 'value': '2.8'}]",74uudh34v23m2z9gy5tdppxey,S. Hiatt,,,Portland Thorns,Home
2823780003,249,43,1,21,5,446mp88j1vpk9iwui9fiifrp8,1,0.0,0.0,2025-06-22T02:26:42.656Z,2025-06-22T02:36:31Z,"[{'id': 5777526129, 'qualifierId': 144, 'value': '61'}, {'id': 5777516111, 'qualifierId': 56, 'value': 'Right'}]",2btfn8hbssn0dnszgyll1gopg,P. Tordin,,,Portland Thorns,Home
2823779997,188,5,1,21,7,dzxypx8djih58p668surbi4qm,1,20.2,101.5,2025-06-22T02:26:44.229Z,2025-06-22T02:26:47Z,"[{'id': 5777516095, 'qualifierId': 347}, {'id': 5777516117, 'qualifierId': 233, 'value': '250'}, {'id': 5777516093, 'qualifierId': 56, 'value': 'Back'}]",19udx179xugqp84qo9rsq0nhl,S. Groom,,,Chicago Stars,Away
2823780005,250,5,1,21,7,446mp88j1vpk9iwui9fiifrp8,0,79.8,-1.5,2025-06-22T02:26:44.229Z,2025-06-22T02:32:57Z,"[{'id': 5777516115, 'qualifierId': 347}, {'id': 5777516121, 'qualifierId': 233, 'value': '188'}, {'id': 5777516113, 'qualifierId': 56, 'value': 'Right'}]",2btfn8hbssn0dnszgyll1gopg,P. Tordin,,,Portland Thorns,Home
2823780039,189,1,1,21,22,dzxypx8djih58p668surbi4qm,1,23.2,100.0,2025-06-22T02:26:59.332Z,2025-06-22T02:27:01Z,"[{'id': 5777516315, 'qualifierId': 56, 'value': 'Back'}, {'id': 5777516313, 'qualifierId': 107}, {'id': 5777516321, 'qualifierId': 212, 'value': '10.0'}, {'id': 5777516317, 'qualifierId': 140, 'value': '29.7'}, {'id': 5777516323, 'qualifierId': 213, 'value': '5.46'}, {'id': 5777516319, 'qualifierId': 141, 'value': '90.0'}]",4tnm3hxzav142ow867jwcozkk,T. Malham,,,Chicago Stars,Away
2823780047,190,1,1,21,24,dzxypx8djih58p668surbi4qm,1,29.0,86.9,2025-06-22T02:27:01.300Z,2025-06-22T02:27:02Z,"[{'id': 5777516355, 'qualifierId': 56, 'value': 'Back'}, {'id': 5777516361, 'qualifierId': 212, 'value': '7.7'}, {'id': 5777516357, 'qualifierId': 140, 'value': '23.9'}, {'id': 5777516363, 'qualifierId': 213, 'value': '2.34'}, {'id': 5777516359, 'qualifierId': 141, 'value': '95.1'}]",19udx179xugqp84qo9rsq0nhl,S. Groom,,,Chicago Stars,Away
2823780057,191,1,1,21,25,dzxypx8djih58p668surbi4qm,1,23.9,95.1,2025-06-22T02:27:02.260Z,2025-06-22T02:27:06Z,"[{'id': 5777516415, 'qualifierId': 141, 'value': '90.3'}, {'id': 5777516411, 'qualifierId': 56, 'value': 'Back'}, {'id': 5777516417, 'qualifierId': 212, 'value': '18.8'}, {'id': 5777516419, 'qualifierId': 213, 'value': '6.11'}, {'id': 5777516413, 'qualifierId': 140, 'value': '41.5'}]",4tnm3hxzav142ow867jwcozkk,T. Malham,,,Chicago Stars,Away
2823780059,192,3,1,21,28,dzxypx8djih58p668surbi4qm,0,41.8,80.8,2025-06-22T02:27:06.037Z,2025-06-22T02:54:57Z,"[{'id': 5777516423, 'qualifierId': 56, 'value': 'Back'}, {'id': 5777516453, 'qualifierId': 233, 'value': '251'}, {'id': 5777516425, 'qualifierId': 286}]",6e7scc2z7henelebs853mc844,A. Schlegel,,,Chicago Stars,Away
2823780065,251,7,1,21,28,446mp88j1vpk9iwui9fiifrp8,1,58.2,19.2,2025-06-22T02:27:06.038Z,2025-06-22T02:54:57Z,"[{'id': 5777516439, 'qualifierId': 56, 'value': 'Right'}, {'id': 5777516441, 'qualifierId': 285}, {'id': 5777516449, 'qualifierId': 233, 'value': '192'}]",cmolam8ri93kos2rasjhnuxyi,S. Coffey,,,Portland Thorns,Home
2823780067,252,49,1,21,30,446mp88j1vpk9iwui9fiifrp8,1,41.8,25.3,2025-06-22T02:27:07.879Z,2025-06-22T02:27:08Z,[],74uudh34v23m2z9gy5tdppxey,S. Hiatt,,,Portland Thorns,Home
2823780075,253,1,1,21,31,446mp88j1vpk9iwui9fiifrp8,1,41.8,25.3,2025-06-22T02:27:08.056Z,2025-06-22T02:27:11Z,"[{'id': 5777516487, 'qualifierId': 56, 'value': 'Back'}, {'id': 5777516495, 'qualifierId': 213, 'value': '2.26'}, {'id': 5777516491, 'qualifierId': 141, 'value': '44.2'}, {'id': 5777516493, 'qualifierId': 212, 'value': '16.7'}, {'id': 5777516489, 'qualifierId': 140, 'value': '31.7'}]",74uudh34v23m2z9gy5tdppxey,S. Hiatt,,,Portland Thorns,Home
2823780087,254,1,1,21,34,446mp88j1vpk9iwui9fiifrp8,1,31.7,44.2,2025-06-22T02:27:11.656Z,2025-06-22T02:27:15Z,"[{'id': 5777516573, 'qualifierId': 140, 'value': '22.4'}, {'id': 5777516571, 'qualifierId': 56, 'value': 'Back'}, {'id': 5777516575, 'qualifierId': 141, 'value': '50.4'}, {'id': 5777516579, 'qualifierId': 213, 'value': '2.73'}, {'id': 5777516577, 'qualifierId': 212, 'value': '10.6'}]",8oj7cqgjacle67i49w4a3gx6,I. Obaze,,,Portland Thorns,Home
2823780099,255,1,1,21,38,446mp88j1vpk9iwui9fiifrp8,1,22.4,48.2,2025-06-22T02:27:15.416Z,2025-06-22T02:27:20Z,"[{'id': 5777516653, 'qualifierId': 141, 'value': '27.3'}, {'id': 5777516649, 'qualifierId': 56, 'value': 'Back'}, {'id': 5777516657, 'qualifierId': 213, 'value': '5.00'}, {'id': 5777516655, 'qualifierId': 212, 'value': '14.8'}, {'id': 5777516651, 'qualifierId': 140, 'value': '26.4'}]",1yva0f096q2oqk5gz59utr42y,B. Bixby,,,Portland Thorns,Home
2823780101,256,1,1,21,43,446mp88j1vpk9iwui9fiifrp8,1,33.5,18.9,2025-06-22T02:27:20.376Z,2025-06-22T02:27:21Z,"[{'id': 5777516669, 'qualifierId': 213, 'value': '0.64'}, {'id': 5777516667, 'qualifierId': 212, 'value': '11.7'}, {'id': 5777516663, 'qualifierId': 140, 'value': '42.4'}, {'id': 5777516661, 'qualifierId': 56, 'value': 'Back'}, {'id': 5777516665, 'qualifierId': 141, 'value': '29.2'}]",74uudh34v23m2z9gy5tdppxey,S. Hiatt,,,Portland Thorns,Home
2823780131,257,1,1,21,44,446mp88j1vpk9iwui9fiifrp8,1,42.4,29.2,2025-06-22T02:27:21.384Z,2025-06-22T02:27:27Z,"[{'id': 5777516823, 'qualifierId': 212, 'value': '17.9'}, {'id': 5777516819, 'qualifierId': 140, 'value': '58.5'}, {'id': 5777516821, 'qualifierId': 141, 'value': '20.4'}, {'id': 5777516825, 'qualifierId': 213, 'value': '5.94'}, {'id': 5777516817, 'qualifierId': 56, 'value': 'Right'}]",cmolam8ri93kos2rasjhnuxyi,S. Coffey,,,Portland Thorns,Home
2823780155,258,1,1,21,50,446mp88j1vpk9iwui9fiifrp8,1,63.0,25.2,2025-06-22T02:27:27.896Z,2025-06-22T02:27:34Z,"[{'id': 5777516939, 'qualifierId': 212, 'value': '8.5'}, {'id': 5777516937, 'qualifierId': 141, 'value': '32.2'}, {'id': 5777516941, 'qualifierId': 213, 'value': '2.55'}, {'id': 5777516933, 'qualifierId': 56, 'value': 'Center'}, {'id': 5777516935, 'qualifierId': 140, 'value': '56.3'}]",ek8x7y3jt0xcebttt75qi5exh,J. Fleming,,,Portland Thorns,Home
2823780165,259,1,1,21,57,446mp88j1vpk9iwui9fiifrp8,1,67.2,44.8,2025-06-22T02:27:34.216Z,2025-06-22T02:27:36Z,"[{'id': 5777516997, 'qualifierId': 56, 'value': 'Left'}, {'id': 5777517001, 'qualifierId': 141, 'value': '86.0'}, {'id': 5777517005, 'qualifierId': 213, 'value': '1.63'}, {'id': 5777517003, 'qualifierId': 212, 'value': '28.1'}, {'id': 5777516999, 'qualifierId': 140, 'value': '65.5'}]",cmolam8ri93kos2rasjhnuxyi,S. Coffey,,,Portland Thorns,Home
2823780169,260,1,1,21,59,446mp88j1vpk9iwui9fiifrp8,1,65.7,92.1,2025-06-22T02:27:36.392Z,2025-06-22T02:27:40Z,"[{'id': 5777517029, 'qualifierId': 141, 'value': '96.5'}, {'id': 5777517031, 'qualifierId': 212, 'value': '10.3'}, {'id': 5777517033, 'qualifierId': 213, 'value': '0.29'}, {'id': 5777517027, 'qualifierId': 140, 'value': '75.1'}, {'id': 5777517025, 'qualifierId': 56, 'value': 'Left'}]",615vz7uoe3eiozddbe206io6h,R. Reyes,,,Portland Thorns,Home
2823780171,261,1,1,22,2,446mp88j1vpk9iwui9fiifrp8,1,76.9,95.9,2025-06-22T02:27:39.976Z,2025-06-22T02:27:41Z,"[{'id': 5777517043, 'qualifierId': 141, 'value': '92.1'}, {'id': 5777517047, 'qualifierId': 213, 'value': '5.97'}, {'id': 5777517039, 'qualifierId': 56, 'value': 'Left'}, {'id': 5777517041, 'qualifierId': 140, 'value': '84.4'}, {'id': 5777517045, 'qualifierId': 212, 'value': '8.3'}]",7in4ykzbs8p44qy4jrb10p0wl,H. Sugita,,,Portland Thorns,Home
2823780173,262,1,1,22,4,446mp88j1vpk9iwui9fiifrp8,0,84.4,92.1,2025-06-22T02:27:41.624Z,2025-06-22T02:27:42Z,"[{'id': 5777517055, 'qualifierId': 141, 'value': '90.2'}, {'id': 5777517051, 'qualifierId': 56, 'value': 'Left'}, {'id': 5777517057, 'qualifierId': 212, 'value': '2.1'}, {'id': 5777517059, 'qualifierId': 213, 'value': '3.80'}, {'id': 5777517053, 'qualifierId': 140, 'value': '82.8'}]",7izc8t071mkrrgvptdjru467e,O. Moultrie,,,Portland Thorns,Home
2823780177,193,61,1,22,7,dzxypx8djih58p668surbi4qm,1,19.7,17.0,2025-06-22T02:27:44.783Z,2025-06-22T02:37:03Z,"[{'id': 5777517073, 'qualifierId': 56, 'value': 'Back'}]",56jjwfa02gep01vggqojvfbe2,M. Hayashi,,,Chicago Stars,Away
2823780187,263,61,1,22,9,446mp88j1vpk9iwui9fiifrp8,0,94.2,70.6,2025-06-22T02:27:47.048Z,2025-06-22T02:27:47Z,"[{'id': 5777517117, 'qualifierId': 56, 'value': 'Center'}]",7in4ykzbs8p44qy4jrb10p0wl,H. Sugita,,,Portland Thorns,Home
2823780205,194,12,1,22,13,dzxypx8djih58p668surbi4qm,1,1.8,30.9,2025-06-22T02:27:50.308Z,2025-06-22T02:27:52Z,"[{'id': 5777517231, 'qualifierId': 213, 'value': '5.85'}, {'id': 5777517223, 'qualifierId': 56, 'value': 'Back'}, {'id': 5777517225, 'qualifierId': 140, 'value': '47.9'}, {'id': 5777517229, 'qualifierId': 212, 'value': '53.2'}, {'id': 5777517227, 'qualifierId': 141, 'value': '0.0'}, {'id': 5777517263, 'qualifierId': 167}]",6zzk0lgja87zs45h8btgheled,C. Onwualu,,,Chicago Stars,Away
2823780211,195,5,1,22,14,dzxypx8djih58p668surbi4qm,0,46.6,-1.4,2025-06-22T02:27:51.944Z,2025-06-22T02:32:58Z,"[{'id': 5777517271, 'qualifierId': 233, 'value': '264'}, {'id': 5777517249, 'qualifierId': 56, 'value': 'Back'}, {'id': 5777517251, 'qualifierId': 347}]",6zzk0lgja87zs45h8btgheled,C. Onwualu,,,Chicago Stars,Away
2823780209,264,5,1,22,14,446mp88j1vpk9iwui9fiifrp8,1,53.4,101.4,2025-06-22T02:27:51.944Z,2025-06-22T02:32:57Z,"[{'id': 5777517245, 'qualifierId': 56, 'value': 'Left'}, {'id': 5777517253, 'qualifierId': 233, 'value': '195'}, {'id': 5777517247, 'qualifierId': 347}]",7in4ykzbs8p44qy4jrb10p0wl,H. Sugita,,,Portland Thorns,Home
2823780287,265,1,1,22,32,446mp88j1vpk9iwui9fiifrp8,1,55.7,100.0,2025-06-22T02:28:09.465Z,2025-06-22T02:33:48Z,"[{'id': 5777517635, 'qualifierId': 107}, {'id': 5777517643, 'qualifierId': 212, 'value': '15.5'}, {'id': 5777517637, 'qualifierId': 56, 'value': 'Left'}, {'id': 5777517641, 'qualifierId': 141, 'value': '85.7'}, {'id': 5777517645, 'qualifierId': 213, 'value': '5.53'}, {'id': 5777517639, 'qualifierId': 140, 'value': '66.5'}]",615vz7uoe3eiozddbe206io6h,R. Reyes,,,Portland Thorns,Home
2823780289,266,1,1,22,33,446mp88j1vpk9iwui9fiifrp8,0,66.5,85.7,2025-06-22T02:28:10.897Z,2025-06-22T02:33:56Z,"[{'id': 5777517657, 'qualifierId': 212, 'value': '3.3'}, {'id': 5777517649, 'qualifierId': 155}, {'id': 5777517651, 'qualifierId': 56, 'value': 'Left'}, {'id': 5777517655, 'qualifierId': 141, 'value': '90.5'}, {'id': 5777517653, 'qualifierId': 140, 'value': '66.4'}, {'id': 5777517659, 'qualifierId': 213, 'value': '1.60'}]",5b2dire687lp3dasdj2z3n0q2,R. Turner,,,Portland Thorns,Home
2823780597,212,8,1,22,36,dzxypx8djih58p668surbi4qm,1,29.1,5.6,2025-06-22T02:28:13.245Z,2025-06-22T02:33:10Z,"[{'id': 5777519263, 'qualifierId': 56, 'value': 'Back'}, {'id': 5777519269, 'qualifierId': 15}]",v0k2w41tlj0elpj7nrw68onp,N. Kuikka,,,Chicago Stars,Away
2823780293,267,1,1,22,39,446mp88j1vpk9iwui9fiifrp8,0,62.7,95.3,2025-06-22T02:28:16.667Z,2025-06-22T02:33:56Z,"[{'id': 5777520131, 'qualifierId': 141, 'value': '95.3'}, {'id': 5777520135, 'qualifierId': 213, 'value': '0.00'}, {'id': 5777520133, 'qualifierId': 212, 'value': '0.3'}, {'id': 5777520129, 'qualifierId': 140, 'value': '63.0'}, {'id': 5777523669, 'qualifierId': 233, 'value': '197'}, {'id': 5777523305, 'qualifierId': 286}, {'id': 5777517675, 'qualifierId': 56, 'value': 'Left'}, {'id': 5777523303, 'qualifierId': 236}]",615vz7uoe3eiozddbe206io6h,R. Reyes,,,Portland Thorns,Home
2823780299,197,74,1,22,39,dzxypx8djih58p668surbi4qm,1,35.0,12.7,2025-06-22T02:28:16.668Z,2025-06-22T02:34:22Z,"[{'id': 5777517697, 'qualifierId': 56, 'value': 'Back'}, {'id': 5777520177, 'qualifierId': 285}, {'id': 5777523665, 'qualifierId': 233, 'value': '267'}]",v0k2w41tlj0elpj7nrw68onp,N. Kuikka,,,Chicago Stars,Away
2823780297,196,43,1,22,40,dzxypx8djih58p668surbi4qm,1,0.0,0.0,2025-06-22T02:28:17.524Z,2025-06-22T02:28:29Z,"[{'id': 5777517693, 'qualifierId': 285, 'value': '0'}, {'id': 5777517691, 'qualifierId': 56, 'value': 'Back'}, {'id': 5777517945, 'qualifierId': 144, 'value': '45'}]",11u4dj0z0p616zx9gsnil66ay,S. Staab,,,Chicago Stars,Away
2823780313,268,1,1,22,42,446mp88j1vpk9iwui9fiifrp8,1,60.8,89.6,2025-06-22T02:28:19.353Z,2025-06-22T02:28:22Z,"[{'id': 5777517781, 'qualifierId': 212, 'value': '14.6'}, {'id': 5777517779, 'qualifierId': 141, 'value': '87.5'}, {'id': 5777517777, 'qualifierId': 140, 'value': '47.0'}, {'id': 5777517783, 'qualifierId': 213, 'value': '3.24'}, {'id': 5777517775, 'qualifierId': 56, 'value': 'Back'}]",cmolam8ri93kos2rasjhnuxyi,S. Coffey,,,Portland Thorns,Home
2823780307,198,43,1,22,43,dzxypx8djih58p668surbi4qm,1,0.0,0.0,2025-06-22T02:28:20.149Z,2025-06-22T02:29:40Z,"[{'id': 5777519393, 'qualifierId': 144, 'value': '61'}, {'id': 5777517745, 'qualifierId': 56, 'value': 'Back'}]",11u4dj0z0p616zx9gsnil66ay,S. Staab,,,Chicago Stars,Away
2823780353,269,1,1,22,45,446mp88j1vpk9iwui9fiifrp8,1,44.1,76.0,2025-06-22T02:28:22.344Z,2025-06-22T02:28:30Z,"[{'id': 5777517965, 'qualifierId': 140, 'value': '38.8'}, {'id': 5777517967, 'qualifierId': 141, 'value': '42.8'}, {'id': 5777517971, 'qualifierId': 213, 'value': '4.47'}, {'id': 5777517963, 'qualifierId': 56, 'value': 'Back'}, {'id': 5777517969, 'qualifierId': 212, 'value': '23.3'}]",8oj7cqgjacle67i49w4a3gx6,I. Obaze,,,Portland Thorns,Home
2823780357,270,1,1,22,53,446mp88j1vpk9iwui9fiifrp8,1,55.6,28.5,2025-06-22T02:28:30.648Z,2025-06-22T02:28:33Z,"[{'id': 5777517999, 'qualifierId': 140, 'value': '63.8'}, {'id': 5777518005, 'qualifierId': 213, 'value': '0.47'}, {'id': 5777518001, 'qualifierId': 141, 'value': '34.9'}, {'id': 5777517997, 'qualifierId': 56, 'value': 'Center'}, {'id': 5777518003, 'qualifierId': 212, 'value': '9.6'}]",74uudh34v23m2z9gy5tdppxey,S. Hiatt,,,Portland Thorns,Home
2823780361,271,1,1,22,56,446mp88j1vpk9iwui9fiifrp8,0,63.8,34.9,2025-06-22T02:28:33.528Z,2025-06-22T02:28:34Z,"[{'id': 5777518049, 'qualifierId': 236}, {'id': 5777518029, 'qualifierId': 213, 'value': '5.57'}, {'id': 5777518055, 'qualifierId': 286}, {'id': 5777518051, 'qualifierId': 233, 'value': '199'}, {'id': 5777518027, 'qualifierId': 212, 'value': '0.4'}, {'id': 5777518023, 'qualifierId': 140, 'value': '64.1'}, {'id': 5777518021, 'qualifierId': 56, 'value': 'Center'}, {'id': 5777518025, 'qualifierId': 141, 'value': '34.5'}]",2btfn8hbssn0dnszgyll1gopg,P. Tordin,,,Portland Thorns,Home
2823780363,199,74,1,22,56,dzxypx8djih58p668surbi4qm,1,30.1,66.3,2025-06-22T02:28:33.529Z,2025-06-22T02:54:53Z,"[{'id': 5777518057, 'qualifierId': 233, 'value': '271'}, {'id': 5777518031, 'qualifierId': 56, 'value': 'Back'}, {'id': 5777518033, 'qualifierId': 285}]",11u4dj0z0p616zx9gsnil66ay,S. Staab,,,Chicago Stars,Away
2823780379,200,49,1,22,58,dzxypx8djih58p668surbi4qm,1,39.5,60.9,2025-06-22T02:28:35.973Z,2025-06-22T02:28:36Z,[],6e7scc2z7henelebs853mc844,A. Schlegel,,,Chicago Stars,Away
2823780391,201,1,1,22,59,dzxypx8djih58p668surbi4qm,1,38.9,60.9,2025-06-22T02:28:36.340Z,2025-06-22T02:28:37Z,"[{'id': 5777518161, 'qualifierId': 140, 'value': '42.6'}, {'id': 5777518165, 'qualifierId': 212, 'value': '8.3'}, {'id': 5777518167, 'qualifierId': 213, 'value': '1.08'}, {'id': 5777518159, 'qualifierId': 56, 'value': 'Back'}, {'id': 5777518163, 'qualifierId': 141, 'value': '71.7'}]",6e7scc2z7henelebs853mc844,A. Schlegel,,,Chicago Stars,Away
2823780399,202,1,1,23,0,dzxypx8djih58p668surbi4qm,1,45.5,75.3,2025-06-22T02:28:37.493Z,2025-06-22T02:28:40Z,"[{'id': 5777518195, 'qualifierId': 56, 'value': 'Left'}, {'id': 5777518203, 'qualifierId': 213, 'value': '0.90'}, {'id': 5777518197, 'qualifierId': 140, 'value': '52.8'}, {'id': 5777518201, 'qualifierId': 212, 'value': '12.4'}, {'id': 5777518199, 'qualifierId': 141, 'value': '89.6'}]",6alny8atonddyhmltw3dgo1d5,J. Grosso,,,Chicago Stars,Away
2823780405,203,1,1,23,3,dzxypx8djih58p668surbi4qm,1,62.5,85.0,2025-06-22T02:28:40.901Z,2025-06-22T02:28:42Z,"[{'id': 5777518239, 'qualifierId': 213, 'value': '3.84'}, {'id': 5777518233, 'qualifierId': 140, 'value': '56.7'}, {'id': 5777518237, 'qualifierId': 212, 'value': '7.9'}, {'id': 5777518235, 'qualifierId': 141, 'value': '77.5'}, {'id': 5777518231, 'qualifierId': 56, 'value': 'Center'}]",19udx179xugqp84qo9rsq0nhl,S. Groom,,,Chicago Stars,Away
2823780411,204,1,1,23,5,dzxypx8djih58p668surbi4qm,1,56.7,77.5,2025-06-22T02:28:42.452Z,2025-06-22T02:28:44Z,"[{'id': 5777518271, 'qualifierId': 56, 'value': 'Back'}, {'id': 5777518275, 'qualifierId': 141, 'value': '89.7'}, {'id': 5777518273, 'qualifierId': 140, 'value': '41.8'}, {'id': 5777518277, 'qualifierId': 212, 'value': '17.7'}, {'id': 5777518279, 'qualifierId': 213, 'value': '2.65'}]",6alny8atonddyhmltw3dgo1d5,J. Grosso,,,Chicago Stars,Away
2823780437,205,1,1,23,7,dzxypx8djih58p668surbi4qm,1,38.2,86.6,2025-06-22T02:28:44.885Z,2025-06-22T02:28:48Z,"[{'id': 5777518387, 'qualifierId': 213, 'value': '3.82'}, {'id': 5777518379, 'qualifierId': 56, 'value': 'Back'}, {'id': 5777518381, 'qualifierId': 140, 'value': '27.1'}, {'id': 5777518385, 'qualifierId': 212, 'value': '14.9'}, {'id': 5777518383, 'qualifierId': 141, 'value': '72.9'}]",4tnm3hxzav142ow867jwcozkk,T. Malham,,,Chicago Stars,Away
2823780451,206,1,1,23,11,dzxypx8djih58p668surbi4qm,1,23.7,64.5,2025-06-22T02:28:48.757Z,2025-06-22T02:28:52Z,"[{'id': 5777518463, 'qualifierId': 212, 'value': '19.0'}, {'id': 5777518459, 'qualifierId': 140, 'value': '21.1'}, {'id': 5777518461, 'qualifierId': 141, 'value': '36.9'}, {'id': 5777518465, 'qualifierId': 213, 'value': '4.57'}, {'id': 5777518457, 'qualifierId': 56, 'value': 'Back'}]",11u4dj0z0p616zx9gsnil66ay,S. Staab,,,Chicago Stars,Away
2823780455,207,1,1,23,15,dzxypx8djih58p668surbi4qm,1,26.4,38.6,2025-06-22T02:28:52.052Z,2025-06-22T02:28:53Z,"[{'id': 5777518487, 'qualifierId': 141, 'value': '33.1'}, {'id': 5777518491, 'qualifierId': 213, 'value': '5.96'}, {'id': 5777518485, 'qualifierId': 140, 'value': '37.2'}, {'id': 5777518483, 'qualifierId': 56, 'value': 'Back'}, {'id': 5777518489, 'qualifierId': 212, 'value': '11.9'}]",6zzk0lgja87zs45h8btgheled,C. Onwualu,,,Chicago Stars,Away
2823780461,208,1,1,23,16,dzxypx8djih58p668surbi4qm,0,37.6,36.6,2025-06-22T02:28:53.796Z,2025-06-22T02:28:55Z,"[{'id': 5777518519, 'qualifierId': 56, 'value': 'Back'}, {'id': 5777518523, 'qualifierId': 141, 'value': '21.2'}, {'id': 5777518521, 'qualifierId': 140, 'value': '45.9'}, {'id': 5777518525, 'qualifierId': 212, 'value': '13.6'}, {'id': 5777518527, 'qualifierId': 213, 'value': '5.41'}]",56jjwfa02gep01vggqojvfbe2,M. Hayashi,,,Chicago Stars,Away
2823780467,272,49,1,23,19,446mp88j1vpk9iwui9fiifrp8,1,54.1,88.4,2025-06-22T02:28:56.682Z,2025-06-22T02:28:56Z,[],615vz7uoe3eiozddbe206io6h,R. Reyes,,,Portland Thorns,Home
2823780485,273,1,1,23,19,446mp88j1vpk9iwui9fiifrp8,1,54.1,88.4,2025-06-22T02:28:56.953Z,2025-06-22T02:28:59Z,"[{'id': 5777518589, 'qualifierId': 56, 'value': 'Center'}, {'id': 5777518593, 'qualifierId': 141, 'value': '75.6'}, {'id': 5777518591, 'qualifierId': 140, 'value': '53.9'}, {'id': 5777518595, 'qualifierId': 212, 'value': '8.7'}, {'id': 5777518597, 'qualifierId': 213, 'value': '4.69'}]",615vz7uoe3eiozddbe206io6h,R. Reyes,,,Portland Thorns,Home
2823780501,274,1,1,23,22,446mp88j1vpk9iwui9fiifrp8,1,44.5,75.9,2025-06-22T02:28:59.369Z,2025-06-22T02:29:03Z,"[{'id': 5777518679, 'qualifierId': 213, 'value': '2.98'}, {'id': 5777518677, 'qualifierId': 212, 'value': '9.2'}, {'id': 5777518673, 'qualifierId': 140, 'value': '35.9'}, {'id': 5777518671, 'qualifierId': 56, 'value': 'Back'}, {'id': 5777518675, 'qualifierId': 141, 'value': '78.1'}]",cmolam8ri93kos2rasjhnuxyi,S. Coffey,,,Portland Thorns,Home
2823780505,275,1,1,23,26,446mp88j1vpk9iwui9fiifrp8,1,34.4,77.0,2025-06-22T02:29:03.465Z,2025-06-22T02:29:05Z,"[{'id': 5777518705, 'qualifierId': 212, 'value': '22.1'}, {'id': 5777518699, 'qualifierId': 56, 'value': 'Left'}, {'id': 5777518701, 'qualifierId': 140, 'value': '51.8'}, {'id': 5777518707, 'qualifierId': 213, 'value': '0.60'}, {'id': 5777518703, 'qualifierId': 141, 'value': '95.4'}]",8oj7cqgjacle67i49w4a3gx6,I. Obaze,,,Portland Thorns,Home
2823780519,276,1,1,23,28,446mp88j1vpk9iwui9fiifrp8,1,52.5,95.7,2025-06-22T02:29:05.321Z,2025-06-22T02:29:22Z,"[{'id': 5777518787, 'qualifierId': 212, 'value': '14.1'}, {'id': 5777518789, 'qualifierId': 213, 'value': '0.01'}, {'id': 5777518781, 'qualifierId': 56, 'value': 'Left'}, {'id': 5777518785, 'qualifierId': 141, 'value': '95.9'}, {'id': 5777519063, 'qualifierId': 210, 'value': '13'}, {'id': 5777518783, 'qualifierId': 140, 'value': '65.9'}]",615vz7uoe3eiozddbe206io6h,R. Reyes,1.0,,Portland Thorns,Home
2823780537,210,45,1,23,34,dzxypx8djih58p668surbi4qm,0,23.2,25.1,2025-06-22T02:29:11.305Z,2025-06-22T04:07:47Z,"[{'id': 5777518861, 'qualifierId': 285}, {'id': 5777518871, 'qualifierId': 233, 'value': '277'}, {'id': 5777518859, 'qualifierId': 56, 'value': 'Back'}]",daze51b5849zsk2aqvgmkkbth,Maitane López,,,Chicago Stars,Away
2823780533,277,3,1,23,34,446mp88j1vpk9iwui9fiifrp8,1,76.8,74.9,2025-06-22T02:29:11.305Z,2025-06-22T04:07:47Z,"[{'id': 5777518863, 'qualifierId': 233, 'value': '210'}, {'id': 5777518845, 'qualifierId': 286}, {'id': 5777518843, 'qualifierId': 56, 'value': 'Center'}]",7izc8t071mkrrgvptdjru467e,O. Moultrie,,,Portland Thorns,Home
2823780521,209,83,1,23,34,dzxypx8djih58p668surbi4qm,0,23.8,17.4,2025-06-22T02:29:11.429Z,2025-06-22T02:29:19Z,"[{'id': 5777519013, 'qualifierId': 399, 'value': '7izc8t071mkrrgvptdjru467e'}]",56jjwfa02gep01vggqojvfbe2,M. Hayashi,,,Chicago Stars,Away
2823780535,278,13,1,23,35,446mp88j1vpk9iwui9fiifrp8,1,77.5,64.9,2025-06-22T02:29:13.050Z,2025-06-22T02:29:22Z,"[{'id': 5777519079, 'qualifierId': 29}, {'id': 5777519091, 'qualifierId': 230, 'value': '98.9'}, {'id': 5777519087, 'qualifierId': 103, 'value': '58.3'}, {'id': 5777518847, 'qualifierId': 22}, {'id': 5777519085, 'qualifierId': 102, 'value': '39.5'}, {'id': 5777519081, 'qualifierId': 55, 'value': '276'}, {'id': 5777518923, 'qualifierId': 20}, {'id': 5777519093, 'qualifierId': 231, 'value': '49.6'}, {'id': 5777519077, 'qualifierId': 81}, {'id': 5777518851, 'qualifierId': 56, 'value': 'Center'}, {'id': 5777518849, 'qualifierId': 18}, {'id': 5777519089, 'qualifierId': 215}]",7izc8t071mkrrgvptdjru467e,O. Moultrie,,,Portland Thorns,Home
2823780549,211,5,1,23,38,dzxypx8djih58p668surbi4qm,1,-0.4,59.6,2025-06-22T02:29:15.209Z,2025-06-22T02:32:58Z,"[{'id': 5777518919, 'qualifierId': 56, 'value': 'Back'}, {'id': 5777518927, 'qualifierId': 233, 'value': '279'}, {'id': 5777518921, 'qualifierId': 346}]",daze51b5849zsk2aqvgmkkbth,Maitane López,,,Chicago Stars,Away
2823780539,279,5,1,23,38,446mp88j1vpk9iwui9fiifrp8,0,100.4,40.4,2025-06-22T02:29:15.209Z,2025-06-22T02:29:20Z,"[{'id': 5777518933, 'qualifierId': 233, 'value': '211'}, {'id': 5777518881, 'qualifierId': 346}, {'id': 5777518879, 'qualifierId': 56, 'value': 'Center'}]",7izc8t071mkrrgvptdjru467e,O. Moultrie,,,Portland Thorns,Home
2823780677,213,1,1,24,9,dzxypx8djih58p668surbi4qm,1,4.2,59.0,2025-06-22T02:29:47.013Z,2025-06-22T02:37:46Z,"[{'id': 5777519591, 'qualifierId': 189}, {'id': 5777527509, 'qualifierId': 237}, {'id': 5777519581, 'qualifierId': 141, 'value': '92.0'}, {'id': 5777519579, 'qualifierId': 140, 'value': '40.7'}, {'id': 5777519585, 'qualifierId': 213, 'value': '0.53'}, {'id': 5777519583, 'qualifierId': 212, 'value': '44.4'}, {'id': 5777527507, 'qualifierId': 124}, {'id': 5777519577, 'qualifierId': 56, 'value': 'Back'}, {'id': 5777519587, 'qualifierId': 1}]",20qmwwdxbdp6ade3j9lssbvxm,H. Mackiewicz,,,Chicago Stars,Away
2823780693,214,1,1,24,12,dzxypx8djih58p668surbi4qm,1,39.3,88.0,2025-06-22T02:29:49.349Z,2025-06-22T02:38:17Z,"[{'id': 5777527967, 'qualifierId': 189}, {'id': 5777519645, 'qualifierId': 141, 'value': '39.4'}, {'id': 5777519641, 'qualifierId': 56, 'value': 'Back'}, {'id': 5777519643, 'qualifierId': 140, 'value': '29.8'}, {'id': 5777519647, 'qualifierId': 212, 'value': '34.5'}, {'id': 5777519649, 'qualifierId': 213, 'value': '4.42'}, {'id': 5777519651, 'qualifierId': 1}]",19udx179xugqp84qo9rsq0nhl,S. Groom,,,Chicago Stars,Away
2823780701,215,1,1,24,16,dzxypx8djih58p668surbi4qm,1,29.1,38.9,2025-06-22T02:29:53.493Z,2025-06-22T02:29:54Z,"[{'id': 5777519689, 'qualifierId': 56, 'value': 'Back'}, {'id': 5777519693, 'qualifierId': 141, 'value': '34.3'}, {'id': 5777519691, 'qualifierId': 140, 'value': '15.2'}, {'id': 5777519695, 'qualifierId': 212, 'value': '14.9'}, {'id': 5777519697, 'qualifierId': 213, 'value': '3.35'}]",56jjwfa02gep01vggqojvfbe2,M. Hayashi,,,Chicago Stars,Away
2823780723,216,1,1,24,17,dzxypx8djih58p668surbi4qm,1,14.6,33.3,2025-06-22T02:29:54.389Z,2025-06-22T02:29:59Z,"[{'id': 5777519783, 'qualifierId': 213, 'value': '5.52'}, {'id': 5777519775, 'qualifierId': 56, 'value': 'Back'}, {'id': 5777519777, 'qualifierId': 140, 'value': '31.6'}, {'id': 5777519781, 'qualifierId': 212, 'value': '24.6'}, {'id': 5777519779, 'qualifierId': 141, 'value': '8.3'}]",6zzk0lgja87zs45h8btgheled,C. Onwualu,,,Chicago Stars,Away
2823780735,217,1,1,24,22,dzxypx8djih58p668surbi4qm,1,45.9,6.1,2025-06-22T02:29:59.109Z,2025-06-22T02:30:01Z,"[{'id': 5777519845, 'qualifierId': 212, 'value': '22.5'}, {'id': 5777519841, 'qualifierId': 140, 'value': '67.3'}, {'id': 5777519839, 'qualifierId': 56, 'value': 'Right'}, {'id': 5777519847, 'qualifierId': 213, 'value': '0.05'}, {'id': 5777519843, 'qualifierId': 141, 'value': '7.9'}]",v0k2w41tlj0elpj7nrw68onp,N. Kuikka,,,Chicago Stars,Away
2823780757,218,1,1,24,24,dzxypx8djih58p668surbi4qm,1,67.2,7.9,2025-06-22T02:30:01.636Z,2025-06-22T02:30:28Z,"[{'id': 5777519965, 'qualifierId': 140, 'value': '70.3'}, {'id': 5777519963, 'qualifierId': 56, 'value': 'Center'}, {'id': 5777519971, 'qualifierId': 213, 'value': '1.30'}, {'id': 5777519967, 'qualifierId': 141, 'value': '25.0'}, {'id': 5777520311, 'qualifierId': 210, 'value': '15'}, {'id': 5777519969, 'qualifierId': 212, 'value': '12.1'}]",6e7scc2z7henelebs853mc844,A. Schlegel,1.0,,Chicago Stars,Away
2823780761,219,15,1,24,28,dzxypx8djih58p668surbi4qm,1,77.3,31.8,2025-06-22T02:30:05.940Z,2025-06-22T03:07:15Z,"[{'id': 5777520315, 'qualifierId': 78}, {'id': 5777520347, 'qualifierId': 233, 'value': '280'}, {'id': 5777519987, 'qualifierId': 56, 'value': 'Center'}, {'id': 5777520329, 'qualifierId': 146, 'value': '97.6'}, {'id': 5777520325, 'qualifierId': 103, 'value': '17.7'}, {'id': 5777520319, 'qualifierId': 55, 'value': '218'}, {'id': 5777520331, 'qualifierId': 147, 'value': '47.8'}, {'id': 5777519983, 'qualifierId': 22}, {'id': 5777520327, 'qualifierId': 215}, {'id': 5777520313, 'qualifierId': 72}, {'id': 5777519985, 'qualifierId': 18}, {'id': 5777520317, 'qualifierId': 29}, {'id': 5777520323, 'qualifierId': 102, 'value': '49.3'}]",8v62hppzsz2yonw60h9910iga,J. Bike,,,Chicago Stars,Away
2823780759,280,10,1,24,28,446mp88j1vpk9iwui9fiifrp8,1,0.9,50.9,2025-06-22T02:30:06.040Z,2025-06-22T02:30:29Z,"[{'id': 5777520351, 'qualifierId': 233, 'value': '219'}, {'id': 5777519977, 'qualifierId': 178}, {'id': 5777519979, 'qualifierId': 182}, {'id': 5777519981, 'qualifierId': 56, 'value': 'Back'}, {'id': 5777519997, 'qualifierId': 177}]",1yva0f096q2oqk5gz59utr42y,B. Bixby,,,Portland Thorns,Home
2823780767,281,52,1,24,29,446mp88j1vpk9iwui9fiifrp8,1,0.9,50.9,2025-06-22T02:30:06.869Z,2025-06-22T02:30:08Z,[],1yva0f096q2oqk5gz59utr42y,B. Bixby,,,Portland Thorns,Home
2823780821,282,1,1,24,50,446mp88j1vpk9iwui9fiifrp8,1,11.4,43.4,2025-06-22T02:30:27.501Z,2025-06-22T02:30:43Z,"[{'id': 5777520375, 'qualifierId': 56, 'value': 'Back'}, {'id': 5777520373, 'qualifierId': 123}, {'id': 5777520383, 'qualifierId': 213, 'value': '5.52'}, {'id': 5777520377, 'qualifierId': 140, 'value': '16.8'}, {'id': 5777520379, 'qualifierId': 141, 'value': '35.5'}, {'id': 5777520381, 'qualifierId': 212, 'value': '7.8'}]",1yva0f096q2oqk5gz59utr42y,B. Bixby,,,Portland Thorns,Home
2823780823,283,1,1,24,51,446mp88j1vpk9iwui9fiifrp8,0,16.8,35.5,2025-06-22T02:30:28.971Z,2025-06-22T02:30:42Z,"[{'id': 5777520387, 'qualifierId': 56, 'value': 'Back'}, {'id': 5777520395, 'qualifierId': 213, 'value': '4.84'}, {'id': 5777520391, 'qualifierId': 141, 'value': '0.0'}, {'id': 5777520389, 'qualifierId': 140, 'value': '19.8'}, {'id': 5777520393, 'qualifierId': 212, 'value': '24.8'}]",74uudh34v23m2z9gy5tdppxey,S. Hiatt,,,Portland Thorns,Home
2823780819,220,5,1,24,52,dzxypx8djih58p668surbi4qm,1,79.0,101.2,2025-06-22T02:30:29.991Z,2025-06-22T02:32:58Z,"[{'id': 5777520371, 'qualifierId': 347}, {'id': 5777520369, 'qualifierId': 56, 'value': 'Left'}, {'id': 5777520425, 'qualifierId': 233, 'value': '284'}]",8v62hppzsz2yonw60h9910iga,J. Bike,,,Chicago Stars,Away
2823780825,284,5,1,24,52,446mp88j1vpk9iwui9fiifrp8,0,21.0,-1.2,2025-06-22T02:30:29.991Z,2025-06-22T02:32:59Z,"[{'id': 5777520399, 'qualifierId': 347}, {'id': 5777520429, 'qualifierId': 233, 'value': '220'}, {'id': 5777520397, 'qualifierId': 56, 'value': 'Back'}]",74uudh34v23m2z9gy5tdppxey,S. Hiatt,,,Portland Thorns,Home
2823780909,221,1,1,25,26,dzxypx8djih58p668surbi4qm,0,88.0,100.0,2025-06-22T02:31:03.573Z,2025-06-22T02:31:06Z,"[{'id': 5777520881, 'qualifierId': 213, 'value': '4.98'}, {'id': 5777520879, 'qualifierId': 212, 'value': '23.0'}, {'id': 5777520883, 'qualifierId': 1}, {'id': 5777520877, 'qualifierId': 141, 'value': '69.3'}, {'id': 5777520873, 'qualifierId': 56, 'value': 'Center'}, {'id': 5777520875, 'qualifierId': 140, 'value': '93.8'}, {'id': 5777520871, 'qualifierId': 107}]",4tnm3hxzav142ow867jwcozkk,T. Malham,,,Chicago Stars,Away
2823780913,285,44,1,25,28,446mp88j1vpk9iwui9fiifrp8,1,6.9,31.5,2025-06-22T02:31:05.571Z,2025-06-22T04:01:05Z,"[{'id': 5777520953, 'qualifierId': 233, 'value': '222'}, {'id': 5777520891, 'qualifierId': 56, 'value': 'Back'}, {'id': 5777520893, 'qualifierId': 285}]",cmolam8ri93kos2rasjhnuxyi,S. Coffey,,,Portland Thorns,Home
2823780911,222,44,1,25,28,dzxypx8djih58p668surbi4qm,0,93.1,68.5,2025-06-22T02:31:05.572Z,2025-06-22T04:01:05Z,"[{'id': 5777520971, 'qualifierId': 233, 'value': '285'}, {'id': 5777520889, 'qualifierId': 286}, {'id': 5777520887, 'qualifierId': 56, 'value': 'Center'}]",6e7scc2z7henelebs853mc844,A. Schlegel,,,Chicago Stars,Away
2823780919,286,12,1,25,29,446mp88j1vpk9iwui9fiifrp8,1,8.3,32.8,2025-06-22T02:31:06.283Z,2025-06-22T02:31:13Z,"[{'id': 5777520919, 'qualifierId': 140, 'value': '21.6'}, {'id': 5777520923, 'qualifierId': 212, 'value': '16.3'}, {'id': 5777520917, 'qualifierId': 56, 'value': 'Back'}, {'id': 5777520925, 'qualifierId': 213, 'value': '5.74'}, {'id': 5777520921, 'qualifierId': 141, 'value': '20.3'}, {'id': 5777520939, 'qualifierId': 15}]",cmolam8ri93kos2rasjhnuxyi,S. Coffey,,,Portland Thorns,Home
2823780937,223,1,1,25,30,dzxypx8djih58p668surbi4qm,1,79.7,74.2,2025-06-22T02:31:07.764Z,2025-06-22T02:31:09Z,"[{'id': 5777521015, 'qualifierId': 56, 'value': 'Left'}, {'id': 5777521023, 'qualifierId': 213, 'value': '1.06'}, {'id': 5777521019, 'qualifierId': 141, 'value': '95.0'}, {'id': 5777521021, 'qualifierId': 212, 'value': '16.2'}, {'id': 5777521017, 'qualifierId': 140, 'value': '87.2'}]",56jjwfa02gep01vggqojvfbe2,M. Hayashi,,,Chicago Stars,Away
2823780939,224,1,1,25,32,dzxypx8djih58p668surbi4qm,1,87.2,94.8,2025-06-22T02:31:09.541Z,2025-06-22T02:31:10Z,"[{'id': 5777521033, 'qualifierId': 141, 'value': '81.5'}, {'id': 5777521029, 'qualifierId': 56, 'value': 'Left'}, {'id': 5777521037, 'qualifierId': 213, 'value': '3.87'}, {'id': 5777521031, 'qualifierId': 140, 'value': '77.5'}, {'id': 5777521035, 'qualifierId': 212, 'value': '13.6'}]",11u4dj0z0p616zx9gsnil66ay,S. Staab,,,Chicago Stars,Away
2823780945,225,1,1,25,33,dzxypx8djih58p668surbi4qm,0,77.5,81.5,2025-06-22T02:31:10.453Z,2025-06-22T02:38:54Z,"[{'id': 5777521071, 'qualifierId': 212, 'value': '11.0'}, {'id': 5777521067, 'qualifierId': 140, 'value': '87.9'}, {'id': 5777521065, 'qualifierId': 56, 'value': 'Left'}, {'id': 5777521069, 'qualifierId': 141, 'value': '83.6'}, {'id': 5777521073, 'qualifierId': 213, 'value': '0.13'}]",56jjwfa02gep01vggqojvfbe2,M. Hayashi,,,Chicago Stars,Away
2823780969,226,1,1,25,47,dzxypx8djih58p668surbi4qm,1,30.2,48.5,2025-06-22T02:31:24.629Z,2025-06-22T02:31:29Z,"[{'id': 5777521281, 'qualifierId': 56, 'value': 'Back'}, {'id': 5777521285, 'qualifierId': 141, 'value': '75.4'}, {'id': 5777521287, 'qualifierId': 212, 'value': '18.6'}, {'id': 5777521283, 'qualifierId': 140, 'value': '33.2'}, {'id': 5777521289, 'qualifierId': 213, 'value': '1.40'}]",6zzk0lgja87zs45h8btgheled,C. Onwualu,,,Chicago Stars,Away
2823780971,227,1,1,25,55,dzxypx8djih58p668surbi4qm,1,37.4,72.7,2025-06-22T02:31:32.517Z,2025-06-22T02:39:17Z,"[{'id': 5777521361, 'qualifierId': 213, 'value': '0.52'}, {'id': 5777521355, 'qualifierId': 140, 'value': '61.5'}, {'id': 5777521353, 'qualifierId': 56, 'value': 'Left'}, {'id': 5777521357, 'qualifierId': 141, 'value': '94.2'}, {'id': 5777521359, 'qualifierId': 212, 'value': '29.2'}]",4tnm3hxzav142ow867jwcozkk,T. Malham,,,Chicago Stars,Away
2823780975,228,1,1,25,56,dzxypx8djih58p668surbi4qm,1,62.8,93.5,2025-06-22T02:31:33.989Z,2025-06-22T02:31:37Z,"[{'id': 5777521389, 'qualifierId': 212, 'value': '15.9'}, {'id': 5777521383, 'qualifierId': 56, 'value': 'Left'}, {'id': 5777521385, 'qualifierId': 140, 'value': '77.0'}, {'id': 5777521391, 'qualifierId': 213, 'value': '5.93'}, {'id': 5777521387, 'qualifierId': 141, 'value': '85.3'}]",11u4dj0z0p616zx9gsnil66ay,S. Staab,,,Chicago Stars,Away
2823780979,229,1,1,26,0,dzxypx8djih58p668surbi4qm,1,80.4,85.1,2025-06-22T02:31:37.060Z,2025-06-22T02:31:38Z,"[{'id': 5777521417, 'qualifierId': 212, 'value': '6.3'}, {'id': 5777521415, 'qualifierId': 141, 'value': '93.6'}, {'id': 5777521411, 'qualifierId': 56, 'value': 'Left'}, {'id': 5777521419, 'qualifierId': 213, 'value': '1.14'}, {'id': 5777521413, 'qualifierId': 140, 'value': '82.9'}]",6alny8atonddyhmltw3dgo1d5,J. Grosso,,,Chicago Stars,Away
2823780983,230,1,1,26,1,dzxypx8djih58p668surbi4qm,1,83.3,93.9,2025-06-22T02:31:38.405Z,2025-06-22T02:31:57Z,"[{'id': 5777521447, 'qualifierId': 141, 'value': '54.6'}, {'id': 5777521439, 'qualifierId': 2}, {'id': 5777521449, 'qualifierId': 212, 'value': '27.8'}, {'id': 5777521725, 'qualifierId': 210, 'value': '13'}, {'id': 5777521451, 'qualifierId': 213, 'value': '5.00'}, {'id': 5777521441, 'qualifierId': 155}, {'id': 5777521445, 'qualifierId': 140, 'value': '90.7'}, {'id': 5777521443, 'qualifierId': 56, 'value': 'Center'}, {'id': 5777521727, 'qualifierId': 154}]",19udx179xugqp84qo9rsq0nhl,S. Groom,1.0,,Chicago Stars,Away
2823780985,231,44,1,26,4,dzxypx8djih58p668surbi4qm,1,90.0,57.6,2025-06-22T02:31:41.471Z,2025-06-22T04:01:06Z,"[{'id': 5777521455, 'qualifierId': 56, 'value': 'Center'}, {'id': 5777522269, 'qualifierId': 233, 'value': '287'}, {'id': 5777521457, 'qualifierId': 286}]",6e7scc2z7henelebs853mc844,A. Schlegel,,,Chicago Stars,Away
2823781135,287,44,1,26,4,446mp88j1vpk9iwui9fiifrp8,0,10.0,42.4,2025-06-22T02:31:41.472Z,2025-06-22T04:01:06Z,"[{'id': 5777522225, 'qualifierId': 56, 'value': 'Back'}, {'id': 5777522227, 'qualifierId': 285}, {'id': 5777522289, 'qualifierId': 233, 'value': '231'}]",8oj7cqgjacle67i49w4a3gx6,I. Obaze,,,Portland Thorns,Home
2823780987,232,13,1,26,4,dzxypx8djih58p668surbi4qm,1,90.7,54.6,2025-06-22T02:31:41.990Z,2025-06-22T03:07:52Z,"[{'id': 5777521743, 'qualifierId': 103, 'value': '55.6'}, {'id': 5777521463, 'qualifierId': 56, 'value': 'Center'}, {'id': 5777521735, 'qualifierId': 154}, {'id': 5777544061, 'qualifierId': 86}, {'id': 5777521747, 'qualifierId': 230, 'value': '98.8'}, {'id': 5777521729, 'qualifierId': 15}, {'id': 5777521459, 'qualifierId': 22}, {'id': 5777521733, 'qualifierId': 29}, {'id': 5777521741, 'qualifierId': 102, 'value': '56.8'}, {'id': 5777521745, 'qualifierId': 328}, {'id': 5777521461, 'qualifierId': 17}, {'id': 5777521737, 'qualifierId': 55, 'value': '230'}, {'id': 5777521749, 'qualifierId': 231, 'value': '49.6'}]",6e7scc2z7henelebs853mc844,A. Schlegel,,,Chicago Stars,Away
2823780997,233,5,1,26,6,dzxypx8djih58p668surbi4qm,0,100.4,55.7,2025-06-22T02:31:43.542Z,2025-06-22T02:32:49Z,"[{'id': 5777522413, 'qualifierId': 233, 'value': '288'}, {'id': 5777521511, 'qualifierId': 346}, {'id': 5777521509, 'qualifierId': 56, 'value': 'Center'}]",6e7scc2z7henelebs853mc844,A. Schlegel,,,Chicago Stars,Away
2823781157,288,5,1,26,6,446mp88j1vpk9iwui9fiifrp8,1,-0.4,44.3,2025-06-22T02:31:43.542Z,2025-06-22T02:32:59Z,"[{'id': 5777522407, 'qualifierId': 233, 'value': '233'}, {'id': 5777522401, 'qualifierId': 346}, {'id': 5777522399, 'qualifierId': 56, 'value': 'Back'}]",8oj7cqgjacle67i49w4a3gx6,I. Obaze,,,Portland Thorns,Home
2823781073,234,27,1,26,33,dzxypx8djih58p668surbi4qm,1,0.0,0.0,2025-06-22T02:32:11.023Z,2025-06-22T02:55:02Z,"[{'id': 5777540763, 'qualifierId': 233, 'value': '289'}]",,,,,Chicago Stars,Away
2823781199,289,27,1,26,33,446mp88j1vpk9iwui9fiifrp8,1,0.0,0.0,2025-06-22T02:32:11.023Z,2025-06-22T02:55:02Z,"[{'id': 5777540759, 'qualifierId': 233, 'value': '234'}, {'id': 5777522623, 'qualifierId': 53, 'value': 'cmolam8ri93kos2rasjhnuxyi'}, {'id': 5777522621, 'qualifierId': 41, 'value': 'Injury'}]",,,,,Portland Thorns,Home
2823781421,235,28,1,28,11,dzxypx8djih58p668surbi4qm,1,0.0,0.0,2025-06-22T02:33:48.821Z,2025-06-22T02:55:03Z,"[{'id': 5777540771, 'qualifierId': 233, 'value': '290'}, {'id': 5777523707, 'qualifierId': 55, 'value': '234'}]",,,,,Chicago Stars,Away
2823781393,290,28,1,28,11,446mp88j1vpk9iwui9fiifrp8,1,0.0,0.0,2025-06-22T02:33:48.821Z,2025-06-22T02:55:03Z,"[{'id': 5777523545, 'qualifierId': 55, 'value': '289'}, {'id': 5777540767, 'qualifierId': 233, 'value': '235'}]",,,,,Portland Thorns,Home
2823781473,291,1,1,28,49,446mp88j1vpk9iwui9fiifrp8,0,5.0,38.3,2025-06-22T02:34:27.022Z,2025-06-22T02:34:27Z,"[{'id': 5777524045, 'qualifierId': 140, 'value': '59.2'}, {'id': 5777524041, 'qualifierId': 124}, {'id': 5777524043, 'qualifierId': 56, 'value': 'Center'}, {'id': 5777524053, 'qualifierId': 1}, {'id': 5777524047, 'qualifierId': 141, 'value': '29.1'}, {'id': 5777524055, 'qualifierId': 74}, {'id': 5777524051, 'qualifierId': 213, 'value': '6.17'}, {'id': 5777524049, 'qualifierId': 212, 'value': '57.3'}]",1yva0f096q2oqk5gz59utr42y,B. Bixby,,,Portland Thorns,Home
2823781475,236,61,1,28,52,dzxypx8djih58p668surbi4qm,0,46.5,69.9,2025-06-22T02:34:29.095Z,2025-06-22T02:34:29Z,"[{'id': 5777524057, 'qualifierId': 56, 'value': 'Back'}]",daze51b5849zsk2aqvgmkkbth,Maitane López,,,Chicago Stars,Away
2823781483,292,61,1,28,54,446mp88j1vpk9iwui9fiifrp8,1,43.9,18.8,2025-06-22T02:34:31.437Z,2025-06-22T02:34:31Z,"[{'id': 5777524077, 'qualifierId': 56, 'value': 'Back'}]",2btfn8hbssn0dnszgyll1gopg,P. Tordin,,,Portland Thorns,Home
2823781489,293,1,1,28,55,446mp88j1vpk9iwui9fiifrp8,0,41.8,8.9,2025-06-22T02:34:32.925Z,2025-06-22T02:34:33Z,"[{'id': 5777524109, 'qualifierId': 140, 'value': '69.9'}, {'id': 5777524113, 'qualifierId': 212, 'value': '31.6'}, {'id': 5777524115, 'qualifierId': 213, 'value': '0.37'}, {'id': 5777524107, 'qualifierId': 56, 'value': 'Center'}, {'id': 5777524111, 'qualifierId': 141, 'value': '25.6'}, {'id': 5777524105, 'qualifierId': 157}, {'id': 5777524117, 'qualifierId': 1}]",7whcppsae8rxxj20zaxpx1wq1,K. Torpey,,,Portland Thorns,Home
2823781491,237,1,1,28,56,dzxypx8djih58p668surbi4qm,1,22.3,70.5,2025-06-22T02:34:33.431Z,2025-06-22T02:34:34Z,"[{'id': 5777524123, 'qualifierId': 140, 'value': '35.2'}, {'id': 5777524129, 'qualifierId': 213, 'value': '0.02'}, {'id': 5777524119, 'qualifierId': 155}, {'id': 5777524127, 'qualifierId': 212, 'value': '13.5'}, {'id': 5777524121, 'qualifierId': 56, 'value': 'Back'}, {'id': 5777524125, 'qualifierId': 141, 'value': '70.9'}]",11u4dj0z0p616zx9gsnil66ay,S. Staab,,,Chicago Stars,Away
2823781495,238,1,1,28,57,dzxypx8djih58p668surbi4qm,1,36.1,70.3,2025-06-22T02:34:34.631Z,2025-06-22T02:34:35Z,"[{'id': 5777524149, 'qualifierId': 140, 'value': '44.2'}, {'id': 5777524155, 'qualifierId': 213, 'value': '0.27'}, {'id': 5777524151, 'qualifierId': 141, 'value': '73.8'}, {'id': 5777524147, 'qualifierId': 56, 'value': 'Back'}, {'id': 5777524153, 'qualifierId': 212, 'value': '8.8'}, {'id': 5777524143, 'qualifierId': 3}, {'id': 5777524145, 'qualifierId': 168}]",daze51b5849zsk2aqvgmkkbth,Maitane López,,,Chicago Stars,Away
2823781497,239,1,1,28,58,dzxypx8djih58p668surbi4qm,1,45.6,73.9,2025-06-22T02:34:35.782Z,2025-06-22T02:34:36Z,"[{'id': 5777524167, 'qualifierId': 140, 'value': '43.8'}, {'id': 5777524171, 'qualifierId': 212, 'value': '8.6'}, {'id': 5777524165, 'qualifierId': 56, 'value': 'Back'}, {'id': 5777524169, 'qualifierId': 141, 'value': '86.2'}, {'id': 5777524173, 'qualifierId': 213, 'value': '1.79'}]",6e7scc2z7henelebs853mc844,A. Schlegel,,,Chicago Stars,Away
2823781499,240,49,1,28,59,dzxypx8djih58p668surbi4qm,1,44.6,86.3,2025-06-22T02:34:36.775Z,2025-06-22T02:34:37Z,[],19udx179xugqp84qo9rsq0nhl,S. Groom,,,Chicago Stars,Away
2823781501,241,1,1,29,0,dzxypx8djih58p668surbi4qm,0,53.2,83.5,2025-06-22T02:34:37.366Z,2025-06-22T03:05:30Z,"[{'id': 5777524187, 'qualifierId': 212, 'value': '5.1'}, {'id': 5777524181, 'qualifierId': 56, 'value': 'Center'}, {'id': 5777524185, 'qualifierId': 141, 'value': '76.0'}, {'id': 5777524183, 'qualifierId': 140, 'value': '53.1'}, {'id': 5777524189, 'qualifierId': 213, 'value': '4.69'}]",19udx179xugqp84qo9rsq0nhl,S. Groom,,,Chicago Stars,Away
2823781503,294,8,1,29,0,446mp88j1vpk9iwui9fiifrp8,1,40.2,30.6,2025-06-22T02:34:37.896Z,2025-06-22T03:05:21Z,"[{'id': 5777524193, 'qualifierId': 56, 'value': 'Back'}]",cmolam8ri93kos2rasjhnuxyi,S. Coffey,,,Portland Thorns,Home
2823781505,295,3,1,29,1,446mp88j1vpk9iwui9fiifrp8,0,53.8,25.4,2025-06-22T02:34:38.093Z,2025-06-22T03:05:23Z,"[{'id': 5777524197, 'qualifierId': 56, 'value': 'Center'}, {'id': 5777524221, 'qualifierId': 233, 'value': '242'}, {'id': 5777524199, 'qualifierId': 286}]",ek8x7y3jt0xcebttt75qi5exh,J. Fleming,,,Portland Thorns,Home
2823781509,242,7,1,29,1,dzxypx8djih58p668surbi4qm,1,46.2,74.6,2025-06-22T02:34:38.094Z,2025-06-22T03:05:24Z,"[{'id': 5777524215, 'qualifierId': 285}, {'id': 5777524217, 'qualifierId': 233, 'value': '295'}, {'id': 5777524213, 'qualifierId': 56, 'value': 'Back'}]",daze51b5849zsk2aqvgmkkbth,Maitane López,,,Chicago Stars,Away
2823781515,243,1,1,29,4,dzxypx8djih58p668surbi4qm,1,55.7,75.3,2025-06-22T02:34:41.477Z,2025-06-22T02:34:42Z,"[{'id': 5777524235, 'qualifierId': 212, 'value': '6.7'}, {'id': 5777524231, 'qualifierId': 140, 'value': '56.7'}, {'id': 5777524237, 'qualifierId': 213, 'value': '1.41'}, {'id': 5777524229, 'qualifierId': 56, 'value': 'Left'}, {'id': 5777524233, 'qualifierId': 141, 'value': '85.0'}]",daze51b5849zsk2aqvgmkkbth,Maitane López,,,Chicago Stars,Away
2823781517,244,1,1,29,6,dzxypx8djih58p668surbi4qm,0,56.7,85.0,2025-06-22T02:34:43.214Z,2025-06-22T03:05:31Z,"[{'id': 5777543735, 'qualifierId': 233, 'value': '296'}, {'id': 5777524257, 'qualifierId': 286}, {'id': 5777524243, 'qualifierId': 140, 'value': '57.2'}, {'id': 5777524241, 'qualifierId': 56, 'value': 'Left'}, {'id': 5777524245, 'qualifierId': 141, 'value': '80.9'}, {'id': 5777524251, 'qualifierId': 236}, {'id': 5777524249, 'qualifierId': 213, 'value': '4.90'}, {'id': 5777524247, 'qualifierId': 212, 'value': '2.8'}]",19udx179xugqp84qo9rsq0nhl,S. Groom,,,Chicago Stars,Away
2823781513,296,74,1,29,6,446mp88j1vpk9iwui9fiifrp8,1,47.8,17.6,2025-06-22T02:34:43.215Z,2025-06-22T03:05:31Z,"[{'id': 5777524227, 'qualifierId': 285}, {'id': 5777524225, 'qualifierId': 56, 'value': 'Back'}, {'id': 5777543731, 'qualifierId': 233, 'value': '244'}]",cmolam8ri93kos2rasjhnuxyi,S. Coffey,,,Portland Thorns,Home
2823781519,297,49,1,29,7,446mp88j1vpk9iwui9fiifrp8,1,43.3,14.7,2025-06-22T02:34:44.124Z,2025-06-22T02:34:44Z,[],7whcppsae8rxxj20zaxpx1wq1,K. Torpey,,,Portland Thorns,Home
2823781525,298,1,1,29,7,446mp88j1vpk9iwui9fiifrp8,0,43.3,14.7,2025-06-22T02:34:44.285Z,2025-06-22T02:34:44Z,"[{'id': 5777524301, 'qualifierId': 212, 'value': '18.2'}, {'id': 5777524297, 'qualifierId': 140, 'value': '60.6'}, {'id': 5777524295, 'qualifierId': 56, 'value': 'Right'}, {'id': 5777524299, 'qualifierId': 141, 'value': '16.1'}, {'id': 5777524303, 'qualifierId': 213, 'value': '0.05'}]",7whcppsae8rxxj20zaxpx1wq1,K. Torpey,,,Portland Thorns,Home
2823781531,245,1,1,29,8,dzxypx8djih58p668surbi4qm,1,37.7,85.7,2025-06-22T02:34:45.174Z,2025-06-22T02:34:46Z,"[{'id': 5777524333, 'qualifierId': 56, 'value': 'Back'}, {'id': 5777524341, 'qualifierId': 213, 'value': '5.71'}, {'id': 5777524335, 'qualifierId': 140, 'value': '47.4'}, {'id': 5777524339, 'qualifierId': 212, 'value': '12.1'}, {'id': 5777524337, 'qualifierId': 141, 'value': '76.1'}]",4tnm3hxzav142ow867jwcozkk,T. Malham,,,Chicago Stars,Away
2823781533,246,61,1,29,9,dzxypx8djih58p668surbi4qm,0,47.7,75.7,2025-06-22T02:34:46.134Z,2025-06-22T02:34:46Z,"[{'id': 5777524345, 'qualifierId': 56, 'value': 'Back'}]",6e7scc2z7henelebs853mc844,A. Schlegel,,,Chicago Stars,Away
2823781537,299,1,1,29,10,446mp88j1vpk9iwui9fiifrp8,1,43.6,35.1,2025-06-22T02:34:47.724Z,2025-06-22T02:34:50Z,"[{'id': 5777524369, 'qualifierId': 141, 'value': '42.8'}, {'id': 5777524373, 'qualifierId': 213, 'value': '2.81'}, {'id': 5777524367, 'qualifierId': 140, 'value': '28.9'}, {'id': 5777524371, 'qualifierId': 212, 'value': '16.3'}, {'id': 5777524365, 'qualifierId': 56, 'value': 'Back'}]",7in4ykzbs8p44qy4jrb10p0wl,H. Sugita,,,Portland Thorns,Home
2823781561,300,1,1,29,12,446mp88j1vpk9iwui9fiifrp8,1,28.9,42.8,2025-06-22T02:34:49.981Z,2025-06-22T02:34:55Z,"[{'id': 5777524511, 'qualifierId': 141, 'value': '65.7'}, {'id': 5777524507, 'qualifierId': 56, 'value': 'Back'}, {'id': 5777524515, 'qualifierId': 213, 'value': '1.64'}, {'id': 5777524509, 'qualifierId': 140, 'value': '27.9'}, {'id': 5777524513, 'qualifierId': 212, 'value': '15.6'}]",74uudh34v23m2z9gy5tdppxey,S. Hiatt,,,Portland Thorns,Home
2823781571,301,1,1,29,18,446mp88j1vpk9iwui9fiifrp8,1,38.4,59.3,2025-06-22T02:34:55.069Z,2025-06-22T02:34:57Z,"[{'id': 5777524581, 'qualifierId': 212, 'value': '18.2'}, {'id': 5777524579, 'qualifierId': 141, 'value': '33.7'}, {'id': 5777524583, 'qualifierId': 213, 'value': '4.41'}, {'id': 5777524575, 'qualifierId': 56, 'value': 'Back'}, {'id': 5777524577, 'qualifierId': 140, 'value': '33.3'}]",8oj7cqgjacle67i49w4a3gx6,I. Obaze,,,Portland Thorns,Home
2823781575,302,1,1,29,20,446mp88j1vpk9iwui9fiifrp8,1,31.1,30.4,2025-06-22T02:34:57.869Z,2025-06-22T02:35:00Z,"[{'id': 5777524617, 'qualifierId': 141, 'value': '5.2'}, {'id': 5777524621, 'qualifierId': 213, 'value': '4.86'}, {'id': 5777524615, 'qualifierId': 140, 'value': '33.6'}, {'id': 5777524613, 'qualifierId': 56, 'value': 'Back'}, {'id': 5777524619, 'qualifierId': 212, 'value': '17.3'}]",74uudh34v23m2z9gy5tdppxey,S. Hiatt,,,Portland Thorns,Home
2823781589,303,1,1,29,23,446mp88j1vpk9iwui9fiifrp8,1,35.8,9.2,2025-06-22T02:35:00.782Z,2025-06-22T02:35:02Z,"[{'id': 5777524691, 'qualifierId': 140, 'value': '30.1'}, {'id': 5777524695, 'qualifierId': 212, 'value': '13.0'}, {'id': 5777524697, 'qualifierId': 213, 'value': '2.05'}, {'id': 5777524689, 'qualifierId': 56, 'value': 'Back'}, {'id': 5777524693, 'qualifierId': 141, 'value': '26.1'}]",7whcppsae8rxxj20zaxpx1wq1,K. Torpey,,,Portland Thorns,Home
2823781593,304,1,1,29,25,446mp88j1vpk9iwui9fiifrp8,0,30.1,26.1,2025-06-22T02:35:02.861Z,2025-06-22T02:35:04Z,"[{'id': 5777524725, 'qualifierId': 155}, {'id': 5777524733, 'qualifierId': 212, 'value': '19.2'}, {'id': 5777524727, 'qualifierId': 56, 'value': 'Back'}, {'id': 5777524731, 'qualifierId': 141, 'value': '39.8'}, {'id': 5777524735, 'qualifierId': 213, 'value': '0.51'}, {'id': 5777524729, 'qualifierId': 140, 'value': '46.1'}]",74uudh34v23m2z9gy5tdppxey,S. Hiatt,,,Portland Thorns,Home
2823781597,247,49,1,29,28,dzxypx8djih58p668surbi4qm,1,57.8,56.3,2025-06-22T02:35:05.383Z,2025-06-22T02:35:05Z,[],56jjwfa02gep01vggqojvfbe2,M. Hayashi,,,Chicago Stars,Away
2823781607,248,1,1,29,29,dzxypx8djih58p668surbi4qm,0,62.5,57.0,2025-06-22T02:35:06.406Z,2025-06-22T02:35:06Z,"[{'id': 5777524783, 'qualifierId': 213, 'value': '0.96'}, {'id': 5777524775, 'qualifierId': 56, 'value': 'Center'}, {'id': 5777524777, 'qualifierId': 140, 'value': '66.8'}, {'id': 5777524779, 'qualifierId': 141, 'value': '66.4'}, {'id': 5777524781, 'qualifierId': 212, 'value': '7.8'}]",56jjwfa02gep01vggqojvfbe2,M. Hayashi,,,Chicago Stars,Away
2823781613,305,8,1,29,31,446mp88j1vpk9iwui9fiifrp8,1,39.4,37.6,2025-06-22T02:35:08.349Z,2025-06-22T02:35:08Z,"[{'id': 5777524825, 'qualifierId': 56, 'value': 'Back'}]",ek8x7y3jt0xcebttt75qi5exh,J. Fleming,,,Portland Thorns,Home
2823781619,306,49,1,29,32,446mp88j1vpk9iwui9fiifrp8,1,22.4,33.0,2025-06-22T02:35:09.679Z,2025-06-22T02:35:09Z,[],7whcppsae8rxxj20zaxpx1wq1,K. Torpey,,,Portland Thorns,Home
2823781631,307,1,1,29,32,446mp88j1vpk9iwui9fiifrp8,1,22.4,33.0,2025-06-22T02:35:09.773Z,2025-06-22T02:35:15Z,"[{'id': 5777524921, 'qualifierId': 141, 'value': '24.6'}, {'id': 5777524917, 'qualifierId': 56, 'value': 'Back'}, {'id': 5777524925, 'qualifierId': 213, 'value': '5.81'}, {'id': 5777524919, 'qualifierId': 140, 'value': '33.0'}, {'id': 5777524923, 'qualifierId': 212, 'value': '12.5'}]",7whcppsae8rxxj20zaxpx1wq1,K. Torpey,,,Portland Thorns,Home
2823781639,308,1,1,29,38,446mp88j1vpk9iwui9fiifrp8,1,46.1,14.4,2025-06-22T02:35:15.901Z,2025-06-22T02:35:21Z,"[{'id': 5777524953, 'qualifierId': 141, 'value': '29.7'}, {'id': 5777524949, 'qualifierId': 56, 'value': 'Back'}, {'id': 5777524957, 'qualifierId': 213, 'value': '2.01'}, {'id': 5777524955, 'qualifierId': 212, 'value': '11.5'}, {'id': 5777524951, 'qualifierId': 140, 'value': '41.5'}]",ek8x7y3jt0xcebttt75qi5exh,J. Fleming,,,Portland Thorns,Home
2823781641,309,4,1,29,43,446mp88j1vpk9iwui9fiifrp8,1,56.2,29.6,2025-06-22T02:35:20.990Z,2025-06-22T02:35:44Z,"[{'id': 5777524969, 'qualifierId': 286}, {'id': 5777524967, 'qualifierId': 265}, {'id': 5777524963, 'qualifierId': 56, 'value': 'Center'}, {'id': 5777524961, 'qualifierId': 13}, {'id': 5777524965, 'qualifierId': 152}, {'id': 5777525033, 'qualifierId': 233, 'value': '249'}]",cmolam8ri93kos2rasjhnuxyi,S. Coffey,,,Portland Thorns,Home
2823781653,249,4,1,29,43,dzxypx8djih58p668surbi4qm,0,43.8,70.4,2025-06-22T02:35:20.991Z,2025-06-22T02:39:52Z,"[{'id': 5777525025, 'qualifierId': 56, 'value': 'Back'}, {'id': 5777525031, 'qualifierId': 285}, {'id': 5777525023, 'qualifierId': 13}, {'id': 5777525027, 'qualifierId': 152}, {'id': 5777525037, 'qualifierId': 233, 'value': '309'}, {'id': 5777525029, 'qualifierId': 265}]",6e7scc2z7henelebs853mc844,A. Schlegel,,,Chicago Stars,Away
2823781767,310,1,1,30,23,446mp88j1vpk9iwui9fiifrp8,1,59.8,30.4,2025-06-22T02:36:00.717Z,2025-06-22T02:36:04Z,"[{'id': 5777525639, 'qualifierId': 5}, {'id': 5777525647, 'qualifierId': 141, 'value': '51.3'}, {'id': 5777525651, 'qualifierId': 213, 'value': '1.67'}, {'id': 5777525649, 'qualifierId': 212, 'value': '14.3'}, {'id': 5777525645, 'qualifierId': 140, 'value': '58.4'}, {'id': 5777525641, 'qualifierId': 152}, {'id': 5777525643, 'qualifierId': 56, 'value': 'Center'}]",7izc8t071mkrrgvptdjru467e,O. Moultrie,,,Portland Thorns,Home
2823781771,311,1,1,30,27,446mp88j1vpk9iwui9fiifrp8,1,57.9,50.0,2025-06-22T02:36:04.911Z,2025-06-22T02:36:07Z,"[{'id': 5777525663, 'qualifierId': 155}, {'id': 5777525669, 'qualifierId': 141, 'value': '65.8'}, {'id': 5777525673, 'qualifierId': 213, 'value': '0.33'}, {'id': 5777525667, 'qualifierId': 140, 'value': '87.4'}, {'id': 5777525671, 'qualifierId': 212, 'value': '32.8'}, {'id': 5777525675, 'qualifierId': 1}, {'id': 5777525665, 'qualifierId': 56, 'value': 'Center'}]",cmolam8ri93kos2rasjhnuxyi,S. Coffey,,,Portland Thorns,Home
2823781773,312,1,1,30,29,446mp88j1vpk9iwui9fiifrp8,1,87.4,65.8,2025-06-22T02:36:06.989Z,2025-06-22T02:36:08Z,"[{'id': 5777525689, 'qualifierId': 212, 'value': '6.8'}, {'id': 5777525683, 'qualifierId': 56, 'value': 'Center'}, {'id': 5777525685, 'qualifierId': 140, 'value': '92.3'}, {'id': 5777525681, 'qualifierId': 3}, {'id': 5777525691, 'qualifierId': 213, 'value': '5.57'}, {'id': 5777525687, 'qualifierId': 141, 'value': '59.3'}]",5b2dire687lp3dasdj2z3n0q2,R. Turner,,,Portland Thorns,Home
2823781775,313,61,1,30,31,446mp88j1vpk9iwui9fiifrp8,0,92.3,59.3,2025-06-22T02:36:08.302Z,2025-06-22T02:36:08Z,"[{'id': 5777525695, 'qualifierId': 56, 'value': 'Center'}]",2btfn8hbssn0dnszgyll1gopg,P. Tordin,,,Portland Thorns,Home
2823781779,250,43,1,30,32,dzxypx8djih58p668surbi4qm,1,0.0,0.0,2025-06-22T02:36:09.959Z,2025-06-22T02:40:52Z,"[{'id': 5777529889, 'qualifierId': 144, 'value': '8'}, {'id': 5777525709, 'qualifierId': 56, 'value': 'Back'}]",11u4dj0z0p616zx9gsnil66ay,S. Staab,,,Chicago Stars,Away
2823781785,251,12,1,30,33,dzxypx8djih58p668surbi4qm,1,6.7,45.6,2025-06-22T02:36:10.982Z,2025-06-22T02:41:05Z,"[{'id': 5777525747, 'qualifierId': 212, 'value': '24.8'}, {'id': 5777525745, 'qualifierId': 141, 'value': '72.2'}, {'id': 5777525741, 'qualifierId': 56, 'value': 'Back'}, {'id': 5777525749, 'qualifierId': 213, 'value': '0.82'}, {'id': 5777525743, 'qualifierId': 140, 'value': '22.9'}]",6zzk0lgja87zs45h8btgheled,C. Onwualu,,,Chicago Stars,Away
2823781809,314,1,1,30,37,446mp88j1vpk9iwui9fiifrp8,1,78.2,22.7,2025-06-22T02:36:14.381Z,2025-06-22T02:36:21Z,"[{'id': 5777525901, 'qualifierId': 141, 'value': '25.2'}, {'id': 5777525897, 'qualifierId': 56, 'value': 'Center'}, {'id': 5777525905, 'qualifierId': 213, 'value': '0.11'}, {'id': 5777525903, 'qualifierId': 212, 'value': '15.7'}, {'id': 5777525899, 'qualifierId': 140, 'value': '93.1'}]",7izc8t071mkrrgvptdjru467e,O. Moultrie,,,Portland Thorns,Home
2823781813,315,1,1,30,44,446mp88j1vpk9iwui9fiifrp8,1,91.4,14.4,2025-06-22T02:36:21.294Z,2025-06-22T02:36:22Z,"[{'id': 5777525927, 'qualifierId': 56, 'value': 'Right'}, {'id': 5777525929, 'qualifierId': 140, 'value': '88.6'}, {'id': 5777525933, 'qualifierId': 212, 'value': '7.0'}, {'id': 5777525935, 'qualifierId': 213, 'value': '4.28'}, {'id': 5777525931, 'qualifierId': 141, 'value': '5.0'}]",ek8x7y3jt0xcebttt75qi5exh,J. Fleming,,,Portland Thorns,Home
2823781823,316,1,1,30,45,446mp88j1vpk9iwui9fiifrp8,1,88.6,5.0,2025-06-22T02:36:22.430Z,2025-06-22T02:36:24Z,"[{'id': 5777525973, 'qualifierId': 141, 'value': '18.0'}, {'id': 5777525969, 'qualifierId': 56, 'value': 'Right'}, {'id': 5777525977, 'qualifierId': 213, 'value': '2.52'}, {'id': 5777525975, 'qualifierId': 212, 'value': '15.2'}, {'id': 5777525971, 'qualifierId': 140, 'value': '76.8'}]",7izc8t071mkrrgvptdjru467e,O. Moultrie,,,Portland Thorns,Home
2823781835,317,1,1,30,47,446mp88j1vpk9iwui9fiifrp8,0,76.7,18.2,2025-06-22T02:36:24.877Z,2025-06-22T02:36:28Z,"[{'id': 5777526057, 'qualifierId': 213, 'value': '1.05'}, {'id': 5777526049, 'qualifierId': 56, 'value': 'Center'}, {'id': 5777526051, 'qualifierId': 140, 'value': '90.0'}, {'id': 5777526055, 'qualifierId': 212, 'value': '28.2'}, {'id': 5777526047, 'qualifierId': 155}, {'id': 5777526053, 'qualifierId': 141, 'value': '54.2'}, {'id': 5777526045, 'qualifierId': 2}]",cmolam8ri93kos2rasjhnuxyi,S. Coffey,,,Portland Thorns,Home
2823781843,252,44,1,30,50,dzxypx8djih58p668surbi4qm,1,7.6,48.7,2025-06-22T02:36:27.727Z,2025-06-22T02:43:02Z,"[{'id': 5777526087, 'qualifierId': 56, 'value': 'Back'}, {'id': 5777531365, 'qualifierId': 233, 'value': '378'}, {'id': 5777526089, 'qualifierId': 285}]",daze51b5849zsk2aqvgmkkbth,Maitane López,,,Chicago Stars,Away
2823782667,378,44,1,30,50,446mp88j1vpk9iwui9fiifrp8,0,92.4,51.3,2025-06-22T02:36:27.728Z,2025-06-22T02:43:02Z,"[{'id': 5777531369, 'qualifierId': 233, 'value': '252'}, {'id': 5777531363, 'qualifierId': 286}, {'id': 5777531361, 'qualifierId': 56, 'value': 'Center'}]",615vz7uoe3eiozddbe206io6h,R. Reyes,,,Portland Thorns,Home
2823781847,253,12,1,30,51,dzxypx8djih58p668surbi4qm,1,7.8,48.7,2025-06-22T02:36:28.798Z,2025-06-22T02:42:03Z,"[{'id': 5777526109, 'qualifierId': 212, 'value': '6.8'}, {'id': 5777526103, 'qualifierId': 56, 'value': 'Back'}, {'id': 5777526105, 'qualifierId': 140, 'value': '12.1'}, {'id': 5777526127, 'qualifierId': 15}, {'id': 5777526111, 'qualifierId': 213, 'value': '5.44'}, {'id': 5777526107, 'qualifierId': 141, 'value': '41.2'}]",daze51b5849zsk2aqvgmkkbth,Maitane López,,,Chicago Stars,Away
2823781845,318,13,1,30,52,446mp88j1vpk9iwui9fiifrp8,1,89.2,63.2,2025-06-22T02:36:29.629Z,2025-06-22T02:43:37Z,"[{'id': 5777526327, 'qualifierId': 231, 'value': '51.1'}, {'id': 5777526313, 'qualifierId': 102, 'value': '38.2'}, {'id': 5777526317, 'qualifierId': 328}, {'id': 5777526091, 'qualifierId': 22}, {'id': 5777526095, 'qualifierId': 56, 'value': 'Center'}, {'id': 5777526323, 'qualifierId': 147, 'value': '54.9'}, {'id': 5777526189, 'qualifierId': 20}, {'id': 5777526315, 'qualifierId': 103, 'value': '6.9'}, {'id': 5777526311, 'qualifierId': 75}, {'id': 5777526321, 'qualifierId': 146, 'value': '92.8'}, {'id': 5777526325, 'qualifierId': 230, 'value': '99.3'}, {'id': 5777526193, 'qualifierId': 153}, {'id': 5777526093, 'qualifierId': 64}, {'id': 5777526319, 'qualifierId': 458}]",7in4ykzbs8p44qy4jrb10p0wl,H. Sugita,,,Portland Thorns,Home
2823781859,254,12,1,30,55,dzxypx8djih58p668surbi4qm,1,7.2,37.6,2025-06-22T02:36:32.678Z,2025-06-22T02:43:41Z,"[{'id': 5777526173, 'qualifierId': 213, 'value': '4.94'}, {'id': 5777526169, 'qualifierId': 141, 'value': '0.0'}, {'id': 5777526165, 'qualifierId': 56, 'value': 'Back'}, {'id': 5777526167, 'qualifierId': 140, 'value': '13.1'}, {'id': 5777526171, 'qualifierId': 212, 'value': '27.6'}, {'id': 5777526183, 'qualifierId': 167}]",daze51b5849zsk2aqvgmkkbth,Maitane López,,,Chicago Stars,Away
2823781861,255,5,1,30,55,dzxypx8djih58p668surbi4qm,0,14.4,-1.7,2025-06-22T02:36:32.911Z,2025-06-22T02:55:03Z,"[{'id': 5777526185, 'qualifierId': 233, 'value': '319'}, {'id': 5777526177, 'qualifierId': 347}, {'id': 5777526175, 'qualifierId': 56, 'value': 'Back'}]",daze51b5849zsk2aqvgmkkbth,Maitane López,,,Chicago Stars,Away
2823781857,319,5,1,30,55,446mp88j1vpk9iwui9fiifrp8,1,85.6,101.7,2025-06-22T02:36:32.911Z,2025-06-22T02:55:03Z,"[{'id': 5777526179, 'qualifierId': 233, 'value': '255'}, {'id': 5777526155, 'qualifierId': 56, 'value': 'Left'}, {'id': 5777526157, 'qualifierId': 347}]",7in4ykzbs8p44qy4jrb10p0wl,H. Sugita,,,Portland Thorns,Home
2823781899,320,1,1,31,7,446mp88j1vpk9iwui9fiifrp8,1,83.6,100.0,2025-06-22T02:36:44.096Z,2025-06-22T02:36:46Z,"[{'id': 5777526387, 'qualifierId': 141, 'value': '86.0'}, {'id': 5777526391, 'qualifierId': 213, 'value': '5.50'}, {'id': 5777526381, 'qualifierId': 107}, {'id': 5777526385, 'qualifierId': 140, 'value': '93.4'}, {'id': 5777526383, 'qualifierId': 56, 'value': 'Left'}, {'id': 5777526389, 'qualifierId': 212, 'value': '14.5'}]",7in4ykzbs8p44qy4jrb10p0wl,H. Sugita,,,Portland Thorns,Home
2823781905,321,1,1,31,8,446mp88j1vpk9iwui9fiifrp8,1,95.2,93.3,2025-06-22T02:36:45.998Z,2025-06-22T02:36:49Z,"[{'id': 5777526431, 'qualifierId': 140, 'value': '87.4'}, {'id': 5777526435, 'qualifierId': 212, 'value': '8.5'}, {'id': 5777526429, 'qualifierId': 56, 'value': 'Left'}, {'id': 5777526437, 'qualifierId': 213, 'value': '2.88'}, {'id': 5777526433, 'qualifierId': 141, 'value': '96.5'}]",615vz7uoe3eiozddbe206io6h,R. Reyes,,,Portland Thorns,Home
2823781917,322,1,1,31,12,446mp88j1vpk9iwui9fiifrp8,1,82.8,98.6,2025-06-22T02:36:49.086Z,2025-06-22T02:36:52Z,"[{'id': 5777526495, 'qualifierId': 56, 'value': 'Left'}, {'id': 5777526497, 'qualifierId': 140, 'value': '67.4'}, {'id': 5777526501, 'qualifierId': 212, 'value': '18.1'}, {'id': 5777526503, 'qualifierId': 213, 'value': '3.61'}, {'id': 5777526499, 'qualifierId': 141, 'value': '86.5'}]",7in4ykzbs8p44qy4jrb10p0wl,H. Sugita,,,Portland Thorns,Home
2823781921,323,1,1,31,15,446mp88j1vpk9iwui9fiifrp8,1,64.2,83.8,2025-06-22T02:36:52.190Z,2025-06-22T02:36:55Z,"[{'id': 5777526575, 'qualifierId': 141, 'value': '49.9'}, {'id': 5777526583, 'qualifierId': 213, 'value': '4.25'}, {'id': 5777526567, 'qualifierId': 56, 'value': 'Center'}, {'id': 5777526571, 'qualifierId': 140, 'value': '53.3'}, {'id': 5777526579, 'qualifierId': 212, 'value': '25.7'}]",8oj7cqgjacle67i49w4a3gx6,I. Obaze,,,Portland Thorns,Home
2823781941,324,1,1,31,18,446mp88j1vpk9iwui9fiifrp8,1,55.7,47.9,2025-06-22T02:36:55.310Z,2025-06-22T02:36:58Z,"[{'id': 5777526663, 'qualifierId': 212, 'value': '14.7'}, {'id': 5777526659, 'qualifierId': 140, 'value': '61.0'}, {'id': 5777526657, 'qualifierId': 56, 'value': 'Center'}, {'id': 5777526665, 'qualifierId': 213, 'value': '5.10'}, {'id': 5777526661, 'qualifierId': 141, 'value': '27.9'}]",74uudh34v23m2z9gy5tdppxey,S. Hiatt,,,Portland Thorns,Home
2823781951,325,1,1,31,21,446mp88j1vpk9iwui9fiifrp8,1,63.9,19.1,2025-06-22T02:36:58.414Z,2025-06-22T02:37:02Z,"[{'id': 5777526727, 'qualifierId': 141, 'value': '14.9'}, {'id': 5777526725, 'qualifierId': 140, 'value': '67.4'}, {'id': 5777526729, 'qualifierId': 212, 'value': '4.7'}, {'id': 5777526723, 'qualifierId': 56, 'value': 'Right'}, {'id': 5777526731, 'qualifierId': 213, 'value': '5.62'}]",7whcppsae8rxxj20zaxpx1wq1,K. Torpey,,,Portland Thorns,Home
2823781953,326,3,1,31,24,446mp88j1vpk9iwui9fiifrp8,0,70.0,11.7,2025-06-22T02:37:01.925Z,2025-06-22T02:54:58Z,"[{'id': 5777526739, 'qualifierId': 56, 'value': 'Right'}, {'id': 5777526741, 'qualifierId': 286}, {'id': 5777526793, 'qualifierId': 233, 'value': '256'}]",ek8x7y3jt0xcebttt75qi5exh,J. Fleming,,,Portland Thorns,Home
2823781959,256,7,1,31,24,dzxypx8djih58p668surbi4qm,1,30.0,88.3,2025-06-22T02:37:01.926Z,2025-06-22T02:54:58Z,"[{'id': 5777526777, 'qualifierId': 56, 'value': 'Back'}, {'id': 5777526789, 'qualifierId': 233, 'value': '326'}, {'id': 5777526779, 'qualifierId': 285}]",4tnm3hxzav142ow867jwcozkk,T. Malham,,,Chicago Stars,Away
2823781963,257,49,1,31,26,dzxypx8djih58p668surbi4qm,1,20.7,93.5,2025-06-22T02:37:03.239Z,2025-06-22T02:37:03Z,[],4tnm3hxzav142ow867jwcozkk,T. Malham,,,Chicago Stars,Away
2823781975,258,1,1,31,27,dzxypx8djih58p668surbi4qm,1,19.3,92.7,2025-06-22T02:37:04.710Z,2025-06-22T02:37:07Z,"[{'id': 5777526849, 'qualifierId': 141, 'value': '88.7'}, {'id': 5777526851, 'qualifierId': 212, 'value': '10.2'}, {'id': 5777526853, 'qualifierId': 213, 'value': '3.41'}, {'id': 5777526847, 'qualifierId': 140, 'value': '9.9'}, {'id': 5777526845, 'qualifierId': 56, 'value': 'Back'}]",4tnm3hxzav142ow867jwcozkk,T. Malham,,,Chicago Stars,Away
2823781979,259,1,1,31,30,dzxypx8djih58p668surbi4qm,0,9.9,88.7,2025-06-22T02:37:07.271Z,2025-06-22T02:37:07Z,"[{'id': 5777526859, 'qualifierId': 56, 'value': 'Back'}, {'id': 5777526863, 'qualifierId': 141, 'value': '100.0'}, {'id': 5777526867, 'qualifierId': 213, 'value': '0.58'}, {'id': 5777526857, 'qualifierId': 155}, {'id': 5777526861, 'qualifierId': 140, 'value': '23.1'}, {'id': 5777526865, 'qualifierId': 212, 'value': '16.5'}]",11u4dj0z0p616zx9gsnil66ay,S. Staab,,,Chicago Stars,Away
2823781981,260,5,1,31,30,dzxypx8djih58p668surbi4qm,0,23.6,101.8,2025-06-22T02:37:07.749Z,2025-06-22T02:37:10Z,"[{'id': 5777526871, 'qualifierId': 347}, {'id': 5777526925, 'qualifierId': 233, 'value': '327'}, {'id': 5777526869, 'qualifierId': 56, 'value': 'Back'}]",11u4dj0z0p616zx9gsnil66ay,S. Staab,,,Chicago Stars,Away
2823781987,327,5,1,31,30,446mp88j1vpk9iwui9fiifrp8,1,76.4,-1.8,2025-06-22T02:37:07.749Z,2025-06-22T02:55:04Z,"[{'id': 5777526903, 'qualifierId': 347}, {'id': 5777526913, 'qualifierId': 233, 'value': '260'}, {'id': 5777526901, 'qualifierId': 56, 'value': 'Right'}]",ek8x7y3jt0xcebttt75qi5exh,J. Fleming,,,Portland Thorns,Home
2823781999,328,1,1,31,35,446mp88j1vpk9iwui9fiifrp8,1,75.0,0.0,2025-06-22T02:37:12.190Z,2025-06-22T02:37:14Z,"[{'id': 5777526949, 'qualifierId': 140, 'value': '76.0'}, {'id': 5777526955, 'qualifierId': 213, 'value': '1.40'}, {'id': 5777526951, 'qualifierId': 141, 'value': '6.8'}, {'id': 5777526953, 'qualifierId': 212, 'value': '6.0'}, {'id': 5777526947, 'qualifierId': 56, 'value': 'Right'}, {'id': 5777526945, 'qualifierId': 107}]",7whcppsae8rxxj20zaxpx1wq1,K. Torpey,,,Portland Thorns,Home
2823782001,329,50,1,31,36,446mp88j1vpk9iwui9fiifrp8,1,77.8,9.1,2025-06-22T02:37:13.951Z,2025-06-22T02:37:17Z,"[{'id': 5777526961, 'qualifierId': 286}, {'id': 5777526991, 'qualifierId': 233, 'value': '261'}, {'id': 5777526959, 'qualifierId': 56, 'value': 'Right'}]",ek8x7y3jt0xcebttt75qi5exh,J. Fleming,,,Portland Thorns,Home
2823782005,261,7,1,31,36,dzxypx8djih58p668surbi4qm,0,22.2,90.9,2025-06-22T02:37:13.952Z,2025-06-22T02:37:17Z,"[{'id': 5777526985, 'qualifierId': 233, 'value': '329'}, {'id': 5777526977, 'qualifierId': 285}, {'id': 5777526975, 'qualifierId': 56, 'value': 'Back'}]",19udx179xugqp84qo9rsq0nhl,S. Groom,,,Chicago Stars,Away
2823782007,330,61,1,31,37,446mp88j1vpk9iwui9fiifrp8,1,76.0,6.8,2025-06-22T02:37:15.012Z,2025-06-22T02:37:15Z,"[{'id': 5777526979, 'qualifierId': 56, 'value': 'Right'}]",ek8x7y3jt0xcebttt75qi5exh,J. Fleming,,,Portland Thorns,Home
2823782017,331,1,1,31,39,446mp88j1vpk9iwui9fiifrp8,0,88.8,8.9,2025-06-22T02:37:16.558Z,2025-06-22T02:37:16Z,"[{'id': 5777527019, 'qualifierId': 140, 'value': '97.6'}, {'id': 5777527023, 'qualifierId': 212, 'value': '12.5'}, {'id': 5777527021, 'qualifierId': 141, 'value': '21.3'}, {'id': 5777527017, 'qualifierId': 56, 'value': 'Center'}, {'id': 5777527025, 'qualifierId': 213, 'value': '0.74'}]",2btfn8hbssn0dnszgyll1gopg,P. Tordin,,,Portland Thorns,Home
2823782023,262,8,1,31,41,dzxypx8djih58p668surbi4qm,1,8.0,82.4,2025-06-22T02:37:18.151Z,2025-06-22T02:37:18Z,"[{'id': 5777527055, 'qualifierId': 56, 'value': 'Back'}]",11u4dj0z0p616zx9gsnil66ay,S. Staab,,,Chicago Stars,Away
2823782029,263,49,1,31,43,dzxypx8djih58p668surbi4qm,1,7.1,88.1,2025-06-22T02:37:20.391Z,2025-06-22T02:37:20Z,[],4tnm3hxzav142ow867jwcozkk,T. Malham,,,Chicago Stars,Away
2823782031,264,1,1,31,43,dzxypx8djih58p668surbi4qm,1,7.1,88.1,2025-06-22T02:37:20.599Z,2025-06-22T02:37:21Z,"[{'id': 5777527089, 'qualifierId': 213, 'value': '5.78'}, {'id': 5777527083, 'qualifierId': 140, 'value': '19.1'}, {'id': 5777527085, 'qualifierId': 141, 'value': '77.8'}, {'id': 5777527081, 'qualifierId': 56, 'value': 'Back'}, {'id': 5777527087, 'qualifierId': 212, 'value': '14.4'}]",4tnm3hxzav142ow867jwcozkk,T. Malham,,,Chicago Stars,Away
2823782035,265,1,1,31,44,dzxypx8djih58p668surbi4qm,1,19.1,77.8,2025-06-22T02:37:21.414Z,2025-06-22T02:37:22Z,"[{'id': 5777527113, 'qualifierId': 213, 'value': '0.58'}, {'id': 5777527109, 'qualifierId': 141, 'value': '84.1'}, {'id': 5777527105, 'qualifierId': 56, 'value': 'Back'}, {'id': 5777527111, 'qualifierId': 212, 'value': '7.8'}, {'id': 5777527107, 'qualifierId': 140, 'value': '25.3'}]",daze51b5849zsk2aqvgmkkbth,Maitane López,,,Chicago Stars,Away
2823782043,266,1,1,31,45,dzxypx8djih58p668surbi4qm,1,25.3,84.1,2025-06-22T02:37:22.390Z,2025-06-22T02:37:25Z,"[{'id': 5777527161, 'qualifierId': 141, 'value': '93.5'}, {'id': 5777527165, 'qualifierId': 213, 'value': '1.60'}, {'id': 5777527157, 'qualifierId': 56, 'value': 'Back'}, {'id': 5777527163, 'qualifierId': 212, 'value': '6.4'}, {'id': 5777527159, 'qualifierId': 140, 'value': '25.1'}]",6alny8atonddyhmltw3dgo1d5,J. Grosso,,,Chicago Stars,Away
2823782049,267,1,1,31,48,dzxypx8djih58p668surbi4qm,1,60.7,86.2,2025-06-22T02:37:25.703Z,2025-06-22T02:37:28Z,"[{'id': 5777527181, 'qualifierId': 212, 'value': '10.9'}, {'id': 5777527179, 'qualifierId': 141, 'value': '70.9'}, {'id': 5777527183, 'qualifierId': 213, 'value': '5.02'}, {'id': 5777527175, 'qualifierId': 56, 'value': 'Center'}, {'id': 5777527177, 'qualifierId': 140, 'value': '63.8'}]",19udx179xugqp84qo9rsq0nhl,S. Groom,,,Chicago Stars,Away
2823782063,268,1,1,31,50,dzxypx8djih58p668surbi4qm,1,63.4,68.5,2025-06-22T02:37:27.990Z,2025-06-22T02:37:30Z,"[{'id': 5777527253, 'qualifierId': 141, 'value': '75.6'}, {'id': 5777527255, 'qualifierId': 212, 'value': '5.5'}, {'id': 5777527251, 'qualifierId': 140, 'value': '60.9'}, {'id': 5777527249, 'qualifierId': 56, 'value': 'Center'}, {'id': 5777527257, 'qualifierId': 213, 'value': '2.07'}]",6e7scc2z7henelebs853mc844,A. Schlegel,,,Chicago Stars,Away
2823782079,269,2,1,31,53,dzxypx8djih58p668surbi4qm,1,74.1,66.4,2025-06-22T02:37:30.231Z,2025-06-22T02:38:19Z,"[{'id': 5777527363, 'qualifierId': 140, 'value': '79.9'}, {'id': 5777527847, 'qualifierId': 7, 'value': '8v62hppzsz2yonw60h9910iga'}, {'id': 5777527361, 'qualifierId': 56, 'value': 'Center'}, {'id': 5777527365, 'qualifierId': 141, 'value': '77.5'}]",6alny8atonddyhmltw3dgo1d5,J. Grosso,,,Chicago Stars,Away
2823782099,334,55,1,31,53,446mp88j1vpk9iwui9fiifrp8,1,17.6,35.4,2025-06-22T02:37:30.232Z,2025-06-22T02:55:09Z,[],615vz7uoe3eiozddbe206io6h,R. Reyes,,,Portland Thorns,Home
2823782081,270,43,1,31,58,dzxypx8djih58p668surbi4qm,1,0.0,0.0,2025-06-22T02:37:35.894Z,2025-06-22T02:38:07Z,"[{'id': 5777527375, 'qualifierId': 140, 'value': '92.6'}, {'id': 5777527373, 'qualifierId': 56, 'value': 'Center'}, {'id': 5777527849, 'qualifierId': 144, 'value': '1'}, {'id': 5777527377, 'qualifierId': 141, 'value': '52.1'}, {'id': 5777527379, 'qualifierId': 212, 'value': '13.0'}, {'id': 5777527381, 'qualifierId': 213, 'value': '4.62'}]",8v62hppzsz2yonw60h9910iga,J. Bike,,,Chicago Stars,Away
2823782087,332,43,1,32,0,446mp88j1vpk9iwui9fiifrp8,1,0.0,0.0,2025-06-22T02:37:37.934Z,2025-06-22T02:37:44Z,"[{'id': 5777527451, 'qualifierId': 167, 'value': '0'}, {'id': 5777527437, 'qualifierId': 56, 'value': 'Back'}, {'id': 5777527481, 'qualifierId': 144, 'value': '12'}, {'id': 5777527439, 'qualifierId': 140, 'value': '28.8'}, {'id': 5777527443, 'qualifierId': 212, 'value': '38.4'}, {'id': 5777527441, 'qualifierId': 141, 'value': '0.0'}, {'id': 5777527445, 'qualifierId': 213, 'value': '5.40'}]",8oj7cqgjacle67i49w4a3gx6,I. Obaze,,,Portland Thorns,Home
2823782089,333,43,1,32,3,446mp88j1vpk9iwui9fiifrp8,1,0.0,0.0,2025-06-22T02:37:40.168Z,2025-06-22T02:37:42Z,"[{'id': 5777527447, 'qualifierId': 56, 'value': 'Back'}, {'id': 5777527449, 'qualifierId': 347, 'value': '0'}, {'id': 5777527467, 'qualifierId': 144, 'value': '5'}]",8oj7cqgjacle67i49w4a3gx6,I. Obaze,,,Portland Thorns,Home
2823782181,335,1,1,32,39,446mp88j1vpk9iwui9fiifrp8,1,13.5,31.2,2025-06-22T02:38:16.959Z,2025-06-22T02:38:18Z,"[{'id': 5777528007, 'qualifierId': 213, 'value': '6.27'}, {'id': 5777527993, 'qualifierId': 5}, {'id': 5777527995, 'qualifierId': 157}, {'id': 5777528009, 'qualifierId': 1}, {'id': 5777528001, 'qualifierId': 140, 'value': '57.4'}, {'id': 5777528005, 'qualifierId': 212, 'value': '46.1'}, {'id': 5777527999, 'qualifierId': 56, 'value': 'Center'}, {'id': 5777528003, 'qualifierId': 141, 'value': '30.3'}, {'id': 5777527997, 'qualifierId': 241}]",1yva0f096q2oqk5gz59utr42y,B. Bixby,,,Portland Thorns,Home
2823782183,336,44,1,32,41,446mp88j1vpk9iwui9fiifrp8,1,59.0,33.3,2025-06-22T02:38:18.623Z,2025-06-22T04:01:06Z,"[{'id': 5777528015, 'qualifierId': 286}, {'id': 5777528049, 'qualifierId': 233, 'value': '271'}, {'id': 5777528013, 'qualifierId': 56, 'value': 'Center'}]",2btfn8hbssn0dnszgyll1gopg,P. Tordin,,,Portland Thorns,Home
2823782185,271,44,1,32,41,dzxypx8djih58p668surbi4qm,0,41.0,66.7,2025-06-22T02:38:18.624Z,2025-06-22T04:01:06Z,"[{'id': 5777528053, 'qualifierId': 233, 'value': '336'}, {'id': 5777528017, 'qualifierId': 56, 'value': 'Back'}, {'id': 5777528019, 'qualifierId': 285}]",11u4dj0z0p616zx9gsnil66ay,S. Staab,,,Chicago Stars,Away
2823782193,337,1,1,32,41,446mp88j1vpk9iwui9fiifrp8,0,57.4,30.3,2025-06-22T02:38:18.830Z,2025-06-22T02:38:21Z,"[{'id': 5777528073, 'qualifierId': 168}, {'id': 5777528075, 'qualifierId': 56, 'value': 'Center'}, {'id': 5777528071, 'qualifierId': 3}, {'id': 5777528079, 'qualifierId': 141, 'value': '37.4'}, {'id': 5777528081, 'qualifierId': 212, 'value': '30.2'}, {'id': 5777528077, 'qualifierId': 140, 'value': '85.8'}, {'id': 5777528083, 'qualifierId': 213, 'value': '0.16'}]",2btfn8hbssn0dnszgyll1gopg,P. Tordin,,,Portland Thorns,Home
2823782203,272,49,1,32,47,dzxypx8djih58p668surbi4qm,1,12.5,56.7,2025-06-22T02:38:24.616Z,2025-06-22T02:38:24Z,[],20qmwwdxbdp6ade3j9lssbvxm,H. Mackiewicz,,,Chicago Stars,Away
2823782225,273,1,1,32,48,dzxypx8djih58p668surbi4qm,1,12.4,56.6,2025-06-22T02:38:25.319Z,2025-06-22T02:38:29Z,"[{'id': 5777528231, 'qualifierId': 140, 'value': '13.5'}, {'id': 5777528235, 'qualifierId': 212, 'value': '7.9'}, {'id': 5777528229, 'qualifierId': 56, 'value': 'Back'}, {'id': 5777528237, 'qualifierId': 213, 'value': '4.86'}, {'id': 5777528233, 'qualifierId': 141, 'value': '45.1'}]",20qmwwdxbdp6ade3j9lssbvxm,H. Mackiewicz,,,Chicago Stars,Away
2823782229,274,1,1,32,52,dzxypx8djih58p668surbi4qm,1,19.4,33.1,2025-06-22T02:38:29.271Z,2025-06-22T02:38:32Z,"[{'id': 5777528247, 'qualifierId': 141, 'value': '7.1'}, {'id': 5777528251, 'qualifierId': 213, 'value': '5.03'}, {'id': 5777528249, 'qualifierId': 212, 'value': '18.6'}, {'id': 5777528245, 'qualifierId': 140, 'value': '24.9'}, {'id': 5777528243, 'qualifierId': 56, 'value': 'Back'}]",6zzk0lgja87zs45h8btgheled,C. Onwualu,,,Chicago Stars,Away
2823782245,275,1,1,32,55,dzxypx8djih58p668surbi4qm,0,29.0,6.7,2025-06-22T02:38:32.407Z,2025-06-22T02:38:36Z,"[{'id': 5777528303, 'qualifierId': 140, 'value': '71.0'}, {'id': 5777528311, 'qualifierId': 1}, {'id': 5777528305, 'qualifierId': 141, 'value': '0.0'}, {'id': 5777528301, 'qualifierId': 56, 'value': 'Right'}, {'id': 5777528309, 'qualifierId': 213, 'value': '6.17'}, {'id': 5777528299, 'qualifierId': 155}, {'id': 5777528307, 'qualifierId': 212, 'value': '44.4'}]",v0k2w41tlj0elpj7nrw68onp,N. Kuikka,,,Chicago Stars,Away
2823782247,276,5,1,32,58,dzxypx8djih58p668surbi4qm,0,68.9,-1.0,2025-06-22T02:38:35.614Z,2025-06-22T02:55:04Z,"[{'id': 5777528327, 'qualifierId': 233, 'value': '338'}, {'id': 5777528315, 'qualifierId': 347}, {'id': 5777528313, 'qualifierId': 56, 'value': 'Right'}]",v0k2w41tlj0elpj7nrw68onp,N. Kuikka,,,Chicago Stars,Away
2823782243,338,5,1,32,58,446mp88j1vpk9iwui9fiifrp8,1,31.1,101.0,2025-06-22T02:38:35.614Z,2025-06-22T02:55:04Z,"[{'id': 5777528293, 'qualifierId': 347}, {'id': 5777528321, 'qualifierId': 233, 'value': '276'}, {'id': 5777528291, 'qualifierId': 56, 'value': 'Back'}]",8oj7cqgjacle67i49w4a3gx6,I. Obaze,,,Portland Thorns,Home
2823782291,339,1,1,33,21,446mp88j1vpk9iwui9fiifrp8,1,22.8,100.0,2025-06-22T02:38:58.894Z,2025-06-22T02:39:02Z,"[{'id': 5777528551, 'qualifierId': 140, 'value': '27.0'}, {'id': 5777528555, 'qualifierId': 212, 'value': '11.8'}, {'id': 5777528557, 'qualifierId': 213, 'value': '5.10'}, {'id': 5777528549, 'qualifierId': 56, 'value': 'Back'}, {'id': 5777528547, 'qualifierId': 107}, {'id': 5777528553, 'qualifierId': 141, 'value': '85.9'}]",615vz7uoe3eiozddbe206io6h,R. Reyes,,,Portland Thorns,Home
2823782293,340,1,1,33,25,446mp88j1vpk9iwui9fiifrp8,0,26.4,93.5,2025-06-22T02:39:02.496Z,2025-06-22T02:39:03Z,"[{'id': 5777528615, 'qualifierId': 157}, {'id': 5777528627, 'qualifierId': 1}, {'id': 5777528623, 'qualifierId': 212, 'value': '13.3'}, {'id': 5777528619, 'qualifierId': 140, 'value': '39.1'}, {'id': 5777528621, 'qualifierId': 141, 'value': '93.6'}, {'id': 5777528625, 'qualifierId': 213, 'value': '0.01'}, {'id': 5777528617, 'qualifierId': 56, 'value': 'Back'}]",5b2dire687lp3dasdj2z3n0q2,R. Turner,,,Portland Thorns,Home
2823782295,277,49,1,33,28,dzxypx8djih58p668surbi4qm,1,56.0,2.6,2025-06-22T02:39:05.192Z,2025-06-22T02:39:05Z,[],v0k2w41tlj0elpj7nrw68onp,N. Kuikka,,,Chicago Stars,Away
2823782299,278,1,1,33,29,dzxypx8djih58p668surbi4qm,1,55.3,4.9,2025-06-22T02:39:06.103Z,2025-06-22T02:39:10Z,"[{'id': 5777528651, 'qualifierId': 212, 'value': '22.9'}, {'id': 5777528649, 'qualifierId': 141, 'value': '24.7'}, {'id': 5777528645, 'qualifierId': 56, 'value': 'Back'}, {'id': 5777528653, 'qualifierId': 213, 'value': '2.51'}, {'id': 5777528647, 'qualifierId': 140, 'value': '37.6'}]",v0k2w41tlj0elpj7nrw68onp,N. Kuikka,,,Chicago Stars,Away
2823782303,279,1,1,33,33,dzxypx8djih58p668surbi4qm,1,35.7,32.4,2025-06-22T02:39:10.343Z,2025-06-22T02:39:12Z,"[{'id': 5777528677, 'qualifierId': 213, 'value': '1.85'}, {'id': 5777528675, 'qualifierId': 212, 'value': '14.8'}, {'id': 5777528671, 'qualifierId': 140, 'value': '31.8'}, {'id': 5777528673, 'qualifierId': 141, 'value': '53.3'}, {'id': 5777528669, 'qualifierId': 56, 'value': 'Back'}]",6zzk0lgja87zs45h8btgheled,C. Onwualu,,,Chicago Stars,Away
2823782309,280,1,1,33,35,dzxypx8djih58p668surbi4qm,1,31.8,52.1,2025-06-22T02:39:12.887Z,2025-06-22T02:39:16Z,"[{'id': 5777528723, 'qualifierId': 140, 'value': '39.0'}, {'id': 5777528729, 'qualifierId': 213, 'value': '5.11'}, {'id': 5777528727, 'qualifierId': 212, 'value': '19.5'}, {'id': 5777528721, 'qualifierId': 56, 'value': 'Back'}, {'id': 5777528725, 'qualifierId': 141, 'value': '25.6'}]",11u4dj0z0p616zx9gsnil66ay,S. Staab,,,Chicago Stars,Away
2823782319,281,1,1,33,39,dzxypx8djih58p668surbi4qm,1,42.0,23.0,2025-06-22T02:39:16.919Z,2025-06-22T02:39:21Z,"[{'id': 5777528777, 'qualifierId': 140, 'value': '44.3'}, {'id': 5777528775, 'qualifierId': 56, 'value': 'Back'}, {'id': 5777528783, 'qualifierId': 213, 'value': '4.92'}, {'id': 5777528779, 'qualifierId': 141, 'value': '6.1'}, {'id': 5777528781, 'qualifierId': 212, 'value': '11.7'}]",6zzk0lgja87zs45h8btgheled,C. Onwualu,,,Chicago Stars,Away
2823782321,282,1,1,33,44,dzxypx8djih58p668surbi4qm,0,57.8,5.8,2025-06-22T02:39:21.321Z,2025-06-22T02:39:22Z,"[{'id': 5777528793, 'qualifierId': 141, 'value': '24.1'}, {'id': 5777528789, 'qualifierId': 56, 'value': 'Center'}, {'id': 5777528797, 'qualifierId': 213, 'value': '0.54'}, {'id': 5777528791, 'qualifierId': 140, 'value': '77.4'}, {'id': 5777528795, 'qualifierId': 212, 'value': '24.0'}, {'id': 5777528787, 'qualifierId': 155}]",v0k2w41tlj0elpj7nrw68onp,N. Kuikka,,,Chicago Stars,Away
2823782325,341,49,1,33,46,446mp88j1vpk9iwui9fiifrp8,1,23.0,77.3,2025-06-22T02:39:23.424Z,2025-06-22T02:39:23Z,[],8oj7cqgjacle67i49w4a3gx6,I. Obaze,,,Portland Thorns,Home
2823782333,342,1,1,33,47,446mp88j1vpk9iwui9fiifrp8,1,22.4,79.7,2025-06-22T02:39:24.433Z,2025-06-22T02:39:28Z,"[{'id': 5777528857, 'qualifierId': 141, 'value': '81.5'}, {'id': 5777528859, 'qualifierId': 212, 'value': '8.6'}, {'id': 5777528851, 'qualifierId': 155}, {'id': 5777528861, 'qualifierId': 213, 'value': '0.14'}, {'id': 5777528855, 'qualifierId': 140, 'value': '30.5'}, {'id': 5777528853, 'qualifierId': 56, 'value': 'Back'}]",8oj7cqgjacle67i49w4a3gx6,I. Obaze,,,Portland Thorns,Home
2823782341,343,1,1,33,51,446mp88j1vpk9iwui9fiifrp8,1,31.3,92.7,2025-06-22T02:39:28.286Z,2025-06-22T02:39:31Z,"[{'id': 5777528907, 'qualifierId': 212, 'value': '5.4'}, {'id': 5777528909, 'qualifierId': 213, 'value': '2.92'}, {'id': 5777528905, 'qualifierId': 141, 'value': '94.4'}, {'id': 5777528901, 'qualifierId': 56, 'value': 'Back'}, {'id': 5777528903, 'qualifierId': 140, 'value': '26.3'}]",7in4ykzbs8p44qy4jrb10p0wl,H. Sugita,,,Portland Thorns,Home
2823782351,344,1,1,33,54,446mp88j1vpk9iwui9fiifrp8,1,26.3,94.4,2025-06-22T02:39:31.311Z,2025-06-22T02:39:37Z,"[{'id': 5777528967, 'qualifierId': 213, 'value': '6.11'}, {'id': 5777528957, 'qualifierId': 155}, {'id': 5777528959, 'qualifierId': 56, 'value': 'Left'}, {'id': 5777528969, 'qualifierId': 1}, {'id': 5777528961, 'qualifierId': 140, 'value': '67.9'}, {'id': 5777528965, 'qualifierId': 212, 'value': '44.4'}, {'id': 5777528963, 'qualifierId': 141, 'value': '82.9'}]",615vz7uoe3eiozddbe206io6h,R. Reyes,,,Portland Thorns,Home
2823782357,345,1,1,34,0,446mp88j1vpk9iwui9fiifrp8,1,65.5,94.8,2025-06-22T02:39:37.695Z,2025-06-22T02:39:41Z,"[{'id': 5777529009, 'qualifierId': 213, 'value': '3.80'}, {'id': 5777529007, 'qualifierId': 212, 'value': '7.4'}, {'id': 5777529003, 'qualifierId': 140, 'value': '59.9'}, {'id': 5777529005, 'qualifierId': 141, 'value': '88.1'}, {'id': 5777529001, 'qualifierId': 56, 'value': 'Left'}]",7izc8t071mkrrgvptdjru467e,O. Moultrie,,,Portland Thorns,Home
2823782359,346,1,1,34,4,446mp88j1vpk9iwui9fiifrp8,1,48.3,76.6,2025-06-22T02:39:41.343Z,2025-06-22T02:39:46Z,"[{'id': 5777529027, 'qualifierId': 212, 'value': '16.4'}, {'id': 5777529021, 'qualifierId': 56, 'value': 'Back'}, {'id': 5777529025, 'qualifierId': 141, 'value': '65.2'}, {'id': 5777529023, 'qualifierId': 140, 'value': '34.5'}, {'id': 5777529029, 'qualifierId': 213, 'value': '3.63'}]",5b2dire687lp3dasdj2z3n0q2,R. Turner,,,Portland Thorns,Home
2823782361,347,1,1,34,9,446mp88j1vpk9iwui9fiifrp8,1,31.7,59.0,2025-06-22T02:39:46.112Z,2025-06-22T02:39:50Z,"[{'id': 5777529043, 'qualifierId': 212, 'value': '13.2'}, {'id': 5777529037, 'qualifierId': 56, 'value': 'Back'}, {'id': 5777529045, 'qualifierId': 213, 'value': '4.98'}, {'id': 5777529041, 'qualifierId': 141, 'value': '40.3'}, {'id': 5777529039, 'qualifierId': 140, 'value': '35.0'}]",7izc8t071mkrrgvptdjru467e,O. Moultrie,,,Portland Thorns,Home
2823782375,348,1,1,34,12,446mp88j1vpk9iwui9fiifrp8,1,31.0,40.3,2025-06-22T02:39:49.934Z,2025-06-22T02:39:57Z,"[{'id': 5777529133, 'qualifierId': 213, 'value': '2.66'}, {'id': 5777529127, 'qualifierId': 140, 'value': '18.9'}, {'id': 5777529125, 'qualifierId': 56, 'value': 'Back'}, {'id': 5777529129, 'qualifierId': 141, 'value': '50.1'}, {'id': 5777529131, 'qualifierId': 212, 'value': '14.3'}]",74uudh34v23m2z9gy5tdppxey,S. Hiatt,,,Portland Thorns,Home
2823782383,349,1,1,34,20,446mp88j1vpk9iwui9fiifrp8,1,19.6,40.1,2025-06-22T02:39:57.151Z,2025-06-22T02:40:00Z,"[{'id': 5777529189, 'qualifierId': 213, 'value': '0.11'}, {'id': 5777529183, 'qualifierId': 140, 'value': '39.8'}, {'id': 5777529187, 'qualifierId': 212, 'value': '21.4'}, {'id': 5777529185, 'qualifierId': 141, 'value': '43.7'}, {'id': 5777529181, 'qualifierId': 56, 'value': 'Back'}]",1yva0f096q2oqk5gz59utr42y,B. Bixby,,,Portland Thorns,Home
2823782389,350,1,1,34,23,446mp88j1vpk9iwui9fiifrp8,1,37.6,50.6,2025-06-22T02:40:00.111Z,2025-06-22T02:40:04Z,"[{'id': 5777529247, 'qualifierId': 140, 'value': '30.9'}, {'id': 5777529253, 'qualifierId': 213, 'value': '2.00'}, {'id': 5777529245, 'qualifierId': 56, 'value': 'Back'}, {'id': 5777529249, 'qualifierId': 141, 'value': '73.5'}, {'id': 5777529251, 'qualifierId': 212, 'value': '17.1'}]",7izc8t071mkrrgvptdjru467e,O. Moultrie,,,Portland Thorns,Home
2823782399,351,1,1,34,27,446mp88j1vpk9iwui9fiifrp8,1,40.7,81.5,2025-06-22T02:40:04.463Z,2025-06-22T02:40:09Z,"[{'id': 5777529311, 'qualifierId': 212, 'value': '18.2'}, {'id': 5777529307, 'qualifierId': 140, 'value': '54.4'}, {'id': 5777529305, 'qualifierId': 56, 'value': 'Left'}, {'id': 5777529309, 'qualifierId': 141, 'value': '98.0'}, {'id': 5777529313, 'qualifierId': 213, 'value': '0.66'}]",8oj7cqgjacle67i49w4a3gx6,I. Obaze,,,Portland Thorns,Home
2823782405,352,1,1,34,32,446mp88j1vpk9iwui9fiifrp8,1,48.1,69.0,2025-06-22T02:40:09.487Z,2025-06-22T02:40:12Z,"[{'id': 5777529347, 'qualifierId': 141, 'value': '48.1'}, {'id': 5777529349, 'qualifierId': 212, 'value': '16.1'}, {'id': 5777529351, 'qualifierId': 213, 'value': '4.22'}, {'id': 5777529345, 'qualifierId': 140, 'value': '40.9'}, {'id': 5777529343, 'qualifierId': 56, 'value': 'Back'}]",615vz7uoe3eiozddbe206io6h,R. Reyes,,,Portland Thorns,Home
2823782413,353,1,1,34,35,446mp88j1vpk9iwui9fiifrp8,1,41.2,52.5,2025-06-22T02:40:12.623Z,2025-06-22T02:40:16Z,"[{'id': 5777529387, 'qualifierId': 212, 'value': '23.6'}, {'id': 5777529381, 'qualifierId': 56, 'value': 'Back'}, {'id': 5777529385, 'qualifierId': 141, 'value': '49.3'}, {'id': 5777529383, 'qualifierId': 140, 'value': '18.8'}, {'id': 5777529389, 'qualifierId': 213, 'value': '3.23'}]",74uudh34v23m2z9gy5tdppxey,S. Hiatt,,,Portland Thorns,Home
2823782419,354,1,1,34,39,446mp88j1vpk9iwui9fiifrp8,1,19.5,49.1,2025-06-22T02:40:16.879Z,2025-06-22T02:40:19Z,"[{'id': 5777529427, 'qualifierId': 213, 'value': '0.28'}, {'id': 5777529421, 'qualifierId': 140, 'value': '34.7'}, {'id': 5777529425, 'qualifierId': 212, 'value': '16.6'}, {'id': 5777529423, 'qualifierId': 141, 'value': '55.8'}, {'id': 5777529419, 'qualifierId': 56, 'value': 'Back'}]",1yva0f096q2oqk5gz59utr42y,B. Bixby,,,Portland Thorns,Home
2823782421,355,1,1,34,42,446mp88j1vpk9iwui9fiifrp8,1,38.2,56.4,2025-06-22T02:40:19.519Z,2025-06-22T02:40:20Z,"[{'id': 5777529431, 'qualifierId': 56, 'value': 'Back'}, {'id': 5777529435, 'qualifierId': 141, 'value': '65.1'}, {'id': 5777529437, 'qualifierId': 212, 'value': '9.7'}, {'id': 5777529433, 'qualifierId': 140, 'value': '45.5'}, {'id': 5777529439, 'qualifierId': 213, 'value': '0.66'}]",cmolam8ri93kos2rasjhnuxyi,S. Coffey,,,Portland Thorns,Home
2823782423,356,1,1,34,43,446mp88j1vpk9iwui9fiifrp8,0,45.5,65.1,2025-06-22T02:40:20.495Z,2025-06-22T02:40:21Z,"[{'id': 5777529451, 'qualifierId': 213, 'value': '5.82'}, {'id': 5777529443, 'qualifierId': 56, 'value': 'Back'}, {'id': 5777529449, 'qualifierId': 212, 'value': '2.1'}, {'id': 5777529445, 'qualifierId': 140, 'value': '47.3'}, {'id': 5777529447, 'qualifierId': 141, 'value': '63.7'}]",7in4ykzbs8p44qy4jrb10p0wl,H. Sugita,,,Portland Thorns,Home
2823782427,283,61,1,34,45,dzxypx8djih58p668surbi4qm,1,54.2,26.5,2025-06-22T02:40:22.225Z,2025-06-22T02:40:22Z,"[{'id': 5777529465, 'qualifierId': 56, 'value': 'Center'}]",v0k2w41tlj0elpj7nrw68onp,N. Kuikka,,,Chicago Stars,Away
2823782431,357,3,1,34,48,446mp88j1vpk9iwui9fiifrp8,0,67.9,88.7,2025-06-22T02:40:25.359Z,2025-06-22T02:54:59Z,"[{'id': 5777529481, 'qualifierId': 56, 'value': 'Left'}, {'id': 5777529507, 'qualifierId': 233, 'value': '284'}, {'id': 5777529483, 'qualifierId': 286}]",7in4ykzbs8p44qy4jrb10p0wl,H. Sugita,,,Portland Thorns,Home
2823782437,284,7,1,34,48,dzxypx8djih58p668surbi4qm,1,32.1,11.3,2025-06-22T02:40:25.360Z,2025-06-22T02:54:59Z,"[{'id': 5777529501, 'qualifierId': 285}, {'id': 5777529499, 'qualifierId': 56, 'value': 'Back'}, {'id': 5777529503, 'qualifierId': 233, 'value': '357'}]",v0k2w41tlj0elpj7nrw68onp,N. Kuikka,,,Chicago Stars,Away
2823782435,358,61,1,34,50,446mp88j1vpk9iwui9fiifrp8,0,67.0,86.5,2025-06-22T02:40:27.615Z,2025-06-22T02:40:27Z,"[{'id': 5777529497, 'qualifierId': 56, 'value': 'Left'}]",7in4ykzbs8p44qy4jrb10p0wl,H. Sugita,,,Portland Thorns,Home
2823782443,285,1,1,34,50,dzxypx8djih58p668surbi4qm,1,34.4,15.0,2025-06-22T02:40:28.007Z,2025-06-22T02:40:30Z,"[{'id': 5777529541, 'qualifierId': 141, 'value': '25.2'}, {'id': 5777529545, 'qualifierId': 213, 'value': '1.78'}, {'id': 5777529539, 'qualifierId': 140, 'value': '33.0'}, {'id': 5777529537, 'qualifierId': 56, 'value': 'Back'}, {'id': 5777529543, 'qualifierId': 212, 'value': '7.1'}]",8v62hppzsz2yonw60h9910iga,J. Bike,,,Chicago Stars,Away
2823782445,286,49,1,34,52,dzxypx8djih58p668surbi4qm,1,33.0,25.2,2025-06-22T02:40:29.960Z,2025-06-22T02:40:30Z,[],56jjwfa02gep01vggqojvfbe2,M. Hayashi,,,Chicago Stars,Away
2823782451,287,1,1,34,53,dzxypx8djih58p668surbi4qm,1,33.0,25.2,2025-06-22T02:40:30.151Z,2025-06-22T02:40:32Z,"[{'id': 5777529569, 'qualifierId': 140, 'value': '30.5'}, {'id': 5777529573, 'qualifierId': 212, 'value': '9.2'}, {'id': 5777529575, 'qualifierId': 213, 'value': '4.42'}, {'id': 5777529571, 'qualifierId': 141, 'value': '12.3'}, {'id': 5777529567, 'qualifierId': 56, 'value': 'Back'}]",56jjwfa02gep01vggqojvfbe2,M. Hayashi,,,Chicago Stars,Away
2823782457,288,1,1,34,55,dzxypx8djih58p668surbi4qm,1,30.5,12.3,2025-06-22T02:40:32.087Z,2025-06-22T02:40:34Z,"[{'id': 5777529613, 'qualifierId': 213, 'value': '2.39'}, {'id': 5777529609, 'qualifierId': 141, 'value': '26.4'}, {'id': 5777529605, 'qualifierId': 56, 'value': 'Back'}, {'id': 5777529607, 'qualifierId': 140, 'value': '20.8'}, {'id': 5777529611, 'qualifierId': 212, 'value': '14.0'}]",v0k2w41tlj0elpj7nrw68onp,N. Kuikka,,,Chicago Stars,Away
2823782461,289,1,1,34,57,dzxypx8djih58p668surbi4qm,0,24.3,21.0,2025-06-22T02:40:34.121Z,2025-06-22T02:40:37Z,"[{'id': 5777529643, 'qualifierId': 1}, {'id': 5777529631, 'qualifierId': 155}, {'id': 5777529635, 'qualifierId': 140, 'value': '63.0'}, {'id': 5777529633, 'qualifierId': 56, 'value': 'Right'}, {'id': 5777529641, 'qualifierId': 213, 'value': '6.20'}, {'id': 5777529637, 'qualifierId': 141, 'value': '15.9'}, {'id': 5777529639, 'qualifierId': 212, 'value': '40.8'}]",6zzk0lgja87zs45h8btgheled,C. Onwualu,,,Chicago Stars,Away
2823782467,359,44,1,34,59,446mp88j1vpk9iwui9fiifrp8,1,39.8,84.6,2025-06-22T02:40:36.870Z,2025-06-22T04:01:07Z,"[{'id': 5777529669, 'qualifierId': 233, 'value': '290'}, {'id': 5777529665, 'qualifierId': 56, 'value': 'Back'}, {'id': 5777529667, 'qualifierId': 285}]",8oj7cqgjacle67i49w4a3gx6,I. Obaze,,,Portland Thorns,Home
2823782463,290,44,1,34,59,dzxypx8djih58p668surbi4qm,0,60.2,15.4,2025-06-22T02:40:36.871Z,2025-06-22T04:01:07Z,"[{'id': 5777529673, 'qualifierId': 233, 'value': '359'}, {'id': 5777529647, 'qualifierId': 56, 'value': 'Right'}, {'id': 5777529649, 'qualifierId': 286}]",6e7scc2z7henelebs853mc844,A. Schlegel,,,Chicago Stars,Away
2823782469,360,12,1,35,1,446mp88j1vpk9iwui9fiifrp8,1,44.4,85.4,2025-06-22T02:40:39.023Z,2025-06-22T02:40:41Z,"[{'id': 5777529687, 'qualifierId': 213, 'value': '5.12'}, {'id': 5777529679, 'qualifierId': 56, 'value': 'Back'}, {'id': 5777529681, 'qualifierId': 140, 'value': '48.4'}, {'id': 5777529685, 'qualifierId': 212, 'value': '10.5'}, {'id': 5777529683, 'qualifierId': 141, 'value': '71.2'}, {'id': 5777529689, 'qualifierId': 15}]",8oj7cqgjacle67i49w4a3gx6,I. Obaze,,,Portland Thorns,Home
2823782475,361,49,1,35,4,446mp88j1vpk9iwui9fiifrp8,1,42.6,72.0,2025-06-22T02:40:41.776Z,2025-06-22T02:40:42Z,[],cmolam8ri93kos2rasjhnuxyi,S. Coffey,,,Portland Thorns,Home
2823782481,362,1,1,35,4,446mp88j1vpk9iwui9fiifrp8,1,42.6,72.0,2025-06-22T02:40:41.999Z,2025-06-22T02:45:48Z,"[{'id': 5777529719, 'qualifierId': 56, 'value': 'Back'}, {'id': 5777529723, 'qualifierId': 141, 'value': '69.4'}, {'id': 5777529721, 'qualifierId': 140, 'value': '30.9'}, {'id': 5777529725, 'qualifierId': 212, 'value': '12.4'}, {'id': 5777529727, 'qualifierId': 213, 'value': '3.28'}]",cmolam8ri93kos2rasjhnuxyi,S. Coffey,,,Portland Thorns,Home
2823782483,363,1,1,35,6,446mp88j1vpk9iwui9fiifrp8,1,30.9,69.4,2025-06-22T02:40:43.471Z,2025-06-22T02:40:44Z,"[{'id': 5777529741, 'qualifierId': 140, 'value': '37.6'}, {'id': 5777529745, 'qualifierId': 212, 'value': '7.1'}, {'id': 5777529747, 'qualifierId': 213, 'value': '6.16'}, {'id': 5777529739, 'qualifierId': 56, 'value': 'Back'}, {'id': 5777529743, 'qualifierId': 141, 'value': '68.1'}]",74uudh34v23m2z9gy5tdppxey,S. Hiatt,,,Portland Thorns,Home
2823782487,364,1,1,35,7,446mp88j1vpk9iwui9fiifrp8,1,37.6,68.1,2025-06-22T02:40:44.223Z,2025-06-22T02:40:46Z,"[{'id': 5777529773, 'qualifierId': 212, 'value': '20.7'}, {'id': 5777529769, 'qualifierId': 140, 'value': '32.3'}, {'id': 5777529775, 'qualifierId': 213, 'value': '4.44'}, {'id': 5777529771, 'qualifierId': 141, 'value': '38.8'}, {'id': 5777529767, 'qualifierId': 56, 'value': 'Back'}]",cmolam8ri93kos2rasjhnuxyi,S. Coffey,,,Portland Thorns,Home
2823782499,365,1,1,35,11,446mp88j1vpk9iwui9fiifrp8,1,27.7,35.1,2025-06-22T02:40:48.351Z,2025-06-22T02:40:50Z,"[{'id': 5777529841, 'qualifierId': 212, 'value': '17.1'}, {'id': 5777529839, 'qualifierId': 141, 'value': '53.0'}, {'id': 5777529835, 'qualifierId': 56, 'value': 'Back'}, {'id': 5777529843, 'qualifierId': 213, 'value': '0.79'}, {'id': 5777529837, 'qualifierId': 140, 'value': '39.2'}]",7whcppsae8rxxj20zaxpx1wq1,K. Torpey,,,Portland Thorns,Home
2823782505,366,1,1,35,13,446mp88j1vpk9iwui9fiifrp8,1,39.2,53.0,2025-06-22T02:40:50.879Z,2025-06-22T02:40:52Z,"[{'id': 5777529899, 'qualifierId': 213, 'value': '2.17'}, {'id': 5777529897, 'qualifierId': 212, 'value': '15.0'}, {'id': 5777529893, 'qualifierId': 140, 'value': '31.1'}, {'id': 5777529915, 'qualifierId': 156}, {'id': 5777529895, 'qualifierId': 141, 'value': '71.2'}, {'id': 5777529891, 'qualifierId': 56, 'value': 'Back'}]",7in4ykzbs8p44qy4jrb10p0wl,H. Sugita,,,Portland Thorns,Home
2823782519,367,1,1,35,16,446mp88j1vpk9iwui9fiifrp8,1,31.1,71.2,2025-06-22T02:40:53.231Z,2025-06-22T02:40:56Z,"[{'id': 5777529973, 'qualifierId': 56, 'value': 'Left'}, {'id': 5777529975, 'qualifierId': 140, 'value': '53.2'}, {'id': 5777529979, 'qualifierId': 212, 'value': '28.5'}, {'id': 5777529981, 'qualifierId': 213, 'value': '0.62'}, {'id': 5777529977, 'qualifierId': 141, 'value': '95.6'}]",8oj7cqgjacle67i49w4a3gx6,I. Obaze,,,Portland Thorns,Home
2823782527,368,1,1,35,19,446mp88j1vpk9iwui9fiifrp8,1,63.9,81.1,2025-06-22T02:40:56.879Z,2025-06-22T02:40:59Z,"[{'id': 5777530033, 'qualifierId': 141, 'value': '70.8'}, {'id': 5777530035, 'qualifierId': 212, 'value': '11.0'}, {'id': 5777530031, 'qualifierId': 140, 'value': '72.0'}, {'id': 5777530029, 'qualifierId': 56, 'value': 'Center'}, {'id': 5777530037, 'qualifierId': 213, 'value': '5.59'}]",615vz7uoe3eiozddbe206io6h,R. Reyes,,,Portland Thorns,Home
2823782535,369,1,1,35,22,446mp88j1vpk9iwui9fiifrp8,1,81.1,74.5,2025-06-22T02:40:59.903Z,2025-06-22T02:41:02Z,"[{'id': 5777530077, 'qualifierId': 56, 'value': 'Left'}, {'id': 5777530083, 'qualifierId': 212, 'value': '14.4'}, {'id': 5777530079, 'qualifierId': 140, 'value': '94.5'}, {'id': 5777530081, 'qualifierId': 141, 'value': '79.3'}, {'id': 5777530085, 'qualifierId': 213, 'value': '0.23'}]",7izc8t071mkrrgvptdjru467e,O. Moultrie,,,Portland Thorns,Home
2823782547,370,1,1,35,25,446mp88j1vpk9iwui9fiifrp8,0,93.7,80.8,2025-06-22T02:41:02.799Z,2025-06-22T02:41:27Z,"[{'id': 5777530145, 'qualifierId': 155}, {'id': 5777530143, 'qualifierId': 2}, {'id': 5777530147, 'qualifierId': 56, 'value': 'Center'}, {'id': 5777530153, 'qualifierId': 212, 'value': '2.4'}, {'id': 5777530151, 'qualifierId': 141, 'value': '77.3'}, {'id': 5777530155, 'qualifierId': 213, 'value': '4.84'}, {'id': 5777530149, 'qualifierId': 140, 'value': '94.0'}]",5b2dire687lp3dasdj2z3n0q2,R. Turner,,,Portland Thorns,Home
2823782587,292,61,1,35,26,dzxypx8djih58p668surbi4qm,1,5.9,23.9,2025-06-22T02:41:03.631Z,2025-06-22T02:41:27Z,"[{'id': 5777530359, 'qualifierId': 56, 'value': 'Back'}]",v0k2w41tlj0elpj7nrw68onp,N. Kuikka,,,Chicago Stars,Away
2823782549,371,13,1,35,28,446mp88j1vpk9iwui9fiifrp8,1,90.2,37.8,2025-06-22T02:41:05.983Z,2025-06-22T02:41:20Z,"[{'id': 5777530161, 'qualifierId': 17}, {'id': 5777530357, 'qualifierId': 231, 'value': '48.0'}, {'id': 5777530343, 'qualifierId': 84}, {'id': 5777530353, 'qualifierId': 458}, {'id': 5777530347, 'qualifierId': 103, 'value': '1.4'}, {'id': 5777530345, 'qualifierId': 102, 'value': '41.0'}, {'id': 5777530163, 'qualifierId': 56, 'value': 'Center'}, {'id': 5777530349, 'qualifierId': 108}, {'id': 5777530159, 'qualifierId': 22}, {'id': 5777530351, 'qualifierId': 328}, {'id': 5777530255, 'qualifierId': 20}, {'id': 5777530355, 'qualifierId': 230, 'value': '99.0'}]",ek8x7y3jt0xcebttt75qi5exh,J. Fleming,,,Portland Thorns,Home
2823782551,291,5,1,35,29,dzxypx8djih58p668surbi4qm,1,-1.6,63.3,2025-06-22T02:41:06.087Z,2025-06-22T02:55:05Z,"[{'id': 5777530173, 'qualifierId': 346}, {'id': 5777530201, 'qualifierId': 233, 'value': '372'}, {'id': 5777530171, 'qualifierId': 56, 'value': 'Back'}]",6e7scc2z7henelebs853mc844,A. Schlegel,,,Chicago Stars,Away
2823782557,372,5,1,35,29,446mp88j1vpk9iwui9fiifrp8,0,101.6,36.7,2025-06-22T02:41:06.087Z,2025-06-22T02:55:05Z,"[{'id': 5777530199, 'qualifierId': 346}, {'id': 5777530217, 'qualifierId': 233, 'value': '291'}, {'id': 5777530197, 'qualifierId': 56, 'value': 'Center'}]",ek8x7y3jt0xcebttt75qi5exh,J. Fleming,,,Portland Thorns,Home
2823782605,293,1,1,35,55,dzxypx8djih58p668surbi4qm,0,4.7,42.8,2025-06-22T02:41:32.760Z,2025-06-22T02:41:34Z,"[{'id': 5777530419, 'qualifierId': 56, 'value': 'Center'}, {'id': 5777530431, 'qualifierId': 74}, {'id': 5777530423, 'qualifierId': 141, 'value': '49.9'}, {'id': 5777530421, 'qualifierId': 140, 'value': '53.5'}, {'id': 5777530417, 'qualifierId': 124}, {'id': 5777530425, 'qualifierId': 212, 'value': '51.5'}, {'id': 5777530429, 'qualifierId': 1}, {'id': 5777530427, 'qualifierId': 213, 'value': '0.09'}, {'id': 5777530439, 'qualifierId': 189}]",20qmwwdxbdp6ade3j9lssbvxm,H. Mackiewicz,,,Chicago Stars,Away
2823782613,373,1,1,35,57,446mp88j1vpk9iwui9fiifrp8,1,60.8,48.2,2025-06-22T02:41:34.240Z,2025-06-22T02:41:36Z,"[{'id': 5777530461, 'qualifierId': 212, 'value': '7.2'}, {'id': 5777530455, 'qualifierId': 56, 'value': 'Center'}, {'id': 5777530463, 'qualifierId': 213, 'value': '6.14'}, {'id': 5777530453, 'qualifierId': 3}, {'id': 5777530457, 'qualifierId': 140, 'value': '67.6'}, {'id': 5777530459, 'qualifierId': 141, 'value': '46.7'}]",cmolam8ri93kos2rasjhnuxyi,S. Coffey,,,Portland Thorns,Home
2823782615,374,44,1,35,58,446mp88j1vpk9iwui9fiifrp8,1,63.8,50.6,2025-06-22T02:41:35.846Z,2025-06-22T04:01:07Z,"[{'id': 5777530471, 'qualifierId': 56, 'value': 'Center'}, {'id': 5777530475, 'qualifierId': 233, 'value': '294'}, {'id': 5777530473, 'qualifierId': 286}]",7izc8t071mkrrgvptdjru467e,O. Moultrie,,,Portland Thorns,Home
2823782611,294,44,1,35,58,dzxypx8djih58p668surbi4qm,0,36.2,49.4,2025-06-22T02:41:35.847Z,2025-06-22T04:01:08Z,"[{'id': 5777530479, 'qualifierId': 233, 'value': '374'}, {'id': 5777530449, 'qualifierId': 56, 'value': 'Back'}, {'id': 5777530451, 'qualifierId': 285}]",daze51b5849zsk2aqvgmkkbth,Maitane López,,,Chicago Stars,Away
2823782619,375,1,1,35,59,446mp88j1vpk9iwui9fiifrp8,1,67.6,46.7,2025-06-22T02:41:36.560Z,2025-06-22T02:46:56Z,"[{'id': 5777530509, 'qualifierId': 212, 'value': '6.7'}, {'id': 5777530507, 'qualifierId': 141, 'value': '37.3'}, {'id': 5777530503, 'qualifierId': 56, 'value': 'Center'}, {'id': 5777530501, 'qualifierId': 3}, {'id': 5777530505, 'qualifierId': 140, 'value': '65.6'}, {'id': 5777530511, 'qualifierId': 213, 'value': '4.39'}]",7izc8t071mkrrgvptdjru467e,O. Moultrie,,,Portland Thorns,Home
2823782621,376,61,1,36,3,446mp88j1vpk9iwui9fiifrp8,0,67.4,9.4,2025-06-22T02:41:40.223Z,2025-06-22T02:41:40Z,"[{'id': 5777530515, 'qualifierId': 56, 'value': 'Right'}]",ek8x7y3jt0xcebttt75qi5exh,J. Fleming,,,Portland Thorns,Home
2823782635,295,5,1,36,4,dzxypx8djih58p668surbi4qm,1,40.2,101.2,2025-06-22T02:41:41.103Z,2025-06-22T02:55:05Z,"[{'id': 5777530575, 'qualifierId': 347}, {'id': 5777530573, 'qualifierId': 56, 'value': 'Back'}, {'id': 5777530581, 'qualifierId': 233, 'value': '377'}]",daze51b5849zsk2aqvgmkkbth,Maitane López,,,Chicago Stars,Away
2823782625,377,5,1,36,4,446mp88j1vpk9iwui9fiifrp8,0,59.8,-1.2,2025-06-22T02:41:41.103Z,2025-06-22T02:41:49Z,"[{'id': 5777530531, 'qualifierId': 56, 'value': 'Right'}, {'id': 5777530587, 'qualifierId': 233, 'value': '295'}, {'id': 5777530533, 'qualifierId': 347}]",ek8x7y3jt0xcebttt75qi5exh,J. Fleming,,,Portland Thorns,Home
2823782651,296,1,1,36,16,dzxypx8djih58p668surbi4qm,1,33.6,100.0,2025-06-22T02:41:53.735Z,2025-06-22T02:41:56Z,"[{'id': 5777530669, 'qualifierId': 107}, {'id': 5777530673, 'qualifierId': 140, 'value': '21.4'}, {'id': 5777530675, 'qualifierId': 141, 'value': '83.6'}, {'id': 5777530671, 'qualifierId': 56, 'value': 'Back'}, {'id': 5777530679, 'qualifierId': 213, 'value': '3.89'}, {'id': 5777530677, 'qualifierId': 212, 'value': '17.4'}]",4tnm3hxzav142ow867jwcozkk,T. Malham,,,Chicago Stars,Away
2823782657,297,1,1,36,19,dzxypx8djih58p668surbi4qm,1,21.4,83.6,2025-06-22T02:41:56.391Z,2025-06-22T02:42:02Z,"[{'id': 5777530733, 'qualifierId': 141, 'value': '60.6'}, {'id': 5777530735, 'qualifierId': 212, 'value': '20.8'}, {'id': 5777530731, 'qualifierId': 140, 'value': '8.3'}, {'id': 5777530737, 'qualifierId': 213, 'value': '3.99'}, {'id': 5777530729, 'qualifierId': 56, 'value': 'Back'}]",11u4dj0z0p616zx9gsnil66ay,S. Staab,,,Chicago Stars,Away
2823782659,298,1,1,36,24,dzxypx8djih58p668surbi4qm,1,10.2,61.4,2025-06-22T02:42:02.008Z,2025-06-22T02:42:05Z,"[{'id': 5777530761, 'qualifierId': 213, 'value': '1.26'}, {'id': 5777530755, 'qualifierId': 140, 'value': '16.0'}, {'id': 5777530753, 'qualifierId': 56, 'value': 'Back'}, {'id': 5777530757, 'qualifierId': 141, 'value': '89.3'}, {'id': 5777530759, 'qualifierId': 212, 'value': '19.9'}]",20qmwwdxbdp6ade3j9lssbvxm,H. Mackiewicz,,,Chicago Stars,Away
2823782665,299,1,1,36,28,dzxypx8djih58p668surbi4qm,0,23.5,94.2,2025-06-22T02:42:05.272Z,2025-06-22T02:42:07Z,"[{'id': 5777530787, 'qualifierId': 213, 'value': '6.13'}, {'id': 5777530779, 'qualifierId': 56, 'value': 'Left'}, {'id': 5777530781, 'qualifierId': 140, 'value': '69.9'}, {'id': 5777530785, 'qualifierId': 212, 'value': '49.3'}, {'id': 5777530783, 'qualifierId': 141, 'value': '83.5'}, {'id': 5777530789, 'qualifierId': 1}, {'id': 5777530777, 'qualifierId': 155}]",11u4dj0z0p616zx9gsnil66ay,S. Staab,,,Chicago Stars,Away
2823782671,379,1,1,36,32,446mp88j1vpk9iwui9fiifrp8,1,23.3,15.9,2025-06-22T02:42:10.047Z,2025-06-22T02:42:11Z,"[{'id': 5777530803, 'qualifierId': 140, 'value': '36.8'}, {'id': 5777530801, 'qualifierId': 56, 'value': 'Back'}, {'id': 5777530805, 'qualifierId': 141, 'value': '12.5'}, {'id': 5777530809, 'qualifierId': 213, 'value': '6.12'}, {'id': 5777530807, 'qualifierId': 212, 'value': '14.4'}]",74uudh34v23m2z9gy5tdppxey,S. Hiatt,,,Portland Thorns,Home
2823782675,380,49,1,36,34,446mp88j1vpk9iwui9fiifrp8,1,36.8,12.5,2025-06-22T02:42:11.135Z,2025-06-22T02:42:11Z,[],7whcppsae8rxxj20zaxpx1wq1,K. Torpey,,,Portland Thorns,Home
2823782677,381,1,1,36,34,446mp88j1vpk9iwui9fiifrp8,1,36.8,12.5,2025-06-22T02:42:11.183Z,2025-06-22T02:42:12Z,"[{'id': 5777530839, 'qualifierId': 212, 'value': '31.4'}, {'id': 5777530837, 'qualifierId': 141, 'value': '57.5'}, {'id': 5777530833, 'qualifierId': 56, 'value': 'Back'}, {'id': 5777530841, 'qualifierId': 213, 'value': '1.80'}, {'id': 5777530835, 'qualifierId': 140, 'value': '30.0'}]",7whcppsae8rxxj20zaxpx1wq1,K. Torpey,,,Portland Thorns,Home
2823782679,382,1,1,36,35,446mp88j1vpk9iwui9fiifrp8,0,30.0,57.5,2025-06-22T02:42:12.816Z,2025-06-22T02:42:13Z,"[{'id': 5777530845, 'qualifierId': 56, 'value': 'Center'}, {'id': 5777530847, 'qualifierId': 140, 'value': '50.4'}, {'id': 5777530853, 'qualifierId': 213, 'value': '6.08'}, {'id': 5777530851, 'qualifierId': 212, 'value': '21.9'}, {'id': 5777530849, 'qualifierId': 141, 'value': '51.0'}]",8oj7cqgjacle67i49w4a3gx6,I. Obaze,,,Portland Thorns,Home
2823782681,300,8,1,36,37,dzxypx8djih58p668surbi4qm,1,47.1,51.9,2025-06-22T02:42:14.760Z,2025-06-22T02:42:14Z,"[{'id': 5777530855, 'qualifierId': 56, 'value': 'Back'}]",daze51b5849zsk2aqvgmkkbth,Maitane López,,,Chicago Stars,Away
2823782687,301,49,1,36,39,dzxypx8djih58p668surbi4qm,1,48.0,41.6,2025-06-22T02:42:16.392Z,2025-06-22T02:42:16Z,[],daze51b5849zsk2aqvgmkkbth,Maitane López,,,Chicago Stars,Away
2823782695,302,1,1,36,39,dzxypx8djih58p668surbi4qm,1,48.0,41.6,2025-06-22T02:42:16.824Z,2025-06-22T02:42:19Z,"[{'id': 5777530871, 'qualifierId': 213, 'value': '5.88'}, {'id': 5777530867, 'qualifierId': 141, 'value': '37.0'}, {'id': 5777530865, 'qualifierId': 140, 'value': '55.0'}, {'id': 5777530863, 'qualifierId': 56, 'value': 'Center'}, {'id': 5777530869, 'qualifierId': 212, 'value': '8.0'}]",daze51b5849zsk2aqvgmkkbth,Maitane López,,,Chicago Stars,Away
2823782697,303,4,1,36,42,dzxypx8djih58p668surbi4qm,1,54.2,49.8,2025-06-22T02:42:19.224Z,2025-06-22T02:54:54Z,"[{'id': 5777530875, 'qualifierId': 56, 'value': 'Center'}, {'id': 5777530987, 'qualifierId': 265}, {'id': 5777531109, 'qualifierId': 233, 'value': '383'}, {'id': 5777530983, 'qualifierId': 13}, {'id': 5777530985, 'qualifierId': 152}, {'id': 5777531107, 'qualifierId': 286}]",8v62hppzsz2yonw60h9910iga,J. Bike,,,Chicago Stars,Away
2823782715,383,4,1,36,42,446mp88j1vpk9iwui9fiifrp8,0,45.8,50.2,2025-06-22T02:42:19.225Z,2025-06-22T02:54:54Z,"[{'id': 5777530997, 'qualifierId': 265}, {'id': 5777530999, 'qualifierId': 285}, {'id': 5777531113, 'qualifierId': 233, 'value': '303'}, {'id': 5777530995, 'qualifierId': 152}, {'id': 5777530991, 'qualifierId': 13}, {'id': 5777530993, 'qualifierId': 56, 'value': 'Back'}]",615vz7uoe3eiozddbe206io6h,R. Reyes,,,Portland Thorns,Home
2823782747,304,1,1,37,14,dzxypx8djih58p668surbi4qm,0,51.9,46.9,2025-06-22T02:42:51.368Z,2025-06-22T02:42:52Z,"[{'id': 5777531205, 'qualifierId': 152}, {'id': 5777531201, 'qualifierId': 5}, {'id': 5777531215, 'qualifierId': 213, 'value': '5.52'}, {'id': 5777531211, 'qualifierId': 141, 'value': '16.8'}, {'id': 5777531213, 'qualifierId': 212, 'value': '29.6'}, {'id': 5777531203, 'qualifierId': 155}, {'id': 5777531207, 'qualifierId': 56, 'value': 'Right'}, {'id': 5777531209, 'qualifierId': 140, 'value': '72.2'}]",11u4dj0z0p616zx9gsnil66ay,S. Staab,,,Chicago Stars,Away
2823782763,384,1,1,37,18,446mp88j1vpk9iwui9fiifrp8,1,24.7,90.9,2025-06-22T02:42:55.328Z,2025-06-22T02:42:57Z,"[{'id': 5777531313, 'qualifierId': 141, 'value': '89.1'}, {'id': 5777531309, 'qualifierId': 56, 'value': 'Back'}, {'id': 5777531317, 'qualifierId': 213, 'value': '6.22'}, {'id': 5777531315, 'qualifierId': 212, 'value': '20.1'}, {'id': 5777531311, 'qualifierId': 140, 'value': '43.8'}, {'id': 5777531307, 'qualifierId': 3}]",7in4ykzbs8p44qy4jrb10p0wl,H. Sugita,,,Portland Thorns,Home
2823782765,385,49,1,37,19,446mp88j1vpk9iwui9fiifrp8,1,43.8,89.1,2025-06-22T02:42:56.992Z,2025-06-22T02:42:57Z,[],5b2dire687lp3dasdj2z3n0q2,R. Turner,,,Portland Thorns,Home
2823782771,305,45,1,37,22,dzxypx8djih58p668surbi4qm,0,32.9,20.7,2025-06-22T02:42:59.457Z,2025-06-22T04:07:48Z,"[{'id': 5777531381, 'qualifierId': 233, 'value': '386'}, {'id': 5777531353, 'qualifierId': 56, 'value': 'Back'}, {'id': 5777531355, 'qualifierId': 285}]",daze51b5849zsk2aqvgmkkbth,Maitane López,,,Chicago Stars,Away
2823782773,386,3,1,37,22,446mp88j1vpk9iwui9fiifrp8,1,67.1,79.3,2025-06-22T02:42:59.457Z,2025-06-22T04:07:48Z,"[{'id': 5777531375, 'qualifierId': 286}, {'id': 5777531377, 'qualifierId': 233, 'value': '305'}, {'id': 5777531373, 'qualifierId': 56, 'value': 'Left'}]",5b2dire687lp3dasdj2z3n0q2,R. Turner,,,Portland Thorns,Home
2823782775,387,1,1,37,25,446mp88j1vpk9iwui9fiifrp8,0,68.4,70.6,2025-06-22T02:43:02.528Z,2025-06-22T02:43:03Z,"[{'id': 5777531389, 'qualifierId': 141, 'value': '69.0'}, {'id': 5777531393, 'qualifierId': 213, 'value': '6.16'}, {'id': 5777531387, 'qualifierId': 140, 'value': '77.0'}, {'id': 5777531391, 'qualifierId': 212, 'value': '9.1'}, {'id': 5777531385, 'qualifierId': 56, 'value': 'Center'}]",5b2dire687lp3dasdj2z3n0q2,R. Turner,,,Portland Thorns,Home
2823782783,306,1,1,37,28,dzxypx8djih58p668surbi4qm,0,19.8,36.0,2025-06-22T02:43:05.322Z,2025-06-22T02:43:06Z,"[{'id': 5777531419, 'qualifierId': 212, 'value': '30.5'}, {'id': 5777531413, 'qualifierId': 56, 'value': 'Back'}, {'id': 5777531423, 'qualifierId': 1}, {'id': 5777531421, 'qualifierId': 213, 'value': '6.10'}, {'id': 5777531417, 'qualifierId': 141, 'value': '27.9'}, {'id': 5777531415, 'qualifierId': 140, 'value': '48.4'}, {'id': 5777531411, 'qualifierId': 157}]",6zzk0lgja87zs45h8btgheled,C. Onwualu,,,Chicago Stars,Away
2823782795,388,1,1,37,30,446mp88j1vpk9iwui9fiifrp8,1,53.5,79.6,2025-06-22T02:43:07.472Z,2025-06-22T02:43:09Z,"[{'id': 5777531477, 'qualifierId': 56, 'value': 'Center'}, {'id': 5777531483, 'qualifierId': 212, 'value': '8.6'}, {'id': 5777531485, 'qualifierId': 213, 'value': '5.79'}, {'id': 5777531481, 'qualifierId': 141, 'value': '73.6'}, {'id': 5777531479, 'qualifierId': 140, 'value': '60.7'}]",615vz7uoe3eiozddbe206io6h,R. Reyes,,,Portland Thorns,Home
2823782807,389,1,1,37,32,446mp88j1vpk9iwui9fiifrp8,1,57.2,64.9,2025-06-22T02:43:09.920Z,2025-06-22T02:43:13Z,"[{'id': 5777531553, 'qualifierId': 56, 'value': 'Back'}, {'id': 5777531561, 'qualifierId': 213, 'value': '4.14'}, {'id': 5777531555, 'qualifierId': 140, 'value': '45.6'}, {'id': 5777531559, 'qualifierId': 212, 'value': '22.5'}, {'id': 5777531557, 'qualifierId': 141, 'value': '37.1'}]",7in4ykzbs8p44qy4jrb10p0wl,H. Sugita,,,Portland Thorns,Home
2823782817,390,1,1,37,36,446mp88j1vpk9iwui9fiifrp8,1,46.3,28.5,2025-06-22T02:43:13.312Z,2025-06-22T02:43:16Z,"[{'id': 5777531627, 'qualifierId': 141, 'value': '8.0'}, {'id': 5777531625, 'qualifierId': 140, 'value': '67.4'}, {'id': 5777531623, 'qualifierId': 56, 'value': 'Right'}, {'id': 5777531629, 'qualifierId': 212, 'value': '26.2'}, {'id': 5777531631, 'qualifierId': 213, 'value': '5.72'}]",74uudh34v23m2z9gy5tdppxey,S. Hiatt,,,Portland Thorns,Home
2823782835,391,1,1,37,39,446mp88j1vpk9iwui9fiifrp8,0,70.8,4.9,2025-06-22T02:43:16.176Z,2025-06-22T02:43:21Z,"[{'id': 5777531729, 'qualifierId': 141, 'value': '14.6'}, {'id': 5777531731, 'qualifierId': 212, 'value': '32.7'}, {'id': 5777531735, 'qualifierId': 1}, {'id': 5777531733, 'qualifierId': 213, 'value': '0.20'}, {'id': 5777531727, 'qualifierId': 140, 'value': '100.0'}, {'id': 5777531725, 'qualifierId': 56, 'value': 'Right'}]",7whcppsae8rxxj20zaxpx1wq1,K. Torpey,,,Portland Thorns,Home
2823782841,307,56,1,37,43,dzxypx8djih58p668surbi4qm,1,2.1,90.3,2025-06-22T02:43:20.400Z,2025-06-22T02:43:29Z,"[{'id': 5777531741, 'qualifierId': 56, 'value': 'Back'}]",11u4dj0z0p616zx9gsnil66ay,S. Staab,,,Chicago Stars,Away
2823782845,308,5,1,37,44,dzxypx8djih58p668surbi4qm,1,-1.2,86.4,2025-06-22T02:43:21.396Z,2025-06-22T02:55:05Z,"[{'id': 5777531763, 'qualifierId': 346}, {'id': 5777531765, 'qualifierId': 233, 'value': '392'}, {'id': 5777531761, 'qualifierId': 56, 'value': 'Back'}]",11u4dj0z0p616zx9gsnil66ay,S. Staab,,,Chicago Stars,Away
2823782839,392,5,1,37,44,446mp88j1vpk9iwui9fiifrp8,0,101.2,13.6,2025-06-22T02:43:21.396Z,2025-06-22T02:43:27Z,"[{'id': 5777531771, 'qualifierId': 233, 'value': '308'}, {'id': 5777531737, 'qualifierId': 56, 'value': 'Right'}, {'id': 5777531739, 'qualifierId': 346}]",7whcppsae8rxxj20zaxpx1wq1,K. Torpey,,,Portland Thorns,Home
2823782881,309,1,1,38,11,dzxypx8djih58p668surbi4qm,1,3.6,43.0,2025-06-22T02:43:48.408Z,2025-06-22T02:43:51Z,"[{'id': 5777532027, 'qualifierId': 140, 'value': '4.5'}, {'id': 5777532037, 'qualifierId': 237}, {'id': 5777532029, 'qualifierId': 141, 'value': '53.6'}, {'id': 5777532025, 'qualifierId': 56, 'value': 'Back'}, {'id': 5777532033, 'qualifierId': 213, 'value': '1.44'}, {'id': 5777532031, 'qualifierId': 212, 'value': '7.3'}, {'id': 5777532023, 'qualifierId': 124}]",20qmwwdxbdp6ade3j9lssbvxm,H. Mackiewicz,,,Chicago Stars,Away
2823782891,310,1,1,38,14,dzxypx8djih58p668surbi4qm,1,10.7,48.8,2025-06-22T02:43:51.815Z,2025-06-22T02:43:55Z,"[{'id': 5777532099, 'qualifierId': 213, 'value': '5.21'}, {'id': 5777532089, 'qualifierId': 155}, {'id': 5777532097, 'qualifierId': 212, 'value': '34.5'}, {'id': 5777532093, 'qualifierId': 140, 'value': '26.4'}, {'id': 5777532101, 'qualifierId': 1}, {'id': 5777532091, 'qualifierId': 56, 'value': 'Back'}, {'id': 5777532095, 'qualifierId': 141, 'value': '4.3'}]",11u4dj0z0p616zx9gsnil66ay,S. Staab,,,Chicago Stars,Away
2823782901,311,1,1,38,18,dzxypx8djih58p668surbi4qm,1,26.4,4.1,2025-06-22T02:43:55.080Z,2025-06-22T02:43:58Z,"[{'id': 5777532149, 'qualifierId': 141, 'value': '27.0'}, {'id': 5777532151, 'qualifierId': 212, 'value': '24.2'}, {'id': 5777532147, 'qualifierId': 140, 'value': '44.0'}, {'id': 5777532153, 'qualifierId': 213, 'value': '0.70'}, {'id': 5777532143, 'qualifierId': 155}, {'id': 5777532145, 'qualifierId': 56, 'value': 'Back'}]",v0k2w41tlj0elpj7nrw68onp,N. Kuikka,,,Chicago Stars,Away
2823782905,312,44,1,38,21,dzxypx8djih58p668surbi4qm,1,44.7,27.4,2025-06-22T02:43:58.201Z,2025-06-22T04:01:08Z,"[{'id': 5777532161, 'qualifierId': 56, 'value': 'Back'}, {'id': 5777532185, 'qualifierId': 233, 'value': '393'}, {'id': 5777532163, 'qualifierId': 285}]",6e7scc2z7henelebs853mc844,A. Schlegel,,,Chicago Stars,Away
2823782909,393,44,1,38,21,446mp88j1vpk9iwui9fiifrp8,0,55.3,72.6,2025-06-22T02:43:58.202Z,2025-06-22T04:01:08Z,"[{'id': 5777532183, 'qualifierId': 286}, {'id': 5777532189, 'qualifierId': 233, 'value': '312'}, {'id': 5777532181, 'qualifierId': 56, 'value': 'Center'}]",8oj7cqgjacle67i49w4a3gx6,I. Obaze,,,Portland Thorns,Home
2823782907,313,1,1,38,21,dzxypx8djih58p668surbi4qm,0,44.0,26.2,2025-06-22T02:43:58.632Z,2025-06-22T02:43:58Z,"[{'id': 5777532169, 'qualifierId': 140, 'value': '40.9'}, {'id': 5777532173, 'qualifierId': 212, 'value': '8.4'}, {'id': 5777532171, 'qualifierId': 141, 'value': '37.6'}, {'id': 5777532167, 'qualifierId': 56, 'value': 'Back'}, {'id': 5777532175, 'qualifierId': 213, 'value': '1.97'}, {'id': 5777532165, 'qualifierId': 3}]",6e7scc2z7henelebs853mc844,A. Schlegel,,,Chicago Stars,Away
2823782913,394,49,1,38,23,446mp88j1vpk9iwui9fiifrp8,1,56.6,62.9,2025-06-22T02:44:00.865Z,2025-06-22T02:44:00Z,[],cmolam8ri93kos2rasjhnuxyi,S. Coffey,,,Portland Thorns,Home
2823782917,395,1,1,38,23,446mp88j1vpk9iwui9fiifrp8,1,56.6,62.9,2025-06-22T02:44:01.017Z,2025-06-22T02:44:02Z,"[{'id': 5777532235, 'qualifierId': 212, 'value': '14.8'}, {'id': 5777532231, 'qualifierId': 140, 'value': '69.1'}, {'id': 5777532237, 'qualifierId': 213, 'value': '5.80'}, {'id': 5777532229, 'qualifierId': 56, 'value': 'Center'}, {'id': 5777532233, 'qualifierId': 141, 'value': '52.7'}]",cmolam8ri93kos2rasjhnuxyi,S. Coffey,,,Portland Thorns,Home
2823782919,396,1,1,38,25,446mp88j1vpk9iwui9fiifrp8,1,69.1,52.7,2025-06-22T02:44:02.593Z,2025-06-22T02:44:04Z,"[{'id': 5777532267, 'qualifierId': 212, 'value': '6.2'}, {'id': 5777532269, 'qualifierId': 213, 'value': '2.90'}, {'id': 5777532261, 'qualifierId': 56, 'value': 'Center'}, {'id': 5777532265, 'qualifierId': 141, 'value': '54.9'}, {'id': 5777532263, 'qualifierId': 140, 'value': '63.4'}]",2btfn8hbssn0dnszgyll1gopg,P. Tordin,,,Portland Thorns,Home
2823782921,397,1,1,38,26,446mp88j1vpk9iwui9fiifrp8,0,63.4,54.9,2025-06-22T02:44:03.953Z,2025-06-22T02:44:04Z,"[{'id': 5777532275, 'qualifierId': 140, 'value': '74.7'}, {'id': 5777532277, 'qualifierId': 141, 'value': '67.0'}, {'id': 5777532279, 'qualifierId': 212, 'value': '14.4'}, {'id': 5777532281, 'qualifierId': 213, 'value': '0.61'}, {'id': 5777532273, 'qualifierId': 56, 'value': 'Center'}]",ek8x7y3jt0xcebttt75qi5exh,J. Fleming,,,Portland Thorns,Home
2823782929,314,1,1,38,28,dzxypx8djih58p668surbi4qm,1,27.0,29.4,2025-06-22T02:44:05.096Z,2025-06-22T02:44:06Z,"[{'id': 5777532321, 'qualifierId': 140, 'value': '38.6'}, {'id': 5777532325, 'qualifierId': 212, 'value': '13.2'}, {'id': 5777532327, 'qualifierId': 213, 'value': '0.40'}, {'id': 5777532319, 'qualifierId': 56, 'value': 'Back'}, {'id': 5777532323, 'qualifierId': 141, 'value': '36.9'}]",v0k2w41tlj0elpj7nrw68onp,N. Kuikka,,,Chicago Stars,Away
2823782931,315,49,1,38,29,dzxypx8djih58p668surbi4qm,1,38.8,37.3,2025-06-22T02:44:06.793Z,2025-06-22T02:44:07Z,[],56jjwfa02gep01vggqojvfbe2,M. Hayashi,,,Chicago Stars,Away
2823782951,316,1,1,38,31,dzxypx8djih58p668surbi4qm,1,35.1,35.7,2025-06-22T02:44:08.681Z,2025-06-22T02:44:12Z,"[{'id': 5777532437, 'qualifierId': 141, 'value': '78.4'}, {'id': 5777532439, 'qualifierId': 212, 'value': '31.1'}, {'id': 5777532435, 'qualifierId': 140, 'value': '24.6'}, {'id': 5777532431, 'qualifierId': 155}, {'id': 5777532433, 'qualifierId': 56, 'value': 'Back'}, {'id': 5777532441, 'qualifierId': 213, 'value': '1.93'}]",56jjwfa02gep01vggqojvfbe2,M. Hayashi,,,Chicago Stars,Away
2823782965,317,1,1,38,35,dzxypx8djih58p668surbi4qm,1,29.1,80.8,2025-06-22T02:44:12.744Z,2025-06-22T02:44:16Z,"[{'id': 5777532519, 'qualifierId': 140, 'value': '37.1'}, {'id': 5777532523, 'qualifierId': 212, 'value': '11.0'}, {'id': 5777532521, 'qualifierId': 141, 'value': '91.2'}, {'id': 5777532525, 'qualifierId': 213, 'value': '0.70'}, {'id': 5777532517, 'qualifierId': 56, 'value': 'Back'}]",4tnm3hxzav142ow867jwcozkk,T. Malham,,,Chicago Stars,Away
2823782971,318,1,1,38,39,dzxypx8djih58p668surbi4qm,1,32.7,81.7,2025-06-22T02:44:16.488Z,2025-06-22T02:44:19Z,"[{'id': 5777532561, 'qualifierId': 140, 'value': '20.0'}, {'id': 5777532565, 'qualifierId': 212, 'value': '18.0'}, {'id': 5777532567, 'qualifierId': 213, 'value': '3.88'}, {'id': 5777532559, 'qualifierId': 56, 'value': 'Back'}, {'id': 5777532563, 'qualifierId': 141, 'value': '63.9'}]",19udx179xugqp84qo9rsq0nhl,S. Groom,,,Chicago Stars,Away
2823782997,319,1,1,38,42,dzxypx8djih58p668surbi4qm,1,23.8,61.5,2025-06-22T02:44:19.911Z,2025-06-22T02:44:24Z,"[{'id': 5777532715, 'qualifierId': 213, 'value': '4.34'}, {'id': 5777532707, 'qualifierId': 56, 'value': 'Back'}, {'id': 5777532711, 'qualifierId': 141, 'value': '40.4'}, {'id': 5777532713, 'qualifierId': 212, 'value': '15.4'}, {'id': 5777532709, 'qualifierId': 140, 'value': '18.5'}]",11u4dj0z0p616zx9gsnil66ay,S. Staab,,,Chicago Stars,Away
2823783003,320,1,1,38,47,dzxypx8djih58p668surbi4qm,1,25.4,45.4,2025-06-22T02:44:24.632Z,2025-06-22T02:44:28Z,"[{'id': 5777532751, 'qualifierId': 141, 'value': '70.5'}, {'id': 5777532755, 'qualifierId': 213, 'value': '1.91'}, {'id': 5777532749, 'qualifierId': 140, 'value': '19.7'}, {'id': 5777532747, 'qualifierId': 56, 'value': 'Back'}, {'id': 5777532753, 'qualifierId': 212, 'value': '18.1'}]",6zzk0lgja87zs45h8btgheled,C. Onwualu,,,Chicago Stars,Away
2823783015,321,1,1,38,51,dzxypx8djih58p668surbi4qm,1,27.3,61.7,2025-06-22T02:44:28.296Z,2025-06-22T02:44:37Z,"[{'id': 5777532859, 'qualifierId': 213, 'value': '4.72'}, {'id': 5777532857, 'qualifierId': 212, 'value': '28.7'}, {'id': 5777532853, 'qualifierId': 140, 'value': '27.6'}, {'id': 5777532855, 'qualifierId': 141, 'value': '19.5'}, {'id': 5777532851, 'qualifierId': 56, 'value': 'Back'}]",11u4dj0z0p616zx9gsnil66ay,S. Staab,,,Chicago Stars,Away
2823783019,322,1,1,39,0,dzxypx8djih58p668surbi4qm,1,46.5,25.5,2025-06-22T02:44:37.096Z,2025-06-22T02:44:39Z,"[{'id': 5777532869, 'qualifierId': 140, 'value': '55.6'}, {'id': 5777532873, 'qualifierId': 212, 'value': '11.1'}, {'id': 5777532875, 'qualifierId': 213, 'value': '0.53'}, {'id': 5777532871, 'qualifierId': 141, 'value': '33.7'}, {'id': 5777532867, 'qualifierId': 56, 'value': 'Center'}]",v0k2w41tlj0elpj7nrw68onp,N. Kuikka,,,Chicago Stars,Away
2823783029,323,1,1,39,2,dzxypx8djih58p668surbi4qm,1,55.6,33.7,2025-06-22T02:44:39.080Z,2025-06-22T02:48:01Z,"[{'id': 5777532929, 'qualifierId': 141, 'value': '45.4'}, {'id': 5777532925, 'qualifierId': 140, 'value': '45.6'}, {'id': 5777532933, 'qualifierId': 212, 'value': '13.2'}, {'id': 5777532935, 'qualifierId': 213, 'value': '2.49'}, {'id': 5777532923, 'qualifierId': 56, 'value': 'Back'}]",56jjwfa02gep01vggqojvfbe2,M. Hayashi,,,Chicago Stars,Away
2823783041,324,1,1,39,6,dzxypx8djih58p668surbi4qm,1,45.6,45.4,2025-06-22T02:44:43.512Z,2025-06-22T02:44:46Z,"[{'id': 5777532987, 'qualifierId': 140, 'value': '59.8'}, {'id': 5777532989, 'qualifierId': 141, 'value': '83.5'}, {'id': 5777532985, 'qualifierId': 56, 'value': 'Left'}, {'id': 5777532991, 'qualifierId': 212, 'value': '29.9'}, {'id': 5777532993, 'qualifierId': 213, 'value': '1.05'}]",daze51b5849zsk2aqvgmkkbth,Maitane López,,,Chicago Stars,Away
2823783059,325,1,1,39,9,dzxypx8djih58p668surbi4qm,1,67.7,88.6,2025-06-22T02:44:46.808Z,2025-06-22T02:44:51Z,"[{'id': 5777533093, 'qualifierId': 56, 'value': 'Left'}, {'id': 5777533101, 'qualifierId': 213, 'value': '0.56'}, {'id': 5777533095, 'qualifierId': 140, 'value': '75.4'}, {'id': 5777533099, 'qualifierId': 212, 'value': '9.5'}, {'id': 5777533097, 'qualifierId': 141, 'value': '96.0'}]",4tnm3hxzav142ow867jwcozkk,T. Malham,,,Chicago Stars,Away
2823783067,326,1,1,39,14,dzxypx8djih58p668surbi4qm,1,73.3,95.9,2025-06-22T02:44:51.528Z,2025-06-22T02:44:52Z,"[{'id': 5777533133, 'qualifierId': 56, 'value': 'Left'}, {'id': 5777533141, 'qualifierId': 213, 'value': '3.56'}, {'id': 5777533135, 'qualifierId': 140, 'value': '63.6'}, {'id': 5777533139, 'qualifierId': 212, 'value': '11.1'}, {'id': 5777533137, 'qualifierId': 141, 'value': '89.3'}]",6alny8atonddyhmltw3dgo1d5,J. Grosso,,,Chicago Stars,Away
2823783071,327,1,1,39,15,dzxypx8djih58p668surbi4qm,1,63.6,89.3,2025-06-22T02:44:52.344Z,2025-06-22T02:44:54Z,"[{'id': 5777533161, 'qualifierId': 141, 'value': '74.1'}, {'id': 5777533165, 'qualifierId': 213, 'value': '3.71'}, {'id': 5777533157, 'qualifierId': 56, 'value': 'Back'}, {'id': 5777533159, 'qualifierId': 140, 'value': '48.3'}, {'id': 5777533163, 'qualifierId': 212, 'value': '19.1'}]",4tnm3hxzav142ow867jwcozkk,T. Malham,,,Chicago Stars,Away
2823783085,328,1,1,39,17,dzxypx8djih58p668surbi4qm,1,44.8,72.0,2025-06-22T02:44:54.728Z,2025-06-22T02:44:57Z,"[{'id': 5777533235, 'qualifierId': 140, 'value': '39.4'}, {'id': 5777533241, 'qualifierId': 213, 'value': '4.42'}, {'id': 5777533233, 'qualifierId': 56, 'value': 'Back'}, {'id': 5777533237, 'qualifierId': 141, 'value': '43.9'}, {'id': 5777533239, 'qualifierId': 212, 'value': '19.9'}]",11u4dj0z0p616zx9gsnil66ay,S. Staab,,,Chicago Stars,Away
2823783091,329,1,1,39,20,dzxypx8djih58p668surbi4qm,1,39.4,43.9,2025-06-22T02:44:57.528Z,2025-06-22T02:44:59Z,"[{'id': 5777533271, 'qualifierId': 140, 'value': '48.1'}, {'id': 5777533275, 'qualifierId': 212, 'value': '9.5'}, {'id': 5777533277, 'qualifierId': 213, 'value': '0.28'}, {'id': 5777533269, 'qualifierId': 56, 'value': 'Back'}, {'id': 5777533273, 'qualifierId': 141, 'value': '47.8'}]",6zzk0lgja87zs45h8btgheled,C. Onwualu,,,Chicago Stars,Away
2823783105,330,1,1,39,21,dzxypx8djih58p668surbi4qm,1,48.2,47.8,2025-06-22T02:44:59.048Z,2025-06-22T02:45:01Z,"[{'id': 5777533327, 'qualifierId': 56, 'value': 'Back'}, {'id': 5777533347, 'qualifierId': 156}, {'id': 5777533329, 'qualifierId': 140, 'value': '44.7'}, {'id': 5777533333, 'qualifierId': 212, 'value': '23.2'}, {'id': 5777533335, 'qualifierId': 213, 'value': '4.55'}, {'id': 5777533331, 'qualifierId': 141, 'value': '14.1'}]",56jjwfa02gep01vggqojvfbe2,M. Hayashi,,,Chicago Stars,Away
2823783127,331,1,1,39,26,dzxypx8djih58p668surbi4qm,1,54.5,10.3,2025-06-22T02:45:03.913Z,2025-06-22T02:45:09Z,"[{'id': 5777533477, 'qualifierId': 213, 'value': '6.04'}, {'id': 5777533471, 'qualifierId': 140, 'value': '63.2'}, {'id': 5777533475, 'qualifierId': 212, 'value': '9.4'}, {'id': 5777533473, 'qualifierId': 141, 'value': '7.0'}, {'id': 5777533469, 'qualifierId': 56, 'value': 'Right'}]",v0k2w41tlj0elpj7nrw68onp,N. Kuikka,,,Chicago Stars,Away
2823783133,332,1,1,39,31,dzxypx8djih58p668surbi4qm,1,53.7,12.7,2025-06-22T02:45:08.336Z,2025-06-22T02:50:12Z,"[{'id': 5777533499, 'qualifierId': 140, 'value': '72.4'}, {'id': 5777533503, 'qualifierId': 212, 'value': '20.6'}, {'id': 5777533505, 'qualifierId': 213, 'value': '5.98'}, {'id': 5777533497, 'qualifierId': 56, 'value': 'Right'}, {'id': 5777533501, 'qualifierId': 141, 'value': '3.7'}]",6e7scc2z7henelebs853mc844,A. Schlegel,,,Chicago Stars,Away
2823783147,333,1,1,39,32,dzxypx8djih58p668surbi4qm,1,59.1,12.7,2025-06-22T02:45:09.232Z,2025-06-22T02:50:25Z,"[{'id': 5777533603, 'qualifierId': 212, 'value': '17.1'}, {'id': 5777533599, 'qualifierId': 140, 'value': '74.4'}, {'id': 5777533601, 'qualifierId': 141, 'value': '3.9'}, {'id': 5777533597, 'qualifierId': 56, 'value': 'Right'}, {'id': 5777533605, 'qualifierId': 213, 'value': '5.93'}]",8v62hppzsz2yonw60h9910iga,J. Bike,,,Chicago Stars,Away
2823783149,334,1,1,39,34,dzxypx8djih58p668surbi4qm,0,74.6,28.6,2025-06-22T02:45:11.473Z,2025-06-22T02:50:39Z,"[{'id': 5777533619, 'qualifierId': 212, 'value': '24.1'}, {'id': 5777533613, 'qualifierId': 56, 'value': 'Center'}, {'id': 5777533615, 'qualifierId': 140, 'value': '92.9'}, {'id': 5777533621, 'qualifierId': 213, 'value': '0.65'}, {'id': 5777533617, 'qualifierId': 141, 'value': '50.1'}]",6e7scc2z7henelebs853mc844,A. Schlegel,,,Chicago Stars,Away
2823783139,398,52,1,39,34,446mp88j1vpk9iwui9fiifrp8,1,5.9,49.3,2025-06-22T02:45:12.001Z,2025-06-22T02:45:12Z,[],1yva0f096q2oqk5gz59utr42y,B. Bixby,,,Portland Thorns,Home
2823783179,399,1,1,39,47,446mp88j1vpk9iwui9fiifrp8,1,5.9,49.3,2025-06-22T02:45:24.128Z,2025-06-22T02:45:26Z,"[{'id': 5777533763, 'qualifierId': 140, 'value': '19.2'}, {'id': 5777533765, 'qualifierId': 141, 'value': '31.0'}, {'id': 5777533761, 'qualifierId': 56, 'value': 'Back'}, {'id': 5777533769, 'qualifierId': 213, 'value': '5.56'}, {'id': 5777533759, 'qualifierId': 123}, {'id': 5777533767, 'qualifierId': 212, 'value': '18.7'}]",1yva0f096q2oqk5gz59utr42y,B. Bixby,,,Portland Thorns,Home
2823783185,400,1,1,39,49,446mp88j1vpk9iwui9fiifrp8,1,21.4,24.3,2025-06-22T02:45:26.064Z,2025-06-22T02:45:28Z,"[{'id': 5777533815, 'qualifierId': 56, 'value': 'Back'}, {'id': 5777533817, 'qualifierId': 140, 'value': '25.4'}, {'id': 5777533821, 'qualifierId': 212, 'value': '10.5'}, {'id': 5777533819, 'qualifierId': 141, 'value': '10.1'}, {'id': 5777533823, 'qualifierId': 213, 'value': '5.12'}]",74uudh34v23m2z9gy5tdppxey,S. Hiatt,,,Portland Thorns,Home
2823783199,401,1,1,39,50,446mp88j1vpk9iwui9fiifrp8,1,26.1,5.5,2025-06-22T02:45:27.985Z,2025-06-22T02:45:33Z,"[{'id': 5777533897, 'qualifierId': 213, 'value': '0.35'}, {'id': 5777533887, 'qualifierId': 155}, {'id': 5777533899, 'qualifierId': 1}, {'id': 5777533889, 'qualifierId': 56, 'value': 'Center'}, {'id': 5777533895, 'qualifierId': 212, 'value': '32.5'}, {'id': 5777533891, 'qualifierId': 140, 'value': '55.2'}, {'id': 5777533893, 'qualifierId': 141, 'value': '21.9'}]",7whcppsae8rxxj20zaxpx1wq1,K. Torpey,,,Portland Thorns,Home
2823783203,402,1,1,39,56,446mp88j1vpk9iwui9fiifrp8,1,44.2,23.0,2025-06-22T02:45:33.137Z,2025-06-22T02:45:37Z,"[{'id': 5777533923, 'qualifierId': 213, 'value': '2.86'}, {'id': 5777533919, 'qualifierId': 141, 'value': '26.4'}, {'id': 5777533921, 'qualifierId': 212, 'value': '8.4'}, {'id': 5777533917, 'qualifierId': 140, 'value': '36.5'}, {'id': 5777533915, 'qualifierId': 56, 'value': 'Back'}]",2btfn8hbssn0dnszgyll1gopg,P. Tordin,,,Portland Thorns,Home
2823783207,403,61,1,40,0,446mp88j1vpk9iwui9fiifrp8,1,36.5,26.4,2025-06-22T02:45:37.876Z,2025-06-22T02:45:38Z,"[{'id': 5777533937, 'qualifierId': 56, 'value': 'Back'}]",7whcppsae8rxxj20zaxpx1wq1,K. Torpey,,,Portland Thorns,Home
2823783213,404,1,1,40,2,446mp88j1vpk9iwui9fiifrp8,1,27.8,39.2,2025-06-22T02:45:39.169Z,2025-06-22T02:45:40Z,"[{'id': 5777533943, 'qualifierId': 140, 'value': '28.4'}, {'id': 5777533949, 'qualifierId': 213, 'value': '1.53'}, {'id': 5777533947, 'qualifierId': 212, 'value': '14.6'}, {'id': 5777533941, 'qualifierId': 56, 'value': 'Back'}, {'id': 5777533945, 'qualifierId': 141, 'value': '60.6'}]",74uudh34v23m2z9gy5tdppxey,S. Hiatt,,,Portland Thorns,Home
2823783221,405,1,1,40,2,446mp88j1vpk9iwui9fiifrp8,1,28.4,60.6,2025-06-22T02:45:39.984Z,2025-06-22T02:45:46Z,"[{'id': 5777533993, 'qualifierId': 213, 'value': '0.99'}, {'id': 5777533991, 'qualifierId': 212, 'value': '23.5'}, {'id': 5777533985, 'qualifierId': 56, 'value': 'Back'}, {'id': 5777533989, 'qualifierId': 141, 'value': '89.6'}, {'id': 5777533987, 'qualifierId': 140, 'value': '40.6'}]",8oj7cqgjacle67i49w4a3gx6,I. Obaze,,,Portland Thorns,Home
2823783231,406,1,1,40,9,446mp88j1vpk9iwui9fiifrp8,1,44.6,83.6,2025-06-22T02:45:46.513Z,2025-06-22T02:45:49Z,"[{'id': 5777534041, 'qualifierId': 56, 'value': 'Back'}, {'id': 5777534045, 'qualifierId': 141, 'value': '80.9'}, {'id': 5777534047, 'qualifierId': 212, 'value': '11.0'}, {'id': 5777534043, 'qualifierId': 140, 'value': '34.3'}, {'id': 5777534049, 'qualifierId': 213, 'value': '3.31'}]",615vz7uoe3eiozddbe206io6h,R. Reyes,,,Portland Thorns,Home
2823783237,407,1,1,40,12,446mp88j1vpk9iwui9fiifrp8,1,37.3,83.2,2025-06-22T02:45:49.153Z,2025-06-22T02:45:51Z,"[{'id': 5777534087, 'qualifierId': 212, 'value': '11.8'}, {'id': 5777534081, 'qualifierId': 56, 'value': 'Back'}, {'id': 5777534085, 'qualifierId': 141, 'value': '96.0'}, {'id': 5777534083, 'qualifierId': 140, 'value': '44.9'}, {'id': 5777534089, 'qualifierId': 213, 'value': '0.83'}]",8oj7cqgjacle67i49w4a3gx6,I. Obaze,,,Portland Thorns,Home
2823783245,408,1,1,40,14,446mp88j1vpk9iwui9fiifrp8,0,44.9,96.0,2025-06-22T02:45:51.169Z,2025-06-22T02:45:54Z,"[{'id': 5777534147, 'qualifierId': 212, 'value': '13.8'}, {'id': 5777534145, 'qualifierId': 141, 'value': '100.0'}, {'id': 5777534141, 'qualifierId': 56, 'value': 'Left'}, {'id': 5777534149, 'qualifierId': 213, 'value': '0.25'}, {'id': 5777534143, 'qualifierId': 140, 'value': '57.6'}]",7in4ykzbs8p44qy4jrb10p0wl,H. Sugita,,,Portland Thorns,Home
2823783251,335,5,1,40,17,dzxypx8djih58p668surbi4qm,1,40.2,-1.4,2025-06-22T02:45:54.059Z,2025-06-22T02:55:06Z,"[{'id': 5777534185, 'qualifierId': 233, 'value': '409'}, {'id': 5777534169, 'qualifierId': 347}, {'id': 5777534167, 'qualifierId': 56, 'value': 'Back'}]",11u4dj0z0p616zx9gsnil66ay,S. Staab,,,Chicago Stars,Away
2823783247,409,5,1,40,17,446mp88j1vpk9iwui9fiifrp8,0,59.8,101.4,2025-06-22T02:45:54.059Z,2025-06-22T02:45:58Z,"[{'id': 5777534153, 'qualifierId': 347}, {'id': 5777534191, 'qualifierId': 233, 'value': '335'}, {'id': 5777534151, 'qualifierId': 56, 'value': 'Left'}]",7in4ykzbs8p44qy4jrb10p0wl,H. Sugita,,,Portland Thorns,Home
2823783265,336,1,1,40,25,dzxypx8djih58p668surbi4qm,1,31.9,0.0,2025-06-22T02:46:02.184Z,2025-06-22T02:46:07Z,"[{'id': 5777534279, 'qualifierId': 212, 'value': '11.1'}, {'id': 5777534281, 'qualifierId': 213, 'value': '2.14'}, {'id': 5777534277, 'qualifierId': 141, 'value': '11.7'}, {'id': 5777534273, 'qualifierId': 56, 'value': 'Back'}, {'id': 5777534275, 'qualifierId': 140, 'value': '26.2'}, {'id': 5777534271, 'qualifierId': 107}]",v0k2w41tlj0elpj7nrw68onp,N. Kuikka,,,Chicago Stars,Away
2823783269,337,1,1,40,30,dzxypx8djih58p668surbi4qm,1,26.3,16.7,2025-06-22T02:46:07.609Z,2025-06-22T02:46:10Z,"[{'id': 5777534305, 'qualifierId': 213, 'value': '2.35'}, {'id': 5777534301, 'qualifierId': 141, 'value': '37.7'}, {'id': 5777534297, 'qualifierId': 56, 'value': 'Back'}, {'id': 5777534299, 'qualifierId': 140, 'value': '12.8'}, {'id': 5777534303, 'qualifierId': 212, 'value': '20.1'}]",6zzk0lgja87zs45h8btgheled,C. Onwualu,,,Chicago Stars,Away
2823783277,338,1,1,40,33,dzxypx8djih58p668surbi4qm,1,13.4,39.2,2025-06-22T02:46:10.745Z,2025-06-22T02:46:13Z,"[{'id': 5777534357, 'qualifierId': 212, 'value': '37.4'}, {'id': 5777534359, 'qualifierId': 213, 'value': '1.16'}, {'id': 5777534349, 'qualifierId': 155}, {'id': 5777534351, 'qualifierId': 56, 'value': 'Back'}, {'id': 5777534355, 'qualifierId': 141, 'value': '89.6'}, {'id': 5777534361, 'qualifierId': 1}, {'id': 5777534353, 'qualifierId': 140, 'value': '27.6'}]",20qmwwdxbdp6ade3j9lssbvxm,H. Mackiewicz,,,Chicago Stars,Away
2823783291,339,1,1,40,35,dzxypx8djih58p668surbi4qm,1,28.1,90.9,2025-06-22T02:46:13.016Z,2025-06-22T02:46:16Z,"[{'id': 5777534421, 'qualifierId': 140, 'value': '36.0'}, {'id': 5777534425, 'qualifierId': 212, 'value': '10.4'}, {'id': 5777534427, 'qualifierId': 213, 'value': '5.64'}, {'id': 5777534419, 'qualifierId': 56, 'value': 'Back'}, {'id': 5777534423, 'qualifierId': 141, 'value': '81.7'}]",4tnm3hxzav142ow867jwcozkk,T. Malham,,,Chicago Stars,Away
2823783295,340,1,1,40,39,dzxypx8djih58p668surbi4qm,0,32.1,80.0,2025-06-22T02:46:16.297Z,2025-06-22T02:46:16Z,"[{'id': 5777534447, 'qualifierId': 141, 'value': '67.5'}, {'id': 5777534445, 'qualifierId': 140, 'value': '27.2'}, {'id': 5777534449, 'qualifierId': 212, 'value': '9.9'}, {'id': 5777534443, 'qualifierId': 56, 'value': 'Back'}, {'id': 5777534451, 'qualifierId': 213, 'value': '4.17'}]",19udx179xugqp84qo9rsq0nhl,S. Groom,,,Chicago Stars,Away
2823783299,410,49,1,40,40,446mp88j1vpk9iwui9fiifrp8,1,69.0,30.3,2025-06-22T02:46:17.153Z,2025-06-22T02:46:17Z,[],7izc8t071mkrrgvptdjru467e,O. Moultrie,,,Portland Thorns,Home
2823783319,411,1,1,40,41,446mp88j1vpk9iwui9fiifrp8,1,74.9,37.4,2025-06-22T02:46:18.945Z,2025-06-22T02:46:26Z,"[{'id': 5777534551, 'qualifierId': 56, 'value': 'Left'}, {'id': 5777534555, 'qualifierId': 141, 'value': '80.0'}, {'id': 5777534561, 'qualifierId': 1}, {'id': 5777534553, 'qualifierId': 140, 'value': '92.6'}, {'id': 5777534557, 'qualifierId': 212, 'value': '34.4'}, {'id': 5777534559, 'qualifierId': 213, 'value': '1.00'}]",7izc8t071mkrrgvptdjru467e,O. Moultrie,,,Portland Thorns,Home
2823783321,412,3,1,40,49,446mp88j1vpk9iwui9fiifrp8,0,96.2,71.2,2025-06-22T02:46:26.657Z,2025-06-22T02:46:31Z,"[{'id': 5777534637, 'qualifierId': 233, 'value': '341'}, {'id': 5777534567, 'qualifierId': 286}, {'id': 5777534565, 'qualifierId': 56, 'value': 'Center'}]",5b2dire687lp3dasdj2z3n0q2,R. Turner,,,Portland Thorns,Home
2823783331,341,7,1,40,49,dzxypx8djih58p668surbi4qm,1,3.8,28.8,2025-06-22T02:46:26.658Z,2025-06-22T02:46:32Z,"[{'id': 5777534617, 'qualifierId': 285}, {'id': 5777534615, 'qualifierId': 56, 'value': 'Back'}, {'id': 5777534619, 'qualifierId': 233, 'value': '412'}, {'id': 5777534613, 'qualifierId': 167}]",v0k2w41tlj0elpj7nrw68onp,N. Kuikka,,,Chicago Stars,Away
2823783333,342,6,1,40,50,dzxypx8djih58p668surbi4qm,0,3.3,30.2,2025-06-22T02:46:27.683Z,2025-06-22T02:55:08Z,"[{'id': 5777534695, 'qualifierId': 73}, {'id': 5777534705, 'qualifierId': 233, 'value': '413'}, {'id': 5777534693, 'qualifierId': 56, 'value': 'Back'}]",v0k2w41tlj0elpj7nrw68onp,N. Kuikka,,,Chicago Stars,Away
2823783323,413,6,1,40,50,446mp88j1vpk9iwui9fiifrp8,1,96.7,69.8,2025-06-22T02:46:27.683Z,2025-06-22T02:55:08Z,"[{'id': 5777534569, 'qualifierId': 56, 'value': 'Center'}, {'id': 5777534571, 'qualifierId': 73}, {'id': 5777534701, 'qualifierId': 233, 'value': '342'}]",5b2dire687lp3dasdj2z3n0q2,R. Turner,,,Portland Thorns,Home
2823783403,414,1,1,41,20,446mp88j1vpk9iwui9fiifrp8,0,99.5,99.5,2025-06-22T02:46:57.267Z,2025-06-22T02:46:59Z,"[{'id': 5777535063, 'qualifierId': 213, 'value': '4.40'}, {'id': 5777535047, 'qualifierId': 2}, {'id': 5777535053, 'qualifierId': 223}, {'id': 5777535061, 'qualifierId': 212, 'value': '33.9'}, {'id': 5777535055, 'qualifierId': 56, 'value': 'Center'}, {'id': 5777535065, 'qualifierId': 1}, {'id': 5777535051, 'qualifierId': 155}, {'id': 5777535049, 'qualifierId': 6}, {'id': 5777535059, 'qualifierId': 141, 'value': '52.1'}, {'id': 5777535057, 'qualifierId': 140, 'value': '89.5'}]",7izc8t071mkrrgvptdjru467e,O. Moultrie,,,Portland Thorns,Home
2823783407,343,12,1,41,23,dzxypx8djih58p668surbi4qm,1,8.7,44.8,2025-06-22T02:47:00.808Z,2025-06-22T02:47:04Z,"[{'id': 5777535083, 'qualifierId': 141, 'value': '46.1'}, {'id': 5777535089, 'qualifierId': 15}, {'id': 5777535079, 'qualifierId': 56, 'value': 'Back'}, {'id': 5777535081, 'qualifierId': 140, 'value': '15.9'}, {'id': 5777535085, 'qualifierId': 212, 'value': '7.6'}, {'id': 5777535087, 'qualifierId': 213, 'value': '0.12'}]",6alny8atonddyhmltw3dgo1d5,J. Grosso,,,Chicago Stars,Away
2823783429,345,12,1,41,24,dzxypx8djih58p668surbi4qm,1,8.2,51.6,2025-06-22T02:47:01.632Z,2025-06-22T02:47:11Z,"[{'id': 5777535207, 'qualifierId': 15}, {'id': 5777535197, 'qualifierId': 56, 'value': 'Back'}, {'id': 5777535203, 'qualifierId': 212, 'value': '5.8'}, {'id': 5777535199, 'qualifierId': 140, 'value': '12.6'}, {'id': 5777535205, 'qualifierId': 213, 'value': '0.64'}, {'id': 5777535201, 'qualifierId': 141, 'value': '56.7'}]",daze51b5849zsk2aqvgmkkbth,Maitane López,,,Chicago Stars,Away
2823783425,344,12,1,41,27,dzxypx8djih58p668surbi4qm,1,15.4,46.1,2025-06-22T02:47:04.759Z,2025-06-22T02:47:08Z,"[{'id': 5777535189, 'qualifierId': 140, 'value': '28.4'}, {'id': 5777535193, 'qualifierId': 212, 'value': '20.0'}, {'id': 5777535191, 'qualifierId': 141, 'value': '24.6'}, {'id': 5777535187, 'qualifierId': 56, 'value': 'Back'}, {'id': 5777535195, 'qualifierId': 213, 'value': '5.46'}]",56jjwfa02gep01vggqojvfbe2,M. Hayashi,,,Chicago Stars,Away
2823783431,415,1,1,41,30,446mp88j1vpk9iwui9fiifrp8,1,64.3,89.4,2025-06-22T02:47:07.297Z,2025-06-22T02:47:11Z,"[{'id': 5777535223, 'qualifierId': 56, 'value': 'Center'}, {'id': 5777535229, 'qualifierId': 212, 'value': '29.5'}, {'id': 5777535231, 'qualifierId': 213, 'value': '4.25'}, {'id': 5777535227, 'qualifierId': 141, 'value': '50.6'}, {'id': 5777535225, 'qualifierId': 140, 'value': '51.7'}]",7izc8t071mkrrgvptdjru467e,O. Moultrie,,,Portland Thorns,Home
2823783435,416,1,1,41,34,446mp88j1vpk9iwui9fiifrp8,0,51.5,46.0,2025-06-22T02:47:11.377Z,2025-06-22T02:47:12Z,"[{'id': 5777535243, 'qualifierId': 56, 'value': 'Center'}, {'id': 5777535249, 'qualifierId': 212, 'value': '31.3'}, {'id': 5777535251, 'qualifierId': 213, 'value': '6.02'}, {'id': 5777535247, 'qualifierId': 141, 'value': '33.9'}, {'id': 5777535241, 'qualifierId': 155}, {'id': 5777535245, 'qualifierId': 140, 'value': '80.3'}]",7whcppsae8rxxj20zaxpx1wq1,K. Torpey,,,Portland Thorns,Home
2823783437,346,44,1,41,38,dzxypx8djih58p668surbi4qm,1,26.7,69.2,2025-06-22T02:47:15.481Z,2025-06-22T04:01:08Z,"[{'id': 5777535257, 'qualifierId': 56, 'value': 'Back'}, {'id': 5777535265, 'qualifierId': 233, 'value': '417'}, {'id': 5777535259, 'qualifierId': 285}]",daze51b5849zsk2aqvgmkkbth,Maitane López,,,Chicago Stars,Away
2823783439,417,44,1,41,38,446mp88j1vpk9iwui9fiifrp8,0,73.3,30.8,2025-06-22T02:47:15.482Z,2025-06-22T04:01:09Z,"[{'id': 5777535261, 'qualifierId': 56, 'value': 'Center'}, {'id': 5777535263, 'qualifierId': 286}, {'id': 5777535269, 'qualifierId': 233, 'value': '346'}]",615vz7uoe3eiozddbe206io6h,R. Reyes,,,Portland Thorns,Home
2823783445,347,12,1,41,39,dzxypx8djih58p668surbi4qm,1,25.1,69.9,2025-06-22T02:47:16.568Z,2025-06-22T02:47:19Z,"[{'id': 5777535295, 'qualifierId': 56, 'value': 'Back'}, {'id': 5777535305, 'qualifierId': 15}, {'id': 5777535301, 'qualifierId': 212, 'value': '3.6'}, {'id': 5777535297, 'qualifierId': 140, 'value': '28.1'}, {'id': 5777535303, 'qualifierId': 213, 'value': '0.49'}, {'id': 5777535299, 'qualifierId': 141, 'value': '72.4'}]",daze51b5849zsk2aqvgmkkbth,Maitane López,,,Chicago Stars,Away
2823783451,418,61,1,41,41,446mp88j1vpk9iwui9fiifrp8,1,72.4,31.3,2025-06-22T02:47:18.397Z,2025-06-22T02:47:18Z,"[{'id': 5777535309, 'qualifierId': 56, 'value': 'Center'}]",615vz7uoe3eiozddbe206io6h,R. Reyes,,,Portland Thorns,Home
2823783453,348,1,1,41,41,dzxypx8djih58p668surbi4qm,1,30.1,70.2,2025-06-22T02:47:19Z,2025-06-22T02:47:20Z,"[{'id': 5777535317, 'qualifierId': 212, 'value': '14.1'}, {'id': 5777535315, 'qualifierId': 141, 'value': '88.6'}, {'id': 5777535311, 'qualifierId': 56, 'value': 'Back'}, {'id': 5777535319, 'qualifierId': 213, 'value': '2.05'}, {'id': 5777535313, 'qualifierId': 140, 'value': '23.9'}]",6e7scc2z7henelebs853mc844,A. Schlegel,,,Chicago Stars,Away
2823783455,349,49,1,41,43,dzxypx8djih58p668surbi4qm,1,23.9,88.6,2025-06-22T02:47:20.328Z,2025-06-22T02:47:20Z,[],4tnm3hxzav142ow867jwcozkk,T. Malham,,,Chicago Stars,Away
2823783459,350,1,1,41,45,dzxypx8djih58p668surbi4qm,1,19.3,94.4,2025-06-22T02:47:22.953Z,2025-06-22T02:47:24Z,"[{'id': 5777535361, 'qualifierId': 56, 'value': 'Back'}, {'id': 5777535365, 'qualifierId': 141, 'value': '84.7'}, {'id': 5777535363, 'qualifierId': 140, 'value': '12.1'}, {'id': 5777535367, 'qualifierId': 212, 'value': '10.0'}, {'id': 5777535369, 'qualifierId': 213, 'value': '3.86'}]",4tnm3hxzav142ow867jwcozkk,T. Malham,,,Chicago Stars,Away
2823783463,351,1,1,41,47,dzxypx8djih58p668surbi4qm,1,12.1,88.3,2025-06-22T02:47:24.376Z,2025-06-22T02:47:27Z,"[{'id': 5777535385, 'qualifierId': 212, 'value': '8.5'}, {'id': 5777535381, 'qualifierId': 140, 'value': '19.9'}, {'id': 5777535379, 'qualifierId': 56, 'value': 'Back'}, {'id': 5777535387, 'qualifierId': 213, 'value': '6.02'}, {'id': 5777535383, 'qualifierId': 141, 'value': '85.1'}]",11u4dj0z0p616zx9gsnil66ay,S. Staab,,,Chicago Stars,Away
2823783467,352,50,1,41,49,dzxypx8djih58p668surbi4qm,1,17.1,86.5,2025-06-22T02:47:26.351Z,2025-06-22T02:54:59Z,"[{'id': 5777535407, 'qualifierId': 233, 'value': '419'}, {'id': 5777535401, 'qualifierId': 285}, {'id': 5777535399, 'qualifierId': 56, 'value': 'Back'}]",daze51b5849zsk2aqvgmkkbth,Maitane López,,,Chicago Stars,Away
2823783465,419,7,1,41,49,446mp88j1vpk9iwui9fiifrp8,1,82.9,13.5,2025-06-22T02:47:26.352Z,2025-06-22T02:54:59Z,"[{'id': 5777535391, 'qualifierId': 56, 'value': 'Right'}, {'id': 5777535403, 'qualifierId': 233, 'value': '352'}, {'id': 5777535393, 'qualifierId': 286}]",74uudh34v23m2z9gy5tdppxey,S. Hiatt,,,Portland Thorns,Home
2823783469,420,1,1,41,50,446mp88j1vpk9iwui9fiifrp8,1,83.2,12.9,2025-06-22T02:47:27.441Z,2025-06-22T02:47:28Z,"[{'id': 5777535415, 'qualifierId': 141, 'value': '18.9'}, {'id': 5777535411, 'qualifierId': 56, 'value': 'Right'}, {'id': 5777535417, 'qualifierId': 212, 'value': '5.8'}, {'id': 5777535419, 'qualifierId': 213, 'value': '0.78'}, {'id': 5777535413, 'qualifierId': 140, 'value': '87.1'}]",74uudh34v23m2z9gy5tdppxey,S. Hiatt,,,Portland Thorns,Home
2823783471,421,49,1,41,51,446mp88j1vpk9iwui9fiifrp8,1,92.1,20.3,2025-06-22T02:47:28.864Z,2025-06-22T02:47:29Z,[],2btfn8hbssn0dnszgyll1gopg,P. Tordin,,,Portland Thorns,Home
2823783473,422,1,1,41,52,446mp88j1vpk9iwui9fiifrp8,0,93.4,20.3,2025-06-22T02:47:29.553Z,2025-06-22T02:47:30Z,"[{'id': 5777535429, 'qualifierId': 140, 'value': '91.8'}, {'id': 5777535423, 'qualifierId': 2}, {'id': 5777535431, 'qualifierId': 141, 'value': '45.1'}, {'id': 5777535435, 'qualifierId': 213, 'value': '1.67'}, {'id': 5777535433, 'qualifierId': 212, 'value': '16.9'}, {'id': 5777535427, 'qualifierId': 56, 'value': 'Center'}]",2btfn8hbssn0dnszgyll1gopg,P. Tordin,,,Portland Thorns,Home
2823783481,353,12,1,41,54,dzxypx8djih58p668surbi4qm,1,7.7,56.1,2025-06-22T02:47:31.273Z,2025-06-22T02:47:35Z,"[{'id': 5777535461, 'qualifierId': 56, 'value': 'Back'}, {'id': 5777535465, 'qualifierId': 141, 'value': '95.0'}, {'id': 5777535467, 'qualifierId': 212, 'value': '32.3'}, {'id': 5777535463, 'qualifierId': 140, 'value': '25.4'}, {'id': 5777535469, 'qualifierId': 213, 'value': '0.96'}]",6zzk0lgja87zs45h8btgheled,C. Onwualu,,,Chicago Stars,Away
2823783475,423,61,1,41,56,446mp88j1vpk9iwui9fiifrp8,0,82.3,13.1,2025-06-22T02:47:33.217Z,2025-06-22T02:47:33Z,"[{'id': 5777535439, 'qualifierId': 56, 'value': 'Right'}]",74uudh34v23m2z9gy5tdppxey,S. Hiatt,,,Portland Thorns,Home
2823783485,354,5,1,41,57,dzxypx8djih58p668surbi4qm,1,32.2,102.0,2025-06-22T02:47:34.656Z,2025-06-22T02:55:06Z,"[{'id': 5777535489, 'qualifierId': 56, 'value': 'Back'}, {'id': 5777535491, 'qualifierId': 347}, {'id': 5777535497, 'qualifierId': 233, 'value': '424'}]",6zzk0lgja87zs45h8btgheled,C. Onwualu,,,Chicago Stars,Away
2823783479,424,5,1,41,57,446mp88j1vpk9iwui9fiifrp8,0,67.8,-2.0,2025-06-22T02:47:34.656Z,2025-06-22T02:47:37Z,"[{'id': 5777535459, 'qualifierId': 347}, {'id': 5777535503, 'qualifierId': 233, 'value': '354'}, {'id': 5777535457, 'qualifierId': 56, 'value': 'Right'}]",74uudh34v23m2z9gy5tdppxey,S. Hiatt,,,Portland Thorns,Home
2823783547,355,1,1,42,21,dzxypx8djih58p668surbi4qm,1,30.6,100.0,2025-06-22T02:47:58.729Z,2025-06-22T02:48:05Z,"[{'id': 5777535879, 'qualifierId': 56, 'value': 'Back'}, {'id': 5777535881, 'qualifierId': 140, 'value': '28.3'}, {'id': 5777535885, 'qualifierId': 212, 'value': '12.7'}, {'id': 5777535887, 'qualifierId': 213, 'value': '4.52'}, {'id': 5777535891, 'qualifierId': 189}, {'id': 5777535877, 'qualifierId': 107}, {'id': 5777535883, 'qualifierId': 141, 'value': '83.6'}]",4tnm3hxzav142ow867jwcozkk,T. Malham,,,Chicago Stars,Away
2823783549,356,1,1,42,28,dzxypx8djih58p668surbi4qm,1,28.3,83.6,2025-06-22T02:48:05.737Z,2025-06-22T02:48:07Z,"[{'id': 5777535907, 'qualifierId': 189}, {'id': 5777535895, 'qualifierId': 56, 'value': 'Back'}, {'id': 5777535897, 'qualifierId': 140, 'value': '23.3'}, {'id': 5777535901, 'qualifierId': 212, 'value': '8.1'}, {'id': 5777535903, 'qualifierId': 213, 'value': '2.28'}, {'id': 5777535899, 'qualifierId': 141, 'value': '92.6'}]",19udx179xugqp84qo9rsq0nhl,S. Groom,,,Chicago Stars,Away
2823783555,357,1,1,42,30,dzxypx8djih58p668surbi4qm,1,24.0,91.8,2025-06-22T02:48:07.689Z,2025-06-22T02:57:28Z,"[{'id': 5777541847, 'qualifierId': 155}, {'id': 5777535947, 'qualifierId': 56, 'value': 'Back'}, {'id': 5777535953, 'qualifierId': 212, 'value': '13.2'}, {'id': 5777535949, 'qualifierId': 140, 'value': '36.5'}, {'id': 5777535955, 'qualifierId': 213, 'value': '0.12'}, {'id': 5777535951, 'qualifierId': 141, 'value': '94.2'}]",4tnm3hxzav142ow867jwcozkk,T. Malham,,,Chicago Stars,Away
2823783559,358,50,1,42,31,dzxypx8djih58p668surbi4qm,1,38.0,94.2,2025-06-22T02:48:08.912Z,2025-06-22T02:55:00Z,"[{'id': 5777535965, 'qualifierId': 56, 'value': 'Back'}, {'id': 5777535967, 'qualifierId': 286}, {'id': 5777535973, 'qualifierId': 233, 'value': '425'}]",6alny8atonddyhmltw3dgo1d5,J. Grosso,,,Chicago Stars,Away
2823783557,425,7,1,42,31,446mp88j1vpk9iwui9fiifrp8,0,62.0,5.8,2025-06-22T02:48:08.913Z,2025-06-22T02:55:00Z,"[{'id': 5777535969, 'qualifierId': 233, 'value': '358'}, {'id': 5777535959, 'qualifierId': 56, 'value': 'Right'}, {'id': 5777535961, 'qualifierId': 285}]",7whcppsae8rxxj20zaxpx1wq1,K. Torpey,,,Portland Thorns,Home
2823783561,359,61,1,42,33,dzxypx8djih58p668surbi4qm,1,36.4,94.2,2025-06-22T02:48:10.706Z,2025-06-22T02:49:11Z,"[{'id': 5777535977, 'qualifierId': 56, 'value': 'Back'}]",6alny8atonddyhmltw3dgo1d5,J. Grosso,,,Chicago Stars,Away
2823783573,360,5,1,42,35,dzxypx8djih58p668surbi4qm,0,37.0,101.4,2025-06-22T02:48:12.273Z,2025-06-22T02:57:37Z,"[{'id': 5777536033, 'qualifierId': 347}, {'id': 5777536039, 'qualifierId': 233, 'value': '426'}, {'id': 5777536031, 'qualifierId': 56, 'value': 'Back'}]",6alny8atonddyhmltw3dgo1d5,J. Grosso,,,Chicago Stars,Away
2823783563,426,5,1,42,35,446mp88j1vpk9iwui9fiifrp8,1,63.0,-1.4,2025-06-22T02:48:12.273Z,2025-06-22T02:55:06Z,"[{'id': 5777535979, 'qualifierId': 56, 'value': 'Right'}, {'id': 5777535981, 'qualifierId': 347}, {'id': 5777536035, 'qualifierId': 233, 'value': '360'}]",7whcppsae8rxxj20zaxpx1wq1,K. Torpey,,,Portland Thorns,Home
2823783571,427,1,1,42,36,446mp88j1vpk9iwui9fiifrp8,1,60.7,0.0,2025-06-22T02:48:13.696Z,2025-06-22T02:54:32Z,"[{'id': 5777536017, 'qualifierId': 56, 'value': 'Right'}, {'id': 5777536025, 'qualifierId': 213, 'value': '0.60'}, {'id': 5777536021, 'qualifierId': 141, 'value': '9.2'}, {'id': 5777536023, 'qualifierId': 212, 'value': '13.4'}, {'id': 5777536019, 'qualifierId': 140, 'value': '71.3'}, {'id': 5777536015, 'qualifierId': 107}]",cmolam8ri93kos2rasjhnuxyi,S. Coffey,,,Portland Thorns,Home
2823783577,428,1,1,42,37,446mp88j1vpk9iwui9fiifrp8,1,71.3,9.2,2025-06-22T02:48:14.913Z,2025-06-22T02:54:37Z,"[{'id': 5777536057, 'qualifierId': 140, 'value': '67.0'}, {'id': 5777536055, 'qualifierId': 56, 'value': 'Right'}, {'id': 5777536061, 'qualifierId': 212, 'value': '4.6'}, {'id': 5777536063, 'qualifierId': 213, 'value': '2.92'}, {'id': 5777536059, 'qualifierId': 141, 'value': '10.7'}]",2btfn8hbssn0dnszgyll1gopg,P. Tordin,,,Portland Thorns,Home
2823783579,429,3,1,42,38,446mp88j1vpk9iwui9fiifrp8,0,68.3,14.2,2025-06-22T02:48:15.969Z,2025-06-22T02:55:01Z,"[{'id': 5777536069, 'qualifierId': 286}, {'id': 5777536067, 'qualifierId': 56, 'value': 'Right'}, {'id': 5777536127, 'qualifierId': 233, 'value': '362'}]",ek8x7y3jt0xcebttt75qi5exh,J. Fleming,,,Portland Thorns,Home
2823783589,362,7,1,42,38,dzxypx8djih58p668surbi4qm,1,31.7,85.8,2025-06-22T02:48:15.970Z,2025-06-22T02:58:22Z,"[{'id': 5777536123, 'qualifierId': 233, 'value': '429'}, {'id': 5777536097, 'qualifierId': 56, 'value': 'Back'}, {'id': 5777536099, 'qualifierId': 285}]",4tnm3hxzav142ow867jwcozkk,T. Malham,,,Chicago Stars,Away
2823783587,361,1,1,42,40,dzxypx8djih58p668surbi4qm,1,31.6,80.0,2025-06-22T02:48:17.865Z,2025-06-22T02:48:19Z,"[{'id': 5777536083, 'qualifierId': 56, 'value': 'Back'}, {'id': 5777536089, 'qualifierId': 212, 'value': '4.7'}, {'id': 5777536085, 'qualifierId': 140, 'value': '31.5'}, {'id': 5777536087, 'qualifierId': 141, 'value': '86.9'}, {'id': 5777536091, 'qualifierId': 213, 'value': '1.59'}]",6alny8atonddyhmltw3dgo1d5,J. Grosso,,,Chicago Stars,Away
2823783597,365,1,1,42,41,dzxypx8djih58p668surbi4qm,1,24.8,84.4,2025-06-22T02:48:18.687Z,2025-06-22T02:59:13Z,"[{'id': 5777542699, 'qualifierId': 140, 'value': '32.6'}, {'id': 5777542705, 'qualifierId': 213, 'value': '0.65'}, {'id': 5777542701, 'qualifierId': 141, 'value': '93.6'}, {'id': 5777542703, 'qualifierId': 212, 'value': '10.3'}, {'id': 5777542697, 'qualifierId': 56, 'value': 'Back'}]",11u4dj0z0p616zx9gsnil66ay,S. Staab,,,Chicago Stars,Away
2823783591,363,49,1,42,44,dzxypx8djih58p668surbi4qm,1,31.9,87.7,2025-06-22T02:48:21.979Z,2025-06-22T02:48:22Z,[],19udx179xugqp84qo9rsq0nhl,S. Groom,,,Chicago Stars,Away
2823783595,364,1,1,42,45,dzxypx8djih58p668surbi4qm,1,31.9,87.7,2025-06-22T02:48:22.921Z,2025-06-22T02:48:24Z,"[{'id': 5777536117, 'qualifierId': 212, 'value': '10.0'}, {'id': 5777536115, 'qualifierId': 141, 'value': '90.8'}, {'id': 5777536111, 'qualifierId': 56, 'value': 'Back'}, {'id': 5777536119, 'qualifierId': 213, 'value': '2.93'}, {'id': 5777536113, 'qualifierId': 140, 'value': '22.6'}]",19udx179xugqp84qo9rsq0nhl,S. Groom,,,Chicago Stars,Away
2823783601,367,1,1,42,48,dzxypx8djih58p668surbi4qm,1,27.6,86.8,2025-06-22T02:48:25.768Z,2025-06-22T02:48:26Z,"[{'id': 5777536137, 'qualifierId': 141, 'value': '72.0'}, {'id': 5777536139, 'qualifierId': 212, 'value': '12.9'}, {'id': 5777536135, 'qualifierId': 140, 'value': '19.9'}, {'id': 5777536141, 'qualifierId': 213, 'value': '4.04'}, {'id': 5777536133, 'qualifierId': 56, 'value': 'Back'}]",4tnm3hxzav142ow867jwcozkk,T. Malham,,,Chicago Stars,Away
2823783603,368,1,1,42,49,dzxypx8djih58p668surbi4qm,0,19.9,72.0,2025-06-22T02:48:26.777Z,2025-06-22T02:48:27Z,"[{'id': 5777536151, 'qualifierId': 212, 'value': '17.6'}, {'id': 5777536149, 'qualifierId': 141, 'value': '48.8'}, {'id': 5777536145, 'qualifierId': 56, 'value': 'Back'}, {'id': 5777536153, 'qualifierId': 213, 'value': '5.18'}, {'id': 5777536147, 'qualifierId': 140, 'value': '27.4'}]",11u4dj0z0p616zx9gsnil66ay,S. Staab,,,Chicago Stars,Away
2823783611,430,8,1,42,56,446mp88j1vpk9iwui9fiifrp8,1,72.3,72.6,2025-06-22T02:48:33.265Z,2025-06-22T02:48:45Z,"[{'id': 5777536195, 'qualifierId': 56, 'value': 'Center'}]",5b2dire687lp3dasdj2z3n0q2,R. Turner,,,Portland Thorns,Home
2823783615,369,1,1,42,57,dzxypx8djih58p668surbi4qm,1,22.5,48.2,2025-06-22T02:48:34.361Z,2025-06-22T02:48:36Z,"[{'id': 5777536217, 'qualifierId': 213, 'value': '4.48'}, {'id': 5777536211, 'qualifierId': 140, 'value': '20.1'}, {'id': 5777536215, 'qualifierId': 212, 'value': '11.0'}, {'id': 5777536213, 'qualifierId': 141, 'value': '32.5'}, {'id': 5777536209, 'qualifierId': 56, 'value': 'Back'}]",daze51b5849zsk2aqvgmkkbth,Maitane López,,,Chicago Stars,Away
2823783619,370,1,1,42,59,dzxypx8djih58p668surbi4qm,1,20.1,32.5,2025-06-22T02:48:36.214Z,2025-06-22T02:48:40Z,"[{'id': 5777536243, 'qualifierId': 56, 'value': 'Back'}, {'id': 5777536245, 'qualifierId': 140, 'value': '39.6'}, {'id': 5777536251, 'qualifierId': 213, 'value': '5.54'}, {'id': 5777536249, 'qualifierId': 212, 'value': '27.8'}, {'id': 5777536247, 'qualifierId': 141, 'value': '4.9'}]",6zzk0lgja87zs45h8btgheled,C. Onwualu,,,Chicago Stars,Away
2823783623,371,1,1,43,3,dzxypx8djih58p668surbi4qm,1,44.1,26.4,2025-06-22T02:48:40.537Z,2025-06-22T02:48:45Z,"[{'id': 5777536313, 'qualifierId': 213, 'value': '1.49'}, {'id': 5777536309, 'qualifierId': 141, 'value': '44.8'}, {'id': 5777536305, 'qualifierId': 56, 'value': 'Back'}, {'id': 5777536311, 'qualifierId': 212, 'value': '12.6'}, {'id': 5777536307, 'qualifierId': 140, 'value': '45.1'}]",v0k2w41tlj0elpj7nrw68onp,N. Kuikka,,,Chicago Stars,Away
2823783629,372,1,1,43,8,dzxypx8djih58p668surbi4qm,1,60.2,28.9,2025-06-22T02:48:45.609Z,2025-06-22T02:48:50Z,"[{'id': 5777536349, 'qualifierId': 213, 'value': '5.50'}, {'id': 5777536343, 'qualifierId': 140, 'value': '71.7'}, {'id': 5777536345, 'qualifierId': 141, 'value': '11.3'}, {'id': 5777536341, 'qualifierId': 56, 'value': 'Right'}, {'id': 5777536347, 'qualifierId': 212, 'value': '17.0'}]",6alny8atonddyhmltw3dgo1d5,J. Grosso,,,Chicago Stars,Away
2823783631,373,1,1,43,13,dzxypx8djih58p668surbi4qm,1,72.8,12.8,2025-06-22T02:48:50.152Z,2025-06-22T02:48:52Z,"[{'id': 5777536359, 'qualifierId': 212, 'value': '7.9'}, {'id': 5777536357, 'qualifierId': 141, 'value': '22.5'}, {'id': 5777536353, 'qualifierId': 56, 'value': 'Center'}, {'id': 5777536361, 'qualifierId': 213, 'value': '0.98'}, {'id': 5777536355, 'qualifierId': 140, 'value': '77.0'}]",6e7scc2z7henelebs853mc844,A. Schlegel,,,Chicago Stars,Away
2823783635,374,1,1,43,15,dzxypx8djih58p668surbi4qm,1,77.4,20.0,2025-06-22T02:48:52.217Z,2025-06-22T02:48:55Z,"[{'id': 5777536387, 'qualifierId': 141, 'value': '3.8'}, {'id': 5777536391, 'qualifierId': 213, 'value': '5.16'}, {'id': 5777536385, 'qualifierId': 140, 'value': '82.5'}, {'id': 5777536383, 'qualifierId': 56, 'value': 'Right'}, {'id': 5777536389, 'qualifierId': 212, 'value': '12.2'}]",6alny8atonddyhmltw3dgo1d5,J. Grosso,,,Chicago Stars,Away
2823783637,375,1,1,43,17,dzxypx8djih58p668surbi4qm,0,86.7,5.2,2025-06-22T02:48:55.049Z,2025-06-22T02:49:01Z,"[{'id': 5777536409, 'qualifierId': 213, 'value': '1.29'}, {'id': 5777536399, 'qualifierId': 155}, {'id': 5777536407, 'qualifierId': 212, 'value': '29.8'}, {'id': 5777536397, 'qualifierId': 2}, {'id': 5777536403, 'qualifierId': 140, 'value': '94.5'}, {'id': 5777536401, 'qualifierId': 56, 'value': 'Center'}, {'id': 5777536479, 'qualifierId': 233, 'value': '431'}, {'id': 5777536405, 'qualifierId': 141, 'value': '47.3'}]",v0k2w41tlj0elpj7nrw68onp,N. Kuikka,,,Chicago Stars,Away
2823783639,431,11,1,43,21,446mp88j1vpk9iwui9fiifrp8,1,5.8,53.4,2025-06-22T02:48:58.401Z,2025-06-22T02:49:01Z,"[{'id': 5777536477, 'qualifierId': 88}, {'id': 5777536475, 'qualifierId': 56, 'value': 'Back'}, {'id': 5777536483, 'qualifierId': 233, 'value': '375'}]",1yva0f096q2oqk5gz59utr42y,B. Bixby,,,Portland Thorns,Home
2823783685,432,1,1,43,38,446mp88j1vpk9iwui9fiifrp8,1,14.4,43.6,2025-06-22T02:49:15.666Z,2025-06-22T02:49:18Z,"[{'id': 5777536699, 'qualifierId': 141, 'value': '27.1'}, {'id': 5777536697, 'qualifierId': 140, 'value': '21.4'}, {'id': 5777536701, 'qualifierId': 212, 'value': '13.4'}, {'id': 5777536693, 'qualifierId': 123}, {'id': 5777536695, 'qualifierId': 56, 'value': 'Back'}, {'id': 5777536703, 'qualifierId': 213, 'value': '5.29'}]",1yva0f096q2oqk5gz59utr42y,B. Bixby,,,Portland Thorns,Home
2823783689,433,1,1,43,41,446mp88j1vpk9iwui9fiifrp8,1,21.4,27.1,2025-06-22T02:49:18.193Z,2025-06-22T02:49:19Z,"[{'id': 5777536711, 'qualifierId': 141, 'value': '11.9'}, {'id': 5777536707, 'qualifierId': 56, 'value': 'Back'}, {'id': 5777536715, 'qualifierId': 213, 'value': '5.21'}, {'id': 5777536713, 'qualifierId': 212, 'value': '11.8'}, {'id': 5777536709, 'qualifierId': 140, 'value': '26.8'}]",74uudh34v23m2z9gy5tdppxey,S. Hiatt,,,Portland Thorns,Home
2823783699,434,1,1,43,41,446mp88j1vpk9iwui9fiifrp8,1,26.8,11.9,2025-06-22T02:49:19.025Z,2025-06-22T02:49:22Z,"[{'id': 5777536769, 'qualifierId': 212, 'value': '12.9'}, {'id': 5777536763, 'qualifierId': 56, 'value': 'Back'}, {'id': 5777536765, 'qualifierId': 140, 'value': '19.7'}, {'id': 5777536771, 'qualifierId': 213, 'value': '2.19'}, {'id': 5777536767, 'qualifierId': 141, 'value': '27.4'}]",7whcppsae8rxxj20zaxpx1wq1,K. Torpey,,,Portland Thorns,Home
2823783701,435,1,1,43,45,446mp88j1vpk9iwui9fiifrp8,1,19.9,23.3,2025-06-22T02:49:22.641Z,2025-06-22T02:49:24Z,"[{'id': 5777536775, 'qualifierId': 155}, {'id': 5777536783, 'qualifierId': 212, 'value': '25.8'}, {'id': 5777536777, 'qualifierId': 56, 'value': 'Back'}, {'id': 5777536785, 'qualifierId': 213, 'value': '0.25'}, {'id': 5777536779, 'qualifierId': 140, 'value': '43.7'}, {'id': 5777536781, 'qualifierId': 141, 'value': '32.5'}]",74uudh34v23m2z9gy5tdppxey,S. Hiatt,,,Portland Thorns,Home
2823783709,436,1,1,43,47,446mp88j1vpk9iwui9fiifrp8,1,43.7,32.5,2025-06-22T02:49:24.721Z,2025-06-22T02:49:27Z,"[{'id': 5777536841, 'qualifierId': 213, 'value': '0.23'}, {'id': 5777536833, 'qualifierId': 56, 'value': 'Center'}, {'id': 5777536831, 'qualifierId': 168}, {'id': 5777536835, 'qualifierId': 140, 'value': '64.7'}, {'id': 5777536839, 'qualifierId': 212, 'value': '22.6'}, {'id': 5777536837, 'qualifierId': 141, 'value': '40.1'}, {'id': 5777536829, 'qualifierId': 3}]",2btfn8hbssn0dnszgyll1gopg,P. Tordin,,,Portland Thorns,Home
2823783711,437,61,1,43,50,446mp88j1vpk9iwui9fiifrp8,0,64.7,40.1,2025-06-22T02:49:27.089Z,2025-06-22T02:49:27Z,"[{'id': 5777536845, 'qualifierId': 56, 'value': 'Center'}]",5b2dire687lp3dasdj2z3n0q2,R. Turner,,,Portland Thorns,Home
2823783715,376,1,1,43,50,dzxypx8djih58p668surbi4qm,0,38.6,61.2,2025-06-22T02:49:28.011Z,2025-06-22T02:49:28Z,"[{'id': 5777536865, 'qualifierId': 141, 'value': '57.2'}, {'id': 5777536861, 'qualifierId': 56, 'value': 'Center'}, {'id': 5777536863, 'qualifierId': 140, 'value': '55.4'}, {'id': 5777536867, 'qualifierId': 212, 'value': '17.8'}, {'id': 5777536871, 'qualifierId': 1}, {'id': 5777536869, 'qualifierId': 213, 'value': '6.13'}, {'id': 5777536859, 'qualifierId': 157}]",11u4dj0z0p616zx9gsnil66ay,S. Staab,,,Chicago Stars,Away
2823783721,438,61,1,43,53,446mp88j1vpk9iwui9fiifrp8,0,44.2,42.4,2025-06-22T02:49:30.113Z,2025-06-22T02:49:30Z,"[{'id': 5777536891, 'qualifierId': 56, 'value': 'Back'}]",cmolam8ri93kos2rasjhnuxyi,S. Coffey,,,Portland Thorns,Home
2823783723,377,49,1,43,54,dzxypx8djih58p668surbi4qm,1,60.1,56.4,2025-06-22T02:49:31.514Z,2025-06-22T02:49:31Z,[],6e7scc2z7henelebs853mc844,A. Schlegel,,,Chicago Stars,Away
2823783729,378,1,1,43,54,dzxypx8djih58p668surbi4qm,1,60.4,56.4,2025-06-22T02:49:31.785Z,2025-06-22T02:49:32Z,"[{'id': 5777536927, 'qualifierId': 213, 'value': '0.94'}, {'id': 5777536925, 'qualifierId': 212, 'value': '6.4'}, {'id': 5777536921, 'qualifierId': 140, 'value': '64.0'}, {'id': 5777536923, 'qualifierId': 141, 'value': '64.0'}, {'id': 5777536919, 'qualifierId': 56, 'value': 'Center'}]",6e7scc2z7henelebs853mc844,A. Schlegel,,,Chicago Stars,Away
2823783741,379,1,1,43,55,dzxypx8djih58p668surbi4qm,1,64.0,64.0,2025-06-22T02:49:32.793Z,2025-06-22T02:49:39Z,"[{'id': 5777536973, 'qualifierId': 141, 'value': '76.7'}, {'id': 5777536969, 'qualifierId': 56, 'value': 'Center'}, {'id': 5777536977, 'qualifierId': 213, 'value': '0.65'}, {'id': 5777536971, 'qualifierId': 140, 'value': '74.8'}, {'id': 5777536975, 'qualifierId': 212, 'value': '14.3'}]",6alny8atonddyhmltw3dgo1d5,J. Grosso,,,Chicago Stars,Away
2823783745,380,50,1,44,1,dzxypx8djih58p668surbi4qm,1,92.2,70.2,2025-06-22T02:49:38.753Z,2025-06-22T02:55:01Z,"[{'id': 5777536981, 'qualifierId': 56, 'value': 'Center'}, {'id': 5777536993, 'qualifierId': 233, 'value': '439'}, {'id': 5777536983, 'qualifierId': 286}]",19udx179xugqp84qo9rsq0nhl,S. Groom,,,Chicago Stars,Away
2823783739,439,7,1,44,1,446mp88j1vpk9iwui9fiifrp8,1,7.8,29.8,2025-06-22T02:49:38.754Z,2025-06-22T02:55:01Z,"[{'id': 5777536967, 'qualifierId': 285}, {'id': 5777536965, 'qualifierId': 56, 'value': 'Back'}, {'id': 5777536963, 'qualifierId': 167}, {'id': 5777536985, 'qualifierId': 233, 'value': '380'}]",7whcppsae8rxxj20zaxpx1wq1,K. Torpey,,,Portland Thorns,Home
2823783753,381,6,1,44,2,dzxypx8djih58p668surbi4qm,1,91.4,69.6,2025-06-22T02:49:39.442Z,2025-06-22T02:55:09Z,"[{'id': 5777537037, 'qualifierId': 233, 'value': '440'}, {'id': 5777537035, 'qualifierId': 73}, {'id': 5777537033, 'qualifierId': 56, 'value': 'Center'}]",19udx179xugqp84qo9rsq0nhl,S. Groom,,,Chicago Stars,Away
2823783743,440,6,1,44,2,446mp88j1vpk9iwui9fiifrp8,0,8.6,30.4,2025-06-22T02:49:39.442Z,2025-06-22T02:49:44Z,"[{'id': 5777537025, 'qualifierId': 56, 'value': 'Back'}, {'id': 5777537027, 'qualifierId': 73}, {'id': 5777537055, 'qualifierId': 233, 'value': '381'}]",7whcppsae8rxxj20zaxpx1wq1,K. Torpey,,,Portland Thorns,Home
2823783861,382,1,1,44,40,dzxypx8djih58p668surbi4qm,0,99.5,99.5,2025-06-22T02:50:17.244Z,2025-06-22T02:54:05Z,"[{'id': 5777537569, 'qualifierId': 56, 'value': 'Center'}, {'id': 5777537573, 'qualifierId': 141, 'value': '51.9'}, {'id': 5777537561, 'qualifierId': 2}, {'id': 5777537577, 'qualifierId': 213, 'value': '4.61'}, {'id': 5777537565, 'qualifierId': 155}, {'id': 5777540175, 'qualifierId': 233, 'value': '442'}, {'id': 5777537571, 'qualifierId': 140, 'value': '96.3'}, {'id': 5777537567, 'qualifierId': 223}, {'id': 5777537575, 'qualifierId': 212, 'value': '32.5'}, {'id': 5777537563, 'qualifierId': 6}, {'id': 5777537579, 'qualifierId': 1}]",8v62hppzsz2yonw60h9910iga,J. Bike,,,Chicago Stars,Away
2823783869,441,44,1,44,40,446mp88j1vpk9iwui9fiifrp8,1,3.7,49.4,2025-06-22T02:50:18.051Z,2025-06-22T04:01:09Z,"[{'id': 5777537623, 'qualifierId': 56, 'value': 'Back'}, {'id': 5777540001, 'qualifierId': 233, 'value': '402'}, {'id': 5777537625, 'qualifierId': 285}]",1yva0f096q2oqk5gz59utr42y,B. Bixby,,,Portland Thorns,Home
2823784295,402,44,1,44,41,dzxypx8djih58p668surbi4qm,0,96.3,50.6,2025-06-22T02:50:18.052Z,2025-06-22T02:54:06Z,"[{'id': 5777540005, 'qualifierId': 233, 'value': '441'}, {'id': 5777539997, 'qualifierId': 56, 'value': 'Center'}, {'id': 5777539999, 'qualifierId': 286}]",19udx179xugqp84qo9rsq0nhl,S. Groom,,,Chicago Stars,Away
2823783881,442,41,1,44,42,446mp88j1vpk9iwui9fiifrp8,1,2.8,48.7,2025-06-22T02:50:19.882Z,2025-06-22T02:54:05Z,"[{'id': 5777537673, 'qualifierId': 141, 'value': '44.3'}, {'id': 5777537671, 'qualifierId': 140, 'value': '25.1'}, {'id': 5777537675, 'qualifierId': 212, 'value': '23.6'}, {'id': 5777540179, 'qualifierId': 233, 'value': '382'}, {'id': 5777537677, 'qualifierId': 213, 'value': '6.16'}]",1yva0f096q2oqk5gz59utr42y,B. Bixby,,,Portland Thorns,Home
2823783889,443,12,1,44,44,446mp88j1vpk9iwui9fiifrp8,1,14.4,48.9,2025-06-22T02:50:21.075Z,2025-06-22T02:54:24Z,"[{'id': 5777537719, 'qualifierId': 140, 'value': '35.6'}, {'id': 5777537723, 'qualifierId': 212, 'value': '22.4'}, {'id': 5777537725, 'qualifierId': 213, 'value': '6.16'}, {'id': 5777537717, 'qualifierId': 56, 'value': 'Back'}, {'id': 5777537721, 'qualifierId': 141, 'value': '45.0'}]",7izc8t071mkrrgvptdjru467e,O. Moultrie,,,Portland Thorns,Home
2823783885,383,1,1,44,47,dzxypx8djih58p668surbi4qm,1,69.6,55.4,2025-06-22T02:50:24.858Z,2025-06-22T02:54:59Z,"[{'id': 5777537693, 'qualifierId': 141, 'value': '46.7'}, {'id': 5777537691, 'qualifierId': 140, 'value': '87.9'}, {'id': 5777537695, 'qualifierId': 212, 'value': '20.1'}, {'id': 5777537689, 'qualifierId': 56, 'value': 'Center'}, {'id': 5777537687, 'qualifierId': 155}, {'id': 5777537697, 'qualifierId': 213, 'value': '5.98'}]",4tnm3hxzav142ow867jwcozkk,T. Malham,,,Chicago Stars,Away
2823784417,403,61,1,44,48,dzxypx8djih58p668surbi4qm,0,86.0,32.8,2025-06-22T02:50:25.052Z,2025-06-22T02:54:57Z,"[{'id': 5777540729, 'qualifierId': 56, 'value': 'Center'}]",11u4dj0z0p616zx9gsnil66ay,S. Staab,,,Chicago Stars,Away
2823783895,445,12,1,44,51,446mp88j1vpk9iwui9fiifrp8,1,20.3,70.5,2025-06-22T02:50:28.115Z,2025-06-22T02:55:20Z,"[{'id': 5777537773, 'qualifierId': 15}, {'id': 5777537753, 'qualifierId': 140, 'value': '26.1'}, {'id': 5777537759, 'qualifierId': 213, 'value': '6.16'}, {'id': 5777537751, 'qualifierId': 56, 'value': 'Back'}, {'id': 5777537755, 'qualifierId': 141, 'value': '69.4'}, {'id': 5777537757, 'qualifierId': 212, 'value': '6.1'}]",5b2dire687lp3dasdj2z3n0q2,R. Turner,,,Portland Thorns,Home
2823783893,444,43,1,44,51,446mp88j1vpk9iwui9fiifrp8,1,0.0,0.0,2025-06-22T02:50:28.482Z,2025-06-22T02:50:50Z,"[{'id': 5777537745, 'qualifierId': 141, 'value': '70.5'}, {'id': 5777537741, 'qualifierId': 56, 'value': 'Back'}, {'id': 5777538041, 'qualifierId': 144, 'value': '12'}, {'id': 5777537747, 'qualifierId': 212, 'value': '7.7'}, {'id': 5777537749, 'qualifierId': 213, 'value': '1.75'}, {'id': 5777537743, 'qualifierId': 140, 'value': '20.3'}]",615vz7uoe3eiozddbe206io6h,R. Reyes,,,Portland Thorns,Home
2823783915,384,13,1,44,53,dzxypx8djih58p668surbi4qm,1,77.1,26.6,2025-06-22T02:50:30.859Z,2025-06-22T02:55:51Z,"[{'id': 5777538079, 'qualifierId': 20}, {'id': 5777538259, 'qualifierId': 215}, {'id': 5777537865, 'qualifierId': 56, 'value': 'Center'}, {'id': 5777538263, 'qualifierId': 230, 'value': '97.6'}, {'id': 5777538255, 'qualifierId': 102, 'value': '48.1'}, {'id': 5777538251, 'qualifierId': 25}, {'id': 5777541163, 'qualifierId': 85}, {'id': 5777538257, 'qualifierId': 103, 'value': '58.3'}, {'id': 5777538261, 'qualifierId': 458}, {'id': 5777538265, 'qualifierId': 231, 'value': '46.6'}, {'id': 5777537863, 'qualifierId': 18}]",v0k2w41tlj0elpj7nrw68onp,N. Kuikka,,,Chicago Stars,Away
2823783921,385,5,1,44,56,dzxypx8djih58p668surbi4qm,0,100.8,38.6,2025-06-22T02:50:33.114Z,2025-06-22T02:55:07Z,"[{'id': 5777537901, 'qualifierId': 346}, {'id': 5777538723, 'qualifierId': 233, 'value': '446'}, {'id': 5777537899, 'qualifierId': 56, 'value': 'Center'}]",6e7scc2z7henelebs853mc844,A. Schlegel,,,Chicago Stars,Away
2823783905,446,5,1,44,56,446mp88j1vpk9iwui9fiifrp8,1,-0.8,61.4,2025-06-22T02:50:33.114Z,2025-06-22T02:55:06Z,"[{'id': 5777537813, 'qualifierId': 56, 'value': 'Back'}, {'id': 5777538719, 'qualifierId': 233, 'value': '385'}, {'id': 5777537815, 'qualifierId': 346}]",5b2dire687lp3dasdj2z3n0q2,R. Turner,,,Portland Thorns,Home
2823784007,450,70,1,45,0,446mp88j1vpk9iwui9fiifrp8,1,0.0,0.0,2025-06-22T02:50:37.458Z,2025-06-22T02:51:52Z,"[{'id': 5777538401, 'qualifierId': 277, 'value': '2'}]",,,,,Portland Thorns,Home
2823783989,447,1,1,45,24,446mp88j1vpk9iwui9fiifrp8,0,5.1,59.3,2025-06-22T02:51:01.475Z,2025-06-22T02:57:43Z,"[{'id': 5777538287, 'qualifierId': 141, 'value': '68.8'}, {'id': 5777538289, 'qualifierId': 212, 'value': '59.9'}, {'id': 5777538285, 'qualifierId': 140, 'value': '61.8'}, {'id': 5777538281, 'qualifierId': 124}, {'id': 5777538291, 'qualifierId': 213, 'value': '0.11'}, {'id': 5777538295, 'qualifierId': 74}, {'id': 5777538293, 'qualifierId': 1}, {'id': 5777538283, 'qualifierId': 56, 'value': 'Center'}]",1yva0f096q2oqk5gz59utr42y,B. Bixby,,,Portland Thorns,Home
2823784631,404,44,1,45,25,dzxypx8djih58p668surbi4qm,1,45.8,26.8,2025-06-22T02:51:03.051Z,2025-06-22T04:01:09Z,"[{'id': 5777541999, 'qualifierId': 285}, {'id': 5777542347, 'qualifierId': 233, 'value': '462'}, {'id': 5777541997, 'qualifierId': 56, 'value': 'Back'}]",6e7scc2z7henelebs853mc844,A. Schlegel,,,Chicago Stars,Away
2823784683,462,44,1,45,26,446mp88j1vpk9iwui9fiifrp8,0,54.2,73.2,2025-06-22T02:51:03.052Z,2025-06-22T04:01:10Z,"[{'id': 5777542345, 'qualifierId': 286}, {'id': 5777542353, 'qualifierId': 233, 'value': '404'}, {'id': 5777542343, 'qualifierId': 56, 'value': 'Center'}]",5b2dire687lp3dasdj2z3n0q2,R. Turner,,,Portland Thorns,Home
2823784651,405,1,1,45,27,dzxypx8djih58p668surbi4qm,0,44.7,27.3,2025-06-22T02:51:04.052Z,2025-06-22T02:58:00Z,"[{'id': 5777542141, 'qualifierId': 56, 'value': 'Center'}, {'id': 5777542145, 'qualifierId': 141, 'value': '25.3'}, {'id': 5777542147, 'qualifierId': 212, 'value': '11.9'}, {'id': 5777542139, 'qualifierId': 3}, {'id': 5777542143, 'qualifierId': 140, 'value': '56.0'}, {'id': 5777542149, 'qualifierId': 213, 'value': '6.17'}]",6e7scc2z7henelebs853mc844,A. Schlegel,,,Chicago Stars,Away
2823783999,448,1,1,45,28,446mp88j1vpk9iwui9fiifrp8,1,43.6,71.1,2025-06-22T02:51:05.891Z,2025-06-22T02:51:08Z,"[{'id': 5777538357, 'qualifierId': 56, 'value': 'Center'}, {'id': 5777538365, 'qualifierId': 213, 'value': '5.79'}, {'id': 5777538361, 'qualifierId': 141, 'value': '56.6'}, {'id': 5777538355, 'qualifierId': 3}, {'id': 5777538363, 'qualifierId': 212, 'value': '20.9'}, {'id': 5777538359, 'qualifierId': 140, 'value': '61.2'}]",615vz7uoe3eiozddbe206io6h,R. Reyes,,,Portland Thorns,Home
2823783997,386,43,1,45,29,dzxypx8djih58p668surbi4qm,1,0.0,0.0,2025-06-22T02:51:06.090Z,2025-06-22T02:58:46Z,"[{'id': 5777538323, 'qualifierId': 56, 'value': 'Center'}, {'id': 5777538331, 'qualifierId': 213, 'value': '0.08'}, {'id': 5777538321, 'qualifierId': 3, 'value': '0'}, {'id': 5777538325, 'qualifierId': 140, 'value': '61.4'}, {'id': 5777542501, 'qualifierId': 144, 'value': '1'}, {'id': 5777538329, 'qualifierId': 212, 'value': '15.9'}, {'id': 5777538327, 'qualifierId': 141, 'value': '25.9'}]",11u4dj0z0p616zx9gsnil66ay,S. Staab,,,Chicago Stars,Away
2823784001,449,1,1,45,29,446mp88j1vpk9iwui9fiifrp8,0,61.2,56.6,2025-06-22T02:51:06.755Z,2025-06-22T02:51:45Z,"[{'id': 5777538369, 'qualifierId': 3}, {'id': 5777538373, 'qualifierId': 56, 'value': 'Center'}, {'id': 5777538371, 'qualifierId': 168}, {'id': 5777538375, 'qualifierId': 140, 'value': '68.9'}, {'id': 5777538381, 'qualifierId': 213, 'value': '6.17'}, {'id': 5777538379, 'qualifierId': 212, 'value': '8.1'}, {'id': 5777538377, 'qualifierId': 141, 'value': '55.2'}]",2btfn8hbssn0dnszgyll1gopg,P. Tordin,,,Portland Thorns,Home
2823784009,387,1,1,45,34,dzxypx8djih58p668surbi4qm,0,34.9,38.2,2025-06-22T02:51:11.324Z,2025-06-22T02:58:57Z,"[{'id': 5777538415, 'qualifierId': 212, 'value': '28.3'}, {'id': 5777538411, 'qualifierId': 140, 'value': '61.6'}, {'id': 5777538407, 'qualifierId': 157}, {'id': 5777538417, 'qualifierId': 213, 'value': '0.14'}, {'id': 5777538409, 'qualifierId': 56, 'value': 'Center'}, {'id': 5777538419, 'qualifierId': 1}, {'id': 5777538413, 'qualifierId': 141, 'value': '43.9'}]",6zzk0lgja87zs45h8btgheled,C. Onwualu,,,Chicago Stars,Away
2823784011,451,1,1,45,37,446mp88j1vpk9iwui9fiifrp8,1,39.3,48.1,2025-06-22T02:51:14.131Z,2025-06-22T02:51:14Z,"[{'id': 5777538427, 'qualifierId': 56, 'value': 'Back'}, {'id': 5777538429, 'qualifierId': 140, 'value': '36.6'}, {'id': 5777538433, 'qualifierId': 212, 'value': '8.0'}, {'id': 5777538425, 'qualifierId': 3}, {'id': 5777538431, 'qualifierId': 141, 'value': '59.1'}, {'id': 5777538435, 'qualifierId': 213, 'value': '1.93'}]",74uudh34v23m2z9gy5tdppxey,S. Hiatt,,,Portland Thorns,Home
2823784019,452,1,1,45,37,446mp88j1vpk9iwui9fiifrp8,1,36.6,59.1,2025-06-22T02:51:14.754Z,2025-06-22T02:51:18Z,"[{'id': 5777538487, 'qualifierId': 140, 'value': '53.4'}, {'id': 5777538489, 'qualifierId': 141, 'value': '55.5'}, {'id': 5777538491, 'qualifierId': 212, 'value': '17.8'}, {'id': 5777538485, 'qualifierId': 56, 'value': 'Center'}, {'id': 5777538483, 'qualifierId': 3}, {'id': 5777538493, 'qualifierId': 213, 'value': '6.15'}]",615vz7uoe3eiozddbe206io6h,R. Reyes,,,Portland Thorns,Home
2823784021,453,50,1,45,41,446mp88j1vpk9iwui9fiifrp8,1,46.9,52.3,2025-06-22T02:51:18.162Z,2025-06-22T02:55:02Z,"[{'id': 5777538501, 'qualifierId': 286}, {'id': 5777538517, 'qualifierId': 233, 'value': '388'}, {'id': 5777538499, 'qualifierId': 56, 'value': 'Back'}]",7izc8t071mkrrgvptdjru467e,O. Moultrie,,,Portland Thorns,Home
2823784023,388,7,1,45,41,dzxypx8djih58p668surbi4qm,1,53.1,47.7,2025-06-22T02:51:18.163Z,2025-06-22T02:55:01Z,"[{'id': 5777538509, 'qualifierId': 56, 'value': 'Center'}, {'id': 5777538513, 'qualifierId': 233, 'value': '453'}, {'id': 5777538511, 'qualifierId': 285}]",56jjwfa02gep01vggqojvfbe2,M. Hayashi,,,Chicago Stars,Away
2823784025,389,49,1,45,44,dzxypx8djih58p668surbi4qm,1,66.3,60.9,2025-06-22T02:51:21.354Z,2025-06-22T02:51:21Z,[],6alny8atonddyhmltw3dgo1d5,J. Grosso,,,Chicago Stars,Away
2823784033,390,1,1,45,44,dzxypx8djih58p668surbi4qm,1,73.3,64.5,2025-06-22T02:51:21.738Z,2025-06-22T02:51:26Z,"[{'id': 5777538555, 'qualifierId': 212, 'value': '10.8'}, {'id': 5777538551, 'qualifierId': 140, 'value': '81.0'}, {'id': 5777538549, 'qualifierId': 56, 'value': 'Center'}, {'id': 5777538557, 'qualifierId': 213, 'value': '0.72'}, {'id': 5777538553, 'qualifierId': 141, 'value': '75.0'}]",6alny8atonddyhmltw3dgo1d5,J. Grosso,,,Chicago Stars,Away
2823784035,391,1,1,45,49,dzxypx8djih58p668surbi4qm,0,94.4,70.3,2025-06-22T02:51:26.593Z,2025-06-22T03:02:12Z,"[{'id': 5777538567, 'qualifierId': 212, 'value': '2.7'}, {'id': 5777538571, 'qualifierId': 236}, {'id': 5777538569, 'qualifierId': 213, 'value': '4.63'}, {'id': 5777538573, 'qualifierId': 233, 'value': '454'}, {'id': 5777538565, 'qualifierId': 141, 'value': '66.4'}, {'id': 5777538561, 'qualifierId': 56, 'value': 'Center'}, {'id': 5777538577, 'qualifierId': 286}, {'id': 5777538563, 'qualifierId': 140, 'value': '94.2'}]",19udx179xugqp84qo9rsq0nhl,S. Groom,,,Chicago Stars,Away
2823784031,454,74,1,45,49,446mp88j1vpk9iwui9fiifrp8,1,3.9,34.2,2025-06-22T02:51:26.594Z,2025-06-22T02:51:27Z,"[{'id': 5777538545, 'qualifierId': 56, 'value': 'Back'}, {'id': 5777538581, 'qualifierId': 233, 'value': '391'}, {'id': 5777538547, 'qualifierId': 285}]",7whcppsae8rxxj20zaxpx1wq1,K. Torpey,,,Portland Thorns,Home
2823784039,392,61,1,45,51,dzxypx8djih58p668surbi4qm,1,94.1,67.5,2025-06-22T02:51:28.468Z,2025-06-22T02:51:28Z,"[{'id': 5777538599, 'qualifierId': 56, 'value': 'Center'}]",19udx179xugqp84qo9rsq0nhl,S. Groom,,,Chicago Stars,Away
2823784043,393,5,1,45,51,dzxypx8djih58p668surbi4qm,0,101.2,66.2,2025-06-22T02:51:28.946Z,2025-06-22T02:55:07Z,"[{'id': 5777538607, 'qualifierId': 346}, {'id': 5777538605, 'qualifierId': 56, 'value': 'Center'}, {'id': 5777538613, 'qualifierId': 233, 'value': '455'}]",19udx179xugqp84qo9rsq0nhl,S. Groom,,,Chicago Stars,Away
2823784041,455,5,1,45,51,446mp88j1vpk9iwui9fiifrp8,1,-1.2,33.8,2025-06-22T02:51:28.946Z,2025-06-22T02:55:07Z,"[{'id': 5777538603, 'qualifierId': 346}, {'id': 5777538609, 'qualifierId': 233, 'value': '393'}, {'id': 5777538601, 'qualifierId': 56, 'value': 'Back'}]",7whcppsae8rxxj20zaxpx1wq1,K. Torpey,,,Portland Thorns,Home
2823784159,456,1,1,46,57,446mp88j1vpk9iwui9fiifrp8,1,4.5,39.4,2025-06-22T02:52:34.338Z,2025-06-22T02:52:36Z,"[{'id': 5777539291, 'qualifierId': 74}, {'id': 5777539287, 'qualifierId': 1}, {'id': 5777539285, 'qualifierId': 213, 'value': '6.04'}, {'id': 5777539279, 'qualifierId': 140, 'value': '51.8'}, {'id': 5777539281, 'qualifierId': 141, 'value': '21.2'}, {'id': 5777539275, 'qualifierId': 124}, {'id': 5777539283, 'qualifierId': 212, 'value': '51.2'}, {'id': 5777539277, 'qualifierId': 56, 'value': 'Center'}]",1yva0f096q2oqk5gz59utr42y,B. Bixby,,,Portland Thorns,Home
2823784161,457,44,1,46,58,446mp88j1vpk9iwui9fiifrp8,1,52.3,18.8,2025-06-22T02:52:36.051Z,2025-06-22T04:01:10Z,"[{'id': 5777539293, 'qualifierId': 56, 'value': 'Right'}, {'id': 5777539295, 'qualifierId': 286}, {'id': 5777542963, 'qualifierId': 233, 'value': '406'}]",ek8x7y3jt0xcebttt75qi5exh,J. Fleming,,,Portland Thorns,Home
2823784785,406,44,1,46,59,dzxypx8djih58p668surbi4qm,0,47.7,81.2,2025-06-22T02:52:36.052Z,2025-06-22T04:01:10Z,"[{'id': 5777542959, 'qualifierId': 56, 'value': 'Back'}, {'id': 5777542961, 'qualifierId': 285}, {'id': 5777542971, 'qualifierId': 233, 'value': '457'}]",19udx179xugqp84qo9rsq0nhl,S. Groom,,,Chicago Stars,Away
2823784163,458,1,1,46,59,446mp88j1vpk9iwui9fiifrp8,0,51.8,21.2,2025-06-22T02:52:36.596Z,2025-06-22T02:52:59Z,"[{'id': 5777539307, 'qualifierId': 212, 'value': '9.0'}, {'id': 5777539305, 'qualifierId': 141, 'value': '25.6'}, {'id': 5777539301, 'qualifierId': 56, 'value': 'Center'}, {'id': 5777539297, 'qualifierId': 3}, {'id': 5777539309, 'qualifierId': 213, 'value': '0.34'}, {'id': 5777539303, 'qualifierId': 140, 'value': '59.9'}, {'id': 5777539299, 'qualifierId': 168}]",ek8x7y3jt0xcebttt75qi5exh,J. Fleming,,,Portland Thorns,Home
2823784171,394,1,1,47,0,dzxypx8djih58p668surbi4qm,1,38.8,70.3,2025-06-22T02:52:37.466Z,2025-06-22T03:00:46Z,"[{'id': 5777539349, 'qualifierId': 213, 'value': '6.18'}, {'id': 5777539343, 'qualifierId': 140, 'value': '55.1'}, {'id': 5777539339, 'qualifierId': 3}, {'id': 5777539347, 'qualifierId': 212, 'value': '17.2'}, {'id': 5777539345, 'qualifierId': 141, 'value': '67.8'}, {'id': 5777539341, 'qualifierId': 56, 'value': 'Center'}]",daze51b5849zsk2aqvgmkkbth,Maitane López,,,Chicago Stars,Away
2823784177,395,1,1,47,2,dzxypx8djih58p668surbi4qm,1,55.1,67.8,2025-06-22T02:52:39.212Z,2025-06-22T03:00:53Z,"[{'id': 5777539375, 'qualifierId': 140, 'value': '63.6'}, {'id': 5777539371, 'qualifierId': 3}, {'id': 5777539373, 'qualifierId': 56, 'value': 'Center'}, {'id': 5777543001, 'qualifierId': 168}, {'id': 5777539377, 'qualifierId': 141, 'value': '54.9'}, {'id': 5777539379, 'qualifierId': 212, 'value': '12.5'}, {'id': 5777539381, 'qualifierId': 213, 'value': '5.51'}]",6alny8atonddyhmltw3dgo1d5,J. Grosso,,,Chicago Stars,Away
2823784181,396,44,1,47,2,dzxypx8djih58p668surbi4qm,1,64.0,66.2,2025-06-22T02:52:39.635Z,2025-06-22T04:01:10Z,"[{'id': 5777539401, 'qualifierId': 56, 'value': 'Center'}, {'id': 5777539405, 'qualifierId': 233, 'value': '459'}, {'id': 5777539403, 'qualifierId': 286}]",6e7scc2z7henelebs853mc844,A. Schlegel,,,Chicago Stars,Away
2823784173,459,44,1,47,2,446mp88j1vpk9iwui9fiifrp8,0,36.0,33.8,2025-06-22T02:52:39.636Z,2025-06-22T04:01:11Z,"[{'id': 5777539353, 'qualifierId': 56, 'value': 'Back'}, {'id': 5777539355, 'qualifierId': 285}, {'id': 5777539409, 'qualifierId': 233, 'value': '396'}]",cmolam8ri93kos2rasjhnuxyi,S. Coffey,,,Portland Thorns,Home
2823784187,397,1,1,47,5,dzxypx8djih58p668surbi4qm,1,63.6,54.9,2025-06-22T02:52:42.106Z,2025-06-22T02:52:44Z,"[{'id': 5777539429, 'qualifierId': 140, 'value': '62.3'}, {'id': 5777539427, 'qualifierId': 56, 'value': 'Center'}, {'id': 5777539431, 'qualifierId': 141, 'value': '48.2'}, {'id': 5777539435, 'qualifierId': 213, 'value': '4.42'}, {'id': 5777539425, 'qualifierId': 3}, {'id': 5777539433, 'qualifierId': 212, 'value': '4.8'}]",6e7scc2z7henelebs853mc844,A. Schlegel,,,Chicago Stars,Away
2823784189,398,1,1,47,6,dzxypx8djih58p668surbi4qm,1,62.3,48.2,2025-06-22T02:52:43.993Z,2025-06-22T02:52:45Z,"[{'id': 5777539449, 'qualifierId': 212, 'value': '17.1'}, {'id': 5777539451, 'qualifierId': 213, 'value': '1.30'}, {'id': 5777539447, 'qualifierId': 141, 'value': '72.4'}, {'id': 5777539443, 'qualifierId': 56, 'value': 'Center'}, {'id': 5777539441, 'qualifierId': 3}, {'id': 5777539445, 'qualifierId': 140, 'value': '66.6'}]",8v62hppzsz2yonw60h9910iga,J. Bike,,,Chicago Stars,Away
2823784195,399,1,1,47,8,dzxypx8djih58p668surbi4qm,1,66.6,72.4,2025-06-22T02:52:45.066Z,2025-06-22T02:52:47Z,"[{'id': 5777539489, 'qualifierId': 212, 'value': '4.3'}, {'id': 5777539483, 'qualifierId': 56, 'value': 'Center'}, {'id': 5777539491, 'qualifierId': 213, 'value': '5.77'}, {'id': 5777539487, 'qualifierId': 141, 'value': '69.3'}, {'id': 5777539485, 'qualifierId': 140, 'value': '70.2'}]",19udx179xugqp84qo9rsq0nhl,S. Groom,,,Chicago Stars,Away
2823784197,400,1,1,47,10,dzxypx8djih58p668surbi4qm,0,64.7,58.7,2025-06-22T02:52:47.658Z,2025-06-22T02:52:50Z,"[{'id': 5777539495, 'qualifierId': 56, 'value': 'Center'}, {'id': 5777539501, 'qualifierId': 212, 'value': '15.9'}, {'id': 5777539497, 'qualifierId': 140, 'value': '76.9'}, {'id': 5777539503, 'qualifierId': 213, 'value': '5.65'}, {'id': 5777539499, 'qualifierId': 141, 'value': '44.9'}]",6alny8atonddyhmltw3dgo1d5,J. Grosso,,,Chicago Stars,Away
2823784213,460,1,1,47,12,446mp88j1vpk9iwui9fiifrp8,1,35.0,62.1,2025-06-22T02:52:50.019Z,2025-06-22T02:52:56Z,"[{'id': 5777539573, 'qualifierId': 140, 'value': '29.5'}, {'id': 5777539571, 'qualifierId': 56, 'value': 'Back'}, {'id': 5777539575, 'qualifierId': 141, 'value': '79.0'}, {'id': 5777539579, 'qualifierId': 213, 'value': '2.04'}, {'id': 5777539577, 'qualifierId': 212, 'value': '12.9'}]",8oj7cqgjacle67i49w4a3gx6,I. Obaze,,,Portland Thorns,Home
2823784211,401,30,1,47,19,dzxypx8djih58p668surbi4qm,1,0.0,0.0,2025-06-22T02:52:56.251Z,2025-06-22T02:52:56Z,"[{'id': 5777539569, 'qualifierId': 57, 'value': '0'}]",,,,,Chicago Stars,Away
2823784215,461,30,1,47,19,446mp88j1vpk9iwui9fiifrp8,1,0.0,0.0,2025-06-22T02:52:56.251Z,2025-06-22T02:52:56Z,"[{'id': 5777539583, 'qualifierId': 57, 'value': '0'}]",,,,,Portland Thorns,Home
2823785013,407,32,2,45,0,dzxypx8djih58p668surbi4qm,1,0.0,0.0,2025-06-22T03:08:15.951Z,2025-06-22T03:08:16Z,"[{'id': 5777544265, 'qualifierId': 127, 'value': 'Left to Right'}]",,,,,Chicago Stars,Away
2823785015,463,32,2,45,0,446mp88j1vpk9iwui9fiifrp8,1,0.0,0.0,2025-06-22T03:08:15.951Z,2025-06-22T03:08:16Z,"[{'id': 5777544267, 'qualifierId': 127, 'value': 'Right to Left'}]",,,,,Portland Thorns,Home
2823785019,408,1,2,45,0,dzxypx8djih58p668surbi4qm,1,49.8,50.3,2025-06-22T03:08:15.952Z,2025-06-22T03:08:18Z,"[{'id': 5777544277, 'qualifierId': 212, 'value': '14.9'}, {'id': 5777544281, 'qualifierId': 279, 'value': 'S'}, {'id': 5777544279, 'qualifierId': 213, 'value': '2.89'}, {'id': 5777544275, 'qualifierId': 141, 'value': '55.8'}, {'id': 5777544271, 'qualifierId': 56, 'value': 'Back'}, {'id': 5777544273, 'qualifierId': 140, 'value': '36.1'}]",6e7scc2z7henelebs853mc844,A. Schlegel,,,Chicago Stars,Away
2823785023,409,1,2,45,2,dzxypx8djih58p668surbi4qm,1,35.9,55.8,2025-06-22T03:08:18.622Z,2025-06-22T03:08:20Z,"[{'id': 5777544303, 'qualifierId': 141, 'value': '68.2'}, {'id': 5777544299, 'qualifierId': 56, 'value': 'Back'}, {'id': 5777544307, 'qualifierId': 213, 'value': '2.43'}, {'id': 5777544305, 'qualifierId': 212, 'value': '13.0'}, {'id': 5777544301, 'qualifierId': 140, 'value': '26.5'}]",daze51b5849zsk2aqvgmkkbth,Maitane López,,,Chicago Stars,Away
2823785025,410,1,2,45,4,dzxypx8djih58p668surbi4qm,1,26.5,68.2,2025-06-22T03:08:20.782Z,2025-06-22T03:08:22Z,"[{'id': 5777544319, 'qualifierId': 213, 'value': '5.26'}, {'id': 5777544313, 'qualifierId': 140, 'value': '31.5'}, {'id': 5777544315, 'qualifierId': 141, 'value': '55.5'}, {'id': 5777544311, 'qualifierId': 56, 'value': 'Back'}, {'id': 5777544317, 'qualifierId': 212, 'value': '10.1'}]",11u4dj0z0p616zx9gsnil66ay,S. Staab,,,Chicago Stars,Away
2823785029,411,1,2,45,6,dzxypx8djih58p668surbi4qm,1,31.5,55.5,2025-06-22T03:08:22.333Z,2025-06-22T03:08:25Z,"[{'id': 5777544335, 'qualifierId': 56, 'value': 'Back'}, {'id': 5777544343, 'qualifierId': 213, 'value': '3.78'}, {'id': 5777544337, 'qualifierId': 140, 'value': '20.8'}, {'id': 5777544341, 'qualifierId': 212, 'value': '14.0'}, {'id': 5777544339, 'qualifierId': 141, 'value': '43.3'}]",daze51b5849zsk2aqvgmkkbth,Maitane López,,,Chicago Stars,Away
2823785033,412,1,2,45,8,dzxypx8djih58p668surbi4qm,1,19.7,43.9,2025-06-22T03:08:24.942Z,2025-06-22T03:08:27Z,"[{'id': 5777544361, 'qualifierId': 140, 'value': '7.6'}, {'id': 5777544365, 'qualifierId': 212, 'value': '13.9'}, {'id': 5777544367, 'qualifierId': 213, 'value': '2.73'}, {'id': 5777544363, 'qualifierId': 141, 'value': '52.1'}, {'id': 5777544359, 'qualifierId': 56, 'value': 'Back'}]",6zzk0lgja87zs45h8btgheled,C. Onwualu,,,Chicago Stars,Away
2823785043,413,1,2,45,11,dzxypx8djih58p668surbi4qm,1,7.6,52.1,2025-06-22T03:08:27.630Z,2025-06-22T03:08:30Z,"[{'id': 5777544397, 'qualifierId': 213, 'value': '6.27'}, {'id': 5777544391, 'qualifierId': 140, 'value': '42.1'}, {'id': 5777544387, 'qualifierId': 157}, {'id': 5777544395, 'qualifierId': 212, 'value': '36.2'}, {'id': 5777544393, 'qualifierId': 141, 'value': '51.5'}, {'id': 5777544399, 'qualifierId': 1}, {'id': 5777544389, 'qualifierId': 56, 'value': 'Back'}]",20qmwwdxbdp6ade3j9lssbvxm,H. Mackiewicz,,,Chicago Stars,Away
2823785045,414,44,2,45,14,dzxypx8djih58p668surbi4qm,1,44.2,51.6,2025-06-22T03:08:30.325Z,2025-06-22T04:01:11Z,"[{'id': 5777544403, 'qualifierId': 56, 'value': 'Back'}, {'id': 5777544419, 'qualifierId': 233, 'value': '464'}, {'id': 5777544405, 'qualifierId': 285}]",6e7scc2z7henelebs853mc844,A. Schlegel,,,Chicago Stars,Away
2823785041,464,44,2,45,14,446mp88j1vpk9iwui9fiifrp8,0,55.8,48.4,2025-06-22T03:08:30.326Z,2025-06-22T04:01:11Z,"[{'id': 5777544383, 'qualifierId': 56, 'value': 'Center'}, {'id': 5777544423, 'qualifierId': 233, 'value': '414'}, {'id': 5777544385, 'qualifierId': 286}]",74uudh34v23m2z9gy5tdppxey,S. Hiatt,,,Portland Thorns,Home
2823785051,415,1,2,45,15,dzxypx8djih58p668surbi4qm,1,42.1,51.5,2025-06-22T03:08:30.991Z,2025-06-22T03:08:32Z,"[{'id': 5777544441, 'qualifierId': 3}, {'id': 5777544445, 'qualifierId': 56, 'value': 'Center'}, {'id': 5777544443, 'qualifierId': 168}, {'id': 5777544447, 'qualifierId': 140, 'value': '54.2'}, {'id': 5777544453, 'qualifierId': 213, 'value': '0.63'}, {'id': 5777544451, 'qualifierId': 212, 'value': '15.7'}, {'id': 5777544449, 'qualifierId': 141, 'value': '65.1'}]",6e7scc2z7henelebs853mc844,A. Schlegel,,,Chicago Stars,Away
2823785053,416,1,2,45,16,dzxypx8djih58p668surbi4qm,0,54.1,65.1,2025-06-22T03:08:32.158Z,2025-06-22T03:08:32Z,"[{'id': 5777544461, 'qualifierId': 140, 'value': '60.9'}, {'id': 5777544465, 'qualifierId': 212, 'value': '8.6'}, {'id': 5777544467, 'qualifierId': 213, 'value': '5.70'}, {'id': 5777544457, 'qualifierId': 3}, {'id': 5777544463, 'qualifierId': 141, 'value': '58.1'}, {'id': 5777544459, 'qualifierId': 56, 'value': 'Center'}]",19udx179xugqp84qo9rsq0nhl,S. Groom,,,Chicago Stars,Away
2823785055,465,1,2,45,17,446mp88j1vpk9iwui9fiifrp8,0,30.2,35.4,2025-06-22T03:08:33.878Z,2025-06-22T03:08:34Z,"[{'id': 5777544473, 'qualifierId': 157}, {'id': 5777544475, 'qualifierId': 56, 'value': 'Back'}, {'id': 5777544481, 'qualifierId': 212, 'value': '17.7'}, {'id': 5777544479, 'qualifierId': 141, 'value': '36.3'}, {'id': 5777544485, 'qualifierId': 1}, {'id': 5777544477, 'qualifierId': 140, 'value': '47.0'}, {'id': 5777544483, 'qualifierId': 213, 'value': '0.03'}]",8oj7cqgjacle67i49w4a3gx6,I. Obaze,,,Portland Thorns,Home
2823785063,417,1,2,45,19,dzxypx8djih58p668surbi4qm,1,47.4,57.0,2025-06-22T03:08:35.486Z,2025-06-22T03:08:40Z,"[{'id': 5777544529, 'qualifierId': 56, 'value': 'Left'}, {'id': 5777544537, 'qualifierId': 213, 'value': '0.83'}, {'id': 5777544527, 'qualifierId': 155}, {'id': 5777544535, 'qualifierId': 212, 'value': '21.2'}, {'id': 5777544531, 'qualifierId': 140, 'value': '61.1'}, {'id': 5777544533, 'qualifierId': 141, 'value': '79.9'}]",daze51b5849zsk2aqvgmkkbth,Maitane López,,,Chicago Stars,Away
2823785065,418,4,2,45,23,dzxypx8djih58p668surbi4qm,1,56.1,77.8,2025-06-22T03:08:39.240Z,2025-06-22T03:08:43Z,"[{'id': 5777544541, 'qualifierId': 13}, {'id': 5777544545, 'qualifierId': 152}, {'id': 5777544547, 'qualifierId': 265}, {'id': 5777544563, 'qualifierId': 233, 'value': '466'}, {'id': 5777544543, 'qualifierId': 56, 'value': 'Center'}, {'id': 5777544549, 'qualifierId': 286}]",19udx179xugqp84qo9rsq0nhl,S. Groom,,,Chicago Stars,Away
2823785061,466,4,2,45,23,446mp88j1vpk9iwui9fiifrp8,0,43.9,22.2,2025-06-22T03:08:39.241Z,2025-06-22T03:08:44Z,"[{'id': 5777544523, 'qualifierId': 265}, {'id': 5777544519, 'qualifierId': 56, 'value': 'Back'}, {'id': 5777544569, 'qualifierId': 233, 'value': '418'}, {'id': 5777544525, 'qualifierId': 285}, {'id': 5777544517, 'qualifierId': 13}, {'id': 5777544521, 'qualifierId': 152}]",7whcppsae8rxxj20zaxpx1wq1,K. Torpey,,,Portland Thorns,Home
2823785081,419,1,2,45,36,dzxypx8djih58p668surbi4qm,1,55.6,80.9,2025-06-22T03:08:52.510Z,2025-06-22T03:08:54Z,"[{'id': 5777544643, 'qualifierId': 213, 'value': '4.37'}, {'id': 5777544631, 'qualifierId': 5}, {'id': 5777544635, 'qualifierId': 56, 'value': 'Back'}, {'id': 5777544633, 'qualifierId': 152}, {'id': 5777544641, 'qualifierId': 212, 'value': '27.8'}, {'id': 5777544637, 'qualifierId': 140, 'value': '46.6'}, {'id': 5777544647, 'qualifierId': 189}, {'id': 5777544639, 'qualifierId': 141, 'value': '42.4'}]",19udx179xugqp84qo9rsq0nhl,S. Groom,,,Chicago Stars,Away
2823785091,420,1,2,45,39,dzxypx8djih58p668surbi4qm,0,47.1,40.6,2025-06-22T03:08:55.103Z,2025-06-22T03:08:56Z,"[{'id': 5777544699, 'qualifierId': 212, 'value': '42.8'}, {'id': 5777544697, 'qualifierId': 141, 'value': '0.0'}, {'id': 5777544693, 'qualifierId': 56, 'value': 'Right'}, {'id': 5777544701, 'qualifierId': 213, 'value': '5.55'}, {'id': 5777544703, 'qualifierId': 1}, {'id': 5777544691, 'qualifierId': 155}, {'id': 5777544695, 'qualifierId': 140, 'value': '77.4'}]",6zzk0lgja87zs45h8btgheled,C. Onwualu,,,Chicago Stars,Away
2823785093,421,5,2,45,40,dzxypx8djih58p668surbi4qm,0,79.2,-1.8,2025-06-22T03:08:56.230Z,2025-06-22T03:58:46Z,"[{'id': 5777544709, 'qualifierId': 56, 'value': 'Right'}, {'id': 5777544711, 'qualifierId': 347}, {'id': 5777544717, 'qualifierId': 233, 'value': '467'}]",6zzk0lgja87zs45h8btgheled,C. Onwualu,,,Chicago Stars,Away
2823785089,467,5,2,45,40,446mp88j1vpk9iwui9fiifrp8,1,20.8,101.8,2025-06-22T03:08:56.230Z,2025-06-22T03:58:46Z,"[{'id': 5777544687, 'qualifierId': 347}, {'id': 5777544685, 'qualifierId': 56, 'value': 'Back'}, {'id': 5777544713, 'qualifierId': 233, 'value': '421'}]",615vz7uoe3eiozddbe206io6h,R. Reyes,,,Portland Thorns,Home
2823785119,468,1,2,46,6,446mp88j1vpk9iwui9fiifrp8,1,18.0,100.0,2025-06-22T03:09:22.743Z,2025-06-22T03:09:25Z,"[{'id': 5777544915, 'qualifierId': 107}, {'id': 5777544917, 'qualifierId': 56, 'value': 'Back'}, {'id': 5777544925, 'qualifierId': 213, 'value': '5.89'}, {'id': 5777544921, 'qualifierId': 141, 'value': '94.2'}, {'id': 5777544923, 'qualifierId': 212, 'value': '13.9'}, {'id': 5777544919, 'qualifierId': 140, 'value': '30.2'}]",615vz7uoe3eiozddbe206io6h,R. Reyes,,,Portland Thorns,Home
2823785123,469,1,2,46,9,446mp88j1vpk9iwui9fiifrp8,0,30.2,94.2,2025-06-22T03:09:25.382Z,2025-06-22T03:10:32Z,"[{'id': 5777545593, 'qualifierId': 156}, {'id': 5777544945, 'qualifierId': 56, 'value': 'Back'}, {'id': 5777544943, 'qualifierId': 3}, {'id': 5777544953, 'qualifierId': 213, 'value': '4.69'}, {'id': 5777544947, 'qualifierId': 140, 'value': '30.0'}, {'id': 5777544949, 'qualifierId': 141, 'value': '81.7'}, {'id': 5777544951, 'qualifierId': 212, 'value': '8.5'}]",5b2dire687lp3dasdj2z3n0q2,R. Turner,,,Portland Thorns,Home
2823785137,470,1,2,46,10,446mp88j1vpk9iwui9fiifrp8,0,28.8,79.5,2025-06-22T03:09:26.888Z,2025-06-22T03:11:05Z,"[{'id': 5777545775, 'qualifierId': 212, 'value': '18.9'}, {'id': 5777545771, 'qualifierId': 140, 'value': '45.3'}, {'id': 5777545777, 'qualifierId': 213, 'value': '5.88'}, {'id': 5777545769, 'qualifierId': 56, 'value': 'Back'}, {'id': 5777545773, 'qualifierId': 141, 'value': '68.5'}]",ek8x7y3jt0xcebttt75qi5exh,J. Fleming,,,Portland Thorns,Home
2823785127,422,1,2,46,13,dzxypx8djih58p668surbi4qm,1,68.3,20.0,2025-06-22T03:09:29.472Z,2025-06-22T03:11:31Z,"[{'id': 5777544979, 'qualifierId': 212, 'value': '7.9'}, {'id': 5777544981, 'qualifierId': 213, 'value': '0.10'}, {'id': 5777544977, 'qualifierId': 141, 'value': '21.2'}, {'id': 5777544973, 'qualifierId': 56, 'value': 'Center'}, {'id': 5777546155, 'qualifierId': 155}, {'id': 5777544975, 'qualifierId': 140, 'value': '75.8'}]",11u4dj0z0p616zx9gsnil66ay,S. Staab,,,Chicago Stars,Away
2823785129,423,1,2,46,15,dzxypx8djih58p668surbi4qm,1,75.4,23.9,2025-06-22T03:09:31.806Z,2025-06-22T03:11:41Z,"[{'id': 5777544997, 'qualifierId': 213, 'value': '4.71'}, {'id': 5777544995, 'qualifierId': 212, 'value': '12.0'}, {'id': 5777544991, 'qualifierId': 140, 'value': '75.4'}, {'id': 5777544993, 'qualifierId': 141, 'value': '6.2'}, {'id': 5777544989, 'qualifierId': 56, 'value': 'Right'}]",6e7scc2z7henelebs853mc844,A. Schlegel,,,Chicago Stars,Away
2823785131,424,1,2,46,16,dzxypx8djih58p668surbi4qm,1,75.3,7.0,2025-06-22T03:09:32.798Z,2025-06-22T03:09:33Z,"[{'id': 5777545009, 'qualifierId': 213, 'value': '2.07'}, {'id': 5777545007, 'qualifierId': 212, 'value': '12.2'}, {'id': 5777545003, 'qualifierId': 140, 'value': '69.7'}, {'id': 5777545001, 'qualifierId': 56, 'value': 'Center'}, {'id': 5777545005, 'qualifierId': 141, 'value': '22.7'}]",8v62hppzsz2yonw60h9910iga,J. Bike,,,Chicago Stars,Away
2823785135,425,1,2,46,17,dzxypx8djih58p668surbi4qm,0,73.4,12.7,2025-06-22T03:09:33.534Z,2025-06-22T03:12:24Z,"[{'id': 5777545031, 'qualifierId': 140, 'value': '77.2'}, {'id': 5777545035, 'qualifierId': 141, 'value': '5.2'}, {'id': 5777545037, 'qualifierId': 212, 'value': '6.5'}, {'id': 5777545039, 'qualifierId': 213, 'value': '5.38'}, {'id': 5777545027, 'qualifierId': 56, 'value': 'Right'}]",6alny8atonddyhmltw3dgo1d5,J. Grosso,,,Chicago Stars,Away
2823785481,454,1,2,46,18,dzxypx8djih58p668surbi4qm,1,77.4,4.7,2025-06-22T03:09:34.280Z,2025-06-22T03:13:29Z,"[{'id': 5777547339, 'qualifierId': 56, 'value': 'Right'}, {'id': 5777547347, 'qualifierId': 213, 'value': '1.31'}, {'id': 5777547345, 'qualifierId': 212, 'value': '11.1'}, {'id': 5777547341, 'qualifierId': 140, 'value': '80.1'}, {'id': 5777547343, 'qualifierId': 141, 'value': '20.5'}]",8v62hppzsz2yonw60h9910iga,J. Bike,,,Chicago Stars,Away
2823785483,455,61,2,46,19,dzxypx8djih58p668surbi4qm,0,79.6,21.1,2025-06-22T03:09:35.422Z,2025-06-22T03:14:06Z,"[{'id': 5777547799, 'qualifierId': 56, 'value': 'Right'}]",56jjwfa02gep01vggqojvfbe2,M. Hayashi,,,Chicago Stars,Away
2823785139,471,12,2,46,20,446mp88j1vpk9iwui9fiifrp8,1,16.1,70.9,2025-06-22T03:09:36.094Z,2025-06-22T03:14:38Z,"[{'id': 5777548075, 'qualifierId': 213, 'value': '0.05'}, {'id': 5777548071, 'qualifierId': 141, 'value': '72.6'}, {'id': 5777548067, 'qualifierId': 56, 'value': 'Back'}, {'id': 5777548073, 'qualifierId': 212, 'value': '25.6'}, {'id': 5777548069, 'qualifierId': 140, 'value': '40.5'}]",8oj7cqgjacle67i49w4a3gx6,I. Obaze,,,Portland Thorns,Home
2823785141,472,44,2,46,22,446mp88j1vpk9iwui9fiifrp8,1,45.7,71.3,2025-06-22T03:09:38.286Z,2025-06-22T04:01:11Z,"[{'id': 5777548653, 'qualifierId': 285}, {'id': 5777548655, 'qualifierId': 233, 'value': '426'}, {'id': 5777548651, 'qualifierId': 56, 'value': 'Back'}]",7izc8t071mkrrgvptdjru467e,O. Moultrie,,,Portland Thorns,Home
2823785147,426,44,2,46,22,dzxypx8djih58p668surbi4qm,0,54.3,28.7,2025-06-22T03:09:38.287Z,2025-06-22T04:01:12Z,"[{'id': 5777545061, 'qualifierId': 286}, {'id': 5777545059, 'qualifierId': 56, 'value': 'Center'}, {'id': 5777548659, 'qualifierId': 233, 'value': '472'}]",6zzk0lgja87zs45h8btgheled,C. Onwualu,,,Chicago Stars,Away
2823785151,474,1,2,46,23,446mp88j1vpk9iwui9fiifrp8,0,43.4,76.5,2025-06-22T03:09:39.216Z,2025-06-22T03:15:44Z,"[{'id': 5777548939, 'qualifierId': 213, 'value': '0.24'}, {'id': 5777548933, 'qualifierId': 140, 'value': '57.6'}, {'id': 5777548989, 'qualifierId': 3}, {'id': 5777548929, 'qualifierId': 168}, {'id': 5777548937, 'qualifierId': 212, 'value': '15.3'}, {'id': 5777548935, 'qualifierId': 141, 'value': '81.8'}, {'id': 5777548931, 'qualifierId': 56, 'value': 'Left'}]",7izc8t071mkrrgvptdjru467e,O. Moultrie,,,Portland Thorns,Home
2823785161,427,49,2,46,27,dzxypx8djih58p668surbi4qm,1,31.6,5.8,2025-06-22T03:09:43.262Z,2025-06-22T03:09:43Z,[],v0k2w41tlj0elpj7nrw68onp,N. Kuikka,,,Chicago Stars,Away
2823785169,428,1,2,46,27,dzxypx8djih58p668surbi4qm,1,29.1,8.2,2025-06-22T03:09:43.838Z,2025-06-22T03:09:46Z,"[{'id': 5777545145, 'qualifierId': 141, 'value': '16.7'}, {'id': 5777545141, 'qualifierId': 56, 'value': 'Back'}, {'id': 5777545147, 'qualifierId': 212, 'value': '8.1'}, {'id': 5777545149, 'qualifierId': 213, 'value': '2.35'}, {'id': 5777545143, 'qualifierId': 140, 'value': '23.7'}]",v0k2w41tlj0elpj7nrw68onp,N. Kuikka,,,Chicago Stars,Away
2823785171,429,4,2,46,30,dzxypx8djih58p668surbi4qm,1,29.0,13.6,2025-06-22T03:09:46.910Z,2025-06-22T03:58:42Z,"[{'id': 5777545283, 'qualifierId': 265}, {'id': 5777545153, 'qualifierId': 56, 'value': 'Back'}, {'id': 5777545287, 'qualifierId': 233, 'value': '476'}, {'id': 5777545279, 'qualifierId': 13}, {'id': 5777545281, 'qualifierId': 152}, {'id': 5777545285, 'qualifierId': 285}]",6zzk0lgja87zs45h8btgheled,C. Onwualu,,,Chicago Stars,Away
2823785183,476,4,2,46,30,446mp88j1vpk9iwui9fiifrp8,0,71.0,86.4,2025-06-22T03:09:46.911Z,2025-06-22T03:58:42Z,"[{'id': 5777545211, 'qualifierId': 152}, {'id': 5777545215, 'qualifierId': 286}, {'id': 5777545291, 'qualifierId': 233, 'value': '429'}, {'id': 5777545213, 'qualifierId': 265}, {'id': 5777545207, 'qualifierId': 13}, {'id': 5777545209, 'qualifierId': 56, 'value': 'Left'}]",2btfn8hbssn0dnszgyll1gopg,P. Tordin,,,Portland Thorns,Home
2823785225,430,1,2,47,4,dzxypx8djih58p668surbi4qm,1,23.7,10.0,2025-06-22T03:10:20.624Z,2025-06-22T03:10:23Z,"[{'id': 5777545489, 'qualifierId': 212, 'value': '41.7'}, {'id': 5777545487, 'qualifierId': 141, 'value': '28.3'}, {'id': 5777545483, 'qualifierId': 56, 'value': 'Center'}, {'id': 5777545493, 'qualifierId': 1}, {'id': 5777545477, 'qualifierId': 5}, {'id': 5777545491, 'qualifierId': 213, 'value': '0.30'}, {'id': 5777545479, 'qualifierId': 157}, {'id': 5777545481, 'qualifierId': 152}, {'id': 5777545485, 'qualifierId': 140, 'value': '61.6'}]",6zzk0lgja87zs45h8btgheled,C. Onwualu,,,Chicago Stars,Away
2823785227,431,44,2,47,7,dzxypx8djih58p668surbi4qm,1,62.1,24.4,2025-06-22T03:10:23.453Z,2025-06-22T04:01:12Z,"[{'id': 5777545505, 'qualifierId': 233, 'value': '477'}, {'id': 5777545497, 'qualifierId': 56, 'value': 'Center'}, {'id': 5777545499, 'qualifierId': 286}]",6e7scc2z7henelebs853mc844,A. Schlegel,,,Chicago Stars,Away
2823785229,477,44,2,47,7,446mp88j1vpk9iwui9fiifrp8,0,37.9,75.6,2025-06-22T03:10:23.454Z,2025-06-22T04:01:12Z,"[{'id': 5777545509, 'qualifierId': 233, 'value': '431'}, {'id': 5777545503, 'qualifierId': 285}, {'id': 5777545501, 'qualifierId': 56, 'value': 'Back'}]",8oj7cqgjacle67i49w4a3gx6,I. Obaze,,,Portland Thorns,Home
2823785233,432,1,2,47,7,dzxypx8djih58p668surbi4qm,1,61.6,28.6,2025-06-22T03:10:23.533Z,2025-06-22T03:10:25Z,"[{'id': 5777545519, 'qualifierId': 140, 'value': '69.5'}, {'id': 5777545523, 'qualifierId': 212, 'value': '8.3'}, {'id': 5777545521, 'qualifierId': 141, 'value': '29.4'}, {'id': 5777545525, 'qualifierId': 213, 'value': '0.07'}, {'id': 5777545517, 'qualifierId': 56, 'value': 'Center'}, {'id': 5777545513, 'qualifierId': 3}, {'id': 5777545515, 'qualifierId': 168}]",6e7scc2z7henelebs853mc844,A. Schlegel,,,Chicago Stars,Away
2823785235,433,1,2,47,9,dzxypx8djih58p668surbi4qm,0,69.7,29.4,2025-06-22T03:10:25.053Z,2025-06-22T03:10:25Z,"[{'id': 5777545535, 'qualifierId': 141, 'value': '22.2'}, {'id': 5777545531, 'qualifierId': 56, 'value': 'Center'}, {'id': 5777545537, 'qualifierId': 212, 'value': '12.2'}, {'id': 5777545529, 'qualifierId': 3}, {'id': 5777545539, 'qualifierId': 213, 'value': '5.87'}, {'id': 5777545533, 'qualifierId': 140, 'value': '80.3'}]",19udx179xugqp84qo9rsq0nhl,S. Groom,,,Chicago Stars,Away
2823785245,478,12,2,47,10,446mp88j1vpk9iwui9fiifrp8,1,17.7,81.1,2025-06-22T03:10:26.744Z,2025-06-22T03:10:31Z,"[{'id': 5777545577, 'qualifierId': 213, 'value': '2.39'}, {'id': 5777545587, 'qualifierId': 167}, {'id': 5777545569, 'qualifierId': 56, 'value': 'Back'}, {'id': 5777545573, 'qualifierId': 141, 'value': '100.0'}, {'id': 5777545571, 'qualifierId': 140, 'value': '3.5'}, {'id': 5777545575, 'qualifierId': 212, 'value': '20.3'}]",615vz7uoe3eiozddbe206io6h,R. Reyes,,,Portland Thorns,Home
2823785243,434,5,2,47,14,dzxypx8djih58p668surbi4qm,1,95.4,-1.4,2025-06-22T03:10:30.478Z,2025-06-22T03:58:47Z,"[{'id': 5777545565, 'qualifierId': 56, 'value': 'Right'}, {'id': 5777545567, 'qualifierId': 347}, {'id': 5777545583, 'qualifierId': 233, 'value': '479'}]",19udx179xugqp84qo9rsq0nhl,S. Groom,,,Chicago Stars,Away
2823785247,479,5,2,47,14,446mp88j1vpk9iwui9fiifrp8,0,4.6,101.4,2025-06-22T03:10:30.478Z,2025-06-22T03:58:47Z,"[{'id': 5777545589, 'qualifierId': 233, 'value': '434'}, {'id': 5777545581, 'qualifierId': 347}, {'id': 5777545579, 'qualifierId': 56, 'value': 'Back'}]",615vz7uoe3eiozddbe206io6h,R. Reyes,,,Portland Thorns,Home
2823785271,435,1,2,47,38,dzxypx8djih58p668surbi4qm,1,92.0,0.0,2025-06-22T03:10:54.926Z,2025-06-22T03:11:12Z,"[{'id': 5777545733, 'qualifierId': 213, 'value': '1.63'}, {'id': 5777545727, 'qualifierId': 140, 'value': '91.4'}, {'id': 5777545725, 'qualifierId': 56, 'value': 'Right'}, {'id': 5777545729, 'qualifierId': 141, 'value': '14.6'}, {'id': 5777545723, 'qualifierId': 107}, {'id': 5777545731, 'qualifierId': 212, 'value': '11.0'}]",11u4dj0z0p616zx9gsnil66ay,S. Staab,,,Chicago Stars,Away
2823785273,436,61,2,47,42,dzxypx8djih58p668surbi4qm,1,91.4,14.6,2025-06-22T03:10:57.982Z,2025-06-22T03:10:58Z,"[{'id': 5777545737, 'qualifierId': 56, 'value': 'Right'}]",8v62hppzsz2yonw60h9910iga,J. Bike,,,Chicago Stars,Away
2823785275,480,61,2,47,42,446mp88j1vpk9iwui9fiifrp8,1,14.7,84.1,2025-06-22T03:10:58.461Z,2025-06-22T03:10:58Z,"[{'id': 5777545739, 'qualifierId': 56, 'value': 'Back'}]",ek8x7y3jt0xcebttt75qi5exh,J. Fleming,,,Portland Thorns,Home
2823785277,437,1,2,47,43,dzxypx8djih58p668surbi4qm,0,87.3,10.3,2025-06-22T03:10:59.567Z,2025-06-22T03:11:17Z,"[{'id': 5777545755, 'qualifierId': 141, 'value': '32.9'}, {'id': 5777545751, 'qualifierId': 56, 'value': 'Center'}, {'id': 5777545749, 'qualifierId': 155}, {'id': 5777545757, 'qualifierId': 212, 'value': '20.8'}, {'id': 5777545759, 'qualifierId': 213, 'value': '0.83'}, {'id': 5777545747, 'qualifierId': 2}, {'id': 5777545753, 'qualifierId': 140, 'value': '100.0'}]",11u4dj0z0p616zx9gsnil66ay,S. Staab,,,Chicago Stars,Away
2823785293,438,5,2,47,44,dzxypx8djih58p668surbi4qm,0,100.6,38.4,2025-06-22T03:11:00.691Z,2025-06-22T03:58:48Z,"[{'id': 5777545871, 'qualifierId': 346}, {'id': 5777545877, 'qualifierId': 233, 'value': '481'}, {'id': 5777545869, 'qualifierId': 56, 'value': 'Center'}]",v0k2w41tlj0elpj7nrw68onp,N. Kuikka,,,Chicago Stars,Away
2823785279,481,5,2,47,44,446mp88j1vpk9iwui9fiifrp8,1,-0.6,61.6,2025-06-22T03:11:00.691Z,2025-06-22T03:58:47Z,"[{'id': 5777545761, 'qualifierId': 56, 'value': 'Back'}, {'id': 5777545873, 'qualifierId': 233, 'value': '438'}, {'id': 5777545763, 'qualifierId': 346}]",ek8x7y3jt0xcebttt75qi5exh,J. Fleming,,,Portland Thorns,Home
2823785313,482,1,2,48,4,446mp88j1vpk9iwui9fiifrp8,1,5.0,63.0,2025-06-22T03:11:20.471Z,2025-06-22T03:11:23Z,"[{'id': 5777546009, 'qualifierId': 213, 'value': '5.05'}, {'id': 5777546007, 'qualifierId': 212, 'value': '23.7'}, {'id': 5777546003, 'qualifierId': 140, 'value': '12.4'}, {'id': 5777546013, 'qualifierId': 237}, {'id': 5777545999, 'qualifierId': 124}, {'id': 5777546005, 'qualifierId': 141, 'value': '30.1'}, {'id': 5777546001, 'qualifierId': 56, 'value': 'Back'}]",1yva0f096q2oqk5gz59utr42y,B. Bixby,,,Portland Thorns,Home
2823785319,483,1,2,48,7,446mp88j1vpk9iwui9fiifrp8,0,19.5,18.6,2025-06-22T03:11:23.142Z,2025-06-22T03:11:24Z,"[{'id': 5777546049, 'qualifierId': 212, 'value': '28.9'}, {'id': 5777546051, 'qualifierId': 213, 'value': '6.07'}, {'id': 5777546047, 'qualifierId': 141, 'value': '9.8'}, {'id': 5777546053, 'qualifierId': 1}, {'id': 5777546043, 'qualifierId': 56, 'value': 'Back'}, {'id': 5777546045, 'qualifierId': 140, 'value': '46.4'}, {'id': 5777546041, 'qualifierId': 157}]",74uudh34v23m2z9gy5tdppxey,S. Hiatt,,,Portland Thorns,Home
2823785331,439,1,2,48,9,dzxypx8djih58p668surbi4qm,0,54.5,91.2,2025-06-22T03:11:25.301Z,2025-06-22T03:11:36Z,"[{'id': 5777546105, 'qualifierId': 56, 'value': 'Left'}, {'id': 5777546111, 'qualifierId': 212, 'value': '13.3'}, {'id': 5777546107, 'qualifierId': 140, 'value': '66.3'}, {'id': 5777546113, 'qualifierId': 213, 'value': '5.90'}, {'id': 5777546109, 'qualifierId': 141, 'value': '83.9'}, {'id': 5777546103, 'qualifierId': 3}]",4tnm3hxzav142ow867jwcozkk,T. Malham,,,Chicago Stars,Away
2823785333,484,1,2,48,10,446mp88j1vpk9iwui9fiifrp8,1,36.5,10.1,2025-06-22T03:11:26.103Z,2025-06-22T03:11:29Z,"[{'id': 5777546129, 'qualifierId': 141, 'value': '10.0'}, {'id': 5777546123, 'qualifierId': 3}, {'id': 5777546131, 'qualifierId': 212, 'value': '6.2'}, {'id': 5777546133, 'qualifierId': 213, 'value': '6.27'}, {'id': 5777546127, 'qualifierId': 140, 'value': '42.4'}, {'id': 5777546125, 'qualifierId': 56, 'value': 'Back'}]",7izc8t071mkrrgvptdjru467e,O. Moultrie,,,Portland Thorns,Home
2823785335,485,50,2,48,13,446mp88j1vpk9iwui9fiifrp8,1,42.8,6.4,2025-06-22T03:11:29.078Z,2025-06-22T03:11:36Z,"[{'id': 5777546159, 'qualifierId': 233, 'value': '440'}, {'id': 5777546139, 'qualifierId': 286}, {'id': 5777546137, 'qualifierId': 56, 'value': 'Back'}]",7whcppsae8rxxj20zaxpx1wq1,K. Torpey,,,Portland Thorns,Home
2823785337,440,7,2,48,13,dzxypx8djih58p668surbi4qm,0,57.2,93.6,2025-06-22T03:11:29.079Z,2025-06-22T03:11:33Z,"[{'id': 5777546147, 'qualifierId': 285}, {'id': 5777546145, 'qualifierId': 56, 'value': 'Left'}, {'id': 5777546151, 'qualifierId': 233, 'value': '485'}]",4tnm3hxzav142ow867jwcozkk,T. Malham,,,Chicago Stars,Away
2823785339,486,61,2,48,14,446mp88j1vpk9iwui9fiifrp8,1,42.5,3.8,2025-06-22T03:11:30.888Z,2025-06-22T03:11:30Z,"[{'id': 5777546149, 'qualifierId': 56, 'value': 'Back'}]",7whcppsae8rxxj20zaxpx1wq1,K. Torpey,,,Portland Thorns,Home
2823785347,441,5,2,48,15,dzxypx8djih58p668surbi4qm,1,57.2,102.0,2025-06-22T03:11:31.551Z,2025-06-22T03:11:35Z,"[{'id': 5777546191, 'qualifierId': 347}, {'id': 5777546189, 'qualifierId': 56, 'value': 'Left'}, {'id': 5777546207, 'qualifierId': 233, 'value': '487'}]",4tnm3hxzav142ow867jwcozkk,T. Malham,,,Chicago Stars,Away
2823785343,487,5,2,48,15,446mp88j1vpk9iwui9fiifrp8,0,42.8,-2.0,2025-06-22T03:11:31.551Z,2025-06-22T03:58:48Z,"[{'id': 5777546173, 'qualifierId': 56, 'value': 'Back'}, {'id': 5777546213, 'qualifierId': 233, 'value': '441'}, {'id': 5777546175, 'qualifierId': 347}]",7whcppsae8rxxj20zaxpx1wq1,K. Torpey,,,Portland Thorns,Home
2823785361,442,1,2,48,23,dzxypx8djih58p668surbi4qm,1,55.8,100.0,2025-06-22T03:11:39.208Z,2025-06-22T03:11:40Z,"[{'id': 5777546279, 'qualifierId': 56, 'value': 'Left'}, {'id': 5777546281, 'qualifierId': 140, 'value': '60.5'}, {'id': 5777546285, 'qualifierId': 212, 'value': '9.2'}, {'id': 5777546287, 'qualifierId': 213, 'value': '5.28'}, {'id': 5777546277, 'qualifierId': 107}, {'id': 5777546283, 'qualifierId': 141, 'value': '90.5'}]",4tnm3hxzav142ow867jwcozkk,T. Malham,,,Chicago Stars,Away
2823785369,443,1,2,48,24,dzxypx8djih58p668surbi4qm,1,60.7,90.3,2025-06-22T03:11:40.718Z,2025-06-22T03:11:43Z,"[{'id': 5777546315, 'qualifierId': 212, 'value': '16.2'}, {'id': 5777546311, 'qualifierId': 140, 'value': '45.9'}, {'id': 5777546317, 'qualifierId': 213, 'value': '2.86'}, {'id': 5777546309, 'qualifierId': 56, 'value': 'Back'}, {'id': 5777546313, 'qualifierId': 141, 'value': '96.8'}]",6alny8atonddyhmltw3dgo1d5,J. Grosso,,,Chicago Stars,Away
2823785383,444,1,2,48,27,dzxypx8djih58p668surbi4qm,1,44.7,96.9,2025-06-22T03:11:43.598Z,2025-06-22T03:11:47Z,"[{'id': 5777546409, 'qualifierId': 212, 'value': '22.9'}, {'id': 5777546403, 'qualifierId': 56, 'value': 'Back'}, {'id': 5777546405, 'qualifierId': 140, 'value': '30.6'}, {'id': 5777546407, 'qualifierId': 141, 'value': '71.2'}, {'id': 5777546411, 'qualifierId': 213, 'value': '4.01'}]",4tnm3hxzav142ow867jwcozkk,T. Malham,,,Chicago Stars,Away
2823785385,445,1,2,48,31,dzxypx8djih58p668surbi4qm,1,29.0,70.2,2025-06-22T03:11:47.582Z,2025-06-22T03:11:48Z,"[{'id': 5777546417, 'qualifierId': 140, 'value': '24.8'}, {'id': 5777546421, 'qualifierId': 212, 'value': '20.4'}, {'id': 5777546423, 'qualifierId': 213, 'value': '4.49'}, {'id': 5777546419, 'qualifierId': 141, 'value': '40.9'}, {'id': 5777546415, 'qualifierId': 56, 'value': 'Back'}]",11u4dj0z0p616zx9gsnil66ay,S. Staab,,,Chicago Stars,Away
2823785391,446,1,2,48,33,dzxypx8djih58p668surbi4qm,1,24.3,43.0,2025-06-22T03:11:49.520Z,2025-06-22T03:11:52Z,"[{'id': 5777546445, 'qualifierId': 141, 'value': '23.7'}, {'id': 5777546441, 'qualifierId': 56, 'value': 'Back'}, {'id': 5777546443, 'qualifierId': 140, 'value': '38.6'}, {'id': 5777546439, 'qualifierId': 157}, {'id': 5777546447, 'qualifierId': 212, 'value': '19.9'}, {'id': 5777546449, 'qualifierId': 213, 'value': '5.56'}, {'id': 5777546451, 'qualifierId': 1}]",6zzk0lgja87zs45h8btgheled,C. Onwualu,,,Chicago Stars,Away
2823785393,447,1,2,48,36,dzxypx8djih58p668surbi4qm,1,35.6,32.1,2025-06-22T03:11:52.047Z,2025-06-22T03:11:54Z,"[{'id': 5777546461, 'qualifierId': 212, 'value': '6.4'}, {'id': 5777546455, 'qualifierId': 56, 'value': 'Back'}, {'id': 5777546457, 'qualifierId': 140, 'value': '34.9'}, {'id': 5777546459, 'qualifierId': 141, 'value': '41.5'}, {'id': 5777546463, 'qualifierId': 213, 'value': '1.69'}]",8v62hppzsz2yonw60h9910iga,J. Bike,,,Chicago Stars,Away
2823785395,448,1,2,48,38,dzxypx8djih58p668surbi4qm,1,34.9,41.5,2025-06-22T03:11:54.097Z,2025-06-22T03:11:57Z,"[{'id': 5777546487, 'qualifierId': 213, 'value': '5.10'}, {'id': 5777546479, 'qualifierId': 56, 'value': 'Back'}, {'id': 5777546481, 'qualifierId': 140, 'value': '41.0'}, {'id': 5777546485, 'qualifierId': 212, 'value': '17.1'}, {'id': 5777546483, 'qualifierId': 141, 'value': '18.2'}, {'id': 5777546477, 'qualifierId': 155}]",56jjwfa02gep01vggqojvfbe2,M. Hayashi,,,Chicago Stars,Away
2823785399,449,4,2,48,41,dzxypx8djih58p668surbi4qm,1,39.8,16.4,2025-06-22T03:11:57.311Z,2025-06-22T03:58:42Z,"[{'id': 5777546513, 'qualifierId': 56, 'value': 'Back'}, {'id': 5777546843, 'qualifierId': 13}, {'id': 5777546845, 'qualifierId': 152}, {'id': 5777546849, 'qualifierId': 286}, {'id': 5777546901, 'qualifierId': 233, 'value': '488'}, {'id': 5777546847, 'qualifierId': 265}]",v0k2w41tlj0elpj7nrw68onp,N. Kuikka,,,Chicago Stars,Away
2823785461,488,4,2,48,41,446mp88j1vpk9iwui9fiifrp8,0,60.2,83.6,2025-06-22T03:11:57.312Z,2025-06-22T03:58:43Z,"[{'id': 5777546829, 'qualifierId': 285}, {'id': 5777546827, 'qualifierId': 265}, {'id': 5777546909, 'qualifierId': 233, 'value': '449'}, {'id': 5777546823, 'qualifierId': 56, 'value': 'Left'}, {'id': 5777546825, 'qualifierId': 152}, {'id': 5777546821, 'qualifierId': 13}]",5b2dire687lp3dasdj2z3n0q2,R. Turner,,,Portland Thorns,Home
2823785403,450,43,2,48,45,dzxypx8djih58p668surbi4qm,1,0.0,0.0,2025-06-22T03:12:01.391Z,2025-06-22T03:12:31Z,"[{'id': 5777546875, 'qualifierId': 144, 'value': '1'}, {'id': 5777546555, 'qualifierId': 56, 'value': 'Back'}, {'id': 5777546561, 'qualifierId': 212, 'value': '21.3'}, {'id': 5777546563, 'qualifierId': 213, 'value': '2.38'}, {'id': 5777546557, 'qualifierId': 140, 'value': '8.7'}, {'id': 5777546559, 'qualifierId': 141, 'value': '50.9'}]",6zzk0lgja87zs45h8btgheled,C. Onwualu,,,Chicago Stars,Away
2823785473,453,1,2,49,21,dzxypx8djih58p668surbi4qm,0,38.0,11.0,2025-06-22T03:12:37.487Z,2025-06-22T03:12:38Z,"[{'id': 5777546927, 'qualifierId': 213, 'value': '0.64'}, {'id': 5777546915, 'qualifierId': 157}, {'id': 5777546929, 'qualifierId': 1}, {'id': 5777546913, 'qualifierId': 5}, {'id': 5777546921, 'qualifierId': 140, 'value': '72.9'}, {'id': 5777546917, 'qualifierId': 152}, {'id': 5777546925, 'qualifierId': 212, 'value': '45.7'}, {'id': 5777546923, 'qualifierId': 141, 'value': '51.2'}, {'id': 5777546919, 'qualifierId': 56, 'value': 'Center'}]",v0k2w41tlj0elpj7nrw68onp,N. Kuikka,,,Chicago Stars,Away
2823785477,489,1,2,49,23,446mp88j1vpk9iwui9fiifrp8,0,25.0,45.7,2025-06-22T03:12:39.192Z,2025-06-22T03:12:39Z,"[{'id': 5777546947, 'qualifierId': 140, 'value': '38.9'}, {'id': 5777546953, 'qualifierId': 213, 'value': '5.95'}, {'id': 5777546949, 'qualifierId': 141, 'value': '38.3'}, {'id': 5777546951, 'qualifierId': 212, 'value': '15.4'}, {'id': 5777546945, 'qualifierId': 56, 'value': 'Back'}, {'id': 5777546943, 'qualifierId': 3}]",74uudh34v23m2z9gy5tdppxey,S. Hiatt,,,Portland Thorns,Home
2823785497,456,1,2,49,30,dzxypx8djih58p668surbi4qm,1,54.3,60.5,2025-06-22T03:12:46.718Z,2025-06-22T03:18:36Z,"[{'id': 5777547037, 'qualifierId': 213, 'value': '1.64'}, {'id': 5777547029, 'qualifierId': 56, 'value': 'Left'}, {'id': 5777547031, 'qualifierId': 140, 'value': '53.1'}, {'id': 5777547035, 'qualifierId': 212, 'value': '18.2'}, {'id': 5777547033, 'qualifierId': 141, 'value': '87.2'}]",19udx179xugqp84qo9rsq0nhl,S. Groom,,,Chicago Stars,Away
2823785507,457,1,2,49,31,dzxypx8djih58p668surbi4qm,1,53.1,87.2,2025-06-22T03:12:47.487Z,2025-06-22T03:12:52Z,"[{'id': 5777547083, 'qualifierId': 56, 'value': 'Left'}, {'id': 5777547093, 'qualifierId': 1}, {'id': 5777547091, 'qualifierId': 213, 'value': '0.11'}, {'id': 5777547085, 'qualifierId': 140, 'value': '93.6'}, {'id': 5777547089, 'qualifierId': 212, 'value': '42.8'}, {'id': 5777547087, 'qualifierId': 141, 'value': '93.8'}]",4tnm3hxzav142ow867jwcozkk,T. Malham,,,Chicago Stars,Away
2823785509,458,1,2,49,36,dzxypx8djih58p668surbi4qm,1,94.2,95.4,2025-06-22T03:12:52.574Z,2025-06-22T03:12:53Z,"[{'id': 5777547099, 'qualifierId': 140, 'value': '88.5'}, {'id': 5777547101, 'qualifierId': 141, 'value': '86.5'}, {'id': 5777547105, 'qualifierId': 213, 'value': '3.93'}, {'id': 5777547097, 'qualifierId': 56, 'value': 'Left'}, {'id': 5777547103, 'qualifierId': 212, 'value': '8.5'}]",19udx179xugqp84qo9rsq0nhl,S. Groom,,,Chicago Stars,Away
2823785513,459,2,2,49,37,dzxypx8djih58p668surbi4qm,1,89.2,84.8,2025-06-22T03:12:53.231Z,2025-06-22T03:18:51Z,"[{'id': 5777547123, 'qualifierId': 140, 'value': '95.3'}, {'id': 5777547301, 'qualifierId': 7, 'value': '19udx179xugqp84qo9rsq0nhl'}, {'id': 5777547125, 'qualifierId': 141, 'value': '81.4'}, {'id': 5777547121, 'qualifierId': 56, 'value': 'Left'}]",6alny8atonddyhmltw3dgo1d5,J. Grosso,,,Chicago Stars,Away
2823785537,492,55,2,49,37,446mp88j1vpk9iwui9fiifrp8,1,19.4,17.0,2025-06-22T03:12:53.232Z,2025-06-22T03:58:46Z,[],7whcppsae8rxxj20zaxpx1wq1,K. Torpey,,,Portland Thorns,Home
2823785517,460,43,2,49,38,dzxypx8djih58p668surbi4qm,1,0.0,0.0,2025-06-22T03:12:54.303Z,2025-06-22T03:13:22Z,"[{'id': 5777547137, 'qualifierId': 56, 'value': 'Center'}, {'id': 5777547323, 'qualifierId': 144, 'value': '1'}, {'id': 5777547139, 'qualifierId': 140, 'value': '91.4'}, {'id': 5777547143, 'qualifierId': 212, 'value': '6.3'}, {'id': 5777547145, 'qualifierId': 213, 'value': '3.72'}, {'id': 5777547141, 'qualifierId': 141, 'value': '76.4'}]",19udx179xugqp84qo9rsq0nhl,S. Groom,,,Chicago Stars,Away
2823785521,490,43,2,49,39,446mp88j1vpk9iwui9fiifrp8,1,0.0,0.0,2025-06-22T03:12:55.513Z,2025-06-22T03:13:01Z,"[{'id': 5777547225, 'qualifierId': 144, 'value': '49'}]",7whcppsae8rxxj20zaxpx1wq1,K. Torpey,,,Portland Thorns,Home
2823785531,491,43,2,49,40,446mp88j1vpk9iwui9fiifrp8,1,0.0,0.0,2025-06-22T03:12:56.567Z,2025-06-22T03:13:00Z,"[{'id': 5777547223, 'qualifierId': 144, 'value': '1'}, {'id': 5777547209, 'qualifierId': 212, 'value': '30.5'}, {'id': 5777547207, 'qualifierId': 141, 'value': '12.5'}, {'id': 5777547203, 'qualifierId': 56, 'value': 'Back'}, {'id': 5777547205, 'qualifierId': 140, 'value': '38.2'}, {'id': 5777547211, 'qualifierId': 213, 'value': '6.20'}]",7whcppsae8rxxj20zaxpx1wq1,K. Torpey,,,Portland Thorns,Home
2823785559,493,1,2,50,15,446mp88j1vpk9iwui9fiifrp8,0,5.6,9.7,2025-06-22T03:13:31.095Z,2025-06-22T03:13:34Z,"[{'id': 5777547363, 'qualifierId': 212, 'value': '37.7'}, {'id': 5777547353, 'qualifierId': 157}, {'id': 5777547361, 'qualifierId': 141, 'value': '17.9'}, {'id': 5777547355, 'qualifierId': 241}, {'id': 5777547351, 'qualifierId': 5}, {'id': 5777547365, 'qualifierId': 213, 'value': '0.15'}, {'id': 5777547359, 'qualifierId': 140, 'value': '41.1'}, {'id': 5777547367, 'qualifierId': 1}, {'id': 5777547357, 'qualifierId': 56, 'value': 'Back'}]",1yva0f096q2oqk5gz59utr42y,B. Bixby,,,Portland Thorns,Home
2823785563,461,44,2,50,17,dzxypx8djih58p668surbi4qm,1,57.3,78.6,2025-06-22T03:13:33.286Z,2025-06-22T04:01:13Z,"[{'id': 5777547411, 'qualifierId': 286}, {'id': 5777547413, 'qualifierId': 233, 'value': '494'}, {'id': 5777547409, 'qualifierId': 56, 'value': 'Center'}]",daze51b5849zsk2aqvgmkkbth,Maitane López,,,Chicago Stars,Away
2823785561,494,44,2,50,17,446mp88j1vpk9iwui9fiifrp8,0,42.7,21.4,2025-06-22T03:13:33.287Z,2025-06-22T04:01:13Z,"[{'id': 5777547371, 'qualifierId': 56, 'value': 'Back'}, {'id': 5777547373, 'qualifierId': 285}, {'id': 5777547417, 'qualifierId': 233, 'value': '461'}]",7in4ykzbs8p44qy4jrb10p0wl,H. Sugita,,,Portland Thorns,Home
2823785565,462,1,2,50,19,dzxypx8djih58p668surbi4qm,1,54.7,72.7,2025-06-22T03:13:35.055Z,2025-06-22T03:13:36Z,"[{'id': 5777547431, 'qualifierId': 213, 'value': '4.35'}, {'id': 5777547423, 'qualifierId': 56, 'value': 'Back'}, {'id': 5777547429, 'qualifierId': 212, 'value': '19.6'}, {'id': 5777547421, 'qualifierId': 3}, {'id': 5777547425, 'qualifierId': 140, 'value': '48.0'}, {'id': 5777547427, 'qualifierId': 141, 'value': '45.8'}]",daze51b5849zsk2aqvgmkkbth,Maitane López,,,Chicago Stars,Away
2823785567,463,1,2,50,20,dzxypx8djih58p668surbi4qm,0,48.0,45.2,2025-06-22T03:13:36.078Z,2025-06-22T03:13:36Z,"[{'id': 5777547439, 'qualifierId': 140, 'value': '55.5'}, {'id': 5777547445, 'qualifierId': 213, 'value': '5.44'}, {'id': 5777547441, 'qualifierId': 141, 'value': '32.2'}, {'id': 5777547443, 'qualifierId': 212, 'value': '11.8'}, {'id': 5777547437, 'qualifierId': 56, 'value': 'Center'}, {'id': 5777547435, 'qualifierId': 3}]",56jjwfa02gep01vggqojvfbe2,M. Hayashi,,,Chicago Stars,Away
2823785569,495,1,2,50,21,446mp88j1vpk9iwui9fiifrp8,1,42.8,62.1,2025-06-22T03:13:37.527Z,2025-06-22T03:13:40Z,"[{'id': 5777547451, 'qualifierId': 141, 'value': '81.7'}, {'id': 5777547455, 'qualifierId': 213, 'value': '0.64'}, {'id': 5777547449, 'qualifierId': 140, 'value': '60.0'}, {'id': 5777547447, 'qualifierId': 56, 'value': 'Left'}, {'id': 5777547453, 'qualifierId': 212, 'value': '22.4'}]",615vz7uoe3eiozddbe206io6h,R. Reyes,,,Portland Thorns,Home
2823785571,496,1,2,50,24,446mp88j1vpk9iwui9fiifrp8,0,61.7,90.5,2025-06-22T03:13:40.711Z,2025-06-22T03:13:44Z,"[{'id': 5777547465, 'qualifierId': 212, 'value': '1.3'}, {'id': 5777547461, 'qualifierId': 140, 'value': '62.9'}, {'id': 5777547495, 'qualifierId': 286}, {'id': 5777547491, 'qualifierId': 233, 'value': '464'}, {'id': 5777547463, 'qualifierId': 141, 'value': '90.2'}, {'id': 5777547467, 'qualifierId': 213, 'value': '6.12'}, {'id': 5777547489, 'qualifierId': 236}, {'id': 5777547459, 'qualifierId': 56, 'value': 'Left'}]",ek8x7y3jt0xcebttt75qi5exh,J. Fleming,,,Portland Thorns,Home
2823785577,464,74,2,50,24,dzxypx8djih58p668surbi4qm,1,33.5,12.3,2025-06-22T03:13:40.712Z,2025-06-22T04:01:01Z,"[{'id': 5777547497, 'qualifierId': 233, 'value': '496'}, {'id': 5777547481, 'qualifierId': 56, 'value': 'Back'}, {'id': 5777547483, 'qualifierId': 285}]",8v62hppzsz2yonw60h9910iga,J. Bike,,,Chicago Stars,Away
2823785579,465,5,2,50,26,dzxypx8djih58p668surbi4qm,0,35.7,-2.0,2025-06-22T03:13:42.856Z,2025-06-22T03:58:48Z,"[{'id': 5777547503, 'qualifierId': 347}, {'id': 5777547509, 'qualifierId': 233, 'value': '497'}, {'id': 5777547501, 'qualifierId': 56, 'value': 'Back'}]",56jjwfa02gep01vggqojvfbe2,M. Hayashi,,,Chicago Stars,Away
2823785573,497,5,2,50,26,446mp88j1vpk9iwui9fiifrp8,1,64.3,102.0,2025-06-22T03:13:42.856Z,2025-06-22T03:58:48Z,"[{'id': 5777547505, 'qualifierId': 233, 'value': '465'}, {'id': 5777547469, 'qualifierId': 56, 'value': 'Left'}, {'id': 5777547471, 'qualifierId': 347}]",ek8x7y3jt0xcebttt75qi5exh,J. Fleming,,,Portland Thorns,Home
2823785587,498,1,2,50,30,446mp88j1vpk9iwui9fiifrp8,1,61.7,100.0,2025-06-22T03:13:46.871Z,2025-06-22T03:17:34Z,"[{'id': 5777547557, 'qualifierId': 56, 'value': 'Left'}, {'id': 5777547555, 'qualifierId': 107}, {'id': 5777547561, 'qualifierId': 141, 'value': '89.7'}, {'id': 5777547565, 'qualifierId': 213, 'value': '4.82'}, {'id': 5777547563, 'qualifierId': 212, 'value': '8.1'}, {'id': 5777547559, 'qualifierId': 140, 'value': '62.5'}]",615vz7uoe3eiozddbe206io6h,R. Reyes,,,Portland Thorns,Home
2823785591,499,1,2,50,32,446mp88j1vpk9iwui9fiifrp8,1,62.5,89.7,2025-06-22T03:13:48.391Z,2025-06-22T03:13:49Z,"[{'id': 5777547579, 'qualifierId': 213, 'value': '2.00'}, {'id': 5777547577, 'qualifierId': 212, 'value': '4.5'}, {'id': 5777547573, 'qualifierId': 140, 'value': '60.7'}, {'id': 5777547571, 'qualifierId': 56, 'value': 'Left'}, {'id': 5777547575, 'qualifierId': 141, 'value': '95.7'}]",cmolam8ri93kos2rasjhnuxyi,S. Coffey,,,Portland Thorns,Home
2823785593,500,1,2,50,33,446mp88j1vpk9iwui9fiifrp8,1,60.7,95.7,2025-06-22T03:13:49.271Z,2025-06-22T03:13:50Z,"[{'id': 5777547589, 'qualifierId': 212, 'value': '25.1'}, {'id': 5777547583, 'qualifierId': 56, 'value': 'Back'}, {'id': 5777547591, 'qualifierId': 213, 'value': '3.23'}, {'id': 5777547587, 'qualifierId': 141, 'value': '92.3'}, {'id': 5777547585, 'qualifierId': 140, 'value': '36.9'}]",615vz7uoe3eiozddbe206io6h,R. Reyes,,,Portland Thorns,Home
2823785607,501,1,2,50,34,446mp88j1vpk9iwui9fiifrp8,1,34.7,88.9,2025-06-22T03:13:50.599Z,2025-06-22T03:13:54Z,"[{'id': 5777547655, 'qualifierId': 212, 'value': '27.6'}, {'id': 5777547651, 'qualifierId': 140, 'value': '32.4'}, {'id': 5777547649, 'qualifierId': 56, 'value': 'Back'}, {'id': 5777547657, 'qualifierId': 213, 'value': '4.62'}, {'id': 5777547653, 'qualifierId': 141, 'value': '48.4'}]",8oj7cqgjacle67i49w4a3gx6,I. Obaze,,,Portland Thorns,Home
2823785615,502,1,2,50,38,446mp88j1vpk9iwui9fiifrp8,1,38.1,40.9,2025-06-22T03:13:54.535Z,2025-06-22T03:13:56Z,"[{'id': 5777547685, 'qualifierId': 140, 'value': '45.8'}, {'id': 5777547687, 'qualifierId': 141, 'value': '42.5'}, {'id': 5777547691, 'qualifierId': 213, 'value': '0.13'}, {'id': 5777547683, 'qualifierId': 56, 'value': 'Back'}, {'id': 5777547689, 'qualifierId': 212, 'value': '8.2'}]",74uudh34v23m2z9gy5tdppxey,S. Hiatt,,,Portland Thorns,Home
2823785631,503,1,2,50,40,446mp88j1vpk9iwui9fiifrp8,1,44.4,46.1,2025-06-22T03:13:56.375Z,2025-06-22T03:14:02Z,"[{'id': 5777547759, 'qualifierId': 213, 'value': '2.46'}, {'id': 5777547757, 'qualifierId': 212, 'value': '17.4'}, {'id': 5777547753, 'qualifierId': 140, 'value': '31.5'}, {'id': 5777547755, 'qualifierId': 141, 'value': '62.1'}, {'id': 5777547751, 'qualifierId': 56, 'value': 'Back'}]",7in4ykzbs8p44qy4jrb10p0wl,H. Sugita,,,Portland Thorns,Home
2823785639,504,1,2,50,46,446mp88j1vpk9iwui9fiifrp8,1,31.4,69.3,2025-06-22T03:14:02.343Z,2025-06-22T03:14:06Z,"[{'id': 5777547789, 'qualifierId': 212, 'value': '23.3'}, {'id': 5777547783, 'qualifierId': 56, 'value': 'Back'}, {'id': 5777547791, 'qualifierId': 213, 'value': '4.78'}, {'id': 5777547787, 'qualifierId': 141, 'value': '35.1'}, {'id': 5777547785, 'qualifierId': 140, 'value': '32.8'}]",8oj7cqgjacle67i49w4a3gx6,I. Obaze,,,Portland Thorns,Home
2823785651,505,1,2,50,50,446mp88j1vpk9iwui9fiifrp8,1,36.5,30.3,2025-06-22T03:14:05.959Z,2025-06-22T03:14:10Z,"[{'id': 5777547851, 'qualifierId': 212, 'value': '28.2'}, {'id': 5777547849, 'qualifierId': 141, 'value': '4.6'}, {'id': 5777547845, 'qualifierId': 56, 'value': 'Right'}, {'id': 5777547853, 'qualifierId': 213, 'value': '5.62'}, {'id': 5777547847, 'qualifierId': 140, 'value': '57.6'}]",74uudh34v23m2z9gy5tdppxey,S. Hiatt,,,Portland Thorns,Home
2823785649,466,83,2,50,53,dzxypx8djih58p668surbi4qm,0,32.2,98.0,2025-06-22T03:14:09.920Z,2025-06-22T03:14:15Z,"[{'id': 5777547903, 'qualifierId': 399, 'value': '7whcppsae8rxxj20zaxpx1wq1'}]",4tnm3hxzav142ow867jwcozkk,T. Malham,,,Chicago Stars,Away
2823785653,506,61,2,50,54,446mp88j1vpk9iwui9fiifrp8,1,57.8,6.7,2025-06-22T03:14:10.730Z,2025-06-22T03:14:11Z,"[{'id': 5777547857, 'qualifierId': 56, 'value': 'Right'}]",7whcppsae8rxxj20zaxpx1wq1,K. Torpey,,,Portland Thorns,Home
2823785661,507,1,2,50,56,446mp88j1vpk9iwui9fiifrp8,1,62.0,8.8,2025-06-22T03:14:12.439Z,2025-06-22T03:14:15Z,"[{'id': 5777547923, 'qualifierId': 56, 'value': 'Right'}, {'id': 5777547929, 'qualifierId': 212, 'value': '15.7'}, {'id': 5777547931, 'qualifierId': 213, 'value': '6.21'}, {'id': 5777547927, 'qualifierId': 141, 'value': '7.1'}, {'id': 5777547925, 'qualifierId': 140, 'value': '76.9'}]",7in4ykzbs8p44qy4jrb10p0wl,H. Sugita,,,Portland Thorns,Home
2823785665,508,1,2,50,59,446mp88j1vpk9iwui9fiifrp8,1,89.6,15.6,2025-06-22T03:14:15.495Z,2025-06-22T03:14:25Z,"[{'id': 5777548065, 'qualifierId': 154}, {'id': 5777547969, 'qualifierId': 140, 'value': '80.9'}, {'id': 5777547973, 'qualifierId': 212, 'value': '19.1'}, {'id': 5777547967, 'qualifierId': 56, 'value': 'Center'}, {'id': 5777547971, 'qualifierId': 141, 'value': '40.3'}, {'id': 5777547975, 'qualifierId': 213, 'value': '2.07'}, {'id': 5777548063, 'qualifierId': 210, 'value': '15'}]",7izc8t071mkrrgvptdjru467e,O. Moultrie,1.0,,Portland Thorns,Home
2823785667,509,15,2,51,1,446mp88j1vpk9iwui9fiifrp8,1,82.1,42.1,2025-06-22T03:14:17.846Z,2025-06-22T03:14:25Z,"[{'id': 5777547983, 'qualifierId': 18}, {'id': 5777548089, 'qualifierId': 103, 'value': '1.3'}, {'id': 5777548081, 'qualifierId': 154}, {'id': 5777548093, 'qualifierId': 146, 'value': '99.1'}, {'id': 5777548077, 'qualifierId': 80}, {'id': 5777548003, 'qualifierId': 20}, {'id': 5777548087, 'qualifierId': 102, 'value': '46.0'}, {'id': 5777548099, 'qualifierId': 233, 'value': '467'}, {'id': 5777547981, 'qualifierId': 22}, {'id': 5777547985, 'qualifierId': 56, 'value': 'Center'}, {'id': 5777548079, 'qualifierId': 29}, {'id': 5777548091, 'qualifierId': 328}, {'id': 5777548095, 'qualifierId': 147, 'value': '49.1'}, {'id': 5777548083, 'qualifierId': 55, 'value': '508'}]",ek8x7y3jt0xcebttt75qi5exh,J. Fleming,,,Portland Thorns,Home
2823785669,467,10,2,51,1,dzxypx8djih58p668surbi4qm,1,2.7,49.7,2025-06-22T03:14:17.946Z,2025-06-22T03:14:25Z,"[{'id': 5777548021, 'qualifierId': 177}, {'id': 5777548023, 'qualifierId': 179}, {'id': 5777547999, 'qualifierId': 56, 'value': 'Back'}, {'id': 5777548103, 'qualifierId': 233, 'value': '509'}, {'id': 5777547997, 'qualifierId': 182}]",20qmwwdxbdp6ade3j9lssbvxm,H. Mackiewicz,,,Chicago Stars,Away
2823785673,468,52,2,51,3,dzxypx8djih58p668surbi4qm,1,2.7,49.7,2025-06-22T03:14:19.369Z,2025-06-22T03:14:21Z,[],20qmwwdxbdp6ade3j9lssbvxm,H. Mackiewicz,,,Chicago Stars,Away
2823785727,469,80,2,51,30,dzxypx8djih58p668surbi4qm,0,8.2,44.3,2025-06-22T03:14:46.192Z,2025-06-22T03:14:46Z,[],20qmwwdxbdp6ade3j9lssbvxm,H. Mackiewicz,,,Chicago Stars,Away
2823785741,470,1,2,51,31,dzxypx8djih58p668surbi4qm,0,11.2,43.3,2025-06-22T03:14:47.135Z,2025-06-22T03:14:49Z,"[{'id': 5777548399, 'qualifierId': 141, 'value': '36.9'}, {'id': 5777548397, 'qualifierId': 140, 'value': '63.7'}, {'id': 5777548403, 'qualifierId': 213, 'value': '6.20'}, {'id': 5777548393, 'qualifierId': 198}, {'id': 5777548391, 'qualifierId': 157}, {'id': 5777548395, 'qualifierId': 56, 'value': 'Center'}, {'id': 5777548405, 'qualifierId': 1}, {'id': 5777548401, 'qualifierId': 212, 'value': '55.3'}]",20qmwwdxbdp6ade3j9lssbvxm,H. Mackiewicz,,,Chicago Stars,Away
2823785737,510,44,2,51,31,446mp88j1vpk9iwui9fiifrp8,1,35.9,67.8,2025-06-22T03:14:47.447Z,2025-06-22T04:01:13Z,"[{'id': 5777548425, 'qualifierId': 233, 'value': '471'}, {'id': 5777548385, 'qualifierId': 285}, {'id': 5777548383, 'qualifierId': 56, 'value': 'Back'}]",8oj7cqgjacle67i49w4a3gx6,I. Obaze,,,Portland Thorns,Home
2823785743,471,44,2,51,31,dzxypx8djih58p668surbi4qm,0,64.1,32.2,2025-06-22T03:14:47.448Z,2025-06-22T04:01:13Z,"[{'id': 5777548429, 'qualifierId': 233, 'value': '510'}, {'id': 5777548413, 'qualifierId': 56, 'value': 'Center'}, {'id': 5777548415, 'qualifierId': 286}]",6e7scc2z7henelebs853mc844,A. Schlegel,,,Chicago Stars,Away
2823785745,511,1,2,51,32,446mp88j1vpk9iwui9fiifrp8,1,35.2,75.4,2025-06-22T03:14:48.071Z,2025-06-22T03:14:50Z,"[{'id': 5777548439, 'qualifierId': 141, 'value': '74.8'}, {'id': 5777548437, 'qualifierId': 140, 'value': '39.1'}, {'id': 5777548441, 'qualifierId': 212, 'value': '4.1'}, {'id': 5777548433, 'qualifierId': 3}, {'id': 5777548435, 'qualifierId': 56, 'value': 'Back'}, {'id': 5777548443, 'qualifierId': 213, 'value': '6.18'}]",8oj7cqgjacle67i49w4a3gx6,I. Obaze,,,Portland Thorns,Home
2823785747,512,49,2,51,34,446mp88j1vpk9iwui9fiifrp8,1,39.1,74.8,2025-06-22T03:14:50.246Z,2025-06-22T03:14:50Z,[],cmolam8ri93kos2rasjhnuxyi,S. Coffey,,,Portland Thorns,Home
2823785749,472,83,2,51,35,dzxypx8djih58p668surbi4qm,0,65.8,33.9,2025-06-22T03:14:51.055Z,2025-06-22T03:14:52Z,"[{'id': 5777548465, 'qualifierId': 399, 'value': 'cmolam8ri93kos2rasjhnuxyi'}]",56jjwfa02gep01vggqojvfbe2,M. Hayashi,,,Chicago Stars,Away
2823785751,513,1,2,51,35,446mp88j1vpk9iwui9fiifrp8,1,32.4,70.8,2025-06-22T03:14:51.255Z,2025-06-22T03:14:52Z,"[{'id': 5777548459, 'qualifierId': 212, 'value': '12.0'}, {'id': 5777548457, 'qualifierId': 141, 'value': '83.9'}, {'id': 5777548453, 'qualifierId': 56, 'value': 'Back'}, {'id': 5777548455, 'qualifierId': 140, 'value': '24.7'}, {'id': 5777548461, 'qualifierId': 213, 'value': '2.31'}]",cmolam8ri93kos2rasjhnuxyi,S. Coffey,,,Portland Thorns,Home
2823785753,514,1,2,51,39,446mp88j1vpk9iwui9fiifrp8,0,29.2,93.2,2025-06-22T03:14:55.562Z,2025-06-22T03:14:56Z,"[{'id': 5777548471, 'qualifierId': 140, 'value': '66.0'}, {'id': 5777548467, 'qualifierId': 155}, {'id': 5777548475, 'qualifierId': 212, 'value': '39.2'}, {'id': 5777548477, 'qualifierId': 213, 'value': '6.11'}, {'id': 5777548469, 'qualifierId': 56, 'value': 'Left'}, {'id': 5777548473, 'qualifierId': 141, 'value': '83.3'}, {'id': 5777548479, 'qualifierId': 1}]",615vz7uoe3eiozddbe206io6h,R. Reyes,,,Portland Thorns,Home
2823785767,473,1,2,51,41,dzxypx8djih58p668surbi4qm,0,41.4,20.7,2025-06-22T03:14:57.167Z,2025-06-22T03:14:59Z,"[{'id': 5777548529, 'qualifierId': 157}, {'id': 5777548537, 'qualifierId': 212, 'value': '17.9'}, {'id': 5777548535, 'qualifierId': 141, 'value': '25.3'}, {'id': 5777548531, 'qualifierId': 56, 'value': 'Center'}, {'id': 5777548539, 'qualifierId': 213, 'value': '0.18'}, {'id': 5777548533, 'qualifierId': 140, 'value': '58.2'}, {'id': 5777548541, 'qualifierId': 1}]",6zzk0lgja87zs45h8btgheled,C. Onwualu,,,Chicago Stars,Away
2823785771,515,44,2,51,43,446mp88j1vpk9iwui9fiifrp8,1,44.4,76.9,2025-06-22T03:14:59.246Z,2025-06-22T04:01:14Z,"[{'id': 5777548555, 'qualifierId': 285}, {'id': 5777548569, 'qualifierId': 233, 'value': '474'}, {'id': 5777548553, 'qualifierId': 56, 'value': 'Back'}]",615vz7uoe3eiozddbe206io6h,R. Reyes,,,Portland Thorns,Home
2823785769,474,44,2,51,43,dzxypx8djih58p668surbi4qm,0,55.6,23.1,2025-06-22T03:14:59.247Z,2025-06-22T04:01:14Z,"[{'id': 5777548551, 'qualifierId': 286}, {'id': 5777548577, 'qualifierId': 233, 'value': '515'}, {'id': 5777548549, 'qualifierId': 56, 'value': 'Center'}]",56jjwfa02gep01vggqojvfbe2,M. Hayashi,,,Chicago Stars,Away
2823785775,516,1,2,51,43,446mp88j1vpk9iwui9fiifrp8,0,30.3,84.0,2025-06-22T03:14:59.783Z,2025-06-22T03:15:07Z,"[{'id': 5777548615, 'qualifierId': 3}, {'id': 5777548587, 'qualifierId': 212, 'value': '11.0'}, {'id': 5777548585, 'qualifierId': 141, 'value': '76.9'}, {'id': 5777548581, 'qualifierId': 56, 'value': 'Back'}, {'id': 5777548589, 'qualifierId': 213, 'value': '5.83'}, {'id': 5777548583, 'qualifierId': 140, 'value': '39.7'}]",615vz7uoe3eiozddbe206io6h,R. Reyes,,,Portland Thorns,Home
2823785777,475,1,2,51,45,dzxypx8djih58p668surbi4qm,1,56.2,32.8,2025-06-22T03:15:01.183Z,2025-06-22T03:15:03Z,"[{'id': 5777548599, 'qualifierId': 213, 'value': '0.72'}, {'id': 5777548593, 'qualifierId': 140, 'value': '63.1'}, {'id': 5777548597, 'qualifierId': 212, 'value': '9.6'}, {'id': 5777548595, 'qualifierId': 141, 'value': '42.1'}, {'id': 5777548591, 'qualifierId': 56, 'value': 'Center'}]",daze51b5849zsk2aqvgmkkbth,Maitane López,,,Chicago Stars,Away
2823785779,476,49,2,51,47,dzxypx8djih58p668surbi4qm,1,61.9,43.6,2025-06-22T03:15:03.105Z,2025-06-22T03:15:03Z,[],6alny8atonddyhmltw3dgo1d5,J. Grosso,,,Chicago Stars,Away
2823785783,477,1,2,51,47,dzxypx8djih58p668surbi4qm,1,61.9,43.6,2025-06-22T03:15:03.315Z,2025-06-22T03:15:04Z,"[{'id': 5777548611, 'qualifierId': 213, 'value': '1.74'}, {'id': 5777548607, 'qualifierId': 141, 'value': '58.5'}, {'id': 5777548605, 'qualifierId': 140, 'value': '60.3'}, {'id': 5777548603, 'qualifierId': 56, 'value': 'Center'}, {'id': 5777548609, 'qualifierId': 212, 'value': '10.3'}]",6alny8atonddyhmltw3dgo1d5,J. Grosso,,,Chicago Stars,Away
2823785789,478,1,2,51,48,dzxypx8djih58p668surbi4qm,1,60.3,58.5,2025-06-22T03:15:04.351Z,2025-06-22T03:15:09Z,"[{'id': 5777548627, 'qualifierId': 56, 'value': 'Center'}, {'id': 5777548629, 'qualifierId': 140, 'value': '65.1'}, {'id': 5777548633, 'qualifierId': 212, 'value': '9.7'}, {'id': 5777548635, 'qualifierId': 213, 'value': '5.26'}, {'id': 5777548631, 'qualifierId': 141, 'value': '46.3'}]",19udx179xugqp84qo9rsq0nhl,S. Groom,,,Chicago Stars,Away
2823785791,479,1,2,51,53,dzxypx8djih58p668surbi4qm,1,75.3,41.6,2025-06-22T03:15:09.519Z,2025-06-22T03:15:11Z,"[{'id': 5777548643, 'qualifierId': 141, 'value': '18.2'}, {'id': 5777548645, 'qualifierId': 212, 'value': '22.1'}, {'id': 5777548641, 'qualifierId': 140, 'value': '89.9'}, {'id': 5777548639, 'qualifierId': 56, 'value': 'Right'}, {'id': 5777548647, 'qualifierId': 213, 'value': '5.48'}]",6alny8atonddyhmltw3dgo1d5,J. Grosso,,,Chicago Stars,Away
2823785801,480,1,2,51,55,dzxypx8djih58p668surbi4qm,1,91.3,18.0,2025-06-22T03:15:11.023Z,2025-06-22T03:15:15Z,"[{'id': 5777548729, 'qualifierId': 212, 'value': '33.7'}, {'id': 5777548727, 'qualifierId': 141, 'value': '67.2'}, {'id': 5777548723, 'qualifierId': 56, 'value': 'Center'}, {'id': 5777548731, 'qualifierId': 213, 'value': '1.45'}, {'id': 5777548719, 'qualifierId': 2}, {'id': 5777548733, 'qualifierId': 1}, {'id': 5777548725, 'qualifierId': 140, 'value': '95.1'}, {'id': 5777548721, 'qualifierId': 155}]",8v62hppzsz2yonw60h9910iga,J. Bike,,,Chicago Stars,Away
2823785805,481,61,2,51,59,dzxypx8djih58p668surbi4qm,0,95.1,67.2,2025-06-22T03:15:15.792Z,2025-06-22T03:15:22Z,"[{'id': 5777548745, 'qualifierId': 56, 'value': 'Center'}]",4tnm3hxzav142ow867jwcozkk,T. Malham,,,Chicago Stars,Away
2823785815,482,5,2,51,59,dzxypx8djih58p668surbi4qm,0,101.3,70.2,2025-06-22T03:15:15.910Z,2025-06-22T03:58:49Z,"[{'id': 5777548795, 'qualifierId': 346}, {'id': 5777548793, 'qualifierId': 56, 'value': 'Center'}, {'id': 5777548805, 'qualifierId': 233, 'value': '517'}]",6zzk0lgja87zs45h8btgheled,C. Onwualu,,,Chicago Stars,Away
2823785807,517,5,2,51,59,446mp88j1vpk9iwui9fiifrp8,1,-1.3,29.8,2025-06-22T03:15:15.910Z,2025-06-22T03:58:49Z,"[{'id': 5777548749, 'qualifierId': 346}, {'id': 5777548747, 'qualifierId': 56, 'value': 'Back'}, {'id': 5777548797, 'qualifierId': 233, 'value': '482'}]",615vz7uoe3eiozddbe206io6h,R. Reyes,,,Portland Thorns,Home
2823785853,518,1,2,52,25,446mp88j1vpk9iwui9fiifrp8,1,4.6,48.2,2025-06-22T03:15:41.526Z,2025-06-22T03:15:47Z,"[{'id': 5777549015, 'qualifierId': 212, 'value': '27.1'}, {'id': 5777549007, 'qualifierId': 124}, {'id': 5777549011, 'qualifierId': 140, 'value': '14.1'}, {'id': 5777549021, 'qualifierId': 237}, {'id': 5777549017, 'qualifierId': 213, 'value': '1.19'}, {'id': 5777549009, 'qualifierId': 56, 'value': 'Back'}, {'id': 5777549013, 'qualifierId': 141, 'value': '85.3'}]",1yva0f096q2oqk5gz59utr42y,B. Bixby,,,Portland Thorns,Home
2823785855,519,1,2,52,31,446mp88j1vpk9iwui9fiifrp8,0,19.4,90.2,2025-06-22T03:15:47.080Z,2025-06-22T03:15:47Z,"[{'id': 5777549035, 'qualifierId': 213, 'value': '0.18'}, {'id': 5777549031, 'qualifierId': 141, 'value': '91.8'}, {'id': 5777549029, 'qualifierId': 140, 'value': '25.0'}, {'id': 5777549025, 'qualifierId': 155}, {'id': 5777549027, 'qualifierId': 56, 'value': 'Back'}, {'id': 5777549033, 'qualifierId': 212, 'value': '6.0'}]",8oj7cqgjacle67i49w4a3gx6,I. Obaze,,,Portland Thorns,Home
2823785865,483,1,2,52,32,dzxypx8djih58p668surbi4qm,1,72.9,6.4,2025-06-22T03:15:48.495Z,2025-06-22T03:15:52Z,"[{'id': 5777549075, 'qualifierId': 56, 'value': 'Right'}, {'id': 5777549073, 'qualifierId': 3}, {'id': 5777549077, 'qualifierId': 140, 'value': '83.8'}, {'id': 5777549083, 'qualifierId': 213, 'value': '0.37'}, {'id': 5777549079, 'qualifierId': 141, 'value': '12.9'}, {'id': 5777549081, 'qualifierId': 212, 'value': '12.3'}]",8v62hppzsz2yonw60h9910iga,J. Bike,,,Chicago Stars,Away
2823785867,484,49,2,52,36,dzxypx8djih58p668surbi4qm,1,81.3,11.9,2025-06-22T03:15:52.145Z,2025-06-22T03:15:52Z,[],6e7scc2z7henelebs853mc844,A. Schlegel,,,Chicago Stars,Away
2823785869,485,1,2,52,37,dzxypx8djih58p668surbi4qm,0,76.8,15.8,2025-06-22T03:15:53.167Z,2025-06-22T03:15:54Z,"[{'id': 5777549089, 'qualifierId': 140, 'value': '75.1'}, {'id': 5777549087, 'qualifierId': 56, 'value': 'Right'}, {'id': 5777549109, 'qualifierId': 286}, {'id': 5777549105, 'qualifierId': 233, 'value': '520'}, {'id': 5777549093, 'qualifierId': 212, 'value': '3.4'}, {'id': 5777549095, 'qualifierId': 213, 'value': '2.12'}, {'id': 5777549091, 'qualifierId': 141, 'value': '20.1'}, {'id': 5777549103, 'qualifierId': 236}]",6e7scc2z7henelebs853mc844,A. Schlegel,,,Chicago Stars,Away
2823785873,520,74,2,52,37,446mp88j1vpk9iwui9fiifrp8,1,21.8,71.8,2025-06-22T03:15:53.168Z,2025-06-22T04:01:01Z,"[{'id': 5777549101, 'qualifierId': 285}, {'id': 5777549111, 'qualifierId': 233, 'value': '485'}, {'id': 5777549099, 'qualifierId': 56, 'value': 'Back'}]",ek8x7y3jt0xcebttt75qi5exh,J. Fleming,,,Portland Thorns,Home
2823785871,486,61,2,52,39,dzxypx8djih58p668surbi4qm,1,75.1,20.1,2025-06-22T03:15:55.313Z,2025-06-22T03:16:30Z,"[{'id': 5777549097, 'qualifierId': 56, 'value': 'Right'}]",6e7scc2z7henelebs853mc844,A. Schlegel,,,Chicago Stars,Away
2823785883,487,1,2,52,42,dzxypx8djih58p668surbi4qm,1,70.2,31.2,2025-06-22T03:15:58.463Z,2025-06-22T03:16:18Z,"[{'id': 5777549193, 'qualifierId': 212, 'value': '20.3'}, {'id': 5777549189, 'qualifierId': 140, 'value': '81.0'}, {'id': 5777549191, 'qualifierId': 141, 'value': '6.4'}, {'id': 5777549195, 'qualifierId': 213, 'value': '5.30'}, {'id': 5777549187, 'qualifierId': 56, 'value': 'Right'}]",v0k2w41tlj0elpj7nrw68onp,N. Kuikka,,,Chicago Stars,Away
2823785889,488,1,2,52,46,dzxypx8djih58p668surbi4qm,0,75.3,16.8,2025-06-22T03:16:02.143Z,2025-06-22T03:19:56Z,"[{'id': 5777549229, 'qualifierId': 155}, {'id': 5777549237, 'qualifierId': 212, 'value': '24.1'}, {'id': 5777549239, 'qualifierId': 213, 'value': '0.73'}, {'id': 5777549227, 'qualifierId': 2}, {'id': 5777549235, 'qualifierId': 141, 'value': '40.4'}, {'id': 5777549231, 'qualifierId': 56, 'value': 'Center'}, {'id': 5777549233, 'qualifierId': 140, 'value': '92.4'}]",8v62hppzsz2yonw60h9910iga,J. Bike,,,Chicago Stars,Away
2823785891,521,12,2,52,49,446mp88j1vpk9iwui9fiifrp8,1,10.4,56.3,2025-06-22T03:16:05.528Z,2025-06-22T03:16:07Z,"[{'id': 5777549245, 'qualifierId': 141, 'value': '86.3'}, {'id': 5777549241, 'qualifierId': 56, 'value': 'Back'}, {'id': 5777549247, 'qualifierId': 212, 'value': '23.7'}, {'id': 5777549265, 'qualifierId': 167}, {'id': 5777549249, 'qualifierId': 213, 'value': '2.11'}, {'id': 5777549243, 'qualifierId': 140, 'value': '0.0'}]",74uudh34v23m2z9gy5tdppxey,S. Hiatt,,,Portland Thorns,Home
2823785937,489,6,2,52,50,dzxypx8djih58p668surbi4qm,1,97.8,23.7,2025-06-22T03:16:06.523Z,2025-06-22T03:58:44Z,"[{'id': 5777549469, 'qualifierId': 75}, {'id': 5777549467, 'qualifierId': 56, 'value': 'Center'}, {'id': 5777549509, 'qualifierId': 233, 'value': '522'}]",8v62hppzsz2yonw60h9910iga,J. Bike,,,Chicago Stars,Away
2823785893,522,6,2,52,50,446mp88j1vpk9iwui9fiifrp8,0,2.2,76.3,2025-06-22T03:16:06.523Z,2025-06-22T03:58:44Z,"[{'id': 5777549279, 'qualifierId': 56, 'value': 'Back'}, {'id': 5777549281, 'qualifierId': 73}, {'id': 5777549513, 'qualifierId': 233, 'value': '489'}]",74uudh34v23m2z9gy5tdppxey,S. Hiatt,,,Portland Thorns,Home
2823785977,490,1,2,53,24,dzxypx8djih58p668surbi4qm,1,99.5,0.5,2025-06-22T03:16:40.240Z,2025-06-22T03:16:46Z,"[{'id': 5777549711, 'qualifierId': 56, 'value': 'Right'}, {'id': 5777549715, 'qualifierId': 141, 'value': '7.4'}, {'id': 5777549713, 'qualifierId': 140, 'value': '85.9'}, {'id': 5777549717, 'qualifierId': 212, 'value': '15.0'}, {'id': 5777549709, 'qualifierId': 6}, {'id': 5777549719, 'qualifierId': 213, 'value': '2.82'}]",11u4dj0z0p616zx9gsnil66ay,S. Staab,,,Chicago Stars,Away
2823785979,491,1,2,53,28,dzxypx8djih58p668surbi4qm,1,87.1,8.3,2025-06-22T03:16:44.415Z,2025-06-22T03:16:46Z,"[{'id': 5777549727, 'qualifierId': 141, 'value': '13.5'}, {'id': 5777549725, 'qualifierId': 140, 'value': '80.5'}, {'id': 5777549723, 'qualifierId': 56, 'value': 'Right'}, {'id': 5777549729, 'qualifierId': 212, 'value': '7.8'}, {'id': 5777549731, 'qualifierId': 213, 'value': '2.67'}]",6alny8atonddyhmltw3dgo1d5,J. Grosso,,,Chicago Stars,Away
2823785981,492,1,2,53,30,dzxypx8djih58p668surbi4qm,0,79.9,14.6,2025-06-22T03:16:46.303Z,2025-06-22T03:16:47Z,"[{'id': 5777549747, 'qualifierId': 56, 'value': 'Center'}, {'id': 5777549753, 'qualifierId': 212, 'value': '18.3'}, {'id': 5777549749, 'qualifierId': 140, 'value': '93.1'}, {'id': 5777549755, 'qualifierId': 213, 'value': '0.71'}, {'id': 5777549751, 'qualifierId': 141, 'value': '32.2'}]",11u4dj0z0p616zx9gsnil66ay,S. Staab,,,Chicago Stars,Away
2823785983,523,49,2,53,32,446mp88j1vpk9iwui9fiifrp8,1,5.3,69.3,2025-06-22T03:16:48.343Z,2025-06-22T03:16:48Z,[],cmolam8ri93kos2rasjhnuxyi,S. Coffey,,,Portland Thorns,Home
2823785985,524,1,2,53,35,446mp88j1vpk9iwui9fiifrp8,0,4.9,76.0,2025-06-22T03:16:51.512Z,2025-06-22T03:16:59Z,"[{'id': 5777549763, 'qualifierId': 212, 'value': '26.0'}, {'id': 5777549823, 'qualifierId': 1}, {'id': 5777549761, 'qualifierId': 141, 'value': '100.0'}, {'id': 5777549765, 'qualifierId': 213, 'value': '0.75'}, {'id': 5777549821, 'qualifierId': 157}, {'id': 5777549759, 'qualifierId': 140, 'value': '23.1'}, {'id': 5777549757, 'qualifierId': 56, 'value': 'Back'}]",cmolam8ri93kos2rasjhnuxyi,S. Coffey,,,Portland Thorns,Home
2823785989,493,5,2,53,36,dzxypx8djih58p668surbi4qm,1,77.4,-2.0,2025-06-22T03:16:52.032Z,2025-06-22T03:16:54Z,"[{'id': 5777549777, 'qualifierId': 233, 'value': '525'}, {'id': 5777549771, 'qualifierId': 56, 'value': 'Right'}, {'id': 5777549773, 'qualifierId': 347}]",11u4dj0z0p616zx9gsnil66ay,S. Staab,,,Chicago Stars,Away
2823785987,525,5,2,53,36,446mp88j1vpk9iwui9fiifrp8,0,22.6,102.0,2025-06-22T03:16:52.032Z,2025-06-22T03:58:49Z,"[{'id': 5777549769, 'qualifierId': 347}, {'id': 5777549767, 'qualifierId': 56, 'value': 'Back'}, {'id': 5777549783, 'qualifierId': 233, 'value': '493'}]",cmolam8ri93kos2rasjhnuxyi,S. Coffey,,,Portland Thorns,Home
2823785997,494,1,2,53,47,dzxypx8djih58p668surbi4qm,1,77.0,0.0,2025-06-22T03:17:03.567Z,2025-06-22T03:17:04Z,"[{'id': 5777549839, 'qualifierId': 140, 'value': '78.9'}, {'id': 5777549841, 'qualifierId': 141, 'value': '8.9'}, {'id': 5777549845, 'qualifierId': 213, 'value': '1.29'}, {'id': 5777549837, 'qualifierId': 56, 'value': 'Right'}, {'id': 5777549843, 'qualifierId': 212, 'value': '7.2'}, {'id': 5777549835, 'qualifierId': 107}]",11u4dj0z0p616zx9gsnil66ay,S. Staab,,,Chicago Stars,Away
2823785999,495,1,2,53,48,dzxypx8djih58p668surbi4qm,1,78.9,9.2,2025-06-22T03:17:04.815Z,2025-06-22T03:17:06Z,"[{'id': 5777549851, 'qualifierId': 140, 'value': '77.6'}, {'id': 5777549861, 'qualifierId': 156}, {'id': 5777549855, 'qualifierId': 212, 'value': '3.0'}, {'id': 5777549849, 'qualifierId': 56, 'value': 'Right'}, {'id': 5777549853, 'qualifierId': 141, 'value': '5.3'}, {'id': 5777549857, 'qualifierId': 213, 'value': '4.24'}]",6alny8atonddyhmltw3dgo1d5,J. Grosso,,,Chicago Stars,Away
2823786001,496,1,2,53,50,dzxypx8djih58p668surbi4qm,1,77.0,6.4,2025-06-22T03:17:06.592Z,2025-06-22T03:17:11Z,"[{'id': 5777549867, 'qualifierId': 141, 'value': '12.5'}, {'id': 5777549871, 'qualifierId': 213, 'value': '0.77'}, {'id': 5777549865, 'qualifierId': 140, 'value': '81.1'}, {'id': 5777549863, 'qualifierId': 56, 'value': 'Right'}, {'id': 5777549869, 'qualifierId': 212, 'value': '6.0'}]",11u4dj0z0p616zx9gsnil66ay,S. Staab,,,Chicago Stars,Away
2823786005,497,1,2,53,55,dzxypx8djih58p668surbi4qm,1,80.7,6.7,2025-06-22T03:17:11.616Z,2025-06-22T03:17:13Z,"[{'id': 5777549893, 'qualifierId': 212, 'value': '8.4'}, {'id': 5777549889, 'qualifierId': 140, 'value': '73.2'}, {'id': 5777549891, 'qualifierId': 141, 'value': '11.0'}, {'id': 5777549895, 'qualifierId': 213, 'value': '2.79'}, {'id': 5777549887, 'qualifierId': 56, 'value': 'Right'}]",6alny8atonddyhmltw3dgo1d5,J. Grosso,,,Chicago Stars,Away
2823786007,498,1,2,53,58,dzxypx8djih58p668surbi4qm,0,73.7,8.0,2025-06-22T03:17:14.928Z,2025-06-22T03:17:15Z,"[{'id': 5777549911, 'qualifierId': 213, 'value': '1.21'}, {'id': 5777549901, 'qualifierId': 155}, {'id': 5777549905, 'qualifierId': 140, 'value': '87.1'}, {'id': 5777549903, 'qualifierId': 56, 'value': 'Center'}, {'id': 5777549913, 'qualifierId': 1}, {'id': 5777549907, 'qualifierId': 141, 'value': '63.0'}, {'id': 5777549909, 'qualifierId': 212, 'value': '40.0'}, {'id': 5777549899, 'qualifierId': 2}]",56jjwfa02gep01vggqojvfbe2,M. Hayashi,,,Chicago Stars,Away
2823786015,526,1,2,54,0,446mp88j1vpk9iwui9fiifrp8,1,14.1,37.1,2025-06-22T03:17:16.632Z,2025-06-22T03:17:18Z,"[{'id': 5777549959, 'qualifierId': 3}, {'id': 5777549969, 'qualifierId': 213, 'value': '0.03'}, {'id': 5777549967, 'qualifierId': 212, 'value': '15.3'}, {'id': 5777549963, 'qualifierId': 140, 'value': '28.7'}, {'id': 5777549961, 'qualifierId': 56, 'value': 'Back'}, {'id': 5777549965, 'qualifierId': 141, 'value': '37.7'}]",7whcppsae8rxxj20zaxpx1wq1,K. Torpey,,,Portland Thorns,Home
2823786017,527,49,2,54,2,446mp88j1vpk9iwui9fiifrp8,1,28.8,37.7,2025-06-22T03:17:18.439Z,2025-06-22T03:17:18Z,[],7in4ykzbs8p44qy4jrb10p0wl,H. Sugita,,,Portland Thorns,Home
2823786035,528,1,2,54,2,446mp88j1vpk9iwui9fiifrp8,1,28.8,37.7,2025-06-22T03:17:18.551Z,2025-06-22T03:17:26Z,"[{'id': 5777550081, 'qualifierId': 212, 'value': '16.8'}, {'id': 5777550079, 'qualifierId': 141, 'value': '28.8'}, {'id': 5777550075, 'qualifierId': 56, 'value': 'Back'}, {'id': 5777550083, 'qualifierId': 213, 'value': '5.91'}, {'id': 5777550077, 'qualifierId': 140, 'value': '43.7'}]",7in4ykzbs8p44qy4jrb10p0wl,H. Sugita,,,Portland Thorns,Home
2823786037,529,50,2,54,10,446mp88j1vpk9iwui9fiifrp8,1,58.2,4.7,2025-06-22T03:17:26.344Z,2025-06-22T04:07:41Z,"[{'id': 5777550087, 'qualifierId': 56, 'value': 'Right'}, {'id': 5777550123, 'qualifierId': 233, 'value': '499'}, {'id': 5777550089, 'qualifierId': 286}]",7izc8t071mkrrgvptdjru467e,O. Moultrie,,,Portland Thorns,Home
2823786045,499,7,2,54,10,dzxypx8djih58p668surbi4qm,1,41.8,95.3,2025-06-22T03:17:26.345Z,2025-06-22T04:07:40Z,"[{'id': 5777550115, 'qualifierId': 56, 'value': 'Back'}, {'id': 5777550117, 'qualifierId': 285}, {'id': 5777550119, 'qualifierId': 233, 'value': '529'}]",4tnm3hxzav142ow867jwcozkk,T. Malham,,,Chicago Stars,Away
2823786039,530,61,2,54,11,446mp88j1vpk9iwui9fiifrp8,1,54.7,3.8,2025-06-22T03:17:27.518Z,2025-06-22T03:17:27Z,"[{'id': 5777550091, 'qualifierId': 56, 'value': 'Right'}]",7izc8t071mkrrgvptdjru467e,O. Moultrie,,,Portland Thorns,Home
2823786049,500,1,2,54,15,dzxypx8djih58p668surbi4qm,1,31.2,95.0,2025-06-22T03:17:31.872Z,2025-06-22T03:17:34Z,"[{'id': 5777550143, 'qualifierId': 141, 'value': '75.7'}, {'id': 5777550147, 'qualifierId': 213, 'value': '4.76'}, {'id': 5777550139, 'qualifierId': 56, 'value': 'Back'}, {'id': 5777550141, 'qualifierId': 140, 'value': '31.8'}, {'id': 5777550145, 'qualifierId': 212, 'value': '13.1'}]",daze51b5849zsk2aqvgmkkbth,Maitane López,,,Chicago Stars,Away
2823786051,501,49,2,54,17,dzxypx8djih58p668surbi4qm,1,30.3,74.1,2025-06-22T03:17:33.936Z,2025-06-22T03:17:34Z,[],v0k2w41tlj0elpj7nrw68onp,N. Kuikka,,,Chicago Stars,Away
2823786053,502,1,2,54,20,dzxypx8djih58p668surbi4qm,1,30.3,74.1,2025-06-22T03:17:36.048Z,2025-06-22T03:17:37Z,"[{'id': 5777550159, 'qualifierId': 213, 'value': '3.37'}, {'id': 5777550157, 'qualifierId': 212, 'value': '10.5'}, {'id': 5777550153, 'qualifierId': 140, 'value': '20.6'}, {'id': 5777550155, 'qualifierId': 141, 'value': '70.6'}, {'id': 5777550151, 'qualifierId': 56, 'value': 'Back'}]",v0k2w41tlj0elpj7nrw68onp,N. Kuikka,,,Chicago Stars,Away
2823786059,503,1,2,54,21,dzxypx8djih58p668surbi4qm,1,20.6,70.6,2025-06-22T03:17:37.471Z,2025-06-22T03:17:38Z,"[{'id': 5777550189, 'qualifierId': 213, 'value': '4.81'}, {'id': 5777550183, 'qualifierId': 140, 'value': '22.4'}, {'id': 5777550187, 'qualifierId': 212, 'value': '18.8'}, {'id': 5777550185, 'qualifierId': 141, 'value': '43.1'}, {'id': 5777550181, 'qualifierId': 56, 'value': 'Back'}]",11u4dj0z0p616zx9gsnil66ay,S. Staab,,,Chicago Stars,Away
2823786061,504,1,2,54,22,dzxypx8djih58p668surbi4qm,1,22.5,43.0,2025-06-22T03:17:38.333Z,2025-06-22T03:17:39Z,"[{'id': 5777550201, 'qualifierId': 213, 'value': '1.64'}, {'id': 5777550199, 'qualifierId': 212, 'value': '19.4'}, {'id': 5777550193, 'qualifierId': 56, 'value': 'Back'}, {'id': 5777550195, 'qualifierId': 140, 'value': '21.3'}, {'id': 5777550197, 'qualifierId': 141, 'value': '71.4'}]",6zzk0lgja87zs45h8btgheled,C. Onwualu,,,Chicago Stars,Away
2823786063,505,1,2,54,23,dzxypx8djih58p668surbi4qm,1,21.3,71.4,2025-06-22T03:17:39.007Z,2025-06-22T03:17:41Z,"[{'id': 5777550207, 'qualifierId': 140, 'value': '8.6'}, {'id': 5777550211, 'qualifierId': 212, 'value': '18.7'}, {'id': 5777550205, 'qualifierId': 56, 'value': 'Back'}, {'id': 5777550209, 'qualifierId': 141, 'value': '52.2'}, {'id': 5777550213, 'qualifierId': 213, 'value': '3.92'}]",11u4dj0z0p616zx9gsnil66ay,S. Staab,,,Chicago Stars,Away
2823786065,506,1,2,54,25,dzxypx8djih58p668surbi4qm,1,8.6,52.2,2025-06-22T03:17:41.792Z,2025-06-22T03:17:45Z,"[{'id': 5777550221, 'qualifierId': 141, 'value': '34.3'}, {'id': 5777550217, 'qualifierId': 56, 'value': 'Back'}, {'id': 5777550225, 'qualifierId': 213, 'value': '5.02'}, {'id': 5777550223, 'qualifierId': 212, 'value': '12.8'}, {'id': 5777550219, 'qualifierId': 140, 'value': '12.3'}]",20qmwwdxbdp6ade3j9lssbvxm,H. Mackiewicz,,,Chicago Stars,Away
2823786067,507,1,2,54,29,dzxypx8djih58p668surbi4qm,1,19.0,22.2,2025-06-22T03:17:45.872Z,2025-06-22T03:17:47Z,"[{'id': 5777550235, 'qualifierId': 212, 'value': '12.6'}, {'id': 5777550231, 'qualifierId': 140, 'value': '23.3'}, {'id': 5777550237, 'qualifierId': 213, 'value': '5.08'}, {'id': 5777550229, 'qualifierId': 56, 'value': 'Back'}, {'id': 5777550233, 'qualifierId': 141, 'value': '4.9'}]",6zzk0lgja87zs45h8btgheled,C. Onwualu,,,Chicago Stars,Away
2823786071,508,1,2,54,31,dzxypx8djih58p668surbi4qm,1,24.2,5.6,2025-06-22T03:17:47.328Z,2025-06-22T03:17:51Z,"[{'id': 5777550257, 'qualifierId': 141, 'value': '23.3'}, {'id': 5777550259, 'qualifierId': 212, 'value': '18.5'}, {'id': 5777550255, 'qualifierId': 140, 'value': '10.8'}, {'id': 5777550261, 'qualifierId': 213, 'value': '2.43'}, {'id': 5777550253, 'qualifierId': 56, 'value': 'Back'}]",8v62hppzsz2yonw60h9910iga,J. Bike,,,Chicago Stars,Away
2823786081,509,1,2,54,35,dzxypx8djih58p668surbi4qm,1,10.8,23.3,2025-06-22T03:17:51.104Z,2025-06-22T03:17:55Z,"[{'id': 5777550325, 'qualifierId': 141, 'value': '44.0'}, {'id': 5777550321, 'qualifierId': 56, 'value': 'Back'}, {'id': 5777550327, 'qualifierId': 212, 'value': '14.7'}, {'id': 5777550329, 'qualifierId': 213, 'value': '1.85'}, {'id': 5777550323, 'qualifierId': 140, 'value': '6.9'}]",6zzk0lgja87zs45h8btgheled,C. Onwualu,,,Chicago Stars,Away
2823786089,510,1,2,54,39,dzxypx8djih58p668surbi4qm,1,11.0,45.4,2025-06-22T03:17:55.024Z,2025-06-22T03:17:58Z,"[{'id': 5777550367, 'qualifierId': 212, 'value': '12.4'}, {'id': 5777550369, 'qualifierId': 213, 'value': '4.93'}, {'id': 5777550361, 'qualifierId': 56, 'value': 'Back'}, {'id': 5777550365, 'qualifierId': 141, 'value': '27.6'}, {'id': 5777550363, 'qualifierId': 140, 'value': '13.6'}]",20qmwwdxbdp6ade3j9lssbvxm,H. Mackiewicz,,,Chicago Stars,Away
2823786103,511,1,2,54,42,dzxypx8djih58p668surbi4qm,1,12.8,14.6,2025-06-22T03:17:58.099Z,2025-06-22T03:18:04Z,"[{'id': 5777550453, 'qualifierId': 140, 'value': '60.1'}, {'id': 5777550455, 'qualifierId': 141, 'value': '4.9'}, {'id': 5777550461, 'qualifierId': 1}, {'id': 5777550451, 'qualifierId': 56, 'value': 'Right'}, {'id': 5777550449, 'qualifierId': 157}, {'id': 5777550459, 'qualifierId': 213, 'value': '6.15'}, {'id': 5777550457, 'qualifierId': 212, 'value': '50.1'}]",6zzk0lgja87zs45h8btgheled,C. Onwualu,,,Chicago Stars,Away
2823786109,512,1,2,54,48,dzxypx8djih58p668surbi4qm,1,58.5,8.3,2025-06-22T03:18:04.528Z,2025-06-22T03:18:06Z,"[{'id': 5777550483, 'qualifierId': 212, 'value': '8.2'}, {'id': 5777550477, 'qualifierId': 56, 'value': 'Right'}, {'id': 5777550479, 'qualifierId': 140, 'value': '57.4'}, {'id': 5777550481, 'qualifierId': 141, 'value': '20.3'}, {'id': 5777550485, 'qualifierId': 213, 'value': '1.71'}]",6e7scc2z7henelebs853mc844,A. Schlegel,,,Chicago Stars,Away
2823786119,513,1,2,54,50,dzxypx8djih58p668surbi4qm,1,57.4,20.3,2025-06-22T03:18:06.144Z,2025-06-22T03:18:07Z,"[{'id': 5777550535, 'qualifierId': 56, 'value': 'Right'}, {'id': 5777550537, 'qualifierId': 140, 'value': '57.6'}, {'id': 5777550543, 'qualifierId': 213, 'value': '4.74'}, {'id': 5777550541, 'qualifierId': 212, 'value': '9.0'}, {'id': 5777550539, 'qualifierId': 141, 'value': '7.0'}]",6alny8atonddyhmltw3dgo1d5,J. Grosso,,,Chicago Stars,Away
2823786129,514,1,2,54,51,dzxypx8djih58p668surbi4qm,1,59.8,8.6,2025-06-22T03:18:07.696Z,2025-06-22T03:18:11Z,"[{'id': 5777550569, 'qualifierId': 141, 'value': '4.4'}, {'id': 5777550573, 'qualifierId': 213, 'value': '5.89'}, {'id': 5777550567, 'qualifierId': 140, 'value': '66.3'}, {'id': 5777550571, 'qualifierId': 212, 'value': '7.4'}, {'id': 5777550565, 'qualifierId': 56, 'value': 'Right'}]",6e7scc2z7henelebs853mc844,A. Schlegel,,,Chicago Stars,Away
2823786133,515,1,2,54,55,dzxypx8djih58p668surbi4qm,1,66.3,4.4,2025-06-22T03:18:11.360Z,2025-06-22T03:18:12Z,"[{'id': 5777550591, 'qualifierId': 140, 'value': '57.8'}, {'id': 5777550595, 'qualifierId': 212, 'value': '14.2'}, {'id': 5777550597, 'qualifierId': 213, 'value': '2.25'}, {'id': 5777550589, 'qualifierId': 56, 'value': 'Right'}, {'id': 5777550593, 'qualifierId': 141, 'value': '20.7'}]",8v62hppzsz2yonw60h9910iga,J. Bike,,,Chicago Stars,Away
2823786139,516,1,2,54,56,dzxypx8djih58p668surbi4qm,1,57.8,20.7,2025-06-22T03:18:12.176Z,2025-06-22T03:18:13Z,"[{'id': 5777550617, 'qualifierId': 213, 'value': '2.12'}, {'id': 5777550611, 'qualifierId': 140, 'value': '53.3'}, {'id': 5777550615, 'qualifierId': 212, 'value': '9.1'}, {'id': 5777550613, 'qualifierId': 141, 'value': '32.1'}, {'id': 5777550609, 'qualifierId': 56, 'value': 'Center'}]",6alny8atonddyhmltw3dgo1d5,J. Grosso,,,Chicago Stars,Away
2823786159,517,1,2,54,58,dzxypx8djih58p668surbi4qm,1,53.9,34.2,2025-06-22T03:18:14.736Z,2025-06-22T03:18:22Z,"[{'id': 5777550723, 'qualifierId': 141, 'value': '78.8'}, {'id': 5777550719, 'qualifierId': 56, 'value': 'Center'}, {'id': 5777550727, 'qualifierId': 213, 'value': '1.36'}, {'id': 5777550721, 'qualifierId': 140, 'value': '60.2'}, {'id': 5777550725, 'qualifierId': 212, 'value': '31.0'}]",56jjwfa02gep01vggqojvfbe2,M. Hayashi,,,Chicago Stars,Away
2823786163,518,1,2,55,6,dzxypx8djih58p668surbi4qm,0,91.0,79.0,2025-06-22T03:18:22.161Z,2025-06-22T03:18:23Z,"[{'id': 5777550747, 'qualifierId': 56, 'value': 'Center'}, {'id': 5777550753, 'qualifierId': 212, 'value': '18.3'}, {'id': 5777550755, 'qualifierId': 213, 'value': '5.06'}, {'id': 5777550751, 'qualifierId': 141, 'value': '53.6'}, {'id': 5777550749, 'qualifierId': 140, 'value': '96.9'}, {'id': 5777550745, 'qualifierId': 155}, {'id': 5777550743, 'qualifierId': 2}]",4tnm3hxzav142ow867jwcozkk,T. Malham,,,Chicago Stars,Away
2823786165,531,52,2,55,7,446mp88j1vpk9iwui9fiifrp8,1,2.4,47.2,2025-06-22T03:18:23.927Z,2025-06-22T03:18:23Z,[],1yva0f096q2oqk5gz59utr42y,B. Bixby,,,Portland Thorns,Home
2823786197,532,1,2,55,26,446mp88j1vpk9iwui9fiifrp8,1,7.3,48.7,2025-06-22T03:18:42.263Z,2025-06-22T03:18:47Z,"[{'id': 5777550907, 'qualifierId': 212, 'value': '20.9'}, {'id': 5777550909, 'qualifierId': 213, 'value': '5.62'}, {'id': 5777550899, 'qualifierId': 123}, {'id': 5777550905, 'qualifierId': 141, 'value': '29.7'}, {'id': 5777550901, 'qualifierId': 56, 'value': 'Back'}, {'id': 5777550903, 'qualifierId': 140, 'value': '22.9'}]",1yva0f096q2oqk5gz59utr42y,B. Bixby,,,Portland Thorns,Home
2823786201,533,1,2,55,31,446mp88j1vpk9iwui9fiifrp8,1,24.5,28.0,2025-06-22T03:18:47.143Z,2025-06-22T03:18:48Z,"[{'id': 5777550921, 'qualifierId': 141, 'value': '13.5'}, {'id': 5777550925, 'qualifierId': 213, 'value': '5.35'}, {'id': 5777550917, 'qualifierId': 56, 'value': 'Back'}, {'id': 5777550923, 'qualifierId': 212, 'value': '12.2'}, {'id': 5777550919, 'qualifierId': 140, 'value': '31.4'}]",74uudh34v23m2z9gy5tdppxey,S. Hiatt,,,Portland Thorns,Home
2823786203,534,43,2,55,32,446mp88j1vpk9iwui9fiifrp8,1,0.0,0.0,2025-06-22T03:18:48.518Z,2025-06-22T03:21:52Z,"[{'id': 5777550929, 'qualifierId': 56, 'value': 'Back'}, {'id': 5777550937, 'qualifierId': 213, 'value': '0.92'}, {'id': 5777550933, 'qualifierId': 141, 'value': '22.8'}, {'id': 5777550931, 'qualifierId': 140, 'value': '36.0'}, {'id': 5777550935, 'qualifierId': 212, 'value': '8.0'}, {'id': 5777553251, 'qualifierId': 144, 'value': '1'}]",7in4ykzbs8p44qy4jrb10p0wl,H. Sugita,,,Portland Thorns,Home
2823786209,535,1,2,55,33,446mp88j1vpk9iwui9fiifrp8,0,36.0,22.8,2025-06-22T03:18:49.447Z,2025-06-22T03:21:59Z,"[{'id': 5777550959, 'qualifierId': 56, 'value': 'Back'}, {'id': 5777550963, 'qualifierId': 141, 'value': '28.0'}, {'id': 5777550961, 'qualifierId': 140, 'value': '48.7'}, {'id': 5777550965, 'qualifierId': 212, 'value': '13.8'}, {'id': 5777550967, 'qualifierId': 213, 'value': '0.26'}]",cmolam8ri93kos2rasjhnuxyi,S. Coffey,,,Portland Thorns,Home
2823786235,519,1,2,55,37,dzxypx8djih58p668surbi4qm,1,42.2,73.2,2025-06-22T03:18:53.936Z,2025-06-22T03:22:16Z,"[{'id': 5777551069, 'qualifierId': 56, 'value': 'Center'}, {'id': 5777551073, 'qualifierId': 141, 'value': '63.8'}, {'id': 5777551071, 'qualifierId': 140, 'value': '56.8'}, {'id': 5777551075, 'qualifierId': 212, 'value': '16.6'}, {'id': 5777551077, 'qualifierId': 213, 'value': '5.89'}]",11u4dj0z0p616zx9gsnil66ay,S. Staab,,,Chicago Stars,Away
2823786239,520,43,2,55,39,dzxypx8djih58p668surbi4qm,1,0.0,0.0,2025-06-22T03:18:55.899Z,2025-06-22T03:18:58Z,"[{'id': 5777551123, 'qualifierId': 144, 'value': '61'}, {'id': 5777551093, 'qualifierId': 56, 'value': 'Center'}]",daze51b5849zsk2aqvgmkkbth,Maitane López,,,Chicago Stars,Away
2823786273,537,83,2,55,40,446mp88j1vpk9iwui9fiifrp8,0,38.4,35.7,2025-06-22T03:18:56.239Z,2025-06-22T03:20:41Z,"[{'id': 5777551379, 'qualifierId': 399, 'value': '8v62hppzsz2yonw60h9910iga'}]",7in4ykzbs8p44qy4jrb10p0wl,H. Sugita,,,Portland Thorns,Home
2823786243,521,4,2,55,42,dzxypx8djih58p668surbi4qm,1,56.0,66.2,2025-06-22T03:18:58.231Z,2025-06-22T03:22:30Z,"[{'id': 5777551133, 'qualifierId': 286}, {'id': 5777551125, 'qualifierId': 13}, {'id': 5777551131, 'qualifierId': 265}, {'id': 5777551135, 'qualifierId': 233, 'value': '536'}, {'id': 5777551127, 'qualifierId': 56, 'value': 'Center'}, {'id': 5777551129, 'qualifierId': 152}]",8v62hppzsz2yonw60h9910iga,J. Bike,,,Chicago Stars,Away
2823786241,536,4,2,55,42,446mp88j1vpk9iwui9fiifrp8,0,44.0,33.8,2025-06-22T03:18:58.232Z,2025-06-22T03:19:03Z,"[{'id': 5777551113, 'qualifierId': 13}, {'id': 5777551115, 'qualifierId': 56, 'value': 'Back'}, {'id': 5777551119, 'qualifierId': 265}, {'id': 5777551143, 'qualifierId': 233, 'value': '521'}, {'id': 5777551121, 'qualifierId': 285}, {'id': 5777551117, 'qualifierId': 152}]",cmolam8ri93kos2rasjhnuxyi,S. Coffey,,,Portland Thorns,Home
2823786247,522,1,2,55,45,dzxypx8djih58p668surbi4qm,1,57.8,59.5,2025-06-22T03:19:01.393Z,2025-06-22T03:24:11Z,"[{'id': 5777554085, 'qualifierId': 56, 'value': 'Center'}, {'id': 5777554095, 'qualifierId': 1}, {'id': 5777554807, 'qualifierId': 5}, {'id': 5777554091, 'qualifierId': 212, 'value': '34.5'}, {'id': 5777554093, 'qualifierId': 213, 'value': '5.89'}, {'id': 5777554809, 'qualifierId': 152}, {'id': 5777554083, 'qualifierId': 155}, {'id': 5777554087, 'qualifierId': 140, 'value': '88.2'}, {'id': 5777554089, 'qualifierId': 141, 'value': '40.1'}]",11u4dj0z0p616zx9gsnil66ay,S. Staab,,,Chicago Stars,Away
2823786309,525,43,2,56,5,dzxypx8djih58p668surbi4qm,1,0.0,0.0,2025-06-22T03:19:21.505Z,2025-06-22T03:23:59Z,"[{'id': 5777551527, 'qualifierId': 213, 'value': '5.93'}, {'id': 5777551529, 'qualifierId': 1, 'value': '0'}, {'id': 5777551525, 'qualifierId': 212, 'value': '34.1'}, {'id': 5777551517, 'qualifierId': 155, 'value': '0'}, {'id': 5777551521, 'qualifierId': 140, 'value': '89.5'}, {'id': 5777551523, 'qualifierId': 141, 'value': '40.0'}, {'id': 5777554741, 'qualifierId': 144, 'value': '1'}, {'id': 5777551519, 'qualifierId': 56, 'value': 'Center'}]",11u4dj0z0p616zx9gsnil66ay,S. Staab,,,Chicago Stars,Away
2823786311,526,44,2,56,7,dzxypx8djih58p668surbi4qm,1,87.8,40.6,2025-06-22T03:19:23.415Z,2025-06-22T03:19:25Z,"[{'id': 5777551535, 'qualifierId': 56, 'value': 'Center'}, {'id': 5777551551, 'qualifierId': 233, 'value': '538'}, {'id': 5777551537, 'qualifierId': 286}]",6e7scc2z7henelebs853mc844,A. Schlegel,,,Chicago Stars,Away
2823786307,538,44,2,56,7,446mp88j1vpk9iwui9fiifrp8,0,12.2,59.4,2025-06-22T03:19:23.416Z,2025-06-22T03:19:56Z,"[{'id': 5777551555, 'qualifierId': 233, 'value': '526'}, {'id': 5777551509, 'qualifierId': 56, 'value': 'Back'}, {'id': 5777551511, 'qualifierId': 285}]",8oj7cqgjacle67i49w4a3gx6,I. Obaze,,,Portland Thorns,Home
2823786317,527,1,2,56,7,dzxypx8djih58p668surbi4qm,0,89.5,40.0,2025-06-22T03:19:23.753Z,2025-06-22T03:24:32Z,"[{'id': 5777551565, 'qualifierId': 56, 'value': 'Center'}, {'id': 5777551561, 'qualifierId': 3}, {'id': 5777551563, 'qualifierId': 168}, {'id': 5777551571, 'qualifierId': 212, 'value': '7.7'}, {'id': 5777551567, 'qualifierId': 140, 'value': '92.2'}, {'id': 5777551573, 'qualifierId': 213, 'value': '5.09'}, {'id': 5777551569, 'qualifierId': 141, 'value': '29.4'}]",6e7scc2z7henelebs853mc844,A. Schlegel,,,Chicago Stars,Away
2823786315,539,61,2,56,8,446mp88j1vpk9iwui9fiifrp8,0,11.6,61.8,2025-06-22T03:19:24.903Z,2025-06-22T03:19:24Z,"[{'id': 5777551559, 'qualifierId': 56, 'value': 'Back'}]",5b2dire687lp3dasdj2z3n0q2,R. Turner,,,Portland Thorns,Home
2823786337,528,15,2,56,11,dzxypx8djih58p668surbi4qm,1,90.2,39.3,2025-06-22T03:19:27.679Z,2025-06-22T03:24:34Z,"[{'id': 5777554995, 'qualifierId': 24}, {'id': 5777551995, 'qualifierId': 102, 'value': '52.0'}, {'id': 5777554999, 'qualifierId': 17}, {'id': 5777552005, 'qualifierId': 233, 'value': '540'}, {'id': 5777551999, 'qualifierId': 146, 'value': '99.3'}, {'id': 5777552001, 'qualifierId': 147, 'value': '47.3'}, {'id': 5777555003, 'qualifierId': 458}, {'id': 5777551657, 'qualifierId': 56, 'value': 'Center'}, {'id': 5777555001, 'qualifierId': 76}, {'id': 5777551989, 'qualifierId': 133}, {'id': 5777554997, 'qualifierId': 72}, {'id': 5777551997, 'qualifierId': 103, 'value': '8.9'}]",v0k2w41tlj0elpj7nrw68onp,N. Kuikka,,,Chicago Stars,Away
2823786329,540,10,2,56,11,446mp88j1vpk9iwui9fiifrp8,1,0.9,48.8,2025-06-22T03:19:27.779Z,2025-06-22T03:19:53Z,"[{'id': 5777551649, 'qualifierId': 179}, {'id': 5777551625, 'qualifierId': 182}, {'id': 5777552023, 'qualifierId': 233, 'value': '528'}, {'id': 5777551627, 'qualifierId': 56, 'value': 'Back'}, {'id': 5777551647, 'qualifierId': 177}]",1yva0f096q2oqk5gz59utr42y,B. Bixby,,,Portland Thorns,Home
2823786335,541,52,2,56,12,446mp88j1vpk9iwui9fiifrp8,1,0.9,48.8,2025-06-22T03:19:28.449Z,2025-06-22T03:19:30Z,[],1yva0f096q2oqk5gz59utr42y,B. Bixby,,,Portland Thorns,Home
2823786383,542,1,2,56,32,446mp88j1vpk9iwui9fiifrp8,1,10.3,52.7,2025-06-22T03:19:48.232Z,2025-06-22T03:19:50Z,"[{'id': 5777551947, 'qualifierId': 213, 'value': '5.12'}, {'id': 5777551939, 'qualifierId': 56, 'value': 'Back'}, {'id': 5777551941, 'qualifierId': 140, 'value': '19.5'}, {'id': 5777551945, 'qualifierId': 212, 'value': '24.6'}, {'id': 5777551937, 'qualifierId': 123}, {'id': 5777551943, 'qualifierId': 141, 'value': '19.5'}]",1yva0f096q2oqk5gz59utr42y,B. Bixby,,,Portland Thorns,Home
2823786387,543,1,2,56,34,446mp88j1vpk9iwui9fiifrp8,1,21.1,15.3,2025-06-22T03:19:50.279Z,2025-06-22T03:19:51Z,"[{'id': 5777551973, 'qualifierId': 212, 'value': '14.2'}, {'id': 5777551969, 'qualifierId': 140, 'value': '32.7'}, {'id': 5777551975, 'qualifierId': 213, 'value': '5.74'}, {'id': 5777551971, 'qualifierId': 141, 'value': '4.6'}, {'id': 5777551967, 'qualifierId': 56, 'value': 'Back'}]",74uudh34v23m2z9gy5tdppxey,S. Hiatt,,,Portland Thorns,Home
2823786393,544,1,2,56,35,446mp88j1vpk9iwui9fiifrp8,1,32.7,4.6,2025-06-22T03:19:51.127Z,2025-06-22T03:19:54Z,"[{'id': 5777552047, 'qualifierId': 212, 'value': '3.9'}, {'id': 5777552045, 'qualifierId': 141, 'value': '9.2'}, {'id': 5777552041, 'qualifierId': 56, 'value': 'Back'}, {'id': 5777552049, 'qualifierId': 213, 'value': '2.21'}, {'id': 5777552043, 'qualifierId': 140, 'value': '30.5'}]",7whcppsae8rxxj20zaxpx1wq1,K. Torpey,,,Portland Thorns,Home
2823786395,545,1,2,56,38,446mp88j1vpk9iwui9fiifrp8,0,27.2,3.8,2025-06-22T03:19:54.919Z,2025-06-22T03:19:55Z,"[{'id': 5777552053, 'qualifierId': 56, 'value': 'Back'}, {'id': 5777552059, 'qualifierId': 212, 'value': '6.2'}, {'id': 5777552061, 'qualifierId': 213, 'value': '5.73'}, {'id': 5777552055, 'qualifierId': 140, 'value': '32.2'}, {'id': 5777552057, 'qualifierId': 141, 'value': '0.0'}]",7in4ykzbs8p44qy4jrb10p0wl,H. Sugita,,,Portland Thorns,Home
2823786403,529,5,2,56,39,dzxypx8djih58p668surbi4qm,1,67.8,101.4,2025-06-22T03:19:55.490Z,2025-06-22T03:58:50Z,"[{'id': 5777552097, 'qualifierId': 56, 'value': 'Left'}, {'id': 5777552101, 'qualifierId': 233, 'value': '546'}, {'id': 5777552099, 'qualifierId': 347}]",v0k2w41tlj0elpj7nrw68onp,N. Kuikka,,,Chicago Stars,Away
2823786397,546,5,2,56,39,446mp88j1vpk9iwui9fiifrp8,0,32.2,-1.4,2025-06-22T03:19:55.490Z,2025-06-22T03:20:01Z,"[{'id': 5777552065, 'qualifierId': 347}, {'id': 5777552107, 'qualifierId': 233, 'value': '529'}, {'id': 5777552063, 'qualifierId': 56, 'value': 'Back'}]",7in4ykzbs8p44qy4jrb10p0wl,H. Sugita,,,Portland Thorns,Home
2823786407,530,1,2,56,46,dzxypx8djih58p668surbi4qm,1,64.3,100.0,2025-06-22T03:20:02.609Z,2025-06-22T03:20:04Z,"[{'id': 5777552123, 'qualifierId': 56, 'value': 'Left'}, {'id': 5777552129, 'qualifierId': 212, 'value': '12.4'}, {'id': 5777552131, 'qualifierId': 213, 'value': '4.11'}, {'id': 5777552127, 'qualifierId': 141, 'value': '86.9'}, {'id': 5777552121, 'qualifierId': 107}, {'id': 5777552125, 'qualifierId': 140, 'value': '57.6'}]",4tnm3hxzav142ow867jwcozkk,T. Malham,,,Chicago Stars,Away
2823786409,531,1,2,56,47,dzxypx8djih58p668surbi4qm,1,57.6,86.9,2025-06-22T03:20:03.936Z,2025-06-22T03:20:04Z,"[{'id': 5777552139, 'qualifierId': 56, 'value': 'Left'}, {'id': 5777552147, 'qualifierId': 213, 'value': '0.08'}, {'id': 5777552145, 'qualifierId': 212, 'value': '10.4'}, {'id': 5777552141, 'qualifierId': 140, 'value': '67.5'}, {'id': 5777552143, 'qualifierId': 141, 'value': '88.1'}]",daze51b5849zsk2aqvgmkkbth,Maitane López,,,Chicago Stars,Away
2823786415,532,1,2,56,48,dzxypx8djih58p668surbi4qm,1,67.5,88.1,2025-06-22T03:20:04.608Z,2025-06-22T03:20:07Z,"[{'id': 5777552183, 'qualifierId': 212, 'value': '13.6'}, {'id': 5777552177, 'qualifierId': 56, 'value': 'Left'}, {'id': 5777552181, 'qualifierId': 141, 'value': '92.9'}, {'id': 5777552179, 'qualifierId': 140, 'value': '54.9'}, {'id': 5777552185, 'qualifierId': 213, 'value': '2.90'}]",6alny8atonddyhmltw3dgo1d5,J. Grosso,,,Chicago Stars,Away
2823786417,533,1,2,56,50,dzxypx8djih58p668surbi4qm,1,55.6,93.5,2025-06-22T03:20:06.928Z,2025-06-22T03:20:10Z,"[{'id': 5777552193, 'qualifierId': 56, 'value': 'Back'}, {'id': 5777552199, 'qualifierId': 212, 'value': '21.8'}, {'id': 5777552201, 'qualifierId': 213, 'value': '4.04'}, {'id': 5777552197, 'qualifierId': 141, 'value': '68.5'}, {'id': 5777552195, 'qualifierId': 140, 'value': '42.6'}]",4tnm3hxzav142ow867jwcozkk,T. Malham,,,Chicago Stars,Away
2823786421,534,1,2,56,54,dzxypx8djih58p668surbi4qm,1,42.6,68.5,2025-06-22T03:20:10.304Z,2025-06-22T03:20:12Z,"[{'id': 5777552235, 'qualifierId': 212, 'value': '16.4'}, {'id': 5777552231, 'qualifierId': 140, 'value': '36.5'}, {'id': 5777552229, 'qualifierId': 56, 'value': 'Back'}, {'id': 5777552237, 'qualifierId': 213, 'value': '4.31'}, {'id': 5777552233, 'qualifierId': 141, 'value': '46.3'}]",11u4dj0z0p616zx9gsnil66ay,S. Staab,,,Chicago Stars,Away
2823786425,535,1,2,56,56,dzxypx8djih58p668surbi4qm,1,30.2,48.7,2025-06-22T03:20:12.208Z,2025-06-22T03:20:15Z,"[{'id': 5777552259, 'qualifierId': 140, 'value': '14.6'}, {'id': 5777552263, 'qualifierId': 212, 'value': '16.4'}, {'id': 5777552265, 'qualifierId': 213, 'value': '3.12'}, {'id': 5777552261, 'qualifierId': 141, 'value': '49.3'}, {'id': 5777552257, 'qualifierId': 56, 'value': 'Back'}]",6zzk0lgja87zs45h8btgheled,C. Onwualu,,,Chicago Stars,Away
2823786427,536,1,2,56,59,dzxypx8djih58p668surbi4qm,0,14.6,49.3,2025-06-22T03:20:15.888Z,2025-06-22T03:20:18Z,"[{'id': 5777552273, 'qualifierId': 140, 'value': '43.7'}, {'id': 5777552269, 'qualifierId': 157}, {'id': 5777552271, 'qualifierId': 56, 'value': 'Back'}, {'id': 5777552275, 'qualifierId': 141, 'value': '87.4'}, {'id': 5777552279, 'qualifierId': 213, 'value': '0.70'}, {'id': 5777552281, 'qualifierId': 1}, {'id': 5777552277, 'qualifierId': 212, 'value': '40.1'}]",20qmwwdxbdp6ade3j9lssbvxm,H. Mackiewicz,,,Chicago Stars,Away
2823786429,547,1,2,57,3,446mp88j1vpk9iwui9fiifrp8,1,54.3,9.2,2025-06-22T03:20:19.431Z,2025-06-22T03:20:20Z,"[{'id': 5777552283, 'qualifierId': 56, 'value': 'Right'}, {'id': 5777552289, 'qualifierId': 212, 'value': '8.6'}, {'id': 5777552287, 'qualifierId': 141, 'value': '13.7'}, {'id': 5777552291, 'qualifierId': 213, 'value': '0.36'}, {'id': 5777552285, 'qualifierId': 140, 'value': '62.0'}]",7whcppsae8rxxj20zaxpx1wq1,K. Torpey,,,Portland Thorns,Home
2823786431,548,49,2,57,4,446mp88j1vpk9iwui9fiifrp8,1,62.2,13.7,2025-06-22T03:20:20.551Z,2025-06-22T03:20:20Z,[],7izc8t071mkrrgvptdjru467e,O. Moultrie,,,Portland Thorns,Home
2823786433,549,1,2,57,6,446mp88j1vpk9iwui9fiifrp8,0,62.3,41.8,2025-06-22T03:20:22.039Z,2025-06-22T03:20:23Z,"[{'id': 5777552295, 'qualifierId': 56, 'value': 'Center'}, {'id': 5777552301, 'qualifierId': 212, 'value': '5.3'}, {'id': 5777552297, 'qualifierId': 140, 'value': '67.2'}, {'id': 5777552303, 'qualifierId': 213, 'value': '0.25'}, {'id': 5777552299, 'qualifierId': 141, 'value': '43.7'}]",7izc8t071mkrrgvptdjru467e,O. Moultrie,,,Portland Thorns,Home
2823786443,537,8,2,57,9,dzxypx8djih58p668surbi4qm,1,25.9,46.4,2025-06-22T03:20:25.072Z,2025-06-22T03:20:25Z,"[{'id': 5777552353, 'qualifierId': 56, 'value': 'Back'}]",6zzk0lgja87zs45h8btgheled,C. Onwualu,,,Chicago Stars,Away
2823786447,538,49,2,57,11,dzxypx8djih58p668surbi4qm,1,23.2,44.2,2025-06-22T03:20:27.889Z,2025-06-22T03:20:27Z,[],56jjwfa02gep01vggqojvfbe2,M. Hayashi,,,Chicago Stars,Away
2823786451,539,1,2,57,12,dzxypx8djih58p668surbi4qm,1,23.2,44.2,2025-06-22T03:20:28.096Z,2025-06-22T03:20:29Z,"[{'id': 5777552385, 'qualifierId': 212, 'value': '14.0'}, {'id': 5777552381, 'qualifierId': 140, 'value': '10.1'}, {'id': 5777552379, 'qualifierId': 56, 'value': 'Back'}, {'id': 5777552387, 'qualifierId': 213, 'value': '3.33'}, {'id': 5777552383, 'qualifierId': 141, 'value': '40.4'}]",56jjwfa02gep01vggqojvfbe2,M. Hayashi,,,Chicago Stars,Away
2823786455,540,1,2,57,13,dzxypx8djih58p668surbi4qm,0,10.1,40.4,2025-06-22T03:20:29.473Z,2025-06-22T03:20:32Z,"[{'id': 5777552415, 'qualifierId': 157}, {'id': 5777552427, 'qualifierId': 1}, {'id': 5777552425, 'qualifierId': 213, 'value': '0.08'}, {'id': 5777552417, 'qualifierId': 56, 'value': 'Back'}, {'id': 5777552421, 'qualifierId': 141, 'value': '45.2'}, {'id': 5777552423, 'qualifierId': 212, 'value': '40.7'}, {'id': 5777552419, 'qualifierId': 140, 'value': '48.7'}]",20qmwwdxbdp6ade3j9lssbvxm,H. Mackiewicz,,,Chicago Stars,Away
2823786457,550,44,2,57,15,446mp88j1vpk9iwui9fiifrp8,1,53.5,56.0,2025-06-22T03:20:31.255Z,2025-06-22T04:01:14Z,"[{'id': 5777552433, 'qualifierId': 286}, {'id': 5777552463, 'qualifierId': 233, 'value': '541'}, {'id': 5777552431, 'qualifierId': 56, 'value': 'Center'}]",8oj7cqgjacle67i49w4a3gx6,I. Obaze,,,Portland Thorns,Home
2823786461,541,44,2,57,15,dzxypx8djih58p668surbi4qm,0,46.5,44.0,2025-06-22T03:20:31.256Z,2025-06-22T04:01:15Z,"[{'id': 5777552447, 'qualifierId': 56, 'value': 'Back'}, {'id': 5777552467, 'qualifierId': 233, 'value': '550'}, {'id': 5777552449, 'qualifierId': 285}]",6e7scc2z7henelebs853mc844,A. Schlegel,,,Chicago Stars,Away
2823786471,551,1,2,57,15,446mp88j1vpk9iwui9fiifrp8,1,57.1,58.1,2025-06-22T03:20:31.640Z,2025-06-22T03:20:35Z,"[{'id': 5777552499, 'qualifierId': 141, 'value': '63.6'}, {'id': 5777552493, 'qualifierId': 3}, {'id': 5777552503, 'qualifierId': 213, 'value': '0.41'}, {'id': 5777552497, 'qualifierId': 140, 'value': '65.4'}, {'id': 5777552501, 'qualifierId': 212, 'value': '9.5'}, {'id': 5777552495, 'qualifierId': 56, 'value': 'Center'}]",8oj7cqgjacle67i49w4a3gx6,I. Obaze,,,Portland Thorns,Home
2823786479,552,1,2,57,19,446mp88j1vpk9iwui9fiifrp8,1,62.0,70.2,2025-06-22T03:20:35.047Z,2025-06-22T03:20:36Z,"[{'id': 5777552535, 'qualifierId': 141, 'value': '80.0'}, {'id': 5777552531, 'qualifierId': 56, 'value': 'Back'}, {'id': 5777552537, 'qualifierId': 212, 'value': '15.6'}, {'id': 5777552539, 'qualifierId': 213, 'value': '2.70'}, {'id': 5777552533, 'qualifierId': 140, 'value': '48.6'}]",ek8x7y3jt0xcebttt75qi5exh,J. Fleming,,,Portland Thorns,Home
2823786483,553,49,2,57,20,446mp88j1vpk9iwui9fiifrp8,1,48.4,80.0,2025-06-22T03:20:36.409Z,2025-06-22T03:20:36Z,[],615vz7uoe3eiozddbe206io6h,R. Reyes,,,Portland Thorns,Home
2823786487,554,1,2,57,20,446mp88j1vpk9iwui9fiifrp8,1,45.7,79.6,2025-06-22T03:20:36.828Z,2025-06-22T03:20:40Z,"[{'id': 5777552573, 'qualifierId': 140, 'value': '33.7'}, {'id': 5777552575, 'qualifierId': 141, 'value': '60.9'}, {'id': 5777552571, 'qualifierId': 56, 'value': 'Back'}, {'id': 5777552579, 'qualifierId': 213, 'value': '3.93'}, {'id': 5777552577, 'qualifierId': 212, 'value': '17.9'}]",615vz7uoe3eiozddbe206io6h,R. Reyes,,,Portland Thorns,Home
2823786491,555,1,2,57,24,446mp88j1vpk9iwui9fiifrp8,1,35.8,58.8,2025-06-22T03:20:40.311Z,2025-06-22T03:20:42Z,"[{'id': 5777552591, 'qualifierId': 141, 'value': '32.8'}, {'id': 5777552587, 'qualifierId': 56, 'value': 'Back'}, {'id': 5777552595, 'qualifierId': 213, 'value': '4.63'}, {'id': 5777552593, 'qualifierId': 212, 'value': '17.7'}, {'id': 5777552589, 'qualifierId': 140, 'value': '34.4'}]",8oj7cqgjacle67i49w4a3gx6,I. Obaze,,,Portland Thorns,Home
2823786497,556,1,2,57,26,446mp88j1vpk9iwui9fiifrp8,1,36.0,33.6,2025-06-22T03:20:42.936Z,2025-06-22T03:20:45Z,"[{'id': 5777552631, 'qualifierId': 213, 'value': '6.21'}, {'id': 5777552629, 'qualifierId': 212, 'value': '23.7'}, {'id': 5777552623, 'qualifierId': 56, 'value': 'Center'}, {'id': 5777552625, 'qualifierId': 140, 'value': '58.5'}, {'id': 5777552627, 'qualifierId': 141, 'value': '31.0'}]",74uudh34v23m2z9gy5tdppxey,S. Hiatt,,,Portland Thorns,Home
2823786503,557,1,2,57,29,446mp88j1vpk9iwui9fiifrp8,1,58.5,31.0,2025-06-22T03:20:45.735Z,2025-06-22T03:20:48Z,"[{'id': 5777552663, 'qualifierId': 141, 'value': '4.9'}, {'id': 5777552659, 'qualifierId': 56, 'value': 'Right'}, {'id': 5777552665, 'qualifierId': 212, 'value': '20.8'}, {'id': 5777552661, 'qualifierId': 140, 'value': '68.9'}, {'id': 5777552667, 'qualifierId': 213, 'value': '5.26'}]",7in4ykzbs8p44qy4jrb10p0wl,H. Sugita,,,Portland Thorns,Home
2823786513,558,1,2,57,34,446mp88j1vpk9iwui9fiifrp8,0,70.4,6.1,2025-06-22T03:20:50.313Z,2025-06-22T03:20:51Z,"[{'id': 5777552711, 'qualifierId': 56, 'value': 'Center'}, {'id': 5777552715, 'qualifierId': 141, 'value': '56.7'}, {'id': 5777552717, 'qualifierId': 212, 'value': '35.3'}, {'id': 5777552721, 'qualifierId': 1}, {'id': 5777552709, 'qualifierId': 155}, {'id': 5777552713, 'qualifierId': 140, 'value': '78.1'}, {'id': 5777552719, 'qualifierId': 213, 'value': '1.34'}]",7whcppsae8rxxj20zaxpx1wq1,K. Torpey,,,Portland Thorns,Home
2823786517,542,49,2,57,36,dzxypx8djih58p668surbi4qm,1,25.1,46.0,2025-06-22T03:20:52.642Z,2025-06-22T03:20:52Z,[],v0k2w41tlj0elpj7nrw68onp,N. Kuikka,,,Chicago Stars,Away
2823786523,543,1,2,57,37,dzxypx8djih58p668surbi4qm,1,26.0,56.3,2025-06-22T03:20:53.907Z,2025-06-22T03:20:54Z,"[{'id': 5777552751, 'qualifierId': 1}, {'id': 5777552749, 'qualifierId': 213, 'value': '5.04'}, {'id': 5777552747, 'qualifierId': 212, 'value': '11.3'}, {'id': 5777552739, 'qualifierId': 157}, {'id': 5777552743, 'qualifierId': 140, 'value': '29.4'}, {'id': 5777552741, 'qualifierId': 56, 'value': 'Back'}, {'id': 5777552745, 'qualifierId': 141, 'value': '40.6'}]",v0k2w41tlj0elpj7nrw68onp,N. Kuikka,,,Chicago Stars,Away
2823786525,544,1,2,57,38,dzxypx8djih58p668surbi4qm,0,29.4,40.6,2025-06-22T03:20:54.912Z,2025-06-22T03:20:55Z,"[{'id': 5777552757, 'qualifierId': 56, 'value': 'Back'}, {'id': 5777552765, 'qualifierId': 213, 'value': '0.92'}, {'id': 5777552755, 'qualifierId': 3}, {'id': 5777552761, 'qualifierId': 141, 'value': '54.9'}, {'id': 5777552759, 'qualifierId': 140, 'value': '36.5'}, {'id': 5777552763, 'qualifierId': 212, 'value': '12.3'}]",8v62hppzsz2yonw60h9910iga,J. Bike,,,Chicago Stars,Away
2823786531,559,1,2,57,41,446mp88j1vpk9iwui9fiifrp8,1,68.0,43.4,2025-06-22T03:20:56.967Z,2025-06-22T03:21:00Z,"[{'id': 5777552801, 'qualifierId': 212, 'value': '21.5'}, {'id': 5777552799, 'qualifierId': 141, 'value': '49.4'}, {'id': 5777552797, 'qualifierId': 140, 'value': '47.9'}, {'id': 5777552803, 'qualifierId': 213, 'value': '2.95'}, {'id': 5777552795, 'qualifierId': 56, 'value': 'Back'}]",7in4ykzbs8p44qy4jrb10p0wl,H. Sugita,,,Portland Thorns,Home
2823786533,560,49,2,57,44,446mp88j1vpk9iwui9fiifrp8,1,46.7,48.4,2025-06-22T03:21:00.296Z,2025-06-22T03:25:25Z,[],74uudh34v23m2z9gy5tdppxey,S. Hiatt,,,Portland Thorns,Home
2823786537,561,1,2,57,44,446mp88j1vpk9iwui9fiifrp8,1,46.7,48.4,2025-06-22T03:21:00.519Z,2025-06-22T03:21:03Z,"[{'id': 5777552823, 'qualifierId': 140, 'value': '45.6'}, {'id': 5777552829, 'qualifierId': 213, 'value': '1.67'}, {'id': 5777552821, 'qualifierId': 56, 'value': 'Back'}, {'id': 5777552825, 'qualifierId': 141, 'value': '64.9'}, {'id': 5777552827, 'qualifierId': 212, 'value': '11.3'}]",74uudh34v23m2z9gy5tdppxey,S. Hiatt,,,Portland Thorns,Home
2823786539,562,1,2,57,47,446mp88j1vpk9iwui9fiifrp8,1,45.6,64.9,2025-06-22T03:21:03.175Z,2025-06-22T03:21:04Z,"[{'id': 5777552841, 'qualifierId': 213, 'value': '0.01'}, {'id': 5777552833, 'qualifierId': 56, 'value': 'Center'}, {'id': 5777552835, 'qualifierId': 140, 'value': '61.0'}, {'id': 5777552839, 'qualifierId': 212, 'value': '16.2'}, {'id': 5777552837, 'qualifierId': 141, 'value': '65.1'}]",8oj7cqgjacle67i49w4a3gx6,I. Obaze,,,Portland Thorns,Home
2823786541,563,1,2,57,48,446mp88j1vpk9iwui9fiifrp8,1,61.0,65.1,2025-06-22T03:21:04.855Z,2025-06-22T03:21:06Z,"[{'id': 5777552847, 'qualifierId': 140, 'value': '71.4'}, {'id': 5777552853, 'qualifierId': 213, 'value': '0.12'}, {'id': 5777552845, 'qualifierId': 56, 'value': 'Center'}, {'id': 5777552849, 'qualifierId': 141, 'value': '67.0'}, {'id': 5777552851, 'qualifierId': 212, 'value': '11.0'}]",cmolam8ri93kos2rasjhnuxyi,S. Coffey,,,Portland Thorns,Home
2823786543,564,1,2,57,50,446mp88j1vpk9iwui9fiifrp8,1,71.4,67.0,2025-06-22T03:21:06.023Z,2025-06-22T03:21:08Z,"[{'id': 5777552859, 'qualifierId': 140, 'value': '71.6'}, {'id': 5777552863, 'qualifierId': 212, 'value': '16.0'}, {'id': 5777552861, 'qualifierId': 141, 'value': '90.5'}, {'id': 5777552865, 'qualifierId': 213, 'value': '1.56'}, {'id': 5777552857, 'qualifierId': 56, 'value': 'Left'}]",ek8x7y3jt0xcebttt75qi5exh,J. Fleming,,,Portland Thorns,Home
2823786551,565,1,2,57,53,446mp88j1vpk9iwui9fiifrp8,1,78.0,95.3,2025-06-22T03:21:09.287Z,2025-06-22T03:21:14Z,"[{'id': 5777552917, 'qualifierId': 141, 'value': '87.8'}, {'id': 5777552921, 'qualifierId': 213, 'value': '3.64'}, {'id': 5777552915, 'qualifierId': 140, 'value': '69.1'}, {'id': 5777552913, 'qualifierId': 56, 'value': 'Left'}, {'id': 5777552919, 'qualifierId': 212, 'value': '10.6'}]",615vz7uoe3eiozddbe206io6h,R. Reyes,,,Portland Thorns,Home
2823786553,566,1,2,57,58,446mp88j1vpk9iwui9fiifrp8,1,65.6,82.7,2025-06-22T03:21:14.343Z,2025-06-22T03:21:16Z,"[{'id': 5777552933, 'qualifierId': 212, 'value': '14.8'}, {'id': 5777552935, 'qualifierId': 213, 'value': '2.67'}, {'id': 5777552931, 'qualifierId': 141, 'value': '92.6'}, {'id': 5777552927, 'qualifierId': 56, 'value': 'Left'}, {'id': 5777552929, 'qualifierId': 140, 'value': '53.0'}]",ek8x7y3jt0xcebttt75qi5exh,J. Fleming,,,Portland Thorns,Home
2823786559,567,1,2,58,0,446mp88j1vpk9iwui9fiifrp8,1,55.2,91.5,2025-06-22T03:21:16.407Z,2025-06-22T03:21:22Z,"[{'id': 5777552963, 'qualifierId': 56, 'value': 'Left'}, {'id': 5777552969, 'qualifierId': 212, 'value': '12.1'}, {'id': 5777552965, 'qualifierId': 140, 'value': '66.5'}, {'id': 5777552967, 'qualifierId': 141, 'value': '95.1'}, {'id': 5777552971, 'qualifierId': 213, 'value': '0.20'}]",8oj7cqgjacle67i49w4a3gx6,I. Obaze,,,Portland Thorns,Home
2823786563,568,1,2,58,6,446mp88j1vpk9iwui9fiifrp8,1,62.3,77.0,2025-06-22T03:21:22.151Z,2025-06-22T03:21:23Z,"[{'id': 5777552989, 'qualifierId': 140, 'value': '69.7'}, {'id': 5777552993, 'qualifierId': 212, 'value': '14.3'}, {'id': 5777552987, 'qualifierId': 56, 'value': 'Center'}, {'id': 5777552995, 'qualifierId': 213, 'value': '5.29'}, {'id': 5777552991, 'qualifierId': 141, 'value': '59.3'}]",615vz7uoe3eiozddbe206io6h,R. Reyes,,,Portland Thorns,Home
2823786571,569,1,2,58,7,446mp88j1vpk9iwui9fiifrp8,1,70.0,58.5,2025-06-22T03:21:23.767Z,2025-06-22T03:22:15Z,"[{'id': 5777553027, 'qualifierId': 212, 'value': '17.6'}, {'id': 5777553025, 'qualifierId': 141, 'value': '62.0'}, {'id': 5777553021, 'qualifierId': 56, 'value': 'Center'}, {'id': 5777553029, 'qualifierId': 213, 'value': '0.14'}, {'id': 5777553023, 'qualifierId': 140, 'value': '86.6'}, {'id': 5777553493, 'qualifierId': 218}]",7in4ykzbs8p44qy4jrb10p0wl,H. Sugita,,,Portland Thorns,Home
2823786591,570,1,2,58,10,446mp88j1vpk9iwui9fiifrp8,1,92.6,63.6,2025-06-22T03:21:26.359Z,2025-06-22T03:22:14Z,"[{'id': 5777553141, 'qualifierId': 212, 'value': '19.5'}, {'id': 5777553135, 'qualifierId': 56, 'value': 'Center'}, {'id': 5777553491, 'qualifierId': 22}, {'id': 5777553143, 'qualifierId': 213, 'value': '4.80'}, {'id': 5777553489, 'qualifierId': 154}, {'id': 5777553139, 'qualifierId': 141, 'value': '35.1'}, {'id': 5777553487, 'qualifierId': 210, 'value': '16'}, {'id': 5777553137, 'qualifierId': 140, 'value': '94.2'}]",cmolam8ri93kos2rasjhnuxyi,S. Coffey,,1.0,Portland Thorns,Home
2823786595,571,16,2,58,12,446mp88j1vpk9iwui9fiifrp8,1,95.4,39.5,2025-06-22T03:21:28.129Z,2025-06-22T03:22:15Z,"[{'id': 5777553297, 'qualifierId': 20}, {'id': 5777553497, 'qualifierId': 29}, {'id': 5777553307, 'qualifierId': 375, 'value': '58:11.661'}, {'id': 5777553515, 'qualifierId': 216, 'value': '569'}, {'id': 5777553507, 'qualifierId': 103, 'value': '29.1'}, {'id': 5777553499, 'qualifierId': 154}, {'id': 5777553299, 'qualifierId': 60}, {'id': 5777553513, 'qualifierId': 217}, {'id': 5777553501, 'qualifierId': 55, 'value': '570'}, {'id': 5777553155, 'qualifierId': 56, 'value': 'Center'}, {'id': 5777553509, 'qualifierId': 214}, {'id': 5777553511, 'qualifierId': 328}, {'id': 5777553519, 'qualifierId': 230, 'value': '99.4'}, {'id': 5777553303, 'qualifierId': 374, 'value': '2025-06-22 04:21:27.612'}, {'id': 5777553521, 'qualifierId': 231, 'value': '47.7'}, {'id': 5777553505, 'qualifierId': 102, 'value': '49.4'}, {'id': 5777553151, 'qualifierId': 22}, {'id': 5777553495, 'qualifierId': 79}]",2btfn8hbssn0dnszgyll1gopg,P. Tordin,,,Portland Thorns,Home
2823786685,545,1,2,59,17,dzxypx8djih58p668surbi4qm,1,49.8,50.0,2025-06-22T03:22:33.777Z,2025-06-22T03:22:35Z,"[{'id': 5777553707, 'qualifierId': 212, 'value': '13.5'}, {'id': 5777553709, 'qualifierId': 213, 'value': '2.03'}, {'id': 5777553705, 'qualifierId': 141, 'value': '67.8'}, {'id': 5777553701, 'qualifierId': 56, 'value': 'Back'}, {'id': 5777553715, 'qualifierId': 189}, {'id': 5777553711, 'qualifierId': 279, 'value': 'G'}, {'id': 5777553703, 'qualifierId': 140, 'value': '44.1'}]",6e7scc2z7henelebs853mc844,A. Schlegel,,,Chicago Stars,Away
2823786691,546,1,2,59,20,dzxypx8djih58p668surbi4qm,1,44.7,68.1,2025-06-22T03:22:36.240Z,2025-06-22T03:22:37Z,"[{'id': 5777553737, 'qualifierId': 141, 'value': '95.4'}, {'id': 5777553739, 'qualifierId': 212, 'value': '21.5'}, {'id': 5777553735, 'qualifierId': 140, 'value': '55.1'}, {'id': 5777553741, 'qualifierId': 213, 'value': '1.04'}, {'id': 5777553733, 'qualifierId': 56, 'value': 'Left'}]",daze51b5849zsk2aqvgmkkbth,Maitane López,,,Chicago Stars,Away
2823786703,547,1,2,59,21,dzxypx8djih58p668surbi4qm,1,52.3,96.3,2025-06-22T03:22:37.792Z,2025-06-22T03:22:44Z,"[{'id': 5777553797, 'qualifierId': 213, 'value': '3.72'}, {'id': 5777553791, 'qualifierId': 140, 'value': '33.9'}, {'id': 5777553795, 'qualifierId': 212, 'value': '23.0'}, {'id': 5777553793, 'qualifierId': 141, 'value': '77.9'}, {'id': 5777553789, 'qualifierId': 56, 'value': 'Back'}]",4tnm3hxzav142ow867jwcozkk,T. Malham,,,Chicago Stars,Away
2823786709,548,1,2,59,28,dzxypx8djih58p668surbi4qm,1,33.8,77.0,2025-06-22T03:22:44.513Z,2025-06-22T03:22:47Z,"[{'id': 5777553835, 'qualifierId': 213, 'value': '0.02'}, {'id': 5777553831, 'qualifierId': 141, 'value': '77.5'}, {'id': 5777553833, 'qualifierId': 212, 'value': '21.7'}, {'id': 5777553829, 'qualifierId': 140, 'value': '54.5'}, {'id': 5777553827, 'qualifierId': 56, 'value': 'Center'}, {'id': 5777553839, 'qualifierId': 189}]",11u4dj0z0p616zx9gsnil66ay,S. Staab,,,Chicago Stars,Away
2823786711,549,1,2,59,31,dzxypx8djih58p668surbi4qm,1,54.3,80.5,2025-06-22T03:22:47.569Z,2025-06-22T03:22:48Z,"[{'id': 5777553845, 'qualifierId': 141, 'value': '97.1'}, {'id': 5777553841, 'qualifierId': 56, 'value': 'Left'}, {'id': 5777553847, 'qualifierId': 212, 'value': '13.5'}, {'id': 5777553849, 'qualifierId': 213, 'value': '0.99'}, {'id': 5777553843, 'qualifierId': 140, 'value': '61.3'}]",6alny8atonddyhmltw3dgo1d5,J. Grosso,,,Chicago Stars,Away
2823786719,550,1,2,59,32,dzxypx8djih58p668surbi4qm,1,61.3,95.7,2025-06-22T03:22:48.544Z,2025-06-22T03:22:50Z,"[{'id': 5777553895, 'qualifierId': 141, 'value': '87.7'}, {'id': 5777553891, 'qualifierId': 56, 'value': 'Left'}, {'id': 5777553893, 'qualifierId': 140, 'value': '65.5'}, {'id': 5777553897, 'qualifierId': 212, 'value': '7.0'}, {'id': 5777553899, 'qualifierId': 213, 'value': '5.39'}]",4tnm3hxzav142ow867jwcozkk,T. Malham,,,Chicago Stars,Away
2823786725,551,1,2,59,34,dzxypx8djih58p668surbi4qm,1,65.5,87.7,2025-06-22T03:22:50.209Z,2025-06-22T03:22:51Z,"[{'id': 5777553927, 'qualifierId': 56, 'value': 'Left'}, {'id': 5777553929, 'qualifierId': 140, 'value': '69.0'}, {'id': 5777553933, 'qualifierId': 212, 'value': '6.5'}, {'id': 5777553935, 'qualifierId': 213, 'value': '0.97'}, {'id': 5777553931, 'qualifierId': 141, 'value': '95.6'}]",19udx179xugqp84qo9rsq0nhl,S. Groom,,,Chicago Stars,Away
2823786729,552,1,2,59,35,dzxypx8djih58p668surbi4qm,1,69.0,95.6,2025-06-22T03:22:51.297Z,2025-06-22T03:22:56Z,"[{'id': 5777553955, 'qualifierId': 56, 'value': 'Center'}, {'id': 5777553961, 'qualifierId': 212, 'value': '29.8'}, {'id': 5777553957, 'qualifierId': 140, 'value': '94.2'}, {'id': 5777553959, 'qualifierId': 141, 'value': '75.3'}, {'id': 5777553963, 'qualifierId': 213, 'value': '5.80'}]",4tnm3hxzav142ow867jwcozkk,T. Malham,,,Chicago Stars,Away
2823786731,553,61,2,59,40,dzxypx8djih58p668surbi4qm,0,95.5,74.5,2025-06-22T03:22:56.049Z,2025-06-22T03:22:56Z,"[{'id': 5777553967, 'qualifierId': 56, 'value': 'Center'}]",6e7scc2z7henelebs853mc844,A. Schlegel,,,Chicago Stars,Away
2823786733,572,49,2,59,40,446mp88j1vpk9iwui9fiifrp8,1,4.2,29.2,2025-06-22T03:22:56.711Z,2025-06-22T03:22:56Z,[],8oj7cqgjacle67i49w4a3gx6,I. Obaze,,,Portland Thorns,Home
2823786743,573,1,2,59,43,446mp88j1vpk9iwui9fiifrp8,1,9.1,21.2,2025-06-22T03:22:59.210Z,2025-06-22T03:23:02Z,"[{'id': 5777554039, 'qualifierId': 140, 'value': '32.7'}, {'id': 5777554041, 'qualifierId': 141, 'value': '21.3'}, {'id': 5777554045, 'qualifierId': 213, 'value': '0.00'}, {'id': 5777554037, 'qualifierId': 56, 'value': 'Back'}, {'id': 5777554043, 'qualifierId': 212, 'value': '24.8'}, {'id': 5777554035, 'qualifierId': 155}]",8oj7cqgjacle67i49w4a3gx6,I. Obaze,,,Portland Thorns,Home
2823786759,574,1,2,59,46,446mp88j1vpk9iwui9fiifrp8,1,33.0,24.7,2025-06-22T03:23:02.520Z,2025-06-22T03:23:09Z,"[{'id': 5777554129, 'qualifierId': 141, 'value': '54.6'}, {'id': 5777554127, 'qualifierId': 140, 'value': '8.0'}, {'id': 5777554131, 'qualifierId': 212, 'value': '33.2'}, {'id': 5777554135, 'qualifierId': 1}, {'id': 5777554125, 'qualifierId': 56, 'value': 'Back'}, {'id': 5777554133, 'qualifierId': 213, 'value': '2.48'}]",7izc8t071mkrrgvptdjru467e,O. Moultrie,,,Portland Thorns,Home
2823786767,575,1,2,59,53,446mp88j1vpk9iwui9fiifrp8,1,15.4,58.7,2025-06-22T03:23:09.623Z,2025-06-22T03:23:12Z,"[{'id': 5777554183, 'qualifierId': 213, 'value': '1.38'}, {'id': 5777554175, 'qualifierId': 56, 'value': 'Back'}, {'id': 5777554177, 'qualifierId': 140, 'value': '19.1'}, {'id': 5777554181, 'qualifierId': 212, 'value': '20.2'}, {'id': 5777554179, 'qualifierId': 141, 'value': '87.8'}]",1yva0f096q2oqk5gz59utr42y,B. Bixby,,,Portland Thorns,Home
2823786769,576,1,2,59,56,446mp88j1vpk9iwui9fiifrp8,1,19.1,87.8,2025-06-22T03:23:12.039Z,2025-06-22T03:23:13Z,"[{'id': 5777554193, 'qualifierId': 212, 'value': '13.4'}, {'id': 5777554189, 'qualifierId': 140, 'value': '31.8'}, {'id': 5777554191, 'qualifierId': 141, 'value': '85.4'}, {'id': 5777554187, 'qualifierId': 56, 'value': 'Back'}, {'id': 5777554195, 'qualifierId': 213, 'value': '6.16'}]",615vz7uoe3eiozddbe206io6h,R. Reyes,,,Portland Thorns,Home
2823786779,577,1,2,59,57,446mp88j1vpk9iwui9fiifrp8,1,32.1,85.3,2025-06-22T03:23:13.608Z,2025-06-22T03:23:16Z,"[{'id': 5777554259, 'qualifierId': 213, 'value': '6.20'}, {'id': 5777554257, 'qualifierId': 212, 'value': '15.5'}, {'id': 5777554253, 'qualifierId': 140, 'value': '46.8'}, {'id': 5777554255, 'qualifierId': 141, 'value': '83.3'}, {'id': 5777554251, 'qualifierId': 56, 'value': 'Back'}]",ek8x7y3jt0xcebttt75qi5exh,J. Fleming,,,Portland Thorns,Home
2823786785,578,3,2,60,0,446mp88j1vpk9iwui9fiifrp8,0,46.4,82.5,2025-06-22T03:23:16.120Z,2025-06-22T04:07:41Z,"[{'id': 5777554275, 'qualifierId': 286}, {'id': 5777554273, 'qualifierId': 56, 'value': 'Back'}, {'id': 5777554315, 'qualifierId': 233, 'value': '554'}]",5b2dire687lp3dasdj2z3n0q2,R. Turner,,,Portland Thorns,Home
2823786795,554,7,2,60,0,dzxypx8djih58p668surbi4qm,1,53.6,17.5,2025-06-22T03:23:16.121Z,2025-06-22T04:07:41Z,"[{'id': 5777554297, 'qualifierId': 285}, {'id': 5777554311, 'qualifierId': 233, 'value': '578'}, {'id': 5777554295, 'qualifierId': 56, 'value': 'Right'}]",56jjwfa02gep01vggqojvfbe2,M. Hayashi,,,Chicago Stars,Away
2823786801,555,1,2,60,2,dzxypx8djih58p668surbi4qm,1,38.3,23.6,2025-06-22T03:23:18.705Z,2025-06-22T03:23:20Z,"[{'id': 5777554339, 'qualifierId': 213, 'value': '5.67'}, {'id': 5777554333, 'qualifierId': 140, 'value': '55.1'}, {'id': 5777554337, 'qualifierId': 212, 'value': '21.6'}, {'id': 5777554335, 'qualifierId': 141, 'value': '5.2'}, {'id': 5777554331, 'qualifierId': 56, 'value': 'Right'}]",6zzk0lgja87zs45h8btgheled,C. Onwualu,,,Chicago Stars,Away
2823786803,556,49,2,60,4,dzxypx8djih58p668surbi4qm,1,55.1,5.2,2025-06-22T03:23:20.337Z,2025-06-22T03:23:20Z,[],8v62hppzsz2yonw60h9910iga,J. Bike,,,Chicago Stars,Away
2823786809,557,1,2,60,5,dzxypx8djih58p668surbi4qm,1,53.6,6.1,2025-06-22T03:23:20.961Z,2025-06-22T03:23:22Z,"[{'id': 5777554369, 'qualifierId': 140, 'value': '43.7'}, {'id': 5777554373, 'qualifierId': 212, 'value': '13.6'}, {'id': 5777554371, 'qualifierId': 141, 'value': '19.1'}, {'id': 5777554367, 'qualifierId': 56, 'value': 'Back'}, {'id': 5777554375, 'qualifierId': 213, 'value': '2.44'}]",8v62hppzsz2yonw60h9910iga,J. Bike,,,Chicago Stars,Away
2823786813,558,1,2,60,6,dzxypx8djih58p668surbi4qm,1,43.7,19.2,2025-06-22T03:23:22.515Z,2025-06-22T03:23:25Z,"[{'id': 5777554399, 'qualifierId': 141, 'value': '18.9'}, {'id': 5777554397, 'qualifierId': 140, 'value': '61.5'}, {'id': 5777554403, 'qualifierId': 213, 'value': '6.27'}, {'id': 5777554393, 'qualifierId': 155}, {'id': 5777554395, 'qualifierId': 56, 'value': 'Right'}, {'id': 5777554401, 'qualifierId': 212, 'value': '18.7'}]",56jjwfa02gep01vggqojvfbe2,M. Hayashi,,,Chicago Stars,Away
2823786819,559,1,2,60,9,dzxypx8djih58p668surbi4qm,1,62.9,26.8,2025-06-22T03:23:25.137Z,2025-06-22T03:23:27Z,"[{'id': 5777554435, 'qualifierId': 140, 'value': '66.5'}, {'id': 5777554433, 'qualifierId': 56, 'value': 'Center'}, {'id': 5777554441, 'qualifierId': 213, 'value': '1.18'}, {'id': 5777554437, 'qualifierId': 141, 'value': '40.4'}, {'id': 5777554439, 'qualifierId': 212, 'value': '10.0'}]",daze51b5849zsk2aqvgmkkbth,Maitane López,,,Chicago Stars,Away
2823786823,560,1,2,60,11,dzxypx8djih58p668surbi4qm,1,66.5,40.4,2025-06-22T03:23:27.025Z,2025-06-22T03:23:29Z,"[{'id': 5777554459, 'qualifierId': 140, 'value': '60.4'}, {'id': 5777554463, 'qualifierId': 212, 'value': '6.7'}, {'id': 5777554457, 'qualifierId': 56, 'value': 'Center'}, {'id': 5777554461, 'qualifierId': 141, 'value': '37.4'}, {'id': 5777554465, 'qualifierId': 213, 'value': '3.45'}]",6alny8atonddyhmltw3dgo1d5,J. Grosso,,,Chicago Stars,Away
2823786839,561,1,2,60,13,dzxypx8djih58p668surbi4qm,1,56.7,36.6,2025-06-22T03:23:29.873Z,2025-06-22T03:23:33Z,"[{'id': 5777554565, 'qualifierId': 213, 'value': '2.17'}, {'id': 5777554561, 'qualifierId': 141, 'value': '61.8'}, {'id': 5777554557, 'qualifierId': 56, 'value': 'Back'}, {'id': 5777554559, 'qualifierId': 140, 'value': '45.5'}, {'id': 5777554563, 'qualifierId': 212, 'value': '20.8'}]",daze51b5849zsk2aqvgmkkbth,Maitane López,,,Chicago Stars,Away
2823786841,562,1,2,60,17,dzxypx8djih58p668surbi4qm,1,59.0,69.1,2025-06-22T03:23:33.841Z,2025-06-22T03:23:37Z,"[{'id': 5777554581, 'qualifierId': 141, 'value': '85.3'}, {'id': 5777554579, 'qualifierId': 140, 'value': '70.1'}, {'id': 5777554585, 'qualifierId': 213, 'value': '0.76'}, {'id': 5777554577, 'qualifierId': 56, 'value': 'Left'}, {'id': 5777554583, 'qualifierId': 212, 'value': '16.0'}]",11u4dj0z0p616zx9gsnil66ay,S. Staab,,,Chicago Stars,Away
2823786853,563,1,2,60,21,dzxypx8djih58p668surbi4qm,1,75.3,87.7,2025-06-22T03:23:37.185Z,2025-06-22T03:23:44Z,"[{'id': 5777554667, 'qualifierId': 213, 'value': '0.54'}, {'id': 5777554661, 'qualifierId': 140, 'value': '84.9'}, {'id': 5777554665, 'qualifierId': 212, 'value': '11.7'}, {'id': 5777554663, 'qualifierId': 141, 'value': '96.5'}, {'id': 5777554659, 'qualifierId': 56, 'value': 'Left'}]",19udx179xugqp84qo9rsq0nhl,S. Groom,,,Chicago Stars,Away
2823786855,564,1,2,60,28,dzxypx8djih58p668surbi4qm,1,86.8,89.0,2025-06-22T03:23:44.065Z,2025-06-22T03:23:46Z,"[{'id': 5777554671, 'qualifierId': 56, 'value': 'Left'}, {'id': 5777554675, 'qualifierId': 141, 'value': '93.2'}, {'id': 5777554673, 'qualifierId': 140, 'value': '80.3'}, {'id': 5777554677, 'qualifierId': 212, 'value': '7.4'}, {'id': 5777554679, 'qualifierId': 213, 'value': '2.75'}]",4tnm3hxzav142ow867jwcozkk,T. Malham,,,Chicago Stars,Away
2823786857,565,1,2,60,30,dzxypx8djih58p668surbi4qm,1,77.2,92.0,2025-06-22T03:23:46.509Z,2025-06-22T03:23:50Z,"[{'id': 5777554709, 'qualifierId': 212, 'value': '5.4'}, {'id': 5777554703, 'qualifierId': 56, 'value': 'Left'}, {'id': 5777554705, 'qualifierId': 140, 'value': '79.2'}, {'id': 5777554707, 'qualifierId': 141, 'value': '84.7'}, {'id': 5777554711, 'qualifierId': 213, 'value': '5.11'}]",19udx179xugqp84qo9rsq0nhl,S. Groom,,,Chicago Stars,Away
2823786859,566,1,2,60,34,dzxypx8djih58p668surbi4qm,1,78.7,84.4,2025-06-22T03:23:50.657Z,2025-06-22T03:23:51Z,"[{'id': 5777554715, 'qualifierId': 56, 'value': 'Left'}, {'id': 5777554721, 'qualifierId': 212, 'value': '10.8'}, {'id': 5777554717, 'qualifierId': 140, 'value': '88.4'}, {'id': 5777554723, 'qualifierId': 213, 'value': '0.34'}, {'id': 5777554719, 'qualifierId': 141, 'value': '89.7'}]",4tnm3hxzav142ow867jwcozkk,T. Malham,,,Chicago Stars,Away
2823786861,567,1,2,60,35,dzxypx8djih58p668surbi4qm,1,88.4,89.7,2025-06-22T03:23:51.393Z,2025-06-22T03:28:10Z,"[{'id': 5777554729, 'qualifierId': 140, 'value': '88.0'}, {'id': 5777554727, 'qualifierId': 56, 'value': 'Left'}, {'id': 5777554731, 'qualifierId': 141, 'value': '82.0'}, {'id': 5777554735, 'qualifierId': 213, 'value': '4.63'}, {'id': 5777554733, 'qualifierId': 212, 'value': '5.3'}]",19udx179xugqp84qo9rsq0nhl,S. Groom,,,Chicago Stars,Away
2823786865,568,1,2,60,36,dzxypx8djih58p668surbi4qm,1,88.0,80.6,2025-06-22T03:23:52.081Z,2025-06-22T03:28:12Z,"[{'id': 5777554745, 'qualifierId': 140, 'value': '98.5'}, {'id': 5777554743, 'qualifierId': 56, 'value': 'Center'}, {'id': 5777554747, 'qualifierId': 141, 'value': '72.1'}, {'id': 5777554749, 'qualifierId': 212, 'value': '12.4'}, {'id': 5777554751, 'qualifierId': 213, 'value': '5.80'}]",6alny8atonddyhmltw3dgo1d5,J. Grosso,,,Chicago Stars,Away
2823786867,569,1,2,60,38,dzxypx8djih58p668surbi4qm,0,98.8,72.0,2025-06-22T03:23:54.699Z,2025-06-22T03:24:02Z,"[{'id': 5777554767, 'qualifierId': 213, 'value': '4.48'}, {'id': 5777554757, 'qualifierId': 155}, {'id': 5777554761, 'qualifierId': 140, 'value': '96.6'}, {'id': 5777554755, 'qualifierId': 2}, {'id': 5777554765, 'qualifierId': 212, 'value': '9.9'}, {'id': 5777554759, 'qualifierId': 56, 'value': 'Center'}, {'id': 5777554763, 'qualifierId': 141, 'value': '57.9'}]",19udx179xugqp84qo9rsq0nhl,S. Groom,,,Chicago Stars,Away
2823786863,579,52,2,60,39,446mp88j1vpk9iwui9fiifrp8,1,2.2,44.9,2025-06-22T03:23:55.655Z,2025-06-22T03:23:55Z,[],1yva0f096q2oqk5gz59utr42y,B. Bixby,,,Portland Thorns,Home
2823786869,580,1,2,60,47,446mp88j1vpk9iwui9fiifrp8,1,10.1,49.0,2025-06-22T03:24:03.256Z,2025-06-22T03:24:08Z,"[{'id': 5777554775, 'qualifierId': 140, 'value': '30.6'}, {'id': 5777554771, 'qualifierId': 123}, {'id': 5777554773, 'qualifierId': 56, 'value': 'Back'}, {'id': 5777554777, 'qualifierId': 141, 'value': '9.8'}, {'id': 5777554779, 'qualifierId': 212, 'value': '34.3'}, {'id': 5777554781, 'qualifierId': 213, 'value': '5.39'}, {'id': 5777554785, 'qualifierId': 287}, {'id': 5777554791, 'qualifierId': 1}]",1yva0f096q2oqk5gz59utr42y,B. Bixby,,,Portland Thorns,Home
2823786871,581,1,2,60,52,446mp88j1vpk9iwui9fiifrp8,1,43.9,21.2,2025-06-22T03:24:07.975Z,2025-06-22T03:24:09Z,"[{'id': 5777554797, 'qualifierId': 141, 'value': '42.8'}, {'id': 5777554795, 'qualifierId': 140, 'value': '52.1'}, {'id': 5777554793, 'qualifierId': 56, 'value': 'Center'}, {'id': 5777554801, 'qualifierId': 213, 'value': '1.04'}, {'id': 5777554799, 'qualifierId': 212, 'value': '17.0'}]",7whcppsae8rxxj20zaxpx1wq1,K. Torpey,,,Portland Thorns,Home
2823786873,582,1,2,60,53,446mp88j1vpk9iwui9fiifrp8,1,52.1,43.4,2025-06-22T03:24:09.479Z,2025-06-22T03:24:12Z,"[{'id': 5777554815, 'qualifierId': 140, 'value': '74.7'}, {'id': 5777554811, 'qualifierId': 155}, {'id': 5777554821, 'qualifierId': 213, 'value': '5.99'}, {'id': 5777554817, 'qualifierId': 141, 'value': '32.8'}, {'id': 5777554819, 'qualifierId': 212, 'value': '24.8'}, {'id': 5777554813, 'qualifierId': 56, 'value': 'Center'}]",7izc8t071mkrrgvptdjru467e,O. Moultrie,,,Portland Thorns,Home
2823786875,583,61,2,60,56,446mp88j1vpk9iwui9fiifrp8,0,75.3,32.5,2025-06-22T03:24:12.632Z,2025-06-22T03:24:12Z,"[{'id': 5777554825, 'qualifierId': 56, 'value': 'Center'}]",2btfn8hbssn0dnszgyll1gopg,P. Tordin,,,Portland Thorns,Home
2823786879,570,61,2,60,59,dzxypx8djih58p668surbi4qm,1,20.1,70.8,2025-06-22T03:24:15.063Z,2025-06-22T03:24:15Z,"[{'id': 5777554833, 'qualifierId': 56, 'value': 'Back'}]",4tnm3hxzav142ow867jwcozkk,T. Malham,,,Chicago Stars,Away
2823786883,571,12,2,61,0,dzxypx8djih58p668surbi4qm,1,17.7,44.8,2025-06-22T03:24:16.594Z,2025-06-22T03:24:17Z,"[{'id': 5777554861, 'qualifierId': 212, 'value': '40.1'}, {'id': 5777554855, 'qualifierId': 56, 'value': 'Back'}, {'id': 5777554871, 'qualifierId': 167}, {'id': 5777554857, 'qualifierId': 140, 'value': '27.1'}, {'id': 5777554863, 'qualifierId': 213, 'value': '1.32'}, {'id': 5777554859, 'qualifierId': 141, 'value': '100.0'}]",6zzk0lgja87zs45h8btgheled,C. Onwualu,,,Chicago Stars,Away
2823786885,572,5,2,61,1,dzxypx8djih58p668surbi4qm,0,27.0,102.0,2025-06-22T03:24:17.284Z,2025-06-22T03:24:19Z,"[{'id': 5777554909, 'qualifierId': 233, 'value': '584'}, {'id': 5777554867, 'qualifierId': 56, 'value': 'Back'}, {'id': 5777554869, 'qualifierId': 347}]",6zzk0lgja87zs45h8btgheled,C. Onwualu,,,Chicago Stars,Away
2823786889,584,5,2,61,1,446mp88j1vpk9iwui9fiifrp8,1,73.0,-2.0,2025-06-22T03:24:17.284Z,2025-06-22T03:58:50Z,"[{'id': 5777554879, 'qualifierId': 347}, {'id': 5777554877, 'qualifierId': 56, 'value': 'Right'}, {'id': 5777554899, 'qualifierId': 233, 'value': '572'}]",2btfn8hbssn0dnszgyll1gopg,P. Tordin,,,Portland Thorns,Home
2823786909,585,1,2,61,14,446mp88j1vpk9iwui9fiifrp8,1,70.9,0.0,2025-06-22T03:24:30.664Z,2025-06-22T03:24:33Z,"[{'id': 5777555005, 'qualifierId': 107}, {'id': 5777555015, 'qualifierId': 213, 'value': '0.87'}, {'id': 5777555007, 'qualifierId': 56, 'value': 'Right'}, {'id': 5777555011, 'qualifierId': 141, 'value': '11.4'}, {'id': 5777555013, 'qualifierId': 212, 'value': '11.8'}, {'id': 5777555009, 'qualifierId': 140, 'value': '78.1'}]",7whcppsae8rxxj20zaxpx1wq1,K. Torpey,,,Portland Thorns,Home
2823786913,586,1,2,61,17,446mp88j1vpk9iwui9fiifrp8,0,78.1,11.4,2025-06-22T03:24:33.064Z,2025-06-22T03:24:33Z,"[{'id': 5777555031, 'qualifierId': 56, 'value': 'Center'}, {'id': 5777555035, 'qualifierId': 141, 'value': '30.9'}, {'id': 5777555037, 'qualifierId': 212, 'value': '27.9'}, {'id': 5777555033, 'qualifierId': 140, 'value': '100.0'}, {'id': 5777555039, 'qualifierId': 213, 'value': '0.49'}]",7izc8t071mkrrgvptdjru467e,O. Moultrie,,,Portland Thorns,Home
2823786925,573,5,2,61,17,dzxypx8djih58p668surbi4qm,1,-1.2,70.7,2025-06-22T03:24:33.417Z,2025-06-22T03:58:50Z,"[{'id': 5777555139, 'qualifierId': 56, 'value': 'Back'}, {'id': 5777555141, 'qualifierId': 346}, {'id': 5777556335, 'qualifierId': 233, 'value': '587'}]",6zzk0lgja87zs45h8btgheled,C. Onwualu,,,Chicago Stars,Away
2823786939,587,5,2,61,17,446mp88j1vpk9iwui9fiifrp8,0,101.2,29.3,2025-06-22T03:24:33.417Z,2025-06-22T03:58:50Z,"[{'id': 5777555249, 'qualifierId': 56, 'value': 'Center'}, {'id': 5777555251, 'qualifierId': 346}, {'id': 5777556339, 'qualifierId': 233, 'value': '573'}]",7izc8t071mkrrgvptdjru467e,O. Moultrie,,,Portland Thorns,Home
2823786931,574,1,2,61,36,dzxypx8djih58p668surbi4qm,1,2.6,53.3,2025-06-22T03:24:52.225Z,2025-06-22T03:24:56Z,"[{'id': 5777555199, 'qualifierId': 141, 'value': '35.1'}, {'id': 5777555201, 'qualifierId': 212, 'value': '25.5'}, {'id': 5777555197, 'qualifierId': 140, 'value': '23.8'}, {'id': 5777555203, 'qualifierId': 213, 'value': '5.78'}, {'id': 5777555193, 'qualifierId': 124}, {'id': 5777555207, 'qualifierId': 237}, {'id': 5777555209, 'qualifierId': 189}, {'id': 5777555195, 'qualifierId': 56, 'value': 'Back'}]",20qmwwdxbdp6ade3j9lssbvxm,H. Mackiewicz,,,Chicago Stars,Away
2823786933,575,1,2,61,41,dzxypx8djih58p668surbi4qm,1,22.9,35.2,2025-06-22T03:24:57.042Z,2025-06-22T03:24:58Z,"[{'id': 5777555213, 'qualifierId': 56, 'value': 'Back'}, {'id': 5777555219, 'qualifierId': 212, 'value': '20.0'}, {'id': 5777555215, 'qualifierId': 140, 'value': '5.6'}, {'id': 5777555217, 'qualifierId': 141, 'value': '47.6'}, {'id': 5777555221, 'qualifierId': 213, 'value': '2.71'}]",56jjwfa02gep01vggqojvfbe2,M. Hayashi,,,Chicago Stars,Away
2823786937,576,1,2,61,42,dzxypx8djih58p668surbi4qm,1,5.6,47.6,2025-06-22T03:24:58.017Z,2025-06-22T03:24:59Z,"[{'id': 5777555243, 'qualifierId': 212, 'value': '22.1'}, {'id': 5777555237, 'qualifierId': 56, 'value': 'Back'}, {'id': 5777555241, 'qualifierId': 141, 'value': '78.4'}, {'id': 5777555245, 'qualifierId': 213, 'value': '1.24'}, {'id': 5777555239, 'qualifierId': 140, 'value': '12.4'}]",20qmwwdxbdp6ade3j9lssbvxm,H. Mackiewicz,,,Chicago Stars,Away
2823786941,577,1,2,61,43,dzxypx8djih58p668surbi4qm,0,12.4,78.4,2025-06-22T03:24:59.665Z,2025-06-22T03:25:02Z,"[{'id': 5777555263, 'qualifierId': 213, 'value': '5.97'}, {'id': 5777555253, 'qualifierId': 157}, {'id': 5777555255, 'qualifierId': 56, 'value': 'Back'}, {'id': 5777555261, 'qualifierId': 212, 'value': '32.7'}, {'id': 5777555265, 'qualifierId': 1}, {'id': 5777555259, 'qualifierId': 141, 'value': '63.6'}, {'id': 5777555257, 'qualifierId': 140, 'value': '42.0'}]",11u4dj0z0p616zx9gsnil66ay,S. Staab,,,Chicago Stars,Away
2823786943,588,44,2,61,45,446mp88j1vpk9iwui9fiifrp8,1,58.8,41.8,2025-06-22T03:25:01.400Z,2025-06-22T04:01:15Z,"[{'id': 5777555271, 'qualifierId': 286}, {'id': 5777555269, 'qualifierId': 56, 'value': 'Center'}, {'id': 5777555279, 'qualifierId': 233, 'value': '578'}]",74uudh34v23m2z9gy5tdppxey,S. Hiatt,,,Portland Thorns,Home
2823786945,578,44,2,61,45,dzxypx8djih58p668surbi4qm,0,41.2,58.2,2025-06-22T03:25:01.401Z,2025-06-22T04:01:15Z,"[{'id': 5777555277, 'qualifierId': 285}, {'id': 5777555275, 'qualifierId': 56, 'value': 'Back'}, {'id': 5777555283, 'qualifierId': 233, 'value': '588'}]",6alny8atonddyhmltw3dgo1d5,J. Grosso,,,Chicago Stars,Away
2823786949,589,1,2,61,45,446mp88j1vpk9iwui9fiifrp8,1,60.1,50.7,2025-06-22T03:25:01.595Z,2025-06-22T03:25:03Z,"[{'id': 5777555289, 'qualifierId': 3}, {'id': 5777555299, 'qualifierId': 213, 'value': '0.10'}, {'id': 5777555297, 'qualifierId': 212, 'value': '11.7'}, {'id': 5777555293, 'qualifierId': 140, 'value': '71.2'}, {'id': 5777555295, 'qualifierId': 141, 'value': '52.4'}, {'id': 5777555291, 'qualifierId': 56, 'value': 'Center'}]",74uudh34v23m2z9gy5tdppxey,S. Hiatt,,,Portland Thorns,Home
2823786953,590,61,2,61,47,446mp88j1vpk9iwui9fiifrp8,0,71.2,52.4,2025-06-22T03:25:02.952Z,2025-06-22T03:25:03Z,"[{'id': 5777555315, 'qualifierId': 56, 'value': 'Center'}]",ek8x7y3jt0xcebttt75qi5exh,J. Fleming,,,Portland Thorns,Home
2823786973,579,1,2,61,51,dzxypx8djih58p668surbi4qm,1,30.4,41.5,2025-06-22T03:25:06.993Z,2025-06-22T03:25:09Z,"[{'id': 5777555431, 'qualifierId': 212, 'value': '11.1'}, {'id': 5777555429, 'qualifierId': 141, 'value': '25.3'}, {'id': 5777555425, 'qualifierId': 56, 'value': 'Back'}, {'id': 5777555427, 'qualifierId': 140, 'value': '31.5'}, {'id': 5777555433, 'qualifierId': 213, 'value': '4.82'}]",56jjwfa02gep01vggqojvfbe2,M. Hayashi,,,Chicago Stars,Away
2823786975,580,1,2,61,53,dzxypx8djih58p668surbi4qm,0,31.5,25.3,2025-06-22T03:25:09.298Z,2025-06-22T03:28:16Z,"[{'id': 5777555445, 'qualifierId': 213, 'value': '0.14'}, {'id': 5777555441, 'qualifierId': 141, 'value': '31.3'}, {'id': 5777555439, 'qualifierId': 140, 'value': '59.0'}, {'id': 5777555437, 'qualifierId': 56, 'value': 'Center'}, {'id': 5777555443, 'qualifierId': 212, 'value': '29.2'}]",v0k2w41tlj0elpj7nrw68onp,N. Kuikka,,,Chicago Stars,Away
2823786979,591,12,2,61,54,446mp88j1vpk9iwui9fiifrp8,1,37.2,80.3,2025-06-22T03:25:10.568Z,2025-06-22T03:25:12Z,"[{'id': 5777555463, 'qualifierId': 140, 'value': '54.9'}, {'id': 5777555469, 'qualifierId': 213, 'value': '0.66'}, {'id': 5777555461, 'qualifierId': 56, 'value': 'Left'}, {'id': 5777555465, 'qualifierId': 141, 'value': '100.0'}, {'id': 5777555467, 'qualifierId': 212, 'value': '23.6'}, {'id': 5777555475, 'qualifierId': 167}]",8oj7cqgjacle67i49w4a3gx6,I. Obaze,,,Portland Thorns,Home
2823786989,581,5,2,61,55,dzxypx8djih58p668surbi4qm,1,45.1,-1.2,2025-06-22T03:25:11.419Z,2025-06-22T03:58:51Z,"[{'id': 5777555499, 'qualifierId': 347}, {'id': 5777555497, 'qualifierId': 56, 'value': 'Back'}, {'id': 5777555501, 'qualifierId': 233, 'value': '592'}]",v0k2w41tlj0elpj7nrw68onp,N. Kuikka,,,Chicago Stars,Away
2823786981,592,5,2,61,55,446mp88j1vpk9iwui9fiifrp8,0,54.9,101.2,2025-06-22T03:25:11.419Z,2025-06-22T03:25:15Z,"[{'id': 5777555521, 'qualifierId': 233, 'value': '581'}, {'id': 5777555473, 'qualifierId': 347}, {'id': 5777555471, 'qualifierId': 56, 'value': 'Left'}]",8oj7cqgjacle67i49w4a3gx6,I. Obaze,,,Portland Thorns,Home
2823787023,582,1,2,62,10,dzxypx8djih58p668surbi4qm,1,45.9,0.0,2025-06-22T03:25:26.945Z,2025-06-22T03:25:29Z,"[{'id': 5777555651, 'qualifierId': 107}, {'id': 5777555661, 'qualifierId': 213, 'value': '0.76'}, {'id': 5777555655, 'qualifierId': 140, 'value': '55.9'}, {'id': 5777555653, 'qualifierId': 56, 'value': 'Right'}, {'id': 5777555657, 'qualifierId': 141, 'value': '13.2'}, {'id': 5777555659, 'qualifierId': 212, 'value': '14.5'}]",v0k2w41tlj0elpj7nrw68onp,N. Kuikka,,,Chicago Stars,Away
2823787027,583,1,2,62,13,dzxypx8djih58p668surbi4qm,1,55.9,13.2,2025-06-22T03:25:29.538Z,2025-06-22T03:25:30Z,"[{'id': 5777555683, 'qualifierId': 56, 'value': 'Back'}, {'id': 5777555689, 'qualifierId': 212, 'value': '11.1'}, {'id': 5777555687, 'qualifierId': 141, 'value': '7.0'}, {'id': 5777555691, 'qualifierId': 213, 'value': '3.53'}, {'id': 5777555685, 'qualifierId': 140, 'value': '46.1'}]",8v62hppzsz2yonw60h9910iga,J. Bike,,,Chicago Stars,Away
2823787037,584,1,2,62,14,dzxypx8djih58p668surbi4qm,0,45.5,7.0,2025-06-22T03:25:30.788Z,2025-06-22T03:25:32Z,"[{'id': 5777555733, 'qualifierId': 140, 'value': '65.0'}, {'id': 5777555739, 'qualifierId': 213, 'value': '0.93'}, {'id': 5777555741, 'qualifierId': 1}, {'id': 5777555737, 'qualifierId': 212, 'value': '34.4'}, {'id': 5777555729, 'qualifierId': 155}, {'id': 5777555731, 'qualifierId': 56, 'value': 'Center'}, {'id': 5777555735, 'qualifierId': 141, 'value': '47.6'}]",v0k2w41tlj0elpj7nrw68onp,N. Kuikka,,,Chicago Stars,Away
2823787047,593,1,2,62,19,446mp88j1vpk9iwui9fiifrp8,0,30.2,32.7,2025-06-22T03:25:35.818Z,2025-06-22T03:25:36Z,"[{'id': 5777555793, 'qualifierId': 157}, {'id': 5777555795, 'qualifierId': 56, 'value': 'Center'}, {'id': 5777555801, 'qualifierId': 212, 'value': '30.0'}, {'id': 5777555799, 'qualifierId': 141, 'value': '30.7'}, {'id': 5777555805, 'qualifierId': 1}, {'id': 5777555797, 'qualifierId': 140, 'value': '58.7'}, {'id': 5777555803, 'qualifierId': 213, 'value': '6.24'}]",7whcppsae8rxxj20zaxpx1wq1,K. Torpey,,,Portland Thorns,Home
2823787055,585,1,2,62,21,dzxypx8djih58p668surbi4qm,1,38.4,59.7,2025-06-22T03:25:37.490Z,2025-06-22T03:25:39Z,"[{'id': 5777555857, 'qualifierId': 213, 'value': '0.67'}, {'id': 5777555849, 'qualifierId': 56, 'value': 'Left'}, {'id': 5777555851, 'qualifierId': 140, 'value': '56.6'}, {'id': 5777555855, 'qualifierId': 212, 'value': '24.3'}, {'id': 5777555853, 'qualifierId': 141, 'value': '81.8'}]",11u4dj0z0p616zx9gsnil66ay,S. Staab,,,Chicago Stars,Away
2823787057,586,1,2,62,23,dzxypx8djih58p668surbi4qm,1,56.5,84.1,2025-06-22T03:25:39.601Z,2025-06-22T03:25:43Z,"[{'id': 5777555867, 'qualifierId': 56, 'value': 'Center'}, {'id': 5777555871, 'qualifierId': 141, 'value': '68.4'}, {'id': 5777555875, 'qualifierId': 213, 'value': '4.52'}, {'id': 5777555869, 'qualifierId': 140, 'value': '54.5'}, {'id': 5777555873, 'qualifierId': 212, 'value': '10.9'}]",4tnm3hxzav142ow867jwcozkk,T. Malham,,,Chicago Stars,Away
2823787061,587,1,2,62,27,dzxypx8djih58p668surbi4qm,1,54.5,66.6,2025-06-22T03:25:43.057Z,2025-06-22T03:25:46Z,"[{'id': 5777555901, 'qualifierId': 212, 'value': '18.8'}, {'id': 5777555897, 'qualifierId': 140, 'value': '37.7'}, {'id': 5777555895, 'qualifierId': 56, 'value': 'Back'}, {'id': 5777555899, 'qualifierId': 141, 'value': '76.0'}, {'id': 5777555903, 'qualifierId': 213, 'value': '2.79'}]",daze51b5849zsk2aqvgmkkbth,Maitane López,,,Chicago Stars,Away
2823787071,588,1,2,62,30,dzxypx8djih58p668surbi4qm,1,37.7,76.0,2025-06-22T03:25:46.705Z,2025-06-22T03:25:49Z,"[{'id': 5777555963, 'qualifierId': 140, 'value': '65.1'}, {'id': 5777555961, 'qualifierId': 56, 'value': 'Center'}, {'id': 5777555965, 'qualifierId': 141, 'value': '55.4'}, {'id': 5777555969, 'qualifierId': 213, 'value': '5.83'}, {'id': 5777555967, 'qualifierId': 212, 'value': '32.0'}]",11u4dj0z0p616zx9gsnil66ay,S. Staab,,,Chicago Stars,Away
2823787083,589,1,2,62,33,dzxypx8djih58p668surbi4qm,1,65.1,55.1,2025-06-22T03:25:49.393Z,2025-06-22T03:25:51Z,"[{'id': 5777556013, 'qualifierId': 56, 'value': 'Center'}, {'id': 5777556019, 'qualifierId': 212, 'value': '14.3'}, {'id': 5777556015, 'qualifierId': 140, 'value': '55.7'}, {'id': 5777556017, 'qualifierId': 141, 'value': '70.3'}, {'id': 5777556021, 'qualifierId': 213, 'value': '2.33'}]",6e7scc2z7henelebs853mc844,A. Schlegel,,,Chicago Stars,Away
2823787085,590,1,2,62,35,dzxypx8djih58p668surbi4qm,1,55.7,70.3,2025-06-22T03:25:51.618Z,2025-06-22T03:25:52Z,"[{'id': 5777556025, 'qualifierId': 56, 'value': 'Center'}, {'id': 5777556027, 'qualifierId': 140, 'value': '66.7'}, {'id': 5777556033, 'qualifierId': 213, 'value': '0.19'}, {'id': 5777556031, 'qualifierId': 212, 'value': '11.8'}, {'id': 5777556029, 'qualifierId': 141, 'value': '73.6'}]",daze51b5849zsk2aqvgmkkbth,Maitane López,,,Chicago Stars,Away
2823787091,591,1,2,62,36,dzxypx8djih58p668surbi4qm,1,66.8,73.6,2025-06-22T03:25:52.497Z,2025-06-22T03:25:54Z,"[{'id': 5777556069, 'qualifierId': 213, 'value': '2.99'}, {'id': 5777556073, 'qualifierId': 156}, {'id': 5777556067, 'qualifierId': 212, 'value': '8.3'}, {'id': 5777556063, 'qualifierId': 140, 'value': '59.0'}, {'id': 5777556065, 'qualifierId': 141, 'value': '75.4'}, {'id': 5777556061, 'qualifierId': 56, 'value': 'Center'}]",6alny8atonddyhmltw3dgo1d5,J. Grosso,,,Chicago Stars,Away
2823787103,592,1,2,62,38,dzxypx8djih58p668surbi4qm,1,59.0,75.4,2025-06-22T03:25:54.146Z,2025-06-22T03:25:58Z,"[{'id': 5777556115, 'qualifierId': 56, 'value': 'Left'}, {'id': 5777556117, 'qualifierId': 140, 'value': '71.1'}, {'id': 5777556121, 'qualifierId': 212, 'value': '17.1'}, {'id': 5777556119, 'qualifierId': 141, 'value': '92.3'}, {'id': 5777556123, 'qualifierId': 213, 'value': '0.74'}]",daze51b5849zsk2aqvgmkkbth,Maitane López,,,Chicago Stars,Away
2823787117,593,1,2,62,42,dzxypx8djih58p668surbi4qm,1,71.4,93.6,2025-06-22T03:25:57.984Z,2025-06-22T03:26:00Z,"[{'id': 5777556183, 'qualifierId': 140, 'value': '74.4'}, {'id': 5777556189, 'qualifierId': 213, 'value': '5.18'}, {'id': 5777556187, 'qualifierId': 212, 'value': '6.9'}, {'id': 5777556181, 'qualifierId': 56, 'value': 'Left'}, {'id': 5777556185, 'qualifierId': 141, 'value': '84.5'}]",4tnm3hxzav142ow867jwcozkk,T. Malham,,,Chicago Stars,Away
2823787123,594,1,2,62,44,dzxypx8djih58p668surbi4qm,1,72.9,87.5,2025-06-22T03:26:00.785Z,2025-06-22T03:26:02Z,"[{'id': 5777556213, 'qualifierId': 141, 'value': '94.4'}, {'id': 5777556209, 'qualifierId': 56, 'value': 'Left'}, {'id': 5777556217, 'qualifierId': 213, 'value': '2.45'}, {'id': 5777556211, 'qualifierId': 140, 'value': '67.5'}, {'id': 5777556215, 'qualifierId': 212, 'value': '7.4'}]",6alny8atonddyhmltw3dgo1d5,J. Grosso,,,Chicago Stars,Away
2823787133,595,1,2,62,46,dzxypx8djih58p668surbi4qm,1,67.5,94.4,2025-06-22T03:26:02.817Z,2025-06-22T03:26:06Z,"[{'id': 5777556277, 'qualifierId': 141, 'value': '78.1'}, {'id': 5777556281, 'qualifierId': 213, 'value': '3.80'}, {'id': 5777556279, 'qualifierId': 212, 'value': '18.2'}, {'id': 5777556275, 'qualifierId': 140, 'value': '53.8'}, {'id': 5777556273, 'qualifierId': 56, 'value': 'Center'}]",4tnm3hxzav142ow867jwcozkk,T. Malham,,,Chicago Stars,Away
2823787135,596,1,2,62,50,dzxypx8djih58p668surbi4qm,1,53.8,78.1,2025-06-22T03:26:06.641Z,2025-06-22T03:26:07Z,"[{'id': 5777556291, 'qualifierId': 212, 'value': '17.9'}, {'id': 5777556285, 'qualifierId': 56, 'value': 'Back'}, {'id': 5777556293, 'qualifierId': 213, 'value': '4.31'}, {'id': 5777556287, 'qualifierId': 140, 'value': '47.2'}, {'id': 5777556289, 'qualifierId': 141, 'value': '53.9'}]",11u4dj0z0p616zx9gsnil66ay,S. Staab,,,Chicago Stars,Away
2823787141,597,1,2,62,51,dzxypx8djih58p668surbi4qm,1,46.9,53.7,2025-06-22T03:26:07.618Z,2025-06-22T03:26:09Z,"[{'id': 5777556327, 'qualifierId': 141, 'value': '76.1'}, {'id': 5777556325, 'qualifierId': 140, 'value': '46.9'}, {'id': 5777556323, 'qualifierId': 56, 'value': 'Back'}, {'id': 5777556329, 'qualifierId': 212, 'value': '15.2'}, {'id': 5777556331, 'qualifierId': 213, 'value': '1.57'}]",6zzk0lgja87zs45h8btgheled,C. Onwualu,,,Chicago Stars,Away
2823787147,594,45,2,62,53,446mp88j1vpk9iwui9fiifrp8,0,46.6,26.4,2025-06-22T03:26:09.825Z,2025-06-22T03:26:15Z,"[{'id': 5777556365, 'qualifierId': 56, 'value': 'Back'}, {'id': 5777556367, 'qualifierId': 285}, {'id': 5777556379, 'qualifierId': 233, 'value': '598'}]",2btfn8hbssn0dnszgyll1gopg,P. Tordin,,,Portland Thorns,Home
2823787149,598,3,2,62,53,dzxypx8djih58p668surbi4qm,1,53.4,73.6,2025-06-22T03:26:09.825Z,2025-06-22T03:26:14Z,"[{'id': 5777556371, 'qualifierId': 286}, {'id': 5777556373, 'qualifierId': 233, 'value': '594'}, {'id': 5777556369, 'qualifierId': 56, 'value': 'Center'}]",11u4dj0z0p616zx9gsnil66ay,S. Staab,,,Chicago Stars,Away
2823787159,599,1,2,62,56,dzxypx8djih58p668surbi4qm,1,60.0,76.0,2025-06-22T03:26:12.385Z,2025-06-22T03:26:15Z,"[{'id': 5777556425, 'qualifierId': 140, 'value': '69.9'}, {'id': 5777556427, 'qualifierId': 141, 'value': '82.0'}, {'id': 5777556431, 'qualifierId': 213, 'value': '0.37'}, {'id': 5777556429, 'qualifierId': 212, 'value': '11.2'}, {'id': 5777556423, 'qualifierId': 56, 'value': 'Left'}]",11u4dj0z0p616zx9gsnil66ay,S. Staab,,,Chicago Stars,Away
2823787163,600,1,2,62,57,dzxypx8djih58p668surbi4qm,1,69.9,82.0,2025-06-22T03:26:13.698Z,2025-06-22T03:26:18Z,"[{'id': 5777556441, 'qualifierId': 212, 'value': '18.9'}, {'id': 5777556439, 'qualifierId': 141, 'value': '97.2'}, {'id': 5777556435, 'qualifierId': 56, 'value': 'Left'}, {'id': 5777556443, 'qualifierId': 213, 'value': '0.58'}, {'id': 5777556437, 'qualifierId': 140, 'value': '85.0'}]",19udx179xugqp84qo9rsq0nhl,S. Groom,,,Chicago Stars,Away
2823787171,601,1,2,63,2,dzxypx8djih58p668surbi4qm,0,92.9,97.4,2025-06-22T03:26:18.593Z,2025-06-22T03:26:23Z,"[{'id': 5777556491, 'qualifierId': 233, 'value': '595'}, {'id': 5777556485, 'qualifierId': 141, 'value': '56.1'}, {'id': 5777556481, 'qualifierId': 56, 'value': 'Center'}, {'id': 5777556479, 'qualifierId': 155}, {'id': 5777556483, 'qualifierId': 140, 'value': '95.5'}, {'id': 5777556477, 'qualifierId': 2}, {'id': 5777556487, 'qualifierId': 212, 'value': '28.2'}, {'id': 5777556489, 'qualifierId': 213, 'value': '4.81'}]",4tnm3hxzav142ow867jwcozkk,T. Malham,,,Chicago Stars,Away
2823787169,595,11,2,63,6,446mp88j1vpk9iwui9fiifrp8,1,4.2,49.0,2025-06-22T03:26:22.327Z,2025-06-22T03:26:24Z,"[{'id': 5777556475, 'qualifierId': 88}, {'id': 5777556511, 'qualifierId': 233, 'value': '601'}, {'id': 5777556473, 'qualifierId': 56, 'value': 'Back'}]",1yva0f096q2oqk5gz59utr42y,B. Bixby,,,Portland Thorns,Home
2823787187,596,1,2,63,21,446mp88j1vpk9iwui9fiifrp8,1,13.6,53.9,2025-06-22T03:26:37.225Z,2025-06-22T03:26:39Z,"[{'id': 5777556631, 'qualifierId': 213, 'value': '5.17'}, {'id': 5777556623, 'qualifierId': 56, 'value': 'Back'}, {'id': 5777556629, 'qualifierId': 212, 'value': '19.4'}, {'id': 5777556621, 'qualifierId': 123}, {'id': 5777556625, 'qualifierId': 140, 'value': '21.7'}, {'id': 5777556627, 'qualifierId': 141, 'value': '28.2'}]",1yva0f096q2oqk5gz59utr42y,B. Bixby,,,Portland Thorns,Home
2823787189,597,1,2,63,23,446mp88j1vpk9iwui9fiifrp8,1,23.6,19.4,2025-06-22T03:26:39.512Z,2025-06-22T03:26:41Z,"[{'id': 5777556641, 'qualifierId': 212, 'value': '18.2'}, {'id': 5777556639, 'qualifierId': 141, 'value': '2.6'}, {'id': 5777556635, 'qualifierId': 56, 'value': 'Back'}, {'id': 5777556643, 'qualifierId': 213, 'value': '5.60'}, {'id': 5777556637, 'qualifierId': 140, 'value': '37.1'}]",74uudh34v23m2z9gy5tdppxey,S. Hiatt,,,Portland Thorns,Home
2823787193,598,1,2,63,25,446mp88j1vpk9iwui9fiifrp8,1,38.9,4.9,2025-06-22T03:26:41.288Z,2025-06-22T03:26:43Z,"[{'id': 5777556659, 'qualifierId': 56, 'value': 'Back'}, {'id': 5777556663, 'qualifierId': 141, 'value': '15.2'}, {'id': 5777556667, 'qualifierId': 213, 'value': '0.69'}, {'id': 5777556661, 'qualifierId': 140, 'value': '47.0'}, {'id': 5777556665, 'qualifierId': 212, 'value': '11.0'}]",7whcppsae8rxxj20zaxpx1wq1,K. Torpey,,,Portland Thorns,Home
2823787203,599,1,2,63,27,446mp88j1vpk9iwui9fiifrp8,1,47.0,15.2,2025-06-22T03:26:43.560Z,2025-06-22T03:26:48Z,"[{'id': 5777556701, 'qualifierId': 212, 'value': '11.0'}, {'id': 5777556703, 'qualifierId': 213, 'value': '1.89'}, {'id': 5777556695, 'qualifierId': 56, 'value': 'Back'}, {'id': 5777556699, 'qualifierId': 141, 'value': '30.6'}, {'id': 5777556697, 'qualifierId': 140, 'value': '43.7'}]",2btfn8hbssn0dnszgyll1gopg,P. Tordin,,,Portland Thorns,Home
2823787207,600,1,2,63,32,446mp88j1vpk9iwui9fiifrp8,1,53.7,63.9,2025-06-22T03:26:48.105Z,2025-06-22T03:26:50Z,"[{'id': 5777556713, 'qualifierId': 140, 'value': '64.0'}, {'id': 5777556719, 'qualifierId': 213, 'value': '0.48'}, {'id': 5777556717, 'qualifierId': 212, 'value': '12.2'}, {'id': 5777556711, 'qualifierId': 56, 'value': 'Center'}, {'id': 5777556715, 'qualifierId': 141, 'value': '72.1'}]",7izc8t071mkrrgvptdjru467e,O. Moultrie,,,Portland Thorns,Home
2823787219,601,1,2,63,34,446mp88j1vpk9iwui9fiifrp8,1,67.2,76.4,2025-06-22T03:26:50.616Z,2025-06-22T03:26:57Z,"[{'id': 5777556769, 'qualifierId': 56, 'value': 'Left'}, {'id': 5777556773, 'qualifierId': 141, 'value': '85.0'}, {'id': 5777556775, 'qualifierId': 212, 'value': '7.1'}, {'id': 5777556771, 'qualifierId': 140, 'value': '71.0'}, {'id': 5777556777, 'qualifierId': 213, 'value': '0.97'}]",615vz7uoe3eiozddbe206io6h,R. Reyes,,,Portland Thorns,Home
2823787215,602,83,2,63,40,dzxypx8djih58p668surbi4qm,0,20.7,31.9,2025-06-22T03:26:56.225Z,2025-06-22T03:27:00Z,"[{'id': 5777556793, 'qualifierId': 399, 'value': '7izc8t071mkrrgvptdjru467e'}]",daze51b5849zsk2aqvgmkkbth,Maitane López,,,Chicago Stars,Away
2823787221,602,1,2,63,41,446mp88j1vpk9iwui9fiifrp8,1,78.6,57.9,2025-06-22T03:26:57.897Z,2025-06-22T03:26:58Z,"[{'id': 5777556783, 'qualifierId': 140, 'value': '79.1'}, {'id': 5777556789, 'qualifierId': 213, 'value': '4.81'}, {'id': 5777556787, 'qualifierId': 212, 'value': '5.4'}, {'id': 5777556781, 'qualifierId': 56, 'value': 'Center'}, {'id': 5777556785, 'qualifierId': 141, 'value': '50.0'}]",7izc8t071mkrrgvptdjru467e,O. Moultrie,,,Portland Thorns,Home
2823787225,603,1,2,63,42,446mp88j1vpk9iwui9fiifrp8,1,79.1,50.0,2025-06-22T03:26:58.745Z,2025-06-22T03:27:01Z,"[{'id': 5777556813, 'qualifierId': 141, 'value': '51.5'}, {'id': 5777556809, 'qualifierId': 56, 'value': 'Center'}, {'id': 5777556817, 'qualifierId': 213, 'value': '2.91'}, {'id': 5777556811, 'qualifierId': 140, 'value': '75.0'}, {'id': 5777556815, 'qualifierId': 212, 'value': '4.4'}]",2btfn8hbssn0dnszgyll1gopg,P. Tordin,,,Portland Thorns,Home
2823787231,604,1,2,63,45,446mp88j1vpk9iwui9fiifrp8,1,74.3,52.8,2025-06-22T03:27:01.464Z,2025-06-22T03:27:03Z,"[{'id': 5777556851, 'qualifierId': 212, 'value': '13.2'}, {'id': 5777556849, 'qualifierId': 141, 'value': '67.8'}, {'id': 5777556845, 'qualifierId': 56, 'value': 'Center'}, {'id': 5777556853, 'qualifierId': 213, 'value': '0.88'}, {'id': 5777556847, 'qualifierId': 140, 'value': '82.3'}]",7in4ykzbs8p44qy4jrb10p0wl,H. Sugita,,,Portland Thorns,Home
2823787235,605,1,2,63,47,446mp88j1vpk9iwui9fiifrp8,1,82.3,67.8,2025-06-22T03:27:03Z,2025-06-22T03:27:04Z,"[{'id': 5777556877, 'qualifierId': 141, 'value': '71.4'}, {'id': 5777556881, 'qualifierId': 213, 'value': '0.28'}, {'id': 5777556879, 'qualifierId': 212, 'value': '8.7'}, {'id': 5777556875, 'qualifierId': 140, 'value': '90.3'}, {'id': 5777556873, 'qualifierId': 56, 'value': 'Center'}]",ek8x7y3jt0xcebttt75qi5exh,J. Fleming,,,Portland Thorns,Home
2823787241,606,1,2,63,48,446mp88j1vpk9iwui9fiifrp8,0,90.3,70.9,2025-06-22T03:27:04.409Z,2025-06-22T03:27:05Z,"[{'id': 5777556911, 'qualifierId': 140, 'value': '88.4'}, {'id': 5777556915, 'qualifierId': 212, 'value': '4.7'}, {'id': 5777556917, 'qualifierId': 213, 'value': '4.28'}, {'id': 5777556909, 'qualifierId': 56, 'value': 'Center'}, {'id': 5777556913, 'qualifierId': 141, 'value': '64.6'}]",7in4ykzbs8p44qy4jrb10p0wl,H. Sugita,,,Portland Thorns,Home
2823787293,605,49,2,63,51,dzxypx8djih58p668surbi4qm,1,7.8,28.0,2025-06-22T03:27:07.860Z,2025-06-22T03:27:35Z,[],v0k2w41tlj0elpj7nrw68onp,N. Kuikka,,,Chicago Stars,Away
2823787261,603,1,2,63,53,dzxypx8djih58p668surbi4qm,0,10.3,31.6,2025-06-22T03:27:09.041Z,2025-06-22T03:27:40Z,"[{'id': 5777556993, 'qualifierId': 140, 'value': '13.6'}, {'id': 5777556999, 'qualifierId': 213, 'value': '4.86'}, {'id': 5777556997, 'qualifierId': 212, 'value': '22.9'}, {'id': 5777556991, 'qualifierId': 56, 'value': 'Back'}, {'id': 5777556995, 'qualifierId': 141, 'value': '0.0'}]",v0k2w41tlj0elpj7nrw68onp,N. Kuikka,,,Chicago Stars,Away
2823787263,604,5,2,63,54,dzxypx8djih58p668surbi4qm,0,13.2,-1.8,2025-06-22T03:27:10.068Z,2025-06-22T03:27:12Z,"[{'id': 5777557013, 'qualifierId': 347}, {'id': 5777557011, 'qualifierId': 56, 'value': 'Back'}, {'id': 5777557027, 'qualifierId': 233, 'value': '607'}]",v0k2w41tlj0elpj7nrw68onp,N. Kuikka,,,Chicago Stars,Away
2823787265,607,5,2,63,54,446mp88j1vpk9iwui9fiifrp8,1,86.8,101.8,2025-06-22T03:27:10.068Z,2025-06-22T03:58:51Z,"[{'id': 5777557017, 'qualifierId': 56, 'value': 'Left'}, {'id': 5777557021, 'qualifierId': 233, 'value': '604'}, {'id': 5777557019, 'qualifierId': 347}]",7in4ykzbs8p44qy4jrb10p0wl,H. Sugita,,,Portland Thorns,Home
2823787339,608,18,2,64,29,446mp88j1vpk9iwui9fiifrp8,1,0.0,0.0,2025-06-22T03:27:45.699Z,2025-06-22T03:28:05Z,"[{'id': 5777557485, 'qualifierId': 42}, {'id': 5777557487, 'qualifierId': 44, 'value': 'Forward'}, {'id': 5777557535, 'qualifierId': 55, 'value': '609'}, {'id': 5777557489, 'qualifierId': 59, 'value': '19'}]",2btfn8hbssn0dnszgyll1gopg,P. Tordin,,,Portland Thorns,Home
2823787341,609,19,2,64,29,446mp88j1vpk9iwui9fiifrp8,1,0.0,0.0,2025-06-22T03:27:45.700Z,2025-06-22T03:28:05Z,"[{'id': 5777557509, 'qualifierId': 292, 'value': '9'}, {'id': 5777557507, 'qualifierId': 59, 'value': '15'}, {'id': 5777557513, 'qualifierId': 44, 'value': 'Forward'}, {'id': 5777557505, 'qualifierId': 145, 'value': '10'}, {'id': 5777557501, 'qualifierId': 42}, {'id': 5777557515, 'qualifierId': 55, 'value': '608'}, {'id': 5777557511, 'qualifierId': 293, 'value': '2'}]",2x310j2wycjsv4nzblfqd7sru,P. Linnehan,,,Portland Thorns,Home
2823787347,610,1,2,64,42,446mp88j1vpk9iwui9fiifrp8,1,89.7,100.0,2025-06-22T03:27:58.121Z,2025-06-22T03:30:07Z,"[{'id': 5777559343, 'qualifierId': 56, 'value': 'Left'}, {'id': 5777559345, 'qualifierId': 140, 'value': '85.6'}, {'id': 5777559341, 'qualifierId': 107}, {'id': 5777559351, 'qualifierId': 213, 'value': '4.31'}, {'id': 5777559349, 'qualifierId': 212, 'value': '11.0'}, {'id': 5777559347, 'qualifierId': 141, 'value': '86.3'}]",7izc8t071mkrrgvptdjru467e,O. Moultrie,,,Portland Thorns,Home
2823787349,611,1,2,64,42,446mp88j1vpk9iwui9fiifrp8,1,86.5,87.7,2025-06-22T03:27:58.312Z,2025-06-22T03:30:29Z,"[{'id': 5777559669, 'qualifierId': 140, 'value': '79.1'}, {'id': 5777559673, 'qualifierId': 212, 'value': '9.4'}, {'id': 5777559675, 'qualifierId': 213, 'value': '2.54'}, {'id': 5777559667, 'qualifierId': 56, 'value': 'Left'}, {'id': 5777559671, 'qualifierId': 141, 'value': '95.5'}]",cmolam8ri93kos2rasjhnuxyi,S. Coffey,,,Portland Thorns,Home
2823787351,612,1,2,64,42,446mp88j1vpk9iwui9fiifrp8,1,81.9,91.2,2025-06-22T03:27:58.456Z,2025-06-22T03:30:46Z,"[{'id': 5777559865, 'qualifierId': 140, 'value': '63.0'}, {'id': 5777559871, 'qualifierId': 213, 'value': '3.17'}, {'id': 5777559867, 'qualifierId': 141, 'value': '90.4'}, {'id': 5777559863, 'qualifierId': 56, 'value': 'Left'}, {'id': 5777559869, 'qualifierId': 212, 'value': '19.9'}]",615vz7uoe3eiozddbe206io6h,R. Reyes,,,Portland Thorns,Home
2823787371,617,1,2,64,46,446mp88j1vpk9iwui9fiifrp8,1,52.3,77.2,2025-06-22T03:28:02.280Z,2025-06-22T03:28:03Z,"[{'id': 5777557625, 'qualifierId': 212, 'value': '11.4'}, {'id': 5777557621, 'qualifierId': 140, 'value': '46.0'}, {'id': 5777557627, 'qualifierId': 213, 'value': '4.09'}, {'id': 5777557619, 'qualifierId': 56, 'value': 'Back'}, {'id': 5777557623, 'qualifierId': 141, 'value': '63.6'}]",8oj7cqgjacle67i49w4a3gx6,I. Obaze,,,Portland Thorns,Home
2823787373,618,1,2,64,47,446mp88j1vpk9iwui9fiifrp8,1,45.7,61.7,2025-06-22T03:28:03.720Z,2025-06-22T03:28:04Z,"[{'id': 5777557639, 'qualifierId': 140, 'value': '61.7'}, {'id': 5777557645, 'qualifierId': 213, 'value': '5.65'}, {'id': 5777557641, 'qualifierId': 141, 'value': '43.7'}, {'id': 5777557637, 'qualifierId': 56, 'value': 'Center'}, {'id': 5777557643, 'qualifierId': 212, 'value': '20.8'}]",74uudh34v23m2z9gy5tdppxey,S. Hiatt,,,Portland Thorns,Home
2823787375,619,61,2,64,48,446mp88j1vpk9iwui9fiifrp8,1,61.7,43.7,2025-06-22T03:28:04.814Z,2025-06-22T03:28:05Z,"[{'id': 5777557649, 'qualifierId': 56, 'value': 'Center'}]",7in4ykzbs8p44qy4jrb10p0wl,H. Sugita,,,Portland Thorns,Home
2823787387,620,1,2,64,51,446mp88j1vpk9iwui9fiifrp8,1,74.9,44.8,2025-06-22T03:28:07.944Z,2025-06-22T03:28:50Z,"[{'id': 5777557721, 'qualifierId': 212, 'value': '7.4'}, {'id': 5777557717, 'qualifierId': 140, 'value': '80.9'}, {'id': 5777557719, 'qualifierId': 141, 'value': '39.2'}, {'id': 5777557723, 'qualifierId': 213, 'value': '5.74'}, {'id': 5777558269, 'qualifierId': 154}, {'id': 5777557715, 'qualifierId': 56, 'value': 'Center'}, {'id': 5777558267, 'qualifierId': 210, 'value': '15'}]",5b2dire687lp3dasdj2z3n0q2,R. Turner,1.0,,Portland Thorns,Home
2823787389,621,15,2,64,55,446mp88j1vpk9iwui9fiifrp8,1,89.7,39.2,2025-06-22T03:28:11.165Z,2025-06-22T03:28:51Z,"[{'id': 5777558297, 'qualifierId': 214}, {'id': 5777558307, 'qualifierId': 233, 'value': '606'}, {'id': 5777557729, 'qualifierId': 17}, {'id': 5777558289, 'qualifierId': 55, 'value': '620'}, {'id': 5777558285, 'qualifierId': 29}, {'id': 5777558021, 'qualifierId': 20}, {'id': 5777558293, 'qualifierId': 102, 'value': '50.9'}, {'id': 5777558303, 'qualifierId': 147, 'value': '46.9'}, {'id': 5777557731, 'qualifierId': 56, 'value': 'Center'}, {'id': 5777557727, 'qualifierId': 22}, {'id': 5777558287, 'qualifierId': 154}, {'id': 5777558299, 'qualifierId': 328}, {'id': 5777558301, 'qualifierId': 146, 'value': '98.1'}, {'id': 5777558295, 'qualifierId': 103, 'value': '15.2'}, {'id': 5777558283, 'qualifierId': 78}]",2x310j2wycjsv4nzblfqd7sru,P. Linnehan,,,Portland Thorns,Home
2823787391,606,10,2,64,55,dzxypx8djih58p668surbi4qm,1,4.5,51.9,2025-06-22T03:28:11.265Z,2025-06-22T03:28:51Z,"[{'id': 5777557743, 'qualifierId': 182}, {'id': 5777557885, 'qualifierId': 179}, {'id': 5777557883, 'qualifierId': 174}, {'id': 5777557745, 'qualifierId': 56, 'value': 'Back'}, {'id': 5777558311, 'qualifierId': 233, 'value': '621'}]",20qmwwdxbdp6ade3j9lssbvxm,H. Mackiewicz,,,Chicago Stars,Away
2823787397,607,12,2,64,58,dzxypx8djih58p668surbi4qm,1,10.1,44.9,2025-06-22T03:28:14.750Z,2025-06-22T03:30:03Z,"[{'id': 5777557769, 'qualifierId': 212, 'value': '31.7'}, {'id': 5777557763, 'qualifierId': 56, 'value': 'Back'}, {'id': 5777557771, 'qualifierId': 213, 'value': '1.02'}, {'id': 5777557767, 'qualifierId': 141, 'value': '84.7'}, {'id': 5777557765, 'qualifierId': 140, 'value': '25.9'}]",v0k2w41tlj0elpj7nrw68onp,N. Kuikka,,,Chicago Stars,Away
2823787413,622,1,2,65,0,446mp88j1vpk9iwui9fiifrp8,1,65.0,12.5,2025-06-22T03:28:16.104Z,2025-06-22T03:28:21Z,"[{'id': 5777557857, 'qualifierId': 212, 'value': '31.5'}, {'id': 5777557859, 'qualifierId': 213, 'value': '2.31'}, {'id': 5777557855, 'qualifierId': 141, 'value': '46.7'}, {'id': 5777557851, 'qualifierId': 56, 'value': 'Back'}, {'id': 5777557853, 'qualifierId': 140, 'value': '44.8'}]",7whcppsae8rxxj20zaxpx1wq1,K. Torpey,,,Portland Thorns,Home
2823787417,623,1,2,65,5,446mp88j1vpk9iwui9fiifrp8,1,46.8,43.0,2025-06-22T03:28:21.401Z,2025-06-22T03:28:24Z,"[{'id': 5777557887, 'qualifierId': 56, 'value': 'Back'}, {'id': 5777557895, 'qualifierId': 213, 'value': '4.75'}, {'id': 5777557891, 'qualifierId': 141, 'value': '22.2'}, {'id': 5777557893, 'qualifierId': 212, 'value': '14.2'}, {'id': 5777557889, 'qualifierId': 140, 'value': '47.3'}]",8oj7cqgjacle67i49w4a3gx6,I. Obaze,,,Portland Thorns,Home
2823787425,624,1,2,65,8,446mp88j1vpk9iwui9fiifrp8,1,42.9,13.2,2025-06-22T03:28:24.634Z,2025-06-22T03:28:28Z,"[{'id': 5777557959, 'qualifierId': 212, 'value': '29.4'}, {'id': 5777557957, 'qualifierId': 141, 'value': '3.7'}, {'id': 5777557953, 'qualifierId': 56, 'value': 'Right'}, {'id': 5777557961, 'qualifierId': 213, 'value': '6.06'}, {'id': 5777557955, 'qualifierId': 140, 'value': '70.2'}, {'id': 5777557951, 'qualifierId': 155}]",74uudh34v23m2z9gy5tdppxey,S. Hiatt,,,Portland Thorns,Home
2823787433,625,1,2,65,12,446mp88j1vpk9iwui9fiifrp8,1,73.0,15.0,2025-06-22T03:28:28.888Z,2025-06-22T03:28:31Z,"[{'id': 5777557999, 'qualifierId': 141, 'value': '29.7'}, {'id': 5777558001, 'qualifierId': 212, 'value': '10.0'}, {'id': 5777557997, 'qualifierId': 140, 'value': '72.1'}, {'id': 5777558003, 'qualifierId': 213, 'value': '1.67'}, {'id': 5777557995, 'qualifierId': 56, 'value': 'Center'}]",2x310j2wycjsv4nzblfqd7sru,P. Linnehan,,,Portland Thorns,Home
2823787435,626,1,2,65,15,446mp88j1vpk9iwui9fiifrp8,0,72.2,33.4,2025-06-22T03:28:31.688Z,2025-06-22T03:28:33Z,"[{'id': 5777558011, 'qualifierId': 141, 'value': '42.7'}, {'id': 5777558007, 'qualifierId': 56, 'value': 'Center'}, {'id': 5777558015, 'qualifierId': 213, 'value': '0.30'}, {'id': 5777558009, 'qualifierId': 140, 'value': '91.9'}, {'id': 5777558013, 'qualifierId': 212, 'value': '21.6'}]",cmolam8ri93kos2rasjhnuxyi,S. Coffey,,,Portland Thorns,Home
2823787439,608,52,2,65,19,dzxypx8djih58p668surbi4qm,1,4.2,52.7,2025-06-22T03:28:35.842Z,2025-06-22T03:28:35Z,[],20qmwwdxbdp6ade3j9lssbvxm,H. Mackiewicz,,,Chicago Stars,Away
2823787501,609,1,2,65,37,dzxypx8djih58p668surbi4qm,1,8.6,51.8,2025-06-22T03:28:53.249Z,2025-06-22T03:32:15Z,"[{'id': 5777558413, 'qualifierId': 212, 'value': '19.2'}, {'id': 5777558411, 'qualifierId': 141, 'value': '64.0'}, {'id': 5777558415, 'qualifierId': 213, 'value': '0.45'}, {'id': 5777560949, 'qualifierId': 189}, {'id': 5777558405, 'qualifierId': 123}, {'id': 5777558409, 'qualifierId': 140, 'value': '25.1'}, {'id': 5777558407, 'qualifierId': 56, 'value': 'Back'}]",20qmwwdxbdp6ade3j9lssbvxm,H. Mackiewicz,,,Chicago Stars,Away
2823787505,610,1,2,65,39,dzxypx8djih58p668surbi4qm,1,24.8,64.0,2025-06-22T03:28:55.250Z,2025-06-22T03:32:16Z,"[{'id': 5777558437, 'qualifierId': 140, 'value': '26.0'}, {'id': 5777558443, 'qualifierId': 213, 'value': '4.79'}, {'id': 5777560973, 'qualifierId': 189}, {'id': 5777558435, 'qualifierId': 56, 'value': 'Back'}, {'id': 5777558439, 'qualifierId': 141, 'value': '41.5'}, {'id': 5777558441, 'qualifierId': 212, 'value': '15.4'}]",daze51b5849zsk2aqvgmkkbth,Maitane López,,,Chicago Stars,Away
2823787507,611,1,2,65,40,dzxypx8djih58p668surbi4qm,0,29.1,41.9,2025-06-22T03:28:56.194Z,2025-06-22T03:32:17Z,"[{'id': 5777558453, 'qualifierId': 212, 'value': '0.9'}, {'id': 5777558447, 'qualifierId': 56, 'value': 'Back'}, {'id': 5777558449, 'qualifierId': 140, 'value': '28.3'}, {'id': 5777558451, 'qualifierId': 141, 'value': '41.7'}, {'id': 5777558455, 'qualifierId': 213, 'value': '3.30'}]",56jjwfa02gep01vggqojvfbe2,M. Hayashi,,,Chicago Stars,Away
2823787523,628,61,2,65,40,446mp88j1vpk9iwui9fiifrp8,1,73.5,49.3,2025-06-22T03:28:56.200Z,2025-06-22T03:29:21Z,"[{'id': 5777558549, 'qualifierId': 56, 'value': 'Center'}]",7izc8t071mkrrgvptdjru467e,O. Moultrie,,,Portland Thorns,Home
2823787511,612,1,2,65,41,dzxypx8djih58p668surbi4qm,1,17.2,31.8,2025-06-22T03:28:57.122Z,2025-06-22T03:29:00Z,"[{'id': 5777558467, 'qualifierId': 141, 'value': '22.8'}, {'id': 5777558471, 'qualifierId': 213, 'value': '5.51'}, {'id': 5777558465, 'qualifierId': 140, 'value': '23.2'}, {'id': 5777558463, 'qualifierId': 56, 'value': 'Back'}, {'id': 5777558469, 'qualifierId': 212, 'value': '8.8'}]",6zzk0lgja87zs45h8btgheled,C. Onwualu,,,Chicago Stars,Away
2823787517,613,1,2,65,44,dzxypx8djih58p668surbi4qm,1,29.0,27.1,2025-06-22T03:29:00.754Z,2025-06-22T03:29:02Z,"[{'id': 5777558503, 'qualifierId': 140, 'value': '28.8'}, {'id': 5777558505, 'qualifierId': 141, 'value': '47.3'}, {'id': 5777558501, 'qualifierId': 56, 'value': 'Back'}, {'id': 5777558509, 'qualifierId': 213, 'value': '1.59'}, {'id': 5777558507, 'qualifierId': 212, 'value': '13.7'}]",v0k2w41tlj0elpj7nrw68onp,N. Kuikka,,,Chicago Stars,Away
2823787525,614,1,2,65,48,dzxypx8djih58p668surbi4qm,1,30.8,52.1,2025-06-22T03:29:03.986Z,2025-06-22T03:29:08Z,"[{'id': 5777558563, 'qualifierId': 1}, {'id': 5777558553, 'qualifierId': 56, 'value': 'Center'}, {'id': 5777558561, 'qualifierId': 213, 'value': '0.48'}, {'id': 5777558555, 'qualifierId': 140, 'value': '59.8'}, {'id': 5777558551, 'qualifierId': 155}, {'id': 5777558559, 'qualifierId': 212, 'value': '34.3'}, {'id': 5777558557, 'qualifierId': 141, 'value': '75.4'}]",daze51b5849zsk2aqvgmkkbth,Maitane López,,,Chicago Stars,Away
2823787531,615,1,2,65,52,dzxypx8djih58p668surbi4qm,1,60.8,76.4,2025-06-22T03:29:08.046Z,2025-06-22T03:29:10Z,"[{'id': 5777558597, 'qualifierId': 56, 'value': 'Left'}, {'id': 5777558605, 'qualifierId': 213, 'value': '1.05'}, {'id': 5777558601, 'qualifierId': 141, 'value': '92.7'}, {'id': 5777558603, 'qualifierId': 212, 'value': '12.7'}, {'id': 5777558599, 'qualifierId': 140, 'value': '66.8'}]",19udx179xugqp84qo9rsq0nhl,S. Groom,,,Chicago Stars,Away
2823787537,616,1,2,65,54,dzxypx8djih58p668surbi4qm,1,68.3,94.1,2025-06-22T03:29:10.482Z,2025-06-22T03:29:15Z,"[{'id': 5777558653, 'qualifierId': 213, 'value': '4.16'}, {'id': 5777558647, 'qualifierId': 140, 'value': '64.2'}, {'id': 5777558645, 'qualifierId': 56, 'value': 'Left'}, {'id': 5777558649, 'qualifierId': 141, 'value': '83.8'}, {'id': 5777558651, 'qualifierId': 212, 'value': '8.2'}]",4tnm3hxzav142ow867jwcozkk,T. Malham,,,Chicago Stars,Away
2823787539,617,1,2,65,58,dzxypx8djih58p668surbi4qm,1,62.8,67.8,2025-06-22T03:29:14.946Z,2025-06-22T03:29:17Z,"[{'id': 5777558691, 'qualifierId': 212, 'value': '9.1'}, {'id': 5777558685, 'qualifierId': 56, 'value': 'Center'}, {'id': 5777558693, 'qualifierId': 213, 'value': '3.51'}, {'id': 5777558687, 'qualifierId': 140, 'value': '54.7'}, {'id': 5777558689, 'qualifierId': 141, 'value': '63.0'}]",19udx179xugqp84qo9rsq0nhl,S. Groom,,,Chicago Stars,Away
2823787545,618,1,2,66,1,dzxypx8djih58p668surbi4qm,1,49.1,56.3,2025-06-22T03:29:17.666Z,2025-06-22T03:29:21Z,"[{'id': 5777558723, 'qualifierId': 56, 'value': 'Back'}, {'id': 5777558729, 'qualifierId': 212, 'value': '20.9'}, {'id': 5777558731, 'qualifierId': 213, 'value': '4.52'}, {'id': 5777558727, 'qualifierId': 141, 'value': '26.2'}, {'id': 5777558725, 'qualifierId': 140, 'value': '45.3'}]",daze51b5849zsk2aqvgmkkbth,Maitane López,,,Chicago Stars,Away
2823787551,619,1,2,66,5,dzxypx8djih58p668surbi4qm,1,45.3,26.2,2025-06-22T03:29:21.346Z,2025-06-22T03:29:23Z,"[{'id': 5777558765, 'qualifierId': 140, 'value': '62.8'}, {'id': 5777558767, 'qualifierId': 141, 'value': '5.5'}, {'id': 5777558771, 'qualifierId': 213, 'value': '5.63'}, {'id': 5777558769, 'qualifierId': 212, 'value': '23.1'}, {'id': 5777558763, 'qualifierId': 56, 'value': 'Right'}]",6zzk0lgja87zs45h8btgheled,C. Onwualu,,,Chicago Stars,Away
2823787555,620,4,2,66,10,dzxypx8djih58p668surbi4qm,1,67.6,4.8,2025-06-22T03:29:26.595Z,2025-06-22T03:29:30Z,"[{'id': 5777558805, 'qualifierId': 13}, {'id': 5777558811, 'qualifierId': 265}, {'id': 5777558807, 'qualifierId': 56, 'value': 'Right'}, {'id': 5777558815, 'qualifierId': 233, 'value': '629'}, {'id': 5777558813, 'qualifierId': 286}, {'id': 5777558809, 'qualifierId': 152}]",8v62hppzsz2yonw60h9910iga,J. Bike,,,Chicago Stars,Away
2823787557,629,4,2,66,10,446mp88j1vpk9iwui9fiifrp8,0,32.4,95.2,2025-06-22T03:29:26.596Z,2025-06-22T03:29:29Z,"[{'id': 5777558795, 'qualifierId': 265}, {'id': 5777558791, 'qualifierId': 56, 'value': 'Back'}, {'id': 5777558797, 'qualifierId': 285}, {'id': 5777558789, 'qualifierId': 13}, {'id': 5777558821, 'qualifierId': 233, 'value': '620'}, {'id': 5777558793, 'qualifierId': 152}]",615vz7uoe3eiozddbe206io6h,R. Reyes,,,Portland Thorns,Home
2823787611,621,18,2,66,35,dzxypx8djih58p668surbi4qm,1,0.0,0.0,2025-06-22T03:29:51.030Z,2025-06-22T03:29:51Z,"[{'id': 5777559147, 'qualifierId': 59, 'value': '24'}, {'id': 5777559145, 'qualifierId': 44, 'value': 'Forward'}, {'id': 5777559143, 'qualifierId': 42}, {'id': 5777559171, 'qualifierId': 55, 'value': '622'}]",8v62hppzsz2yonw60h9910iga,J. Bike,,,Chicago Stars,Away
2823787613,622,19,2,66,35,dzxypx8djih58p668surbi4qm,1,0.0,0.0,2025-06-22T03:29:51.031Z,2025-06-22T03:29:52Z,"[{'id': 5777559157, 'qualifierId': 292, 'value': '8'}, {'id': 5777559159, 'qualifierId': 293, 'value': '2'}, {'id': 5777559155, 'qualifierId': 59, 'value': '26'}, {'id': 5777559161, 'qualifierId': 44, 'value': 'Forward'}, {'id': 5777559149, 'qualifierId': 42}, {'id': 5777559153, 'qualifierId': 145, 'value': '10'}, {'id': 5777559163, 'qualifierId': 55, 'value': '621'}]",39jb2vzpuxxfhrr0px7tlk991,Nádia Gomes,,,Chicago Stars,Away
2823787649,623,1,2,66,52,dzxypx8djih58p668surbi4qm,0,73.6,3.5,2025-06-22T03:30:08.755Z,2025-06-22T03:30:14Z,"[{'id': 5777559441, 'qualifierId': 140, 'value': '88.8'}, {'id': 5777559445, 'qualifierId': 212, 'value': '34.1'}, {'id': 5777559433, 'qualifierId': 5}, {'id': 5777559431, 'qualifierId': 2}, {'id': 5777559435, 'qualifierId': 155}, {'id': 5777559443, 'qualifierId': 141, 'value': '47.8'}, {'id': 5777559447, 'qualifierId': 213, 'value': '1.08'}, {'id': 5777559439, 'qualifierId': 56, 'value': 'Center'}, {'id': 5777559437, 'qualifierId': 152}, {'id': 5777559449, 'qualifierId': 1}]",11u4dj0z0p616zx9gsnil66ay,S. Staab,,,Chicago Stars,Away
2823787643,630,44,2,66,56,446mp88j1vpk9iwui9fiifrp8,1,10.7,45.2,2025-06-22T03:30:12.135Z,2025-06-22T04:01:15Z,"[{'id': 5777559399, 'qualifierId': 56, 'value': 'Back'}, {'id': 5777559401, 'qualifierId': 285}, {'id': 5777559469, 'qualifierId': 233, 'value': '624'}]",8oj7cqgjacle67i49w4a3gx6,I. Obaze,,,Portland Thorns,Home
2823787653,624,44,2,66,56,dzxypx8djih58p668surbi4qm,0,89.3,54.8,2025-06-22T03:30:12.136Z,2025-06-22T04:01:16Z,"[{'id': 5777559473, 'qualifierId': 233, 'value': '630'}, {'id': 5777559465, 'qualifierId': 56, 'value': 'Center'}, {'id': 5777559467, 'qualifierId': 286}]",6e7scc2z7henelebs853mc844,A. Schlegel,,,Chicago Stars,Away
2823787647,631,12,2,66,56,446mp88j1vpk9iwui9fiifrp8,1,9.3,33.3,2025-06-22T03:30:12.456Z,2025-06-22T03:30:15Z,"[{'id': 5777559425, 'qualifierId': 212, 'value': '5.9'}, {'id': 5777559421, 'qualifierId': 140, 'value': '6.4'}, {'id': 5777559427, 'qualifierId': 213, 'value': '4.17'}, {'id': 5777559419, 'qualifierId': 56, 'value': 'Back'}, {'id': 5777559429, 'qualifierId': 15}, {'id': 5777559423, 'qualifierId': 141, 'value': '25.9'}]",8oj7cqgjacle67i49w4a3gx6,I. Obaze,,,Portland Thorns,Home
2823787657,632,61,2,66,59,446mp88j1vpk9iwui9fiifrp8,1,11.2,32.5,2025-06-22T03:30:15.840Z,2025-06-22T03:30:16Z,"[{'id': 5777559489, 'qualifierId': 56, 'value': 'Back'}]",74uudh34v23m2z9gy5tdppxey,S. Hiatt,,,Portland Thorns,Home
2823787687,633,12,2,67,0,446mp88j1vpk9iwui9fiifrp8,1,12.5,39.1,2025-06-22T03:30:16.793Z,2025-06-22T03:30:28Z,"[{'id': 5777559645, 'qualifierId': 140, 'value': '29.7'}, {'id': 5777559647, 'qualifierId': 141, 'value': '15.8'}, {'id': 5777559651, 'qualifierId': 213, 'value': '5.56'}, {'id': 5777559649, 'qualifierId': 212, 'value': '24.0'}, {'id': 5777559643, 'qualifierId': 56, 'value': 'Back'}]",cmolam8ri93kos2rasjhnuxyi,S. Coffey,,,Portland Thorns,Home
2823787667,625,1,2,67,4,dzxypx8djih58p668surbi4qm,1,57.7,94.4,2025-06-22T03:30:20.323Z,2025-06-22T03:30:21Z,"[{'id': 5777559553, 'qualifierId': 213, 'value': '6.26'}, {'id': 5777559547, 'qualifierId': 140, 'value': '65.6'}, {'id': 5777559545, 'qualifierId': 56, 'value': 'Left'}, {'id': 5777559549, 'qualifierId': 141, 'value': '94.1'}, {'id': 5777559551, 'qualifierId': 212, 'value': '8.3'}]",4tnm3hxzav142ow867jwcozkk,T. Malham,,,Chicago Stars,Away
2823787683,626,1,2,67,5,dzxypx8djih58p668surbi4qm,1,65.0,95.6,2025-06-22T03:30:21.810Z,2025-06-22T03:30:27Z,"[{'id': 5777559633, 'qualifierId': 212, 'value': '27.8'}, {'id': 5777559631, 'qualifierId': 141, 'value': '59.1'}, {'id': 5777559635, 'qualifierId': 213, 'value': '4.24'}, {'id': 5777559627, 'qualifierId': 56, 'value': 'Center'}, {'id': 5777559629, 'qualifierId': 140, 'value': '53.0'}]",v0k2w41tlj0elpj7nrw68onp,N. Kuikka,,,Chicago Stars,Away
2823787691,627,1,2,67,11,dzxypx8djih58p668surbi4qm,1,54.2,54.6,2025-06-22T03:30:27.555Z,2025-06-22T03:30:28Z,"[{'id': 5777559663, 'qualifierId': 213, 'value': '4.93'}, {'id': 5777559659, 'qualifierId': 141, 'value': '29.8'}, {'id': 5777559661, 'qualifierId': 212, 'value': '17.3'}, {'id': 5777559655, 'qualifierId': 56, 'value': 'Center'}, {'id': 5777559657, 'qualifierId': 140, 'value': '57.7'}]",6zzk0lgja87zs45h8btgheled,C. Onwualu,,,Chicago Stars,Away
2823787693,628,1,2,67,12,dzxypx8djih58p668surbi4qm,1,57.5,29.7,2025-06-22T03:30:28.818Z,2025-06-22T03:30:30Z,"[{'id': 5777559683, 'qualifierId': 141, 'value': '43.7'}, {'id': 5777559679, 'qualifierId': 56, 'value': 'Center'}, {'id': 5777559681, 'qualifierId': 140, 'value': '63.7'}, {'id': 5777559685, 'qualifierId': 212, 'value': '11.5'}, {'id': 5777559687, 'qualifierId': 213, 'value': '0.97'}]",11u4dj0z0p616zx9gsnil66ay,S. Staab,,,Chicago Stars,Away
2823787699,629,1,2,67,14,dzxypx8djih58p668surbi4qm,1,63.7,43.7,2025-06-22T03:30:30.274Z,2025-06-22T03:30:34Z,"[{'id': 5777559747, 'qualifierId': 213, 'value': '5.42'}, {'id': 5777559739, 'qualifierId': 56, 'value': 'Right'}, {'id': 5777559741, 'qualifierId': 140, 'value': '85.9'}, {'id': 5777559745, 'qualifierId': 212, 'value': '35.7'}, {'id': 5777559743, 'qualifierId': 141, 'value': '4.0'}, {'id': 5777559749, 'qualifierId': 1}]",56jjwfa02gep01vggqojvfbe2,M. Hayashi,,,Chicago Stars,Away
2823787707,630,1,2,67,18,dzxypx8djih58p668surbi4qm,0,77.5,11.4,2025-06-22T03:30:34.803Z,2025-06-22T03:30:36Z,"[{'id': 5777559763, 'qualifierId': 212, 'value': '34.0'}, {'id': 5777559753, 'qualifierId': 2}, {'id': 5777559755, 'qualifierId': 155}, {'id': 5777559761, 'qualifierId': 141, 'value': '57.0'}, {'id': 5777559765, 'qualifierId': 213, 'value': '1.15'}, {'id': 5777559759, 'qualifierId': 140, 'value': '90.7'}, {'id': 5777559767, 'qualifierId': 1}, {'id': 5777559757, 'qualifierId': 56, 'value': 'Center'}]",39jb2vzpuxxfhrr0px7tlk991,Nádia Gomes,,,Chicago Stars,Away
2823787713,634,12,2,67,21,446mp88j1vpk9iwui9fiifrp8,1,12.1,48.4,2025-06-22T03:30:37.496Z,2025-06-22T03:30:39Z,"[{'id': 5777559771, 'qualifierId': 140, 'value': '20.5'}, {'id': 5777559775, 'qualifierId': 212, 'value': '10.2'}, {'id': 5777559773, 'qualifierId': 141, 'value': '55.8'}, {'id': 5777559769, 'qualifierId': 56, 'value': 'Back'}, {'id': 5777559777, 'qualifierId': 213, 'value': '0.52'}, {'id': 5777559783, 'qualifierId': 15}]",74uudh34v23m2z9gy5tdppxey,S. Hiatt,,,Portland Thorns,Home
2823787719,635,49,2,67,22,446mp88j1vpk9iwui9fiifrp8,1,21.5,56.4,2025-06-22T03:30:38.937Z,2025-06-22T03:30:39Z,[],cmolam8ri93kos2rasjhnuxyi,S. Coffey,,,Portland Thorns,Home
2823787725,636,1,2,67,23,446mp88j1vpk9iwui9fiifrp8,1,22.1,57.2,2025-06-22T03:30:39.128Z,2025-06-22T03:30:41Z,"[{'id': 5777559827, 'qualifierId': 212, 'value': '10.3'}, {'id': 5777559821, 'qualifierId': 56, 'value': 'Back'}, {'id': 5777559825, 'qualifierId': 141, 'value': '56.3'}, {'id': 5777559823, 'qualifierId': 140, 'value': '31.9'}, {'id': 5777559829, 'qualifierId': 213, 'value': '6.22'}]",cmolam8ri93kos2rasjhnuxyi,S. Coffey,,,Portland Thorns,Home
2823787727,637,1,2,67,25,446mp88j1vpk9iwui9fiifrp8,1,33.8,56.1,2025-06-22T03:30:41.817Z,2025-06-22T03:30:42Z,"[{'id': 5777559839, 'qualifierId': 212, 'value': '10.5'}, {'id': 5777559837, 'qualifierId': 141, 'value': '69.9'}, {'id': 5777559833, 'qualifierId': 56, 'value': 'Back'}, {'id': 5777559841, 'qualifierId': 213, 'value': '1.11'}, {'id': 5777559835, 'qualifierId': 140, 'value': '38.2'}]",ek8x7y3jt0xcebttt75qi5exh,J. Fleming,,,Portland Thorns,Home
2823787737,638,1,2,67,26,446mp88j1vpk9iwui9fiifrp8,1,38.2,69.9,2025-06-22T03:30:42.728Z,2025-06-22T03:30:48Z,"[{'id': 5777559879, 'qualifierId': 141, 'value': '86.3'}, {'id': 5777559881, 'qualifierId': 212, 'value': '18.0'}, {'id': 5777559877, 'qualifierId': 140, 'value': '51.7'}, {'id': 5777559875, 'qualifierId': 56, 'value': 'Left'}, {'id': 5777559883, 'qualifierId': 213, 'value': '0.67'}]",cmolam8ri93kos2rasjhnuxyi,S. Coffey,,,Portland Thorns,Home
2823787739,639,1,2,67,32,446mp88j1vpk9iwui9fiifrp8,1,68.0,71.7,2025-06-22T03:30:48.680Z,2025-06-22T03:30:51Z,"[{'id': 5777559891, 'qualifierId': 141, 'value': '66.7'}, {'id': 5777559887, 'qualifierId': 56, 'value': 'Center'}, {'id': 5777559895, 'qualifierId': 213, 'value': '3.50'}, {'id': 5777559889, 'qualifierId': 140, 'value': '59.3'}, {'id': 5777559893, 'qualifierId': 212, 'value': '9.7'}]",7izc8t071mkrrgvptdjru467e,O. Moultrie,,,Portland Thorns,Home
2823787743,640,1,2,67,35,446mp88j1vpk9iwui9fiifrp8,1,59.3,70.2,2025-06-22T03:30:50.984Z,2025-06-22T03:30:52Z,"[{'id': 5777559915, 'qualifierId': 56, 'value': 'Left'}, {'id': 5777559919, 'qualifierId': 141, 'value': '79.9'}, {'id': 5777559923, 'qualifierId': 213, 'value': '1.14'}, {'id': 5777559917, 'qualifierId': 140, 'value': '62.2'}, {'id': 5777559921, 'qualifierId': 212, 'value': '7.3'}]",ek8x7y3jt0xcebttt75qi5exh,J. Fleming,,,Portland Thorns,Home
2823787745,641,1,2,67,36,446mp88j1vpk9iwui9fiifrp8,1,62.2,79.9,2025-06-22T03:30:52.199Z,2025-06-22T03:30:54Z,"[{'id': 5777559929, 'qualifierId': 140, 'value': '67.2'}, {'id': 5777559927, 'qualifierId': 56, 'value': 'Center'}, {'id': 5777559931, 'qualifierId': 141, 'value': '72.7'}, {'id': 5777559935, 'qualifierId': 213, 'value': '5.53'}, {'id': 5777559933, 'qualifierId': 212, 'value': '7.2'}]",cmolam8ri93kos2rasjhnuxyi,S. Coffey,,,Portland Thorns,Home
2823787747,642,1,2,67,38,446mp88j1vpk9iwui9fiifrp8,0,67.2,72.7,2025-06-22T03:30:54.007Z,2025-06-22T03:30:55Z,"[{'id': 5777559965, 'qualifierId': 236}, {'id': 5777559947, 'qualifierId': 213, 'value': '0.00'}, {'id': 5777559939, 'qualifierId': 56, 'value': 'Center'}, {'id': 5777559943, 'qualifierId': 141, 'value': '72.7'}, {'id': 5777559967, 'qualifierId': 233, 'value': '631'}, {'id': 5777559971, 'qualifierId': 286}, {'id': 5777559941, 'qualifierId': 140, 'value': '67.7'}, {'id': 5777559945, 'qualifierId': 212, 'value': '0.5'}]",ek8x7y3jt0xcebttt75qi5exh,J. Fleming,,,Portland Thorns,Home
2823787751,631,74,2,67,38,dzxypx8djih58p668surbi4qm,1,26.2,33.6,2025-06-22T03:30:54.008Z,2025-06-22T04:01:01Z,"[{'id': 5777559961, 'qualifierId': 56, 'value': 'Back'}, {'id': 5777559963, 'qualifierId': 285}, {'id': 5777559973, 'qualifierId': 233, 'value': '642'}]",56jjwfa02gep01vggqojvfbe2,M. Hayashi,,,Chicago Stars,Away
2823787753,643,1,2,67,40,446mp88j1vpk9iwui9fiifrp8,1,67.6,67.3,2025-06-22T03:30:56.808Z,2025-06-22T03:30:58Z,"[{'id': 5777559985, 'qualifierId': 56, 'value': 'Center'}, {'id': 5777559991, 'qualifierId': 212, 'value': '10.1'}, {'id': 5777559993, 'qualifierId': 213, 'value': '4.74'}, {'id': 5777559987, 'qualifierId': 140, 'value': '67.9'}, {'id': 5777559989, 'qualifierId': 141, 'value': '52.4'}]",ek8x7y3jt0xcebttt75qi5exh,J. Fleming,,,Portland Thorns,Home
2823787761,644,1,2,67,42,446mp88j1vpk9iwui9fiifrp8,1,68.8,43.9,2025-06-22T03:30:58.601Z,2025-06-22T03:31:01Z,"[{'id': 5777560031, 'qualifierId': 212, 'value': '18.4'}, {'id': 5777560029, 'qualifierId': 141, 'value': '28.2'}, {'id': 5777560025, 'qualifierId': 56, 'value': 'Center'}, {'id': 5777560033, 'qualifierId': 213, 'value': '5.67'}, {'id': 5777560027, 'qualifierId': 140, 'value': '83.1'}]",7in4ykzbs8p44qy4jrb10p0wl,H. Sugita,,,Portland Thorns,Home
2823787763,645,1,2,67,45,446mp88j1vpk9iwui9fiifrp8,0,89.4,23.0,2025-06-22T03:31:01.497Z,2025-06-22T03:31:02Z,"[{'id': 5777560043, 'qualifierId': 212, 'value': '19.5'}, {'id': 5777560037, 'qualifierId': 56, 'value': 'Center'}, {'id': 5777560041, 'qualifierId': 141, 'value': '51.3'}, {'id': 5777560045, 'qualifierId': 213, 'value': '1.41'}, {'id': 5777560039, 'qualifierId': 140, 'value': '92.4'}]",2x310j2wycjsv4nzblfqd7sru,P. Linnehan,,,Portland Thorns,Home
2823787771,632,12,2,67,46,dzxypx8djih58p668surbi4qm,1,6.9,50.0,2025-06-22T03:31:02.851Z,2025-06-22T03:31:05Z,"[{'id': 5777560089, 'qualifierId': 140, 'value': '17.8'}, {'id': 5777560093, 'qualifierId': 212, 'value': '17.2'}, {'id': 5777560095, 'qualifierId': 213, 'value': '0.84'}, {'id': 5777560087, 'qualifierId': 56, 'value': 'Back'}, {'id': 5777560091, 'qualifierId': 141, 'value': '68.8'}]",11u4dj0z0p616zx9gsnil66ay,S. Staab,,,Chicago Stars,Away
2823787775,633,49,2,67,49,dzxypx8djih58p668surbi4qm,1,18.4,70.5,2025-06-22T03:31:05.107Z,2025-06-22T03:31:05Z,[],6alny8atonddyhmltw3dgo1d5,J. Grosso,,,Chicago Stars,Away
2823787787,646,83,2,67,51,446mp88j1vpk9iwui9fiifrp8,0,77.5,45.7,2025-06-22T03:31:07.752Z,2025-06-22T03:31:14Z,"[{'id': 5777560213, 'qualifierId': 399, 'value': '6alny8atonddyhmltw3dgo1d5'}]",7in4ykzbs8p44qy4jrb10p0wl,H. Sugita,,,Portland Thorns,Home
2823787795,634,1,2,67,54,dzxypx8djih58p668surbi4qm,1,29.0,61.4,2025-06-22T03:31:10.338Z,2025-06-22T03:31:11Z,"[{'id': 5777560189, 'qualifierId': 141, 'value': '43.0'}, {'id': 5777560187, 'qualifierId': 140, 'value': '42.9'}, {'id': 5777560193, 'qualifierId': 213, 'value': '5.57'}, {'id': 5777560191, 'qualifierId': 212, 'value': '19.2'}, {'id': 5777560185, 'qualifierId': 56, 'value': 'Back'}]",6alny8atonddyhmltw3dgo1d5,J. Grosso,,,Chicago Stars,Away
2823787801,635,1,2,67,55,dzxypx8djih58p668surbi4qm,1,43.1,43.0,2025-06-22T03:31:11.859Z,2025-06-22T03:31:15Z,"[{'id': 5777560223, 'qualifierId': 212, 'value': '17.1'}, {'id': 5777560219, 'qualifierId': 140, 'value': '53.7'}, {'id': 5777560225, 'qualifierId': 213, 'value': '5.42'}, {'id': 5777560217, 'qualifierId': 56, 'value': 'Center'}, {'id': 5777560221, 'qualifierId': 141, 'value': '23.9'}]",6e7scc2z7henelebs853mc844,A. Schlegel,,,Chicago Stars,Away
2823787803,636,3,2,67,59,dzxypx8djih58p668surbi4qm,0,57.2,16.8,2025-06-22T03:31:15.442Z,2025-06-22T03:31:29Z,"[{'id': 5777560329, 'qualifierId': 233, 'value': '647'}, {'id': 5777560229, 'qualifierId': 56, 'value': 'Right'}, {'id': 5777560231, 'qualifierId': 286}]",39jb2vzpuxxfhrr0px7tlk991,Nádia Gomes,,,Chicago Stars,Away
2823787809,647,7,2,67,59,446mp88j1vpk9iwui9fiifrp8,1,42.8,83.2,2025-06-22T03:31:15.443Z,2025-06-22T03:31:29Z,"[{'id': 5777560335, 'qualifierId': 233, 'value': '636'}, {'id': 5777560243, 'qualifierId': 285}, {'id': 5777560241, 'qualifierId': 56, 'value': 'Back'}, {'id': 5777560239, 'qualifierId': 167}]",cmolam8ri93kos2rasjhnuxyi,S. Coffey,,,Portland Thorns,Home
2823787807,637,5,2,68,3,dzxypx8djih58p668surbi4qm,1,61.0,-1.6,2025-06-22T03:31:18.963Z,2025-06-22T03:58:51Z,"[{'id': 5777560235, 'qualifierId': 56, 'value': 'Right'}, {'id': 5777560237, 'qualifierId': 347}, {'id': 5777560289, 'qualifierId': 233, 'value': '648'}]",39jb2vzpuxxfhrr0px7tlk991,Nádia Gomes,,,Chicago Stars,Away
2823787815,648,5,2,68,3,446mp88j1vpk9iwui9fiifrp8,0,39.0,101.6,2025-06-22T03:31:18.963Z,2025-06-22T03:58:52Z,"[{'id': 5777560293, 'qualifierId': 233, 'value': '637'}, {'id': 5777560285, 'qualifierId': 56, 'value': 'Back'}, {'id': 5777560287, 'qualifierId': 347}]",cmolam8ri93kos2rasjhnuxyi,S. Coffey,,,Portland Thorns,Home
2823787823,638,1,2,68,6,dzxypx8djih58p668surbi4qm,1,56.8,0.0,2025-06-22T03:31:22.818Z,2025-06-22T03:31:28Z,"[{'id': 5777560315, 'qualifierId': 107}, {'id': 5777560323, 'qualifierId': 212, 'value': '17.6'}, {'id': 5777560319, 'qualifierId': 140, 'value': '42.8'}, {'id': 5777560317, 'qualifierId': 56, 'value': 'Back'}, {'id': 5777560325, 'qualifierId': 213, 'value': '2.56'}, {'id': 5777560321, 'qualifierId': 141, 'value': '13.1'}]",39jb2vzpuxxfhrr0px7tlk991,Nádia Gomes,,,Chicago Stars,Away
2823787841,639,1,2,68,12,dzxypx8djih58p668surbi4qm,1,53.7,10.0,2025-06-22T03:31:28.803Z,2025-06-22T03:31:37Z,"[{'id': 5777560435, 'qualifierId': 212, 'value': '16.0'}, {'id': 5777560431, 'qualifierId': 140, 'value': '68.8'}, {'id': 5777560429, 'qualifierId': 56, 'value': 'Right'}, {'id': 5777560437, 'qualifierId': 213, 'value': '6.17'}, {'id': 5777560433, 'qualifierId': 141, 'value': '7.3'}]",v0k2w41tlj0elpj7nrw68onp,N. Kuikka,,,Chicago Stars,Away
2823787849,640,1,2,68,21,dzxypx8djih58p668surbi4qm,1,69.0,32.4,2025-06-22T03:31:37.218Z,2025-06-22T03:31:38Z,"[{'id': 5777560477, 'qualifierId': 212, 'value': '7.4'}, {'id': 5777560479, 'qualifierId': 213, 'value': '5.67'}, {'id': 5777560475, 'qualifierId': 141, 'value': '26.1'}, {'id': 5777560471, 'qualifierId': 56, 'value': 'Center'}, {'id': 5777560473, 'qualifierId': 140, 'value': '74.8'}]",39jb2vzpuxxfhrr0px7tlk991,Nádia Gomes,,,Chicago Stars,Away
2823787847,649,83,2,68,21,446mp88j1vpk9iwui9fiifrp8,0,35.1,55.2,2025-06-22T03:31:37.816Z,2025-06-22T03:31:42Z,"[{'id': 5777560541, 'qualifierId': 399, 'value': '6alny8atonddyhmltw3dgo1d5'}]",7whcppsae8rxxj20zaxpx1wq1,K. Torpey,,,Portland Thorns,Home
2823787857,641,1,2,68,22,dzxypx8djih58p668surbi4qm,1,74.8,26.1,2025-06-22T03:31:38.131Z,2025-06-22T03:31:41Z,"[{'id': 5777560513, 'qualifierId': 141, 'value': '15.9'}, {'id': 5777560509, 'qualifierId': 56, 'value': 'Right'}, {'id': 5777560517, 'qualifierId': 213, 'value': '5.82'}, {'id': 5777560511, 'qualifierId': 140, 'value': '88.0'}, {'id': 5777560515, 'qualifierId': 212, 'value': '15.5'}]",6alny8atonddyhmltw3dgo1d5,J. Grosso,,,Chicago Stars,Away
2823787859,642,1,2,68,25,dzxypx8djih58p668surbi4qm,1,92.2,20.0,2025-06-22T03:31:41.283Z,2025-06-22T03:31:52Z,"[{'id': 5777560531, 'qualifierId': 212, 'value': '41.2'}, {'id': 5777560523, 'qualifierId': 155}, {'id': 5777560525, 'qualifierId': 56, 'value': 'Left'}, {'id': 5777560521, 'qualifierId': 2}, {'id': 5777560533, 'qualifierId': 213, 'value': '1.57'}, {'id': 5777560529, 'qualifierId': 141, 'value': '80.6'}, {'id': 5777560711, 'qualifierId': 1}, {'id': 5777560527, 'qualifierId': 140, 'value': '92.2'}]",6e7scc2z7henelebs853mc844,A. Schlegel,,,Chicago Stars,Away
2823787899,650,83,2,68,34,446mp88j1vpk9iwui9fiifrp8,0,7.5,10.1,2025-06-22T03:31:50.535Z,2025-06-22T03:31:53Z,"[{'id': 5777560725, 'qualifierId': 399, 'value': '4tnm3hxzav142ow867jwcozkk'}]",2x310j2wycjsv4nzblfqd7sru,P. Linnehan,,,Portland Thorns,Home
2823787901,643,1,2,68,36,dzxypx8djih58p668surbi4qm,1,86.6,86.9,2025-06-22T03:31:52.386Z,2025-06-22T03:31:57Z,"[{'id': 5777560719, 'qualifierId': 212, 'value': '16.0'}, {'id': 5777560713, 'qualifierId': 56, 'value': 'Left'}, {'id': 5777560721, 'qualifierId': 213, 'value': '3.07'}, {'id': 5777560717, 'qualifierId': 141, 'value': '88.7'}, {'id': 5777560715, 'qualifierId': 140, 'value': '71.4'}]",4tnm3hxzav142ow867jwcozkk,T. Malham,,,Chicago Stars,Away
2823787903,644,1,2,68,41,dzxypx8djih58p668surbi4qm,0,73.7,95.0,2025-06-22T03:31:57.331Z,2025-06-22T03:32:01Z,"[{'id': 5777560765, 'qualifierId': 236}, {'id': 5777560747, 'qualifierId': 213, 'value': '0.31'}, {'id': 5777560739, 'qualifierId': 56, 'value': 'Left'}, {'id': 5777560743, 'qualifierId': 141, 'value': '97.5'}, {'id': 5777560771, 'qualifierId': 286}, {'id': 5777560767, 'qualifierId': 233, 'value': '651'}, {'id': 5777560741, 'qualifierId': 140, 'value': '78.8'}, {'id': 5777560745, 'qualifierId': 212, 'value': '5.6'}]",11u4dj0z0p616zx9gsnil66ay,S. Staab,,,Chicago Stars,Away
2823787905,651,74,2,68,41,446mp88j1vpk9iwui9fiifrp8,1,26.2,9.2,2025-06-22T03:31:57.332Z,2025-06-22T04:01:01Z,"[{'id': 5777560773, 'qualifierId': 233, 'value': '644'}, {'id': 5777560757, 'qualifierId': 285}, {'id': 5777560755, 'qualifierId': 56, 'value': 'Back'}]",2x310j2wycjsv4nzblfqd7sru,P. Linnehan,,,Portland Thorns,Home
2823787917,645,1,2,68,47,dzxypx8djih58p668surbi4qm,1,69.9,77.5,2025-06-22T03:32:03.010Z,2025-06-22T03:32:04Z,"[{'id': 5777560833, 'qualifierId': 212, 'value': '11.0'}, {'id': 5777560835, 'qualifierId': 213, 'value': '6.02'}, {'id': 5777560831, 'qualifierId': 141, 'value': '73.3'}, {'id': 5777560827, 'qualifierId': 56, 'value': 'Center'}, {'id': 5777560829, 'qualifierId': 140, 'value': '80.0'}]",11u4dj0z0p616zx9gsnil66ay,S. Staab,,,Chicago Stars,Away
2823787925,646,1,2,68,47,dzxypx8djih58p668surbi4qm,1,80.1,73.3,2025-06-22T03:32:03.939Z,2025-06-22T03:32:06Z,"[{'id': 5777560865, 'qualifierId': 213, 'value': '1.49'}, {'id': 5777560861, 'qualifierId': 141, 'value': '90.3'}, {'id': 5777560857, 'qualifierId': 56, 'value': 'Left'}, {'id': 5777560859, 'qualifierId': 140, 'value': '81.0'}, {'id': 5777560863, 'qualifierId': 212, 'value': '11.6'}]",6alny8atonddyhmltw3dgo1d5,J. Grosso,,,Chicago Stars,Away
2823787933,647,1,2,68,50,dzxypx8djih58p668surbi4qm,0,82.8,84.2,2025-06-22T03:32:05.986Z,2025-06-22T03:34:33Z,"[{'id': 5777560907, 'qualifierId': 213, 'value': '5.01'}, {'id': 5777560895, 'qualifierId': 2}, {'id': 5777560897, 'qualifierId': 155}, {'id': 5777560901, 'qualifierId': 140, 'value': '89.9'}, {'id': 5777560905, 'qualifierId': 212, 'value': '25.1'}, {'id': 5777560903, 'qualifierId': 141, 'value': '48.9'}, {'id': 5777560899, 'qualifierId': 56, 'value': 'Center'}]",4tnm3hxzav142ow867jwcozkk,T. Malham,,,Chicago Stars,Away
2823787931,652,44,2,68,51,446mp88j1vpk9iwui9fiifrp8,1,12.0,53.6,2025-06-22T03:32:07.049Z,2025-06-22T04:01:16Z,"[{'id': 5777560887, 'qualifierId': 56, 'value': 'Back'}, {'id': 5777560927, 'qualifierId': 233, 'value': '648'}, {'id': 5777560889, 'qualifierId': 285}]",8oj7cqgjacle67i49w4a3gx6,I. Obaze,,,Portland Thorns,Home
2823787937,648,44,2,68,51,dzxypx8djih58p668surbi4qm,0,88.0,46.4,2025-06-22T03:32:07.050Z,2025-06-22T04:01:16Z,"[{'id': 5777560921, 'qualifierId': 56, 'value': 'Center'}, {'id': 5777560931, 'qualifierId': 233, 'value': '652'}, {'id': 5777560923, 'qualifierId': 286}]",6e7scc2z7henelebs853mc844,A. Schlegel,,,Chicago Stars,Away
2823787935,653,12,2,68,51,446mp88j1vpk9iwui9fiifrp8,1,11.9,54.3,2025-06-22T03:32:07.257Z,2025-06-22T03:32:09Z,"[{'id': 5777560913, 'qualifierId': 140, 'value': '21.4'}, {'id': 5777560911, 'qualifierId': 56, 'value': 'Back'}, {'id': 5777560915, 'qualifierId': 141, 'value': '56.1'}, {'id': 5777560919, 'qualifierId': 213, 'value': '0.12'}, {'id': 5777560925, 'qualifierId': 15}, {'id': 5777560917, 'qualifierId': 212, 'value': '10.0'}]",8oj7cqgjacle67i49w4a3gx6,I. Obaze,,,Portland Thorns,Home
2823787939,654,49,2,68,52,446mp88j1vpk9iwui9fiifrp8,1,21.4,56.1,2025-06-22T03:32:08.888Z,2025-06-22T03:32:09Z,[],cmolam8ri93kos2rasjhnuxyi,S. Coffey,,,Portland Thorns,Home
2823787941,655,1,2,68,53,446mp88j1vpk9iwui9fiifrp8,1,21.4,56.1,2025-06-22T03:32:09.032Z,2025-06-22T03:32:11Z,"[{'id': 5777560941, 'qualifierId': 141, 'value': '76.0'}, {'id': 5777560945, 'qualifierId': 213, 'value': '1.12'}, {'id': 5777560939, 'qualifierId': 140, 'value': '27.7'}, {'id': 5777560943, 'qualifierId': 212, 'value': '15.1'}, {'id': 5777560937, 'qualifierId': 56, 'value': 'Back'}]",cmolam8ri93kos2rasjhnuxyi,S. Coffey,,,Portland Thorns,Home
2823787947,656,1,2,68,55,446mp88j1vpk9iwui9fiifrp8,0,29.6,83.5,2025-06-22T03:32:11.240Z,2025-06-22T03:32:14Z,"[{'id': 5777560985, 'qualifierId': 1}, {'id': 5777560979, 'qualifierId': 141, 'value': '77.6'}, {'id': 5777560981, 'qualifierId': 212, 'value': '38.2'}, {'id': 5777560977, 'qualifierId': 140, 'value': '65.8'}, {'id': 5777560975, 'qualifierId': 56, 'value': 'Center'}, {'id': 5777560983, 'qualifierId': 213, 'value': '6.18'}]",7izc8t071mkrrgvptdjru467e,O. Moultrie,,,Portland Thorns,Home
2823787951,649,1,2,69,0,dzxypx8djih58p668surbi4qm,0,27.4,24.0,2025-06-22T03:32:16.915Z,2025-06-22T03:32:18Z,"[{'id': 5777561017, 'qualifierId': 1}, {'id': 5777561011, 'qualifierId': 141, 'value': '24.6'}, {'id': 5777561007, 'qualifierId': 56, 'value': 'Center'}, {'id': 5777561015, 'qualifierId': 213, 'value': '0.01'}, {'id': 5777561013, 'qualifierId': 212, 'value': '36.3'}, {'id': 5777561009, 'qualifierId': 140, 'value': '62.0'}]",6zzk0lgja87zs45h8btgheled,C. Onwualu,,,Chicago Stars,Away
2823787955,657,61,2,69,2,446mp88j1vpk9iwui9fiifrp8,0,43.7,74.1,2025-06-22T03:32:18.616Z,2025-06-22T03:32:18Z,"[{'id': 5777561035, 'qualifierId': 56, 'value': 'Back'}]",cmolam8ri93kos2rasjhnuxyi,S. Coffey,,,Portland Thorns,Home
2823787957,650,49,2,69,3,dzxypx8djih58p668surbi4qm,1,60.8,34.8,2025-06-22T03:32:19.891Z,2025-06-22T03:32:19Z,[],56jjwfa02gep01vggqojvfbe2,M. Hayashi,,,Chicago Stars,Away
2823787971,651,1,2,69,5,dzxypx8djih58p668surbi4qm,1,65.2,42.8,2025-06-22T03:32:21.059Z,2025-06-22T03:32:25Z,"[{'id': 5777561093, 'qualifierId': 140, 'value': '68.2'}, {'id': 5777561099, 'qualifierId': 213, 'value': '1.37'}, {'id': 5777561097, 'qualifierId': 212, 'value': '16.0'}, {'id': 5777561091, 'qualifierId': 56, 'value': 'Center'}, {'id': 5777561095, 'qualifierId': 141, 'value': '65.8'}]",56jjwfa02gep01vggqojvfbe2,M. Hayashi,,,Chicago Stars,Away
2823787973,652,1,2,69,9,dzxypx8djih58p668surbi4qm,0,70.4,65.4,2025-06-22T03:32:25.538Z,2025-06-22T03:32:25Z,"[{'id': 5777561105, 'qualifierId': 140, 'value': '80.3'}, {'id': 5777561107, 'qualifierId': 141, 'value': '58.5'}, {'id': 5777561111, 'qualifierId': 213, 'value': '5.86'}, {'id': 5777561103, 'qualifierId': 56, 'value': 'Center'}, {'id': 5777561109, 'qualifierId': 212, 'value': '11.4'}]",19udx179xugqp84qo9rsq0nhl,S. Groom,,,Chicago Stars,Away
2823787975,658,49,2,69,10,446mp88j1vpk9iwui9fiifrp8,1,24.6,38.8,2025-06-22T03:32:26.648Z,2025-06-22T03:32:26Z,[],7whcppsae8rxxj20zaxpx1wq1,K. Torpey,,,Portland Thorns,Home
2823787979,659,1,2,69,10,446mp88j1vpk9iwui9fiifrp8,1,23.6,38.2,2025-06-22T03:32:26.920Z,2025-06-22T03:32:28Z,"[{'id': 5777561129, 'qualifierId': 141, 'value': '55.5'}, {'id': 5777561131, 'qualifierId': 212, 'value': '12.8'}, {'id': 5777561133, 'qualifierId': 213, 'value': '1.17'}, {'id': 5777561127, 'qualifierId': 140, 'value': '28.3'}, {'id': 5777561125, 'qualifierId': 56, 'value': 'Back'}]",7whcppsae8rxxj20zaxpx1wq1,K. Torpey,,,Portland Thorns,Home
2823787987,660,1,2,69,12,446mp88j1vpk9iwui9fiifrp8,1,27.1,56.7,2025-06-22T03:32:27.976Z,2025-06-22T03:32:30Z,"[{'id': 5777561171, 'qualifierId': 213, 'value': '2.26'}, {'id': 5777561167, 'qualifierId': 141, 'value': '69.7'}, {'id': 5777561165, 'qualifierId': 140, 'value': '20.1'}, {'id': 5777561163, 'qualifierId': 56, 'value': 'Back'}, {'id': 5777561169, 'qualifierId': 212, 'value': '11.5'}]",7in4ykzbs8p44qy4jrb10p0wl,H. Sugita,,,Portland Thorns,Home
2823787997,661,1,2,69,14,446mp88j1vpk9iwui9fiifrp8,1,20.6,66.0,2025-06-22T03:32:30.808Z,2025-06-22T03:32:33Z,"[{'id': 5777561219, 'qualifierId': 213, 'value': '5.65'}, {'id': 5777561213, 'qualifierId': 140, 'value': '24.9'}, {'id': 5777561217, 'qualifierId': 212, 'value': '5.6'}, {'id': 5777561215, 'qualifierId': 141, 'value': '61.1'}, {'id': 5777561211, 'qualifierId': 56, 'value': 'Back'}]",615vz7uoe3eiozddbe206io6h,R. Reyes,,,Portland Thorns,Home
2823788009,662,1,2,69,17,446mp88j1vpk9iwui9fiifrp8,1,26.5,68.8,2025-06-22T03:32:33.144Z,2025-06-22T03:32:38Z,"[{'id': 5777561275, 'qualifierId': 212, 'value': '10.7'}, {'id': 5777561271, 'qualifierId': 140, 'value': '29.5'}, {'id': 5777561277, 'qualifierId': 213, 'value': '1.27'}, {'id': 5777561269, 'qualifierId': 56, 'value': 'Back'}, {'id': 5777561273, 'qualifierId': 141, 'value': '83.9'}]",7izc8t071mkrrgvptdjru467e,O. Moultrie,,,Portland Thorns,Home
2823788023,663,1,2,69,22,446mp88j1vpk9iwui9fiifrp8,1,34.0,89.7,2025-06-22T03:32:38.121Z,2025-06-22T03:32:44Z,"[{'id': 5777561375, 'qualifierId': 140, 'value': '67.2'}, {'id': 5777561373, 'qualifierId': 56, 'value': 'Left'}, {'id': 5777561377, 'qualifierId': 141, 'value': '93.0'}, {'id': 5777561383, 'qualifierId': 1}, {'id': 5777561381, 'qualifierId': 213, 'value': '0.06'}, {'id': 5777561379, 'qualifierId': 212, 'value': '34.9'}]",7in4ykzbs8p44qy4jrb10p0wl,H. Sugita,,,Portland Thorns,Home
2823788025,664,3,2,69,28,446mp88j1vpk9iwui9fiifrp8,0,68.2,83.6,2025-06-22T03:32:44.391Z,2025-06-22T04:07:42Z,"[{'id': 5777561389, 'qualifierId': 286}, {'id': 5777561387, 'qualifierId': 56, 'value': 'Left'}, {'id': 5777561417, 'qualifierId': 233, 'value': '653'}]",5b2dire687lp3dasdj2z3n0q2,R. Turner,,,Portland Thorns,Home
2823788031,653,7,2,69,28,dzxypx8djih58p668surbi4qm,1,31.8,16.4,2025-06-22T03:32:44.392Z,2025-06-22T04:07:42Z,"[{'id': 5777561407, 'qualifierId': 56, 'value': 'Back'}, {'id': 5777561409, 'qualifierId': 285}, {'id': 5777561413, 'qualifierId': 233, 'value': '664'}]",56jjwfa02gep01vggqojvfbe2,M. Hayashi,,,Chicago Stars,Away
2823788033,654,43,2,69,30,dzxypx8djih58p668surbi4qm,1,0.0,0.0,2025-06-22T03:32:46.605Z,2025-06-22T03:33:54Z,"[{'id': 5777562375, 'qualifierId': 144, 'value': '61'}, {'id': 5777561411, 'qualifierId': 56, 'value': 'Back'}]",v0k2w41tlj0elpj7nrw68onp,N. Kuikka,,,Chicago Stars,Away
2823788039,655,49,2,69,32,dzxypx8djih58p668surbi4qm,1,27.6,36.9,2025-06-22T03:32:48.533Z,2025-06-22T03:32:48Z,[],6zzk0lgja87zs45h8btgheled,C. Onwualu,,,Chicago Stars,Away
2823788057,656,1,2,69,32,dzxypx8djih58p668surbi4qm,1,27.6,36.9,2025-06-22T03:32:48.723Z,2025-06-22T03:32:53Z,"[{'id': 5777561535, 'qualifierId': 212, 'value': '5.1'}, {'id': 5777561531, 'qualifierId': 140, 'value': '32.4'}, {'id': 5777561529, 'qualifierId': 56, 'value': 'Back'}, {'id': 5777561537, 'qualifierId': 213, 'value': '6.08'}, {'id': 5777561533, 'qualifierId': 141, 'value': '35.4'}]",6zzk0lgja87zs45h8btgheled,C. Onwualu,,,Chicago Stars,Away
2823788061,657,1,2,69,37,dzxypx8djih58p668surbi4qm,1,32.0,46.7,2025-06-22T03:32:53.635Z,2025-06-22T03:32:55Z,"[{'id': 5777561559, 'qualifierId': 212, 'value': '8.0'}, {'id': 5777561557, 'qualifierId': 141, 'value': '35.8'}, {'id': 5777561553, 'qualifierId': 56, 'value': 'Back'}, {'id': 5777561555, 'qualifierId': 140, 'value': '29.2'}, {'id': 5777561561, 'qualifierId': 213, 'value': '4.33'}]",daze51b5849zsk2aqvgmkkbth,Maitane López,,,Chicago Stars,Away
2823788067,658,1,2,69,39,dzxypx8djih58p668surbi4qm,1,29.2,35.8,2025-06-22T03:32:55.747Z,2025-06-22T03:32:57Z,"[{'id': 5777561597, 'qualifierId': 212, 'value': '8.0'}, {'id': 5777561595, 'qualifierId': 141, 'value': '40.9'}, {'id': 5777561591, 'qualifierId': 56, 'value': 'Back'}, {'id': 5777561599, 'qualifierId': 213, 'value': '2.70'}, {'id': 5777561593, 'qualifierId': 140, 'value': '22.3'}]",56jjwfa02gep01vggqojvfbe2,M. Hayashi,,,Chicago Stars,Away
2823788077,659,1,2,69,41,dzxypx8djih58p668surbi4qm,1,22.3,40.9,2025-06-22T03:32:57.267Z,2025-06-22T03:33:01Z,"[{'id': 5777561643, 'qualifierId': 212, 'value': '17.1'}, {'id': 5777561637, 'qualifierId': 56, 'value': 'Back'}, {'id': 5777561641, 'qualifierId': 141, 'value': '66.0'}, {'id': 5777561645, 'qualifierId': 213, 'value': '1.52'}, {'id': 5777561639, 'qualifierId': 140, 'value': '23.2'}]",6zzk0lgja87zs45h8btgheled,C. Onwualu,,,Chicago Stars,Away
2823788085,660,1,2,69,44,dzxypx8djih58p668surbi4qm,1,23.2,72.0,2025-06-22T03:33:00.931Z,2025-06-22T03:33:04Z,"[{'id': 5777561691, 'qualifierId': 141, 'value': '96.3'}, {'id': 5777561687, 'qualifierId': 56, 'value': 'Back'}, {'id': 5777561695, 'qualifierId': 213, 'value': '1.37'}, {'id': 5777561689, 'qualifierId': 140, 'value': '26.4'}, {'id': 5777561693, 'qualifierId': 212, 'value': '16.9'}]",11u4dj0z0p616zx9gsnil66ay,S. Staab,,,Chicago Stars,Away
2823788097,661,1,2,69,48,dzxypx8djih58p668surbi4qm,1,25.1,95.6,2025-06-22T03:33:04.115Z,2025-06-22T03:33:09Z,"[{'id': 5777561747, 'qualifierId': 56, 'value': 'Back'}, {'id': 5777561753, 'qualifierId': 212, 'value': '8.9'}, {'id': 5777561749, 'qualifierId': 140, 'value': '21.8'}, {'id': 5777561755, 'qualifierId': 213, 'value': '4.31'}, {'id': 5777561751, 'qualifierId': 141, 'value': '83.6'}]",4tnm3hxzav142ow867jwcozkk,T. Malham,,,Chicago Stars,Away
2823788117,662,1,2,69,53,dzxypx8djih58p668surbi4qm,1,22.8,72.7,2025-06-22T03:33:09.539Z,2025-06-22T03:33:17Z,"[{'id': 5777561873, 'qualifierId': 212, 'value': '21.8'}, {'id': 5777561869, 'qualifierId': 140, 'value': '20.0'}, {'id': 5777561871, 'qualifierId': 141, 'value': '40.9'}, {'id': 5777561867, 'qualifierId': 56, 'value': 'Back'}, {'id': 5777561875, 'qualifierId': 213, 'value': '4.58'}]",11u4dj0z0p616zx9gsnil66ay,S. Staab,,,Chicago Stars,Away
2823788137,663,1,2,70,1,dzxypx8djih58p668surbi4qm,1,26.5,27.7,2025-06-22T03:33:17.347Z,2025-06-22T03:33:27Z,"[{'id': 5777561989, 'qualifierId': 141, 'value': '5.5'}, {'id': 5777561987, 'qualifierId': 140, 'value': '34.5'}, {'id': 5777561993, 'qualifierId': 213, 'value': '5.22'}, {'id': 5777561991, 'qualifierId': 212, 'value': '17.3'}, {'id': 5777561985, 'qualifierId': 56, 'value': 'Back'}]",6zzk0lgja87zs45h8btgheled,C. Onwualu,,,Chicago Stars,Away
2823788139,664,3,2,70,11,dzxypx8djih58p668surbi4qm,1,36.8,6.4,2025-06-22T03:33:27.097Z,2025-06-22T04:07:48Z,"[{'id': 5777561999, 'qualifierId': 286}, {'id': 5777562001, 'qualifierId': 233, 'value': '665'}, {'id': 5777561997, 'qualifierId': 56, 'value': 'Back'}]",v0k2w41tlj0elpj7nrw68onp,N. Kuikka,,,Chicago Stars,Away
2823788135,665,45,2,70,11,446mp88j1vpk9iwui9fiifrp8,0,63.2,93.6,2025-06-22T03:33:27.097Z,2025-06-22T04:07:48Z,"[{'id': 5777561983, 'qualifierId': 285}, {'id': 5777562005, 'qualifierId': 233, 'value': '664'}, {'id': 5777561981, 'qualifierId': 56, 'value': 'Left'}]",7izc8t071mkrrgvptdjru467e,O. Moultrie,,,Portland Thorns,Home
2823788143,665,1,2,70,12,dzxypx8djih58p668surbi4qm,1,43.5,16.4,2025-06-22T03:33:28.739Z,2025-06-22T03:33:30Z,"[{'id': 5777562025, 'qualifierId': 141, 'value': '19.5'}, {'id': 5777562021, 'qualifierId': 56, 'value': 'Right'}, {'id': 5777562027, 'qualifierId': 212, 'value': '16.2'}, {'id': 5777562029, 'qualifierId': 213, 'value': '0.13'}, {'id': 5777562023, 'qualifierId': 140, 'value': '58.8'}]",v0k2w41tlj0elpj7nrw68onp,N. Kuikka,,,Chicago Stars,Away
2823788145,666,1,2,70,14,dzxypx8djih58p668surbi4qm,0,58.8,19.5,2025-06-22T03:33:30.323Z,2025-06-22T03:33:31Z,"[{'id': 5777562037, 'qualifierId': 141, 'value': '24.0'}, {'id': 5777562039, 'qualifierId': 212, 'value': '7.5'}, {'id': 5777562035, 'qualifierId': 140, 'value': '52.3'}, {'id': 5777562043, 'qualifierId': 156}, {'id': 5777562041, 'qualifierId': 213, 'value': '2.72'}, {'id': 5777562033, 'qualifierId': 56, 'value': 'Center'}]",6e7scc2z7henelebs853mc844,A. Schlegel,,,Chicago Stars,Away
2823788151,666,49,2,70,16,446mp88j1vpk9iwui9fiifrp8,1,42.6,80.0,2025-06-22T03:33:32.616Z,2025-06-22T03:33:32Z,[],7in4ykzbs8p44qy4jrb10p0wl,H. Sugita,,,Portland Thorns,Home
2823788159,667,1,2,70,16,446mp88j1vpk9iwui9fiifrp8,1,42.6,80.0,2025-06-22T03:33:32.777Z,2025-06-22T03:33:35Z,"[{'id': 5777562107, 'qualifierId': 212, 'value': '11.2'}, {'id': 5777562109, 'qualifierId': 213, 'value': '2.24'}, {'id': 5777562105, 'qualifierId': 141, 'value': '93.0'}, {'id': 5777562101, 'qualifierId': 56, 'value': 'Back'}, {'id': 5777562103, 'qualifierId': 140, 'value': '36.0'}]",7in4ykzbs8p44qy4jrb10p0wl,H. Sugita,,,Portland Thorns,Home
2823788161,668,1,2,70,19,446mp88j1vpk9iwui9fiifrp8,1,40.9,93.5,2025-06-22T03:33:35.545Z,2025-06-22T03:33:36Z,"[{'id': 5777562115, 'qualifierId': 140, 'value': '52.5'}, {'id': 5777562117, 'qualifierId': 141, 'value': '93.9'}, {'id': 5777562121, 'qualifierId': 213, 'value': '0.02'}, {'id': 5777562113, 'qualifierId': 56, 'value': 'Left'}, {'id': 5777562119, 'qualifierId': 212, 'value': '12.2'}]",615vz7uoe3eiozddbe206io6h,R. Reyes,,,Portland Thorns,Home
2823788163,669,1,2,70,20,446mp88j1vpk9iwui9fiifrp8,0,54.2,93.6,2025-06-22T03:33:36.841Z,2025-06-22T03:33:38Z,"[{'id': 5777562127, 'qualifierId': 140, 'value': '52.1'}, {'id': 5777562129, 'qualifierId': 141, 'value': '91.8'}, {'id': 5777562149, 'qualifierId': 286}, {'id': 5777562125, 'qualifierId': 56, 'value': 'Left'}, {'id': 5777562145, 'qualifierId': 233, 'value': '667'}, {'id': 5777562133, 'qualifierId': 213, 'value': '3.65'}, {'id': 5777562131, 'qualifierId': 212, 'value': '2.5'}, {'id': 5777562143, 'qualifierId': 236}]",7izc8t071mkrrgvptdjru467e,O. Moultrie,,,Portland Thorns,Home
2823788167,667,74,2,70,20,dzxypx8djih58p668surbi4qm,1,43.0,4.6,2025-06-22T03:33:36.842Z,2025-06-22T04:01:02Z,"[{'id': 5777562151, 'qualifierId': 233, 'value': '669'}, {'id': 5777562139, 'qualifierId': 56, 'value': 'Back'}, {'id': 5777562141, 'qualifierId': 285}]",39jb2vzpuxxfhrr0px7tlk991,Nádia Gomes,,,Chicago Stars,Away
2823788173,668,5,2,70,24,dzxypx8djih58p668surbi4qm,0,35.0,-1.4,2025-06-22T03:33:40.357Z,2025-06-22T03:33:44Z,"[{'id': 5777562203, 'qualifierId': 233, 'value': '670'}, {'id': 5777562173, 'qualifierId': 56, 'value': 'Back'}, {'id': 5777562175, 'qualifierId': 347}]",39jb2vzpuxxfhrr0px7tlk991,Nádia Gomes,,,Chicago Stars,Away
2823788175,670,5,2,70,24,446mp88j1vpk9iwui9fiifrp8,1,65.0,101.4,2025-06-22T03:33:40.357Z,2025-06-22T03:58:52Z,"[{'id': 5777562185, 'qualifierId': 233, 'value': '668'}, {'id': 5777562181, 'qualifierId': 56, 'value': 'Left'}, {'id': 5777562183, 'qualifierId': 347}]",7izc8t071mkrrgvptdjru467e,O. Moultrie,,,Portland Thorns,Home
2823788219,671,1,2,70,40,446mp88j1vpk9iwui9fiifrp8,1,57.9,100.0,2025-06-22T03:33:56.056Z,2025-06-22T03:33:58Z,"[{'id': 5777562403, 'qualifierId': 56, 'value': 'Left'}, {'id': 5777562411, 'qualifierId': 213, 'value': '5.59'}, {'id': 5777562405, 'qualifierId': 140, 'value': '68.5'}, {'id': 5777562401, 'qualifierId': 107}, {'id': 5777562409, 'qualifierId': 212, 'value': '14.5'}, {'id': 5777562407, 'qualifierId': 141, 'value': '88.1'}]",615vz7uoe3eiozddbe206io6h,R. Reyes,,,Portland Thorns,Home
2823788223,672,44,2,70,42,446mp88j1vpk9iwui9fiifrp8,1,72.4,84.6,2025-06-22T03:33:58.744Z,2025-06-22T03:34:02Z,"[{'id': 5777562421, 'qualifierId': 286}, {'id': 5777562419, 'qualifierId': 56, 'value': 'Left'}, {'id': 5777562423, 'qualifierId': 233, 'value': '669'}]",5b2dire687lp3dasdj2z3n0q2,R. Turner,,,Portland Thorns,Home
2823788221,669,44,2,70,42,dzxypx8djih58p668surbi4qm,0,27.6,15.4,2025-06-22T03:33:58.745Z,2025-06-22T03:34:01Z,"[{'id': 5777562429, 'qualifierId': 233, 'value': '672'}, {'id': 5777562417, 'qualifierId': 285}, {'id': 5777562415, 'qualifierId': 56, 'value': 'Back'}]",6zzk0lgja87zs45h8btgheled,C. Onwualu,,,Chicago Stars,Away
2823788235,673,1,2,70,42,446mp88j1vpk9iwui9fiifrp8,0,68.5,88.1,2025-06-22T03:33:58.949Z,2025-06-22T03:35:14Z,"[{'id': 5777562475, 'qualifierId': 213, 'value': '5.71'}, {'id': 5777562471, 'qualifierId': 141, 'value': '82.7'}, {'id': 5777562467, 'qualifierId': 56, 'value': 'Left'}, {'id': 5777562473, 'qualifierId': 212, 'value': '6.8'}, {'id': 5777562469, 'qualifierId': 140, 'value': '73.9'}, {'id': 5777562465, 'qualifierId': 3}, {'id': 5777563345, 'qualifierId': 168}]",5b2dire687lp3dasdj2z3n0q2,R. Turner,,,Portland Thorns,Home
2823788233,670,49,2,70,44,dzxypx8djih58p668surbi4qm,1,23.8,24.6,2025-06-22T03:34:00.132Z,2025-06-22T03:36:16Z,[],39jb2vzpuxxfhrr0px7tlk991,Nádia Gomes,,,Chicago Stars,Away
2823788249,671,1,2,70,45,dzxypx8djih58p668surbi4qm,1,23.8,24.6,2025-06-22T03:34:01.124Z,2025-06-22T03:37:06Z,"[{'id': 5777562533, 'qualifierId': 141, 'value': '30.4'}, {'id': 5777562531, 'qualifierId': 140, 'value': '25.6'}, {'id': 5777562535, 'qualifierId': 212, 'value': '4.4'}, {'id': 5777562529, 'qualifierId': 56, 'value': 'Back'}, {'id': 5777562537, 'qualifierId': 213, 'value': '1.12'}]",39jb2vzpuxxfhrr0px7tlk991,Nádia Gomes,,,Chicago Stars,Away
2823788517,687,3,2,70,47,dzxypx8djih58p668surbi4qm,0,39.0,19.2,2025-06-22T03:34:03.933Z,2025-06-22T03:37:03Z,"[{'id': 5777564413, 'qualifierId': 233, 'value': '674'}, {'id': 5777564407, 'qualifierId': 286}, {'id': 5777564405, 'qualifierId': 56, 'value': 'Back'}]",56jjwfa02gep01vggqojvfbe2,M. Hayashi,,,Chicago Stars,Away
2823788245,674,7,2,70,47,446mp88j1vpk9iwui9fiifrp8,1,61.0,80.8,2025-06-22T03:34:03.934Z,2025-06-22T03:37:03Z,"[{'id': 5777563931, 'qualifierId': 285}, {'id': 5777563929, 'qualifierId': 56, 'value': 'Left'}, {'id': 5777564409, 'qualifierId': 233, 'value': '687'}]",7in4ykzbs8p44qy4jrb10p0wl,H. Sugita,,,Portland Thorns,Home
2823788255,676,49,2,70,48,446mp88j1vpk9iwui9fiifrp8,1,72.9,69.1,2025-06-22T03:34:04.506Z,2025-06-22T03:34:04Z,[],7in4ykzbs8p44qy4jrb10p0wl,H. Sugita,,,Portland Thorns,Home
2823788259,677,1,2,70,48,446mp88j1vpk9iwui9fiifrp8,1,72.9,69.1,2025-06-22T03:34:04.680Z,2025-06-22T03:34:05Z,"[{'id': 5777562563, 'qualifierId': 141, 'value': '56.1'}, {'id': 5777562559, 'qualifierId': 56, 'value': 'Center'}, {'id': 5777562567, 'qualifierId': 213, 'value': '4.65'}, {'id': 5777562561, 'qualifierId': 140, 'value': '72.4'}, {'id': 5777562565, 'qualifierId': 212, 'value': '8.9'}]",7in4ykzbs8p44qy4jrb10p0wl,H. Sugita,,,Portland Thorns,Home
2823788269,678,1,2,70,49,446mp88j1vpk9iwui9fiifrp8,1,73.0,54.3,2025-06-22T03:34:05.768Z,2025-06-22T03:34:22Z,"[{'id': 5777562627, 'qualifierId': 140, 'value': '86.9'}, {'id': 5777562783, 'qualifierId': 154}, {'id': 5777562781, 'qualifierId': 210, 'value': '14'}, {'id': 5777562629, 'qualifierId': 141, 'value': '54.3'}, {'id': 5777562625, 'qualifierId': 56, 'value': 'Center'}, {'id': 5777562633, 'qualifierId': 213, 'value': '0.00'}, {'id': 5777562631, 'qualifierId': 212, 'value': '14.6'}]",ek8x7y3jt0xcebttt75qi5exh,J. Fleming,1.0,,Portland Thorns,Home
2823788271,679,14,2,70,54,446mp88j1vpk9iwui9fiifrp8,1,86.4,60.1,2025-06-22T03:34:09.991Z,2025-06-22T03:34:22Z,"[{'id': 5777562795, 'qualifierId': 102, 'value': '49.9'}, {'id': 5777562791, 'qualifierId': 55, 'value': '678'}, {'id': 5777562713, 'qualifierId': 72}, {'id': 5777562639, 'qualifierId': 17}, {'id': 5777562787, 'qualifierId': 29}, {'id': 5777562799, 'qualifierId': 230, 'value': '98.9'}, {'id': 5777562785, 'qualifierId': 74}, {'id': 5777562637, 'qualifierId': 22}, {'id': 5777562797, 'qualifierId': 103, 'value': '40.5'}, {'id': 5777562641, 'qualifierId': 56, 'value': 'Center'}, {'id': 5777562801, 'qualifierId': 231, 'value': '52.3'}, {'id': 5777562789, 'qualifierId': 154}]",2x310j2wycjsv4nzblfqd7sru,P. Linnehan,,,Portland Thorns,Home
2823788281,672,5,2,70,56,dzxypx8djih58p668surbi4qm,1,-1.4,59.0,2025-06-22T03:34:12.040Z,2025-06-22T03:58:52Z,"[{'id': 5777562693, 'qualifierId': 233, 'value': '680'}, {'id': 5777562689, 'qualifierId': 56, 'value': 'Back'}, {'id': 5777562691, 'qualifierId': 346}]",39jb2vzpuxxfhrr0px7tlk991,Nádia Gomes,,,Chicago Stars,Away
2823788275,680,5,2,70,56,446mp88j1vpk9iwui9fiifrp8,0,101.4,41.0,2025-06-22T03:34:12.040Z,2025-06-22T03:34:14Z,"[{'id': 5777562699, 'qualifierId': 233, 'value': '672'}, {'id': 5777562661, 'qualifierId': 56, 'value': 'Center'}, {'id': 5777562663, 'qualifierId': 346}]",2x310j2wycjsv4nzblfqd7sru,P. Linnehan,,,Portland Thorns,Home
2823788317,673,1,2,71,16,dzxypx8djih58p668surbi4qm,1,4.6,54.9,2025-06-22T03:34:32.628Z,2025-06-22T03:34:34Z,"[{'id': 5777562929, 'qualifierId': 237}, {'id': 5777562915, 'qualifierId': 124}, {'id': 5777562923, 'qualifierId': 212, 'value': '25.9'}, {'id': 5777562919, 'qualifierId': 140, 'value': '11.5'}, {'id': 5777562931, 'qualifierId': 189}, {'id': 5777562921, 'qualifierId': 141, 'value': '18.3'}, {'id': 5777562917, 'qualifierId': 56, 'value': 'Back'}, {'id': 5777562925, 'qualifierId': 213, 'value': '5.00'}]",20qmwwdxbdp6ade3j9lssbvxm,H. Mackiewicz,,,Chicago Stars,Away
2823788325,674,1,2,71,18,dzxypx8djih58p668surbi4qm,0,11.5,18.2,2025-06-22T03:34:34.356Z,2025-06-22T03:34:35Z,"[{'id': 5777562951, 'qualifierId': 56, 'value': 'Back'}, {'id': 5777562955, 'qualifierId': 141, 'value': '30.3'}, {'id': 5777562957, 'qualifierId': 212, 'value': '13.7'}, {'id': 5777562953, 'qualifierId': 140, 'value': '21.9'}, {'id': 5777562959, 'qualifierId': 213, 'value': '0.65'}]",6zzk0lgja87zs45h8btgheled,C. Onwualu,,,Chicago Stars,Away
2823788335,681,1,2,71,19,446mp88j1vpk9iwui9fiifrp8,1,76.2,76.0,2025-06-22T03:34:35.864Z,2025-06-22T03:34:38Z,"[{'id': 5777563013, 'qualifierId': 212, 'value': '8.7'}, {'id': 5777563009, 'qualifierId': 140, 'value': '77.6'}, {'id': 5777563005, 'qualifierId': 3}, {'id': 5777563007, 'qualifierId': 56, 'value': 'Center'}, {'id': 5777563011, 'qualifierId': 141, 'value': '63.4'}, {'id': 5777563015, 'qualifierId': 213, 'value': '4.88'}]",7izc8t071mkrrgvptdjru467e,O. Moultrie,,,Portland Thorns,Home
2823788339,683,49,2,71,21,446mp88j1vpk9iwui9fiifrp8,1,80.7,48.4,2025-06-22T03:34:37.200Z,2025-06-22T03:37:18Z,[],ek8x7y3jt0xcebttt75qi5exh,J. Fleming,,,Portland Thorns,Home
2823788337,682,43,2,71,22,446mp88j1vpk9iwui9fiifrp8,1,0.0,0.0,2025-06-22T03:34:38.780Z,2025-06-22T03:37:27Z,"[{'id': 5777564753, 'qualifierId': 144, 'value': '1'}, {'id': 5777563021, 'qualifierId': 56, 'value': 'Center'}, {'id': 5777563025, 'qualifierId': 141, 'value': '40.9'}, {'id': 5777563023, 'qualifierId': 140, 'value': '82.8'}, {'id': 5777563027, 'qualifierId': 212, 'value': '9.7'}, {'id': 5777563029, 'qualifierId': 213, 'value': '4.91'}]",ek8x7y3jt0xcebttt75qi5exh,J. Fleming,,,Portland Thorns,Home
2823788347,684,1,2,71,24,446mp88j1vpk9iwui9fiifrp8,1,80.7,48.4,2025-06-22T03:34:40.344Z,2025-06-22T03:37:21Z,"[{'id': 5777563059, 'qualifierId': 213, 'value': '4.96'}, {'id': 5777563057, 'qualifierId': 212, 'value': '9.5'}, {'id': 5777563053, 'qualifierId': 140, 'value': '82.9'}, {'id': 5777563055, 'qualifierId': 141, 'value': '34.9'}, {'id': 5777563051, 'qualifierId': 56, 'value': 'Center'}]",ek8x7y3jt0xcebttt75qi5exh,J. Fleming,,,Portland Thorns,Home
2823788351,685,1,2,71,24,446mp88j1vpk9iwui9fiifrp8,1,82.9,34.9,2025-06-22T03:34:40.735Z,2025-06-22T03:37:32Z,"[{'id': 5777563071, 'qualifierId': 141, 'value': '42.2'}, {'id': 5777563349, 'qualifierId': 154}, {'id': 5777563067, 'qualifierId': 56, 'value': 'Center'}, {'id': 5777563075, 'qualifierId': 213, 'value': '1.99'}, {'id': 5777563073, 'qualifierId': 212, 'value': '5.4'}, {'id': 5777563069, 'qualifierId': 140, 'value': '80.8'}, {'id': 5777563347, 'qualifierId': 210, 'value': '15'}]",2x310j2wycjsv4nzblfqd7sru,P. Linnehan,1.0,,Portland Thorns,Home
2823788353,686,15,2,71,25,446mp88j1vpk9iwui9fiifrp8,1,80.8,42.2,2025-06-22T03:34:41.376Z,2025-06-22T03:37:33Z,"[{'id': 5777563361, 'qualifierId': 102, 'value': '51.9'}, {'id': 5777563365, 'qualifierId': 328}, {'id': 5777563203, 'qualifierId': 20}, {'id': 5777563353, 'qualifierId': 29}, {'id': 5777563357, 'qualifierId': 55, 'value': '685'}, {'id': 5777563085, 'qualifierId': 56, 'value': 'Center'}, {'id': 5777563373, 'qualifierId': 231, 'value': '50.7'}, {'id': 5777563081, 'qualifierId': 22}, {'id': 5777563207, 'qualifierId': 82}, {'id': 5777563369, 'qualifierId': 147, 'value': '43.1'}, {'id': 5777563355, 'qualifierId': 154}, {'id': 5777563351, 'qualifierId': 76}, {'id': 5777563363, 'qualifierId': 103, 'value': '19'}, {'id': 5777563367, 'qualifierId': 146, 'value': '82.7'}, {'id': 5777563371, 'qualifierId': 230, 'value': '99.4'}, {'id': 5777563083, 'qualifierId': 18}, {'id': 5777563387, 'qualifierId': 233, 'value': '675'}]",cmolam8ri93kos2rasjhnuxyi,S. Coffey,,,Portland Thorns,Home
2823788343,675,10,2,71,25,dzxypx8djih58p668surbi4qm,1,17.3,56.9,2025-06-22T03:34:41.476Z,2025-06-22T03:35:16Z,"[{'id': 5777563035, 'qualifierId': 94}, {'id': 5777563037, 'qualifierId': 56, 'value': 'Back'}, {'id': 5777563391, 'qualifierId': 233, 'value': '686'}]",daze51b5849zsk2aqvgmkkbth,Maitane López,,,Chicago Stars,Away
2823788357,687,1,2,71,27,446mp88j1vpk9iwui9fiifrp8,1,80.8,42.2,2025-06-22T03:34:43.160Z,2025-06-22T03:34:46Z,"[{'id': 5777563113, 'qualifierId': 212, 'value': '15.3'}, {'id': 5777563109, 'qualifierId': 140, 'value': '93.2'}, {'id': 5777563107, 'qualifierId': 56, 'value': 'Center'}, {'id': 5777563111, 'qualifierId': 141, 'value': '30.3'}, {'id': 5777563115, 'qualifierId': 213, 'value': '5.73'}]",cmolam8ri93kos2rasjhnuxyi,S. Coffey,,,Portland Thorns,Home
2823788359,688,1,2,71,30,446mp88j1vpk9iwui9fiifrp8,0,94.0,30.9,2025-06-22T03:34:46.664Z,2025-06-22T03:34:47Z,"[{'id': 5777563127, 'qualifierId': 212, 'value': '25.1'}, {'id': 5777563125, 'qualifierId': 141, 'value': '66.4'}, {'id': 5777563121, 'qualifierId': 56, 'value': 'Center'}, {'id': 5777563129, 'qualifierId': 213, 'value': '1.29'}, {'id': 5777563123, 'qualifierId': 140, 'value': '100.0'}, {'id': 5777563119, 'qualifierId': 155}]",2x310j2wycjsv4nzblfqd7sru,P. Linnehan,,,Portland Thorns,Home
2823788363,676,5,2,71,31,dzxypx8djih58p668surbi4qm,1,-0.8,35.2,2025-06-22T03:34:47.286Z,2025-06-22T03:58:52Z,"[{'id': 5777563167, 'qualifierId': 233, 'value': '689'}, {'id': 5777563147, 'qualifierId': 346}, {'id': 5777563145, 'qualifierId': 56, 'value': 'Back'}]",4tnm3hxzav142ow867jwcozkk,T. Malham,,,Chicago Stars,Away
2823788369,689,5,2,71,31,446mp88j1vpk9iwui9fiifrp8,0,100.8,64.8,2025-06-22T03:34:47.286Z,2025-06-22T03:58:53Z,"[{'id': 5777563165, 'qualifierId': 346}, {'id': 5777563171, 'qualifierId': 233, 'value': '676'}, {'id': 5777563163, 'qualifierId': 56, 'value': 'Center'}]",2x310j2wycjsv4nzblfqd7sru,P. Linnehan,,,Portland Thorns,Home
2823788389,677,1,2,71,47,dzxypx8djih58p668surbi4qm,1,3.9,52.1,2025-06-22T03:35:03.204Z,2025-06-22T03:35:04Z,"[{'id': 5777563287, 'qualifierId': 213, 'value': '1.31'}, {'id': 5777563283, 'qualifierId': 141, 'value': '80.3'}, {'id': 5777563277, 'qualifierId': 124}, {'id': 5777563293, 'qualifierId': 189}, {'id': 5777563291, 'qualifierId': 237}, {'id': 5777563285, 'qualifierId': 212, 'value': '19.9'}, {'id': 5777563279, 'qualifierId': 56, 'value': 'Back'}, {'id': 5777563281, 'qualifierId': 140, 'value': '8.8'}]",20qmwwdxbdp6ade3j9lssbvxm,H. Mackiewicz,,,Chicago Stars,Away
2823788391,678,1,2,71,49,dzxypx8djih58p668surbi4qm,1,9.0,80.8,2025-06-22T03:35:04.963Z,2025-06-22T03:35:05Z,"[{'id': 5777563297, 'qualifierId': 140, 'value': '21.1'}, {'id': 5777563301, 'qualifierId': 212, 'value': '15.9'}, {'id': 5777563295, 'qualifierId': 56, 'value': 'Back'}, {'id': 5777563299, 'qualifierId': 141, 'value': '94.8'}, {'id': 5777563303, 'qualifierId': 213, 'value': '0.64'}]",11u4dj0z0p616zx9gsnil66ay,S. Staab,,,Chicago Stars,Away
2823788395,679,1,2,71,49,dzxypx8djih58p668surbi4qm,1,21.1,94.8,2025-06-22T03:35:05.859Z,2025-06-22T03:35:09Z,"[{'id': 5777563323, 'qualifierId': 141, 'value': '84.4'}, {'id': 5777563319, 'qualifierId': 56, 'value': 'Back'}, {'id': 5777563327, 'qualifierId': 213, 'value': '5.58'}, {'id': 5777563325, 'qualifierId': 212, 'value': '10.9'}, {'id': 5777563321, 'qualifierId': 140, 'value': '29.0'}]",4tnm3hxzav142ow867jwcozkk,T. Malham,,,Chicago Stars,Away
2823788397,680,1,2,71,53,dzxypx8djih58p668surbi4qm,1,29.0,84.4,2025-06-22T03:35:09.667Z,2025-06-22T03:35:12Z,"[{'id': 5777563341, 'qualifierId': 213, 'value': '1.99'}, {'id': 5777563333, 'qualifierId': 56, 'value': 'Back'}, {'id': 5777563335, 'qualifierId': 140, 'value': '26.3'}, {'id': 5777563339, 'qualifierId': 212, 'value': '7.0'}, {'id': 5777563337, 'qualifierId': 141, 'value': '93.8'}]",6alny8atonddyhmltw3dgo1d5,J. Grosso,,,Chicago Stars,Away
2823788399,681,1,2,71,56,dzxypx8djih58p668surbi4qm,1,32.8,82.0,2025-06-22T03:35:12.468Z,2025-06-22T03:35:16Z,"[{'id': 5777563383, 'qualifierId': 213, 'value': '3.74'}, {'id': 5777563375, 'qualifierId': 56, 'value': 'Back'}, {'id': 5777563377, 'qualifierId': 140, 'value': '22.5'}, {'id': 5777563379, 'qualifierId': 141, 'value': '71.2'}, {'id': 5777563381, 'qualifierId': 212, 'value': '13.1'}]",19udx179xugqp84qo9rsq0nhl,S. Groom,,,Chicago Stars,Away
2823788401,682,1,2,72,0,dzxypx8djih58p668surbi4qm,1,25.0,70.2,2025-06-22T03:35:16.311Z,2025-06-22T03:35:22Z,"[{'id': 5777563401, 'qualifierId': 141, 'value': '21.3'}, {'id': 5777563405, 'qualifierId': 213, 'value': '5.07'}, {'id': 5777563395, 'qualifierId': 155}, {'id': 5777563403, 'qualifierId': 212, 'value': '35.6'}, {'id': 5777563397, 'qualifierId': 56, 'value': 'Back'}, {'id': 5777563407, 'qualifierId': 1}, {'id': 5777563399, 'qualifierId': 140, 'value': '37.0'}]",daze51b5849zsk2aqvgmkkbth,Maitane López,,,Chicago Stars,Away
2823788405,683,1,2,72,6,dzxypx8djih58p668surbi4qm,0,65.1,18.5,2025-06-22T03:35:22.195Z,2025-06-22T03:35:23Z,"[{'id': 5777563431, 'qualifierId': 212, 'value': '17.5'}, {'id': 5777563429, 'qualifierId': 141, 'value': '30.7'}, {'id': 5777563425, 'qualifierId': 56, 'value': 'Center'}, {'id': 5777563433, 'qualifierId': 213, 'value': '0.49'}, {'id': 5777563427, 'qualifierId': 140, 'value': '79.8'}]",v0k2w41tlj0elpj7nrw68onp,N. Kuikka,,,Chicago Stars,Away
2823788423,690,49,2,72,12,446mp88j1vpk9iwui9fiifrp8,1,7.0,90.5,2025-06-22T03:35:28.761Z,2025-06-22T03:35:28Z,[],8oj7cqgjacle67i49w4a3gx6,I. Obaze,,,Portland Thorns,Home
2823788429,691,1,2,72,13,446mp88j1vpk9iwui9fiifrp8,1,7.0,90.5,2025-06-22T03:35:29.096Z,2025-06-22T03:35:30Z,"[{'id': 5777563515, 'qualifierId': 155}, {'id': 5777563523, 'qualifierId': 212, 'value': '16.7'}, {'id': 5777563519, 'qualifierId': 140, 'value': '22.9'}, {'id': 5777563525, 'qualifierId': 213, 'value': '0.06'}, {'id': 5777563517, 'qualifierId': 56, 'value': 'Back'}, {'id': 5777563521, 'qualifierId': 141, 'value': '92.0'}]",8oj7cqgjacle67i49w4a3gx6,I. Obaze,,,Portland Thorns,Home
2823788431,684,45,2,72,14,dzxypx8djih58p668surbi4qm,0,77.3,8.1,2025-06-22T03:35:30.184Z,2025-06-22T04:07:49Z,"[{'id': 5777563533, 'qualifierId': 56, 'value': 'Right'}, {'id': 5777563535, 'qualifierId': 286}, {'id': 5777563571, 'qualifierId': 233, 'value': '692'}]",39jb2vzpuxxfhrr0px7tlk991,Nádia Gomes,,,Chicago Stars,Away
2823788437,692,3,2,72,14,446mp88j1vpk9iwui9fiifrp8,1,22.7,91.9,2025-06-22T03:35:30.184Z,2025-06-22T04:07:49Z,"[{'id': 5777563565, 'qualifierId': 285}, {'id': 5777563567, 'qualifierId': 233, 'value': '684'}, {'id': 5777563563, 'qualifierId': 56, 'value': 'Back'}]",7izc8t071mkrrgvptdjru467e,O. Moultrie,,,Portland Thorns,Home
2823788435,685,83,2,72,16,dzxypx8djih58p668surbi4qm,0,77.7,10.4,2025-06-22T03:35:32.580Z,2025-06-22T03:35:38Z,"[{'id': 5777563623, 'qualifierId': 399, 'value': '7izc8t071mkrrgvptdjru467e'}]",39jb2vzpuxxfhrr0px7tlk991,Nádia Gomes,,,Chicago Stars,Away
2823788443,693,1,2,72,16,446mp88j1vpk9iwui9fiifrp8,1,16.9,88.3,2025-06-22T03:35:32.920Z,2025-06-22T03:35:35Z,"[{'id': 5777563615, 'qualifierId': 213, 'value': '3.80'}, {'id': 5777563607, 'qualifierId': 56, 'value': 'Back'}, {'id': 5777563611, 'qualifierId': 141, 'value': '80.9'}, {'id': 5777563609, 'qualifierId': 140, 'value': '10.7'}, {'id': 5777563613, 'qualifierId': 212, 'value': '8.2'}]",7izc8t071mkrrgvptdjru467e,O. Moultrie,,,Portland Thorns,Home
2823788447,694,1,2,72,19,446mp88j1vpk9iwui9fiifrp8,1,11.7,80.9,2025-06-22T03:35:35.736Z,2025-06-22T03:35:38Z,"[{'id': 5777563631, 'qualifierId': 212, 'value': '21.0'}, {'id': 5777563629, 'qualifierId': 141, 'value': '65.1'}, {'id': 5777563625, 'qualifierId': 56, 'value': 'Back'}, {'id': 5777563627, 'qualifierId': 140, 'value': '28.9'}, {'id': 5777563633, 'qualifierId': 213, 'value': '5.75'}]",8oj7cqgjacle67i49w4a3gx6,I. Obaze,,,Portland Thorns,Home
2823788461,695,1,2,72,23,446mp88j1vpk9iwui9fiifrp8,1,43.5,46.0,2025-06-22T03:35:39.880Z,2025-06-22T03:35:46Z,"[{'id': 5777563691, 'qualifierId': 56, 'value': 'Right'}, {'id': 5777563695, 'qualifierId': 141, 'value': '7.4'}, {'id': 5777563693, 'qualifierId': 140, 'value': '63.7'}, {'id': 5777563701, 'qualifierId': 1}, {'id': 5777563697, 'qualifierId': 212, 'value': '33.7'}, {'id': 5777563699, 'qualifierId': 213, 'value': '5.39'}]",cmolam8ri93kos2rasjhnuxyi,S. Coffey,,,Portland Thorns,Home
2823788469,696,1,2,72,34,446mp88j1vpk9iwui9fiifrp8,1,67.0,5.4,2025-06-22T03:35:50.425Z,2025-06-22T03:36:50Z,"[{'id': 5777563751, 'qualifierId': 141, 'value': '16.0'}, {'id': 5777563755, 'qualifierId': 213, 'value': '1.57'}, {'id': 5777563749, 'qualifierId': 140, 'value': '67.0'}, {'id': 5777563747, 'qualifierId': 56, 'value': 'Right'}, {'id': 5777563753, 'qualifierId': 212, 'value': '7.2'}]",2x310j2wycjsv4nzblfqd7sru,P. Linnehan,,,Portland Thorns,Home
2823788477,697,43,2,72,35,446mp88j1vpk9iwui9fiifrp8,1,0.0,0.0,2025-06-22T03:35:51.416Z,2025-06-22T03:36:44Z,"[{'id': 5777563777, 'qualifierId': 213, 'value': '2.07'}, {'id': 5777563771, 'qualifierId': 140, 'value': '75.1'}, {'id': 5777563775, 'qualifierId': 212, 'value': '9.3'}, {'id': 5777563773, 'qualifierId': 141, 'value': '25.5'}, {'id': 5777564263, 'qualifierId': 144, 'value': '1'}, {'id': 5777563769, 'qualifierId': 56, 'value': 'Center'}]",7whcppsae8rxxj20zaxpx1wq1,K. Torpey,,,Portland Thorns,Home
2823788485,698,1,2,72,36,446mp88j1vpk9iwui9fiifrp8,1,75.1,25.5,2025-06-22T03:35:52.042Z,2025-06-22T03:36:52Z,"[{'id': 5777563805, 'qualifierId': 213, 'value': '5.65'}, {'id': 5777563799, 'qualifierId': 140, 'value': '88.9'}, {'id': 5777563801, 'qualifierId': 141, 'value': '10.0'}, {'id': 5777563797, 'qualifierId': 56, 'value': 'Right'}, {'id': 5777563803, 'qualifierId': 212, 'value': '17.9'}]",cmolam8ri93kos2rasjhnuxyi,S. Coffey,,,Portland Thorns,Home
2823788495,699,1,2,72,42,446mp88j1vpk9iwui9fiifrp8,1,92.0,5.6,2025-06-22T03:35:58.729Z,2025-06-22T03:36:02Z,"[{'id': 5777563847, 'qualifierId': 141, 'value': '5.5'}, {'id': 5777563851, 'qualifierId': 213, 'value': '3.15'}, {'id': 5777563849, 'qualifierId': 212, 'value': '16.0'}, {'id': 5777563845, 'qualifierId': 140, 'value': '76.8'}, {'id': 5777563843, 'qualifierId': 56, 'value': 'Right'}]",2x310j2wycjsv4nzblfqd7sru,P. Linnehan,,,Portland Thorns,Home
2823788501,700,1,2,72,46,446mp88j1vpk9iwui9fiifrp8,0,79.9,27.9,2025-06-22T03:36:01.992Z,2025-06-22T03:36:03Z,"[{'id': 5777563879, 'qualifierId': 213, 'value': '0.41'}, {'id': 5777563873, 'qualifierId': 140, 'value': '94.2'}, {'id': 5777563877, 'qualifierId': 212, 'value': '16.3'}, {'id': 5777563875, 'qualifierId': 141, 'value': '37.4'}, {'id': 5777563871, 'qualifierId': 56, 'value': 'Center'}]",7whcppsae8rxxj20zaxpx1wq1,K. Torpey,,,Portland Thorns,Home
2823788513,686,52,2,72,49,dzxypx8djih58p668surbi4qm,1,3.0,66.0,2025-06-22T03:36:05.363Z,2025-06-22T03:36:05Z,[],20qmwwdxbdp6ade3j9lssbvxm,H. Mackiewicz,,,Chicago Stars,Away
2823788533,688,27,2,73,6,dzxypx8djih58p668surbi4qm,1,0.0,0.0,2025-06-22T03:36:22.180Z,2025-06-22T03:36:25Z,"[{'id': 5777564059, 'qualifierId': 233, 'value': '701'}, {'id': 5777564051, 'qualifierId': 53, 'value': '6e7scc2z7henelebs853mc844'}, {'id': 5777564049, 'qualifierId': 41, 'value': 'Injury'}]",,,,,Chicago Stars,Away
2823788531,701,27,2,73,6,446mp88j1vpk9iwui9fiifrp8,1,0.0,0.0,2025-06-22T03:36:22.180Z,2025-06-22T03:36:25Z,"[{'id': 5777564053, 'qualifierId': 233, 'value': '688'}]",,,,,Portland Thorns,Home
2823788683,689,28,2,74,41,dzxypx8djih58p668surbi4qm,1,0.0,0.0,2025-06-22T03:37:57.633Z,2025-06-22T03:38:00Z,"[{'id': 5777565005, 'qualifierId': 233, 'value': '702'}, {'id': 5777564997, 'qualifierId': 55, 'value': '688'}]",,,,,Chicago Stars,Away
2823788681,702,28,2,74,41,446mp88j1vpk9iwui9fiifrp8,1,0.0,0.0,2025-06-22T03:37:57.633Z,2025-06-22T03:37:59Z,"[{'id': 5777565001, 'qualifierId': 233, 'value': '689'}, {'id': 5777564993, 'qualifierId': 55, 'value': '701'}]",,,,,Portland Thorns,Home
2823788699,703,18,2,74,54,446mp88j1vpk9iwui9fiifrp8,1,0.0,0.0,2025-06-22T03:38:10.130Z,2025-06-22T03:38:10Z,"[{'id': 5777565091, 'qualifierId': 59, 'value': '20'}, {'id': 5777565087, 'qualifierId': 42}, {'id': 5777565123, 'qualifierId': 55, 'value': '704'}, {'id': 5777565089, 'qualifierId': 44, 'value': 'Defender'}]",7whcppsae8rxxj20zaxpx1wq1,K. Torpey,,,Portland Thorns,Home
2823788703,704,19,2,74,54,446mp88j1vpk9iwui9fiifrp8,1,0.0,0.0,2025-06-22T03:38:10.131Z,2025-06-22T03:38:11Z,"[{'id': 5777565113, 'qualifierId': 292, 'value': '3'}, {'id': 5777565119, 'qualifierId': 55, 'value': '703'}, {'id': 5777565109, 'qualifierId': 145, 'value': '2'}, {'id': 5777565117, 'qualifierId': 44, 'value': 'Defender'}, {'id': 5777565105, 'qualifierId': 42}, {'id': 5777565111, 'qualifierId': 59, 'value': '29'}, {'id': 5777565115, 'qualifierId': 293, 'value': '2'}]",a0kl9l751uxo86g2k2chqtw5w,M. McKenzie,,,Portland Thorns,Home
2823788711,705,18,2,74,58,446mp88j1vpk9iwui9fiifrp8,1,0.0,0.0,2025-06-22T03:38:14.185Z,2025-06-22T03:38:14Z,"[{'id': 5777565153, 'qualifierId': 44, 'value': 'Forward'}, {'id': 5777565175, 'qualifierId': 55, 'value': '706'}, {'id': 5777565151, 'qualifierId': 42}, {'id': 5777565155, 'qualifierId': 59, 'value': '66'}]",5b2dire687lp3dasdj2z3n0q2,R. Turner,,,Portland Thorns,Home
2823788713,706,19,2,74,58,446mp88j1vpk9iwui9fiifrp8,1,0.0,0.0,2025-06-22T03:38:14.186Z,2025-06-22T03:38:15Z,"[{'id': 5777565163, 'qualifierId': 59, 'value': '77'}, {'id': 5777565161, 'qualifierId': 145, 'value': '9'}, {'id': 5777565165, 'qualifierId': 292, 'value': '9'}, {'id': 5777565169, 'qualifierId': 44, 'value': 'Forward'}, {'id': 5777565167, 'qualifierId': 293, 'value': '1'}, {'id': 5777565171, 'qualifierId': 55, 'value': '705'}, {'id': 5777565157, 'qualifierId': 42}]",1115fgmv9xa3nwx3bu19jr9pl,A. Spaanstra,,,Portland Thorns,Home
2823788795,690,1,2,75,31,dzxypx8djih58p668surbi4qm,1,9.6,56.6,2025-06-22T03:38:47.892Z,2025-06-22T03:38:51Z,"[{'id': 5777565583, 'qualifierId': 140, 'value': '61.7'}, {'id': 5777565585, 'qualifierId': 141, 'value': '61.7'}, {'id': 5777565579, 'qualifierId': 199}, {'id': 5777565581, 'qualifierId': 56, 'value': 'Center'}, {'id': 5777565609, 'qualifierId': 1}, {'id': 5777565589, 'qualifierId': 213, 'value': '0.06'}, {'id': 5777565587, 'qualifierId': 212, 'value': '54.8'}]",20qmwwdxbdp6ade3j9lssbvxm,H. Mackiewicz,,,Chicago Stars,Away
2823788803,691,44,2,75,34,dzxypx8djih58p668surbi4qm,1,65.6,56.3,2025-06-22T03:38:50.936Z,2025-06-22T04:01:16Z,"[{'id': 5777565615, 'qualifierId': 233, 'value': '707'}, {'id': 5777565611, 'qualifierId': 56, 'value': 'Center'}, {'id': 5777565613, 'qualifierId': 286}]",19udx179xugqp84qo9rsq0nhl,S. Groom,,,Chicago Stars,Away
2823788799,707,44,2,75,34,446mp88j1vpk9iwui9fiifrp8,0,34.4,43.7,2025-06-22T03:38:50.937Z,2025-06-22T04:01:17Z,"[{'id': 5777565619, 'qualifierId': 233, 'value': '691'}, {'id': 5777565603, 'qualifierId': 285}, {'id': 5777565601, 'qualifierId': 56, 'value': 'Back'}]",74uudh34v23m2z9gy5tdppxey,S. Hiatt,,,Portland Thorns,Home
2823788811,692,1,2,75,35,dzxypx8djih58p668surbi4qm,0,61.7,61.7,2025-06-22T03:38:51.556Z,2025-06-22T03:38:53Z,"[{'id': 5777565649, 'qualifierId': 212, 'value': '12.4'}, {'id': 5777565643, 'qualifierId': 56, 'value': 'Center'}, {'id': 5777565651, 'qualifierId': 213, 'value': '0.73'}, {'id': 5777565639, 'qualifierId': 3}, {'id': 5777565647, 'qualifierId': 141, 'value': '73.8'}, {'id': 5777565645, 'qualifierId': 140, 'value': '70.5'}, {'id': 5777565641, 'qualifierId': 168}]",19udx179xugqp84qo9rsq0nhl,S. Groom,,,Chicago Stars,Away
2823788821,708,1,2,75,39,446mp88j1vpk9iwui9fiifrp8,1,34.1,32.2,2025-06-22T03:38:55.832Z,2025-06-22T03:38:58Z,"[{'id': 5777565721, 'qualifierId': 141, 'value': '28.2'}, {'id': 5777565725, 'qualifierId': 213, 'value': '3.41'}, {'id': 5777565717, 'qualifierId': 56, 'value': 'Back'}, {'id': 5777565723, 'qualifierId': 212, 'value': '10.4'}, {'id': 5777565719, 'qualifierId': 140, 'value': '24.5'}, {'id': 5777565715, 'qualifierId': 3}]",7in4ykzbs8p44qy4jrb10p0wl,H. Sugita,,,Portland Thorns,Home
2823788841,693,27,2,75,41,dzxypx8djih58p668surbi4qm,1,0.0,0.0,2025-06-22T03:38:57.946Z,2025-06-22T03:39:09Z,"[{'id': 5777565827, 'qualifierId': 233, 'value': '709'}, {'id': 5777565807, 'qualifierId': 53, 'value': '19udx179xugqp84qo9rsq0nhl'}, {'id': 5777565805, 'qualifierId': 41, 'value': 'Injury'}]",,,,,Chicago Stars,Away
2823788823,709,27,2,75,41,446mp88j1vpk9iwui9fiifrp8,1,0.0,0.0,2025-06-22T03:38:57.946Z,2025-06-22T03:39:08Z,"[{'id': 5777565811, 'qualifierId': 233, 'value': '693'}]",,,,,Portland Thorns,Home
2823788947,694,28,2,76,46,dzxypx8djih58p668surbi4qm,1,0.0,0.0,2025-06-22T03:40:02.769Z,2025-06-22T03:40:06Z,"[{'id': 5777566393, 'qualifierId': 233, 'value': '710'}, {'id': 5777566373, 'qualifierId': 55, 'value': '693'}]",,,,,Chicago Stars,Away
2823788933,710,28,2,76,46,446mp88j1vpk9iwui9fiifrp8,1,0.0,0.0,2025-06-22T03:40:02.769Z,2025-06-22T03:40:06Z,"[{'id': 5777566303, 'qualifierId': 55, 'value': '709'}, {'id': 5777566389, 'qualifierId': 233, 'value': '694'}]",,,,,Portland Thorns,Home
2823789019,695,68,2,77,21,dzxypx8djih58p668surbi4qm,0,73.2,65.4,2025-06-22T03:40:37.374Z,2025-06-22T03:40:43Z,"[{'id': 5777566811, 'qualifierId': 189}]",,,,,Chicago Stars,Away
2823789015,711,68,2,77,21,446mp88j1vpk9iwui9fiifrp8,1,24.5,28.2,2025-06-22T03:40:37.562Z,2025-06-22T03:40:49Z,"[{'id': 5777566911, 'qualifierId': 189}]",,,,,Portland Thorns,Home
2823789021,712,1,2,77,23,446mp88j1vpk9iwui9fiifrp8,1,24.5,28.2,2025-06-22T03:40:39.689Z,2025-06-22T03:40:40Z,"[{'id': 5777566803, 'qualifierId': 141, 'value': '52.1'}, {'id': 5777566807, 'qualifierId': 213, 'value': '1.92'}, {'id': 5777566799, 'qualifierId': 56, 'value': 'Back'}, {'id': 5777566805, 'qualifierId': 212, 'value': '17.3'}, {'id': 5777566801, 'qualifierId': 140, 'value': '18.9'}]",74uudh34v23m2z9gy5tdppxey,S. Hiatt,,,Portland Thorns,Home
2823789025,713,1,2,77,24,446mp88j1vpk9iwui9fiifrp8,1,18.9,52.1,2025-06-22T03:40:40.713Z,2025-06-22T03:40:44Z,"[{'id': 5777566855, 'qualifierId': 140, 'value': '22.6'}, {'id': 5777566861, 'qualifierId': 213, 'value': '1.30'}, {'id': 5777566853, 'qualifierId': 56, 'value': 'Back'}, {'id': 5777566857, 'qualifierId': 141, 'value': '72.3'}, {'id': 5777566859, 'qualifierId': 212, 'value': '14.3'}]",1yva0f096q2oqk5gz59utr42y,B. Bixby,,,Portland Thorns,Home
2823789031,714,1,2,77,28,446mp88j1vpk9iwui9fiifrp8,1,22.6,72.3,2025-06-22T03:40:44.200Z,2025-06-22T03:40:49Z,"[{'id': 5777566907, 'qualifierId': 213, 'value': '4.49'}, {'id': 5777566905, 'qualifierId': 212, 'value': '17.2'}, {'id': 5777566901, 'qualifierId': 140, 'value': '19.0'}, {'id': 5777566903, 'qualifierId': 141, 'value': '47.6'}, {'id': 5777566899, 'qualifierId': 56, 'value': 'Back'}]",8oj7cqgjacle67i49w4a3gx6,I. Obaze,,,Portland Thorns,Home
2823789037,715,1,2,77,33,446mp88j1vpk9iwui9fiifrp8,1,16.4,38.0,2025-06-22T03:40:49.080Z,2025-06-22T03:40:54Z,"[{'id': 5777566943, 'qualifierId': 141, 'value': '69.1'}, {'id': 5777566941, 'qualifierId': 140, 'value': '21.4'}, {'id': 5777566945, 'qualifierId': 212, 'value': '21.8'}, {'id': 5777566947, 'qualifierId': 213, 'value': '1.33'}, {'id': 5777566939, 'qualifierId': 56, 'value': 'Back'}]",1yva0f096q2oqk5gz59utr42y,B. Bixby,,,Portland Thorns,Home
2823789053,716,1,2,77,38,446mp88j1vpk9iwui9fiifrp8,1,22.6,69.9,2025-06-22T03:40:54.025Z,2025-06-22T03:41:02Z,"[{'id': 5777567019, 'qualifierId': 213, 'value': '4.81'}, {'id': 5777567013, 'qualifierId': 140, 'value': '25.1'}, {'id': 5777567015, 'qualifierId': 141, 'value': '28.5'}, {'id': 5777567011, 'qualifierId': 56, 'value': 'Back'}, {'id': 5777567017, 'qualifierId': 212, 'value': '28.3'}]",8oj7cqgjacle67i49w4a3gx6,I. Obaze,,,Portland Thorns,Home
2823789059,717,1,2,77,46,446mp88j1vpk9iwui9fiifrp8,0,34.3,16.2,2025-06-22T03:41:02.505Z,2025-06-22T03:41:03Z,"[{'id': 5777567037, 'qualifierId': 141, 'value': '34.3'}, {'id': 5777567039, 'qualifierId': 212, 'value': '42.1'}, {'id': 5777567035, 'qualifierId': 140, 'value': '72.6'}, {'id': 5777567031, 'qualifierId': 155}, {'id': 5777567043, 'qualifierId': 1}, {'id': 5777567041, 'qualifierId': 213, 'value': '0.30'}, {'id': 5777567033, 'qualifierId': 56, 'value': 'Center'}]",74uudh34v23m2z9gy5tdppxey,S. Hiatt,,,Portland Thorns,Home
2823789067,696,12,2,77,48,dzxypx8djih58p668surbi4qm,1,25.2,73.6,2025-06-22T03:41:04.388Z,2025-06-22T03:41:06Z,"[{'id': 5777567083, 'qualifierId': 56, 'value': 'Back'}, {'id': 5777567091, 'qualifierId': 213, 'value': '5.75'}, {'id': 5777567085, 'qualifierId': 140, 'value': '33.3'}, {'id': 5777567089, 'qualifierId': 212, 'value': '9.8'}, {'id': 5777567087, 'qualifierId': 141, 'value': '66.3'}, {'id': 5777567097, 'qualifierId': 15}]",11u4dj0z0p616zx9gsnil66ay,S. Staab,,,Chicago Stars,Away
2823789073,697,1,2,77,50,dzxypx8djih58p668surbi4qm,1,32.9,68.1,2025-06-22T03:41:05.957Z,2025-06-22T03:41:08Z,"[{'id': 5777567119, 'qualifierId': 140, 'value': '22.6'}, {'id': 5777567123, 'qualifierId': 212, 'value': '19.6'}, {'id': 5777567121, 'qualifierId': 141, 'value': '92.1'}, {'id': 5777567125, 'qualifierId': 213, 'value': '2.16'}, {'id': 5777567117, 'qualifierId': 56, 'value': 'Back'}]",56jjwfa02gep01vggqojvfbe2,M. Hayashi,,,Chicago Stars,Away
2823789075,698,49,2,77,52,dzxypx8djih58p668surbi4qm,1,21.8,93.6,2025-06-22T03:41:08.470Z,2025-06-22T03:41:08Z,[],4tnm3hxzav142ow867jwcozkk,T. Malham,,,Chicago Stars,Away
2823789079,699,1,2,77,53,dzxypx8djih58p668surbi4qm,1,20.2,95.4,2025-06-22T03:41:09.077Z,2025-06-22T03:41:10Z,"[{'id': 5777567143, 'qualifierId': 140, 'value': '14.9'}, {'id': 5777567149, 'qualifierId': 213, 'value': '3.96'}, {'id': 5777567147, 'qualifierId': 212, 'value': '8.2'}, {'id': 5777567141, 'qualifierId': 56, 'value': 'Back'}, {'id': 5777567145, 'qualifierId': 141, 'value': '86.6'}]",4tnm3hxzav142ow867jwcozkk,T. Malham,,,Chicago Stars,Away
2823789083,700,1,2,77,54,dzxypx8djih58p668surbi4qm,1,14.9,86.6,2025-06-22T03:41:10.613Z,2025-06-22T03:41:14Z,"[{'id': 5777567165, 'qualifierId': 157}, {'id': 5777567177, 'qualifierId': 1}, {'id': 5777567175, 'qualifierId': 213, 'value': '0.02'}, {'id': 5777567171, 'qualifierId': 141, 'value': '87.1'}, {'id': 5777567167, 'qualifierId': 56, 'value': 'Back'}, {'id': 5777567173, 'qualifierId': 212, 'value': '18.2'}, {'id': 5777567169, 'qualifierId': 140, 'value': '32.2'}]",11u4dj0z0p616zx9gsnil66ay,S. Staab,,,Chicago Stars,Away
2823789087,701,1,2,77,58,dzxypx8djih58p668surbi4qm,1,32.2,87.1,2025-06-22T03:41:14.037Z,2025-06-22T03:41:16Z,"[{'id': 5777567201, 'qualifierId': 213, 'value': '4.04'}, {'id': 5777567205, 'qualifierId': 156}, {'id': 5777567199, 'qualifierId': 212, 'value': '4.9'}, {'id': 5777567193, 'qualifierId': 56, 'value': 'Back'}, {'id': 5777567195, 'qualifierId': 140, 'value': '29.3'}, {'id': 5777567197, 'qualifierId': 141, 'value': '81.5'}]",6alny8atonddyhmltw3dgo1d5,J. Grosso,,,Chicago Stars,Away
2823789089,702,1,2,78,0,dzxypx8djih58p668surbi4qm,1,29.6,82.1,2025-06-22T03:41:16.741Z,2025-06-22T03:43:20Z,"[{'id': 5777567209, 'qualifierId': 140, 'value': '41.9'}, {'id': 5777567213, 'qualifierId': 212, 'value': '12.9'}, {'id': 5777567211, 'qualifierId': 141, 'value': '82.7'}, {'id': 5777567207, 'qualifierId': 56, 'value': 'Back'}, {'id': 5777567215, 'qualifierId': 213, 'value': '0.03'}]",daze51b5849zsk2aqvgmkkbth,Maitane López,,,Chicago Stars,Away
2823789091,703,1,2,78,3,dzxypx8djih58p668surbi4qm,1,41.9,82.7,2025-06-22T03:41:19.349Z,2025-06-22T03:43:50Z,"[{'id': 5777567219, 'qualifierId': 56, 'value': 'Back'}, {'id': 5777567223, 'qualifierId': 141, 'value': '96.2'}, {'id': 5777567221, 'qualifierId': 140, 'value': '35.1'}, {'id': 5777567225, 'qualifierId': 212, 'value': '11.6'}, {'id': 5777567227, 'qualifierId': 213, 'value': '2.23'}]",6e7scc2z7henelebs853mc844,A. Schlegel,,,Chicago Stars,Away
2823789093,704,1,2,78,6,dzxypx8djih58p668surbi4qm,1,45.7,92.4,2025-06-22T03:41:22.025Z,2025-06-22T03:43:38Z,"[{'id': 5777568669, 'qualifierId': 213, 'value': '0.81'}, {'id': 5777568667, 'qualifierId': 212, 'value': '5.9'}, {'id': 5777568663, 'qualifierId': 140, 'value': '49.6'}, {'id': 5777568661, 'qualifierId': 56, 'value': 'Back'}, {'id': 5777568665, 'qualifierId': 141, 'value': '98.7'}]",6alny8atonddyhmltw3dgo1d5,J. Grosso,,,Chicago Stars,Away
2823789099,705,1,2,78,6,dzxypx8djih58p668surbi4qm,1,35.1,96.0,2025-06-22T03:41:22.741Z,2025-06-22T03:44:00Z,"[{'id': 5777567257, 'qualifierId': 140, 'value': '24.6'}, {'id': 5777567255, 'qualifierId': 56, 'value': 'Back'}, {'id': 5777567261, 'qualifierId': 212, 'value': '18.3'}, {'id': 5777567263, 'qualifierId': 213, 'value': '4.07'}, {'id': 5777567259, 'qualifierId': 141, 'value': '74.5'}]",19udx179xugqp84qo9rsq0nhl,S. Groom,,,Chicago Stars,Away
2823789101,706,1,2,78,12,dzxypx8djih58p668surbi4qm,1,23.5,69.6,2025-06-22T03:41:28.053Z,2025-06-22T03:44:03Z,"[{'id': 5777567273, 'qualifierId': 141, 'value': '33.1'}, {'id': 5777567269, 'qualifierId': 56, 'value': 'Back'}, {'id': 5777567277, 'qualifierId': 213, 'value': '4.68'}, {'id': 5777567271, 'qualifierId': 140, 'value': '22.7'}, {'id': 5777567275, 'qualifierId': 212, 'value': '24.8'}]",4tnm3hxzav142ow867jwcozkk,T. Malham,,,Chicago Stars,Away
2823789105,707,1,2,78,13,dzxypx8djih58p668surbi4qm,1,22.7,33.1,2025-06-22T03:41:29.700Z,2025-06-22T03:41:32Z,"[{'id': 5777567299, 'qualifierId': 212, 'value': '14.6'}, {'id': 5777567293, 'qualifierId': 56, 'value': 'Back'}, {'id': 5777567295, 'qualifierId': 140, 'value': '25.1'}, {'id': 5777567301, 'qualifierId': 213, 'value': '4.89'}, {'id': 5777567297, 'qualifierId': 141, 'value': '12.0'}]",6zzk0lgja87zs45h8btgheled,C. Onwualu,,,Chicago Stars,Away
2823789113,708,1,2,78,16,dzxypx8djih58p668surbi4qm,1,24.5,10.6,2025-06-22T03:41:32.533Z,2025-06-22T03:41:35Z,"[{'id': 5777567349, 'qualifierId': 155}, {'id': 5777567361, 'qualifierId': 1}, {'id': 5777567355, 'qualifierId': 141, 'value': '6.4'}, {'id': 5777567351, 'qualifierId': 56, 'value': 'Right'}, {'id': 5777567353, 'qualifierId': 140, 'value': '68.2'}, {'id': 5777567357, 'qualifierId': 212, 'value': '46.0'}, {'id': 5777567359, 'qualifierId': 213, 'value': '6.22'}]",v0k2w41tlj0elpj7nrw68onp,N. Kuikka,,,Chicago Stars,Away
2823789115,709,1,2,78,19,dzxypx8djih58p668surbi4qm,0,68.2,4.7,2025-06-22T03:41:35.797Z,2025-06-22T03:41:36Z,"[{'id': 5777567365, 'qualifierId': 56, 'value': 'Right'}, {'id': 5777567367, 'qualifierId': 140, 'value': '71.0'}, {'id': 5777567371, 'qualifierId': 212, 'value': '6.5'}, {'id': 5777567373, 'qualifierId': 213, 'value': '1.10'}, {'id': 5777567369, 'qualifierId': 141, 'value': '13.2'}]",6e7scc2z7henelebs853mc844,A. Schlegel,,,Chicago Stars,Away
2823789123,718,49,2,78,21,446mp88j1vpk9iwui9fiifrp8,1,29.5,95.1,2025-06-22T03:41:37.192Z,2025-06-22T03:41:37Z,[],8oj7cqgjacle67i49w4a3gx6,I. Obaze,,,Portland Thorns,Home
2823789135,719,1,2,78,21,446mp88j1vpk9iwui9fiifrp8,1,29.5,95.1,2025-06-22T03:41:37.416Z,2025-06-22T03:41:47Z,"[{'id': 5777567477, 'qualifierId': 213, 'value': '4.17'}, {'id': 5777567471, 'qualifierId': 140, 'value': '18.3'}, {'id': 5777567475, 'qualifierId': 212, 'value': '22.6'}, {'id': 5777567473, 'qualifierId': 141, 'value': '66.7'}, {'id': 5777567469, 'qualifierId': 56, 'value': 'Back'}]",8oj7cqgjacle67i49w4a3gx6,I. Obaze,,,Portland Thorns,Home
2823789141,720,1,2,78,31,446mp88j1vpk9iwui9fiifrp8,1,17.8,57.0,2025-06-22T03:41:47.416Z,2025-06-22T03:41:52Z,"[{'id': 5777567515, 'qualifierId': 213, 'value': '1.54'}, {'id': 5777567507, 'qualifierId': 56, 'value': 'Back'}, {'id': 5777567511, 'qualifierId': 141, 'value': '73.2'}, {'id': 5777567509, 'qualifierId': 140, 'value': '18.1'}, {'id': 5777567513, 'qualifierId': 212, 'value': '11.0'}]",1yva0f096q2oqk5gz59utr42y,B. Bixby,,,Portland Thorns,Home
2823789145,721,1,2,78,36,446mp88j1vpk9iwui9fiifrp8,1,20.7,69.4,2025-06-22T03:41:52.408Z,2025-06-22T03:41:55Z,"[{'id': 5777567537, 'qualifierId': 212, 'value': '21.6'}, {'id': 5777567531, 'qualifierId': 56, 'value': 'Back'}, {'id': 5777567535, 'qualifierId': 141, 'value': '37.7'}, {'id': 5777567533, 'qualifierId': 140, 'value': '22.0'}, {'id': 5777567539, 'qualifierId': 213, 'value': '4.78'}]",8oj7cqgjacle67i49w4a3gx6,I. Obaze,,,Portland Thorns,Home
2823789149,722,1,2,78,38,446mp88j1vpk9iwui9fiifrp8,1,23.7,29.5,2025-06-22T03:41:54.937Z,2025-06-22T03:41:58Z,"[{'id': 5777567563, 'qualifierId': 213, 'value': '2.48'}, {'id': 5777567559, 'qualifierId': 141, 'value': '42.1'}, {'id': 5777567561, 'qualifierId': 212, 'value': '13.9'}, {'id': 5777567555, 'qualifierId': 56, 'value': 'Back'}, {'id': 5777567557, 'qualifierId': 140, 'value': '13.3'}]",74uudh34v23m2z9gy5tdppxey,S. Hiatt,,,Portland Thorns,Home
2823789163,723,1,2,78,42,446mp88j1vpk9iwui9fiifrp8,1,19.5,44.6,2025-06-22T03:41:58.280Z,2025-06-22T03:42:02Z,"[{'id': 5777567625, 'qualifierId': 212, 'value': '15.1'}, {'id': 5777567621, 'qualifierId': 140, 'value': '24.7'}, {'id': 5777567627, 'qualifierId': 213, 'value': '5.08'}, {'id': 5777567619, 'qualifierId': 56, 'value': 'Back'}, {'id': 5777567623, 'qualifierId': 141, 'value': '23.9'}]",1yva0f096q2oqk5gz59utr42y,B. Bixby,,,Portland Thorns,Home
2823789169,724,1,2,78,48,446mp88j1vpk9iwui9fiifrp8,0,28.8,22.4,2025-06-22T03:42:04.600Z,2025-06-22T03:42:08Z,"[{'id': 5777567657, 'qualifierId': 212, 'value': '58.8'}, {'id': 5777567659, 'qualifierId': 213, 'value': '0.10'}, {'id': 5777567649, 'qualifierId': 157}, {'id': 5777567651, 'qualifierId': 56, 'value': 'Center'}, {'id': 5777567661, 'qualifierId': 1}, {'id': 5777567655, 'qualifierId': 141, 'value': '30.7'}, {'id': 5777567653, 'qualifierId': 140, 'value': '84.5'}]",74uudh34v23m2z9gy5tdppxey,S. Hiatt,,,Portland Thorns,Home
2823789171,710,52,2,78,52,dzxypx8djih58p668surbi4qm,1,12.5,70.9,2025-06-22T03:42:08.936Z,2025-06-22T03:42:09Z,[],20qmwwdxbdp6ade3j9lssbvxm,H. Mackiewicz,,,Chicago Stars,Away
2823789189,711,1,2,78,58,dzxypx8djih58p668surbi4qm,1,12.6,57.8,2025-06-22T03:42:14.693Z,2025-06-22T03:42:18Z,"[{'id': 5777567759, 'qualifierId': 141, 'value': '77.5'}, {'id': 5777567757, 'qualifierId': 140, 'value': '23.5'}, {'id': 5777567763, 'qualifierId': 213, 'value': '0.86'}, {'id': 5777567753, 'qualifierId': 123}, {'id': 5777567755, 'qualifierId': 56, 'value': 'Back'}, {'id': 5777567761, 'qualifierId': 212, 'value': '17.6'}]",20qmwwdxbdp6ade3j9lssbvxm,H. Mackiewicz,,,Chicago Stars,Away
2823789197,712,1,2,79,1,dzxypx8djih58p668surbi4qm,1,23.5,77.5,2025-06-22T03:42:17.941Z,2025-06-22T03:42:19Z,"[{'id': 5777567819, 'qualifierId': 213, 'value': '0.03'}, {'id': 5777567813, 'qualifierId': 140, 'value': '42.0'}, {'id': 5777567815, 'qualifierId': 141, 'value': '78.4'}, {'id': 5777567811, 'qualifierId': 56, 'value': 'Back'}, {'id': 5777567817, 'qualifierId': 212, 'value': '19.4'}]",11u4dj0z0p616zx9gsnil66ay,S. Staab,,,Chicago Stars,Away
2823789203,713,1,2,79,3,dzxypx8djih58p668surbi4qm,1,42.0,78.4,2025-06-22T03:42:19.845Z,2025-06-22T03:42:21Z,"[{'id': 5777567857, 'qualifierId': 212, 'value': '9.5'}, {'id': 5777567859, 'qualifierId': 213, 'value': '2.49'}, {'id': 5777567851, 'qualifierId': 56, 'value': 'Back'}, {'id': 5777567855, 'qualifierId': 141, 'value': '86.9'}, {'id': 5777567853, 'qualifierId': 140, 'value': '34.8'}, {'id': 5777567863, 'qualifierId': 156}]",6alny8atonddyhmltw3dgo1d5,J. Grosso,,,Chicago Stars,Away
2823789209,714,1,2,79,5,dzxypx8djih58p668surbi4qm,1,34.8,86.9,2025-06-22T03:42:21.369Z,2025-06-22T03:42:23Z,"[{'id': 5777567881, 'qualifierId': 212, 'value': '7.1'}, {'id': 5777567879, 'qualifierId': 141, 'value': '92.1'}, {'id': 5777567877, 'qualifierId': 140, 'value': '40.7'}, {'id': 5777567883, 'qualifierId': 213, 'value': '0.52'}, {'id': 5777567875, 'qualifierId': 56, 'value': 'Back'}]",daze51b5849zsk2aqvgmkkbth,Maitane López,,,Chicago Stars,Away
2823789211,715,1,2,79,7,dzxypx8djih58p668surbi4qm,1,40.7,92.1,2025-06-22T03:42:23.141Z,2025-06-22T03:42:24Z,"[{'id': 5777567889, 'qualifierId': 140, 'value': '37.3'}, {'id': 5777567893, 'qualifierId': 212, 'value': '6.1'}, {'id': 5777567891, 'qualifierId': 141, 'value': '84.8'}, {'id': 5777567895, 'qualifierId': 213, 'value': '4.09'}, {'id': 5777567887, 'qualifierId': 56, 'value': 'Back'}]",19udx179xugqp84qo9rsq0nhl,S. Groom,,,Chicago Stars,Away
2823789215,716,1,2,79,8,dzxypx8djih58p668surbi4qm,1,37.3,84.8,2025-06-22T03:42:24.133Z,2025-06-22T03:46:10Z,"[{'id': 5777567903, 'qualifierId': 141, 'value': '90.8'}, {'id': 5777567899, 'qualifierId': 56, 'value': 'Left'}, {'id': 5777567907, 'qualifierId': 213, 'value': '0.19'}, {'id': 5777567901, 'qualifierId': 140, 'value': '57.8'}, {'id': 5777567905, 'qualifierId': 212, 'value': '21.9'}]",daze51b5849zsk2aqvgmkkbth,Maitane López,,,Chicago Stars,Away
2823789219,717,1,2,79,10,dzxypx8djih58p668surbi4qm,1,62.0,91.8,2025-06-22T03:42:26.037Z,2025-06-22T03:42:28Z,"[{'id': 5777567933, 'qualifierId': 212, 'value': '5.9'}, {'id': 5777567931, 'qualifierId': 141, 'value': '89.7'}, {'id': 5777567935, 'qualifierId': 213, 'value': '3.38'}, {'id': 5777567927, 'qualifierId': 56, 'value': 'Left'}, {'id': 5777567929, 'qualifierId': 140, 'value': '56.5'}]",6e7scc2z7henelebs853mc844,A. Schlegel,,,Chicago Stars,Away
2823789221,718,4,2,79,12,dzxypx8djih58p668surbi4qm,1,61.4,87.2,2025-06-22T03:42:28.229Z,2025-06-22T03:43:31Z,"[{'id': 5777568019, 'qualifierId': 265}, {'id': 5777567939, 'qualifierId': 56, 'value': 'Left'}, {'id': 5777568197, 'qualifierId': 233, 'value': '725'}, {'id': 5777568017, 'qualifierId': 152}, {'id': 5777567941, 'qualifierId': 286}, {'id': 5777568015, 'qualifierId': 13}]",6e7scc2z7henelebs853mc844,A. Schlegel,,,Chicago Stars,Away
2823789239,725,4,2,79,12,446mp88j1vpk9iwui9fiifrp8,0,38.6,12.8,2025-06-22T03:42:28.230Z,2025-06-22T03:43:17Z,"[{'id': 5777568037, 'qualifierId': 265}, {'id': 5777568031, 'qualifierId': 13}, {'id': 5777568035, 'qualifierId': 152}, {'id': 5777568033, 'qualifierId': 56, 'value': 'Back'}, {'id': 5777568039, 'qualifierId': 285}, {'id': 5777568201, 'qualifierId': 233, 'value': '718'}]",8oj7cqgjacle67i49w4a3gx6,I. Obaze,,,Portland Thorns,Home
2823789295,719,27,2,79,41,dzxypx8djih58p668surbi4qm,1,0.0,0.0,2025-06-22T03:42:57.829Z,2025-06-22T03:43:00Z,"[{'id': 5777568379, 'qualifierId': 233, 'value': '726'}]",,,,,Chicago Stars,Away
2823789301,726,27,2,79,41,446mp88j1vpk9iwui9fiifrp8,1,0.0,0.0,2025-06-22T03:42:57.829Z,2025-06-22T03:43:00Z,"[{'id': 5777568401, 'qualifierId': 41, 'value': 'Injury'}, {'id': 5777568371, 'qualifierId': 233, 'value': '719'}, {'id': 5777568403, 'qualifierId': 53, 'value': '8oj7cqgjacle67i49w4a3gx6'}]",,,,,Portland Thorns,Home
2823789353,720,28,2,80,23,dzxypx8djih58p668surbi4qm,1,0.0,0.0,2025-06-22T03:43:39.366Z,2025-06-22T03:43:43Z,"[{'id': 5777568691, 'qualifierId': 233, 'value': '727'}, {'id': 5777568673, 'qualifierId': 55, 'value': '719'}]",,,,,Chicago Stars,Away
2823789357,727,28,2,80,23,446mp88j1vpk9iwui9fiifrp8,1,0.0,0.0,2025-06-22T03:43:39.366Z,2025-06-22T03:43:43Z,"[{'id': 5777568685, 'qualifierId': 233, 'value': '720'}, {'id': 5777568681, 'qualifierId': 55, 'value': '726'}]",,,,,Portland Thorns,Home
2823789415,721,1,2,81,1,dzxypx8djih58p668surbi4qm,1,65.2,93.0,2025-06-22T03:44:17.942Z,2025-06-22T03:47:26Z,"[{'id': 5777569071, 'qualifierId': 152}, {'id': 5777569067, 'qualifierId': 5}, {'id': 5777569075, 'qualifierId': 140, 'value': '91.9'}, {'id': 5777569083, 'qualifierId': 1}, {'id': 5777569445, 'qualifierId': 154}, {'id': 5777569079, 'qualifierId': 212, 'value': '42.8'}, {'id': 5777569073, 'qualifierId': 56, 'value': 'Center'}, {'id': 5777569069, 'qualifierId': 155}, {'id': 5777569077, 'qualifierId': 141, 'value': '45.5'}, {'id': 5777569065, 'qualifierId': 2}, {'id': 5777569443, 'qualifierId': 210, 'value': '13'}, {'id': 5777569081, 'qualifierId': 213, 'value': '5.43'}]",11u4dj0z0p616zx9gsnil66ay,S. Staab,1.0,,Chicago Stars,Away
2823789419,722,44,2,81,5,dzxypx8djih58p668surbi4qm,1,89.6,44.8,2025-06-22T03:44:21.558Z,2025-06-22T04:01:17Z,"[{'id': 5777569093, 'qualifierId': 56, 'value': 'Center'}, {'id': 5777569095, 'qualifierId': 286}, {'id': 5777569109, 'qualifierId': 233, 'value': '728'}]",39jb2vzpuxxfhrr0px7tlk991,Nádia Gomes,,,Chicago Stars,Away
2823789417,728,44,2,81,5,446mp88j1vpk9iwui9fiifrp8,0,10.4,55.2,2025-06-22T03:44:21.559Z,2025-06-22T04:01:17Z,"[{'id': 5777569087, 'qualifierId': 56, 'value': 'Back'}, {'id': 5777569129, 'qualifierId': 233, 'value': '722'}, {'id': 5777569089, 'qualifierId': 285}]",1115fgmv9xa3nwx3bu19jr9pl,A. Spaanstra,,,Portland Thorns,Home
2823789421,723,13,2,81,6,dzxypx8djih58p668surbi4qm,1,90.6,45.6,2025-06-22T03:44:22.053Z,2025-06-22T04:10:30Z,"[{'id': 5777569447, 'qualifierId': 24}, {'id': 5777569453, 'qualifierId': 154}, {'id': 5777569461, 'qualifierId': 103, 'value': '11.1'}, {'id': 5777569465, 'qualifierId': 231, 'value': '49.5'}, {'id': 5777571429, 'qualifierId': 15}, {'id': 5777569459, 'qualifierId': 102, 'value': '40.7'}, {'id': 5777569101, 'qualifierId': 56, 'value': 'Center'}, {'id': 5777571431, 'qualifierId': 328}, {'id': 5777569463, 'qualifierId': 230, 'value': '99.7'}, {'id': 5777569455, 'qualifierId': 55, 'value': '721'}, {'id': 5777569451, 'qualifierId': 29}, {'id': 5777569099, 'qualifierId': 17}, {'id': 5777569449, 'qualifierId': 75}]",39jb2vzpuxxfhrr0px7tlk991,Nádia Gomes,,,Chicago Stars,Away
2823789427,724,5,2,81,6,dzxypx8djih58p668surbi4qm,0,100.6,37.8,2025-06-22T03:44:22.810Z,2025-06-22T03:58:53Z,"[{'id': 5777569135, 'qualifierId': 346}, {'id': 5777569141, 'qualifierId': 233, 'value': '729'}, {'id': 5777569133, 'qualifierId': 56, 'value': 'Center'}]",39jb2vzpuxxfhrr0px7tlk991,Nádia Gomes,,,Chicago Stars,Away
2823789425,729,5,2,81,6,446mp88j1vpk9iwui9fiifrp8,1,-0.6,62.2,2025-06-22T03:44:22.810Z,2025-06-22T03:44:24Z,"[{'id': 5777569127, 'qualifierId': 346}, {'id': 5777569125, 'qualifierId': 56, 'value': 'Back'}, {'id': 5777569137, 'qualifierId': 233, 'value': '724'}]",1115fgmv9xa3nwx3bu19jr9pl,A. Spaanstra,,,Portland Thorns,Home
2823789441,725,18,2,81,23,dzxypx8djih58p668surbi4qm,1,0.0,0.0,2025-06-22T03:44:39.230Z,2025-06-22T03:44:39Z,"[{'id': 5777569225, 'qualifierId': 59, 'value': '16'}, {'id': 5777569221, 'qualifierId': 42}, {'id': 5777569257, 'qualifierId': 55, 'value': '726'}, {'id': 5777569223, 'qualifierId': 44, 'value': 'Midfielder'}]",56jjwfa02gep01vggqojvfbe2,M. Hayashi,,,Chicago Stars,Away
2823789445,726,19,2,81,23,dzxypx8djih58p668surbi4qm,1,0.0,0.0,2025-06-22T03:44:39.231Z,2025-06-22T03:44:40Z,"[{'id': 5777569241, 'qualifierId': 145, 'value': '7'}, {'id': 5777569245, 'qualifierId': 292, 'value': '6'}, {'id': 5777569247, 'qualifierId': 293, 'value': '2'}, {'id': 5777569251, 'qualifierId': 55, 'value': '725'}, {'id': 5777569237, 'qualifierId': 42}, {'id': 5777569243, 'qualifierId': 59, 'value': '11'}, {'id': 5777569249, 'qualifierId': 44, 'value': 'Midfielder'}]",96jcamlgo8nghmr2s0m0q2lbe,C. Curran,,,Chicago Stars,Away
2823789459,727,18,2,81,33,dzxypx8djih58p668surbi4qm,1,0.0,0.0,2025-06-22T03:44:49.422Z,2025-06-22T03:44:50Z,"[{'id': 5777569343, 'qualifierId': 44, 'value': 'Defender'}, {'id': 5777569373, 'qualifierId': 55, 'value': '728'}, {'id': 5777569345, 'qualifierId': 59, 'value': '12'}, {'id': 5777569341, 'qualifierId': 42}]",v0k2w41tlj0elpj7nrw68onp,N. Kuikka,,,Chicago Stars,Away
2823789463,728,19,2,81,33,dzxypx8djih58p668surbi4qm,1,0.0,0.0,2025-06-22T03:44:49.423Z,2025-06-22T03:44:50Z,"[{'id': 5777569359, 'qualifierId': 292, 'value': '3'}, {'id': 5777569357, 'qualifierId': 59, 'value': '23'}, {'id': 5777569363, 'qualifierId': 44, 'value': 'Defender'}, {'id': 5777569351, 'qualifierId': 42}, {'id': 5777569365, 'qualifierId': 55, 'value': '727'}, {'id': 5777569361, 'qualifierId': 293, 'value': '2'}, {'id': 5777569355, 'qualifierId': 145, 'value': '2'}]",5fyfbevwr4aisqn4969aripsk,M. Johnson,,,Chicago Stars,Away
2823789481,730,1,2,81,47,446mp88j1vpk9iwui9fiifrp8,1,5.0,63.0,2025-06-22T03:45:03.801Z,2025-06-22T03:45:04Z,"[{'id': 5777569519, 'qualifierId': 140, 'value': '9.6'}, {'id': 5777569523, 'qualifierId': 212, 'value': '8.3'}, {'id': 5777569525, 'qualifierId': 213, 'value': '0.95'}, {'id': 5777569517, 'qualifierId': 56, 'value': 'Back'}, {'id': 5777569521, 'qualifierId': 141, 'value': '72.9'}, {'id': 5777569529, 'qualifierId': 237}, {'id': 5777569515, 'qualifierId': 124}]",1yva0f096q2oqk5gz59utr42y,B. Bixby,,,Portland Thorns,Home
2823789485,731,1,2,81,48,446mp88j1vpk9iwui9fiifrp8,1,9.6,72.9,2025-06-22T03:45:04.425Z,2025-06-22T03:45:07Z,"[{'id': 5777569539, 'qualifierId': 212, 'value': '13.8'}, {'id': 5777569537, 'qualifierId': 141, 'value': '56.7'}, {'id': 5777569541, 'qualifierId': 213, 'value': '4.07'}, {'id': 5777569533, 'qualifierId': 56, 'value': 'Back'}, {'id': 5777569535, 'qualifierId': 140, 'value': '1.7'}]",8oj7cqgjacle67i49w4a3gx6,I. Obaze,,,Portland Thorns,Home
2823789489,732,1,2,81,51,446mp88j1vpk9iwui9fiifrp8,1,7.4,45.2,2025-06-22T03:45:07.337Z,2025-06-22T03:45:08Z,"[{'id': 5777569553, 'qualifierId': 141, 'value': '21.9'}, {'id': 5777569549, 'qualifierId': 56, 'value': 'Back'}, {'id': 5777569557, 'qualifierId': 213, 'value': '5.12'}, {'id': 5777569555, 'qualifierId': 212, 'value': '17.3'}, {'id': 5777569551, 'qualifierId': 140, 'value': '13.9'}]",1yva0f096q2oqk5gz59utr42y,B. Bixby,,,Portland Thorns,Home
2823789491,733,1,2,81,52,446mp88j1vpk9iwui9fiifrp8,1,15.4,18.8,2025-06-22T03:45:08.857Z,2025-06-22T03:45:12Z,"[{'id': 5777569563, 'qualifierId': 56, 'value': 'Back'}, {'id': 5777569569, 'qualifierId': 212, 'value': '24.1'}, {'id': 5777569565, 'qualifierId': 140, 'value': '35.9'}, {'id': 5777569571, 'qualifierId': 213, 'value': '5.82'}, {'id': 5777569567, 'qualifierId': 141, 'value': '2.9'}]",74uudh34v23m2z9gy5tdppxey,S. Hiatt,,,Portland Thorns,Home
2823789497,734,1,2,81,56,446mp88j1vpk9iwui9fiifrp8,0,39.4,2.9,2025-06-22T03:45:12.473Z,2025-06-22T03:45:15Z,"[{'id': 5777569599, 'qualifierId': 141, 'value': '11.1'}, {'id': 5777569603, 'qualifierId': 213, 'value': '0.18'}, {'id': 5777569597, 'qualifierId': 140, 'value': '68.4'}, {'id': 5777569601, 'qualifierId': 212, 'value': '31.0'}, {'id': 5777569595, 'qualifierId': 56, 'value': 'Right'}]",a0kl9l751uxo86g2k2chqtw5w,M. McKenzie,,,Portland Thorns,Home
2823789501,729,1,2,82,1,dzxypx8djih58p668surbi4qm,1,17.8,90.2,2025-06-22T03:45:17.014Z,2025-06-22T03:45:19Z,"[{'id': 5777569629, 'qualifierId': 213, 'value': '4.03'}, {'id': 5777569623, 'qualifierId': 140, 'value': '7.7'}, {'id': 5777569627, 'qualifierId': 212, 'value': '16.7'}, {'id': 5777569625, 'qualifierId': 141, 'value': '71.2'}, {'id': 5777569621, 'qualifierId': 56, 'value': 'Back'}]",4tnm3hxzav142ow867jwcozkk,T. Malham,,,Chicago Stars,Away
2823789513,730,12,2,82,3,dzxypx8djih58p668surbi4qm,1,7.2,71.8,2025-06-22T03:45:19.126Z,2025-06-22T03:45:21Z,"[{'id': 5777569687, 'qualifierId': 212, 'value': '20.3'}, {'id': 5777569709, 'qualifierId': 167}, {'id': 5777569689, 'qualifierId': 213, 'value': '1.50'}, {'id': 5777569681, 'qualifierId': 56, 'value': 'Back'}, {'id': 5777569685, 'qualifierId': 141, 'value': '100.0'}, {'id': 5777569683, 'qualifierId': 140, 'value': '8.6'}]",11u4dj0z0p616zx9gsnil66ay,S. Staab,,,Chicago Stars,Away
2823789515,731,5,2,82,4,dzxypx8djih58p668surbi4qm,0,11.8,101.8,2025-06-22T03:45:20.401Z,2025-06-22T03:45:28Z,"[{'id': 5777569703, 'qualifierId': 347}, {'id': 5777569701, 'qualifierId': 56, 'value': 'Back'}, {'id': 5777569759, 'qualifierId': 233, 'value': '735'}]",11u4dj0z0p616zx9gsnil66ay,S. Staab,,,Chicago Stars,Away
2823789521,735,5,2,82,4,446mp88j1vpk9iwui9fiifrp8,1,88.2,-1.8,2025-06-22T03:45:20.401Z,2025-06-22T03:58:53Z,"[{'id': 5777569753, 'qualifierId': 233, 'value': '731'}, {'id': 5777569751, 'qualifierId': 347}, {'id': 5777569749, 'qualifierId': 56, 'value': 'Right'}]",a0kl9l751uxo86g2k2chqtw5w,M. McKenzie,,,Portland Thorns,Home
2823789527,736,1,2,82,20,446mp88j1vpk9iwui9fiifrp8,1,83.6,0.0,2025-06-22T03:45:36.185Z,2025-06-22T03:45:39Z,"[{'id': 5777569795, 'qualifierId': 107}, {'id': 5777569797, 'qualifierId': 56, 'value': 'Right'}, {'id': 5777569803, 'qualifierId': 212, 'value': '16.3'}, {'id': 5777569805, 'qualifierId': 213, 'value': '1.04'}, {'id': 5777569799, 'qualifierId': 140, 'value': '91.5'}, {'id': 5777569801, 'qualifierId': 141, 'value': '18.6'}]",a0kl9l751uxo86g2k2chqtw5w,M. McKenzie,,,Portland Thorns,Home
2823789529,737,1,2,82,23,446mp88j1vpk9iwui9fiifrp8,1,91.5,18.6,2025-06-22T03:45:39.129Z,2025-06-22T03:49:12Z,"[{'id': 5777569809, 'qualifierId': 56, 'value': 'Right'}, {'id': 5777569813, 'qualifierId': 141, 'value': '17.0'}, {'id': 5777569811, 'qualifierId': 140, 'value': '65.8'}, {'id': 5777569815, 'qualifierId': 212, 'value': '27.0'}, {'id': 5777569817, 'qualifierId': 213, 'value': '3.18'}]",2x310j2wycjsv4nzblfqd7sru,P. Linnehan,,,Portland Thorns,Home
2823789533,738,1,2,82,26,446mp88j1vpk9iwui9fiifrp8,1,64.2,13.4,2025-06-22T03:45:42.809Z,2025-06-22T03:49:18Z,"[{'id': 5777569845, 'qualifierId': 213, 'value': '1.99'}, {'id': 5777569841, 'qualifierId': 141, 'value': '23.7'}, {'id': 5777569839, 'qualifierId': 140, 'value': '61.2'}, {'id': 5777569843, 'qualifierId': 212, 'value': '7.7'}, {'id': 5777569837, 'qualifierId': 56, 'value': 'Center'}]",7in4ykzbs8p44qy4jrb10p0wl,H. Sugita,,,Portland Thorns,Home
2823789539,739,1,2,82,30,446mp88j1vpk9iwui9fiifrp8,1,60.1,27.9,2025-06-22T03:45:46.729Z,2025-06-22T03:45:49Z,"[{'id': 5777569875, 'qualifierId': 140, 'value': '53.6'}, {'id': 5777569873, 'qualifierId': 56, 'value': 'Center'}, {'id': 5777569877, 'qualifierId': 141, 'value': '46.6'}, {'id': 5777569881, 'qualifierId': 213, 'value': '2.06'}, {'id': 5777569879, 'qualifierId': 212, 'value': '14.4'}]",74uudh34v23m2z9gy5tdppxey,S. Hiatt,,,Portland Thorns,Home
2823789541,740,1,2,82,33,446mp88j1vpk9iwui9fiifrp8,1,51.0,50.0,2025-06-22T03:45:49.032Z,2025-06-22T03:49:27Z,"[{'id': 5777569889, 'qualifierId': 141, 'value': '29.8'}, {'id': 5777569887, 'qualifierId': 140, 'value': '52.7'}, {'id': 5777569893, 'qualifierId': 213, 'value': '4.84'}, {'id': 5777569891, 'qualifierId': 212, 'value': '13.9'}, {'id': 5777569885, 'qualifierId': 56, 'value': 'Center'}]",8oj7cqgjacle67i49w4a3gx6,I. Obaze,,,Portland Thorns,Home
2823789549,741,1,2,82,35,446mp88j1vpk9iwui9fiifrp8,1,52.7,29.8,2025-06-22T03:45:51.321Z,2025-06-22T03:45:55Z,"[{'id': 5777569943, 'qualifierId': 141, 'value': '21.5'}, {'id': 5777569947, 'qualifierId': 213, 'value': '5.85'}, {'id': 5777569939, 'qualifierId': 56, 'value': 'Center'}, {'id': 5777569941, 'qualifierId': 140, 'value': '64.2'}, {'id': 5777569945, 'qualifierId': 212, 'value': '13.3'}]",74uudh34v23m2z9gy5tdppxey,S. Hiatt,,,Portland Thorns,Home
2823789557,742,1,2,82,39,446mp88j1vpk9iwui9fiifrp8,1,65.6,12.6,2025-06-22T03:45:55.561Z,2025-06-22T03:49:37Z,"[{'id': 5777569957, 'qualifierId': 141, 'value': '8.0'}, {'id': 5777569959, 'qualifierId': 212, 'value': '8.6'}, {'id': 5777569961, 'qualifierId': 213, 'value': '5.91'}, {'id': 5777569955, 'qualifierId': 140, 'value': '73.2'}, {'id': 5777569953, 'qualifierId': 56, 'value': 'Right'}]",7in4ykzbs8p44qy4jrb10p0wl,H. Sugita,,,Portland Thorns,Home
2823789563,743,1,2,82,41,446mp88j1vpk9iwui9fiifrp8,1,73.2,8.0,2025-06-22T03:45:57.065Z,2025-06-22T03:49:44Z,"[{'id': 5777569993, 'qualifierId': 141, 'value': '26.7'}, {'id': 5777569989, 'qualifierId': 56, 'value': 'Center'}, {'id': 5777569997, 'qualifierId': 213, 'value': '1.63'}, {'id': 5777569991, 'qualifierId': 140, 'value': '72.5'}, {'id': 5777569995, 'qualifierId': 212, 'value': '12.7'}]",a0kl9l751uxo86g2k2chqtw5w,M. McKenzie,,,Portland Thorns,Home
2823789565,744,1,2,82,42,446mp88j1vpk9iwui9fiifrp8,1,72.5,26.7,2025-06-22T03:45:58.665Z,2025-06-22T03:49:50Z,"[{'id': 5777570007, 'qualifierId': 212, 'value': '7.3'}, {'id': 5777570009, 'qualifierId': 213, 'value': '0.08'}, {'id': 5777570005, 'qualifierId': 141, 'value': '27.6'}, {'id': 5777570001, 'qualifierId': 56, 'value': 'Center'}, {'id': 5777570003, 'qualifierId': 140, 'value': '79.4'}]",cmolam8ri93kos2rasjhnuxyi,S. Coffey,,,Portland Thorns,Home
2823789567,745,1,2,82,43,446mp88j1vpk9iwui9fiifrp8,1,79.4,27.6,2025-06-22T03:45:59.514Z,2025-06-22T03:49:54Z,"[{'id': 5777570021, 'qualifierId': 213, 'value': '2.17'}, {'id': 5777570017, 'qualifierId': 141, 'value': '36.9'}, {'id': 5777570015, 'qualifierId': 140, 'value': '75.3'}, {'id': 5777570019, 'qualifierId': 212, 'value': '7.7'}, {'id': 5777570013, 'qualifierId': 56, 'value': 'Center'}]",7izc8t071mkrrgvptdjru467e,O. Moultrie,,,Portland Thorns,Home
2823789571,746,61,2,82,44,446mp88j1vpk9iwui9fiifrp8,0,75.3,36.9,2025-06-22T03:46:00.746Z,2025-06-22T03:46:01Z,"[{'id': 5777570029, 'qualifierId': 56, 'value': 'Center'}]",cmolam8ri93kos2rasjhnuxyi,S. Coffey,,,Portland Thorns,Home
2823789579,732,12,2,82,45,dzxypx8djih58p668surbi4qm,1,6.5,68.1,2025-06-22T03:46:01.342Z,2025-06-22T03:46:22Z,"[{'id': 5777570283, 'qualifierId': 212, 'value': '8.6'}, {'id': 5777570067, 'qualifierId': 56, 'value': 'Back'}, {'id': 5777570277, 'qualifierId': 167}, {'id': 5777570285, 'qualifierId': 213, 'value': '3.11'}, {'id': 5777570281, 'qualifierId': 141, 'value': '68.5'}, {'id': 5777570279, 'qualifierId': 140, 'value': '0.0'}]",96jcamlgo8nghmr2s0m0q2lbe,C. Curran,,,Chicago Stars,Away
2823789589,733,6,2,82,46,dzxypx8djih58p668surbi4qm,0,12.6,66.1,2025-06-22T03:46:02.830Z,2025-06-22T03:58:45Z,"[{'id': 5777570119, 'qualifierId': 56, 'value': 'Back'}, {'id': 5777570121, 'qualifierId': 73}, {'id': 5777570127, 'qualifierId': 233, 'value': '747'}]",96jcamlgo8nghmr2s0m0q2lbe,C. Curran,,,Chicago Stars,Away
2823789573,747,6,2,82,46,446mp88j1vpk9iwui9fiifrp8,1,87.4,33.9,2025-06-22T03:46:02.830Z,2025-06-22T03:58:45Z,"[{'id': 5777570039, 'qualifierId': 56, 'value': 'Center'}, {'id': 5777570123, 'qualifierId': 233, 'value': '733'}, {'id': 5777570109, 'qualifierId': 75}]",cmolam8ri93kos2rasjhnuxyi,S. Coffey,,,Portland Thorns,Home
2823789611,748,1,2,83,11,446mp88j1vpk9iwui9fiifrp8,1,99.6,0.4,2025-06-22T03:46:27.649Z,2025-06-22T03:51:50Z,"[{'id': 5777570397, 'qualifierId': 1}, {'id': 5777571389, 'qualifierId': 210, 'value': '15'}, {'id': 5777570389, 'qualifierId': 140, 'value': '85.7'}, {'id': 5777570385, 'qualifierId': 224}, {'id': 5777570381, 'qualifierId': 6}, {'id': 5777570393, 'qualifierId': 212, 'value': '37.7'}, {'id': 5777570387, 'qualifierId': 56, 'value': 'Center'}, {'id': 5777570391, 'qualifierId': 141, 'value': '51.5'}, {'id': 5777570395, 'qualifierId': 213, 'value': '1.97'}, {'id': 5777570379, 'qualifierId': 2}, {'id': 5777570383, 'qualifierId': 155}, {'id': 5777571391, 'qualifierId': 154}]",7izc8t071mkrrgvptdjru467e,O. Moultrie,1.0,,Portland Thorns,Home
2823789615,749,44,2,83,17,446mp88j1vpk9iwui9fiifrp8,1,91.2,50.6,2025-06-22T03:46:33.690Z,2025-06-22T04:01:18Z,"[{'id': 5777570415, 'qualifierId': 286}, {'id': 5777574875, 'qualifierId': 233, 'value': '786'}, {'id': 5777570413, 'qualifierId': 56, 'value': 'Center'}]",615vz7uoe3eiozddbe206io6h,R. Reyes,,,Portland Thorns,Home
2823790313,786,44,2,83,17,dzxypx8djih58p668surbi4qm,0,8.8,49.4,2025-06-22T03:46:33.691Z,2025-06-22T04:01:18Z,"[{'id': 5777574879, 'qualifierId': 233, 'value': '749'}, {'id': 5777574873, 'qualifierId': 285}, {'id': 5777574871, 'qualifierId': 56, 'value': 'Back'}]",11u4dj0z0p616zx9gsnil66ay,S. Staab,,,Chicago Stars,Away
2823789763,761,15,2,83,18,446mp88j1vpk9iwui9fiifrp8,1,92.4,53.2,2025-06-22T03:46:33.961Z,2025-06-22T03:53:41Z,"[{'id': 5777571329, 'qualifierId': 328}, {'id': 5777571403, 'qualifierId': 102, 'value': '47.0'}, {'id': 5777575251, 'qualifierId': 100}, {'id': 5777571411, 'qualifierId': 230, 'value': '99.1'}, {'id': 5777575249, 'qualifierId': 80}, {'id': 5777571331, 'qualifierId': 82}, {'id': 5777571407, 'qualifierId': 146, 'value': '94.3'}, {'id': 5777571397, 'qualifierId': 154}, {'id': 5777571225, 'qualifierId': 56, 'value': 'Center'}, {'id': 5777571325, 'qualifierId': 15}, {'id': 5777571413, 'qualifierId': 231, 'value': '49.6'}, {'id': 5777571395, 'qualifierId': 29}, {'id': 5777571405, 'qualifierId': 103, 'value': '19'}, {'id': 5777575043, 'qualifierId': 233, 'value': '785'}, {'id': 5777571323, 'qualifierId': 25}, {'id': 5777571409, 'qualifierId': 147, 'value': '51.6'}, {'id': 5777571223, 'qualifierId': 17}, {'id': 5777571399, 'qualifierId': 55, 'value': '748'}]",615vz7uoe3eiozddbe206io6h,R. Reyes,,,Portland Thorns,Home
2823790269,785,10,2,83,18,dzxypx8djih58p668surbi4qm,1,7.3,49.6,2025-06-22T03:46:34.061Z,2025-06-22T03:53:16Z,"[{'id': 5777575051, 'qualifierId': 233, 'value': '761'}, {'id': 5777575023, 'qualifierId': 94}, {'id': 5777575025, 'qualifierId': 56, 'value': 'Back'}]",11u4dj0z0p616zx9gsnil66ay,S. Staab,,,Chicago Stars,Away
2823789629,734,12,2,83,20,dzxypx8djih58p668surbi4qm,1,6.9,43.6,2025-06-22T03:46:36.630Z,2025-06-22T03:53:21Z,"[{'id': 5777570497, 'qualifierId': 213, 'value': '5.87'}, {'id': 5777570495, 'qualifierId': 212, 'value': '19.7'}, {'id': 5777570491, 'qualifierId': 140, 'value': '24.1'}, {'id': 5777570493, 'qualifierId': 141, 'value': '31.9'}, {'id': 5777570489, 'qualifierId': 56, 'value': 'Back'}]",39jb2vzpuxxfhrr0px7tlk991,Nádia Gomes,,,Chicago Stars,Away
2823789623,750,61,2,83,24,446mp88j1vpk9iwui9fiifrp8,1,72.0,65.4,2025-06-22T03:46:40.369Z,2025-06-22T03:46:40Z,"[{'id': 5777570451, 'qualifierId': 56, 'value': 'Center'}]",7in4ykzbs8p44qy4jrb10p0wl,H. Sugita,,,Portland Thorns,Home
2823789627,751,1,2,83,25,446mp88j1vpk9iwui9fiifrp8,1,71.6,60.3,2025-06-22T03:46:41.625Z,2025-06-22T03:46:42Z,"[{'id': 5777570479, 'qualifierId': 141, 'value': '64.9'}, {'id': 5777570481, 'qualifierId': 212, 'value': '7.5'}, {'id': 5777570477, 'qualifierId': 140, 'value': '65.1'}, {'id': 5777570483, 'qualifierId': 213, 'value': '2.71'}, {'id': 5777570475, 'qualifierId': 56, 'value': 'Center'}]",74uudh34v23m2z9gy5tdppxey,S. Hiatt,,,Portland Thorns,Home
2823789633,752,1,2,83,26,446mp88j1vpk9iwui9fiifrp8,1,65.1,64.9,2025-06-22T03:46:42.619Z,2025-06-22T03:46:45Z,"[{'id': 5777570513, 'qualifierId': 155}, {'id': 5777570515, 'qualifierId': 56, 'value': 'Right'}, {'id': 5777570523, 'qualifierId': 213, 'value': '4.63'}, {'id': 5777570519, 'qualifierId': 141, 'value': '11.1'}, {'id': 5777570521, 'qualifierId': 212, 'value': '36.7'}, {'id': 5777570517, 'qualifierId': 140, 'value': '62.2'}, {'id': 5777570525, 'qualifierId': 1}]",7in4ykzbs8p44qy4jrb10p0wl,H. Sugita,,,Portland Thorns,Home
2823789635,753,61,2,83,29,446mp88j1vpk9iwui9fiifrp8,0,66.5,6.1,2025-06-22T03:46:45.210Z,2025-06-22T03:46:45Z,"[{'id': 5777570529, 'qualifierId': 56, 'value': 'Right'}]",7izc8t071mkrrgvptdjru467e,O. Moultrie,,,Portland Thorns,Home
2823789645,735,5,2,83,29,dzxypx8djih58p668surbi4qm,1,28.6,101.6,2025-06-22T03:46:45.947Z,2025-06-22T03:58:53Z,"[{'id': 5777570563, 'qualifierId': 56, 'value': 'Back'}, {'id': 5777570565, 'qualifierId': 347}, {'id': 5777570571, 'qualifierId': 233, 'value': '754'}]",39jb2vzpuxxfhrr0px7tlk991,Nádia Gomes,,,Chicago Stars,Away
2823789639,754,5,2,83,29,446mp88j1vpk9iwui9fiifrp8,0,71.4,-1.6,2025-06-22T03:46:45.947Z,2025-06-22T03:46:51Z,"[{'id': 5777570545, 'qualifierId': 347}, {'id': 5777570581, 'qualifierId': 233, 'value': '735'}, {'id': 5777570543, 'qualifierId': 56, 'value': 'Right'}]",7izc8t071mkrrgvptdjru467e,O. Moultrie,,,Portland Thorns,Home
2823789661,736,1,2,83,36,dzxypx8djih58p668surbi4qm,1,20.1,100.0,2025-06-22T03:46:52.454Z,2025-06-22T03:46:55Z,"[{'id': 5777570659, 'qualifierId': 140, 'value': '16.2'}, {'id': 5777570663, 'qualifierId': 212, 'value': '8.7'}, {'id': 5777570657, 'qualifierId': 56, 'value': 'Back'}, {'id': 5777570655, 'qualifierId': 107}, {'id': 5777570661, 'qualifierId': 141, 'value': '90.3'}, {'id': 5777570665, 'qualifierId': 213, 'value': '4.22'}]",39jb2vzpuxxfhrr0px7tlk991,Nádia Gomes,,,Chicago Stars,Away
2823789877,764,83,2,83,38,446mp88j1vpk9iwui9fiifrp8,0,30.6,96.2,2025-06-22T03:46:54.496Z,2025-06-22T03:53:54Z,"[{'id': 5777575417, 'qualifierId': 399, 'value': '11u4dj0z0p616zx9gsnil66ay'}]",7in4ykzbs8p44qy4jrb10p0wl,H. Sugita,,,Portland Thorns,Home
2823789667,737,1,2,83,39,dzxypx8djih58p668surbi4qm,0,16.2,90.3,2025-06-22T03:46:55.318Z,2025-06-22T03:46:56Z,"[{'id': 5777570681, 'qualifierId': 155}, {'id': 5777570685, 'qualifierId': 140, 'value': '35.7'}, {'id': 5777570687, 'qualifierId': 141, 'value': '94.5'}, {'id': 5777570691, 'qualifierId': 213, 'value': '0.14'}, {'id': 5777570683, 'qualifierId': 56, 'value': 'Back'}, {'id': 5777570689, 'qualifierId': 212, 'value': '20.7'}]",11u4dj0z0p616zx9gsnil66ay,S. Staab,,,Chicago Stars,Away
2823789677,755,1,2,83,42,446mp88j1vpk9iwui9fiifrp8,1,54.2,4.6,2025-06-22T03:46:58.426Z,2025-06-22T03:46:59Z,"[{'id': 5777570749, 'qualifierId': 141, 'value': '13.1'}, {'id': 5777570751, 'qualifierId': 212, 'value': '9.4'}, {'id': 5777570747, 'qualifierId': 140, 'value': '61.3'}, {'id': 5777570753, 'qualifierId': 213, 'value': '0.66'}, {'id': 5777570743, 'qualifierId': 3}, {'id': 5777570745, 'qualifierId': 56, 'value': 'Right'}]",a0kl9l751uxo86g2k2chqtw5w,M. McKenzie,,,Portland Thorns,Home
2823789679,756,49,2,83,43,446mp88j1vpk9iwui9fiifrp8,1,61.3,13.1,2025-06-22T03:46:59.513Z,2025-06-22T03:46:59Z,[],cmolam8ri93kos2rasjhnuxyi,S. Coffey,,,Portland Thorns,Home
2823789683,757,1,2,83,43,446mp88j1vpk9iwui9fiifrp8,1,61.3,13.1,2025-06-22T03:46:59.593Z,2025-06-22T03:47:01Z,"[{'id': 5777570763, 'qualifierId': 140, 'value': '64.7'}, {'id': 5777570761, 'qualifierId': 56, 'value': 'Right'}, {'id': 5777570765, 'qualifierId': 141, 'value': '7.3'}, {'id': 5777570769, 'qualifierId': 213, 'value': '5.45'}, {'id': 5777570767, 'qualifierId': 212, 'value': '5.3'}]",cmolam8ri93kos2rasjhnuxyi,S. Coffey,,,Portland Thorns,Home
2823789685,758,50,2,83,44,446mp88j1vpk9iwui9fiifrp8,1,68.2,6.8,2025-06-22T03:47:00.486Z,2025-06-22T04:07:42Z,"[{'id': 5777570823, 'qualifierId': 233, 'value': '738'}, {'id': 5777570773, 'qualifierId': 56, 'value': 'Right'}, {'id': 5777570775, 'qualifierId': 286}]",7izc8t071mkrrgvptdjru467e,O. Moultrie,,,Portland Thorns,Home
2823789681,738,7,2,83,44,dzxypx8djih58p668surbi4qm,1,31.8,93.2,2025-06-22T03:47:00.487Z,2025-06-22T04:07:42Z,"[{'id': 5777570757, 'qualifierId': 56, 'value': 'Back'}, {'id': 5777570759, 'qualifierId': 285}, {'id': 5777570819, 'qualifierId': 233, 'value': '758'}]",39jb2vzpuxxfhrr0px7tlk991,Nádia Gomes,,,Chicago Stars,Away
2823789689,739,5,2,83,46,dzxypx8djih58p668surbi4qm,0,30.6,102.0,2025-06-22T03:47:02.105Z,2025-06-22T03:58:54Z,"[{'id': 5777570781, 'qualifierId': 56, 'value': 'Back'}, {'id': 5777570783, 'qualifierId': 347}, {'id': 5777570789, 'qualifierId': 233, 'value': '759'}]",39jb2vzpuxxfhrr0px7tlk991,Nádia Gomes,,,Chicago Stars,Away
2823789687,759,5,2,83,46,446mp88j1vpk9iwui9fiifrp8,1,69.4,-2.0,2025-06-22T03:47:02.105Z,2025-06-22T03:58:54Z,"[{'id': 5777570779, 'qualifierId': 347}, {'id': 5777570785, 'qualifierId': 233, 'value': '739'}, {'id': 5777570777, 'qualifierId': 56, 'value': 'Right'}]",7izc8t071mkrrgvptdjru467e,O. Moultrie,,,Portland Thorns,Home
2823789727,760,1,2,84,3,446mp88j1vpk9iwui9fiifrp8,0,65.1,0.0,2025-06-22T03:47:18.969Z,2025-06-22T03:47:20Z,"[{'id': 5777571033, 'qualifierId': 212, 'value': '10.4'}, {'id': 5777571027, 'qualifierId': 56, 'value': 'Right'}, {'id': 5777571025, 'qualifierId': 107}, {'id': 5777571029, 'qualifierId': 140, 'value': '71.9'}, {'id': 5777571031, 'qualifierId': 141, 'value': '9.1'}, {'id': 5777571035, 'qualifierId': 213, 'value': '0.81'}]",a0kl9l751uxo86g2k2chqtw5w,M. McKenzie,,,Portland Thorns,Home
2823789735,740,1,2,84,5,dzxypx8djih58p668surbi4qm,1,23.2,85.1,2025-06-22T03:47:21.863Z,2025-06-22T03:54:42Z,"[{'id': 5777571093, 'qualifierId': 213, 'value': '0.38'}, {'id': 5777571083, 'qualifierId': 3}, {'id': 5777571085, 'qualifierId': 56, 'value': 'Back'}, {'id': 5777571091, 'qualifierId': 212, 'value': '11.5'}, {'id': 5777571089, 'qualifierId': 141, 'value': '91.4'}, {'id': 5777571087, 'qualifierId': 140, 'value': '33.4'}]",96jcamlgo8nghmr2s0m0q2lbe,C. Curran,,,Chicago Stars,Away
2823789747,741,1,2,84,7,dzxypx8djih58p668surbi4qm,1,33.5,91.4,2025-06-22T03:47:23.366Z,2025-06-22T03:55:19Z,"[{'id': 5777571143, 'qualifierId': 141, 'value': '67.9'}, {'id': 5777571141, 'qualifierId': 140, 'value': '30.5'}, {'id': 5777571145, 'qualifierId': 212, 'value': '16.3'}, {'id': 5777571147, 'qualifierId': 213, 'value': '4.52'}, {'id': 5777571139, 'qualifierId': 56, 'value': 'Back'}]",6e7scc2z7henelebs853mc844,A. Schlegel,,,Chicago Stars,Away
2823790267,784,1,2,84,9,dzxypx8djih58p668surbi4qm,1,38.9,72.2,2025-06-22T03:47:25.919Z,2025-06-22T03:55:50Z,"[{'id': 5777576211, 'qualifierId': 140, 'value': '42.2'}, {'id': 5777576215, 'qualifierId': 212, 'value': '5.9'}, {'id': 5777576213, 'qualifierId': 141, 'value': '65.2'}, {'id': 5777576217, 'qualifierId': 213, 'value': '5.34'}, {'id': 5777576115, 'qualifierId': 56, 'value': 'Back'}]",daze51b5849zsk2aqvgmkkbth,Maitane López,,,Chicago Stars,Away
2823789749,742,49,2,84,11,dzxypx8djih58p668surbi4qm,1,32.1,64.9,2025-06-22T03:47:27.366Z,2025-06-22T03:55:58Z,[],96jcamlgo8nghmr2s0m0q2lbe,C. Curran,,,Chicago Stars,Away
2823789751,743,1,2,84,11,dzxypx8djih58p668surbi4qm,1,38.2,61.2,2025-06-22T03:47:27.830Z,2025-06-22T03:47:30Z,"[{'id': 5777571157, 'qualifierId': 140, 'value': '22.3'}, {'id': 5777571161, 'qualifierId': 212, 'value': '23.9'}, {'id': 5777571155, 'qualifierId': 56, 'value': 'Back'}, {'id': 5777571163, 'qualifierId': 213, 'value': '3.94'}, {'id': 5777571159, 'qualifierId': 141, 'value': '36.1'}]",96jcamlgo8nghmr2s0m0q2lbe,C. Curran,,,Chicago Stars,Away
2823789765,744,1,2,84,15,dzxypx8djih58p668surbi4qm,1,22.2,32.1,2025-06-22T03:47:31.382Z,2025-06-22T03:47:37Z,"[{'id': 5777571239, 'qualifierId': 212, 'value': '16.1'}, {'id': 5777571237, 'qualifierId': 141, 'value': '13.1'}, {'id': 5777571241, 'qualifierId': 213, 'value': '5.35'}, {'id': 5777571233, 'qualifierId': 56, 'value': 'Back'}, {'id': 5777571235, 'qualifierId': 140, 'value': '31.4'}]",6zzk0lgja87zs45h8btgheled,C. Onwualu,,,Chicago Stars,Away
2823789767,745,1,2,84,21,dzxypx8djih58p668surbi4qm,1,31.4,13.1,2025-06-22T03:47:37.158Z,2025-06-22T03:47:38Z,"[{'id': 5777571249, 'qualifierId': 141, 'value': '30.1'}, {'id': 5777571251, 'qualifierId': 212, 'value': '27.4'}, {'id': 5777571247, 'qualifierId': 140, 'value': '55.1'}, {'id': 5777571253, 'qualifierId': 213, 'value': '0.43'}, {'id': 5777571245, 'qualifierId': 56, 'value': 'Center'}]",4tnm3hxzav142ow867jwcozkk,T. Malham,,,Chicago Stars,Away
2823789775,746,1,2,84,22,dzxypx8djih58p668surbi4qm,1,55.1,30.1,2025-06-22T03:47:38.022Z,2025-06-22T03:47:40Z,"[{'id': 5777571301, 'qualifierId': 212, 'value': '12.0'}, {'id': 5777571297, 'qualifierId': 140, 'value': '65.3'}, {'id': 5777571295, 'qualifierId': 56, 'value': 'Center'}, {'id': 5777571299, 'qualifierId': 141, 'value': '22.2'}, {'id': 5777571303, 'qualifierId': 213, 'value': '5.82'}]",5fyfbevwr4aisqn4969aripsk,M. Johnson,,,Chicago Stars,Away
2823789783,747,1,2,84,24,dzxypx8djih58p668surbi4qm,1,68.9,20.9,2025-06-22T03:47:40.374Z,2025-06-22T03:47:43Z,"[{'id': 5777571353, 'qualifierId': 212, 'value': '22.1'}, {'id': 5777571347, 'qualifierId': 56, 'value': 'Right'}, {'id': 5777571351, 'qualifierId': 141, 'value': '8.8'}, {'id': 5777571355, 'qualifierId': 213, 'value': '5.90'}, {'id': 5777571349, 'qualifierId': 140, 'value': '88.4'}]",96jcamlgo8nghmr2s0m0q2lbe,C. Curran,,,Chicago Stars,Away
2823789795,748,1,2,84,28,dzxypx8djih58p668surbi4qm,1,89.1,7.4,2025-06-22T03:47:44.022Z,2025-06-22T03:47:46Z,"[{'id': 5777571435, 'qualifierId': 140, 'value': '77.1'}, {'id': 5777571433, 'qualifierId': 56, 'value': 'Right'}, {'id': 5777571441, 'qualifierId': 213, 'value': '3.28'}, {'id': 5777571437, 'qualifierId': 141, 'value': '4.9'}, {'id': 5777571439, 'qualifierId': 212, 'value': '12.7'}]",4tnm3hxzav142ow867jwcozkk,T. Malham,,,Chicago Stars,Away
2823789821,749,1,2,84,30,dzxypx8djih58p668surbi4qm,1,80.4,6.7,2025-06-22T03:47:46.438Z,2025-06-22T03:47:54Z,"[{'id': 5777571557, 'qualifierId': 141, 'value': '3.4'}, {'id': 5777571559, 'qualifierId': 212, 'value': '4.0'}, {'id': 5777571561, 'qualifierId': 213, 'value': '5.69'}, {'id': 5777571555, 'qualifierId': 140, 'value': '83.6'}, {'id': 5777571553, 'qualifierId': 56, 'value': 'Right'}]",96jcamlgo8nghmr2s0m0q2lbe,C. Curran,,,Chicago Stars,Away
2823789823,750,61,2,84,36,dzxypx8djih58p668surbi4qm,0,82.1,5.3,2025-06-22T03:47:52.807Z,2025-06-22T03:48:10Z,"[{'id': 5777571565, 'qualifierId': 56, 'value': 'Right'}]",4tnm3hxzav142ow867jwcozkk,T. Malham,,,Chicago Stars,Away
2823789827,751,5,2,84,36,dzxypx8djih58p668surbi4qm,0,80.4,-1.6,2025-06-22T03:47:52.889Z,2025-06-22T03:58:55Z,"[{'id': 5777571581, 'qualifierId': 233, 'value': '762'}, {'id': 5777571573, 'qualifierId': 56, 'value': 'Right'}, {'id': 5777571575, 'qualifierId': 347}]",4tnm3hxzav142ow867jwcozkk,T. Malham,,,Chicago Stars,Away
2823789815,762,5,2,84,36,446mp88j1vpk9iwui9fiifrp8,1,19.6,101.6,2025-06-22T03:47:52.889Z,2025-06-22T03:58:54Z,"[{'id': 5777571577, 'qualifierId': 233, 'value': '751'}, {'id': 5777571537, 'qualifierId': 56, 'value': 'Back'}, {'id': 5777571539, 'qualifierId': 347}]",7in4ykzbs8p44qy4jrb10p0wl,H. Sugita,,,Portland Thorns,Home
2823789873,763,1,2,84,57,446mp88j1vpk9iwui9fiifrp8,0,21.8,100.0,2025-06-22T03:48:13.657Z,2025-06-22T03:48:16Z,"[{'id': 5777571785, 'qualifierId': 107}, {'id': 5777571791, 'qualifierId': 141, 'value': '96.2'}, {'id': 5777571795, 'qualifierId': 213, 'value': '5.88'}, {'id': 5777571793, 'qualifierId': 212, 'value': '10.0'}, {'id': 5777571787, 'qualifierId': 56, 'value': 'Back'}, {'id': 5777571789, 'qualifierId': 140, 'value': '30.6'}]",615vz7uoe3eiozddbe206io6h,R. Reyes,,,Portland Thorns,Home
2823789881,752,49,2,85,2,dzxypx8djih58p668surbi4qm,1,43.2,17.1,2025-06-22T03:48:18.744Z,2025-06-22T03:48:18Z,[],6zzk0lgja87zs45h8btgheled,C. Onwualu,,,Chicago Stars,Away
2823789885,753,1,2,85,4,dzxypx8djih58p668surbi4qm,1,42.3,30.9,2025-06-22T03:48:20.021Z,2025-06-22T03:48:23Z,"[{'id': 5777571861, 'qualifierId': 212, 'value': '20.4'}, {'id': 5777571855, 'qualifierId': 56, 'value': 'Back'}, {'id': 5777571857, 'qualifierId': 140, 'value': '35.2'}, {'id': 5777571863, 'qualifierId': 213, 'value': '1.95'}, {'id': 5777571859, 'qualifierId': 141, 'value': '58.8'}]",6zzk0lgja87zs45h8btgheled,C. Onwualu,,,Chicago Stars,Away
2823789891,754,1,2,85,7,dzxypx8djih58p668surbi4qm,1,35.2,58.8,2025-06-22T03:48:23.718Z,2025-06-22T03:48:31Z,"[{'id': 5777571887, 'qualifierId': 140, 'value': '44.0'}, {'id': 5777571889, 'qualifierId': 141, 'value': '82.1'}, {'id': 5777571891, 'qualifierId': 212, 'value': '18.3'}, {'id': 5777571885, 'qualifierId': 56, 'value': 'Back'}, {'id': 5777571893, 'qualifierId': 213, 'value': '1.04'}]",11u4dj0z0p616zx9gsnil66ay,S. Staab,,,Chicago Stars,Away
2823789893,755,61,2,85,15,dzxypx8djih58p668surbi4qm,0,69.8,91.7,2025-06-22T03:48:31.014Z,2025-06-22T03:48:31Z,"[{'id': 5777571897, 'qualifierId': 56, 'value': 'Left'}]",39jb2vzpuxxfhrr0px7tlk991,Nádia Gomes,,,Chicago Stars,Away
2823789895,765,49,2,85,19,446mp88j1vpk9iwui9fiifrp8,1,39.6,5.5,2025-06-22T03:48:35.515Z,2025-06-22T03:48:35Z,[],a0kl9l751uxo86g2k2chqtw5w,M. McKenzie,,,Portland Thorns,Home
2823789899,766,1,2,85,20,446mp88j1vpk9iwui9fiifrp8,1,42.2,6.4,2025-06-22T03:48:36.361Z,2025-06-22T03:48:42Z,"[{'id': 5777571909, 'qualifierId': 213, 'value': '0.30'}, {'id': 5777571907, 'qualifierId': 212, 'value': '23.6'}, {'id': 5777571903, 'qualifierId': 140, 'value': '63.7'}, {'id': 5777571901, 'qualifierId': 56, 'value': 'Right'}, {'id': 5777571905, 'qualifierId': 141, 'value': '16.5'}]",a0kl9l751uxo86g2k2chqtw5w,M. McKenzie,,,Portland Thorns,Home
2823789901,767,1,2,85,26,446mp88j1vpk9iwui9fiifrp8,1,67.9,31.3,2025-06-22T03:48:42.089Z,2025-06-22T03:48:44Z,"[{'id': 5777571915, 'qualifierId': 56, 'value': 'Center'}, {'id': 5777571921, 'qualifierId': 212, 'value': '8.6'}, {'id': 5777571917, 'qualifierId': 140, 'value': '60.7'}, {'id': 5777571919, 'qualifierId': 141, 'value': '37.4'}, {'id': 5777571923, 'qualifierId': 213, 'value': '2.64'}]",2x310j2wycjsv4nzblfqd7sru,P. Linnehan,,,Portland Thorns,Home
2823789913,768,1,2,85,28,446mp88j1vpk9iwui9fiifrp8,1,58.4,30.3,2025-06-22T03:48:44.505Z,2025-06-22T03:48:50Z,"[{'id': 5777571979, 'qualifierId': 213, 'value': '4.67'}, {'id': 5777571977, 'qualifierId': 212, 'value': '12.9'}, {'id': 5777571973, 'qualifierId': 140, 'value': '57.9'}, {'id': 5777571975, 'qualifierId': 141, 'value': '11.3'}, {'id': 5777571971, 'qualifierId': 56, 'value': 'Right'}]",cmolam8ri93kos2rasjhnuxyi,S. Coffey,,,Portland Thorns,Home
2823789917,769,1,2,85,34,446mp88j1vpk9iwui9fiifrp8,1,59.2,8.5,2025-06-22T03:48:50.361Z,2025-06-22T03:48:51Z,"[{'id': 5777572001, 'qualifierId': 212, 'value': '14.4'}, {'id': 5777571999, 'qualifierId': 141, 'value': '14.9'}, {'id': 5777571997, 'qualifierId': 140, 'value': '72.3'}, {'id': 5777572003, 'qualifierId': 213, 'value': '0.31'}, {'id': 5777571995, 'qualifierId': 56, 'value': 'Right'}]",7izc8t071mkrrgvptdjru467e,O. Moultrie,,,Portland Thorns,Home
2823789925,770,1,2,85,35,446mp88j1vpk9iwui9fiifrp8,1,72.3,14.9,2025-06-22T03:48:51.737Z,2025-06-22T03:48:53Z,"[{'id': 5777572025, 'qualifierId': 56, 'value': 'Right'}, {'id': 5777572027, 'qualifierId': 140, 'value': '82.1'}, {'id': 5777572033, 'qualifierId': 213, 'value': '0.33'}, {'id': 5777572031, 'qualifierId': 212, 'value': '10.9'}, {'id': 5777572029, 'qualifierId': 141, 'value': '20.1'}]",cmolam8ri93kos2rasjhnuxyi,S. Coffey,,,Portland Thorns,Home
2823789929,771,61,2,85,36,446mp88j1vpk9iwui9fiifrp8,0,89.6,20.9,2025-06-22T03:48:52.034Z,2025-06-22T04:07:58Z,"[{'id': 5777572037, 'qualifierId': 56, 'value': 'Right'}]",2x310j2wycjsv4nzblfqd7sru,P. Linnehan,,,Portland Thorns,Home
2823789921,756,8,2,85,36,dzxypx8djih58p668surbi4qm,1,14.5,77.9,2025-06-22T03:48:52.617Z,2025-06-22T03:48:52Z,"[{'id': 5777572019, 'qualifierId': 56, 'value': 'Back'}]",11u4dj0z0p616zx9gsnil66ay,S. Staab,,,Chicago Stars,Away
2823789931,772,61,2,85,37,446mp88j1vpk9iwui9fiifrp8,1,89.6,20.9,2025-06-22T03:48:53.770Z,2025-06-22T03:48:53Z,"[{'id': 5777572043, 'qualifierId': 56, 'value': 'Right'}]",2x310j2wycjsv4nzblfqd7sru,P. Linnehan,,,Portland Thorns,Home
2823789933,757,1,2,85,37,dzxypx8djih58p668surbi4qm,0,12.7,88.9,2025-06-22T03:48:53.904Z,2025-06-22T03:48:54Z,"[{'id': 5777572053, 'qualifierId': 140, 'value': '22.3'}, {'id': 5777572051, 'qualifierId': 56, 'value': 'Back'}, {'id': 5777572055, 'qualifierId': 141, 'value': '79.1'}, {'id': 5777572061, 'qualifierId': 1}, {'id': 5777572049, 'qualifierId': 157}, {'id': 5777572059, 'qualifierId': 213, 'value': '5.70'}, {'id': 5777572057, 'qualifierId': 212, 'value': '12.1'}]",39jb2vzpuxxfhrr0px7tlk991,Nádia Gomes,,,Chicago Stars,Away
2823789937,758,49,2,85,40,dzxypx8djih58p668surbi4qm,1,19.4,70.9,2025-06-22T03:48:56.904Z,2025-06-22T03:48:56Z,[],6alny8atonddyhmltw3dgo1d5,J. Grosso,,,Chicago Stars,Away
2823789943,759,1,2,85,41,dzxypx8djih58p668surbi4qm,1,19.4,70.9,2025-06-22T03:48:57.238Z,2025-06-22T03:48:58Z,"[{'id': 5777572101, 'qualifierId': 212, 'value': '13.6'}, {'id': 5777572099, 'qualifierId': 141, 'value': '86.9'}, {'id': 5777572095, 'qualifierId': 56, 'value': 'Back'}, {'id': 5777572097, 'qualifierId': 140, 'value': '27.1'}, {'id': 5777572103, 'qualifierId': 213, 'value': '0.93'}]",6alny8atonddyhmltw3dgo1d5,J. Grosso,,,Chicago Stars,Away
2823789953,760,1,2,85,42,dzxypx8djih58p668surbi4qm,1,27.1,86.9,2025-06-22T03:48:58.134Z,2025-06-22T03:48:59Z,"[{'id': 5777572153, 'qualifierId': 212, 'value': '10.0'}, {'id': 5777572147, 'qualifierId': 56, 'value': 'Back'}, {'id': 5777572149, 'qualifierId': 140, 'value': '33.8'}, {'id': 5777572151, 'qualifierId': 141, 'value': '76.4'}, {'id': 5777572155, 'qualifierId': 213, 'value': '5.49'}]",96jcamlgo8nghmr2s0m0q2lbe,C. Curran,,,Chicago Stars,Away
2823789957,761,1,2,85,43,dzxypx8djih58p668surbi4qm,1,33.8,76.4,2025-06-22T03:48:59.095Z,2025-06-22T03:49:00Z,"[{'id': 5777572171, 'qualifierId': 140, 'value': '26.3'}, {'id': 5777572175, 'qualifierId': 212, 'value': '9.8'}, {'id': 5777572169, 'qualifierId': 56, 'value': 'Back'}, {'id': 5777572173, 'qualifierId': 141, 'value': '85.0'}, {'id': 5777572177, 'qualifierId': 213, 'value': '2.50'}, {'id': 5777572185, 'qualifierId': 156}]",6e7scc2z7henelebs853mc844,A. Schlegel,,,Chicago Stars,Away
2823789973,762,1,2,85,46,dzxypx8djih58p668surbi4qm,1,26.2,85.0,2025-06-22T03:49:02.054Z,2025-06-22T03:49:05Z,"[{'id': 5777572295, 'qualifierId': 212, 'value': '7.7'}, {'id': 5777572291, 'qualifierId': 140, 'value': '21.9'}, {'id': 5777572297, 'qualifierId': 213, 'value': '2.20'}, {'id': 5777572289, 'qualifierId': 56, 'value': 'Back'}, {'id': 5777572293, 'qualifierId': 141, 'value': '94.2'}]",96jcamlgo8nghmr2s0m0q2lbe,C. Curran,,,Chicago Stars,Away
2823789975,763,1,2,85,49,dzxypx8djih58p668surbi4qm,1,23.9,96.5,2025-06-22T03:49:05.719Z,2025-06-22T03:49:08Z,"[{'id': 5777572309, 'qualifierId': 213, 'value': '3.78'}, {'id': 5777572307, 'qualifierId': 212, 'value': '11.4'}, {'id': 5777572303, 'qualifierId': 140, 'value': '15.2'}, {'id': 5777572305, 'qualifierId': 141, 'value': '86.5'}, {'id': 5777572301, 'qualifierId': 56, 'value': 'Back'}]",39jb2vzpuxxfhrr0px7tlk991,Nádia Gomes,,,Chicago Stars,Away
2823789977,764,1,2,85,52,dzxypx8djih58p668surbi4qm,1,15.2,86.5,2025-06-22T03:49:08.390Z,2025-06-22T03:49:10Z,"[{'id': 5777572317, 'qualifierId': 141, 'value': '95.1'}, {'id': 5777572321, 'qualifierId': 213, 'value': '0.73'}, {'id': 5777572315, 'qualifierId': 140, 'value': '21.4'}, {'id': 5777572313, 'qualifierId': 56, 'value': 'Back'}, {'id': 5777572319, 'qualifierId': 212, 'value': '8.8'}]",11u4dj0z0p616zx9gsnil66ay,S. Staab,,,Chicago Stars,Away
2823789979,765,1,2,85,54,dzxypx8djih58p668surbi4qm,0,22.7,95.3,2025-06-22T03:49:10.390Z,2025-06-22T03:49:11Z,"[{'id': 5777572333, 'qualifierId': 213, 'value': '5.89'}, {'id': 5777572327, 'qualifierId': 140, 'value': '37.1'}, {'id': 5777572325, 'qualifierId': 56, 'value': 'Back'}, {'id': 5777572329, 'qualifierId': 141, 'value': '86.0'}, {'id': 5777572331, 'qualifierId': 212, 'value': '16.4'}]",39jb2vzpuxxfhrr0px7tlk991,Nádia Gomes,,,Chicago Stars,Away
2823789991,773,1,2,85,57,446mp88j1vpk9iwui9fiifrp8,1,56.8,16.5,2025-06-22T03:49:13.851Z,2025-06-22T03:49:17Z,"[{'id': 5777572399, 'qualifierId': 157}, {'id': 5777572409, 'qualifierId': 213, 'value': '5.74'}, {'id': 5777572407, 'qualifierId': 212, 'value': '10.9'}, {'id': 5777572403, 'qualifierId': 140, 'value': '65.7'}, {'id': 5777572405, 'qualifierId': 141, 'value': '8.2'}, {'id': 5777572401, 'qualifierId': 56, 'value': 'Right'}, {'id': 5777572411, 'qualifierId': 1}]",74uudh34v23m2z9gy5tdppxey,S. Hiatt,,,Portland Thorns,Home
2823789993,774,1,2,86,2,446mp88j1vpk9iwui9fiifrp8,1,67.1,8.6,2025-06-22T03:49:18.427Z,2025-06-22T03:49:20Z,"[{'id': 5777572425, 'qualifierId': 213, 'value': '6.25'}, {'id': 5777572417, 'qualifierId': 56, 'value': 'Right'}, {'id': 5777572421, 'qualifierId': 141, 'value': '7.9'}, {'id': 5777572419, 'qualifierId': 140, 'value': '81.0'}, {'id': 5777572423, 'qualifierId': 212, 'value': '14.6'}, {'id': 5777572415, 'qualifierId': 3}]",ek8x7y3jt0xcebttt75qi5exh,J. Fleming,,,Portland Thorns,Home
2823789995,775,49,2,86,4,446mp88j1vpk9iwui9fiifrp8,1,81.0,7.9,2025-06-22T03:49:20.329Z,2025-06-22T03:49:20Z,[],2x310j2wycjsv4nzblfqd7sru,P. Linnehan,,,Portland Thorns,Home
2823789997,776,1,2,86,4,446mp88j1vpk9iwui9fiifrp8,1,81.0,7.9,2025-06-22T03:49:20.361Z,2025-06-22T03:49:21Z,"[{'id': 5777572433, 'qualifierId': 141, 'value': '13.2'}, {'id': 5777572437, 'qualifierId': 213, 'value': '2.84'}, {'id': 5777572429, 'qualifierId': 56, 'value': 'Right'}, {'id': 5777572431, 'qualifierId': 140, 'value': '70.0'}, {'id': 5777572435, 'qualifierId': 212, 'value': '12.1'}]",2x310j2wycjsv4nzblfqd7sru,P. Linnehan,,,Portland Thorns,Home
2823790003,777,1,2,86,5,446mp88j1vpk9iwui9fiifrp8,1,70.0,13.2,2025-06-22T03:49:21.321Z,2025-06-22T03:49:54Z,"[{'id': 5777572463, 'qualifierId': 141, 'value': '22.5'}, {'id': 5777572459, 'qualifierId': 56, 'value': 'Center'}, {'id': 5777572467, 'qualifierId': 213, 'value': '0.68'}, {'id': 5777572465, 'qualifierId': 212, 'value': '10.1'}, {'id': 5777572461, 'qualifierId': 140, 'value': '77.5'}]",cmolam8ri93kos2rasjhnuxyi,S. Coffey,,,Portland Thorns,Home
2823790007,778,1,2,86,7,446mp88j1vpk9iwui9fiifrp8,1,79.6,36.0,2025-06-22T03:49:23.337Z,2025-06-22T03:49:24Z,"[{'id': 5777572489, 'qualifierId': 212, 'value': '8.1'}, {'id': 5777572483, 'qualifierId': 56, 'value': 'Center'}, {'id': 5777572491, 'qualifierId': 213, 'value': '6.13'}, {'id': 5777572487, 'qualifierId': 141, 'value': '34.2'}, {'id': 5777572485, 'qualifierId': 140, 'value': '87.2'}]",7izc8t071mkrrgvptdjru467e,O. Moultrie,,,Portland Thorns,Home
2823790011,779,1,2,86,8,446mp88j1vpk9iwui9fiifrp8,0,87.2,34.2,2025-06-22T03:49:24.809Z,2025-06-22T03:49:25Z,"[{'id': 5777572501, 'qualifierId': 212, 'value': '6.5'}, {'id': 5777572497, 'qualifierId': 140, 'value': '87.6'}, {'id': 5777572495, 'qualifierId': 56, 'value': 'Center'}, {'id': 5777572499, 'qualifierId': 141, 'value': '43.7'}, {'id': 5777572503, 'qualifierId': 213, 'value': '1.51'}]",1115fgmv9xa3nwx3bu19jr9pl,A. Spaanstra,,,Portland Thorns,Home
2823790009,766,52,2,86,9,dzxypx8djih58p668surbi4qm,1,6.8,54.9,2025-06-22T03:49:24.954Z,2025-06-22T03:49:25Z,[],20qmwwdxbdp6ade3j9lssbvxm,H. Mackiewicz,,,Chicago Stars,Away
2823790067,767,1,2,86,32,dzxypx8djih58p668surbi4qm,1,10.9,34.5,2025-06-22T03:49:48.710Z,2025-06-22T03:49:52Z,"[{'id': 5777572777, 'qualifierId': 56, 'value': 'Center'}, {'id': 5777572783, 'qualifierId': 212, 'value': '47.0'}, {'id': 5777572775, 'qualifierId': 199}, {'id': 5777572779, 'qualifierId': 140, 'value': '54.9'}, {'id': 5777572781, 'qualifierId': 141, 'value': '21.9'}, {'id': 5777572785, 'qualifierId': 213, 'value': '6.10'}, {'id': 5777572791, 'qualifierId': 1}]",20qmwwdxbdp6ade3j9lssbvxm,H. Mackiewicz,,,Chicago Stars,Away
2823790069,768,1,2,86,36,dzxypx8djih58p668surbi4qm,0,54.9,21.9,2025-06-22T03:49:52.038Z,2025-06-22T03:56:05Z,"[{'id': 5777572797, 'qualifierId': 141, 'value': '27.9'}, {'id': 5777572795, 'qualifierId': 140, 'value': '61.1'}, {'id': 5777572801, 'qualifierId': 213, 'value': '0.56'}, {'id': 5777572793, 'qualifierId': 56, 'value': 'Center'}, {'id': 5777572799, 'qualifierId': 212, 'value': '7.7'}]",5fyfbevwr4aisqn4969aripsk,M. Johnson,,,Chicago Stars,Away
2823790077,780,49,2,86,40,446mp88j1vpk9iwui9fiifrp8,1,24.4,90.8,2025-06-22T03:49:56.891Z,2025-06-22T03:49:56Z,[],615vz7uoe3eiozddbe206io6h,R. Reyes,,,Portland Thorns,Home
2823790079,781,1,2,86,41,446mp88j1vpk9iwui9fiifrp8,0,24.4,90.8,2025-06-22T03:49:57.114Z,2025-06-22T03:49:57Z,"[{'id': 5777572843, 'qualifierId': 141, 'value': '87.5'}, {'id': 5777572841, 'qualifierId': 140, 'value': '30.3'}, {'id': 5777572845, 'qualifierId': 212, 'value': '6.6'}, {'id': 5777572847, 'qualifierId': 213, 'value': '5.94'}, {'id': 5777572839, 'qualifierId': 56, 'value': 'Back'}]",615vz7uoe3eiozddbe206io6h,R. Reyes,,,Portland Thorns,Home
2823790085,769,49,2,86,43,dzxypx8djih58p668surbi4qm,1,56.2,17.3,2025-06-22T03:49:59.208Z,2025-06-22T03:49:59Z,[],5fyfbevwr4aisqn4969aripsk,M. Johnson,,,Chicago Stars,Away
2823790087,770,1,2,86,43,dzxypx8djih58p668surbi4qm,0,56.2,17.3,2025-06-22T03:49:59.407Z,2025-06-22T03:49:59Z,"[{'id': 5777572865, 'qualifierId': 140, 'value': '38.3'}, {'id': 5777572871, 'qualifierId': 213, 'value': '2.63'}, {'id': 5777572867, 'qualifierId': 141, 'value': '33.0'}, {'id': 5777572863, 'qualifierId': 56, 'value': 'Back'}, {'id': 5777572869, 'qualifierId': 212, 'value': '21.6'}]",5fyfbevwr4aisqn4969aripsk,M. Johnson,,,Chicago Stars,Away
2823790115,772,51,2,86,45,dzxypx8djih58p668surbi4qm,1,34.4,35.5,2025-06-22T03:50:01.827Z,2025-06-22T03:50:22Z,"[{'id': 5777572977, 'qualifierId': 169, 'value': '784'}]",5fyfbevwr4aisqn4969aripsk,M. Johnson,,,Chicago Stars,Away
2823790099,782,49,2,86,47,446mp88j1vpk9iwui9fiifrp8,1,52.6,57.2,2025-06-22T03:50:03.131Z,2025-06-22T03:50:03Z,[],7izc8t071mkrrgvptdjru467e,O. Moultrie,,,Portland Thorns,Home
2823790103,783,1,2,86,47,446mp88j1vpk9iwui9fiifrp8,1,65.7,56.0,2025-06-22T03:50:03.737Z,2025-06-22T03:50:17Z,"[{'id': 5777572917, 'qualifierId': 56, 'value': 'Center'}, {'id': 5777572925, 'qualifierId': 213, 'value': '0.18'}, {'id': 5777572921, 'qualifierId': 141, 'value': '60.2'}, {'id': 5777573009, 'qualifierId': 210, 'value': '13'}, {'id': 5777572923, 'qualifierId': 212, 'value': '16.3'}, {'id': 5777572919, 'qualifierId': 140, 'value': '81.0'}, {'id': 5777573011, 'qualifierId': 154}]",7izc8t071mkrrgvptdjru467e,O. Moultrie,1.0,,Portland Thorns,Home
2823790105,784,13,2,86,49,446mp88j1vpk9iwui9fiifrp8,1,87.8,65.8,2025-06-22T03:50:04.985Z,2025-06-22T03:50:22Z,"[{'id': 5777573017, 'qualifierId': 154}, {'id': 5777572933, 'qualifierId': 56, 'value': 'Center'}, {'id': 5777573023, 'qualifierId': 102, 'value': '58.8'}, {'id': 5777572979, 'qualifierId': 72}, {'id': 5777573027, 'qualifierId': 328}, {'id': 5777573013, 'qualifierId': 86}, {'id': 5777573025, 'qualifierId': 103, 'value': '58.3'}, {'id': 5777573019, 'qualifierId': 55, 'value': '783'}, {'id': 5777572931, 'qualifierId': 64}, {'id': 5777573031, 'qualifierId': 231, 'value': '52.5'}, {'id': 5777573057, 'qualifierId': 468, 'value': '772'}, {'id': 5777573015, 'qualifierId': 29}, {'id': 5777573029, 'qualifierId': 230, 'value': '100'}, {'id': 5777572929, 'qualifierId': 22}]",2x310j2wycjsv4nzblfqd7sru,P. Linnehan,,,Portland Thorns,Home
2823790109,771,5,2,86,51,dzxypx8djih58p668surbi4qm,1,-1.6,45.5,2025-06-22T03:50:06.999Z,2025-06-22T03:58:55Z,"[{'id': 5777572953, 'qualifierId': 56, 'value': 'Back'}, {'id': 5777572969, 'qualifierId': 233, 'value': '785'}, {'id': 5777572955, 'qualifierId': 346}]",5fyfbevwr4aisqn4969aripsk,M. Johnson,,,Chicago Stars,Away
2823790113,785,5,2,86,51,446mp88j1vpk9iwui9fiifrp8,0,101.6,54.5,2025-06-22T03:50:06.999Z,2025-06-22T03:58:55Z,"[{'id': 5777572973, 'qualifierId': 233, 'value': '771'}, {'id': 5777572967, 'qualifierId': 346}, {'id': 5777572965, 'qualifierId': 56, 'value': 'Center'}]",2x310j2wycjsv4nzblfqd7sru,P. Linnehan,,,Portland Thorns,Home
2823790159,786,18,2,87,27,446mp88j1vpk9iwui9fiifrp8,1,0.0,0.0,2025-06-22T03:50:43.362Z,2025-06-22T03:50:44Z,"[{'id': 5777573261, 'qualifierId': 44, 'value': 'Midfielder'}, {'id': 5777573283, 'qualifierId': 55, 'value': '787'}, {'id': 5777573263, 'qualifierId': 59, 'value': '13'}, {'id': 5777573259, 'qualifierId': 42}]",7izc8t071mkrrgvptdjru467e,O. Moultrie,,,Portland Thorns,Home
2823790161,787,19,2,87,27,446mp88j1vpk9iwui9fiifrp8,1,0.0,0.0,2025-06-22T03:50:43.363Z,2025-06-22T03:50:44Z,"[{'id': 5777573275, 'qualifierId': 293, 'value': '3'}, {'id': 5777573271, 'qualifierId': 59, 'value': '10'}, {'id': 5777573265, 'qualifierId': 42}, {'id': 5777573277, 'qualifierId': 44, 'value': 'Forward'}, {'id': 5777573269, 'qualifierId': 145, 'value': '8'}, {'id': 5777573279, 'qualifierId': 55, 'value': '786'}, {'id': 5777573273, 'qualifierId': 292, 'value': '10'}]",et72990p9axru09oxv51hokwl,D. Castellanos,,,Portland Thorns,Home
2823790173,788,18,2,87,36,446mp88j1vpk9iwui9fiifrp8,1,0.0,0.0,2025-06-22T03:50:52.548Z,2025-06-22T03:50:53Z,"[{'id': 5777573335, 'qualifierId': 42}, {'id': 5777573337, 'qualifierId': 44, 'value': 'Midfielder'}, {'id': 5777573367, 'qualifierId': 55, 'value': '789'}, {'id': 5777573339, 'qualifierId': 59, 'value': '21'}]",ek8x7y3jt0xcebttt75qi5exh,J. Fleming,,,Portland Thorns,Home
2823790179,789,19,2,87,36,446mp88j1vpk9iwui9fiifrp8,1,0.0,0.0,2025-06-22T03:50:52.549Z,2025-06-22T03:50:53Z,"[{'id': 5777573355, 'qualifierId': 293, 'value': '2'}, {'id': 5777573351, 'qualifierId': 59, 'value': '26'}, {'id': 5777573349, 'qualifierId': 145, 'value': '7'}, {'id': 5777573357, 'qualifierId': 44, 'value': 'Midfielder'}, {'id': 5777573345, 'qualifierId': 42}, {'id': 5777573359, 'qualifierId': 55, 'value': '788'}, {'id': 5777573353, 'qualifierId': 292, 'value': '6'}]",d0zsyv4xdt0hunaikjy3tde96,M. Alidou,,,Portland Thorns,Home
2823790219,775,18,2,87,45,dzxypx8djih58p668surbi4qm,1,0.0,0.0,2025-06-22T03:51:01.697Z,2025-06-22T03:51:49Z,"[{'id': 5777573629, 'qualifierId': 55, 'value': '776'}, {'id': 5777573609, 'qualifierId': 59, 'value': '34'}, {'id': 5777573607, 'qualifierId': 44, 'value': 'Forward'}, {'id': 5777573605, 'qualifierId': 42}]",6e7scc2z7henelebs853mc844,A. Schlegel,,,Chicago Stars,Away
2823790221,776,19,2,87,45,dzxypx8djih58p668surbi4qm,1,0.0,0.0,2025-06-22T03:51:01.698Z,2025-06-22T03:51:50Z,"[{'id': 5777573617, 'qualifierId': 59, 'value': '25'}, {'id': 5777573719, 'qualifierId': 189}, {'id': 5777573625, 'qualifierId': 55, 'value': '775'}, {'id': 5777573621, 'qualifierId': 293, 'value': '3'}, {'id': 5777573623, 'qualifierId': 44, 'value': 'Forward'}, {'id': 5777573619, 'qualifierId': 292, 'value': '9'}, {'id': 5777573611, 'qualifierId': 42}, {'id': 5777573615, 'qualifierId': 145, 'value': '9'}]",e6228d1678w0s4fx8iw72lj6y,C. Barry,,,Chicago Stars,Away
2823790203,773,18,2,87,48,dzxypx8djih58p668surbi4qm,1,0.0,0.0,2025-06-22T03:51:04.758Z,2025-06-22T03:51:05Z,"[{'id': 5777573521, 'qualifierId': 44, 'value': 'Midfielder'}, {'id': 5777573523, 'qualifierId': 59, 'value': '10'}, {'id': 5777573555, 'qualifierId': 55, 'value': '774'}, {'id': 5777573519, 'qualifierId': 42}]",19udx179xugqp84qo9rsq0nhl,S. Groom,,,Chicago Stars,Away
2823790205,774,19,2,87,48,dzxypx8djih58p668surbi4qm,1,0.0,0.0,2025-06-22T03:51:04.759Z,2025-06-22T03:51:05Z,"[{'id': 5777573539, 'qualifierId': 55, 'value': '773'}, {'id': 5777573529, 'qualifierId': 145, 'value': '11'}, {'id': 5777573537, 'qualifierId': 44, 'value': 'Forward'}, {'id': 5777573533, 'qualifierId': 292, 'value': '8'}, {'id': 5777573525, 'qualifierId': 42}, {'id': 5777573531, 'qualifierId': 59, 'value': '7'}, {'id': 5777573535, 'qualifierId': 293, 'value': '1'}]",8ace4czv4na5qww43srp67fv8,A. Cook,,,Chicago Stars,Away
2823791093,862,1,2,87,49,dzxypx8djih58p668surbi4qm,1,4.3,56.6,2025-06-22T03:51:04.951Z,2025-06-22T04:01:32Z,"[{'id': 5777578413, 'qualifierId': 213, 'value': '0.78'}, {'id': 5777578403, 'qualifierId': 124}, {'id': 5777578409, 'qualifierId': 141, 'value': '81.7'}, {'id': 5777578417, 'qualifierId': 237}, {'id': 5777578405, 'qualifierId': 56, 'value': 'Back'}, {'id': 5777578411, 'qualifierId': 212, 'value': '24.2'}, {'id': 5777578407, 'qualifierId': 140, 'value': '20.6'}]",20qmwwdxbdp6ade3j9lssbvxm,H. Mackiewicz,,,Chicago Stars,Away
2823791101,863,1,2,87,50,dzxypx8djih58p668surbi4qm,0,21.3,67.5,2025-06-22T03:51:05.951Z,2025-06-22T04:01:39Z,"[{'id': 5777578437, 'qualifierId': 56, 'value': 'Back'}, {'id': 5777578443, 'qualifierId': 212, 'value': '22.9'}, {'id': 5777578435, 'qualifierId': 155}, {'id': 5777578439, 'qualifierId': 140, 'value': '41.9'}, {'id': 5777578441, 'qualifierId': 141, 'value': '56.6'}, {'id': 5777578445, 'qualifierId': 213, 'value': '5.95'}]",11u4dj0z0p616zx9gsnil66ay,S. Staab,,,Chicago Stars,Away
2823791121,864,61,2,87,52,dzxypx8djih58p668surbi4qm,0,42.5,69.6,2025-06-22T03:51:07.951Z,2025-06-22T04:02:00Z,"[{'id': 5777578593, 'qualifierId': 56, 'value': 'Back'}]",e6228d1678w0s4fx8iw72lj6y,C. Barry,,,Chicago Stars,Away
2823790211,790,49,2,87,53,446mp88j1vpk9iwui9fiifrp8,1,31.1,44.3,2025-06-22T03:51:09.803Z,2025-06-22T04:01:49Z,[],8oj7cqgjacle67i49w4a3gx6,I. Obaze,,,Portland Thorns,Home
2823790223,791,1,2,87,54,446mp88j1vpk9iwui9fiifrp8,1,32.0,48.5,2025-06-22T03:51:10.585Z,2025-06-22T04:01:44Z,"[{'id': 5777573639, 'qualifierId': 213, 'value': '1.39'}, {'id': 5777573633, 'qualifierId': 140, 'value': '34.4'}, {'id': 5777573635, 'qualifierId': 141, 'value': '69.0'}, {'id': 5777573631, 'qualifierId': 56, 'value': 'Back'}, {'id': 5777573637, 'qualifierId': 212, 'value': '14.2'}]",8oj7cqgjacle67i49w4a3gx6,I. Obaze,,,Portland Thorns,Home
2823790225,792,1,2,87,56,446mp88j1vpk9iwui9fiifrp8,0,39.8,72.6,2025-06-22T03:51:12.460Z,2025-06-22T03:51:13Z,"[{'id': 5777573643, 'qualifierId': 155}, {'id': 5777573645, 'qualifierId': 56, 'value': 'Center'}, {'id': 5777573651, 'qualifierId': 212, 'value': '36.3'}, {'id': 5777573655, 'qualifierId': 1}, {'id': 5777573649, 'qualifierId': 141, 'value': '71.4'}, {'id': 5777573653, 'qualifierId': 213, 'value': '6.26'}, {'id': 5777573647, 'qualifierId': 140, 'value': '74.4'}]",615vz7uoe3eiozddbe206io6h,R. Reyes,,,Portland Thorns,Home
2823790241,777,5,2,87,59,dzxypx8djih58p668surbi4qm,0,32.2,-1.3,2025-06-22T03:51:15.131Z,2025-06-22T03:58:56Z,"[{'id': 5777573733, 'qualifierId': 347}, {'id': 5777576525, 'qualifierId': 233, 'value': '793'}, {'id': 5777573731, 'qualifierId': 56, 'value': 'Back'}]",5fyfbevwr4aisqn4969aripsk,M. Johnson,,,Chicago Stars,Away
2823790227,793,5,2,87,59,446mp88j1vpk9iwui9fiifrp8,1,67.8,101.3,2025-06-22T03:51:15.131Z,2025-06-22T03:58:55Z,"[{'id': 5777573657, 'qualifierId': 56, 'value': 'Left'}, {'id': 5777576521, 'qualifierId': 233, 'value': '777'}, {'id': 5777573659, 'qualifierId': 347}]",615vz7uoe3eiozddbe206io6h,R. Reyes,,,Portland Thorns,Home
2823790243,794,1,2,88,16,446mp88j1vpk9iwui9fiifrp8,1,66.4,100.0,2025-06-22T03:51:32.474Z,2025-06-22T03:51:35Z,"[{'id': 5777573757, 'qualifierId': 140, 'value': '58.3'}, {'id': 5777573759, 'qualifierId': 141, 'value': '92.0'}, {'id': 5777573755, 'qualifierId': 56, 'value': 'Left'}, {'id': 5777573761, 'qualifierId': 212, 'value': '10.7'}, {'id': 5777573753, 'qualifierId': 107}, {'id': 5777573763, 'qualifierId': 213, 'value': '3.80'}]",615vz7uoe3eiozddbe206io6h,R. Reyes,,,Portland Thorns,Home
2823790255,795,1,2,88,17,446mp88j1vpk9iwui9fiifrp8,1,58.3,92.0,2025-06-22T03:51:33.545Z,2025-06-22T03:56:52Z,"[{'id': 5777573807, 'qualifierId': 141, 'value': '98.6'}, {'id': 5777573811, 'qualifierId': 213, 'value': '0.57'}, {'id': 5777573805, 'qualifierId': 140, 'value': '65.0'}, {'id': 5777573809, 'qualifierId': 212, 'value': '8.3'}, {'id': 5777573803, 'qualifierId': 56, 'value': 'Left'}]",cmolam8ri93kos2rasjhnuxyi,S. Coffey,,,Portland Thorns,Home
2823790271,796,1,2,88,18,446mp88j1vpk9iwui9fiifrp8,1,61.7,96.6,2025-06-22T03:51:34.609Z,2025-06-22T03:57:00Z,"[{'id': 5777573837, 'qualifierId': 213, 'value': '3.35'}, {'id': 5777573829, 'qualifierId': 56, 'value': 'Back'}, {'id': 5777573831, 'qualifierId': 140, 'value': '37.2'}, {'id': 5777573835, 'qualifierId': 212, 'value': '26.3'}, {'id': 5777573833, 'qualifierId': 141, 'value': '88.7'}]",615vz7uoe3eiozddbe206io6h,R. Reyes,,,Portland Thorns,Home
2823790285,797,1,2,88,25,446mp88j1vpk9iwui9fiifrp8,1,31.7,78.5,2025-06-22T03:51:41.050Z,2025-06-22T03:51:45Z,"[{'id': 5777573909, 'qualifierId': 56, 'value': 'Back'}, {'id': 5777573913, 'qualifierId': 141, 'value': '59.6'}, {'id': 5777573915, 'qualifierId': 212, 'value': '21.4'}, {'id': 5777573911, 'qualifierId': 140, 'value': '15.4'}, {'id': 5777573917, 'qualifierId': 213, 'value': '3.79'}]",8oj7cqgjacle67i49w4a3gx6,I. Obaze,,,Portland Thorns,Home
2823790297,798,1,2,88,29,446mp88j1vpk9iwui9fiifrp8,1,15.9,54.8,2025-06-22T03:51:45.818Z,2025-06-22T03:51:50Z,"[{'id': 5777573987, 'qualifierId': 140, 'value': '22.8'}, {'id': 5777573989, 'qualifierId': 141, 'value': '29.5'}, {'id': 5777573991, 'qualifierId': 212, 'value': '18.7'}, {'id': 5777573985, 'qualifierId': 56, 'value': 'Back'}, {'id': 5777573993, 'qualifierId': 213, 'value': '5.11'}]",1yva0f096q2oqk5gz59utr42y,B. Bixby,,,Portland Thorns,Home
2823790301,799,1,2,88,34,446mp88j1vpk9iwui9fiifrp8,0,22.8,29.5,2025-06-22T03:51:49.996Z,2025-06-22T03:59:13Z,"[{'id': 5777574009, 'qualifierId': 213, 'value': '6.22'}, {'id': 5777574003, 'qualifierId': 140, 'value': '43.9'}, {'id': 5777574007, 'qualifierId': 212, 'value': '22.2'}, {'id': 5777573999, 'qualifierId': 155}, {'id': 5777574005, 'qualifierId': 141, 'value': '27.3'}, {'id': 5777574001, 'qualifierId': 56, 'value': 'Back'}]",74uudh34v23m2z9gy5tdppxey,S. Hiatt,,,Portland Thorns,Home
2823790263,783,8,2,88,35,dzxypx8djih58p668surbi4qm,1,54.4,68.3,2025-06-22T03:51:51.791Z,2025-06-22T03:58:04Z,"[{'id': 5777577625, 'qualifierId': 56, 'value': 'Center'}]",daze51b5849zsk2aqvgmkkbth,Maitane López,,,Chicago Stars,Away
2823790321,800,1,2,88,38,446mp88j1vpk9iwui9fiifrp8,1,32.4,10.0,2025-06-22T03:51:54.729Z,2025-06-22T03:51:57Z,"[{'id': 5777574113, 'qualifierId': 141, 'value': '22.1'}, {'id': 5777574109, 'qualifierId': 56, 'value': 'Back'}, {'id': 5777574117, 'qualifierId': 213, 'value': '0.81'}, {'id': 5777574115, 'qualifierId': 212, 'value': '11.4'}, {'id': 5777574111, 'qualifierId': 140, 'value': '39.9'}]",a0kl9l751uxo86g2k2chqtw5w,M. McKenzie,,,Portland Thorns,Home
2823790323,801,49,2,88,41,446mp88j1vpk9iwui9fiifrp8,1,39.9,22.1,2025-06-22T03:51:56.987Z,2025-06-22T03:58:42Z,[],d0zsyv4xdt0hunaikjy3tde96,M. Alidou,,,Portland Thorns,Home
2823790345,802,1,2,88,41,446mp88j1vpk9iwui9fiifrp8,1,39.9,22.1,2025-06-22T03:51:57.530Z,2025-06-22T03:58:46Z,"[{'id': 5777574233, 'qualifierId': 212, 'value': '13.8'}, {'id': 5777574235, 'qualifierId': 213, 'value': '4.00'}, {'id': 5777574231, 'qualifierId': 141, 'value': '6.7'}, {'id': 5777574227, 'qualifierId': 56, 'value': 'Back'}, {'id': 5777574229, 'qualifierId': 140, 'value': '31.3'}]",d0zsyv4xdt0hunaikjy3tde96,M. Alidou,,,Portland Thorns,Home
2823790353,803,1,2,88,46,446mp88j1vpk9iwui9fiifrp8,1,32.6,6.4,2025-06-22T03:52:02.106Z,2025-06-22T04:00:03Z,"[{'id': 5777574275, 'qualifierId': 212, 'value': '26.9'}, {'id': 5777574267, 'qualifierId': 155}, {'id': 5777574271, 'qualifierId': 140, 'value': '58.2'}, {'id': 5777574269, 'qualifierId': 56, 'value': 'Right'}, {'id': 5777574273, 'qualifierId': 141, 'value': '5.6'}, {'id': 5777574277, 'qualifierId': 213, 'value': '6.26'}]",a0kl9l751uxo86g2k2chqtw5w,M. McKenzie,,,Portland Thorns,Home
2823790355,804,61,2,88,46,446mp88j1vpk9iwui9fiifrp8,0,58.2,5.6,2025-06-22T03:52:02.530Z,2025-06-22T03:59:59Z,"[{'id': 5777574281, 'qualifierId': 56, 'value': 'Right'}]",d0zsyv4xdt0hunaikjy3tde96,M. Alidou,,,Portland Thorns,Home
2823790349,787,61,2,88,47,dzxypx8djih58p668surbi4qm,0,22.7,83.6,2025-06-22T03:52:03.151Z,2025-06-22T04:00:00Z,"[{'id': 5777574243, 'qualifierId': 56, 'value': 'Back'}]",11u4dj0z0p616zx9gsnil66ay,S. Staab,,,Chicago Stars,Away
2823790359,788,1,2,88,49,dzxypx8djih58p668surbi4qm,0,16.4,90.0,2025-06-22T03:52:05.559Z,2025-06-22T03:52:07Z,"[{'id': 5777574315, 'qualifierId': 236}, {'id': 5777574305, 'qualifierId': 141, 'value': '95.7'}, {'id': 5777574301, 'qualifierId': 56, 'value': 'Back'}, {'id': 5777574303, 'qualifierId': 140, 'value': '19.1'}, {'id': 5777574307, 'qualifierId': 212, 'value': '4.8'}, {'id': 5777574321, 'qualifierId': 286}, {'id': 5777574317, 'qualifierId': 233, 'value': '805'}, {'id': 5777574309, 'qualifierId': 213, 'value': '0.94'}]",11u4dj0z0p616zx9gsnil66ay,S. Staab,,,Chicago Stars,Away
2823790361,805,74,2,88,49,446mp88j1vpk9iwui9fiifrp8,1,79.2,5.3,2025-06-22T03:52:05.560Z,2025-06-22T04:01:02Z,"[{'id': 5777574313, 'qualifierId': 285}, {'id': 5777574323, 'qualifierId': 233, 'value': '788'}, {'id': 5777574311, 'qualifierId': 56, 'value': 'Right'}]",d0zsyv4xdt0hunaikjy3tde96,M. Alidou,,,Portland Thorns,Home
2823790363,789,5,2,88,51,dzxypx8djih58p668surbi4qm,1,21.8,101.6,2025-06-22T03:52:07.737Z,2025-06-22T03:58:56Z,"[{'id': 5777574329, 'qualifierId': 347}, {'id': 5777574373, 'qualifierId': 233, 'value': '807'}, {'id': 5777574327, 'qualifierId': 56, 'value': 'Back'}]",11u4dj0z0p616zx9gsnil66ay,S. Staab,,,Chicago Stars,Away
2823790367,807,5,2,88,51,446mp88j1vpk9iwui9fiifrp8,0,78.2,-1.6,2025-06-22T03:52:07.737Z,2025-06-22T03:58:56Z,"[{'id': 5777574389, 'qualifierId': 233, 'value': '789'}, {'id': 5777574371, 'qualifierId': 347}, {'id': 5777574369, 'qualifierId': 56, 'value': 'Right'}]",d0zsyv4xdt0hunaikjy3tde96,M. Alidou,,,Portland Thorns,Home
2823790365,806,43,2,88,52,446mp88j1vpk9iwui9fiifrp8,1,0.0,0.0,2025-06-22T03:52:08.458Z,2025-06-22T03:52:15Z,"[{'id': 5777574343, 'qualifierId': 213, 'value': '3.14'}, {'id': 5777574331, 'qualifierId': 3, 'value': '0'}, {'id': 5777574335, 'qualifierId': 56, 'value': 'Right'}, {'id': 5777574333, 'qualifierId': 168, 'value': '0'}, {'id': 5777574341, 'qualifierId': 212, 'value': '0'}, {'id': 5777574337, 'qualifierId': 140, 'value': '77.0'}, {'id': 5777574411, 'qualifierId': 144, 'value': '1'}, {'id': 5777574339, 'qualifierId': 141, 'value': '0.0'}]",d0zsyv4xdt0hunaikjy3tde96,M. Alidou,,,Portland Thorns,Home
2823790375,790,1,2,88,53,dzxypx8djih58p668surbi4qm,1,19.8,100.0,2025-06-22T03:52:09.695Z,2025-06-22T03:52:38Z,"[{'id': 5777574399, 'qualifierId': 56, 'value': 'Back'}, {'id': 5777574403, 'qualifierId': 141, 'value': '86.0'}, {'id': 5777574405, 'qualifierId': 212, 'value': '17.3'}, {'id': 5777574397, 'qualifierId': 107}, {'id': 5777574401, 'qualifierId': 140, 'value': '32.8'}, {'id': 5777574407, 'qualifierId': 213, 'value': '5.62'}]",11u4dj0z0p616zx9gsnil66ay,S. Staab,,,Chicago Stars,Away
2823790379,791,1,2,88,56,dzxypx8djih58p668surbi4qm,1,33.8,88.6,2025-06-22T03:52:12.903Z,2025-06-22T03:52:17Z,"[{'id': 5777574413, 'qualifierId': 56, 'value': 'Back'}, {'id': 5777574419, 'qualifierId': 212, 'value': '7.6'}, {'id': 5777574417, 'qualifierId': 141, 'value': '95.1'}, {'id': 5777574421, 'qualifierId': 213, 'value': '0.62'}, {'id': 5777574415, 'qualifierId': 140, 'value': '39.7'}]",96jcamlgo8nghmr2s0m0q2lbe,C. Curran,,,Chicago Stars,Away
2823790387,792,1,2,89,1,dzxypx8djih58p668surbi4qm,1,39.7,95.1,2025-06-22T03:52:17.239Z,2025-06-22T03:59:10Z,"[{'id': 5777574473, 'qualifierId': 141, 'value': '79.7'}, {'id': 5777574469, 'qualifierId': 56, 'value': 'Back'}, {'id': 5777574477, 'qualifierId': 213, 'value': '3.82'}, {'id': 5777574475, 'qualifierId': 212, 'value': '16.8'}, {'id': 5777574471, 'qualifierId': 140, 'value': '27.2'}]",e6228d1678w0s4fx8iw72lj6y,C. Barry,,,Chicago Stars,Away
2823790389,793,1,2,89,4,dzxypx8djih58p668surbi4qm,0,27.1,78.7,2025-06-22T03:52:20.743Z,2025-06-22T03:52:21Z,"[{'id': 5777574489, 'qualifierId': 212, 'value': '20.5'}, {'id': 5777574483, 'qualifierId': 56, 'value': 'Back'}, {'id': 5777574491, 'qualifierId': 213, 'value': '4.94'}, {'id': 5777574487, 'qualifierId': 141, 'value': '49.3'}, {'id': 5777574485, 'qualifierId': 140, 'value': '31.5'}]",11u4dj0z0p616zx9gsnil66ay,S. Staab,,,Chicago Stars,Away
2823790391,808,49,2,89,7,446mp88j1vpk9iwui9fiifrp8,1,67.6,64.8,2025-06-22T03:52:23.034Z,2025-06-22T03:52:23Z,[],1115fgmv9xa3nwx3bu19jr9pl,A. Spaanstra,,,Portland Thorns,Home
2823790395,809,1,2,89,8,446mp88j1vpk9iwui9fiifrp8,0,79.9,54.0,2025-06-22T03:52:24.298Z,2025-06-22T03:52:25Z,"[{'id': 5777574499, 'qualifierId': 56, 'value': 'Center'}, {'id': 5777574503, 'qualifierId': 141, 'value': '46.9'}, {'id': 5777574505, 'qualifierId': 212, 'value': '15.4'}, {'id': 5777574501, 'qualifierId': 140, 'value': '93.8'}, {'id': 5777574507, 'qualifierId': 213, 'value': '5.96'}]",1115fgmv9xa3nwx3bu19jr9pl,A. Spaanstra,,,Portland Thorns,Home
2823790397,794,52,2,89,10,dzxypx8djih58p668surbi4qm,1,4.1,53.6,2025-06-22T03:52:26.935Z,2025-06-22T03:52:27Z,[],20qmwwdxbdp6ade3j9lssbvxm,H. Mackiewicz,,,Chicago Stars,Away
2823790407,795,1,2,89,19,dzxypx8djih58p668surbi4qm,1,10.1,44.3,2025-06-22T03:52:35.607Z,2025-06-22T03:52:37Z,"[{'id': 5777574563, 'qualifierId': 212, 'value': '11.7'}, {'id': 5777574559, 'qualifierId': 140, 'value': '15.0'}, {'id': 5777574557, 'qualifierId': 56, 'value': 'Back'}, {'id': 5777574555, 'qualifierId': 123}, {'id': 5777574561, 'qualifierId': 141, 'value': '28.9'}, {'id': 5777574565, 'qualifierId': 213, 'value': '5.17'}]",20qmwwdxbdp6ade3j9lssbvxm,H. Mackiewicz,,,Chicago Stars,Away
2823790413,796,1,2,89,21,dzxypx8djih58p668surbi4qm,1,22.9,28.3,2025-06-22T03:52:37.783Z,2025-06-22T03:52:41Z,"[{'id': 5777574607, 'qualifierId': 212, 'value': '10.2'}, {'id': 5777574609, 'qualifierId': 213, 'value': '6.06'}, {'id': 5777574601, 'qualifierId': 56, 'value': 'Back'}, {'id': 5777574605, 'qualifierId': 141, 'value': '25.0'}, {'id': 5777574603, 'qualifierId': 140, 'value': '32.4'}]",6zzk0lgja87zs45h8btgheled,C. Onwualu,,,Chicago Stars,Away
2823790415,797,50,2,89,25,dzxypx8djih58p668surbi4qm,1,29.4,25.5,2025-06-22T03:52:41.753Z,2025-06-22T04:07:43Z,"[{'id': 5777574615, 'qualifierId': 285}, {'id': 5777574655, 'qualifierId': 233, 'value': '810'}, {'id': 5777574613, 'qualifierId': 56, 'value': 'Back'}]",5fyfbevwr4aisqn4969aripsk,M. Johnson,,,Chicago Stars,Away
2823790421,810,7,2,89,25,446mp88j1vpk9iwui9fiifrp8,1,70.6,74.5,2025-06-22T03:52:41.754Z,2025-06-22T04:07:43Z,"[{'id': 5777574651, 'qualifierId': 233, 'value': '797'}, {'id': 5777574639, 'qualifierId': 56, 'value': 'Center'}, {'id': 5777574641, 'qualifierId': 286}]",cmolam8ri93kos2rasjhnuxyi,S. Coffey,,,Portland Thorns,Home
2823790427,812,49,2,89,29,446mp88j1vpk9iwui9fiifrp8,1,72.9,61.2,2025-06-22T03:52:45.305Z,2025-06-22T04:08:58Z,[],7in4ykzbs8p44qy4jrb10p0wl,H. Sugita,,,Portland Thorns,Home
2823790425,811,1,2,89,29,446mp88j1vpk9iwui9fiifrp8,1,72.7,78.8,2025-06-22T03:52:45.865Z,2025-06-22T03:52:47Z,"[{'id': 5777574669, 'qualifierId': 212, 'value': '12.0'}, {'id': 5777574663, 'qualifierId': 56, 'value': 'Center'}, {'id': 5777574667, 'qualifierId': 141, 'value': '61.2'}, {'id': 5777574671, 'qualifierId': 213, 'value': '4.73'}, {'id': 5777574665, 'qualifierId': 140, 'value': '72.9'}]",cmolam8ri93kos2rasjhnuxyi,S. Coffey,,,Portland Thorns,Home
2823790433,813,1,2,89,32,446mp88j1vpk9iwui9fiifrp8,0,74.1,59.1,2025-06-22T03:52:48.202Z,2025-06-22T03:53:04Z,"[{'id': 5777574709, 'qualifierId': 56, 'value': 'Center'}, {'id': 5777574713, 'qualifierId': 141, 'value': '59.6'}, {'id': 5777574715, 'qualifierId': 212, 'value': '17.0'}, {'id': 5777574711, 'qualifierId': 140, 'value': '90.3'}, {'id': 5777574717, 'qualifierId': 213, 'value': '0.02'}]",et72990p9axru09oxv51hokwl,D. Castellanos,,,Portland Thorns,Home
2823790441,798,52,2,89,34,dzxypx8djih58p668surbi4qm,1,6.9,39.1,2025-06-22T03:52:50.663Z,2025-06-22T03:52:50Z,[],20qmwwdxbdp6ade3j9lssbvxm,H. Mackiewicz,,,Chicago Stars,Away
2823790455,799,80,2,89,45,dzxypx8djih58p668surbi4qm,0,12.3,37.6,2025-06-22T03:53:01.895Z,2025-06-22T03:53:01Z,[],20qmwwdxbdp6ade3j9lssbvxm,H. Mackiewicz,,,Chicago Stars,Away
2823790463,800,1,2,89,49,dzxypx8djih58p668surbi4qm,1,14.6,32.8,2025-06-22T03:53:05.224Z,2025-06-22T04:09:14Z,"[{'id': 5777574933, 'qualifierId': 213, 'value': '0.04'}, {'id': 5777574925, 'qualifierId': 56, 'value': 'Center'}, {'id': 5777574921, 'qualifierId': 157}, {'id': 5777574923, 'qualifierId': 198}, {'id': 5777574931, 'qualifierId': 212, 'value': '49.4'}, {'id': 5777574935, 'qualifierId': 1}, {'id': 5777574927, 'qualifierId': 140, 'value': '61.6'}, {'id': 5777574929, 'qualifierId': 141, 'value': '35.4'}]",20qmwwdxbdp6ade3j9lssbvxm,H. Mackiewicz,,,Chicago Stars,Away
2823790467,801,61,2,89,51,dzxypx8djih58p668surbi4qm,1,61.2,36.7,2025-06-22T03:53:07.762Z,2025-06-22T03:53:08Z,"[{'id': 5777574951, 'qualifierId': 56, 'value': 'Center'}]",5fyfbevwr4aisqn4969aripsk,M. Johnson,,,Chicago Stars,Away
2823790473,802,50,2,89,54,dzxypx8djih58p668surbi4qm,1,62.0,15.2,2025-06-22T03:53:10.042Z,2025-06-22T03:53:16Z,"[{'id': 5777574969, 'qualifierId': 56, 'value': 'Right'}, {'id': 5777575003, 'qualifierId': 233, 'value': '814'}, {'id': 5777574971, 'qualifierId': 286}]",96jcamlgo8nghmr2s0m0q2lbe,C. Curran,,,Chicago Stars,Away
2823790479,814,7,2,89,54,446mp88j1vpk9iwui9fiifrp8,1,38.0,84.8,2025-06-22T03:53:10.043Z,2025-06-22T03:53:14Z,"[{'id': 5777574997, 'qualifierId': 233, 'value': '802'}, {'id': 5777574995, 'qualifierId': 285}, {'id': 5777574991, 'qualifierId': 167}, {'id': 5777574993, 'qualifierId': 56, 'value': 'Back'}]",cmolam8ri93kos2rasjhnuxyi,S. Coffey,,,Portland Thorns,Home
2823790477,803,5,2,89,55,dzxypx8djih58p668surbi4qm,1,59.5,-1.4,2025-06-22T03:53:11.656Z,2025-06-22T03:58:57Z,"[{'id': 5777574987, 'qualifierId': 56, 'value': 'Right'}, {'id': 5777575039, 'qualifierId': 233, 'value': '815'}, {'id': 5777574989, 'qualifierId': 347}]",96jcamlgo8nghmr2s0m0q2lbe,C. Curran,,,Chicago Stars,Away
2823790485,815,5,2,89,55,446mp88j1vpk9iwui9fiifrp8,0,40.5,101.4,2025-06-22T03:53:11.656Z,2025-06-22T03:58:57Z,"[{'id': 5777575035, 'qualifierId': 56, 'value': 'Back'}, {'id': 5777575037, 'qualifierId': 347}, {'id': 5777575047, 'qualifierId': 233, 'value': '803'}]",cmolam8ri93kos2rasjhnuxyi,S. Coffey,,,Portland Thorns,Home
2823790561,820,70,2,90,0,446mp88j1vpk9iwui9fiifrp8,1,0.0,0.0,2025-06-22T03:53:16.107Z,2025-06-22T03:54:07Z,"[{'id': 5777575507, 'qualifierId': 277, 'value': '5'}]",,,,,Portland Thorns,Home
2823790491,804,1,2,90,3,dzxypx8djih58p668surbi4qm,1,60.7,0.0,2025-06-22T03:53:19.320Z,2025-06-22T03:53:24Z,"[{'id': 5777575113, 'qualifierId': 213, 'value': '1.06'}, {'id': 5777575103, 'qualifierId': 107}, {'id': 5777575109, 'qualifierId': 141, 'value': '18.0'}, {'id': 5777575105, 'qualifierId': 56, 'value': 'Right'}, {'id': 5777575107, 'qualifierId': 140, 'value': '67.7'}, {'id': 5777575111, 'qualifierId': 212, 'value': '14.9'}]",96jcamlgo8nghmr2s0m0q2lbe,C. Curran,,,Chicago Stars,Away
2823790493,805,1,2,90,8,dzxypx8djih58p668surbi4qm,1,68.1,17.0,2025-06-22T03:53:23.975Z,2025-06-22T03:59:50Z,"[{'id': 5777575119, 'qualifierId': 140, 'value': '64.7'}, {'id': 5777575123, 'qualifierId': 212, 'value': '7.3'}, {'id': 5777575117, 'qualifierId': 56, 'value': 'Right'}, {'id': 5777575125, 'qualifierId': 213, 'value': '4.20'}, {'id': 5777575121, 'qualifierId': 141, 'value': '7.7'}]",e6228d1678w0s4fx8iw72lj6y,C. Barry,,,Chicago Stars,Away
2823790495,806,1,2,90,9,dzxypx8djih58p668surbi4qm,0,65.1,10.3,2025-06-22T03:53:25.128Z,2025-06-22T04:00:04Z,"[{'id': 5777575137, 'qualifierId': 213, 'value': '0.16'}, {'id': 5777575129, 'qualifierId': 56, 'value': 'Right'}, {'id': 5777575131, 'qualifierId': 140, 'value': '79.2'}, {'id': 5777575135, 'qualifierId': 212, 'value': '15.0'}, {'id': 5777575133, 'qualifierId': 141, 'value': '13.9'}]",96jcamlgo8nghmr2s0m0q2lbe,C. Curran,,,Chicago Stars,Away
2823790497,816,1,2,90,9,446mp88j1vpk9iwui9fiifrp8,0,19.1,88.4,2025-06-22T03:53:25.307Z,2025-06-22T03:53:26Z,"[{'id': 5777575149, 'qualifierId': 212, 'value': '32.2'}, {'id': 5777575151, 'qualifierId': 213, 'value': '6.19'}, {'id': 5777575153, 'qualifierId': 1}, {'id': 5777575147, 'qualifierId': 141, 'value': '84.2'}, {'id': 5777575143, 'qualifierId': 56, 'value': 'Back'}, {'id': 5777575141, 'qualifierId': 157}, {'id': 5777575145, 'qualifierId': 140, 'value': '49.6'}]",615vz7uoe3eiozddbe206io6h,R. Reyes,,,Portland Thorns,Home
2823790501,807,1,2,90,10,dzxypx8djih58p668surbi4qm,0,44.7,17.4,2025-06-22T03:53:26.839Z,2025-06-22T03:53:27Z,"[{'id': 5777575163, 'qualifierId': 56, 'value': 'Right'}, {'id': 5777575161, 'qualifierId': 3}, {'id': 5777575165, 'qualifierId': 140, 'value': '54.6'}, {'id': 5777575169, 'qualifierId': 212, 'value': '10.8'}, {'id': 5777575171, 'qualifierId': 213, 'value': '6.00'}, {'id': 5777575167, 'qualifierId': 141, 'value': '12.9'}]",6zzk0lgja87zs45h8btgheled,C. Onwualu,,,Chicago Stars,Away
2823790513,817,1,2,90,14,446mp88j1vpk9iwui9fiifrp8,0,52.5,85.9,2025-06-22T03:53:30.042Z,2025-06-22T03:53:31Z,"[{'id': 5777575215, 'qualifierId': 213, 'value': '4.23'}, {'id': 5777575207, 'qualifierId': 56, 'value': 'Back'}, {'id': 5777575211, 'qualifierId': 141, 'value': '75.1'}, {'id': 5777575213, 'qualifierId': 212, 'value': '8.3'}, {'id': 5777575209, 'qualifierId': 140, 'value': '48.8'}]",1115fgmv9xa3nwx3bu19jr9pl,A. Spaanstra,,,Portland Thorns,Home
2823790511,808,61,2,90,14,dzxypx8djih58p668surbi4qm,0,48.6,18.6,2025-06-22T03:53:30.647Z,2025-06-22T03:53:30Z,"[{'id': 5777575191, 'qualifierId': 56, 'value': 'Back'}]",96jcamlgo8nghmr2s0m0q2lbe,C. Curran,,,Chicago Stars,Away
2823790515,809,83,2,90,16,dzxypx8djih58p668surbi4qm,0,54.4,21.5,2025-06-22T03:53:32.201Z,2025-06-22T03:53:36Z,"[{'id': 5777575233, 'qualifierId': 399, 'value': 'd0zsyv4xdt0hunaikjy3tde96'}]",daze51b5849zsk2aqvgmkkbth,Maitane López,,,Chicago Stars,Away
2823790517,818,4,2,90,19,446mp88j1vpk9iwui9fiifrp8,1,48.0,85.4,2025-06-22T03:53:35.199Z,2025-06-22T03:58:43Z,"[{'id': 5777575383, 'qualifierId': 265}, {'id': 5777575227, 'qualifierId': 56, 'value': 'Back'}, {'id': 5777575379, 'qualifierId': 13}, {'id': 5777575481, 'qualifierId': 233, 'value': '810'}, {'id': 5777575381, 'qualifierId': 152}, {'id': 5777575385, 'qualifierId': 286}]",d0zsyv4xdt0hunaikjy3tde96,M. Alidou,,,Portland Thorns,Home
2823790557,810,4,2,90,19,dzxypx8djih58p668surbi4qm,0,52.0,14.6,2025-06-22T03:53:35.200Z,2025-06-22T04:04:56Z,"[{'id': 5777575479, 'qualifierId': 285}, {'id': 5777575495, 'qualifierId': 233, 'value': '818'}, {'id': 5777575477, 'qualifierId': 265}, {'id': 5777575473, 'qualifierId': 56, 'value': 'Right'}, {'id': 5777575475, 'qualifierId': 152}, {'id': 5777575471, 'qualifierId': 13}]",5fyfbevwr4aisqn4969aripsk,M. Johnson,,,Chicago Stars,Away
2823790521,819,43,2,90,21,446mp88j1vpk9iwui9fiifrp8,1,0.0,0.0,2025-06-22T03:53:37.483Z,2025-06-22T03:53:45Z,"[{'id': 5777575243, 'qualifierId': 56, 'value': 'Left'}, {'id': 5777575309, 'qualifierId': 144, 'value': '61'}]",615vz7uoe3eiozddbe206io6h,R. Reyes,,,Portland Thorns,Home
2823790567,821,1,2,91,12,446mp88j1vpk9iwui9fiifrp8,0,58.0,75.6,2025-06-22T03:54:28.812Z,2025-06-22T03:54:29Z,"[{'id': 5777575551, 'qualifierId': 213, 'value': '6.04'}, {'id': 5777575549, 'qualifierId': 212, 'value': '27.1'}, {'id': 5777575543, 'qualifierId': 56, 'value': 'Center'}, {'id': 5777575537, 'qualifierId': 5}, {'id': 5777575545, 'qualifierId': 140, 'value': '83.1'}, {'id': 5777575541, 'qualifierId': 152}, {'id': 5777575539, 'qualifierId': 155}, {'id': 5777575547, 'qualifierId': 141, 'value': '66.1'}]",615vz7uoe3eiozddbe206io6h,R. Reyes,,,Portland Thorns,Home
2823790569,811,1,2,91,13,dzxypx8djih58p668surbi4qm,0,9.8,14.7,2025-06-22T03:54:29.912Z,2025-06-22T03:54:30Z,"[{'id': 5777575557, 'qualifierId': 140, 'value': '22.0'}, {'id': 5777575559, 'qualifierId': 141, 'value': '3.5'}, {'id': 5777575561, 'qualifierId': 212, 'value': '14.9'}, {'id': 5777575555, 'qualifierId': 56, 'value': 'Back'}, {'id': 5777575553, 'qualifierId': 3}, {'id': 5777575563, 'qualifierId': 213, 'value': '5.75'}]",4tnm3hxzav142ow867jwcozkk,T. Malham,,,Chicago Stars,Away
2823790571,822,1,2,91,17,446mp88j1vpk9iwui9fiifrp8,1,65.8,92.9,2025-06-22T03:54:33.754Z,2025-06-22T03:54:37Z,"[{'id': 5777575573, 'qualifierId': 213, 'value': '3.38'}, {'id': 5777575569, 'qualifierId': 141, 'value': '82.1'}, {'id': 5777575565, 'qualifierId': 56, 'value': 'Back'}, {'id': 5777575571, 'qualifierId': 212, 'value': '31.7'}, {'id': 5777575567, 'qualifierId': 140, 'value': '36.4'}]",cmolam8ri93kos2rasjhnuxyi,S. Coffey,,,Portland Thorns,Home
2823790577,823,1,2,91,21,446mp88j1vpk9iwui9fiifrp8,1,36.2,81.4,2025-06-22T03:54:37.834Z,2025-06-22T03:54:41Z,"[{'id': 5777575607, 'qualifierId': 141, 'value': '56.4'}, {'id': 5777575611, 'qualifierId': 213, 'value': '3.92'}, {'id': 5777575605, 'qualifierId': 140, 'value': '19.8'}, {'id': 5777575609, 'qualifierId': 212, 'value': '24.2'}, {'id': 5777575603, 'qualifierId': 56, 'value': 'Back'}]",615vz7uoe3eiozddbe206io6h,R. Reyes,,,Portland Thorns,Home
2823790581,824,1,2,91,25,446mp88j1vpk9iwui9fiifrp8,0,19.8,56.4,2025-06-22T03:54:41.308Z,2025-06-22T03:54:42Z,"[{'id': 5777575643, 'qualifierId': 213, 'value': '0.43'}, {'id': 5777575635, 'qualifierId': 56, 'value': 'Back'}, {'id': 5777575633, 'qualifierId': 157}, {'id': 5777575645, 'qualifierId': 1}, {'id': 5777575641, 'qualifierId': 212, 'value': '24.0'}, {'id': 5777575637, 'qualifierId': 140, 'value': '40.6'}, {'id': 5777575639, 'qualifierId': 141, 'value': '71.1'}]",1yva0f096q2oqk5gz59utr42y,B. Bixby,,,Portland Thorns,Home
2823790583,812,49,2,91,26,dzxypx8djih58p668surbi4qm,1,58.8,25.9,2025-06-22T03:54:42.613Z,2025-06-22T03:54:42Z,[],5fyfbevwr4aisqn4969aripsk,M. Johnson,,,Chicago Stars,Away
2823790587,813,1,2,91,26,dzxypx8djih58p668surbi4qm,1,58.8,25.9,2025-06-22T03:54:42.817Z,2025-06-22T03:54:44Z,"[{'id': 5777575659, 'qualifierId': 56, 'value': 'Center'}, {'id': 5777575663, 'qualifierId': 141, 'value': '34.9'}, {'id': 5777575661, 'qualifierId': 140, 'value': '55.8'}, {'id': 5777575665, 'qualifierId': 212, 'value': '6.9'}, {'id': 5777575667, 'qualifierId': 213, 'value': '2.05'}]",5fyfbevwr4aisqn4969aripsk,M. Johnson,,,Chicago Stars,Away
2823790593,814,1,2,91,28,dzxypx8djih58p668surbi4qm,1,55.8,34.9,2025-06-22T03:54:44.183Z,2025-06-22T03:54:47Z,"[{'id': 5777575689, 'qualifierId': 212, 'value': '14.5'}, {'id': 5777575683, 'qualifierId': 56, 'value': 'Right'}, {'id': 5777575685, 'qualifierId': 140, 'value': '61.7'}, {'id': 5777575691, 'qualifierId': 213, 'value': '5.15'}, {'id': 5777575687, 'qualifierId': 141, 'value': '15.6'}]",6alny8atonddyhmltw3dgo1d5,J. Grosso,,,Chicago Stars,Away
2823790599,815,1,2,91,31,dzxypx8djih58p668surbi4qm,0,70.3,10.7,2025-06-22T03:54:47.895Z,2025-06-22T03:54:48Z,"[{'id': 5777575711, 'qualifierId': 140, 'value': '77.4'}, {'id': 5777575707, 'qualifierId': 56, 'value': 'Right'}, {'id': 5777575715, 'qualifierId': 141, 'value': '12.8'}, {'id': 5777575719, 'qualifierId': 212, 'value': '7.6'}, {'id': 5777575723, 'qualifierId': 213, 'value': '0.19'}]",4tnm3hxzav142ow867jwcozkk,T. Malham,,,Chicago Stars,Away
2823790605,825,49,2,91,34,446mp88j1vpk9iwui9fiifrp8,1,18.5,92.4,2025-06-22T03:54:50.490Z,2025-06-22T03:54:50Z,[],1115fgmv9xa3nwx3bu19jr9pl,A. Spaanstra,,,Portland Thorns,Home
2823790613,826,1,2,91,34,446mp88j1vpk9iwui9fiifrp8,1,18.5,92.4,2025-06-22T03:54:50.652Z,2025-06-22T03:54:54Z,"[{'id': 5777575779, 'qualifierId': 141, 'value': '79.7'}, {'id': 5777575781, 'qualifierId': 212, 'value': '15.5'}, {'id': 5777575783, 'qualifierId': 213, 'value': '5.69'}, {'id': 5777575775, 'qualifierId': 56, 'value': 'Back'}, {'id': 5777575777, 'qualifierId': 140, 'value': '30.8'}]",1115fgmv9xa3nwx3bu19jr9pl,A. Spaanstra,,,Portland Thorns,Home
2823790611,816,83,2,91,37,dzxypx8djih58p668surbi4qm,0,60.4,29.1,2025-06-22T03:54:53.096Z,2025-06-22T03:54:55Z,"[{'id': 5777575799, 'qualifierId': 399, 'value': 'et72990p9axru09oxv51hokwl'}]",6alny8atonddyhmltw3dgo1d5,J. Grosso,,,Chicago Stars,Away
2823790615,827,1,2,91,37,446mp88j1vpk9iwui9fiifrp8,0,31.8,68.4,2025-06-22T03:54:53.946Z,2025-06-22T03:54:54Z,"[{'id': 5777575791, 'qualifierId': 140, 'value': '46.3'}, {'id': 5777575795, 'qualifierId': 212, 'value': '29.6'}, {'id': 5777575787, 'qualifierId': 155}, {'id': 5777575797, 'qualifierId': 213, 'value': '5.25'}, {'id': 5777575789, 'qualifierId': 56, 'value': 'Back'}, {'id': 5777575793, 'qualifierId': 141, 'value': '31.0'}]",et72990p9axru09oxv51hokwl,D. Castellanos,,,Portland Thorns,Home
2823790617,817,8,2,91,39,dzxypx8djih58p668surbi4qm,1,58.1,70.0,2025-06-22T03:54:55.736Z,2025-06-22T04:05:59Z,"[{'id': 5777575801, 'qualifierId': 56, 'value': 'Center'}, {'id': 5777575803, 'qualifierId': 15}]",39jb2vzpuxxfhrr0px7tlk991,Nádia Gomes,,,Chicago Stars,Away
2823790625,818,49,2,91,41,dzxypx8djih58p668surbi4qm,1,62.9,62.9,2025-06-22T03:54:57.800Z,2025-06-22T03:54:57Z,[],96jcamlgo8nghmr2s0m0q2lbe,C. Curran,,,Chicago Stars,Away
2823790633,819,50,2,91,44,dzxypx8djih58p668surbi4qm,1,72.6,60.0,2025-06-22T03:55:00.057Z,2025-06-22T04:07:43Z,"[{'id': 5777575891, 'qualifierId': 56, 'value': 'Center'}, {'id': 5777579317, 'qualifierId': 233, 'value': '828'}, {'id': 5777579017, 'qualifierId': 286}]",96jcamlgo8nghmr2s0m0q2lbe,C. Curran,,,Chicago Stars,Away
2823790635,828,7,2,91,44,446mp88j1vpk9iwui9fiifrp8,1,27.4,40.0,2025-06-22T03:55:00.058Z,2025-06-22T04:07:43Z,"[{'id': 5777575905, 'qualifierId': 285}, {'id': 5777579313, 'qualifierId': 233, 'value': '819'}, {'id': 5777575903, 'qualifierId': 56, 'value': 'Back'}]",7in4ykzbs8p44qy4jrb10p0wl,H. Sugita,,,Portland Thorns,Home
2823790637,829,49,2,91,47,446mp88j1vpk9iwui9fiifrp8,1,18.8,43.4,2025-06-22T03:55:03.786Z,2025-06-22T04:06:40Z,[],cmolam8ri93kos2rasjhnuxyi,S. Coffey,,,Portland Thorns,Home
2823790639,830,1,2,91,47,446mp88j1vpk9iwui9fiifrp8,1,18.8,43.4,2025-06-22T03:55:03.914Z,2025-06-22T04:06:45Z,"[{'id': 5777575909, 'qualifierId': 140, 'value': '41.3'}, {'id': 5777575913, 'qualifierId': 212, 'value': '29.1'}, {'id': 5777575907, 'qualifierId': 56, 'value': 'Back'}, {'id': 5777575911, 'qualifierId': 141, 'value': '18.3'}, {'id': 5777575915, 'qualifierId': 213, 'value': '5.66'}]",cmolam8ri93kos2rasjhnuxyi,S. Coffey,,,Portland Thorns,Home
2823790645,831,1,2,91,48,446mp88j1vpk9iwui9fiifrp8,0,41.3,18.3,2025-06-22T03:55:04.938Z,2025-06-22T03:55:08Z,"[{'id': 5777575929, 'qualifierId': 213, 'value': '2.67'}, {'id': 5777575923, 'qualifierId': 140, 'value': '33.6'}, {'id': 5777575925, 'qualifierId': 141, 'value': '24.4'}, {'id': 5777575921, 'qualifierId': 56, 'value': 'Back'}, {'id': 5777575927, 'qualifierId': 212, 'value': '9.1'}]",2x310j2wycjsv4nzblfqd7sru,P. Linnehan,,,Portland Thorns,Home
2823790641,820,8,2,91,49,dzxypx8djih58p668surbi4qm,1,62.2,78.4,2025-06-22T03:55:05.800Z,2025-06-22T04:07:27Z,"[{'id': 5777575919, 'qualifierId': 56, 'value': 'Center'}]",39jb2vzpuxxfhrr0px7tlk991,Nádia Gomes,,,Chicago Stars,Away
2823791241,865,1,2,91,50,dzxypx8djih58p668surbi4qm,0,78.6,71.8,2025-06-22T03:55:05.951Z,2025-06-22T04:07:24Z,"[{'id': 5777579243, 'qualifierId': 3}, {'id': 5777579245, 'qualifierId': 168}, {'id': 5777579251, 'qualifierId': 141, 'value': '81.4'}, {'id': 5777579255, 'qualifierId': 213, 'value': '0.40'}, {'id': 5777579249, 'qualifierId': 140, 'value': '93.3'}, {'id': 5777579247, 'qualifierId': 56, 'value': 'Left'}, {'id': 5777579253, 'qualifierId': 212, 'value': '16.8'}]",8ace4czv4na5qww43srp67fv8,A. Cook,,,Chicago Stars,Away
2823790643,821,49,2,91,51,dzxypx8djih58p668surbi4qm,1,89.2,85.4,2025-06-22T03:55:07.799Z,2025-06-22T04:07:29Z,[],39jb2vzpuxxfhrr0px7tlk991,Nádia Gomes,,,Chicago Stars,Away
2823790649,822,1,2,91,53,dzxypx8djih58p668surbi4qm,0,96.1,82.7,2025-06-22T03:55:09.352Z,2025-06-22T03:55:09Z,"[{'id': 5777575941, 'qualifierId': 140, 'value': '95.1'}, {'id': 5777575945, 'qualifierId': 212, 'value': '6.3'}, {'id': 5777575947, 'qualifierId': 213, 'value': '4.54'}, {'id': 5777575939, 'qualifierId': 56, 'value': 'Center'}, {'id': 5777575935, 'qualifierId': 2}, {'id': 5777575937, 'qualifierId': 155}, {'id': 5777575943, 'qualifierId': 141, 'value': '73.6'}]",39jb2vzpuxxfhrr0px7tlk991,Nádia Gomes,,,Chicago Stars,Away
2823790653,823,61,2,91,56,dzxypx8djih58p668surbi4qm,0,87.3,58.8,2025-06-22T03:55:12.583Z,2025-06-22T03:55:12Z,"[{'id': 5777575967, 'qualifierId': 56, 'value': 'Center'}]",96jcamlgo8nghmr2s0m0q2lbe,C. Curran,,,Chicago Stars,Away
2823790657,832,61,2,91,56,446mp88j1vpk9iwui9fiifrp8,1,7.2,26.7,2025-06-22T03:55:12.787Z,2025-06-22T03:55:12Z,"[{'id': 5777575979, 'qualifierId': 56, 'value': 'Back'}]",74uudh34v23m2z9gy5tdppxey,S. Hiatt,,,Portland Thorns,Home
2823790665,833,12,2,91,57,446mp88j1vpk9iwui9fiifrp8,1,12.9,38.5,2025-06-22T03:55:13.931Z,2025-06-22T03:55:18Z,"[{'id': 5777576007, 'qualifierId': 212, 'value': '26.0'}, {'id': 5777576005, 'qualifierId': 141, 'value': '50.6'}, {'id': 5777576001, 'qualifierId': 56, 'value': 'Back'}, {'id': 5777576009, 'qualifierId': 213, 'value': '0.32'}, {'id': 5777576003, 'qualifierId': 140, 'value': '36.4'}]",cmolam8ri93kos2rasjhnuxyi,S. Coffey,,,Portland Thorns,Home
2823790667,834,49,2,92,2,446mp88j1vpk9iwui9fiifrp8,1,30.5,58.1,2025-06-22T03:55:18.074Z,2025-06-22T03:55:18Z,[],et72990p9axru09oxv51hokwl,D. Castellanos,,,Portland Thorns,Home
2823790669,835,1,2,92,2,446mp88j1vpk9iwui9fiifrp8,1,31.2,62.7,2025-06-22T03:55:18.457Z,2025-06-22T03:55:20Z,"[{'id': 5777576023, 'qualifierId': 212, 'value': '11.9'}, {'id': 5777576019, 'qualifierId': 140, 'value': '26.2'}, {'id': 5777576017, 'qualifierId': 56, 'value': 'Back'}, {'id': 5777576025, 'qualifierId': 213, 'value': '2.03'}, {'id': 5777576021, 'qualifierId': 141, 'value': '78.4'}]",et72990p9axru09oxv51hokwl,D. Castellanos,,,Portland Thorns,Home
2823790671,836,1,2,92,4,446mp88j1vpk9iwui9fiifrp8,0,34.8,84.2,2025-06-22T03:55:19.994Z,2025-06-22T03:55:24Z,"[{'id': 5777576031, 'qualifierId': 140, 'value': '76.7'}, {'id': 5777576035, 'qualifierId': 212, 'value': '44.3'}, {'id': 5777576037, 'qualifierId': 213, 'value': '0.12'}, {'id': 5777576029, 'qualifierId': 56, 'value': 'Left'}, {'id': 5777576033, 'qualifierId': 141, 'value': '91.8'}, {'id': 5777576039, 'qualifierId': 1}]",1115fgmv9xa3nwx3bu19jr9pl,A. Spaanstra,,,Portland Thorns,Home
2823790673,824,1,2,92,9,dzxypx8djih58p668surbi4qm,0,28.7,11.3,2025-06-22T03:55:25.642Z,2025-06-22T04:07:32Z,"[{'id': 5777576047, 'qualifierId': 140, 'value': '74.8'}, {'id': 5777576053, 'qualifierId': 213, 'value': '0.24'}, {'id': 5777576049, 'qualifierId': 141, 'value': '28.5'}, {'id': 5777576051, 'qualifierId': 212, 'value': '49.8'}, {'id': 5777576055, 'qualifierId': 1}, {'id': 5777576045, 'qualifierId': 56, 'value': 'Center'}, {'id': 5777576043, 'qualifierId': 157}]",6zzk0lgja87zs45h8btgheled,C. Onwualu,,,Chicago Stars,Away
2823790679,837,1,2,92,12,446mp88j1vpk9iwui9fiifrp8,1,22.1,71.8,2025-06-22T03:55:28.458Z,2025-06-22T03:55:31Z,"[{'id': 5777576089, 'qualifierId': 140, 'value': '31.9'}, {'id': 5777576087, 'qualifierId': 56, 'value': 'Back'}, {'id': 5777576093, 'qualifierId': 212, 'value': '10.4'}, {'id': 5777576085, 'qualifierId': 3}, {'id': 5777576095, 'qualifierId': 213, 'value': '6.16'}, {'id': 5777576091, 'qualifierId': 141, 'value': '70.0'}]",615vz7uoe3eiozddbe206io6h,R. Reyes,,,Portland Thorns,Home
2823790681,838,43,2,92,15,446mp88j1vpk9iwui9fiifrp8,1,0.0,0.0,2025-06-22T03:55:30.970Z,2025-06-22T03:55:38Z,"[{'id': 5777576207, 'qualifierId': 144, 'value': '49'}]",7in4ykzbs8p44qy4jrb10p0wl,H. Sugita,,,Portland Thorns,Home
2823790689,839,1,2,92,16,446mp88j1vpk9iwui9fiifrp8,1,33.8,81.5,2025-06-22T03:55:32.153Z,2025-06-22T03:55:34Z,"[{'id': 5777576147, 'qualifierId': 141, 'value': '92.4'}, {'id': 5777576149, 'qualifierId': 212, 'value': '12.3'}, {'id': 5777576151, 'qualifierId': 213, 'value': '2.50'}, {'id': 5777576145, 'qualifierId': 140, 'value': '24.4'}, {'id': 5777576143, 'qualifierId': 56, 'value': 'Back'}]",7in4ykzbs8p44qy4jrb10p0wl,H. Sugita,,,Portland Thorns,Home
2823790691,840,1,2,92,18,446mp88j1vpk9iwui9fiifrp8,1,24.4,92.4,2025-06-22T03:55:34.633Z,2025-06-22T03:55:36Z,"[{'id': 5777576161, 'qualifierId': 212, 'value': '7.0'}, {'id': 5777576155, 'qualifierId': 56, 'value': 'Back'}, {'id': 5777576157, 'qualifierId': 140, 'value': '20.0'}, {'id': 5777576163, 'qualifierId': 213, 'value': '3.99'}, {'id': 5777576159, 'qualifierId': 141, 'value': '84.7'}]",615vz7uoe3eiozddbe206io6h,R. Reyes,,,Portland Thorns,Home
2823790693,841,1,2,92,20,446mp88j1vpk9iwui9fiifrp8,0,20.0,84.7,2025-06-22T03:55:36.268Z,2025-06-22T03:55:36Z,"[{'id': 5777576179, 'qualifierId': 1}, {'id': 5777576173, 'qualifierId': 141, 'value': '86.3'}, {'id': 5777576169, 'qualifierId': 56, 'value': 'Back'}, {'id': 5777576177, 'qualifierId': 213, 'value': '0.04'}, {'id': 5777576175, 'qualifierId': 212, 'value': '28.7'}, {'id': 5777576167, 'qualifierId': 157}, {'id': 5777576171, 'qualifierId': 140, 'value': '47.3'}]",8oj7cqgjacle67i49w4a3gx6,I. Obaze,,,Portland Thorns,Home
2823790699,825,61,2,92,23,dzxypx8djih58p668surbi4qm,1,47.1,30.7,2025-06-22T03:55:39.615Z,2025-06-22T04:07:33Z,"[{'id': 5777576221, 'qualifierId': 56, 'value': 'Back'}]",4tnm3hxzav142ow867jwcozkk,T. Malham,,,Chicago Stars,Away
2823790709,826,49,2,92,27,dzxypx8djih58p668surbi4qm,1,59.5,30.9,2025-06-22T03:55:43.208Z,2025-06-22T03:55:43Z,[],e6228d1678w0s4fx8iw72lj6y,C. Barry,,,Chicago Stars,Away
2823790719,827,1,2,92,27,dzxypx8djih58p668surbi4qm,1,59.5,30.9,2025-06-22T03:55:43.480Z,2025-06-22T03:55:45Z,"[{'id': 5777576317, 'qualifierId': 141, 'value': '49.4'}, {'id': 5777576321, 'qualifierId': 213, 'value': '1.82'}, {'id': 5777576315, 'qualifierId': 140, 'value': '56.5'}, {'id': 5777576313, 'qualifierId': 56, 'value': 'Center'}, {'id': 5777576319, 'qualifierId': 212, 'value': '13.0'}]",e6228d1678w0s4fx8iw72lj6y,C. Barry,,,Chicago Stars,Away
2823790721,828,1,2,92,30,dzxypx8djih58p668surbi4qm,1,61.0,54.0,2025-06-22T03:55:46.680Z,2025-06-22T03:55:47Z,"[{'id': 5777576327, 'qualifierId': 56, 'value': 'Center'}, {'id': 5777576329, 'qualifierId': 140, 'value': '61.0'}, {'id': 5777576333, 'qualifierId': 212, 'value': '5.4'}, {'id': 5777576331, 'qualifierId': 141, 'value': '46.0'}, {'id': 5777576335, 'qualifierId': 213, 'value': '4.71'}]",daze51b5849zsk2aqvgmkkbth,Maitane López,,,Chicago Stars,Away
2823790723,829,1,2,92,31,dzxypx8djih58p668surbi4qm,1,61.0,46.0,2025-06-22T03:55:47.608Z,2025-06-22T03:55:49Z,"[{'id': 5777576349, 'qualifierId': 141, 'value': '60.2'}, {'id': 5777576351, 'qualifierId': 212, 'value': '9.7'}, {'id': 5777576347, 'qualifierId': 140, 'value': '61.4'}, {'id': 5777576353, 'qualifierId': 213, 'value': '1.53'}, {'id': 5777576345, 'qualifierId': 56, 'value': 'Center'}]",6alny8atonddyhmltw3dgo1d5,J. Grosso,,,Chicago Stars,Away
2823790725,830,1,2,92,33,dzxypx8djih58p668surbi4qm,1,66.0,60.9,2025-06-22T03:55:49.256Z,2025-06-22T03:55:50Z,"[{'id': 5777576357, 'qualifierId': 56, 'value': 'Center'}, {'id': 5777576365, 'qualifierId': 213, 'value': '4.09'}, {'id': 5777576361, 'qualifierId': 141, 'value': '54.2'}, {'id': 5777576359, 'qualifierId': 140, 'value': '62.9'}, {'id': 5777576363, 'qualifierId': 212, 'value': '5.6'}]",daze51b5849zsk2aqvgmkkbth,Maitane López,,,Chicago Stars,Away
2823790737,831,1,2,92,34,dzxypx8djih58p668surbi4qm,1,62.9,54.2,2025-06-22T03:55:50.504Z,2025-06-22T03:55:53Z,"[{'id': 5777576393, 'qualifierId': 56, 'value': 'Center'}, {'id': 5777576399, 'qualifierId': 212, 'value': '14.8'}, {'id': 5777576395, 'qualifierId': 140, 'value': '55.4'}, {'id': 5777576397, 'qualifierId': 141, 'value': '72.6'}, {'id': 5777576401, 'qualifierId': 213, 'value': '2.13'}]",6alny8atonddyhmltw3dgo1d5,J. Grosso,,,Chicago Stars,Away
2823790745,832,1,2,92,37,dzxypx8djih58p668surbi4qm,0,58.3,73.0,2025-06-22T03:55:53.832Z,2025-06-22T03:55:56Z,"[{'id': 5777576427, 'qualifierId': 1}, {'id': 5777576415, 'qualifierId': 155}, {'id': 5777576421, 'qualifierId': 141, 'value': '49.9'}, {'id': 5777576417, 'qualifierId': 56, 'value': 'Center'}, {'id': 5777576425, 'qualifierId': 213, 'value': '5.88'}, {'id': 5777576419, 'qualifierId': 140, 'value': '93.3'}, {'id': 5777576423, 'qualifierId': 212, 'value': '40.0'}]",11u4dj0z0p616zx9gsnil66ay,S. Staab,,,Chicago Stars,Away
2823790747,842,52,2,92,41,446mp88j1vpk9iwui9fiifrp8,1,8.1,53.7,2025-06-22T03:55:57.189Z,2025-06-22T03:55:57Z,[],1yva0f096q2oqk5gz59utr42y,B. Bixby,,,Portland Thorns,Home
2823790775,843,1,2,93,2,446mp88j1vpk9iwui9fiifrp8,0,12.3,60.2,2025-06-22T03:56:18.217Z,2025-06-22T03:56:24Z,"[{'id': 5777576587, 'qualifierId': 56, 'value': 'Center'}, {'id': 5777576597, 'qualifierId': 1}, {'id': 5777576589, 'qualifierId': 140, 'value': '60.2'}, {'id': 5777576591, 'qualifierId': 141, 'value': '55.5'}, {'id': 5777576595, 'qualifierId': 213, 'value': '6.22'}, {'id': 5777576585, 'qualifierId': 199}, {'id': 5777576593, 'qualifierId': 212, 'value': '50.4'}]",1yva0f096q2oqk5gz59utr42y,B. Bixby,,,Portland Thorns,Home
2823790777,833,44,2,93,7,dzxypx8djih58p668surbi4qm,1,37.6,43.3,2025-06-22T03:56:23.449Z,2025-06-22T04:01:18Z,"[{'id': 5777576601, 'qualifierId': 56, 'value': 'Back'}, {'id': 5777576613, 'qualifierId': 233, 'value': '844'}, {'id': 5777576603, 'qualifierId': 285}]",6zzk0lgja87zs45h8btgheled,C. Onwualu,,,Chicago Stars,Away
2823790779,844,44,2,93,7,446mp88j1vpk9iwui9fiifrp8,0,62.4,56.7,2025-06-22T03:56:23.450Z,2025-06-22T04:01:18Z,"[{'id': 5777576605, 'qualifierId': 56, 'value': 'Center'}, {'id': 5777576617, 'qualifierId': 233, 'value': '833'}, {'id': 5777576607, 'qualifierId': 286}]",et72990p9axru09oxv51hokwl,D. Castellanos,,,Portland Thorns,Home
2823790783,834,1,2,93,7,dzxypx8djih58p668surbi4qm,1,33.7,41.3,2025-06-22T03:56:23.928Z,2025-06-22T03:56:26Z,"[{'id': 5777576643, 'qualifierId': 213, 'value': '5.43'}, {'id': 5777576635, 'qualifierId': 56, 'value': 'Back'}, {'id': 5777576633, 'qualifierId': 3}, {'id': 5777576641, 'qualifierId': 212, 'value': '9.9'}, {'id': 5777576637, 'qualifierId': 140, 'value': '39.9'}, {'id': 5777576639, 'qualifierId': 141, 'value': '30.3'}]",6zzk0lgja87zs45h8btgheled,C. Onwualu,,,Chicago Stars,Away
2823790785,835,44,2,93,10,dzxypx8djih58p668surbi4qm,1,40.0,39.5,2025-06-22T03:56:26.855Z,2025-06-22T04:01:19Z,"[{'id': 5777576647, 'qualifierId': 56, 'value': 'Back'}, {'id': 5777576655, 'qualifierId': 233, 'value': '845'}, {'id': 5777576649, 'qualifierId': 285}]",daze51b5849zsk2aqvgmkkbth,Maitane López,,,Chicago Stars,Away
2823790787,845,44,2,93,10,446mp88j1vpk9iwui9fiifrp8,0,60.0,60.5,2025-06-22T03:56:26.856Z,2025-06-22T04:01:19Z,"[{'id': 5777576659, 'qualifierId': 233, 'value': '835'}, {'id': 5777576653, 'qualifierId': 286}, {'id': 5777576651, 'qualifierId': 56, 'value': 'Center'}]",d0zsyv4xdt0hunaikjy3tde96,M. Alidou,,,Portland Thorns,Home
2823790791,836,1,2,93,11,dzxypx8djih58p668surbi4qm,0,39.4,31.8,2025-06-22T03:56:27.320Z,2025-06-22T03:56:28Z,"[{'id': 5777576681, 'qualifierId': 141, 'value': '45.8'}, {'id': 5777576679, 'qualifierId': 140, 'value': '38.9'}, {'id': 5777576685, 'qualifierId': 213, 'value': '1.63'}, {'id': 5777576683, 'qualifierId': 212, 'value': '9.5'}, {'id': 5777576675, 'qualifierId': 3}, {'id': 5777576677, 'qualifierId': 56, 'value': 'Back'}]",daze51b5849zsk2aqvgmkkbth,Maitane López,,,Chicago Stars,Away
2823790797,846,1,2,93,13,446mp88j1vpk9iwui9fiifrp8,1,57.6,43.0,2025-06-22T03:56:29.274Z,2025-06-22T03:56:43Z,"[{'id': 5777576713, 'qualifierId': 213, 'value': '5.87'}, {'id': 5777576703, 'qualifierId': 155}, {'id': 5777576709, 'qualifierId': 141, 'value': '29.1'}, {'id': 5777576779, 'qualifierId': 210, 'value': '13'}, {'id': 5777576705, 'qualifierId': 56, 'value': 'Center'}, {'id': 5777576707, 'qualifierId': 140, 'value': '78.2'}, {'id': 5777576711, 'qualifierId': 212, 'value': '23.6'}]",et72990p9axru09oxv51hokwl,D. Castellanos,1.0,,Portland Thorns,Home
2823790799,847,13,2,93,14,446mp88j1vpk9iwui9fiifrp8,1,84.0,29.8,2025-06-22T03:56:30.809Z,2025-06-22T04:02:16Z,"[{'id': 5777576793, 'qualifierId': 215}, {'id': 5777576785, 'qualifierId': 55, 'value': '846'}, {'id': 5777576781, 'qualifierId': 74}, {'id': 5777576789, 'qualifierId': 102, 'value': '46.1'}, {'id': 5777576719, 'qualifierId': 63}, {'id': 5777576797, 'qualifierId': 231, 'value': '49.1'}, {'id': 5777576721, 'qualifierId': 56, 'value': 'Center'}, {'id': 5777576783, 'qualifierId': 29}, {'id': 5777576791, 'qualifierId': 103, 'value': '80.6'}, {'id': 5777576795, 'qualifierId': 230, 'value': '99.9'}, {'id': 5777576741, 'qualifierId': 20}, {'id': 5777576717, 'qualifierId': 22}]",2x310j2wycjsv4nzblfqd7sru,P. Linnehan,,,Portland Thorns,Home
2823790795,837,5,2,93,16,dzxypx8djih58p668surbi4qm,1,-1.0,57.0,2025-06-22T03:56:32.600Z,2025-06-22T03:58:57Z,"[{'id': 5777576701, 'qualifierId': 346}, {'id': 5777576699, 'qualifierId': 56, 'value': 'Back'}, {'id': 5777576733, 'qualifierId': 233, 'value': '848'}]",daze51b5849zsk2aqvgmkkbth,Maitane López,,,Chicago Stars,Away
2823790801,848,5,2,93,16,446mp88j1vpk9iwui9fiifrp8,0,101.0,43.0,2025-06-22T03:56:32.600Z,2025-06-22T03:58:57Z,"[{'id': 5777576729, 'qualifierId': 56, 'value': 'Center'}, {'id': 5777576737, 'qualifierId': 233, 'value': '837'}, {'id': 5777576731, 'qualifierId': 346}]",2x310j2wycjsv4nzblfqd7sru,P. Linnehan,,,Portland Thorns,Home
2823790815,838,1,2,93,26,dzxypx8djih58p668surbi4qm,1,3.7,56.7,2025-06-22T03:56:42.456Z,2025-06-22T03:56:44Z,"[{'id': 5777576833, 'qualifierId': 237}, {'id': 5777576821, 'qualifierId': 56, 'value': 'Back'}, {'id': 5777576825, 'qualifierId': 141, 'value': '92.6'}, {'id': 5777576823, 'qualifierId': 140, 'value': '23.2'}, {'id': 5777576819, 'qualifierId': 124}, {'id': 5777576827, 'qualifierId': 212, 'value': '31.9'}, {'id': 5777576839, 'qualifierId': 189}, {'id': 5777576829, 'qualifierId': 213, 'value': '0.87'}]",20qmwwdxbdp6ade3j9lssbvxm,H. Mackiewicz,,,Chicago Stars,Away
2823790821,839,1,2,93,29,dzxypx8djih58p668surbi4qm,0,28.4,93.8,2025-06-22T03:56:45.883Z,2025-06-22T03:56:47Z,"[{'id': 5777576861, 'qualifierId': 56, 'value': 'Center'}, {'id': 5777576865, 'qualifierId': 141, 'value': '76.7'}, {'id': 5777576863, 'qualifierId': 140, 'value': '77.9'}, {'id': 5777576871, 'qualifierId': 1}, {'id': 5777576867, 'qualifierId': 212, 'value': '53.3'}, {'id': 5777576859, 'qualifierId': 157}, {'id': 5777576869, 'qualifierId': 213, 'value': '6.06'}]",39jb2vzpuxxfhrr0px7tlk991,Nádia Gomes,,,Chicago Stars,Away
2823790825,849,59,2,93,34,446mp88j1vpk9iwui9fiifrp8,1,23.5,24.3,2025-06-22T03:56:50.010Z,2025-06-22T03:56:50Z,"[{'id': 5777576877, 'qualifierId': 56, 'value': 'Back'}]",1yva0f096q2oqk5gz59utr42y,B. Bixby,,,Portland Thorns,Home
2823790827,850,12,2,93,34,446mp88j1vpk9iwui9fiifrp8,1,23.5,24.3,2025-06-22T03:56:50.826Z,2025-06-22T03:56:53Z,"[{'id': 5777576883, 'qualifierId': 141, 'value': '0.0'}, {'id': 5777576885, 'qualifierId': 212, 'value': '21.2'}, {'id': 5777576881, 'qualifierId': 140, 'value': '34.3'}, {'id': 5777576879, 'qualifierId': 56, 'value': 'Back'}, {'id': 5777576887, 'qualifierId': 213, 'value': '5.28'}, {'id': 5777576897, 'qualifierId': 167}]",1yva0f096q2oqk5gz59utr42y,B. Bixby,,,Portland Thorns,Home
2823790823,840,5,2,93,35,dzxypx8djih58p668surbi4qm,1,69.7,101.8,2025-06-22T03:56:51.064Z,2025-06-22T04:08:42Z,"[{'id': 5777576873, 'qualifierId': 56, 'value': 'Left'}, {'id': 5777576875, 'qualifierId': 347}, {'id': 5777576893, 'qualifierId': 233, 'value': '851'}]",39jb2vzpuxxfhrr0px7tlk991,Nádia Gomes,,,Chicago Stars,Away
2823790829,851,5,2,93,35,446mp88j1vpk9iwui9fiifrp8,0,30.3,-1.8,2025-06-22T03:56:51.064Z,2025-06-22T04:08:43Z,"[{'id': 5777576891, 'qualifierId': 347}, {'id': 5777576899, 'qualifierId': 233, 'value': '840'}, {'id': 5777576889, 'qualifierId': 56, 'value': 'Back'}]",1yva0f096q2oqk5gz59utr42y,B. Bixby,,,Portland Thorns,Home
2823790837,841,1,2,93,36,dzxypx8djih58p668surbi4qm,1,67.8,100.0,2025-06-22T03:56:52.920Z,2025-06-22T03:57:00Z,"[{'id': 5777576939, 'qualifierId': 140, 'value': '71.5'}, {'id': 5777576945, 'qualifierId': 213, 'value': '5.03'}, {'id': 5777576941, 'qualifierId': 141, 'value': '84.1'}, {'id': 5777576943, 'qualifierId': 212, 'value': '12.6'}, {'id': 5777576937, 'qualifierId': 56, 'value': 'Left'}, {'id': 5777576935, 'qualifierId': 107}]",8ace4czv4na5qww43srp67fv8,A. Cook,,,Chicago Stars,Away
2823790835,852,83,2,93,43,446mp88j1vpk9iwui9fiifrp8,0,32.9,39.1,2025-06-22T03:56:59.931Z,2025-06-22T03:57:01Z,"[{'id': 5777576961, 'qualifierId': 399, 'value': '96jcamlgo8nghmr2s0m0q2lbe'}]",74uudh34v23m2z9gy5tdppxey,S. Hiatt,,,Portland Thorns,Home
2823790839,842,1,2,93,44,dzxypx8djih58p668surbi4qm,1,72.8,67.6,2025-06-22T03:57:00.600Z,2025-06-22T03:57:02Z,"[{'id': 5777576953, 'qualifierId': 141, 'value': '45.1'}, {'id': 5777576955, 'qualifierId': 212, 'value': '15.6'}, {'id': 5777576951, 'qualifierId': 140, 'value': '69.9'}, {'id': 5777576949, 'qualifierId': 56, 'value': 'Center'}, {'id': 5777576957, 'qualifierId': 213, 'value': '4.52'}]",96jcamlgo8nghmr2s0m0q2lbe,C. Curran,,,Chicago Stars,Away
2823790843,843,1,2,93,46,dzxypx8djih58p668surbi4qm,1,69.9,45.1,2025-06-22T03:57:02.744Z,2025-06-22T03:57:03Z,"[{'id': 5777576979, 'qualifierId': 141, 'value': '46.9'}, {'id': 5777576981, 'qualifierId': 212, 'value': '11.9'}, {'id': 5777576977, 'qualifierId': 140, 'value': '81.2'}, {'id': 5777576983, 'qualifierId': 213, 'value': '0.10'}, {'id': 5777576975, 'qualifierId': 56, 'value': 'Center'}]",daze51b5849zsk2aqvgmkkbth,Maitane López,,,Chicago Stars,Away
2823790851,844,1,2,93,47,dzxypx8djih58p668surbi4qm,0,81.2,46.9,2025-06-22T03:57:03.881Z,2025-06-22T03:57:06Z,"[{'id': 5777577027, 'qualifierId': 213, 'value': '5.85'}, {'id': 5777577025, 'qualifierId': 212, 'value': '23.6'}, {'id': 5777577021, 'qualifierId': 140, 'value': '100.0'}, {'id': 5777577023, 'qualifierId': 141, 'value': '32.2'}, {'id': 5777577019, 'qualifierId': 56, 'value': 'Center'}]",96jcamlgo8nghmr2s0m0q2lbe,C. Curran,,,Chicago Stars,Away
2823790883,845,5,2,93,50,dzxypx8djih58p668surbi4qm,0,101.4,35.6,2025-06-22T03:57:06.501Z,2025-06-22T03:58:59Z,"[{'id': 5777577225, 'qualifierId': 346}, {'id': 5777577231, 'qualifierId': 233, 'value': '853'}, {'id': 5777577223, 'qualifierId': 56, 'value': 'Center'}]",96jcamlgo8nghmr2s0m0q2lbe,C. Curran,,,Chicago Stars,Away
2823790855,853,5,2,93,50,446mp88j1vpk9iwui9fiifrp8,1,-1.4,64.4,2025-06-22T03:57:06.501Z,2025-06-22T03:58:58Z,"[{'id': 5777577039, 'qualifierId': 346}, {'id': 5777577227, 'qualifierId': 233, 'value': '845'}, {'id': 5777577035, 'qualifierId': 56, 'value': 'Back'}]",74uudh34v23m2z9gy5tdppxey,S. Hiatt,,,Portland Thorns,Home
2823790877,854,1,2,94,13,446mp88j1vpk9iwui9fiifrp8,0,4.7,59.7,2025-06-22T03:57:29.244Z,2025-06-22T03:57:32Z,"[{'id': 5777577195, 'qualifierId': 140, 'value': '55.3'}, {'id': 5777577191, 'qualifierId': 124}, {'id': 5777577203, 'qualifierId': 1}, {'id': 5777577197, 'qualifierId': 141, 'value': '65.4'}, {'id': 5777577201, 'qualifierId': 213, 'value': '0.07'}, {'id': 5777577205, 'qualifierId': 74}, {'id': 5777577199, 'qualifierId': 212, 'value': '53.3'}, {'id': 5777577193, 'qualifierId': 56, 'value': 'Center'}]",1yva0f096q2oqk5gz59utr42y,B. Bixby,,,Portland Thorns,Home
2823790891,846,1,2,94,18,dzxypx8djih58p668surbi4qm,1,43.4,30.0,2025-06-22T03:57:34.264Z,2025-06-22T03:57:36Z,"[{'id': 5777577281, 'qualifierId': 140, 'value': '62.9'}, {'id': 5777577279, 'qualifierId': 56, 'value': 'Center'}, {'id': 5777577285, 'qualifierId': 212, 'value': '21.3'}, {'id': 5777577287, 'qualifierId': 213, 'value': '0.28'}, {'id': 5777577277, 'qualifierId': 3}, {'id': 5777577283, 'qualifierId': 141, 'value': '38.8'}]",daze51b5849zsk2aqvgmkkbth,Maitane López,,,Chicago Stars,Away
2823790899,847,1,2,94,20,dzxypx8djih58p668surbi4qm,1,62.9,38.8,2025-06-22T03:57:36.425Z,2025-06-22T03:57:39Z,"[{'id': 5777577323, 'qualifierId': 56, 'value': 'Center'}, {'id': 5777577329, 'qualifierId': 212, 'value': '11.7'}, {'id': 5777577331, 'qualifierId': 213, 'value': '2.52'}, {'id': 5777577327, 'qualifierId': 141, 'value': '48.8'}, {'id': 5777577321, 'qualifierId': 3}, {'id': 5777577325, 'qualifierId': 140, 'value': '53.8'}]",e6228d1678w0s4fx8iw72lj6y,C. Barry,,,Chicago Stars,Away
2823790903,848,49,2,94,23,dzxypx8djih58p668surbi4qm,1,53.8,48.8,2025-06-22T03:57:39.337Z,2025-06-22T03:57:39Z,[],daze51b5849zsk2aqvgmkkbth,Maitane López,,,Chicago Stars,Away
2823790913,849,1,2,94,23,dzxypx8djih58p668surbi4qm,1,53.8,48.8,2025-06-22T03:57:39.480Z,2025-06-22T03:57:44Z,"[{'id': 5777577367, 'qualifierId': 56, 'value': 'Back'}, {'id': 5777577371, 'qualifierId': 141, 'value': '87.5'}, {'id': 5777577375, 'qualifierId': 213, 'value': '2.08'}, {'id': 5777577369, 'qualifierId': 140, 'value': '39.7'}, {'id': 5777577373, 'qualifierId': 212, 'value': '30.2'}]",daze51b5849zsk2aqvgmkkbth,Maitane López,,,Chicago Stars,Away
2823790915,850,50,2,94,28,dzxypx8djih58p668surbi4qm,1,44.6,92.6,2025-06-22T03:57:44.234Z,2025-06-22T03:57:48Z,"[{'id': 5777577399, 'qualifierId': 233, 'value': '855'}, {'id': 5777577381, 'qualifierId': 286}, {'id': 5777577379, 'qualifierId': 56, 'value': 'Back'}]",39jb2vzpuxxfhrr0px7tlk991,Nádia Gomes,,,Chicago Stars,Away
2823790917,855,7,2,94,28,446mp88j1vpk9iwui9fiifrp8,1,55.4,7.4,2025-06-22T03:57:44.235Z,2025-06-22T03:57:47Z,"[{'id': 5777577389, 'qualifierId': 233, 'value': '850'}, {'id': 5777577383, 'qualifierId': 167}, {'id': 5777577387, 'qualifierId': 285}, {'id': 5777577385, 'qualifierId': 56, 'value': 'Right'}]",2x310j2wycjsv4nzblfqd7sru,P. Linnehan,,,Portland Thorns,Home
2823790919,851,5,2,94,29,dzxypx8djih58p668surbi4qm,1,50.2,101.8,2025-06-22T03:57:45.130Z,2025-06-22T03:58:59Z,"[{'id': 5777577393, 'qualifierId': 56, 'value': 'Left'}, {'id': 5777577419, 'qualifierId': 233, 'value': '856'}, {'id': 5777577395, 'qualifierId': 347}]",39jb2vzpuxxfhrr0px7tlk991,Nádia Gomes,,,Chicago Stars,Away
2823790927,856,5,2,94,29,446mp88j1vpk9iwui9fiifrp8,0,49.8,-1.8,2025-06-22T03:57:45.130Z,2025-06-22T03:58:59Z,"[{'id': 5777577417, 'qualifierId': 347}, {'id': 5777577415, 'qualifierId': 56, 'value': 'Back'}, {'id': 5777577427, 'qualifierId': 233, 'value': '851'}]",2x310j2wycjsv4nzblfqd7sru,P. Linnehan,,,Portland Thorns,Home
2823790943,852,1,2,94,30,dzxypx8djih58p668surbi4qm,1,51.9,100.0,2025-06-22T03:57:46.395Z,2025-06-22T03:57:51Z,"[{'id': 5777577485, 'qualifierId': 107}, {'id': 5777577495, 'qualifierId': 213, 'value': '5.13'}, {'id': 5777577491, 'qualifierId': 141, 'value': '89.0'}, {'id': 5777577493, 'qualifierId': 212, 'value': '9.7'}, {'id': 5777577487, 'qualifierId': 56, 'value': 'Left'}, {'id': 5777577489, 'qualifierId': 140, 'value': '55.6'}]",39jb2vzpuxxfhrr0px7tlk991,Nádia Gomes,,,Chicago Stars,Away
2823790945,853,50,2,94,33,dzxypx8djih58p668surbi4qm,1,57.2,90.1,2025-06-22T03:57:49.034Z,2025-06-22T04:07:44Z,"[{'id': 5777577499, 'qualifierId': 56, 'value': 'Left'}, {'id': 5777577509, 'qualifierId': 233, 'value': '857'}, {'id': 5777577501, 'qualifierId': 286}]",96jcamlgo8nghmr2s0m0q2lbe,C. Curran,,,Chicago Stars,Away
2823790935,857,7,2,94,33,446mp88j1vpk9iwui9fiifrp8,1,42.8,9.9,2025-06-22T03:57:49.035Z,2025-06-22T04:07:44Z,"[{'id': 5777577459, 'qualifierId': 56, 'value': 'Back'}, {'id': 5777577457, 'qualifierId': 167}, {'id': 5777577503, 'qualifierId': 233, 'value': '853'}, {'id': 5777577461, 'qualifierId': 285}]",7in4ykzbs8p44qy4jrb10p0wl,H. Sugita,,,Portland Thorns,Home
2823790947,854,5,2,94,33,dzxypx8djih58p668surbi4qm,1,59.8,102.0,2025-06-22T03:57:49.946Z,2025-06-22T03:58:59Z,"[{'id': 5777577515, 'qualifierId': 347}, {'id': 5777577517, 'qualifierId': 233, 'value': '858'}, {'id': 5777577513, 'qualifierId': 56, 'value': 'Left'}]",96jcamlgo8nghmr2s0m0q2lbe,C. Curran,,,Chicago Stars,Away
2823790939,858,5,2,94,33,446mp88j1vpk9iwui9fiifrp8,0,40.2,-2.0,2025-06-22T03:57:49.946Z,2025-06-22T03:57:54Z,"[{'id': 5777577477, 'qualifierId': 347}, {'id': 5777577523, 'qualifierId': 233, 'value': '854'}, {'id': 5777577475, 'qualifierId': 56, 'value': 'Back'}]",7in4ykzbs8p44qy4jrb10p0wl,H. Sugita,,,Portland Thorns,Home
2823790957,855,1,2,94,37,dzxypx8djih58p668surbi4qm,1,55.7,100.0,2025-06-22T03:57:53.097Z,2025-06-22T04:03:31Z,"[{'id': 5777577573, 'qualifierId': 212, 'value': '13.0'}, {'id': 5777577569, 'qualifierId': 140, 'value': '61.7'}, {'id': 5777577565, 'qualifierId': 107}, {'id': 5777577567, 'qualifierId': 56, 'value': 'Left'}, {'id': 5777577571, 'qualifierId': 141, 'value': '85.3'}, {'id': 5777577575, 'qualifierId': 213, 'value': '5.22'}]",6alny8atonddyhmltw3dgo1d5,J. Grosso,,,Chicago Stars,Away
2823790959,856,61,2,94,42,dzxypx8djih58p668surbi4qm,0,58.5,75.3,2025-06-22T03:57:58.009Z,2025-06-22T03:57:58Z,"[{'id': 5777577579, 'qualifierId': 56, 'value': 'Center'}]",e6228d1678w0s4fx8iw72lj6y,C. Barry,,,Chicago Stars,Away
2823790961,859,49,2,94,43,446mp88j1vpk9iwui9fiifrp8,1,44.8,48.5,2025-06-22T03:57:59.914Z,2025-06-22T03:57:59Z,[],et72990p9axru09oxv51hokwl,D. Castellanos,,,Portland Thorns,Home
2823790963,860,4,2,94,45,446mp88j1vpk9iwui9fiifrp8,1,52.0,56.0,2025-06-22T03:58:01.244Z,2025-06-22T03:58:44Z,"[{'id': 5777577587, 'qualifierId': 152}, {'id': 5777577769, 'qualifierId': 233, 'value': '857'}, {'id': 5777577589, 'qualifierId': 265}, {'id': 5777577585, 'qualifierId': 56, 'value': 'Center'}, {'id': 5777577591, 'qualifierId': 286}, {'id': 5777577583, 'qualifierId': 13}]",et72990p9axru09oxv51hokwl,D. Castellanos,,,Portland Thorns,Home
2823790971,857,4,2,94,45,dzxypx8djih58p668surbi4qm,0,48.0,44.0,2025-06-22T03:58:01.245Z,2025-06-22T04:03:14Z,"[{'id': 5777577661, 'qualifierId': 13}, {'id': 5777577665, 'qualifierId': 152}, {'id': 5777577663, 'qualifierId': 56, 'value': 'Back'}, {'id': 5777577667, 'qualifierId': 265}, {'id': 5777577773, 'qualifierId': 233, 'value': '860'}, {'id': 5777577669, 'qualifierId': 285}]",5fyfbevwr4aisqn4969aripsk,M. Johnson,,,Chicago Stars,Away
2823790983,861,1,2,95,11,446mp88j1vpk9iwui9fiifrp8,0,47.4,53.0,2025-06-22T03:58:27.866Z,2025-06-22T03:58:30Z,"[{'id': 5777577797, 'qualifierId': 213, 'value': '0.21'}, {'id': 5777577787, 'qualifierId': 152}, {'id': 5777577799, 'qualifierId': 1}, {'id': 5777577789, 'qualifierId': 56, 'value': 'Center'}, {'id': 5777577785, 'qualifierId': 155}, {'id': 5777577791, 'qualifierId': 140, 'value': '81.7'}, {'id': 5777577795, 'qualifierId': 212, 'value': '36.9'}, {'id': 5777577793, 'qualifierId': 141, 'value': '64.5'}, {'id': 5777577783, 'qualifierId': 5}]",8oj7cqgjacle67i49w4a3gx6,I. Obaze,,,Portland Thorns,Home
2823790987,858,1,2,95,15,dzxypx8djih58p668surbi4qm,0,19.5,28.2,2025-06-22T03:58:31.609Z,2025-06-22T03:58:32Z,"[{'id': 5777577807, 'qualifierId': 56, 'value': 'Back'}, {'id': 5777577811, 'qualifierId': 141, 'value': '13.8'}, {'id': 5777577815, 'qualifierId': 213, 'value': '5.69'}, {'id': 5777577817, 'qualifierId': 1}, {'id': 5777577805, 'qualifierId': 157}, {'id': 5777577809, 'qualifierId': 140, 'value': '33.3'}, {'id': 5777577813, 'qualifierId': 212, 'value': '17.5'}]",4tnm3hxzav142ow867jwcozkk,T. Malham,,,Chicago Stars,Away
2823790989,859,30,2,95,19,dzxypx8djih58p668surbi4qm,1,0.0,0.0,2025-06-22T03:58:35.377Z,2025-06-22T03:58:35Z,"[{'id': 5777577829, 'qualifierId': 209}, {'id': 5777577827, 'qualifierId': 57, 'value': '0'}]",,,,,Chicago Stars,Away
2823790991,862,30,2,95,19,446mp88j1vpk9iwui9fiifrp8,1,0.0,0.0,2025-06-22T03:58:35.377Z,2025-06-22T03:58:35Z,"[{'id': 5777577833, 'qualifierId': 209}, {'id': 5777577831, 'qualifierId': 57, 'value': '0'}]",,,,,Portland Thorns,Home
2823790995,860,30,14,0,0,dzxypx8djih58p668surbi4qm,1,0.0,0.0,2025-06-22T03:58:38.210Z,2025-06-22T03:58:38Z,"[{'id': 5777577845, 'qualifierId': 57, 'value': '1'}, {'id': 5777577847, 'qualifierId': 209}]",,,,,Chicago Stars,Away
2823790993,863,30,14,0,0,446mp88j1vpk9iwui9fiifrp8,1,0.0,0.0,2025-06-22T03:58:38.210Z,2025-06-22T03:58:38Z,"[{'id': 5777577841, 'qualifierId': 57, 'value': '1'}, {'id': 5777577843, 'qualifierId': 209}]",,,,,Portland Thorns,Home
2823790999,861,37,14,0,0,dzxypx8djih58p668surbi4qm,1,0.0,0.0,2025-06-22T03:58:38.246Z,2025-06-22T04:10:56Z,"[{'id': 5777579533, 'qualifierId': 302}]",,,,,Chicago Stars,Away
2823790997,864,37,14,0,0,446mp88j1vpk9iwui9fiifrp8,1,0.0,0.0,2025-06-22T03:58:38.246Z,2025-06-22T04:10:56Z,"[{'id': 5777578535, 'qualifierId': 302}]",,,,,Portland Thorns,Home
