id,eventId,typeId,periodId,timeMin,timeSec,contestantId,outcome,x,y,timeStamp,lastModified,qualifier,playerId,playerName,keyPass,Squad,Position
2823506603,1,34,16,0,0,agxipc0vk4rtg09amjxv10nx0,1,0.0,0.0,2025-06-20T23:16:43.311Z,2025-06-27T21:38:10Z,"[{'id': 5775992589, 'qualifierId': 130, 'value': '8'}, {'id': 5775992585, 'qualifierId': 44, 'value': '1, 2, 2, 3, 2, 2, 3, 3, 4, 3, 3, 5, 5, 5, 5, 5, 5, 5, 5, 5'}, {'id': 5775992593, 'qualifierId': 194, 'value': 'dv8265k3za578hkzxxuttqmdx'}, {'id': 5775992583, 'qualifierId': 30, 'value': 'das6ydxiwz8trtyp98ss5i295, 9wvoeo39cgbelv8ddqin3aaga, 736jvvtkgwc3g1vooviaod33d, 6hyf258ii56nw917w0b4ekob8, 48l2ildbeme2l336nor2hw6lm, cl1av4qyzjkq03akjof6tdf1m, e1irspfo9xupqz2sqvyq1zp0q, 6k82rq8synvac950ext5t0jpx, 47iatvbptp6438v5qo359yw9h, dv8265k3za578hkzxxuttqmdx, ccw8gtkcahxf21rutqldjvkve, 46r9yf1huh29ri0sbx0yum6ll, 2kjv07goaeqhl1pmjfywkglqs, 68sz2cp2lpnb8k36jkhr3wrje, 516s5q2n1hop56c1768x0jbh1, 3qk8owv039ppiiev6skkkb52i, cmivpbf5hzq5j8feacgla5nv8, errir6ade8y91vp5z7v8gkn6y, 1mjt2c75soe0pbgry40mfmtjo, ambkmqohpux5r4cvtszfpeej8'}, {'id': 5775992595, 'qualifierId': 227, 'value': '0, 0, 0, 0, 0, 0, 0, 0, 0, 0, 0, 0, 0, 0, 0, 0, 0, 0, 0, 0'}, {'id': 5776027213, 'qualifierId': 197, 'value': '28319'}, {'id': 5775992587, 'qualifierId': 59, 'value': '23, 4, 18, 14, 7, 27, 17, 11, 9, 16, 6, 81, 2, 5, 8, 13, 19, 22, 31, 30'}, {'id': 5775992591, 'qualifierId': 131, 'value': '1, 2, 3, 4, 5, 6, 7, 8, 9, 10, 11, 0, 0, 0, 0, 0, 0, 0, 0, 0'}]",,,,Kansas City Current,Home
2823508695,1,34,16,0,0,6hbfgdczbi3yg4sdpqgtu6s,1,0.0,0.0,2025-06-20T23:28:21.134Z,2025-06-27T21:21:18Z,"[{'id': 5776004253, 'qualifierId': 227, 'value': '0, 0, 0, 0, 0, 0, 0, 0, 0, 0, 0, 0, 0, 0, 0, 0, 0, 0, 0'}, {'id': 5776004241, 'qualifierId': 30, 'value': 'lg9muzm3sbiijicsik53m3je, 89fa211ocgno2q0to22emh20a, 1enu619pvakj78wtsfuilbj3e, 6opd7nuh51c7p6pn6w04yuntg, 6bcvcloym3tzxss5hgsw4h1at, etdam0sfwiphiwykieovlsyy1, 8f2og4ng2s6f8qeikft26h2qc, 3bx0w0ftkij1lqrt727gjd94a, bngif4yqa0asu77nptsb06n10, 9mo419gtk6dy5lhcvatcllkyy, dfeohozpw604y5jbu01u1dkkq, as9gd28disfeeiiqxn7gjvg2c, 5ctvnqq716lbj0l9prrp8vb4k, e2cviaurp66ntp52needonka2, atvo1d7070tccvlbi8x5rakno, cenm8mly98mwv2630hcke4fmc, 9ijnmgmapjcnctich86692tw5, 9b94qn8vkpl0e7ujskes2m7d, bnxnrws4yintb6s76erzl9xw5'}, {'id': 5776027047, 'qualifierId': 197, 'value': '28249'}, {'id': 5776004247, 'qualifierId': 130, 'value': '17'}, {'id': 5776004243, 'qualifierId': 44, 'value': '1, 3, 3, 2, 2, 2, 3, 3, 4, 4, 4, 5, 5, 5, 5, 5, 5, 5, 5'}, {'id': 5776004249, 'qualifierId': 131, 'value': '1, 2, 3, 4, 5, 6, 7, 8, 9, 10, 11, 0, 0, 0, 0, 0, 0, 0, 0'}, {'id': 5776004245, 'qualifierId': 59, 'value': '19, 20, 16, 6, 14, 11, 8, 99, 33, 7, 21, 17, 28, 1, 25, 9, 4, 29, 23'}, {'id': 5776004251, 'qualifierId': 194, 'value': 'etdam0sfwiphiwykieovlsyy1'}]",,,,Angel City,Away
2823516341,2,32,1,0,0,agxipc0vk4rtg09amjxv10nx0,1,0.0,0.0,2025-06-21T00:10:21.252Z,2025-06-27T14:06:41Z,"[{'id': 5776047663, 'qualifierId': 127, 'value': 'Right to Left'}]",,,,Kansas City Current,Home
2823516345,2,32,1,0,0,6hbfgdczbi3yg4sdpqgtu6s,1,0.0,0.0,2025-06-21T00:10:21.252Z,2025-06-21T00:10:22Z,"[{'id': 5776047667, 'qualifierId': 127, 'value': 'Left to Right'}]",,,,Angel City,Away
2823516355,3,1,1,0,0,6hbfgdczbi3yg4sdpqgtu6s,1,50.0,50.0,2025-06-21T00:10:21.253Z,2025-06-21T01:07:29Z,"[{'id': 5776047723, 'qualifierId': 56, 'value': 'Back'}, {'id': 5776047729, 'qualifierId': 212, 'value': '11.8'}, {'id': 5776047725, 'qualifierId': 140, 'value': '38.8'}, {'id': 5776047733, 'qualifierId': 279, 'value': 'S'}, {'id': 5776047731, 'qualifierId': 213, 'value': '3.05'}, {'id': 5776047727, 'qualifierId': 141, 'value': '51.6'}]",8f2og4ng2s6f8qeikft26h2qc,M. Hodge,,Angel City,Away
2823516375,4,1,1,0,2,6hbfgdczbi3yg4sdpqgtu6s,0,38.8,51.6,2025-06-21T00:10:23.685Z,2025-06-21T01:07:36Z,"[{'id': 5776047835, 'qualifierId': 140, 'value': '80.5'}, {'id': 5776047839, 'qualifierId': 212, 'value': '49.3'}, {'id': 5776047833, 'qualifierId': 56, 'value': 'Left'}, {'id': 5776047841, 'qualifierId': 213, 'value': '0.48'}, {'id': 5776047843, 'qualifierId': 1}, {'id': 5776047831, 'qualifierId': 157}, {'id': 5776047837, 'qualifierId': 141, 'value': '85.0'}]",6bcvcloym3tzxss5hgsw4h1at,A. Kennedy,,Angel City,Away
2823516371,3,49,1,0,4,agxipc0vk4rtg09amjxv10nx0,1,15.2,13.8,2025-06-21T00:10:25.855Z,2025-06-21T00:10:25Z,[],9wvoeo39cgbelv8ddqin3aaga,H. Mace,,Kansas City Current,Home
2823516391,4,1,1,0,5,agxipc0vk4rtg09amjxv10nx0,1,16.2,14.3,2025-06-21T00:10:26.487Z,2025-06-27T15:45:10Z,"[{'id': 5776047917, 'qualifierId': 141, 'value': '53.6'}, {'id': 5776047915, 'qualifierId': 140, 'value': '11.0'}, {'id': 5776047919, 'qualifierId': 212, 'value': '27.3'}, {'id': 5776047913, 'qualifierId': 56, 'value': 'Back'}, {'id': 5776047921, 'qualifierId': 213, 'value': '1.77'}]",9wvoeo39cgbelv8ddqin3aaga,H. Mace,,Kansas City Current,Home
2823516401,5,1,1,0,8,agxipc0vk4rtg09amjxv10nx0,1,12.5,60.2,2025-06-21T00:10:30.198Z,2025-06-21T00:10:33Z,"[{'id': 5776048001, 'qualifierId': 141, 'value': '83.9'}, {'id': 5776047997, 'qualifierId': 56, 'value': 'Back'}, {'id': 5776047999, 'qualifierId': 140, 'value': '16.2'}, {'id': 5776048005, 'qualifierId': 213, 'value': '1.33'}, {'id': 5776048003, 'qualifierId': 212, 'value': '16.6'}]",cl1av4qyzjkq03akjof6tdf1m,K. Sharples,,Kansas City Current,Home
2823516415,6,1,1,0,12,agxipc0vk4rtg09amjxv10nx0,1,18.2,89.2,2025-06-21T00:10:33.934Z,2025-06-27T15:55:45Z,"[{'id': 5776048077, 'qualifierId': 140, 'value': '48.8'}, {'id': 5776048083, 'qualifierId': 213, 'value': '6.16'}, {'id': 5781713911, 'qualifierId': 157}, {'id': 5776048085, 'qualifierId': 1}, {'id': 5776048081, 'qualifierId': 212, 'value': '32.4'}, {'id': 5776048075, 'qualifierId': 56, 'value': 'Back'}, {'id': 5776048079, 'qualifierId': 141, 'value': '83.2'}]",736jvvtkgwc3g1vooviaod33d,I. Rodriguez,,Kansas City Current,Home
2823516417,7,44,1,0,13,agxipc0vk4rtg09amjxv10nx0,1,52.3,86.1,2025-06-21T00:10:34.317Z,2025-06-27T16:52:14Z,"[{'id': 5776048089, 'qualifierId': 56, 'value': 'Left'}, {'id': 5776076947, 'qualifierId': 233, 'value': '5'}, {'id': 5776076907, 'qualifierId': 286}]",ccw8gtkcahxf21rutqldjvkve,T. Chawinga,,Kansas City Current,Home
2823516419,5,44,1,0,13,6hbfgdczbi3yg4sdpqgtu6s,0,47.7,13.9,2025-06-21T00:10:34.318Z,2025-06-27T15:55:54Z,"[{'id': 5776076951, 'qualifierId': 233, 'value': '7'}, {'id': 5776048093, 'qualifierId': 56, 'value': 'Back'}, {'id': 5776076845, 'qualifierId': 285}]",etdam0sfwiphiwykieovlsyy1,S. Gorden,,Angel City,Away
2823521465,180,43,1,0,14,agxipc0vk4rtg09amjxv10nx0,1,0.0,0.0,2025-06-21T00:10:35.319Z,2025-06-21T00:31:13Z,"[{'id': 5776076753, 'qualifierId': 286, 'value': '0'}, {'id': 5776076869, 'qualifierId': 144, 'value': '44'}, {'id': 5776076847, 'qualifierId': 233, 'value': '5'}, {'id': 5776076751, 'qualifierId': 56, 'value': 'Left'}]",ccw8gtkcahxf21rutqldjvkve,T. Chawinga,,Kansas City Current,Home
2824529883,808,1,1,0,14,agxipc0vk4rtg09amjxv10nx0,0,46.8,84.1,2025-06-21T00:10:35.887Z,2025-06-27T15:56:06Z,"[{'id': 5781713977, 'qualifierId': 56, 'value': 'Back'}, {'id': 5781713983, 'qualifierId': 212, 'value': '1.7'}, {'id': 5781713985, 'qualifierId': 213, 'value': '0.00'}, {'id': 5781713973, 'qualifierId': 3}, {'id': 5781713979, 'qualifierId': 140, 'value': '48.4'}, {'id': 5781713975, 'qualifierId': 168}, {'id': 5781713981, 'qualifierId': 141, 'value': '84.1'}]",ccw8gtkcahxf21rutqldjvkve,T. Chawinga,,Kansas City Current,Home
2823516433,6,61,1,0,15,6hbfgdczbi3yg4sdpqgtu6s,1,47.9,16.2,2025-06-21T00:10:37.109Z,2025-06-27T15:55:51Z,"[{'id': 5776048167, 'qualifierId': 56, 'value': 'Back'}]",etdam0sfwiphiwykieovlsyy1,S. Gorden,,Angel City,Away
2823531437,434,44,1,0,16,6hbfgdczbi3yg4sdpqgtu6s,1,58.4,30.0,2025-06-21T00:10:37.252Z,2025-06-27T15:57:09Z,"[{'id': 5776133151, 'qualifierId': 56, 'value': 'Center'}, {'id': 5776133167, 'qualifierId': 233, 'value': '8'}, {'id': 5776133153, 'qualifierId': 286}]",8f2og4ng2s6f8qeikft26h2qc,M. Hodge,,Angel City,Away
2823516441,8,44,1,0,16,agxipc0vk4rtg09amjxv10nx0,0,41.6,70.0,2025-06-21T00:10:37.253Z,2025-06-27T15:57:11Z,"[{'id': 5776048207, 'qualifierId': 285}, {'id': 5776133173, 'qualifierId': 233, 'value': '434'}, {'id': 5776048205, 'qualifierId': 56, 'value': 'Back'}]",6hyf258ii56nw917w0b4ekob8,C. Hutton,,Kansas City Current,Home
2823516437,7,1,1,0,16,6hbfgdczbi3yg4sdpqgtu6s,0,58.8,28.0,2025-06-21T00:10:37.525Z,2025-06-27T15:57:13Z,"[{'id': 5776048201, 'qualifierId': 212, 'value': '3.1'}, {'id': 5776048191, 'qualifierId': 3}, {'id': 5776048203, 'qualifierId': 213, 'value': '0.63'}, {'id': 5776048195, 'qualifierId': 56, 'value': 'Center'}, {'id': 5776048199, 'qualifierId': 141, 'value': '30.7'}, {'id': 5776048197, 'qualifierId': 140, 'value': '61.2'}]",8f2og4ng2s6f8qeikft26h2qc,M. Hodge,,Angel City,Away
2824529887,809,61,1,0,16,agxipc0vk4rtg09amjxv10nx0,1,39.4,71.8,2025-06-21T00:10:37.931Z,2025-06-27T15:57:15Z,"[{'id': 5781714011, 'qualifierId': 56, 'value': 'Back'}]",6hyf258ii56nw917w0b4ekob8,C. Hutton,,Kansas City Current,Home
2823516449,9,1,1,0,20,agxipc0vk4rtg09amjxv10nx0,0,40.9,71.1,2025-06-21T00:10:41.495Z,2025-06-21T00:11:07Z,"[{'id': 5776048257, 'qualifierId': 213, 'value': '6.19'}, {'id': 5776048255, 'qualifierId': 212, 'value': '18.0'}, {'id': 5776048259, 'qualifierId': 1}, {'id': 5776048253, 'qualifierId': 141, 'value': '68.7'}, {'id': 5776048251, 'qualifierId': 140, 'value': '58.0'}, {'id': 5776048249, 'qualifierId': 56, 'value': 'Center'}, {'id': 5776048247, 'qualifierId': 157}]",6k82rq8synvac950ext5t0jpx,R. Rodríguez,,Kansas City Current,Home
2823516455,8,1,1,0,21,6hbfgdczbi3yg4sdpqgtu6s,1,39.8,32.4,2025-06-21T00:10:42.804Z,2025-06-21T01:09:44Z,"[{'id': 5776048317, 'qualifierId': 212, 'value': '6.8'}, {'id': 5776048319, 'qualifierId': 213, 'value': '6.05'}, {'id': 5776048315, 'qualifierId': 141, 'value': '30.1'}, {'id': 5776048313, 'qualifierId': 140, 'value': '46.1'}, {'id': 5776048311, 'qualifierId': 56, 'value': 'Back'}, {'id': 5776048309, 'qualifierId': 3}]",6bcvcloym3tzxss5hgsw4h1at,A. Kennedy,,Angel City,Away
2823516481,9,1,1,0,23,6hbfgdczbi3yg4sdpqgtu6s,1,46.1,30.1,2025-06-21T00:10:44.453Z,2025-06-21T00:10:48Z,"[{'id': 5776048409, 'qualifierId': 140, 'value': '48.8'}, {'id': 5776048411, 'qualifierId': 141, 'value': '34.6'}, {'id': 5776048405, 'qualifierId': 168}, {'id': 5776048403, 'qualifierId': 3}, {'id': 5776048417, 'qualifierId': 213, 'value': '0.82'}, {'id': 5776048415, 'qualifierId': 212, 'value': '4.2'}, {'id': 5776048407, 'qualifierId': 56, 'value': 'Back'}]",8f2og4ng2s6f8qeikft26h2qc,M. Hodge,,Angel City,Away
2823516567,17,44,1,0,26,6hbfgdczbi3yg4sdpqgtu6s,1,45.8,36.3,2025-06-21T00:10:47.661Z,2025-06-21T02:23:13Z,"[{'id': 5776048861, 'qualifierId': 285}, {'id': 5776048859, 'qualifierId': 56, 'value': 'Back'}, {'id': 5776078111, 'qualifierId': 233, 'value': '10'}]",3bx0w0ftkij1lqrt727gjd94a,M. Hammond,,Angel City,Away
2823516473,10,44,1,0,26,agxipc0vk4rtg09amjxv10nx0,0,54.2,63.7,2025-06-21T00:10:47.662Z,2025-06-21T02:23:14Z,"[{'id': 5776048379, 'qualifierId': 286}, {'id': 5776078119, 'qualifierId': 233, 'value': '17'}, {'id': 5776048377, 'qualifierId': 56, 'value': 'Center'}]",dv8265k3za578hkzxxuttqmdx,V. DiBernardo,,Kansas City Current,Home
2823516485,10,1,1,0,27,6hbfgdczbi3yg4sdpqgtu6s,1,44.7,36.2,2025-06-21T00:10:48.485Z,2025-06-27T16:03:47Z,"[{'id': 5781714293, 'qualifierId': 213, 'value': '4.67'}, {'id': 5781714285, 'qualifierId': 3}, {'id': 5781714289, 'qualifierId': 141, 'value': '24.8'}, {'id': 5776048433, 'qualifierId': 56, 'value': 'Back'}, {'id': 5781714287, 'qualifierId': 140, 'value': '44.4'}, {'id': 5781714291, 'qualifierId': 212, 'value': '7.8'}]",3bx0w0ftkij1lqrt727gjd94a,M. Hammond,,Angel City,Away
2824529921,810,45,1,0,28,agxipc0vk4rtg09amjxv10nx0,0,54.4,73.8,2025-06-21T00:10:49.698Z,2025-06-27T16:04:34Z,"[{'id': 5781714349, 'qualifierId': 56, 'value': 'Center'}, {'id': 5781714365, 'qualifierId': 233, 'value': '857'}, {'id': 5781714351, 'qualifierId': 285}]",dv8265k3za578hkzxxuttqmdx,V. DiBernardo,,Kansas City Current,Home
2824529923,857,3,1,0,28,6hbfgdczbi3yg4sdpqgtu6s,1,45.6,26.2,2025-06-21T00:10:49.698Z,2025-06-27T16:04:34Z,"[{'id': 5781714353, 'qualifierId': 56, 'value': 'Back'}, {'id': 5781714361, 'qualifierId': 233, 'value': '810'}, {'id': 5781714359, 'qualifierId': 465}, {'id': 5781714357, 'qualifierId': 286}]",8f2og4ng2s6f8qeikft26h2qc,M. Hodge,,Angel City,Away
2823516493,11,1,1,0,30,6hbfgdczbi3yg4sdpqgtu6s,1,46.6,25.3,2025-06-21T00:10:51.365Z,2025-06-21T00:10:51Z,"[{'id': 5776048491, 'qualifierId': 141, 'value': '13.7'}, {'id': 5776048487, 'qualifierId': 56, 'value': 'Right'}, {'id': 5776048495, 'qualifierId': 213, 'value': '5.62'}, {'id': 5776048489, 'qualifierId': 140, 'value': '56.3'}, {'id': 5776048493, 'qualifierId': 212, 'value': '12.9'}]",8f2og4ng2s6f8qeikft26h2qc,M. Hodge,,Angel City,Away
2823516495,12,1,1,0,30,6hbfgdczbi3yg4sdpqgtu6s,1,56.3,13.7,2025-06-21T00:10:51.845Z,2025-06-21T00:10:52Z,"[{'id': 5776048507, 'qualifierId': 213, 'value': '2.02'}, {'id': 5776048503, 'qualifierId': 141, 'value': '26.5'}, {'id': 5776048505, 'qualifierId': 212, 'value': '9.7'}, {'id': 5776048499, 'qualifierId': 56, 'value': 'Center'}, {'id': 5776048501, 'qualifierId': 140, 'value': '52.3'}]",9mo419gtk6dy5lhcvatcllkyy,J. Dufour,,Angel City,Away
2823516497,13,1,1,0,31,6hbfgdczbi3yg4sdpqgtu6s,0,52.3,26.5,2025-06-21T00:10:52.309Z,2025-06-21T00:10:52Z,"[{'id': 5776048531, 'qualifierId': 56, 'value': 'Center'}, {'id': 5776048537, 'qualifierId': 212, 'value': '11.3'}, {'id': 5776048535, 'qualifierId': 141, 'value': '30.1'}, {'id': 5776048539, 'qualifierId': 213, 'value': '0.22'}, {'id': 5776048533, 'qualifierId': 140, 'value': '62.8'}]",8f2og4ng2s6f8qeikft26h2qc,M. Hodge,,Angel City,Away
2823516499,11,8,1,0,31,agxipc0vk4rtg09amjxv10nx0,1,34.9,76.0,2025-06-21T00:10:53.142Z,2025-06-27T16:04:45Z,"[{'id': 5776048547, 'qualifierId': 56, 'value': 'Back'}, {'id': 5781714423, 'qualifierId': 385}]",6k82rq8synvac950ext5t0jpx,R. Rodríguez,,Kansas City Current,Home
2823516517,14,1,1,0,32,6hbfgdczbi3yg4sdpqgtu6s,1,61.5,20.9,2025-06-21T00:10:54.004Z,2025-06-21T00:10:59Z,"[{'id': 5776048637, 'qualifierId': 212, 'value': '7.0'}, {'id': 5776048631, 'qualifierId': 56, 'value': 'Center'}, {'id': 5776048633, 'qualifierId': 140, 'value': '67.1'}, {'id': 5776048635, 'qualifierId': 141, 'value': '26.4'}, {'id': 5776048639, 'qualifierId': 213, 'value': '0.57'}]",9mo419gtk6dy5lhcvatcllkyy,J. Dufour,,Angel City,Away
2823516521,15,50,1,0,37,6hbfgdczbi3yg4sdpqgtu6s,1,86.0,24.2,2025-06-21T00:10:59.221Z,2025-06-21T00:11:02Z,"[{'id': 5776048657, 'qualifierId': 286}, {'id': 5776048687, 'qualifierId': 233, 'value': '12'}, {'id': 5776048655, 'qualifierId': 56, 'value': 'Center'}]",bngif4yqa0asu77nptsb06n10,R. Tiernan,,Angel City,Away
2823516523,12,7,1,0,37,agxipc0vk4rtg09amjxv10nx0,1,14.0,75.8,2025-06-21T00:10:59.222Z,2025-06-27T16:05:18Z,"[{'id': 5781714633, 'qualifierId': 385}, {'id': 5776048669, 'qualifierId': 233, 'value': '15'}, {'id': 5781714635, 'qualifierId': 178}, {'id': 5776048663, 'qualifierId': 285}, {'id': 5776048661, 'qualifierId': 56, 'value': 'Back'}, {'id': 5776048659, 'qualifierId': 167}]",cl1av4qyzjkq03akjof6tdf1m,K. Sharples,,Kansas City Current,Home
2823516533,13,5,1,0,38,agxipc0vk4rtg09amjxv10nx0,0,13.8,101.2,2025-06-21T00:10:59.910Z,2025-06-21T00:30:16Z,"[{'id': 5776048721, 'qualifierId': 347}, {'id': 5776048763, 'qualifierId': 233, 'value': '16'}, {'id': 5776048719, 'qualifierId': 56, 'value': 'Back'}]",cl1av4qyzjkq03akjof6tdf1m,K. Sharples,,Kansas City Current,Home
2823516535,16,5,1,0,38,6hbfgdczbi3yg4sdpqgtu6s,1,86.2,-1.2,2025-06-21T00:10:59.910Z,2025-06-21T00:30:15Z,"[{'id': 5776048755, 'qualifierId': 233, 'value': '13'}, {'id': 5776048729, 'qualifierId': 347}, {'id': 5776048727, 'qualifierId': 56, 'value': 'Right'}]",bngif4yqa0asu77nptsb06n10,R. Tiernan,,Angel City,Away
2823516583,18,1,1,0,48,6hbfgdczbi3yg4sdpqgtu6s,1,84.8,0.0,2025-06-21T00:11:09.687Z,2025-06-21T00:11:10Z,"[{'id': 5776048951, 'qualifierId': 141, 'value': '11.3'}, {'id': 5776048949, 'qualifierId': 140, 'value': '79.5'}, {'id': 5776048945, 'qualifierId': 107}, {'id': 5776048953, 'qualifierId': 212, 'value': '10.0'}, {'id': 5776048947, 'qualifierId': 56, 'value': 'Right'}, {'id': 5776048955, 'qualifierId': 213, 'value': '2.16'}]",89fa211ocgno2q0to22emh20a,G. Thompson,,Angel City,Away
2823516587,19,1,1,0,48,6hbfgdczbi3yg4sdpqgtu6s,1,79.5,11.3,2025-06-21T00:11:10.069Z,2025-06-21T00:11:10Z,"[{'id': 5776048961, 'qualifierId': 140, 'value': '81.8'}, {'id': 5776048959, 'qualifierId': 56, 'value': 'Right'}, {'id': 5776048965, 'qualifierId': 212, 'value': '4.4'}, {'id': 5776048963, 'qualifierId': 141, 'value': '5.9'}, {'id': 5776048967, 'qualifierId': 213, 'value': '5.29'}]",9mo419gtk6dy5lhcvatcllkyy,J. Dufour,,Angel City,Away
2823516595,20,1,1,0,49,6hbfgdczbi3yg4sdpqgtu6s,1,81.8,5.9,2025-06-21T00:11:10.693Z,2025-06-21T00:11:12Z,"[{'id': 5776048999, 'qualifierId': 140, 'value': '74.7'}, {'id': 5776049003, 'qualifierId': 212, 'value': '7.8'}, {'id': 5776049005, 'qualifierId': 213, 'value': '2.83'}, {'id': 5776048997, 'qualifierId': 56, 'value': 'Right'}, {'id': 5776049001, 'qualifierId': 141, 'value': '9.4'}]",89fa211ocgno2q0to22emh20a,G. Thompson,,Angel City,Away
2823516601,21,1,1,0,50,6hbfgdczbi3yg4sdpqgtu6s,0,74.7,9.4,2025-06-21T00:11:11.989Z,2025-06-21T00:11:12Z,"[{'id': 5776049031, 'qualifierId': 212, 'value': '4.5'}, {'id': 5776049055, 'qualifierId': 236}, {'id': 5776049061, 'qualifierId': 286}, {'id': 5776049025, 'qualifierId': 56, 'value': 'Right'}, {'id': 5776049029, 'qualifierId': 141, 'value': '12.0'}, {'id': 5776049033, 'qualifierId': 213, 'value': '0.41'}, {'id': 5776049057, 'qualifierId': 233, 'value': '14'}, {'id': 5776049027, 'qualifierId': 140, 'value': '78.6'}]",9mo419gtk6dy5lhcvatcllkyy,J. Dufour,,Angel City,Away
2823516605,14,74,1,0,50,agxipc0vk4rtg09amjxv10nx0,1,25.1,94.6,2025-06-21T00:11:11.990Z,2025-06-21T00:55:52Z,"[{'id': 5776049047, 'qualifierId': 56, 'value': 'Back'}, {'id': 5776049049, 'qualifierId': 285}, {'id': 5776049065, 'qualifierId': 233, 'value': '21'}]",6hyf258ii56nw917w0b4ekob8,C. Hutton,,Kansas City Current,Home
2823516625,15,1,1,0,53,agxipc0vk4rtg09amjxv10nx0,1,22.9,91.4,2025-06-21T00:11:14.470Z,2025-06-21T00:11:16Z,"[{'id': 5776049151, 'qualifierId': 56, 'value': 'Back'}, {'id': 5776049149, 'qualifierId': 157}, {'id': 5776049159, 'qualifierId': 213, 'value': '5.89'}, {'id': 5776049161, 'qualifierId': 1}, {'id': 5776049155, 'qualifierId': 141, 'value': '82.0'}, {'id': 5776049153, 'qualifierId': 140, 'value': '37.6'}, {'id': 5776049157, 'qualifierId': 212, 'value': '16.7'}]",ccw8gtkcahxf21rutqldjvkve,T. Chawinga,,Kansas City Current,Home
2823516627,16,1,1,0,54,agxipc0vk4rtg09amjxv10nx0,0,37.5,82.2,2025-06-21T00:11:15.750Z,2025-06-21T00:56:00Z,"[{'id': 5776049171, 'qualifierId': 3}, {'id': 5776049177, 'qualifierId': 141, 'value': '77.0'}, {'id': 5776049181, 'qualifierId': 213, 'value': '4.34'}, {'id': 5776049179, 'qualifierId': 212, 'value': '3.8'}, {'id': 5776049175, 'qualifierId': 140, 'value': '36.2'}, {'id': 5776049173, 'qualifierId': 56, 'value': 'Back'}]",e1irspfo9xupqz2sqvyq1zp0q,M. Cooper,,Kansas City Current,Home
2823516621,22,43,1,0,55,6hbfgdczbi3yg4sdpqgtu6s,1,0.0,0.0,2025-06-21T00:11:16.644Z,2025-06-27T16:10:50Z,"[{'id': 5781716209, 'qualifierId': 144, 'value': '8'}, {'id': 5776049145, 'qualifierId': 56, 'value': 'Center'}]",8f2og4ng2s6f8qeikft26h2qc,M. Hodge,,Angel City,Away
2823516649,23,1,1,0,58,6hbfgdczbi3yg4sdpqgtu6s,1,57.0,39.8,2025-06-21T00:11:19.781Z,2025-06-21T00:11:21Z,"[{'id': 5776049293, 'qualifierId': 213, 'value': '2.72'}, {'id': 5776049285, 'qualifierId': 56, 'value': 'Back'}, {'id': 5776049289, 'qualifierId': 141, 'value': '47.3'}, {'id': 5776049291, 'qualifierId': 212, 'value': '12.3'}, {'id': 5776049287, 'qualifierId': 140, 'value': '46.3'}]",8f2og4ng2s6f8qeikft26h2qc,M. Hodge,,Angel City,Away
2823516655,24,1,1,0,59,6hbfgdczbi3yg4sdpqgtu6s,1,45.3,47.5,2025-06-21T00:11:21.237Z,2025-06-21T00:11:23Z,"[{'id': 5776049323, 'qualifierId': 213, 'value': '5.31'}, {'id': 5776049317, 'qualifierId': 140, 'value': '53.1'}, {'id': 5776049315, 'qualifierId': 56, 'value': 'Center'}, {'id': 5776049319, 'qualifierId': 141, 'value': '29.8'}, {'id': 5776049321, 'qualifierId': 212, 'value': '14.6'}]",6opd7nuh51c7p6pn6w04yuntg,M. Reid,,Angel City,Away
2823516675,25,1,1,1,1,6hbfgdczbi3yg4sdpqgtu6s,1,53.1,29.8,2025-06-21T00:11:23.029Z,2025-06-21T00:11:25Z,"[{'id': 5776049409, 'qualifierId': 140, 'value': '45.8'}, {'id': 5776049411, 'qualifierId': 141, 'value': '14.9'}, {'id': 5776049415, 'qualifierId': 213, 'value': '4.06'}, {'id': 5776049407, 'qualifierId': 56, 'value': 'Back'}, {'id': 5776049413, 'qualifierId': 212, 'value': '12.7'}]",3bx0w0ftkij1lqrt727gjd94a,M. Hammond,,Angel City,Away
2823516733,26,1,1,1,4,6hbfgdczbi3yg4sdpqgtu6s,1,45.7,14.7,2025-06-21T00:11:25.797Z,2025-06-21T00:11:35Z,"[{'id': 5776049741, 'qualifierId': 140, 'value': '35.1'}, {'id': 5776049739, 'qualifierId': 56, 'value': 'Back'}, {'id': 5776049745, 'qualifierId': 212, 'value': '16.7'}, {'id': 5776049743, 'qualifierId': 141, 'value': '33.0'}, {'id': 5776049747, 'qualifierId': 213, 'value': '2.30'}]",etdam0sfwiphiwykieovlsyy1,S. Gorden,,Angel City,Away
2823516743,27,1,1,1,14,6hbfgdczbi3yg4sdpqgtu6s,0,43.9,34.8,2025-06-21T00:11:35.701Z,2025-06-21T00:11:37Z,"[{'id': 5776049801, 'qualifierId': 212, 'value': '37.8'}, {'id': 5776049797, 'qualifierId': 140, 'value': '77.4'}, {'id': 5776049805, 'qualifierId': 1}, {'id': 5776049793, 'qualifierId': 157}, {'id': 5776049803, 'qualifierId': 213, 'value': '5.91'}, {'id': 5776049795, 'qualifierId': 56, 'value': 'Right'}, {'id': 5776049799, 'qualifierId': 141, 'value': '14.4'}]",6bcvcloym3tzxss5hgsw4h1at,A. Kennedy,,Angel City,Away
2823516757,17,1,1,1,17,agxipc0vk4rtg09amjxv10nx0,1,30.0,86.0,2025-06-21T00:11:38.494Z,2025-06-21T00:11:39Z,"[{'id': 5776049859, 'qualifierId': 3}, {'id': 5776049861, 'qualifierId': 56, 'value': 'Back'}, {'id': 5776049863, 'qualifierId': 140, 'value': '41.1'}, {'id': 5776049865, 'qualifierId': 141, 'value': '77.6'}, {'id': 5776049869, 'qualifierId': 213, 'value': '5.83'}, {'id': 5776049867, 'qualifierId': 212, 'value': '13.0'}]",736jvvtkgwc3g1vooviaod33d,I. Rodriguez,,Kansas City Current,Home
2823516761,18,49,1,1,18,agxipc0vk4rtg09amjxv10nx0,1,39.9,77.5,2025-06-21T00:11:39.838Z,2025-06-21T00:11:40Z,[],ccw8gtkcahxf21rutqldjvkve,T. Chawinga,,Kansas City Current,Home
2823516771,19,1,1,1,18,agxipc0vk4rtg09amjxv10nx0,0,39.9,77.5,2025-06-21T00:11:40.022Z,2025-06-21T00:11:40Z,"[{'id': 5776049917, 'qualifierId': 141, 'value': '64.7'}, {'id': 5776049913, 'qualifierId': 56, 'value': 'Center'}, {'id': 5776049921, 'qualifierId': 213, 'value': '5.88'}, {'id': 5776049919, 'qualifierId': 212, 'value': '22.1'}, {'id': 5776049915, 'qualifierId': 140, 'value': '59.2'}]",ccw8gtkcahxf21rutqldjvkve,T. Chawinga,,Kansas City Current,Home
2823516779,28,49,1,1,22,6hbfgdczbi3yg4sdpqgtu6s,1,36.4,40.9,2025-06-21T00:11:43.620Z,2025-06-21T00:11:43Z,[],6bcvcloym3tzxss5hgsw4h1at,A. Kennedy,,Angel City,Away
2823516815,29,1,1,1,22,6hbfgdczbi3yg4sdpqgtu6s,1,36.4,40.9,2025-06-21T00:11:44.023Z,2025-06-21T00:11:48Z,"[{'id': 5776050101, 'qualifierId': 56, 'value': 'Back'}, {'id': 5776050107, 'qualifierId': 212, 'value': '19.5'}, {'id': 5776050105, 'qualifierId': 141, 'value': '69.1'}, {'id': 5776050109, 'qualifierId': 213, 'value': '1.40'}, {'id': 5776050103, 'qualifierId': 140, 'value': '39.6'}]",6bcvcloym3tzxss5hgsw4h1at,A. Kennedy,,Angel City,Away
2823516829,30,1,1,1,26,6hbfgdczbi3yg4sdpqgtu6s,1,36.6,68.4,2025-06-21T00:11:48.084Z,2025-06-21T00:11:50Z,"[{'id': 5776050191, 'qualifierId': 212, 'value': '13.1'}, {'id': 5776050187, 'qualifierId': 140, 'value': '35.3'}, {'id': 5776050185, 'qualifierId': 56, 'value': 'Back'}, {'id': 5776050189, 'qualifierId': 141, 'value': '49.3'}, {'id': 5776050193, 'qualifierId': 213, 'value': '4.61'}]",6opd7nuh51c7p6pn6w04yuntg,M. Reid,,Angel City,Away
2823516843,31,1,1,1,28,6hbfgdczbi3yg4sdpqgtu6s,1,34.4,50.0,2025-06-21T00:11:50.069Z,2025-06-21T00:11:55Z,"[{'id': 5776050343, 'qualifierId': 213, 'value': '1.29'}, {'id': 5776050337, 'qualifierId': 140, 'value': '38.9'}, {'id': 5776050335, 'qualifierId': 56, 'value': 'Back'}, {'id': 5776050339, 'qualifierId': 141, 'value': '74.1'}, {'id': 5776050341, 'qualifierId': 212, 'value': '17.1'}]",6bcvcloym3tzxss5hgsw4h1at,A. Kennedy,,Angel City,Away
2823516849,32,1,1,1,33,6hbfgdczbi3yg4sdpqgtu6s,1,44.8,76.0,2025-06-21T00:11:55.109Z,2025-06-21T00:11:57Z,"[{'id': 5776050407, 'qualifierId': 141, 'value': '59.6'}, {'id': 5776050403, 'qualifierId': 56, 'value': 'Back'}, {'id': 5776050411, 'qualifierId': 213, 'value': '4.17'}, {'id': 5776050405, 'qualifierId': 140, 'value': '38.4'}, {'id': 5776050409, 'qualifierId': 212, 'value': '13.0'}]",6opd7nuh51c7p6pn6w04yuntg,M. Reid,,Angel City,Away
2823516853,33,1,1,1,36,6hbfgdczbi3yg4sdpqgtu6s,1,36.4,52.8,2025-06-21T00:11:57.940Z,2025-06-21T00:11:59Z,"[{'id': 5776050431, 'qualifierId': 141, 'value': '33.3'}, {'id': 5776050427, 'qualifierId': 56, 'value': 'Center'}, {'id': 5776050429, 'qualifierId': 140, 'value': '56.1'}, {'id': 5776050433, 'qualifierId': 212, 'value': '24.6'}, {'id': 5776050435, 'qualifierId': 213, 'value': '5.71'}]",6bcvcloym3tzxss5hgsw4h1at,A. Kennedy,,Angel City,Away
2823516865,34,1,1,1,38,6hbfgdczbi3yg4sdpqgtu6s,1,54.9,32.8,2025-06-21T00:11:59.733Z,2025-06-21T00:12:04Z,"[{'id': 5776050537, 'qualifierId': 213, 'value': '5.32'}, {'id': 5776050535, 'qualifierId': 212, 'value': '21.9'}, {'id': 5776050529, 'qualifierId': 56, 'value': 'Right'}, {'id': 5776050533, 'qualifierId': 141, 'value': '6.4'}, {'id': 5776050531, 'qualifierId': 140, 'value': '66.8'}]",3bx0w0ftkij1lqrt727gjd94a,M. Hammond,,Angel City,Away
2823516869,35,1,1,1,42,6hbfgdczbi3yg4sdpqgtu6s,1,71.9,9.5,2025-06-21T00:12:04.068Z,2025-06-21T00:12:06Z,"[{'id': 5776050549, 'qualifierId': 141, 'value': '29.2'}, {'id': 5776050551, 'qualifierId': 212, 'value': '13.5'}, {'id': 5776050545, 'qualifierId': 56, 'value': 'Center'}, {'id': 5776050547, 'qualifierId': 140, 'value': '70.7'}, {'id': 5776050553, 'qualifierId': 213, 'value': '1.66'}]",9mo419gtk6dy5lhcvatcllkyy,J. Dufour,,Angel City,Away
2823516875,36,1,1,1,44,6hbfgdczbi3yg4sdpqgtu6s,1,70.3,29.2,2025-06-21T00:12:06.005Z,2025-06-21T00:12:07Z,"[{'id': 5776050583, 'qualifierId': 213, 'value': '3.77'}, {'id': 5776050577, 'qualifierId': 140, 'value': '66.0'}, {'id': 5776050575, 'qualifierId': 56, 'value': 'Center'}, {'id': 5776050579, 'qualifierId': 141, 'value': '24.4'}, {'id': 5776050581, 'qualifierId': 212, 'value': '5.6'}]",bngif4yqa0asu77nptsb06n10,R. Tiernan,,Angel City,Away
2823516885,37,1,1,1,46,6hbfgdczbi3yg4sdpqgtu6s,1,66.0,24.4,2025-06-21T00:12:07.636Z,2025-06-21T00:12:11Z,"[{'id': 5776050643, 'qualifierId': 213, 'value': '2.40'}, {'id': 5776050639, 'qualifierId': 141, 'value': '35.8'}, {'id': 5776050635, 'qualifierId': 56, 'value': 'Center'}, {'id': 5776050641, 'qualifierId': 212, 'value': '11.5'}, {'id': 5776050637, 'qualifierId': 140, 'value': '57.9'}]",3bx0w0ftkij1lqrt727gjd94a,M. Hammond,,Angel City,Away
2823516891,38,1,1,1,49,6hbfgdczbi3yg4sdpqgtu6s,0,58.8,35.7,2025-06-21T00:12:10.996Z,2025-06-21T00:12:11Z,"[{'id': 5776050651, 'qualifierId': 155}, {'id': 5776050653, 'qualifierId': 56, 'value': 'Center'}, {'id': 5776050655, 'qualifierId': 140, 'value': '67.2'}, {'id': 5776050661, 'qualifierId': 213, 'value': '1.26'}, {'id': 5776050659, 'qualifierId': 212, 'value': '28.6'}, {'id': 5776050657, 'qualifierId': 141, 'value': '75.7'}]",6bcvcloym3tzxss5hgsw4h1at,A. Kennedy,,Angel City,Away
2823516893,20,61,1,1,52,agxipc0vk4rtg09amjxv10nx0,0,32.6,21.0,2025-06-21T00:12:13.253Z,2025-06-21T00:12:13Z,"[{'id': 5776050671, 'qualifierId': 56, 'value': 'Back'}]",e1irspfo9xupqz2sqvyq1zp0q,M. Cooper,,Kansas City Current,Home
2823516895,21,5,1,1,52,agxipc0vk4rtg09amjxv10nx0,0,48.6,-1.8,2025-06-21T00:12:13.934Z,2025-06-21T00:30:16Z,"[{'id': 5776051131, 'qualifierId': 233, 'value': '39'}, {'id': 5776050673, 'qualifierId': 56, 'value': 'Back'}, {'id': 5776050675, 'qualifierId': 347}]",e1irspfo9xupqz2sqvyq1zp0q,M. Cooper,,Kansas City Current,Home
2823516981,39,5,1,1,52,6hbfgdczbi3yg4sdpqgtu6s,1,51.4,101.8,2025-06-21T00:12:13.934Z,2025-06-21T00:30:16Z,"[{'id': 5776051121, 'qualifierId': 56, 'value': 'Left'}, {'id': 5776051123, 'qualifierId': 347}, {'id': 5776051125, 'qualifierId': 233, 'value': '21'}]",6bcvcloym3tzxss5hgsw4h1at,A. Kennedy,,Angel City,Away
2823516985,40,1,1,2,13,6hbfgdczbi3yg4sdpqgtu6s,1,48.3,100.0,2025-06-21T00:12:34.996Z,2025-06-21T00:12:36Z,"[{'id': 5776051143, 'qualifierId': 107}, {'id': 5776051149, 'qualifierId': 141, 'value': '91.8'}, {'id': 5776051151, 'qualifierId': 212, 'value': '7.2'}, {'id': 5776051145, 'qualifierId': 56, 'value': 'Back'}, {'id': 5776051147, 'qualifierId': 140, 'value': '46.4'}, {'id': 5776051153, 'qualifierId': 213, 'value': '4.43'}]",1enu619pvakj78wtsfuilbj3e,M. A. Vignola,,Angel City,Away
2823516995,41,1,1,2,14,6hbfgdczbi3yg4sdpqgtu6s,1,48.4,90.1,2025-06-21T00:12:35.989Z,2025-06-21T01:12:42Z,"[{'id': 5776051203, 'qualifierId': 213, 'value': '0.73'}, {'id': 5776051195, 'qualifierId': 56, 'value': 'Left'}, {'id': 5776051199, 'qualifierId': 141, 'value': '96.5'}, {'id': 5776051197, 'qualifierId': 140, 'value': '53.0'}, {'id': 5776051201, 'qualifierId': 212, 'value': '6.5'}]",3bx0w0ftkij1lqrt727gjd94a,M. Hammond,,Angel City,Away
2823517155,36,45,1,2,16,agxipc0vk4rtg09amjxv10nx0,0,54.8,10.8,2025-06-21T00:12:37.588Z,2025-06-21T01:13:05Z,"[{'id': 5776052141, 'qualifierId': 285}, {'id': 5776052139, 'qualifierId': 56, 'value': 'Right'}, {'id': 5776052177, 'qualifierId': 233, 'value': '42'}]",e1irspfo9xupqz2sqvyq1zp0q,M. Cooper,,Kansas City Current,Home
2823516997,42,3,1,2,16,6hbfgdczbi3yg4sdpqgtu6s,1,45.2,89.2,2025-06-21T00:12:37.588Z,2025-06-27T16:22:16Z,"[{'id': 5776051207, 'qualifierId': 56, 'value': 'Back'}, {'id': 5781720621, 'qualifierId': 465}, {'id': 5776051209, 'qualifierId': 286}, {'id': 5776052173, 'qualifierId': 233, 'value': '36'}]",1enu619pvakj78wtsfuilbj3e,M. A. Vignola,,Angel City,Away
2823517001,43,1,1,2,16,6hbfgdczbi3yg4sdpqgtu6s,0,56.4,94.7,2025-06-21T00:12:37.908Z,2025-06-21T01:12:40Z,"[{'id': 5776051229, 'qualifierId': 212, 'value': '4.3'}, {'id': 5776051225, 'qualifierId': 140, 'value': '54.7'}, {'id': 5776051223, 'qualifierId': 56, 'value': 'Left'}, {'id': 5776051227, 'qualifierId': 141, 'value': '88.9'}, {'id': 5776051231, 'qualifierId': 213, 'value': '4.29'}]",1enu619pvakj78wtsfuilbj3e,M. A. Vignola,,Angel City,Away
2823517007,22,8,1,2,18,agxipc0vk4rtg09amjxv10nx0,1,45.6,15.0,2025-06-21T00:12:39.605Z,2025-06-27T16:22:25Z,"[{'id': 5776051261, 'qualifierId': 56, 'value': 'Back'}, {'id': 5781720723, 'qualifierId': 383}]",dv8265k3za578hkzxxuttqmdx,V. DiBernardo,,Kansas City Current,Home
2823517009,23,49,1,2,18,agxipc0vk4rtg09amjxv10nx0,1,42.7,26.4,2025-06-21T00:12:40.029Z,2025-06-21T00:56:39Z,[],dv8265k3za578hkzxxuttqmdx,V. DiBernardo,,Kansas City Current,Home
2823517023,24,1,1,2,19,agxipc0vk4rtg09amjxv10nx0,1,43.6,26.6,2025-06-21T00:12:40.309Z,2025-06-21T00:56:41Z,"[{'id': 5776051371, 'qualifierId': 212, 'value': '9.2'}, {'id': 5776051369, 'qualifierId': 141, 'value': '39.2'}, {'id': 5776051365, 'qualifierId': 56, 'value': 'Back'}, {'id': 5776051367, 'qualifierId': 140, 'value': '40.4'}, {'id': 5776051373, 'qualifierId': 213, 'value': '1.94'}]",dv8265k3za578hkzxxuttqmdx,V. DiBernardo,,Kansas City Current,Home
2823517039,25,1,1,2,21,agxipc0vk4rtg09amjxv10nx0,1,43.0,38.3,2025-06-21T00:12:42.405Z,2025-06-21T00:12:45Z,"[{'id': 5776051451, 'qualifierId': 212, 'value': '24.1'}, {'id': 5776051445, 'qualifierId': 56, 'value': 'Back'}, {'id': 5776051449, 'qualifierId': 141, 'value': '68.1'}, {'id': 5776051453, 'qualifierId': 213, 'value': '2.15'}, {'id': 5776051447, 'qualifierId': 140, 'value': '30.5'}]",6hyf258ii56nw917w0b4ekob8,C. Hutton,,Kansas City Current,Home
2823517047,26,1,1,2,24,agxipc0vk4rtg09amjxv10nx0,1,31.5,69.7,2025-06-21T00:12:45.893Z,2025-06-21T00:12:47Z,"[{'id': 5776051517, 'qualifierId': 140, 'value': '27.0'}, {'id': 5776051523, 'qualifierId': 213, 'value': '4.46'}, {'id': 5776051521, 'qualifierId': 212, 'value': '19.1'}, {'id': 5776051519, 'qualifierId': 141, 'value': '42.5'}, {'id': 5776051515, 'qualifierId': 56, 'value': 'Back'}]",cl1av4qyzjkq03akjof6tdf1m,K. Sharples,,Kansas City Current,Home
2823517065,27,1,1,2,26,agxipc0vk4rtg09amjxv10nx0,1,27.0,42.5,2025-06-21T00:12:47.589Z,2025-06-21T00:12:52Z,"[{'id': 5776051631, 'qualifierId': 140, 'value': '32.5'}, {'id': 5776051629, 'qualifierId': 56, 'value': 'Back'}, {'id': 5776051633, 'qualifierId': 141, 'value': '17.0'}, {'id': 5776051635, 'qualifierId': 212, 'value': '18.3'}, {'id': 5776051637, 'qualifierId': 213, 'value': '5.03'}]",48l2ildbeme2l336nor2hw6lm,E. Ball,,Kansas City Current,Home
2823517079,28,1,1,2,30,agxipc0vk4rtg09amjxv10nx0,1,35.9,16.8,2025-06-21T00:12:52.029Z,2025-06-21T00:12:56Z,"[{'id': 5776051733, 'qualifierId': 141, 'value': '39.3'}, {'id': 5776051729, 'qualifierId': 56, 'value': 'Back'}, {'id': 5776051735, 'qualifierId': 212, 'value': '16.7'}, {'id': 5776051737, 'qualifierId': 213, 'value': '1.98'}, {'id': 5776051731, 'qualifierId': 140, 'value': '29.5'}]",9wvoeo39cgbelv8ddqin3aaga,H. Mace,,Kansas City Current,Home
2823517083,29,1,1,2,37,agxipc0vk4rtg09amjxv10nx0,1,28.3,49.4,2025-06-21T00:12:58.813Z,2025-06-21T00:12:59Z,"[{'id': 5776051757, 'qualifierId': 141, 'value': '72.8'}, {'id': 5776051753, 'qualifierId': 56, 'value': 'Back'}, {'id': 5776051761, 'qualifierId': 213, 'value': '1.21'}, {'id': 5776051755, 'qualifierId': 140, 'value': '34.1'}, {'id': 5776051759, 'qualifierId': 212, 'value': '17.0'}]",48l2ildbeme2l336nor2hw6lm,E. Ball,,Kansas City Current,Home
2823517093,30,1,1,2,38,agxipc0vk4rtg09amjxv10nx0,1,34.1,72.8,2025-06-21T00:12:59.462Z,2025-06-21T00:13:02Z,"[{'id': 5776051793, 'qualifierId': 56, 'value': 'Back'}, {'id': 5776051795, 'qualifierId': 140, 'value': '29.2'}, {'id': 5776051799, 'qualifierId': 212, 'value': '16.7'}, {'id': 5776051797, 'qualifierId': 141, 'value': '49.4'}, {'id': 5776051801, 'qualifierId': 213, 'value': '4.40'}]",cl1av4qyzjkq03akjof6tdf1m,K. Sharples,,Kansas City Current,Home
2823517121,31,1,1,2,40,agxipc0vk4rtg09amjxv10nx0,1,27.4,45.7,2025-06-21T00:13:02.013Z,2025-06-21T00:13:09Z,"[{'id': 5776051921, 'qualifierId': 56, 'value': 'Back'}, {'id': 5776051927, 'qualifierId': 212, 'value': '24.6'}, {'id': 5776051929, 'qualifierId': 213, 'value': '4.94'}, {'id': 5776051925, 'qualifierId': 141, 'value': '10.4'}, {'id': 5776051923, 'qualifierId': 140, 'value': '32.6'}]",48l2ildbeme2l336nor2hw6lm,E. Ball,,Kansas City Current,Home
2823517131,32,1,1,2,48,agxipc0vk4rtg09amjxv10nx0,1,40.6,6.7,2025-06-21T00:13:09.381Z,2025-06-21T00:13:12Z,"[{'id': 5776051987, 'qualifierId': 212, 'value': '11.7'}, {'id': 5776051985, 'qualifierId': 141, 'value': '22.7'}, {'id': 5776051989, 'qualifierId': 213, 'value': '1.19'}, {'id': 5776051983, 'qualifierId': 140, 'value': '44.8'}, {'id': 5776051981, 'qualifierId': 56, 'value': 'Back'}]",9wvoeo39cgbelv8ddqin3aaga,H. Mace,,Kansas City Current,Home
2823517143,33,1,1,2,51,agxipc0vk4rtg09amjxv10nx0,1,45.0,22.7,2025-06-21T00:13:12.853Z,2025-06-21T00:13:16Z,"[{'id': 5776052091, 'qualifierId': 212, 'value': '16.6'}, {'id': 5776052087, 'qualifierId': 140, 'value': '55.8'}, {'id': 5776052089, 'qualifierId': 141, 'value': '4.9'}, {'id': 5776052085, 'qualifierId': 56, 'value': 'Right'}, {'id': 5776052093, 'qualifierId': 213, 'value': '5.47'}]",6k82rq8synvac950ext5t0jpx,R. Rodríguez,,Kansas City Current,Home
2823517145,34,1,1,2,55,agxipc0vk4rtg09amjxv10nx0,0,55.8,4.9,2025-06-21T00:13:16.933Z,2025-06-21T00:57:02Z,"[{'id': 5776052107, 'qualifierId': 1}, {'id': 5776052101, 'qualifierId': 141, 'value': '21.7'}, {'id': 5776052099, 'qualifierId': 140, 'value': '100.0'}, {'id': 5776052103, 'qualifierId': 212, 'value': '49.2'}, {'id': 5776052097, 'qualifierId': 56, 'value': 'Center'}, {'id': 5776052105, 'qualifierId': 213, 'value': '0.23'}]",dv8265k3za578hkzxxuttqmdx,V. DiBernardo,,Kansas City Current,Home
2823517153,35,5,1,2,55,agxipc0vk4rtg09amjxv10nx0,0,101.4,28.5,2025-06-21T00:13:17.123Z,2025-06-21T00:30:17Z,"[{'id': 5776052137, 'qualifierId': 346}, {'id': 5776052745, 'qualifierId': 233, 'value': '44'}, {'id': 5776052135, 'qualifierId': 56, 'value': 'Center'}]",dv8265k3za578hkzxxuttqmdx,V. DiBernardo,,Kansas City Current,Home
2823517253,44,5,1,2,55,6hbfgdczbi3yg4sdpqgtu6s,1,-1.4,71.5,2025-06-21T00:13:17.123Z,2025-06-21T00:30:16Z,"[{'id': 5776052723, 'qualifierId': 56, 'value': 'Back'}, {'id': 5776052725, 'qualifierId': 346}, {'id': 5776052729, 'qualifierId': 233, 'value': '35'}]",3bx0w0ftkij1lqrt727gjd94a,M. Hammond,,Angel City,Away
2823517263,45,1,1,3,18,6hbfgdczbi3yg4sdpqgtu6s,1,5.2,50.3,2025-06-21T00:13:39.956Z,2025-06-21T00:13:41Z,"[{'id': 5776052765, 'qualifierId': 124}, {'id': 5776052771, 'qualifierId': 141, 'value': '69.4'}, {'id': 5776052769, 'qualifierId': 140, 'value': '6.8'}, {'id': 5776052767, 'qualifierId': 56, 'value': 'Back'}, {'id': 5776052773, 'qualifierId': 212, 'value': '13.1'}, {'id': 5776052775, 'qualifierId': 213, 'value': '1.44'}, {'id': 5776052779, 'qualifierId': 237}]",lg9muzm3sbiijicsik53m3je,A. Anderson,,Angel City,Away
2823517281,46,1,1,3,20,6hbfgdczbi3yg4sdpqgtu6s,1,6.8,69.4,2025-06-21T00:13:41.396Z,2025-06-21T00:13:43Z,"[{'id': 5776052863, 'qualifierId': 212, 'value': '18.4'}, {'id': 5776052857, 'qualifierId': 56, 'value': 'Back'}, {'id': 5776052865, 'qualifierId': 213, 'value': '0.73'}, {'id': 5776052859, 'qualifierId': 140, 'value': '19.9'}, {'id': 5776052861, 'qualifierId': 141, 'value': '87.4'}]",6opd7nuh51c7p6pn6w04yuntg,M. Reid,,Angel City,Away
2823517293,47,1,1,3,21,6hbfgdczbi3yg4sdpqgtu6s,0,19.9,87.4,2025-06-21T00:13:43.155Z,2025-06-21T00:13:44Z,"[{'id': 5776052927, 'qualifierId': 141, 'value': '78.4'}, {'id': 5776052931, 'qualifierId': 213, 'value': '5.88'}, {'id': 5776052923, 'qualifierId': 56, 'value': 'Back'}, {'id': 5776052929, 'qualifierId': 212, 'value': '15.5'}, {'id': 5776052925, 'qualifierId': 140, 'value': '33.5'}]",1enu619pvakj78wtsfuilbj3e,M. A. Vignola,,Angel City,Away
2823517311,37,1,1,3,26,agxipc0vk4rtg09amjxv10nx0,0,60.7,18.8,2025-06-21T00:13:47.797Z,2025-06-21T00:14:01Z,"[{'id': 5776053017, 'qualifierId': 1}, {'id': 5776053009, 'qualifierId': 140, 'value': '91.6'}, {'id': 5776053011, 'qualifierId': 141, 'value': '0.0'}, {'id': 5776053013, 'qualifierId': 212, 'value': '35.4'}, {'id': 5776053007, 'qualifierId': 56, 'value': 'Right'}, {'id': 5776053015, 'qualifierId': 213, 'value': '5.87'}]",6k82rq8synvac950ext5t0jpx,R. Rodríguez,,Kansas City Current,Home
2823517313,38,5,1,3,26,agxipc0vk4rtg09amjxv10nx0,0,90.4,-1.8,2025-06-21T00:13:48.143Z,2025-06-21T00:30:17Z,"[{'id': 5776053033, 'qualifierId': 56, 'value': 'Right'}, {'id': 5776053035, 'qualifierId': 347}, {'id': 5776059013, 'qualifierId': 233, 'value': '48'}]",48l2ildbeme2l336nor2hw6lm,E. Ball,,Kansas City Current,Home
2823517399,48,5,1,3,26,6hbfgdczbi3yg4sdpqgtu6s,1,9.6,101.8,2025-06-21T00:13:48.143Z,2025-06-21T00:30:17Z,"[{'id': 5776053539, 'qualifierId': 347}, {'id': 5776059009, 'qualifierId': 233, 'value': '38'}, {'id': 5776053537, 'qualifierId': 56, 'value': 'Back'}]",1enu619pvakj78wtsfuilbj3e,M. A. Vignola,,Angel City,Away
2823518713,95,1,1,3,46,6hbfgdczbi3yg4sdpqgtu6s,0,11.1,100.0,2025-06-21T00:14:07.468Z,2025-06-21T01:07:44Z,"[{'id': 5776063305, 'qualifierId': 212, 'value': '19.2'}, {'id': 5776063297, 'qualifierId': 107}, {'id': 5776063303, 'qualifierId': 141, 'value': '94.0'}, {'id': 5776063301, 'qualifierId': 140, 'value': '28.8'}, {'id': 5776063299, 'qualifierId': 56, 'value': 'Back'}, {'id': 5776063307, 'qualifierId': 213, 'value': '6.03'}]",1enu619pvakj78wtsfuilbj3e,M. A. Vignola,,Angel City,Away
2823517421,39,1,1,3,47,agxipc0vk4rtg09amjxv10nx0,1,61.9,12.1,2025-06-21T00:14:08.916Z,2025-06-21T01:07:04Z,"[{'id': 5776053621, 'qualifierId': 141, 'value': '24.4'}, {'id': 5776053615, 'qualifierId': 3}, {'id': 5776053619, 'qualifierId': 140, 'value': '70.5'}, {'id': 5776053617, 'qualifierId': 56, 'value': 'Center'}, {'id': 5776053625, 'qualifierId': 213, 'value': '0.75'}, {'id': 5776053623, 'qualifierId': 212, 'value': '12.3'}]",6k82rq8synvac950ext5t0jpx,R. Rodríguez,,Kansas City Current,Home
2823530863,390,1,1,3,48,agxipc0vk4rtg09amjxv10nx0,0,75.3,28.7,2025-06-21T00:14:09.352Z,2025-06-21T01:07:24Z,"[{'id': 5776130005, 'qualifierId': 212, 'value': '4.0'}, {'id': 5776130003, 'qualifierId': 141, 'value': '34.0'}, {'id': 5776130007, 'qualifierId': 213, 'value': '1.11'}, {'id': 5776130113, 'qualifierId': 286}, {'id': 5776130109, 'qualifierId': 233, 'value': '49'}, {'id': 5776129999, 'qualifierId': 56, 'value': 'Center'}, {'id': 5776130001, 'qualifierId': 140, 'value': '77.0'}, {'id': 5776130107, 'qualifierId': 236}]",dv8265k3za578hkzxxuttqmdx,V. DiBernardo,,Kansas City Current,Home
2823517423,49,74,1,3,48,6hbfgdczbi3yg4sdpqgtu6s,1,23.8,76.0,2025-06-21T00:14:09.353Z,2025-06-21T01:12:58Z,"[{'id': 5776076749, 'qualifierId': 285}, {'id': 5776131755, 'qualifierId': 233, 'value': '390'}, {'id': 5776053629, 'qualifierId': 56, 'value': 'Back'}]",8f2og4ng2s6f8qeikft26h2qc,M. Hodge,,Angel City,Away
2823521831,203,50,1,3,49,6hbfgdczbi3yg4sdpqgtu6s,1,25.1,76.7,2025-06-21T00:14:11.251Z,2025-06-27T16:27:54Z,"[{'id': 5776130995, 'qualifierId': 233, 'value': '391'}, {'id': 5776079099, 'qualifierId': 285}, {'id': 5776079097, 'qualifierId': 56, 'value': 'Back'}]",9mo419gtk6dy5lhcvatcllkyy,J. Dufour,,Angel City,Away
2823530951,391,7,1,3,50,agxipc0vk4rtg09amjxv10nx0,1,74.9,23.3,2025-06-21T00:14:11.252Z,2025-06-27T16:27:54Z,"[{'id': 5781722197, 'qualifierId': 178}, {'id': 5776130535, 'qualifierId': 286}, {'id': 5781722195, 'qualifierId': 383}, {'id': 5776130533, 'qualifierId': 56, 'value': 'Center'}, {'id': 5776130991, 'qualifierId': 233, 'value': '203'}]",6hyf258ii56nw917w0b4ekob8,C. Hutton,,Kansas City Current,Home
2823517425,40,1,1,3,54,agxipc0vk4rtg09amjxv10nx0,0,68.7,26.4,2025-06-21T00:14:15.565Z,2025-06-21T01:08:20Z,"[{'id': 5776053639, 'qualifierId': 212, 'value': '4.6'}, {'id': 5776053635, 'qualifierId': 140, 'value': '70.9'}, {'id': 5776053641, 'qualifierId': 213, 'value': '1.05'}, {'id': 5776053633, 'qualifierId': 56, 'value': 'Center'}, {'id': 5776053637, 'qualifierId': 141, 'value': '32.3'}]",6hyf258ii56nw917w0b4ekob8,C. Hutton,,Kansas City Current,Home
2823530851,433,8,1,3,55,6hbfgdczbi3yg4sdpqgtu6s,1,24.4,68.7,2025-06-21T00:14:16.252Z,2025-06-27T16:28:01Z,"[{'id': 5781722277, 'qualifierId': 383}, {'id': 5776129933, 'qualifierId': 56, 'value': 'Back'}]",6bcvcloym3tzxss5hgsw4h1at,A. Kennedy,,Angel City,Away
2823517437,50,1,1,3,55,6hbfgdczbi3yg4sdpqgtu6s,1,25.6,72.9,2025-06-21T00:14:17.188Z,2025-06-21T01:08:18Z,"[{'id': 5776053731, 'qualifierId': 141, 'value': '80.5'}, {'id': 5776053727, 'qualifierId': 56, 'value': 'Back'}, {'id': 5776053733, 'qualifierId': 212, 'value': '8.2'}, {'id': 5776053729, 'qualifierId': 140, 'value': '31.7'}, {'id': 5776053735, 'qualifierId': 213, 'value': '0.68'}]",6bcvcloym3tzxss5hgsw4h1at,A. Kennedy,,Angel City,Away
2823517441,51,49,1,3,56,6hbfgdczbi3yg4sdpqgtu6s,1,28.9,82.7,2025-06-21T00:14:17.956Z,2025-06-21T01:07:06Z,[],dfeohozpw604y5jbu01u1dkkq,A. Thompson,,Angel City,Away
2823517459,52,1,1,3,56,6hbfgdczbi3yg4sdpqgtu6s,1,28.9,82.7,2025-06-21T00:14:18.083Z,2025-06-21T00:14:20Z,"[{'id': 5776053847, 'qualifierId': 141, 'value': '88.6'}, {'id': 5776053849, 'qualifierId': 212, 'value': '11.2'}, {'id': 5776053851, 'qualifierId': 213, 'value': '2.78'}, {'id': 5776053845, 'qualifierId': 140, 'value': '18.9'}, {'id': 5776053843, 'qualifierId': 56, 'value': 'Back'}]",dfeohozpw604y5jbu01u1dkkq,A. Thompson,,Angel City,Away
2823517461,53,1,1,3,59,6hbfgdczbi3yg4sdpqgtu6s,0,18.9,88.6,2025-06-21T00:14:20.276Z,2025-06-21T00:14:20Z,"[{'id': 5776053861, 'qualifierId': 141, 'value': '82.1'}, {'id': 5776053859, 'qualifierId': 140, 'value': '44.2'}, {'id': 5776053855, 'qualifierId': 157}, {'id': 5776053867, 'qualifierId': 1}, {'id': 5776053865, 'qualifierId': 213, 'value': '6.12'}, {'id': 5776053863, 'qualifierId': 212, 'value': '26.9'}, {'id': 5776053857, 'qualifierId': 56, 'value': 'Back'}]",1enu619pvakj78wtsfuilbj3e,M. A. Vignola,,Angel City,Away
2823517479,41,1,1,4,1,agxipc0vk4rtg09amjxv10nx0,1,51.0,24.4,2025-06-21T00:14:22.485Z,2025-06-21T00:14:23Z,"[{'id': 5776053937, 'qualifierId': 56, 'value': 'Back'}, {'id': 5776053941, 'qualifierId': 141, 'value': '37.7'}, {'id': 5776053935, 'qualifierId': 3}, {'id': 5776053939, 'qualifierId': 140, 'value': '45.8'}, {'id': 5776053945, 'qualifierId': 213, 'value': '2.11'}, {'id': 5776053943, 'qualifierId': 212, 'value': '10.6'}]",9wvoeo39cgbelv8ddqin3aaga,H. Mace,,Kansas City Current,Home
2823517481,42,49,1,4,2,agxipc0vk4rtg09amjxv10nx0,1,47.6,35.5,2025-06-21T00:14:23.773Z,2025-06-21T00:14:24Z,[],cl1av4qyzjkq03akjof6tdf1m,K. Sharples,,Kansas City Current,Home
2823517499,43,1,1,4,3,agxipc0vk4rtg09amjxv10nx0,0,56.0,30.4,2025-06-21T00:14:25.244Z,2025-06-21T00:14:26Z,"[{'id': 5776054019, 'qualifierId': 155}, {'id': 5776054027, 'qualifierId': 212, 'value': '22.1'}, {'id': 5776054023, 'qualifierId': 140, 'value': '74.1'}, {'id': 5776054029, 'qualifierId': 213, 'value': '5.75'}, {'id': 5776054025, 'qualifierId': 141, 'value': '13.8'}, {'id': 5776054021, 'qualifierId': 56, 'value': 'Right'}]",cl1av4qyzjkq03akjof6tdf1m,K. Sharples,,Kansas City Current,Home
2823517515,54,12,1,4,6,6hbfgdczbi3yg4sdpqgtu6s,1,27.2,88.1,2025-06-21T00:14:27.652Z,2025-06-21T00:14:29Z,"[{'id': 5776054117, 'qualifierId': 212, 'value': '13.5'}, {'id': 5776054113, 'qualifierId': 140, 'value': '36.7'}, {'id': 5776054115, 'qualifierId': 141, 'value': '100.0'}, {'id': 5776054119, 'qualifierId': 213, 'value': '0.74'}, {'id': 5776054167, 'qualifierId': 167}, {'id': 5776054111, 'qualifierId': 56, 'value': 'Back'}, {'id': 5776054121, 'qualifierId': 15}]",1enu619pvakj78wtsfuilbj3e,M. A. Vignola,,Angel City,Away
2823517539,44,5,1,4,7,agxipc0vk4rtg09amjxv10nx0,1,62.2,-1.6,2025-06-21T00:14:28.380Z,2025-06-21T00:30:17Z,"[{'id': 5776054261, 'qualifierId': 233, 'value': '55'}, {'id': 5776054255, 'qualifierId': 347}, {'id': 5776054253, 'qualifierId': 56, 'value': 'Right'}]",cl1av4qyzjkq03akjof6tdf1m,K. Sharples,,Kansas City Current,Home
2823517521,55,5,1,4,7,6hbfgdczbi3yg4sdpqgtu6s,0,37.8,101.6,2025-06-21T00:14:28.380Z,2025-06-21T00:30:18Z,"[{'id': 5776054267, 'qualifierId': 233, 'value': '44'}, {'id': 5776054137, 'qualifierId': 347}, {'id': 5776054135, 'qualifierId': 56, 'value': 'Back'}]",1enu619pvakj78wtsfuilbj3e,M. A. Vignola,,Angel City,Away
2823517549,45,1,1,4,11,agxipc0vk4rtg09amjxv10nx0,1,58.1,0.0,2025-06-21T00:14:33.149Z,2025-06-21T00:14:36Z,"[{'id': 5776054341, 'qualifierId': 56, 'value': 'Center'}, {'id': 5776054339, 'qualifierId': 107}, {'id': 5776054347, 'qualifierId': 212, 'value': '22.8'}, {'id': 5776054351, 'qualifierId': 1}, {'id': 5776054345, 'qualifierId': 141, 'value': '21.9'}, {'id': 5776054349, 'qualifierId': 213, 'value': '0.79'}, {'id': 5776054343, 'qualifierId': 140, 'value': '73.3'}]",9wvoeo39cgbelv8ddqin3aaga,H. Mace,,Kansas City Current,Home
2823517557,46,1,1,4,14,agxipc0vk4rtg09amjxv10nx0,1,73.3,21.9,2025-06-21T00:14:35.956Z,2025-06-21T00:14:38Z,"[{'id': 5776054395, 'qualifierId': 212, 'value': '14.0'}, {'id': 5776054393, 'qualifierId': 141, 'value': '1.4'}, {'id': 5776054389, 'qualifierId': 56, 'value': 'Right'}, {'id': 5776054397, 'qualifierId': 213, 'value': '4.66'}, {'id': 5776054391, 'qualifierId': 140, 'value': '72.6'}]",47iatvbptp6438v5qo359yw9h,Bia Zaneratto,,Kansas City Current,Home
2823517573,47,1,1,4,15,agxipc0vk4rtg09amjxv10nx0,1,72.3,2.0,2025-06-21T00:14:36.461Z,2025-06-27T16:43:06Z,"[{'id': 5776054453, 'qualifierId': 141, 'value': '7.9'}, {'id': 5776054455, 'qualifierId': 212, 'value': '20.5'}, {'id': 5776054457, 'qualifierId': 213, 'value': '0.20'}, {'id': 5776054451, 'qualifierId': 140, 'value': '91.4'}, {'id': 5776054449, 'qualifierId': 56, 'value': 'Right'}]",e1irspfo9xupqz2sqvyq1zp0q,M. Cooper,,Kansas City Current,Home
2823517577,48,3,1,4,17,agxipc0vk4rtg09amjxv10nx0,0,92.2,6.8,2025-06-21T00:14:38.450Z,2025-06-27T16:43:11Z,"[{'id': 5776054477, 'qualifierId': 286}, {'id': 5776054475, 'qualifierId': 56, 'value': 'Right'}, {'id': 5781727705, 'qualifierId': 465}, {'id': 5776054575, 'qualifierId': 233, 'value': '56'}]",47iatvbptp6438v5qo359yw9h,Bia Zaneratto,,Kansas City Current,Home
2823517585,56,7,1,4,17,6hbfgdczbi3yg4sdpqgtu6s,1,7.8,93.2,2025-06-21T00:14:38.451Z,2025-06-27T16:43:19Z,"[{'id': 5776054549, 'qualifierId': 233, 'value': '48'}, {'id': 5776054543, 'qualifierId': 285}, {'id': 5781727741, 'qualifierId': 178}, {'id': 5776054541, 'qualifierId': 56, 'value': 'Back'}, {'id': 5781727739, 'qualifierId': 383}]",8f2og4ng2s6f8qeikft26h2qc,M. Hodge,,Angel City,Away
2824532159,858,61,1,4,18,6hbfgdczbi3yg4sdpqgtu6s,0,6.8,96.2,2025-06-21T00:14:39.582Z,2025-06-27T16:43:08Z,"[{'id': 5781727621, 'qualifierId': 56, 'value': 'Back'}]",8f2og4ng2s6f8qeikft26h2qc,M. Hodge,,Angel City,Away
2823517595,57,83,1,4,21,6hbfgdczbi3yg4sdpqgtu6s,0,7.0,96.0,2025-06-21T00:14:43.107Z,2025-06-21T00:14:46Z,"[{'id': 5776054679, 'qualifierId': 399, 'value': '47iatvbptp6438v5qo359yw9h'}]",8f2og4ng2s6f8qeikft26h2qc,M. Hodge,,Angel City,Away
2823517611,49,1,1,4,23,agxipc0vk4rtg09amjxv10nx0,1,84.6,4.0,2025-06-21T00:14:44.573Z,2025-06-21T00:14:46Z,"[{'id': 5776054669, 'qualifierId': 140, 'value': '82.9'}, {'id': 5776054671, 'qualifierId': 141, 'value': '15.1'}, {'id': 5776054667, 'qualifierId': 56, 'value': 'Right'}, {'id': 5776054673, 'qualifierId': 212, 'value': '7.8'}, {'id': 5776054675, 'qualifierId': 213, 'value': '1.80'}]",47iatvbptp6438v5qo359yw9h,Bia Zaneratto,,Kansas City Current,Home
2823517641,50,1,1,4,25,agxipc0vk4rtg09amjxv10nx0,1,94.0,27.2,2025-06-21T00:14:46.772Z,2025-06-27T16:43:56Z,"[{'id': 5776054863, 'qualifierId': 141, 'value': '47.4'}, {'id': 5781727885, 'qualifierId': 195}, {'id': 5776055175, 'qualifierId': 210, 'value': '13'}, {'id': 5776054865, 'qualifierId': 212, 'value': '14.1'}, {'id': 5776054867, 'qualifierId': 213, 'value': '1.80'}, {'id': 5776055177, 'qualifierId': 154}, {'id': 5776054859, 'qualifierId': 56, 'value': 'Center'}, {'id': 5776054861, 'qualifierId': 140, 'value': '91.0'}]",e1irspfo9xupqz2sqvyq1zp0q,M. Cooper,1.0,Kansas City Current,Home
2823517643,51,13,1,4,26,agxipc0vk4rtg09amjxv10nx0,1,91.1,47.9,2025-06-21T00:14:47.821Z,2025-06-27T16:44:27Z,"[{'id': 5776055195, 'qualifierId': 154}, {'id': 5776055203, 'qualifierId': 103, 'value': '68.1'}, {'id': 5776055205, 'qualifierId': 328}, {'id': 5776055193, 'qualifierId': 29}, {'id': 5776055207, 'qualifierId': 230, 'value': '98.8'}, {'id': 5776054871, 'qualifierId': 22}, {'id': 5776055197, 'qualifierId': 55, 'value': '50'}, {'id': 5776054873, 'qualifierId': 17}, {'id': 5776054875, 'qualifierId': 56, 'value': 'Center'}, {'id': 5776054995, 'qualifierId': 20}, {'id': 5776055191, 'qualifierId': 81}, {'id': 5776055201, 'qualifierId': 102, 'value': '41.2'}, {'id': 5776055209, 'qualifierId': 231, 'value': '46.9'}]",736jvvtkgwc3g1vooviaod33d,I. Rodriguez,,Kansas City Current,Home
2823517645,52,5,1,4,29,agxipc0vk4rtg09amjxv10nx0,0,101.0,46.6,2025-06-21T00:14:50.947Z,2025-06-21T00:30:18Z,"[{'id': 5776055591, 'qualifierId': 233, 'value': '58'}, {'id': 5776054887, 'qualifierId': 56, 'value': 'Center'}, {'id': 5776054889, 'qualifierId': 346}]",736jvvtkgwc3g1vooviaod33d,I. Rodriguez,,Kansas City Current,Home
2823517753,58,5,1,4,29,6hbfgdczbi3yg4sdpqgtu6s,1,-1.0,53.4,2025-06-21T00:14:50.947Z,2025-06-21T00:30:18Z,"[{'id': 5776055585, 'qualifierId': 346}, {'id': 5776055583, 'qualifierId': 56, 'value': 'Back'}, {'id': 5776055587, 'qualifierId': 233, 'value': '52'}]",8f2og4ng2s6f8qeikft26h2qc,M. Hodge,,Angel City,Away
2823517771,59,1,1,5,3,6hbfgdczbi3yg4sdpqgtu6s,0,5.3,58.5,2025-06-21T00:15:24.563Z,2025-06-21T00:15:29Z,"[{'id': 5776055665, 'qualifierId': 56, 'value': 'Back'}, {'id': 5776055671, 'qualifierId': 212, 'value': '43.5'}, {'id': 5776055669, 'qualifierId': 141, 'value': '71.8'}, {'id': 5776055663, 'qualifierId': 124}, {'id': 5776055677, 'qualifierId': 74}, {'id': 5776055675, 'qualifierId': 1}, {'id': 5776055667, 'qualifierId': 140, 'value': '45.8'}, {'id': 5776055673, 'qualifierId': 213, 'value': '0.21'}]",lg9muzm3sbiijicsik53m3je,A. Anderson,,Angel City,Away
2823517783,53,1,1,5,8,agxipc0vk4rtg09amjxv10nx0,1,55.3,26.1,2025-06-21T00:15:29.300Z,2025-06-21T00:15:30Z,"[{'id': 5776055731, 'qualifierId': 140, 'value': '65.7'}, {'id': 5776055737, 'qualifierId': 213, 'value': '0.74'}, {'id': 5776055735, 'qualifierId': 212, 'value': '14.8'}, {'id': 5776055733, 'qualifierId': 141, 'value': '40.8'}, {'id': 5776055729, 'qualifierId': 56, 'value': 'Center'}]",6k82rq8synvac950ext5t0jpx,R. Rodríguez,,Kansas City Current,Home
2823517785,54,49,1,5,9,agxipc0vk4rtg09amjxv10nx0,1,65.4,41.2,2025-06-21T00:15:30.340Z,2025-06-21T00:15:30Z,[],47iatvbptp6438v5qo359yw9h,Bia Zaneratto,,Kansas City Current,Home
2823517795,55,1,1,5,9,agxipc0vk4rtg09amjxv10nx0,0,65.4,41.2,2025-06-21T00:15:30.412Z,2025-06-21T00:15:30Z,"[{'id': 5776055777, 'qualifierId': 141, 'value': '46.9'}, {'id': 5776055779, 'qualifierId': 212, 'value': '5.4'}, {'id': 5776055775, 'qualifierId': 140, 'value': '61.8'}, {'id': 5776055781, 'qualifierId': 213, 'value': '2.34'}, {'id': 5776055773, 'qualifierId': 56, 'value': 'Center'}]",47iatvbptp6438v5qo359yw9h,Bia Zaneratto,,Kansas City Current,Home
2823517811,56,50,1,5,10,agxipc0vk4rtg09amjxv10nx0,1,58.5,49.8,2025-06-21T00:15:31.602Z,2025-06-21T01:12:59Z,"[{'id': 5776055883, 'qualifierId': 286}, {'id': 5776055889, 'qualifierId': 233, 'value': '60'}, {'id': 5776055881, 'qualifierId': 56, 'value': 'Center'}]",47iatvbptp6438v5qo359yw9h,Bia Zaneratto,,Kansas City Current,Home
2823517797,60,7,1,5,10,6hbfgdczbi3yg4sdpqgtu6s,0,41.5,50.2,2025-06-21T00:15:31.603Z,2025-06-27T16:47:05Z,"[{'id': 5781729173, 'qualifierId': 178}, {'id': 5776055799, 'qualifierId': 285}, {'id': 5781729171, 'qualifierId': 385}, {'id': 5776055797, 'qualifierId': 56, 'value': 'Back'}, {'id': 5776055885, 'qualifierId': 233, 'value': '56'}]",8f2og4ng2s6f8qeikft26h2qc,M. Hodge,,Angel City,Away
2823517813,57,1,1,5,11,agxipc0vk4rtg09amjxv10nx0,1,63.3,56.8,2025-06-21T00:15:32.708Z,2025-06-21T01:06:19Z,"[{'id': 5776055903, 'qualifierId': 212, 'value': '10.4'}, {'id': 5776055899, 'qualifierId': 140, 'value': '71.2'}, {'id': 5776055905, 'qualifierId': 213, 'value': '5.64'}, {'id': 5776055897, 'qualifierId': 56, 'value': 'Center'}, {'id': 5776055901, 'qualifierId': 141, 'value': '47.6'}]",6hyf258ii56nw917w0b4ekob8,C. Hutton,,Kansas City Current,Home
2823530733,389,61,1,5,12,agxipc0vk4rtg09amjxv10nx0,0,71.5,60.5,2025-06-21T00:15:33.252Z,2025-06-21T01:06:17Z,"[{'id': 5776129289, 'qualifierId': 56, 'value': 'Center'}]",ccw8gtkcahxf21rutqldjvkve,T. Chawinga,,Kansas City Current,Home
2823517815,61,1,1,5,14,6hbfgdczbi3yg4sdpqgtu6s,1,25.0,54.0,2025-06-21T00:15:35.284Z,2025-06-21T00:15:36Z,"[{'id': 5776055937, 'qualifierId': 212, 'value': '8.6'}, {'id': 5776055931, 'qualifierId': 56, 'value': 'Back'}, {'id': 5776055933, 'qualifierId': 140, 'value': '30.5'}, {'id': 5776055939, 'qualifierId': 213, 'value': '5.45'}, {'id': 5776055935, 'qualifierId': 141, 'value': '44.6'}]",6bcvcloym3tzxss5hgsw4h1at,A. Kennedy,,Angel City,Away
2823517817,62,49,1,5,14,6hbfgdczbi3yg4sdpqgtu6s,1,30.5,44.6,2025-06-21T00:15:35.876Z,2025-06-21T00:15:36Z,[],8f2og4ng2s6f8qeikft26h2qc,M. Hodge,,Angel City,Away
2823517821,63,1,1,5,15,6hbfgdczbi3yg4sdpqgtu6s,1,26.7,46.9,2025-06-21T00:15:36.708Z,2025-06-21T00:15:38Z,"[{'id': 5776055967, 'qualifierId': 140, 'value': '19.9'}, {'id': 5776055973, 'qualifierId': 213, 'value': '4.07'}, {'id': 5776055971, 'qualifierId': 212, 'value': '11.8'}, {'id': 5776055969, 'qualifierId': 141, 'value': '33.0'}, {'id': 5776055965, 'qualifierId': 56, 'value': 'Back'}]",8f2og4ng2s6f8qeikft26h2qc,M. Hodge,,Angel City,Away
2823517839,64,1,1,5,17,6hbfgdczbi3yg4sdpqgtu6s,1,19.9,33.0,2025-06-21T00:15:38.323Z,2025-06-21T00:17:09Z,"[{'id': 5776056087, 'qualifierId': 56, 'value': 'Back'}, {'id': 5776056091, 'qualifierId': 141, 'value': '16.2'}, {'id': 5776056095, 'qualifierId': 213, 'value': '5.26'}, {'id': 5776056093, 'qualifierId': 212, 'value': '13.4'}, {'id': 5776056089, 'qualifierId': 140, 'value': '26.5'}]",etdam0sfwiphiwykieovlsyy1,S. Gorden,,Angel City,Away
2823517831,58,45,1,5,21,agxipc0vk4rtg09amjxv10nx0,0,70.6,81.4,2025-06-21T00:15:42.564Z,2025-06-27T16:52:14Z,"[{'id': 5776056045, 'qualifierId': 286}, {'id': 5776056115, 'qualifierId': 233, 'value': '65'}, {'id': 5776056043, 'qualifierId': 56, 'value': 'Left'}]",dv8265k3za578hkzxxuttqmdx,V. DiBernardo,,Kansas City Current,Home
2823517841,65,3,1,5,21,6hbfgdczbi3yg4sdpqgtu6s,1,29.4,18.6,2025-06-21T00:15:42.564Z,2025-06-27T16:52:14Z,"[{'id': 5776056099, 'qualifierId': 56, 'value': 'Back'}, {'id': 5776056101, 'qualifierId': 285}, {'id': 5781729347, 'qualifierId': 465}, {'id': 5776056107, 'qualifierId': 233, 'value': '58'}]",89fa211ocgno2q0to22emh20a,G. Thompson,,Angel City,Away
2823517845,66,1,1,5,23,6hbfgdczbi3yg4sdpqgtu6s,0,30.0,20.9,2025-06-21T00:15:44.787Z,2025-06-21T00:15:47Z,"[{'id': 5776056129, 'qualifierId': 212, 'value': '0.9'}, {'id': 5776056125, 'qualifierId': 140, 'value': '30.8'}, {'id': 5776056123, 'qualifierId': 56, 'value': 'Back'}, {'id': 5776056127, 'qualifierId': 141, 'value': '20.3'}, {'id': 5776056147, 'qualifierId': 233, 'value': '59'}, {'id': 5776056145, 'qualifierId': 236}, {'id': 5776056151, 'qualifierId': 286}, {'id': 5776056131, 'qualifierId': 213, 'value': '5.83'}]",89fa211ocgno2q0to22emh20a,G. Thompson,,Angel City,Away
2823517837,59,74,1,5,23,agxipc0vk4rtg09amjxv10nx0,1,68.2,83.2,2025-06-21T00:15:44.788Z,2025-06-21T00:15:47Z,"[{'id': 5776056081, 'qualifierId': 285}, {'id': 5776056079, 'qualifierId': 56, 'value': 'Left'}, {'id': 5776056155, 'qualifierId': 233, 'value': '66'}]",6hyf258ii56nw917w0b4ekob8,C. Hutton,,Kansas City Current,Home
2823517875,67,1,1,5,30,6hbfgdczbi3yg4sdpqgtu6s,1,30.9,11.6,2025-06-21T00:15:51.459Z,2025-06-21T00:15:56Z,"[{'id': 5776056293, 'qualifierId': 141, 'value': '4.1'}, {'id': 5776056289, 'qualifierId': 56, 'value': 'Back'}, {'id': 5776056295, 'qualifierId': 212, 'value': '15.3'}, {'id': 5776056297, 'qualifierId': 213, 'value': '5.94'}, {'id': 5776056291, 'qualifierId': 140, 'value': '44.6'}]",bngif4yqa0asu77nptsb06n10,R. Tiernan,,Angel City,Away
2823517865,60,83,1,5,33,agxipc0vk4rtg09amjxv10nx0,0,50.2,94.3,2025-06-21T00:15:54.797Z,2025-06-21T00:15:59Z,"[{'id': 5776056385, 'qualifierId': 399, 'value': '9mo419gtk6dy5lhcvatcllkyy'}]",dv8265k3za578hkzxxuttqmdx,V. DiBernardo,,Kansas City Current,Home
2823517877,68,1,1,5,35,6hbfgdczbi3yg4sdpqgtu6s,0,48.1,3.1,2025-06-21T00:15:56.435Z,2025-06-21T00:15:57Z,"[{'id': 5776056321, 'qualifierId': 286}, {'id': 5776056307, 'qualifierId': 212, 'value': '2.9'}, {'id': 5776056309, 'qualifierId': 213, 'value': '3.14'}, {'id': 5776056305, 'qualifierId': 141, 'value': '3.1'}, {'id': 5776056303, 'qualifierId': 140, 'value': '45.3'}, {'id': 5776056301, 'qualifierId': 56, 'value': 'Back'}, {'id': 5776056315, 'qualifierId': 236}, {'id': 5776056317, 'qualifierId': 233, 'value': '61'}]",9mo419gtk6dy5lhcvatcllkyy,J. Dufour,,Angel City,Away
2823517879,61,74,1,5,35,agxipc0vk4rtg09amjxv10nx0,1,55.0,94.4,2025-06-21T00:15:56.436Z,2025-06-21T00:43:11Z,"[{'id': 5776056327, 'qualifierId': 233, 'value': '68'}, {'id': 5776056313, 'qualifierId': 285}, {'id': 5776056311, 'qualifierId': 56, 'value': 'Left'}]",ccw8gtkcahxf21rutqldjvkve,T. Chawinga,,Kansas City Current,Home
2823517881,62,5,1,5,36,agxipc0vk4rtg09amjxv10nx0,0,54.7,101.1,2025-06-21T00:15:57.651Z,2025-06-21T00:30:19Z,"[{'id': 5776056391, 'qualifierId': 233, 'value': '69'}, {'id': 5776056353, 'qualifierId': 56, 'value': 'Left'}, {'id': 5776056355, 'qualifierId': 347}]",ccw8gtkcahxf21rutqldjvkve,T. Chawinga,,Kansas City Current,Home
2823517887,69,5,1,5,36,6hbfgdczbi3yg4sdpqgtu6s,1,45.3,-1.1,2025-06-21T00:15:57.651Z,2025-06-21T00:30:18Z,"[{'id': 5776056383, 'qualifierId': 347}, {'id': 5776056387, 'qualifierId': 233, 'value': '62'}, {'id': 5776056381, 'qualifierId': 56, 'value': 'Back'}]",9mo419gtk6dy5lhcvatcllkyy,J. Dufour,,Angel City,Away
2823517909,70,1,1,5,43,6hbfgdczbi3yg4sdpqgtu6s,1,49.1,0.0,2025-06-21T00:16:04.819Z,2025-06-21T00:16:06Z,"[{'id': 5776056537, 'qualifierId': 212, 'value': '10.3'}, {'id': 5776056533, 'qualifierId': 140, 'value': '49.3'}, {'id': 5776056529, 'qualifierId': 107}, {'id': 5776056539, 'qualifierId': 213, 'value': '1.55'}, {'id': 5776056535, 'qualifierId': 141, 'value': '13.8'}, {'id': 5776056531, 'qualifierId': 56, 'value': 'Back'}]",89fa211ocgno2q0to22emh20a,G. Thompson,,Angel City,Away
2823517913,71,1,1,5,45,6hbfgdczbi3yg4sdpqgtu6s,1,49.3,13.8,2025-06-21T00:16:06.675Z,2025-06-21T00:16:07Z,"[{'id': 5776056563, 'qualifierId': 56, 'value': 'Right'}, {'id': 5776056571, 'qualifierId': 213, 'value': '5.77'}, {'id': 5776056565, 'qualifierId': 140, 'value': '55.3'}, {'id': 5776056569, 'qualifierId': 212, 'value': '7.2'}, {'id': 5776056567, 'qualifierId': 141, 'value': '8.6'}]",3bx0w0ftkij1lqrt727gjd94a,M. Hammond,,Angel City,Away
2823517917,72,1,1,5,46,6hbfgdczbi3yg4sdpqgtu6s,0,55.3,8.6,2025-06-21T00:16:07.555Z,2025-06-21T00:16:08Z,"[{'id': 5776056597, 'qualifierId': 141, 'value': '23.1'}, {'id': 5776056601, 'qualifierId': 213, 'value': '1.05'}, {'id': 5776056595, 'qualifierId': 140, 'value': '60.7'}, {'id': 5776056599, 'qualifierId': 212, 'value': '11.4'}, {'id': 5776056593, 'qualifierId': 56, 'value': 'Center'}]",89fa211ocgno2q0to22emh20a,G. Thompson,,Angel City,Away
2823517923,63,8,1,5,47,agxipc0vk4rtg09amjxv10nx0,1,37.2,76.1,2025-06-21T00:16:08.948Z,2025-06-27T16:48:04Z,"[{'id': 5776056619, 'qualifierId': 56, 'value': 'Back'}, {'id': 5781729535, 'qualifierId': 384}]",6k82rq8synvac950ext5t0jpx,R. Rodríguez,,Kansas City Current,Home
2823517925,64,43,1,5,47,agxipc0vk4rtg09amjxv10nx0,1,0.0,0.0,2025-06-21T00:16:08.962Z,2025-06-21T00:16:13Z,"[{'id': 5776056621, 'qualifierId': 56, 'value': 'Back'}, {'id': 5776056715, 'qualifierId': 144, 'value': '61'}]",6k82rq8synvac950ext5t0jpx,R. Rodríguez,,Kansas City Current,Home
2823517937,65,49,1,5,49,agxipc0vk4rtg09amjxv10nx0,1,37.5,79.5,2025-06-21T00:16:10.548Z,2025-06-21T00:16:10Z,[],6hyf258ii56nw917w0b4ekob8,C. Hutton,,Kansas City Current,Home
2823517955,66,1,1,5,49,agxipc0vk4rtg09amjxv10nx0,1,37.5,79.5,2025-06-21T00:16:10.604Z,2025-06-21T00:16:15Z,"[{'id': 5776056765, 'qualifierId': 212, 'value': '10.5'}, {'id': 5776056763, 'qualifierId': 141, 'value': '72.6'}, {'id': 5776056767, 'qualifierId': 213, 'value': '3.61'}, {'id': 5776056759, 'qualifierId': 56, 'value': 'Back'}, {'id': 5776056761, 'qualifierId': 140, 'value': '28.6'}]",6hyf258ii56nw917w0b4ekob8,C. Hutton,,Kansas City Current,Home
2823517967,67,1,1,5,53,agxipc0vk4rtg09amjxv10nx0,1,27.9,62.3,2025-06-21T00:16:15.061Z,2025-06-21T00:16:18Z,"[{'id': 5776056859, 'qualifierId': 141, 'value': '22.4'}, {'id': 5776056861, 'qualifierId': 212, 'value': '28.9'}, {'id': 5776056855, 'qualifierId': 56, 'value': 'Back'}, {'id': 5776056857, 'qualifierId': 140, 'value': '37.4'}, {'id': 5776056863, 'qualifierId': 213, 'value': '5.06'}]",cl1av4qyzjkq03akjof6tdf1m,K. Sharples,,Kansas City Current,Home
2823517979,68,1,1,5,56,agxipc0vk4rtg09amjxv10nx0,1,42.6,22.9,2025-06-21T00:16:18.092Z,2025-06-21T00:16:19Z,"[{'id': 5776056921, 'qualifierId': 141, 'value': '27.2'}, {'id': 5776056919, 'qualifierId': 140, 'value': '40.4'}, {'id': 5776056925, 'qualifierId': 213, 'value': '2.24'}, {'id': 5776056917, 'qualifierId': 56, 'value': 'Back'}, {'id': 5776056923, 'qualifierId': 212, 'value': '3.7'}]",9wvoeo39cgbelv8ddqin3aaga,H. Mace,,Kansas City Current,Home
2823518009,69,1,1,5,58,agxipc0vk4rtg09amjxv10nx0,1,40.4,28.1,2025-06-21T00:16:19.692Z,2025-06-21T00:16:25Z,"[{'id': 5776057121, 'qualifierId': 140, 'value': '40.2'}, {'id': 5776057125, 'qualifierId': 212, 'value': '12.4'}, {'id': 5776057123, 'qualifierId': 141, 'value': '9.8'}, {'id': 5776057119, 'qualifierId': 56, 'value': 'Back'}, {'id': 5776057127, 'qualifierId': 213, 'value': '4.70'}]",6k82rq8synvac950ext5t0jpx,R. Rodríguez,,Kansas City Current,Home
2823518047,70,1,1,6,3,agxipc0vk4rtg09amjxv10nx0,1,34.5,9.8,2025-06-21T00:16:25.044Z,2025-06-21T00:16:31Z,"[{'id': 5776057327, 'qualifierId': 141, 'value': '11.8'}, {'id': 5776057331, 'qualifierId': 213, 'value': '0.06'}, {'id': 5776057323, 'qualifierId': 56, 'value': 'Right'}, {'id': 5776057329, 'qualifierId': 212, 'value': '22.5'}, {'id': 5776057325, 'qualifierId': 140, 'value': '55.9'}]",9wvoeo39cgbelv8ddqin3aaga,H. Mace,,Kansas City Current,Home
2823518053,71,1,1,6,9,agxipc0vk4rtg09amjxv10nx0,1,45.3,9.3,2025-06-21T00:16:31.220Z,2025-06-21T00:16:31Z,"[{'id': 5776057357, 'qualifierId': 140, 'value': '33.5'}, {'id': 5776057363, 'qualifierId': 213, 'value': '3.10'}, {'id': 5776057359, 'qualifierId': 141, 'value': '10.1'}, {'id': 5776057361, 'qualifierId': 212, 'value': '12.4'}, {'id': 5776057355, 'qualifierId': 56, 'value': 'Back'}]",dv8265k3za578hkzxxuttqmdx,V. DiBernardo,,Kansas City Current,Home
2823518069,72,1,1,6,10,agxipc0vk4rtg09amjxv10nx0,0,31.3,5.6,2025-06-21T00:16:31.795Z,2025-06-27T16:50:19Z,"[{'id': 5776057421, 'qualifierId': 56, 'value': 'Center'}, {'id': 5776057427, 'qualifierId': 212, 'value': '25.7'}, {'id': 5781730401, 'qualifierId': 155}, {'id': 5776057429, 'qualifierId': 213, 'value': '0.61'}, {'id': 5776057425, 'qualifierId': 141, 'value': '27.2'}, {'id': 5776057423, 'qualifierId': 140, 'value': '51.4'}]",9wvoeo39cgbelv8ddqin3aaga,H. Mace,,Kansas City Current,Home
2824532659,859,61,1,6,12,6hbfgdczbi3yg4sdpqgtu6s,1,48.0,73.2,2025-06-21T00:16:33.529Z,2025-06-27T16:50:23Z,"[{'id': 5781730567, 'qualifierId': 56, 'value': 'Back'}]",8f2og4ng2s6f8qeikft26h2qc,M. Hodge,,Angel City,Away
2823518071,73,43,1,6,13,agxipc0vk4rtg09amjxv10nx0,1,0.0,0.0,2025-06-21T00:16:34.772Z,2025-06-27T16:50:11Z,"[{'id': 5776057433, 'qualifierId': 56, 'value': 'Center'}, {'id': 5781730431, 'qualifierId': 144, 'value': '61'}]",47iatvbptp6438v5qo359yw9h,Bia Zaneratto,,Kansas City Current,Home
2823518075,73,49,1,6,14,6hbfgdczbi3yg4sdpqgtu6s,1,40.1,75.0,2025-06-21T00:16:35.635Z,2025-06-21T00:16:35Z,[],6bcvcloym3tzxss5hgsw4h1at,A. Kennedy,,Angel City,Away
2823518113,74,1,1,6,17,6hbfgdczbi3yg4sdpqgtu6s,1,31.9,88.1,2025-06-21T00:16:38.419Z,2025-06-21T00:16:41Z,"[{'id': 5776057655, 'qualifierId': 56, 'value': 'Back'}, {'id': 5776057661, 'qualifierId': 212, 'value': '25.7'}, {'id': 5776057659, 'qualifierId': 141, 'value': '71.8'}, {'id': 5776057663, 'qualifierId': 213, 'value': '3.59'}, {'id': 5776057657, 'qualifierId': 140, 'value': '9.8'}]",6bcvcloym3tzxss5hgsw4h1at,A. Kennedy,,Angel City,Away
2823518123,75,1,1,6,20,6hbfgdczbi3yg4sdpqgtu6s,0,9.8,71.8,2025-06-21T00:16:41.922Z,2025-06-21T00:16:43Z,"[{'id': 5776057701, 'qualifierId': 56, 'value': 'Back'}, {'id': 5776057703, 'qualifierId': 140, 'value': '30.8'}, {'id': 5776057711, 'qualifierId': 1}, {'id': 5776057709, 'qualifierId': 213, 'value': '0.75'}, {'id': 5776057705, 'qualifierId': 141, 'value': '100.0'}, {'id': 5776057699, 'qualifierId': 157}, {'id': 5776057707, 'qualifierId': 212, 'value': '30.1'}]",lg9muzm3sbiijicsik53m3je,A. Anderson,,Angel City,Away
2823518167,74,5,1,6,22,agxipc0vk4rtg09amjxv10nx0,1,68.9,-2.0,2025-06-21T00:16:43.537Z,2025-06-21T00:30:19Z,"[{'id': 5776057977, 'qualifierId': 347}, {'id': 5776057979, 'qualifierId': 233, 'value': '76'}, {'id': 5776057975, 'qualifierId': 56, 'value': 'Right'}]",47iatvbptp6438v5qo359yw9h,Bia Zaneratto,,Kansas City Current,Home
2823518125,76,5,1,6,22,6hbfgdczbi3yg4sdpqgtu6s,0,31.1,102.0,2025-06-21T00:16:43.537Z,2025-06-21T00:30:19Z,"[{'id': 5776057983, 'qualifierId': 233, 'value': '74'}, {'id': 5776057719, 'qualifierId': 347}, {'id': 5776057717, 'qualifierId': 56, 'value': 'Back'}]",lg9muzm3sbiijicsik53m3je,A. Anderson,,Angel City,Away
2823518169,75,1,1,6,35,agxipc0vk4rtg09amjxv10nx0,1,64.8,0.0,2025-06-21T00:16:56.420Z,2025-06-21T00:16:57Z,"[{'id': 5776057991, 'qualifierId': 140, 'value': '66.8'}, {'id': 5776057993, 'qualifierId': 141, 'value': '23.4'}, {'id': 5776057989, 'qualifierId': 56, 'value': 'Center'}, {'id': 5776057995, 'qualifierId': 212, 'value': '17.4'}, {'id': 5776057997, 'qualifierId': 213, 'value': '1.45'}, {'id': 5776057987, 'qualifierId': 107}]",9wvoeo39cgbelv8ddqin3aaga,H. Mace,,Kansas City Current,Home
2823518191,76,1,1,6,36,agxipc0vk4rtg09amjxv10nx0,1,66.8,23.4,2025-06-21T00:16:57.604Z,2025-06-21T00:17:03Z,"[{'id': 5776058119, 'qualifierId': 140, 'value': '79.6'}, {'id': 5776058121, 'qualifierId': 141, 'value': '13.5'}, {'id': 5776058123, 'qualifierId': 212, 'value': '15.0'}, {'id': 5776058125, 'qualifierId': 213, 'value': '5.82'}, {'id': 5776058117, 'qualifierId': 56, 'value': 'Right'}]",dv8265k3za578hkzxxuttqmdx,V. DiBernardo,,Kansas City Current,Home
2823518195,77,1,1,6,40,agxipc0vk4rtg09amjxv10nx0,0,79.6,16.8,2025-06-21T00:17:01.532Z,2025-06-27T16:53:35Z,"[{'id': 5776058169, 'qualifierId': 56, 'value': 'Right'}, {'id': 5776058171, 'qualifierId': 140, 'value': '100.0'}, {'id': 5776058177, 'qualifierId': 213, 'value': '5.85'}, {'id': 5776058175, 'qualifierId': 212, 'value': '24.4'}, {'id': 5776058173, 'qualifierId': 141, 'value': '1.7'}]",47iatvbptp6438v5qo359yw9h,Bia Zaneratto,,Kansas City Current,Home
2823518211,77,5,1,6,42,6hbfgdczbi3yg4sdpqgtu6s,1,-0.8,94.6,2025-06-21T00:17:04.066Z,2025-06-21T00:30:19Z,"[{'id': 5776058267, 'qualifierId': 56, 'value': 'Back'}, {'id': 5776058269, 'qualifierId': 346}, {'id': 5776058295, 'qualifierId': 233, 'value': '78'}]",6bcvcloym3tzxss5hgsw4h1at,A. Kennedy,,Angel City,Away
2823518217,78,5,1,6,42,agxipc0vk4rtg09amjxv10nx0,0,100.8,5.4,2025-06-21T00:17:04.066Z,2025-06-21T00:30:20Z,"[{'id': 5776058291, 'qualifierId': 56, 'value': 'Right'}, {'id': 5776058293, 'qualifierId': 346}, {'id': 5776058299, 'qualifierId': 233, 'value': '77'}]",47iatvbptp6438v5qo359yw9h,Bia Zaneratto,,Kansas City Current,Home
2823518397,78,1,1,7,24,6hbfgdczbi3yg4sdpqgtu6s,0,5.0,63.0,2025-06-21T00:17:45.363Z,2025-06-21T00:17:51Z,"[{'id': 5776059227, 'qualifierId': 140, 'value': '45.7'}, {'id': 5776059235, 'qualifierId': 1}, {'id': 5776059239, 'qualifierId': 74}, {'id': 5776059223, 'qualifierId': 124}, {'id': 5776059233, 'qualifierId': 213, 'value': '6.21'}, {'id': 5776059229, 'qualifierId': 141, 'value': '58.4'}, {'id': 5776059225, 'qualifierId': 56, 'value': 'Back'}, {'id': 5776059231, 'qualifierId': 212, 'value': '42.8'}]",lg9muzm3sbiijicsik53m3je,A. Anderson,,Angel City,Away
2823518385,79,44,1,7,27,agxipc0vk4rtg09amjxv10nx0,1,54.5,41.6,2025-06-21T00:17:49.019Z,2025-06-21T02:23:14Z,"[{'id': 5776059271, 'qualifierId': 233, 'value': '79'}, {'id': 5776059161, 'qualifierId': 286}, {'id': 5776059159, 'qualifierId': 56, 'value': 'Center'}]",cl1av4qyzjkq03akjof6tdf1m,K. Sharples,,Kansas City Current,Home
2823518399,79,44,1,7,27,6hbfgdczbi3yg4sdpqgtu6s,0,45.5,58.4,2025-06-21T00:17:49.020Z,2025-06-21T02:23:14Z,"[{'id': 5776059241, 'qualifierId': 56, 'value': 'Back'}, {'id': 5776059275, 'qualifierId': 233, 'value': '79'}, {'id': 5776059243, 'qualifierId': 285}]",9mo419gtk6dy5lhcvatcllkyy,J. Dufour,,Angel City,Away
2823518391,80,1,1,7,28,agxipc0vk4rtg09amjxv10nx0,1,55.9,42.4,2025-06-21T00:17:49.444Z,2025-06-21T00:18:08Z,"[{'id': 5776059191, 'qualifierId': 140, 'value': '61.1'}, {'id': 5776059195, 'qualifierId': 212, 'value': '14.8'}, {'id': 5776059189, 'qualifierId': 56, 'value': 'Center'}, {'id': 5776059193, 'qualifierId': 141, 'value': '62.7'}, {'id': 5776059187, 'qualifierId': 3}, {'id': 5776059197, 'qualifierId': 213, 'value': '1.19'}]",cl1av4qyzjkq03akjof6tdf1m,K. Sharples,,Kansas City Current,Home
2823518393,81,1,1,7,29,agxipc0vk4rtg09amjxv10nx0,0,61.0,62.5,2025-06-21T00:17:50.387Z,2025-06-27T16:55:20Z,"[{'id': 5776059201, 'qualifierId': 56, 'value': 'Center'}, {'id': 5776059207, 'qualifierId': 212, 'value': '17.4'}, {'id': 5776059205, 'qualifierId': 141, 'value': '41.3'}, {'id': 5776059209, 'qualifierId': 213, 'value': '5.31'}, {'id': 5781732937, 'qualifierId': 155}, {'id': 5776059203, 'qualifierId': 140, 'value': '70.3'}]",ccw8gtkcahxf21rutqldjvkve,T. Chawinga,,Kansas City Current,Home
2823518417,80,12,1,7,31,6hbfgdczbi3yg4sdpqgtu6s,1,25.0,57.2,2025-06-21T00:17:52.771Z,2025-06-21T01:05:32Z,"[{'id': 5776059365, 'qualifierId': 213, 'value': '6.00'}, {'id': 5776059357, 'qualifierId': 56, 'value': 'Back'}, {'id': 5776059363, 'qualifierId': 212, 'value': '6.5'}, {'id': 5776059361, 'qualifierId': 141, 'value': '54.5'}, {'id': 5776059359, 'qualifierId': 140, 'value': '30.9'}, {'id': 5776128423, 'qualifierId': 15}]",6bcvcloym3tzxss5hgsw4h1at,A. Kennedy,,Angel City,Away
2823518421,81,1,1,7,32,6hbfgdczbi3yg4sdpqgtu6s,1,30.9,54.5,2025-06-21T00:17:53.587Z,2025-06-27T16:55:39Z,"[{'id': 5776059379, 'qualifierId': 140, 'value': '30.1'}, {'id': 5776059377, 'qualifierId': 56, 'value': 'Back'}, {'id': 5776059383, 'qualifierId': 212, 'value': '7.7'}, {'id': 5776059385, 'qualifierId': 213, 'value': '1.68'}, {'id': 5776059381, 'qualifierId': 141, 'value': '65.7'}, {'id': 5781733055, 'qualifierId': 3}]",8f2og4ng2s6f8qeikft26h2qc,M. Hodge,,Angel City,Away
2823518427,82,1,1,7,33,6hbfgdczbi3yg4sdpqgtu6s,1,30.1,65.7,2025-06-21T00:17:54.547Z,2025-06-21T01:05:49Z,"[{'id': 5776059421, 'qualifierId': 212, 'value': '16.3'}, {'id': 5776059419, 'qualifierId': 141, 'value': '81.5'}, {'id': 5776059415, 'qualifierId': 56, 'value': 'Back'}, {'id': 5776059413, 'qualifierId': 3}, {'id': 5776059423, 'qualifierId': 213, 'value': '0.72'}, {'id': 5776059417, 'qualifierId': 140, 'value': '41.8'}]",6opd7nuh51c7p6pn6w04yuntg,M. Reid,,Angel City,Away
2823518449,83,1,1,7,37,6hbfgdczbi3yg4sdpqgtu6s,0,37.6,72.3,2025-06-21T00:17:58.707Z,2025-06-27T16:55:53Z,"[{'id': 5776059545, 'qualifierId': 1}, {'id': 5776059543, 'qualifierId': 213, 'value': '5.00'}, {'id': 5776059537, 'qualifierId': 140, 'value': '51.6'}, {'id': 5776059541, 'qualifierId': 212, 'value': '52.0'}, {'id': 5776059533, 'qualifierId': 196}, {'id': 5776059535, 'qualifierId': 56, 'value': 'Right'}, {'id': 5776059539, 'qualifierId': 141, 'value': '0.0'}]",dfeohozpw604y5jbu01u1dkkq,A. Thompson,,Angel City,Away
2823518473,82,5,1,7,40,agxipc0vk4rtg09amjxv10nx0,1,49.2,101.4,2025-06-21T00:18:01.356Z,2025-06-21T00:30:20Z,"[{'id': 5776059659, 'qualifierId': 233, 'value': '84'}, {'id': 5776059655, 'qualifierId': 56, 'value': 'Back'}, {'id': 5776059657, 'qualifierId': 347}]",6k82rq8synvac950ext5t0jpx,R. Rodríguez,,Kansas City Current,Home
2823518451,84,5,1,7,40,6hbfgdczbi3yg4sdpqgtu6s,0,50.8,-1.4,2025-06-21T00:18:01.356Z,2025-06-21T00:30:20Z,"[{'id': 5776059675, 'qualifierId': 233, 'value': '82'}, {'id': 5776059549, 'qualifierId': 347}, {'id': 5776059547, 'qualifierId': 56, 'value': 'Right'}]",dfeohozpw604y5jbu01u1dkkq,A. Thompson,,Angel City,Away
2823518507,83,1,1,7,48,agxipc0vk4rtg09amjxv10nx0,1,47.0,100.0,2025-06-21T00:18:09.884Z,2025-06-27T16:56:29Z,"[{'id': 5776059801, 'qualifierId': 56, 'value': 'Back'}, {'id': 5776059799, 'qualifierId': 107}, {'id': 5776059807, 'qualifierId': 212, 'value': '19.8'}, {'id': 5776059805, 'qualifierId': 141, 'value': '87.9'}, {'id': 5776059809, 'qualifierId': 213, 'value': '3.62'}, {'id': 5776059803, 'qualifierId': 140, 'value': '30.3'}]",736jvvtkgwc3g1vooviaod33d,I. Rodriguez,,Kansas City Current,Home
2823518519,84,1,1,7,49,agxipc0vk4rtg09amjxv10nx0,1,36.2,87.9,2025-06-21T00:18:10.627Z,2025-06-21T00:18:13Z,"[{'id': 5776059879, 'qualifierId': 140, 'value': '30.9'}, {'id': 5776059881, 'qualifierId': 141, 'value': '54.8'}, {'id': 5776059885, 'qualifierId': 213, 'value': '4.47'}, {'id': 5776059883, 'qualifierId': 212, 'value': '23.2'}, {'id': 5776059877, 'qualifierId': 56, 'value': 'Back'}]",cl1av4qyzjkq03akjof6tdf1m,K. Sharples,,Kansas City Current,Home
2823518535,85,1,1,7,53,agxipc0vk4rtg09amjxv10nx0,1,27.5,54.8,2025-06-21T00:18:14.515Z,2025-06-21T00:18:15Z,"[{'id': 5776059951, 'qualifierId': 212, 'value': '18.4'}, {'id': 5776059945, 'qualifierId': 56, 'value': 'Back'}, {'id': 5776059949, 'qualifierId': 141, 'value': '28.4'}, {'id': 5776059953, 'qualifierId': 213, 'value': '4.93'}, {'id': 5776059947, 'qualifierId': 140, 'value': '31.2'}]",48l2ildbeme2l336nor2hw6lm,E. Ball,,Kansas City Current,Home
2823518551,86,1,1,7,54,agxipc0vk4rtg09amjxv10nx0,1,31.2,28.4,2025-06-21T00:18:15.724Z,2025-06-21T00:18:18Z,"[{'id': 5776060041, 'qualifierId': 212, 'value': '17.9'}, {'id': 5776060039, 'qualifierId': 141, 'value': '53.1'}, {'id': 5776060035, 'qualifierId': 56, 'value': 'Back'}, {'id': 5776060037, 'qualifierId': 140, 'value': '25.4'}, {'id': 5776060043, 'qualifierId': 213, 'value': '1.92'}]",9wvoeo39cgbelv8ddqin3aaga,H. Mace,,Kansas City Current,Home
2823518561,87,1,1,7,57,agxipc0vk4rtg09amjxv10nx0,1,25.9,52.9,2025-06-21T00:18:18.755Z,2025-06-21T00:18:21Z,"[{'id': 5776060087, 'qualifierId': 213, 'value': '1.36'}, {'id': 5776060079, 'qualifierId': 56, 'value': 'Back'}, {'id': 5776060083, 'qualifierId': 141, 'value': '77.1'}, {'id': 5776060085, 'qualifierId': 212, 'value': '16.8'}, {'id': 5776060081, 'qualifierId': 140, 'value': '29.3'}]",48l2ildbeme2l336nor2hw6lm,E. Ball,,Kansas City Current,Home
2823518569,88,1,1,7,59,agxipc0vk4rtg09amjxv10nx0,1,29.3,77.1,2025-06-21T00:18:21.171Z,2025-06-21T00:18:22Z,"[{'id': 5776060121, 'qualifierId': 140, 'value': '35.3'}, {'id': 5776060123, 'qualifierId': 141, 'value': '67.1'}, {'id': 5776060125, 'qualifierId': 212, 'value': '9.3'}, {'id': 5776060119, 'qualifierId': 56, 'value': 'Back'}, {'id': 5776060127, 'qualifierId': 213, 'value': '5.46'}]",cl1av4qyzjkq03akjof6tdf1m,K. Sharples,,Kansas City Current,Home
2823518573,89,1,1,8,1,agxipc0vk4rtg09amjxv10nx0,1,35.3,67.1,2025-06-21T00:18:22.747Z,2025-06-21T00:18:24Z,"[{'id': 5776060161, 'qualifierId': 141, 'value': '85.4'}, {'id': 5776060159, 'qualifierId': 140, 'value': '24.9'}, {'id': 5776060165, 'qualifierId': 213, 'value': '2.29'}, {'id': 5776060157, 'qualifierId': 56, 'value': 'Back'}, {'id': 5776060163, 'qualifierId': 212, 'value': '16.6'}]",6hyf258ii56nw917w0b4ekob8,C. Hutton,,Kansas City Current,Home
2823518581,90,1,1,8,3,agxipc0vk4rtg09amjxv10nx0,0,24.6,86.1,2025-06-21T00:18:24.732Z,2025-06-21T00:18:31Z,"[{'id': 5776060177, 'qualifierId': 141, 'value': '100.0'}, {'id': 5776060173, 'qualifierId': 56, 'value': 'Back'}, {'id': 5776060181, 'qualifierId': 213, 'value': '0.73'}, {'id': 5776060175, 'qualifierId': 140, 'value': '35.9'}, {'id': 5776060179, 'qualifierId': 212, 'value': '16.0'}]",cl1av4qyzjkq03akjof6tdf1m,K. Sharples,,Kansas City Current,Home
2823518599,85,5,1,8,5,6hbfgdczbi3yg4sdpqgtu6s,1,58.9,-1.6,2025-06-21T00:18:26.347Z,2025-06-21T00:30:20Z,"[{'id': 5776060255, 'qualifierId': 56, 'value': 'Right'}, {'id': 5776060257, 'qualifierId': 347}, {'id': 5776061311, 'qualifierId': 233, 'value': '91'}]",dfeohozpw604y5jbu01u1dkkq,A. Thompson,,Angel City,Away
2823518585,91,5,1,8,5,agxipc0vk4rtg09amjxv10nx0,0,41.1,101.6,2025-06-21T00:18:26.347Z,2025-06-21T00:30:21Z,"[{'id': 5776060199, 'qualifierId': 347}, {'id': 5776061319, 'qualifierId': 233, 'value': '85'}, {'id': 5776060197, 'qualifierId': 56, 'value': 'Back'}]",cl1av4qyzjkq03akjof6tdf1m,K. Sharples,,Kansas City Current,Home
2823518607,86,1,1,8,12,6hbfgdczbi3yg4sdpqgtu6s,1,51.6,0.0,2025-06-21T00:18:34.067Z,2025-06-21T00:18:38Z,"[{'id': 5776060311, 'qualifierId': 141, 'value': '10.9'}, {'id': 5776060305, 'qualifierId': 107}, {'id': 5776060309, 'qualifierId': 140, 'value': '35.7'}, {'id': 5776060315, 'qualifierId': 213, 'value': '2.69'}, {'id': 5776060313, 'qualifierId': 212, 'value': '18.6'}, {'id': 5776060307, 'qualifierId': 56, 'value': 'Back'}]",89fa211ocgno2q0to22emh20a,G. Thompson,,Angel City,Away
2823518619,87,1,1,8,16,6hbfgdczbi3yg4sdpqgtu6s,1,46.3,11.3,2025-06-21T00:18:38.050Z,2025-06-27T17:03:07Z,"[{'id': 5776060397, 'qualifierId': 213, 'value': '1.71'}, {'id': 5776060393, 'qualifierId': 141, 'value': '63.4'}, {'id': 5776060389, 'qualifierId': 56, 'value': 'Back'}, {'id': 5776060395, 'qualifierId': 212, 'value': '35.8'}, {'id': 5776060399, 'qualifierId': 1}, {'id': 5776060391, 'qualifierId': 140, 'value': '41.5'}]",etdam0sfwiphiwykieovlsyy1,S. Gorden,,Angel City,Away
2823518629,88,1,1,8,20,6hbfgdczbi3yg4sdpqgtu6s,1,46.7,58.4,2025-06-21T00:18:41.730Z,2025-06-21T00:18:44Z,"[{'id': 5776060459, 'qualifierId': 213, 'value': '3.85'}, {'id': 5776060455, 'qualifierId': 141, 'value': '45.8'}, {'id': 5776060453, 'qualifierId': 140, 'value': '37.2'}, {'id': 5776060457, 'qualifierId': 212, 'value': '13.1'}, {'id': 5776060451, 'qualifierId': 56, 'value': 'Back'}]",6opd7nuh51c7p6pn6w04yuntg,M. Reid,,Angel City,Away
2823518641,89,1,1,8,23,6hbfgdczbi3yg4sdpqgtu6s,1,38.5,49.4,2025-06-21T00:18:44.547Z,2025-06-21T00:18:46Z,"[{'id': 5776060521, 'qualifierId': 140, 'value': '43.7'}, {'id': 5776060523, 'qualifierId': 141, 'value': '73.5'}, {'id': 5776060525, 'qualifierId': 212, 'value': '17.3'}, {'id': 5776060527, 'qualifierId': 213, 'value': '1.25'}, {'id': 5776060519, 'qualifierId': 56, 'value': 'Back'}]",6bcvcloym3tzxss5hgsw4h1at,A. Kennedy,,Angel City,Away
2823518663,90,1,1,8,25,6hbfgdczbi3yg4sdpqgtu6s,1,43.6,73.6,2025-06-21T00:18:46.931Z,2025-06-21T00:18:51Z,"[{'id': 5776060613, 'qualifierId': 213, 'value': '0.95'}, {'id': 5776060607, 'qualifierId': 140, 'value': '54.4'}, {'id': 5776060611, 'qualifierId': 212, 'value': '19.6'}, {'id': 5776060605, 'qualifierId': 56, 'value': 'Left'}, {'id': 5776060609, 'qualifierId': 141, 'value': '97.1'}]",6opd7nuh51c7p6pn6w04yuntg,M. Reid,,Angel City,Away
2823518673,91,1,1,8,30,6hbfgdczbi3yg4sdpqgtu6s,1,53.4,94.5,2025-06-21T00:18:51.330Z,2025-06-21T00:18:53Z,"[{'id': 5776060643, 'qualifierId': 212, 'value': '21.4'}, {'id': 5776060645, 'qualifierId': 213, 'value': '3.68'}, {'id': 5776060639, 'qualifierId': 140, 'value': '35.9'}, {'id': 5776060641, 'qualifierId': 141, 'value': '78.5'}, {'id': 5776060637, 'qualifierId': 56, 'value': 'Back'}]",1enu619pvakj78wtsfuilbj3e,M. A. Vignola,,Angel City,Away
2823518683,92,1,1,8,32,6hbfgdczbi3yg4sdpqgtu6s,1,35.9,78.5,2025-06-21T00:18:53.602Z,2025-06-21T00:18:57Z,"[{'id': 5776060725, 'qualifierId': 140, 'value': '34.4'}, {'id': 5776060729, 'qualifierId': 212, 'value': '14.5'}, {'id': 5776060723, 'qualifierId': 56, 'value': 'Back'}, {'id': 5776060727, 'qualifierId': 141, 'value': '57.3'}, {'id': 5776060731, 'qualifierId': 213, 'value': '4.60'}]",6opd7nuh51c7p6pn6w04yuntg,M. Reid,,Angel City,Away
2823518691,93,1,1,8,36,6hbfgdczbi3yg4sdpqgtu6s,0,34.5,57.0,2025-06-21T00:18:57.362Z,2025-06-21T00:18:59Z,"[{'id': 5776060767, 'qualifierId': 213, 'value': '0.72'}, {'id': 5776060769, 'qualifierId': 1}, {'id': 5776060765, 'qualifierId': 212, 'value': '46.0'}, {'id': 5776060763, 'qualifierId': 141, 'value': '100.0'}, {'id': 5776060761, 'qualifierId': 140, 'value': '67.5'}, {'id': 5776060759, 'qualifierId': 56, 'value': 'Left'}, {'id': 5776060757, 'qualifierId': 155}]",6bcvcloym3tzxss5hgsw4h1at,A. Kennedy,,Angel City,Away
2823518725,92,5,1,8,38,agxipc0vk4rtg09amjxv10nx0,1,35.1,-1.6,2025-06-21T00:18:59.561Z,2025-06-21T00:30:21Z,"[{'id': 5776060929, 'qualifierId': 233, 'value': '94'}, {'id': 5776060925, 'qualifierId': 56, 'value': 'Back'}, {'id': 5776060927, 'qualifierId': 347}]",9wvoeo39cgbelv8ddqin3aaga,H. Mace,,Kansas City Current,Home
2823518693,94,5,1,8,38,6hbfgdczbi3yg4sdpqgtu6s,0,64.9,101.6,2025-06-21T00:18:59.561Z,2025-06-21T00:30:21Z,"[{'id': 5776060771, 'qualifierId': 56, 'value': 'Left'}, {'id': 5776060773, 'qualifierId': 347}, {'id': 5776060933, 'qualifierId': 233, 'value': '92'}]",6bcvcloym3tzxss5hgsw4h1at,A. Kennedy,,Angel City,Away
2823518729,93,1,1,8,53,agxipc0vk4rtg09amjxv10nx0,1,34.2,0.0,2025-06-21T00:19:14.563Z,2025-06-21T00:19:17Z,"[{'id': 5776060949, 'qualifierId': 107}, {'id': 5776060951, 'qualifierId': 56, 'value': 'Back'}, {'id': 5776060959, 'qualifierId': 213, 'value': '0.65'}, {'id': 5776060955, 'qualifierId': 141, 'value': '9.1'}, {'id': 5776060953, 'qualifierId': 140, 'value': '43.7'}, {'id': 5776060957, 'qualifierId': 212, 'value': '12.5'}]",9wvoeo39cgbelv8ddqin3aaga,H. Mace,,Kansas City Current,Home
2823518733,94,1,1,8,55,agxipc0vk4rtg09amjxv10nx0,0,43.7,9.1,2025-06-21T00:19:16.956Z,2025-06-21T00:19:17Z,"[{'id': 5776060981, 'qualifierId': 168}, {'id': 5776060991, 'qualifierId': 213, 'value': '0.48'}, {'id': 5776060979, 'qualifierId': 3}, {'id': 5776060987, 'qualifierId': 141, 'value': '21.0'}, {'id': 5776060985, 'qualifierId': 140, 'value': '58.5'}, {'id': 5776060989, 'qualifierId': 212, 'value': '17.5'}, {'id': 5776060983, 'qualifierId': 56, 'value': 'Right'}]",6hyf258ii56nw917w0b4ekob8,C. Hutton,,Kansas City Current,Home
2823518743,96,49,1,8,58,6hbfgdczbi3yg4sdpqgtu6s,1,41.7,80.6,2025-06-21T00:19:19.682Z,2025-06-21T00:19:19Z,[],6bcvcloym3tzxss5hgsw4h1at,A. Kennedy,,Angel City,Away
2823518767,97,1,1,8,59,6hbfgdczbi3yg4sdpqgtu6s,1,43.2,77.6,2025-06-21T00:19:21.074Z,2025-06-21T00:19:24Z,"[{'id': 5776061181, 'qualifierId': 56, 'value': 'Back'}, {'id': 5776061187, 'qualifierId': 212, 'value': '6.0'}, {'id': 5776061183, 'qualifierId': 140, 'value': '47.3'}, {'id': 5776061189, 'qualifierId': 213, 'value': '0.77'}, {'id': 5776061185, 'qualifierId': 141, 'value': '83.8'}]",6bcvcloym3tzxss5hgsw4h1at,A. Kennedy,,Angel City,Away
2823518781,98,1,1,9,3,6hbfgdczbi3yg4sdpqgtu6s,1,54.9,79.7,2025-06-21T00:19:24.610Z,2025-06-21T00:19:28Z,"[{'id': 5776061237, 'qualifierId': 140, 'value': '66.5'}, {'id': 5776061239, 'qualifierId': 141, 'value': '72.0'}, {'id': 5776061235, 'qualifierId': 56, 'value': 'Center'}, {'id': 5776061241, 'qualifierId': 212, 'value': '13.3'}, {'id': 5776061243, 'qualifierId': 213, 'value': '5.88'}]",3bx0w0ftkij1lqrt727gjd94a,M. Hammond,,Angel City,Away
2823518779,95,45,1,9,6,agxipc0vk4rtg09amjxv10nx0,0,42.4,40.3,2025-06-21T00:19:28.091Z,2025-06-21T01:13:06Z,"[{'id': 5776061229, 'qualifierId': 56, 'value': 'Back'}, {'id': 5776061279, 'qualifierId': 233, 'value': '99'}, {'id': 5776061231, 'qualifierId': 285}]",47iatvbptp6438v5qo359yw9h,Bia Zaneratto,,Kansas City Current,Home
2823518783,99,3,1,9,6,6hbfgdczbi3yg4sdpqgtu6s,1,57.6,59.7,2025-06-21T00:19:28.091Z,2025-06-27T17:04:25Z,"[{'id': 5776061251, 'qualifierId': 56, 'value': 'Center'}, {'id': 5781737385, 'qualifierId': 464}, {'id': 5776061259, 'qualifierId': 233, 'value': '95'}, {'id': 5776061253, 'qualifierId': 286}]",bngif4yqa0asu77nptsb06n10,R. Tiernan,,Angel City,Away
2823518791,100,1,1,9,7,6hbfgdczbi3yg4sdpqgtu6s,1,52.3,60.8,2025-06-21T00:19:29.122Z,2025-06-21T00:19:30Z,"[{'id': 5776061293, 'qualifierId': 56, 'value': 'Back'}, {'id': 5776061299, 'qualifierId': 212, 'value': '14.5'}, {'id': 5776061295, 'qualifierId': 140, 'value': '43.5'}, {'id': 5776061297, 'qualifierId': 141, 'value': '44.3'}, {'id': 5776061301, 'qualifierId': 213, 'value': '4.02'}]",bngif4yqa0asu77nptsb06n10,R. Tiernan,,Angel City,Away
2823518797,101,1,1,9,9,6hbfgdczbi3yg4sdpqgtu6s,1,43.4,44.0,2025-06-21T00:19:30.657Z,2025-06-21T00:19:34Z,"[{'id': 5776061337, 'qualifierId': 56, 'value': 'Back'}, {'id': 5776061339, 'qualifierId': 140, 'value': '41.7'}, {'id': 5776061341, 'qualifierId': 141, 'value': '65.7'}, {'id': 5776061343, 'qualifierId': 212, 'value': '14.9'}, {'id': 5776061345, 'qualifierId': 213, 'value': '1.69'}]",etdam0sfwiphiwykieovlsyy1,S. Gorden,,Angel City,Away
2823518803,102,1,1,9,13,6hbfgdczbi3yg4sdpqgtu6s,1,43.3,68.5,2025-06-21T00:19:34.802Z,2025-06-21T00:19:36Z,"[{'id': 5776061389, 'qualifierId': 213, 'value': '1.46'}, {'id': 5776061385, 'qualifierId': 141, 'value': '80.8'}, {'id': 5776061383, 'qualifierId': 140, 'value': '44.2'}, {'id': 5776061387, 'qualifierId': 212, 'value': '8.4'}, {'id': 5776061381, 'qualifierId': 56, 'value': 'Back'}]",6bcvcloym3tzxss5hgsw4h1at,A. Kennedy,,Angel City,Away
2823518835,103,1,1,9,15,6hbfgdczbi3yg4sdpqgtu6s,1,44.2,80.9,2025-06-21T00:19:36.706Z,2025-06-21T00:19:44Z,"[{'id': 5776061585, 'qualifierId': 213, 'value': '4.24'}, {'id': 5776061583, 'qualifierId': 212, 'value': '10.2'}, {'id': 5776061577, 'qualifierId': 56, 'value': 'Back'}, {'id': 5776061581, 'qualifierId': 141, 'value': '67.5'}, {'id': 5776061579, 'qualifierId': 140, 'value': '39.8'}]",6opd7nuh51c7p6pn6w04yuntg,M. Reid,,Angel City,Away
2823518849,104,1,1,9,22,6hbfgdczbi3yg4sdpqgtu6s,1,39.6,66.6,2025-06-21T00:19:44.179Z,2025-06-21T00:19:47Z,"[{'id': 5776061679, 'qualifierId': 56, 'value': 'Back'}, {'id': 5776061687, 'qualifierId': 213, 'value': '1.39'}, {'id': 5776061685, 'qualifierId': 212, 'value': '9.9'}, {'id': 5776061683, 'qualifierId': 141, 'value': '80.9'}, {'id': 5776061681, 'qualifierId': 140, 'value': '41.3'}]",6bcvcloym3tzxss5hgsw4h1at,A. Kennedy,,Angel City,Away
2823518863,105,1,1,9,25,6hbfgdczbi3yg4sdpqgtu6s,1,38.4,81.1,2025-06-21T00:19:47.201Z,2025-06-21T00:19:51Z,"[{'id': 5776061749, 'qualifierId': 212, 'value': '30.4'}, {'id': 5776061751, 'qualifierId': 213, 'value': '3.73'}, {'id': 5776061745, 'qualifierId': 140, 'value': '14.3'}, {'id': 5776061743, 'qualifierId': 56, 'value': 'Back'}, {'id': 5776061747, 'qualifierId': 141, 'value': '56.3'}]",6opd7nuh51c7p6pn6w04yuntg,M. Reid,,Angel City,Away
2823518857,96,83,1,9,28,agxipc0vk4rtg09amjxv10nx0,0,63.9,27.7,2025-06-21T00:19:49.779Z,2025-06-21T00:19:56Z,"[{'id': 5776061855, 'qualifierId': 399, 'value': 'lg9muzm3sbiijicsik53m3je'}]",e1irspfo9xupqz2sqvyq1zp0q,M. Cooper,,Kansas City Current,Home
2823518877,106,1,1,9,29,6hbfgdczbi3yg4sdpqgtu6s,1,14.6,55.2,2025-06-21T00:19:51.154Z,2025-06-21T00:19:56Z,"[{'id': 5776061847, 'qualifierId': 141, 'value': '65.4'}, {'id': 5776061851, 'qualifierId': 213, 'value': '0.69'}, {'id': 5776061845, 'qualifierId': 140, 'value': '22.6'}, {'id': 5776061849, 'qualifierId': 212, 'value': '10.9'}, {'id': 5776061843, 'qualifierId': 56, 'value': 'Back'}]",lg9muzm3sbiijicsik53m3je,A. Anderson,,Angel City,Away
2823518891,107,1,1,9,37,6hbfgdczbi3yg4sdpqgtu6s,1,31.3,56.4,2025-06-21T00:19:58.930Z,2025-06-27T17:05:29Z,"[{'id': 5776061931, 'qualifierId': 212, 'value': '34.4'}, {'id': 5776061927, 'qualifierId': 140, 'value': '44.4'}, {'id': 5776061933, 'qualifierId': 213, 'value': '5.12'}, {'id': 5776061925, 'qualifierId': 56, 'value': 'Back'}, {'id': 5776061929, 'qualifierId': 141, 'value': '10.1'}, {'id': 5776061935, 'qualifierId': 1}]",6bcvcloym3tzxss5hgsw4h1at,A. Kennedy,,Angel City,Away
2823518897,108,1,1,9,39,6hbfgdczbi3yg4sdpqgtu6s,0,42.9,13.1,2025-06-21T00:20:00.962Z,2025-06-21T00:20:02Z,"[{'id': 5776061969, 'qualifierId': 56, 'value': 'Right'}, {'id': 5776061971, 'qualifierId': 140, 'value': '67.3'}, {'id': 5776061977, 'qualifierId': 213, 'value': '0.10'}, {'id': 5776061975, 'qualifierId': 212, 'value': '25.7'}, {'id': 5776061973, 'qualifierId': 141, 'value': '16.7'}, {'id': 5776061967, 'qualifierId': 155}]",9mo419gtk6dy5lhcvatcllkyy,J. Dufour,,Angel City,Away
2823518907,97,12,1,9,41,agxipc0vk4rtg09amjxv10nx0,1,29.2,84.9,2025-06-21T00:20:03.211Z,2025-06-21T00:20:25Z,"[{'id': 5776062475, 'qualifierId': 397}, {'id': 5776062037, 'qualifierId': 212, 'value': '5.9'}, {'id': 5776062477, 'qualifierId': 233, 'value': '109'}, {'id': 5776062039, 'qualifierId': 213, 'value': '1.01'}, {'id': 5776062035, 'qualifierId': 141, 'value': '92.3'}, {'id': 5776062033, 'qualifierId': 140, 'value': '32.2'}, {'id': 5776062031, 'qualifierId': 56, 'value': 'Back'}]",cl1av4qyzjkq03akjof6tdf1m,K. Sharples,,Kansas City Current,Home
2823518899,109,74,1,9,41,6hbfgdczbi3yg4sdpqgtu6s,1,67.3,15.5,2025-06-21T00:20:03.212Z,2025-06-21T00:20:25Z,"[{'id': 5776061981, 'qualifierId': 56, 'value': 'Right'}, {'id': 5776061983, 'qualifierId': 285}, {'id': 5776062481, 'qualifierId': 233, 'value': '97'}, {'id': 5776062473, 'qualifierId': 397}]",89fa211ocgno2q0to22emh20a,G. Thompson,,Angel City,Away
2823518909,98,61,1,9,44,agxipc0vk4rtg09amjxv10nx0,1,32.2,92.4,2025-06-21T00:20:06.198Z,2025-06-21T00:20:06Z,"[{'id': 5776062041, 'qualifierId': 56, 'value': 'Back'}]",cl1av4qyzjkq03akjof6tdf1m,K. Sharples,,Kansas City Current,Home
2823518913,110,1,1,9,47,6hbfgdczbi3yg4sdpqgtu6s,0,97.6,26.8,2025-06-21T00:20:08.338Z,2025-06-27T17:05:55Z,"[{'id': 5781738283, 'qualifierId': 224}, {'id': 5776062065, 'qualifierId': 141, 'value': '45.8'}, {'id': 5776062069, 'qualifierId': 213, 'value': '1.57'}, {'id': 5781738285, 'qualifierId': 20}, {'id': 5776062063, 'qualifierId': 140, 'value': '97.6'}, {'id': 5776062067, 'qualifierId': 212, 'value': '12.9'}, {'id': 5776062089, 'qualifierId': 233, 'value': '99'}, {'id': 5776062057, 'qualifierId': 2}, {'id': 5776062061, 'qualifierId': 56, 'value': 'Center'}, {'id': 5776062059, 'qualifierId': 155}]",89fa211ocgno2q0to22emh20a,G. Thompson,,Angel City,Away
2823518917,99,11,1,9,49,agxipc0vk4rtg09amjxv10nx0,1,3.1,53.2,2025-06-21T00:20:10.595Z,2025-06-27T17:06:02Z,"[{'id': 5776062107, 'qualifierId': 233, 'value': '110'}, {'id': 5776062085, 'qualifierId': 56, 'value': 'Back'}, {'id': 5781738401, 'qualifierId': 378}, {'id': 5776062087, 'qualifierId': 88}]",das6ydxiwz8trtyp98ss5i295,Lorena,,Kansas City Current,Home
2823518951,100,1,1,9,53,agxipc0vk4rtg09amjxv10nx0,0,12.4,51.4,2025-06-21T00:20:14.979Z,2025-06-21T00:20:21Z,"[{'id': 5776062281, 'qualifierId': 56, 'value': 'Right'}, {'id': 5776062291, 'qualifierId': 1}, {'id': 5776062279, 'qualifierId': 199}, {'id': 5776062287, 'qualifierId': 212, 'value': '67.5'}, {'id': 5776062289, 'qualifierId': 213, 'value': '5.90'}, {'id': 5776062285, 'qualifierId': 141, 'value': '14.6'}, {'id': 5776062283, 'qualifierId': 140, 'value': '72.1'}]",das6ydxiwz8trtyp98ss5i295,Lorena,,Kansas City Current,Home
2823518953,111,44,1,9,58,6hbfgdczbi3yg4sdpqgtu6s,1,25.0,84.4,2025-06-21T00:20:19.354Z,2025-06-27T17:07:04Z,"[{'id': 5776062295, 'qualifierId': 56, 'value': 'Back'}, {'id': 5776062297, 'qualifierId': 285}, {'id': 5776062333, 'qualifierId': 233, 'value': '101'}]",6opd7nuh51c7p6pn6w04yuntg,M. Reid,,Angel City,Away
2823518955,101,44,1,9,58,agxipc0vk4rtg09amjxv10nx0,0,75.0,15.6,2025-06-21T00:20:19.355Z,2025-06-27T17:07:06Z,"[{'id': 5776062305, 'qualifierId': 286}, {'id': 5776062303, 'qualifierId': 56, 'value': 'Right'}, {'id': 5776062349, 'qualifierId': 233, 'value': '111'}]",e1irspfo9xupqz2sqvyq1zp0q,M. Cooper,,Kansas City Current,Home
2823518971,112,12,1,9,58,6hbfgdczbi3yg4sdpqgtu6s,1,19.8,82.4,2025-06-21T00:20:19.674Z,2025-06-27T17:07:08Z,"[{'id': 5776062413, 'qualifierId': 212, 'value': '13.7'}, {'id': 5776062407, 'qualifierId': 56, 'value': 'Back'}, {'id': 5776062415, 'qualifierId': 213, 'value': '1.82'}, {'id': 5776062431, 'qualifierId': 167}, {'id': 5776062417, 'qualifierId': 15}, {'id': 5776062409, 'qualifierId': 140, 'value': '16.6'}, {'id': 5776062411, 'qualifierId': 141, 'value': '100.0'}]",6opd7nuh51c7p6pn6w04yuntg,M. Reid,,Angel City,Away
2823519045,102,5,1,10,0,agxipc0vk4rtg09amjxv10nx0,1,81.9,-2.0,2025-06-21T00:20:21.995Z,2025-06-21T00:30:21Z,"[{'id': 5776062879, 'qualifierId': 233, 'value': '113'}, {'id': 5776062873, 'qualifierId': 347}, {'id': 5776062871, 'qualifierId': 56, 'value': 'Right'}]",e1irspfo9xupqz2sqvyq1zp0q,M. Cooper,,Kansas City Current,Home
2823518973,113,5,1,10,0,6hbfgdczbi3yg4sdpqgtu6s,0,18.1,102.0,2025-06-21T00:20:21.995Z,2025-06-21T00:30:22Z,"[{'id': 5776062423, 'qualifierId': 56, 'value': 'Back'}, {'id': 5776062425, 'qualifierId': 347}, {'id': 5776062883, 'qualifierId': 233, 'value': '102'}]",6opd7nuh51c7p6pn6w04yuntg,M. Reid,,Angel City,Away
2823519053,103,1,1,10,21,agxipc0vk4rtg09amjxv10nx0,1,80.1,0.0,2025-06-21T00:20:42.370Z,2025-06-21T00:20:45Z,"[{'id': 5776062915, 'qualifierId': 56, 'value': 'Right'}, {'id': 5776062919, 'qualifierId': 141, 'value': '17.5'}, {'id': 5776062921, 'qualifierId': 212, 'value': '18.0'}, {'id': 5776062913, 'qualifierId': 107}, {'id': 5776062923, 'qualifierId': 213, 'value': '0.83'}, {'id': 5776062917, 'qualifierId': 140, 'value': '91.7'}]",9wvoeo39cgbelv8ddqin3aaga,H. Mace,,Kansas City Current,Home
2823519057,104,61,1,10,24,agxipc0vk4rtg09amjxv10nx0,0,90.9,12.6,2025-06-21T00:20:45.881Z,2025-06-21T00:20:46Z,"[{'id': 5776062939, 'qualifierId': 56, 'value': 'Right'}]",47iatvbptp6438v5qo359yw9h,Bia Zaneratto,,Kansas City Current,Home
2823519061,114,12,1,10,25,6hbfgdczbi3yg4sdpqgtu6s,1,12.3,86.9,2025-06-21T00:20:46.531Z,2025-06-21T00:20:48Z,"[{'id': 5776062973, 'qualifierId': 167}, {'id': 5776062967, 'qualifierId': 213, 'value': '0.41'}, {'id': 5776062959, 'qualifierId': 56, 'value': 'Back'}, {'id': 5776062961, 'qualifierId': 140, 'value': '33.4'}, {'id': 5776062963, 'qualifierId': 141, 'value': '100.0'}, {'id': 5776062965, 'qualifierId': 212, 'value': '24.2'}]",6opd7nuh51c7p6pn6w04yuntg,M. Reid,,Angel City,Away
2823519091,105,5,1,10,26,agxipc0vk4rtg09amjxv10nx0,1,66.6,-1.5,2025-06-21T00:20:47.866Z,2025-06-21T00:30:22Z,"[{'id': 5776063119, 'qualifierId': 347}, {'id': 5776063117, 'qualifierId': 56, 'value': 'Right'}, {'id': 5776063125, 'qualifierId': 233, 'value': '115'}]",47iatvbptp6438v5qo359yw9h,Bia Zaneratto,,Kansas City Current,Home
2823519063,115,5,1,10,26,6hbfgdczbi3yg4sdpqgtu6s,0,33.4,101.5,2025-06-21T00:20:47.866Z,2025-06-21T00:30:22Z,"[{'id': 5776063129, 'qualifierId': 233, 'value': '105'}, {'id': 5776062969, 'qualifierId': 56, 'value': 'Back'}, {'id': 5776062971, 'qualifierId': 347}]",6opd7nuh51c7p6pn6w04yuntg,M. Reid,,Angel City,Away
2823519111,106,1,1,10,31,agxipc0vk4rtg09amjxv10nx0,1,66.2,0.0,2025-06-21T00:20:53.050Z,2025-06-21T00:20:58Z,"[{'id': 5776063219, 'qualifierId': 56, 'value': 'Back'}, {'id': 5776063227, 'qualifierId': 213, 'value': '2.74'}, {'id': 5776063217, 'qualifierId': 107}, {'id': 5776063229, 'qualifierId': 1}, {'id': 5776063225, 'qualifierId': 212, 'value': '34.3'}, {'id': 5776063223, 'qualifierId': 141, 'value': '17.8'}, {'id': 5776063221, 'qualifierId': 140, 'value': '36.2'}]",9wvoeo39cgbelv8ddqin3aaga,H. Mace,,Kansas City Current,Home
2823519121,107,1,1,10,37,agxipc0vk4rtg09amjxv10nx0,1,36.2,17.8,2025-06-21T00:20:58.290Z,2025-06-21T00:21:00Z,"[{'id': 5776063285, 'qualifierId': 213, 'value': '1.47'}, {'id': 5776063277, 'qualifierId': 56, 'value': 'Back'}, {'id': 5776063283, 'qualifierId': 212, 'value': '19.7'}, {'id': 5776063279, 'qualifierId': 140, 'value': '38.0'}, {'id': 5776063281, 'qualifierId': 141, 'value': '46.7'}]",48l2ildbeme2l336nor2hw6lm,E. Ball,,Kansas City Current,Home
2823519127,108,1,1,10,38,agxipc0vk4rtg09amjxv10nx0,1,38.0,46.7,2025-06-21T00:21:00.130Z,2025-06-21T00:21:01Z,"[{'id': 5776063343, 'qualifierId': 56, 'value': 'Back'}, {'id': 5776063351, 'qualifierId': 213, 'value': '6.07'}, {'id': 5776063349, 'qualifierId': 212, 'value': '9.0'}, {'id': 5776063345, 'qualifierId': 140, 'value': '46.4'}, {'id': 5776063347, 'qualifierId': 141, 'value': '43.9'}]",cl1av4qyzjkq03akjof6tdf1m,K. Sharples,,Kansas City Current,Home
2823519141,109,3,1,10,40,agxipc0vk4rtg09amjxv10nx0,1,49.9,45.6,2025-06-21T00:21:01.586Z,2025-06-27T20:58:33Z,"[{'id': 5781739507, 'qualifierId': 465}, {'id': 5776063457, 'qualifierId': 56, 'value': 'Back'}, {'id': 5776063461, 'qualifierId': 233, 'value': '116'}, {'id': 5776063459, 'qualifierId': 286}]",6hyf258ii56nw917w0b4ekob8,C. Hutton,,Kansas City Current,Home
2823519131,116,45,1,10,40,6hbfgdczbi3yg4sdpqgtu6s,0,50.1,54.4,2025-06-21T00:21:01.586Z,2025-06-27T20:58:33Z,"[{'id': 5776063373, 'qualifierId': 285}, {'id': 5776063477, 'qualifierId': 233, 'value': '109'}, {'id': 5776063371, 'qualifierId': 56, 'value': 'Center'}]",8f2og4ng2s6f8qeikft26h2qc,M. Hodge,,Angel City,Away
2823519149,110,1,1,10,45,agxipc0vk4rtg09amjxv10nx0,0,70.8,58.0,2025-06-21T00:21:06.874Z,2025-06-21T00:21:07Z,"[{'id': 5776063503, 'qualifierId': 212, 'value': '6.5'}, {'id': 5776063497, 'qualifierId': 56, 'value': 'Center'}, {'id': 5776063505, 'qualifierId': 213, 'value': '0.34'}, {'id': 5776063499, 'qualifierId': 140, 'value': '76.6'}, {'id': 5776063501, 'qualifierId': 141, 'value': '61.2'}]",6hyf258ii56nw917w0b4ekob8,C. Hutton,,Kansas City Current,Home
2823519151,117,8,1,10,47,6hbfgdczbi3yg4sdpqgtu6s,1,16.5,35.8,2025-06-21T00:21:08.306Z,2025-06-27T17:10:07Z,"[{'id': 5776063507, 'qualifierId': 56, 'value': 'Back'}, {'id': 5781740063, 'qualifierId': 385}]",89fa211ocgno2q0to22emh20a,G. Thompson,,Angel City,Away
2823519157,111,1,1,10,47,agxipc0vk4rtg09amjxv10nx0,0,80.1,63.4,2025-06-21T00:21:09.082Z,2025-06-21T00:21:09Z,"[{'id': 5776063541, 'qualifierId': 141, 'value': '69.1'}, {'id': 5776063539, 'qualifierId': 140, 'value': '89.7'}, {'id': 5776063545, 'qualifierId': 213, 'value': '0.37'}, {'id': 5776063537, 'qualifierId': 56, 'value': 'Center'}, {'id': 5776063543, 'qualifierId': 212, 'value': '10.8'}]",6hyf258ii56nw917w0b4ekob8,C. Hutton,,Kansas City Current,Home
2823519159,118,49,1,10,48,6hbfgdczbi3yg4sdpqgtu6s,1,12.1,29.8,2025-06-21T00:21:09.873Z,2025-06-21T00:21:09Z,[],etdam0sfwiphiwykieovlsyy1,S. Gorden,,Angel City,Away
2823519179,119,1,1,10,50,6hbfgdczbi3yg4sdpqgtu6s,1,21.2,24.1,2025-06-21T00:21:11.506Z,2025-06-21T00:21:15Z,"[{'id': 5776063661, 'qualifierId': 56, 'value': 'Back'}, {'id': 5776063667, 'qualifierId': 212, 'value': '15.5'}, {'id': 5776063663, 'qualifierId': 140, 'value': '34.1'}, {'id': 5776063669, 'qualifierId': 213, 'value': '5.77'}, {'id': 5776063665, 'qualifierId': 141, 'value': '12.9'}]",etdam0sfwiphiwykieovlsyy1,S. Gorden,,Angel City,Away
2823519195,120,1,1,10,55,6hbfgdczbi3yg4sdpqgtu6s,0,36.4,13.1,2025-06-21T00:21:16.354Z,2025-06-21T00:21:17Z,"[{'id': 5776063777, 'qualifierId': 1}, {'id': 5776063765, 'qualifierId': 155}, {'id': 5776063771, 'qualifierId': 141, 'value': '54.6'}, {'id': 5776063769, 'qualifierId': 140, 'value': '62.8'}, {'id': 5776063773, 'qualifierId': 212, 'value': '39.6'}, {'id': 5776063767, 'qualifierId': 56, 'value': 'Center'}, {'id': 5776063775, 'qualifierId': 213, 'value': '0.79'}]",9mo419gtk6dy5lhcvatcllkyy,J. Dufour,,Angel City,Away
2823519203,112,12,1,10,57,agxipc0vk4rtg09amjxv10nx0,1,33.2,39.8,2025-06-21T00:21:18.978Z,2025-06-27T17:10:22Z,"[{'id': 5776063831, 'qualifierId': 56, 'value': 'Back'}, {'id': 5776063837, 'qualifierId': 212, 'value': '11.0'}, {'id': 5776063833, 'qualifierId': 140, 'value': '41.7'}, {'id': 5781740225, 'qualifierId': 15}, {'id': 5776063839, 'qualifierId': 213, 'value': '5.66'}, {'id': 5776063835, 'qualifierId': 141, 'value': '30.4'}]",48l2ildbeme2l336nor2hw6lm,E. Ball,,Kansas City Current,Home
2823519205,113,49,1,10,58,agxipc0vk4rtg09amjxv10nx0,1,41.6,30.4,2025-06-21T00:21:19.879Z,2025-06-21T00:21:20Z,[],9wvoeo39cgbelv8ddqin3aaga,H. Mace,,Kansas City Current,Home
2823519215,114,1,1,10,59,agxipc0vk4rtg09amjxv10nx0,1,42.8,31.6,2025-06-21T00:21:21.130Z,2025-06-21T00:21:23Z,"[{'id': 5776063901, 'qualifierId': 212, 'value': '15.6'}, {'id': 5776063897, 'qualifierId': 140, 'value': '53.1'}, {'id': 5776063895, 'qualifierId': 56, 'value': 'Right'}, {'id': 5776063903, 'qualifierId': 213, 'value': '5.48'}, {'id': 5776063899, 'qualifierId': 141, 'value': '15.0'}]",9wvoeo39cgbelv8ddqin3aaga,H. Mace,,Kansas City Current,Home
2823519243,115,1,1,11,2,agxipc0vk4rtg09amjxv10nx0,1,53.1,15.0,2025-06-21T00:21:23.553Z,2025-06-21T00:21:27Z,"[{'id': 5776064037, 'qualifierId': 141, 'value': '34.3'}, {'id': 5776064035, 'qualifierId': 140, 'value': '34.9'}, {'id': 5776064039, 'qualifierId': 212, 'value': '23.2'}, {'id': 5776064033, 'qualifierId': 56, 'value': 'Back'}, {'id': 5776064041, 'qualifierId': 213, 'value': '2.54'}]",e1irspfo9xupqz2sqvyq1zp0q,M. Cooper,,Kansas City Current,Home
2823519263,116,1,1,11,5,agxipc0vk4rtg09amjxv10nx0,1,34.9,34.3,2025-06-21T00:21:27.066Z,2025-06-21T00:21:30Z,"[{'id': 5776064121, 'qualifierId': 56, 'value': 'Back'}, {'id': 5776064129, 'qualifierId': 213, 'value': '1.73'}, {'id': 5776064125, 'qualifierId': 141, 'value': '67.6'}, {'id': 5776064123, 'qualifierId': 140, 'value': '31.4'}, {'id': 5776064127, 'qualifierId': 212, 'value': '22.9'}]",48l2ildbeme2l336nor2hw6lm,E. Ball,,Kansas City Current,Home
2823519277,117,1,1,11,9,agxipc0vk4rtg09amjxv10nx0,1,36.9,67.4,2025-06-21T00:21:30.906Z,2025-06-21T00:21:34Z,"[{'id': 5776064183, 'qualifierId': 141, 'value': '95.8'}, {'id': 5776064185, 'qualifierId': 212, 'value': '26.5'}, {'id': 5776064187, 'qualifierId': 213, 'value': '0.82'}, {'id': 5776064179, 'qualifierId': 56, 'value': 'Left'}, {'id': 5776064181, 'qualifierId': 140, 'value': '54.2'}]",cl1av4qyzjkq03akjof6tdf1m,K. Sharples,,Kansas City Current,Home
2823519295,118,1,1,11,13,agxipc0vk4rtg09amjxv10nx0,0,58.0,95.8,2025-06-21T00:21:34.666Z,2025-06-21T00:21:38Z,"[{'id': 5776064287, 'qualifierId': 155}, {'id': 5776064291, 'qualifierId': 140, 'value': '69.1'}, {'id': 5776064297, 'qualifierId': 213, 'value': '5.11'}, {'id': 5776064295, 'qualifierId': 212, 'value': '30.2'}, {'id': 5776064289, 'qualifierId': 56, 'value': 'Center'}, {'id': 5776064293, 'qualifierId': 141, 'value': '54.8'}]",736jvvtkgwc3g1vooviaod33d,I. Rodriguez,,Kansas City Current,Home
2823519297,121,44,1,11,15,6hbfgdczbi3yg4sdpqgtu6s,1,28.4,46.0,2025-06-21T00:21:37.155Z,2025-06-21T02:23:15Z,"[{'id': 5776064301, 'qualifierId': 56, 'value': 'Back'}, {'id': 5776064303, 'qualifierId': 285}, {'id': 5776064329, 'qualifierId': 233, 'value': '119'}]",6bcvcloym3tzxss5hgsw4h1at,A. Kennedy,,Angel City,Away
2823519299,119,44,1,11,15,agxipc0vk4rtg09amjxv10nx0,0,71.6,54.0,2025-06-21T00:21:37.156Z,2025-06-21T02:23:15Z,"[{'id': 5776064307, 'qualifierId': 286}, {'id': 5776064305, 'qualifierId': 56, 'value': 'Center'}, {'id': 5776064355, 'qualifierId': 233, 'value': '121'}]",47iatvbptp6438v5qo359yw9h,Bia Zaneratto,,Kansas City Current,Home
2823519301,122,12,1,11,16,6hbfgdczbi3yg4sdpqgtu6s,1,24.2,47.3,2025-06-21T00:21:37.538Z,2025-06-21T00:21:39Z,"[{'id': 5776064311, 'qualifierId': 140, 'value': '24.0'}, {'id': 5776064309, 'qualifierId': 56, 'value': 'Back'}, {'id': 5776064323, 'qualifierId': 15}, {'id': 5776064317, 'qualifierId': 213, 'value': '1.59'}, {'id': 5776064315, 'qualifierId': 212, 'value': '14.3'}, {'id': 5776064313, 'qualifierId': 141, 'value': '68.4'}]",6bcvcloym3tzxss5hgsw4h1at,A. Kennedy,,Angel City,Away
2823519317,123,1,1,11,18,6hbfgdczbi3yg4sdpqgtu6s,0,24.0,68.4,2025-06-21T00:21:39.745Z,2025-06-21T00:21:40Z,"[{'id': 5776064423, 'qualifierId': 3}, {'id': 5776064425, 'qualifierId': 56, 'value': 'Back'}, {'id': 5776064429, 'qualifierId': 141, 'value': '74.8'}, {'id': 5776064433, 'qualifierId': 213, 'value': '0.43'}, {'id': 5776064431, 'qualifierId': 212, 'value': '10.4'}, {'id': 5776064427, 'qualifierId': 140, 'value': '33.0'}]",1enu619pvakj78wtsfuilbj3e,M. A. Vignola,,Angel City,Away
2823519325,120,1,1,11,22,agxipc0vk4rtg09amjxv10nx0,0,66.0,22.0,2025-06-21T00:21:43.626Z,2025-06-21T00:21:54Z,"[{'id': 5776064511, 'qualifierId': 213, 'value': '0.52'}, {'id': 5776064505, 'qualifierId': 140, 'value': '97.1'}, {'id': 5776064509, 'qualifierId': 212, 'value': '37.7'}, {'id': 5776064503, 'qualifierId': 56, 'value': 'Center'}, {'id': 5776064507, 'qualifierId': 141, 'value': '49.7'}, {'id': 5776064501, 'qualifierId': 155}, {'id': 5776064513, 'qualifierId': 1}]",e1irspfo9xupqz2sqvyq1zp0q,M. Cooper,,Kansas City Current,Home
2823519327,124,52,1,11,23,6hbfgdczbi3yg4sdpqgtu6s,1,2.5,50.4,2025-06-21T00:21:45.218Z,2025-06-27T17:14:43Z,"[{'id': 5781742153, 'qualifierId': 377}]",lg9muzm3sbiijicsik53m3je,A. Anderson,,Angel City,Away
2823519421,125,43,1,11,50,6hbfgdczbi3yg4sdpqgtu6s,1,0.0,0.0,2025-06-21T00:22:11.618Z,2025-06-21T00:23:15Z,"[{'id': 5776066673, 'qualifierId': 144, 'value': '80'}]",lg9muzm3sbiijicsik53m3je,A. Anderson,,Angel City,Away
2823519427,126,1,1,11,50,6hbfgdczbi3yg4sdpqgtu6s,1,15.3,49.1,2025-06-21T00:22:12.209Z,2025-06-21T00:26:03Z,"[{'id': 5776070565, 'qualifierId': 123}, {'id': 5776065051, 'qualifierId': 56, 'value': 'Back'}, {'id': 5776065053, 'qualifierId': 140, 'value': '15.3'}, {'id': 5776065059, 'qualifierId': 213, 'value': '1.57'}, {'id': 5776065055, 'qualifierId': 141, 'value': '64.5'}, {'id': 5776065057, 'qualifierId': 212, 'value': '10.5'}]",lg9muzm3sbiijicsik53m3je,A. Anderson,,Angel City,Away
2823519441,127,1,1,11,53,6hbfgdczbi3yg4sdpqgtu6s,1,15.3,64.5,2025-06-21T00:22:14.498Z,2025-06-21T00:22:16Z,"[{'id': 5776065107, 'qualifierId': 56, 'value': 'Back'}, {'id': 5776065113, 'qualifierId': 212, 'value': '13.4'}, {'id': 5776065115, 'qualifierId': 213, 'value': '1.26'}, {'id': 5776065111, 'qualifierId': 141, 'value': '83.3'}, {'id': 5776065109, 'qualifierId': 140, 'value': '19.2'}]",6bcvcloym3tzxss5hgsw4h1at,A. Kennedy,,Angel City,Away
2823519469,128,1,1,11,55,6hbfgdczbi3yg4sdpqgtu6s,1,19.2,83.3,2025-06-21T00:22:16.913Z,2025-06-21T00:22:24Z,"[{'id': 5776065295, 'qualifierId': 140, 'value': '13.8'}, {'id': 5776065299, 'qualifierId': 212, 'value': '15.3'}, {'id': 5776065293, 'qualifierId': 56, 'value': 'Back'}, {'id': 5776065297, 'qualifierId': 141, 'value': '62.4'}, {'id': 5776065301, 'qualifierId': 213, 'value': '4.33'}]",6opd7nuh51c7p6pn6w04yuntg,M. Reid,,Angel City,Away
2823519479,129,1,1,12,2,6hbfgdczbi3yg4sdpqgtu6s,1,22.0,60.6,2025-06-21T00:22:24.241Z,2025-06-21T00:22:25Z,"[{'id': 5776065351, 'qualifierId': 56, 'value': 'Back'}, {'id': 5776065359, 'qualifierId': 213, 'value': '5.40'}, {'id': 5776065355, 'qualifierId': 141, 'value': '51.5'}, {'id': 5776065353, 'qualifierId': 140, 'value': '26.8'}, {'id': 5776065357, 'qualifierId': 212, 'value': '8.0'}]",6bcvcloym3tzxss5hgsw4h1at,A. Kennedy,,Angel City,Away
2823519485,130,1,1,12,4,6hbfgdczbi3yg4sdpqgtu6s,1,26.8,51.5,2025-06-21T00:22:25.873Z,2025-06-27T17:15:49Z,"[{'id': 5776065381, 'qualifierId': 140, 'value': '28.6'}, {'id': 5781742627, 'qualifierId': 155}, {'id': 5776065387, 'qualifierId': 213, 'value': '4.78'}, {'id': 5776065379, 'qualifierId': 56, 'value': 'Back'}, {'id': 5776065383, 'qualifierId': 141, 'value': '12.2'}, {'id': 5776065385, 'qualifierId': 212, 'value': '26.8'}]",3bx0w0ftkij1lqrt727gjd94a,M. Hammond,,Angel City,Away
2823519499,131,1,1,12,7,6hbfgdczbi3yg4sdpqgtu6s,1,28.6,12.2,2025-06-21T00:22:28.353Z,2025-06-21T00:22:31Z,"[{'id': 5776065477, 'qualifierId': 213, 'value': '2.37'}, {'id': 5776065473, 'qualifierId': 141, 'value': '24.7'}, {'id': 5776065475, 'qualifierId': 212, 'value': '12.2'}, {'id': 5776065469, 'qualifierId': 56, 'value': 'Back'}, {'id': 5776065471, 'qualifierId': 140, 'value': '20.2'}]",8f2og4ng2s6f8qeikft26h2qc,M. Hodge,,Angel City,Away
2823519509,132,1,1,12,9,6hbfgdczbi3yg4sdpqgtu6s,1,21.2,25.8,2025-06-21T00:22:31.025Z,2025-06-21T00:22:33Z,"[{'id': 5776065511, 'qualifierId': 56, 'value': 'Back'}, {'id': 5776065515, 'qualifierId': 141, 'value': '47.6'}, {'id': 5776065519, 'qualifierId': 213, 'value': '1.66'}, {'id': 5776065513, 'qualifierId': 140, 'value': '20.0'}, {'id': 5776065517, 'qualifierId': 212, 'value': '14.9'}]",etdam0sfwiphiwykieovlsyy1,S. Gorden,,Angel City,Away
2823519519,133,1,1,12,11,6hbfgdczbi3yg4sdpqgtu6s,1,19.0,48.8,2025-06-21T00:22:33.137Z,2025-06-21T00:22:35Z,"[{'id': 5776065591, 'qualifierId': 141, 'value': '40.1'}, {'id': 5776065587, 'qualifierId': 56, 'value': 'Back'}, {'id': 5776065589, 'qualifierId': 140, 'value': '3.0'}, {'id': 5776065593, 'qualifierId': 212, 'value': '17.8'}, {'id': 5776065595, 'qualifierId': 213, 'value': '3.48'}]",6bcvcloym3tzxss5hgsw4h1at,A. Kennedy,,Angel City,Away
2823519529,134,1,1,12,14,6hbfgdczbi3yg4sdpqgtu6s,1,3.0,40.1,2025-06-21T00:22:35.585Z,2025-06-21T00:22:39Z,"[{'id': 5776065681, 'qualifierId': 140, 'value': '27.8'}, {'id': 5776065679, 'qualifierId': 56, 'value': 'Back'}, {'id': 5776065687, 'qualifierId': 213, 'value': '5.59'}, {'id': 5776065689, 'qualifierId': 1}, {'id': 5776065685, 'qualifierId': 212, 'value': '34.0'}, {'id': 5776065677, 'qualifierId': 157}, {'id': 5776065683, 'qualifierId': 141, 'value': '8.0'}]",lg9muzm3sbiijicsik53m3je,A. Anderson,,Angel City,Away
2823519539,135,1,1,12,17,6hbfgdczbi3yg4sdpqgtu6s,1,27.8,8.0,2025-06-21T00:22:39.186Z,2025-06-21T00:22:41Z,"[{'id': 5776065751, 'qualifierId': 3}, {'id': 5776065757, 'qualifierId': 141, 'value': '26.8'}, {'id': 5776065753, 'qualifierId': 56, 'value': 'Back'}, {'id': 5776065761, 'qualifierId': 213, 'value': '1.38'}, {'id': 5776065759, 'qualifierId': 212, 'value': '13.0'}, {'id': 5776065755, 'qualifierId': 140, 'value': '30.2'}]",8f2og4ng2s6f8qeikft26h2qc,M. Hodge,,Angel City,Away
2823519543,136,61,1,12,20,6hbfgdczbi3yg4sdpqgtu6s,0,30.2,26.8,2025-06-21T00:22:41.745Z,2025-06-21T00:22:42Z,"[{'id': 5776065775, 'qualifierId': 56, 'value': 'Back'}]",9mo419gtk6dy5lhcvatcllkyy,J. Dufour,,Angel City,Away
2823519545,121,1,1,12,20,agxipc0vk4rtg09amjxv10nx0,0,62.0,75.3,2025-06-21T00:22:42.034Z,2025-06-21T00:22:42Z,"[{'id': 5776065781, 'qualifierId': 141, 'value': '67.7'}, {'id': 5776065779, 'qualifierId': 140, 'value': '73.0'}, {'id': 5776065783, 'qualifierId': 212, 'value': '12.7'}, {'id': 5776065777, 'qualifierId': 56, 'value': 'Center'}, {'id': 5776065785, 'qualifierId': 213, 'value': '5.86'}]",6hyf258ii56nw917w0b4ekob8,C. Hutton,,Kansas City Current,Home
2823519553,137,1,1,12,21,6hbfgdczbi3yg4sdpqgtu6s,1,26.7,34.8,2025-06-21T00:22:43.201Z,2025-06-21T00:22:45Z,"[{'id': 5776065833, 'qualifierId': 213, 'value': '4.73'}, {'id': 5776065825, 'qualifierId': 56, 'value': 'Back'}, {'id': 5776065829, 'qualifierId': 141, 'value': '20.9'}, {'id': 5776065831, 'qualifierId': 212, 'value': '9.5'}, {'id': 5776065827, 'qualifierId': 140, 'value': '26.9'}]",3bx0w0ftkij1lqrt727gjd94a,M. Hammond,,Angel City,Away
2823519569,138,1,1,12,26,6hbfgdczbi3yg4sdpqgtu6s,0,28.0,17.7,2025-06-21T00:22:47.697Z,2025-06-21T00:22:51Z,"[{'id': 5776065911, 'qualifierId': 140, 'value': '69.1'}, {'id': 5776065909, 'qualifierId': 56, 'value': 'Center'}, {'id': 5776065907, 'qualifierId': 157}, {'id': 5776065917, 'qualifierId': 213, 'value': '0.58'}, {'id': 5776065919, 'qualifierId': 1}, {'id': 5776065915, 'qualifierId': 212, 'value': '51.6'}, {'id': 5776065913, 'qualifierId': 141, 'value': '59.3'}]",8f2og4ng2s6f8qeikft26h2qc,M. Hodge,,Angel City,Away
2823519571,122,49,1,12,29,agxipc0vk4rtg09amjxv10nx0,1,27.5,36.1,2025-06-21T00:22:51.178Z,2025-06-21T00:22:51Z,[],48l2ildbeme2l336nor2hw6lm,E. Ball,,Kansas City Current,Home
2823519599,123,1,1,12,32,agxipc0vk4rtg09amjxv10nx0,1,31.7,34.0,2025-06-21T00:22:53.514Z,2025-06-21T00:22:57Z,"[{'id': 5776066081, 'qualifierId': 140, 'value': '29.7'}, {'id': 5776066083, 'qualifierId': 141, 'value': '73.4'}, {'id': 5776066085, 'qualifierId': 212, 'value': '26.9'}, {'id': 5776066087, 'qualifierId': 213, 'value': '1.65'}, {'id': 5776066079, 'qualifierId': 56, 'value': 'Back'}]",48l2ildbeme2l336nor2hw6lm,E. Ball,,Kansas City Current,Home
2823519609,124,1,1,12,36,agxipc0vk4rtg09amjxv10nx0,1,29.7,73.4,2025-06-21T00:22:57.937Z,2025-06-21T00:22:59Z,"[{'id': 5776066131, 'qualifierId': 141, 'value': '66.4'}, {'id': 5776066127, 'qualifierId': 56, 'value': 'Back'}, {'id': 5776066135, 'qualifierId': 213, 'value': '5.95'}, {'id': 5776066133, 'qualifierId': 212, 'value': '14.7'}, {'id': 5776066129, 'qualifierId': 140, 'value': '42.9'}]",cl1av4qyzjkq03akjof6tdf1m,K. Sharples,,Kansas City Current,Home
2823519633,125,1,1,12,37,agxipc0vk4rtg09amjxv10nx0,1,42.9,66.4,2025-06-21T00:22:59.050Z,2025-06-21T00:23:03Z,"[{'id': 5776066295, 'qualifierId': 56, 'value': 'Back'}, {'id': 5776066299, 'qualifierId': 141, 'value': '50.1'}, {'id': 5776066301, 'qualifierId': 212, 'value': '18.6'}, {'id': 5776066303, 'qualifierId': 213, 'value': '3.78'}, {'id': 5776066297, 'qualifierId': 140, 'value': '28.7'}]",6hyf258ii56nw917w0b4ekob8,C. Hutton,,Kansas City Current,Home
2823519661,126,1,1,12,41,agxipc0vk4rtg09amjxv10nx0,1,29.0,47.6,2025-06-21T00:23:03.082Z,2025-06-21T00:23:09Z,"[{'id': 5776066473, 'qualifierId': 140, 'value': '28.8'}, {'id': 5776066479, 'qualifierId': 213, 'value': '1.58'}, {'id': 5776066475, 'qualifierId': 141, 'value': '75.6'}, {'id': 5776066477, 'qualifierId': 212, 'value': '19.0'}, {'id': 5776066471, 'qualifierId': 56, 'value': 'Back'}]",48l2ildbeme2l336nor2hw6lm,E. Ball,,Kansas City Current,Home
2823519673,127,1,1,12,47,agxipc0vk4rtg09amjxv10nx0,1,29.1,74.6,2025-06-21T00:23:09.170Z,2025-06-21T00:23:11Z,"[{'id': 5776066547, 'qualifierId': 212, 'value': '20.0'}, {'id': 5776066549, 'qualifierId': 213, 'value': '4.75'}, {'id': 5776066545, 'qualifierId': 141, 'value': '45.2'}, {'id': 5776066543, 'qualifierId': 140, 'value': '29.8'}, {'id': 5776066541, 'qualifierId': 56, 'value': 'Back'}]",cl1av4qyzjkq03akjof6tdf1m,K. Sharples,,Kansas City Current,Home
2823519685,128,1,1,12,49,agxipc0vk4rtg09amjxv10nx0,1,33.0,41.7,2025-06-21T00:23:11.201Z,2025-06-27T17:31:09Z,"[{'id': 5776066647, 'qualifierId': 140, 'value': '53.4'}, {'id': 5776066653, 'qualifierId': 213, 'value': '5.53'}, {'id': 5776066651, 'qualifierId': 212, 'value': '29.3'}, {'id': 5776066649, 'qualifierId': 141, 'value': '12.3'}, {'id': 5776066645, 'qualifierId': 56, 'value': 'Right'}]",48l2ildbeme2l336nor2hw6lm,E. Ball,,Kansas City Current,Home
2823519687,129,1,1,12,53,agxipc0vk4rtg09amjxv10nx0,0,57.6,13.0,2025-06-21T00:23:14.914Z,2025-06-21T00:23:17Z,"[{'id': 5776066681, 'qualifierId': 212, 'value': '17.4'}, {'id': 5776066679, 'qualifierId': 141, 'value': '13.8'}, {'id': 5776066675, 'qualifierId': 56, 'value': 'Right'}, {'id': 5776066677, 'qualifierId': 140, 'value': '74.2'}, {'id': 5776066683, 'qualifierId': 213, 'value': '0.03'}]",dv8265k3za578hkzxxuttqmdx,V. DiBernardo,,Kansas City Current,Home
2823519699,139,49,1,12,56,6hbfgdczbi3yg4sdpqgtu6s,1,24.8,95.4,2025-06-21T00:23:18.177Z,2025-06-21T00:23:18Z,[],1enu619pvakj78wtsfuilbj3e,M. A. Vignola,,Angel City,Away
2823519729,140,1,1,12,57,6hbfgdczbi3yg4sdpqgtu6s,1,26.8,95.9,2025-06-21T00:23:18.657Z,2025-06-21T00:23:28Z,"[{'id': 5776066977, 'qualifierId': 56, 'value': 'Back'}, {'id': 5776066983, 'qualifierId': 212, 'value': '5.9'}, {'id': 5776066985, 'qualifierId': 213, 'value': '5.08'}, {'id': 5776066979, 'qualifierId': 140, 'value': '28.8'}, {'id': 5776066981, 'qualifierId': 141, 'value': '87.8'}]",1enu619pvakj78wtsfuilbj3e,M. A. Vignola,,Angel City,Away
2823519739,141,1,1,13,6,6hbfgdczbi3yg4sdpqgtu6s,1,29.7,70.2,2025-06-21T00:23:28.177Z,2025-06-21T00:23:30Z,"[{'id': 5776067027, 'qualifierId': 140, 'value': '24.3'}, {'id': 5776067031, 'qualifierId': 212, 'value': '11.7'}, {'id': 5776067025, 'qualifierId': 56, 'value': 'Back'}, {'id': 5776067029, 'qualifierId': 141, 'value': '55.2'}, {'id': 5776067033, 'qualifierId': 213, 'value': '4.21'}]",3bx0w0ftkij1lqrt727gjd94a,M. Hammond,,Angel City,Away
2823519751,142,1,1,13,9,6hbfgdczbi3yg4sdpqgtu6s,1,24.9,59.7,2025-06-21T00:23:30.801Z,2025-06-21T00:23:32Z,"[{'id': 5776067091, 'qualifierId': 56, 'value': 'Back'}, {'id': 5776067097, 'qualifierId': 212, 'value': '11.1'}, {'id': 5776067095, 'qualifierId': 141, 'value': '74.5'}, {'id': 5776067099, 'qualifierId': 213, 'value': '1.13'}, {'id': 5776067093, 'qualifierId': 140, 'value': '29.4'}]",6bcvcloym3tzxss5hgsw4h1at,A. Kennedy,,Angel City,Away
2823519757,143,1,1,13,11,6hbfgdczbi3yg4sdpqgtu6s,1,30.8,76.6,2025-06-21T00:23:32.912Z,2025-06-21T00:23:35Z,"[{'id': 5776067155, 'qualifierId': 212, 'value': '13.8'}, {'id': 5776067153, 'qualifierId': 141, 'value': '95.1'}, {'id': 5776067157, 'qualifierId': 213, 'value': '1.15'}, {'id': 5776067151, 'qualifierId': 140, 'value': '36.1'}, {'id': 5776067149, 'qualifierId': 56, 'value': 'Back'}]",6opd7nuh51c7p6pn6w04yuntg,M. Reid,,Angel City,Away
2823519769,144,1,1,13,14,6hbfgdczbi3yg4sdpqgtu6s,1,33.9,94.8,2025-06-21T00:23:35.889Z,2025-06-21T00:23:40Z,"[{'id': 5776067221, 'qualifierId': 56, 'value': 'Back'}, {'id': 5776067223, 'qualifierId': 140, 'value': '25.7'}, {'id': 5776067225, 'qualifierId': 141, 'value': '77.8'}, {'id': 5776067229, 'qualifierId': 213, 'value': '4.07'}, {'id': 5776067227, 'qualifierId': 212, 'value': '14.4'}]",1enu619pvakj78wtsfuilbj3e,M. A. Vignola,,Angel City,Away
2823519783,145,1,1,13,18,6hbfgdczbi3yg4sdpqgtu6s,1,25.9,77.8,2025-06-21T00:23:40.224Z,2025-06-21T00:23:43Z,"[{'id': 5776067337, 'qualifierId': 213, 'value': '4.62'}, {'id': 5776067335, 'qualifierId': 212, 'value': '13.8'}, {'id': 5776067329, 'qualifierId': 56, 'value': 'Back'}, {'id': 5776067333, 'qualifierId': 141, 'value': '57.6'}, {'id': 5776067331, 'qualifierId': 140, 'value': '24.7'}]",6opd7nuh51c7p6pn6w04yuntg,M. Reid,,Angel City,Away
2823519797,146,1,1,13,22,6hbfgdczbi3yg4sdpqgtu6s,1,26.5,57.8,2025-06-21T00:23:43.698Z,2025-06-21T00:23:47Z,"[{'id': 5776067409, 'qualifierId': 141, 'value': '76.1'}, {'id': 5776067411, 'qualifierId': 212, 'value': '13.1'}, {'id': 5776067405, 'qualifierId': 56, 'value': 'Back'}, {'id': 5776067413, 'qualifierId': 213, 'value': '1.26'}, {'id': 5776067407, 'qualifierId': 140, 'value': '30.3'}]",6bcvcloym3tzxss5hgsw4h1at,A. Kennedy,,Angel City,Away
2823519811,147,1,1,13,25,6hbfgdczbi3yg4sdpqgtu6s,1,33.5,77.8,2025-06-21T00:23:47.201Z,2025-06-21T00:23:50Z,"[{'id': 5776067533, 'qualifierId': 213, 'value': '0.69'}, {'id': 5776067525, 'qualifierId': 56, 'value': 'Back'}, {'id': 5776067529, 'qualifierId': 141, 'value': '96.0'}, {'id': 5776067531, 'qualifierId': 212, 'value': '19.5'}, {'id': 5776067527, 'qualifierId': 140, 'value': '47.8'}]",6opd7nuh51c7p6pn6w04yuntg,M. Reid,,Angel City,Away
2823519825,148,1,1,13,29,6hbfgdczbi3yg4sdpqgtu6s,1,43.5,89.4,2025-06-21T00:23:50.657Z,2025-06-21T00:23:54Z,"[{'id': 5776067593, 'qualifierId': 56, 'value': 'Back'}, {'id': 5776067599, 'qualifierId': 212, 'value': '9.9'}, {'id': 5776067595, 'qualifierId': 140, 'value': '43.6'}, {'id': 5776067597, 'qualifierId': 141, 'value': '74.8'}, {'id': 5776067601, 'qualifierId': 213, 'value': '4.72'}]",1enu619pvakj78wtsfuilbj3e,M. A. Vignola,,Angel City,Away
2823519815,130,83,1,13,30,agxipc0vk4rtg09amjxv10nx0,0,54.3,5.6,2025-06-21T00:23:51.257Z,2025-06-21T00:23:56Z,"[{'id': 5776067617, 'qualifierId': 399, 'value': 'dfeohozpw604y5jbu01u1dkkq'}]",9wvoeo39cgbelv8ddqin3aaga,H. Mace,,Kansas City Current,Home
2823519827,149,3,1,13,32,6hbfgdczbi3yg4sdpqgtu6s,0,46.3,69.6,2025-06-21T00:23:54.209Z,2025-06-27T17:31:54Z,"[{'id': 5776067605, 'qualifierId': 56, 'value': 'Back'}, {'id': 5776067659, 'qualifierId': 233, 'value': '131'}, {'id': 5781749979, 'qualifierId': 465}, {'id': 5776067607, 'qualifierId': 286}]",dfeohozpw604y5jbu01u1dkkq,A. Thompson,,Angel City,Away
2823519833,131,7,1,13,32,agxipc0vk4rtg09amjxv10nx0,0,53.7,30.4,2025-06-21T00:23:54.210Z,2025-06-27T17:31:51Z,"[{'id': 5781749973, 'qualifierId': 178}, {'id': 5776067637, 'qualifierId': 56, 'value': 'Center'}, {'id': 5776067639, 'qualifierId': 285}, {'id': 5776067641, 'qualifierId': 233, 'value': '149'}, {'id': 5781749971, 'qualifierId': 385}]",6k82rq8synvac950ext5t0jpx,R. Rodríguez,,Kansas City Current,Home
2824535999,861,1,1,13,33,6hbfgdczbi3yg4sdpqgtu6s,1,45.4,61.7,2025-06-21T00:23:54.432Z,2025-06-27T17:33:05Z,"[{'id': 5781750597, 'qualifierId': 56, 'value': 'Back'}, {'id': 5781750601, 'qualifierId': 141, 'value': '70.0'}, {'id': 5781750605, 'qualifierId': 213, 'value': '2.02'}, {'id': 5781750603, 'qualifierId': 212, 'value': '6.3'}, {'id': 5781750599, 'qualifierId': 140, 'value': '42.8'}]",8f2og4ng2s6f8qeikft26h2qc,M. Hodge,,Angel City,Away
2823519855,150,1,1,13,38,6hbfgdczbi3yg4sdpqgtu6s,0,37.4,68.7,2025-06-21T00:23:59.265Z,2025-06-21T00:24:02Z,"[{'id': 5776067805, 'qualifierId': 56, 'value': 'Center'}, {'id': 5776067811, 'qualifierId': 212, 'value': '44.6'}, {'id': 5776067809, 'qualifierId': 141, 'value': '38.2'}, {'id': 5776067803, 'qualifierId': 155}, {'id': 5776067815, 'qualifierId': 1}, {'id': 5776067813, 'qualifierId': 213, 'value': '5.80'}, {'id': 5776067807, 'qualifierId': 140, 'value': '75.0'}]",3bx0w0ftkij1lqrt727gjd94a,M. Hammond,,Angel City,Away
2823519865,132,12,1,13,42,agxipc0vk4rtg09amjxv10nx0,1,21.9,67.9,2025-06-21T00:24:03.697Z,2025-06-27T17:33:38Z,"[{'id': 5776067857, 'qualifierId': 212, 'value': '23.2'}, {'id': 5776067859, 'qualifierId': 213, 'value': '1.61'}, {'id': 5776067855, 'qualifierId': 141, 'value': '100.0'}, {'id': 5776067853, 'qualifierId': 140, 'value': '21.0'}, {'id': 5776067851, 'qualifierId': 56, 'value': 'Back'}, {'id': 5776067865, 'qualifierId': 167}]",cl1av4qyzjkq03akjof6tdf1m,K. Sharples,,Kansas City Current,Home
2823519867,133,5,1,13,44,agxipc0vk4rtg09amjxv10nx0,0,21.0,101.8,2025-06-21T00:24:05.712Z,2025-06-21T00:30:22Z,"[{'id': 5776067863, 'qualifierId': 347}, {'id': 5776067861, 'qualifierId': 56, 'value': 'Back'}, {'id': 5776068067, 'qualifierId': 233, 'value': '151'}]",cl1av4qyzjkq03akjof6tdf1m,K. Sharples,,Kansas City Current,Home
2823519903,151,5,1,13,44,6hbfgdczbi3yg4sdpqgtu6s,1,79.0,-1.8,2025-06-21T00:24:05.712Z,2025-06-21T00:24:21Z,"[{'id': 5776068049, 'qualifierId': 347}, {'id': 5776068053, 'qualifierId': 233, 'value': '133'}, {'id': 5776068047, 'qualifierId': 56, 'value': 'Right'}]",3bx0w0ftkij1lqrt727gjd94a,M. Hammond,,Angel City,Away
2823519905,152,1,1,13,59,6hbfgdczbi3yg4sdpqgtu6s,1,78.9,0.0,2025-06-21T00:24:20.465Z,2025-06-21T00:55:29Z,"[{'id': 5776068071, 'qualifierId': 107}, {'id': 5776115149, 'qualifierId': 189}, {'id': 5776068081, 'qualifierId': 213, 'value': '1.81'}, {'id': 5776068077, 'qualifierId': 141, 'value': '9.5'}, {'id': 5776068073, 'qualifierId': 56, 'value': 'Right'}, {'id': 5776068079, 'qualifierId': 212, 'value': '7.6'}, {'id': 5776068075, 'qualifierId': 140, 'value': '77.2'}]",89fa211ocgno2q0to22emh20a,G. Thompson,,Angel City,Away
2823519907,153,1,1,14,0,6hbfgdczbi3yg4sdpqgtu6s,1,77.2,9.5,2025-06-21T00:24:21.361Z,2025-06-21T00:55:30Z,"[{'id': 5776068089, 'qualifierId': 140, 'value': '80.1'}, {'id': 5776068093, 'qualifierId': 212, 'value': '5.4'}, {'id': 5776115175, 'qualifierId': 189}, {'id': 5776068095, 'qualifierId': 213, 'value': '5.31'}, {'id': 5776068087, 'qualifierId': 56, 'value': 'Right'}, {'id': 5776068091, 'qualifierId': 141, 'value': '2.9'}]",8f2og4ng2s6f8qeikft26h2qc,M. Hodge,,Angel City,Away
2823519909,154,1,1,14,0,6hbfgdczbi3yg4sdpqgtu6s,0,80.1,2.9,2025-06-21T00:24:22.113Z,2025-06-21T00:55:49Z,"[{'id': 5776068103, 'qualifierId': 141, 'value': '9.2'}, {'id': 5776068105, 'qualifierId': 212, 'value': '6.5'}, {'id': 5776068107, 'qualifierId': 213, 'value': '0.71'}, {'id': 5776068101, 'qualifierId': 140, 'value': '84.8'}, {'id': 5776068099, 'qualifierId': 56, 'value': 'Right'}]",89fa211ocgno2q0to22emh20a,G. Thompson,,Angel City,Away
2823519913,155,43,1,14,1,6hbfgdczbi3yg4sdpqgtu6s,1,0.0,0.0,2025-06-21T00:24:22.769Z,2025-06-21T00:55:51Z,"[{'id': 5776068139, 'qualifierId': 212, 'value': '5.5'}, {'id': 5776068135, 'qualifierId': 140, 'value': '79.7'}, {'id': 5776068133, 'qualifierId': 56, 'value': 'Right'}, {'id': 5776068141, 'qualifierId': 213, 'value': '3.34'}, {'id': 5776115835, 'qualifierId': 144, 'value': '1'}, {'id': 5776068137, 'qualifierId': 141, 'value': '7.6'}]",9mo419gtk6dy5lhcvatcllkyy,J. Dufour,,Angel City,Away
2823532811,392,8,1,14,4,agxipc0vk4rtg09amjxv10nx0,1,15.7,93.2,2025-06-21T00:24:25.252Z,2025-06-27T17:34:08Z,"[{'id': 5781751201, 'qualifierId': 384}, {'id': 5776140783, 'qualifierId': 56, 'value': 'Back'}]",736jvvtkgwc3g1vooviaod33d,I. Rodriguez,,Kansas City Current,Home
2823519931,134,1,1,14,4,agxipc0vk4rtg09amjxv10nx0,0,27.7,82.7,2025-06-21T00:24:26.145Z,2025-06-21T01:15:32Z,"[{'id': 5776068211, 'qualifierId': 56, 'value': 'Back'}, {'id': 5776068217, 'qualifierId': 212, 'value': '7.0'}, {'id': 5776068219, 'qualifierId': 213, 'value': '5.73'}, {'id': 5776068215, 'qualifierId': 141, 'value': '77.3'}, {'id': 5776068213, 'qualifierId': 140, 'value': '33.4'}]",dv8265k3za578hkzxxuttqmdx,V. DiBernardo,,Kansas City Current,Home
2823519951,156,61,1,14,5,6hbfgdczbi3yg4sdpqgtu6s,1,72.6,17.4,2025-06-21T00:24:26.334Z,2025-06-21T01:15:39Z,"[{'id': 5776068321, 'qualifierId': 56, 'value': 'Right'}]",3bx0w0ftkij1lqrt727gjd94a,M. Hammond,,Angel City,Away
2823519957,157,1,1,14,6,6hbfgdczbi3yg4sdpqgtu6s,0,68.7,16.1,2025-06-21T00:24:27.280Z,2025-06-21T01:15:49Z,"[{'id': 5776068339, 'qualifierId': 141, 'value': '13.4'}, {'id': 5776068335, 'qualifierId': 56, 'value': 'Right'}, {'id': 5776068341, 'qualifierId': 212, 'value': '1.8'}, {'id': 5776068343, 'qualifierId': 213, 'value': '4.77'}, {'id': 5776068337, 'qualifierId': 140, 'value': '68.8'}]",8f2og4ng2s6f8qeikft26h2qc,M. Hodge,,Angel City,Away
2823519953,135,61,1,14,6,agxipc0vk4rtg09amjxv10nx0,1,35.2,83.7,2025-06-21T00:24:27.432Z,2025-06-21T01:15:51Z,"[{'id': 5776068327, 'qualifierId': 56, 'value': 'Back'}]",47iatvbptp6438v5qo359yw9h,Bia Zaneratto,,Kansas City Current,Home
2823519965,136,1,1,14,6,agxipc0vk4rtg09amjxv10nx0,1,35.3,89.9,2025-06-21T00:24:27.553Z,2025-06-21T00:26:36Z,"[{'id': 5776068363, 'qualifierId': 56, 'value': 'Back'}, {'id': 5776068371, 'qualifierId': 213, 'value': '5.00'}, {'id': 5776068369, 'qualifierId': 212, 'value': '5.1'}, {'id': 5776068365, 'qualifierId': 140, 'value': '36.7'}, {'id': 5776068367, 'qualifierId': 141, 'value': '82.7'}]",ccw8gtkcahxf21rutqldjvkve,T. Chawinga,,Kansas City Current,Home
2823519967,137,61,1,14,6,agxipc0vk4rtg09amjxv10nx0,1,36.7,82.7,2025-06-21T00:24:27.706Z,2025-06-21T01:15:55Z,"[{'id': 5776068375, 'qualifierId': 56, 'value': 'Back'}]",47iatvbptp6438v5qo359yw9h,Bia Zaneratto,,Kansas City Current,Home
2823520523,168,50,1,14,7,6hbfgdczbi3yg4sdpqgtu6s,1,66.4,19.4,2025-06-21T00:24:28.609Z,2025-06-21T01:15:58Z,"[{'id': 5776071667, 'qualifierId': 286}, {'id': 5776071773, 'qualifierId': 233, 'value': '149'}, {'id': 5776071665, 'qualifierId': 56, 'value': 'Right'}]",89fa211ocgno2q0to22emh20a,G. Thompson,,Angel City,Away
2823520381,149,7,1,14,7,agxipc0vk4rtg09amjxv10nx0,0,33.6,80.6,2025-06-21T00:24:28.610Z,2025-06-27T17:38:10Z,"[{'id': 5776070857, 'qualifierId': 285}, {'id': 5781752667, 'qualifierId': 384}, {'id': 5776071757, 'qualifierId': 233, 'value': '168'}, {'id': 5776070855, 'qualifierId': 56, 'value': 'Back'}, {'id': 5781752669, 'qualifierId': 389}]",ccw8gtkcahxf21rutqldjvkve,T. Chawinga,,Kansas City Current,Home
2823519961,158,43,1,14,9,6hbfgdczbi3yg4sdpqgtu6s,1,0.0,0.0,2025-06-21T00:24:30.305Z,2025-06-21T00:56:39Z,"[{'id': 5776116763, 'qualifierId': 144, 'value': '8'}, {'id': 5776068351, 'qualifierId': 56, 'value': 'Right'}]",89fa211ocgno2q0to22emh20a,G. Thompson,,Angel City,Away
2823519973,138,43,1,14,10,agxipc0vk4rtg09amjxv10nx0,1,0.0,0.0,2025-06-21T00:24:31.937Z,2025-06-21T00:25:11Z,"[{'id': 5776068393, 'qualifierId': 56, 'value': 'Back'}, {'id': 5776069425, 'qualifierId': 144, 'value': '61'}]",ccw8gtkcahxf21rutqldjvkve,T. Chawinga,,Kansas City Current,Home
2823528651,383,61,1,14,11,6hbfgdczbi3yg4sdpqgtu6s,1,68.7,20.3,2025-06-21T00:24:32.335Z,2025-06-21T00:57:06Z,"[{'id': 5776117447, 'qualifierId': 56, 'value': 'Right'}]",8f2og4ng2s6f8qeikft26h2qc,M. Hodge,,Angel City,Away
2823519977,139,83,1,14,11,agxipc0vk4rtg09amjxv10nx0,0,38.1,74.9,2025-06-21T00:24:33.057Z,2025-06-21T00:25:32Z,"[{'id': 5776069841, 'qualifierId': 399, 'value': '3bx0w0ftkij1lqrt727gjd94a'}]",ccw8gtkcahxf21rutqldjvkve,T. Chawinga,,Kansas City Current,Home
2823519989,140,43,1,14,12,agxipc0vk4rtg09amjxv10nx0,1,0.0,0.0,2025-06-21T00:24:33.705Z,2025-06-21T00:24:44Z,"[{'id': 5776068789, 'qualifierId': 144, 'value': '7'}, {'id': 5776068465, 'qualifierId': 285, 'value': '0'}, {'id': 5776068463, 'qualifierId': 56, 'value': 'Back'}]",ccw8gtkcahxf21rutqldjvkve,T. Chawinga,,Kansas City Current,Home
2823519993,159,50,1,14,13,6hbfgdczbi3yg4sdpqgtu6s,1,64.8,26.8,2025-06-21T00:24:34.384Z,2025-06-21T00:57:08Z,"[{'id': 5776071529, 'qualifierId': 233, 'value': '152'}, {'id': 5776071423, 'qualifierId': 286}, {'id': 5776068467, 'qualifierId': 56, 'value': 'Center'}]",3bx0w0ftkij1lqrt727gjd94a,M. Hammond,,Angel City,Away
2823520503,152,7,1,14,13,agxipc0vk4rtg09amjxv10nx0,1,35.2,73.2,2025-06-21T00:24:34.385Z,2025-06-27T17:38:26Z,"[{'id': 5781752701, 'qualifierId': 178}, {'id': 5776071515, 'qualifierId': 56, 'value': 'Back'}, {'id': 5776071517, 'qualifierId': 285}, {'id': 5776071523, 'qualifierId': 233, 'value': '159'}, {'id': 5781752699, 'qualifierId': 383}]",ccw8gtkcahxf21rutqldjvkve,T. Chawinga,,Kansas City Current,Home
2823520009,141,4,1,14,16,agxipc0vk4rtg09amjxv10nx0,1,32.0,81.2,2025-06-21T00:24:37.280Z,2025-06-27T17:39:06Z,"[{'id': 5776068633, 'qualifierId': 152}, {'id': 5776068629, 'qualifierId': 13}, {'id': 5776068639, 'qualifierId': 233, 'value': '160'}, {'id': 5781752937, 'qualifierId': 295}, {'id': 5781752905, 'qualifierId': 285}, {'id': 5776068631, 'qualifierId': 56, 'value': 'Back'}]",ccw8gtkcahxf21rutqldjvkve,T. Chawinga,,Kansas City Current,Home
2823520005,160,4,1,14,16,6hbfgdczbi3yg4sdpqgtu6s,0,68.0,18.8,2025-06-21T00:24:37.281Z,2025-06-27T17:39:02Z,"[{'id': 5781752903, 'qualifierId': 286}, {'id': 5776068593, 'qualifierId': 13}, {'id': 5776068595, 'qualifierId': 56, 'value': 'Right'}, {'id': 5776068597, 'qualifierId': 152}, {'id': 5776068645, 'qualifierId': 233, 'value': '141'}, {'id': 5781752901, 'qualifierId': 295}]",3bx0w0ftkij1lqrt727gjd94a,M. Hammond,,Angel City,Away
2823520173,142,1,1,14,55,agxipc0vk4rtg09amjxv10nx0,1,36.1,81.3,2025-06-21T00:25:16.297Z,2025-06-21T00:25:17Z,"[{'id': 5776069567, 'qualifierId': 5}, {'id': 5776069571, 'qualifierId': 56, 'value': 'Back'}, {'id': 5776069569, 'qualifierId': 152}, {'id': 5776069573, 'qualifierId': 140, 'value': '29.0'}, {'id': 5776069579, 'qualifierId': 213, 'value': '4.26'}, {'id': 5776069575, 'qualifierId': 141, 'value': '58.5'}, {'id': 5776069577, 'qualifierId': 212, 'value': '17.2'}]",cl1av4qyzjkq03akjof6tdf1m,K. Sharples,,Kansas City Current,Home
2823520185,143,1,1,14,56,agxipc0vk4rtg09amjxv10nx0,1,29.0,58.5,2025-06-21T00:25:17.617Z,2025-06-21T00:25:20Z,"[{'id': 5776069653, 'qualifierId': 213, 'value': '1.29'}, {'id': 5776069647, 'qualifierId': 140, 'value': '32.2'}, {'id': 5776069645, 'qualifierId': 56, 'value': 'Back'}, {'id': 5776069651, 'qualifierId': 212, 'value': '12.2'}, {'id': 5776069649, 'qualifierId': 141, 'value': '75.8'}]",48l2ildbeme2l336nor2hw6lm,E. Ball,,Kansas City Current,Home
2823520195,144,1,1,14,59,agxipc0vk4rtg09amjxv10nx0,0,31.8,73.6,2025-06-21T00:25:20.665Z,2025-06-21T00:25:22Z,"[{'id': 5776069713, 'qualifierId': 1}, {'id': 5776069701, 'qualifierId': 155}, {'id': 5776069703, 'qualifierId': 56, 'value': 'Left'}, {'id': 5776069711, 'qualifierId': 213, 'value': '0.14'}, {'id': 5776069705, 'qualifierId': 140, 'value': '68.1'}, {'id': 5776069709, 'qualifierId': 212, 'value': '38.5'}, {'id': 5776069707, 'qualifierId': 141, 'value': '81.3'}]",cl1av4qyzjkq03akjof6tdf1m,K. Sharples,,Kansas City Current,Home
2823520197,161,1,1,15,1,6hbfgdczbi3yg4sdpqgtu6s,0,27.8,21.2,2025-06-21T00:25:22.721Z,2025-06-21T00:25:23Z,"[{'id': 5776069721, 'qualifierId': 56, 'value': 'Back'}, {'id': 5776069729, 'qualifierId': 213, 'value': '0.21'}, {'id': 5776069725, 'qualifierId': 141, 'value': '25.2'}, {'id': 5776069723, 'qualifierId': 140, 'value': '39.9'}, {'id': 5776069719, 'qualifierId': 3}, {'id': 5776069727, 'qualifierId': 212, 'value': '13.0'}]",etdam0sfwiphiwykieovlsyy1,S. Gorden,,Angel City,Away
2823520219,145,1,1,15,6,agxipc0vk4rtg09amjxv10nx0,1,54.6,68.4,2025-06-21T00:25:27.417Z,2025-06-21T00:25:34Z,"[{'id': 5776069843, 'qualifierId': 56, 'value': 'Center'}, {'id': 5776069851, 'qualifierId': 213, 'value': '4.67'}, {'id': 5776069845, 'qualifierId': 140, 'value': '53.6'}, {'id': 5776069849, 'qualifierId': 212, 'value': '24.5'}, {'id': 5776069847, 'qualifierId': 141, 'value': '32.4'}]",6k82rq8synvac950ext5t0jpx,R. Rodríguez,,Kansas City Current,Home
2823520229,146,1,1,15,12,agxipc0vk4rtg09amjxv10nx0,1,60.7,27.1,2025-06-21T00:25:34.129Z,2025-06-21T00:25:35Z,"[{'id': 5776069889, 'qualifierId': 141, 'value': '41.5'}, {'id': 5776069885, 'qualifierId': 56, 'value': 'Back'}, {'id': 5776069893, 'qualifierId': 213, 'value': '2.61'}, {'id': 5776069891, 'qualifierId': 212, 'value': '19.4'}, {'id': 5776069887, 'qualifierId': 140, 'value': '44.7'}]",9wvoeo39cgbelv8ddqin3aaga,H. Mace,,Kansas City Current,Home
2823520239,147,1,1,15,14,agxipc0vk4rtg09amjxv10nx0,1,44.7,41.5,2025-06-21T00:25:35.561Z,2025-06-21T00:25:39Z,"[{'id': 5776069959, 'qualifierId': 212, 'value': '17.0'}, {'id': 5776069961, 'qualifierId': 213, 'value': '0.72'}, {'id': 5776069955, 'qualifierId': 140, 'value': '56.9'}, {'id': 5776069953, 'qualifierId': 56, 'value': 'Center'}, {'id': 5776069957, 'qualifierId': 141, 'value': '58.0'}]",48l2ildbeme2l336nor2hw6lm,E. Ball,,Kansas City Current,Home
2823520253,148,1,1,15,18,agxipc0vk4rtg09amjxv10nx0,0,62.1,49.2,2025-06-21T00:25:39.562Z,2025-06-21T00:25:45Z,"[{'id': 5776070053, 'qualifierId': 141, 'value': '36.0'}, {'id': 5776070059, 'qualifierId': 1}, {'id': 5776070055, 'qualifierId': 212, 'value': '39.3'}, {'id': 5776070057, 'qualifierId': 213, 'value': '6.05'}, {'id': 5776070047, 'qualifierId': 155}, {'id': 5776070049, 'qualifierId': 56, 'value': 'Center'}, {'id': 5776070051, 'qualifierId': 140, 'value': '98.5'}]",6hyf258ii56nw917w0b4ekob8,C. Hutton,,Kansas City Current,Home
2823520259,162,52,1,15,24,6hbfgdczbi3yg4sdpqgtu6s,1,1.1,63.0,2025-06-21T00:25:45.424Z,2025-06-27T17:40:18Z,"[{'id': 5781753477, 'qualifierId': 376}]",lg9muzm3sbiijicsik53m3je,A. Anderson,,Angel City,Away
2823520395,163,80,1,15,59,6hbfgdczbi3yg4sdpqgtu6s,0,15.2,49.4,2025-06-21T00:26:20.287Z,2025-06-27T17:40:45Z,"[{'id': 5781753735, 'qualifierId': 189}]",lg9muzm3sbiijicsik53m3je,A. Anderson,,Angel City,Away
2823520407,164,1,1,16,0,6hbfgdczbi3yg4sdpqgtu6s,0,18.7,70.3,2025-06-21T00:26:21.744Z,2025-06-21T00:26:22Z,"[{'id': 5776071007, 'qualifierId': 198}, {'id': 5776071011, 'qualifierId': 140, 'value': '59.9'}, {'id': 5776071009, 'qualifierId': 56, 'value': 'Center'}, {'id': 5776071005, 'qualifierId': 157}, {'id': 5776071013, 'qualifierId': 141, 'value': '75.3'}, {'id': 5776071019, 'qualifierId': 1}, {'id': 5776071015, 'qualifierId': 212, 'value': '43.4'}, {'id': 5776071017, 'qualifierId': 213, 'value': '0.08'}]",lg9muzm3sbiijicsik53m3je,A. Anderson,,Angel City,Away
2823520421,150,1,1,16,3,agxipc0vk4rtg09amjxv10nx0,0,37.5,24.9,2025-06-21T00:26:25.201Z,2025-06-21T01:17:25Z,"[{'id': 5776071071, 'qualifierId': 56, 'value': 'Back'}, {'id': 5776071069, 'qualifierId': 3}, {'id': 5776071073, 'qualifierId': 140, 'value': '48.7'}, {'id': 5776071079, 'qualifierId': 213, 'value': '6.05'}, {'id': 5776071075, 'qualifierId': 141, 'value': '20.8'}, {'id': 5776071077, 'qualifierId': 212, 'value': '12.1'}]",cl1av4qyzjkq03akjof6tdf1m,K. Sharples,,Kansas City Current,Home
2823520429,165,1,1,16,4,6hbfgdczbi3yg4sdpqgtu6s,1,45.1,80.2,2025-06-21T00:26:25.520Z,2025-06-21T00:26:29Z,"[{'id': 5776071125, 'qualifierId': 213, 'value': '6.18'}, {'id': 5776071117, 'qualifierId': 56, 'value': 'Center'}, {'id': 5776071123, 'qualifierId': 212, 'value': '13.0'}, {'id': 5776071121, 'qualifierId': 141, 'value': '78.2'}, {'id': 5776071115, 'qualifierId': 3}, {'id': 5776071119, 'qualifierId': 140, 'value': '57.4'}]",1enu619pvakj78wtsfuilbj3e,M. A. Vignola,,Angel City,Away
2823520433,166,61,1,16,7,6hbfgdczbi3yg4sdpqgtu6s,0,56.7,78.2,2025-06-21T00:26:29.025Z,2025-06-21T00:26:29Z,"[{'id': 5776071143, 'qualifierId': 56, 'value': 'Center'}]",bngif4yqa0asu77nptsb06n10,R. Tiernan,,Angel City,Away
2823520435,151,4,1,16,8,agxipc0vk4rtg09amjxv10nx0,1,46.0,18.3,2025-06-21T00:26:29.865Z,2025-06-21T00:43:10Z,"[{'id': 5776071157, 'qualifierId': 13}, {'id': 5776071161, 'qualifierId': 56, 'value': 'Back'}, {'id': 5776071159, 'qualifierId': 294}, {'id': 5776071163, 'qualifierId': 152}, {'id': 5776071165, 'qualifierId': 286}, {'id': 5776071227, 'qualifierId': 233, 'value': '167'}]",e1irspfo9xupqz2sqvyq1zp0q,M. Cooper,,Kansas City Current,Home
2823520439,167,4,1,16,8,6hbfgdczbi3yg4sdpqgtu6s,0,54.0,81.7,2025-06-21T00:26:29.866Z,2025-06-21T00:43:10Z,"[{'id': 5776071219, 'qualifierId': 294}, {'id': 5776071223, 'qualifierId': 152}, {'id': 5776071217, 'qualifierId': 13}, {'id': 5776071225, 'qualifierId': 285}, {'id': 5776071231, 'qualifierId': 233, 'value': '151'}, {'id': 5776071221, 'qualifierId': 56, 'value': 'Left'}]",3bx0w0ftkij1lqrt727gjd94a,M. Hammond,,Angel City,Away
2823520533,153,1,1,16,34,agxipc0vk4rtg09amjxv10nx0,1,44.8,7.9,2025-06-21T00:26:55.816Z,2025-06-21T00:26:58Z,"[{'id': 5776071721, 'qualifierId': 152}, {'id': 5776071731, 'qualifierId': 213, 'value': '1.87'}, {'id': 5776071727, 'qualifierId': 141, 'value': '66.5'}, {'id': 5776071719, 'qualifierId': 5}, {'id': 5776071725, 'qualifierId': 140, 'value': '33.2'}, {'id': 5776071729, 'qualifierId': 212, 'value': '41.7'}, {'id': 5776071733, 'qualifierId': 1}, {'id': 5776071723, 'qualifierId': 56, 'value': 'Back'}]",9wvoeo39cgbelv8ddqin3aaga,H. Mace,,Kansas City Current,Home
2823520563,154,1,1,16,37,agxipc0vk4rtg09amjxv10nx0,1,33.2,66.5,2025-06-21T00:26:58.640Z,2025-06-21T00:27:03Z,"[{'id': 5776071855, 'qualifierId': 213, 'value': '4.76'}, {'id': 5776071847, 'qualifierId': 56, 'value': 'Back'}, {'id': 5776071853, 'qualifierId': 212, 'value': '17.2'}, {'id': 5776071851, 'qualifierId': 141, 'value': '41.3'}, {'id': 5776071849, 'qualifierId': 140, 'value': '33.9'}]",cl1av4qyzjkq03akjof6tdf1m,K. Sharples,,Kansas City Current,Home
2823520571,155,1,1,16,42,agxipc0vk4rtg09amjxv10nx0,1,34.6,38.2,2025-06-21T00:27:03.648Z,2025-06-21T00:27:06Z,"[{'id': 5776071921, 'qualifierId': 140, 'value': '37.0'}, {'id': 5776071927, 'qualifierId': 213, 'value': '4.85'}, {'id': 5776071919, 'qualifierId': 56, 'value': 'Back'}, {'id': 5776071923, 'qualifierId': 141, 'value': '10.8'}, {'id': 5776071925, 'qualifierId': 212, 'value': '18.8'}]",48l2ildbeme2l336nor2hw6lm,E. Ball,,Kansas City Current,Home
2823520587,156,1,1,16,45,agxipc0vk4rtg09amjxv10nx0,1,36.9,11.3,2025-06-21T00:27:06.576Z,2025-06-21T00:27:08Z,"[{'id': 5776071993, 'qualifierId': 141, 'value': '12.8'}, {'id': 5776071989, 'qualifierId': 56, 'value': 'Right'}, {'id': 5776071995, 'qualifierId': 212, 'value': '14.7'}, {'id': 5776071997, 'qualifierId': 213, 'value': '0.07'}, {'id': 5776071991, 'qualifierId': 140, 'value': '50.9'}]",9wvoeo39cgbelv8ddqin3aaga,H. Mace,,Kansas City Current,Home
2823520597,157,1,1,16,47,agxipc0vk4rtg09amjxv10nx0,1,50.9,12.8,2025-06-21T00:27:08.904Z,2025-06-21T00:27:11Z,"[{'id': 5776072061, 'qualifierId': 56, 'value': 'Back'}, {'id': 5776072067, 'qualifierId': 212, 'value': '3.6'}, {'id': 5776072063, 'qualifierId': 140, 'value': '47.8'}, {'id': 5776072069, 'qualifierId': 213, 'value': '2.71'}, {'id': 5776072065, 'qualifierId': 141, 'value': '15.0'}]",dv8265k3za578hkzxxuttqmdx,V. DiBernardo,,Kansas City Current,Home
2823520609,158,1,1,16,49,agxipc0vk4rtg09amjxv10nx0,1,52.2,7.1,2025-06-21T00:27:11.136Z,2025-06-21T00:27:15Z,"[{'id': 5776072109, 'qualifierId': 140, 'value': '62.4'}, {'id': 5776072111, 'qualifierId': 141, 'value': '5.2'}, {'id': 5776072115, 'qualifierId': 213, 'value': '6.16'}, {'id': 5776072113, 'qualifierId': 212, 'value': '10.8'}, {'id': 5776072107, 'qualifierId': 56, 'value': 'Right'}]",6k82rq8synvac950ext5t0jpx,R. Rodríguez,,Kansas City Current,Home
2823520615,159,1,1,16,54,agxipc0vk4rtg09amjxv10nx0,0,72.5,8.8,2025-06-21T00:27:15.529Z,2025-06-27T17:43:11Z,"[{'id': 5776072123, 'qualifierId': 155}, {'id': 5781754837, 'qualifierId': 2}, {'id': 5776072125, 'qualifierId': 56, 'value': 'Center'}, {'id': 5776072129, 'qualifierId': 141, 'value': '48.5'}, {'id': 5776072133, 'qualifierId': 213, 'value': '1.19'}, {'id': 5781754895, 'qualifierId': 224}, {'id': 5776072127, 'qualifierId': 140, 'value': '82.9'}, {'id': 5781754897, 'qualifierId': 20}, {'id': 5776072131, 'qualifierId': 212, 'value': '29.1'}]",dv8265k3za578hkzxxuttqmdx,V. DiBernardo,,Kansas City Current,Home
2823520619,169,12,1,16,55,6hbfgdczbi3yg4sdpqgtu6s,1,15.2,51.9,2025-06-21T00:27:17.024Z,2025-06-27T17:43:22Z,"[{'id': 5776072149, 'qualifierId': 56, 'value': 'Back'}, {'id': 5781754949, 'qualifierId': 141, 'value': '66.9'}, {'id': 5781754951, 'qualifierId': 212, 'value': '12.6'}, {'id': 5781754953, 'qualifierId': 213, 'value': '0.95'}, {'id': 5781754947, 'qualifierId': 140, 'value': '22.2'}]",etdam0sfwiphiwykieovlsyy1,S. Gorden,,Angel City,Away
2823520623,170,49,1,16,56,6hbfgdczbi3yg4sdpqgtu6s,1,23.3,61.8,2025-06-21T00:27:18.192Z,2025-06-21T00:27:18Z,[],8f2og4ng2s6f8qeikft26h2qc,M. Hodge,,Angel City,Away
2823520637,171,1,1,16,57,6hbfgdczbi3yg4sdpqgtu6s,1,23.3,61.8,2025-06-21T00:27:18.272Z,2025-06-21T00:27:23Z,"[{'id': 5776072223, 'qualifierId': 140, 'value': '26.6'}, {'id': 5776072229, 'qualifierId': 213, 'value': '4.92'}, {'id': 5776072225, 'qualifierId': 141, 'value': '37.4'}, {'id': 5776072227, 'qualifierId': 212, 'value': '16.9'}, {'id': 5776072221, 'qualifierId': 56, 'value': 'Back'}]",8f2og4ng2s6f8qeikft26h2qc,M. Hodge,,Angel City,Away
2823520649,172,1,1,17,2,6hbfgdczbi3yg4sdpqgtu6s,1,48.4,13.7,2025-06-21T00:27:23.936Z,2025-06-21T00:27:27Z,"[{'id': 5776072311, 'qualifierId': 213, 'value': '0.84'}, {'id': 5776072305, 'qualifierId': 140, 'value': '58.4'}, {'id': 5776072309, 'qualifierId': 212, 'value': '15.8'}, {'id': 5776072303, 'qualifierId': 56, 'value': 'Center'}, {'id': 5776072307, 'qualifierId': 141, 'value': '31.0'}]",9mo419gtk6dy5lhcvatcllkyy,J. Dufour,,Angel City,Away
2823520659,173,1,1,17,6,6hbfgdczbi3yg4sdpqgtu6s,1,59.8,16.8,2025-06-21T00:27:27.263Z,2025-06-21T00:27:28Z,"[{'id': 5776072351, 'qualifierId': 212, 'value': '7.3'}, {'id': 5776072345, 'qualifierId': 56, 'value': 'Right'}, {'id': 5776072349, 'qualifierId': 141, 'value': '8.6'}, {'id': 5776072347, 'qualifierId': 140, 'value': '64.3'}, {'id': 5776072353, 'qualifierId': 213, 'value': '5.42'}]",bngif4yqa0asu77nptsb06n10,R. Tiernan,,Angel City,Away
2823520671,174,1,1,17,7,6hbfgdczbi3yg4sdpqgtu6s,1,64.3,8.6,2025-06-21T00:27:28.512Z,2025-06-21T00:27:31Z,"[{'id': 5776072399, 'qualifierId': 140, 'value': '56.6'}, {'id': 5776072401, 'qualifierId': 141, 'value': '5.8'}, {'id': 5776072403, 'qualifierId': 212, 'value': '8.3'}, {'id': 5776072397, 'qualifierId': 56, 'value': 'Right'}, {'id': 5776072405, 'qualifierId': 213, 'value': '3.37'}]",9mo419gtk6dy5lhcvatcllkyy,J. Dufour,,Angel City,Away
2823520689,175,1,1,17,10,6hbfgdczbi3yg4sdpqgtu6s,1,55.0,5.3,2025-06-21T00:27:31.327Z,2025-06-21T00:27:36Z,"[{'id': 5776072479, 'qualifierId': 56, 'value': 'Back'}, {'id': 5776072487, 'qualifierId': 213, 'value': '2.59'}, {'id': 5776072485, 'qualifierId': 212, 'value': '19.1'}, {'id': 5776072483, 'qualifierId': 141, 'value': '20.1'}, {'id': 5776072481, 'qualifierId': 140, 'value': '39.5'}]",89fa211ocgno2q0to22emh20a,G. Thompson,,Angel City,Away
2823520703,176,1,1,17,14,6hbfgdczbi3yg4sdpqgtu6s,1,39.5,20.1,2025-06-21T00:27:36Z,2025-06-21T00:27:39Z,"[{'id': 5776072537, 'qualifierId': 141, 'value': '50.3'}, {'id': 5776072539, 'qualifierId': 212, 'value': '21.6'}, {'id': 5776072535, 'qualifierId': 140, 'value': '33.2'}, {'id': 5776072533, 'qualifierId': 56, 'value': 'Back'}, {'id': 5776072541, 'qualifierId': 213, 'value': '1.88'}]",etdam0sfwiphiwykieovlsyy1,S. Gorden,,Angel City,Away
2823520707,177,1,1,17,17,6hbfgdczbi3yg4sdpqgtu6s,1,33.2,50.3,2025-06-21T00:27:39.104Z,2025-06-21T00:27:40Z,"[{'id': 5776072557, 'qualifierId': 56, 'value': 'Back'}, {'id': 5776072563, 'qualifierId': 212, 'value': '16.6'}, {'id': 5776072565, 'qualifierId': 213, 'value': '1.13'}, {'id': 5776072561, 'qualifierId': 141, 'value': '72.3'}, {'id': 5776072559, 'qualifierId': 140, 'value': '40.0'}]",6bcvcloym3tzxss5hgsw4h1at,A. Kennedy,,Angel City,Away
2823520721,178,1,1,17,19,6hbfgdczbi3yg4sdpqgtu6s,1,40.0,72.3,2025-06-21T00:27:40.752Z,2025-06-21T00:27:42Z,"[{'id': 5776072637, 'qualifierId': 213, 'value': '0.84'}, {'id': 5776072635, 'qualifierId': 212, 'value': '21.6'}, {'id': 5776072629, 'qualifierId': 56, 'value': 'Left'}, {'id': 5776072633, 'qualifierId': 141, 'value': '96.0'}, {'id': 5776072631, 'qualifierId': 140, 'value': '53.7'}]",6opd7nuh51c7p6pn6w04yuntg,M. Reid,,Angel City,Away
2823520733,179,1,1,17,21,6hbfgdczbi3yg4sdpqgtu6s,1,53.7,96.0,2025-06-21T00:27:42.736Z,2025-06-21T00:27:47Z,"[{'id': 5776072697, 'qualifierId': 140, 'value': '39.3'}, {'id': 5776072703, 'qualifierId': 213, 'value': '3.82'}, {'id': 5776072695, 'qualifierId': 56, 'value': 'Back'}, {'id': 5776072699, 'qualifierId': 141, 'value': '77.9'}, {'id': 5776072701, 'qualifierId': 212, 'value': '19.5'}]",1enu619pvakj78wtsfuilbj3e,M. A. Vignola,,Angel City,Away
2823520753,180,1,1,17,26,6hbfgdczbi3yg4sdpqgtu6s,1,42.4,78.2,2025-06-21T00:27:47.600Z,2025-06-21T00:27:50Z,"[{'id': 5776072807, 'qualifierId': 141, 'value': '65.1'}, {'id': 5776072805, 'qualifierId': 140, 'value': '35.6'}, {'id': 5776072811, 'qualifierId': 213, 'value': '4.04'}, {'id': 5776072809, 'qualifierId': 212, 'value': '11.4'}, {'id': 5776072803, 'qualifierId': 56, 'value': 'Back'}]",6opd7nuh51c7p6pn6w04yuntg,M. Reid,,Angel City,Away
2823520755,181,1,1,17,29,6hbfgdczbi3yg4sdpqgtu6s,1,35.2,65.1,2025-06-21T00:27:50.480Z,2025-06-21T00:27:51Z,"[{'id': 5776072825, 'qualifierId': 212, 'value': '11.1'}, {'id': 5776072823, 'qualifierId': 141, 'value': '77.9'}, {'id': 5776072827, 'qualifierId': 213, 'value': '0.90'}, {'id': 5776072819, 'qualifierId': 56, 'value': 'Back'}, {'id': 5776072821, 'qualifierId': 140, 'value': '41.8'}]",6bcvcloym3tzxss5hgsw4h1at,A. Kennedy,,Angel City,Away
2823520763,182,1,1,17,30,6hbfgdczbi3yg4sdpqgtu6s,1,41.8,77.9,2025-06-21T00:27:51.648Z,2025-06-21T00:27:57Z,"[{'id': 5776072881, 'qualifierId': 140, 'value': '31.2'}, {'id': 5776072883, 'qualifierId': 141, 'value': '59.3'}, {'id': 5776072885, 'qualifierId': 212, 'value': '16.8'}, {'id': 5776072887, 'qualifierId': 213, 'value': '3.99'}, {'id': 5776072879, 'qualifierId': 56, 'value': 'Back'}]",6opd7nuh51c7p6pn6w04yuntg,M. Reid,,Angel City,Away
2823520781,183,1,1,17,36,6hbfgdczbi3yg4sdpqgtu6s,1,32.6,57.2,2025-06-21T00:27:57.888Z,2025-06-21T00:28:02Z,"[{'id': 5776072977, 'qualifierId': 213, 'value': '1.33'}, {'id': 5776072975, 'qualifierId': 212, 'value': '16.5'}, {'id': 5776072973, 'qualifierId': 141, 'value': '80.8'}, {'id': 5776072969, 'qualifierId': 56, 'value': 'Back'}, {'id': 5776072971, 'qualifierId': 140, 'value': '36.4'}]",6bcvcloym3tzxss5hgsw4h1at,A. Kennedy,,Angel City,Away
2823520813,184,1,1,17,41,6hbfgdczbi3yg4sdpqgtu6s,1,36.2,80.3,2025-06-21T00:28:02.320Z,2025-06-21T00:28:07Z,"[{'id': 5776073091, 'qualifierId': 140, 'value': '32.0'}, {'id': 5776073093, 'qualifierId': 141, 'value': '59.1'}, {'id': 5776073089, 'qualifierId': 56, 'value': 'Back'}, {'id': 5776073095, 'qualifierId': 212, 'value': '15.1'}, {'id': 5776073097, 'qualifierId': 213, 'value': '4.42'}]",6opd7nuh51c7p6pn6w04yuntg,M. Reid,,Angel City,Away
2823520823,185,1,1,17,46,6hbfgdczbi3yg4sdpqgtu6s,1,31.6,58.8,2025-06-21T00:28:07.728Z,2025-06-21T00:28:10Z,"[{'id': 5776073169, 'qualifierId': 140, 'value': '38.3'}, {'id': 5776073171, 'qualifierId': 141, 'value': '81.7'}, {'id': 5776073175, 'qualifierId': 213, 'value': '1.15'}, {'id': 5776073167, 'qualifierId': 56, 'value': 'Back'}, {'id': 5776073173, 'qualifierId': 212, 'value': '17.1'}]",6bcvcloym3tzxss5hgsw4h1at,A. Kennedy,,Angel City,Away
2823520827,186,1,1,17,49,6hbfgdczbi3yg4sdpqgtu6s,1,43.3,81.7,2025-06-21T00:28:10.928Z,2025-06-21T00:28:13Z,"[{'id': 5776073195, 'qualifierId': 141, 'value': '96.2'}, {'id': 5776073199, 'qualifierId': 213, 'value': '0.70'}, {'id': 5776073193, 'qualifierId': 140, 'value': '54.5'}, {'id': 5776073191, 'qualifierId': 56, 'value': 'Left'}, {'id': 5776073197, 'qualifierId': 212, 'value': '15.3'}]",6opd7nuh51c7p6pn6w04yuntg,M. Reid,,Angel City,Away
2823520843,187,1,1,17,51,6hbfgdczbi3yg4sdpqgtu6s,0,54.7,96.2,2025-06-21T00:28:13.072Z,2025-06-21T00:28:15Z,"[{'id': 5776073287, 'qualifierId': 140, 'value': '77.6'}, {'id': 5776073291, 'qualifierId': 212, 'value': '24.1'}, {'id': 5776073293, 'qualifierId': 213, 'value': '6.25'}, {'id': 5776073289, 'qualifierId': 141, 'value': '95.1'}, {'id': 5776073285, 'qualifierId': 56, 'value': 'Left'}]",1enu619pvakj78wtsfuilbj3e,M. A. Vignola,,Angel City,Away
2823520845,160,49,1,17,54,agxipc0vk4rtg09amjxv10nx0,1,17.9,4.7,2025-06-21T00:28:15.703Z,2025-06-21T00:28:15Z,[],9wvoeo39cgbelv8ddqin3aaga,H. Mace,,Kansas City Current,Home
2823520863,161,1,1,17,54,agxipc0vk4rtg09amjxv10nx0,1,17.9,4.7,2025-06-21T00:28:16.248Z,2025-06-21T00:28:19Z,"[{'id': 5776073397, 'qualifierId': 212, 'value': '25.0'}, {'id': 5776073393, 'qualifierId': 140, 'value': '3.6'}, {'id': 5776073395, 'qualifierId': 141, 'value': '34.1'}, {'id': 5776073399, 'qualifierId': 213, 'value': '2.21'}, {'id': 5776073391, 'qualifierId': 56, 'value': 'Back'}]",9wvoeo39cgbelv8ddqin3aaga,H. Mace,,Kansas City Current,Home
2823520877,162,1,1,17,58,agxipc0vk4rtg09amjxv10nx0,0,3.6,29.4,2025-06-21T00:28:19.800Z,2025-06-21T00:28:22Z,"[{'id': 5776073485, 'qualifierId': 1}, {'id': 5776073477, 'qualifierId': 140, 'value': '38.9'}, {'id': 5776073483, 'qualifierId': 213, 'value': '6.09'}, {'id': 5776073479, 'qualifierId': 141, 'value': '18.7'}, {'id': 5776073475, 'qualifierId': 56, 'value': 'Back'}, {'id': 5776073473, 'qualifierId': 157}, {'id': 5776073481, 'qualifierId': 212, 'value': '37.8'}]",das6ydxiwz8trtyp98ss5i295,Lorena,,Kansas City Current,Home
2823520895,188,1,1,18,2,6hbfgdczbi3yg4sdpqgtu6s,1,66.3,85.0,2025-06-21T00:28:23.471Z,2025-06-21T00:28:25Z,"[{'id': 5776073587, 'qualifierId': 212, 'value': '14.7'}, {'id': 5776073583, 'qualifierId': 140, 'value': '65.9'}, {'id': 5776073589, 'qualifierId': 213, 'value': '4.68'}, {'id': 5776073585, 'qualifierId': 141, 'value': '63.4'}, {'id': 5776073581, 'qualifierId': 56, 'value': 'Center'}]",1enu619pvakj78wtsfuilbj3e,M. A. Vignola,,Angel City,Away
2823520897,189,49,1,18,3,6hbfgdczbi3yg4sdpqgtu6s,1,67.3,63.3,2025-06-21T00:28:25.216Z,2025-06-21T00:28:25Z,[],8f2og4ng2s6f8qeikft26h2qc,M. Hodge,,Angel City,Away
2823520903,190,3,1,18,5,6hbfgdczbi3yg4sdpqgtu6s,0,71.5,67.1,2025-06-21T00:28:26.432Z,2025-06-27T17:44:52Z,"[{'id': 5776073647, 'qualifierId': 233, 'value': '163'}, {'id': 5781755575, 'qualifierId': 465}, {'id': 5776073605, 'qualifierId': 56, 'value': 'Center'}, {'id': 5776073607, 'qualifierId': 286}]",8f2og4ng2s6f8qeikft26h2qc,M. Hodge,,Angel City,Away
2823520907,163,7,1,18,5,agxipc0vk4rtg09amjxv10nx0,0,28.5,32.9,2025-06-21T00:28:26.433Z,2025-06-27T17:44:52Z,"[{'id': 5781755543, 'qualifierId': 178}, {'id': 5776073633, 'qualifierId': 56, 'value': 'Back'}, {'id': 5776073641, 'qualifierId': 233, 'value': '190'}, {'id': 5776073635, 'qualifierId': 285}, {'id': 5781755541, 'qualifierId': 385}]",6k82rq8synvac950ext5t0jpx,R. Rodríguez,,Kansas City Current,Home
2823520931,191,1,1,18,10,6hbfgdczbi3yg4sdpqgtu6s,1,64.7,46.0,2025-06-21T00:28:31.279Z,2025-06-21T00:28:32Z,"[{'id': 5776073779, 'qualifierId': 141, 'value': '42.7'}, {'id': 5776073775, 'qualifierId': 56, 'value': 'Center'}, {'id': 5776073781, 'qualifierId': 212, 'value': '5.5'}, {'id': 5776073783, 'qualifierId': 213, 'value': '5.86'}, {'id': 5776073777, 'qualifierId': 140, 'value': '69.5'}]",3bx0w0ftkij1lqrt727gjd94a,M. Hammond,,Angel City,Away
2823520939,192,1,1,18,11,6hbfgdczbi3yg4sdpqgtu6s,1,69.5,42.7,2025-06-21T00:28:32.767Z,2025-06-21T00:28:35Z,"[{'id': 5776073837, 'qualifierId': 140, 'value': '59.6'}, {'id': 5776073841, 'qualifierId': 212, 'value': '16.2'}, {'id': 5776073839, 'qualifierId': 141, 'value': '24.4'}, {'id': 5776073835, 'qualifierId': 56, 'value': 'Center'}, {'id': 5776073843, 'qualifierId': 213, 'value': '4.02'}, {'id': 5776073847, 'qualifierId': 156}]",9mo419gtk6dy5lhcvatcllkyy,J. Dufour,,Angel City,Away
2823520943,193,1,1,18,14,6hbfgdczbi3yg4sdpqgtu6s,1,59.6,24.4,2025-06-21T00:28:35.567Z,2025-06-21T00:28:36Z,"[{'id': 5776073869, 'qualifierId': 140, 'value': '63.0'}, {'id': 5776073871, 'qualifierId': 141, 'value': '30.9'}, {'id': 5776073867, 'qualifierId': 56, 'value': 'Center'}, {'id': 5776073873, 'qualifierId': 212, 'value': '5.7'}, {'id': 5776073875, 'qualifierId': 213, 'value': '0.89'}]",etdam0sfwiphiwykieovlsyy1,S. Gorden,,Angel City,Away
2823520951,194,1,1,18,15,6hbfgdczbi3yg4sdpqgtu6s,1,63.0,30.9,2025-06-21T00:28:36.367Z,2025-06-21T00:28:40Z,"[{'id': 5776073907, 'qualifierId': 141, 'value': '22.4'}, {'id': 5776073905, 'qualifierId': 140, 'value': '51.8'}, {'id': 5776073911, 'qualifierId': 213, 'value': '3.60'}, {'id': 5776073909, 'qualifierId': 212, 'value': '13.1'}, {'id': 5776073903, 'qualifierId': 56, 'value': 'Center'}]",3bx0w0ftkij1lqrt727gjd94a,M. Hammond,,Angel City,Away
2823520955,164,83,1,18,18,agxipc0vk4rtg09amjxv10nx0,0,56.4,75.1,2025-06-21T00:28:39.583Z,2025-06-21T00:43:17Z,"[{'id': 5776093595, 'qualifierId': 399, 'value': 'etdam0sfwiphiwykieovlsyy1'}]",ccw8gtkcahxf21rutqldjvkve,T. Chawinga,,Kansas City Current,Home
2823520957,195,1,1,18,18,6hbfgdczbi3yg4sdpqgtu6s,0,48.2,25.6,2025-06-21T00:28:40.223Z,2025-06-21T00:28:40Z,"[{'id': 5776073933, 'qualifierId': 140, 'value': '56.8'}, {'id': 5776073939, 'qualifierId': 213, 'value': '0.36'}, {'id': 5776073935, 'qualifierId': 141, 'value': '30.6'}, {'id': 5776073937, 'qualifierId': 212, 'value': '9.6'}, {'id': 5776073931, 'qualifierId': 56, 'value': 'Center'}]",etdam0sfwiphiwykieovlsyy1,S. Gorden,,Angel City,Away
2823520965,165,49,1,18,21,agxipc0vk4rtg09amjxv10nx0,1,51.7,66.0,2025-06-21T00:28:43.167Z,2025-06-21T00:28:43Z,[],dv8265k3za578hkzxxuttqmdx,V. DiBernardo,,Kansas City Current,Home
2823520987,166,1,1,18,22,agxipc0vk4rtg09amjxv10nx0,1,51.5,65.7,2025-06-21T00:28:43.495Z,2025-06-21T00:29:20Z,"[{'id': 5776074097, 'qualifierId': 213, 'value': '0.36'}, {'id': 5776074087, 'qualifierId': 155}, {'id': 5776074093, 'qualifierId': 141, 'value': '86.7'}, {'id': 5776074089, 'qualifierId': 56, 'value': 'Left'}, {'id': 5776074095, 'qualifierId': 212, 'value': '40.2'}, {'id': 5776074099, 'qualifierId': 1}, {'id': 5776074091, 'qualifierId': 140, 'value': '87.3'}]",dv8265k3za578hkzxxuttqmdx,V. DiBernardo,,Kansas City Current,Home
2823521003,167,1,1,18,32,agxipc0vk4rtg09amjxv10nx0,0,91.4,78.5,2025-06-21T00:28:53.343Z,2025-06-21T00:28:55Z,"[{'id': 5776074151, 'qualifierId': 140, 'value': '93.8'}, {'id': 5776074149, 'qualifierId': 56, 'value': 'Center'}, {'id': 5776074157, 'qualifierId': 213, 'value': '4.86'}, {'id': 5776074155, 'qualifierId': 212, 'value': '16.9'}, {'id': 5776074153, 'qualifierId': 141, 'value': '53.9'}]",ccw8gtkcahxf21rutqldjvkve,T. Chawinga,,Kansas City Current,Home
2823521011,196,61,1,18,35,6hbfgdczbi3yg4sdpqgtu6s,1,6.4,48.1,2025-06-21T00:28:56.791Z,2025-06-21T00:28:56Z,"[{'id': 5776074193, 'qualifierId': 56, 'value': 'Back'}]",6bcvcloym3tzxss5hgsw4h1at,A. Kennedy,,Angel City,Away
2823521017,197,12,1,18,37,6hbfgdczbi3yg4sdpqgtu6s,1,3.5,69.9,2025-06-21T00:28:58.911Z,2025-06-21T00:29:01Z,"[{'id': 5776074219, 'qualifierId': 213, 'value': '0.54'}, {'id': 5776074215, 'qualifierId': 141, 'value': '100.0'}, {'id': 5776074213, 'qualifierId': 140, 'value': '37.6'}, {'id': 5776074211, 'qualifierId': 56, 'value': 'Back'}, {'id': 5776074241, 'qualifierId': 167}, {'id': 5776074217, 'qualifierId': 212, 'value': '41.8'}]",1enu619pvakj78wtsfuilbj3e,M. A. Vignola,,Angel City,Away
2823521089,168,5,1,18,39,agxipc0vk4rtg09amjxv10nx0,1,64.0,-1.8,2025-06-21T00:29:00.568Z,2025-06-21T00:30:23Z,"[{'id': 5776074637, 'qualifierId': 56, 'value': 'Right'}, {'id': 5776074653, 'qualifierId': 233, 'value': '198'}, {'id': 5776074639, 'qualifierId': 347}]",ccw8gtkcahxf21rutqldjvkve,T. Chawinga,,Kansas City Current,Home
2823521021,198,5,1,18,39,6hbfgdczbi3yg4sdpqgtu6s,0,36.0,101.8,2025-06-21T00:29:00.568Z,2025-06-21T00:30:23Z,"[{'id': 5776074237, 'qualifierId': 56, 'value': 'Back'}, {'id': 5776074657, 'qualifierId': 233, 'value': '168'}, {'id': 5776074239, 'qualifierId': 347}]",1enu619pvakj78wtsfuilbj3e,M. A. Vignola,,Angel City,Away
2823521107,169,1,1,19,4,agxipc0vk4rtg09amjxv10nx0,1,52.5,0.0,2025-06-21T00:29:25.743Z,2025-06-21T00:29:37Z,"[{'id': 5776074763, 'qualifierId': 141, 'value': '28.1'}, {'id': 5776075045, 'qualifierId': 189}, {'id': 5776074769, 'qualifierId': 1}, {'id': 5776074765, 'qualifierId': 212, 'value': '23.1'}, {'id': 5776074767, 'qualifierId': 213, 'value': '2.06'}, {'id': 5776074757, 'qualifierId': 107}, {'id': 5776074761, 'qualifierId': 140, 'value': '42.2'}, {'id': 5776074759, 'qualifierId': 56, 'value': 'Back'}]",9wvoeo39cgbelv8ddqin3aaga,H. Mace,,Kansas City Current,Home
2823521111,170,1,1,19,5,agxipc0vk4rtg09amjxv10nx0,1,42.2,28.1,2025-06-21T00:29:26.431Z,2025-06-21T00:29:38Z,"[{'id': 5776074791, 'qualifierId': 141, 'value': '65.4'}, {'id': 5776074787, 'qualifierId': 56, 'value': 'Back'}, {'id': 5776075061, 'qualifierId': 189}, {'id': 5776074799, 'qualifierId': 213, 'value': '1.53'}, {'id': 5776074795, 'qualifierId': 212, 'value': '25.4'}, {'id': 5776074789, 'qualifierId': 140, 'value': '43.3'}]",48l2ildbeme2l336nor2hw6lm,E. Ball,,Kansas City Current,Home
2823521143,171,1,1,19,6,agxipc0vk4rtg09amjxv10nx0,1,43.5,65.9,2025-06-21T00:29:27.935Z,2025-06-21T00:29:33Z,"[{'id': 5776074897, 'qualifierId': 141, 'value': '86.7'}, {'id': 5776074901, 'qualifierId': 213, 'value': '0.93'}, {'id': 5776074893, 'qualifierId': 56, 'value': 'Left'}, {'id': 5776074899, 'qualifierId': 212, 'value': '17.6'}, {'id': 5776074895, 'qualifierId': 140, 'value': '53.5'}]",cl1av4qyzjkq03akjof6tdf1m,K. Sharples,,Kansas City Current,Home
2823521149,172,4,1,19,10,agxipc0vk4rtg09amjxv10nx0,1,59.9,91.6,2025-06-21T00:29:31.447Z,2025-06-27T17:46:54Z,"[{'id': 5776074951, 'qualifierId': 152}, {'id': 5776074949, 'qualifierId': 56, 'value': 'Left'}, {'id': 5776075021, 'qualifierId': 233, 'value': '199'}, {'id': 5776074947, 'qualifierId': 13}, {'id': 5776075019, 'qualifierId': 294}, {'id': 5776074955, 'qualifierId': 286}]",6hyf258ii56nw917w0b4ekob8,C. Hutton,,Kansas City Current,Home
2823521147,199,4,1,19,10,6hbfgdczbi3yg4sdpqgtu6s,0,40.1,8.4,2025-06-21T00:29:31.448Z,2025-06-27T17:46:56Z,"[{'id': 5776075003, 'qualifierId': 152}, {'id': 5776075005, 'qualifierId': 285}, {'id': 5776075011, 'qualifierId': 233, 'value': '172'}, {'id': 5776074997, 'qualifierId': 13}, {'id': 5776074999, 'qualifierId': 294}, {'id': 5776075001, 'qualifierId': 56, 'value': 'Back'}]",9mo419gtk6dy5lhcvatcllkyy,J. Dufour,,Angel City,Away
2823521169,173,1,1,19,29,agxipc0vk4rtg09amjxv10nx0,1,47.2,85.4,2025-06-21T00:29:51.031Z,2025-06-21T00:29:54Z,"[{'id': 5776075141, 'qualifierId': 5}, {'id': 5776075153, 'qualifierId': 213, 'value': '5.43'}, {'id': 5776075145, 'qualifierId': 56, 'value': 'Center'}, {'id': 5776075151, 'qualifierId': 212, 'value': '13.4'}, {'id': 5776075149, 'qualifierId': 141, 'value': '70.6'}, {'id': 5776075143, 'qualifierId': 152}, {'id': 5776075147, 'qualifierId': 140, 'value': '55.6'}]",6hyf258ii56nw917w0b4ekob8,C. Hutton,,Kansas City Current,Home
2823521171,174,1,1,19,32,agxipc0vk4rtg09amjxv10nx0,1,56.0,57.1,2025-06-21T00:29:54.047Z,2025-06-21T00:29:58Z,"[{'id': 5776075175, 'qualifierId': 56, 'value': 'Center'}, {'id': 5776075179, 'qualifierId': 141, 'value': '22.4'}, {'id': 5776075181, 'qualifierId': 212, 'value': '23.7'}, {'id': 5776075183, 'qualifierId': 213, 'value': '4.61'}, {'id': 5776075177, 'qualifierId': 140, 'value': '53.6'}]",6k82rq8synvac950ext5t0jpx,R. Rodríguez,,Kansas City Current,Home
2823521175,175,1,1,19,36,agxipc0vk4rtg09amjxv10nx0,1,55.7,15.0,2025-06-21T00:29:58.087Z,2025-06-21T00:30:00Z,"[{'id': 5776075195, 'qualifierId': 213, 'value': '5.70'}, {'id': 5776075193, 'qualifierId': 212, 'value': '14.9'}, {'id': 5776075189, 'qualifierId': 140, 'value': '67.5'}, {'id': 5776075187, 'qualifierId': 56, 'value': 'Right'}, {'id': 5776075191, 'qualifierId': 141, 'value': '2.9'}]",9wvoeo39cgbelv8ddqin3aaga,H. Mace,,Kansas City Current,Home
2823521179,176,1,1,19,39,agxipc0vk4rtg09amjxv10nx0,0,67.7,3.7,2025-06-21T00:30:00.487Z,2025-06-21T00:30:08Z,"[{'id': 5776075269, 'qualifierId': 1}, {'id': 5776075207, 'qualifierId': 141, 'value': '12.5'}, {'id': 5776075209, 'qualifierId': 212, 'value': '35.4'}, {'id': 5776075211, 'qualifierId': 213, 'value': '0.17'}, {'id': 5776075205, 'qualifierId': 140, 'value': '100.0'}, {'id': 5776075203, 'qualifierId': 56, 'value': 'Right'}]",e1irspfo9xupqz2sqvyq1zp0q,M. Cooper,,Kansas City Current,Home
2823521187,200,56,1,19,42,6hbfgdczbi3yg4sdpqgtu6s,1,1.8,94.4,2025-06-21T00:30:03.759Z,2025-06-21T00:30:08Z,"[{'id': 5776075247, 'qualifierId': 56, 'value': 'Back'}]",6opd7nuh51c7p6pn6w04yuntg,M. Reid,,Angel City,Away
2823521183,177,5,1,19,42,agxipc0vk4rtg09amjxv10nx0,0,101.6,10.6,2025-06-21T00:30:04.215Z,2025-06-21T00:30:23Z,"[{'id': 5776075231, 'qualifierId': 56, 'value': 'Right'}, {'id': 5776075233, 'qualifierId': 346}, {'id': 5776075291, 'qualifierId': 233, 'value': '201'}]",dv8265k3za578hkzxxuttqmdx,V. DiBernardo,,Kansas City Current,Home
2823521195,201,5,1,19,42,6hbfgdczbi3yg4sdpqgtu6s,1,-1.6,89.4,2025-06-21T00:30:04.215Z,2025-06-21T00:30:23Z,"[{'id': 5776075267, 'qualifierId': 346}, {'id': 5776075265, 'qualifierId': 56, 'value': 'Back'}, {'id': 5776075283, 'qualifierId': 233, 'value': '177'}]",6opd7nuh51c7p6pn6w04yuntg,M. Reid,,Angel City,Away
2823521295,178,27,1,20,6,agxipc0vk4rtg09amjxv10nx0,1,0.0,0.0,2025-06-21T00:30:27.256Z,2025-06-21T00:30:31Z,"[{'id': 5776075789, 'qualifierId': 233, 'value': '202'}]",,,,Kansas City Current,Home
2823521283,202,27,1,20,6,6hbfgdczbi3yg4sdpqgtu6s,1,0.0,0.0,2025-06-21T00:30:27.256Z,2025-06-21T00:30:31Z,"[{'id': 5776075727, 'qualifierId': 53, 'value': 'lg9muzm3sbiijicsik53m3je'}, {'id': 5776075725, 'qualifierId': 41, 'value': 'Injury'}, {'id': 5776075807, 'qualifierId': 233, 'value': '178'}]",,,,Angel City,Away
2823521453,179,43,1,20,42,agxipc0vk4rtg09amjxv10nx0,1,0.0,0.0,2025-06-21T00:31:03.887Z,2025-06-21T00:31:49Z,"[{'id': 5776077853, 'qualifierId': 144, 'value': '28'}, {'id': 5776076681, 'qualifierId': 55, 'value': '178'}]",,,,Kansas City Current,Home
2823521869,181,28,1,22,21,agxipc0vk4rtg09amjxv10nx0,1,0.0,0.0,2025-06-21T00:32:42.935Z,2025-06-21T00:43:08Z,"[{'id': 5776093355, 'qualifierId': 233, 'value': '204'}, {'id': 5776078901, 'qualifierId': 55, 'value': '178'}]",,,,Kansas City Current,Home
2823521921,204,28,1,22,21,6hbfgdczbi3yg4sdpqgtu6s,1,0.0,0.0,2025-06-21T00:32:42.935Z,2025-06-21T00:43:09Z,"[{'id': 5776079155, 'qualifierId': 55, 'value': '202'}, {'id': 5776093371, 'qualifierId': 233, 'value': '181'}]",,,,Angel City,Away
2823521965,205,1,1,22,36,6hbfgdczbi3yg4sdpqgtu6s,0,4.7,57.9,2025-06-21T00:32:58.143Z,2025-06-21T00:33:02Z,"[{'id': 5776079373, 'qualifierId': 213, 'value': '0.23'}, {'id': 5776079375, 'qualifierId': 1}, {'id': 5776079379, 'qualifierId': 74}, {'id': 5776079363, 'qualifierId': 124}, {'id': 5776079369, 'qualifierId': 141, 'value': '73.0'}, {'id': 5776079371, 'qualifierId': 212, 'value': '44.7'}, {'id': 5776079365, 'qualifierId': 56, 'value': 'Back'}, {'id': 5776079367, 'qualifierId': 140, 'value': '46.1'}]",lg9muzm3sbiijicsik53m3je,A. Anderson,,Angel City,Away
2823521973,182,44,1,22,40,agxipc0vk4rtg09amjxv10nx0,1,53.6,23.8,2025-06-21T00:33:02.173Z,2025-06-21T02:23:15Z,"[{'id': 5776079407, 'qualifierId': 286}, {'id': 5776079405, 'qualifierId': 56, 'value': 'Center'}, {'id': 5776079417, 'qualifierId': 233, 'value': '206'}]",6hyf258ii56nw917w0b4ekob8,C. Hutton,,Kansas City Current,Home
2823521967,206,44,1,22,40,6hbfgdczbi3yg4sdpqgtu6s,0,46.4,76.2,2025-06-21T00:33:02.174Z,2025-06-21T02:23:15Z,"[{'id': 5776079383, 'qualifierId': 285}, {'id': 5776079381, 'qualifierId': 56, 'value': 'Back'}, {'id': 5776079441, 'qualifierId': 233, 'value': '182'}]",bngif4yqa0asu77nptsb06n10,R. Tiernan,,Angel City,Away
2823521977,183,1,1,22,41,agxipc0vk4rtg09amjxv10nx0,0,54.3,17.3,2025-06-21T00:33:03.078Z,2025-06-21T00:33:35Z,"[{'id': 5776079461, 'qualifierId': 56, 'value': 'Right'}, {'id': 5776079459, 'qualifierId': 3}, {'id': 5776079467, 'qualifierId': 212, 'value': '9.0'}, {'id': 5776079469, 'qualifierId': 213, 'value': '5.95'}, {'id': 5776079465, 'qualifierId': 141, 'value': '13.0'}, {'id': 5776079463, 'qualifierId': 140, 'value': '62.4'}]",6hyf258ii56nw917w0b4ekob8,C. Hutton,,Kansas City Current,Home
2823522007,207,1,1,22,42,6hbfgdczbi3yg4sdpqgtu6s,1,32.6,80.9,2025-06-21T00:33:03.566Z,2025-06-21T00:33:14Z,"[{'id': 5776079613, 'qualifierId': 140, 'value': '6.0'}, {'id': 5776079615, 'qualifierId': 141, 'value': '59.9'}, {'id': 5776079619, 'qualifierId': 213, 'value': '3.61'}, {'id': 5776079617, 'qualifierId': 212, 'value': '31.4'}, {'id': 5776079611, 'qualifierId': 56, 'value': 'Back'}]",1enu619pvakj78wtsfuilbj3e,M. A. Vignola,,Angel City,Away
2823522015,208,1,1,22,55,6hbfgdczbi3yg4sdpqgtu6s,1,10.0,54.3,2025-06-21T00:33:16.366Z,2025-06-21T00:33:17Z,"[{'id': 5776079679, 'qualifierId': 140, 'value': '24.1'}, {'id': 5776079681, 'qualifierId': 141, 'value': '92.3'}, {'id': 5776079685, 'qualifierId': 213, 'value': '1.05'}, {'id': 5776079683, 'qualifierId': 212, 'value': '29.8'}, {'id': 5776079677, 'qualifierId': 56, 'value': 'Back'}]",lg9muzm3sbiijicsik53m3je,A. Anderson,,Angel City,Away
2823522017,209,1,1,22,56,6hbfgdczbi3yg4sdpqgtu6s,1,24.1,92.3,2025-06-21T00:33:17.438Z,2025-06-21T00:33:18Z,"[{'id': 5776079691, 'qualifierId': 140, 'value': '32.1'}, {'id': 5776079697, 'qualifierId': 213, 'value': '0.33'}, {'id': 5776079689, 'qualifierId': 56, 'value': 'Back'}, {'id': 5776079693, 'qualifierId': 141, 'value': '96.6'}, {'id': 5776079695, 'qualifierId': 212, 'value': '8.9'}]",6opd7nuh51c7p6pn6w04yuntg,M. Reid,,Angel City,Away
2823522027,210,1,1,22,56,6hbfgdczbi3yg4sdpqgtu6s,1,32.1,96.6,2025-06-21T00:33:18.158Z,2025-06-21T00:49:40Z,"[{'id': 5776079733, 'qualifierId': 140, 'value': '34.1'}, {'id': 5776079739, 'qualifierId': 213, 'value': '5.14'}, {'id': 5776079735, 'qualifierId': 141, 'value': '89.9'}, {'id': 5776079737, 'qualifierId': 212, 'value': '5.0'}, {'id': 5776079731, 'qualifierId': 56, 'value': 'Back'}]",1enu619pvakj78wtsfuilbj3e,M. A. Vignola,,Angel City,Away
2823522031,211,1,1,22,58,6hbfgdczbi3yg4sdpqgtu6s,0,34.1,89.9,2025-06-21T00:33:20.238Z,2025-06-21T00:33:21Z,"[{'id': 5776079767, 'qualifierId': 140, 'value': '52.2'}, {'id': 5776079773, 'qualifierId': 213, 'value': '0.39'}, {'id': 5776079769, 'qualifierId': 141, 'value': '100.0'}, {'id': 5776079771, 'qualifierId': 212, 'value': '20.5'}, {'id': 5776079765, 'qualifierId': 56, 'value': 'Left'}]",dfeohozpw604y5jbu01u1dkkq,A. Thompson,,Angel City,Away
2823522061,184,5,1,22,59,agxipc0vk4rtg09amjxv10nx0,1,46.2,-1.5,2025-06-21T00:33:21.001Z,2025-06-21T01:12:53Z,"[{'id': 5776093291, 'qualifierId': 233, 'value': '212'}, {'id': 5776079963, 'qualifierId': 56, 'value': 'Back'}, {'id': 5776079965, 'qualifierId': 347}]",cl1av4qyzjkq03akjof6tdf1m,K. Sharples,,Kansas City Current,Home
2823522033,212,5,1,22,59,6hbfgdczbi3yg4sdpqgtu6s,0,53.8,101.5,2025-06-21T00:33:21.001Z,2025-06-21T01:12:53Z,"[{'id': 5776079775, 'qualifierId': 56, 'value': 'Left'}, {'id': 5776093307, 'qualifierId': 233, 'value': '184'}, {'id': 5776079777, 'qualifierId': 347}]",dfeohozpw604y5jbu01u1dkkq,A. Thompson,,Angel City,Away
2823522099,185,1,1,23,18,agxipc0vk4rtg09amjxv10nx0,1,52.1,0.0,2025-06-21T00:33:39.806Z,2025-06-21T00:33:43Z,"[{'id': 5776080111, 'qualifierId': 107}, {'id': 5776080121, 'qualifierId': 213, 'value': '0.66'}, {'id': 5776080117, 'qualifierId': 141, 'value': '17.0'}, {'id': 5776080115, 'qualifierId': 140, 'value': '68.0'}, {'id': 5776080119, 'qualifierId': 212, 'value': '21.1'}, {'id': 5776080113, 'qualifierId': 56, 'value': 'Right'}]",9wvoeo39cgbelv8ddqin3aaga,H. Mace,,Kansas City Current,Home
2823522109,186,1,1,23,22,agxipc0vk4rtg09amjxv10nx0,1,68.3,17.0,2025-06-21T00:33:43.877Z,2025-06-21T00:33:45Z,"[{'id': 5776080155, 'qualifierId': 56, 'value': 'Right'}, {'id': 5776080161, 'qualifierId': 212, 'value': '10.4'}, {'id': 5776080159, 'qualifierId': 141, 'value': '2.0'}, {'id': 5776080163, 'qualifierId': 213, 'value': '4.50'}, {'id': 5776080157, 'qualifierId': 140, 'value': '66.2'}]",47iatvbptp6438v5qo359yw9h,Bia Zaneratto,,Kansas City Current,Home
2823522113,187,43,1,23,24,agxipc0vk4rtg09amjxv10nx0,1,0.0,0.0,2025-06-21T00:33:45.584Z,2025-06-21T00:33:50Z,"[{'id': 5776080307, 'qualifierId': 144, 'value': '61'}, {'id': 5776080183, 'qualifierId': 56, 'value': 'Right'}]",e1irspfo9xupqz2sqvyq1zp0q,M. Cooper,,Kansas City Current,Home
2823522125,188,4,1,23,27,agxipc0vk4rtg09amjxv10nx0,1,72.2,4.8,2025-06-21T00:33:48.439Z,2025-06-21T00:43:10Z,"[{'id': 5776080299, 'qualifierId': 233, 'value': '213'}, {'id': 5776080247, 'qualifierId': 152}, {'id': 5776080243, 'qualifierId': 13}, {'id': 5776080249, 'qualifierId': 265}, {'id': 5776080245, 'qualifierId': 56, 'value': 'Right'}, {'id': 5776080251, 'qualifierId': 286}]",e1irspfo9xupqz2sqvyq1zp0q,M. Cooper,,Kansas City Current,Home
2823522129,213,4,1,23,27,6hbfgdczbi3yg4sdpqgtu6s,0,27.8,95.2,2025-06-21T00:33:48.440Z,2025-06-21T00:43:11Z,"[{'id': 5776080281, 'qualifierId': 56, 'value': 'Back'}, {'id': 5776080283, 'qualifierId': 152}, {'id': 5776080285, 'qualifierId': 265}, {'id': 5776080287, 'qualifierId': 285}, {'id': 5776080279, 'qualifierId': 13}, {'id': 5776080303, 'qualifierId': 233, 'value': '188'}]",6opd7nuh51c7p6pn6w04yuntg,M. Reid,,Angel City,Away
2823522289,189,1,1,24,24,agxipc0vk4rtg09amjxv10nx0,1,70.8,6.9,2025-06-21T00:34:46.037Z,2025-06-27T17:52:41Z,"[{'id': 5776081237, 'qualifierId': 152}, {'id': 5776081501, 'qualifierId': 154}, {'id': 5776081233, 'qualifierId': 5}, {'id': 5776081235, 'qualifierId': 155}, {'id': 5776081249, 'qualifierId': 1}, {'id': 5776081231, 'qualifierId': 2}, {'id': 5776081499, 'qualifierId': 210, 'value': '15'}, {'id': 5776081241, 'qualifierId': 140, 'value': '88.5'}, {'id': 5776081239, 'qualifierId': 56, 'value': 'Center'}, {'id': 5776081245, 'qualifierId': 212, 'value': '41.5'}, {'id': 5776081243, 'qualifierId': 141, 'value': '61.5'}, {'id': 5781756305, 'qualifierId': 72}, {'id': 5781756303, 'qualifierId': 223}, {'id': 5776081247, 'qualifierId': 213, 'value': '1.11'}]",736jvvtkgwc3g1vooviaod33d,I. Rodriguez,1.0,Kansas City Current,Home
2823522295,190,44,1,24,27,agxipc0vk4rtg09amjxv10nx0,1,84.9,57.9,2025-06-21T00:34:48.605Z,2025-06-27T17:52:50Z,"[{'id': 5776081277, 'qualifierId': 56, 'value': 'Center'}, {'id': 5776081293, 'qualifierId': 233, 'value': '214'}, {'id': 5776081279, 'qualifierId': 286}]",cl1av4qyzjkq03akjof6tdf1m,K. Sharples,,Kansas City Current,Home
2823522287,214,44,1,24,27,6hbfgdczbi3yg4sdpqgtu6s,0,15.1,42.1,2025-06-21T00:34:48.606Z,2025-06-27T17:52:52Z,"[{'id': 5776081229, 'qualifierId': 285}, {'id': 5776081227, 'qualifierId': 56, 'value': 'Back'}, {'id': 5776081307, 'qualifierId': 233, 'value': '190'}]",etdam0sfwiphiwykieovlsyy1,S. Gorden,,Angel City,Away
2823522299,191,15,1,24,27,agxipc0vk4rtg09amjxv10nx0,1,84.7,56.6,2025-06-21T00:34:48.661Z,2025-06-27T17:53:14Z,"[{'id': 5776081333, 'qualifierId': 328}, {'id': 5776081285, 'qualifierId': 56, 'value': 'Center'}, {'id': 5776081283, 'qualifierId': 17}, {'id': 5776081541, 'qualifierId': 233, 'value': '215'}, {'id': 5781756325, 'qualifierId': 80}, {'id': 5776081531, 'qualifierId': 102, 'value': '45.7'}, {'id': 5776081329, 'qualifierId': 15}, {'id': 5776081537, 'qualifierId': 147, 'value': '52.0'}, {'id': 5776081527, 'qualifierId': 55, 'value': '189'}, {'id': 5776081519, 'qualifierId': 24}, {'id': 5776081525, 'qualifierId': 154}, {'id': 5776081533, 'qualifierId': 103, 'value': '10.8'}, {'id': 5776081523, 'qualifierId': 29}, {'id': 5776081535, 'qualifierId': 146, 'value': '98.4'}]",cl1av4qyzjkq03akjof6tdf1m,K. Sharples,,Kansas City Current,Home
2823522301,215,10,1,24,27,6hbfgdczbi3yg4sdpqgtu6s,1,1.7,48.5,2025-06-21T00:34:48.761Z,2025-06-27T17:53:19Z,"[{'id': 5781756327, 'qualifierId': 376}, {'id': 5776081459, 'qualifierId': 177}, {'id': 5776081559, 'qualifierId': 233, 'value': '191'}, {'id': 5776081315, 'qualifierId': 182}, {'id': 5776081335, 'qualifierId': 179}, {'id': 5776081317, 'qualifierId': 56, 'value': 'Back'}]",lg9muzm3sbiijicsik53m3je,A. Anderson,,Angel City,Away
2823522313,216,52,1,24,32,6hbfgdczbi3yg4sdpqgtu6s,1,1.8,50.1,2025-06-21T00:34:53.878Z,2025-06-27T17:53:27Z,"[{'id': 5781756329, 'qualifierId': 376}]",lg9muzm3sbiijicsik53m3je,A. Anderson,,Angel City,Away
2823522389,217,1,1,24,53,6hbfgdczbi3yg4sdpqgtu6s,1,7.7,45.0,2025-06-21T00:35:14.397Z,2025-06-21T00:38:39Z,"[{'id': 5776086723, 'qualifierId': 213, 'value': '5.42'}, {'id': 5776086717, 'qualifierId': 140, 'value': '23.2'}, {'id': 5776086801, 'qualifierId': 189}, {'id': 5776086715, 'qualifierId': 56, 'value': 'Back'}, {'id': 5776086719, 'qualifierId': 141, 'value': '17.2'}, {'id': 5776086713, 'qualifierId': 123}, {'id': 5776086721, 'qualifierId': 212, 'value': '24.9'}]",lg9muzm3sbiijicsik53m3je,A. Anderson,,Angel City,Away
2823522391,218,61,1,24,53,6hbfgdczbi3yg4sdpqgtu6s,1,28.5,14.8,2025-06-21T00:35:14.606Z,2025-06-21T00:41:45Z,"[{'id': 5776091047, 'qualifierId': 189}, {'id': 5776091039, 'qualifierId': 56, 'value': 'Back'}]",89fa211ocgno2q0to22emh20a,G. Thompson,,Angel City,Away
2823522395,219,1,1,24,53,6hbfgdczbi3yg4sdpqgtu6s,0,13.1,13.9,2025-06-21T00:35:14.782Z,2025-06-21T00:42:11Z,"[{'id': 5776091437, 'qualifierId': 56, 'value': 'Back'}, {'id': 5776091439, 'qualifierId': 140, 'value': '28.6'}, {'id': 5776091435, 'qualifierId': 157}, {'id': 5776091441, 'qualifierId': 141, 'value': '16.2'}, {'id': 5776091443, 'qualifierId': 212, 'value': '16.3'}, {'id': 5776091445, 'qualifierId': 213, 'value': '0.10'}, {'id': 5776091447, 'qualifierId': 1}]",etdam0sfwiphiwykieovlsyy1,S. Gorden,,Angel City,Away
2823522417,192,1,1,24,55,agxipc0vk4rtg09amjxv10nx0,0,65.5,74.8,2025-06-21T00:35:16.869Z,2025-06-21T00:35:20Z,"[{'id': 5776081887, 'qualifierId': 141, 'value': '75.5'}, {'id': 5776081883, 'qualifierId': 56, 'value': 'Center'}, {'id': 5776081885, 'qualifierId': 140, 'value': '75.9'}, {'id': 5776081889, 'qualifierId': 212, 'value': '10.9'}, {'id': 5776081891, 'qualifierId': 213, 'value': '0.04'}, {'id': 5776081881, 'qualifierId': 3}]",6hyf258ii56nw917w0b4ekob8,C. Hutton,,Kansas City Current,Home
2823522407,220,43,1,24,56,6hbfgdczbi3yg4sdpqgtu6s,1,0.0,0.0,2025-06-21T00:35:17.581Z,2025-06-21T00:36:00Z,"[{'id': 5776082767, 'qualifierId': 144, 'value': '44'}, {'id': 5776081825, 'qualifierId': 56, 'value': 'Back'}, {'id': 5776081827, 'qualifierId': 285, 'value': '0'}]",9mo419gtk6dy5lhcvatcllkyy,J. Dufour,,Angel City,Away
2823522425,221,44,1,24,58,6hbfgdczbi3yg4sdpqgtu6s,1,24.2,20.4,2025-06-21T00:35:19.659Z,2025-06-21T02:23:16Z,"[{'id': 5776081911, 'qualifierId': 56, 'value': 'Back'}, {'id': 5776081927, 'qualifierId': 233, 'value': '193'}, {'id': 5776081913, 'qualifierId': 285}]",dfeohozpw604y5jbu01u1dkkq,A. Thompson,,Angel City,Away
2823522419,193,44,1,24,58,agxipc0vk4rtg09amjxv10nx0,0,75.8,79.6,2025-06-21T00:35:19.660Z,2025-06-21T02:23:16Z,"[{'id': 5776081897, 'qualifierId': 286}, {'id': 5776081957, 'qualifierId': 233, 'value': '221'}, {'id': 5776081895, 'qualifierId': 56, 'value': 'Left'}]",736jvvtkgwc3g1vooviaod33d,I. Rodriguez,,Kansas City Current,Home
2823522441,222,1,1,25,0,6hbfgdczbi3yg4sdpqgtu6s,0,24.5,18.0,2025-06-21T00:35:21.421Z,2025-06-21T00:42:21Z,"[{'id': 5776082015, 'qualifierId': 213, 'value': '5.76'}, {'id': 5776082013, 'qualifierId': 212, 'value': '1.1'}, {'id': 5776082007, 'qualifierId': 56, 'value': 'Back'}, {'id': 5776082009, 'qualifierId': 140, 'value': '25.4'}, {'id': 5776082011, 'qualifierId': 141, 'value': '17.2'}, {'id': 5776082005, 'qualifierId': 3}]",dfeohozpw604y5jbu01u1dkkq,A. Thompson,,Angel City,Away
2823522443,223,50,1,25,2,6hbfgdczbi3yg4sdpqgtu6s,1,29.4,8.8,2025-06-21T00:35:23.629Z,2025-06-27T20:58:33Z,"[{'id': 5781983105, 'qualifierId': 233, 'value': '194'}, {'id': 5776082019, 'qualifierId': 56, 'value': 'Back'}, {'id': 5776082021, 'qualifierId': 285}]",9mo419gtk6dy5lhcvatcllkyy,J. Dufour,,Angel City,Away
2823522447,194,7,1,25,2,agxipc0vk4rtg09amjxv10nx0,1,70.6,91.2,2025-06-21T00:35:23.630Z,2025-06-27T20:58:32Z,"[{'id': 5781983101, 'qualifierId': 233, 'value': '223'}, {'id': 5776082035, 'qualifierId': 56, 'value': 'Left'}, {'id': 5776082037, 'qualifierId': 286}, {'id': 5781756413, 'qualifierId': 384}, {'id': 5781756415, 'qualifierId': 178}]",736jvvtkgwc3g1vooviaod33d,I. Rodriguez,,Kansas City Current,Home
2823522863,214,1,1,25,2,agxipc0vk4rtg09amjxv10nx0,1,65.1,96.1,2025-06-21T00:35:23.908Z,2025-06-21T00:37:11Z,"[{'id': 5776084411, 'qualifierId': 141, 'value': '92.8'}, {'id': 5776084409, 'qualifierId': 140, 'value': '70.9'}, {'id': 5776084415, 'qualifierId': 213, 'value': '5.93'}, {'id': 5776084407, 'qualifierId': 56, 'value': 'Left'}, {'id': 5776084413, 'qualifierId': 212, 'value': '6.5'}]",6hyf258ii56nw917w0b4ekob8,C. Hutton,,Kansas City Current,Home
2823522451,195,49,1,25,4,agxipc0vk4rtg09amjxv10nx0,1,73.3,95.4,2025-06-21T00:35:25.253Z,2025-06-21T00:35:25Z,[],736jvvtkgwc3g1vooviaod33d,I. Rodriguez,,Kansas City Current,Home
2823522455,196,1,1,25,4,agxipc0vk4rtg09amjxv10nx0,1,73.3,95.4,2025-06-21T00:35:25.725Z,2025-06-21T00:35:26Z,"[{'id': 5776082061, 'qualifierId': 56, 'value': 'Center'}, {'id': 5776082067, 'qualifierId': 212, 'value': '17.2'}, {'id': 5776082065, 'qualifierId': 141, 'value': '70.4'}, {'id': 5776082069, 'qualifierId': 213, 'value': '4.85'}, {'id': 5776082063, 'qualifierId': 140, 'value': '75.5'}]",736jvvtkgwc3g1vooviaod33d,I. Rodriguez,,Kansas City Current,Home
2823522463,197,1,1,25,5,agxipc0vk4rtg09amjxv10nx0,1,75.5,70.4,2025-06-21T00:35:26.629Z,2025-06-21T00:35:28Z,"[{'id': 5776082117, 'qualifierId': 213, 'value': '5.33'}, {'id': 5776082115, 'qualifierId': 212, 'value': '15.0'}, {'id': 5776082113, 'qualifierId': 141, 'value': '52.4'}, {'id': 5776082111, 'qualifierId': 140, 'value': '83.7'}, {'id': 5776082109, 'qualifierId': 56, 'value': 'Center'}]",ccw8gtkcahxf21rutqldjvkve,T. Chawinga,,Kansas City Current,Home
2823522479,198,1,1,25,7,agxipc0vk4rtg09amjxv10nx0,1,83.5,52.6,2025-06-21T00:35:28.325Z,2025-06-27T17:57:03Z,"[{'id': 5776082343, 'qualifierId': 210, 'value': '13'}, {'id': 5776082167, 'qualifierId': 213, 'value': '4.08'}, {'id': 5776082165, 'qualifierId': 212, 'value': '11.7'}, {'id': 5776082163, 'qualifierId': 141, 'value': '38.8'}, {'id': 5776082161, 'qualifierId': 140, 'value': '76.9'}, {'id': 5781756455, 'qualifierId': 154}, {'id': 5776082159, 'qualifierId': 56, 'value': 'Center'}]",e1irspfo9xupqz2sqvyq1zp0q,M. Cooper,1.0,Kansas City Current,Home
2823522483,199,13,1,25,8,agxipc0vk4rtg09amjxv10nx0,1,76.0,38.5,2025-06-21T00:35:30.198Z,2025-06-27T17:57:03Z,"[{'id': 5776082229, 'qualifierId': 20}, {'id': 5776082347, 'qualifierId': 29}, {'id': 5776082345, 'qualifierId': 74}, {'id': 5776082363, 'qualifierId': 231, 'value': '48.4'}, {'id': 5776082359, 'qualifierId': 328}, {'id': 5776082361, 'qualifierId': 230, 'value': '98.5'}, {'id': 5776082179, 'qualifierId': 22}, {'id': 5776082349, 'qualifierId': 55, 'value': '198'}, {'id': 5776082181, 'qualifierId': 18}, {'id': 5776082355, 'qualifierId': 103, 'value': '90.3'}, {'id': 5781756457, 'qualifierId': 154}, {'id': 5776082183, 'qualifierId': 56, 'value': 'Center'}, {'id': 5776082353, 'qualifierId': 102, 'value': '48.9'}]",dv8265k3za578hkzxxuttqmdx,V. DiBernardo,,Kansas City Current,Home
2823522485,200,5,1,25,10,agxipc0vk4rtg09amjxv10nx0,0,101.8,48.9,2025-06-21T00:35:31.309Z,2025-06-21T00:43:07Z,"[{'id': 5776082221, 'qualifierId': 233, 'value': '224'}, {'id': 5776082203, 'qualifierId': 56, 'value': 'Center'}, {'id': 5776082205, 'qualifierId': 346}]",dv8265k3za578hkzxxuttqmdx,V. DiBernardo,,Kansas City Current,Home
2823522487,224,5,1,25,10,6hbfgdczbi3yg4sdpqgtu6s,1,-1.8,51.1,2025-06-21T00:35:31.309Z,2025-06-21T00:43:07Z,"[{'id': 5776082207, 'qualifierId': 56, 'value': 'Back'}, {'id': 5776082217, 'qualifierId': 233, 'value': '200'}, {'id': 5776082209, 'qualifierId': 346}]",3bx0w0ftkij1lqrt727gjd94a,M. Hammond,,Angel City,Away
2823522591,225,1,1,25,43,6hbfgdczbi3yg4sdpqgtu6s,1,3.6,52.2,2025-06-21T00:36:04.381Z,2025-06-21T00:36:05Z,"[{'id': 5776082911, 'qualifierId': 124}, {'id': 5776082921, 'qualifierId': 213, 'value': '1.41'}, {'id': 5776082917, 'qualifierId': 141, 'value': '70.2'}, {'id': 5776082925, 'qualifierId': 237}, {'id': 5776082913, 'qualifierId': 56, 'value': 'Back'}, {'id': 5776082919, 'qualifierId': 212, 'value': '12.4'}, {'id': 5776082915, 'qualifierId': 140, 'value': '5.5'}]",lg9muzm3sbiijicsik53m3je,A. Anderson,,Angel City,Away
2823522597,226,1,1,25,44,6hbfgdczbi3yg4sdpqgtu6s,1,5.5,70.2,2025-06-21T00:36:05.709Z,2025-06-21T00:36:24Z,"[{'id': 5776082959, 'qualifierId': 213, 'value': '1.41'}, {'id': 5776082955, 'qualifierId': 141, 'value': '95.0'}, {'id': 5776082953, 'qualifierId': 140, 'value': '8.1'}, {'id': 5776082957, 'qualifierId': 212, 'value': '17.1'}, {'id': 5776082951, 'qualifierId': 56, 'value': 'Back'}]",6opd7nuh51c7p6pn6w04yuntg,M. Reid,,Angel City,Away
2823522613,227,1,1,25,45,6hbfgdczbi3yg4sdpqgtu6s,1,8.1,95.0,2025-06-21T00:36:06.669Z,2025-06-21T00:36:34Z,"[{'id': 5776083063, 'qualifierId': 56, 'value': 'Back'}, {'id': 5776083069, 'qualifierId': 212, 'value': '13.8'}, {'id': 5776083071, 'qualifierId': 213, 'value': '4.48'}, {'id': 5776083065, 'qualifierId': 140, 'value': '5.1'}, {'id': 5776083067, 'qualifierId': 141, 'value': '75.3'}]",1enu619pvakj78wtsfuilbj3e,M. A. Vignola,,Angel City,Away
2823522635,228,1,1,25,53,6hbfgdczbi3yg4sdpqgtu6s,1,9.0,81.4,2025-06-21T00:36:14.381Z,2025-06-21T00:36:30Z,"[{'id': 5776083167, 'qualifierId': 56, 'value': 'Back'}, {'id': 5776083173, 'qualifierId': 212, 'value': '18.1'}, {'id': 5776083175, 'qualifierId': 213, 'value': '0.50'}, {'id': 5776083169, 'qualifierId': 140, 'value': '24.1'}, {'id': 5776083171, 'qualifierId': 141, 'value': '94.2'}]",6opd7nuh51c7p6pn6w04yuntg,M. Reid,,Angel City,Away
2823522641,229,1,1,25,53,6hbfgdczbi3yg4sdpqgtu6s,1,24.1,94.2,2025-06-21T00:36:14.989Z,2025-06-21T00:36:33Z,"[{'id': 5776083197, 'qualifierId': 140, 'value': '28.9'}, {'id': 5776083201, 'qualifierId': 212, 'value': '5.1'}, {'id': 5776083199, 'qualifierId': 141, 'value': '93.5'}, {'id': 5776083203, 'qualifierId': 213, 'value': '6.19'}, {'id': 5776083195, 'qualifierId': 56, 'value': 'Back'}]",1enu619pvakj78wtsfuilbj3e,M. A. Vignola,,Angel City,Away
2823522663,201,45,1,25,54,agxipc0vk4rtg09amjxv10nx0,0,67.8,6.6,2025-06-21T00:36:15.789Z,2025-06-21T01:13:07Z,"[{'id': 5776083313, 'qualifierId': 233, 'value': '230'}, {'id': 5776083319, 'qualifierId': 286}, {'id': 5776083303, 'qualifierId': 56, 'value': 'Right'}]",6k82rq8synvac950ext5t0jpx,R. Rodríguez,,Kansas City Current,Home
2823522651,230,3,1,25,54,6hbfgdczbi3yg4sdpqgtu6s,1,32.2,93.4,2025-06-21T00:36:15.789Z,2025-06-27T17:58:49Z,"[{'id': 5776083309, 'qualifierId': 233, 'value': '201'}, {'id': 5776083235, 'qualifierId': 56, 'value': 'Back'}, {'id': 5781756497, 'qualifierId': 465}, {'id': 5776083237, 'qualifierId': 285}]",dfeohozpw604y5jbu01u1dkkq,A. Thompson,,Angel City,Away
2823522659,231,1,1,25,55,6hbfgdczbi3yg4sdpqgtu6s,0,33.5,93.2,2025-06-21T00:36:17.133Z,2025-06-21T00:36:17Z,"[{'id': 5776083291, 'qualifierId': 140, 'value': '51.7'}, {'id': 5776083297, 'qualifierId': 213, 'value': '6.01'}, {'id': 5776083295, 'qualifierId': 212, 'value': '19.8'}, {'id': 5776083289, 'qualifierId': 56, 'value': 'Left'}, {'id': 5776083293, 'qualifierId': 141, 'value': '85.4'}]",dfeohozpw604y5jbu01u1dkkq,A. Thompson,,Angel City,Away
2823522681,202,61,1,25,59,agxipc0vk4rtg09amjxv10nx0,0,56.2,11.9,2025-06-21T00:36:20.253Z,2025-06-21T00:43:42Z,"[{'id': 5776083403, 'qualifierId': 56, 'value': 'Right'}]",48l2ildbeme2l336nor2hw6lm,E. Ball,,Kansas City Current,Home
2823522673,232,61,1,25,59,6hbfgdczbi3yg4sdpqgtu6s,0,46.7,91.2,2025-06-21T00:36:20.349Z,2025-06-21T00:36:20Z,"[{'id': 5776083365, 'qualifierId': 56, 'value': 'Back'}]",dfeohozpw604y5jbu01u1dkkq,A. Thompson,,Angel City,Away
2823522697,203,4,1,25,59,agxipc0vk4rtg09amjxv10nx0,1,55.2,11.4,2025-06-21T00:36:20.812Z,2025-06-21T00:36:27Z,"[{'id': 5776083487, 'qualifierId': 56, 'value': 'Right'}, {'id': 5776083491, 'qualifierId': 265}, {'id': 5776083485, 'qualifierId': 13}, {'id': 5776083489, 'qualifierId': 152}, {'id': 5776083493, 'qualifierId': 286}, {'id': 5776083495, 'qualifierId': 233, 'value': '233'}]",48l2ildbeme2l336nor2hw6lm,E. Ball,,Kansas City Current,Home
2823522677,233,4,1,25,59,6hbfgdczbi3yg4sdpqgtu6s,0,44.8,88.6,2025-06-21T00:36:20.813Z,2025-06-21T00:36:26Z,"[{'id': 5776083501, 'qualifierId': 233, 'value': '203'}, {'id': 5776083401, 'qualifierId': 285}, {'id': 5776083397, 'qualifierId': 152}, {'id': 5776083399, 'qualifierId': 265}, {'id': 5776083395, 'qualifierId': 56, 'value': 'Back'}, {'id': 5776083393, 'qualifierId': 13}]",dfeohozpw604y5jbu01u1dkkq,A. Thompson,,Angel City,Away
2823522733,204,1,1,26,10,agxipc0vk4rtg09amjxv10nx0,1,54.6,17.2,2025-06-21T00:36:31.900Z,2025-06-21T00:43:46Z,"[{'id': 5776094345, 'qualifierId': 152}, {'id': 5776083749, 'qualifierId': 212, 'value': '10.1'}, {'id': 5776083745, 'qualifierId': 140, 'value': '45.6'}, {'id': 5776083751, 'qualifierId': 213, 'value': '3.51'}, {'id': 5776094343, 'qualifierId': 5}, {'id': 5776083743, 'qualifierId': 56, 'value': 'Back'}, {'id': 5776083747, 'qualifierId': 141, 'value': '11.8'}]",48l2ildbeme2l336nor2hw6lm,E. Ball,,Kansas City Current,Home
2823522747,205,1,1,26,11,agxipc0vk4rtg09amjxv10nx0,1,42.7,14.6,2025-06-21T00:36:32.749Z,2025-06-27T18:10:10Z,"[{'id': 5776083819, 'qualifierId': 140, 'value': '34.8'}, {'id': 5776083817, 'qualifierId': 56, 'value': 'Back'}, {'id': 5776083825, 'qualifierId': 213, 'value': '1.89'}, {'id': 5776083823, 'qualifierId': 212, 'value': '26.4'}, {'id': 5776083821, 'qualifierId': 141, 'value': '51.5'}]",9wvoeo39cgbelv8ddqin3aaga,H. Mace,,Kansas City Current,Home
2823522763,206,1,1,26,16,agxipc0vk4rtg09amjxv10nx0,1,37.2,60.7,2025-06-21T00:36:37.533Z,2025-06-21T00:36:40Z,"[{'id': 5776083891, 'qualifierId': 140, 'value': '46.9'}, {'id': 5776083897, 'qualifierId': 213, 'value': '1.14'}, {'id': 5776083893, 'qualifierId': 141, 'value': '93.6'}, {'id': 5776083889, 'qualifierId': 56, 'value': 'Back'}, {'id': 5776083895, 'qualifierId': 212, 'value': '24.6'}]",cl1av4qyzjkq03akjof6tdf1m,K. Sharples,,Kansas City Current,Home
2823522775,207,1,1,26,19,agxipc0vk4rtg09amjxv10nx0,1,46.7,91.1,2025-06-21T00:36:41.093Z,2025-06-21T00:36:43Z,"[{'id': 5776083961, 'qualifierId': 212, 'value': '20.3'}, {'id': 5776083959, 'qualifierId': 141, 'value': '67.9'}, {'id': 5776083955, 'qualifierId': 56, 'value': 'Back'}, {'id': 5776083963, 'qualifierId': 213, 'value': '4.03'}, {'id': 5776083957, 'qualifierId': 140, 'value': '34.6'}]",736jvvtkgwc3g1vooviaod33d,I. Rodriguez,,Kansas City Current,Home
2823522779,208,1,1,26,22,agxipc0vk4rtg09amjxv10nx0,1,34.5,67.9,2025-06-21T00:36:43.540Z,2025-06-21T00:36:44Z,"[{'id': 5776083979, 'qualifierId': 213, 'value': '5.27'}, {'id': 5776083975, 'qualifierId': 141, 'value': '55.8'}, {'id': 5776083973, 'qualifierId': 140, 'value': '39.4'}, {'id': 5776083971, 'qualifierId': 56, 'value': 'Back'}, {'id': 5776083977, 'qualifierId': 212, 'value': '9.7'}]",cl1av4qyzjkq03akjof6tdf1m,K. Sharples,,Kansas City Current,Home
2823522795,209,1,1,26,23,agxipc0vk4rtg09amjxv10nx0,1,39.4,55.8,2025-06-21T00:36:44.581Z,2025-06-21T00:36:48Z,"[{'id': 5776084049, 'qualifierId': 56, 'value': 'Back'}, {'id': 5776084051, 'qualifierId': 140, 'value': '28.1'}, {'id': 5776084055, 'qualifierId': 212, 'value': '15.6'}, {'id': 5776084053, 'qualifierId': 141, 'value': '70.6'}, {'id': 5776084057, 'qualifierId': 213, 'value': '2.44'}]",6k82rq8synvac950ext5t0jpx,R. Rodríguez,,Kansas City Current,Home
2823522807,210,1,1,26,27,agxipc0vk4rtg09amjxv10nx0,1,33.9,56.8,2025-06-21T00:36:48.429Z,2025-06-27T18:24:53Z,"[{'id': 5776084131, 'qualifierId': 140, 'value': '36.6'}, {'id': 5776084137, 'qualifierId': 213, 'value': '4.80'}, {'id': 5776084133, 'qualifierId': 141, 'value': '10.1'}, {'id': 5776084129, 'qualifierId': 56, 'value': 'Back'}, {'id': 5776084135, 'qualifierId': 212, 'value': '31.9'}]",cl1av4qyzjkq03akjof6tdf1m,K. Sharples,,Kansas City Current,Home
2823522811,211,1,1,26,29,agxipc0vk4rtg09amjxv10nx0,1,35.3,10.7,2025-06-21T00:36:51.044Z,2025-06-27T18:25:16Z,"[{'id': 5776084163, 'qualifierId': 213, 'value': '0.35'}, {'id': 5776084157, 'qualifierId': 140, 'value': '63.8'}, {'id': 5776084159, 'qualifierId': 141, 'value': '27.0'}, {'id': 5776084161, 'qualifierId': 212, 'value': '31.9'}, {'id': 5776084155, 'qualifierId': 56, 'value': 'Center'}]",9wvoeo39cgbelv8ddqin3aaga,H. Mace,,Kansas City Current,Home
2823522821,212,1,1,26,32,agxipc0vk4rtg09amjxv10nx0,0,64.5,27.4,2025-06-21T00:36:53.300Z,2025-06-27T18:26:45Z,"[{'id': 5776084227, 'qualifierId': 141, 'value': '0.0'}, {'id': 5776084231, 'qualifierId': 213, 'value': '5.33'}, {'id': 5776084223, 'qualifierId': 56, 'value': 'Right'}, {'id': 5776084225, 'qualifierId': 140, 'value': '78.1'}, {'id': 5776084229, 'qualifierId': 212, 'value': '24.6'}]",47iatvbptp6438v5qo359yw9h,Bia Zaneratto,,Kansas City Current,Home
2823522827,213,5,1,26,34,agxipc0vk4rtg09amjxv10nx0,0,79.6,-1.8,2025-06-21T00:36:56.141Z,2025-06-21T00:43:07Z,"[{'id': 5776084653, 'qualifierId': 233, 'value': '234'}, {'id': 5776084277, 'qualifierId': 347}, {'id': 5776084275, 'qualifierId': 56, 'value': 'Right'}]",47iatvbptp6438v5qo359yw9h,Bia Zaneratto,,Kansas City Current,Home
2823522903,234,5,1,26,34,6hbfgdczbi3yg4sdpqgtu6s,1,20.4,101.8,2025-06-21T00:36:56.141Z,2025-06-21T00:43:07Z,"[{'id': 5776084645, 'qualifierId': 56, 'value': 'Back'}, {'id': 5776084649, 'qualifierId': 233, 'value': '213'}, {'id': 5776084647, 'qualifierId': 347}]",1enu619pvakj78wtsfuilbj3e,M. A. Vignola,,Angel City,Away
2823522921,235,1,1,26,59,6hbfgdczbi3yg4sdpqgtu6s,0,16.2,100.0,2025-06-21T00:37:21.197Z,2025-06-21T00:37:26Z,"[{'id': 5776084767, 'qualifierId': 212, 'value': '31.2'}, {'id': 5776084771, 'qualifierId': 1}, {'id': 5776084765, 'qualifierId': 141, 'value': '87.5'}, {'id': 5776084769, 'qualifierId': 213, 'value': '5.97'}, {'id': 5776084763, 'qualifierId': 140, 'value': '44.5'}, {'id': 5776084759, 'qualifierId': 107}, {'id': 5776084761, 'qualifierId': 56, 'value': 'Back'}]",1enu619pvakj78wtsfuilbj3e,M. A. Vignola,,Angel City,Away
2823522927,215,49,1,27,5,agxipc0vk4rtg09amjxv10nx0,1,57.8,21.9,2025-06-21T00:37:26.500Z,2025-06-21T00:37:26Z,[],48l2ildbeme2l336nor2hw6lm,E. Ball,,Kansas City Current,Home
2823522947,216,1,1,27,5,agxipc0vk4rtg09amjxv10nx0,1,57.8,21.9,2025-06-21T00:37:26.644Z,2025-06-21T00:37:29Z,"[{'id': 5776084891, 'qualifierId': 141, 'value': '33.3'}, {'id': 5776084887, 'qualifierId': 56, 'value': 'Center'}, {'id': 5776084895, 'qualifierId': 213, 'value': '0.96'}, {'id': 5776084889, 'qualifierId': 140, 'value': '63.0'}, {'id': 5776084893, 'qualifierId': 212, 'value': '9.5'}]",48l2ildbeme2l336nor2hw6lm,E. Ball,,Kansas City Current,Home
2823522951,217,1,1,27,8,agxipc0vk4rtg09amjxv10nx0,1,63.3,35.6,2025-06-21T00:37:29.276Z,2025-06-21T00:37:30Z,"[{'id': 5776084915, 'qualifierId': 141, 'value': '32.6'}, {'id': 5776084919, 'qualifierId': 213, 'value': '6.12'}, {'id': 5776084913, 'qualifierId': 140, 'value': '75.1'}, {'id': 5776084917, 'qualifierId': 212, 'value': '12.6'}, {'id': 5776084911, 'qualifierId': 56, 'value': 'Center'}]",6hyf258ii56nw917w0b4ekob8,C. Hutton,,Kansas City Current,Home
2823522953,218,1,1,27,9,agxipc0vk4rtg09amjxv10nx0,0,75.1,32.6,2025-06-21T00:37:30.356Z,2025-06-27T21:01:46Z,"[{'id': 5776084927, 'qualifierId': 140, 'value': '71.7'}, {'id': 5776084931, 'qualifierId': 212, 'value': '7.1'}, {'id': 5776084929, 'qualifierId': 141, 'value': '23.5'}, {'id': 5776084925, 'qualifierId': 56, 'value': 'Center'}, {'id': 5776084933, 'qualifierId': 213, 'value': '4.19'}]",47iatvbptp6438v5qo359yw9h,Bia Zaneratto,,Kansas City Current,Home
2823522959,236,8,1,27,10,6hbfgdczbi3yg4sdpqgtu6s,1,21.3,78.5,2025-06-21T00:37:31.788Z,2025-06-27T21:01:49Z,"[{'id': 5776084955, 'qualifierId': 56, 'value': 'Back'}, {'id': 5781984509, 'qualifierId': 384}]",1enu619pvakj78wtsfuilbj3e,M. A. Vignola,,Angel City,Away
2823522993,219,1,1,27,13,agxipc0vk4rtg09amjxv10nx0,1,66.1,26.4,2025-06-21T00:37:34.276Z,2025-06-21T00:37:39Z,"[{'id': 5776085167, 'qualifierId': 212, 'value': '24.5'}, {'id': 5776085165, 'qualifierId': 141, 'value': '12.1'}, {'id': 5776085169, 'qualifierId': 213, 'value': '5.87'}, {'id': 5776085163, 'qualifierId': 140, 'value': '87.5'}, {'id': 5776085161, 'qualifierId': 56, 'value': 'Right'}]",6k82rq8synvac950ext5t0jpx,R. Rodríguez,,Kansas City Current,Home
2823523027,220,1,1,27,17,agxipc0vk4rtg09amjxv10nx0,1,80.1,17.0,2025-06-21T00:37:39.020Z,2025-06-21T00:37:44Z,"[{'id': 5776085371, 'qualifierId': 212, 'value': '27.2'}, {'id': 5776085369, 'qualifierId': 141, 'value': '5.7'}, {'id': 5776085365, 'qualifierId': 56, 'value': 'Right'}, {'id': 5776085367, 'qualifierId': 140, 'value': '55.3'}, {'id': 5776085373, 'qualifierId': 213, 'value': '3.43'}]",e1irspfo9xupqz2sqvyq1zp0q,M. Cooper,,Kansas City Current,Home
2823523041,221,1,1,27,22,agxipc0vk4rtg09amjxv10nx0,1,57.2,6.1,2025-06-21T00:37:44.157Z,2025-06-21T00:37:48Z,"[{'id': 5776085437, 'qualifierId': 140, 'value': '47.1'}, {'id': 5776085435, 'qualifierId': 56, 'value': 'Back'}, {'id': 5776085439, 'qualifierId': 141, 'value': '37.5'}, {'id': 5776085441, 'qualifierId': 212, 'value': '23.8'}, {'id': 5776085443, 'qualifierId': 213, 'value': '2.03'}]",9wvoeo39cgbelv8ddqin3aaga,H. Mace,,Kansas City Current,Home
2823523057,222,1,1,27,26,agxipc0vk4rtg09amjxv10nx0,1,54.2,47.7,2025-06-21T00:37:48.172Z,2025-06-21T00:37:51Z,"[{'id': 5776085547, 'qualifierId': 141, 'value': '71.4'}, {'id': 5776085551, 'qualifierId': 213, 'value': '2.07'}, {'id': 5776085549, 'qualifierId': 212, 'value': '18.4'}, {'id': 5776085545, 'qualifierId': 140, 'value': '45.8'}, {'id': 5776085543, 'qualifierId': 56, 'value': 'Back'}]",48l2ildbeme2l336nor2hw6lm,E. Ball,,Kansas City Current,Home
2823523061,223,1,1,27,29,agxipc0vk4rtg09amjxv10nx0,1,46.8,64.2,2025-06-21T00:37:51.140Z,2025-06-21T00:37:54Z,"[{'id': 5776085577, 'qualifierId': 141, 'value': '41.7'}, {'id': 5776085575, 'qualifierId': 140, 'value': '41.0'}, {'id': 5776085579, 'qualifierId': 212, 'value': '16.5'}, {'id': 5776085573, 'qualifierId': 56, 'value': 'Back'}, {'id': 5776085581, 'qualifierId': 213, 'value': '4.33'}]",cl1av4qyzjkq03akjof6tdf1m,K. Sharples,,Kansas City Current,Home
2823523075,224,1,1,27,32,agxipc0vk4rtg09amjxv10nx0,1,42.9,38.0,2025-06-21T00:37:54.052Z,2025-06-21T00:37:56Z,"[{'id': 5776085657, 'qualifierId': 212, 'value': '16.9'}, {'id': 5776085655, 'qualifierId': 141, 'value': '13.5'}, {'id': 5776085659, 'qualifierId': 213, 'value': '4.89'}, {'id': 5776085653, 'qualifierId': 140, 'value': '45.8'}, {'id': 5776085651, 'qualifierId': 56, 'value': 'Back'}]",48l2ildbeme2l336nor2hw6lm,E. Ball,,Kansas City Current,Home
2823523115,225,1,1,27,35,agxipc0vk4rtg09amjxv10nx0,1,45.8,13.5,2025-06-21T00:37:56.412Z,2025-06-21T00:38:03Z,"[{'id': 5776085833, 'qualifierId': 140, 'value': '39.9'}, {'id': 5776085839, 'qualifierId': 213, 'value': '1.93'}, {'id': 5776085835, 'qualifierId': 141, 'value': '37.8'}, {'id': 5776085837, 'qualifierId': 212, 'value': '17.6'}, {'id': 5776085831, 'qualifierId': 56, 'value': 'Back'}]",9wvoeo39cgbelv8ddqin3aaga,H. Mace,,Kansas City Current,Home
2823523125,226,1,1,27,42,agxipc0vk4rtg09amjxv10nx0,1,43.6,44.7,2025-06-21T00:38:03.596Z,2025-06-21T00:38:05Z,"[{'id': 5776085885, 'qualifierId': 140, 'value': '40.8'}, {'id': 5776085889, 'qualifierId': 212, 'value': '19.4'}, {'id': 5776085883, 'qualifierId': 56, 'value': 'Back'}, {'id': 5776085887, 'qualifierId': 141, 'value': '72.9'}, {'id': 5776085891, 'qualifierId': 213, 'value': '1.72'}]",48l2ildbeme2l336nor2hw6lm,E. Ball,,Kansas City Current,Home
2823523153,227,1,1,27,44,agxipc0vk4rtg09amjxv10nx0,1,40.9,73.1,2025-06-21T00:38:05.348Z,2025-06-21T00:38:11Z,"[{'id': 5776086041, 'qualifierId': 56, 'value': 'Left'}, {'id': 5776086049, 'qualifierId': 213, 'value': '0.72'}, {'id': 5776086045, 'qualifierId': 141, 'value': '96.1'}, {'id': 5776086043, 'qualifierId': 140, 'value': '57.8'}, {'id': 5776086047, 'qualifierId': 212, 'value': '23.7'}]",cl1av4qyzjkq03akjof6tdf1m,K. Sharples,,Kansas City Current,Home
2823523167,228,1,1,27,50,agxipc0vk4rtg09amjxv10nx0,1,67.3,71.4,2025-06-21T00:38:11.364Z,2025-06-21T00:38:13Z,"[{'id': 5776086131, 'qualifierId': 56, 'value': 'Center'}, {'id': 5776086137, 'qualifierId': 212, 'value': '11.2'}, {'id': 5776086135, 'qualifierId': 141, 'value': '55.1'}, {'id': 5776086139, 'qualifierId': 213, 'value': '4.56'}, {'id': 5776086133, 'qualifierId': 140, 'value': '65.7'}]",6hyf258ii56nw917w0b4ekob8,C. Hutton,,Kansas City Current,Home
2823523177,229,1,1,27,52,agxipc0vk4rtg09amjxv10nx0,1,68.1,51.1,2025-06-21T00:38:13.596Z,2025-06-21T00:38:16Z,"[{'id': 5776086189, 'qualifierId': 141, 'value': '35.5'}, {'id': 5776086185, 'qualifierId': 56, 'value': 'Center'}, {'id': 5776086193, 'qualifierId': 213, 'value': '4.91'}, {'id': 5776086191, 'qualifierId': 212, 'value': '10.8'}, {'id': 5776086187, 'qualifierId': 140, 'value': '70.1'}]",6k82rq8synvac950ext5t0jpx,R. Rodríguez,,Kansas City Current,Home
2823523195,230,1,1,27,55,agxipc0vk4rtg09amjxv10nx0,1,75.0,38.2,2025-06-21T00:38:16.676Z,2025-06-21T00:38:19Z,"[{'id': 5776086277, 'qualifierId': 213, 'value': '5.88'}, {'id': 5776086275, 'qualifierId': 212, 'value': '21.7'}, {'id': 5776086273, 'qualifierId': 141, 'value': '25.6'}, {'id': 5776086269, 'qualifierId': 56, 'value': 'Center'}, {'id': 5776086271, 'qualifierId': 140, 'value': '94.0'}]",dv8265k3za578hkzxxuttqmdx,V. DiBernardo,,Kansas City Current,Home
2823523201,231,1,1,27,58,agxipc0vk4rtg09amjxv10nx0,0,93.2,22.7,2025-06-21T00:38:19.396Z,2025-06-27T21:04:02Z,"[{'id': 5776086313, 'qualifierId': 56, 'value': 'Center'}, {'id': 5776086315, 'qualifierId': 140, 'value': '98.9'}, {'id': 5776086319, 'qualifierId': 212, 'value': '17.2'}, {'id': 5776086317, 'qualifierId': 141, 'value': '46.4'}, {'id': 5776086349, 'qualifierId': 155}, {'id': 5776086321, 'qualifierId': 213, 'value': '1.22'}, {'id': 5781985439, 'qualifierId': 224}, {'id': 5781985441, 'qualifierId': 20}, {'id': 5776086309, 'qualifierId': 2}]",e1irspfo9xupqz2sqvyq1zp0q,M. Cooper,,Kansas City Current,Home
2823523203,237,52,1,27,59,6hbfgdczbi3yg4sdpqgtu6s,1,0.5,53.9,2025-06-21T00:38:20.349Z,2025-06-27T21:04:07Z,"[{'id': 5781985481, 'qualifierId': 377}]",lg9muzm3sbiijicsik53m3je,A. Anderson,,Angel City,Away
2823523281,238,1,1,28,19,6hbfgdczbi3yg4sdpqgtu6s,1,2.7,53.0,2025-06-21T00:38:40.924Z,2025-06-27T21:05:16Z,"[{'id': 5776086831, 'qualifierId': 123}, {'id': 5781985809, 'qualifierId': 189}, {'id': 5776086837, 'qualifierId': 141, 'value': '74.2'}, {'id': 5776086841, 'qualifierId': 213, 'value': '1.56'}, {'id': 5776086833, 'qualifierId': 56, 'value': 'Back'}, {'id': 5776086835, 'qualifierId': 140, 'value': '2.8'}, {'id': 5776086839, 'qualifierId': 212, 'value': '14.4'}]",lg9muzm3sbiijicsik53m3je,A. Anderson,,Angel City,Away
2823523293,239,1,1,28,20,6hbfgdczbi3yg4sdpqgtu6s,1,2.8,74.2,2025-06-21T00:38:42.173Z,2025-06-21T00:38:44Z,"[{'id': 5776086915, 'qualifierId': 140, 'value': '17.8'}, {'id': 5776086919, 'qualifierId': 212, 'value': '15.9'}, {'id': 5776086921, 'qualifierId': 213, 'value': '6.14'}, {'id': 5776086913, 'qualifierId': 56, 'value': 'Back'}, {'id': 5776086917, 'qualifierId': 141, 'value': '70.9'}]",6opd7nuh51c7p6pn6w04yuntg,M. Reid,,Angel City,Away
2823523313,240,1,1,28,22,6hbfgdczbi3yg4sdpqgtu6s,1,17.8,70.9,2025-06-21T00:38:44.029Z,2025-06-21T00:38:47Z,"[{'id': 5776087007, 'qualifierId': 212, 'value': '14.5'}, {'id': 5776087003, 'qualifierId': 140, 'value': '21.2'}, {'id': 5776087005, 'qualifierId': 141, 'value': '91.5'}, {'id': 5776087009, 'qualifierId': 213, 'value': '1.32'}, {'id': 5776087001, 'qualifierId': 56, 'value': 'Back'}]",3bx0w0ftkij1lqrt727gjd94a,M. Hammond,,Angel City,Away
2823523315,241,1,1,28,25,6hbfgdczbi3yg4sdpqgtu6s,1,21.2,91.5,2025-06-21T00:38:46.973Z,2025-06-21T00:38:47Z,"[{'id': 5776087023, 'qualifierId': 56, 'value': 'Back'}, {'id': 5776087025, 'qualifierId': 140, 'value': '22.1'}, {'id': 5776087029, 'qualifierId': 212, 'value': '9.7'}, {'id': 5776087031, 'qualifierId': 213, 'value': '4.81'}, {'id': 5776087027, 'qualifierId': 141, 'value': '77.3'}]",1enu619pvakj78wtsfuilbj3e,M. A. Vignola,,Angel City,Away
2823523321,242,1,1,28,26,6hbfgdczbi3yg4sdpqgtu6s,1,22.1,77.3,2025-06-21T00:38:47.404Z,2025-06-21T00:38:48Z,"[{'id': 5776087073, 'qualifierId': 140, 'value': '27.2'}, {'id': 5776087079, 'qualifierId': 213, 'value': '5.26'}, {'id': 5776087075, 'qualifierId': 141, 'value': '64.5'}, {'id': 5776087077, 'qualifierId': 212, 'value': '10.2'}, {'id': 5776087071, 'qualifierId': 56, 'value': 'Back'}]",6opd7nuh51c7p6pn6w04yuntg,M. Reid,,Angel City,Away
2823523325,243,3,1,28,27,6hbfgdczbi3yg4sdpqgtu6s,0,27.6,60.5,2025-06-21T00:38:48.539Z,2025-06-27T21:05:46Z,"[{'id': 5776087115, 'qualifierId': 233, 'value': '232'}, {'id': 5781985837, 'qualifierId': 465}, {'id': 5776087093, 'qualifierId': 285}, {'id': 5776087091, 'qualifierId': 56, 'value': 'Back'}]",8f2og4ng2s6f8qeikft26h2qc,M. Hodge,,Angel City,Away
2823523323,232,7,1,28,27,agxipc0vk4rtg09amjxv10nx0,0,72.4,39.5,2025-06-21T00:38:48.540Z,2025-06-27T21:05:42Z,"[{'id': 5776087087, 'qualifierId': 56, 'value': 'Center'}, {'id': 5776087095, 'qualifierId': 233, 'value': '243'}, {'id': 5776087089, 'qualifierId': 286}, {'id': 5781985823, 'qualifierId': 385}, {'id': 5781985825, 'qualifierId': 178}]",6hyf258ii56nw917w0b4ekob8,C. Hutton,,Kansas City Current,Home
2823523331,244,61,1,28,28,6hbfgdczbi3yg4sdpqgtu6s,1,27.9,55.7,2025-06-21T00:38:49.901Z,2025-06-27T21:05:50Z,"[{'id': 5776087125, 'qualifierId': 56, 'value': 'Back'}]",8f2og4ng2s6f8qeikft26h2qc,M. Hodge,,Angel City,Away
2823523335,233,49,1,28,29,agxipc0vk4rtg09amjxv10nx0,1,66.4,51.4,2025-06-21T00:38:50.748Z,2025-06-21T00:38:50Z,[],47iatvbptp6438v5qo359yw9h,Bia Zaneratto,,Kansas City Current,Home
2823523355,234,1,1,28,29,agxipc0vk4rtg09amjxv10nx0,1,66.4,51.4,2025-06-21T00:38:50.876Z,2025-06-21T00:38:54Z,"[{'id': 5776087261, 'qualifierId': 141, 'value': '46.6'}, {'id': 5776087259, 'qualifierId': 140, 'value': '73.2'}, {'id': 5776087265, 'qualifierId': 213, 'value': '5.85'}, {'id': 5776087257, 'qualifierId': 56, 'value': 'Center'}, {'id': 5776087263, 'qualifierId': 212, 'value': '7.9'}]",47iatvbptp6438v5qo359yw9h,Bia Zaneratto,,Kansas City Current,Home
2823523357,235,50,1,28,33,agxipc0vk4rtg09amjxv10nx0,1,76.5,47.1,2025-06-21T00:38:54.285Z,2025-06-21T01:13:01Z,"[{'id': 5776087295, 'qualifierId': 233, 'value': '245'}, {'id': 5776087269, 'qualifierId': 56, 'value': 'Center'}, {'id': 5776087271, 'qualifierId': 286}]",6hyf258ii56nw917w0b4ekob8,C. Hutton,,Kansas City Current,Home
2823523359,245,7,1,28,33,6hbfgdczbi3yg4sdpqgtu6s,1,23.5,52.9,2025-06-21T00:38:54.286Z,2025-06-27T21:06:05Z,"[{'id': 5781985921, 'qualifierId': 178}, {'id': 5781985919, 'qualifierId': 384}, {'id': 5776087279, 'qualifierId': 233, 'value': '235'}, {'id': 5776087275, 'qualifierId': 285}, {'id': 5776087273, 'qualifierId': 56, 'value': 'Back'}]",8f2og4ng2s6f8qeikft26h2qc,M. Hodge,,Angel City,Away
2823523361,246,49,1,28,33,6hbfgdczbi3yg4sdpqgtu6s,1,23.2,45.8,2025-06-21T00:38:55.181Z,2025-06-21T00:38:55Z,[],8f2og4ng2s6f8qeikft26h2qc,M. Hodge,,Angel City,Away
2823523385,247,1,1,28,34,6hbfgdczbi3yg4sdpqgtu6s,1,23.2,45.8,2025-06-21T00:38:55.388Z,2025-06-21T00:39:03Z,"[{'id': 5776087449, 'qualifierId': 213, 'value': '5.09'}, {'id': 5776087445, 'qualifierId': 141, 'value': '30.0'}, {'id': 5776087443, 'qualifierId': 140, 'value': '27.2'}, {'id': 5776087447, 'qualifierId': 212, 'value': '11.5'}, {'id': 5776087441, 'qualifierId': 56, 'value': 'Back'}]",8f2og4ng2s6f8qeikft26h2qc,M. Hodge,,Angel City,Away
2823523393,248,1,1,28,41,6hbfgdczbi3yg4sdpqgtu6s,1,51.1,18.2,2025-06-21T00:39:03.021Z,2025-06-21T00:39:04Z,"[{'id': 5776087479, 'qualifierId': 56, 'value': 'Right'}, {'id': 5776087487, 'qualifierId': 213, 'value': '0.09'}, {'id': 5776087485, 'qualifierId': 212, 'value': '13.9'}, {'id': 5776087483, 'qualifierId': 141, 'value': '20.1'}, {'id': 5776087481, 'qualifierId': 140, 'value': '64.3'}]",9mo419gtk6dy5lhcvatcllkyy,J. Dufour,,Angel City,Away
2823523395,249,61,1,28,43,6hbfgdczbi3yg4sdpqgtu6s,0,64.6,19.7,2025-06-21T00:39:04.876Z,2025-06-21T00:39:05Z,"[{'id': 5776087495, 'qualifierId': 56, 'value': 'Right'}]",bngif4yqa0asu77nptsb06n10,R. Tiernan,,Angel City,Away
2823523409,236,49,1,28,47,agxipc0vk4rtg09amjxv10nx0,1,12.8,89.9,2025-06-21T00:39:08.971Z,2025-06-21T00:39:09Z,[],cl1av4qyzjkq03akjof6tdf1m,K. Sharples,,Kansas City Current,Home
2823523423,237,1,1,28,52,agxipc0vk4rtg09amjxv10nx0,1,14.9,94.4,2025-06-21T00:39:13.805Z,2025-06-21T00:39:15Z,"[{'id': 5776087631, 'qualifierId': 213, 'value': '5.77'}, {'id': 5776087621, 'qualifierId': 155}, {'id': 5776087623, 'qualifierId': 56, 'value': 'Back'}, {'id': 5776087629, 'qualifierId': 212, 'value': '33.5'}, {'id': 5776087625, 'qualifierId': 140, 'value': '42.7'}, {'id': 5776087633, 'qualifierId': 1}, {'id': 5776087627, 'qualifierId': 141, 'value': '70.1'}]",cl1av4qyzjkq03akjof6tdf1m,K. Sharples,,Kansas City Current,Home
2823523433,238,1,1,28,53,agxipc0vk4rtg09amjxv10nx0,1,42.7,70.1,2025-06-21T00:39:15.235Z,2025-06-21T00:39:17Z,"[{'id': 5776087677, 'qualifierId': 212, 'value': '9.4'}, {'id': 5776087671, 'qualifierId': 56, 'value': 'Center'}, {'id': 5776087673, 'qualifierId': 140, 'value': '50.9'}, {'id': 5776087679, 'qualifierId': 213, 'value': '5.87'}, {'id': 5776087675, 'qualifierId': 141, 'value': '64.5'}]",ccw8gtkcahxf21rutqldjvkve,T. Chawinga,,Kansas City Current,Home
2823523427,250,83,1,28,55,6hbfgdczbi3yg4sdpqgtu6s,0,52.8,34.9,2025-06-21T00:39:17.085Z,2025-06-21T00:39:18Z,"[{'id': 5776087719, 'qualifierId': 399, 'value': '47iatvbptp6438v5qo359yw9h'}]",6bcvcloym3tzxss5hgsw4h1at,A. Kennedy,,Angel City,Away
2823523441,239,1,1,28,56,agxipc0vk4rtg09amjxv10nx0,1,48.4,65.2,2025-06-21T00:39:17.467Z,2025-06-21T00:39:18Z,"[{'id': 5776087715, 'qualifierId': 213, 'value': '2.63'}, {'id': 5776087707, 'qualifierId': 56, 'value': 'Back'}, {'id': 5776087713, 'qualifierId': 212, 'value': '9.8'}, {'id': 5776087709, 'qualifierId': 140, 'value': '40.3'}, {'id': 5776087711, 'qualifierId': 141, 'value': '72.3'}]",47iatvbptp6438v5qo359yw9h,Bia Zaneratto,,Kansas City Current,Home
2823523447,240,1,1,28,57,agxipc0vk4rtg09amjxv10nx0,0,40.2,72.3,2025-06-21T00:39:19.116Z,2025-06-21T00:39:22Z,"[{'id': 5776087755, 'qualifierId': 213, 'value': '6.18'}, {'id': 5776087753, 'qualifierId': 212, 'value': '49.3'}, {'id': 5776087747, 'qualifierId': 56, 'value': 'Center'}, {'id': 5776087751, 'qualifierId': 141, 'value': '64.5'}, {'id': 5776087745, 'qualifierId': 155}, {'id': 5776087749, 'qualifierId': 140, 'value': '86.9'}, {'id': 5776087757, 'qualifierId': 1}]",6hyf258ii56nw917w0b4ekob8,C. Hutton,,Kansas City Current,Home
2823523449,251,52,1,29,1,6hbfgdczbi3yg4sdpqgtu6s,1,13.8,33.1,2025-06-21T00:39:22.620Z,2025-06-27T21:06:37Z,"[{'id': 5781986045, 'qualifierId': 376}]",lg9muzm3sbiijicsik53m3je,A. Anderson,,Angel City,Away
2823523459,252,1,1,29,3,6hbfgdczbi3yg4sdpqgtu6s,1,14.2,30.3,2025-06-21T00:39:24.876Z,2025-06-21T00:39:28Z,"[{'id': 5776087819, 'qualifierId': 212, 'value': '14.4'}, {'id': 5776087815, 'qualifierId': 140, 'value': '26.0'}, {'id': 5776087813, 'qualifierId': 56, 'value': 'Back'}, {'id': 5776087817, 'qualifierId': 141, 'value': '41.0'}, {'id': 5776087821, 'qualifierId': 213, 'value': '0.53'}, {'id': 5776087811, 'qualifierId': 123}]",lg9muzm3sbiijicsik53m3je,A. Anderson,,Angel City,Away
2823523477,253,1,1,29,7,6hbfgdczbi3yg4sdpqgtu6s,1,26.3,41.6,2025-06-21T00:39:28.588Z,2025-06-21T00:39:33Z,"[{'id': 5776087911, 'qualifierId': 140, 'value': '27.2'}, {'id': 5776087909, 'qualifierId': 56, 'value': 'Back'}, {'id': 5776087915, 'qualifierId': 212, 'value': '18.2'}, {'id': 5776087913, 'qualifierId': 141, 'value': '68.4'}, {'id': 5776087917, 'qualifierId': 213, 'value': '1.52'}]",6bcvcloym3tzxss5hgsw4h1at,A. Kennedy,,Angel City,Away
2823523483,254,1,1,29,12,6hbfgdczbi3yg4sdpqgtu6s,1,27.4,69.6,2025-06-21T00:39:33.932Z,2025-06-21T00:39:36Z,"[{'id': 5776087961, 'qualifierId': 140, 'value': '26.0'}, {'id': 5776087959, 'qualifierId': 56, 'value': 'Back'}, {'id': 5776087965, 'qualifierId': 212, 'value': '12.2'}, {'id': 5776087963, 'qualifierId': 141, 'value': '51.8'}, {'id': 5776087967, 'qualifierId': 213, 'value': '4.59'}]",6opd7nuh51c7p6pn6w04yuntg,M. Reid,,Angel City,Away
2823523487,255,1,1,29,14,6hbfgdczbi3yg4sdpqgtu6s,1,25.7,51.8,2025-06-21T00:39:36.044Z,2025-06-21T00:39:38Z,"[{'id': 5776087981, 'qualifierId': 140, 'value': '29.0'}, {'id': 5776087979, 'qualifierId': 56, 'value': 'Back'}, {'id': 5776087987, 'qualifierId': 213, 'value': '1.36'}, {'id': 5776087985, 'qualifierId': 212, 'value': '16.4'}, {'id': 5776087983, 'qualifierId': 141, 'value': '75.4'}]",6bcvcloym3tzxss5hgsw4h1at,A. Kennedy,,Angel City,Away
2823523493,256,1,1,29,17,6hbfgdczbi3yg4sdpqgtu6s,1,28.8,75.4,2025-06-21T00:39:38.620Z,2025-06-21T00:39:40Z,"[{'id': 5776088019, 'qualifierId': 141, 'value': '77.9'}, {'id': 5776088015, 'qualifierId': 56, 'value': 'Back'}, {'id': 5776088021, 'qualifierId': 212, 'value': '12.9'}, {'id': 5776088023, 'qualifierId': 213, 'value': '0.13'}, {'id': 5776088017, 'qualifierId': 140, 'value': '41.0'}]",6opd7nuh51c7p6pn6w04yuntg,M. Reid,,Angel City,Away
2823523499,257,1,1,29,19,6hbfgdczbi3yg4sdpqgtu6s,1,40.7,74.2,2025-06-21T00:39:41.212Z,2025-06-21T00:39:41Z,"[{'id': 5776088057, 'qualifierId': 140, 'value': '27.4'}, {'id': 5776088059, 'qualifierId': 141, 'value': '71.8'}, {'id': 5776088075, 'qualifierId': 156}, {'id': 5776088061, 'qualifierId': 212, 'value': '14.1'}, {'id': 5776088055, 'qualifierId': 56, 'value': 'Back'}, {'id': 5776088063, 'qualifierId': 213, 'value': '3.26'}]",dfeohozpw604y5jbu01u1dkkq,A. Thompson,,Angel City,Away
2823523507,258,1,1,29,21,6hbfgdczbi3yg4sdpqgtu6s,1,29.2,69.6,2025-06-21T00:39:42.892Z,2025-06-21T00:39:45Z,"[{'id': 5776088111, 'qualifierId': 56, 'value': 'Back'}, {'id': 5776088119, 'qualifierId': 213, 'value': '5.16'}, {'id': 5776088115, 'qualifierId': 141, 'value': '48.5'}, {'id': 5776088113, 'qualifierId': 140, 'value': '35.8'}, {'id': 5776088117, 'qualifierId': 212, 'value': '15.9'}]",6opd7nuh51c7p6pn6w04yuntg,M. Reid,,Angel City,Away
2823523515,259,1,1,29,23,6hbfgdczbi3yg4sdpqgtu6s,1,34.5,48.5,2025-06-21T00:39:45.228Z,2025-06-21T00:39:48Z,"[{'id': 5776088181, 'qualifierId': 213, 'value': '3.95'}, {'id': 5776088175, 'qualifierId': 140, 'value': '24.9'}, {'id': 5776088179, 'qualifierId': 212, 'value': '14.6'}, {'id': 5776088173, 'qualifierId': 56, 'value': 'Back'}, {'id': 5776088177, 'qualifierId': 141, 'value': '33.0'}]",8f2og4ng2s6f8qeikft26h2qc,M. Hodge,,Angel City,Away
2823523523,260,1,1,29,27,6hbfgdczbi3yg4sdpqgtu6s,0,26.1,28.3,2025-06-21T00:39:48.540Z,2025-06-21T00:39:51Z,"[{'id': 5776088241, 'qualifierId': 56, 'value': 'Right'}, {'id': 5776088239, 'qualifierId': 157}, {'id': 5776088247, 'qualifierId': 212, 'value': '37.0'}, {'id': 5776088251, 'qualifierId': 1}, {'id': 5776088245, 'qualifierId': 141, 'value': '16.2'}, {'id': 5776088249, 'qualifierId': 213, 'value': '6.06'}, {'id': 5776088243, 'qualifierId': 140, 'value': '60.5'}]",etdam0sfwiphiwykieovlsyy1,S. Gorden,,Angel City,Away
2823523527,241,1,1,29,30,agxipc0vk4rtg09amjxv10nx0,1,41.0,86.7,2025-06-21T00:39:51.627Z,2025-06-21T00:39:53Z,"[{'id': 5776088259, 'qualifierId': 141, 'value': '88.7'}, {'id': 5776088261, 'qualifierId': 212, 'value': '11.2'}, {'id': 5776088255, 'qualifierId': 56, 'value': 'Left'}, {'id': 5776088263, 'qualifierId': 213, 'value': '0.12'}, {'id': 5776088257, 'qualifierId': 140, 'value': '51.6'}]",cl1av4qyzjkq03akjof6tdf1m,K. Sharples,,Kansas City Current,Home
2823523537,242,1,1,29,32,agxipc0vk4rtg09amjxv10nx0,1,54.5,89.1,2025-06-21T00:39:54.156Z,2025-06-21T01:14:23Z,"[{'id': 5776088319, 'qualifierId': 213, 'value': '1.38'}, {'id': 5776088315, 'qualifierId': 141, 'value': '93.8'}, {'id': 5776088313, 'qualifierId': 140, 'value': '55.1'}, {'id': 5776088317, 'qualifierId': 212, 'value': '3.3'}, {'id': 5776088311, 'qualifierId': 56, 'value': 'Left'}, {'id': 5776088309, 'qualifierId': 155}]",6hyf258ii56nw917w0b4ekob8,C. Hutton,,Kansas City Current,Home
2823523541,243,1,1,29,33,agxipc0vk4rtg09amjxv10nx0,1,55.1,93.8,2025-06-21T00:39:54.915Z,2025-06-21T01:14:21Z,"[{'id': 5776088355, 'qualifierId': 140, 'value': '58.0'}, {'id': 5776088359, 'qualifierId': 212, 'value': '4.3'}, {'id': 5776088361, 'qualifierId': 213, 'value': '5.51'}, {'id': 5776088353, 'qualifierId': 56, 'value': 'Left'}, {'id': 5776088357, 'qualifierId': 141, 'value': '89.4'}, {'id': 5776088351, 'qualifierId': 3}]",736jvvtkgwc3g1vooviaod33d,I. Rodriguez,,Kansas City Current,Home
2823523791,256,3,1,29,34,agxipc0vk4rtg09amjxv10nx0,1,58.8,91.4,2025-06-21T00:39:55.324Z,2025-06-27T21:21:54Z,"[{'id': 5781986401, 'qualifierId': 465}, {'id': 5776089787, 'qualifierId': 56, 'value': 'Left'}, {'id': 5776089953, 'qualifierId': 233, 'value': '261'}, {'id': 5776089789, 'qualifierId': 286}]",6hyf258ii56nw917w0b4ekob8,C. Hutton,,Kansas City Current,Home
2823523533,261,45,1,29,34,6hbfgdczbi3yg4sdpqgtu6s,0,41.2,8.6,2025-06-21T00:39:55.324Z,2025-06-27T21:21:54Z,"[{'id': 5776089693, 'qualifierId': 285}, {'id': 5776089959, 'qualifierId': 233, 'value': '256'}, {'id': 5776088293, 'qualifierId': 56, 'value': 'Back'}]",8f2og4ng2s6f8qeikft26h2qc,M. Hodge,,Angel City,Away
2823523829,257,49,1,29,36,agxipc0vk4rtg09amjxv10nx0,1,62.0,88.9,2025-06-21T00:39:57.331Z,2025-06-21T00:41:09Z,[],6hyf258ii56nw917w0b4ekob8,C. Hutton,,Kansas City Current,Home
2823523543,244,50,1,29,38,agxipc0vk4rtg09amjxv10nx0,1,59.8,80.7,2025-06-21T00:39:59.635Z,2025-06-21T01:13:01Z,"[{'id': 5776088425, 'qualifierId': 233, 'value': '262'}, {'id': 5776088371, 'qualifierId': 286}, {'id': 5776088369, 'qualifierId': 56, 'value': 'Left'}]",6hyf258ii56nw917w0b4ekob8,C. Hutton,,Kansas City Current,Home
2823523545,262,7,1,29,38,6hbfgdczbi3yg4sdpqgtu6s,1,40.2,19.3,2025-06-21T00:39:59.636Z,2025-06-27T21:07:30Z,"[{'id': 5776088375, 'qualifierId': 285}, {'id': 5776088373, 'qualifierId': 56, 'value': 'Back'}, {'id': 5781986451, 'qualifierId': 384}, {'id': 5776088401, 'qualifierId': 233, 'value': '244'}, {'id': 5781986453, 'qualifierId': 389}]",8f2og4ng2s6f8qeikft26h2qc,M. Hodge,,Angel City,Away
2823523547,263,49,1,29,39,6hbfgdczbi3yg4sdpqgtu6s,1,43.7,28.9,2025-06-21T00:40:01.052Z,2025-06-21T00:40:01Z,[],3bx0w0ftkij1lqrt727gjd94a,M. Hammond,,Angel City,Away
2823523557,264,1,1,29,40,6hbfgdczbi3yg4sdpqgtu6s,1,45.5,24.7,2025-06-21T00:40:01.676Z,2025-06-21T00:40:02Z,"[{'id': 5776088457, 'qualifierId': 141, 'value': '11.9'}, {'id': 5776088453, 'qualifierId': 56, 'value': 'Back'}, {'id': 5776088461, 'qualifierId': 213, 'value': '4.63'}, {'id': 5776088459, 'qualifierId': 212, 'value': '8.7'}, {'id': 5776088455, 'qualifierId': 140, 'value': '44.8'}]",3bx0w0ftkij1lqrt727gjd94a,M. Hammond,,Angel City,Away
2823523565,245,83,1,29,41,agxipc0vk4rtg09amjxv10nx0,0,62.4,81.7,2025-06-21T00:40:02.275Z,2025-06-21T00:40:07Z,"[{'id': 5776088581, 'qualifierId': 399, 'value': '9mo419gtk6dy5lhcvatcllkyy'}]",736jvvtkgwc3g1vooviaod33d,I. Rodriguez,,Kansas City Current,Home
2823523567,265,1,1,29,41,6hbfgdczbi3yg4sdpqgtu6s,1,44.8,11.9,2025-06-21T00:40:02.764Z,2025-06-21T00:40:05Z,"[{'id': 5776088521, 'qualifierId': 212, 'value': '12.0'}, {'id': 5776088515, 'qualifierId': 56, 'value': 'Back'}, {'id': 5776088519, 'qualifierId': 141, 'value': '17.1'}, {'id': 5776088517, 'qualifierId': 140, 'value': '33.9'}, {'id': 5776088523, 'qualifierId': 213, 'value': '2.84'}]",9mo419gtk6dy5lhcvatcllkyy,J. Dufour,,Angel City,Away
2823523575,266,1,1,29,43,6hbfgdczbi3yg4sdpqgtu6s,1,33.9,17.1,2025-06-21T00:40:04.972Z,2025-06-21T00:40:07Z,"[{'id': 5776088569, 'qualifierId': 56, 'value': 'Back'}, {'id': 5776088571, 'qualifierId': 140, 'value': '41.8'}, {'id': 5776088577, 'qualifierId': 213, 'value': '5.67'}, {'id': 5776088575, 'qualifierId': 212, 'value': '10.1'}, {'id': 5776088573, 'qualifierId': 141, 'value': '8.5'}]",89fa211ocgno2q0to22emh20a,G. Thompson,,Angel City,Away
2823523587,267,1,1,29,47,6hbfgdczbi3yg4sdpqgtu6s,1,42.2,5.0,2025-06-21T00:40:08.588Z,2025-06-21T00:40:11Z,"[{'id': 5776088671, 'qualifierId': 213, 'value': '2.83'}, {'id': 5776088665, 'qualifierId': 140, 'value': '32.3'}, {'id': 5776088669, 'qualifierId': 212, 'value': '10.9'}, {'id': 5776088663, 'qualifierId': 56, 'value': 'Back'}, {'id': 5776088667, 'qualifierId': 141, 'value': '10.0'}]",9mo419gtk6dy5lhcvatcllkyy,J. Dufour,,Angel City,Away
2823523593,268,1,1,29,50,6hbfgdczbi3yg4sdpqgtu6s,1,32.1,9.8,2025-06-21T00:40:11.885Z,2025-06-21T00:40:13Z,"[{'id': 5776088743, 'qualifierId': 213, 'value': '0.17'}, {'id': 5776088737, 'qualifierId': 140, 'value': '55.9'}, {'id': 5776088739, 'qualifierId': 141, 'value': '16.2'}, {'id': 5776088735, 'qualifierId': 56, 'value': 'Right'}, {'id': 5776088741, 'qualifierId': 212, 'value': '25.4'}, {'id': 5776088733, 'qualifierId': 155}]",etdam0sfwiphiwykieovlsyy1,S. Gorden,,Angel City,Away
2823523599,269,1,1,29,51,6hbfgdczbi3yg4sdpqgtu6s,1,55.6,16.1,2025-06-21T00:40:13.147Z,2025-06-21T00:40:15Z,"[{'id': 5776088783, 'qualifierId': 141, 'value': '4.7'}, {'id': 5776088785, 'qualifierId': 212, 'value': '7.9'}, {'id': 5776088787, 'qualifierId': 213, 'value': '4.90'}, {'id': 5776088779, 'qualifierId': 56, 'value': 'Right'}, {'id': 5776088781, 'qualifierId': 140, 'value': '57.0'}]",3bx0w0ftkij1lqrt727gjd94a,M. Hammond,,Angel City,Away
2823523961,258,83,1,29,54,agxipc0vk4rtg09amjxv10nx0,0,47.0,90.4,2025-06-21T00:40:15.283Z,2025-06-21T00:41:40Z,"[{'id': 5776090983, 'qualifierId': 399, 'value': '89fa211ocgno2q0to22emh20a'}]",6hyf258ii56nw917w0b4ekob8,C. Hutton,,Kansas City Current,Home
2823523603,270,50,1,29,54,6hbfgdczbi3yg4sdpqgtu6s,1,57.3,8.5,2025-06-21T00:40:15.884Z,2025-06-21T01:13:02Z,"[{'id': 5776088801, 'qualifierId': 56, 'value': 'Right'}, {'id': 5776088891, 'qualifierId': 233, 'value': '246'}, {'id': 5776088803, 'qualifierId': 286}]",89fa211ocgno2q0to22emh20a,G. Thompson,,Angel City,Away
2823523607,246,7,1,29,54,agxipc0vk4rtg09amjxv10nx0,1,42.7,91.5,2025-06-21T00:40:15.885Z,2025-06-27T21:07:52Z,"[{'id': 5776088855, 'qualifierId': 56, 'value': 'Back'}, {'id': 5781986559, 'qualifierId': 178}, {'id': 5776088873, 'qualifierId': 233, 'value': '270'}, {'id': 5781986557, 'qualifierId': 383}, {'id': 5776088857, 'qualifierId': 285}]",6hyf258ii56nw917w0b4ekob8,C. Hutton,,Kansas City Current,Home
2823523611,247,49,1,29,56,agxipc0vk4rtg09amjxv10nx0,1,42.2,85.5,2025-06-21T00:40:18.203Z,2025-06-21T00:40:18Z,[],6hyf258ii56nw917w0b4ekob8,C. Hutton,,Kansas City Current,Home
2823523625,248,1,1,29,57,agxipc0vk4rtg09amjxv10nx0,1,42.2,85.5,2025-06-21T00:40:18.460Z,2025-06-21T00:40:21Z,"[{'id': 5776088959, 'qualifierId': 56, 'value': 'Back'}, {'id': 5776088961, 'qualifierId': 140, 'value': '37.2'}, {'id': 5776088963, 'qualifierId': 141, 'value': '75.5'}, {'id': 5776088965, 'qualifierId': 212, 'value': '8.6'}, {'id': 5776088967, 'qualifierId': 213, 'value': '4.05'}]",6hyf258ii56nw917w0b4ekob8,C. Hutton,,Kansas City Current,Home
2823523627,249,1,1,30,0,agxipc0vk4rtg09amjxv10nx0,1,36.7,72.6,2025-06-21T00:40:21.787Z,2025-06-21T00:40:22Z,"[{'id': 5776088975, 'qualifierId': 140, 'value': '55.1'}, {'id': 5776088979, 'qualifierId': 212, 'value': '19.4'}, {'id': 5776088973, 'qualifierId': 56, 'value': 'Center'}, {'id': 5776088977, 'qualifierId': 141, 'value': '69.4'}, {'id': 5776088981, 'qualifierId': 213, 'value': '6.17'}]",6k82rq8synvac950ext5t0jpx,R. Rodríguez,,Kansas City Current,Home
2823523631,250,1,1,30,1,agxipc0vk4rtg09amjxv10nx0,0,55.1,69.2,2025-06-21T00:40:22.811Z,2025-06-21T00:40:23Z,"[{'id': 5776089005, 'qualifierId': 212, 'value': '12.5'}, {'id': 5776088999, 'qualifierId': 56, 'value': 'Center'}, {'id': 5776089003, 'qualifierId': 141, 'value': '71.6'}, {'id': 5776089001, 'qualifierId': 140, 'value': '66.9'}, {'id': 5776089007, 'qualifierId': 213, 'value': '0.13'}]",47iatvbptp6438v5qo359yw9h,Bia Zaneratto,,Kansas City Current,Home
2823523641,271,61,1,30,3,6hbfgdczbi3yg4sdpqgtu6s,0,31.4,22.7,2025-06-21T00:40:25.004Z,2025-06-21T00:40:25Z,"[{'id': 5776089069, 'qualifierId': 56, 'value': 'Back'}]",etdam0sfwiphiwykieovlsyy1,S. Gorden,,Angel City,Away
2823523683,251,1,1,30,6,agxipc0vk4rtg09amjxv10nx0,1,80.7,81.8,2025-06-21T00:40:27.443Z,2025-06-21T00:40:30Z,"[{'id': 5776089267, 'qualifierId': 141, 'value': '67.6'}, {'id': 5776089263, 'qualifierId': 56, 'value': 'Center'}, {'id': 5776089269, 'qualifierId': 212, 'value': '9.8'}, {'id': 5776089271, 'qualifierId': 213, 'value': '4.91'}, {'id': 5776089265, 'qualifierId': 140, 'value': '82.5'}]",ccw8gtkcahxf21rutqldjvkve,T. Chawinga,,Kansas City Current,Home
2823523687,252,1,1,30,9,agxipc0vk4rtg09amjxv10nx0,0,87.8,55.4,2025-06-21T00:40:30.410Z,2025-06-21T00:42:31Z,"[{'id': 5776092321, 'qualifierId': 286}, {'id': 5776089293, 'qualifierId': 56, 'value': 'Center'}, {'id': 5776092143, 'qualifierId': 213, 'value': '5.54'}, {'id': 5776092141, 'qualifierId': 212, 'value': '1.0'}, {'id': 5776092315, 'qualifierId': 236}, {'id': 5776092139, 'qualifierId': 141, 'value': '54.4'}, {'id': 5776092137, 'qualifierId': 140, 'value': '88.5'}, {'id': 5776092317, 'qualifierId': 233, 'value': '272'}]",47iatvbptp6438v5qo359yw9h,Bia Zaneratto,,Kansas City Current,Home
2823523685,272,74,1,30,9,6hbfgdczbi3yg4sdpqgtu6s,1,13.6,38.2,2025-06-21T00:40:30.411Z,2025-06-21T00:42:32Z,"[{'id': 5776092327, 'qualifierId': 233, 'value': '252'}, {'id': 5776089277, 'qualifierId': 285}, {'id': 5776089275, 'qualifierId': 56, 'value': 'Back'}]",6opd7nuh51c7p6pn6w04yuntg,M. Reid,,Angel City,Away
2824578845,814,3,1,30,11,agxipc0vk4rtg09amjxv10nx0,1,84.7,56.5,2025-06-21T00:40:32.345Z,2025-06-27T21:08:53Z,"[{'id': 5781986753, 'qualifierId': 56, 'value': 'Center'}, {'id': 5781986759, 'qualifierId': 465}, {'id': 5781986761, 'qualifierId': 233, 'value': '863'}, {'id': 5781986757, 'qualifierId': 286}]",ccw8gtkcahxf21rutqldjvkve,T. Chawinga,,Kansas City Current,Home
2824578843,863,45,1,30,11,6hbfgdczbi3yg4sdpqgtu6s,0,15.3,43.5,2025-06-21T00:40:32.345Z,2025-06-27T21:08:55Z,"[{'id': 5781986749, 'qualifierId': 56, 'value': 'Back'}, {'id': 5781986765, 'qualifierId': 233, 'value': '814'}, {'id': 5781986751, 'qualifierId': 285}]",6opd7nuh51c7p6pn6w04yuntg,M. Reid,,Angel City,Away
2823523705,253,13,1,30,12,agxipc0vk4rtg09amjxv10nx0,1,84.7,50.1,2025-06-21T00:40:33.579Z,2025-06-27T21:09:21Z,"[{'id': 5776092657, 'qualifierId': 20}, {'id': 5776092947, 'qualifierId': 103, 'value': '6.9'}, {'id': 5776089341, 'qualifierId': 56, 'value': 'Center'}, {'id': 5776092943, 'qualifierId': 73}, {'id': 5776092945, 'qualifierId': 102, 'value': '61.0'}, {'id': 5776092941, 'qualifierId': 23}, {'id': 5776089337, 'qualifierId': 17}, {'id': 5776092951, 'qualifierId': 458}, {'id': 5776092949, 'qualifierId': 215}, {'id': 5776092953, 'qualifierId': 230, 'value': '99.0'}, {'id': 5776092955, 'qualifierId': 231, 'value': '50.9'}]",ccw8gtkcahxf21rutqldjvkve,T. Chawinga,,Kansas City Current,Home
2823523725,254,43,1,30,14,agxipc0vk4rtg09amjxv10nx0,1,0.0,0.0,2025-06-21T00:40:35.811Z,2025-06-21T00:42:35Z,"[{'id': 5776089417, 'qualifierId': 56, 'value': 'Center'}, {'id': 5776092411, 'qualifierId': 144, 'value': '3'}, {'id': 5776089423, 'qualifierId': 233, 'value': '273'}, {'id': 5776089419, 'qualifierId': 286, 'value': '0'}]",ccw8gtkcahxf21rutqldjvkve,T. Chawinga,,Kansas City Current,Home
2823523713,273,43,1,30,14,6hbfgdczbi3yg4sdpqgtu6s,1,0.0,0.0,2025-06-21T00:40:35.811Z,2025-06-21T00:42:43Z,"[{'id': 5776092645, 'qualifierId': 144, 'value': '45'}, {'id': 5776089379, 'qualifierId': 56, 'value': 'Back'}, {'id': 5776089381, 'qualifierId': 285, 'value': '0'}]",6opd7nuh51c7p6pn6w04yuntg,M. Reid,,Angel City,Away
2823523775,255,5,1,30,15,agxipc0vk4rtg09amjxv10nx0,0,100.8,58.8,2025-06-21T00:40:36.940Z,2025-06-21T00:43:08Z,"[{'id': 5776089701, 'qualifierId': 346}, {'id': 5776089723, 'qualifierId': 233, 'value': '274'}, {'id': 5776089699, 'qualifierId': 56, 'value': 'Center'}]",ccw8gtkcahxf21rutqldjvkve,T. Chawinga,,Kansas City Current,Home
2823523773,274,5,1,30,15,6hbfgdczbi3yg4sdpqgtu6s,1,-0.8,41.2,2025-06-21T00:40:36.940Z,2025-06-21T00:43:08Z,"[{'id': 5776089685, 'qualifierId': 56, 'value': 'Back'}, {'id': 5776089719, 'qualifierId': 233, 'value': '255'}, {'id': 5776089687, 'qualifierId': 346}]",6opd7nuh51c7p6pn6w04yuntg,M. Reid,,Angel City,Away
2823524403,260,27,1,30,59,agxipc0vk4rtg09amjxv10nx0,1,0.0,0.0,2025-06-21T00:41:20.740Z,2025-06-21T00:43:09Z,"[{'id': 5776093179, 'qualifierId': 246}, {'id': 5776093377, 'qualifierId': 233, 'value': '275'}, {'id': 5776093177, 'qualifierId': 201}]",,,,Kansas City Current,Home
2823523911,275,27,1,30,59,6hbfgdczbi3yg4sdpqgtu6s,1,0.0,0.0,2025-06-21T00:41:20.740Z,2025-06-21T00:43:09Z,"[{'id': 5776090497, 'qualifierId': 201}, {'id': 5776090749, 'qualifierId': 246}, {'id': 5776093381, 'qualifierId': 233, 'value': '260'}]",,,,Angel City,Away
2823524417,261,28,1,32,30,agxipc0vk4rtg09amjxv10nx0,1,0.0,0.0,2025-06-21T00:42:51.435Z,2025-06-27T21:11:35Z,"[{'id': 5776093409, 'qualifierId': 233, 'value': '276'}, {'id': 5776093259, 'qualifierId': 55, 'value': '260'}]",,,,Kansas City Current,Home
2823524241,276,28,1,32,30,6hbfgdczbi3yg4sdpqgtu6s,1,0.0,0.0,2025-06-21T00:42:51.435Z,2025-06-27T21:11:37Z,"[{'id': 5776093413, 'qualifierId': 233, 'value': '261'}, {'id': 5776092331, 'qualifierId': 55, 'value': '275'}]",,,,Angel City,Away
2823524505,277,1,1,32,58,6hbfgdczbi3yg4sdpqgtu6s,1,4.4,59.4,2025-06-21T00:43:19.339Z,2025-06-21T00:43:20Z,"[{'id': 5776093691, 'qualifierId': 140, 'value': '2.3'}, {'id': 5776093701, 'qualifierId': 237}, {'id': 5776093695, 'qualifierId': 212, 'value': '7.0'}, {'id': 5776093703, 'qualifierId': 189}, {'id': 5776093693, 'qualifierId': 141, 'value': '49.7'}, {'id': 5776093689, 'qualifierId': 56, 'value': 'Back'}, {'id': 5776093687, 'qualifierId': 124}, {'id': 5776093697, 'qualifierId': 213, 'value': '4.39'}]",6opd7nuh51c7p6pn6w04yuntg,M. Reid,,Angel City,Away
2823524511,278,1,1,33,0,6hbfgdczbi3yg4sdpqgtu6s,1,4.2,52.7,2025-06-21T00:43:21.324Z,2025-06-21T00:43:22Z,"[{'id': 5776093737, 'qualifierId': 141, 'value': '69.7'}, {'id': 5776093733, 'qualifierId': 56, 'value': 'Back'}, {'id': 5776093741, 'qualifierId': 213, 'value': '0.46'}, {'id': 5776093735, 'qualifierId': 140, 'value': '26.6'}, {'id': 5776093739, 'qualifierId': 212, 'value': '26.2'}]",lg9muzm3sbiijicsik53m3je,A. Anderson,,Angel City,Away
2823524519,279,1,1,33,1,6hbfgdczbi3yg4sdpqgtu6s,1,26.6,69.7,2025-06-21T00:43:22.427Z,2025-06-21T00:43:23Z,"[{'id': 5776093769, 'qualifierId': 56, 'value': 'Back'}, {'id': 5776093771, 'qualifierId': 140, 'value': '28.9'}, {'id': 5776093775, 'qualifierId': 212, 'value': '17.2'}, {'id': 5776093773, 'qualifierId': 141, 'value': '94.8'}, {'id': 5776093777, 'qualifierId': 213, 'value': '1.43'}]",3bx0w0ftkij1lqrt727gjd94a,M. Hammond,,Angel City,Away
2823524525,280,1,1,33,2,6hbfgdczbi3yg4sdpqgtu6s,0,29.2,95.9,2025-06-21T00:43:23.803Z,2025-06-21T00:43:25Z,"[{'id': 5776093815, 'qualifierId': 213, 'value': '0.24'}, {'id': 5776093813, 'qualifierId': 212, 'value': '2.8'}, {'id': 5776093837, 'qualifierId': 286}, {'id': 5776093833, 'qualifierId': 233, 'value': '262'}, {'id': 5776093831, 'qualifierId': 236}, {'id': 5776093807, 'qualifierId': 56, 'value': 'Back'}, {'id': 5776093811, 'qualifierId': 141, 'value': '96.9'}, {'id': 5776093809, 'qualifierId': 140, 'value': '31.8'}]",1enu619pvakj78wtsfuilbj3e,M. A. Vignola,,Angel City,Away
2823524529,262,74,1,33,2,agxipc0vk4rtg09amjxv10nx0,1,68.0,4.2,2025-06-21T00:43:23.804Z,2025-06-21T01:12:58Z,"[{'id': 5776093827, 'qualifierId': 56, 'value': 'Right'}, {'id': 5776093829, 'qualifierId': 285}, {'id': 5776093839, 'qualifierId': 233, 'value': '280'}]",6k82rq8synvac950ext5t0jpx,R. Rodríguez,,Kansas City Current,Home
2823524533,263,5,1,33,3,agxipc0vk4rtg09amjxv10nx0,0,66.5,-1.7,2025-06-21T00:43:24.860Z,2025-06-21T01:12:54Z,"[{'id': 5776094299, 'qualifierId': 233, 'value': '281'}, {'id': 5776093849, 'qualifierId': 347}, {'id': 5776093847, 'qualifierId': 56, 'value': 'Right'}]",6k82rq8synvac950ext5t0jpx,R. Rodríguez,,Kansas City Current,Home
2823524619,281,5,1,33,3,6hbfgdczbi3yg4sdpqgtu6s,1,33.5,101.7,2025-06-21T00:43:24.860Z,2025-06-21T01:12:54Z,"[{'id': 5776094289, 'qualifierId': 233, 'value': '263'}, {'id': 5776094273, 'qualifierId': 56, 'value': 'Back'}, {'id': 5776094275, 'qualifierId': 347}]",1enu619pvakj78wtsfuilbj3e,M. A. Vignola,,Angel City,Away
2823524623,282,1,1,33,23,6hbfgdczbi3yg4sdpqgtu6s,1,31.2,100.0,2025-06-21T00:43:44.811Z,2025-06-21T00:43:46Z,"[{'id': 5776094333, 'qualifierId': 212, 'value': '9.9'}, {'id': 5776094325, 'qualifierId': 107}, {'id': 5776094329, 'qualifierId': 140, 'value': '29.3'}, {'id': 5776094335, 'qualifierId': 213, 'value': '4.51'}, {'id': 5776094327, 'qualifierId': 56, 'value': 'Back'}, {'id': 5776094331, 'qualifierId': 141, 'value': '86.8'}]",1enu619pvakj78wtsfuilbj3e,M. A. Vignola,,Angel City,Away
2823524627,283,1,1,33,24,6hbfgdczbi3yg4sdpqgtu6s,1,29.3,86.8,2025-06-21T00:43:46.251Z,2025-06-21T00:43:47Z,"[{'id': 5776094369, 'qualifierId': 141, 'value': '95.6'}, {'id': 5776094371, 'qualifierId': 212, 'value': '6.1'}, {'id': 5776094365, 'qualifierId': 56, 'value': 'Back'}, {'id': 5776094367, 'qualifierId': 140, 'value': '30.4'}, {'id': 5776094373, 'qualifierId': 213, 'value': '1.38'}]",8f2og4ng2s6f8qeikft26h2qc,M. Hodge,,Angel City,Away
2823524635,284,1,1,33,26,6hbfgdczbi3yg4sdpqgtu6s,1,30.4,95.6,2025-06-21T00:43:47.467Z,2025-06-21T00:43:49Z,"[{'id': 5776094413, 'qualifierId': 213, 'value': '4.14'}, {'id': 5776094407, 'qualifierId': 140, 'value': '26.2'}, {'id': 5776094409, 'qualifierId': 141, 'value': '85.6'}, {'id': 5776094411, 'qualifierId': 212, 'value': '8.1'}, {'id': 5776094405, 'qualifierId': 56, 'value': 'Back'}]",1enu619pvakj78wtsfuilbj3e,M. A. Vignola,,Angel City,Away
2823524653,285,1,1,33,27,6hbfgdczbi3yg4sdpqgtu6s,1,24.8,83.4,2025-06-21T00:43:49.051Z,2025-06-27T21:12:46Z,"[{'id': 5776094513, 'qualifierId': 141, 'value': '57.3'}, {'id': 5776094515, 'qualifierId': 212, 'value': '29.5'}, {'id': 5776094517, 'qualifierId': 213, 'value': '3.79'}, {'id': 5776094511, 'qualifierId': 140, 'value': '2.3'}, {'id': 5776094509, 'qualifierId': 56, 'value': 'Back'}]",8f2og4ng2s6f8qeikft26h2qc,M. Hodge,,Angel City,Away
2823524675,286,1,1,33,31,6hbfgdczbi3yg4sdpqgtu6s,1,8.6,66.3,2025-06-21T00:43:53.131Z,2025-06-21T00:43:56Z,"[{'id': 5776094617, 'qualifierId': 141, 'value': '53.4'}, {'id': 5776094613, 'qualifierId': 56, 'value': 'Back'}, {'id': 5776094621, 'qualifierId': 213, 'value': '4.10'}, {'id': 5776094615, 'qualifierId': 140, 'value': '2.7'}, {'id': 5776094619, 'qualifierId': 212, 'value': '10.7'}]",6bcvcloym3tzxss5hgsw4h1at,A. Kennedy,,Angel City,Away
2823524689,287,1,1,33,35,6hbfgdczbi3yg4sdpqgtu6s,1,1.6,54.0,2025-06-21T00:43:56.523Z,2025-06-27T21:13:01Z,"[{'id': 5781987305, 'qualifierId': 1}, {'id': 5776094701, 'qualifierId': 213, 'value': '5.18'}, {'id': 5776094693, 'qualifierId': 56, 'value': 'Back'}, {'id': 5776094695, 'qualifierId': 140, 'value': '15.8'}, {'id': 5776094699, 'qualifierId': 212, 'value': '33.1'}, {'id': 5776094697, 'qualifierId': 141, 'value': '10.5'}]",lg9muzm3sbiijicsik53m3je,A. Anderson,,Angel City,Away
2823524705,288,1,1,33,37,6hbfgdczbi3yg4sdpqgtu6s,1,20.5,7.7,2025-06-21T00:43:59.035Z,2025-06-21T00:44:01Z,"[{'id': 5776094819, 'qualifierId': 141, 'value': '10.3'}, {'id': 5776094815, 'qualifierId': 56, 'value': 'Back'}, {'id': 5776094821, 'qualifierId': 212, 'value': '13.7'}, {'id': 5776094823, 'qualifierId': 213, 'value': '0.13'}, {'id': 5776094817, 'qualifierId': 140, 'value': '33.4'}]",etdam0sfwiphiwykieovlsyy1,S. Gorden,,Angel City,Away
2823524735,291,4,1,33,40,6hbfgdczbi3yg4sdpqgtu6s,1,31.8,7.8,2025-06-21T00:44:01.347Z,2025-06-27T21:13:10Z,"[{'id': 5776094951, 'qualifierId': 56, 'value': 'Back'}, {'id': 5776095071, 'qualifierId': 13}, {'id': 5776095243, 'qualifierId': 285}, {'id': 5776095239, 'qualifierId': 233, 'value': '264'}, {'id': 5776095073, 'qualifierId': 152}, {'id': 5776095075, 'qualifierId': 265}]",9mo419gtk6dy5lhcvatcllkyy,J. Dufour,,Angel City,Away
2823524739,264,4,1,33,40,agxipc0vk4rtg09amjxv10nx0,0,68.2,92.2,2025-06-21T00:44:01.348Z,2025-06-27T21:13:14Z,"[{'id': 5776095005, 'qualifierId': 13}, {'id': 5776095245, 'qualifierId': 233, 'value': '291'}, {'id': 5776095011, 'qualifierId': 265}, {'id': 5776095009, 'qualifierId': 152}, {'id': 5776095007, 'qualifierId': 56, 'value': 'Left'}, {'id': 5776095013, 'qualifierId': 286}]",6hyf258ii56nw917w0b4ekob8,C. Hutton,,Kansas City Current,Home
2823524709,289,43,1,33,40,6hbfgdczbi3yg4sdpqgtu6s,1,0.0,0.0,2025-06-21T00:44:01.760Z,2025-06-21T00:44:19Z,"[{'id': 5776095337, 'qualifierId': 144, 'value': '79'}, {'id': 5776094837, 'qualifierId': 344, 'value': '0'}]",,,,Angel City,Away
2823524721,290,43,1,33,43,6hbfgdczbi3yg4sdpqgtu6s,1,0.0,0.0,2025-06-21T00:44:04.267Z,2025-06-21T00:44:21Z,"[{'id': 5776094873, 'qualifierId': 344, 'value': '0'}, {'id': 5776095403, 'qualifierId': 144, 'value': '79'}]",,,,Angel City,Away
2823524825,292,1,1,34,1,6hbfgdczbi3yg4sdpqgtu6s,1,27.8,14.9,2025-06-21T00:44:22.811Z,2025-06-21T00:44:53Z,"[{'id': 5776095491, 'qualifierId': 56, 'value': 'Back'}, {'id': 5776095495, 'qualifierId': 141, 'value': '16.7'}, {'id': 5776095499, 'qualifierId': 213, 'value': '0.08'}, {'id': 5776095493, 'qualifierId': 140, 'value': '41.7'}, {'id': 5776095489, 'qualifierId': 152}, {'id': 5776095487, 'qualifierId': 5}, {'id': 5776095497, 'qualifierId': 212, 'value': '14.6'}]",etdam0sfwiphiwykieovlsyy1,S. Gorden,,Angel City,Away
2823524831,293,1,1,34,2,6hbfgdczbi3yg4sdpqgtu6s,1,41.7,16.7,2025-06-21T00:44:23.738Z,2025-06-21T00:44:24Z,"[{'id': 5776095527, 'qualifierId': 56, 'value': 'Back'}, {'id': 5776095531, 'qualifierId': 141, 'value': '12.3'}, {'id': 5776095529, 'qualifierId': 140, 'value': '30.2'}, {'id': 5776095533, 'qualifierId': 212, 'value': '12.4'}, {'id': 5776095535, 'qualifierId': 213, 'value': '3.38'}]",9mo419gtk6dy5lhcvatcllkyy,J. Dufour,,Angel City,Away
2823524863,294,1,1,34,3,6hbfgdczbi3yg4sdpqgtu6s,1,30.2,12.3,2025-06-21T00:44:24.795Z,2025-06-21T00:44:28Z,"[{'id': 5776095705, 'qualifierId': 141, 'value': '30.9'}, {'id': 5776095709, 'qualifierId': 213, 'value': '1.81'}, {'id': 5776095703, 'qualifierId': 140, 'value': '27.3'}, {'id': 5776095707, 'qualifierId': 212, 'value': '13.0'}, {'id': 5776095701, 'qualifierId': 56, 'value': 'Back'}]",etdam0sfwiphiwykieovlsyy1,S. Gorden,,Angel City,Away
2823524891,295,1,1,34,7,6hbfgdczbi3yg4sdpqgtu6s,1,26.7,34.6,2025-06-21T00:44:28.922Z,2025-06-21T00:44:32Z,"[{'id': 5776095887, 'qualifierId': 141, 'value': '64.9'}, {'id': 5776095891, 'qualifierId': 213, 'value': '1.42'}, {'id': 5776095889, 'qualifierId': 212, 'value': '20.8'}, {'id': 5776095885, 'qualifierId': 140, 'value': '29.7'}, {'id': 5776095883, 'qualifierId': 56, 'value': 'Back'}]",6bcvcloym3tzxss5hgsw4h1at,A. Kennedy,,Angel City,Away
2823524915,296,1,1,34,11,6hbfgdczbi3yg4sdpqgtu6s,1,29.7,64.9,2025-06-21T00:44:32.826Z,2025-06-21T00:44:37Z,"[{'id': 5776096011, 'qualifierId': 212, 'value': '10.3'}, {'id': 5776096005, 'qualifierId': 56, 'value': 'Back'}, {'id': 5776096009, 'qualifierId': 141, 'value': '50.1'}, {'id': 5776096007, 'qualifierId': 140, 'value': '27.4'}, {'id': 5776096013, 'qualifierId': 213, 'value': '4.48'}]",6opd7nuh51c7p6pn6w04yuntg,M. Reid,,Angel City,Away
2823524927,297,1,1,34,16,6hbfgdczbi3yg4sdpqgtu6s,1,25.1,54.0,2025-06-21T00:44:37.323Z,2025-06-21T00:44:40Z,"[{'id': 5776096081, 'qualifierId': 56, 'value': 'Back'}, {'id': 5776096087, 'qualifierId': 212, 'value': '17.7'}, {'id': 5776096085, 'qualifierId': 141, 'value': '50.7'}, {'id': 5776096089, 'qualifierId': 213, 'value': '3.27'}, {'id': 5776096083, 'qualifierId': 140, 'value': '8.4'}]",6bcvcloym3tzxss5hgsw4h1at,A. Kennedy,,Angel City,Away
2823524951,298,1,1,34,19,6hbfgdczbi3yg4sdpqgtu6s,1,8.1,47.9,2025-06-21T00:44:40.459Z,2025-06-21T00:44:45Z,"[{'id': 5776096221, 'qualifierId': 141, 'value': '42.5'}, {'id': 5776096227, 'qualifierId': 1}, {'id': 5776096219, 'qualifierId': 140, 'value': '51.3'}, {'id': 5776096215, 'qualifierId': 157}, {'id': 5776096223, 'qualifierId': 212, 'value': '45.5'}, {'id': 5776096225, 'qualifierId': 213, 'value': '6.20'}, {'id': 5776096217, 'qualifierId': 56, 'value': 'Center'}]",lg9muzm3sbiijicsik53m3je,A. Anderson,,Angel City,Away
2823524957,265,43,1,34,22,agxipc0vk4rtg09amjxv10nx0,1,0.0,0.0,2025-06-21T00:44:44.083Z,2025-06-21T00:44:47Z,"[{'id': 5776096247, 'qualifierId': 56, 'value': 'Back'}, {'id': 5776096339, 'qualifierId': 144, 'value': '44'}, {'id': 5776096249, 'qualifierId': 285, 'value': '0'}]",cl1av4qyzjkq03akjof6tdf1m,K. Sharples,,Kansas City Current,Home
2823524955,299,4,1,34,23,6hbfgdczbi3yg4sdpqgtu6s,1,53.2,38.9,2025-06-21T00:44:45.178Z,2025-06-21T01:01:08Z,"[{'id': 5776096275, 'qualifierId': 13}, {'id': 5776096279, 'qualifierId': 56, 'value': 'Center'}, {'id': 5776096283, 'qualifierId': 286}, {'id': 5776096277, 'qualifierId': 294}, {'id': 5776096317, 'qualifierId': 233, 'value': '266'}, {'id': 5776096281, 'qualifierId': 152}]",bngif4yqa0asu77nptsb06n10,R. Tiernan,,Angel City,Away
2823524961,266,4,1,34,23,agxipc0vk4rtg09amjxv10nx0,0,46.8,61.1,2025-06-21T00:44:45.179Z,2025-06-21T01:01:08Z,"[{'id': 5776096313, 'qualifierId': 152}, {'id': 5776096307, 'qualifierId': 13}, {'id': 5776096315, 'qualifierId': 285}, {'id': 5776096329, 'qualifierId': 233, 'value': '299'}, {'id': 5776096311, 'qualifierId': 56, 'value': 'Back'}, {'id': 5776096309, 'qualifierId': 294}]",cl1av4qyzjkq03akjof6tdf1m,K. Sharples,,Kansas City Current,Home
2823525125,300,1,1,34,55,6hbfgdczbi3yg4sdpqgtu6s,1,53.2,31.9,2025-06-21T00:45:16.507Z,2025-06-21T00:45:18Z,"[{'id': 5776097247, 'qualifierId': 141, 'value': '46.4'}, {'id': 5776097245, 'qualifierId': 140, 'value': '45.1'}, {'id': 5776097251, 'qualifierId': 213, 'value': '2.28'}, {'id': 5776097249, 'qualifierId': 212, 'value': '13.0'}, {'id': 5776097243, 'qualifierId': 56, 'value': 'Back'}, {'id': 5776097241, 'qualifierId': 152}, {'id': 5776097239, 'qualifierId': 5}]",etdam0sfwiphiwykieovlsyy1,S. Gorden,,Angel City,Away
2823525143,301,1,1,34,57,6hbfgdczbi3yg4sdpqgtu6s,1,45.1,46.4,2025-06-21T00:45:18.282Z,2025-06-21T00:45:20Z,"[{'id': 5776097337, 'qualifierId': 141, 'value': '75.4'}, {'id': 5776097335, 'qualifierId': 140, 'value': '46.9'}, {'id': 5776097339, 'qualifierId': 212, 'value': '19.8'}, {'id': 5776097333, 'qualifierId': 56, 'value': 'Back'}, {'id': 5776097341, 'qualifierId': 213, 'value': '1.48'}]",6bcvcloym3tzxss5hgsw4h1at,A. Kennedy,,Angel City,Away
2823525153,302,1,1,34,59,6hbfgdczbi3yg4sdpqgtu6s,0,46.9,75.4,2025-06-21T00:45:20.699Z,2025-06-21T00:45:21Z,"[{'id': 5776097391, 'qualifierId': 213, 'value': '5.87'}, {'id': 5776097381, 'qualifierId': 155}, {'id': 5776097383, 'qualifierId': 56, 'value': 'Center'}, {'id': 5776097385, 'qualifierId': 140, 'value': '58.1'}, {'id': 5776097389, 'qualifierId': 212, 'value': '12.8'}, {'id': 5776097387, 'qualifierId': 141, 'value': '67.9'}]",6opd7nuh51c7p6pn6w04yuntg,M. Reid,,Angel City,Away
2823525171,267,61,1,35,3,agxipc0vk4rtg09amjxv10nx0,1,36.5,32.4,2025-06-21T00:45:24.441Z,2025-06-27T21:14:27Z,"[{'id': 5776097503, 'qualifierId': 56, 'value': 'Back'}]",6k82rq8synvac950ext5t0jpx,R. Rodríguez,,Kansas City Current,Home
2823525179,268,49,1,35,4,agxipc0vk4rtg09amjxv10nx0,1,40.1,34.5,2025-06-21T00:45:25.593Z,2025-06-27T21:14:57Z,[],dv8265k3za578hkzxxuttqmdx,V. DiBernardo,,Kansas City Current,Home
2823525183,269,1,1,35,4,agxipc0vk4rtg09amjxv10nx0,1,40.1,34.5,2025-06-21T00:45:25.721Z,2025-06-27T21:15:00Z,"[{'id': 5776097543, 'qualifierId': 56, 'value': 'Back'}, {'id': 5776097551, 'qualifierId': 213, 'value': '3.98'}, {'id': 5776097545, 'qualifierId': 140, 'value': '31.9'}, {'id': 5776097549, 'qualifierId': 212, 'value': '12.9'}, {'id': 5776097547, 'qualifierId': 141, 'value': '20.3'}]",dv8265k3za578hkzxxuttqmdx,V. DiBernardo,,Kansas City Current,Home
2823525215,270,1,1,35,5,agxipc0vk4rtg09amjxv10nx0,1,32.0,20.3,2025-06-21T00:45:26.937Z,2025-06-21T00:45:32Z,"[{'id': 5776097765, 'qualifierId': 140, 'value': '28.7'}, {'id': 5776097771, 'qualifierId': 213, 'value': '1.69'}, {'id': 5776097769, 'qualifierId': 212, 'value': '30.2'}, {'id': 5776097763, 'qualifierId': 56, 'value': 'Back'}, {'id': 5776097767, 'qualifierId': 141, 'value': '64.4'}]",48l2ildbeme2l336nor2hw6lm,E. Ball,,Kansas City Current,Home
2823525217,271,1,1,35,10,agxipc0vk4rtg09amjxv10nx0,0,32.7,68.2,2025-06-21T00:45:32.185Z,2025-06-21T00:45:32Z,"[{'id': 5776097787, 'qualifierId': 56, 'value': 'Center'}, {'id': 5776097791, 'qualifierId': 141, 'value': '65.5'}, {'id': 5776097797, 'qualifierId': 1}, {'id': 5776097795, 'qualifierId': 213, 'value': '6.24'}, {'id': 5776097793, 'qualifierId': 212, 'value': '41.3'}, {'id': 5776097785, 'qualifierId': 155}, {'id': 5776097789, 'qualifierId': 140, 'value': '72.0'}]",cl1av4qyzjkq03akjof6tdf1m,K. Sharples,,Kansas City Current,Home
2823525223,303,1,1,35,12,6hbfgdczbi3yg4sdpqgtu6s,1,33.8,34.3,2025-06-21T00:45:33.259Z,2025-06-21T00:45:34Z,"[{'id': 5776097807, 'qualifierId': 140, 'value': '43.9'}, {'id': 5776097813, 'qualifierId': 213, 'value': '6.17'}, {'id': 5776097803, 'qualifierId': 3}, {'id': 5776097811, 'qualifierId': 212, 'value': '10.7'}, {'id': 5776097809, 'qualifierId': 141, 'value': '32.5'}, {'id': 5776097805, 'qualifierId': 56, 'value': 'Back'}]",etdam0sfwiphiwykieovlsyy1,S. Gorden,,Angel City,Away
2823525225,304,1,1,35,13,6hbfgdczbi3yg4sdpqgtu6s,1,43.4,32.4,2025-06-21T00:45:34.570Z,2025-06-27T21:15:12Z,"[{'id': 5776097819, 'qualifierId': 140, 'value': '40.6'}, {'id': 5776097821, 'qualifierId': 141, 'value': '11.4'}, {'id': 5776097823, 'qualifierId': 212, 'value': '14.6'}, {'id': 5776097817, 'qualifierId': 56, 'value': 'Back'}, {'id': 5776097825, 'qualifierId': 213, 'value': '4.51'}]",8f2og4ng2s6f8qeikft26h2qc,M. Hodge,,Angel City,Away
2823525235,305,49,1,35,16,6hbfgdczbi3yg4sdpqgtu6s,1,42.2,9.2,2025-06-21T00:45:37.370Z,2025-06-21T00:45:37Z,[],89fa211ocgno2q0to22emh20a,G. Thompson,,Angel City,Away
2823525259,306,50,1,35,20,6hbfgdczbi3yg4sdpqgtu6s,1,56.2,13.4,2025-06-21T00:45:41.419Z,2025-06-21T00:45:45Z,"[{'id': 5776098037, 'qualifierId': 233, 'value': '272'}, {'id': 5776097967, 'qualifierId': 56, 'value': 'Right'}, {'id': 5776097969, 'qualifierId': 286}]",89fa211ocgno2q0to22emh20a,G. Thompson,,Angel City,Away
2823525271,272,7,1,35,20,agxipc0vk4rtg09amjxv10nx0,0,43.8,86.6,2025-06-21T00:45:41.420Z,2025-06-27T21:15:21Z,"[{'id': 5776098015, 'qualifierId': 56, 'value': 'Back'}, {'id': 5776098031, 'qualifierId': 233, 'value': '306'}, {'id': 5781987489, 'qualifierId': 385}, {'id': 5776098017, 'qualifierId': 285}, {'id': 5781987491, 'qualifierId': 178}]",ccw8gtkcahxf21rutqldjvkve,T. Chawinga,,Kansas City Current,Home
2823525269,307,50,1,35,21,6hbfgdczbi3yg4sdpqgtu6s,1,60.2,16.8,2025-06-21T00:45:43.178Z,2025-06-21T00:45:49Z,"[{'id': 5776098003, 'qualifierId': 56, 'value': 'Right'}, {'id': 5776098005, 'qualifierId': 286}, {'id': 5776098087, 'qualifierId': 233, 'value': '273'}]",89fa211ocgno2q0to22emh20a,G. Thompson,,Angel City,Away
2823525279,273,7,1,35,21,agxipc0vk4rtg09amjxv10nx0,1,39.8,83.2,2025-06-21T00:45:43.179Z,2025-06-27T21:15:26Z,"[{'id': 5781987495, 'qualifierId': 178}, {'id': 5781987493, 'qualifierId': 384}, {'id': 5776098065, 'qualifierId': 285}, {'id': 5776098063, 'qualifierId': 56, 'value': 'Back'}, {'id': 5776098081, 'qualifierId': 233, 'value': '307'}]",ccw8gtkcahxf21rutqldjvkve,T. Chawinga,,Kansas City Current,Home
2823525283,274,49,1,35,23,agxipc0vk4rtg09amjxv10nx0,1,41.5,86.0,2025-06-21T00:45:45.154Z,2025-06-21T00:45:46Z,[],6hyf258ii56nw917w0b4ekob8,C. Hutton,,Kansas City Current,Home
2823525305,275,50,1,35,24,agxipc0vk4rtg09amjxv10nx0,1,41.8,86.0,2025-06-21T00:45:46.097Z,2025-06-27T21:21:53Z,"[{'id': 5781988243, 'qualifierId': 233, 'value': '308'}, {'id': 5776098185, 'qualifierId': 56, 'value': 'Back'}, {'id': 5776098187, 'qualifierId': 286}]",6hyf258ii56nw917w0b4ekob8,C. Hutton,,Kansas City Current,Home
2823525285,308,7,1,35,24,6hbfgdczbi3yg4sdpqgtu6s,1,58.2,14.0,2025-06-21T00:45:46.098Z,2025-06-27T21:21:53Z,"[{'id': 5776098091, 'qualifierId': 56, 'value': 'Right'}, {'id': 5781988239, 'qualifierId': 233, 'value': '275'}, {'id': 5776098089, 'qualifierId': 167}, {'id': 5781987537, 'qualifierId': 389}, {'id': 5776098093, 'qualifierId': 285}, {'id': 5781987535, 'qualifierId': 385}]",8f2og4ng2s6f8qeikft26h2qc,M. Hodge,,Angel City,Away
2823525361,276,5,1,35,25,agxipc0vk4rtg09amjxv10nx0,1,41.7,101.2,2025-06-21T00:45:47.009Z,2025-06-21T01:12:54Z,"[{'id': 5776098479, 'qualifierId': 347}, {'id': 5776098489, 'qualifierId': 233, 'value': '309'}, {'id': 5776098477, 'qualifierId': 56, 'value': 'Back'}]",6hyf258ii56nw917w0b4ekob8,C. Hutton,,Kansas City Current,Home
2823525289,309,5,1,35,25,6hbfgdczbi3yg4sdpqgtu6s,0,58.3,-1.2,2025-06-21T00:45:47.009Z,2025-06-21T01:12:54Z,"[{'id': 5776098115, 'qualifierId': 56, 'value': 'Right'}, {'id': 5776098117, 'qualifierId': 347}, {'id': 5776098493, 'qualifierId': 233, 'value': '276'}]",8f2og4ng2s6f8qeikft26h2qc,M. Hodge,,Angel City,Away
2823525379,277,1,1,35,35,agxipc0vk4rtg09amjxv10nx0,1,39.2,100.0,2025-06-21T00:45:56.897Z,2025-06-27T21:15:47Z,"[{'id': 5776098551, 'qualifierId': 107}, {'id': 5776098553, 'qualifierId': 56, 'value': 'Left'}, {'id': 5776098559, 'qualifierId': 212, 'value': '18.8'}, {'id': 5776098561, 'qualifierId': 213, 'value': '6.08'}, {'id': 5776098555, 'qualifierId': 140, 'value': '56.7'}, {'id': 5776098557, 'qualifierId': 141, 'value': '95.7'}]",736jvvtkgwc3g1vooviaod33d,I. Rodriguez,,Kansas City Current,Home
2823525389,278,1,1,35,38,agxipc0vk4rtg09amjxv10nx0,0,53.6,94.2,2025-06-21T00:45:59.306Z,2025-06-27T21:15:57Z,"[{'id': 5776098657, 'qualifierId': 1}, {'id': 5776098651, 'qualifierId': 141, 'value': '66.0'}, {'id': 5776098645, 'qualifierId': 157}, {'id': 5776098649, 'qualifierId': 140, 'value': '65.0'}, {'id': 5776098653, 'qualifierId': 212, 'value': '22.6'}, {'id': 5776098647, 'qualifierId': 56, 'value': 'Center'}, {'id': 5776098655, 'qualifierId': 213, 'value': '5.27'}]",ccw8gtkcahxf21rutqldjvkve,T. Chawinga,,Kansas City Current,Home
2823525411,310,1,1,35,41,6hbfgdczbi3yg4sdpqgtu6s,1,32.9,38.3,2025-06-21T00:46:02.330Z,2025-06-21T00:46:04Z,"[{'id': 5776098739, 'qualifierId': 3}, {'id': 5776098741, 'qualifierId': 56, 'value': 'Back'}, {'id': 5776098743, 'qualifierId': 140, 'value': '39.8'}, {'id': 5776098745, 'qualifierId': 141, 'value': '29.4'}, {'id': 5776098749, 'qualifierId': 213, 'value': '5.59'}, {'id': 5776098747, 'qualifierId': 212, 'value': '9.4'}]",6opd7nuh51c7p6pn6w04yuntg,M. Reid,,Angel City,Away
2823525413,311,49,1,35,43,6hbfgdczbi3yg4sdpqgtu6s,1,43.2,22.1,2025-06-21T00:46:04.858Z,2025-06-21T00:46:05Z,[],8f2og4ng2s6f8qeikft26h2qc,M. Hodge,,Angel City,Away
2823525431,312,1,1,35,44,6hbfgdczbi3yg4sdpqgtu6s,1,45.3,23.4,2025-06-21T00:46:05.835Z,2025-06-21T00:46:08Z,"[{'id': 5776098837, 'qualifierId': 56, 'value': 'Center'}, {'id': 5776098839, 'qualifierId': 140, 'value': '62.9'}, {'id': 5776098841, 'qualifierId': 141, 'value': '31.8'}, {'id': 5776098843, 'qualifierId': 212, 'value': '19.3'}, {'id': 5776098845, 'qualifierId': 213, 'value': '0.30'}]",8f2og4ng2s6f8qeikft26h2qc,M. Hodge,,Angel City,Away
2823525433,313,1,1,35,46,6hbfgdczbi3yg4sdpqgtu6s,0,61.2,34.6,2025-06-21T00:46:08.107Z,2025-06-21T00:46:08Z,"[{'id': 5776098857, 'qualifierId': 213, 'value': '1.31'}, {'id': 5776098849, 'qualifierId': 56, 'value': 'Center'}, {'id': 5776098851, 'qualifierId': 140, 'value': '61.9'}, {'id': 5776098853, 'qualifierId': 141, 'value': '38.6'}, {'id': 5776098855, 'qualifierId': 212, 'value': '2.8'}]",bngif4yqa0asu77nptsb06n10,R. Tiernan,,Angel City,Away
2823525449,279,8,1,35,48,agxipc0vk4rtg09amjxv10nx0,1,39.7,65.9,2025-06-21T00:46:10.065Z,2025-06-27T21:16:14Z,"[{'id': 5776098933, 'qualifierId': 56, 'value': 'Back'}, {'id': 5781987575, 'qualifierId': 383}]",6k82rq8synvac950ext5t0jpx,R. Rodríguez,,Kansas City Current,Home
2823525455,280,49,1,35,49,agxipc0vk4rtg09amjxv10nx0,1,39.7,65.9,2025-06-21T00:46:11.089Z,2025-06-21T00:46:11Z,[],6k82rq8synvac950ext5t0jpx,R. Rodríguez,,Kansas City Current,Home
2823525475,281,1,1,35,49,agxipc0vk4rtg09amjxv10nx0,1,39.7,65.9,2025-06-21T00:46:11.249Z,2025-06-21T00:46:13Z,"[{'id': 5776099035, 'qualifierId': 56, 'value': 'Back'}, {'id': 5776099039, 'qualifierId': 141, 'value': '76.6'}, {'id': 5776099041, 'qualifierId': 212, 'value': '7.7'}, {'id': 5776099037, 'qualifierId': 140, 'value': '37.3'}, {'id': 5776099043, 'qualifierId': 213, 'value': '1.90'}]",6k82rq8synvac950ext5t0jpx,R. Rodríguez,,Kansas City Current,Home
2823525481,282,4,1,35,51,agxipc0vk4rtg09amjxv10nx0,1,38.2,73.4,2025-06-21T00:46:12.569Z,2025-06-21T00:46:20Z,"[{'id': 5776099127, 'qualifierId': 233, 'value': '314'}, {'id': 5776099259, 'qualifierId': 294}, {'id': 5776099069, 'qualifierId': 152}, {'id': 5776099065, 'qualifierId': 13}, {'id': 5776099073, 'qualifierId': 286}, {'id': 5776099067, 'qualifierId': 56, 'value': 'Back'}]",6hyf258ii56nw917w0b4ekob8,C. Hutton,,Kansas City Current,Home
2823525469,314,4,1,35,51,6hbfgdczbi3yg4sdpqgtu6s,0,61.8,26.6,2025-06-21T00:46:12.570Z,2025-06-21T00:46:20Z,"[{'id': 5776099121, 'qualifierId': 56, 'value': 'Center'}, {'id': 5776099131, 'qualifierId': 233, 'value': '282'}, {'id': 5776099125, 'qualifierId': 285}, {'id': 5776099117, 'qualifierId': 13}, {'id': 5776099123, 'qualifierId': 152}, {'id': 5776099119, 'qualifierId': 294}]",bngif4yqa0asu77nptsb06n10,R. Tiernan,,Angel City,Away
2823525633,283,43,1,36,27,agxipc0vk4rtg09amjxv10nx0,1,0.0,0.0,2025-06-21T00:46:48.776Z,2025-06-21T00:46:52Z,"[{'id': 5776100003, 'qualifierId': 157, 'value': '0'}, {'id': 5776100011, 'qualifierId': 141, 'value': '85.0'}, {'id': 5776100005, 'qualifierId': 152, 'value': '0'}, {'id': 5776100009, 'qualifierId': 140, 'value': '85.2'}, {'id': 5776100007, 'qualifierId': 56, 'value': 'Left'}, {'id': 5776100017, 'qualifierId': 1, 'value': '0'}, {'id': 5776100013, 'qualifierId': 212, 'value': '52.8'}, {'id': 5776100083, 'qualifierId': 144, 'value': '1'}, {'id': 5776100015, 'qualifierId': 213, 'value': '0.17'}, {'id': 5776100001, 'qualifierId': 5, 'value': '0'}]",cl1av4qyzjkq03akjof6tdf1m,K. Sharples,,Kansas City Current,Home
2823525699,284,1,1,36,37,agxipc0vk4rtg09amjxv10nx0,1,40.3,81.3,2025-06-21T00:46:58.857Z,2025-06-21T00:47:01Z,"[{'id': 5776100431, 'qualifierId': 152}, {'id': 5776100429, 'qualifierId': 5}, {'id': 5776100441, 'qualifierId': 213, 'value': '4.31'}, {'id': 5776100433, 'qualifierId': 56, 'value': 'Back'}, {'id': 5776100439, 'qualifierId': 212, 'value': '19.4'}, {'id': 5776100435, 'qualifierId': 140, 'value': '33.1'}, {'id': 5776100437, 'qualifierId': 141, 'value': '55.0'}]",cl1av4qyzjkq03akjof6tdf1m,K. Sharples,,Kansas City Current,Home
2823525707,285,1,1,36,40,agxipc0vk4rtg09amjxv10nx0,1,29.4,53.3,2025-06-21T00:47:01.889Z,2025-06-21T00:47:03Z,"[{'id': 5776100471, 'qualifierId': 56, 'value': 'Back'}, {'id': 5776100477, 'qualifierId': 212, 'value': '17.7'}, {'id': 5776100475, 'qualifierId': 141, 'value': '27.4'}, {'id': 5776100479, 'qualifierId': 213, 'value': '4.83'}, {'id': 5776100473, 'qualifierId': 140, 'value': '31.4'}]",48l2ildbeme2l336nor2hw6lm,E. Ball,,Kansas City Current,Home
2823525719,286,1,1,36,42,agxipc0vk4rtg09amjxv10nx0,1,31.4,27.4,2025-06-21T00:47:03.448Z,2025-06-21T00:47:04Z,"[{'id': 5776100531, 'qualifierId': 141, 'value': '52.9'}, {'id': 5776100527, 'qualifierId': 56, 'value': 'Back'}, {'id': 5776100535, 'qualifierId': 213, 'value': '1.73'}, {'id': 5776100533, 'qualifierId': 212, 'value': '17.6'}, {'id': 5776100529, 'qualifierId': 140, 'value': '28.7'}]",9wvoeo39cgbelv8ddqin3aaga,H. Mace,,Kansas City Current,Home
2823525743,287,1,1,36,43,agxipc0vk4rtg09amjxv10nx0,1,28.7,52.9,2025-06-21T00:47:04.873Z,2025-06-21T00:47:08Z,"[{'id': 5776100675, 'qualifierId': 141, 'value': '90.6'}, {'id': 5776100679, 'qualifierId': 213, 'value': '1.40'}, {'id': 5776100673, 'qualifierId': 140, 'value': '32.9'}, {'id': 5776100671, 'qualifierId': 56, 'value': 'Back'}, {'id': 5776100677, 'qualifierId': 212, 'value': '26.0'}]",48l2ildbeme2l336nor2hw6lm,E. Ball,,Kansas City Current,Home
2823525765,288,1,1,36,47,agxipc0vk4rtg09amjxv10nx0,1,32.9,90.6,2025-06-21T00:47:08.818Z,2025-06-21T00:47:10Z,"[{'id': 5776100771, 'qualifierId': 140, 'value': '39.5'}, {'id': 5776100769, 'qualifierId': 56, 'value': 'Back'}, {'id': 5776100775, 'qualifierId': 212, 'value': '16.9'}, {'id': 5776100773, 'qualifierId': 141, 'value': '67.9'}, {'id': 5776100777, 'qualifierId': 213, 'value': '5.13'}]",cl1av4qyzjkq03akjof6tdf1m,K. Sharples,,Kansas City Current,Home
2823525789,289,1,1,36,51,agxipc0vk4rtg09amjxv10nx0,1,36.6,66.0,2025-06-21T00:47:12.553Z,2025-06-21T00:47:15Z,"[{'id': 5776100891, 'qualifierId': 140, 'value': '37.5'}, {'id': 5776100897, 'qualifierId': 213, 'value': '4.75'}, {'id': 5776100895, 'qualifierId': 212, 'value': '27.8'}, {'id': 5776100889, 'qualifierId': 56, 'value': 'Back'}, {'id': 5776100893, 'qualifierId': 141, 'value': '25.2'}]",6k82rq8synvac950ext5t0jpx,R. Rodríguez,,Kansas City Current,Home
2823525801,290,1,1,36,54,agxipc0vk4rtg09amjxv10nx0,1,37.5,25.2,2025-06-21T00:47:15.392Z,2025-06-21T00:47:18Z,"[{'id': 5776101017, 'qualifierId': 141, 'value': '45.5'}, {'id': 5776101021, 'qualifierId': 213, 'value': '2.09'}, {'id': 5776101013, 'qualifierId': 56, 'value': 'Back'}, {'id': 5776101019, 'qualifierId': 212, 'value': '15.9'}, {'id': 5776101015, 'qualifierId': 140, 'value': '30.0'}]",9wvoeo39cgbelv8ddqin3aaga,H. Mace,,Kansas City Current,Home
2823525827,291,1,1,36,56,agxipc0vk4rtg09amjxv10nx0,1,29.0,45.2,2025-06-21T00:47:17.946Z,2025-06-21T00:47:26Z,"[{'id': 5776101163, 'qualifierId': 141, 'value': '85.9'}, {'id': 5776101165, 'qualifierId': 212, 'value': '27.9'}, {'id': 5776101167, 'qualifierId': 213, 'value': '1.44'}, {'id': 5776101161, 'qualifierId': 140, 'value': '32.5'}, {'id': 5776101159, 'qualifierId': 56, 'value': 'Back'}]",48l2ildbeme2l336nor2hw6lm,E. Ball,,Kansas City Current,Home
2823525841,292,1,1,37,5,agxipc0vk4rtg09amjxv10nx0,1,44.2,89.6,2025-06-21T00:47:26.313Z,2025-06-21T00:47:29Z,"[{'id': 5776101233, 'qualifierId': 213, 'value': '5.97'}, {'id': 5776101225, 'qualifierId': 56, 'value': 'Left'}, {'id': 5776101229, 'qualifierId': 141, 'value': '79.7'}, {'id': 5776101231, 'qualifierId': 212, 'value': '21.6'}, {'id': 5776101227, 'qualifierId': 140, 'value': '63.7'}]",cl1av4qyzjkq03akjof6tdf1m,K. Sharples,,Kansas City Current,Home
2823525855,293,1,1,37,8,agxipc0vk4rtg09amjxv10nx0,1,66.5,65.4,2025-06-21T00:47:29.713Z,2025-06-21T00:47:31Z,"[{'id': 5776101285, 'qualifierId': 213, 'value': '5.69'}, {'id': 5776101277, 'qualifierId': 56, 'value': 'Center'}, {'id': 5776101283, 'qualifierId': 212, 'value': '13.2'}, {'id': 5776101281, 'qualifierId': 141, 'value': '54.6'}, {'id': 5776101279, 'qualifierId': 140, 'value': '76.9'}]",6hyf258ii56nw917w0b4ekob8,C. Hutton,,Kansas City Current,Home
2823525907,294,1,1,37,10,agxipc0vk4rtg09amjxv10nx0,1,77.6,56.0,2025-06-21T00:47:31.569Z,2025-06-27T21:19:18Z,"[{'id': 5781987857, 'qualifierId': 4}, {'id': 5776101959, 'qualifierId': 154}, {'id': 5776101501, 'qualifierId': 56, 'value': 'Center'}, {'id': 5776101957, 'qualifierId': 210, 'value': '15'}, {'id': 5776101505, 'qualifierId': 141, 'value': '72.6'}, {'id': 5776101509, 'qualifierId': 213, 'value': '0.53'}, {'id': 5776101503, 'qualifierId': 140, 'value': '95.9'}, {'id': 5776101507, 'qualifierId': 212, 'value': '22.3'}]",47iatvbptp6438v5qo359yw9h,Bia Zaneratto,1.0,Kansas City Current,Home
2823525909,295,15,1,37,14,agxipc0vk4rtg09amjxv10nx0,1,95.4,69.5,2025-06-21T00:47:36.040Z,2025-06-27T21:19:29Z,"[{'id': 5776101989, 'qualifierId': 103, 'value': '16.5'}, {'id': 5776101995, 'qualifierId': 146, 'value': '99.4'}, {'id': 5776101979, 'qualifierId': 29}, {'id': 5776101981, 'qualifierId': 154}, {'id': 5776102009, 'qualifierId': 233, 'value': '315'}, {'id': 5776101671, 'qualifierId': 72}, {'id': 5776101991, 'qualifierId': 328}, {'id': 5776101515, 'qualifierId': 65}, {'id': 5776101983, 'qualifierId': 55, 'value': '294'}, {'id': 5776101977, 'qualifierId': 76}, {'id': 5776101513, 'qualifierId': 22}, {'id': 5776101999, 'qualifierId': 147, 'value': '55.1'}, {'id': 5776101987, 'qualifierId': 102, 'value': '54.0'}, {'id': 5776101517, 'qualifierId': 56, 'value': 'Center'}]",736jvvtkgwc3g1vooviaod33d,I. Rodriguez,,Kansas City Current,Home
2823525893,315,10,1,37,14,6hbfgdczbi3yg4sdpqgtu6s,1,0.5,45.4,2025-06-21T00:47:36.140Z,2025-06-27T21:19:38Z,"[{'id': 5776102047, 'qualifierId': 233, 'value': '295'}, {'id': 5781987863, 'qualifierId': 377}, {'id': 5776101451, 'qualifierId': 182}, {'id': 5776101449, 'qualifierId': 178}, {'id': 5776101453, 'qualifierId': 56, 'value': 'Back'}, {'id': 5776101529, 'qualifierId': 177}]",lg9muzm3sbiijicsik53m3je,A. Anderson,,Angel City,Away
2823525915,316,52,1,37,14,6hbfgdczbi3yg4sdpqgtu6s,1,2.5,46.6,2025-06-21T00:47:36.204Z,2025-06-27T21:19:42Z,"[{'id': 5781987865, 'qualifierId': 377}]",lg9muzm3sbiijicsik53m3je,A. Anderson,,Angel City,Away
2823526011,317,1,1,37,34,6hbfgdczbi3yg4sdpqgtu6s,1,9.9,38.9,2025-06-21T00:47:55.689Z,2025-06-21T00:49:06Z,"[{'id': 5776104253, 'qualifierId': 189}, {'id': 5776102101, 'qualifierId': 56, 'value': 'Back'}, {'id': 5776102107, 'qualifierId': 212, 'value': '16.6'}, {'id': 5776102099, 'qualifierId': 123}, {'id': 5776102103, 'qualifierId': 140, 'value': '23.2'}, {'id': 5776102109, 'qualifierId': 213, 'value': '5.72'}, {'id': 5776102105, 'qualifierId': 141, 'value': '25.8'}]",lg9muzm3sbiijicsik53m3je,A. Anderson,,Angel City,Away
2823526015,318,1,1,37,35,6hbfgdczbi3yg4sdpqgtu6s,1,23.2,25.8,2025-06-21T00:47:56.537Z,2025-06-21T00:49:07Z,"[{'id': 5776102135, 'qualifierId': 56, 'value': 'Back'}, {'id': 5776102139, 'qualifierId': 141, 'value': '17.3'}, {'id': 5776102141, 'qualifierId': 212, 'value': '11.3'}, {'id': 5776104309, 'qualifierId': 189}, {'id': 5776102137, 'qualifierId': 140, 'value': '14.0'}, {'id': 5776102143, 'qualifierId': 213, 'value': '3.68'}]",8f2og4ng2s6f8qeikft26h2qc,M. Hodge,,Angel City,Away
2823526027,319,1,1,37,36,6hbfgdczbi3yg4sdpqgtu6s,1,14.0,17.3,2025-06-21T00:47:57.290Z,2025-06-21T00:47:57Z,"[{'id': 5776102189, 'qualifierId': 140, 'value': '22.8'}, {'id': 5776102193, 'qualifierId': 212, 'value': '10.2'}, {'id': 5776102195, 'qualifierId': 213, 'value': '0.43'}, {'id': 5776102187, 'qualifierId': 56, 'value': 'Back'}, {'id': 5776102191, 'qualifierId': 141, 'value': '23.6'}]",etdam0sfwiphiwykieovlsyy1,S. Gorden,,Angel City,Away
2823526049,320,1,1,37,36,6hbfgdczbi3yg4sdpqgtu6s,1,22.8,23.6,2025-06-21T00:47:57.769Z,2025-06-21T00:48:00Z,"[{'id': 5776102315, 'qualifierId': 213, 'value': '4.64'}, {'id': 5776102313, 'qualifierId': 212, 'value': '13.7'}, {'id': 5776102307, 'qualifierId': 56, 'value': 'Back'}, {'id': 5776102311, 'qualifierId': 141, 'value': '3.5'}, {'id': 5776102309, 'qualifierId': 140, 'value': '21.9'}]",8f2og4ng2s6f8qeikft26h2qc,M. Hodge,,Angel City,Away
2823526051,321,1,1,37,38,6hbfgdczbi3yg4sdpqgtu6s,1,21.9,3.5,2025-06-21T00:48:00.186Z,2025-06-21T00:48:01Z,"[{'id': 5776102343, 'qualifierId': 213, 'value': '2.72'}, {'id': 5776102341, 'qualifierId': 212, 'value': '16.8'}, {'id': 5776102335, 'qualifierId': 56, 'value': 'Back'}, {'id': 5776102339, 'qualifierId': 141, 'value': '13.5'}, {'id': 5776102337, 'qualifierId': 140, 'value': '7.3'}]",89fa211ocgno2q0to22emh20a,G. Thompson,,Angel City,Away
2823526055,322,1,1,37,39,6hbfgdczbi3yg4sdpqgtu6s,1,7.3,13.5,2025-06-21T00:48:01.226Z,2025-06-21T00:48:01Z,"[{'id': 5776102371, 'qualifierId': 212, 'value': '14.6'}, {'id': 5776102369, 'qualifierId': 141, 'value': '16.1'}, {'id': 5776102365, 'qualifierId': 56, 'value': 'Back'}, {'id': 5776102367, 'qualifierId': 140, 'value': '21.1'}, {'id': 5776102373, 'qualifierId': 213, 'value': '0.12'}]",etdam0sfwiphiwykieovlsyy1,S. Gorden,,Angel City,Away
2823526057,323,1,1,37,40,6hbfgdczbi3yg4sdpqgtu6s,0,21.1,16.1,2025-06-21T00:48:01.690Z,2025-06-21T00:48:02Z,"[{'id': 5776102377, 'qualifierId': 56, 'value': 'Back'}, {'id': 5776102383, 'qualifierId': 212, 'value': '7.3'}, {'id': 5776102385, 'qualifierId': 213, 'value': '5.32'}, {'id': 5776102379, 'qualifierId': 140, 'value': '25.1'}, {'id': 5776102381, 'qualifierId': 141, 'value': '7.3'}]",8f2og4ng2s6f8qeikft26h2qc,M. Hodge,,Angel City,Away
2823526059,296,8,1,37,41,agxipc0vk4rtg09amjxv10nx0,1,79.7,89.4,2025-06-21T00:48:02.696Z,2025-06-27T21:19:56Z,"[{'id': 5781987871, 'qualifierId': 383}, {'id': 5776102389, 'qualifierId': 56, 'value': 'Left'}]",ccw8gtkcahxf21rutqldjvkve,T. Chawinga,,Kansas City Current,Home
2823526061,297,49,1,37,41,agxipc0vk4rtg09amjxv10nx0,1,78.3,91.1,2025-06-21T00:48:03.137Z,2025-06-21T00:48:03Z,[],ccw8gtkcahxf21rutqldjvkve,T. Chawinga,,Kansas City Current,Home
2823526065,298,1,1,37,42,agxipc0vk4rtg09amjxv10nx0,0,78.3,91.1,2025-06-21T00:48:03.280Z,2025-06-21T00:48:03Z,"[{'id': 5776102411, 'qualifierId': 141, 'value': '86.9'}, {'id': 5776102409, 'qualifierId': 140, 'value': '81.1'}, {'id': 5776102407, 'qualifierId': 56, 'value': 'Left'}, {'id': 5776102413, 'qualifierId': 212, 'value': '4.1'}, {'id': 5776102415, 'qualifierId': 213, 'value': '5.51'}]",ccw8gtkcahxf21rutqldjvkve,T. Chawinga,,Kansas City Current,Home
2823526067,324,61,1,37,43,6hbfgdczbi3yg4sdpqgtu6s,1,22.1,13.8,2025-06-21T00:48:04.465Z,2025-06-21T00:48:04Z,"[{'id': 5776102417, 'qualifierId': 56, 'value': 'Back'}]",8f2og4ng2s6f8qeikft26h2qc,M. Hodge,,Angel City,Away
2823526099,299,1,1,37,45,agxipc0vk4rtg09amjxv10nx0,0,87.5,85.9,2025-06-21T00:48:06.552Z,2025-06-27T21:20:12Z,"[{'id': 5776102601, 'qualifierId': 140, 'value': '87.6'}, {'id': 5781987891, 'qualifierId': 72}, {'id': 5776102595, 'qualifierId': 2}, {'id': 5776102599, 'qualifierId': 56, 'value': 'Center'}, {'id': 5776102603, 'qualifierId': 141, 'value': '30.3'}, {'id': 5781987889, 'qualifierId': 224}, {'id': 5776102605, 'qualifierId': 212, 'value': '37.8'}, {'id': 5776102609, 'qualifierId': 1}, {'id': 5776102607, 'qualifierId': 213, 'value': '4.72'}, {'id': 5776102597, 'qualifierId': 155}]",6hyf258ii56nw917w0b4ekob8,C. Hutton,,Kansas City Current,Home
2823526107,325,49,1,37,48,6hbfgdczbi3yg4sdpqgtu6s,1,12.9,78.4,2025-06-21T00:48:09.593Z,2025-06-21T00:48:09Z,[],1enu619pvakj78wtsfuilbj3e,M. A. Vignola,,Angel City,Away
2823526159,326,1,1,37,53,6hbfgdczbi3yg4sdpqgtu6s,1,14.9,83.5,2025-06-21T00:48:14.634Z,2025-06-21T00:48:17Z,"[{'id': 5776102915, 'qualifierId': 212, 'value': '11.4'}, {'id': 5776102913, 'qualifierId': 141, 'value': '69.0'}, {'id': 5776102917, 'qualifierId': 213, 'value': '4.18'}, {'id': 5776102909, 'qualifierId': 56, 'value': 'Back'}, {'id': 5776102911, 'qualifierId': 140, 'value': '9.4'}]",1enu619pvakj78wtsfuilbj3e,M. A. Vignola,,Angel City,Away
2823526183,327,1,1,37,56,6hbfgdczbi3yg4sdpqgtu6s,1,9.8,66.4,2025-06-21T00:48:17.849Z,2025-06-21T00:48:23Z,"[{'id': 5776103065, 'qualifierId': 212, 'value': '19.2'}, {'id': 5776103063, 'qualifierId': 141, 'value': '38.5'}, {'id': 5776103067, 'qualifierId': 213, 'value': '4.55'}, {'id': 5776103059, 'qualifierId': 56, 'value': 'Back'}, {'id': 5776103061, 'qualifierId': 140, 'value': '6.9'}]",6opd7nuh51c7p6pn6w04yuntg,M. Reid,,Angel City,Away
2823526199,328,1,1,38,1,6hbfgdczbi3yg4sdpqgtu6s,0,9.2,33.3,2025-06-21T00:48:23.082Z,2025-06-21T00:48:25Z,"[{'id': 5776103157, 'qualifierId': 212, 'value': '46.3'}, {'id': 5776103153, 'qualifierId': 140, 'value': '53.2'}, {'id': 5776103155, 'qualifierId': 141, 'value': '29.1'}, {'id': 5776103161, 'qualifierId': 1}, {'id': 5776103159, 'qualifierId': 213, 'value': '6.22'}, {'id': 5776103151, 'qualifierId': 56, 'value': 'Center'}, {'id': 5776103149, 'qualifierId': 157}]",6bcvcloym3tzxss5hgsw4h1at,A. Kennedy,,Angel City,Away
2823526207,300,1,1,38,4,agxipc0vk4rtg09amjxv10nx0,1,47.8,77.3,2025-06-21T00:48:25.368Z,2025-06-21T00:48:26Z,"[{'id': 5776103187, 'qualifierId': 140, 'value': '63.7'}, {'id': 5776103191, 'qualifierId': 212, 'value': '16.8'}, {'id': 5776103183, 'qualifierId': 3}, {'id': 5776103189, 'qualifierId': 141, 'value': '74.8'}, {'id': 5776103185, 'qualifierId': 56, 'value': 'Center'}, {'id': 5776103193, 'qualifierId': 213, 'value': '6.18'}]",cl1av4qyzjkq03akjof6tdf1m,K. Sharples,,Kansas City Current,Home
2823526211,301,49,1,38,5,agxipc0vk4rtg09amjxv10nx0,1,63.7,74.8,2025-06-21T00:48:26.855Z,2025-06-21T00:48:27Z,[],6hyf258ii56nw917w0b4ekob8,C. Hutton,,Kansas City Current,Home
2823526239,302,1,1,38,6,agxipc0vk4rtg09amjxv10nx0,1,62.7,73.8,2025-06-21T00:48:27.600Z,2025-06-21T00:48:29Z,"[{'id': 5776103309, 'qualifierId': 141, 'value': '59.7'}, {'id': 5776103311, 'qualifierId': 212, 'value': '10.6'}, {'id': 5776103305, 'qualifierId': 56, 'value': 'Center'}, {'id': 5776103307, 'qualifierId': 140, 'value': '58.5'}, {'id': 5776103313, 'qualifierId': 213, 'value': '4.28'}]",6hyf258ii56nw917w0b4ekob8,C. Hutton,,Kansas City Current,Home
2823526263,303,1,1,38,8,agxipc0vk4rtg09amjxv10nx0,1,57.3,55.5,2025-06-21T00:48:29.536Z,2025-06-21T00:48:34Z,"[{'id': 5776103443, 'qualifierId': 213, 'value': '5.58'}, {'id': 5776103437, 'qualifierId': 140, 'value': '74.1'}, {'id': 5776103441, 'qualifierId': 212, 'value': '23.2'}, {'id': 5776103439, 'qualifierId': 141, 'value': '33.3'}, {'id': 5776103435, 'qualifierId': 56, 'value': 'Center'}]",6k82rq8synvac950ext5t0jpx,R. Rodríguez,,Kansas City Current,Home
2823526267,304,4,1,38,12,agxipc0vk4rtg09amjxv10nx0,1,72.1,34.4,2025-06-21T00:48:34.008Z,2025-06-21T01:01:08Z,"[{'id': 5776103469, 'qualifierId': 13}, {'id': 5776103471, 'qualifierId': 294}, {'id': 5776103477, 'qualifierId': 286}, {'id': 5776103547, 'qualifierId': 233, 'value': '329'}, {'id': 5776103475, 'qualifierId': 152}, {'id': 5776103473, 'qualifierId': 56, 'value': 'Center'}]",e1irspfo9xupqz2sqvyq1zp0q,M. Cooper,,Kansas City Current,Home
2823526271,329,4,1,38,12,6hbfgdczbi3yg4sdpqgtu6s,0,27.9,65.6,2025-06-21T00:48:34.009Z,2025-06-21T01:01:09Z,"[{'id': 5776103519, 'qualifierId': 152}, {'id': 5776103515, 'qualifierId': 294}, {'id': 5776103513, 'qualifierId': 13}, {'id': 5776103517, 'qualifierId': 56, 'value': 'Back'}, {'id': 5776103563, 'qualifierId': 233, 'value': '304'}, {'id': 5776103521, 'qualifierId': 285}]",1enu619pvakj78wtsfuilbj3e,M. A. Vignola,,Angel City,Away
2823526583,305,1,1,39,20,agxipc0vk4rtg09amjxv10nx0,1,70.0,49.4,2025-06-21T00:49:41.776Z,2025-06-21T00:49:45Z,"[{'id': 5776105457, 'qualifierId': 141, 'value': '85.4'}, {'id': 5776105459, 'qualifierId': 212, 'value': '24.5'}, {'id': 5776105461, 'qualifierId': 213, 'value': '1.51'}, {'id': 5776105455, 'qualifierId': 140, 'value': '71.4'}, {'id': 5776105453, 'qualifierId': 56, 'value': 'Left'}, {'id': 5776105449, 'qualifierId': 5}, {'id': 5776105451, 'qualifierId': 152}]",dv8265k3za578hkzxxuttqmdx,V. DiBernardo,,Kansas City Current,Home
2823526603,306,1,1,39,24,agxipc0vk4rtg09amjxv10nx0,1,71.2,85.4,2025-06-21T00:49:45.416Z,2025-06-27T21:22:29Z,"[{'id': 5781988319, 'qualifierId': 225}, {'id': 5776105571, 'qualifierId': 56, 'value': 'Center'}, {'id': 5776105569, 'qualifierId': 155}, {'id': 5781988323, 'qualifierId': 72}, {'id': 5776105567, 'qualifierId': 2}, {'id': 5776105581, 'qualifierId': 1}, {'id': 5776105577, 'qualifierId': 212, 'value': '39.3'}, {'id': 5781988321, 'qualifierId': 387}, {'id': 5776105573, 'qualifierId': 140, 'value': '91.7'}, {'id': 5776105579, 'qualifierId': 213, 'value': '5.29'}, {'id': 5776105575, 'qualifierId': 141, 'value': '37.0'}]",736jvvtkgwc3g1vooviaod33d,I. Rodriguez,,Kansas City Current,Home
2823526607,307,1,1,39,27,agxipc0vk4rtg09amjxv10nx0,0,91.7,36.8,2025-06-21T00:49:48.424Z,2025-06-21T00:49:48Z,"[{'id': 5776105597, 'qualifierId': 3}, {'id': 5776105601, 'qualifierId': 140, 'value': '93.0'}, {'id': 5776105607, 'qualifierId': 213, 'value': '1.40'}, {'id': 5776105605, 'qualifierId': 212, 'value': '8.0'}, {'id': 5776105603, 'qualifierId': 141, 'value': '48.4'}, {'id': 5776105599, 'qualifierId': 56, 'value': 'Center'}]",cl1av4qyzjkq03akjof6tdf1m,K. Sharples,,Kansas City Current,Home
2823526615,330,12,1,39,27,6hbfgdczbi3yg4sdpqgtu6s,1,4.5,51.8,2025-06-21T00:49:48.481Z,2025-06-21T00:49:51Z,"[{'id': 5776105653, 'qualifierId': 213, 'value': '2.69'}, {'id': 5776105669, 'qualifierId': 167}, {'id': 5776105645, 'qualifierId': 56, 'value': 'Back'}, {'id': 5776105651, 'qualifierId': 212, 'value': '7.5'}, {'id': 5776105649, 'qualifierId': 141, 'value': '56.6'}, {'id': 5776105647, 'qualifierId': 140, 'value': '0.0'}]",6bcvcloym3tzxss5hgsw4h1at,A. Kennedy,,Angel City,Away
2823526623,308,6,1,39,28,agxipc0vk4rtg09amjxv10nx0,1,98.2,45.4,2025-06-21T00:49:49.930Z,2025-06-21T01:01:09Z,"[{'id': 5776105689, 'qualifierId': 75}, {'id': 5776105687, 'qualifierId': 56, 'value': 'Center'}, {'id': 5776105691, 'qualifierId': 233, 'value': '331'}]",cl1av4qyzjkq03akjof6tdf1m,K. Sharples,,Kansas City Current,Home
2823526619,331,6,1,39,28,6hbfgdczbi3yg4sdpqgtu6s,0,1.8,54.6,2025-06-21T00:49:49.930Z,2025-06-27T21:23:04Z,"[{'id': 5776105699, 'qualifierId': 233, 'value': '308'}, {'id': 5776105671, 'qualifierId': 56, 'value': 'Back'}, {'id': 5776105673, 'qualifierId': 73}]",6bcvcloym3tzxss5hgsw4h1at,A. Kennedy,,Angel City,Away
2823526783,309,1,1,40,7,agxipc0vk4rtg09amjxv10nx0,1,99.5,0.5,2025-06-21T00:50:28.584Z,2025-06-21T00:50:34Z,"[{'id': 5776106563, 'qualifierId': 140, 'value': '88.9'}, {'id': 5776106565, 'qualifierId': 141, 'value': '39.3'}, {'id': 5776106569, 'qualifierId': 213, 'value': '1.97'}, {'id': 5776106567, 'qualifierId': 212, 'value': '28.6'}, {'id': 5776106559, 'qualifierId': 6}, {'id': 5776106561, 'qualifierId': 56, 'value': 'Center'}]",e1irspfo9xupqz2sqvyq1zp0q,M. Cooper,,Kansas City Current,Home
2823526793,310,1,1,40,9,agxipc0vk4rtg09amjxv10nx0,1,88.9,39.3,2025-06-21T00:50:31.023Z,2025-06-21T00:50:33Z,"[{'id': 5776106635, 'qualifierId': 141, 'value': '35.0'}, {'id': 5776106639, 'qualifierId': 213, 'value': '3.34'}, {'id': 5776106633, 'qualifierId': 140, 'value': '74.9'}, {'id': 5776106631, 'qualifierId': 56, 'value': 'Center'}, {'id': 5776106637, 'qualifierId': 212, 'value': '15.0'}]",6k82rq8synvac950ext5t0jpx,R. Rodríguez,,Kansas City Current,Home
2823526799,311,1,1,40,12,agxipc0vk4rtg09amjxv10nx0,0,74.9,35.1,2025-06-21T00:50:33.543Z,2025-06-21T00:50:34Z,"[{'id': 5776106673, 'qualifierId': 56, 'value': 'Center'}, {'id': 5776106681, 'qualifierId': 213, 'value': '0.48'}, {'id': 5776106679, 'qualifierId': 212, 'value': '26.1'}, {'id': 5776106675, 'qualifierId': 140, 'value': '97.0'}, {'id': 5776106677, 'qualifierId': 141, 'value': '52.8'}, {'id': 5776106671, 'qualifierId': 155}]",dv8265k3za578hkzxxuttqmdx,V. DiBernardo,,Kansas City Current,Home
2823526819,332,12,1,40,12,6hbfgdczbi3yg4sdpqgtu6s,1,3.0,44.3,2025-06-21T00:50:33.976Z,2025-06-21T01:13:08Z,"[{'id': 5776106807, 'qualifierId': 212, 'value': '5.7'}, {'id': 5776106803, 'qualifierId': 140, 'value': '0.0'}, {'id': 5776106809, 'qualifierId': 213, 'value': '3.85'}, {'id': 5776106805, 'qualifierId': 141, 'value': '38.9'}, {'id': 5776106801, 'qualifierId': 56, 'value': 'Back'}, {'id': 5776106855, 'qualifierId': 167}]",lg9muzm3sbiijicsik53m3je,A. Anderson,,Angel City,Away
2823526809,312,6,1,40,13,agxipc0vk4rtg09amjxv10nx0,1,99.6,58.0,2025-06-21T00:50:34.896Z,2025-06-21T01:01:09Z,"[{'id': 5776106789, 'qualifierId': 56, 'value': 'Center'}, {'id': 5776106791, 'qualifierId': 73}, {'id': 5776106877, 'qualifierId': 233, 'value': '333'}]",dv8265k3za578hkzxxuttqmdx,V. DiBernardo,,Kansas City Current,Home
2823526823,333,6,1,40,13,6hbfgdczbi3yg4sdpqgtu6s,0,0.4,42.0,2025-06-21T00:50:34.896Z,2025-06-27T21:23:47Z,"[{'id': 5776106885, 'qualifierId': 233, 'value': '312'}, {'id': 5776106875, 'qualifierId': 73}, {'id': 5776106873, 'qualifierId': 56, 'value': 'Back'}]",lg9muzm3sbiijicsik53m3je,A. Anderson,,Angel City,Away
2823527007,313,1,1,40,50,agxipc0vk4rtg09amjxv10nx0,0,99.5,99.5,2025-06-21T00:51:11.648Z,2025-06-27T21:23:43Z,"[{'id': 5776107867, 'qualifierId': 223}, {'id': 5776107871, 'qualifierId': 140, 'value': '97.9'}, {'id': 5776107869, 'qualifierId': 56, 'value': 'Center'}, {'id': 5776107865, 'qualifierId': 155}, {'id': 5776107863, 'qualifierId': 6}, {'id': 5781988565, 'qualifierId': 20}, {'id': 5776107875, 'qualifierId': 212, 'value': '27.8'}, {'id': 5776107861, 'qualifierId': 2}, {'id': 5776107873, 'qualifierId': 141, 'value': '58.7'}, {'id': 5776107877, 'qualifierId': 213, 'value': '4.65'}]",dv8265k3za578hkzxxuttqmdx,V. DiBernardo,,Kansas City Current,Home
2823527325,350,61,1,40,53,6hbfgdczbi3yg4sdpqgtu6s,1,2.5,39.8,2025-06-21T00:51:14.722Z,2025-06-21T00:52:30Z,"[{'id': 5776109633, 'qualifierId': 56, 'value': 'Back'}]",89fa211ocgno2q0to22emh20a,G. Thompson,,Angel City,Away
2823527039,334,12,1,40,55,6hbfgdczbi3yg4sdpqgtu6s,1,9.7,50.0,2025-06-21T00:51:16.665Z,2025-06-21T00:51:20Z,"[{'id': 5776108031, 'qualifierId': 141, 'value': '49.0'}, {'id': 5776108027, 'qualifierId': 56, 'value': 'Back'}, {'id': 5776108033, 'qualifierId': 212, 'value': '21.2'}, {'id': 5776108029, 'qualifierId': 140, 'value': '29.9'}, {'id': 5776108035, 'qualifierId': 213, 'value': '6.25'}]",6bcvcloym3tzxss5hgsw4h1at,A. Kennedy,,Angel City,Away
2823527027,314,61,1,40,56,agxipc0vk4rtg09amjxv10nx0,1,74.9,52.1,2025-06-21T00:51:17.405Z,2025-06-21T00:51:17Z,"[{'id': 5776107967, 'qualifierId': 56, 'value': 'Center'}]",ccw8gtkcahxf21rutqldjvkve,T. Chawinga,,Kansas City Current,Home
2823527049,315,44,1,40,58,agxipc0vk4rtg09amjxv10nx0,1,65.4,57.0,2025-06-21T00:51:19.976Z,2025-06-21T02:23:17Z,"[{'id': 5776108087, 'qualifierId': 233, 'value': '335'}, {'id': 5776108079, 'qualifierId': 56, 'value': 'Center'}, {'id': 5776108081, 'qualifierId': 286}]",9wvoeo39cgbelv8ddqin3aaga,H. Mace,,Kansas City Current,Home
2823527045,335,44,1,40,58,6hbfgdczbi3yg4sdpqgtu6s,0,34.6,43.0,2025-06-21T00:51:19.977Z,2025-06-21T02:23:17Z,"[{'id': 5776108097, 'qualifierId': 233, 'value': '315'}, {'id': 5776108073, 'qualifierId': 285}, {'id': 5776108071, 'qualifierId': 56, 'value': 'Back'}]",dfeohozpw604y5jbu01u1dkkq,A. Thompson,,Angel City,Away
2823527057,316,1,1,40,59,agxipc0vk4rtg09amjxv10nx0,0,62.5,55.8,2025-06-21T00:51:20.439Z,2025-06-21T00:51:21Z,"[{'id': 5776108131, 'qualifierId': 213, 'value': '1.12'}, {'id': 5776108121, 'qualifierId': 3}, {'id': 5776108123, 'qualifierId': 56, 'value': 'Center'}, {'id': 5776108125, 'qualifierId': 140, 'value': '64.9'}, {'id': 5776108129, 'qualifierId': 212, 'value': '5.7'}, {'id': 5776108127, 'qualifierId': 141, 'value': '63.4'}]",9wvoeo39cgbelv8ddqin3aaga,H. Mace,,Kansas City Current,Home
2823527063,336,61,1,41,0,6hbfgdczbi3yg4sdpqgtu6s,1,32.3,33.4,2025-06-21T00:51:22.086Z,2025-06-21T00:51:22Z,"[{'id': 5776108147, 'qualifierId': 56, 'value': 'Back'}]",9mo419gtk6dy5lhcvatcllkyy,J. Dufour,,Angel City,Away
2823527077,337,49,1,41,2,6hbfgdczbi3yg4sdpqgtu6s,1,36.7,36.3,2025-06-21T00:51:23.592Z,2025-06-21T00:51:23Z,[],dfeohozpw604y5jbu01u1dkkq,A. Thompson,,Angel City,Away
2823527089,317,83,1,41,3,agxipc0vk4rtg09amjxv10nx0,0,64.4,63.7,2025-06-21T00:51:24.493Z,2025-06-27T21:24:14Z,"[{'id': 5776108467, 'qualifierId': 399, 'value': 'dfeohozpw604y5jbu01u1dkkq'}]",9wvoeo39cgbelv8ddqin3aaga,H. Mace,,Kansas City Current,Home
2823527101,338,1,1,41,3,6hbfgdczbi3yg4sdpqgtu6s,1,33.2,32.7,2025-06-21T00:51:25.129Z,2025-06-21T00:51:29Z,"[{'id': 5776108369, 'qualifierId': 141, 'value': '14.1'}, {'id': 5776108371, 'qualifierId': 212, 'value': '12.8'}, {'id': 5776108365, 'qualifierId': 56, 'value': 'Back'}, {'id': 5776108367, 'qualifierId': 140, 'value': '31.4'}, {'id': 5776108373, 'qualifierId': 213, 'value': '4.56'}]",dfeohozpw604y5jbu01u1dkkq,A. Thompson,,Angel City,Away
2823527113,339,1,1,41,7,6hbfgdczbi3yg4sdpqgtu6s,1,34.1,23.4,2025-06-21T00:51:29.096Z,2025-06-21T00:51:31Z,"[{'id': 5776108431, 'qualifierId': 141, 'value': '26.4'}, {'id': 5776108427, 'qualifierId': 56, 'value': 'Back'}, {'id': 5776108429, 'qualifierId': 140, 'value': '36.7'}, {'id': 5776108433, 'qualifierId': 212, 'value': '3.4'}, {'id': 5776108435, 'qualifierId': 213, 'value': '0.64'}]",89fa211ocgno2q0to22emh20a,G. Thompson,,Angel City,Away
2823527115,340,1,1,41,9,6hbfgdczbi3yg4sdpqgtu6s,1,36.8,27.6,2025-06-21T00:51:31.033Z,2025-06-21T00:51:34Z,"[{'id': 5776108441, 'qualifierId': 56, 'value': 'Back'}, {'id': 5776108443, 'qualifierId': 140, 'value': '27.1'}, {'id': 5776108449, 'qualifierId': 213, 'value': '2.16'}, {'id': 5776108445, 'qualifierId': 141, 'value': '50.1'}, {'id': 5776108447, 'qualifierId': 212, 'value': '18.4'}]",3bx0w0ftkij1lqrt727gjd94a,M. Hammond,,Angel City,Away
2823527143,341,1,1,41,13,6hbfgdczbi3yg4sdpqgtu6s,1,26.9,50.1,2025-06-21T00:51:34.409Z,2025-06-21T00:51:39Z,"[{'id': 5776108601, 'qualifierId': 140, 'value': '32.2'}, {'id': 5776108599, 'qualifierId': 56, 'value': 'Back'}, {'id': 5776108603, 'qualifierId': 141, 'value': '74.8'}, {'id': 5776108605, 'qualifierId': 212, 'value': '17.7'}, {'id': 5776108607, 'qualifierId': 213, 'value': '1.25'}]",etdam0sfwiphiwykieovlsyy1,S. Gorden,,Angel City,Away
2823527161,342,1,1,41,17,6hbfgdczbi3yg4sdpqgtu6s,1,35.3,74.7,2025-06-21T00:51:39.017Z,2025-06-21T00:51:44Z,"[{'id': 5776108725, 'qualifierId': 213, 'value': '4.38'}, {'id': 5776108717, 'qualifierId': 56, 'value': 'Back'}, {'id': 5776108723, 'qualifierId': 212, 'value': '18.1'}, {'id': 5776108721, 'qualifierId': 141, 'value': '49.6'}, {'id': 5776108719, 'qualifierId': 140, 'value': '29.7'}]",6opd7nuh51c7p6pn6w04yuntg,M. Reid,,Angel City,Away
2823527175,343,1,1,41,23,6hbfgdczbi3yg4sdpqgtu6s,1,30.9,52.1,2025-06-21T00:51:44.473Z,2025-06-21T00:51:47Z,"[{'id': 5776108807, 'qualifierId': 141, 'value': '72.6'}, {'id': 5776108803, 'qualifierId': 56, 'value': 'Back'}, {'id': 5776108811, 'qualifierId': 213, 'value': '1.49'}, {'id': 5776108805, 'qualifierId': 140, 'value': '32.0'}, {'id': 5776108809, 'qualifierId': 212, 'value': '14.0'}]",etdam0sfwiphiwykieovlsyy1,S. Gorden,,Angel City,Away
2823527185,344,1,1,41,25,6hbfgdczbi3yg4sdpqgtu6s,1,30.9,72.6,2025-06-21T00:51:47.049Z,2025-06-21T00:51:49Z,"[{'id': 5776108897, 'qualifierId': 141, 'value': '56.0'}, {'id': 5776108901, 'qualifierId': 213, 'value': '4.37'}, {'id': 5776108895, 'qualifierId': 140, 'value': '27.1'}, {'id': 5776108899, 'qualifierId': 212, 'value': '12.0'}, {'id': 5776108893, 'qualifierId': 56, 'value': 'Back'}]",6opd7nuh51c7p6pn6w04yuntg,M. Reid,,Angel City,Away
2823527207,345,1,1,41,28,6hbfgdczbi3yg4sdpqgtu6s,1,25.9,63.1,2025-06-21T00:51:49.912Z,2025-06-21T00:51:54Z,"[{'id': 5776109041, 'qualifierId': 141, 'value': '70.8'}, {'id': 5776109039, 'qualifierId': 140, 'value': '36.9'}, {'id': 5776109037, 'qualifierId': 56, 'value': 'Back'}, {'id': 5776109045, 'qualifierId': 213, 'value': '0.43'}, {'id': 5776109043, 'qualifierId': 212, 'value': '12.7'}]",etdam0sfwiphiwykieovlsyy1,S. Gorden,,Angel City,Away
2823527217,346,1,1,41,32,6hbfgdczbi3yg4sdpqgtu6s,0,38.4,70.0,2025-06-21T00:51:53.872Z,2025-06-27T21:24:48Z,"[{'id': 5776109077, 'qualifierId': 212, 'value': '21.3'}, {'id': 5776109071, 'qualifierId': 56, 'value': 'Back'}, {'id': 5776109073, 'qualifierId': 140, 'value': '40.7'}, {'id': 5776109079, 'qualifierId': 213, 'value': '1.46'}, {'id': 5776109075, 'qualifierId': 141, 'value': '100.0'}]",9mo419gtk6dy5lhcvatcllkyy,J. Dufour,,Angel City,Away
2823527235,318,5,1,41,33,agxipc0vk4rtg09amjxv10nx0,1,57.0,-1.5,2025-06-21T00:51:54.503Z,2025-06-21T01:12:55Z,"[{'id': 5776109159, 'qualifierId': 347}, {'id': 5776109183, 'qualifierId': 233, 'value': '347'}, {'id': 5776109157, 'qualifierId': 56, 'value': 'Right'}]",9wvoeo39cgbelv8ddqin3aaga,H. Mace,,Kansas City Current,Home
2823527219,347,5,1,41,33,6hbfgdczbi3yg4sdpqgtu6s,0,43.0,101.5,2025-06-21T00:51:54.503Z,2025-06-21T01:12:55Z,"[{'id': 5776109085, 'qualifierId': 56, 'value': 'Back'}, {'id': 5776109087, 'qualifierId': 347}, {'id': 5776109191, 'qualifierId': 233, 'value': '318'}]",9mo419gtk6dy5lhcvatcllkyy,J. Dufour,,Angel City,Away
2823527247,319,1,1,41,39,agxipc0vk4rtg09amjxv10nx0,1,54.0,0.0,2025-06-21T00:52:00.566Z,2025-06-27T21:25:38Z,"[{'id': 5776109219, 'qualifierId': 107}, {'id': 5776109227, 'qualifierId': 212, 'value': '22.1'}, {'id': 5776109223, 'qualifierId': 140, 'value': '71.9'}, {'id': 5776109225, 'qualifierId': 141, 'value': '15.6'}, {'id': 5776109229, 'qualifierId': 213, 'value': '0.56'}, {'id': 5776109231, 'qualifierId': 1}, {'id': 5776109221, 'qualifierId': 56, 'value': 'Right'}]",9wvoeo39cgbelv8ddqin3aaga,H. Mace,,Kansas City Current,Home
2823527261,320,1,1,41,42,agxipc0vk4rtg09amjxv10nx0,0,67.2,11.9,2025-06-21T00:52:03.887Z,2025-06-27T21:25:27Z,"[{'id': 5776109289, 'qualifierId': 213, 'value': '5.98'}, {'id': 5776109285, 'qualifierId': 141, 'value': '1.5'}, {'id': 5776109283, 'qualifierId': 140, 'value': '89.0'}, {'id': 5776109279, 'qualifierId': 3}, {'id': 5776109287, 'qualifierId': 212, 'value': '24.0'}, {'id': 5776109281, 'qualifierId': 56, 'value': 'Right'}]",47iatvbptp6438v5qo359yw9h,Bia Zaneratto,,Kansas City Current,Home
2823527259,348,12,1,41,44,6hbfgdczbi3yg4sdpqgtu6s,1,12.1,96.5,2025-06-21T00:52:05.992Z,2025-06-27T21:25:30Z,"[{'id': 5781988857, 'qualifierId': 140, 'value': '7.8'}, {'id': 5781988863, 'qualifierId': 213, 'value': '2.45'}, {'id': 5781988861, 'qualifierId': 212, 'value': '5.9'}, {'id': 5781988855, 'qualifierId': 167}, {'id': 5781988859, 'qualifierId': 141, 'value': '100.0'}, {'id': 5776109277, 'qualifierId': 56, 'value': 'Back'}]",6opd7nuh51c7p6pn6w04yuntg,M. Reid,,Angel City,Away
2823527265,321,5,1,41,44,agxipc0vk4rtg09amjxv10nx0,1,94.5,-2.0,2025-06-21T00:52:06.109Z,2025-06-21T01:12:55Z,"[{'id': 5776109295, 'qualifierId': 56, 'value': 'Right'}, {'id': 5776111343, 'qualifierId': 233, 'value': '349'}, {'id': 5776109297, 'qualifierId': 347}]",47iatvbptp6438v5qo359yw9h,Bia Zaneratto,,Kansas City Current,Home
2823527271,349,5,1,41,44,6hbfgdczbi3yg4sdpqgtu6s,0,5.5,102.0,2025-06-21T00:52:06.109Z,2025-06-21T01:12:55Z,"[{'id': 5776111373, 'qualifierId': 233, 'value': '321'}, {'id': 5776109311, 'qualifierId': 56, 'value': 'Back'}, {'id': 5776109313, 'qualifierId': 347}]",6opd7nuh51c7p6pn6w04yuntg,M. Reid,,Angel City,Away
2823527379,322,1,1,42,9,agxipc0vk4rtg09amjxv10nx0,1,91.6,0.0,2025-06-21T00:52:30.807Z,2025-06-21T00:53:45Z,"[{'id': 5776112131, 'qualifierId': 107}, {'id': 5776109901, 'qualifierId': 213, 'value': '1.20'}, {'id': 5776109897, 'qualifierId': 141, 'value': '18.0'}, {'id': 5776109895, 'qualifierId': 140, 'value': '96.7'}, {'id': 5776109899, 'qualifierId': 212, 'value': '14.6'}, {'id': 5776109893, 'qualifierId': 56, 'value': 'Right'}]",9wvoeo39cgbelv8ddqin3aaga,H. Mace,,Kansas City Current,Home
2823527389,323,1,1,42,12,agxipc0vk4rtg09amjxv10nx0,1,97.3,17.0,2025-06-21T00:52:34.023Z,2025-06-21T00:52:35Z,"[{'id': 5776109941, 'qualifierId': 212, 'value': '8.1'}, {'id': 5776109935, 'qualifierId': 56, 'value': 'Right'}, {'id': 5776109939, 'qualifierId': 141, 'value': '6.7'}, {'id': 5776109937, 'qualifierId': 140, 'value': '93.4'}, {'id': 5776109943, 'qualifierId': 213, 'value': '4.18'}]",47iatvbptp6438v5qo359yw9h,Bia Zaneratto,,Kansas City Current,Home
2823527395,324,1,1,42,13,agxipc0vk4rtg09amjxv10nx0,1,93.4,6.7,2025-06-21T00:52:35.007Z,2025-06-21T00:52:36Z,"[{'id': 5776109977, 'qualifierId': 141, 'value': '5.2'}, {'id': 5776109979, 'qualifierId': 212, 'value': '12.5'}, {'id': 5776109975, 'qualifierId': 140, 'value': '81.5'}, {'id': 5776109973, 'qualifierId': 56, 'value': 'Right'}, {'id': 5776109981, 'qualifierId': 213, 'value': '3.22'}]",e1irspfo9xupqz2sqvyq1zp0q,M. Cooper,,Kansas City Current,Home
2823527411,325,1,1,42,15,agxipc0vk4rtg09amjxv10nx0,1,81.5,5.2,2025-06-21T00:52:36.766Z,2025-06-21T00:52:38Z,"[{'id': 5776110101, 'qualifierId': 56, 'value': 'Right'}, {'id': 5776110107, 'qualifierId': 212, 'value': '16.3'}, {'id': 5776110109, 'qualifierId': 213, 'value': '2.71'}, {'id': 5776110105, 'qualifierId': 141, 'value': '15.1'}, {'id': 5776110103, 'qualifierId': 140, 'value': '67.4'}]",9wvoeo39cgbelv8ddqin3aaga,H. Mace,,Kansas City Current,Home
2823527429,326,1,1,42,17,agxipc0vk4rtg09amjxv10nx0,1,67.2,16.8,2025-06-21T00:52:38.919Z,2025-06-21T00:52:41Z,"[{'id': 5776110199, 'qualifierId': 140, 'value': '57.7'}, {'id': 5776110203, 'qualifierId': 212, 'value': '14.7'}, {'id': 5776110205, 'qualifierId': 213, 'value': '2.32'}, {'id': 5776110201, 'qualifierId': 141, 'value': '32.6'}, {'id': 5776110197, 'qualifierId': 56, 'value': 'Center'}]",6k82rq8synvac950ext5t0jpx,R. Rodríguez,,Kansas City Current,Home
2823527437,327,1,1,42,20,agxipc0vk4rtg09amjxv10nx0,1,57.6,33.1,2025-06-21T00:52:41.839Z,2025-06-21T00:52:44Z,"[{'id': 5776110261, 'qualifierId': 141, 'value': '25.6'}, {'id': 5776110259, 'qualifierId': 140, 'value': '61.0'}, {'id': 5776110263, 'qualifierId': 212, 'value': '6.2'}, {'id': 5776110257, 'qualifierId': 56, 'value': 'Center'}, {'id': 5776110265, 'qualifierId': 213, 'value': '5.32'}]",48l2ildbeme2l336nor2hw6lm,E. Ball,,Kansas City Current,Home
2823527449,328,1,1,42,23,agxipc0vk4rtg09amjxv10nx0,0,63.1,13.8,2025-06-21T00:52:44.719Z,2025-06-21T00:52:46Z,"[{'id': 5776110313, 'qualifierId': 141, 'value': '0.0'}, {'id': 5776110315, 'qualifierId': 212, 'value': '29.2'}, {'id': 5776110317, 'qualifierId': 213, 'value': '5.91'}, {'id': 5776110311, 'qualifierId': 140, 'value': '89.0'}, {'id': 5776110309, 'qualifierId': 56, 'value': 'Right'}]",6k82rq8synvac950ext5t0jpx,R. Rodríguez,,Kansas City Current,Home
2823527453,329,5,1,42,25,agxipc0vk4rtg09amjxv10nx0,0,87.8,-1.4,2025-06-21T00:52:46.764Z,2025-06-21T01:12:56Z,"[{'id': 5776110323, 'qualifierId': 56, 'value': 'Right'}, {'id': 5776110819, 'qualifierId': 233, 'value': '351'}, {'id': 5776110325, 'qualifierId': 347}]",6k82rq8synvac950ext5t0jpx,R. Rodríguez,,Kansas City Current,Home
2823527541,351,5,1,42,25,6hbfgdczbi3yg4sdpqgtu6s,1,12.2,101.4,2025-06-21T00:52:46.764Z,2025-06-21T01:12:56Z,"[{'id': 5776110789, 'qualifierId': 347}, {'id': 5776110787, 'qualifierId': 56, 'value': 'Back'}, {'id': 5776110815, 'qualifierId': 233, 'value': '329'}]",89fa211ocgno2q0to22emh20a,G. Thompson,,Angel City,Away
2823527567,352,1,1,42,44,6hbfgdczbi3yg4sdpqgtu6s,1,11.2,100.0,2025-06-21T00:53:05.416Z,2025-06-27T21:28:49Z,"[{'id': 5776110931, 'qualifierId': 141, 'value': '85.7'}, {'id': 5776110927, 'qualifierId': 56, 'value': 'Back'}, {'id': 5776110933, 'qualifierId': 212, 'value': '19.8'}, {'id': 5776110925, 'qualifierId': 107}, {'id': 5776110929, 'qualifierId': 140, 'value': '26.9'}, {'id': 5776110935, 'qualifierId': 213, 'value': '5.70'}]",1enu619pvakj78wtsfuilbj3e,M. A. Vignola,,Angel City,Away
2823527581,330,45,1,42,47,agxipc0vk4rtg09amjxv10nx0,0,70.6,15.8,2025-06-21T00:53:08.841Z,2025-06-21T01:13:08Z,"[{'id': 5776110991, 'qualifierId': 286}, {'id': 5776111123, 'qualifierId': 233, 'value': '353'}, {'id': 5776110989, 'qualifierId': 56, 'value': 'Right'}]",6hyf258ii56nw917w0b4ekob8,C. Hutton,,Kansas City Current,Home
2823527599,353,3,1,42,47,6hbfgdczbi3yg4sdpqgtu6s,1,26.6,87.7,2025-06-21T00:53:08.841Z,2025-06-27T21:28:53Z,"[{'id': 5776111101, 'qualifierId': 233, 'value': '330'}, {'id': 5781989423, 'qualifierId': 465}, {'id': 5776111073, 'qualifierId': 56, 'value': 'Back'}, {'id': 5776111075, 'qualifierId': 285}]",dfeohozpw604y5jbu01u1dkkq,A. Thompson,,Angel City,Away
2823527603,354,50,1,42,53,6hbfgdczbi3yg4sdpqgtu6s,1,43.4,54.8,2025-06-21T00:53:14.903Z,2025-06-21T01:13:03Z,"[{'id': 5776111095, 'qualifierId': 286}, {'id': 5776111093, 'qualifierId': 56, 'value': 'Back'}, {'id': 5776111197, 'qualifierId': 233, 'value': '331'}]",dfeohozpw604y5jbu01u1dkkq,A. Thompson,,Angel City,Away
2823527617,331,7,1,42,53,agxipc0vk4rtg09amjxv10nx0,1,56.6,45.2,2025-06-21T00:53:14.904Z,2025-06-27T21:29:06Z,"[{'id': 5781989467, 'qualifierId': 383}, {'id': 5776111193, 'qualifierId': 233, 'value': '354'}, {'id': 5781989469, 'qualifierId': 178}, {'id': 5776111169, 'qualifierId': 285}, {'id': 5776111167, 'qualifierId': 56, 'value': 'Center'}]",ccw8gtkcahxf21rutqldjvkve,T. Chawinga,,Kansas City Current,Home
2823527619,332,49,1,42,54,agxipc0vk4rtg09amjxv10nx0,1,44.2,59.0,2025-06-21T00:53:16.222Z,2025-06-21T00:53:16Z,[],ccw8gtkcahxf21rutqldjvkve,T. Chawinga,,Kansas City Current,Home
2823527627,333,1,1,42,55,agxipc0vk4rtg09amjxv10nx0,1,47.4,56.5,2025-06-21T00:53:16.726Z,2025-06-21T00:53:19Z,"[{'id': 5776111217, 'qualifierId': 141, 'value': '44.2'}, {'id': 5776111219, 'qualifierId': 212, 'value': '8.4'}, {'id': 5776111215, 'qualifierId': 140, 'value': '47.2'}, {'id': 5776111213, 'qualifierId': 56, 'value': 'Back'}, {'id': 5776111221, 'qualifierId': 213, 'value': '4.69'}]",ccw8gtkcahxf21rutqldjvkve,T. Chawinga,,Kansas City Current,Home
2823527639,334,1,1,42,57,agxipc0vk4rtg09amjxv10nx0,1,48.5,42.0,2025-06-21T00:53:18.998Z,2025-06-21T00:53:21Z,"[{'id': 5776111301, 'qualifierId': 141, 'value': '31.4'}, {'id': 5776111299, 'qualifierId': 140, 'value': '54.7'}, {'id': 5776111297, 'qualifierId': 56, 'value': 'Center'}, {'id': 5776111303, 'qualifierId': 212, 'value': '9.7'}, {'id': 5776111305, 'qualifierId': 213, 'value': '5.45'}]",6hyf258ii56nw917w0b4ekob8,C. Hutton,,Kansas City Current,Home
2823527655,335,1,1,43,0,agxipc0vk4rtg09amjxv10nx0,0,56.5,29.1,2025-06-21T00:53:21.510Z,2025-06-21T00:53:23Z,"[{'id': 5776111417, 'qualifierId': 212, 'value': '30.6'}, {'id': 5776111419, 'qualifierId': 213, 'value': '1.04'}, {'id': 5776111415, 'qualifierId': 141, 'value': '67.9'}, {'id': 5776111413, 'qualifierId': 140, 'value': '71.2'}, {'id': 5776111409, 'qualifierId': 155}, {'id': 5776111411, 'qualifierId': 56, 'value': 'Center'}]",6k82rq8synvac950ext5t0jpx,R. Rodríguez,,Kansas City Current,Home
2823527669,355,1,1,43,3,6hbfgdczbi3yg4sdpqgtu6s,1,24.6,31.5,2025-06-21T00:53:24.760Z,2025-06-21T00:53:26Z,"[{'id': 5776111481, 'qualifierId': 3}, {'id': 5776111491, 'qualifierId': 213, 'value': '5.42'}, {'id': 5776111485, 'qualifierId': 140, 'value': '32.2'}, {'id': 5776111489, 'qualifierId': 212, 'value': '12.2'}, {'id': 5776111483, 'qualifierId': 56, 'value': 'Back'}, {'id': 5776111487, 'qualifierId': 141, 'value': '17.9'}]",etdam0sfwiphiwykieovlsyy1,S. Gorden,,Angel City,Away
2823527671,356,49,1,43,5,6hbfgdczbi3yg4sdpqgtu6s,1,32.2,17.9,2025-06-21T00:53:26.760Z,2025-06-21T00:53:27Z,[],89fa211ocgno2q0to22emh20a,G. Thompson,,Angel City,Away
2823527677,357,1,1,43,6,6hbfgdczbi3yg4sdpqgtu6s,1,32.2,17.9,2025-06-21T00:53:27.305Z,2025-06-21T00:53:28Z,"[{'id': 5776111535, 'qualifierId': 213, 'value': '1.91'}, {'id': 5776111529, 'qualifierId': 140, 'value': '29.0'}, {'id': 5776111533, 'qualifierId': 212, 'value': '10.0'}, {'id': 5776111531, 'qualifierId': 141, 'value': '31.8'}, {'id': 5776111527, 'qualifierId': 56, 'value': 'Back'}]",89fa211ocgno2q0to22emh20a,G. Thompson,,Angel City,Away
2823527719,358,1,1,43,6,6hbfgdczbi3yg4sdpqgtu6s,1,29.0,31.8,2025-06-21T00:53:28.088Z,2025-06-21T00:53:33Z,"[{'id': 5776111707, 'qualifierId': 56, 'value': 'Back'}, {'id': 5776111715, 'qualifierId': 141, 'value': '47.2'}, {'id': 5776111719, 'qualifierId': 212, 'value': '11.7'}, {'id': 5776111723, 'qualifierId': 213, 'value': '1.11'}, {'id': 5776111711, 'qualifierId': 140, 'value': '33.9'}]",3bx0w0ftkij1lqrt727gjd94a,M. Hammond,,Angel City,Away
2823527737,359,1,1,43,12,6hbfgdczbi3yg4sdpqgtu6s,1,34.4,56.4,2025-06-21T00:53:33.448Z,2025-06-21T00:53:36Z,"[{'id': 5776111833, 'qualifierId': 141, 'value': '62.7'}, {'id': 5776111829, 'qualifierId': 56, 'value': 'Back'}, {'id': 5776111835, 'qualifierId': 212, 'value': '5.0'}, {'id': 5776111837, 'qualifierId': 213, 'value': '2.12'}, {'id': 5776111831, 'qualifierId': 140, 'value': '31.9'}]",8f2og4ng2s6f8qeikft26h2qc,M. Hodge,,Angel City,Away
2823527743,360,1,1,43,15,6hbfgdczbi3yg4sdpqgtu6s,1,31.9,62.7,2025-06-21T00:53:36.424Z,2025-06-21T00:53:37Z,"[{'id': 5776111877, 'qualifierId': 212, 'value': '8.4'}, {'id': 5776111871, 'qualifierId': 56, 'value': 'Back'}, {'id': 5776111873, 'qualifierId': 140, 'value': '30.8'}, {'id': 5776111875, 'qualifierId': 141, 'value': '50.4'}, {'id': 5776111879, 'qualifierId': 213, 'value': '4.58'}]",6opd7nuh51c7p6pn6w04yuntg,M. Reid,,Angel City,Away
2823527763,361,1,1,43,15,6hbfgdczbi3yg4sdpqgtu6s,1,30.8,50.4,2025-06-21T00:53:37.240Z,2025-06-21T00:53:40Z,"[{'id': 5776111927, 'qualifierId': 140, 'value': '32.3'}, {'id': 5776111931, 'qualifierId': 212, 'value': '10.0'}, {'id': 5776111933, 'qualifierId': 213, 'value': '1.41'}, {'id': 5776111929, 'qualifierId': 141, 'value': '64.9'}, {'id': 5776111925, 'qualifierId': 56, 'value': 'Back'}]",6bcvcloym3tzxss5hgsw4h1at,A. Kennedy,,Angel City,Away
2823527791,362,1,1,43,19,6hbfgdczbi3yg4sdpqgtu6s,1,32.3,64.9,2025-06-21T00:53:40.328Z,2025-06-21T00:53:44Z,"[{'id': 5776112111, 'qualifierId': 141, 'value': '55.1'}, {'id': 5776112109, 'qualifierId': 140, 'value': '30.9'}, {'id': 5776112113, 'qualifierId': 212, 'value': '6.8'}, {'id': 5776112107, 'qualifierId': 56, 'value': 'Back'}, {'id': 5776112115, 'qualifierId': 213, 'value': '4.50'}]",6opd7nuh51c7p6pn6w04yuntg,M. Reid,,Angel City,Away
2823527813,363,1,1,43,22,6hbfgdczbi3yg4sdpqgtu6s,1,30.9,55.1,2025-06-21T00:53:44.200Z,2025-06-21T00:53:49Z,"[{'id': 5776112245, 'qualifierId': 213, 'value': '1.32'}, {'id': 5776112243, 'qualifierId': 212, 'value': '10.9'}, {'id': 5776112241, 'qualifierId': 141, 'value': '70.6'}, {'id': 5776112239, 'qualifierId': 140, 'value': '33.5'}, {'id': 5776112237, 'qualifierId': 56, 'value': 'Back'}]",6bcvcloym3tzxss5hgsw4h1at,A. Kennedy,,Angel City,Away
2823527833,364,1,1,43,27,6hbfgdczbi3yg4sdpqgtu6s,1,33.8,70.8,2025-06-21T00:53:49.048Z,2025-06-21T00:53:53Z,"[{'id': 5776112351, 'qualifierId': 140, 'value': '31.7'}, {'id': 5776112349, 'qualifierId': 56, 'value': 'Back'}, {'id': 5776112357, 'qualifierId': 213, 'value': '4.46'}, {'id': 5776112353, 'qualifierId': 141, 'value': '58.1'}, {'id': 5776112355, 'qualifierId': 212, 'value': '8.9'}]",6opd7nuh51c7p6pn6w04yuntg,M. Reid,,Angel City,Away
2823527841,365,1,1,43,31,6hbfgdczbi3yg4sdpqgtu6s,1,31.7,58.1,2025-06-21T00:53:53.064Z,2025-06-21T00:53:54Z,"[{'id': 5776112399, 'qualifierId': 212, 'value': '19.3'}, {'id': 5776112395, 'qualifierId': 140, 'value': '38.4'}, {'id': 5776112401, 'qualifierId': 213, 'value': '5.08'}, {'id': 5776112393, 'qualifierId': 56, 'value': 'Back'}, {'id': 5776112397, 'qualifierId': 141, 'value': '31.6'}]",6bcvcloym3tzxss5hgsw4h1at,A. Kennedy,,Angel City,Away
2823527855,366,1,1,43,33,6hbfgdczbi3yg4sdpqgtu6s,1,38.4,31.6,2025-06-21T00:53:54.648Z,2025-06-21T00:54:01Z,"[{'id': 5776112513, 'qualifierId': 213, 'value': '5.01'}, {'id': 5776112507, 'qualifierId': 140, 'value': '43.3'}, {'id': 5776112505, 'qualifierId': 56, 'value': 'Back'}, {'id': 5776112511, 'qualifierId': 212, 'value': '17.6'}, {'id': 5776112509, 'qualifierId': 141, 'value': '6.8'}]",3bx0w0ftkij1lqrt727gjd94a,M. Hammond,,Angel City,Away
2823527865,367,1,1,43,40,6hbfgdczbi3yg4sdpqgtu6s,1,56.0,8.9,2025-06-21T00:54:01.592Z,2025-06-21T00:54:03Z,"[{'id': 5776112571, 'qualifierId': 212, 'value': '11.9'}, {'id': 5776112565, 'qualifierId': 56, 'value': 'Center'}, {'id': 5776112569, 'qualifierId': 141, 'value': '26.2'}, {'id': 5776112573, 'qualifierId': 213, 'value': '1.72'}, {'id': 5776112567, 'qualifierId': 140, 'value': '54.3'}]",9mo419gtk6dy5lhcvatcllkyy,J. Dufour,,Angel City,Away
2823527879,368,1,1,43,42,6hbfgdczbi3yg4sdpqgtu6s,1,55.6,26.5,2025-06-21T00:54:03.752Z,2025-06-21T00:54:05Z,"[{'id': 5776112663, 'qualifierId': 213, 'value': '1.21'}, {'id': 5776112657, 'qualifierId': 140, 'value': '62.8'}, {'id': 5776112659, 'qualifierId': 141, 'value': '56.3'}, {'id': 5776112661, 'qualifierId': 212, 'value': '21.6'}, {'id': 5776112655, 'qualifierId': 56, 'value': 'Center'}]",3bx0w0ftkij1lqrt727gjd94a,M. Hammond,,Angel City,Away
2823527891,369,1,1,43,44,6hbfgdczbi3yg4sdpqgtu6s,0,63.1,56.7,2025-06-21T00:54:05.448Z,2025-06-21T00:54:07Z,"[{'id': 5776112691, 'qualifierId': 141, 'value': '74.5'}, {'id': 5776112687, 'qualifierId': 56, 'value': 'Center'}, {'id': 5776112695, 'qualifierId': 213, 'value': '1.38'}, {'id': 5776112689, 'qualifierId': 140, 'value': '65.3'}, {'id': 5776112693, 'qualifierId': 212, 'value': '12.3'}]",8f2og4ng2s6f8qeikft26h2qc,M. Hodge,,Angel City,Away
2823527889,336,8,1,43,46,agxipc0vk4rtg09amjxv10nx0,1,27.8,23.7,2025-06-21T00:54:07.374Z,2025-06-27T21:32:37Z,"[{'id': 5781990407, 'qualifierId': 383}, {'id': 5776112685, 'qualifierId': 56, 'value': 'Back'}]",9wvoeo39cgbelv8ddqin3aaga,H. Mace,,Kansas City Current,Home
2823527893,337,49,1,43,46,agxipc0vk4rtg09amjxv10nx0,1,32.4,16.1,2025-06-21T00:54:07.893Z,2025-06-21T00:54:08Z,[],9wvoeo39cgbelv8ddqin3aaga,H. Mace,,Kansas City Current,Home
2823527917,338,1,1,43,50,agxipc0vk4rtg09amjxv10nx0,0,41.2,16.0,2025-06-21T00:54:11.830Z,2025-06-27T21:34:18Z,"[{'id': 5776112797, 'qualifierId': 141, 'value': '23.5'}, {'id': 5776112801, 'qualifierId': 213, 'value': '0.61'}, {'id': 5776112793, 'qualifierId': 56, 'value': 'Back'}, {'id': 5776112799, 'qualifierId': 212, 'value': '8.9'}, {'id': 5776112795, 'qualifierId': 140, 'value': '48.1'}]",9wvoeo39cgbelv8ddqin3aaga,H. Mace,,Kansas City Current,Home
2823527921,370,8,1,43,52,6hbfgdczbi3yg4sdpqgtu6s,1,50.3,76.3,2025-06-21T00:54:13.385Z,2025-06-27T21:34:12Z,"[{'id': 5776112807, 'qualifierId': 56, 'value': 'Center'}, {'id': 5781990687, 'qualifierId': 384}]",8f2og4ng2s6f8qeikft26h2qc,M. Hodge,,Angel City,Away
2823527925,371,49,1,43,54,6hbfgdczbi3yg4sdpqgtu6s,1,31.7,79.3,2025-06-21T00:54:15.419Z,2025-06-21T00:54:15Z,[],6opd7nuh51c7p6pn6w04yuntg,M. Reid,,Angel City,Away
2823527933,372,1,1,43,54,6hbfgdczbi3yg4sdpqgtu6s,1,31.2,84.2,2025-06-21T00:54:16.007Z,2025-06-21T00:54:18Z,"[{'id': 5776112901, 'qualifierId': 56, 'value': 'Back'}, {'id': 5776112907, 'qualifierId': 212, 'value': '11.3'}, {'id': 5776112909, 'qualifierId': 213, 'value': '0.85'}, {'id': 5776112905, 'qualifierId': 141, 'value': '96.6'}, {'id': 5776112903, 'qualifierId': 140, 'value': '38.3'}]",6opd7nuh51c7p6pn6w04yuntg,M. Reid,,Angel City,Away
2823527949,373,1,1,43,56,6hbfgdczbi3yg4sdpqgtu6s,1,38.3,96.8,2025-06-21T00:54:18.007Z,2025-06-21T00:55:00Z,"[{'id': 5776113001, 'qualifierId': 140, 'value': '27.7'}, {'id': 5776113003, 'qualifierId': 141, 'value': '83.2'}, {'id': 5776113005, 'qualifierId': 212, 'value': '14.5'}, {'id': 5776113007, 'qualifierId': 213, 'value': '3.83'}, {'id': 5776112999, 'qualifierId': 56, 'value': 'Back'}]",1enu619pvakj78wtsfuilbj3e,M. A. Vignola,,Angel City,Away
2823527967,374,1,1,43,59,6hbfgdczbi3yg4sdpqgtu6s,1,27.7,83.2,2025-06-21T00:54:20.280Z,2025-06-21T00:54:24Z,"[{'id': 5776113097, 'qualifierId': 56, 'value': 'Back'}, {'id': 5776113103, 'qualifierId': 212, 'value': '10.5'}, {'id': 5776113105, 'qualifierId': 213, 'value': '4.92'}, {'id': 5776113099, 'qualifierId': 140, 'value': '29.8'}, {'id': 5776113101, 'qualifierId': 141, 'value': '68.1'}]",6opd7nuh51c7p6pn6w04yuntg,M. Reid,,Angel City,Away
2823528011,375,1,1,44,4,6hbfgdczbi3yg4sdpqgtu6s,1,31.2,61.1,2025-06-21T00:54:26.168Z,2025-06-21T00:54:32Z,"[{'id': 5776113503, 'qualifierId': 212, 'value': '11.6'}, {'id': 5776113505, 'qualifierId': 213, 'value': '1.54'}, {'id': 5776113497, 'qualifierId': 56, 'value': 'Back'}, {'id': 5776113499, 'qualifierId': 140, 'value': '31.5'}, {'id': 5776113501, 'qualifierId': 141, 'value': '78.2'}]",6bcvcloym3tzxss5hgsw4h1at,A. Kennedy,,Angel City,Away
2823528023,376,1,1,44,11,6hbfgdczbi3yg4sdpqgtu6s,1,30.6,72.7,2025-06-21T00:54:32.311Z,2025-06-21T00:54:34Z,"[{'id': 5776113561, 'qualifierId': 213, 'value': '4.58'}, {'id': 5776113559, 'qualifierId': 212, 'value': '13.0'}, {'id': 5776113555, 'qualifierId': 140, 'value': '29.0'}, {'id': 5776113553, 'qualifierId': 56, 'value': 'Back'}, {'id': 5776113557, 'qualifierId': 141, 'value': '53.7'}]",6opd7nuh51c7p6pn6w04yuntg,M. Reid,,Angel City,Away
2823528037,377,1,1,44,12,6hbfgdczbi3yg4sdpqgtu6s,1,29.0,53.7,2025-06-21T00:54:33.880Z,2025-06-21T00:54:36Z,"[{'id': 5776113631, 'qualifierId': 140, 'value': '38.3'}, {'id': 5776113627, 'qualifierId': 155}, {'id': 5776113637, 'qualifierId': 213, 'value': '5.03'}, {'id': 5776113635, 'qualifierId': 212, 'value': '30.8'}, {'id': 5776113633, 'qualifierId': 141, 'value': '10.7'}, {'id': 5776113629, 'qualifierId': 56, 'value': 'Back'}]",6bcvcloym3tzxss5hgsw4h1at,A. Kennedy,,Angel City,Away
2823528039,378,50,1,44,15,6hbfgdczbi3yg4sdpqgtu6s,1,39.7,8.9,2025-06-21T00:54:36.888Z,2025-06-21T01:13:03Z,"[{'id': 5776113643, 'qualifierId': 286}, {'id': 5776113697, 'qualifierId': 233, 'value': '339'}, {'id': 5776113641, 'qualifierId': 56, 'value': 'Back'}]",9mo419gtk6dy5lhcvatcllkyy,J. Dufour,,Angel City,Away
2823528045,339,7,1,44,15,agxipc0vk4rtg09amjxv10nx0,1,60.3,91.1,2025-06-21T00:54:36.889Z,2025-06-27T21:34:39Z,"[{'id': 5776113691, 'qualifierId': 233, 'value': '378'}, {'id': 5776113669, 'qualifierId': 56, 'value': 'Left'}, {'id': 5776113671, 'qualifierId': 285}, {'id': 5781990749, 'qualifierId': 383}, {'id': 5781990751, 'qualifierId': 178}]",736jvvtkgwc3g1vooviaod33d,I. Rodriguez,,Kansas City Current,Home
2823528049,340,49,1,44,16,agxipc0vk4rtg09amjxv10nx0,1,61.0,90.9,2025-06-21T00:54:38.166Z,2025-06-21T00:54:38Z,[],736jvvtkgwc3g1vooviaod33d,I. Rodriguez,,Kansas City Current,Home
2823528065,341,1,1,44,17,agxipc0vk4rtg09amjxv10nx0,1,61.0,90.9,2025-06-21T00:54:38.303Z,2025-06-21T00:54:40Z,"[{'id': 5776113747, 'qualifierId': 56, 'value': 'Center'}, {'id': 5776113753, 'qualifierId': 212, 'value': '11.8'}, {'id': 5776113755, 'qualifierId': 213, 'value': '5.06'}, {'id': 5776113751, 'qualifierId': 141, 'value': '74.6'}, {'id': 5776113749, 'qualifierId': 140, 'value': '64.8'}]",736jvvtkgwc3g1vooviaod33d,I. Rodriguez,,Kansas City Current,Home
2823528079,342,1,1,44,19,agxipc0vk4rtg09amjxv10nx0,1,64.0,70.7,2025-06-21T00:54:40.678Z,2025-06-21T00:54:44Z,"[{'id': 5776113843, 'qualifierId': 212, 'value': '16.3'}, {'id': 5776113845, 'qualifierId': 213, 'value': '5.51'}, {'id': 5776113839, 'qualifierId': 140, 'value': '75.1'}, {'id': 5776113841, 'qualifierId': 141, 'value': '53.9'}, {'id': 5776113837, 'qualifierId': 56, 'value': 'Center'}]",ccw8gtkcahxf21rutqldjvkve,T. Chawinga,,Kansas City Current,Home
2823528081,343,61,1,44,22,agxipc0vk4rtg09amjxv10nx0,0,75.3,53.9,2025-06-21T00:54:43.958Z,2025-06-27T21:34:48Z,"[{'id': 5776113859, 'qualifierId': 56, 'value': 'Center'}]",47iatvbptp6438v5qo359yw9h,Bia Zaneratto,,Kansas City Current,Home
2823528105,379,12,1,44,23,6hbfgdczbi3yg4sdpqgtu6s,1,22.2,62.0,2025-06-21T00:54:44.697Z,2025-06-21T00:54:49Z,"[{'id': 5776114047, 'qualifierId': 213, 'value': '1.20'}, {'id': 5776114039, 'qualifierId': 56, 'value': 'Back'}, {'id': 5776114041, 'qualifierId': 140, 'value': '30.2'}, {'id': 5776114043, 'qualifierId': 141, 'value': '93.5'}, {'id': 5776114045, 'qualifierId': 212, 'value': '23.0'}]",6opd7nuh51c7p6pn6w04yuntg,M. Reid,,Angel City,Away
2823528109,380,49,1,44,27,6hbfgdczbi3yg4sdpqgtu6s,1,30.3,95.3,2025-06-21T00:54:48.952Z,2025-06-21T00:54:49Z,[],dfeohozpw604y5jbu01u1dkkq,A. Thompson,,Angel City,Away
2823528137,381,1,1,44,29,6hbfgdczbi3yg4sdpqgtu6s,1,29.9,95.1,2025-06-21T00:54:51.001Z,2025-06-21T00:54:56Z,"[{'id': 5776114219, 'qualifierId': 213, 'value': '4.16'}, {'id': 5776114215, 'qualifierId': 141, 'value': '75.9'}, {'id': 5776114213, 'qualifierId': 140, 'value': '22.2'}, {'id': 5776114217, 'qualifierId': 212, 'value': '15.4'}, {'id': 5776114211, 'qualifierId': 56, 'value': 'Back'}]",dfeohozpw604y5jbu01u1dkkq,A. Thompson,,Angel City,Away
2823528145,344,27,1,44,34,agxipc0vk4rtg09amjxv10nx0,1,0.0,0.0,2025-06-21T00:54:55.256Z,2025-06-21T00:54:58Z,"[{'id': 5776114229, 'qualifierId': 53, 'value': '47iatvbptp6438v5qo359yw9h'}, {'id': 5776114227, 'qualifierId': 41, 'value': 'Injury'}, {'id': 5776114231, 'qualifierId': 233, 'value': '382'}]",,,,Kansas City Current,Home
2823528141,382,27,1,44,34,6hbfgdczbi3yg4sdpqgtu6s,1,0.0,0.0,2025-06-21T00:54:55.256Z,2025-06-21T00:54:58Z,"[{'id': 5776114247, 'qualifierId': 233, 'value': '344'}]",,,,Angel City,Away
2823528695,345,70,1,44,59,agxipc0vk4rtg09amjxv10nx0,1,0.0,0.0,2025-06-21T00:55:21.087Z,2025-06-21T00:57:12Z,"[{'id': 5776117445, 'qualifierId': 277, 'value': '5'}]",,,,Kansas City Current,Home
2823528759,346,28,1,47,1,agxipc0vk4rtg09amjxv10nx0,1,0.0,0.0,2025-06-21T00:57:23.013Z,2025-06-21T01:12:52Z,"[{'id': 5776117843, 'qualifierId': 55, 'value': '344'}, {'id': 5776137291, 'qualifierId': 233, 'value': '384'}]",,,,Kansas City Current,Home
2823528793,384,28,1,47,1,6hbfgdczbi3yg4sdpqgtu6s,1,0.0,0.0,2025-06-21T00:57:23.013Z,2025-06-21T01:12:53Z,"[{'id': 5776118021, 'qualifierId': 55, 'value': '382'}, {'id': 5776137299, 'qualifierId': 233, 'value': '346'}]",,,,Angel City,Away
2823528863,385,68,1,47,23,6hbfgdczbi3yg4sdpqgtu6s,1,25.5,82.7,2025-06-21T00:57:44.360Z,2025-06-21T00:57:44Z,[],,,,Angel City,Away
2823528865,347,68,1,47,23,agxipc0vk4rtg09amjxv10nx0,0,80.0,5.4,2025-06-21T00:57:44.517Z,2025-06-21T00:57:45Z,[],,,,Kansas City Current,Home
2823528871,386,1,1,47,24,6hbfgdczbi3yg4sdpqgtu6s,1,25.5,82.7,2025-06-21T00:57:45.622Z,2025-06-21T00:59:08Z,"[{'id': 5776118431, 'qualifierId': 212, 'value': '12.6'}, {'id': 5776118427, 'qualifierId': 140, 'value': '22.4'}, {'id': 5776118433, 'qualifierId': 213, 'value': '4.45'}, {'id': 5776118425, 'qualifierId': 56, 'value': 'Back'}, {'id': 5776118429, 'qualifierId': 141, 'value': '64.8'}]",1enu619pvakj78wtsfuilbj3e,M. A. Vignola,,Angel City,Away
2823528893,387,1,1,47,25,6hbfgdczbi3yg4sdpqgtu6s,1,22.4,64.8,2025-06-21T00:57:47.111Z,2025-06-21T00:57:50Z,"[{'id': 5776118517, 'qualifierId': 140, 'value': '21.7'}, {'id': 5776118523, 'qualifierId': 213, 'value': '4.67'}, {'id': 5776118521, 'qualifierId': 212, 'value': '18.4'}, {'id': 5776118515, 'qualifierId': 56, 'value': 'Back'}, {'id': 5776118519, 'qualifierId': 141, 'value': '37.7'}]",6bcvcloym3tzxss5hgsw4h1at,A. Kennedy,,Angel City,Away
2823528903,388,1,1,47,29,6hbfgdczbi3yg4sdpqgtu6s,1,21.7,37.7,2025-06-21T00:57:50.903Z,2025-06-21T00:57:53Z,"[{'id': 5776118577, 'qualifierId': 141, 'value': '7.4'}, {'id': 5776118579, 'qualifierId': 212, 'value': '21.7'}, {'id': 5776118575, 'qualifierId': 140, 'value': '28.3'}, {'id': 5776118573, 'qualifierId': 56, 'value': 'Back'}, {'id': 5776118581, 'qualifierId': 213, 'value': '5.04'}]",etdam0sfwiphiwykieovlsyy1,S. Gorden,,Angel City,Away
2823528909,389,1,1,47,32,6hbfgdczbi3yg4sdpqgtu6s,1,28.5,7.3,2025-06-21T00:57:53.335Z,2025-06-21T00:57:56Z,"[{'id': 5776118611, 'qualifierId': 56, 'value': 'Back'}, {'id': 5776118617, 'qualifierId': 212, 'value': '27.8'}, {'id': 5776118615, 'qualifierId': 141, 'value': '47.9'}, {'id': 5776118619, 'qualifierId': 213, 'value': '1.69'}, {'id': 5776118613, 'qualifierId': 140, 'value': '25.4'}]",89fa211ocgno2q0to22emh20a,G. Thompson,,Angel City,Away
2823528941,390,1,1,47,38,6hbfgdczbi3yg4sdpqgtu6s,1,30.8,48.5,2025-06-21T00:57:59.415Z,2025-06-21T00:58:05Z,"[{'id': 5776118785, 'qualifierId': 212, 'value': '20.0'}, {'id': 5776118783, 'qualifierId': 141, 'value': '77.9'}, {'id': 5776118779, 'qualifierId': 56, 'value': 'Back'}, {'id': 5776118787, 'qualifierId': 213, 'value': '1.55'}, {'id': 5776118781, 'qualifierId': 140, 'value': '31.2'}]",6bcvcloym3tzxss5hgsw4h1at,A. Kennedy,,Angel City,Away
2823528963,391,1,1,47,43,6hbfgdczbi3yg4sdpqgtu6s,1,30.6,75.9,2025-06-21T00:58:05.094Z,2025-06-21T00:58:10Z,"[{'id': 5776118917, 'qualifierId': 213, 'value': '4.63'}, {'id': 5776118913, 'qualifierId': 141, 'value': '58.4'}, {'id': 5776118915, 'qualifierId': 212, 'value': '11.9'}, {'id': 5776118911, 'qualifierId': 140, 'value': '29.7'}, {'id': 5776118909, 'qualifierId': 56, 'value': 'Back'}]",6opd7nuh51c7p6pn6w04yuntg,M. Reid,,Angel City,Away
2823528977,392,1,1,47,48,6hbfgdczbi3yg4sdpqgtu6s,1,31.1,58.4,2025-06-21T00:58:10.198Z,2025-06-21T00:58:12Z,"[{'id': 5776118977, 'qualifierId': 140, 'value': '59.2'}, {'id': 5776118983, 'qualifierId': 213, 'value': '0.52'}, {'id': 5776118985, 'qualifierId': 1}, {'id': 5776118979, 'qualifierId': 141, 'value': '83.5'}, {'id': 5776118975, 'qualifierId': 56, 'value': 'Left'}, {'id': 5776118981, 'qualifierId': 212, 'value': '34.1'}]",6bcvcloym3tzxss5hgsw4h1at,A. Kennedy,,Angel City,Away
2823528999,393,1,1,47,51,6hbfgdczbi3yg4sdpqgtu6s,1,62.2,84.1,2025-06-21T00:58:12.935Z,2025-06-21T00:58:18Z,"[{'id': 5776119083, 'qualifierId': 141, 'value': '95.9'}, {'id': 5776119085, 'qualifierId': 212, 'value': '11.6'}, {'id': 5776119087, 'qualifierId': 213, 'value': '0.76'}, {'id': 5776119079, 'qualifierId': 56, 'value': 'Left'}, {'id': 5776119081, 'qualifierId': 140, 'value': '70.2'}]",1enu619pvakj78wtsfuilbj3e,M. A. Vignola,,Angel City,Away
2823529019,394,1,1,47,56,6hbfgdczbi3yg4sdpqgtu6s,1,62.7,91.4,2025-06-21T00:58:18.006Z,2025-06-21T00:58:22Z,"[{'id': 5776119201, 'qualifierId': 213, 'value': '3.63'}, {'id': 5776119197, 'qualifierId': 141, 'value': '81.8'}, {'id': 5776119195, 'qualifierId': 140, 'value': '51.1'}, {'id': 5776119199, 'qualifierId': 212, 'value': '13.8'}, {'id': 5776119193, 'qualifierId': 56, 'value': 'Left'}]",dfeohozpw604y5jbu01u1dkkq,A. Thompson,,Angel City,Away
2823529031,395,1,1,48,0,6hbfgdczbi3yg4sdpqgtu6s,1,51.0,82.0,2025-06-21T00:58:22.039Z,2025-06-21T00:58:26Z,"[{'id': 5776119253, 'qualifierId': 141, 'value': '63.9'}, {'id': 5776119255, 'qualifierId': 212, 'value': '14.1'}, {'id': 5776119257, 'qualifierId': 213, 'value': '4.20'}, {'id': 5776119251, 'qualifierId': 140, 'value': '44.4'}, {'id': 5776119249, 'qualifierId': 56, 'value': 'Back'}]",6opd7nuh51c7p6pn6w04yuntg,M. Reid,,Angel City,Away
2823529035,396,1,1,48,4,6hbfgdczbi3yg4sdpqgtu6s,0,44.5,63.9,2025-06-21T00:58:26.103Z,2025-06-21T00:58:26Z,"[{'id': 5776119261, 'qualifierId': 155}, {'id': 5776119267, 'qualifierId': 141, 'value': '78.4'}, {'id': 5776119263, 'qualifierId': 56, 'value': 'Center'}, {'id': 5776119271, 'qualifierId': 213, 'value': '0.38'}, {'id': 5776119269, 'qualifierId': 212, 'value': '26.3'}, {'id': 5776119265, 'qualifierId': 140, 'value': '67.7'}]",6bcvcloym3tzxss5hgsw4h1at,A. Kennedy,,Angel City,Away
2823529037,348,1,1,48,5,agxipc0vk4rtg09amjxv10nx0,1,33.6,13.3,2025-06-21T00:58:26.605Z,2025-06-21T00:58:28Z,"[{'id': 5776119297, 'qualifierId': 141, 'value': '16.6'}, {'id': 5776119293, 'qualifierId': 56, 'value': 'Back'}, {'id': 5776119299, 'qualifierId': 212, 'value': '9.8'}, {'id': 5776119295, 'qualifierId': 140, 'value': '42.7'}, {'id': 5776119291, 'qualifierId': 3}, {'id': 5776119301, 'qualifierId': 213, 'value': '0.23'}]",9wvoeo39cgbelv8ddqin3aaga,H. Mace,,Kansas City Current,Home
2823529039,349,49,1,48,7,agxipc0vk4rtg09amjxv10nx0,1,41.4,22.9,2025-06-21T00:58:28.444Z,2025-06-21T00:58:28Z,[],e1irspfo9xupqz2sqvyq1zp0q,M. Cooper,,Kansas City Current,Home
2823529047,350,1,1,48,7,agxipc0vk4rtg09amjxv10nx0,1,41.4,22.9,2025-06-21T00:58:28.549Z,2025-06-21T00:58:31Z,"[{'id': 5776119353, 'qualifierId': 213, 'value': '2.36'}, {'id': 5776119347, 'qualifierId': 140, 'value': '35.4'}, {'id': 5776119349, 'qualifierId': 141, 'value': '32.1'}, {'id': 5776119351, 'qualifierId': 212, 'value': '8.9'}, {'id': 5776119345, 'qualifierId': 56, 'value': 'Back'}]",e1irspfo9xupqz2sqvyq1zp0q,M. Cooper,,Kansas City Current,Home
2823529057,351,1,1,48,10,agxipc0vk4rtg09amjxv10nx0,1,39.3,33.8,2025-06-21T00:58:31.636Z,2025-06-21T00:58:33Z,"[{'id': 5776119393, 'qualifierId': 213, 'value': '2.11'}, {'id': 5776119389, 'qualifierId': 141, 'value': '62.2'}, {'id': 5776119385, 'qualifierId': 56, 'value': 'Back'}, {'id': 5776119387, 'qualifierId': 140, 'value': '28.4'}, {'id': 5776119391, 'qualifierId': 212, 'value': '22.4'}]",dv8265k3za578hkzxxuttqmdx,V. DiBernardo,,Kansas City Current,Home
2823529063,352,1,1,48,12,agxipc0vk4rtg09amjxv10nx0,1,29.1,62.3,2025-06-21T00:58:33.876Z,2025-06-21T00:58:36Z,"[{'id': 5776119415, 'qualifierId': 140, 'value': '26.7'}, {'id': 5776119419, 'qualifierId': 212, 'value': '19.2'}, {'id': 5776119421, 'qualifierId': 213, 'value': '4.58'}, {'id': 5776119413, 'qualifierId': 56, 'value': 'Back'}, {'id': 5776119417, 'qualifierId': 141, 'value': '34.3'}]",cl1av4qyzjkq03akjof6tdf1m,K. Sharples,,Kansas City Current,Home
2823529105,353,1,1,48,14,agxipc0vk4rtg09amjxv10nx0,1,24.7,30.1,2025-06-21T00:58:36.140Z,2025-06-21T00:58:43Z,"[{'id': 5776119631, 'qualifierId': 141, 'value': '12.8'}, {'id': 5776119627, 'qualifierId': 56, 'value': 'Back'}, {'id': 5776119635, 'qualifierId': 213, 'value': '5.29'}, {'id': 5776119629, 'qualifierId': 140, 'value': '32.0'}, {'id': 5776119633, 'qualifierId': 212, 'value': '14.0'}]",48l2ildbeme2l336nor2hw6lm,E. Ball,,Kansas City Current,Home
2823529119,354,1,1,48,22,agxipc0vk4rtg09amjxv10nx0,1,38.1,13.6,2025-06-21T00:58:43.404Z,2025-06-21T00:58:46Z,"[{'id': 5776119717, 'qualifierId': 213, 'value': '0.71'}, {'id': 5776119713, 'qualifierId': 141, 'value': '43.4'}, {'id': 5776119715, 'qualifierId': 212, 'value': '31.1'}, {'id': 5776119709, 'qualifierId': 56, 'value': 'Center'}, {'id': 5776119711, 'qualifierId': 140, 'value': '60.6'}]",9wvoeo39cgbelv8ddqin3aaga,H. Mace,,Kansas City Current,Home
2823529131,355,1,1,48,24,agxipc0vk4rtg09amjxv10nx0,1,60.6,41.0,2025-06-21T00:58:46.228Z,2025-06-21T00:58:49Z,"[{'id': 5776119769, 'qualifierId': 140, 'value': '63.4'}, {'id': 5776119771, 'qualifierId': 141, 'value': '12.3'}, {'id': 5776119775, 'qualifierId': 213, 'value': '4.86'}, {'id': 5776119773, 'qualifierId': 212, 'value': '19.7'}, {'id': 5776119767, 'qualifierId': 56, 'value': 'Right'}]",47iatvbptp6438v5qo359yw9h,Bia Zaneratto,,Kansas City Current,Home
2823529137,356,1,1,48,28,agxipc0vk4rtg09amjxv10nx0,0,65.7,15.0,2025-06-21T00:58:49.732Z,2025-06-21T00:58:50Z,"[{'id': 5776119797, 'qualifierId': 140, 'value': '79.4'}, {'id': 5776119801, 'qualifierId': 212, 'value': '14.5'}, {'id': 5776119795, 'qualifierId': 56, 'value': 'Right'}, {'id': 5776119799, 'qualifierId': 141, 'value': '17.2'}, {'id': 5776119803, 'qualifierId': 213, 'value': '0.10'}]",dv8265k3za578hkzxxuttqmdx,V. DiBernardo,,Kansas City Current,Home
2823529139,397,49,1,48,29,6hbfgdczbi3yg4sdpqgtu6s,1,24.4,80.8,2025-06-21T00:58:51.015Z,2025-06-21T00:58:51Z,[],1enu619pvakj78wtsfuilbj3e,M. A. Vignola,,Angel City,Away
2823529155,398,1,1,48,30,6hbfgdczbi3yg4sdpqgtu6s,1,26.6,80.2,2025-06-21T00:58:51.927Z,2025-06-21T00:58:53Z,"[{'id': 5776119911, 'qualifierId': 141, 'value': '71.8'}, {'id': 5776119909, 'qualifierId': 140, 'value': '27.5'}, {'id': 5776119915, 'qualifierId': 213, 'value': '4.88'}, {'id': 5776119913, 'qualifierId': 212, 'value': '5.8'}, {'id': 5776119907, 'qualifierId': 56, 'value': 'Back'}]",1enu619pvakj78wtsfuilbj3e,M. A. Vignola,,Angel City,Away
2823529159,399,1,1,48,32,6hbfgdczbi3yg4sdpqgtu6s,1,26.6,72.1,2025-06-21T00:58:53.671Z,2025-06-21T00:58:56Z,"[{'id': 5776119943, 'qualifierId': 213, 'value': '3.04'}, {'id': 5776119939, 'qualifierId': 141, 'value': '74.2'}, {'id': 5776119935, 'qualifierId': 56, 'value': 'Back'}, {'id': 5776119941, 'qualifierId': 212, 'value': '14.2'}, {'id': 5776119937, 'qualifierId': 140, 'value': '13.1'}]",8f2og4ng2s6f8qeikft26h2qc,M. Hodge,,Angel City,Away
2823529165,400,1,1,48,35,6hbfgdczbi3yg4sdpqgtu6s,0,12.5,77.9,2025-06-21T00:58:56.750Z,2025-06-21T00:59:42Z,"[{'id': 5776119977, 'qualifierId': 141, 'value': '100.0'}, {'id': 5776119971, 'qualifierId': 155}, {'id': 5776119973, 'qualifierId': 56, 'value': 'Back'}, {'id': 5776119981, 'qualifierId': 213, 'value': '0.69'}, {'id': 5776119979, 'qualifierId': 212, 'value': '25.6'}, {'id': 5776119975, 'qualifierId': 140, 'value': '31.3'}]",6opd7nuh51c7p6pn6w04yuntg,M. Reid,,Angel City,Away
2823529195,357,5,1,48,36,agxipc0vk4rtg09amjxv10nx0,1,70.6,-2.0,2025-06-21T00:58:57.741Z,2025-06-21T01:12:56Z,"[{'id': 5776120159, 'qualifierId': 56, 'value': 'Right'}, {'id': 5776120161, 'qualifierId': 347}, {'id': 5776120163, 'qualifierId': 233, 'value': '401'}]",dv8265k3za578hkzxxuttqmdx,V. DiBernardo,,Kansas City Current,Home
2823529167,401,5,1,48,36,6hbfgdczbi3yg4sdpqgtu6s,0,29.4,102.0,2025-06-21T00:58:57.741Z,2025-06-21T01:12:56Z,"[{'id': 5776120169, 'qualifierId': 233, 'value': '357'}, {'id': 5776119983, 'qualifierId': 56, 'value': 'Back'}, {'id': 5776119985, 'qualifierId': 347}]",6opd7nuh51c7p6pn6w04yuntg,M. Reid,,Angel City,Away
2823529201,358,1,1,48,46,agxipc0vk4rtg09amjxv10nx0,0,70.2,0.0,2025-06-21T00:59:07.508Z,2025-06-21T00:59:09Z,"[{'id': 5776120197, 'qualifierId': 107}, {'id': 5776120201, 'qualifierId': 140, 'value': '71.2'}, {'id': 5776120207, 'qualifierId': 213, 'value': '1.45'}, {'id': 5776120205, 'qualifierId': 212, 'value': '9.0'}, {'id': 5776120203, 'qualifierId': 141, 'value': '11.1'}, {'id': 5776120199, 'qualifierId': 56, 'value': 'Right'}]",9wvoeo39cgbelv8ddqin3aaga,H. Mace,,Kansas City Current,Home
2823529217,402,1,1,48,49,6hbfgdczbi3yg4sdpqgtu6s,1,27.5,84.2,2025-06-21T00:59:11.062Z,2025-06-21T00:59:12Z,"[{'id': 5776120263, 'qualifierId': 3}, {'id': 5776120271, 'qualifierId': 212, 'value': '6.6'}, {'id': 5776120269, 'qualifierId': 141, 'value': '92.9'}, {'id': 5776120265, 'qualifierId': 56, 'value': 'Back'}, {'id': 5776120273, 'qualifierId': 213, 'value': '1.12'}, {'id': 5776120267, 'qualifierId': 140, 'value': '30.2'}]",8f2og4ng2s6f8qeikft26h2qc,M. Hodge,,Angel City,Away
2823529225,403,1,1,48,51,6hbfgdczbi3yg4sdpqgtu6s,0,30.2,92.9,2025-06-21T00:59:12.295Z,2025-06-21T00:59:36Z,"[{'id': 5776120317, 'qualifierId': 212, 'value': '6.8'}, {'id': 5776120319, 'qualifierId': 213, 'value': '5.32'}, {'id': 5776120315, 'qualifierId': 141, 'value': '84.7'}, {'id': 5776120313, 'qualifierId': 140, 'value': '33.9'}, {'id': 5776120309, 'qualifierId': 3}, {'id': 5776120311, 'qualifierId': 56, 'value': 'Back'}]",1enu619pvakj78wtsfuilbj3e,M. A. Vignola,,Angel City,Away
2823529227,404,43,1,48,51,6hbfgdczbi3yg4sdpqgtu6s,1,0.0,0.0,2025-06-21T00:59:13.180Z,2025-06-21T00:59:34Z,"[{'id': 5776120335, 'qualifierId': 213, 'value': '1.32'}, {'id': 5776120333, 'qualifierId': 212, 'value': '0.4'}, {'id': 5776120327, 'qualifierId': 56, 'value': 'Back'}, {'id': 5776120331, 'qualifierId': 141, 'value': '85.3'}, {'id': 5776120369, 'qualifierId': 286, 'value': '0'}, {'id': 5776120329, 'qualifierId': 140, 'value': '34.0'}, {'id': 5776120717, 'qualifierId': 144, 'value': '1'}, {'id': 5776120363, 'qualifierId': 236, 'value': '0'}, {'id': 5776120365, 'qualifierId': 233, 'value': '359'}]",dfeohozpw604y5jbu01u1dkkq,A. Thompson,,Angel City,Away
2823529223,359,61,1,48,51,agxipc0vk4rtg09amjxv10nx0,1,61.4,13.5,2025-06-21T00:59:13.181Z,2025-06-21T00:59:35Z,"[{'id': 5776120297, 'qualifierId': 56, 'value': 'Right'}]",6k82rq8synvac950ext5t0jpx,R. Rodríguez,,Kansas City Current,Home
2823529237,360,1,1,48,53,agxipc0vk4rtg09amjxv10nx0,1,60.5,10.8,2025-06-21T00:59:15.084Z,2025-06-21T00:59:16Z,"[{'id': 5776120397, 'qualifierId': 141, 'value': '7.6'}, {'id': 5776120401, 'qualifierId': 213, 'value': '5.79'}, {'id': 5776120393, 'qualifierId': 56, 'value': 'Right'}, {'id': 5776120399, 'qualifierId': 212, 'value': '4.6'}, {'id': 5776120395, 'qualifierId': 140, 'value': '64.4'}]",9wvoeo39cgbelv8ddqin3aaga,H. Mace,,Kansas City Current,Home
2823529255,361,1,1,48,55,agxipc0vk4rtg09amjxv10nx0,1,64.4,7.4,2025-06-21T00:59:16.373Z,2025-06-21T00:59:23Z,"[{'id': 5776120513, 'qualifierId': 213, 'value': '6.22'}, {'id': 5776120507, 'qualifierId': 140, 'value': '77.6'}, {'id': 5776120511, 'qualifierId': 212, 'value': '13.9'}, {'id': 5776120509, 'qualifierId': 141, 'value': '6.1'}, {'id': 5776120505, 'qualifierId': 56, 'value': 'Right'}]",6k82rq8synvac950ext5t0jpx,R. Rodríguez,,Kansas City Current,Home
2823529277,406,43,1,49,1,6hbfgdczbi3yg4sdpqgtu6s,1,0.0,0.0,2025-06-21T00:59:22.590Z,2025-06-27T21:40:13Z,"[{'id': 5776120627, 'qualifierId': 399, 'value': 'e1irspfo9xupqz2sqvyq1zp0q'}, {'id': 5781991685, 'qualifierId': 144, 'value': '83'}]",1enu619pvakj78wtsfuilbj3e,M. A. Vignola,,Angel City,Away
2823529263,362,3,1,49,1,agxipc0vk4rtg09amjxv10nx0,0,85.6,8.6,2025-06-21T00:59:23.204Z,2025-06-27T21:39:59Z,"[{'id': 5781991615, 'qualifierId': 465}, {'id': 5776120535, 'qualifierId': 286}, {'id': 5776120621, 'qualifierId': 233, 'value': '405'}, {'id': 5776120533, 'qualifierId': 56, 'value': 'Right'}]",e1irspfo9xupqz2sqvyq1zp0q,M. Cooper,,Kansas City Current,Home
2823529275,405,7,1,49,1,6hbfgdczbi3yg4sdpqgtu6s,1,14.4,91.4,2025-06-21T00:59:23.205Z,2025-06-27T21:39:53Z,"[{'id': 5776120603, 'qualifierId': 285}, {'id': 5781991589, 'qualifierId': 385}, {'id': 5776120629, 'qualifierId': 167}, {'id': 5781991591, 'qualifierId': 178}, {'id': 5776120615, 'qualifierId': 233, 'value': '362'}, {'id': 5776120601, 'qualifierId': 56, 'value': 'Back'}]",6opd7nuh51c7p6pn6w04yuntg,M. Reid,,Angel City,Away
2823529269,363,6,1,49,3,agxipc0vk4rtg09amjxv10nx0,1,94.6,12.2,2025-06-21T00:59:24.396Z,2025-06-21T01:01:10Z,"[{'id': 5776122785, 'qualifierId': 233, 'value': '407'}, {'id': 5776120609, 'qualifierId': 75}, {'id': 5776120607, 'qualifierId': 56, 'value': 'Right'}]",e1irspfo9xupqz2sqvyq1zp0q,M. Cooper,,Kansas City Current,Home
2823529293,407,6,1,49,3,6hbfgdczbi3yg4sdpqgtu6s,0,5.4,87.8,2025-06-21T00:59:24.396Z,2025-06-27T21:40:39Z,"[{'id': 5776122807, 'qualifierId': 233, 'value': '363'}, {'id': 5776121825, 'qualifierId': 73}, {'id': 5776120727, 'qualifierId': 56, 'value': 'Back'}]",6opd7nuh51c7p6pn6w04yuntg,M. Reid,,Angel City,Away
2823529319,364,1,1,49,31,agxipc0vk4rtg09amjxv10nx0,0,99.8,0.4,2025-06-21T00:59:52.572Z,2025-06-27T21:40:34Z,"[{'id': 5781991737, 'qualifierId': 223}, {'id': 5776120895, 'qualifierId': 155}, {'id': 5776120899, 'qualifierId': 56, 'value': 'Center'}, {'id': 5776120893, 'qualifierId': 6}, {'id': 5781991739, 'qualifierId': 72}, {'id': 5776120901, 'qualifierId': 140, 'value': '96.6'}, {'id': 5776120903, 'qualifierId': 141, 'value': '40.8'}, {'id': 5776120905, 'qualifierId': 212, 'value': '27.7'}, {'id': 5776120907, 'qualifierId': 213, 'value': '1.69'}, {'id': 5776120891, 'qualifierId': 2}]",736jvvtkgwc3g1vooviaod33d,I. Rodriguez,,Kansas City Current,Home
2823529323,408,61,1,49,34,6hbfgdczbi3yg4sdpqgtu6s,1,3.9,60.5,2025-06-21T00:59:55.334Z,2025-06-21T00:59:55Z,"[{'id': 5776120921, 'qualifierId': 56, 'value': 'Back'}]",89fa211ocgno2q0to22emh20a,G. Thompson,,Angel City,Away
2823529397,409,12,1,49,35,6hbfgdczbi3yg4sdpqgtu6s,1,11.2,69.7,2025-06-21T00:59:56.359Z,2025-06-21T01:00:09Z,"[{'id': 5776121359, 'qualifierId': 56, 'value': 'Back'}, {'id': 5776121361, 'qualifierId': 140, 'value': '46.0'}, {'id': 5776121367, 'qualifierId': 213, 'value': '5.62'}, {'id': 5776121365, 'qualifierId': 212, 'value': '46.5'}, {'id': 5776121363, 'qualifierId': 141, 'value': '27.3'}]",dfeohozpw604y5jbu01u1dkkq,A. Thompson,,Angel City,Away
2823529393,365,1,1,49,43,agxipc0vk4rtg09amjxv10nx0,1,55.7,82.3,2025-06-21T01:00:04.788Z,2025-06-21T01:00:08Z,"[{'id': 5776121343, 'qualifierId': 141, 'value': '24.2'}, {'id': 5776121349, 'qualifierId': 1}, {'id': 5776121345, 'qualifierId': 212, 'value': '51.7'}, {'id': 5776121347, 'qualifierId': 213, 'value': '5.41'}, {'id': 5776121337, 'qualifierId': 155}, {'id': 5776121339, 'qualifierId': 56, 'value': 'Center'}, {'id': 5776121341, 'qualifierId': 140, 'value': '87.5'}]",9wvoeo39cgbelv8ddqin3aaga,H. Mace,,Kansas City Current,Home
2823529395,366,61,1,49,47,agxipc0vk4rtg09amjxv10nx0,0,87.5,24.4,2025-06-21T01:00:08.909Z,2025-06-21T01:00:09Z,"[{'id': 5776121357, 'qualifierId': 56, 'value': 'Center'}]",e1irspfo9xupqz2sqvyq1zp0q,M. Cooper,,Kansas City Current,Home
2823529415,410,12,1,49,48,6hbfgdczbi3yg4sdpqgtu6s,1,12.3,60.0,2025-06-21T01:00:09.254Z,2025-06-21T01:00:16Z,"[{'id': 5776121503, 'qualifierId': 213, 'value': '0.49'}, {'id': 5776121497, 'qualifierId': 140, 'value': '30.3'}, {'id': 5776121499, 'qualifierId': 141, 'value': '74.7'}, {'id': 5776121495, 'qualifierId': 56, 'value': 'Back'}, {'id': 5776121501, 'qualifierId': 212, 'value': '21.4'}]",6opd7nuh51c7p6pn6w04yuntg,M. Reid,,Angel City,Away
2823530271,387,61,1,49,54,agxipc0vk4rtg09amjxv10nx0,0,61.7,27.6,2025-06-21T01:00:15.252Z,2025-06-21T01:03:33Z,"[{'id': 5776126481, 'qualifierId': 56, 'value': 'Center'}]",736jvvtkgwc3g1vooviaod33d,I. Rodriguez,,Kansas City Current,Home
2823529421,411,61,1,49,55,6hbfgdczbi3yg4sdpqgtu6s,0,29.6,74.5,2025-06-21T01:00:16.838Z,2025-06-21T01:00:17Z,"[{'id': 5776121511, 'qualifierId': 56, 'value': 'Back'}]",dfeohozpw604y5jbu01u1dkkq,A. Thompson,,Angel City,Away
2823529437,367,1,1,49,57,agxipc0vk4rtg09amjxv10nx0,1,73.9,13.8,2025-06-21T01:00:18.564Z,2025-06-21T01:00:19Z,"[{'id': 5776121575, 'qualifierId': 213, 'value': '1.63'}, {'id': 5776121573, 'qualifierId': 212, 'value': '9.6'}, {'id': 5776121567, 'qualifierId': 56, 'value': 'Center'}, {'id': 5776121571, 'qualifierId': 141, 'value': '27.9'}, {'id': 5776121569, 'qualifierId': 140, 'value': '73.4'}]",e1irspfo9xupqz2sqvyq1zp0q,M. Cooper,,Kansas City Current,Home
2823529443,368,1,1,49,58,agxipc0vk4rtg09amjxv10nx0,1,76.0,29.3,2025-06-21T01:00:19.780Z,2025-06-21T01:00:21Z,"[{'id': 5776121611, 'qualifierId': 140, 'value': '70.3'}, {'id': 5776121609, 'qualifierId': 56, 'value': 'Center'}, {'id': 5776121617, 'qualifierId': 213, 'value': '2.15'}, {'id': 5776121613, 'qualifierId': 141, 'value': '42.9'}, {'id': 5776121615, 'qualifierId': 212, 'value': '11.0'}]",47iatvbptp6438v5qo359yw9h,Bia Zaneratto,,Kansas City Current,Home
2823529455,369,1,1,49,59,agxipc0vk4rtg09amjxv10nx0,0,70.3,42.9,2025-06-21T01:00:21.029Z,2025-06-21T01:00:22Z,"[{'id': 5776121651, 'qualifierId': 56, 'value': 'Center'}, {'id': 5776121649, 'qualifierId': 155}, {'id': 5776121657, 'qualifierId': 212, 'value': '16.0'}, {'id': 5776121653, 'qualifierId': 140, 'value': '85.2'}, {'id': 5776121655, 'qualifierId': 141, 'value': '38.0'}, {'id': 5776121659, 'qualifierId': 213, 'value': '6.07'}]",6hyf258ii56nw917w0b4ekob8,C. Hutton,,Kansas City Current,Home
2823529467,412,12,1,50,2,6hbfgdczbi3yg4sdpqgtu6s,1,16.2,67.6,2025-06-21T01:00:23.510Z,2025-06-21T01:00:26Z,"[{'id': 5776121713, 'qualifierId': 140, 'value': '29.2'}, {'id': 5776121719, 'qualifierId': 213, 'value': '0.49'}, {'id': 5776121715, 'qualifierId': 141, 'value': '78.4'}, {'id': 5776121717, 'qualifierId': 212, 'value': '15.5'}, {'id': 5776121721, 'qualifierId': 15}, {'id': 5776121711, 'qualifierId': 56, 'value': 'Back'}]",3bx0w0ftkij1lqrt727gjd94a,M. Hammond,,Angel City,Away
2823529469,413,4,1,50,6,6hbfgdczbi3yg4sdpqgtu6s,1,26.6,79.7,2025-06-21T01:00:27.686Z,2025-06-21T01:00:42Z,"[{'id': 5776121985, 'qualifierId': 294}, {'id': 5776121739, 'qualifierId': 13}, {'id': 5776121761, 'qualifierId': 233, 'value': '370'}, {'id': 5776121741, 'qualifierId': 56, 'value': 'Back'}, {'id': 5776121743, 'qualifierId': 152}, {'id': 5776121747, 'qualifierId': 285}]",dfeohozpw604y5jbu01u1dkkq,A. Thompson,,Angel City,Away
2823529471,370,4,1,50,6,agxipc0vk4rtg09amjxv10nx0,0,73.4,20.3,2025-06-21T01:00:27.687Z,2025-06-21T01:00:43Z,"[{'id': 5776121755, 'qualifierId': 152}, {'id': 5776121753, 'qualifierId': 56, 'value': 'Right'}, {'id': 5776121757, 'qualifierId': 286}, {'id': 5776121749, 'qualifierId': 13}, {'id': 5776121765, 'qualifierId': 233, 'value': '413'}, {'id': 5776121751, 'qualifierId': 294}]",e1irspfo9xupqz2sqvyq1zp0q,M. Cooper,,Kansas City Current,Home
2823529517,414,43,1,50,28,6hbfgdczbi3yg4sdpqgtu6s,1,0.0,0.0,2025-06-21T01:00:49.574Z,2025-06-21T01:03:36Z,"[{'id': 5776122127, 'qualifierId': 141, 'value': '87.7'}, {'id': 5776122119, 'qualifierId': 5, 'value': '0'}, {'id': 5776122129, 'qualifierId': 212, 'value': '11.2'}, {'id': 5776122125, 'qualifierId': 140, 'value': '30.4'}, {'id': 5776122123, 'qualifierId': 56, 'value': 'Back'}, {'id': 5776122121, 'qualifierId': 152, 'value': '0'}, {'id': 5776122131, 'qualifierId': 213, 'value': '0.89'}, {'id': 5776126569, 'qualifierId': 144, 'value': '1'}]",6bcvcloym3tzxss5hgsw4h1at,A. Kennedy,,Angel City,Away
2823529523,415,1,1,50,28,6hbfgdczbi3yg4sdpqgtu6s,1,30.4,87.7,2025-06-21T01:00:50.134Z,2025-06-21T01:03:41Z,"[{'id': 5776122161, 'qualifierId': 56, 'value': 'Back'}, {'id': 5776122167, 'qualifierId': 212, 'value': '9.8'}, {'id': 5776126639, 'qualifierId': 152}, {'id': 5776126637, 'qualifierId': 5}, {'id': 5776122165, 'qualifierId': 141, 'value': '75.4'}, {'id': 5776122169, 'qualifierId': 213, 'value': '4.17'}, {'id': 5776122163, 'qualifierId': 140, 'value': '25.6'}]",6opd7nuh51c7p6pn6w04yuntg,M. Reid,,Angel City,Away
2823529561,416,1,1,50,32,6hbfgdczbi3yg4sdpqgtu6s,1,25.9,83.5,2025-06-21T01:00:53.590Z,2025-06-21T01:00:57Z,"[{'id': 5776122347, 'qualifierId': 212, 'value': '27.7'}, {'id': 5776122349, 'qualifierId': 213, 'value': '0.27'}, {'id': 5776122345, 'qualifierId': 141, 'value': '94.2'}, {'id': 5776122343, 'qualifierId': 140, 'value': '51.4'}, {'id': 5776122341, 'qualifierId': 56, 'value': 'Left'}, {'id': 5776122339, 'qualifierId': 155}]",6bcvcloym3tzxss5hgsw4h1at,A. Kennedy,,Angel City,Away
2823529565,417,44,1,50,36,6hbfgdczbi3yg4sdpqgtu6s,1,54.0,86.7,2025-06-21T01:00:57.318Z,2025-06-21T02:23:17Z,"[{'id': 5776122359, 'qualifierId': 56, 'value': 'Left'}, {'id': 5776122361, 'qualifierId': 286}, {'id': 5776122385, 'qualifierId': 233, 'value': '371'}]",dfeohozpw604y5jbu01u1dkkq,A. Thompson,,Angel City,Away
2823529573,371,44,1,50,36,agxipc0vk4rtg09amjxv10nx0,0,46.0,13.3,2025-06-21T01:00:57.319Z,2025-06-21T02:23:17Z,"[{'id': 5776122383, 'qualifierId': 285}, {'id': 5776122389, 'qualifierId': 233, 'value': '417'}, {'id': 5776122381, 'qualifierId': 56, 'value': 'Back'}]",9wvoeo39cgbelv8ddqin3aaga,H. Mace,,Kansas City Current,Home
2823529571,418,1,1,50,36,6hbfgdczbi3yg4sdpqgtu6s,0,51.4,94.2,2025-06-21T01:00:57.431Z,2025-06-21T01:00:58Z,"[{'id': 5776122377, 'qualifierId': 212, 'value': '13.4'}, {'id': 5776122373, 'qualifierId': 140, 'value': '63.9'}, {'id': 5776122379, 'qualifierId': 213, 'value': '6.07'}, {'id': 5776122375, 'qualifierId': 141, 'value': '90.0'}, {'id': 5776122369, 'qualifierId': 168}, {'id': 5776122371, 'qualifierId': 56, 'value': 'Left'}, {'id': 5776122367, 'qualifierId': 3}]",dfeohozpw604y5jbu01u1dkkq,A. Thompson,,Angel City,Away
2823529579,372,49,1,50,38,agxipc0vk4rtg09amjxv10nx0,1,38.1,13.6,2025-06-21T01:01:00.091Z,2025-06-21T01:01:00Z,[],48l2ildbeme2l336nor2hw6lm,E. Ball,,Kansas City Current,Home
2823529625,373,1,1,50,39,agxipc0vk4rtg09amjxv10nx0,1,38.2,10.9,2025-06-21T01:01:00.411Z,2025-06-21T01:01:06Z,"[{'id': 5776122677, 'qualifierId': 140, 'value': '29.6'}, {'id': 5776122683, 'qualifierId': 213, 'value': '1.96'}, {'id': 5776122681, 'qualifierId': 212, 'value': '23.9'}, {'id': 5776122679, 'qualifierId': 141, 'value': '43.4'}, {'id': 5776122675, 'qualifierId': 56, 'value': 'Back'}]",48l2ildbeme2l336nor2hw6lm,E. Ball,,Kansas City Current,Home
2823529639,374,1,1,50,46,agxipc0vk4rtg09amjxv10nx0,1,28.3,40.5,2025-06-21T01:01:07.923Z,2025-06-21T01:01:09Z,"[{'id': 5776122767, 'qualifierId': 140, 'value': '31.2'}, {'id': 5776122773, 'qualifierId': 213, 'value': '4.97'}, {'id': 5776122765, 'qualifierId': 56, 'value': 'Back'}, {'id': 5776122771, 'qualifierId': 212, 'value': '11.8'}, {'id': 5776122769, 'qualifierId': 141, 'value': '23.7'}]",cl1av4qyzjkq03akjof6tdf1m,K. Sharples,,Kansas City Current,Home
2823529667,375,1,1,50,48,agxipc0vk4rtg09amjxv10nx0,1,31.2,23.7,2025-06-21T01:01:09.811Z,2025-06-21T01:01:13Z,"[{'id': 5776122915, 'qualifierId': 212, 'value': '28.8'}, {'id': 5776122913, 'qualifierId': 141, 'value': '5.2'}, {'id': 5776122917, 'qualifierId': 213, 'value': '5.83'}, {'id': 5776122909, 'qualifierId': 56, 'value': 'Right'}, {'id': 5776122911, 'qualifierId': 140, 'value': '55.9'}]",48l2ildbeme2l336nor2hw6lm,E. Ball,,Kansas City Current,Home
2823529689,376,1,1,50,52,agxipc0vk4rtg09amjxv10nx0,0,62.3,5.7,2025-06-21T01:01:13.868Z,2025-06-21T01:01:17Z,"[{'id': 5776123017, 'qualifierId': 213, 'value': '6.27'}, {'id': 5776123019, 'qualifierId': 1}, {'id': 5776123015, 'qualifierId': 212, 'value': '41.2'}, {'id': 5776123013, 'qualifierId': 141, 'value': '4.7'}, {'id': 5776123011, 'qualifierId': 140, 'value': '100.0'}, {'id': 5776123009, 'qualifierId': 56, 'value': 'Right'}]",9wvoeo39cgbelv8ddqin3aaga,H. Mace,,Kansas City Current,Home
2823529841,377,5,1,50,55,agxipc0vk4rtg09amjxv10nx0,0,101.4,4.6,2025-06-21T01:01:16.982Z,2025-06-21T01:12:57Z,"[{'id': 5776123947, 'qualifierId': 56, 'value': 'Right'}, {'id': 5776123957, 'qualifierId': 233, 'value': '419'}, {'id': 5776123949, 'qualifierId': 346}]",9wvoeo39cgbelv8ddqin3aaga,H. Mace,,Kansas City Current,Home
2823529695,419,5,1,50,55,6hbfgdczbi3yg4sdpqgtu6s,1,-1.4,95.4,2025-06-21T01:01:16.982Z,2025-06-21T01:01:56Z,"[{'id': 5776123049, 'qualifierId': 346}, {'id': 5776123951, 'qualifierId': 233, 'value': '377'}, {'id': 5776123047, 'qualifierId': 56, 'value': 'Back'}]",dfeohozpw604y5jbu01u1dkkq,A. Thompson,,Angel City,Away
2823529817,420,1,1,51,24,6hbfgdczbi3yg4sdpqgtu6s,1,5.0,63.0,2025-06-21T01:01:46.150Z,2025-06-21T01:01:51Z,"[{'id': 5776123805, 'qualifierId': 141, 'value': '96.3'}, {'id': 5776123811, 'qualifierId': 1}, {'id': 5776123809, 'qualifierId': 213, 'value': '0.42'}, {'id': 5776123803, 'qualifierId': 140, 'value': '52.9'}, {'id': 5776123807, 'qualifierId': 212, 'value': '55.2'}, {'id': 5776123799, 'qualifierId': 124}, {'id': 5776123815, 'qualifierId': 74}, {'id': 5776123801, 'qualifierId': 56, 'value': 'Left'}]",lg9muzm3sbiijicsik53m3je,A. Anderson,,Angel City,Away
2823529825,421,1,1,51,30,6hbfgdczbi3yg4sdpqgtu6s,1,52.9,96.3,2025-06-21T01:01:51.510Z,2025-06-21T01:01:52Z,"[{'id': 5776123853, 'qualifierId': 3}, {'id': 5776123859, 'qualifierId': 140, 'value': '55.9'}, {'id': 5776123861, 'qualifierId': 141, 'value': '94.7'}, {'id': 5776123855, 'qualifierId': 168}, {'id': 5776123863, 'qualifierId': 212, 'value': '3.3'}, {'id': 5776123857, 'qualifierId': 56, 'value': 'Left'}, {'id': 5776123865, 'qualifierId': 213, 'value': '5.95'}]",dfeohozpw604y5jbu01u1dkkq,A. Thompson,,Angel City,Away
2823529829,422,1,1,51,31,6hbfgdczbi3yg4sdpqgtu6s,0,57.4,95.1,2025-06-21T01:01:52.693Z,2025-06-21T01:01:53Z,"[{'id': 5776123879, 'qualifierId': 213, 'value': '3.11'}, {'id': 5776123875, 'qualifierId': 141, 'value': '95.4'}, {'id': 5776123873, 'qualifierId': 140, 'value': '50.9'}, {'id': 5776123871, 'qualifierId': 56, 'value': 'Left'}, {'id': 5776123877, 'qualifierId': 212, 'value': '6.8'}]",bngif4yqa0asu77nptsb06n10,R. Tiernan,,Angel City,Away
2823529843,378,61,1,51,32,agxipc0vk4rtg09amjxv10nx0,0,51.8,5.9,2025-06-21T01:01:53.283Z,2025-06-27T21:43:03Z,"[{'id': 5776123955, 'qualifierId': 56, 'value': 'Right'}]",cl1av4qyzjkq03akjof6tdf1m,K. Sharples,,Kansas City Current,Home
2823529853,423,12,1,51,33,6hbfgdczbi3yg4sdpqgtu6s,1,44.1,97.2,2025-06-21T01:01:54.870Z,2025-06-27T21:43:27Z,"[{'id': 5776124007, 'qualifierId': 140, 'value': '65.6'}, {'id': 5776124013, 'qualifierId': 213, 'value': '0.13'}, {'id': 5781992257, 'qualifierId': 167}, {'id': 5776124011, 'qualifierId': 212, 'value': '22.8'}, {'id': 5776124005, 'qualifierId': 56, 'value': 'Left'}, {'id': 5776124009, 'qualifierId': 141, 'value': '100.0'}]",dfeohozpw604y5jbu01u1dkkq,A. Thompson,,Angel City,Away
2823529849,379,5,1,51,35,agxipc0vk4rtg09amjxv10nx0,1,37.4,-1.8,2025-06-21T01:01:56.423Z,2025-06-21T01:12:57Z,"[{'id': 5776124167, 'qualifierId': 233, 'value': '424'}, {'id': 5776123983, 'qualifierId': 56, 'value': 'Back'}, {'id': 5776123985, 'qualifierId': 347}]",cl1av4qyzjkq03akjof6tdf1m,K. Sharples,,Kansas City Current,Home
2823529859,424,5,1,51,35,6hbfgdczbi3yg4sdpqgtu6s,0,62.6,101.8,2025-06-21T01:01:56.423Z,2025-06-21T01:12:57Z,"[{'id': 5776124171, 'qualifierId': 233, 'value': '379'}, {'id': 5776124031, 'qualifierId': 56, 'value': 'Left'}, {'id': 5776124033, 'qualifierId': 347}]",dfeohozpw604y5jbu01u1dkkq,A. Thompson,,Angel City,Away
2823529951,380,1,1,51,52,agxipc0vk4rtg09amjxv10nx0,0,34.5,0.0,2025-06-21T01:02:13.643Z,2025-06-21T01:02:15Z,"[{'id': 5776124507, 'qualifierId': 107}, {'id': 5776124513, 'qualifierId': 141, 'value': '10.4'}, {'id': 5776124515, 'qualifierId': 212, 'value': '11.8'}, {'id': 5776124517, 'qualifierId': 213, 'value': '0.80'}, {'id': 5776124509, 'qualifierId': 56, 'value': 'Back'}, {'id': 5776124511, 'qualifierId': 140, 'value': '42.3'}]",9wvoeo39cgbelv8ddqin3aaga,H. Mace,,Kansas City Current,Home
2823529963,425,1,1,51,55,6hbfgdczbi3yg4sdpqgtu6s,0,43.7,90.6,2025-06-21T01:02:16.813Z,2025-06-21T01:02:19Z,"[{'id': 5776124587, 'qualifierId': 141, 'value': '76.1'}, {'id': 5776124591, 'qualifierId': 213, 'value': '5.65'}, {'id': 5776124589, 'qualifierId': 212, 'value': '16.8'}, {'id': 5776124585, 'qualifierId': 140, 'value': '56.6'}, {'id': 5776124583, 'qualifierId': 56, 'value': 'Center'}]",6bcvcloym3tzxss5hgsw4h1at,A. Kennedy,,Angel City,Away
2823529995,381,1,1,51,58,agxipc0vk4rtg09amjxv10nx0,1,40.4,23.9,2025-06-21T01:02:19.396Z,2025-06-21T01:02:25Z,"[{'id': 5776124757, 'qualifierId': 141, 'value': '66.9'}, {'id': 5776124753, 'qualifierId': 56, 'value': 'Center'}, {'id': 5776124759, 'qualifierId': 212, 'value': '44.9'}, {'id': 5776124761, 'qualifierId': 213, 'value': '0.71'}, {'id': 5776124755, 'qualifierId': 140, 'value': '72.9'}, {'id': 5776124763, 'qualifierId': 1}, {'id': 5776124751, 'qualifierId': 157}]",dv8265k3za578hkzxxuttqmdx,V. DiBernardo,,Kansas City Current,Home
2823530007,427,83,1,52,3,6hbfgdczbi3yg4sdpqgtu6s,0,21.3,37.3,2025-06-21T01:02:25.103Z,2025-06-21T01:02:31Z,"[{'id': 5776124977, 'qualifierId': 399, 'value': 'ccw8gtkcahxf21rutqldjvkve'}]",89fa211ocgno2q0to22emh20a,G. Thompson,,Angel City,Away
2823529997,382,3,1,52,4,agxipc0vk4rtg09amjxv10nx0,0,80.4,61.3,2025-06-21T01:02:25.458Z,2025-06-27T21:44:09Z,"[{'id': 5776124767, 'qualifierId': 56, 'value': 'Center'}, {'id': 5776124821, 'qualifierId': 233, 'value': '426'}, {'id': 5776124769, 'qualifierId': 286}, {'id': 5781992489, 'qualifierId': 465}]",ccw8gtkcahxf21rutqldjvkve,T. Chawinga,,Kansas City Current,Home
2823530003,426,7,1,52,4,6hbfgdczbi3yg4sdpqgtu6s,1,19.6,38.7,2025-06-21T01:02:25.459Z,2025-06-27T21:44:02Z,"[{'id': 5776124787, 'qualifierId': 56, 'value': 'Back'}, {'id': 5776124789, 'qualifierId': 285}, {'id': 5776125139, 'qualifierId': 167}, {'id': 5781992451, 'qualifierId': 178}, {'id': 5781992449, 'qualifierId': 384}, {'id': 5776124809, 'qualifierId': 233, 'value': '382'}]",89fa211ocgno2q0to22emh20a,G. Thompson,,Angel City,Away
2823530035,383,1,1,52,7,agxipc0vk4rtg09amjxv10nx0,1,74.0,54.3,2025-06-21T01:02:28.467Z,2025-06-21T01:02:31Z,"[{'id': 5776124967, 'qualifierId': 140, 'value': '83.8'}, {'id': 5776124973, 'qualifierId': 213, 'value': '0.82'}, {'id': 5776124971, 'qualifierId': 212, 'value': '15.1'}, {'id': 5776124965, 'qualifierId': 56, 'value': 'Center'}, {'id': 5776124969, 'qualifierId': 141, 'value': '70.6'}]",dv8265k3za578hkzxxuttqmdx,V. DiBernardo,,Kansas City Current,Home
2823530061,384,1,1,52,11,agxipc0vk4rtg09amjxv10nx0,0,86.0,69.1,2025-06-21T01:02:32.947Z,2025-06-27T21:44:22Z,"[{'id': 5781992509, 'qualifierId': 155}, {'id': 5776125125, 'qualifierId': 56, 'value': 'Center'}, {'id': 5776125129, 'qualifierId': 141, 'value': '36.4'}, {'id': 5776125133, 'qualifierId': 213, 'value': '5.35'}, {'id': 5776125127, 'qualifierId': 140, 'value': '100.0'}, {'id': 5776125131, 'qualifierId': 212, 'value': '27.6'}]",736jvvtkgwc3g1vooviaod33d,I. Rodriguez,,Kansas City Current,Home
2823530163,385,5,1,52,12,agxipc0vk4rtg09amjxv10nx0,0,101.2,37.3,2025-06-21T01:02:33.611Z,2025-06-21T01:12:58Z,"[{'id': 5776125853, 'qualifierId': 56, 'value': 'Center'}, {'id': 5776125855, 'qualifierId': 346}, {'id': 5776125863, 'qualifierId': 233, 'value': '428'}]",736jvvtkgwc3g1vooviaod33d,I. Rodriguez,,Kansas City Current,Home
2823530141,428,5,1,52,12,6hbfgdczbi3yg4sdpqgtu6s,1,-1.2,62.7,2025-06-21T01:02:33.611Z,2025-06-21T01:12:57Z,"[{'id': 5776125857, 'qualifierId': 233, 'value': '385'}, {'id': 5776125669, 'qualifierId': 346}, {'id': 5776125667, 'qualifierId': 56, 'value': 'Back'}]",89fa211ocgno2q0to22emh20a,G. Thompson,,Angel City,Away
2823530143,429,1,1,52,43,6hbfgdczbi3yg4sdpqgtu6s,1,5.0,63.0,2025-06-21T01:03:04.901Z,2025-06-21T01:03:08Z,"[{'id': 5776125719, 'qualifierId': 124}, {'id': 5776125727, 'qualifierId': 212, 'value': '42.2'}, {'id': 5776125725, 'qualifierId': 141, 'value': '73.2'}, {'id': 5776125729, 'qualifierId': 213, 'value': '0.17'}, {'id': 5776125735, 'qualifierId': 74}, {'id': 5776125723, 'qualifierId': 140, 'value': '44.6'}, {'id': 5776125721, 'qualifierId': 56, 'value': 'Back'}, {'id': 5776125731, 'qualifierId': 1}]",lg9muzm3sbiijicsik53m3je,A. Anderson,,Angel City,Away
2823530147,430,44,1,52,43,6hbfgdczbi3yg4sdpqgtu6s,1,44.8,71.0,2025-06-21T01:03:05.251Z,2025-06-21T02:23:18Z,"[{'id': 5776125751, 'qualifierId': 56, 'value': 'Back'}, {'id': 5776127883, 'qualifierId': 233, 'value': '388'}, {'id': 5776125753, 'qualifierId': 285}]",8f2og4ng2s6f8qeikft26h2qc,M. Hodge,,Angel City,Away
2823530533,388,44,1,52,44,agxipc0vk4rtg09amjxv10nx0,0,55.2,29.0,2025-06-21T01:03:05.252Z,2025-06-21T02:23:18Z,"[{'id': 5776127887, 'qualifierId': 233, 'value': '430'}, {'id': 5776127881, 'qualifierId': 286}, {'id': 5776127879, 'qualifierId': 56, 'value': 'Center'}]",dv8265k3za578hkzxxuttqmdx,V. DiBernardo,,Kansas City Current,Home
2823530151,431,1,1,52,47,6hbfgdczbi3yg4sdpqgtu6s,0,44.6,73.2,2025-06-21T01:03:09.174Z,2025-06-21T01:03:10Z,"[{'id': 5776125783, 'qualifierId': 212, 'value': '6.8'}, {'id': 5776125777, 'qualifierId': 56, 'value': 'Back'}, {'id': 5776125785, 'qualifierId': 213, 'value': '5.01'}, {'id': 5776125779, 'qualifierId': 140, 'value': '46.5'}, {'id': 5776125775, 'qualifierId': 3}, {'id': 5776125781, 'qualifierId': 141, 'value': '63.6'}]",8f2og4ng2s6f8qeikft26h2qc,M. Hodge,,Angel City,Away
2823530165,386,30,1,52,48,agxipc0vk4rtg09amjxv10nx0,1,0.0,0.0,2025-06-21T01:03:09.453Z,2025-06-21T01:03:17Z,"[{'id': 5776125861, 'qualifierId': 57, 'value': '0'}]",,,,Kansas City Current,Home
2823530167,432,30,1,52,48,6hbfgdczbi3yg4sdpqgtu6s,1,0.0,0.0,2025-06-21T01:03:09.453Z,2025-06-21T01:03:17Z,"[{'id': 5776125867, 'qualifierId': 57, 'value': '0'}]",,,,Angel City,Away
2823533881,445,18,2,45,0,6hbfgdczbi3yg4sdpqgtu6s,1,0.0,0.0,2025-06-21T01:18:24.137Z,2025-06-21T01:19:10Z,"[{'id': 5776147015, 'qualifierId': 59, 'value': '16'}, {'id': 5776147013, 'qualifierId': 44, 'value': 'Defender'}, {'id': 5776147011, 'qualifierId': 42}, {'id': 5776147041, 'qualifierId': 55, 'value': '446'}]",1enu619pvakj78wtsfuilbj3e,M. A. Vignola,,Angel City,Away
2823533883,446,19,2,45,0,6hbfgdczbi3yg4sdpqgtu6s,1,0.0,0.0,2025-06-21T01:18:24.138Z,2025-06-21T01:25:54Z,"[{'id': 5776156695, 'qualifierId': 293, 'value': '1'}, {'id': 5776147035, 'qualifierId': 44, 'value': 'Defender'}, {'id': 5776156693, 'qualifierId': 292, 'value': '3'}, {'id': 5776147033, 'qualifierId': 59, 'value': '29'}, {'id': 5776147027, 'qualifierId': 42}, {'id': 5776147037, 'qualifierId': 55, 'value': '445'}, {'id': 5776147031, 'qualifierId': 145, 'value': '3'}]",9b94qn8vkpl0e7ujskes2m7d,M. Moriya,,Angel City,Away
2823533761,393,32,2,45,0,agxipc0vk4rtg09amjxv10nx0,1,0.0,0.0,2025-06-21T01:18:34.137Z,2025-06-27T14:12:45Z,"[{'id': 5776146293, 'qualifierId': 127, 'value': 'Left to Right'}]",,,,Kansas City Current,Home
2823533743,435,32,2,45,0,6hbfgdczbi3yg4sdpqgtu6s,1,0.0,0.0,2025-06-21T01:18:34.137Z,2025-06-21T01:18:34Z,"[{'id': 5776146183, 'qualifierId': 127, 'value': 'Right to Left'}]",,,,Angel City,Away
2823533769,394,1,2,45,0,agxipc0vk4rtg09amjxv10nx0,1,49.9,49.7,2025-06-21T01:18:34.138Z,2025-06-21T01:18:38Z,"[{'id': 5776146339, 'qualifierId': 213, 'value': '2.96'}, {'id': 5776146335, 'qualifierId': 141, 'value': '55.6'}, {'id': 5776146333, 'qualifierId': 140, 'value': '29.0'}, {'id': 5776146341, 'qualifierId': 279, 'value': 'S'}, {'id': 5776146331, 'qualifierId': 56, 'value': 'Back'}, {'id': 5776146337, 'qualifierId': 212, 'value': '22.3'}]",47iatvbptp6438v5qo359yw9h,Bia Zaneratto,,Kansas City Current,Home
2823533779,395,1,2,45,4,agxipc0vk4rtg09amjxv10nx0,1,29.1,55.6,2025-06-21T01:18:38.566Z,2025-06-21T01:18:41Z,"[{'id': 5776146421, 'qualifierId': 140, 'value': '30.0'}, {'id': 5776146425, 'qualifierId': 212, 'value': '13.8'}, {'id': 5776146423, 'qualifierId': 141, 'value': '75.8'}, {'id': 5776146419, 'qualifierId': 56, 'value': 'Back'}, {'id': 5776146427, 'qualifierId': 213, 'value': '1.50'}]",cl1av4qyzjkq03akjof6tdf1m,K. Sharples,,Kansas City Current,Home
2823533787,396,1,2,45,6,agxipc0vk4rtg09amjxv10nx0,0,30.8,81.3,2025-06-21T01:18:41.085Z,2025-06-21T01:22:26Z,"[{'id': 5776146477, 'qualifierId': 1}, {'id': 5776146473, 'qualifierId': 212, 'value': '43.1'}, {'id': 5776146475, 'qualifierId': 213, 'value': '0.10'}, {'id': 5776146469, 'qualifierId': 140, 'value': '71.6'}, {'id': 5776146471, 'qualifierId': 141, 'value': '87.9'}, {'id': 5776146467, 'qualifierId': 56, 'value': 'Left'}, {'id': 5776151879, 'qualifierId': 157}]",736jvvtkgwc3g1vooviaod33d,I. Rodriguez,,Kansas City Current,Home
2823533791,436,1,2,45,11,6hbfgdczbi3yg4sdpqgtu6s,0,22.8,16.8,2025-06-21T01:18:45.153Z,2025-06-21T01:21:51Z,"[{'id': 5776146517, 'qualifierId': 212, 'value': '23.4'}, {'id': 5776146515, 'qualifierId': 141, 'value': '6.1'}, {'id': 5776146519, 'qualifierId': 213, 'value': '5.97'}, {'id': 5776146513, 'qualifierId': 140, 'value': '44.0'}, {'id': 5776146511, 'qualifierId': 56, 'value': 'Back'}, {'id': 5776146509, 'qualifierId': 3}]",etdam0sfwiphiwykieovlsyy1,S. Gorden,,Angel City,Away
2823533799,397,1,2,45,14,agxipc0vk4rtg09amjxv10nx0,0,60.5,87.9,2025-06-21T01:18:48.310Z,2025-06-21T01:22:44Z,"[{'id': 5776152087, 'qualifierId': 1}, {'id': 5776146581, 'qualifierId': 56, 'value': 'Left'}, {'id': 5776152085, 'qualifierId': 157}, {'id': 5776146583, 'qualifierId': 140, 'value': '71.3'}, {'id': 5776146585, 'qualifierId': 141, 'value': '80.5'}, {'id': 5776146589, 'qualifierId': 213, 'value': '5.87'}, {'id': 5776146587, 'qualifierId': 212, 'value': '12.4'}]",dv8265k3za578hkzxxuttqmdx,V. DiBernardo,,Kansas City Current,Home
2823533797,437,1,2,45,15,6hbfgdczbi3yg4sdpqgtu6s,1,19.5,28.0,2025-06-21T01:18:49.152Z,2025-06-21T01:28:32Z,"[{'id': 5776146571, 'qualifierId': 141, 'value': '5.9'}, {'id': 5776146569, 'qualifierId': 140, 'value': '22.8'}, {'id': 5776146565, 'qualifierId': 3}, {'id': 5776146575, 'qualifierId': 213, 'value': '4.94'}, {'id': 5776146573, 'qualifierId': 212, 'value': '15.4'}, {'id': 5776146567, 'qualifierId': 56, 'value': 'Back'}]",6bcvcloym3tzxss5hgsw4h1at,A. Kennedy,,Angel City,Away
2823533801,438,49,2,45,16,6hbfgdczbi3yg4sdpqgtu6s,1,22.8,5.9,2025-06-21T01:18:50.489Z,2025-06-27T14:41:13Z,[],89fa211ocgno2q0to22emh20a,G. Thompson,,Angel City,Away
2823533805,439,1,2,45,17,6hbfgdczbi3yg4sdpqgtu6s,1,22.8,5.9,2025-06-21T01:18:52.081Z,2025-06-27T14:53:44Z,"[{'id': 5776146611, 'qualifierId': 56, 'value': 'Back'}, {'id': 5776146617, 'qualifierId': 212, 'value': '20.4'}, {'id': 5781693295, 'qualifierId': 155}, {'id': 5776146613, 'qualifierId': 140, 'value': '41.9'}, {'id': 5776146619, 'qualifierId': 213, 'value': '0.18'}, {'id': 5776146615, 'qualifierId': 141, 'value': '11.4'}]",89fa211ocgno2q0to22emh20a,G. Thompson,,Angel City,Away
2823533809,440,1,2,45,20,6hbfgdczbi3yg4sdpqgtu6s,0,39.8,11.1,2025-06-21T01:18:54.432Z,2025-06-21T01:18:56Z,"[{'id': 5776146643, 'qualifierId': 140, 'value': '34.4'}, {'id': 5776146649, 'qualifierId': 213, 'value': '3.90'}, {'id': 5776146645, 'qualifierId': 141, 'value': '3.2'}, {'id': 5776146647, 'qualifierId': 212, 'value': '7.8'}, {'id': 5776146641, 'qualifierId': 56, 'value': 'Back'}]",9mo419gtk6dy5lhcvatcllkyy,J. Dufour,,Angel City,Away
2823533833,398,50,2,45,22,agxipc0vk4rtg09amjxv10nx0,1,66.6,97.4,2025-06-21T01:18:56.327Z,2025-06-27T14:55:20Z,"[{'id': 5776146745, 'qualifierId': 56, 'value': 'Left'}, {'id': 5776146777, 'qualifierId': 233, 'value': '441'}, {'id': 5776146747, 'qualifierId': 286}]",dv8265k3za578hkzxxuttqmdx,V. DiBernardo,,Kansas City Current,Home
2823533819,441,7,2,45,22,6hbfgdczbi3yg4sdpqgtu6s,0,33.4,2.6,2025-06-21T01:18:56.328Z,2025-06-27T14:58:51Z,"[{'id': 5781693545, 'qualifierId': 383}, {'id': 5776146749, 'qualifierId': 233, 'value': '398'}, {'id': 5776146691, 'qualifierId': 285}, {'id': 5776146689, 'qualifierId': 56, 'value': 'Back'}, {'id': 5781693547, 'qualifierId': 389}]",89fa211ocgno2q0to22emh20a,G. Thompson,,Angel City,Away
2823536423,485,43,2,45,23,agxipc0vk4rtg09amjxv10nx0,1,0.0,0.0,2025-06-21T01:18:57.946Z,2025-06-27T15:18:06Z,"[{'id': 5776161187, 'qualifierId': 140, 'value': '72.0'}, {'id': 5776161185, 'qualifierId': 56, 'value': 'Left'}, {'id': 5776161189, 'qualifierId': 141, 'value': '95.4'}, {'id': 5776161193, 'qualifierId': 213, 'value': '6.01'}, {'id': 5781700309, 'qualifierId': 144, 'value': '1'}, {'id': 5776161183, 'qualifierId': 157, 'value': '0'}, {'id': 5776161195, 'qualifierId': 1, 'value': '0'}, {'id': 5776161191, 'qualifierId': 212, 'value': '1.5'}]",dv8265k3za578hkzxxuttqmdx,V. DiBernardo,,Kansas City Current,Home
2823533831,442,50,2,45,24,6hbfgdczbi3yg4sdpqgtu6s,1,33.0,3.0,2025-06-21T01:18:58.685Z,2025-06-27T15:18:09Z,"[{'id': 5776161591, 'qualifierId': 233, 'value': '399'}, {'id': 5781700315, 'qualifierId': 285}, {'id': 5776146733, 'qualifierId': 56, 'value': 'Back'}]",89fa211ocgno2q0to22emh20a,G. Thompson,,Angel City,Away
2823533841,399,7,2,45,24,agxipc0vk4rtg09amjxv10nx0,0,67.0,97.0,2025-06-21T01:18:58.686Z,2025-06-27T15:18:12Z,"[{'id': 5781700337, 'qualifierId': 389}, {'id': 5776161583, 'qualifierId': 56, 'value': 'Left'}, {'id': 5776161601, 'qualifierId': 286}, {'id': 5781700311, 'qualifierId': 383}, {'id': 5776161587, 'qualifierId': 233, 'value': '442'}]",dv8265k3za578hkzxxuttqmdx,V. DiBernardo,,Kansas City Current,Home
2823533839,443,1,2,45,27,6hbfgdczbi3yg4sdpqgtu6s,1,32.3,6.5,2025-06-21T01:19:01.232Z,2025-06-21T01:19:02Z,"[{'id': 5776146805, 'qualifierId': 213, 'value': '5.74'}, {'id': 5776146799, 'qualifierId': 140, 'value': '37.8'}, {'id': 5776146803, 'qualifierId': 212, 'value': '6.7'}, {'id': 5776146797, 'qualifierId': 56, 'value': 'Back'}, {'id': 5776146801, 'qualifierId': 141, 'value': '1.4'}]",8f2og4ng2s6f8qeikft26h2qc,M. Hodge,,Angel City,Away
2823533847,444,1,2,45,28,6hbfgdczbi3yg4sdpqgtu6s,0,37.8,1.4,2025-06-21T01:19:02.625Z,2025-06-21T01:19:03Z,"[{'id': 5776146853, 'qualifierId': 140, 'value': '41.0'}, {'id': 5776146859, 'qualifierId': 213, 'value': '1.02'}, {'id': 5776146855, 'qualifierId': 141, 'value': '9.5'}, {'id': 5776146857, 'qualifierId': 212, 'value': '6.5'}, {'id': 5776146851, 'qualifierId': 56, 'value': 'Back'}]",9mo419gtk6dy5lhcvatcllkyy,J. Dufour,,Angel City,Away
2823533861,400,49,2,45,32,agxipc0vk4rtg09amjxv10nx0,1,63.3,73.3,2025-06-21T01:19:06.629Z,2025-06-21T01:19:06Z,[],6hyf258ii56nw917w0b4ekob8,C. Hutton,,Kansas City Current,Home
2823533867,401,1,2,45,32,agxipc0vk4rtg09amjxv10nx0,1,63.3,73.3,2025-06-21T01:19:06.758Z,2025-06-21T01:19:07Z,"[{'id': 5776146937, 'qualifierId': 213, 'value': '4.07'}, {'id': 5776146935, 'qualifierId': 212, 'value': '3.1'}, {'id': 5776146933, 'qualifierId': 141, 'value': '69.6'}, {'id': 5776146929, 'qualifierId': 56, 'value': 'Center'}, {'id': 5776146931, 'qualifierId': 140, 'value': '61.5'}]",6hyf258ii56nw917w0b4ekob8,C. Hutton,,Kansas City Current,Home
2823533879,402,1,2,45,33,agxipc0vk4rtg09amjxv10nx0,1,60.8,68.6,2025-06-21T01:19:07.622Z,2025-06-21T01:19:09Z,"[{'id': 5776147001, 'qualifierId': 140, 'value': '74.0'}, {'id': 5776146999, 'qualifierId': 56, 'value': 'Center'}, {'id': 5776147007, 'qualifierId': 213, 'value': '0.05'}, {'id': 5776147005, 'qualifierId': 212, 'value': '13.9'}, {'id': 5776147003, 'qualifierId': 141, 'value': '69.6'}]",6k82rq8synvac950ext5t0jpx,R. Rodríguez,,Kansas City Current,Home
2823533899,403,1,2,45,35,agxipc0vk4rtg09amjxv10nx0,1,71.3,74.3,2025-06-21T01:19:09.581Z,2025-06-21T01:19:14Z,"[{'id': 5776147113, 'qualifierId': 140, 'value': '74.6'}, {'id': 5776147119, 'qualifierId': 213, 'value': '1.08'}, {'id': 5776147115, 'qualifierId': 141, 'value': '83.9'}, {'id': 5776147117, 'qualifierId': 212, 'value': '7.4'}, {'id': 5776147111, 'qualifierId': 56, 'value': 'Left'}]",47iatvbptp6438v5qo359yw9h,Bia Zaneratto,,Kansas City Current,Home
2823533901,404,61,2,45,40,agxipc0vk4rtg09amjxv10nx0,0,92.0,86.7,2025-06-21T01:19:14.293Z,2025-06-21T01:19:14Z,"[{'id': 5776147125, 'qualifierId': 56, 'value': 'Left'}]",dv8265k3za578hkzxxuttqmdx,V. DiBernardo,,Kansas City Current,Home
2823534059,405,5,2,45,41,agxipc0vk4rtg09amjxv10nx0,0,100.6,82.0,2025-06-21T01:19:15.261Z,2025-06-21T01:31:58Z,"[{'id': 5776147983, 'qualifierId': 233, 'value': '447'}, {'id': 5776147969, 'qualifierId': 56, 'value': 'Left'}, {'id': 5776147971, 'qualifierId': 346}]",dv8265k3za578hkzxxuttqmdx,V. DiBernardo,,Kansas City Current,Home
2823534003,447,5,2,45,41,6hbfgdczbi3yg4sdpqgtu6s,1,-0.6,18.0,2025-06-21T01:19:15.261Z,2025-06-21T01:31:58Z,"[{'id': 5776147703, 'qualifierId': 346}, {'id': 5776147975, 'qualifierId': 233, 'value': '405'}, {'id': 5776147701, 'qualifierId': 56, 'value': 'Back'}]",9mo419gtk6dy5lhcvatcllkyy,J. Dufour,,Angel City,Away
2823534029,448,1,2,45,59,6hbfgdczbi3yg4sdpqgtu6s,1,5.5,51.2,2025-06-21T01:19:34.112Z,2025-06-21T01:19:37Z,"[{'id': 5776147831, 'qualifierId': 237}, {'id': 5776147821, 'qualifierId': 140, 'value': '8.8'}, {'id': 5776147823, 'qualifierId': 141, 'value': '70.5'}, {'id': 5776147825, 'qualifierId': 212, 'value': '13.6'}, {'id': 5776147817, 'qualifierId': 124}, {'id': 5776147827, 'qualifierId': 213, 'value': '1.31'}, {'id': 5776147819, 'qualifierId': 56, 'value': 'Back'}]",lg9muzm3sbiijicsik53m3je,A. Anderson,,Angel City,Away
2823534041,449,1,2,46,3,6hbfgdczbi3yg4sdpqgtu6s,1,8.8,70.5,2025-06-21T01:19:37.425Z,2025-06-21T01:19:38Z,"[{'id': 5776147897, 'qualifierId': 212, 'value': '12.4'}, {'id': 5776147891, 'qualifierId': 56, 'value': 'Back'}, {'id': 5776147893, 'qualifierId': 140, 'value': '15.9'}, {'id': 5776147895, 'qualifierId': 141, 'value': '85.0'}, {'id': 5776147899, 'qualifierId': 213, 'value': '0.92'}]",6opd7nuh51c7p6pn6w04yuntg,M. Reid,,Angel City,Away
2823534055,450,1,2,46,4,6hbfgdczbi3yg4sdpqgtu6s,0,15.6,84.4,2025-06-21T01:19:38.592Z,2025-06-21T01:19:41Z,"[{'id': 5776147957, 'qualifierId': 56, 'value': 'Back'}, {'id': 5776147963, 'qualifierId': 212, 'value': '28.3'}, {'id': 5776147965, 'qualifierId': 213, 'value': '5.64'}, {'id': 5776147967, 'qualifierId': 1}, {'id': 5776147961, 'qualifierId': 141, 'value': '59.6'}, {'id': 5776147955, 'qualifierId': 157}, {'id': 5776147959, 'qualifierId': 140, 'value': '37.2'}]",9b94qn8vkpl0e7ujskes2m7d,M. Moriya,,Angel City,Away
2823534063,406,61,2,46,7,agxipc0vk4rtg09amjxv10nx0,0,60.6,36.6,2025-06-21T01:19:41.518Z,2025-06-21T01:19:41Z,"[{'id': 5776147981, 'qualifierId': 56, 'value': 'Center'}]",6hyf258ii56nw917w0b4ekob8,C. Hutton,,Kansas City Current,Home
2823534065,451,50,2,46,8,6hbfgdczbi3yg4sdpqgtu6s,1,46.2,68.5,2025-06-21T01:19:43.040Z,2025-06-27T15:50:39Z,"[{'id': 5776148091, 'qualifierId': 233, 'value': '407'}, {'id': 5776147999, 'qualifierId': 286}, {'id': 5776147997, 'qualifierId': 56, 'value': 'Back'}]",bngif4yqa0asu77nptsb06n10,R. Tiernan,,Angel City,Away
2823534079,407,7,2,46,8,agxipc0vk4rtg09amjxv10nx0,1,53.8,31.5,2025-06-21T01:19:43.041Z,2025-06-27T15:50:39Z,"[{'id': 5781713369, 'qualifierId': 389}, {'id': 5776148079, 'qualifierId': 56, 'value': 'Center'}, {'id': 5776148081, 'qualifierId': 285}, {'id': 5781713367, 'qualifierId': 385}, {'id': 5776148087, 'qualifierId': 233, 'value': '451'}]",cl1av4qyzjkq03akjof6tdf1m,K. Sharples,,Kansas City Current,Home
2823534083,408,49,2,46,12,agxipc0vk4rtg09amjxv10nx0,1,55.8,10.8,2025-06-21T01:19:46.557Z,2025-06-21T01:19:46Z,[],6k82rq8synvac950ext5t0jpx,R. Rodríguez,,Kansas City Current,Home
2823534087,409,1,2,46,12,agxipc0vk4rtg09amjxv10nx0,1,55.8,10.8,2025-06-21T01:19:46.661Z,2025-06-21T01:19:47Z,"[{'id': 5776148095, 'qualifierId': 56, 'value': 'Right'}, {'id': 5776148101, 'qualifierId': 212, 'value': '5.7'}, {'id': 5776148099, 'qualifierId': 141, 'value': '5.4'}, {'id': 5776148097, 'qualifierId': 140, 'value': '59.9'}, {'id': 5776148103, 'qualifierId': 213, 'value': '5.58'}]",6k82rq8synvac950ext5t0jpx,R. Rodríguez,,Kansas City Current,Home
2823534101,410,1,2,46,13,agxipc0vk4rtg09amjxv10nx0,1,59.9,5.4,2025-06-21T01:19:47.805Z,2025-06-21T01:19:51Z,"[{'id': 5776148167, 'qualifierId': 140, 'value': '29.7'}, {'id': 5776148173, 'qualifierId': 213, 'value': '2.65'}, {'id': 5776148175, 'qualifierId': 1}, {'id': 5776148171, 'qualifierId': 212, 'value': '36.0'}, {'id': 5776148169, 'qualifierId': 141, 'value': '30.4'}, {'id': 5776148165, 'qualifierId': 56, 'value': 'Back'}]",9wvoeo39cgbelv8ddqin3aaga,H. Mace,,Kansas City Current,Home
2823534109,411,1,2,46,17,agxipc0vk4rtg09amjxv10nx0,1,32.1,30.3,2025-06-21T01:19:51.509Z,2025-06-21T01:19:55Z,"[{'id': 5776148211, 'qualifierId': 140, 'value': '53.3'}, {'id': 5776148209, 'qualifierId': 56, 'value': 'Right'}, {'id': 5776148215, 'qualifierId': 212, 'value': '27.5'}, {'id': 5776148213, 'qualifierId': 141, 'value': '6.6'}, {'id': 5776148217, 'qualifierId': 213, 'value': '5.66'}]",48l2ildbeme2l336nor2hw6lm,E. Ball,,Kansas City Current,Home
2823534129,412,1,2,46,21,agxipc0vk4rtg09amjxv10nx0,0,53.3,6.6,2025-06-21T01:19:55.141Z,2025-06-21T01:19:58Z,"[{'id': 5776148339, 'qualifierId': 1}, {'id': 5776148335, 'qualifierId': 212, 'value': '40.9'}, {'id': 5776148333, 'qualifierId': 141, 'value': '28.7'}, {'id': 5776148329, 'qualifierId': 56, 'value': 'Center'}, {'id': 5776148327, 'qualifierId': 155}, {'id': 5776148337, 'qualifierId': 213, 'value': '0.38'}, {'id': 5776148331, 'qualifierId': 140, 'value': '89.5'}]",9wvoeo39cgbelv8ddqin3aaga,H. Mace,,Kansas City Current,Home
2823534145,452,12,2,46,24,6hbfgdczbi3yg4sdpqgtu6s,1,8.8,73.5,2025-06-21T01:19:58.672Z,2025-06-21T01:20:02Z,"[{'id': 5776148473, 'qualifierId': 167}, {'id': 5776148453, 'qualifierId': 213, 'value': '1.96'}, {'id': 5776148447, 'qualifierId': 140, 'value': '1.5'}, {'id': 5776148451, 'qualifierId': 212, 'value': '20.0'}, {'id': 5776148445, 'qualifierId': 56, 'value': 'Back'}, {'id': 5776148449, 'qualifierId': 141, 'value': '100.0'}]",6bcvcloym3tzxss5hgsw4h1at,A. Kennedy,,Angel City,Away
2823534207,413,5,2,46,27,agxipc0vk4rtg09amjxv10nx0,1,96.9,-1.2,2025-06-21T01:20:01.882Z,2025-06-21T01:31:58Z,"[{'id': 5776148789, 'qualifierId': 233, 'value': '453'}, {'id': 5776148785, 'qualifierId': 56, 'value': 'Right'}, {'id': 5776148787, 'qualifierId': 347}]",9wvoeo39cgbelv8ddqin3aaga,H. Mace,,Kansas City Current,Home
2823534147,453,5,2,46,27,6hbfgdczbi3yg4sdpqgtu6s,0,3.1,101.2,2025-06-21T01:20:01.882Z,2025-06-21T01:31:59Z,"[{'id': 5776148455, 'qualifierId': 56, 'value': 'Back'}, {'id': 5776148457, 'qualifierId': 347}, {'id': 5776148793, 'qualifierId': 233, 'value': '413'}]",6bcvcloym3tzxss5hgsw4h1at,A. Kennedy,,Angel City,Away
2823534217,414,1,2,46,42,agxipc0vk4rtg09amjxv10nx0,1,95.0,0.0,2025-06-21T01:20:16.717Z,2025-06-21T02:23:53Z,"[{'id': 5776148851, 'qualifierId': 107}, {'id': 5776148853, 'qualifierId': 56, 'value': 'Right'}, {'id': 5776148859, 'qualifierId': 212, 'value': '7.6'}, {'id': 5776148861, 'qualifierId': 213, 'value': '1.82'}, {'id': 5776148855, 'qualifierId': 140, 'value': '93.2'}, {'id': 5776148857, 'qualifierId': 141, 'value': '8.9'}]",9wvoeo39cgbelv8ddqin3aaga,H. Mace,,Kansas City Current,Home
2823534269,415,44,2,46,44,agxipc0vk4rtg09amjxv10nx0,1,93.0,25.6,2025-06-21T01:20:18.689Z,2025-06-21T02:23:50Z,"[{'id': 5776149149, 'qualifierId': 56, 'value': 'Center'}, {'id': 5776149151, 'qualifierId': 286}, {'id': 5776149415, 'qualifierId': 233, 'value': '460'}]",47iatvbptp6438v5qo359yw9h,Bia Zaneratto,,Kansas City Current,Home
2823534307,460,44,2,46,44,6hbfgdczbi3yg4sdpqgtu6s,0,7.0,74.4,2025-06-21T01:20:18.690Z,2025-06-21T02:23:18Z,"[{'id': 5776149393, 'qualifierId': 56, 'value': 'Back'}, {'id': 5776149395, 'qualifierId': 285}, {'id': 5776149397, 'qualifierId': 233, 'value': '415'}]",6opd7nuh51c7p6pn6w04yuntg,M. Reid,,Angel City,Away
2823534395,417,1,2,46,45,agxipc0vk4rtg09amjxv10nx0,0,92.3,24.7,2025-06-21T01:20:19.580Z,2025-06-21T01:31:41Z,"[{'id': 5776149891, 'qualifierId': 3}, {'id': 5776149903, 'qualifierId': 213, 'value': '2.14'}, {'id': 5776149901, 'qualifierId': 212, 'value': '9.9'}, {'id': 5776149897, 'qualifierId': 140, 'value': '87.2'}, {'id': 5776149895, 'qualifierId': 56, 'value': 'Center'}, {'id': 5776149899, 'qualifierId': 141, 'value': '37.0'}, {'id': 5776149893, 'qualifierId': 168}]",47iatvbptp6438v5qo359yw9h,Bia Zaneratto,,Kansas City Current,Home
2823534213,454,43,2,46,48,6hbfgdczbi3yg4sdpqgtu6s,1,0.0,0.0,2025-06-21T01:20:22.672Z,2025-06-21T01:21:22Z,"[{'id': 5776148823, 'qualifierId': 212, 'value': '11.0'}, {'id': 5776150303, 'qualifierId': 144, 'value': '12'}, {'id': 5776148825, 'qualifierId': 213, 'value': '5.03'}, {'id': 5776148817, 'qualifierId': 56, 'value': 'Back'}, {'id': 5776148827, 'qualifierId': 15, 'value': '0'}, {'id': 5776148819, 'qualifierId': 140, 'value': '11.8'}, {'id': 5776148821, 'qualifierId': 141, 'value': '57.6'}]",6opd7nuh51c7p6pn6w04yuntg,M. Reid,,Angel City,Away
2823534221,455,12,2,46,50,6hbfgdczbi3yg4sdpqgtu6s,1,11.8,57.6,2025-06-21T01:20:24.592Z,2025-06-21T01:20:27Z,"[{'id': 5776148889, 'qualifierId': 15}, {'id': 5776148871, 'qualifierId': 140, 'value': '23.3'}, {'id': 5776148877, 'qualifierId': 213, 'value': '0.96'}, {'id': 5776148875, 'qualifierId': 212, 'value': '21.1'}, {'id': 5776148873, 'qualifierId': 141, 'value': '83.0'}, {'id': 5776148867, 'qualifierId': 56, 'value': 'Back'}]",etdam0sfwiphiwykieovlsyy1,S. Gorden,,Angel City,Away
2823534229,456,49,2,46,52,6hbfgdczbi3yg4sdpqgtu6s,1,26.8,83.8,2025-06-21T01:20:27.056Z,2025-06-21T01:20:27Z,[],dfeohozpw604y5jbu01u1dkkq,A. Thompson,,Angel City,Away
2823534267,457,1,2,46,59,6hbfgdczbi3yg4sdpqgtu6s,1,53.3,56.3,2025-06-21T01:20:33.328Z,2025-06-21T01:20:38Z,"[{'id': 5776149143, 'qualifierId': 213, 'value': '4.93'}, {'id': 5776149139, 'qualifierId': 141, 'value': '24.6'}, {'id': 5776149135, 'qualifierId': 56, 'value': 'Center'}, {'id': 5776149141, 'qualifierId': 212, 'value': '22.1'}, {'id': 5776149137, 'qualifierId': 140, 'value': '57.8'}]",dfeohozpw604y5jbu01u1dkkq,A. Thompson,,Angel City,Away
2823534277,458,1,2,47,4,6hbfgdczbi3yg4sdpqgtu6s,1,66.4,25.3,2025-06-21T01:20:38.304Z,2025-06-21T01:20:42Z,"[{'id': 5776149197, 'qualifierId': 140, 'value': '78.1'}, {'id': 5776149201, 'qualifierId': 212, 'value': '16.5'}, {'id': 5776149203, 'qualifierId': 213, 'value': '5.55'}, {'id': 5776149199, 'qualifierId': 141, 'value': '9.1'}, {'id': 5776149195, 'qualifierId': 56, 'value': 'Right'}]",89fa211ocgno2q0to22emh20a,G. Thompson,,Angel City,Away
2823534285,459,1,2,47,8,6hbfgdczbi3yg4sdpqgtu6s,0,74.5,19.4,2025-06-21T01:20:42.464Z,2025-06-27T15:55:36Z,"[{'id': 5781713929, 'qualifierId': 223}, {'id': 5776149249, 'qualifierId': 155}, {'id': 5776149251, 'qualifierId': 56, 'value': 'Center'}, {'id': 5776149247, 'qualifierId': 2}, {'id': 5776149257, 'qualifierId': 212, 'value': '34.2'}, {'id': 5776149255, 'qualifierId': 141, 'value': '55.7'}, {'id': 5776149261, 'qualifierId': 1}, {'id': 5776149259, 'qualifierId': 213, 'value': '0.81'}, {'id': 5776149253, 'qualifierId': 140, 'value': '97.0'}, {'id': 5781713931, 'qualifierId': 72}]",9mo419gtk6dy5lhcvatcllkyy,J. Dufour,,Angel City,Away
2823534301,416,52,2,47,15,agxipc0vk4rtg09amjxv10nx0,1,2.8,49.1,2025-06-21T01:20:49.564Z,2025-06-27T15:55:41Z,"[{'id': 5781713935, 'qualifierId': 377}]",das6ydxiwz8trtyp98ss5i295,Lorena,,Kansas City Current,Home
2823534431,418,1,2,47,38,agxipc0vk4rtg09amjxv10nx0,1,4.4,56.3,2025-06-21T01:21:12.444Z,2025-06-21T01:32:01Z,"[{'id': 5776150115, 'qualifierId': 56, 'value': 'Back'}, {'id': 5776150119, 'qualifierId': 141, 'value': '76.8'}, {'id': 5776165179, 'qualifierId': 189}, {'id': 5776150121, 'qualifierId': 212, 'value': '27.9'}, {'id': 5776150113, 'qualifierId': 123}, {'id': 5776150123, 'qualifierId': 213, 'value': '0.52'}, {'id': 5776150117, 'qualifierId': 140, 'value': '27.4'}]",das6ydxiwz8trtyp98ss5i295,Lorena,,Kansas City Current,Home
2823534435,419,1,2,47,41,agxipc0vk4rtg09amjxv10nx0,1,26.5,77.1,2025-06-21T01:21:16.092Z,2025-06-21T01:21:17Z,"[{'id': 5776150141, 'qualifierId': 213, 'value': '5.31'}, {'id': 5776150133, 'qualifierId': 56, 'value': 'Back'}, {'id': 5776150139, 'qualifierId': 212, 'value': '14.1'}, {'id': 5776150135, 'qualifierId': 140, 'value': '34.1'}, {'id': 5776150137, 'qualifierId': 141, 'value': '60.0'}]",cl1av4qyzjkq03akjof6tdf1m,K. Sharples,,Kansas City Current,Home
2823534445,420,1,2,47,43,agxipc0vk4rtg09amjxv10nx0,1,34.1,60.0,2025-06-21T01:21:17.236Z,2025-06-21T01:21:18Z,"[{'id': 5776150191, 'qualifierId': 141, 'value': '40.0'}, {'id': 5776150187, 'qualifierId': 56, 'value': 'Back'}, {'id': 5776150189, 'qualifierId': 140, 'value': '20.0'}, {'id': 5776150193, 'qualifierId': 212, 'value': '20.1'}, {'id': 5776150195, 'qualifierId': 213, 'value': '3.88'}]",6hyf258ii56nw917w0b4ekob8,C. Hutton,,Kansas City Current,Home
2823534477,421,1,2,47,44,agxipc0vk4rtg09amjxv10nx0,1,19.9,39.7,2025-06-21T01:21:18.244Z,2025-06-21T01:21:25Z,"[{'id': 5776150377, 'qualifierId': 212, 'value': '30.1'}, {'id': 5776150371, 'qualifierId': 56, 'value': 'Back'}, {'id': 5776150373, 'qualifierId': 140, 'value': '41.9'}, {'id': 5776150375, 'qualifierId': 141, 'value': '11.3'}, {'id': 5776150379, 'qualifierId': 213, 'value': '5.59'}]",48l2ildbeme2l336nor2hw6lm,E. Ball,,Kansas City Current,Home
2823534501,422,1,2,47,51,agxipc0vk4rtg09amjxv10nx0,1,57.6,5.9,2025-06-21T01:21:25.652Z,2025-06-21T01:32:35Z,"[{'id': 5776150491, 'qualifierId': 140, 'value': '64.7'}, {'id': 5776150497, 'qualifierId': 213, 'value': '6.17'}, {'id': 5776150495, 'qualifierId': 212, 'value': '7.5'}, {'id': 5776150489, 'qualifierId': 56, 'value': 'Right'}, {'id': 5776150493, 'qualifierId': 141, 'value': '4.7'}]",dv8265k3za578hkzxxuttqmdx,V. DiBernardo,,Kansas City Current,Home
2823537185,492,1,2,47,51,agxipc0vk4rtg09amjxv10nx0,0,77.8,6.0,2025-06-21T01:21:25.817Z,2025-06-21T01:32:34Z,"[{'id': 5776165625, 'qualifierId': 212, 'value': '8.0'}, {'id': 5776165623, 'qualifierId': 141, 'value': '13.5'}, {'id': 5776165621, 'qualifierId': 140, 'value': '71.9'}, {'id': 5776165627, 'qualifierId': 213, 'value': '2.45'}, {'id': 5776165619, 'qualifierId': 56, 'value': 'Right'}]",e1irspfo9xupqz2sqvyq1zp0q,M. Cooper,,Kansas City Current,Home
2823534483,461,49,2,47,52,6hbfgdczbi3yg4sdpqgtu6s,1,31.1,85.3,2025-06-21T01:21:26.607Z,2025-06-21T01:21:26Z,[],3bx0w0ftkij1lqrt727gjd94a,M. Hammond,,Angel City,Away
2823534497,462,1,2,47,52,6hbfgdczbi3yg4sdpqgtu6s,1,31.1,85.3,2025-06-21T01:21:26.847Z,2025-06-21T01:21:29Z,"[{'id': 5776150481, 'qualifierId': 213, 'value': '3.97'}, {'id': 5776150477, 'qualifierId': 141, 'value': '72.1'}, {'id': 5776150475, 'qualifierId': 140, 'value': '23.3'}, {'id': 5776150479, 'qualifierId': 212, 'value': '12.2'}, {'id': 5776150473, 'qualifierId': 56, 'value': 'Back'}]",3bx0w0ftkij1lqrt727gjd94a,M. Hammond,,Angel City,Away
2823534523,463,1,2,47,55,6hbfgdczbi3yg4sdpqgtu6s,1,21.9,69.7,2025-06-21T01:21:29.552Z,2025-06-21T01:21:33Z,"[{'id': 5776150603, 'qualifierId': 212, 'value': '22.8'}, {'id': 5776150599, 'qualifierId': 140, 'value': '3.2'}, {'id': 5776150605, 'qualifierId': 213, 'value': '3.67'}, {'id': 5776150597, 'qualifierId': 56, 'value': 'Back'}, {'id': 5776150601, 'qualifierId': 141, 'value': '52.8'}]",6opd7nuh51c7p6pn6w04yuntg,M. Reid,,Angel City,Away
2823534537,464,1,2,47,58,6hbfgdczbi3yg4sdpqgtu6s,0,3.2,52.8,2025-06-21T01:21:33.024Z,2025-06-21T01:21:35Z,"[{'id': 5776150701, 'qualifierId': 1}, {'id': 5776150691, 'qualifierId': 56, 'value': 'Back'}, {'id': 5776150699, 'qualifierId': 213, 'value': '0.22'}, {'id': 5776150695, 'qualifierId': 141, 'value': '68.1'}, {'id': 5776150689, 'qualifierId': 157}, {'id': 5776150693, 'qualifierId': 140, 'value': '48.2'}, {'id': 5776150697, 'qualifierId': 212, 'value': '48.4'}]",lg9muzm3sbiijicsik53m3je,A. Anderson,,Angel City,Away
2823534549,423,43,2,48,3,agxipc0vk4rtg09amjxv10nx0,1,0.0,0.0,2025-06-21T01:21:37.789Z,2025-06-21T01:21:43Z,"[{'id': 5776150969, 'qualifierId': 144, 'value': '49'}]",6hyf258ii56nw917w0b4ekob8,C. Hutton,,Kansas City Current,Home
2823534557,424,43,2,48,4,agxipc0vk4rtg09amjxv10nx0,1,0.0,0.0,2025-06-21T01:21:38.540Z,2025-06-21T01:21:44Z,"[{'id': 5776150973, 'qualifierId': 144, 'value': '49'}]",6hyf258ii56nw917w0b4ekob8,C. Hutton,,Kansas City Current,Home
2823534559,425,49,2,48,4,agxipc0vk4rtg09amjxv10nx0,1,52.8,25.1,2025-06-21T01:21:38.540Z,2025-06-27T14:48:49Z,[],9wvoeo39cgbelv8ddqin3aaga,H. Mace,,Kansas City Current,Home
2823534565,426,1,2,48,5,agxipc0vk4rtg09amjxv10nx0,1,52.8,25.1,2025-06-21T01:21:39.732Z,2025-06-21T01:21:41Z,"[{'id': 5776150873, 'qualifierId': 212, 'value': '7.3'}, {'id': 5776150867, 'qualifierId': 56, 'value': 'Center'}, {'id': 5776150875, 'qualifierId': 213, 'value': '0.89'}, {'id': 5776150869, 'qualifierId': 140, 'value': '57.2'}, {'id': 5776150871, 'qualifierId': 141, 'value': '33.5'}]",9wvoeo39cgbelv8ddqin3aaga,H. Mace,,Kansas City Current,Home
2823534583,427,1,2,48,6,agxipc0vk4rtg09amjxv10nx0,1,57.2,33.5,2025-06-21T01:21:41.027Z,2025-06-21T01:21:46Z,"[{'id': 5776150997, 'qualifierId': 212, 'value': '22.7'}, {'id': 5776150991, 'qualifierId': 56, 'value': 'Back'}, {'id': 5776150993, 'qualifierId': 140, 'value': '43.4'}, {'id': 5776150999, 'qualifierId': 213, 'value': '2.26'}, {'id': 5776150995, 'qualifierId': 141, 'value': '59.2'}]",6k82rq8synvac950ext5t0jpx,R. Rodríguez,,Kansas City Current,Home
2823534593,428,1,2,48,11,agxipc0vk4rtg09amjxv10nx0,1,45.8,57.6,2025-06-21T01:21:46.077Z,2025-06-21T01:21:49Z,"[{'id': 5776151057, 'qualifierId': 212, 'value': '33.1'}, {'id': 5776151059, 'qualifierId': 213, 'value': '5.24'}, {'id': 5776151061, 'qualifierId': 1}, {'id': 5776151055, 'qualifierId': 141, 'value': '15.5'}, {'id': 5776151053, 'qualifierId': 140, 'value': '61.7'}, {'id': 5776151051, 'qualifierId': 56, 'value': 'Right'}, {'id': 5776151049, 'qualifierId': 155}]",cl1av4qyzjkq03akjof6tdf1m,K. Sharples,,Kansas City Current,Home
2823534607,429,1,2,48,15,agxipc0vk4rtg09amjxv10nx0,1,61.7,15.6,2025-06-21T01:21:49.331Z,2025-06-21T01:21:52Z,"[{'id': 5776151151, 'qualifierId': 140, 'value': '45.0'}, {'id': 5776151149, 'qualifierId': 56, 'value': 'Back'}, {'id': 5776151155, 'qualifierId': 212, 'value': '17.5'}, {'id': 5776151153, 'qualifierId': 141, 'value': '16.1'}, {'id': 5776151157, 'qualifierId': 213, 'value': '3.12'}]",dv8265k3za578hkzxxuttqmdx,V. DiBernardo,,Kansas City Current,Home
2823534609,430,1,2,48,18,agxipc0vk4rtg09amjxv10nx0,1,49.0,15.0,2025-06-21T01:21:52.797Z,2025-06-21T01:21:53Z,"[{'id': 5776151161, 'qualifierId': 155}, {'id': 5776151173, 'qualifierId': 1}, {'id': 5776151167, 'qualifierId': 141, 'value': '41.5'}, {'id': 5776151169, 'qualifierId': 212, 'value': '32.1'}, {'id': 5776151171, 'qualifierId': 213, 'value': '0.60'}, {'id': 5776151165, 'qualifierId': 140, 'value': '74.3'}, {'id': 5776151163, 'qualifierId': 56, 'value': 'Center'}]",9wvoeo39cgbelv8ddqin3aaga,H. Mace,,Kansas City Current,Home
2823534619,431,1,2,48,19,agxipc0vk4rtg09amjxv10nx0,1,73.9,40.7,2025-06-21T01:21:53.884Z,2025-06-21T01:21:55Z,"[{'id': 5776151247, 'qualifierId': 140, 'value': '77.8'}, {'id': 5776151251, 'qualifierId': 212, 'value': '7.4'}, {'id': 5776151245, 'qualifierId': 56, 'value': 'Center'}, {'id': 5776151249, 'qualifierId': 141, 'value': '49.7'}, {'id': 5776151243, 'qualifierId': 168}, {'id': 5776151241, 'qualifierId': 3}, {'id': 5776151253, 'qualifierId': 213, 'value': '0.98'}]",47iatvbptp6438v5qo359yw9h,Bia Zaneratto,,Kansas City Current,Home
2823534621,432,61,2,48,21,agxipc0vk4rtg09amjxv10nx0,0,77.8,49.7,2025-06-21T01:21:55.484Z,2025-06-21T01:21:55Z,"[{'id': 5776151265, 'qualifierId': 56, 'value': 'Center'}]",ccw8gtkcahxf21rutqldjvkve,T. Chawinga,,Kansas City Current,Home
2823534637,465,12,2,48,22,6hbfgdczbi3yg4sdpqgtu6s,1,15.3,52.5,2025-06-21T01:21:56.303Z,2025-06-21T01:21:59Z,"[{'id': 5776151369, 'qualifierId': 140, 'value': '24.2'}, {'id': 5776151371, 'qualifierId': 141, 'value': '77.9'}, {'id': 5776151375, 'qualifierId': 213, 'value': '1.07'}, {'id': 5776151373, 'qualifierId': 212, 'value': '19.6'}, {'id': 5776151367, 'qualifierId': 56, 'value': 'Back'}]",6bcvcloym3tzxss5hgsw4h1at,A. Kennedy,,Angel City,Away
2823534639,466,1,2,48,25,6hbfgdczbi3yg4sdpqgtu6s,0,24.2,77.9,2025-06-21T01:21:59.535Z,2025-06-21T01:22:36Z,"[{'id': 5776151377, 'qualifierId': 56, 'value': 'Back'}, {'id': 5776151383, 'qualifierId': 212, 'value': '10.4'}, {'id': 5776151385, 'qualifierId': 213, 'value': '3.06'}, {'id': 5776151381, 'qualifierId': 141, 'value': '79.1'}, {'id': 5776151379, 'qualifierId': 140, 'value': '14.3'}]",3bx0w0ftkij1lqrt727gjd94a,M. Hammond,,Angel City,Away
2823534641,433,61,2,48,26,agxipc0vk4rtg09amjxv10nx0,0,84.8,21.5,2025-06-21T01:22:00.404Z,2025-06-21T01:22:00Z,"[{'id': 5776151387, 'qualifierId': 56, 'value': 'Center'}]",e1irspfo9xupqz2sqvyq1zp0q,M. Cooper,,Kansas City Current,Home
2823534651,467,12,2,48,27,6hbfgdczbi3yg4sdpqgtu6s,1,14.3,63.4,2025-06-21T01:22:01.727Z,2025-06-21T01:22:04Z,"[{'id': 5776151427, 'qualifierId': 141, 'value': '59.4'}, {'id': 5776151431, 'qualifierId': 213, 'value': '6.10'}, {'id': 5776151423, 'qualifierId': 56, 'value': 'Back'}, {'id': 5776151425, 'qualifierId': 140, 'value': '28.4'}, {'id': 5776151429, 'qualifierId': 212, 'value': '15.1'}]",6opd7nuh51c7p6pn6w04yuntg,M. Reid,,Angel City,Away
2823534655,468,50,2,48,30,6hbfgdczbi3yg4sdpqgtu6s,1,27.0,63.8,2025-06-21T01:22:04.640Z,2025-06-21T01:22:07Z,"[{'id': 5776151437, 'qualifierId': 56, 'value': 'Back'}, {'id': 5776151459, 'qualifierId': 233, 'value': '434'}, {'id': 5776151439, 'qualifierId': 285}]",8f2og4ng2s6f8qeikft26h2qc,M. Hodge,,Angel City,Away
2823534657,434,7,2,48,30,agxipc0vk4rtg09amjxv10nx0,0,73.0,36.2,2025-06-21T01:22:04.641Z,2025-06-27T15:58:51Z,"[{'id': 5776151451, 'qualifierId': 233, 'value': '468'}, {'id': 5776151449, 'qualifierId': 286}, {'id': 5776151447, 'qualifierId': 56, 'value': 'Center'}, {'id': 5781714055, 'qualifierId': 384}, {'id': 5781714057, 'qualifierId': 178}]",47iatvbptp6438v5qo359yw9h,Bia Zaneratto,,Kansas City Current,Home
2823534659,469,49,2,48,31,6hbfgdczbi3yg4sdpqgtu6s,1,23.3,67.3,2025-06-21T01:22:05.904Z,2025-06-21T01:22:05Z,[],3bx0w0ftkij1lqrt727gjd94a,M. Hammond,,Angel City,Away
2823534665,470,1,2,48,31,6hbfgdczbi3yg4sdpqgtu6s,1,23.3,67.3,2025-06-21T01:22:05.970Z,2025-06-21T01:22:07Z,"[{'id': 5776151477, 'qualifierId': 56, 'value': 'Back'}, {'id': 5776151483, 'qualifierId': 212, 'value': '11.1'}, {'id': 5776151485, 'qualifierId': 213, 'value': '3.23'}, {'id': 5776151479, 'qualifierId': 140, 'value': '12.8'}, {'id': 5776151481, 'qualifierId': 141, 'value': '65.8'}]",3bx0w0ftkij1lqrt727gjd94a,M. Hammond,,Angel City,Away
2823534673,471,1,2,48,33,6hbfgdczbi3yg4sdpqgtu6s,1,12.8,65.8,2025-06-21T01:22:07.584Z,2025-06-21T01:22:10Z,"[{'id': 5776151543, 'qualifierId': 1}, {'id': 5776151531, 'qualifierId': 157}, {'id': 5776151537, 'qualifierId': 141, 'value': '75.3'}, {'id': 5776151535, 'qualifierId': 140, 'value': '45.9'}, {'id': 5776151539, 'qualifierId': 212, 'value': '35.4'}, {'id': 5776151533, 'qualifierId': 56, 'value': 'Back'}, {'id': 5776151541, 'qualifierId': 213, 'value': '0.18'}]",6opd7nuh51c7p6pn6w04yuntg,M. Reid,,Angel City,Away
2823534675,472,4,2,48,36,6hbfgdczbi3yg4sdpqgtu6s,1,45.8,70.8,2025-06-21T01:22:10.336Z,2025-06-21T01:31:54Z,"[{'id': 5776151571, 'qualifierId': 152}, {'id': 5776151565, 'qualifierId': 13}, {'id': 5776151569, 'qualifierId': 56, 'value': 'Back'}, {'id': 5776151567, 'qualifierId': 295}, {'id': 5776151573, 'qualifierId': 286}, {'id': 5776151607, 'qualifierId': 233, 'value': '435'}]",bngif4yqa0asu77nptsb06n10,R. Tiernan,,Angel City,Away
2823534683,435,4,2,48,36,agxipc0vk4rtg09amjxv10nx0,0,54.2,29.2,2025-06-21T01:22:10.337Z,2025-06-21T01:31:55Z,"[{'id': 5776151597, 'qualifierId': 56, 'value': 'Center'}, {'id': 5776151601, 'qualifierId': 285}, {'id': 5776151599, 'qualifierId': 152}, {'id': 5776151595, 'qualifierId': 295}, {'id': 5776151593, 'qualifierId': 13}, {'id': 5776151611, 'qualifierId': 233, 'value': '472'}]",48l2ildbeme2l336nor2hw6lm,E. Ball,,Kansas City Current,Home
2823534763,473,1,2,48,54,6hbfgdczbi3yg4sdpqgtu6s,1,37.0,70.3,2025-06-21T01:22:29.055Z,2025-06-21T01:22:32Z,"[{'id': 5776151961, 'qualifierId': 5}, {'id': 5776151973, 'qualifierId': 213, 'value': '4.38'}, {'id': 5776151967, 'qualifierId': 140, 'value': '32.9'}, {'id': 5776151971, 'qualifierId': 212, 'value': '13.0'}, {'id': 5776151969, 'qualifierId': 141, 'value': '52.2'}, {'id': 5776151965, 'qualifierId': 56, 'value': 'Back'}, {'id': 5776151963, 'qualifierId': 152}]",6opd7nuh51c7p6pn6w04yuntg,M. Reid,,Angel City,Away
2823534779,474,1,2,48,58,6hbfgdczbi3yg4sdpqgtu6s,1,32.5,49.1,2025-06-21T01:22:32.144Z,2025-06-21T01:22:35Z,"[{'id': 5776152061, 'qualifierId': 141, 'value': '27.6'}, {'id': 5776152059, 'qualifierId': 140, 'value': '35.6'}, {'id': 5776152063, 'qualifierId': 212, 'value': '15.0'}, {'id': 5776152057, 'qualifierId': 56, 'value': 'Back'}, {'id': 5776152065, 'qualifierId': 213, 'value': '4.93'}]",6bcvcloym3tzxss5hgsw4h1at,A. Kennedy,,Angel City,Away
2823534789,475,1,2,49,1,6hbfgdczbi3yg4sdpqgtu6s,1,35.6,27.6,2025-06-21T01:22:36.112Z,2025-06-21T01:22:42Z,"[{'id': 5776152147, 'qualifierId': 140, 'value': '33.9'}, {'id': 5776152153, 'qualifierId': 213, 'value': '1.65'}, {'id': 5776152145, 'qualifierId': 56, 'value': 'Back'}, {'id': 5776152151, 'qualifierId': 212, 'value': '21.7'}, {'id': 5776152149, 'qualifierId': 141, 'value': '59.4'}]",etdam0sfwiphiwykieovlsyy1,S. Gorden,,Angel City,Away
2823534795,476,1,2,49,7,6hbfgdczbi3yg4sdpqgtu6s,1,33.9,59.4,2025-06-21T01:22:42.128Z,2025-06-21T01:22:44Z,"[{'id': 5776152197, 'qualifierId': 212, 'value': '7.5'}, {'id': 5776152191, 'qualifierId': 56, 'value': 'Back'}, {'id': 5776152193, 'qualifierId': 140, 'value': '35.2'}, {'id': 5776152195, 'qualifierId': 141, 'value': '48.5'}, {'id': 5776152199, 'qualifierId': 213, 'value': '4.89'}]",6opd7nuh51c7p6pn6w04yuntg,M. Reid,,Angel City,Away
2823534811,477,1,2,49,10,6hbfgdczbi3yg4sdpqgtu6s,1,35.2,48.5,2025-06-21T01:22:44.848Z,2025-06-21T01:22:50Z,"[{'id': 5776152313, 'qualifierId': 212, 'value': '36.7'}, {'id': 5776152315, 'qualifierId': 213, 'value': '5.41'}, {'id': 5776152317, 'qualifierId': 1}, {'id': 5776152307, 'qualifierId': 56, 'value': 'Right'}, {'id': 5776152309, 'qualifierId': 140, 'value': '57.6'}, {'id': 5776152311, 'qualifierId': 141, 'value': '7.0'}, {'id': 5776152305, 'qualifierId': 155}]",6bcvcloym3tzxss5hgsw4h1at,A. Kennedy,,Angel City,Away
2823534813,478,1,2,49,13,6hbfgdczbi3yg4sdpqgtu6s,0,57.6,7.0,2025-06-21T01:22:48.080Z,2025-06-21T01:23:44Z,"[{'id': 5776152333, 'qualifierId': 141, 'value': '25.5'}, {'id': 5776152329, 'qualifierId': 56, 'value': 'Center'}, {'id': 5776152335, 'qualifierId': 212, 'value': '12.7'}, {'id': 5776152337, 'qualifierId': 213, 'value': '1.43'}, {'id': 5776152331, 'qualifierId': 140, 'value': '59.3'}]",89fa211ocgno2q0to22emh20a,G. Thompson,,Angel City,Away
2823534803,436,49,2,49,14,agxipc0vk4rtg09amjxv10nx0,1,37.5,76.3,2025-06-21T01:22:48.163Z,2025-06-21T01:22:48Z,[],6hyf258ii56nw917w0b4ekob8,C. Hutton,,Kansas City Current,Home
2823534807,437,1,2,49,14,agxipc0vk4rtg09amjxv10nx0,0,37.6,76.5,2025-06-21T01:22:48.748Z,2025-06-21T01:22:49Z,"[{'id': 5776152283, 'qualifierId': 141, 'value': '85.0'}, {'id': 5776152285, 'qualifierId': 212, 'value': '18.8'}, {'id': 5776152287, 'qualifierId': 213, 'value': '0.31'}, {'id': 5776152281, 'qualifierId': 140, 'value': '54.6'}, {'id': 5776152279, 'qualifierId': 56, 'value': 'Left'}]",6hyf258ii56nw917w0b4ekob8,C. Hutton,,Kansas City Current,Home
2823534817,479,1,2,49,18,6hbfgdczbi3yg4sdpqgtu6s,1,56.4,17.3,2025-06-21T01:22:52.368Z,2025-06-21T01:22:53Z,"[{'id': 5776152351, 'qualifierId': 56, 'value': 'Center'}, {'id': 5776152359, 'qualifierId': 213, 'value': '0.30'}, {'id': 5776152355, 'qualifierId': 141, 'value': '21.2'}, {'id': 5776152353, 'qualifierId': 140, 'value': '64.7'}, {'id': 5776152357, 'qualifierId': 212, 'value': '9.1'}]",89fa211ocgno2q0to22emh20a,G. Thompson,,Angel City,Away
2823534819,480,1,2,49,19,6hbfgdczbi3yg4sdpqgtu6s,0,64.2,23.5,2025-06-21T01:22:53.487Z,2025-06-21T01:23:53Z,"[{'id': 5776153523, 'qualifierId': 141, 'value': '8.6'}, {'id': 5776153525, 'qualifierId': 212, 'value': '11.1'}, {'id': 5776152363, 'qualifierId': 56, 'value': 'Right'}, {'id': 5776153527, 'qualifierId': 213, 'value': '4.30'}, {'id': 5776153521, 'qualifierId': 140, 'value': '60.0'}]",8f2og4ng2s6f8qeikft26h2qc,M. Hodge,,Angel City,Away
2823534833,438,1,2,49,21,agxipc0vk4rtg09amjxv10nx0,0,42.9,89.9,2025-06-21T01:22:55.780Z,2025-06-21T01:22:58Z,"[{'id': 5776152431, 'qualifierId': 212, 'value': '38.6'}, {'id': 5776152427, 'qualifierId': 140, 'value': '79.7'}, {'id': 5776152435, 'qualifierId': 1}, {'id': 5776152423, 'qualifierId': 157}, {'id': 5776152433, 'qualifierId': 213, 'value': '6.28'}, {'id': 5776152425, 'qualifierId': 56, 'value': 'Left'}, {'id': 5776152429, 'qualifierId': 141, 'value': '89.7'}]",736jvvtkgwc3g1vooviaod33d,I. Rodriguez,,Kansas City Current,Home
2823534843,481,12,2,49,27,6hbfgdczbi3yg4sdpqgtu6s,1,16.0,3.1,2025-06-21T01:23:01.255Z,2025-06-27T16:00:15Z,"[{'id': 5776152479, 'qualifierId': 213, 'value': '5.96'}, {'id': 5776152475, 'qualifierId': 141, 'value': '0.0'}, {'id': 5776152473, 'qualifierId': 140, 'value': '24.7'}, {'id': 5776152493, 'qualifierId': 167}, {'id': 5776152477, 'qualifierId': 212, 'value': '9.6'}, {'id': 5776152471, 'qualifierId': 56, 'value': 'Back'}]",etdam0sfwiphiwykieovlsyy1,S. Gorden,,Angel City,Away
2823534853,439,5,2,49,28,agxipc0vk4rtg09amjxv10nx0,1,74.9,101.6,2025-06-21T01:23:02.620Z,2025-06-21T01:31:59Z,"[{'id': 5776152569, 'qualifierId': 233, 'value': '482'}, {'id': 5776152565, 'qualifierId': 56, 'value': 'Left'}, {'id': 5776152567, 'qualifierId': 347}]",ccw8gtkcahxf21rutqldjvkve,T. Chawinga,,Kansas City Current,Home
2823534845,482,5,2,49,28,6hbfgdczbi3yg4sdpqgtu6s,0,25.1,-1.6,2025-06-21T01:23:02.620Z,2025-06-21T01:31:59Z,"[{'id': 5776152483, 'qualifierId': 347}, {'id': 5776152575, 'qualifierId': 233, 'value': '439'}, {'id': 5776152481, 'qualifierId': 56, 'value': 'Back'}]",etdam0sfwiphiwykieovlsyy1,S. Gorden,,Angel City,Away
2823534865,440,1,2,49,38,agxipc0vk4rtg09amjxv10nx0,0,74.6,100.0,2025-06-21T01:23:12.844Z,2025-06-21T01:23:14Z,"[{'id': 5776152613, 'qualifierId': 140, 'value': '91.2'}, {'id': 5776152615, 'qualifierId': 141, 'value': '83.2'}, {'id': 5776152619, 'qualifierId': 213, 'value': '5.65'}, {'id': 5776152617, 'qualifierId': 212, 'value': '21.6'}, {'id': 5776152621, 'qualifierId': 1}, {'id': 5776152609, 'qualifierId': 107}, {'id': 5776152611, 'qualifierId': 56, 'value': 'Left'}]",736jvvtkgwc3g1vooviaod33d,I. Rodriguez,,Kansas City Current,Home
2823534887,483,1,2,49,42,6hbfgdczbi3yg4sdpqgtu6s,1,10.9,19.1,2025-06-21T01:23:16.607Z,2025-06-21T01:23:19Z,"[{'id': 5776152757, 'qualifierId': 212, 'value': '3.6'}, {'id': 5776152753, 'qualifierId': 140, 'value': '13.5'}, {'id': 5776152755, 'qualifierId': 141, 'value': '15.6'}, {'id': 5776152759, 'qualifierId': 213, 'value': '5.57'}, {'id': 5776152749, 'qualifierId': 3}, {'id': 5776152751, 'qualifierId': 56, 'value': 'Back'}]",etdam0sfwiphiwykieovlsyy1,S. Gorden,,Angel City,Away
2823534891,484,49,2,49,44,6hbfgdczbi3yg4sdpqgtu6s,1,12.9,10.9,2025-06-21T01:23:18.631Z,2025-06-27T16:00:54Z,[],89fa211ocgno2q0to22emh20a,G. Thompson,,Angel City,Away
2823534895,485,1,2,49,45,6hbfgdczbi3yg4sdpqgtu6s,0,12.9,10.9,2025-06-21T01:23:19.855Z,2025-06-21T01:23:20Z,"[{'id': 5776152799, 'qualifierId': 141, 'value': '4.3'}, {'id': 5776152795, 'qualifierId': 56, 'value': 'Back'}, {'id': 5776152803, 'qualifierId': 213, 'value': '6.07'}, {'id': 5776152793, 'qualifierId': 157}, {'id': 5776152805, 'qualifierId': 1}, {'id': 5776152797, 'qualifierId': 140, 'value': '32.3'}, {'id': 5776152801, 'qualifierId': 212, 'value': '20.9'}]",89fa211ocgno2q0to22emh20a,G. Thompson,,Angel City,Away
2823534899,441,49,2,49,47,agxipc0vk4rtg09amjxv10nx0,1,66.4,91.6,2025-06-21T01:23:21.643Z,2025-06-21T01:23:21Z,[],736jvvtkgwc3g1vooviaod33d,I. Rodriguez,,Kansas City Current,Home
2823534911,442,1,2,49,47,agxipc0vk4rtg09amjxv10nx0,1,66.4,91.6,2025-06-21T01:23:21.803Z,2025-06-21T01:23:24Z,"[{'id': 5776152857, 'qualifierId': 140, 'value': '71.4'}, {'id': 5776152863, 'qualifierId': 213, 'value': '5.43'}, {'id': 5776152855, 'qualifierId': 56, 'value': 'Left'}, {'id': 5776152861, 'qualifierId': 212, 'value': '8.0'}, {'id': 5776152859, 'qualifierId': 141, 'value': '82.8'}]",736jvvtkgwc3g1vooviaod33d,I. Rodriguez,,Kansas City Current,Home
2823534927,443,1,2,49,50,agxipc0vk4rtg09amjxv10nx0,1,70.8,77.5,2025-06-21T01:23:24.844Z,2025-06-21T01:23:27Z,"[{'id': 5776152929, 'qualifierId': 141, 'value': '78.0'}, {'id': 5776152925, 'qualifierId': 56, 'value': 'Center'}, {'id': 5776152933, 'qualifierId': 213, 'value': '3.11'}, {'id': 5776152927, 'qualifierId': 140, 'value': '61.5'}, {'id': 5776152931, 'qualifierId': 212, 'value': '9.8'}]",6hyf258ii56nw917w0b4ekob8,C. Hutton,,Kansas City Current,Home
2823534941,444,1,2,49,53,agxipc0vk4rtg09amjxv10nx0,1,66.4,83.7,2025-06-21T01:23:27.467Z,2025-06-21T01:23:31Z,"[{'id': 5776153015, 'qualifierId': 56, 'value': 'Left'}, {'id': 5776153019, 'qualifierId': 141, 'value': '93.8'}, {'id': 5776153021, 'qualifierId': 212, 'value': '23.2'}, {'id': 5776153023, 'qualifierId': 213, 'value': '0.30'}, {'id': 5776153017, 'qualifierId': 140, 'value': '87.5'}]",6k82rq8synvac950ext5t0jpx,R. Rodríguez,,Kansas City Current,Home
2823534953,445,1,2,49,57,agxipc0vk4rtg09amjxv10nx0,1,98.0,93.9,2025-06-21T01:23:31.651Z,2025-06-27T16:03:16Z,"[{'id': 5781714279, 'qualifierId': 72}, {'id': 5776153653, 'qualifierId': 210, 'value': '13'}, {'id': 5776153655, 'qualifierId': 154}, {'id': 5776153099, 'qualifierId': 1}, {'id': 5776153085, 'qualifierId': 2}, {'id': 5776153087, 'qualifierId': 155}, {'id': 5776153091, 'qualifierId': 140, 'value': '90.0'}, {'id': 5781714277, 'qualifierId': 224}, {'id': 5776153095, 'qualifierId': 212, 'value': '40.3'}, {'id': 5776153089, 'qualifierId': 56, 'value': 'Center'}, {'id': 5776153093, 'qualifierId': 141, 'value': '36.0'}, {'id': 5776153097, 'qualifierId': 213, 'value': '4.50'}]",736jvvtkgwc3g1vooviaod33d,I. Rodriguez,1.0,Kansas City Current,Home
2823534961,446,44,2,50,0,agxipc0vk4rtg09amjxv10nx0,1,87.7,41.8,2025-06-21T01:23:34.518Z,2025-06-21T02:23:18Z,"[{'id': 5776153147, 'qualifierId': 286}, {'id': 5776154889, 'qualifierId': 233, 'value': '492'}, {'id': 5776153145, 'qualifierId': 56, 'value': 'Center'}]",e1irspfo9xupqz2sqvyq1zp0q,M. Cooper,,Kansas City Current,Home
2823535159,492,44,2,50,0,6hbfgdczbi3yg4sdpqgtu6s,0,12.3,58.2,2025-06-21T01:23:34.519Z,2025-06-21T02:23:19Z,"[{'id': 5776154893, 'qualifierId': 233, 'value': '446'}, {'id': 5776154253, 'qualifierId': 285}, {'id': 5776154251, 'qualifierId': 56, 'value': 'Back'}]",9b94qn8vkpl0e7ujskes2m7d,M. Moriya,,Angel City,Away
2823534963,447,13,2,50,1,agxipc0vk4rtg09amjxv10nx0,1,89.6,46.4,2025-06-21T01:23:35.588Z,2025-06-27T16:03:41Z,"[{'id': 5776153681, 'qualifierId': 231, 'value': '49.5'}, {'id': 5776153669, 'qualifierId': 154}, {'id': 5776153671, 'qualifierId': 55, 'value': '445'}, {'id': 5776153313, 'qualifierId': 15}, {'id': 5776153675, 'qualifierId': 102, 'value': '6.7'}, {'id': 5776153315, 'qualifierId': 17}, {'id': 5776153677, 'qualifierId': 103, 'value': '5.6'}, {'id': 5776153667, 'qualifierId': 29}, {'id': 5776153665, 'qualifierId': 75}, {'id': 5776153149, 'qualifierId': 22}, {'id': 5776153153, 'qualifierId': 56, 'value': 'Center'}, {'id': 5776153679, 'qualifierId': 230, 'value': '98.1'}, {'id': 5776153319, 'qualifierId': 328}]",e1irspfo9xupqz2sqvyq1zp0q,M. Cooper,,Kansas City Current,Home
2823534977,448,5,2,50,6,agxipc0vk4rtg09amjxv10nx0,0,101.5,13.1,2025-06-21T01:23:40.560Z,2025-06-21T01:32:00Z,"[{'id': 5776153293, 'qualifierId': 233, 'value': '486'}, {'id': 5776153245, 'qualifierId': 56, 'value': 'Right'}, {'id': 5776153247, 'qualifierId': 346}]",e1irspfo9xupqz2sqvyq1zp0q,M. Cooper,,Kansas City Current,Home
2823534981,486,5,2,50,6,6hbfgdczbi3yg4sdpqgtu6s,1,-1.5,86.9,2025-06-21T01:23:40.560Z,2025-06-21T01:31:59Z,"[{'id': 5776153265, 'qualifierId': 346}, {'id': 5776153263, 'qualifierId': 56, 'value': 'Back'}, {'id': 5776153283, 'qualifierId': 233, 'value': '448'}]",89fa211ocgno2q0to22emh20a,G. Thompson,,Angel City,Away
2823535053,487,1,2,50,22,6hbfgdczbi3yg4sdpqgtu6s,1,4.3,53.9,2025-06-21T01:23:56.783Z,2025-06-21T01:23:58Z,"[{'id': 5776153651, 'qualifierId': 237}, {'id': 5776153645, 'qualifierId': 212, 'value': '10.7'}, {'id': 5776153643, 'qualifierId': 141, 'value': '69.0'}, {'id': 5776153647, 'qualifierId': 213, 'value': '1.29'}, {'id': 5776153637, 'qualifierId': 124}, {'id': 5776153657, 'qualifierId': 189}, {'id': 5776153641, 'qualifierId': 140, 'value': '7.1'}, {'id': 5776153639, 'qualifierId': 56, 'value': 'Back'}]",lg9muzm3sbiijicsik53m3je,A. Anderson,,Angel City,Away
2823535117,488,1,2,50,30,6hbfgdczbi3yg4sdpqgtu6s,1,14.3,69.1,2025-06-21T01:24:05.071Z,2025-06-21T01:24:11Z,"[{'id': 5776154021, 'qualifierId': 140, 'value': '7.8'}, {'id': 5776154023, 'qualifierId': 141, 'value': '54.0'}, {'id': 5776154025, 'qualifierId': 212, 'value': '12.3'}, {'id': 5776154027, 'qualifierId': 213, 'value': '4.13'}, {'id': 5776154019, 'qualifierId': 56, 'value': 'Back'}]",6opd7nuh51c7p6pn6w04yuntg,M. Reid,,Angel City,Away
2823535129,489,1,2,50,37,6hbfgdczbi3yg4sdpqgtu6s,1,12.3,46.6,2025-06-21T01:24:11.680Z,2025-06-21T01:24:14Z,"[{'id': 5776154101, 'qualifierId': 56, 'value': 'Back'}, {'id': 5776154109, 'qualifierId': 213, 'value': '4.52'}, {'id': 5776154105, 'qualifierId': 141, 'value': '20.0'}, {'id': 5776154103, 'qualifierId': 140, 'value': '9.0'}, {'id': 5776154107, 'qualifierId': 212, 'value': '18.4'}]",lg9muzm3sbiijicsik53m3je,A. Anderson,,Angel City,Away
2823535133,490,1,2,50,40,6hbfgdczbi3yg4sdpqgtu6s,0,6.3,22.4,2025-06-21T01:24:14.479Z,2025-06-27T16:05:32Z,"[{'id': 5776154123, 'qualifierId': 140, 'value': '19.7'}, {'id': 5776154129, 'qualifierId': 213, 'value': '5.43'}, {'id': 5776154125, 'qualifierId': 141, 'value': '0.0'}, {'id': 5776154127, 'qualifierId': 212, 'value': '21.4'}, {'id': 5776154121, 'qualifierId': 56, 'value': 'Back'}]",etdam0sfwiphiwykieovlsyy1,S. Gorden,,Angel City,Away
2823535239,452,5,2,50,41,agxipc0vk4rtg09amjxv10nx0,1,81.8,101.6,2025-06-21T01:24:15.297Z,2025-06-21T01:32:00Z,"[{'id': 5776154669, 'qualifierId': 56, 'value': 'Left'}, {'id': 5776154671, 'qualifierId': 347}, {'id': 5776154701, 'qualifierId': 233, 'value': '491'}]",6hyf258ii56nw917w0b4ekob8,C. Hutton,,Kansas City Current,Home
2823535135,491,5,2,50,41,6hbfgdczbi3yg4sdpqgtu6s,0,18.2,-1.6,2025-06-21T01:24:15.297Z,2025-06-21T01:32:00Z,"[{'id': 5776154133, 'qualifierId': 56, 'value': 'Back'}, {'id': 5776154135, 'qualifierId': 347}, {'id': 5776154705, 'qualifierId': 233, 'value': '452'}]",6bcvcloym3tzxss5hgsw4h1at,A. Kennedy,,Angel City,Away
2823535149,449,1,2,50,45,agxipc0vk4rtg09amjxv10nx0,1,83.4,100.0,2025-06-21T01:24:19.875Z,2025-06-27T16:06:14Z,"[{'id': 5776154193, 'qualifierId': 140, 'value': '87.5'}, {'id': 5776154199, 'qualifierId': 213, 'value': '4.93'}, {'id': 5776154195, 'qualifierId': 141, 'value': '73.9'}, {'id': 5776154197, 'qualifierId': 212, 'value': '19.6'}, {'id': 5776154743, 'qualifierId': 107}, {'id': 5776154191, 'qualifierId': 56, 'value': 'Center'}]",736jvvtkgwc3g1vooviaod33d,I. Rodriguez,,Kansas City Current,Home
2823535171,450,1,2,50,46,agxipc0vk4rtg09amjxv10nx0,1,87.5,73.9,2025-06-21T01:24:20.403Z,2025-06-27T16:06:26Z,"[{'id': 5776154331, 'qualifierId': 140, 'value': '74.4'}, {'id': 5781714969, 'qualifierId': 156}, {'id': 5776154337, 'qualifierId': 213, 'value': '3.28'}, {'id': 5776154335, 'qualifierId': 212, 'value': '13.9'}, {'id': 5776154333, 'qualifierId': 141, 'value': '71.1'}, {'id': 5776154329, 'qualifierId': 56, 'value': 'Center'}]",47iatvbptp6438v5qo359yw9h,Bia Zaneratto,,Kansas City Current,Home
2823535179,451,1,2,50,49,agxipc0vk4rtg09amjxv10nx0,1,76.9,61.5,2025-06-21T01:24:24.099Z,2025-06-21T01:35:02Z,"[{'id': 5776154377, 'qualifierId': 213, 'value': '5.11'}, {'id': 5776154371, 'qualifierId': 140, 'value': '80.8'}, {'id': 5776154369, 'qualifierId': 56, 'value': 'Center'}, {'id': 5776154373, 'qualifierId': 141, 'value': '47.2'}, {'id': 5776154375, 'qualifierId': 212, 'value': '10.6'}]",6hyf258ii56nw917w0b4ekob8,C. Hutton,,Kansas City Current,Home
2823537629,493,1,2,50,50,agxipc0vk4rtg09amjxv10nx0,0,81.6,50.5,2025-06-21T01:24:24.744Z,2025-06-21T01:34:58Z,"[{'id': 5776168567, 'qualifierId': 213, 'value': '6.02'}, {'id': 5776168561, 'qualifierId': 140, 'value': '91.0'}, {'id': 5776168559, 'qualifierId': 56, 'value': 'Center'}, {'id': 5776168563, 'qualifierId': 141, 'value': '46.6'}, {'id': 5776168565, 'qualifierId': 212, 'value': '10.2'}]",e1irspfo9xupqz2sqvyq1zp0q,M. Cooper,,Kansas City Current,Home
2823535193,493,12,2,50,51,6hbfgdczbi3yg4sdpqgtu6s,1,12.3,56.3,2025-06-21T01:24:25.567Z,2025-06-21T01:24:27Z,"[{'id': 5776154447, 'qualifierId': 140, 'value': '19.7'}, {'id': 5776154453, 'qualifierId': 213, 'value': '5.55'}, {'id': 5776154449, 'qualifierId': 141, 'value': '46.1'}, {'id': 5776154451, 'qualifierId': 212, 'value': '10.4'}, {'id': 5776154445, 'qualifierId': 56, 'value': 'Back'}]",6opd7nuh51c7p6pn6w04yuntg,M. Reid,,Angel City,Away
2823535197,494,49,2,50,52,6hbfgdczbi3yg4sdpqgtu6s,1,19.7,46.1,2025-06-21T01:24:26.975Z,2025-06-21T01:24:27Z,[],3bx0w0ftkij1lqrt727gjd94a,M. Hammond,,Angel City,Away
2823535213,495,1,2,50,53,6hbfgdczbi3yg4sdpqgtu6s,1,19.7,46.1,2025-06-21T01:24:27.182Z,2025-06-21T01:24:28Z,"[{'id': 5776154525, 'qualifierId': 140, 'value': '28.4'}, {'id': 5776154529, 'qualifierId': 212, 'value': '12.6'}, {'id': 5776154523, 'qualifierId': 56, 'value': 'Back'}, {'id': 5776154531, 'qualifierId': 213, 'value': '5.52'}, {'id': 5776154527, 'qualifierId': 141, 'value': '33.3'}]",3bx0w0ftkij1lqrt727gjd94a,M. Hammond,,Angel City,Away
2823535243,496,1,2,50,54,6hbfgdczbi3yg4sdpqgtu6s,1,31.4,33.6,2025-06-21T01:24:28.703Z,2025-06-21T01:24:35Z,"[{'id': 5776154695, 'qualifierId': 1}, {'id': 5776154685, 'qualifierId': 56, 'value': 'Left'}, {'id': 5776154689, 'qualifierId': 141, 'value': '81.4'}, {'id': 5776154693, 'qualifierId': 213, 'value': '0.88'}, {'id': 5776154687, 'qualifierId': 140, 'value': '57.0'}, {'id': 5776154691, 'qualifierId': 212, 'value': '42.2'}]",9mo419gtk6dy5lhcvatcllkyy,J. Dufour,,Angel City,Away
2823535245,497,1,2,51,0,6hbfgdczbi3yg4sdpqgtu6s,1,60.6,82.1,2025-06-21T01:24:35.088Z,2025-06-21T01:24:36Z,"[{'id': 5776154711, 'qualifierId': 140, 'value': '56.1'}, {'id': 5776154709, 'qualifierId': 56, 'value': 'Center'}, {'id': 5776154717, 'qualifierId': 213, 'value': '3.89'}, {'id': 5776154713, 'qualifierId': 141, 'value': '75.6'}, {'id': 5776154715, 'qualifierId': 212, 'value': '6.5'}]",9b94qn8vkpl0e7ujskes2m7d,M. Moriya,,Angel City,Away
2823535259,498,1,2,51,2,6hbfgdczbi3yg4sdpqgtu6s,1,56.1,75.6,2025-06-21T01:24:36.238Z,2025-06-21T01:24:39Z,"[{'id': 5776154785, 'qualifierId': 212, 'value': '16.9'}, {'id': 5776154783, 'qualifierId': 141, 'value': '63.6'}, {'id': 5776154779, 'qualifierId': 56, 'value': 'Center'}, {'id': 5776154787, 'qualifierId': 213, 'value': '5.78'}, {'id': 5776154781, 'qualifierId': 140, 'value': '70.2'}]",3bx0w0ftkij1lqrt727gjd94a,M. Hammond,,Angel City,Away
2823535277,499,1,2,51,5,6hbfgdczbi3yg4sdpqgtu6s,1,71.1,69.3,2025-06-21T01:24:39.519Z,2025-06-21T01:24:44Z,"[{'id': 5776154863, 'qualifierId': 141, 'value': '88.3'}, {'id': 5776154865, 'qualifierId': 212, 'value': '15.8'}, {'id': 5776154867, 'qualifierId': 213, 'value': '0.96'}, {'id': 5776154859, 'qualifierId': 56, 'value': 'Left'}, {'id': 5776154861, 'qualifierId': 140, 'value': '79.7'}]",dfeohozpw604y5jbu01u1dkkq,A. Thompson,,Angel City,Away
2823535289,500,1,2,51,10,6hbfgdczbi3yg4sdpqgtu6s,1,78.4,83.3,2025-06-21T01:24:44.159Z,2025-06-21T01:24:46Z,"[{'id': 5776154937, 'qualifierId': 212, 'value': '7.6'}, {'id': 5776154931, 'qualifierId': 56, 'value': 'Center'}, {'id': 5776154933, 'qualifierId': 140, 'value': '72.1'}, {'id': 5776154935, 'qualifierId': 141, 'value': '77.8'}, {'id': 5776154939, 'qualifierId': 213, 'value': '3.66'}]",bngif4yqa0asu77nptsb06n10,R. Tiernan,,Angel City,Away
2823535293,501,1,2,51,12,6hbfgdczbi3yg4sdpqgtu6s,1,71.9,76.9,2025-06-21T01:24:46.479Z,2025-06-21T01:24:48Z,"[{'id': 5776154971, 'qualifierId': 56, 'value': 'Center'}, {'id': 5776154977, 'qualifierId': 212, 'value': '12.2'}, {'id': 5776154979, 'qualifierId': 213, 'value': '4.93'}, {'id': 5776154975, 'qualifierId': 141, 'value': '59.4'}, {'id': 5776154973, 'qualifierId': 140, 'value': '74.4'}]",3bx0w0ftkij1lqrt727gjd94a,M. Hammond,,Angel City,Away
2823535303,502,1,2,51,13,6hbfgdczbi3yg4sdpqgtu6s,1,74.4,59.4,2025-06-21T01:24:48.127Z,2025-06-21T01:24:49Z,"[{'id': 5776155033, 'qualifierId': 213, 'value': '0.57'}, {'id': 5776155025, 'qualifierId': 56, 'value': 'Center'}, {'id': 5776155029, 'qualifierId': 141, 'value': '65.8'}, {'id': 5776155031, 'qualifierId': 212, 'value': '8.1'}, {'id': 5776155027, 'qualifierId': 140, 'value': '80.9'}]",8f2og4ng2s6f8qeikft26h2qc,M. Hodge,,Angel City,Away
2823535339,503,1,2,51,15,6hbfgdczbi3yg4sdpqgtu6s,1,80.9,65.8,2025-06-21T01:24:49.327Z,2025-06-21T01:25:02Z,"[{'id': 5776155209, 'qualifierId': 56, 'value': 'Center'}, {'id': 5776155215, 'qualifierId': 141, 'value': '53.3'}, {'id': 5776155219, 'qualifierId': 213, 'value': '4.45'}, {'id': 5776155213, 'qualifierId': 140, 'value': '78.7'}, {'id': 5776155429, 'qualifierId': 210, 'value': '15'}, {'id': 5776155217, 'qualifierId': 212, 'value': '8.8'}]",bngif4yqa0asu77nptsb06n10,R. Tiernan,1.0,Angel City,Away
2823535327,453,83,2,51,18,agxipc0vk4rtg09amjxv10nx0,0,19.1,57.0,2025-06-21T01:24:52.667Z,2025-06-21T01:24:58Z,"[{'id': 5776155357, 'qualifierId': 399, 'value': 'dfeohozpw604y5jbu01u1dkkq'}]",ccw8gtkcahxf21rutqldjvkve,T. Chawinga,,Kansas City Current,Home
2823535341,504,15,2,51,19,6hbfgdczbi3yg4sdpqgtu6s,1,77.7,58.7,2025-06-21T01:24:53.151Z,2025-06-27T16:07:28Z,"[{'id': 5776155451, 'qualifierId': 102, 'value': '49.4'}, {'id': 5776155457, 'qualifierId': 146, 'value': '98.1'}, {'id': 5776155455, 'qualifierId': 215}, {'id': 5776155453, 'qualifierId': 103, 'value': '24.7'}, {'id': 5776155445, 'qualifierId': 29}, {'id': 5776155443, 'qualifierId': 79}, {'id': 5776155447, 'qualifierId': 55, 'value': '503'}, {'id': 5776155227, 'qualifierId': 56, 'value': 'Center'}, {'id': 5776155321, 'qualifierId': 72}, {'id': 5776155459, 'qualifierId': 147, 'value': '50.9'}, {'id': 5776155223, 'qualifierId': 22}, {'id': 5776155497, 'qualifierId': 233, 'value': '454'}, {'id': 5776155225, 'qualifierId': 18}]",dfeohozpw604y5jbu01u1dkkq,A. Thompson,,Angel City,Away
2823535357,454,10,2,51,19,agxipc0vk4rtg09amjxv10nx0,1,2.0,52.1,2025-06-21T01:24:53.251Z,2025-06-27T16:08:04Z,"[{'id': 5781715369, 'qualifierId': 378}, {'id': 5776155301, 'qualifierId': 56, 'value': 'Back'}, {'id': 5776155297, 'qualifierId': 178}, {'id': 5776155495, 'qualifierId': 177}, {'id': 5776155299, 'qualifierId': 182}, {'id': 5776155515, 'qualifierId': 233, 'value': '504'}]",das6ydxiwz8trtyp98ss5i295,Lorena,,Kansas City Current,Home
2823535361,455,52,2,51,23,agxipc0vk4rtg09amjxv10nx0,1,2.0,52.1,2025-06-21T01:24:57.595Z,2025-06-27T16:08:07Z,"[{'id': 5781715379, 'qualifierId': 377}]",das6ydxiwz8trtyp98ss5i295,Lorena,,Kansas City Current,Home
2823535443,456,1,2,51,40,agxipc0vk4rtg09amjxv10nx0,1,6.8,47.9,2025-06-21T01:25:14.563Z,2025-06-27T16:08:14Z,"[{'id': 5781715425, 'qualifierId': 189}, {'id': 5776155769, 'qualifierId': 56, 'value': 'Back'}, {'id': 5776155771, 'qualifierId': 140, 'value': '23.7'}, {'id': 5776155767, 'qualifierId': 123}, {'id': 5776155777, 'qualifierId': 213, 'value': '0.98'}, {'id': 5776155793, 'qualifierId': 287}, {'id': 5776155773, 'qualifierId': 141, 'value': '86.5'}, {'id': 5776155775, 'qualifierId': 212, 'value': '31.7'}]",das6ydxiwz8trtyp98ss5i295,Lorena,,Kansas City Current,Home
2823535473,457,1,2,51,43,agxipc0vk4rtg09amjxv10nx0,1,30.0,89.2,2025-06-21T01:25:17.315Z,2025-06-21T01:25:19Z,"[{'id': 5776155919, 'qualifierId': 141, 'value': '53.4'}, {'id': 5776155915, 'qualifierId': 56, 'value': 'Back'}, {'id': 5776155921, 'qualifierId': 212, 'value': '24.4'}, {'id': 5776155923, 'qualifierId': 213, 'value': '4.65'}, {'id': 5776155917, 'qualifierId': 140, 'value': '28.6'}]",736jvvtkgwc3g1vooviaod33d,I. Rodriguez,,Kansas City Current,Home
2823535485,458,1,2,51,45,agxipc0vk4rtg09amjxv10nx0,1,28.7,53.4,2025-06-21T01:25:19.868Z,2025-06-21T01:25:22Z,"[{'id': 5776155981, 'qualifierId': 155}, {'id': 5776155991, 'qualifierId': 213, 'value': '5.49'}, {'id': 5776155993, 'qualifierId': 1}, {'id': 5776155985, 'qualifierId': 140, 'value': '57.0'}, {'id': 5776155989, 'qualifierId': 212, 'value': '42.3'}, {'id': 5776155983, 'qualifierId': 56, 'value': 'Right'}, {'id': 5776155987, 'qualifierId': 141, 'value': '9.1'}]",6hyf258ii56nw917w0b4ekob8,C. Hutton,,Kansas City Current,Home
2823535489,459,61,2,51,47,agxipc0vk4rtg09amjxv10nx0,0,58.0,8.2,2025-06-21T01:25:22.035Z,2025-06-21T01:25:22Z,"[{'id': 5776155997, 'qualifierId': 56, 'value': 'Right'}]",e1irspfo9xupqz2sqvyq1zp0q,M. Cooper,,Kansas City Current,Home
2823535491,505,61,2,51,48,6hbfgdczbi3yg4sdpqgtu6s,0,36.0,94.2,2025-06-21T01:25:22.614Z,2025-06-21T02:24:12Z,"[{'id': 5776155999, 'qualifierId': 56, 'value': 'Back'}]",9b94qn8vkpl0e7ujskes2m7d,M. Moriya,,Angel City,Away
2823535503,460,5,2,51,48,agxipc0vk4rtg09amjxv10nx0,1,61.7,-1.4,2025-06-21T01:25:22.899Z,2025-06-21T01:32:00Z,"[{'id': 5776156091, 'qualifierId': 233, 'value': '506'}, {'id': 5776156087, 'qualifierId': 56, 'value': 'Right'}, {'id': 5776156089, 'qualifierId': 347}]",e1irspfo9xupqz2sqvyq1zp0q,M. Cooper,,Kansas City Current,Home
2823535497,506,5,2,51,48,6hbfgdczbi3yg4sdpqgtu6s,0,38.3,101.4,2025-06-21T01:25:22.899Z,2025-06-21T01:32:01Z,"[{'id': 5776156107, 'qualifierId': 233, 'value': '460'}, {'id': 5776156031, 'qualifierId': 347}, {'id': 5776156029, 'qualifierId': 56, 'value': 'Back'}]",9b94qn8vkpl0e7ujskes2m7d,M. Moriya,,Angel City,Away
2823535521,461,1,2,51,51,agxipc0vk4rtg09amjxv10nx0,1,61.1,0.0,2025-06-21T01:25:25.411Z,2025-06-21T01:25:28Z,"[{'id': 5776156161, 'qualifierId': 107}, {'id': 5776156167, 'qualifierId': 141, 'value': '20.0'}, {'id': 5776156169, 'qualifierId': 212, 'value': '15.3'}, {'id': 5776156171, 'qualifierId': 213, 'value': '1.79'}, {'id': 5776156165, 'qualifierId': 140, 'value': '57.9'}, {'id': 5776156163, 'qualifierId': 56, 'value': 'Right'}]",e1irspfo9xupqz2sqvyq1zp0q,M. Cooper,,Kansas City Current,Home
2823535525,462,50,2,51,54,agxipc0vk4rtg09amjxv10nx0,1,59.2,20.0,2025-06-21T01:25:28.340Z,2025-06-27T16:08:36Z,"[{'id': 5776156177, 'qualifierId': 56, 'value': 'Right'}, {'id': 5776156179, 'qualifierId': 286}, {'id': 5776156243, 'qualifierId': 233, 'value': '507'}]",6k82rq8synvac950ext5t0jpx,R. Rodríguez,,Kansas City Current,Home
2823535533,507,7,2,51,54,6hbfgdczbi3yg4sdpqgtu6s,1,40.8,80.0,2025-06-21T01:25:28.341Z,2025-06-27T16:08:36Z,"[{'id': 5781715517, 'qualifierId': 178}, {'id': 5776156223, 'qualifierId': 285}, {'id': 5776156235, 'qualifierId': 233, 'value': '462'}, {'id': 5776156221, 'qualifierId': 56, 'value': 'Back'}, {'id': 5781715515, 'qualifierId': 385}]",8f2og4ng2s6f8qeikft26h2qc,M. Hodge,,Angel City,Away
2823535535,508,1,2,51,56,6hbfgdczbi3yg4sdpqgtu6s,0,31.8,93.0,2025-06-21T01:25:30.431Z,2025-06-21T01:25:31Z,"[{'id': 5776156261, 'qualifierId': 213, 'value': '5.60'}, {'id': 5776156255, 'qualifierId': 140, 'value': '45.6'}, {'id': 5776156259, 'qualifierId': 212, 'value': '18.7'}, {'id': 5776156253, 'qualifierId': 56, 'value': 'Back'}, {'id': 5776156257, 'qualifierId': 141, 'value': '75.7'}, {'id': 5776156251, 'qualifierId': 3}]",9b94qn8vkpl0e7ujskes2m7d,M. Moriya,,Angel City,Away
2823535537,463,1,2,51,58,agxipc0vk4rtg09amjxv10nx0,1,51.7,33.3,2025-06-21T01:25:32.955Z,2025-06-21T01:25:35Z,"[{'id': 5776156265, 'qualifierId': 140, 'value': '53.9'}, {'id': 5776156271, 'qualifierId': 213, 'value': '1.01'}, {'id': 5776156269, 'qualifierId': 212, 'value': '4.3'}, {'id': 5776156263, 'qualifierId': 56, 'value': 'Center'}, {'id': 5776156267, 'qualifierId': 141, 'value': '38.7'}]",9wvoeo39cgbelv8ddqin3aaga,H. Mace,,Kansas City Current,Home
2823535555,464,1,2,52,0,agxipc0vk4rtg09amjxv10nx0,1,52.9,42.4,2025-06-21T01:25:35.003Z,2025-06-21T01:25:41Z,"[{'id': 5776156371, 'qualifierId': 213, 'value': '1.52'}, {'id': 5776156365, 'qualifierId': 140, 'value': '54.4'}, {'id': 5776156369, 'qualifierId': 212, 'value': '28.3'}, {'id': 5776156363, 'qualifierId': 56, 'value': 'Left'}, {'id': 5776156367, 'qualifierId': 141, 'value': '83.9'}]",6hyf258ii56nw917w0b4ekob8,C. Hutton,,Kansas City Current,Home
2823535579,465,1,2,52,7,agxipc0vk4rtg09amjxv10nx0,1,57.0,88.7,2025-06-21T01:25:41.211Z,2025-06-21T01:25:46Z,"[{'id': 5776156513, 'qualifierId': 140, 'value': '37.2'}, {'id': 5776156519, 'qualifierId': 213, 'value': '3.61'}, {'id': 5776156515, 'qualifierId': 141, 'value': '73.4'}, {'id': 5776156517, 'qualifierId': 212, 'value': '23.2'}, {'id': 5776156511, 'qualifierId': 56, 'value': 'Back'}]",736jvvtkgwc3g1vooviaod33d,I. Rodriguez,,Kansas City Current,Home
2823535599,466,1,2,52,12,agxipc0vk4rtg09amjxv10nx0,1,38.0,68.1,2025-06-21T01:25:46.331Z,2025-06-21T01:25:49Z,"[{'id': 5776156621, 'qualifierId': 212, 'value': '20.7'}, {'id': 5776156615, 'qualifierId': 56, 'value': 'Center'}, {'id': 5776156619, 'qualifierId': 141, 'value': '45.4'}, {'id': 5776156617, 'qualifierId': 140, 'value': '51.2'}, {'id': 5776156623, 'qualifierId': 213, 'value': '5.44'}]",cl1av4qyzjkq03akjof6tdf1m,K. Sharples,,Kansas City Current,Home
2823535605,467,1,2,52,15,agxipc0vk4rtg09amjxv10nx0,1,51.2,45.4,2025-06-21T01:25:49.635Z,2025-06-21T01:25:52Z,"[{'id': 5776156643, 'qualifierId': 212, 'value': '16.3'}, {'id': 5776156645, 'qualifierId': 213, 'value': '2.09'}, {'id': 5776156637, 'qualifierId': 56, 'value': 'Back'}, {'id': 5776156639, 'qualifierId': 140, 'value': '43.5'}, {'id': 5776156641, 'qualifierId': 141, 'value': '66.2'}]",6k82rq8synvac950ext5t0jpx,R. Rodríguez,,Kansas City Current,Home
2823535611,468,1,2,52,17,agxipc0vk4rtg09amjxv10nx0,1,43.5,66.2,2025-06-21T01:25:52.066Z,2025-06-21T01:25:53Z,"[{'id': 5776156663, 'qualifierId': 56, 'value': 'Center'}, {'id': 5776156671, 'qualifierId': 213, 'value': '5.78'}, {'id': 5776156669, 'qualifierId': 212, 'value': '8.5'}, {'id': 5776156665, 'qualifierId': 140, 'value': '50.6'}, {'id': 5776156667, 'qualifierId': 141, 'value': '60.2'}]",cl1av4qyzjkq03akjof6tdf1m,K. Sharples,,Kansas City Current,Home
2823535631,469,1,2,52,19,agxipc0vk4rtg09amjxv10nx0,1,50.6,60.2,2025-06-21T01:25:53.611Z,2025-06-21T01:25:56Z,"[{'id': 5776156825, 'qualifierId': 213, 'value': '3.85'}, {'id': 5776156817, 'qualifierId': 56, 'value': 'Back'}, {'id': 5776156823, 'qualifierId': 212, 'value': '19.1'}, {'id': 5776156821, 'qualifierId': 141, 'value': '42.0'}, {'id': 5776156819, 'qualifierId': 140, 'value': '36.8'}]",6hyf258ii56nw917w0b4ekob8,C. Hutton,,Kansas City Current,Home
2823535635,470,1,2,52,22,agxipc0vk4rtg09amjxv10nx0,1,32.5,38.7,2025-06-21T01:25:56.581Z,2025-06-21T01:25:59Z,"[{'id': 5776156845, 'qualifierId': 56, 'value': 'Back'}, {'id': 5776156851, 'qualifierId': 212, 'value': '17.3'}, {'id': 5776156849, 'qualifierId': 141, 'value': '14.5'}, {'id': 5776156847, 'qualifierId': 140, 'value': '37.6'}, {'id': 5776156853, 'qualifierId': 213, 'value': '5.03'}]",48l2ildbeme2l336nor2hw6lm,E. Ball,,Kansas City Current,Home
2823535647,471,1,2,52,25,agxipc0vk4rtg09amjxv10nx0,1,38.9,12.8,2025-06-21T01:25:59.339Z,2025-06-21T01:26:02Z,"[{'id': 5776156923, 'qualifierId': 212, 'value': '18.7'}, {'id': 5776156925, 'qualifierId': 213, 'value': '2.06'}, {'id': 5776156917, 'qualifierId': 56, 'value': 'Back'}, {'id': 5776156919, 'qualifierId': 140, 'value': '30.6'}, {'id': 5776156921, 'qualifierId': 141, 'value': '37.1'}]",9wvoeo39cgbelv8ddqin3aaga,H. Mace,,Kansas City Current,Home
2823535677,472,1,2,52,28,agxipc0vk4rtg09amjxv10nx0,1,30.6,37.1,2025-06-21T01:26:02.530Z,2025-06-21T01:26:08Z,"[{'id': 5776157107, 'qualifierId': 213, 'value': '1.50'}, {'id': 5776157099, 'qualifierId': 56, 'value': 'Back'}, {'id': 5776157103, 'qualifierId': 141, 'value': '71.4'}, {'id': 5776157105, 'qualifierId': 212, 'value': '23.4'}, {'id': 5776157101, 'qualifierId': 140, 'value': '32.2'}]",48l2ildbeme2l336nor2hw6lm,E. Ball,,Kansas City Current,Home
2823535679,473,1,2,52,33,agxipc0vk4rtg09amjxv10nx0,0,39.2,66.5,2025-06-21T01:26:07.955Z,2025-06-21T01:26:09Z,"[{'id': 5776157127, 'qualifierId': 213, 'value': '0.01'}, {'id': 5776157119, 'qualifierId': 56, 'value': 'Center'}, {'id': 5776157121, 'qualifierId': 140, 'value': '66.8'}, {'id': 5776157123, 'qualifierId': 141, 'value': '67.1'}, {'id': 5776157125, 'qualifierId': 212, 'value': '29.0'}]",cl1av4qyzjkq03akjof6tdf1m,K. Sharples,,Kansas City Current,Home
2823535685,509,8,2,52,36,6hbfgdczbi3yg4sdpqgtu6s,1,34.2,27.3,2025-06-21T01:26:10.647Z,2025-06-27T16:15:15Z,"[{'id': 5781718205, 'qualifierId': 384}, {'id': 5776157153, 'qualifierId': 56, 'value': 'Back'}]",etdam0sfwiphiwykieovlsyy1,S. Gorden,,Angel City,Away
2823535689,510,49,2,52,37,6hbfgdczbi3yg4sdpqgtu6s,1,41.8,21.9,2025-06-21T01:26:11.926Z,2025-06-27T16:15:17Z,[],9mo419gtk6dy5lhcvatcllkyy,J. Dufour,,Angel City,Away
2823535693,511,1,2,52,38,6hbfgdczbi3yg4sdpqgtu6s,1,41.8,21.9,2025-06-21T01:26:13.023Z,2025-06-21T01:26:14Z,"[{'id': 5776157179, 'qualifierId': 140, 'value': '34.3'}, {'id': 5776157181, 'qualifierId': 141, 'value': '31.6'}, {'id': 5776157183, 'qualifierId': 212, 'value': '10.3'}, {'id': 5776157177, 'qualifierId': 56, 'value': 'Back'}, {'id': 5776157185, 'qualifierId': 213, 'value': '2.44'}]",9mo419gtk6dy5lhcvatcllkyy,J. Dufour,,Angel City,Away
2823535699,512,1,2,52,39,6hbfgdczbi3yg4sdpqgtu6s,1,34.3,31.6,2025-06-21T01:26:13.998Z,2025-06-21T01:26:15Z,"[{'id': 5776157217, 'qualifierId': 141, 'value': '43.7'}, {'id': 5776157213, 'qualifierId': 56, 'value': 'Back'}, {'id': 5776157221, 'qualifierId': 213, 'value': '0.79'}, {'id': 5776157215, 'qualifierId': 140, 'value': '42.1'}, {'id': 5776157219, 'qualifierId': 212, 'value': '11.6'}]",etdam0sfwiphiwykieovlsyy1,S. Gorden,,Angel City,Away
2823535705,513,1,2,52,41,6hbfgdczbi3yg4sdpqgtu6s,1,42.1,43.7,2025-06-21T01:26:15.534Z,2025-06-21T01:26:17Z,"[{'id': 5776157267, 'qualifierId': 140, 'value': '55.2'}, {'id': 5776157273, 'qualifierId': 213, 'value': '0.76'}, {'id': 5776157265, 'qualifierId': 56, 'value': 'Center'}, {'id': 5776157271, 'qualifierId': 212, 'value': '19.0'}, {'id': 5776157269, 'qualifierId': 141, 'value': '62.9'}]",3bx0w0ftkij1lqrt727gjd94a,M. Hammond,,Angel City,Away
2823535707,514,61,2,52,43,6hbfgdczbi3yg4sdpqgtu6s,0,55.6,64.0,2025-06-21T01:26:17.327Z,2025-06-21T01:26:17Z,"[{'id': 5776157277, 'qualifierId': 56, 'value': 'Center'}]",dfeohozpw604y5jbu01u1dkkq,A. Thompson,,Angel City,Away
2823535723,474,1,2,52,45,agxipc0vk4rtg09amjxv10nx0,1,46.2,18.7,2025-06-21T01:26:19.986Z,2025-06-21T01:26:21Z,"[{'id': 5776157377, 'qualifierId': 213, 'value': '2.97'}, {'id': 5776157375, 'qualifierId': 212, 'value': '46.3'}, {'id': 5776157379, 'qualifierId': 1}, {'id': 5776157373, 'qualifierId': 141, 'value': '30.4'}, {'id': 5776157371, 'qualifierId': 140, 'value': '2.8'}, {'id': 5776157369, 'qualifierId': 56, 'value': 'Back'}]",e1irspfo9xupqz2sqvyq1zp0q,M. Cooper,,Kansas City Current,Home
2823535725,475,49,2,52,47,agxipc0vk4rtg09amjxv10nx0,1,3.5,29.9,2025-06-21T01:26:21.891Z,2025-06-21T01:26:22Z,[],das6ydxiwz8trtyp98ss5i295,Lorena,,Kansas City Current,Home
2823535781,476,1,2,52,55,agxipc0vk4rtg09amjxv10nx0,0,6.2,18.3,2025-06-21T01:26:29.682Z,2025-06-21T01:26:34Z,"[{'id': 5776157691, 'qualifierId': 56, 'value': 'Back'}, {'id': 5776157701, 'qualifierId': 1}, {'id': 5776157695, 'qualifierId': 141, 'value': '7.2'}, {'id': 5776157699, 'qualifierId': 213, 'value': '6.10'}, {'id': 5776157689, 'qualifierId': 157}, {'id': 5776157693, 'qualifierId': 140, 'value': '45.6'}, {'id': 5776157697, 'qualifierId': 212, 'value': '42.1'}]",das6ydxiwz8trtyp98ss5i295,Lorena,,Kansas City Current,Home
2823535779,515,44,2,52,59,6hbfgdczbi3yg4sdpqgtu6s,1,54.2,92.5,2025-06-21T01:26:33.310Z,2025-06-21T02:23:19Z,"[{'id': 5776157709, 'qualifierId': 233, 'value': '477'}, {'id': 5776157685, 'qualifierId': 56, 'value': 'Left'}, {'id': 5776157687, 'qualifierId': 286}]",9b94qn8vkpl0e7ujskes2m7d,M. Moriya,,Angel City,Away
2823535783,477,44,2,52,59,agxipc0vk4rtg09amjxv10nx0,0,45.8,7.5,2025-06-21T01:26:33.311Z,2025-06-21T02:23:19Z,"[{'id': 5776157705, 'qualifierId': 56, 'value': 'Back'}, {'id': 5776157713, 'qualifierId': 233, 'value': '515'}, {'id': 5776157707, 'qualifierId': 285}]",e1irspfo9xupqz2sqvyq1zp0q,M. Cooper,,Kansas City Current,Home
2823535789,516,1,2,52,59,6hbfgdczbi3yg4sdpqgtu6s,0,54.1,92.6,2025-06-21T01:26:33.647Z,2025-06-27T16:41:11Z,"[{'id': 5776157717, 'qualifierId': 3}, {'id': 5776157725, 'qualifierId': 212, 'value': '1.3'}, {'id': 5776157723, 'qualifierId': 141, 'value': '92.6'}, {'id': 5776157721, 'qualifierId': 140, 'value': '55.3'}, {'id': 5776157719, 'qualifierId': 56, 'value': 'Left'}, {'id': 5776157727, 'qualifierId': 213, 'value': '0.00'}]",9b94qn8vkpl0e7ujskes2m7d,M. Moriya,,Angel City,Away
2824532053,811,61,2,53,0,agxipc0vk4rtg09amjxv10nx0,1,41.4,7.8,2025-06-21T01:26:34.279Z,2025-06-27T16:41:20Z,"[{'id': 5781726949, 'qualifierId': 56, 'value': 'Back'}]",e1irspfo9xupqz2sqvyq1zp0q,M. Cooper,,Kansas City Current,Home
2823535791,517,1,2,53,0,6hbfgdczbi3yg4sdpqgtu6s,0,62.4,86.8,2025-06-21T01:26:34.847Z,2025-06-21T01:26:35Z,"[{'id': 5776157737, 'qualifierId': 141, 'value': '86.9'}, {'id': 5776157731, 'qualifierId': 155}, {'id': 5776157733, 'qualifierId': 56, 'value': 'Left'}, {'id': 5776157741, 'qualifierId': 213, 'value': '0.01'}, {'id': 5776157739, 'qualifierId': 212, 'value': '7.1'}, {'id': 5776157735, 'qualifierId': 140, 'value': '69.2'}]",3bx0w0ftkij1lqrt727gjd94a,M. Hammond,,Angel City,Away
2823535805,478,1,2,53,2,agxipc0vk4rtg09amjxv10nx0,0,36.2,6.1,2025-06-21T01:26:36.899Z,2025-06-21T01:26:38Z,"[{'id': 5776157821, 'qualifierId': 141, 'value': '0.0'}, {'id': 5776157815, 'qualifierId': 155}, {'id': 5776157819, 'qualifierId': 140, 'value': '52.9'}, {'id': 5776157825, 'qualifierId': 213, 'value': '6.00'}, {'id': 5776157817, 'qualifierId': 56, 'value': 'Right'}, {'id': 5776157823, 'qualifierId': 212, 'value': '18.3'}]",dv8265k3za578hkzxxuttqmdx,V. DiBernardo,,Kansas City Current,Home
2823535807,479,5,2,53,3,agxipc0vk4rtg09amjxv10nx0,0,51.3,-1.3,2025-06-21T01:26:38.104Z,2025-06-21T01:32:01Z,"[{'id': 5776157829, 'qualifierId': 347}, {'id': 5776158151, 'qualifierId': 233, 'value': '518'}, {'id': 5776157827, 'qualifierId': 56, 'value': 'Right'}]",dv8265k3za578hkzxxuttqmdx,V. DiBernardo,,Kansas City Current,Home
2823535855,518,5,2,53,3,6hbfgdczbi3yg4sdpqgtu6s,1,48.7,101.3,2025-06-21T01:26:38.104Z,2025-06-21T01:32:01Z,"[{'id': 5776158135, 'qualifierId': 56, 'value': 'Back'}, {'id': 5776158137, 'qualifierId': 347}, {'id': 5776158143, 'qualifierId': 233, 'value': '479'}]",3bx0w0ftkij1lqrt727gjd94a,M. Hammond,,Angel City,Away
2823535861,519,1,2,53,17,6hbfgdczbi3yg4sdpqgtu6s,1,54.3,100.0,2025-06-21T01:26:51.438Z,2025-06-21T01:26:52Z,"[{'id': 5776158167, 'qualifierId': 140, 'value': '56.7'}, {'id': 5776158173, 'qualifierId': 213, 'value': '5.01'}, {'id': 5776158163, 'qualifierId': 107}, {'id': 5776158165, 'qualifierId': 56, 'value': 'Left'}, {'id': 5776158171, 'qualifierId': 212, 'value': '8.5'}, {'id': 5776158169, 'qualifierId': 141, 'value': '89.6'}]",9b94qn8vkpl0e7ujskes2m7d,M. Moriya,,Angel City,Away
2823535867,520,1,2,53,18,6hbfgdczbi3yg4sdpqgtu6s,1,56.7,89.6,2025-06-21T01:26:52.334Z,2025-06-21T01:26:53Z,"[{'id': 5776158209, 'qualifierId': 56, 'value': 'Left'}, {'id': 5776158211, 'qualifierId': 140, 'value': '58.8'}, {'id': 5776158217, 'qualifierId': 213, 'value': '1.18'}, {'id': 5776158213, 'qualifierId': 141, 'value': '97.5'}, {'id': 5776158215, 'qualifierId': 212, 'value': '5.8'}]",8f2og4ng2s6f8qeikft26h2qc,M. Hodge,,Angel City,Away
2823535869,521,1,2,53,19,6hbfgdczbi3yg4sdpqgtu6s,0,58.8,97.5,2025-06-21T01:26:53.150Z,2025-06-21T01:26:53Z,"[{'id': 5776158233, 'qualifierId': 213, 'value': '5.60'}, {'id': 5776158225, 'qualifierId': 56, 'value': 'Left'}, {'id': 5776158229, 'qualifierId': 141, 'value': '89.6'}, {'id': 5776158227, 'qualifierId': 140, 'value': '65.1'}, {'id': 5776158231, 'qualifierId': 212, 'value': '8.5'}]",9b94qn8vkpl0e7ujskes2m7d,M. Moriya,,Angel City,Away
2823535897,480,8,2,53,23,agxipc0vk4rtg09amjxv10nx0,1,36.7,25.7,2025-06-21T01:26:57.434Z,2025-06-27T16:41:58Z,"[{'id': 5776158361, 'qualifierId': 56, 'value': 'Back'}, {'id': 5781727221, 'qualifierId': 384}]",6k82rq8synvac950ext5t0jpx,R. Rodríguez,,Kansas City Current,Home
2823535905,481,49,2,53,24,agxipc0vk4rtg09amjxv10nx0,1,68.5,31.8,2025-06-21T01:26:58.419Z,2025-06-21T01:26:58Z,[],ccw8gtkcahxf21rutqldjvkve,T. Chawinga,,Kansas City Current,Home
2823535937,482,61,2,53,28,agxipc0vk4rtg09amjxv10nx0,0,83.6,30.6,2025-06-21T01:27:02.651Z,2025-06-27T16:42:12Z,"[{'id': 5776158527, 'qualifierId': 56, 'value': 'Center'}]",ccw8gtkcahxf21rutqldjvkve,T. Chawinga,,Kansas City Current,Home
2823535939,522,49,2,53,30,6hbfgdczbi3yg4sdpqgtu6s,1,15.3,26.2,2025-06-21T01:27:04.718Z,2025-06-21T01:27:04Z,[],89fa211ocgno2q0to22emh20a,G. Thompson,,Angel City,Away
2823535969,523,1,2,53,36,6hbfgdczbi3yg4sdpqgtu6s,1,35.1,7.9,2025-06-21T01:27:10.975Z,2025-06-21T01:27:14Z,"[{'id': 5776158693, 'qualifierId': 213, 'value': '0.61'}, {'id': 5776158685, 'qualifierId': 56, 'value': 'Back'}, {'id': 5776158689, 'qualifierId': 141, 'value': '20.0'}, {'id': 5776158687, 'qualifierId': 140, 'value': '46.3'}, {'id': 5776158691, 'qualifierId': 212, 'value': '14.4'}]",89fa211ocgno2q0to22emh20a,G. Thompson,,Angel City,Away
2823535973,524,1,2,53,40,6hbfgdczbi3yg4sdpqgtu6s,1,40.0,15.3,2025-06-21T01:27:14.414Z,2025-06-21T01:27:15Z,"[{'id': 5776158715, 'qualifierId': 212, 'value': '5.6'}, {'id': 5776158713, 'qualifierId': 141, 'value': '7.1'}, {'id': 5776158717, 'qualifierId': 213, 'value': '4.62'}, {'id': 5776158711, 'qualifierId': 140, 'value': '39.5'}, {'id': 5776158709, 'qualifierId': 56, 'value': 'Back'}]",bngif4yqa0asu77nptsb06n10,R. Tiernan,,Angel City,Away
2823535981,525,1,2,53,41,6hbfgdczbi3yg4sdpqgtu6s,1,39.5,7.1,2025-06-21T01:27:15.310Z,2025-06-21T01:27:19Z,"[{'id': 5776158771, 'qualifierId': 141, 'value': '23.3'}, {'id': 5776158769, 'qualifierId': 140, 'value': '39.4'}, {'id': 5776158775, 'qualifierId': 213, 'value': '1.58'}, {'id': 5776158767, 'qualifierId': 56, 'value': 'Back'}, {'id': 5776158773, 'qualifierId': 212, 'value': '11.0'}]",9mo419gtk6dy5lhcvatcllkyy,J. Dufour,,Angel City,Away
2823535987,526,1,2,53,44,6hbfgdczbi3yg4sdpqgtu6s,1,46.0,20.4,2025-06-21T01:27:19.022Z,2025-06-21T01:27:20Z,"[{'id': 5776158823, 'qualifierId': 213, 'value': '6.21'}, {'id': 5776158817, 'qualifierId': 140, 'value': '66.1'}, {'id': 5776158815, 'qualifierId': 56, 'value': 'Right'}, {'id': 5776158819, 'qualifierId': 141, 'value': '18.0'}, {'id': 5776158821, 'qualifierId': 212, 'value': '21.2'}]",bngif4yqa0asu77nptsb06n10,R. Tiernan,,Angel City,Away
2823535995,527,1,2,53,46,6hbfgdczbi3yg4sdpqgtu6s,1,66.1,18.0,2025-06-21T01:27:20.782Z,2025-06-21T01:27:22Z,"[{'id': 5776158857, 'qualifierId': 141, 'value': '11.0'}, {'id': 5776158855, 'qualifierId': 140, 'value': '74.7'}, {'id': 5776158861, 'qualifierId': 213, 'value': '5.80'}, {'id': 5776158859, 'qualifierId': 212, 'value': '10.2'}, {'id': 5776158853, 'qualifierId': 56, 'value': 'Right'}]",89fa211ocgno2q0to22emh20a,G. Thompson,,Angel City,Away
2823536001,528,1,2,53,48,6hbfgdczbi3yg4sdpqgtu6s,0,74.7,11.0,2025-06-21T01:27:22.685Z,2025-06-21T01:27:24Z,"[{'id': 5776158885, 'qualifierId': 213, 'value': '1.06'}, {'id': 5776158877, 'qualifierId': 56, 'value': 'Center'}, {'id': 5776158883, 'qualifierId': 212, 'value': '25.0'}, {'id': 5776158881, 'qualifierId': 141, 'value': '43.0'}, {'id': 5776158879, 'qualifierId': 140, 'value': '86.4'}]",9mo419gtk6dy5lhcvatcllkyy,J. Dufour,,Angel City,Away
2823535999,483,8,2,53,50,agxipc0vk4rtg09amjxv10nx0,1,13.8,60.5,2025-06-21T01:27:24.770Z,2025-06-27T16:42:57Z,"[{'id': 5781727603, 'qualifierId': 385}, {'id': 5776158875, 'qualifierId': 56, 'value': 'Back'}, {'id': 5781727599, 'qualifierId': 14}]",48l2ildbeme2l336nor2hw6lm,E. Ball,,Kansas City Current,Home
2823536013,529,43,2,53,53,6hbfgdczbi3yg4sdpqgtu6s,1,0.0,0.0,2025-06-21T01:27:27.422Z,2025-06-21T01:27:38Z,"[{'id': 5776159221, 'qualifierId': 144, 'value': '61'}, {'id': 5776158941, 'qualifierId': 56, 'value': 'Center'}]",dfeohozpw604y5jbu01u1dkkq,A. Thompson,,Angel City,Away
2823536023,530,4,2,53,55,6hbfgdczbi3yg4sdpqgtu6s,1,86.6,40.0,2025-06-21T01:27:29.486Z,2025-06-21T01:29:20Z,"[{'id': 5776159195, 'qualifierId': 152}, {'id': 5776159199, 'qualifierId': 286}, {'id': 5776159189, 'qualifierId': 9}, {'id': 5776159193, 'qualifierId': 56, 'value': 'Center'}, {'id': 5776159197, 'qualifierId': 265}, {'id': 5776159213, 'qualifierId': 233, 'value': '484'}, {'id': 5776159191, 'qualifierId': 13}, {'id': 5776161805, 'qualifierId': 348, 'value': 'dfeohozpw604y5jbu01u1dkkq'}]",dfeohozpw604y5jbu01u1dkkq,A. Thompson,,Angel City,Away
2823536029,484,4,2,53,55,agxipc0vk4rtg09amjxv10nx0,0,13.4,60.0,2025-06-21T01:27:29.487Z,2025-06-21T01:27:38Z,"[{'id': 5776159091, 'qualifierId': 13}, {'id': 5776159099, 'qualifierId': 285}, {'id': 5776159095, 'qualifierId': 152}, {'id': 5776159089, 'qualifierId': 9}, {'id': 5776159093, 'qualifierId': 56, 'value': 'Back'}, {'id': 5776159219, 'qualifierId': 233, 'value': '530'}, {'id': 5776159097, 'qualifierId': 265}]",48l2ildbeme2l336nor2hw6lm,E. Ball,,Kansas City Current,Home
2823536615,486,58,2,56,0,agxipc0vk4rtg09amjxv10nx0,0,0.0,0.0,2025-06-21T01:29:34.638Z,2025-06-21T01:29:55Z,"[{'id': 5776162313, 'qualifierId': 75}, {'id': 5776162315, 'qualifierId': 56, 'value': 'Back'}, {'id': 5776162561, 'qualifierId': 233, 'value': '531'}, {'id': 5776162311, 'qualifierId': 179}, {'id': 5776162309, 'qualifierId': 187}, {'id': 5776162307, 'qualifierId': 9}]",das6ydxiwz8trtyp98ss5i295,Lorena,,Kansas City Current,Home
2823536583,531,15,2,56,0,6hbfgdczbi3yg4sdpqgtu6s,1,88.5,50.0,2025-06-21T01:29:34.638Z,2025-06-21T01:29:57Z,"[{'id': 5776162515, 'qualifierId': 76}, {'id': 5776162517, 'qualifierId': 102, 'value': '52.4'}, {'id': 5776162529, 'qualifierId': 146, 'value': '99.8'}, {'id': 5776162531, 'qualifierId': 147, 'value': '50'}, {'id': 5776162161, 'qualifierId': 9}, {'id': 5776162551, 'qualifierId': 353, 'value': '486'}, {'id': 5776162521, 'qualifierId': 390, 'value': '447456'}, {'id': 5776162519, 'qualifierId': 103, 'value': '19.6'}, {'id': 5776162527, 'qualifierId': 138}, {'id': 5776162167, 'qualifierId': 214}, {'id': 5776162367, 'qualifierId': 20}, {'id': 5776162165, 'qualifierId': 56, 'value': 'Center'}, {'id': 5776162523, 'qualifierId': 458}, {'id': 5776162587, 'qualifierId': 233, 'value': '487'}, {'id': 5776162163, 'qualifierId': 17}, {'id': 5776162525, 'qualifierId': 275}]",dfeohozpw604y5jbu01u1dkkq,A. Thompson,,Angel City,Away
2823536619,487,10,2,56,0,agxipc0vk4rtg09amjxv10nx0,1,0.7,49.7,2025-06-21T01:29:34.738Z,2025-06-27T16:44:12Z,"[{'id': 5776162327, 'qualifierId': 179}, {'id': 5781728057, 'qualifierId': 377}, {'id': 5776162591, 'qualifierId': 233, 'value': '531'}, {'id': 5776162323, 'qualifierId': 9}, {'id': 5776162325, 'qualifierId': 173}, {'id': 5776162329, 'qualifierId': 182}, {'id': 5776162583, 'qualifierId': 275}, {'id': 5776162331, 'qualifierId': 56, 'value': 'Back'}]",das6ydxiwz8trtyp98ss5i295,Lorena,,Kansas City Current,Home
2823536793,488,6,2,56,5,agxipc0vk4rtg09amjxv10nx0,0,6.1,49.8,2025-06-21T01:29:40.093Z,2025-06-27T16:47:05Z,"[{'id': 5776165077, 'qualifierId': 233, 'value': '532'}, {'id': 5776163285, 'qualifierId': 73}, {'id': 5776163283, 'qualifierId': 56, 'value': 'Back'}]",das6ydxiwz8trtyp98ss5i295,Lorena,,Kansas City Current,Home
2823536607,532,6,2,56,5,6hbfgdczbi3yg4sdpqgtu6s,1,93.9,50.2,2025-06-21T01:29:40.093Z,2025-06-21T01:31:55Z,"[{'id': 5776162281, 'qualifierId': 56, 'value': 'Center'}, {'id': 5776162283, 'qualifierId': 73}, {'id': 5776165071, 'qualifierId': 233, 'value': '488'}]",dfeohozpw604y5jbu01u1dkkq,A. Thompson,,Angel City,Away
2823536825,533,1,2,56,48,6hbfgdczbi3yg4sdpqgtu6s,1,99.5,99.5,2025-06-21T01:30:22.653Z,2025-06-27T16:47:00Z,"[{'id': 5781729123, 'qualifierId': 20}, {'id': 5776163499, 'qualifierId': 140, 'value': '96.3'}, {'id': 5776163505, 'qualifierId': 213, 'value': '4.56'}, {'id': 5776163491, 'qualifierId': 6}, {'id': 5776163503, 'qualifierId': 212, 'value': '21.8'}, {'id': 5776163497, 'qualifierId': 56, 'value': 'Center'}, {'id': 5776163501, 'qualifierId': 141, 'value': '67.8'}, {'id': 5776163489, 'qualifierId': 2}, {'id': 5776163495, 'qualifierId': 223}]",9mo419gtk6dy5lhcvatcllkyy,J. Dufour,,Angel City,Away
2823536827,534,1,2,56,57,6hbfgdczbi3yg4sdpqgtu6s,0,98.2,70.3,2025-06-21T01:30:31.469Z,2025-06-21T01:30:49Z,"[{'id': 5776163517, 'qualifierId': 212, 'value': '16.8'}, {'id': 5776163519, 'qualifierId': 213, 'value': '4.59'}, {'id': 5776163515, 'qualifierId': 141, 'value': '45.8'}, {'id': 5776163513, 'qualifierId': 140, 'value': '96.3'}, {'id': 5776163511, 'qualifierId': 56, 'value': 'Center'}, {'id': 5776163509, 'qualifierId': 155}]",dfeohozpw604y5jbu01u1dkkq,A. Thompson,,Angel City,Away
2823536849,489,53,2,57,0,agxipc0vk4rtg09amjxv10nx0,1,1.9,45.2,2025-06-21T01:30:34.481Z,2025-06-21T01:31:14Z,[],das6ydxiwz8trtyp98ss5i295,Lorena,,Kansas City Current,Home
2823536851,490,4,2,57,1,agxipc0vk4rtg09amjxv10nx0,1,3.9,55.2,2025-06-21T01:30:35.532Z,2025-06-21T02:23:33Z,"[{'id': 5776163673, 'qualifierId': 13}, {'id': 5776163679, 'qualifierId': 152}, {'id': 5776163675, 'qualifierId': 294}, {'id': 5776163677, 'qualifierId': 56, 'value': 'Back'}, {'id': 5776165059, 'qualifierId': 233, 'value': '535'}, {'id': 5776163681, 'qualifierId': 285}]",9wvoeo39cgbelv8ddqin3aaga,H. Mace,,Kansas City Current,Home
2823536839,535,4,2,57,1,6hbfgdczbi3yg4sdpqgtu6s,0,96.1,44.8,2025-06-21T01:30:35.533Z,2025-06-21T01:42:43Z,"[{'id': 5776163729, 'qualifierId': 286}, {'id': 5776163725, 'qualifierId': 56, 'value': 'Center'}, {'id': 5776163723, 'qualifierId': 294}, {'id': 5776163721, 'qualifierId': 13}, {'id': 5776165067, 'qualifierId': 233, 'value': '490'}, {'id': 5776163727, 'qualifierId': 152}]",6opd7nuh51c7p6pn6w04yuntg,M. Reid,,Angel City,Away
2823536995,491,27,2,57,33,agxipc0vk4rtg09amjxv10nx0,1,0.0,0.0,2025-06-21T01:31:07.709Z,2025-06-21T01:32:01Z,"[{'id': 5776164485, 'qualifierId': 53, 'value': 'das6ydxiwz8trtyp98ss5i295'}, {'id': 5776164483, 'qualifierId': 41, 'value': 'Injury'}, {'id': 5776165181, 'qualifierId': 233, 'value': '536'}]",,,,Kansas City Current,Home
2823536939,536,27,2,57,33,6hbfgdczbi3yg4sdpqgtu6s,1,0.0,0.0,2025-06-21T01:31:07.709Z,2025-06-21T01:32:02Z,"[{'id': 5776165199, 'qualifierId': 233, 'value': '491'}]",,,,Angel City,Away
2823537643,494,28,2,60,55,agxipc0vk4rtg09amjxv10nx0,1,0.0,0.0,2025-06-21T01:34:29.152Z,2025-06-27T16:49:27Z,"[{'id': 5776168181, 'qualifierId': 233, 'value': '537'}, {'id': 5776168105, 'qualifierId': 55, 'value': '491'}]",,,,Kansas City Current,Home
2823537663,537,28,2,60,55,6hbfgdczbi3yg4sdpqgtu6s,1,0.0,0.0,2025-06-21T01:34:29.152Z,2025-06-27T16:49:29Z,"[{'id': 5776168185, 'qualifierId': 233, 'value': '494'}, {'id': 5776168177, 'qualifierId': 55, 'value': '536'}]",,,,Angel City,Away
2823537665,495,1,2,60,57,agxipc0vk4rtg09amjxv10nx0,1,2.7,56.2,2025-06-21T01:34:31.240Z,2025-06-27T16:49:31Z,"[{'id': 5776168193, 'qualifierId': 56, 'value': 'Back'}, {'id': 5776168189, 'qualifierId': 5}, {'id': 5776168195, 'qualifierId': 140, 'value': '11.5'}, {'id': 5776168199, 'qualifierId': 212, 'value': '13.5'}, {'id': 5776168197, 'qualifierId': 141, 'value': '70.7'}, {'id': 5776168201, 'qualifierId': 213, 'value': '0.82'}, {'id': 5776168191, 'qualifierId': 152}]",das6ydxiwz8trtyp98ss5i295,Lorena,,Kansas City Current,Home
2824532597,812,1,2,60,59,agxipc0vk4rtg09amjxv10nx0,1,12.3,71.5,2025-06-21T01:34:33.635Z,2025-06-27T16:49:43Z,"[{'id': 5781730193, 'qualifierId': 212, 'value': '16.8'}, {'id': 5781730189, 'qualifierId': 140, 'value': '16.3'}, {'id': 5781730195, 'qualifierId': 213, 'value': '1.32'}, {'id': 5781730191, 'qualifierId': 141, 'value': '95.4'}, {'id': 5781730187, 'qualifierId': 56, 'value': 'Back'}]",cl1av4qyzjkq03akjof6tdf1m,K. Sharples,,Kansas City Current,Home
2823537683,496,1,2,61,1,agxipc0vk4rtg09amjxv10nx0,1,13.9,94.4,2025-06-21T01:34:35.545Z,2025-06-21T01:34:40Z,"[{'id': 5776168317, 'qualifierId': 212, 'value': '37.0'}, {'id': 5776168313, 'qualifierId': 140, 'value': '46.5'}, {'id': 5776168319, 'qualifierId': 213, 'value': '5.89'}, {'id': 5776168315, 'qualifierId': 141, 'value': '73.8'}, {'id': 5776168311, 'qualifierId': 56, 'value': 'Back'}, {'id': 5776168309, 'qualifierId': 157}, {'id': 5776168321, 'qualifierId': 1}]",736jvvtkgwc3g1vooviaod33d,I. Rodriguez,,Kansas City Current,Home
2823537685,497,1,2,61,6,agxipc0vk4rtg09amjxv10nx0,1,47.9,72.4,2025-06-21T01:34:40.676Z,2025-06-27T16:50:09Z,"[{'id': 5781730411, 'qualifierId': 212, 'value': '8.3'}, {'id': 5776168325, 'qualifierId': 56, 'value': 'Back'}, {'id': 5781730409, 'qualifierId': 141, 'value': '78.1'}, {'id': 5781730407, 'qualifierId': 140, 'value': '40.9'}, {'id': 5781730413, 'qualifierId': 213, 'value': '2.66'}]",ccw8gtkcahxf21rutqldjvkve,T. Chawinga,,Kansas City Current,Home
2823537689,498,3,2,61,7,agxipc0vk4rtg09amjxv10nx0,0,44.5,79.9,2025-06-21T01:34:41.323Z,2025-06-27T16:50:20Z,"[{'id': 5781730529, 'qualifierId': 465}, {'id': 5776168347, 'qualifierId': 286}, {'id': 5776168345, 'qualifierId': 56, 'value': 'Back'}, {'id': 5776168357, 'qualifierId': 233, 'value': '538'}]",6hyf258ii56nw917w0b4ekob8,C. Hutton,,Kansas City Current,Home
2823537687,538,7,2,61,7,6hbfgdczbi3yg4sdpqgtu6s,0,55.5,20.1,2025-06-21T01:34:41.324Z,2025-06-27T16:50:24Z,"[{'id': 5781730589, 'qualifierId': 383}, {'id': 5776168349, 'qualifierId': 233, 'value': '498'}, {'id': 5776168327, 'qualifierId': 56, 'value': 'Right'}, {'id': 5776168329, 'qualifierId': 285}, {'id': 5781730591, 'qualifierId': 178}]",8f2og4ng2s6f8qeikft26h2qc,M. Hodge,,Angel City,Away
2823537691,499,61,2,61,9,agxipc0vk4rtg09amjxv10nx0,1,44.4,74.8,2025-06-21T01:34:43.312Z,2025-06-21T01:34:43Z,"[{'id': 5776168365, 'qualifierId': 56, 'value': 'Back'}]",6hyf258ii56nw917w0b4ekob8,C. Hutton,,Kansas City Current,Home
2823537707,539,4,2,61,10,6hbfgdczbi3yg4sdpqgtu6s,1,59.3,24.6,2025-06-21T01:34:45.116Z,2025-06-21T01:42:43Z,"[{'id': 5776168455, 'qualifierId': 286}, {'id': 5776168453, 'qualifierId': 152}, {'id': 5776168447, 'qualifierId': 13}, {'id': 5776168449, 'qualifierId': 295}, {'id': 5776168451, 'qualifierId': 56, 'value': 'Center'}, {'id': 5776168471, 'qualifierId': 233, 'value': '500'}]",8f2og4ng2s6f8qeikft26h2qc,M. Hodge,,Angel City,Away
2823537715,500,4,2,61,10,agxipc0vk4rtg09amjxv10nx0,0,40.7,75.4,2025-06-21T01:34:45.117Z,2025-06-21T01:42:43Z,"[{'id': 5776168467, 'qualifierId': 152}, {'id': 5776168463, 'qualifierId': 295}, {'id': 5776168465, 'qualifierId': 56, 'value': 'Back'}, {'id': 5776168469, 'qualifierId': 285}, {'id': 5776168475, 'qualifierId': 233, 'value': '539'}, {'id': 5776168461, 'qualifierId': 13}]",6hyf258ii56nw917w0b4ekob8,C. Hutton,,Kansas City Current,Home
2823537755,540,1,2,61,33,6hbfgdczbi3yg4sdpqgtu6s,1,56.0,30.3,2025-06-21T01:35:07.356Z,2025-06-21T01:35:08Z,"[{'id': 5776168751, 'qualifierId': 56, 'value': 'Center'}, {'id': 5776168749, 'qualifierId': 152}, {'id': 5776168747, 'qualifierId': 5}, {'id': 5776168757, 'qualifierId': 212, 'value': '14.6'}, {'id': 5776168759, 'qualifierId': 213, 'value': '1.78'}, {'id': 5776168755, 'qualifierId': 141, 'value': '51.3'}, {'id': 5776168753, 'qualifierId': 140, 'value': '53.1'}]",6bcvcloym3tzxss5hgsw4h1at,A. Kennedy,,Angel City,Away
2823537767,541,1,2,61,34,6hbfgdczbi3yg4sdpqgtu6s,1,53.1,51.3,2025-06-21T01:35:08.187Z,2025-06-21T01:35:10Z,"[{'id': 5776168821, 'qualifierId': 141, 'value': '35.2'}, {'id': 5776168819, 'qualifierId': 140, 'value': '46.7'}, {'id': 5776168825, 'qualifierId': 213, 'value': '4.16'}, {'id': 5776168817, 'qualifierId': 56, 'value': 'Back'}, {'id': 5776168823, 'qualifierId': 212, 'value': '12.8'}]",6opd7nuh51c7p6pn6w04yuntg,M. Reid,,Angel City,Away
2823537771,542,1,2,61,36,6hbfgdczbi3yg4sdpqgtu6s,1,47.9,39.2,2025-06-21T01:35:10.363Z,2025-06-21T01:35:12Z,"[{'id': 5776168905, 'qualifierId': 141, 'value': '57.2'}, {'id': 5776168909, 'qualifierId': 213, 'value': '1.76'}, {'id': 5776168903, 'qualifierId': 140, 'value': '45.7'}, {'id': 5776168907, 'qualifierId': 212, 'value': '12.5'}, {'id': 5776168901, 'qualifierId': 56, 'value': 'Back'}]",6bcvcloym3tzxss5hgsw4h1at,A. Kennedy,,Angel City,Away
2823537785,543,1,2,61,38,6hbfgdczbi3yg4sdpqgtu6s,1,46.9,57.3,2025-06-21T01:35:12.748Z,2025-06-21T01:35:18Z,"[{'id': 5776169031, 'qualifierId': 212, 'value': '25.6'}, {'id': 5776169027, 'qualifierId': 140, 'value': '53.6'}, {'id': 5776169033, 'qualifierId': 213, 'value': '1.29'}, {'id': 5776169025, 'qualifierId': 56, 'value': 'Left'}, {'id': 5776169029, 'qualifierId': 141, 'value': '93.5'}]",6opd7nuh51c7p6pn6w04yuntg,M. Reid,,Angel City,Away
2823537799,544,1,2,61,44,6hbfgdczbi3yg4sdpqgtu6s,1,53.5,93.6,2025-06-21T01:35:18.235Z,2025-06-21T01:35:23Z,"[{'id': 5776169087, 'qualifierId': 141, 'value': '65.8'}, {'id': 5776169091, 'qualifierId': 213, 'value': '4.30'}, {'id': 5776169085, 'qualifierId': 140, 'value': '45.7'}, {'id': 5776169089, 'qualifierId': 212, 'value': '20.6'}, {'id': 5776169083, 'qualifierId': 56, 'value': 'Back'}]",9b94qn8vkpl0e7ujskes2m7d,M. Moriya,,Angel City,Away
2823537803,545,1,2,61,49,6hbfgdczbi3yg4sdpqgtu6s,1,45.4,63.7,2025-06-21T01:35:23.660Z,2025-06-21T01:35:24Z,"[{'id': 5776169101, 'qualifierId': 140, 'value': '40.6'}, {'id': 5776169105, 'qualifierId': 212, 'value': '13.6'}, {'id': 5776169103, 'qualifierId': 141, 'value': '45.1'}, {'id': 5776169099, 'qualifierId': 56, 'value': 'Back'}, {'id': 5776169107, 'qualifierId': 213, 'value': '4.33'}]",6opd7nuh51c7p6pn6w04yuntg,M. Reid,,Angel City,Away
2823537809,546,1,2,61,50,6hbfgdczbi3yg4sdpqgtu6s,1,40.6,45.1,2025-06-21T01:35:24.636Z,2025-06-21T01:35:27Z,"[{'id': 5776169147, 'qualifierId': 141, 'value': '26.4'}, {'id': 5776169143, 'qualifierId': 56, 'value': 'Center'}, {'id': 5776169149, 'qualifierId': 212, 'value': '24.2'}, {'id': 5776169151, 'qualifierId': 213, 'value': '5.73'}, {'id': 5776169145, 'qualifierId': 140, 'value': '60.2'}]",6bcvcloym3tzxss5hgsw4h1at,A. Kennedy,,Angel City,Away
2823537811,547,61,2,61,53,6hbfgdczbi3yg4sdpqgtu6s,1,61.4,26.8,2025-06-21T01:35:27.460Z,2025-06-21T01:35:27Z,"[{'id': 5776169155, 'qualifierId': 56, 'value': 'Center'}]",9mo419gtk6dy5lhcvatcllkyy,J. Dufour,,Angel City,Away
2823537821,548,1,2,61,54,6hbfgdczbi3yg4sdpqgtu6s,1,57.1,33.1,2025-06-21T01:35:28.236Z,2025-06-21T01:35:29Z,"[{'id': 5776169207, 'qualifierId': 140, 'value': '63.5'}, {'id': 5776169213, 'qualifierId': 213, 'value': '5.85'}, {'id': 5776169209, 'qualifierId': 141, 'value': '28.5'}, {'id': 5776169211, 'qualifierId': 212, 'value': '7.4'}, {'id': 5776169205, 'qualifierId': 56, 'value': 'Center'}]",8f2og4ng2s6f8qeikft26h2qc,M. Hodge,,Angel City,Away
2823537835,549,1,2,61,55,6hbfgdczbi3yg4sdpqgtu6s,1,67.0,33.0,2025-06-21T01:35:29.516Z,2025-06-21T01:35:32Z,"[{'id': 5776169303, 'qualifierId': 212, 'value': '9.6'}, {'id': 5776169297, 'qualifierId': 56, 'value': 'Center'}, {'id': 5776169305, 'qualifierId': 213, 'value': '6.21'}, {'id': 5776169299, 'qualifierId': 140, 'value': '76.1'}, {'id': 5776169301, 'qualifierId': 141, 'value': '31.9'}]",9mo419gtk6dy5lhcvatcllkyy,J. Dufour,,Angel City,Away
2823537839,550,50,2,61,57,6hbfgdczbi3yg4sdpqgtu6s,1,74.0,31.8,2025-06-21T01:35:31.358Z,2025-06-27T16:52:08Z,"[{'id': 5781731483, 'qualifierId': 233, 'value': '506'}, {'id': 5776169335, 'qualifierId': 56, 'value': 'Center'}, {'id': 5776169337, 'qualifierId': 286}]",bngif4yqa0asu77nptsb06n10,R. Tiernan,,Angel City,Away
2823537891,506,7,2,61,57,agxipc0vk4rtg09amjxv10nx0,0,26.0,68.2,2025-06-21T01:35:31.359Z,2025-06-27T16:52:08Z,"[{'id': 5781731293, 'qualifierId': 178}, {'id': 5781731035, 'qualifierId': 285}, {'id': 5781731033, 'qualifierId': 56, 'value': 'Back'}, {'id': 5781731479, 'qualifierId': 233, 'value': '550'}, {'id': 5781731291, 'qualifierId': 384}]",6hyf258ii56nw917w0b4ekob8,C. Hutton,,Kansas City Current,Home
2823537847,501,61,2,61,58,agxipc0vk4rtg09amjxv10nx0,1,25.3,70.1,2025-06-21T01:35:32.588Z,2025-06-27T16:52:02Z,"[{'id': 5776169389, 'qualifierId': 56, 'value': 'Back'}]",cl1av4qyzjkq03akjof6tdf1m,K. Sharples,,Kansas City Current,Home
2823537849,502,49,2,62,0,agxipc0vk4rtg09amjxv10nx0,1,31.2,74.3,2025-06-21T01:35:34.983Z,2025-06-21T01:35:35Z,[],6hyf258ii56nw917w0b4ekob8,C. Hutton,,Kansas City Current,Home
2823537851,503,1,2,62,1,agxipc0vk4rtg09amjxv10nx0,1,31.2,74.3,2025-06-21T01:35:35.415Z,2025-06-21T01:35:36Z,"[{'id': 5776169409, 'qualifierId': 212, 'value': '12.5'}, {'id': 5776169411, 'qualifierId': 213, 'value': '5.92'}, {'id': 5776169405, 'qualifierId': 140, 'value': '42.3'}, {'id': 5776169403, 'qualifierId': 56, 'value': 'Back'}, {'id': 5776169407, 'qualifierId': 141, 'value': '67.7'}]",6hyf258ii56nw917w0b4ekob8,C. Hutton,,Kansas City Current,Home
2823537861,504,1,2,62,2,agxipc0vk4rtg09amjxv10nx0,1,42.7,66.4,2025-06-21T01:35:36.863Z,2025-06-21T01:35:38Z,"[{'id': 5776169461, 'qualifierId': 213, 'value': '5.17'}, {'id': 5776169459, 'qualifierId': 212, 'value': '8.6'}, {'id': 5776169455, 'qualifierId': 140, 'value': '46.3'}, {'id': 5776169453, 'qualifierId': 56, 'value': 'Back'}, {'id': 5776169457, 'qualifierId': 141, 'value': '55.1'}]",ccw8gtkcahxf21rutqldjvkve,T. Chawinga,,Kansas City Current,Home
2823537879,505,1,2,62,4,agxipc0vk4rtg09amjxv10nx0,0,52.6,58.1,2025-06-21T01:35:38.440Z,2025-06-21T01:35:42Z,"[{'id': 5776169549, 'qualifierId': 56, 'value': 'Center'}, {'id': 5776169551, 'qualifierId': 140, 'value': '74.3'}, {'id': 5776169557, 'qualifierId': 213, 'value': '5.76'}, {'id': 5776169555, 'qualifierId': 212, 'value': '26.3'}, {'id': 5776169553, 'qualifierId': 141, 'value': '38.8'}]",47iatvbptp6438v5qo359yw9h,Bia Zaneratto,,Kansas City Current,Home
2823537887,551,12,2,62,8,6hbfgdczbi3yg4sdpqgtu6s,1,23.9,62.4,2025-06-21T01:35:42.444Z,2025-06-21T01:35:45Z,"[{'id': 5776169579, 'qualifierId': 212, 'value': '14.1'}, {'id': 5776169575, 'qualifierId': 140, 'value': '11.2'}, {'id': 5776169581, 'qualifierId': 213, 'value': '3.47'}, {'id': 5776169573, 'qualifierId': 56, 'value': 'Back'}, {'id': 5776169577, 'qualifierId': 141, 'value': '55.8'}]",9b94qn8vkpl0e7ujskes2m7d,M. Moriya,,Angel City,Away
2823537895,552,12,2,62,10,6hbfgdczbi3yg4sdpqgtu6s,1,10.8,56.1,2025-06-21T01:35:44.988Z,2025-06-21T01:35:47Z,"[{'id': 5776169619, 'qualifierId': 140, 'value': '12.5'}, {'id': 5776169631, 'qualifierId': 167}, {'id': 5776169621, 'qualifierId': 141, 'value': '100.0'}, {'id': 5776169623, 'qualifierId': 212, 'value': '30.2'}, {'id': 5776169617, 'qualifierId': 56, 'value': 'Back'}, {'id': 5776169625, 'qualifierId': 213, 'value': '1.51'}]",lg9muzm3sbiijicsik53m3je,A. Anderson,,Angel City,Away
2823537923,507,5,2,62,12,agxipc0vk4rtg09amjxv10nx0,1,84.7,-1.0,2025-06-21T01:35:46.556Z,2025-06-21T02:21:36Z,"[{'id': 5776169761, 'qualifierId': 347}, {'id': 5776169759, 'qualifierId': 56, 'value': 'Right'}, {'id': 5776171447, 'qualifierId': 233, 'value': '553'}]",6hyf258ii56nw917w0b4ekob8,C. Hutton,,Kansas City Current,Home
2823537897,553,5,2,62,12,6hbfgdczbi3yg4sdpqgtu6s,0,15.3,101.0,2025-06-21T01:35:46.556Z,2025-06-21T02:21:36Z,"[{'id': 5776169629, 'qualifierId': 347}, {'id': 5776171471, 'qualifierId': 233, 'value': '507'}, {'id': 5776169627, 'qualifierId': 56, 'value': 'Back'}]",lg9muzm3sbiijicsik53m3je,A. Anderson,,Angel City,Away
2823537925,508,1,2,62,14,agxipc0vk4rtg09amjxv10nx0,0,79.6,0.0,2025-06-21T01:35:48.615Z,2025-06-27T16:52:48Z,"[{'id': 5776169765, 'qualifierId': 107}, {'id': 5776169771, 'qualifierId': 141, 'value': '27.1'}, {'id': 5776169769, 'qualifierId': 140, 'value': '77.3'}, {'id': 5776169775, 'qualifierId': 213, 'value': '1.69'}, {'id': 5776169767, 'qualifierId': 56, 'value': 'Center'}, {'id': 5776169773, 'qualifierId': 212, 'value': '19.9'}]",9wvoeo39cgbelv8ddqin3aaga,H. Mace,,Kansas City Current,Home
2823538135,520,61,2,62,15,agxipc0vk4rtg09amjxv10nx0,0,90.2,28.9,2025-06-21T01:35:50.119Z,2025-06-21T01:37:23Z,"[{'id': 5776171157, 'qualifierId': 56, 'value': 'Center'}]",47iatvbptp6438v5qo359yw9h,Bia Zaneratto,,Kansas City Current,Home
2823537929,554,44,2,62,17,6hbfgdczbi3yg4sdpqgtu6s,1,11.2,72.0,2025-06-21T01:35:51.925Z,2025-06-21T02:23:19Z,"[{'id': 5776172205, 'qualifierId': 56, 'value': 'Back'}, {'id': 5776174651, 'qualifierId': 233, 'value': '521'}, {'id': 5776172207, 'qualifierId': 285}]",6opd7nuh51c7p6pn6w04yuntg,M. Reid,,Angel City,Away
2823538159,521,44,2,62,17,agxipc0vk4rtg09amjxv10nx0,0,88.8,28.0,2025-06-21T01:35:51.926Z,2025-06-21T02:23:20Z,"[{'id': 5776171301, 'qualifierId': 286}, {'id': 5776174657, 'qualifierId': 233, 'value': '554'}, {'id': 5776171299, 'qualifierId': 56, 'value': 'Center'}]",47iatvbptp6438v5qo359yw9h,Bia Zaneratto,,Kansas City Current,Home
2823537933,555,12,2,62,18,6hbfgdczbi3yg4sdpqgtu6s,1,8.8,69.5,2025-06-21T01:35:52.524Z,2025-06-21T01:43:45Z,"[{'id': 5776172317, 'qualifierId': 213, 'value': '0.00'}, {'id': 5776173949, 'qualifierId': 15}, {'id': 5776172309, 'qualifierId': 56, 'value': 'Back'}, {'id': 5776172311, 'qualifierId': 140, 'value': '11.1'}, {'id': 5776172313, 'qualifierId': 141, 'value': '69.5'}, {'id': 5776172315, 'qualifierId': 212, 'value': '2.4'}]",6opd7nuh51c7p6pn6w04yuntg,M. Reid,,Angel City,Away
2823537939,556,12,2,62,19,6hbfgdczbi3yg4sdpqgtu6s,1,14.4,71.6,2025-06-21T01:35:53.972Z,2025-06-21T01:39:43Z,"[{'id': 5776174481, 'qualifierId': 212, 'value': '7.9'}, {'id': 5776174475, 'qualifierId': 56, 'value': 'Back'}, {'id': 5776174479, 'qualifierId': 141, 'value': '73.2'}, {'id': 5776174513, 'qualifierId': 15}, {'id': 5776174483, 'qualifierId': 213, 'value': '0.14'}, {'id': 5776174477, 'qualifierId': 140, 'value': '21.9'}]",3bx0w0ftkij1lqrt727gjd94a,M. Hammond,,Angel City,Away
2823537937,509,15,2,62,21,agxipc0vk4rtg09amjxv10nx0,1,77.4,37.0,2025-06-21T01:35:55.902Z,2025-06-27T17:03:56Z,"[{'id': 5776174405, 'qualifierId': 103, 'value': '19'}, {'id': 5776174411, 'qualifierId': 146, 'value': '83.2'}, {'id': 5776174403, 'qualifierId': 102, 'value': '49.7'}, {'id': 5776174407, 'qualifierId': 215}, {'id': 5776174417, 'qualifierId': 231, 'value': '48.6'}, {'id': 5776174415, 'qualifierId': 230, 'value': '97.5'}, {'id': 5776174401, 'qualifierId': 78}, {'id': 5776174413, 'qualifierId': 147, 'value': '40.2'}, {'id': 5776174409, 'qualifierId': 458}, {'id': 5776171823, 'qualifierId': 72}, {'id': 5776169803, 'qualifierId': 18}, {'id': 5776171827, 'qualifierId': 82}, {'id': 5776169805, 'qualifierId': 56, 'value': 'Center'}, {'id': 5776175033, 'qualifierId': 233, 'value': '582'}, {'id': 5776171821, 'qualifierId': 160}]",dv8265k3za578hkzxxuttqmdx,V. DiBernardo,,Kansas City Current,Home
2823538799,582,10,2,62,21,6hbfgdczbi3yg4sdpqgtu6s,1,19.4,57.2,2025-06-21T01:35:56.002Z,2025-06-21T01:39:55Z,"[{'id': 5776175037, 'qualifierId': 233, 'value': '509'}, {'id': 5776174829, 'qualifierId': 94}, {'id': 5776174831, 'qualifierId': 56, 'value': 'Back'}]",8f2og4ng2s6f8qeikft26h2qc,M. Hodge,,Angel City,Away
2824533779,860,1,2,62,25,6hbfgdczbi3yg4sdpqgtu6s,0,27.9,43.8,2025-06-21T01:35:59.384Z,2025-06-27T17:04:25Z,"[{'id': 5781737383, 'qualifierId': 213, 'value': '0.75'}, {'id': 5781737377, 'qualifierId': 140, 'value': '33.3'}, {'id': 5781737379, 'qualifierId': 141, 'value': '51.6'}, {'id': 5781737375, 'qualifierId': 56, 'value': 'Back'}, {'id': 5781737381, 'qualifierId': 212, 'value': '7.8'}]",9mo419gtk6dy5lhcvatcllkyy,J. Dufour,,Angel City,Away
2823537941,510,61,2,62,26,agxipc0vk4rtg09amjxv10nx0,1,68.7,32.1,2025-06-21T01:36:00.453Z,2025-06-21T01:36:00Z,"[{'id': 5776169821, 'qualifierId': 56, 'value': 'Center'}]",6k82rq8synvac950ext5t0jpx,R. Rodríguez,,Kansas City Current,Home
2823537953,511,1,2,62,27,agxipc0vk4rtg09amjxv10nx0,1,70.5,36.6,2025-06-21T01:36:01.519Z,2025-06-27T17:04:29Z,"[{'id': 5776169887, 'qualifierId': 56, 'value': 'Center'}, {'id': 5776169891, 'qualifierId': 141, 'value': '29.9'}, {'id': 5776169895, 'qualifierId': 213, 'value': '5.61'}, {'id': 5776169893, 'qualifierId': 212, 'value': '7.3'}, {'id': 5776169889, 'qualifierId': 140, 'value': '75.9'}]",6hyf258ii56nw917w0b4ekob8,C. Hutton,,Kansas City Current,Home
2823537959,512,1,2,62,28,agxipc0vk4rtg09amjxv10nx0,1,76.1,29.4,2025-06-21T01:36:02.159Z,2025-06-27T17:04:32Z,"[{'id': 5776169917, 'qualifierId': 212, 'value': '10.4'}, {'id': 5776169915, 'qualifierId': 141, 'value': '44.5'}, {'id': 5776169919, 'qualifierId': 213, 'value': '1.41'}, {'id': 5776169913, 'qualifierId': 140, 'value': '77.7'}, {'id': 5776169911, 'qualifierId': 56, 'value': 'Center'}]",dv8265k3za578hkzxxuttqmdx,V. DiBernardo,,Kansas City Current,Home
2823537969,513,1,2,62,29,agxipc0vk4rtg09amjxv10nx0,1,77.7,44.5,2025-06-21T01:36:03.967Z,2025-06-27T17:06:03Z,"[{'id': 5776169975, 'qualifierId': 56, 'value': 'Center'}, {'id': 5781738415, 'qualifierId': 154}, {'id': 5776169979, 'qualifierId': 141, 'value': '57.0'}, {'id': 5776175583, 'qualifierId': 210, 'value': '15'}, {'id': 5776169977, 'qualifierId': 140, 'value': '76.3'}, {'id': 5776169983, 'qualifierId': 213, 'value': '1.74'}, {'id': 5776169981, 'qualifierId': 212, 'value': '8.6'}]",47iatvbptp6438v5qo359yw9h,Bia Zaneratto,1.0,Kansas City Current,Home
2823537973,514,15,2,62,31,agxipc0vk4rtg09amjxv10nx0,1,81.6,56.0,2025-06-21T01:36:05.679Z,2025-06-27T17:06:04Z,"[{'id': 5776175601, 'qualifierId': 102, 'value': '54.4'}, {'id': 5776175405, 'qualifierId': 72}, {'id': 5776170003, 'qualifierId': 56, 'value': 'Center'}, {'id': 5776175597, 'qualifierId': 55, 'value': '513'}, {'id': 5781738417, 'qualifierId': 154}, {'id': 5776175607, 'qualifierId': 146, 'value': '97.2'}, {'id': 5776170001, 'qualifierId': 18}, {'id': 5776175593, 'qualifierId': 76}, {'id': 5776175595, 'qualifierId': 29}, {'id': 5776175603, 'qualifierId': 103, 'value': '14.6'}, {'id': 5776175625, 'qualifierId': 233, 'value': '558'}, {'id': 5776169999, 'qualifierId': 22}, {'id': 5776175609, 'qualifierId': 147, 'value': '51.4'}]",6hyf258ii56nw917w0b4ekob8,C. Hutton,,Kansas City Current,Home
2823538051,558,10,2,62,31,6hbfgdczbi3yg4sdpqgtu6s,1,1.9,48.4,2025-06-21T01:36:05.779Z,2025-06-27T17:06:16Z,"[{'id': 5776170419, 'qualifierId': 173}, {'id': 5781738455, 'qualifierId': 376}, {'id': 5776170423, 'qualifierId': 182}, {'id': 5776170425, 'qualifierId': 56, 'value': 'Back'}, {'id': 5776175639, 'qualifierId': 233, 'value': '514'}, {'id': 5776170503, 'qualifierId': 179}]",lg9muzm3sbiijicsik53m3je,A. Anderson,,Angel City,Away
2823537995,516,6,2,62,34,agxipc0vk4rtg09amjxv10nx0,1,100.0,56.7,2025-06-21T01:36:09.036Z,2025-06-21T01:42:44Z,"[{'id': 5776170127, 'qualifierId': 56, 'value': 'Center'}, {'id': 5776170305, 'qualifierId': 233, 'value': '557'}, {'id': 5776170129, 'qualifierId': 73}]",6hyf258ii56nw917w0b4ekob8,C. Hutton,,Kansas City Current,Home
2823538027,557,6,2,62,34,6hbfgdczbi3yg4sdpqgtu6s,0,0.0,43.3,2025-06-21T01:36:09.036Z,2025-06-27T17:07:06Z,"[{'id': 5776170311, 'qualifierId': 233, 'value': '516'}, {'id': 5776170301, 'qualifierId': 73}, {'id': 5776170299, 'qualifierId': 56, 'value': 'Back'}]",lg9muzm3sbiijicsik53m3je,A. Anderson,,Angel City,Away
2823537989,515,43,2,62,35,agxipc0vk4rtg09amjxv10nx0,1,0.0,0.0,2025-06-21T01:36:09.168Z,2025-06-21T01:36:16Z,"[{'id': 5776170091, 'qualifierId': 56, 'value': 'Center'}, {'id': 5776170153, 'qualifierId': 144, 'value': '5'}, {'id': 5776170093, 'qualifierId': 346, 'value': '0'}]",6hyf258ii56nw917w0b4ekob8,C. Hutton,,Kansas City Current,Home
2823538097,517,1,2,63,9,agxipc0vk4rtg09amjxv10nx0,1,99.5,99.5,2025-06-21T01:36:43.871Z,2025-06-27T17:07:11Z,"[{'id': 5776170737, 'qualifierId': 223}, {'id': 5776170733, 'qualifierId': 6}, {'id': 5776170735, 'qualifierId': 155}, {'id': 5776170749, 'qualifierId': 1}, {'id': 5776170731, 'qualifierId': 2}, {'id': 5776170741, 'qualifierId': 140, 'value': '97.8'}, {'id': 5776170739, 'qualifierId': 56, 'value': 'Center'}, {'id': 5776170945, 'qualifierId': 210, 'value': '13'}, {'id': 5776170745, 'qualifierId': 212, 'value': '33.1'}, {'id': 5776170743, 'qualifierId': 141, 'value': '50.9'}, {'id': 5781738743, 'qualifierId': 20}, {'id': 5776170947, 'qualifierId': 154}, {'id': 5776170747, 'qualifierId': 213, 'value': '4.66'}]",dv8265k3za578hkzxxuttqmdx,V. DiBernardo,1.0,Kansas City Current,Home
2823538099,518,13,2,63,11,agxipc0vk4rtg09amjxv10nx0,1,96.4,52.9,2025-06-21T01:36:45.686Z,2025-06-27T17:08:02Z,"[{'id': 5776170833, 'qualifierId': 15}, {'id': 5776170961, 'qualifierId': 29}, {'id': 5776170959, 'qualifierId': 85}, {'id': 5776170837, 'qualifierId': 328}, {'id': 5776170765, 'qualifierId': 56, 'value': 'Center'}, {'id': 5776170965, 'qualifierId': 55, 'value': '517'}, {'id': 5776170763, 'qualifierId': 16}, {'id': 5776170963, 'qualifierId': 154}, {'id': 5776170831, 'qualifierId': 25}, {'id': 5776170975, 'qualifierId': 231, 'value': '52.0'}, {'id': 5776170973, 'qualifierId': 230, 'value': '99.0'}, {'id': 5776170969, 'qualifierId': 102, 'value': '52.8'}, {'id': 5776170971, 'qualifierId': 103, 'value': '51.4'}, {'id': 5781739125, 'qualifierId': 214}]",e1irspfo9xupqz2sqvyq1zp0q,M. Cooper,,Kansas City Current,Home
2823538101,519,5,2,63,13,agxipc0vk4rtg09amjxv10nx0,0,100.8,51.2,2025-06-21T01:36:47.548Z,2025-06-21T02:21:36Z,"[{'id': 5776170785, 'qualifierId': 346}, {'id': 5776170783, 'qualifierId': 56, 'value': 'Center'}, {'id': 5776171249, 'qualifierId': 233, 'value': '559'}]",e1irspfo9xupqz2sqvyq1zp0q,M. Cooper,,Kansas City Current,Home
2823538145,559,5,2,63,13,6hbfgdczbi3yg4sdpqgtu6s,1,-0.8,48.8,2025-06-21T01:36:47.548Z,2025-06-21T02:21:36Z,"[{'id': 5776171209, 'qualifierId': 346}, {'id': 5776171233, 'qualifierId': 233, 'value': '519'}, {'id': 5776171207, 'qualifierId': 56, 'value': 'Back'}]",lg9muzm3sbiijicsik53m3je,A. Anderson,,Angel City,Away
2823538169,560,1,2,63,34,6hbfgdczbi3yg4sdpqgtu6s,1,5.3,52.2,2025-06-21T01:37:08.235Z,2025-06-21T01:37:12Z,"[{'id': 5776171343, 'qualifierId': 140, 'value': '7.2'}, {'id': 5776171345, 'qualifierId': 141, 'value': '73.9'}, {'id': 5776171349, 'qualifierId': 213, 'value': '1.44'}, {'id': 5776171347, 'qualifierId': 212, 'value': '14.9'}, {'id': 5776171353, 'qualifierId': 237}, {'id': 5776171339, 'qualifierId': 124}, {'id': 5776171341, 'qualifierId': 56, 'value': 'Back'}]",lg9muzm3sbiijicsik53m3je,A. Anderson,,Angel City,Away
2823538183,561,1,2,63,38,6hbfgdczbi3yg4sdpqgtu6s,1,7.5,74.2,2025-06-21T01:37:12.667Z,2025-06-21T01:37:16Z,"[{'id': 5776171423, 'qualifierId': 140, 'value': '3.5'}, {'id': 5776171429, 'qualifierId': 213, 'value': '4.27'}, {'id': 5776171425, 'qualifierId': 141, 'value': '61.1'}, {'id': 5776171427, 'qualifierId': 212, 'value': '9.8'}, {'id': 5776171421, 'qualifierId': 56, 'value': 'Back'}]",6opd7nuh51c7p6pn6w04yuntg,M. Reid,,Angel City,Away
2823538191,562,1,2,63,42,6hbfgdczbi3yg4sdpqgtu6s,1,3.9,58.1,2025-06-21T01:37:16.651Z,2025-06-21T01:37:19Z,"[{'id': 5776171507, 'qualifierId': 213, 'value': '1.32'}, {'id': 5776171505, 'qualifierId': 212, 'value': '18.3'}, {'id': 5776171503, 'qualifierId': 141, 'value': '84.1'}, {'id': 5776171501, 'qualifierId': 140, 'value': '8.3'}, {'id': 5776171499, 'qualifierId': 56, 'value': 'Back'}]",lg9muzm3sbiijicsik53m3je,A. Anderson,,Angel City,Away
2823538213,563,1,2,63,44,6hbfgdczbi3yg4sdpqgtu6s,1,8.3,84.1,2025-06-21T01:37:19.115Z,2025-06-21T01:37:23Z,"[{'id': 5776171635, 'qualifierId': 213, 'value': '0.08'}, {'id': 5776171629, 'qualifierId': 140, 'value': '25.0'}, {'id': 5776171633, 'qualifierId': 212, 'value': '17.6'}, {'id': 5776171631, 'qualifierId': 141, 'value': '86.2'}, {'id': 5776171627, 'qualifierId': 56, 'value': 'Back'}]",6opd7nuh51c7p6pn6w04yuntg,M. Reid,,Angel City,Away
2823538217,564,1,2,63,49,6hbfgdczbi3yg4sdpqgtu6s,1,23.0,86.6,2025-06-21T01:37:23.244Z,2025-06-21T01:37:24Z,"[{'id': 5776171667, 'qualifierId': 141, 'value': '64.2'}, {'id': 5776171665, 'qualifierId': 140, 'value': '28.3'}, {'id': 5776171671, 'qualifierId': 213, 'value': '5.06'}, {'id': 5776171669, 'qualifierId': 212, 'value': '16.2'}, {'id': 5776171663, 'qualifierId': 56, 'value': 'Back'}]",3bx0w0ftkij1lqrt727gjd94a,M. Hammond,,Angel City,Away
2823538229,565,1,2,63,50,6hbfgdczbi3yg4sdpqgtu6s,1,26.4,64.8,2025-06-21T01:37:24.779Z,2025-06-21T01:37:27Z,"[{'id': 5776171725, 'qualifierId': 56, 'value': 'Back'}, {'id': 5776171729, 'qualifierId': 141, 'value': '75.7'}, {'id': 5776171733, 'qualifierId': 213, 'value': '2.36'}, {'id': 5776171731, 'qualifierId': 212, 'value': '10.5'}, {'id': 5776171727, 'qualifierId': 140, 'value': '19.3'}]",8f2og4ng2s6f8qeikft26h2qc,M. Hodge,,Angel City,Away
2823538233,566,1,2,63,53,6hbfgdczbi3yg4sdpqgtu6s,1,15.8,72.1,2025-06-21T01:37:27.547Z,2025-06-21T01:37:29Z,"[{'id': 5776171743, 'qualifierId': 140, 'value': '12.2'}, {'id': 5776171749, 'qualifierId': 213, 'value': '4.36'}, {'id': 5776171745, 'qualifierId': 141, 'value': '57.0'}, {'id': 5776171747, 'qualifierId': 212, 'value': '10.9'}, {'id': 5776171741, 'qualifierId': 56, 'value': 'Back'}]",6opd7nuh51c7p6pn6w04yuntg,M. Reid,,Angel City,Away
2823538247,567,1,2,63,55,6hbfgdczbi3yg4sdpqgtu6s,1,12.2,58.4,2025-06-21T01:37:29.692Z,2025-06-21T01:37:34Z,"[{'id': 5776171807, 'qualifierId': 141, 'value': '75.1'}, {'id': 5776171805, 'qualifierId': 140, 'value': '14.7'}, {'id': 5776171811, 'qualifierId': 213, 'value': '1.34'}, {'id': 5776171809, 'qualifierId': 212, 'value': '11.7'}, {'id': 5776171803, 'qualifierId': 56, 'value': 'Back'}]",6bcvcloym3tzxss5hgsw4h1at,A. Kennedy,,Angel City,Away
2823538249,568,1,2,64,0,6hbfgdczbi3yg4sdpqgtu6s,1,23.6,79.7,2025-06-21T01:37:34.315Z,2025-06-21T01:37:35Z,"[{'id': 5776171833, 'qualifierId': 140, 'value': '31.2'}, {'id': 5776171835, 'qualifierId': 141, 'value': '65.5'}, {'id': 5776171839, 'qualifierId': 213, 'value': '5.40'}, {'id': 5776171837, 'qualifierId': 212, 'value': '12.5'}, {'id': 5776171831, 'qualifierId': 56, 'value': 'Back'}]",6opd7nuh51c7p6pn6w04yuntg,M. Reid,,Angel City,Away
2823538251,569,1,2,64,1,6hbfgdczbi3yg4sdpqgtu6s,0,31.2,65.5,2025-06-21T01:37:35.675Z,2025-06-21T01:37:36Z,"[{'id': 5776171843, 'qualifierId': 56, 'value': 'Back'}, {'id': 5776171851, 'qualifierId': 213, 'value': '6.13'}, {'id': 5776171849, 'qualifierId': 212, 'value': '5.9'}, {'id': 5776171845, 'qualifierId': 140, 'value': '36.8'}, {'id': 5776171847, 'qualifierId': 141, 'value': '64.2'}]",8f2og4ng2s6f8qeikft26h2qc,M. Hodge,,Angel City,Away
2823538253,522,8,2,64,2,agxipc0vk4rtg09amjxv10nx0,1,63.3,39.2,2025-06-21T01:37:36.550Z,2025-06-27T17:08:46Z,"[{'id': 5776171853, 'qualifierId': 56, 'value': 'Center'}, {'id': 5781739307, 'qualifierId': 383}]",ccw8gtkcahxf21rutqldjvkve,T. Chawinga,,Kansas City Current,Home
2823538257,523,49,2,64,3,agxipc0vk4rtg09amjxv10nx0,1,65.7,37.7,2025-06-21T01:37:37.943Z,2025-06-21T01:37:38Z,[],ccw8gtkcahxf21rutqldjvkve,T. Chawinga,,Kansas City Current,Home
2823538269,524,1,2,64,3,agxipc0vk4rtg09amjxv10nx0,1,65.7,37.3,2025-06-21T01:37:38.053Z,2025-06-21T01:37:40Z,"[{'id': 5776171913, 'qualifierId': 140, 'value': '68.6'}, {'id': 5776171919, 'qualifierId': 213, 'value': '5.03'}, {'id': 5776171915, 'qualifierId': 141, 'value': '23.9'}, {'id': 5776171917, 'qualifierId': 212, 'value': '9.6'}, {'id': 5776171911, 'qualifierId': 56, 'value': 'Center'}]",ccw8gtkcahxf21rutqldjvkve,T. Chawinga,,Kansas City Current,Home
2823538273,525,1,2,64,4,agxipc0vk4rtg09amjxv10nx0,1,64.0,9.6,2025-06-21T01:37:38.790Z,2025-06-21T01:44:26Z,"[{'id': 5776181917, 'qualifierId': 213, 'value': '0.81'}, {'id': 5776181913, 'qualifierId': 141, 'value': '20.7'}, {'id': 5776181915, 'qualifierId': 212, 'value': '10.5'}, {'id': 5776181909, 'qualifierId': 56, 'value': 'Right'}, {'id': 5776181911, 'qualifierId': 140, 'value': '70.9'}]",e1irspfo9xupqz2sqvyq1zp0q,M. Cooper,,Kansas City Current,Home
2823540161,565,1,2,64,4,agxipc0vk4rtg09amjxv10nx0,1,68.5,24.9,2025-06-21T01:37:39.011Z,2025-06-21T01:45:06Z,"[{'id': 5776182801, 'qualifierId': 56, 'value': 'Right'}, {'id': 5776182809, 'qualifierId': 213, 'value': '4.14'}, {'id': 5776182805, 'qualifierId': 141, 'value': '14.3'}, {'id': 5776182803, 'qualifierId': 140, 'value': '64.1'}, {'id': 5776182807, 'qualifierId': 212, 'value': '8.6'}]",dv8265k3za578hkzxxuttqmdx,V. DiBernardo,,Kansas City Current,Home
2823538303,526,1,2,64,12,agxipc0vk4rtg09amjxv10nx0,1,85.5,15.0,2025-06-21T01:37:46.671Z,2025-06-21T01:37:49Z,"[{'id': 5776172097, 'qualifierId': 140, 'value': '92.3'}, {'id': 5776172103, 'qualifierId': 213, 'value': '5.83'}, {'id': 5776172099, 'qualifierId': 141, 'value': '9.9'}, {'id': 5776172101, 'qualifierId': 212, 'value': '7.9'}, {'id': 5776172095, 'qualifierId': 56, 'value': 'Right'}]",e1irspfo9xupqz2sqvyq1zp0q,M. Cooper,,Kansas City Current,Home
2823538311,527,1,2,64,15,agxipc0vk4rtg09amjxv10nx0,1,90.7,9.3,2025-06-21T01:37:49.214Z,2025-06-21T01:37:52Z,"[{'id': 5776172121, 'qualifierId': 141, 'value': '7.9'}, {'id': 5776172119, 'qualifierId': 140, 'value': '70.7'}, {'id': 5776172117, 'qualifierId': 56, 'value': 'Right'}, {'id': 5776172125, 'qualifierId': 213, 'value': '3.19'}, {'id': 5776172123, 'qualifierId': 212, 'value': '21.0'}]",dv8265k3za578hkzxxuttqmdx,V. DiBernardo,,Kansas City Current,Home
2823538321,528,1,2,64,18,agxipc0vk4rtg09amjxv10nx0,1,69.4,8.4,2025-06-21T01:37:52.375Z,2025-06-21T01:37:55Z,"[{'id': 5776172179, 'qualifierId': 140, 'value': '55.7'}, {'id': 5776172181, 'qualifierId': 141, 'value': '37.3'}, {'id': 5776172185, 'qualifierId': 213, 'value': '2.20'}, {'id': 5776172177, 'qualifierId': 56, 'value': 'Center'}, {'id': 5776172183, 'qualifierId': 212, 'value': '24.4'}]",9wvoeo39cgbelv8ddqin3aaga,H. Mace,,Kansas City Current,Home
2823538337,529,1,2,64,22,agxipc0vk4rtg09amjxv10nx0,1,55.9,37.1,2025-06-21T01:37:56.263Z,2025-06-21T01:37:59Z,"[{'id': 5776172291, 'qualifierId': 212, 'value': '26.3'}, {'id': 5776172287, 'qualifierId': 140, 'value': '71.6'}, {'id': 5776172293, 'qualifierId': 213, 'value': '5.39'}, {'id': 5776172285, 'qualifierId': 56, 'value': 'Right'}, {'id': 5776172289, 'qualifierId': 141, 'value': '6.9'}, {'id': 5776172283, 'qualifierId': 155}]",48l2ildbeme2l336nor2hw6lm,E. Ball,,Kansas City Current,Home
2823538341,530,1,2,64,25,agxipc0vk4rtg09amjxv10nx0,0,73.0,6.2,2025-06-21T01:37:59.846Z,2025-06-27T17:09:14Z,"[{'id': 5781739523, 'qualifierId': 20}, {'id': 5776172327, 'qualifierId': 141, 'value': '39.7'}, {'id': 5776172319, 'qualifierId': 2}, {'id': 5776172325, 'qualifierId': 140, 'value': '87.2'}, {'id': 5776172329, 'qualifierId': 212, 'value': '27.2'}, {'id': 5776172323, 'qualifierId': 56, 'value': 'Center'}, {'id': 5776172321, 'qualifierId': 155}, {'id': 5776172331, 'qualifierId': 213, 'value': '0.99'}, {'id': 5781739521, 'qualifierId': 224}]",dv8265k3za578hkzxxuttqmdx,V. DiBernardo,,Kansas City Current,Home
2823538349,570,12,2,64,28,6hbfgdczbi3yg4sdpqgtu6s,1,14.2,54.3,2025-06-21T01:38:02.763Z,2025-06-21T01:44:20Z,"[{'id': 5776172375, 'qualifierId': 213, 'value': '0.49'}, {'id': 5776172367, 'qualifierId': 56, 'value': 'Back'}, {'id': 5776172373, 'qualifierId': 212, 'value': '19.5'}, {'id': 5776172371, 'qualifierId': 141, 'value': '67.8'}, {'id': 5776172369, 'qualifierId': 140, 'value': '30.6'}, {'id': 5776172377, 'qualifierId': 15}]",6opd7nuh51c7p6pn6w04yuntg,M. Reid,,Angel City,Away
2823538381,531,3,2,64,30,agxipc0vk4rtg09amjxv10nx0,1,69.0,24.6,2025-06-21T01:38:04.318Z,2025-06-27T17:09:28Z,"[{'id': 5776172525, 'qualifierId': 56, 'value': 'Center'}, {'id': 5781739637, 'qualifierId': 464}, {'id': 5776172543, 'qualifierId': 233, 'value': '571'}, {'id': 5776172527, 'qualifierId': 286}]",6k82rq8synvac950ext5t0jpx,R. Rodríguez,,Kansas City Current,Home
2823538359,571,45,2,64,30,6hbfgdczbi3yg4sdpqgtu6s,0,31.0,75.4,2025-06-21T01:38:04.318Z,2025-06-21T01:38:11Z,"[{'id': 5776172553, 'qualifierId': 233, 'value': '531'}, {'id': 5776172417, 'qualifierId': 285}, {'id': 5776172415, 'qualifierId': 56, 'value': 'Back'}]",bngif4yqa0asu77nptsb06n10,R. Tiernan,,Angel City,Away
2823538377,572,83,2,64,33,6hbfgdczbi3yg4sdpqgtu6s,0,41.5,89.1,2025-06-21T01:38:07.251Z,2025-06-27T17:10:10Z,"[{'id': 5776172555, 'qualifierId': 399, 'value': '6k82rq8synvac950ext5t0jpx'}]",dfeohozpw604y5jbu01u1dkkq,A. Thompson,,Angel City,Away
2823538383,532,61,2,64,34,agxipc0vk4rtg09amjxv10nx0,0,62.8,8.1,2025-06-21T01:38:08.574Z,2025-06-21T01:38:08Z,"[{'id': 5776172539, 'qualifierId': 56, 'value': 'Right'}]",6k82rq8synvac950ext5t0jpx,R. Rodríguez,,Kansas City Current,Home
2823538385,573,61,2,64,36,6hbfgdczbi3yg4sdpqgtu6s,0,41.3,93.9,2025-06-21T01:38:10.251Z,2025-06-21T01:38:10Z,"[{'id': 5776172561, 'qualifierId': 56, 'value': 'Back'}]",dfeohozpw604y5jbu01u1dkkq,A. Thompson,,Angel City,Away
2823538411,533,1,2,64,39,agxipc0vk4rtg09amjxv10nx0,1,34.9,8.2,2025-06-21T01:38:13.630Z,2025-06-21T01:38:16Z,"[{'id': 5776172683, 'qualifierId': 212, 'value': '4.9'}, {'id': 5776172677, 'qualifierId': 56, 'value': 'Back'}, {'id': 5776172685, 'qualifierId': 213, 'value': '6.21'}, {'id': 5776172679, 'qualifierId': 140, 'value': '39.6'}, {'id': 5776172681, 'qualifierId': 141, 'value': '7.7'}]",48l2ildbeme2l336nor2hw6lm,E. Ball,,Kansas City Current,Home
2823538423,534,1,2,64,42,agxipc0vk4rtg09amjxv10nx0,1,40.6,7.2,2025-06-21T01:38:16.454Z,2025-06-21T01:38:18Z,"[{'id': 5776172735, 'qualifierId': 213, 'value': '0.48'}, {'id': 5776172733, 'qualifierId': 212, 'value': '25.1'}, {'id': 5776172729, 'qualifierId': 140, 'value': '61.8'}, {'id': 5776172727, 'qualifierId': 56, 'value': 'Center'}, {'id': 5776172731, 'qualifierId': 141, 'value': '24.2'}]",6k82rq8synvac950ext5t0jpx,R. Rodríguez,,Kansas City Current,Home
2823538427,535,1,2,64,43,agxipc0vk4rtg09amjxv10nx0,1,61.8,24.2,2025-06-21T01:38:18.119Z,2025-06-27T17:11:15Z,"[{'id': 5776172763, 'qualifierId': 213, 'value': '2.38'}, {'id': 5776172757, 'qualifierId': 140, 'value': '53.7'}, {'id': 5776172761, 'qualifierId': 212, 'value': '11.7'}, {'id': 5776172759, 'qualifierId': 141, 'value': '36.1'}, {'id': 5776172755, 'qualifierId': 56, 'value': 'Center'}, {'id': 5781740671, 'qualifierId': 156}]",e1irspfo9xupqz2sqvyq1zp0q,M. Cooper,,Kansas City Current,Home
2823538441,536,1,2,64,45,agxipc0vk4rtg09amjxv10nx0,1,53.7,36.3,2025-06-21T01:38:19.894Z,2025-06-21T01:38:21Z,"[{'id': 5776172847, 'qualifierId': 212, 'value': '3.7'}, {'id': 5776172843, 'qualifierId': 140, 'value': '57.0'}, {'id': 5776172845, 'qualifierId': 141, 'value': '34.3'}, {'id': 5776172849, 'qualifierId': 213, 'value': '5.91'}, {'id': 5776172841, 'qualifierId': 56, 'value': 'Center'}]",6hyf258ii56nw917w0b4ekob8,C. Hutton,,Kansas City Current,Home
2823538443,537,1,2,64,47,agxipc0vk4rtg09amjxv10nx0,0,61.4,38.7,2025-06-21T01:38:21.526Z,2025-06-21T01:38:21Z,"[{'id': 5776172857, 'qualifierId': 141, 'value': '38.5'}, {'id': 5776172861, 'qualifierId': 213, 'value': '6.18'}, {'id': 5776172859, 'qualifierId': 212, 'value': '1.4'}, {'id': 5776172855, 'qualifierId': 140, 'value': '62.7'}, {'id': 5776172853, 'qualifierId': 56, 'value': 'Center'}]",9wvoeo39cgbelv8ddqin3aaga,H. Mace,,Kansas City Current,Home
2823538447,574,43,2,64,48,6hbfgdczbi3yg4sdpqgtu6s,1,0.0,0.0,2025-06-21T01:38:22.763Z,2025-06-27T17:11:32Z,"[{'id': 5781740803, 'qualifierId': 144, 'value': '8'}, {'id': 5776172867, 'qualifierId': 56, 'value': 'Back'}]",6bcvcloym3tzxss5hgsw4h1at,A. Kennedy,,Angel City,Away
2823538451,575,49,2,64,49,6hbfgdczbi3yg4sdpqgtu6s,1,40.5,60.6,2025-06-21T01:38:23.312Z,2025-06-21T01:38:23Z,[],6bcvcloym3tzxss5hgsw4h1at,A. Kennedy,,Angel City,Away
2823538463,576,1,2,64,52,6hbfgdczbi3yg4sdpqgtu6s,1,44.4,70.3,2025-06-21T01:38:26.251Z,2025-06-21T01:38:28Z,"[{'id': 5776172931, 'qualifierId': 140, 'value': '29.9'}, {'id': 5776172937, 'qualifierId': 213, 'value': '2.44'}, {'id': 5776172935, 'qualifierId': 212, 'value': '19.9'}, {'id': 5776172933, 'qualifierId': 141, 'value': '89.1'}, {'id': 5776172929, 'qualifierId': 56, 'value': 'Back'}]",6bcvcloym3tzxss5hgsw4h1at,A. Kennedy,,Angel City,Away
2823538475,577,1,2,64,54,6hbfgdczbi3yg4sdpqgtu6s,1,29.9,89.1,2025-06-21T01:38:28.619Z,2025-06-21T01:38:34Z,"[{'id': 5776173035, 'qualifierId': 56, 'value': 'Back'}, {'id': 5776173039, 'qualifierId': 141, 'value': '69.6'}, {'id': 5776173041, 'qualifierId': 212, 'value': '13.6'}, {'id': 5776173037, 'qualifierId': 140, 'value': '27.2'}, {'id': 5776173043, 'qualifierId': 213, 'value': '4.50'}]",9b94qn8vkpl0e7ujskes2m7d,M. Moriya,,Angel City,Away
2823538509,538,27,2,65,0,agxipc0vk4rtg09amjxv10nx0,1,0.0,0.0,2025-06-21T01:38:34.275Z,2025-06-21T01:38:41Z,"[{'id': 5776173201, 'qualifierId': 41, 'value': 'Injury'}, {'id': 5776173203, 'qualifierId': 53, 'value': 'e1irspfo9xupqz2sqvyq1zp0q'}, {'id': 5776173205, 'qualifierId': 233, 'value': '578'}]",,,,Kansas City Current,Home
2823538477,578,27,2,65,0,6hbfgdczbi3yg4sdpqgtu6s,1,0.0,0.0,2025-06-21T01:38:34.275Z,2025-06-21T01:38:41Z,"[{'id': 5776173211, 'qualifierId': 233, 'value': '538'}]",,,,Angel City,Away
2823538563,579,18,2,65,18,6hbfgdczbi3yg4sdpqgtu6s,1,0.0,0.0,2025-06-21T01:38:53.110Z,2025-06-27T17:12:41Z,"[{'id': 5776173489, 'qualifierId': 44, 'value': 'Defender'}, {'id': 5776173491, 'qualifierId': 59, 'value': '20'}, {'id': 5776173525, 'qualifierId': 55, 'value': '580'}, {'id': 5776173487, 'qualifierId': 42}]",89fa211ocgno2q0to22emh20a,G. Thompson,,Angel City,Away
2823538567,580,19,2,65,18,6hbfgdczbi3yg4sdpqgtu6s,1,0.0,0.0,2025-06-21T01:38:53.111Z,2025-06-27T17:12:42Z,"[{'id': 5776173507, 'qualifierId': 42}, {'id': 5776173521, 'qualifierId': 55, 'value': '579'}, {'id': 5776173511, 'qualifierId': 145, 'value': '2'}, {'id': 5776173513, 'qualifierId': 59, 'value': '25'}, {'id': 5776173519, 'qualifierId': 44, 'value': 'Defender'}, {'id': 5776173515, 'qualifierId': 292, 'value': '3'}, {'id': 5776173517, 'qualifierId': 293, 'value': '1'}]",atvo1d7070tccvlbi8x5rakno,S. Mattice,,Angel City,Away
2823539077,595,40,2,65,21,6hbfgdczbi3yg4sdpqgtu6s,1,0.0,0.0,2025-06-21T01:38:56.066Z,2025-06-21T01:42:23Z,"[{'id': 5776176337, 'qualifierId': 131, 'value': '1, 2, 3, 4, 5, 6, 7, 8, 9, 10, 11, 0, 0, 0, 0, 0, 0'}, {'id': 5776176329, 'qualifierId': 30, 'value': 'lg9muzm3sbiijicsik53m3je, 9b94qn8vkpl0e7ujskes2m7d, atvo1d7070tccvlbi8x5rakno, 6opd7nuh51c7p6pn6w04yuntg, 6bcvcloym3tzxss5hgsw4h1at, etdam0sfwiphiwykieovlsyy1, 9mo419gtk6dy5lhcvatcllkyy, 8f2og4ng2s6f8qeikft26h2qc, dfeohozpw604y5jbu01u1dkkq, bngif4yqa0asu77nptsb06n10, 3bx0w0ftkij1lqrt727gjd94a, as9gd28disfeeiiqxn7gjvg2c, 5ctvnqq716lbj0l9prrp8vb4k, e2cviaurp66ntp52needonka2, cenm8mly98mwv2630hcke4fmc, 9ijnmgmapjcnctich86692tw5, bnxnrws4yintb6s76erzl9xw5'}, {'id': 5776176333, 'qualifierId': 59, 'value': '19, 29, 25, 6, 14, 11, 7, 8, 21, 33, 99, 17, 28, 1, 9, 4, 23'}, {'id': 5776176339, 'qualifierId': 194, 'value': 'etdam0sfwiphiwykieovlsyy1'}, {'id': 5776176335, 'qualifierId': 130, 'value': '10'}, {'id': 5776176331, 'qualifierId': 44, 'value': '1, 2, 2, 2, 2, 2, 3, 3, 4, 4, 3, 5, 5, 5, 5, 5, 5'}]",,,,Angel City,Away
2823538769,541,18,2,65,57,agxipc0vk4rtg09amjxv10nx0,1,0.0,0.0,2025-06-21T01:39:31.941Z,2025-06-27T17:16:11Z,"[{'id': 5776174707, 'qualifierId': 55, 'value': '542'}, {'id': 5776174667, 'qualifierId': 44, 'value': 'Forward'}, {'id': 5776174665, 'qualifierId': 42}, {'id': 5776174669, 'qualifierId': 59, 'value': '17'}]",e1irspfo9xupqz2sqvyq1zp0q,M. Cooper,,Kansas City Current,Home
2823538771,542,19,2,65,57,agxipc0vk4rtg09amjxv10nx0,1,0.0,0.0,2025-06-21T01:39:31.942Z,2025-06-27T21:45:07Z,"[{'id': 5776226377, 'qualifierId': 292, 'value': '6'}, {'id': 5776174679, 'qualifierId': 44, 'value': 'Midfielder'}, {'id': 5776174675, 'qualifierId': 145, 'value': '7'}, {'id': 5776174677, 'qualifierId': 59, 'value': '8'}, {'id': 5776226379, 'qualifierId': 293, 'value': '2'}, {'id': 5776174681, 'qualifierId': 55, 'value': '541'}, {'id': 5776174671, 'qualifierId': 42}]",516s5q2n1hop56c1768x0jbh1,N. Prince,,Kansas City Current,Home
2823538755,539,18,2,65,59,agxipc0vk4rtg09amjxv10nx0,1,0.0,0.0,2025-06-21T01:39:34.037Z,2025-06-27T17:15:19Z,"[{'id': 5776174557, 'qualifierId': 44, 'value': 'Midfielder'}, {'id': 5776174559, 'qualifierId': 59, 'value': '16'}, {'id': 5776174555, 'qualifierId': 42}, {'id': 5776174591, 'qualifierId': 55, 'value': '540'}]",dv8265k3za578hkzxxuttqmdx,V. DiBernardo,,Kansas City Current,Home
2823538761,540,19,2,65,59,agxipc0vk4rtg09amjxv10nx0,1,0.0,0.0,2025-06-21T01:39:34.038Z,2025-06-27T21:45:12Z,"[{'id': 5776174581, 'qualifierId': 145, 'value': '10'}, {'id': 5776174583, 'qualifierId': 59, 'value': '22'}, {'id': 5776174577, 'qualifierId': 42}, {'id': 5776226369, 'qualifierId': 293, 'value': '3'}, {'id': 5776174585, 'qualifierId': 44, 'value': 'Midfielder'}, {'id': 5776174587, 'qualifierId': 55, 'value': '539'}, {'id': 5776226367, 'qualifierId': 292, 'value': '7'}]",errir6ade8y91vp5z7v8gkn6y,B. Feist,,Kansas City Current,Home
2823538779,543,28,2,66,10,agxipc0vk4rtg09amjxv10nx0,1,0.0,0.0,2025-06-21T01:39:44.311Z,2025-06-21T01:39:45Z,"[{'id': 5776174739, 'qualifierId': 55, 'value': '538'}, {'id': 5776174773, 'qualifierId': 233, 'value': '581'}]",,,,Kansas City Current,Home
2823538785,581,28,2,66,10,6hbfgdczbi3yg4sdpqgtu6s,1,0.0,0.0,2025-06-21T01:39:44.311Z,2025-06-21T01:39:45Z,"[{'id': 5776174777, 'qualifierId': 233, 'value': '543'}, {'id': 5776174769, 'qualifierId': 55, 'value': '578'}]",,,,Angel City,Away
2823538857,583,68,2,66,24,6hbfgdczbi3yg4sdpqgtu6s,1,30.5,64.0,2025-06-21T01:39:58.140Z,2025-06-27T17:21:25Z,[],,,,Angel City,Away
2823538847,544,68,2,66,24,agxipc0vk4rtg09amjxv10nx0,0,65.2,30.3,2025-06-21T01:39:58.294Z,2025-06-21T01:39:58Z,[],,,,Kansas City Current,Home
2823538871,584,1,2,66,26,6hbfgdczbi3yg4sdpqgtu6s,1,30.5,64.0,2025-06-21T01:40:00.891Z,2025-06-21T01:40:02Z,"[{'id': 5776175221, 'qualifierId': 141, 'value': '30.3'}, {'id': 5776175219, 'qualifierId': 140, 'value': '31.5'}, {'id': 5776175217, 'qualifierId': 56, 'value': 'Back'}, {'id': 5776175225, 'qualifierId': 213, 'value': '4.76'}, {'id': 5776175223, 'qualifierId': 212, 'value': '22.9'}]",6opd7nuh51c7p6pn6w04yuntg,M. Reid,,Angel City,Away
2823538893,585,1,2,66,28,6hbfgdczbi3yg4sdpqgtu6s,1,31.5,30.3,2025-06-21T01:40:02.475Z,2025-06-21T01:40:05Z,"[{'id': 5776175313, 'qualifierId': 140, 'value': '28.5'}, {'id': 5776175319, 'qualifierId': 213, 'value': '1.78'}, {'id': 5776175315, 'qualifierId': 141, 'value': '51.9'}, {'id': 5776175317, 'qualifierId': 212, 'value': '15.0'}, {'id': 5776175311, 'qualifierId': 56, 'value': 'Back'}]",etdam0sfwiphiwykieovlsyy1,S. Gorden,,Angel City,Away
2823538905,586,1,2,66,30,6hbfgdczbi3yg4sdpqgtu6s,1,28.5,51.9,2025-06-21T01:40:04.986Z,2025-06-21T01:40:09Z,"[{'id': 5776175361, 'qualifierId': 56, 'value': 'Back'}, {'id': 5776175367, 'qualifierId': 212, 'value': '15.6'}, {'id': 5776175365, 'qualifierId': 141, 'value': '74.7'}, {'id': 5776175369, 'qualifierId': 213, 'value': '1.46'}, {'id': 5776175363, 'qualifierId': 140, 'value': '30.2'}]",6bcvcloym3tzxss5hgsw4h1at,A. Kennedy,,Angel City,Away
2823538919,587,1,2,66,35,6hbfgdczbi3yg4sdpqgtu6s,1,30.2,74.7,2025-06-21T01:40:09.467Z,2025-06-21T01:40:13Z,"[{'id': 5776175421, 'qualifierId': 56, 'value': 'Back'}, {'id': 5776175423, 'qualifierId': 140, 'value': '27.5'}, {'id': 5776175429, 'qualifierId': 213, 'value': '4.51'}, {'id': 5776175425, 'qualifierId': 141, 'value': '53.9'}, {'id': 5776175427, 'qualifierId': 212, 'value': '14.4'}]",6opd7nuh51c7p6pn6w04yuntg,M. Reid,,Angel City,Away
2823538923,588,1,2,66,38,6hbfgdczbi3yg4sdpqgtu6s,1,27.2,53.6,2025-06-21T01:40:12.954Z,2025-06-21T01:40:14Z,"[{'id': 5776175457, 'qualifierId': 140, 'value': '27.9'}, {'id': 5776175463, 'qualifierId': 213, 'value': '4.76'}, {'id': 5776175461, 'qualifierId': 212, 'value': '14.4'}, {'id': 5776175455, 'qualifierId': 56, 'value': 'Back'}, {'id': 5776175459, 'qualifierId': 141, 'value': '32.5'}]",6bcvcloym3tzxss5hgsw4h1at,A. Kennedy,,Angel City,Away
2823538951,589,1,2,66,40,6hbfgdczbi3yg4sdpqgtu6s,1,27.9,32.5,2025-06-21T01:40:14.699Z,2025-06-21T01:40:18Z,"[{'id': 5776175617, 'qualifierId': 141, 'value': '60.3'}, {'id': 5776175621, 'qualifierId': 213, 'value': '1.70'}, {'id': 5776175613, 'qualifierId': 56, 'value': 'Back'}, {'id': 5776175619, 'qualifierId': 212, 'value': '19.1'}, {'id': 5776175615, 'qualifierId': 140, 'value': '25.6'}]",etdam0sfwiphiwykieovlsyy1,S. Gorden,,Angel City,Away
2823538953,590,1,2,66,44,6hbfgdczbi3yg4sdpqgtu6s,0,27.9,63.9,2025-06-21T01:40:18.683Z,2025-06-21T01:40:22Z,"[{'id': 5776175637, 'qualifierId': 213, 'value': '1.35'}, {'id': 5776175629, 'qualifierId': 56, 'value': 'Back'}, {'id': 5776175633, 'qualifierId': 141, 'value': '67.3'}, {'id': 5776175743, 'qualifierId': 286}, {'id': 5776175635, 'qualifierId': 212, 'value': '2.4'}, {'id': 5776175631, 'qualifierId': 140, 'value': '28.4'}, {'id': 5776175739, 'qualifierId': 233, 'value': '545'}, {'id': 5776175737, 'qualifierId': 236}]",6bcvcloym3tzxss5hgsw4h1at,A. Kennedy,,Angel City,Away
2823538971,545,74,2,66,44,agxipc0vk4rtg09amjxv10nx0,1,68.3,16.3,2025-06-21T01:40:18.684Z,2025-06-21T02:23:23Z,"[{'id': 5776175757, 'qualifierId': 233, 'value': '590'}, {'id': 5776175733, 'qualifierId': 56, 'value': 'Right'}, {'id': 5776175735, 'qualifierId': 285}]",516s5q2n1hop56c1768x0jbh1,N. Prince,,Kansas City Current,Home
2823538959,591,61,2,66,45,6hbfgdczbi3yg4sdpqgtu6s,1,26.9,68.8,2025-06-21T01:40:20.003Z,2025-06-21T01:40:20Z,"[{'id': 5776175669, 'qualifierId': 56, 'value': 'Back'}]",6bcvcloym3tzxss5hgsw4h1at,A. Kennedy,,Angel City,Away
2823538985,592,1,2,66,48,6hbfgdczbi3yg4sdpqgtu6s,1,35.0,88.3,2025-06-21T01:40:22.435Z,2025-06-21T01:40:24Z,"[{'id': 5776175813, 'qualifierId': 140, 'value': '19.0'}, {'id': 5776175819, 'qualifierId': 213, 'value': '3.19'}, {'id': 5776175815, 'qualifierId': 141, 'value': '87.1'}, {'id': 5776175817, 'qualifierId': 212, 'value': '16.8'}, {'id': 5776175811, 'qualifierId': 56, 'value': 'Back'}]",atvo1d7070tccvlbi8x5rakno,S. Mattice,,Angel City,Away
2823538999,593,1,2,66,50,6hbfgdczbi3yg4sdpqgtu6s,1,19.0,87.1,2025-06-21T01:40:24.347Z,2025-06-21T01:40:27Z,"[{'id': 5776175891, 'qualifierId': 141, 'value': '95.9'}, {'id': 5776175895, 'qualifierId': 213, 'value': '0.19'}, {'id': 5776175893, 'qualifierId': 212, 'value': '31.2'}, {'id': 5776175889, 'qualifierId': 140, 'value': '48.2'}, {'id': 5776175885, 'qualifierId': 157}, {'id': 5776175887, 'qualifierId': 56, 'value': 'Back'}, {'id': 5776175897, 'qualifierId': 1}]",6opd7nuh51c7p6pn6w04yuntg,M. Reid,,Angel City,Away
2823539003,594,4,2,66,52,6hbfgdczbi3yg4sdpqgtu6s,1,48.2,95.4,2025-06-21T01:40:27.050Z,2025-06-21T01:40:30Z,"[{'id': 5776175997, 'qualifierId': 286}, {'id': 5776175999, 'qualifierId': 233, 'value': '546'}, {'id': 5776175995, 'qualifierId': 152}, {'id': 5776175989, 'qualifierId': 13}, {'id': 5776175993, 'qualifierId': 56, 'value': 'Back'}, {'id': 5776175991, 'qualifierId': 294}]",dfeohozpw604y5jbu01u1dkkq,A. Thompson,,Angel City,Away
2823539007,546,4,2,66,52,agxipc0vk4rtg09amjxv10nx0,0,51.8,4.6,2025-06-21T01:40:27.051Z,2025-06-21T01:40:31Z,"[{'id': 5776175969, 'qualifierId': 294}, {'id': 5776175965, 'qualifierId': 13}, {'id': 5776175981, 'qualifierId': 285}, {'id': 5776176009, 'qualifierId': 233, 'value': '594'}, {'id': 5776175977, 'qualifierId': 152}, {'id': 5776175973, 'qualifierId': 56, 'value': 'Right'}]",48l2ildbeme2l336nor2hw6lm,E. Ball,,Kansas City Current,Home
2823539089,596,1,2,67,8,6hbfgdczbi3yg4sdpqgtu6s,1,48.2,95.9,2025-06-21T01:40:42.554Z,2025-06-27T17:23:47Z,"[{'id': 5776176401, 'qualifierId': 212, 'value': '14.8'}, {'id': 5781746181, 'qualifierId': 189}, {'id': 5776176391, 'qualifierId': 5}, {'id': 5776176393, 'qualifierId': 152}, {'id': 5776176399, 'qualifierId': 141, 'value': '86.0'}, {'id': 5776176395, 'qualifierId': 56, 'value': 'Back'}, {'id': 5776176397, 'qualifierId': 140, 'value': '35.6'}, {'id': 5776176403, 'qualifierId': 213, 'value': '3.61'}]",atvo1d7070tccvlbi8x5rakno,S. Mattice,,Angel City,Away
2823539097,597,1,2,67,9,6hbfgdczbi3yg4sdpqgtu6s,1,35.6,86.0,2025-06-21T01:40:43.307Z,2025-06-21T01:40:45Z,"[{'id': 5776176447, 'qualifierId': 140, 'value': '34.3'}, {'id': 5776176453, 'qualifierId': 213, 'value': '4.64'}, {'id': 5776176445, 'qualifierId': 56, 'value': 'Back'}, {'id': 5776176451, 'qualifierId': 212, 'value': '17.9'}, {'id': 5776176449, 'qualifierId': 141, 'value': '59.7'}]",6opd7nuh51c7p6pn6w04yuntg,M. Reid,,Angel City,Away
2823539123,598,1,2,67,12,6hbfgdczbi3yg4sdpqgtu6s,1,34.5,57.3,2025-06-21T01:40:46.475Z,2025-06-21T01:40:51Z,"[{'id': 5776176619, 'qualifierId': 140, 'value': '34.7'}, {'id': 5776176621, 'qualifierId': 141, 'value': '37.4'}, {'id': 5776176623, 'qualifierId': 212, 'value': '13.5'}, {'id': 5776176625, 'qualifierId': 213, 'value': '4.73'}, {'id': 5776176617, 'qualifierId': 56, 'value': 'Back'}]",6bcvcloym3tzxss5hgsw4h1at,A. Kennedy,,Angel City,Away
2823539137,599,1,2,67,16,6hbfgdczbi3yg4sdpqgtu6s,1,35.4,36.9,2025-06-21T01:40:51.018Z,2025-06-21T01:40:53Z,"[{'id': 5776176701, 'qualifierId': 56, 'value': 'Back'}, {'id': 5776176703, 'qualifierId': 140, 'value': '35.1'}, {'id': 5776176705, 'qualifierId': 141, 'value': '55.8'}, {'id': 5776176709, 'qualifierId': 213, 'value': '1.60'}, {'id': 5776176707, 'qualifierId': 212, 'value': '12.9'}]",etdam0sfwiphiwykieovlsyy1,S. Gorden,,Angel City,Away
2823539153,600,1,2,67,18,6hbfgdczbi3yg4sdpqgtu6s,1,35.6,56.0,2025-06-21T01:40:53.050Z,2025-06-21T01:40:55Z,"[{'id': 5776176803, 'qualifierId': 213, 'value': '1.38'}, {'id': 5776176799, 'qualifierId': 141, 'value': '82.0'}, {'id': 5776176795, 'qualifierId': 56, 'value': 'Back'}, {'id': 5776176801, 'qualifierId': 212, 'value': '18.0'}, {'id': 5776176797, 'qualifierId': 140, 'value': '38.8'}]",6bcvcloym3tzxss5hgsw4h1at,A. Kennedy,,Angel City,Away
2823539161,601,1,2,67,22,6hbfgdczbi3yg4sdpqgtu6s,0,37.8,81.8,2025-06-21T01:40:56.938Z,2025-06-21T01:40:57Z,"[{'id': 5776176841, 'qualifierId': 140, 'value': '54.2'}, {'id': 5776176839, 'qualifierId': 56, 'value': 'Center'}, {'id': 5776176837, 'qualifierId': 155}, {'id': 5776176847, 'qualifierId': 213, 'value': '5.67'}, {'id': 5776176845, 'qualifierId': 212, 'value': '21.0'}, {'id': 5776176843, 'qualifierId': 141, 'value': '64.0'}]",6opd7nuh51c7p6pn6w04yuntg,M. Reid,,Angel City,Away
2823539171,547,1,2,67,24,agxipc0vk4rtg09amjxv10nx0,1,42.8,35.1,2025-06-21T01:40:58.349Z,2025-06-21T01:40:59Z,"[{'id': 5776176897, 'qualifierId': 140, 'value': '67.8'}, {'id': 5776176901, 'qualifierId': 212, 'value': '26.4'}, {'id': 5776176899, 'qualifierId': 141, 'value': '39.0'}, {'id': 5776176903, 'qualifierId': 213, 'value': '0.10'}, {'id': 5776176895, 'qualifierId': 56, 'value': 'Center'}]",6k82rq8synvac950ext5t0jpx,R. Rodríguez,,Kansas City Current,Home
2823539175,548,49,2,67,25,agxipc0vk4rtg09amjxv10nx0,1,66.0,39.5,2025-06-21T01:40:59.589Z,2025-06-21T01:40:59Z,[],47iatvbptp6438v5qo359yw9h,Bia Zaneratto,,Kansas City Current,Home
2823539189,549,1,2,67,27,agxipc0vk4rtg09amjxv10nx0,1,66.0,46.6,2025-06-21T01:41:01.917Z,2025-06-21T01:41:04Z,"[{'id': 5776177001, 'qualifierId': 212, 'value': '7.9'}, {'id': 5776176999, 'qualifierId': 141, 'value': '41.0'}, {'id': 5776176995, 'qualifierId': 56, 'value': 'Center'}, {'id': 5776177003, 'qualifierId': 213, 'value': '5.78'}, {'id': 5776176997, 'qualifierId': 140, 'value': '72.6'}]",47iatvbptp6438v5qo359yw9h,Bia Zaneratto,,Kansas City Current,Home
2823539191,550,61,2,67,30,agxipc0vk4rtg09amjxv10nx0,0,74.4,40.2,2025-06-21T01:41:04.437Z,2025-06-21T01:41:04Z,"[{'id': 5776177007, 'qualifierId': 56, 'value': 'Center'}]",ccw8gtkcahxf21rutqldjvkve,T. Chawinga,,Kansas City Current,Home
2823539205,602,12,2,67,31,6hbfgdczbi3yg4sdpqgtu6s,1,19.7,70.7,2025-06-21T01:41:05.724Z,2025-06-27T17:25:03Z,"[{'id': 5776177103, 'qualifierId': 213, 'value': '6.06'}, {'id': 5776177097, 'qualifierId': 140, 'value': '35.9'}, {'id': 5776177101, 'qualifierId': 212, 'value': '17.4'}, {'id': 5776177095, 'qualifierId': 56, 'value': 'Back'}, {'id': 5776177099, 'qualifierId': 141, 'value': '65.0'}]",atvo1d7070tccvlbi8x5rakno,S. Mattice,,Angel City,Away
2823539209,551,61,2,67,32,agxipc0vk4rtg09amjxv10nx0,0,61.9,27.1,2025-06-21T01:41:06.213Z,2025-06-21T01:41:10Z,"[{'id': 5776177105, 'qualifierId': 56, 'value': 'Center'}]",6k82rq8synvac950ext5t0jpx,R. Rodríguez,,Kansas City Current,Home
2823539211,603,1,2,67,33,6hbfgdczbi3yg4sdpqgtu6s,1,36.9,81.4,2025-06-21T01:41:07.674Z,2025-06-21T01:41:08Z,"[{'id': 5776177111, 'qualifierId': 141, 'value': '78.4'}, {'id': 5776177109, 'qualifierId': 140, 'value': '41.4'}, {'id': 5776177115, 'qualifierId': 213, 'value': '5.88'}, {'id': 5776177107, 'qualifierId': 56, 'value': 'Back'}, {'id': 5776177113, 'qualifierId': 212, 'value': '5.1'}]",dfeohozpw604y5jbu01u1dkkq,A. Thompson,,Angel City,Away
2823539213,604,49,2,67,34,6hbfgdczbi3yg4sdpqgtu6s,1,44.0,79.9,2025-06-21T01:41:08.603Z,2025-06-21T01:41:08Z,[],bngif4yqa0asu77nptsb06n10,R. Tiernan,,Angel City,Away
2823539247,552,83,2,67,41,agxipc0vk4rtg09amjxv10nx0,0,7.6,16.6,2025-06-21T01:41:15.645Z,2025-06-21T01:51:08Z,"[{'id': 5776189779, 'qualifierId': 399, 'value': 'bngif4yqa0asu77nptsb06n10'}]",9wvoeo39cgbelv8ddqin3aaga,H. Mace,,Kansas City Current,Home
2823539251,553,45,2,67,45,agxipc0vk4rtg09amjxv10nx0,0,7.1,9.6,2025-06-21T01:41:19.310Z,2025-06-21T02:17:17Z,"[{'id': 5776177477, 'qualifierId': 233, 'value': '605'}, {'id': 5776177361, 'qualifierId': 285}, {'id': 5776177359, 'qualifierId': 56, 'value': 'Back'}]",9wvoeo39cgbelv8ddqin3aaga,H. Mace,,Kansas City Current,Home
2823539263,605,3,2,67,45,6hbfgdczbi3yg4sdpqgtu6s,1,92.9,90.4,2025-06-21T01:41:19.310Z,2025-06-27T17:25:47Z,"[{'id': 5776177469, 'qualifierId': 286}, {'id': 5781747239, 'qualifierId': 465}, {'id': 5776177467, 'qualifierId': 56, 'value': 'Left'}, {'id': 5776177473, 'qualifierId': 233, 'value': '553'}]",bngif4yqa0asu77nptsb06n10,R. Tiernan,,Angel City,Away
2823539291,606,1,2,67,48,6hbfgdczbi3yg4sdpqgtu6s,1,92.3,88.4,2025-06-21T01:41:22.826Z,2025-06-27T17:26:03Z,"[{'id': 5776177647, 'qualifierId': 140, 'value': '75.9'}, {'id': 5776177643, 'qualifierId': 155}, {'id': 5776177645, 'qualifierId': 56, 'value': 'Center'}, {'id': 5776177651, 'qualifierId': 212, 'value': '47.1'}, {'id': 5776177649, 'qualifierId': 141, 'value': '24.0'}, {'id': 5776177653, 'qualifierId': 213, 'value': '4.34'}, {'id': 5781747337, 'qualifierId': 20}, {'id': 5776177655, 'qualifierId': 1}, {'id': 5776177641, 'qualifierId': 2}, {'id': 5781747335, 'qualifierId': 223}]",bngif4yqa0asu77nptsb06n10,R. Tiernan,,Angel City,Away
2823539297,607,1,2,67,56,6hbfgdczbi3yg4sdpqgtu6s,0,72.1,19.2,2025-06-21T01:41:30.250Z,2025-06-21T01:41:30Z,"[{'id': 5776177687, 'qualifierId': 212, 'value': '5.7'}, {'id': 5776177681, 'qualifierId': 56, 'value': 'Center'}, {'id': 5776177683, 'qualifierId': 140, 'value': '74.3'}, {'id': 5776177685, 'qualifierId': 141, 'value': '26.8'}, {'id': 5776177689, 'qualifierId': 213, 'value': '1.15'}]",9mo419gtk6dy5lhcvatcllkyy,J. Dufour,,Angel City,Away
2823539303,554,49,2,67,57,agxipc0vk4rtg09amjxv10nx0,1,28.7,71.9,2025-06-21T01:41:31.677Z,2025-06-21T01:41:31Z,[],6hyf258ii56nw917w0b4ekob8,C. Hutton,,Kansas City Current,Home
2823539323,555,1,2,68,0,agxipc0vk4rtg09amjxv10nx0,1,24.6,71.4,2025-06-21T01:41:34.630Z,2025-06-21T01:41:37Z,"[{'id': 5776177859, 'qualifierId': 140, 'value': '44.3'}, {'id': 5776177861, 'qualifierId': 141, 'value': '88.2'}, {'id': 5776177855, 'qualifierId': 155}, {'id': 5776177857, 'qualifierId': 56, 'value': 'Back'}, {'id': 5776177863, 'qualifierId': 212, 'value': '23.6'}, {'id': 5776177865, 'qualifierId': 213, 'value': '0.50'}]",6hyf258ii56nw917w0b4ekob8,C. Hutton,,Kansas City Current,Home
2823539363,556,1,2,68,3,agxipc0vk4rtg09amjxv10nx0,1,44.3,88.2,2025-06-21T01:41:37.717Z,2025-06-27T17:28:28Z,"[{'id': 5776178091, 'qualifierId': 212, 'value': '29.0'}, {'id': 5776180317, 'qualifierId': 210, 'value': '15'}, {'id': 5776180319, 'qualifierId': 154}, {'id': 5776178087, 'qualifierId': 140, 'value': '69.9'}, {'id': 5781748515, 'qualifierId': 4}, {'id': 5776178093, 'qualifierId': 213, 'value': '5.90'}, {'id': 5776178085, 'qualifierId': 56, 'value': 'Center'}, {'id': 5776178089, 'qualifierId': 141, 'value': '72.1'}]",736jvvtkgwc3g1vooviaod33d,I. Rodriguez,1.0,Kansas City Current,Home
2823539367,557,15,2,68,8,agxipc0vk4rtg09amjxv10nx0,1,89.0,54.2,2025-06-21T01:41:42.702Z,2025-06-27T17:28:49Z,"[{'id': 5776179879, 'qualifierId': 20}, {'id': 5776180345, 'qualifierId': 233, 'value': '608'}, {'id': 5776178121, 'qualifierId': 56, 'value': 'Center'}, {'id': 5776180341, 'qualifierId': 147, 'value': '51.8'}, {'id': 5776180339, 'qualifierId': 146, 'value': '96.9'}, {'id': 5776178119, 'qualifierId': 17}, {'id': 5776180321, 'qualifierId': 78}, {'id': 5776179877, 'qualifierId': 23}, {'id': 5776180331, 'qualifierId': 102, 'value': '50.5'}, {'id': 5776180333, 'qualifierId': 103, 'value': '1.9'}, {'id': 5776180325, 'qualifierId': 154}, {'id': 5776180335, 'qualifierId': 214}, {'id': 5776180323, 'qualifierId': 29}, {'id': 5776180337, 'qualifierId': 89}, {'id': 5776180327, 'qualifierId': 55, 'value': '556'}]",ccw8gtkcahxf21rutqldjvkve,T. Chawinga,,Kansas City Current,Home
2823539371,608,10,2,68,8,6hbfgdczbi3yg4sdpqgtu6s,1,3.3,49.1,2025-06-21T01:41:42.802Z,2025-06-27T17:28:55Z,"[{'id': 5781748763, 'qualifierId': 376}, {'id': 5776178139, 'qualifierId': 56, 'value': 'Back'}, {'id': 5776178451, 'qualifierId': 174}, {'id': 5776180357, 'qualifierId': 233, 'value': '557'}, {'id': 5776178453, 'qualifierId': 183}, {'id': 5781748761, 'qualifierId': 180}]",lg9muzm3sbiijicsik53m3je,A. Anderson,,Angel City,Away
2823539397,558,16,2,68,12,agxipc0vk4rtg09amjxv10nx0,1,85.6,55.2,2025-06-21T01:41:46.189Z,2025-06-27T17:30:17Z,"[{'id': 5776179665, 'qualifierId': 280, 'value': 'ATTEMPT_SAVED'}, {'id': 5776178955, 'qualifierId': 374, 'value': '2025-06-21 02:41:45.257'}, {'id': 5776179663, 'qualifierId': 231, 'value': '51.3'}, {'id': 5776179667, 'qualifierId': 281, 'value': 'ccw8gtkcahxf21rutqldjvkve'}, {'id': 5781749137, 'qualifierId': 136}, {'id': 5776179657, 'qualifierId': 214}, {'id': 5776179655, 'qualifierId': 103, 'value': '25.9'}, {'id': 5776179673, 'qualifierId': 472, 'value': '557'}, {'id': 5776179653, 'qualifierId': 102, 'value': '48.3'}, {'id': 5776178303, 'qualifierId': 56, 'value': 'Center'}, {'id': 5781748947, 'qualifierId': 396, 'value': '51.4'}, {'id': 5776179661, 'qualifierId': 230, 'value': '97.8'}, {'id': 5776179659, 'qualifierId': 458}, {'id': 5776178949, 'qualifierId': 23}, {'id': 5781748945, 'qualifierId': 395, 'value': '98.0'}, {'id': 5776178951, 'qualifierId': 72}, {'id': 5776178301, 'qualifierId': 17}, {'id': 5776179651, 'qualifierId': 79}, {'id': 5776179669, 'qualifierId': 282, 'value': 'agxipc0vk4rtg09amjxv10nx0'}, {'id': 5776178959, 'qualifierId': 375, 'value': '68:11.120'}]",47iatvbptp6438v5qo359yw9h,Bia Zaneratto,,Kansas City Current,Home
2823539987,609,1,2,70,41,6hbfgdczbi3yg4sdpqgtu6s,1,50.1,49.9,2025-06-21T01:44:15.810Z,2025-06-27T17:32:38Z,"[{'id': 5776181833, 'qualifierId': 141, 'value': '51.8'}, {'id': 5776181829, 'qualifierId': 56, 'value': 'Back'}, {'id': 5776181835, 'qualifierId': 212, 'value': '17.0'}, {'id': 5776181839, 'qualifierId': 279, 'value': 'G'}, {'id': 5776181837, 'qualifierId': 213, 'value': '3.07'}, {'id': 5776181863, 'qualifierId': 189}, {'id': 5776181831, 'qualifierId': 140, 'value': '34.0'}]",8f2og4ng2s6f8qeikft26h2qc,M. Hodge,,Angel City,Away
2823539989,610,1,2,70,42,6hbfgdczbi3yg4sdpqgtu6s,0,34.0,51.8,2025-06-21T01:44:16.914Z,2025-06-27T17:32:40Z,"[{'id': 5776181853, 'qualifierId': 213, 'value': '0.68'}, {'id': 5776181855, 'qualifierId': 1}, {'id': 5776181843, 'qualifierId': 157}, {'id': 5776181851, 'qualifierId': 212, 'value': '52.4'}, {'id': 5776181849, 'qualifierId': 141, 'value': '100.0'}, {'id': 5776181845, 'qualifierId': 56, 'value': 'Left'}, {'id': 5776181847, 'qualifierId': 140, 'value': '72.8'}, {'id': 5776181907, 'qualifierId': 189}]",6bcvcloym3tzxss5hgsw4h1at,A. Kennedy,,Angel City,Away
2823539999,559,5,2,70,43,agxipc0vk4rtg09amjxv10nx0,1,25.2,-0.8,2025-06-21T01:44:17.615Z,2025-06-27T17:32:42Z,"[{'id': 5776181939, 'qualifierId': 233, 'value': '611'}, {'id': 5776181923, 'qualifierId': 347}, {'id': 5776181921, 'qualifierId': 56, 'value': 'Back'}]",48l2ildbeme2l336nor2hw6lm,E. Ball,,Kansas City Current,Home
2823539991,611,5,2,70,43,6hbfgdczbi3yg4sdpqgtu6s,0,74.8,100.8,2025-06-21T01:44:17.615Z,2025-06-27T17:32:43Z,"[{'id': 5776181859, 'qualifierId': 56, 'value': 'Left'}, {'id': 5776181943, 'qualifierId': 233, 'value': '559'}, {'id': 5776181861, 'qualifierId': 347}]",6bcvcloym3tzxss5hgsw4h1at,A. Kennedy,,Angel City,Away
2823540011,560,1,2,70,53,agxipc0vk4rtg09amjxv10nx0,1,22.0,0.0,2025-06-21T01:44:27.676Z,2025-06-21T01:44:29Z,"[{'id': 5776181969, 'qualifierId': 56, 'value': 'Back'}, {'id': 5776181971, 'qualifierId': 140, 'value': '41.4'}, {'id': 5776181967, 'qualifierId': 107}, {'id': 5776181977, 'qualifierId': 213, 'value': '0.19'}, {'id': 5776181975, 'qualifierId': 212, 'value': '20.8'}, {'id': 5776181973, 'qualifierId': 141, 'value': '3.9'}]",9wvoeo39cgbelv8ddqin3aaga,H. Mace,,Kansas City Current,Home
2823540017,561,61,2,70,55,agxipc0vk4rtg09amjxv10nx0,0,41.4,3.9,2025-06-21T01:44:29.645Z,2025-06-21T01:44:29Z,"[{'id': 5776182003, 'qualifierId': 56, 'value': 'Back'}]",47iatvbptp6438v5qo359yw9h,Bia Zaneratto,,Kansas City Current,Home
2823540031,612,1,2,70,58,6hbfgdczbi3yg4sdpqgtu6s,1,39.7,96.3,2025-06-21T01:44:32.457Z,2025-06-21T01:44:33Z,"[{'id': 5776182087, 'qualifierId': 141, 'value': '73.2'}, {'id': 5776182091, 'qualifierId': 213, 'value': '4.44'}, {'id': 5776182083, 'qualifierId': 56, 'value': 'Back'}, {'id': 5776182089, 'qualifierId': 212, 'value': '16.3'}, {'id': 5776182085, 'qualifierId': 140, 'value': '35.6'}]",3bx0w0ftkij1lqrt727gjd94a,M. Hammond,,Angel City,Away
2823540033,613,49,2,70,59,6hbfgdczbi3yg4sdpqgtu6s,1,35.6,73.2,2025-06-21T01:44:33.449Z,2025-06-21T01:44:33Z,[],6bcvcloym3tzxss5hgsw4h1at,A. Kennedy,,Angel City,Away
2823540045,614,1,2,71,1,6hbfgdczbi3yg4sdpqgtu6s,0,36.0,78.5,2025-06-21T01:44:35.241Z,2025-06-21T01:44:37Z,"[{'id': 5776182213, 'qualifierId': 286}, {'id': 5776182147, 'qualifierId': 1}, {'id': 5776182145, 'qualifierId': 213, 'value': '0.14'}, {'id': 5776182143, 'qualifierId': 212, 'value': '1.0'}, {'id': 5776182141, 'qualifierId': 141, 'value': '78.7'}, {'id': 5776182207, 'qualifierId': 236}, {'id': 5776182139, 'qualifierId': 140, 'value': '36.9'}, {'id': 5776182135, 'qualifierId': 157}, {'id': 5776182209, 'qualifierId': 233, 'value': '562'}, {'id': 5776182137, 'qualifierId': 56, 'value': 'Back'}]",6bcvcloym3tzxss5hgsw4h1at,A. Kennedy,,Angel City,Away
2823540049,562,74,2,71,1,agxipc0vk4rtg09amjxv10nx0,1,59.9,18.3,2025-06-21T01:44:35.242Z,2025-06-21T02:23:23Z,"[{'id': 5776182223, 'qualifierId': 233, 'value': '614'}, {'id': 5776182189, 'qualifierId': 56, 'value': 'Right'}, {'id': 5776182191, 'qualifierId': 285}]",47iatvbptp6438v5qo359yw9h,Bia Zaneratto,1.0,Kansas City Current,Home
2823540055,563,49,2,71,3,agxipc0vk4rtg09amjxv10nx0,1,64.5,25.2,2025-06-21T01:44:38.004Z,2025-06-21T01:44:38Z,[],ccw8gtkcahxf21rutqldjvkve,T. Chawinga,,Kansas City Current,Home
2823540069,564,15,2,71,8,agxipc0vk4rtg09amjxv10nx0,1,90.6,34.4,2025-06-21T01:44:42.676Z,2025-06-27T17:34:41Z,"[{'id': 5776182619, 'qualifierId': 103, 'value': '3.2'}, {'id': 5776182627, 'qualifierId': 147, 'value': '46.9'}, {'id': 5776182301, 'qualifierId': 22}, {'id': 5776182625, 'qualifierId': 146, 'value': '98.1'}, {'id': 5776182621, 'qualifierId': 214}, {'id': 5776182305, 'qualifierId': 56, 'value': 'Center'}, {'id': 5776182475, 'qualifierId': 20}, {'id': 5776182303, 'qualifierId': 63}, {'id': 5776182631, 'qualifierId': 233, 'value': '615'}, {'id': 5776182609, 'qualifierId': 29}, {'id': 5776182613, 'qualifierId': 55, 'value': '562'}, {'id': 5776182617, 'qualifierId': 102, 'value': '51.0'}, {'id': 5776182607, 'qualifierId': 78}, {'id': 5776182611, 'qualifierId': 154}]",ccw8gtkcahxf21rutqldjvkve,T. Chawinga,,Kansas City Current,Home
2823540077,615,10,2,71,8,6hbfgdczbi3yg4sdpqgtu6s,1,2.4,53.9,2025-06-21T01:44:42.776Z,2025-06-27T17:34:45Z,"[{'id': 5776182479, 'qualifierId': 177}, {'id': 5776182365, 'qualifierId': 179}, {'id': 5781751449, 'qualifierId': 376}, {'id': 5776182335, 'qualifierId': 56, 'value': 'Back'}, {'id': 5776182333, 'qualifierId': 182}, {'id': 5776182635, 'qualifierId': 233, 'value': '564'}]",lg9muzm3sbiijicsik53m3je,A. Anderson,,Angel City,Away
2823540107,616,52,2,71,9,6hbfgdczbi3yg4sdpqgtu6s,1,2.4,53.9,2025-06-21T01:44:43.401Z,2025-06-27T17:34:55Z,"[{'id': 5781751489, 'qualifierId': 376}]",lg9muzm3sbiijicsik53m3je,A. Anderson,,Angel City,Away
2823540179,617,1,2,71,32,6hbfgdczbi3yg4sdpqgtu6s,1,6.9,60.3,2025-06-21T01:45:07.049Z,2025-06-21T01:45:15Z,"[{'id': 5776182917, 'qualifierId': 141, 'value': '79.3'}, {'id': 5776182913, 'qualifierId': 56, 'value': 'Back'}, {'id': 5776182915, 'qualifierId': 140, 'value': '20.3'}, {'id': 5776182919, 'qualifierId': 212, 'value': '19.1'}, {'id': 5776183079, 'qualifierId': 189}, {'id': 5776182911, 'qualifierId': 123}, {'id': 5776182921, 'qualifierId': 213, 'value': '0.74'}]",lg9muzm3sbiijicsik53m3je,A. Anderson,,Angel City,Away
2823540193,618,1,2,71,33,6hbfgdczbi3yg4sdpqgtu6s,1,20.3,79.3,2025-06-21T01:45:08.041Z,2025-06-21T01:45:12Z,"[{'id': 5776183009, 'qualifierId': 140, 'value': '15.4'}, {'id': 5776183011, 'qualifierId': 141, 'value': '54.5'}, {'id': 5776183007, 'qualifierId': 56, 'value': 'Back'}, {'id': 5776183013, 'qualifierId': 212, 'value': '17.6'}, {'id': 5776183015, 'qualifierId': 213, 'value': '4.42'}]",6opd7nuh51c7p6pn6w04yuntg,M. Reid,,Angel City,Away
2823540203,619,1,2,71,38,6hbfgdczbi3yg4sdpqgtu6s,1,19.2,54.9,2025-06-21T01:45:12.281Z,2025-06-21T01:45:15Z,"[{'id': 5776183069, 'qualifierId': 212, 'value': '15.4'}, {'id': 5776183071, 'qualifierId': 213, 'value': '1.44'}, {'id': 5776183065, 'qualifierId': 140, 'value': '21.1'}, {'id': 5776183063, 'qualifierId': 56, 'value': 'Back'}, {'id': 5776183067, 'qualifierId': 141, 'value': '77.3'}]",6bcvcloym3tzxss5hgsw4h1at,A. Kennedy,,Angel City,Away
2823540237,620,1,2,71,42,6hbfgdczbi3yg4sdpqgtu6s,1,23.6,73.2,2025-06-21T01:45:16.729Z,2025-06-21T01:45:22Z,"[{'id': 5776183271, 'qualifierId': 212, 'value': '10.6'}, {'id': 5776183269, 'qualifierId': 141, 'value': '59.3'}, {'id': 5776183265, 'qualifierId': 56, 'value': 'Back'}, {'id': 5776183267, 'qualifierId': 140, 'value': '19.0'}, {'id': 5776183273, 'qualifierId': 213, 'value': '4.24'}]",6opd7nuh51c7p6pn6w04yuntg,M. Reid,,Angel City,Away
2823540245,621,1,2,71,48,6hbfgdczbi3yg4sdpqgtu6s,1,19.3,59.6,2025-06-21T01:45:22.409Z,2025-06-21T01:45:24Z,"[{'id': 5776183331, 'qualifierId': 140, 'value': '19.9'}, {'id': 5776183337, 'qualifierId': 213, 'value': '1.51'}, {'id': 5776183329, 'qualifierId': 56, 'value': 'Back'}, {'id': 5776183333, 'qualifierId': 141, 'value': '74.5'}, {'id': 5776183335, 'qualifierId': 212, 'value': '10.2'}]",6bcvcloym3tzxss5hgsw4h1at,A. Kennedy,,Angel City,Away
2823540249,622,1,2,71,50,6hbfgdczbi3yg4sdpqgtu6s,0,19.9,74.5,2025-06-21T01:45:24.617Z,2025-06-21T01:45:25Z,"[{'id': 5776183353, 'qualifierId': 56, 'value': 'Back'}, {'id': 5776183359, 'qualifierId': 212, 'value': '10.5'}, {'id': 5776183361, 'qualifierId': 213, 'value': '6.22'}, {'id': 5776183355, 'qualifierId': 140, 'value': '29.9'}, {'id': 5776183357, 'qualifierId': 141, 'value': '73.5'}]",6opd7nuh51c7p6pn6w04yuntg,M. Reid,,Angel City,Away
2823540255,566,8,2,71,53,agxipc0vk4rtg09amjxv10nx0,1,71.3,29.9,2025-06-21T01:45:27.848Z,2025-06-27T17:35:38Z,"[{'id': 5781751813, 'qualifierId': 384}, {'id': 5776183393, 'qualifierId': 56, 'value': 'Center'}]",6k82rq8synvac950ext5t0jpx,R. Rodríguez,,Kansas City Current,Home
2823540259,623,52,2,71,56,6hbfgdczbi3yg4sdpqgtu6s,1,4.4,54.9,2025-06-21T01:45:30.185Z,2025-06-27T17:35:44Z,"[{'id': 5781751819, 'qualifierId': 376}]",lg9muzm3sbiijicsik53m3je,A. Anderson,,Angel City,Away
2823540329,624,80,2,72,12,6hbfgdczbi3yg4sdpqgtu6s,0,15.3,53.3,2025-06-21T01:45:47.113Z,2025-06-21T01:45:47Z,[],lg9muzm3sbiijicsik53m3je,A. Anderson,,Angel City,Away
2823540355,625,1,2,72,14,6hbfgdczbi3yg4sdpqgtu6s,1,22.7,53.7,2025-06-21T01:45:48.450Z,2025-06-27T17:36:27Z,"[{'id': 5776183957, 'qualifierId': 141, 'value': '83.8'}, {'id': 5776183959, 'qualifierId': 212, 'value': '58.6'}, {'id': 5776183961, 'qualifierId': 213, 'value': '0.36'}, {'id': 5776183955, 'qualifierId': 140, 'value': '75.0'}, {'id': 5776183953, 'qualifierId': 56, 'value': 'Left'}, {'id': 5776183949, 'qualifierId': 157}, {'id': 5776183963, 'qualifierId': 1}]",lg9muzm3sbiijicsik53m3je,A. Anderson,,Angel City,Away
2823540357,626,61,2,72,15,6hbfgdczbi3yg4sdpqgtu6s,0,50.0,50.0,2025-06-21T01:45:49.776Z,2025-06-21T01:48:53Z,"[{'id': 5776185309, 'qualifierId': 56, 'value': 'Center'}]",dfeohozpw604y5jbu01u1dkkq,A. Thompson,,Angel City,Away
2823540363,567,1,2,72,16,agxipc0vk4rtg09amjxv10nx0,0,35.2,12.3,2025-06-21T01:45:50.372Z,2025-06-21T02:23:39Z,"[{'id': 5776183983, 'qualifierId': 1}, {'id': 5776183977, 'qualifierId': 141, 'value': '21.2'}, {'id': 5776183973, 'qualifierId': 56, 'value': 'Back'}, {'id': 5776183979, 'qualifierId': 212, 'value': '11.1'}, {'id': 5776183975, 'qualifierId': 140, 'value': '44.1'}, {'id': 5776183971, 'qualifierId': 157}, {'id': 5776183981, 'qualifierId': 213, 'value': '0.57'}]",cl1av4qyzjkq03akjof6tdf1m,K. Sharples,,Kansas City Current,Home
2823540359,627,61,2,72,17,6hbfgdczbi3yg4sdpqgtu6s,1,60.3,91.8,2025-06-21T01:45:52.009Z,2025-06-21T02:23:37Z,"[{'id': 5776188363, 'qualifierId': 56, 'value': 'Left'}]",atvo1d7070tccvlbi8x5rakno,S. Mattice,,Angel City,Away
2823540365,568,1,2,72,21,agxipc0vk4rtg09amjxv10nx0,0,40.7,14.1,2025-06-21T01:45:56.127Z,2025-06-21T02:23:41Z,"[{'id': 5776189543, 'qualifierId': 286}, {'id': 5776189431, 'qualifierId': 140, 'value': '42.2'}, {'id': 5776189437, 'qualifierId': 213, 'value': '0.09'}, {'id': 5776189537, 'qualifierId': 236}, {'id': 5776183987, 'qualifierId': 56, 'value': 'Back'}, {'id': 5776189433, 'qualifierId': 141, 'value': '14.3'}, {'id': 5776225027, 'qualifierId': 233, 'value': '662'}, {'id': 5776189435, 'qualifierId': 212, 'value': '1.6'}]",516s5q2n1hop56c1768x0jbh1,N. Prince,,Kansas City Current,Home
2823541273,662,74,2,72,21,6hbfgdczbi3yg4sdpqgtu6s,1,60.1,82.6,2025-06-21T01:45:56.128Z,2025-06-21T02:23:42Z,"[{'id': 5776225031, 'qualifierId': 233, 'value': '568'}, {'id': 5776189335, 'qualifierId': 56, 'value': 'Left'}, {'id': 5776189337, 'qualifierId': 285}]",atvo1d7070tccvlbi8x5rakno,S. Mattice,,Angel City,Away
2823540361,628,44,2,72,22,6hbfgdczbi3yg4sdpqgtu6s,1,66.3,87.0,2025-06-21T01:45:56.233Z,2025-06-21T01:51:10Z,"[{'id': 5776188831, 'qualifierId': 56, 'value': 'Left'}, {'id': 5776188835, 'qualifierId': 233, 'value': '576'}, {'id': 5776188833, 'qualifierId': 286}]",atvo1d7070tccvlbi8x5rakno,S. Mattice,,Angel City,Away
2823540725,576,44,2,72,22,agxipc0vk4rtg09amjxv10nx0,0,33.7,13.0,2025-06-21T01:45:56.234Z,2025-06-21T02:23:20Z,"[{'id': 5776186111, 'qualifierId': 285}, {'id': 5776186109, 'qualifierId': 56, 'value': 'Back'}, {'id': 5776188839, 'qualifierId': 233, 'value': '628'}]",516s5q2n1hop56c1768x0jbh1,N. Prince,,Kansas City Current,Home
2823540379,629,1,2,72,23,6hbfgdczbi3yg4sdpqgtu6s,1,67.7,85.7,2025-06-21T01:45:57.393Z,2025-06-27T17:38:09Z,"[{'id': 5776184063, 'qualifierId': 3}, {'id': 5776184071, 'qualifierId': 212, 'value': '9.8'}, {'id': 5776184065, 'qualifierId': 56, 'value': 'Left'}, {'id': 5776184069, 'qualifierId': 141, 'value': '88.7'}, {'id': 5776184073, 'qualifierId': 213, 'value': '0.21'}, {'id': 5776184067, 'qualifierId': 140, 'value': '76.8'}]",atvo1d7070tccvlbi8x5rakno,S. Mattice,,Angel City,Away
2823540385,630,1,2,72,24,6hbfgdczbi3yg4sdpqgtu6s,1,76.8,88.7,2025-06-21T01:45:59.097Z,2025-06-21T01:46:01Z,"[{'id': 5776184123, 'qualifierId': 56, 'value': 'Left'}, {'id': 5776184129, 'qualifierId': 212, 'value': '17.3'}, {'id': 5776184125, 'qualifierId': 140, 'value': '61.3'}, {'id': 5776184127, 'qualifierId': 141, 'value': '80.0'}, {'id': 5776184131, 'qualifierId': 213, 'value': '3.49'}]",dfeohozpw604y5jbu01u1dkkq,A. Thompson,,Angel City,Away
2823540393,631,1,2,72,27,6hbfgdczbi3yg4sdpqgtu6s,1,60.3,76.6,2025-06-21T01:46:01.576Z,2025-06-21T01:46:03Z,"[{'id': 5776184149, 'qualifierId': 56, 'value': 'Back'}, {'id': 5776184151, 'qualifierId': 140, 'value': '46.5'}, {'id': 5776184153, 'qualifierId': 141, 'value': '67.0'}, {'id': 5776184155, 'qualifierId': 212, 'value': '15.9'}, {'id': 5776184157, 'qualifierId': 213, 'value': '3.56'}]",3bx0w0ftkij1lqrt727gjd94a,M. Hammond,,Angel City,Away
2823540409,632,1,2,72,29,6hbfgdczbi3yg4sdpqgtu6s,1,47.8,66.1,2025-06-21T01:46:03.785Z,2025-06-21T01:46:08Z,"[{'id': 5776184237, 'qualifierId': 140, 'value': '49.0'}, {'id': 5776184241, 'qualifierId': 212, 'value': '37.6'}, {'id': 5776184235, 'qualifierId': 56, 'value': 'Back'}, {'id': 5776184239, 'qualifierId': 141, 'value': '10.9'}, {'id': 5776184245, 'qualifierId': 1}, {'id': 5776184243, 'qualifierId': 213, 'value': '4.75'}]",6bcvcloym3tzxss5hgsw4h1at,A. Kennedy,,Angel City,Away
2823540427,633,1,2,72,34,6hbfgdczbi3yg4sdpqgtu6s,1,55.1,11.9,2025-06-21T01:46:08.713Z,2025-06-21T01:46:12Z,"[{'id': 5776184349, 'qualifierId': 213, 'value': '1.96'}, {'id': 5776184345, 'qualifierId': 141, 'value': '32.7'}, {'id': 5776184343, 'qualifierId': 140, 'value': '49.5'}, {'id': 5776184347, 'qualifierId': 212, 'value': '15.3'}, {'id': 5776184341, 'qualifierId': 56, 'value': 'Back'}]",9b94qn8vkpl0e7ujskes2m7d,M. Moriya,,Angel City,Away
2823540435,634,1,2,72,38,6hbfgdczbi3yg4sdpqgtu6s,1,49.1,38.8,2025-06-21T01:46:12.841Z,2025-06-21T01:46:15Z,"[{'id': 5776184411, 'qualifierId': 212, 'value': '20.5'}, {'id': 5776184409, 'qualifierId': 141, 'value': '68.8'}, {'id': 5776184405, 'qualifierId': 56, 'value': 'Back'}, {'id': 5776184407, 'qualifierId': 140, 'value': '47.4'}, {'id': 5776184413, 'qualifierId': 213, 'value': '1.66'}]",etdam0sfwiphiwykieovlsyy1,S. Gorden,,Angel City,Away
2823540447,635,1,2,72,46,6hbfgdczbi3yg4sdpqgtu6s,1,53.8,69.4,2025-06-21T01:46:20.313Z,2025-06-21T01:46:21Z,"[{'id': 5776184471, 'qualifierId': 141, 'value': '47.9'}, {'id': 5776184469, 'qualifierId': 140, 'value': '48.1'}, {'id': 5776184467, 'qualifierId': 56, 'value': 'Back'}, {'id': 5776184473, 'qualifierId': 212, 'value': '15.8'}, {'id': 5776184475, 'qualifierId': 213, 'value': '4.32'}]",6opd7nuh51c7p6pn6w04yuntg,M. Reid,,Angel City,Away
2823540463,636,1,2,72,47,6hbfgdczbi3yg4sdpqgtu6s,1,48.1,45.8,2025-06-21T01:46:21.881Z,2025-06-21T01:46:26Z,"[{'id': 5776184567, 'qualifierId': 141, 'value': '28.6'}, {'id': 5776184563, 'qualifierId': 56, 'value': 'Center'}, {'id': 5776184571, 'qualifierId': 213, 'value': '5.71'}, {'id': 5776184565, 'qualifierId': 140, 'value': '65.2'}, {'id': 5776184569, 'qualifierId': 212, 'value': '21.4'}]",6bcvcloym3tzxss5hgsw4h1at,A. Kennedy,,Angel City,Away
2823540479,637,1,2,72,52,6hbfgdczbi3yg4sdpqgtu6s,0,68.1,30.7,2025-06-21T01:46:26.361Z,2025-06-21T01:46:30Z,"[{'id': 5776184665, 'qualifierId': 213, 'value': '5.89'}, {'id': 5776184657, 'qualifierId': 56, 'value': 'Right'}, {'id': 5776184663, 'qualifierId': 212, 'value': '37.6'}, {'id': 5776184661, 'qualifierId': 141, 'value': '9.7'}, {'id': 5776184659, 'qualifierId': 140, 'value': '100.0'}, {'id': 5776184667, 'qualifierId': 1}]",9b94qn8vkpl0e7ujskes2m7d,M. Moriya,,Angel City,Away
2823540573,569,5,2,72,55,agxipc0vk4rtg09amjxv10nx0,1,-1.4,90.6,2025-06-21T01:46:29.947Z,2025-06-21T02:21:37Z,"[{'id': 5776185213, 'qualifierId': 346}, {'id': 5776185305, 'qualifierId': 233, 'value': '638'}, {'id': 5776185211, 'qualifierId': 56, 'value': 'Back'}]",736jvvtkgwc3g1vooviaod33d,I. Rodriguez,,Kansas City Current,Home
2823540589,638,5,2,72,55,6hbfgdczbi3yg4sdpqgtu6s,0,101.4,9.4,2025-06-21T01:46:29.947Z,2025-06-21T02:21:37Z,"[{'id': 5776185301, 'qualifierId': 56, 'value': 'Right'}, {'id': 5776185311, 'qualifierId': 233, 'value': '569'}, {'id': 5776185303, 'qualifierId': 346}]",9b94qn8vkpl0e7ujskes2m7d,M. Moriya,,Angel City,Away
2823540597,570,1,2,73,16,agxipc0vk4rtg09amjxv10nx0,1,2.5,46.6,2025-06-21T01:46:50.211Z,2025-06-27T17:39:54Z,"[{'id': 5776185343, 'qualifierId': 124}, {'id': 5776185351, 'qualifierId': 212, 'value': '12.8'}, {'id': 5776185349, 'qualifierId': 141, 'value': '64.7'}, {'id': 5776185345, 'qualifierId': 56, 'value': 'Back'}, {'id': 5776185347, 'qualifierId': 140, 'value': '5.7'}, {'id': 5781753229, 'qualifierId': 189}, {'id': 5776185357, 'qualifierId': 237}, {'id': 5776185353, 'qualifierId': 213, 'value': '1.30'}]",das6ydxiwz8trtyp98ss5i295,Lorena,,Kansas City Current,Home
2823541279,595,1,2,73,17,agxipc0vk4rtg09amjxv10nx0,1,6.1,73.6,2025-06-21T01:46:51.731Z,2025-06-21T01:51:50Z,"[{'id': 5776189357, 'qualifierId': 141, 'value': '59.9'}, {'id': 5776189359, 'qualifierId': 212, 'value': '30.9'}, {'id': 5776189361, 'qualifierId': 213, 'value': '5.98'}, {'id': 5776189355, 'qualifierId': 140, 'value': '34.2'}, {'id': 5776189353, 'qualifierId': 56, 'value': 'Back'}, {'id': 5776189351, 'qualifierId': 157}, {'id': 5776189363, 'qualifierId': 1}, {'id': 5776190375, 'qualifierId': 189}]",cl1av4qyzjkq03akjof6tdf1m,K. Sharples,,Kansas City Current,Home
2823540603,571,1,2,73,20,agxipc0vk4rtg09amjxv10nx0,0,38.0,50.9,2025-06-21T01:46:55.035Z,2025-06-21T01:46:55Z,"[{'id': 5776185373, 'qualifierId': 141, 'value': '46.4'}, {'id': 5776185367, 'qualifierId': 168}, {'id': 5776185375, 'qualifierId': 212, 'value': '8.6'}, {'id': 5776185377, 'qualifierId': 213, 'value': '5.92'}, {'id': 5776185371, 'qualifierId': 140, 'value': '45.7'}, {'id': 5776185369, 'qualifierId': 56, 'value': 'Back'}]",47iatvbptp6438v5qo359yw9h,Bia Zaneratto,,Kansas City Current,Home
2823540599,639,49,2,73,21,6hbfgdczbi3yg4sdpqgtu6s,1,51.7,54.9,2025-06-21T01:46:55.369Z,2025-06-21T01:46:55Z,[],6opd7nuh51c7p6pn6w04yuntg,M. Reid,,Angel City,Away
2823540607,640,1,2,73,21,6hbfgdczbi3yg4sdpqgtu6s,1,51.7,54.9,2025-06-21T01:46:55.528Z,2025-06-21T01:46:56Z,"[{'id': 5776185387, 'qualifierId': 141, 'value': '54.2'}, {'id': 5776185391, 'qualifierId': 213, 'value': '6.21'}, {'id': 5776185383, 'qualifierId': 56, 'value': 'Center'}, {'id': 5776185389, 'qualifierId': 212, 'value': '6.3'}, {'id': 5776185385, 'qualifierId': 140, 'value': '57.7'}]",6opd7nuh51c7p6pn6w04yuntg,M. Reid,,Angel City,Away
2823540619,641,1,2,73,22,6hbfgdczbi3yg4sdpqgtu6s,1,57.7,54.2,2025-06-21T01:46:56.937Z,2025-06-21T01:47:02Z,"[{'id': 5776185503, 'qualifierId': 56, 'value': 'Left'}, {'id': 5776185509, 'qualifierId': 212, 'value': '20.5'}, {'id': 5776185511, 'qualifierId': 213, 'value': '1.57'}, {'id': 5776185505, 'qualifierId': 140, 'value': '57.8'}, {'id': 5776185507, 'qualifierId': 141, 'value': '84.4'}]",3bx0w0ftkij1lqrt727gjd94a,M. Hammond,,Angel City,Away
2823540621,642,1,2,73,28,6hbfgdczbi3yg4sdpqgtu6s,0,65.1,95.3,2025-06-21T01:47:02.825Z,2025-06-21T01:47:06Z,"[{'id': 5776185543, 'qualifierId': 141, 'value': '73.8'}, {'id': 5776185549, 'qualifierId': 1}, {'id': 5776185545, 'qualifierId': 212, 'value': '32.1'}, {'id': 5776185547, 'qualifierId': 213, 'value': '5.81'}, {'id': 5776185537, 'qualifierId': 155}, {'id': 5776185539, 'qualifierId': 56, 'value': 'Center'}, {'id': 5776185541, 'qualifierId': 140, 'value': '92.3'}]",atvo1d7070tccvlbi8x5rakno,S. Mattice,,Angel City,Away
2823540633,572,12,2,73,31,agxipc0vk4rtg09amjxv10nx0,1,7.4,26.2,2025-06-21T01:47:06.011Z,2025-06-21T01:47:09Z,"[{'id': 5776185597, 'qualifierId': 212, 'value': '2.2'}, {'id': 5776185591, 'qualifierId': 56, 'value': 'Back'}, {'id': 5776185593, 'qualifierId': 140, 'value': '7.8'}, {'id': 5776185599, 'qualifierId': 213, 'value': '4.90'}, {'id': 5776185595, 'qualifierId': 141, 'value': '23.0'}]",48l2ildbeme2l336nor2hw6lm,E. Ball,,Kansas City Current,Home
2823540625,643,61,2,73,33,6hbfgdczbi3yg4sdpqgtu6s,1,90.6,79.7,2025-06-21T01:47:07.617Z,2025-06-21T01:47:07Z,"[{'id': 5776185573, 'qualifierId': 56, 'value': 'Left'}]",dfeohozpw604y5jbu01u1dkkq,A. Thompson,,Angel City,Away
2823540629,644,61,2,73,34,6hbfgdczbi3yg4sdpqgtu6s,0,89.6,81.1,2025-06-21T01:47:08.744Z,2025-06-21T01:47:08Z,"[{'id': 5776185589, 'qualifierId': 56, 'value': 'Left'}]",bngif4yqa0asu77nptsb06n10,R. Tiernan,,Angel City,Away
2823540643,573,12,2,73,35,agxipc0vk4rtg09amjxv10nx0,1,7.4,11.9,2025-06-21T01:47:09.795Z,2025-06-21T01:47:12Z,"[{'id': 5776185677, 'qualifierId': 213, 'value': '5.68'}, {'id': 5776185671, 'qualifierId': 140, 'value': '13.5'}, {'id': 5776185669, 'qualifierId': 56, 'value': 'Back'}, {'id': 5776185673, 'qualifierId': 141, 'value': '5.4'}, {'id': 5776185675, 'qualifierId': 212, 'value': '7.8'}]",48l2ildbeme2l336nor2hw6lm,E. Ball,,Kansas City Current,Home
2823540649,645,61,2,73,37,6hbfgdczbi3yg4sdpqgtu6s,0,82.6,92.4,2025-06-21T01:47:11.378Z,2025-06-27T17:44:01Z,"[{'id': 5776185703, 'qualifierId': 56, 'value': 'Left'}]",3bx0w0ftkij1lqrt727gjd94a,M. Hammond,,Angel City,Away
2823540653,575,43,2,73,38,agxipc0vk4rtg09amjxv10nx0,1,0.0,0.0,2025-06-21T01:47:12.475Z,2025-06-21T01:48:04Z,"[{'id': 5776185709, 'qualifierId': 56, 'value': 'Back'}, {'id': 5776186535, 'qualifierId': 144, 'value': '61'}]",errir6ade8y91vp5z7v8gkn6y,B. Feist,,Kansas City Current,Home
2823540651,574,5,2,73,38,agxipc0vk4rtg09amjxv10nx0,1,17.3,-1.0,2025-06-21T01:47:12.851Z,2025-06-21T02:21:38Z,"[{'id': 5776185707, 'qualifierId': 347}, {'id': 5776185731, 'qualifierId': 233, 'value': '646'}, {'id': 5776185705, 'qualifierId': 56, 'value': 'Back'}]",48l2ildbeme2l336nor2hw6lm,E. Ball,,Kansas City Current,Home
2823540657,646,5,2,73,38,6hbfgdczbi3yg4sdpqgtu6s,0,82.7,101.0,2025-06-21T01:47:12.851Z,2025-06-21T02:21:38Z,"[{'id': 5776185735, 'qualifierId': 233, 'value': '574'}, {'id': 5776185725, 'qualifierId': 56, 'value': 'Left'}, {'id': 5776185727, 'qualifierId': 347}]",3bx0w0ftkij1lqrt727gjd94a,M. Hammond,,Angel City,Away
2823540703,647,18,2,74,2,6hbfgdczbi3yg4sdpqgtu6s,1,0.0,0.0,2025-06-21T01:47:37.013Z,2025-06-21T01:47:37Z,"[{'id': 5776185997, 'qualifierId': 42}, {'id': 5776186041, 'qualifierId': 55, 'value': '648'}, {'id': 5776186001, 'qualifierId': 59, 'value': '11'}, {'id': 5776185999, 'qualifierId': 44, 'value': 'Defender'}]",etdam0sfwiphiwykieovlsyy1,S. Gorden,,Angel City,Away
2823540707,648,19,2,74,2,6hbfgdczbi3yg4sdpqgtu6s,1,0.0,0.0,2025-06-21T01:47:37.014Z,2025-06-21T02:24:58Z,"[{'id': 5776186035, 'qualifierId': 44, 'value': 'Midfielder'}, {'id': 5776226437, 'qualifierId': 292, 'value': '7'}, {'id': 5776186033, 'qualifierId': 59, 'value': '17'}, {'id': 5776186031, 'qualifierId': 145, 'value': '6'}, {'id': 5776186027, 'qualifierId': 42}, {'id': 5776186037, 'qualifierId': 55, 'value': '647'}, {'id': 5776226439, 'qualifierId': 293, 'value': '3'}]",as9gd28disfeeiiqxn7gjvg2c,K. Fuller,,Angel City,Away
2823540733,649,18,2,74,7,6hbfgdczbi3yg4sdpqgtu6s,1,0.0,0.0,2025-06-21T01:47:42.053Z,2025-06-21T01:47:42Z,"[{'id': 5776186191, 'qualifierId': 55, 'value': '650'}, {'id': 5776186167, 'qualifierId': 59, 'value': '7'}, {'id': 5776186165, 'qualifierId': 44, 'value': 'Forward'}, {'id': 5776186163, 'qualifierId': 42}]",9mo419gtk6dy5lhcvatcllkyy,J. Dufour,,Angel City,Away
2823540735,650,19,2,74,7,6hbfgdczbi3yg4sdpqgtu6s,1,0.0,0.0,2025-06-21T01:47:42.054Z,2025-06-21T02:25:02Z,"[{'id': 5776186181, 'qualifierId': 44, 'value': 'Midfielder'}, {'id': 5776226467, 'qualifierId': 293, 'value': '2'}, {'id': 5776186177, 'qualifierId': 145, 'value': '7'}, {'id': 5776186183, 'qualifierId': 55, 'value': '649'}, {'id': 5776186179, 'qualifierId': 59, 'value': '23'}, {'id': 5776226465, 'qualifierId': 292, 'value': '7'}, {'id': 5776186173, 'qualifierId': 42}]",bnxnrws4yintb6s76erzl9xw5,C. Press,,Angel City,Away
2823543767,756,40,2,74,8,6hbfgdczbi3yg4sdpqgtu6s,1,0.0,0.0,2025-06-21T01:47:42.791Z,2025-06-21T02:26:23Z,"[{'id': 5776203057, 'qualifierId': 59, 'value': '19, 29, 25, 8, 14, 6, 23, 17, 21, 33, 99, 28, 1, 9, 4'}, {'id': 5776203063, 'qualifierId': 194, 'value': 'lg9muzm3sbiijicsik53m3je'}, {'id': 5776203065, 'qualifierId': 319}, {'id': 5776203053, 'qualifierId': 30, 'value': 'lg9muzm3sbiijicsik53m3je, 9b94qn8vkpl0e7ujskes2m7d, atvo1d7070tccvlbi8x5rakno, 8f2og4ng2s6f8qeikft26h2qc, 6bcvcloym3tzxss5hgsw4h1at, 6opd7nuh51c7p6pn6w04yuntg, bnxnrws4yintb6s76erzl9xw5, as9gd28disfeeiiqxn7gjvg2c, dfeohozpw604y5jbu01u1dkkq, bngif4yqa0asu77nptsb06n10, 3bx0w0ftkij1lqrt727gjd94a, 5ctvnqq716lbj0l9prrp8vb4k, e2cviaurp66ntp52needonka2, cenm8mly98mwv2630hcke4fmc, 9ijnmgmapjcnctich86692tw5'}, {'id': 5776203061, 'qualifierId': 131, 'value': '1, 2, 3, 4, 5, 6, 7, 8, 9, 10, 11, 0, 0, 0, 0'}, {'id': 5776203059, 'qualifierId': 130, 'value': '2'}, {'id': 5776203055, 'qualifierId': 44, 'value': '1, 2, 2, 3, 2, 2, 3, 3, 4, 4, 3, 5, 5, 5, 5'}]",,,,Angel City,Away
2823540785,577,1,2,74,22,agxipc0vk4rtg09amjxv10nx0,1,22.5,0.0,2025-06-21T01:47:56.611Z,2025-06-27T21:46:24Z,"[{'id': 5781981261, 'qualifierId': 189}, {'id': 5776186421, 'qualifierId': 140, 'value': '36.8'}, {'id': 5776186425, 'qualifierId': 212, 'value': '15.9'}, {'id': 5776186423, 'qualifierId': 141, 'value': '6.4'}, {'id': 5776186885, 'qualifierId': 107}, {'id': 5776186427, 'qualifierId': 213, 'value': '0.34'}, {'id': 5776186419, 'qualifierId': 56, 'value': 'Back'}]",9wvoeo39cgbelv8ddqin3aaga,H. Mace,,Kansas City Current,Home
2823540789,578,1,2,74,23,agxipc0vk4rtg09amjxv10nx0,1,33.5,4.5,2025-06-21T01:47:58.115Z,2025-06-27T21:46:28Z,"[{'id': 5776186447, 'qualifierId': 56, 'value': 'Back'}, {'id': 5776186449, 'qualifierId': 140, 'value': '40.0'}, {'id': 5776186445, 'qualifierId': 168}, {'id': 5776186451, 'qualifierId': 141, 'value': '4.9'}, {'id': 5776186471, 'qualifierId': 3}, {'id': 5776186455, 'qualifierId': 213, 'value': '0.04'}, {'id': 5776186453, 'qualifierId': 212, 'value': '6.8'}]",516s5q2n1hop56c1768x0jbh1,N. Prince,,Kansas City Current,Home
2824577915,813,1,2,74,24,agxipc0vk4rtg09amjxv10nx0,0,37.6,4.3,2025-06-21T01:47:59.134Z,2025-06-27T21:46:32Z,"[{'id': 5781981677, 'qualifierId': 212, 'value': '10.7'}, {'id': 5781981673, 'qualifierId': 140, 'value': '47.6'}, {'id': 5781981675, 'qualifierId': 141, 'value': '7.2'}, {'id': 5781981679, 'qualifierId': 213, 'value': '0.19'}, {'id': 5781981671, 'qualifierId': 56, 'value': 'Back'}, {'id': 5781981669, 'qualifierId': 168}]",47iatvbptp6438v5qo359yw9h,Bia Zaneratto,,Kansas City Current,Home
2824577973,862,49,2,74,26,6hbfgdczbi3yg4sdpqgtu6s,1,55.2,85.9,2025-06-21T01:48:01.136Z,2025-06-27T20:56:40Z,[],6opd7nuh51c7p6pn6w04yuntg,M. Reid,,Angel City,Away
2823540815,651,1,2,74,27,6hbfgdczbi3yg4sdpqgtu6s,0,52.2,87.4,2025-06-21T01:48:01.889Z,2025-06-27T20:56:44Z,"[{'id': 5776186581, 'qualifierId': 157}, {'id': 5776186591, 'qualifierId': 213, 'value': '0.05'}, {'id': 5776186587, 'qualifierId': 141, 'value': '90.5'}, {'id': 5776186589, 'qualifierId': 212, 'value': '41.8'}, {'id': 5776186585, 'qualifierId': 140, 'value': '92.0'}, {'id': 5776186593, 'qualifierId': 1}, {'id': 5776186583, 'qualifierId': 56, 'value': 'Left'}]",6opd7nuh51c7p6pn6w04yuntg,M. Reid,,Angel City,Away
2823540819,579,49,2,74,33,agxipc0vk4rtg09amjxv10nx0,1,9.1,8.1,2025-06-21T01:48:07.291Z,2025-06-27T20:56:46Z,[],9wvoeo39cgbelv8ddqin3aaga,H. Mace,,Kansas City Current,Home
2823540823,580,1,2,74,34,agxipc0vk4rtg09amjxv10nx0,1,9.1,8.1,2025-06-21T01:48:08.483Z,2025-06-21T01:48:09Z,"[{'id': 5776186639, 'qualifierId': 56, 'value': 'Back'}, {'id': 5776186641, 'qualifierId': 140, 'value': '7.3'}, {'id': 5776186647, 'qualifierId': 213, 'value': '1.74'}, {'id': 5776186643, 'qualifierId': 141, 'value': '24.4'}, {'id': 5776186645, 'qualifierId': 212, 'value': '11.2'}]",9wvoeo39cgbelv8ddqin3aaga,H. Mace,,Kansas City Current,Home
2823540829,581,1,2,74,35,agxipc0vk4rtg09amjxv10nx0,1,7.3,24.4,2025-06-21T01:48:09.827Z,2025-06-21T01:48:11Z,"[{'id': 5776186669, 'qualifierId': 140, 'value': '7.0'}, {'id': 5776186671, 'qualifierId': 141, 'value': '8.4'}, {'id': 5776186675, 'qualifierId': 213, 'value': '4.68'}, {'id': 5776186667, 'qualifierId': 56, 'value': 'Back'}, {'id': 5776186673, 'qualifierId': 212, 'value': '10.9'}]",48l2ildbeme2l336nor2hw6lm,E. Ball,,Kansas City Current,Home
2823540851,582,1,2,74,36,agxipc0vk4rtg09amjxv10nx0,1,7.1,8.4,2025-06-21T01:48:10.939Z,2025-06-21T01:48:13Z,"[{'id': 5776186751, 'qualifierId': 140, 'value': '23.2'}, {'id': 5776186749, 'qualifierId': 56, 'value': 'Back'}, {'id': 5776186755, 'qualifierId': 212, 'value': '17.0'}, {'id': 5776186753, 'qualifierId': 141, 'value': '5.4'}, {'id': 5776186757, 'qualifierId': 213, 'value': '6.16'}]",9wvoeo39cgbelv8ddqin3aaga,H. Mace,,Kansas City Current,Home
2823540853,583,1,2,74,39,agxipc0vk4rtg09amjxv10nx0,0,22.4,4.6,2025-06-21T01:48:13.563Z,2025-06-21T01:48:14Z,"[{'id': 5776186783, 'qualifierId': 212, 'value': '6.9'}, {'id': 5776186773, 'qualifierId': 56, 'value': 'Back'}, {'id': 5776186787, 'qualifierId': 213, 'value': '1.43'}, {'id': 5776186775, 'qualifierId': 140, 'value': '23.3'}, {'id': 5776186779, 'qualifierId': 141, 'value': '14.6'}]",errir6ade8y91vp5z7v8gkn6y,B. Feist,,Kansas City Current,Home
2823540859,652,8,2,74,40,6hbfgdczbi3yg4sdpqgtu6s,1,74.3,82.9,2025-06-21T01:48:15.065Z,2025-06-27T20:57:00Z,"[{'id': 5776186803, 'qualifierId': 56, 'value': 'Left'}, {'id': 5781982285, 'qualifierId': 385}]",8f2og4ng2s6f8qeikft26h2qc,M. Hodge,,Angel City,Away
2823540875,584,5,2,74,42,agxipc0vk4rtg09amjxv10nx0,1,-1.0,17.1,2025-06-21T01:48:16.985Z,2025-06-21T02:21:38Z,"[{'id': 5776186875, 'qualifierId': 56, 'value': 'Back'}, {'id': 5776187205, 'qualifierId': 233, 'value': '653'}, {'id': 5776186877, 'qualifierId': 346}]",errir6ade8y91vp5z7v8gkn6y,B. Feist,,Kansas City Current,Home
2823540923,653,5,2,74,42,6hbfgdczbi3yg4sdpqgtu6s,0,101.0,82.9,2025-06-21T01:48:16.985Z,2025-06-21T02:21:38Z,"[{'id': 5776187201, 'qualifierId': 56, 'value': 'Left'}, {'id': 5776187229, 'qualifierId': 233, 'value': '584'}, {'id': 5776187203, 'qualifierId': 346}]",8f2og4ng2s6f8qeikft26h2qc,M. Hodge,,Angel City,Away
2823540945,585,1,2,75,18,agxipc0vk4rtg09amjxv10nx0,1,4.6,46.1,2025-06-21T01:48:52.306Z,2025-06-21T01:48:56Z,"[{'id': 5776187331, 'qualifierId': 124}, {'id': 5776187343, 'qualifierId': 1}, {'id': 5776187347, 'qualifierId': 74}, {'id': 5776187337, 'qualifierId': 141, 'value': '66.4'}, {'id': 5776187341, 'qualifierId': 213, 'value': '0.33'}, {'id': 5776187333, 'qualifierId': 56, 'value': 'Back'}, {'id': 5776187339, 'qualifierId': 212, 'value': '43.1'}, {'id': 5776187335, 'qualifierId': 140, 'value': '43.5'}]",das6ydxiwz8trtyp98ss5i295,Lorena,,Kansas City Current,Home
2823540951,586,50,2,75,21,agxipc0vk4rtg09amjxv10nx0,1,42.5,66.8,2025-06-21T01:48:55.991Z,2025-06-27T16:52:09Z,"[{'id': 5776187385, 'qualifierId': 233, 'value': '654'}, {'id': 5776187351, 'qualifierId': 286}, {'id': 5776187349, 'qualifierId': 56, 'value': 'Back'}]",47iatvbptp6438v5qo359yw9h,Bia Zaneratto,,Kansas City Current,Home
2823540953,654,7,2,75,21,6hbfgdczbi3yg4sdpqgtu6s,1,57.5,33.2,2025-06-21T01:48:55.992Z,2025-06-27T20:57:17Z,"[{'id': 5776187363, 'qualifierId': 56, 'value': 'Center'}, {'id': 5781982445, 'qualifierId': 384}, {'id': 5776187365, 'qualifierId': 285}, {'id': 5781982447, 'qualifierId': 178}, {'id': 5776187381, 'qualifierId': 233, 'value': '586'}]",6bcvcloym3tzxss5hgsw4h1at,A. Kennedy,,Angel City,Away
2823540955,655,49,2,75,23,6hbfgdczbi3yg4sdpqgtu6s,1,62.2,35.7,2025-06-21T01:48:57.162Z,2025-06-21T01:48:57Z,[],8f2og4ng2s6f8qeikft26h2qc,M. Hodge,,Angel City,Away
2823540957,656,50,2,75,23,6hbfgdczbi3yg4sdpqgtu6s,1,60.7,35.7,2025-06-21T01:48:57.289Z,2025-06-27T16:52:09Z,"[{'id': 5776187447, 'qualifierId': 233, 'value': '587'}, {'id': 5776187395, 'qualifierId': 286}, {'id': 5776187393, 'qualifierId': 56, 'value': 'Center'}]",8f2og4ng2s6f8qeikft26h2qc,M. Hodge,,Angel City,Away
2823540965,587,7,2,75,23,agxipc0vk4rtg09amjxv10nx0,1,39.3,64.3,2025-06-21T01:48:57.290Z,2025-06-27T20:57:36Z,"[{'id': 5776187437, 'qualifierId': 285}, {'id': 5776187435, 'qualifierId': 56, 'value': 'Back'}, {'id': 5776187443, 'qualifierId': 233, 'value': '656'}, {'id': 5781982661, 'qualifierId': 178}, {'id': 5781982659, 'qualifierId': 384}]",47iatvbptp6438v5qo359yw9h,Bia Zaneratto,,Kansas City Current,Home
2823540967,588,49,2,75,24,agxipc0vk4rtg09amjxv10nx0,1,43.5,57.8,2025-06-21T01:48:58.970Z,2025-06-21T01:48:59Z,[],516s5q2n1hop56c1768x0jbh1,N. Prince,,Kansas City Current,Home
2823540971,589,1,2,75,24,agxipc0vk4rtg09amjxv10nx0,0,43.5,57.8,2025-06-21T01:48:59.135Z,2025-06-21T01:49:00Z,"[{'id': 5776187453, 'qualifierId': 140, 'value': '56.2'}, {'id': 5776187459, 'qualifierId': 213, 'value': '0.08'}, {'id': 5776187455, 'qualifierId': 141, 'value': '59.3'}, {'id': 5776187457, 'qualifierId': 212, 'value': '13.4'}, {'id': 5776187451, 'qualifierId': 56, 'value': 'Center'}]",516s5q2n1hop56c1768x0jbh1,N. Prince,,Kansas City Current,Home
2823540969,657,49,2,75,25,6hbfgdczbi3yg4sdpqgtu6s,1,46.9,40.1,2025-06-21T01:49:00.089Z,2025-06-21T01:49:00Z,[],6bcvcloym3tzxss5hgsw4h1at,A. Kennedy,,Angel City,Away
2823540987,658,1,2,75,26,6hbfgdczbi3yg4sdpqgtu6s,1,46.9,40.1,2025-06-21T01:49:00.280Z,2025-06-21T01:49:04Z,"[{'id': 5776187505, 'qualifierId': 56, 'value': 'Back'}, {'id': 5776187511, 'qualifierId': 212, 'value': '20.3'}, {'id': 5776187509, 'qualifierId': 141, 'value': '69.9'}, {'id': 5776187507, 'qualifierId': 140, 'value': '46.0'}, {'id': 5776187513, 'qualifierId': 213, 'value': '1.62'}]",6bcvcloym3tzxss5hgsw4h1at,A. Kennedy,,Angel City,Away
2823541009,659,1,2,75,30,6hbfgdczbi3yg4sdpqgtu6s,0,47.3,71.5,2025-06-21T01:49:04.776Z,2025-06-21T01:49:09Z,"[{'id': 5776187627, 'qualifierId': 141, 'value': '81.7'}, {'id': 5776187633, 'qualifierId': 1}, {'id': 5776187625, 'qualifierId': 140, 'value': '100.0'}, {'id': 5776187629, 'qualifierId': 212, 'value': '57.3'}, {'id': 5776187623, 'qualifierId': 56, 'value': 'Left'}, {'id': 5776187621, 'qualifierId': 155}, {'id': 5776187631, 'qualifierId': 213, 'value': '0.12'}]",atvo1d7070tccvlbi8x5rakno,S. Mattice,,Angel City,Away
2823541117,590,5,2,75,34,agxipc0vk4rtg09amjxv10nx0,1,-1.6,19.2,2025-06-21T01:49:08.531Z,2025-06-21T02:21:39Z,"[{'id': 5776188169, 'qualifierId': 56, 'value': 'Back'}, {'id': 5776188171, 'qualifierId': 346}, {'id': 5776188181, 'qualifierId': 233, 'value': '660'}]",516s5q2n1hop56c1768x0jbh1,N. Prince,,Kansas City Current,Home
2823541035,660,5,2,75,34,6hbfgdczbi3yg4sdpqgtu6s,0,101.6,80.8,2025-06-21T01:49:08.531Z,2025-06-21T02:21:39Z,"[{'id': 5776187739, 'qualifierId': 56, 'value': 'Left'}, {'id': 5776187741, 'qualifierId': 346}, {'id': 5776188185, 'qualifierId': 233, 'value': '590'}]",atvo1d7070tccvlbi8x5rakno,S. Mattice,,Angel City,Away
2823541137,594,27,2,75,41,agxipc0vk4rtg09amjxv10nx0,1,0.0,0.0,2025-06-21T01:49:15.840Z,2025-06-21T02:17:20Z,"[{'id': 5776188271, 'qualifierId': 201}, {'id': 5776218123, 'qualifierId': 233, 'value': '661'}, {'id': 5776188273, 'qualifierId': 246}]",,,,Kansas City Current,Home
2823541057,661,27,2,75,41,6hbfgdczbi3yg4sdpqgtu6s,1,0.0,0.0,2025-06-21T01:49:15.840Z,2025-06-21T02:17:20Z,"[{'id': 5776218127, 'qualifierId': 233, 'value': '594'}, {'id': 5776187853, 'qualifierId': 201}, {'id': 5776187855, 'qualifierId': 246}]",,,,Angel City,Away
2823541119,591,43,2,76,12,agxipc0vk4rtg09amjxv10nx0,1,0.0,0.0,2025-06-21T01:49:46.579Z,2025-06-21T01:49:55Z,"[{'id': 5776188177, 'qualifierId': 182, 'value': '0'}, {'id': 5776188357, 'qualifierId': 144, 'value': '63'}, {'id': 5776188179, 'qualifierId': 56, 'value': 'Back'}, {'id': 5776188175, 'qualifierId': 178, 'value': '0'}, {'id': 5776188173, 'qualifierId': 173, 'value': '0'}]",das6ydxiwz8trtyp98ss5i295,Lorena,,Kansas City Current,Home
2823541123,592,43,2,76,14,agxipc0vk4rtg09amjxv10nx0,1,0.0,0.0,2025-06-21T01:49:48.186Z,2025-06-21T01:49:54Z,"[{'id': 5776188205, 'qualifierId': 182, 'value': '0'}, {'id': 5776188203, 'qualifierId': 178, 'value': '0'}, {'id': 5776188317, 'qualifierId': 144, 'value': '63'}, {'id': 5776188201, 'qualifierId': 173, 'value': '0'}, {'id': 5776188207, 'qualifierId': 56, 'value': 'Back'}]",das6ydxiwz8trtyp98ss5i295,Lorena,,Kansas City Current,Home
2823541127,593,43,2,76,14,agxipc0vk4rtg09amjxv10nx0,1,0.0,0.0,2025-06-21T01:49:48.955Z,2025-06-21T01:49:54Z,"[{'id': 5776188225, 'qualifierId': 173, 'value': '0'}, {'id': 5776188229, 'qualifierId': 182, 'value': '0'}, {'id': 5776188299, 'qualifierId': 144, 'value': '63'}, {'id': 5776188231, 'qualifierId': 56, 'value': 'Back'}, {'id': 5776188227, 'qualifierId': 178, 'value': '0'}]",das6ydxiwz8trtyp98ss5i295,Lorena,,Kansas City Current,Home
2823541407,596,28,2,77,41,agxipc0vk4rtg09amjxv10nx0,1,0.0,0.0,2025-06-21T01:51:15.936Z,2025-06-21T01:51:16Z,"[{'id': 5776189935, 'qualifierId': 55, 'value': '594'}, {'id': 5776189943, 'qualifierId': 233, 'value': '663'}]",,,,Kansas City Current,Home
2823541405,663,28,2,77,41,6hbfgdczbi3yg4sdpqgtu6s,1,0.0,0.0,2025-06-21T01:51:15.936Z,2025-06-21T01:51:17Z,"[{'id': 5776189949, 'qualifierId': 233, 'value': '596'}, {'id': 5776189921, 'qualifierId': 55, 'value': '661'}]",,,,Angel City,Away
2823541423,597,1,2,77,43,agxipc0vk4rtg09amjxv10nx0,1,4.0,51.9,2025-06-21T01:51:17.658Z,2025-06-21T01:51:23Z,"[{'id': 5776190085, 'qualifierId': 74}, {'id': 5776190077, 'qualifierId': 212, 'value': '59.3'}, {'id': 5776190075, 'qualifierId': 141, 'value': '94.3'}, {'id': 5776190079, 'qualifierId': 213, 'value': '0.51'}, {'id': 5776190073, 'qualifierId': 140, 'value': '53.3'}, {'id': 5776190071, 'qualifierId': 56, 'value': 'Left'}, {'id': 5776190069, 'qualifierId': 124}, {'id': 5776190081, 'qualifierId': 1}]",das6ydxiwz8trtyp98ss5i295,Lorena,,Kansas City Current,Home
2823541427,598,1,2,77,49,agxipc0vk4rtg09amjxv10nx0,1,53.3,94.3,2025-06-21T01:51:23.234Z,2025-06-21T01:51:24Z,"[{'id': 5776190101, 'qualifierId': 140, 'value': '57.9'}, {'id': 5776190103, 'qualifierId': 141, 'value': '75.3'}, {'id': 5776190105, 'qualifierId': 212, 'value': '13.8'}, {'id': 5776190107, 'qualifierId': 213, 'value': '5.07'}, {'id': 5776190099, 'qualifierId': 56, 'value': 'Center'}]",ccw8gtkcahxf21rutqldjvkve,T. Chawinga,,Kansas City Current,Home
2823541429,599,1,2,77,50,agxipc0vk4rtg09amjxv10nx0,0,57.9,75.3,2025-06-21T01:51:24.530Z,2025-06-27T20:58:32Z,"[{'id': 5776190111, 'qualifierId': 56, 'value': 'Center'}, {'id': 5781983081, 'qualifierId': 236}, {'id': 5776190117, 'qualifierId': 212, 'value': '0.8'}, {'id': 5781983093, 'qualifierId': 233, 'value': '664'}, {'id': 5781983083, 'qualifierId': 286}, {'id': 5776190113, 'qualifierId': 140, 'value': '58.7'}, {'id': 5776190115, 'qualifierId': 141, 'value': '75.3'}, {'id': 5776190119, 'qualifierId': 213, 'value': '0.00'}]",47iatvbptp6438v5qo359yw9h,Bia Zaneratto,,Kansas City Current,Home
2823541431,664,74,2,77,50,6hbfgdczbi3yg4sdpqgtu6s,1,40.0,28.0,2025-06-21T01:51:24.531Z,2025-06-27T20:58:32Z,"[{'id': 5781983055, 'qualifierId': 285}, {'id': 5776190137, 'qualifierId': 56, 'value': 'Back'}, {'id': 5781983097, 'qualifierId': 233, 'value': '599'}]",6bcvcloym3tzxss5hgsw4h1at,A. Kennedy,,Angel City,Away
2823541449,665,4,2,77,57,6hbfgdczbi3yg4sdpqgtu6s,1,39.0,27.0,2025-06-21T01:51:31.520Z,2025-06-21T01:51:34Z,"[{'id': 5776190251, 'qualifierId': 13}, {'id': 5776190273, 'qualifierId': 233, 'value': '600'}, {'id': 5776190253, 'qualifierId': 56, 'value': 'Back'}, {'id': 5776190255, 'qualifierId': 152}, {'id': 5776190259, 'qualifierId': 286}, {'id': 5776190257, 'qualifierId': 265}]",6opd7nuh51c7p6pn6w04yuntg,M. Reid,,Angel City,Away
2823541445,600,4,2,77,57,agxipc0vk4rtg09amjxv10nx0,0,61.0,73.0,2025-06-21T01:51:31.521Z,2025-06-21T01:51:34Z,"[{'id': 5776190237, 'qualifierId': 13}, {'id': 5776190239, 'qualifierId': 56, 'value': 'Center'}, {'id': 5776190241, 'qualifierId': 152}, {'id': 5776190279, 'qualifierId': 233, 'value': '665'}, {'id': 5776190243, 'qualifierId': 265}, {'id': 5776190245, 'qualifierId': 285}]",errir6ade8y91vp5z7v8gkn6y,B. Feist,,Kansas City Current,Home
2823541551,666,1,2,78,48,6hbfgdczbi3yg4sdpqgtu6s,1,37.6,26.2,2025-06-21T01:52:22.551Z,2025-06-21T01:52:23Z,"[{'id': 5776190853, 'qualifierId': 213, 'value': '1.59'}, {'id': 5776190841, 'qualifierId': 5}, {'id': 5776190843, 'qualifierId': 152}, {'id': 5776190845, 'qualifierId': 56, 'value': 'Back'}, {'id': 5776190851, 'qualifierId': 212, 'value': '9.0'}, {'id': 5776190849, 'qualifierId': 141, 'value': '39.5'}, {'id': 5776190847, 'qualifierId': 140, 'value': '37.4'}]",6bcvcloym3tzxss5hgsw4h1at,A. Kennedy,,Angel City,Away
2823541565,667,1,2,78,49,6hbfgdczbi3yg4sdpqgtu6s,1,37.4,39.5,2025-06-21T01:52:23.479Z,2025-06-21T01:52:26Z,"[{'id': 5776190893, 'qualifierId': 213, 'value': '5.01'}, {'id': 5776190885, 'qualifierId': 56, 'value': 'Back'}, {'id': 5776190889, 'qualifierId': 141, 'value': '27.6'}, {'id': 5776190891, 'qualifierId': 212, 'value': '8.5'}, {'id': 5776190887, 'qualifierId': 140, 'value': '39.8'}]",6opd7nuh51c7p6pn6w04yuntg,M. Reid,,Angel City,Away
2823541571,668,1,2,78,52,6hbfgdczbi3yg4sdpqgtu6s,1,43.8,26.4,2025-06-21T01:52:26.935Z,2025-06-21T01:52:32Z,"[{'id': 5776190981, 'qualifierId': 213, 'value': '1.59'}, {'id': 5776190975, 'qualifierId': 140, 'value': '43.4'}, {'id': 5776190979, 'qualifierId': 212, 'value': '19.2'}, {'id': 5776190973, 'qualifierId': 56, 'value': 'Back'}, {'id': 5776190977, 'qualifierId': 141, 'value': '54.6'}]",6bcvcloym3tzxss5hgsw4h1at,A. Kennedy,,Angel City,Away
2823541581,669,1,2,78,57,6hbfgdczbi3yg4sdpqgtu6s,1,47.5,56.6,2025-06-21T01:52:31.959Z,2025-06-21T01:52:34Z,"[{'id': 5776191037, 'qualifierId': 140, 'value': '46.3'}, {'id': 5776191041, 'qualifierId': 212, 'value': '13.7'}, {'id': 5776191039, 'qualifierId': 141, 'value': '36.6'}, {'id': 5776191035, 'qualifierId': 56, 'value': 'Back'}, {'id': 5776191043, 'qualifierId': 213, 'value': '4.62'}]",6opd7nuh51c7p6pn6w04yuntg,M. Reid,,Angel City,Away
2823541591,670,1,2,79,0,6hbfgdczbi3yg4sdpqgtu6s,1,46.8,31.8,2025-06-21T01:52:34.823Z,2025-06-21T01:52:38Z,"[{'id': 5776191111, 'qualifierId': 212, 'value': '18.2'}, {'id': 5776191109, 'qualifierId': 141, 'value': '5.0'}, {'id': 5776191105, 'qualifierId': 56, 'value': 'Back'}, {'id': 5776191113, 'qualifierId': 213, 'value': '4.76'}, {'id': 5776191107, 'qualifierId': 140, 'value': '47.7'}]",6bcvcloym3tzxss5hgsw4h1at,A. Kennedy,,Angel City,Away
2823541597,671,1,2,79,4,6hbfgdczbi3yg4sdpqgtu6s,1,44.6,8.0,2025-06-21T01:52:38.424Z,2025-06-21T01:52:40Z,"[{'id': 5776191145, 'qualifierId': 140, 'value': '64.2'}, {'id': 5776191151, 'qualifierId': 213, 'value': '0.57'}, {'id': 5776191149, 'qualifierId': 212, 'value': '24.4'}, {'id': 5776191143, 'qualifierId': 56, 'value': 'Center'}, {'id': 5776191147, 'qualifierId': 141, 'value': '27.4'}]",9b94qn8vkpl0e7ujskes2m7d,M. Moriya,,Angel City,Away
2823541599,672,1,2,79,6,6hbfgdczbi3yg4sdpqgtu6s,0,64.9,27.0,2025-06-21T01:52:40.408Z,2025-06-21T01:52:40Z,"[{'id': 5776191185, 'qualifierId': 213, 'value': '5.30'}, {'id': 5776191177, 'qualifierId': 56, 'value': 'Right'}, {'id': 5776191183, 'qualifierId': 212, 'value': '8.6'}, {'id': 5776191179, 'qualifierId': 140, 'value': '69.4'}, {'id': 5776191181, 'qualifierId': 141, 'value': '16.5'}]",bngif4yqa0asu77nptsb06n10,R. Tiernan,,Angel City,Away
2823541631,601,1,2,79,8,agxipc0vk4rtg09amjxv10nx0,1,18.9,74.4,2025-06-21T01:52:42.825Z,2025-06-21T01:53:38Z,"[{'id': 5776192351, 'qualifierId': 1}, {'id': 5776192349, 'qualifierId': 157}, {'id': 5776191367, 'qualifierId': 212, 'value': '5.0'}, {'id': 5776191369, 'qualifierId': 213, 'value': '0.05'}, {'id': 5776191365, 'qualifierId': 141, 'value': '74.8'}, {'id': 5776191363, 'qualifierId': 140, 'value': '23.7'}, {'id': 5776191361, 'qualifierId': 56, 'value': 'Back'}]",736jvvtkgwc3g1vooviaod33d,I. Rodriguez,,Kansas City Current,Home
2823541807,611,61,2,79,9,agxipc0vk4rtg09amjxv10nx0,0,38.1,86.0,2025-06-21T01:52:43.738Z,2025-06-21T01:53:41Z,"[{'id': 5776192261, 'qualifierId': 56, 'value': 'Back'}]",6hyf258ii56nw917w0b4ekob8,C. Hutton,,Kansas City Current,Home
2823541607,673,43,2,79,10,6hbfgdczbi3yg4sdpqgtu6s,1,0.0,0.0,2025-06-21T01:52:44.151Z,2025-06-21T01:52:51Z,"[{'id': 5776191387, 'qualifierId': 144, 'value': '49'}]",bnxnrws4yintb6s76erzl9xw5,C. Press,,Angel City,Away
2823541619,674,1,2,79,12,6hbfgdczbi3yg4sdpqgtu6s,1,73.7,6.8,2025-06-21T01:52:46.983Z,2025-06-21T01:52:49Z,"[{'id': 5776191325, 'qualifierId': 212, 'value': '10.5'}, {'id': 5776191323, 'qualifierId': 141, 'value': '22.2'}, {'id': 5776191327, 'qualifierId': 213, 'value': '1.66'}, {'id': 5776191319, 'qualifierId': 56, 'value': 'Center'}, {'id': 5776191321, 'qualifierId': 140, 'value': '72.8'}]",bnxnrws4yintb6s76erzl9xw5,C. Press,,Angel City,Away
2823541625,675,50,2,79,15,6hbfgdczbi3yg4sdpqgtu6s,1,71.6,21.8,2025-06-21T01:52:49.400Z,2025-06-21T01:54:32Z,"[{'id': 5776191341, 'qualifierId': 56, 'value': 'Center'}, {'id': 5776191343, 'qualifierId': 286}, {'id': 5776191385, 'qualifierId': 233, 'value': '602'}]",bngif4yqa0asu77nptsb06n10,R. Tiernan,,Angel City,Away
2823541635,602,7,2,79,15,agxipc0vk4rtg09amjxv10nx0,0,28.4,78.2,2025-06-21T01:52:49.401Z,2025-06-27T21:04:35Z,"[{'id': 5781985571, 'qualifierId': 384}, {'id': 5776191377, 'qualifierId': 285}, {'id': 5776191375, 'qualifierId': 56, 'value': 'Back'}, {'id': 5776191379, 'qualifierId': 233, 'value': '675'}, {'id': 5781985573, 'qualifierId': 178}]",6k82rq8synvac950ext5t0jpx,R. Rodríguez,,Kansas City Current,Home
2823541983,688,61,2,79,16,6hbfgdczbi3yg4sdpqgtu6s,1,70.1,19.8,2025-06-21T01:52:50.231Z,2025-06-21T01:54:27Z,"[{'id': 5776193205, 'qualifierId': 56, 'value': 'Right'}]",bngif4yqa0asu77nptsb06n10,R. Tiernan,,Angel City,Away
2823541641,603,49,2,79,17,agxipc0vk4rtg09amjxv10nx0,1,35.1,88.4,2025-06-21T01:52:51.890Z,2025-06-27T21:04:55Z,[],6hyf258ii56nw917w0b4ekob8,C. Hutton,,Kansas City Current,Home
2823541643,604,1,2,79,18,agxipc0vk4rtg09amjxv10nx0,1,35.1,88.4,2025-06-21T01:52:53.058Z,2025-06-21T01:52:53Z,"[{'id': 5776191433, 'qualifierId': 212, 'value': '8.7'}, {'id': 5776191429, 'qualifierId': 140, 'value': '40.9'}, {'id': 5776191435, 'qualifierId': 213, 'value': '5.48'}, {'id': 5776191427, 'qualifierId': 56, 'value': 'Back'}, {'id': 5776191431, 'qualifierId': 141, 'value': '79.2'}]",6hyf258ii56nw917w0b4ekob8,C. Hutton,,Kansas City Current,Home
2823541649,605,1,2,79,19,agxipc0vk4rtg09amjxv10nx0,1,40.9,79.2,2025-06-21T01:52:53.609Z,2025-06-21T02:20:07Z,"[{'id': 5776191453, 'qualifierId': 56, 'value': 'Back'}, {'id': 5776191461, 'qualifierId': 213, 'value': '3.41'}, {'id': 5776191455, 'qualifierId': 140, 'value': '32.4'}, {'id': 5776191459, 'qualifierId': 212, 'value': '9.3'}, {'id': 5776191457, 'qualifierId': 141, 'value': '75.6'}, {'id': 5776221045, 'qualifierId': 156}]",47iatvbptp6438v5qo359yw9h,Bia Zaneratto,,Kansas City Current,Home
2823541655,606,1,2,79,21,agxipc0vk4rtg09amjxv10nx0,0,32.1,75.5,2025-06-21T01:52:55.489Z,2025-06-21T02:20:14Z,"[{'id': 5776191495, 'qualifierId': 1}, {'id': 5776191483, 'qualifierId': 157}, {'id': 5776191493, 'qualifierId': 213, 'value': '0.53'}, {'id': 5776191489, 'qualifierId': 141, 'value': '100.0'}, {'id': 5776191485, 'qualifierId': 56, 'value': 'Left'}, {'id': 5776191491, 'qualifierId': 212, 'value': '35.9'}, {'id': 5776191487, 'qualifierId': 140, 'value': '61.7'}]",errir6ade8y91vp5z7v8gkn6y,B. Feist,,Kansas City Current,Home
2823541657,676,12,2,79,22,6hbfgdczbi3yg4sdpqgtu6s,1,38.3,3.2,2025-06-21T01:52:56.766Z,2025-06-27T21:05:27Z,"[{'id': 5776191499, 'qualifierId': 140, 'value': '38.3'}, {'id': 5776191501, 'qualifierId': 141, 'value': '0.0'}, {'id': 5776191519, 'qualifierId': 167}, {'id': 5776191497, 'qualifierId': 56, 'value': 'Back'}, {'id': 5776191569, 'qualifierId': 15}, {'id': 5776191503, 'qualifierId': 212, 'value': '3.5'}, {'id': 5776191505, 'qualifierId': 213, 'value': '4.71'}]",9b94qn8vkpl0e7ujskes2m7d,M. Moriya,,Angel City,Away
2823541659,607,5,2,79,23,agxipc0vk4rtg09amjxv10nx0,1,61.7,102.0,2025-06-21T01:52:58.058Z,2025-06-21T01:53:07Z,"[{'id': 5776191711, 'qualifierId': 233, 'value': '677'}, {'id': 5776191511, 'qualifierId': 56, 'value': 'Left'}, {'id': 5776191513, 'qualifierId': 347}]",errir6ade8y91vp5z7v8gkn6y,B. Feist,,Kansas City Current,Home
2823541661,677,5,2,79,23,6hbfgdczbi3yg4sdpqgtu6s,0,38.3,-2.0,2025-06-21T01:52:58.058Z,2025-06-21T02:21:39Z,"[{'id': 5776191517, 'qualifierId': 347}, {'id': 5776191715, 'qualifierId': 233, 'value': '607'}, {'id': 5776191515, 'qualifierId': 56, 'value': 'Back'}]",9b94qn8vkpl0e7ujskes2m7d,M. Moriya,,Angel City,Away
2823541779,608,1,2,79,51,agxipc0vk4rtg09amjxv10nx0,1,64.8,100.0,2025-06-21T01:53:25.353Z,2025-06-21T01:53:28Z,"[{'id': 5776192121, 'qualifierId': 1}, {'id': 5776192109, 'qualifierId': 107}, {'id': 5776192111, 'qualifierId': 56, 'value': 'Left'}, {'id': 5776192115, 'qualifierId': 141, 'value': '96.1'}, {'id': 5776192119, 'qualifierId': 213, 'value': '6.10'}, {'id': 5776192113, 'qualifierId': 140, 'value': '85.0'}, {'id': 5776192117, 'qualifierId': 212, 'value': '21.6'}]",736jvvtkgwc3g1vooviaod33d,I. Rodriguez,,Kansas City Current,Home
2823541781,609,61,2,79,53,agxipc0vk4rtg09amjxv10nx0,0,84.6,96.1,2025-06-21T01:53:28.040Z,2025-06-21T01:53:28Z,"[{'id': 5776192125, 'qualifierId': 56, 'value': 'Left'}]",47iatvbptp6438v5qo359yw9h,Bia Zaneratto,,Kansas City Current,Home
2823541789,678,12,2,79,55,6hbfgdczbi3yg4sdpqgtu6s,1,15.4,2.3,2025-06-21T01:53:29.566Z,2025-06-27T21:06:36Z,"[{'id': 5776192187, 'qualifierId': 212, 'value': '18.8'}, {'id': 5776192215, 'qualifierId': 167}, {'id': 5776192181, 'qualifierId': 56, 'value': 'Back'}, {'id': 5776192183, 'qualifierId': 140, 'value': '33.2'}, {'id': 5776192189, 'qualifierId': 213, 'value': '6.16'}, {'id': 5776192185, 'qualifierId': 141, 'value': '0.0'}]",bnxnrws4yintb6s76erzl9xw5,C. Press,,Angel City,Away
2823541805,610,5,2,79,56,agxipc0vk4rtg09amjxv10nx0,1,69.2,101.5,2025-06-21T01:53:30.794Z,2025-06-21T02:21:39Z,"[{'id': 5776192259, 'qualifierId': 347}, {'id': 5776192257, 'qualifierId': 56, 'value': 'Left'}, {'id': 5776192263, 'qualifierId': 233, 'value': '679'}]",47iatvbptp6438v5qo359yw9h,Bia Zaneratto,,Kansas City Current,Home
2823541795,679,5,2,79,56,6hbfgdczbi3yg4sdpqgtu6s,0,30.8,-1.5,2025-06-21T01:53:30.794Z,2025-06-21T02:21:40Z,"[{'id': 5776192211, 'qualifierId': 347}, {'id': 5776192209, 'qualifierId': 56, 'value': 'Back'}, {'id': 5776192271, 'qualifierId': 233, 'value': '610'}]",bnxnrws4yintb6s76erzl9xw5,C. Press,,Angel City,Away
2823541825,680,43,2,80,4,6hbfgdczbi3yg4sdpqgtu6s,1,0.0,0.0,2025-06-21T01:53:38.576Z,2025-06-21T02:24:45Z,"[{'id': 5776226237, 'qualifierId': 144, 'value': '61'}, {'id': 5776192367, 'qualifierId': 56, 'value': 'Center'}]",bngif4yqa0asu77nptsb06n10,R. Tiernan,,Angel City,Away
2823541843,612,1,2,80,7,agxipc0vk4rtg09amjxv10nx0,1,67.6,100.0,2025-06-21T01:53:42.113Z,2025-06-27T21:06:49Z,"[{'id': 5776192467, 'qualifierId': 213, 'value': '5.11'}, {'id': 5776192465, 'qualifierId': 212, 'value': '4.3'}, {'id': 5776192463, 'qualifierId': 141, 'value': '96.1'}, {'id': 5776192461, 'qualifierId': 140, 'value': '69.2'}, {'id': 5776192459, 'qualifierId': 56, 'value': 'Left'}, {'id': 5776192457, 'qualifierId': 107}]",736jvvtkgwc3g1vooviaod33d,I. Rodriguez,,Kansas City Current,Home
2823541847,613,1,2,80,8,agxipc0vk4rtg09amjxv10nx0,1,69.3,96.0,2025-06-21T01:53:42.689Z,2025-06-27T21:06:51Z,"[{'id': 5776192477, 'qualifierId': 140, 'value': '65.9'}, {'id': 5776192483, 'qualifierId': 213, 'value': '2.78'}, {'id': 5776192475, 'qualifierId': 56, 'value': 'Left'}, {'id': 5776192479, 'qualifierId': 141, 'value': '98.0'}, {'id': 5776192481, 'qualifierId': 212, 'value': '3.8'}]",errir6ade8y91vp5z7v8gkn6y,B. Feist,,Kansas City Current,Home
2823541849,614,1,2,80,9,agxipc0vk4rtg09amjxv10nx0,0,65.8,98.0,2025-06-21T01:53:43.983Z,2025-06-27T21:06:54Z,"[{'id': 5776192507, 'qualifierId': 286}, {'id': 5776192503, 'qualifierId': 233, 'value': '681'}, {'id': 5776192491, 'qualifierId': 141, 'value': '92.4'}, {'id': 5776192495, 'qualifierId': 213, 'value': '5.17'}, {'id': 5776192489, 'qualifierId': 140, 'value': '67.6'}, {'id': 5776192493, 'qualifierId': 212, 'value': '4.3'}, {'id': 5776192501, 'qualifierId': 236}, {'id': 5776192487, 'qualifierId': 56, 'value': 'Left'}]",736jvvtkgwc3g1vooviaod33d,I. Rodriguez,,Kansas City Current,Home
2823541845,681,74,2,80,9,6hbfgdczbi3yg4sdpqgtu6s,1,32.4,3.5,2025-06-21T01:53:43.984Z,2025-06-27T21:06:55Z,"[{'id': 5776192473, 'qualifierId': 285}, {'id': 5776192523, 'qualifierId': 233, 'value': '614'}, {'id': 5776192471, 'qualifierId': 56, 'value': 'Back'}]",as9gd28disfeeiiqxn7gjvg2c,K. Fuller,,Angel City,Away
2823542279,700,1,2,80,10,6hbfgdczbi3yg4sdpqgtu6s,0,31.5,3.4,2025-06-21T01:53:45.048Z,2025-06-21T01:55:56Z,"[{'id': 5776194969, 'qualifierId': 233, 'value': '627'}, {'id': 5776194967, 'qualifierId': 236}, {'id': 5776194909, 'qualifierId': 56, 'value': 'Back'}, {'id': 5776194911, 'qualifierId': 140, 'value': '32.6'}, {'id': 5776194915, 'qualifierId': 212, 'value': '1.2'}, {'id': 5776194913, 'qualifierId': 141, 'value': '3.4'}, {'id': 5776194973, 'qualifierId': 286}, {'id': 5776194917, 'qualifierId': 213, 'value': '0.00'}]",as9gd28disfeeiiqxn7gjvg2c,K. Fuller,,Angel City,Away
2823542045,627,74,2,80,10,agxipc0vk4rtg09amjxv10nx0,1,63.5,92.3,2025-06-21T01:53:45.049Z,2025-06-21T01:55:55Z,"[{'id': 5776193563, 'qualifierId': 285}, {'id': 5776194991, 'qualifierId': 233, 'value': '700'}, {'id': 5776193561, 'qualifierId': 56, 'value': 'Left'}]",736jvvtkgwc3g1vooviaod33d,I. Rodriguez,,Kansas City Current,Home
2823541857,615,1,2,80,12,agxipc0vk4rtg09amjxv10nx0,0,64.1,82.3,2025-06-21T01:53:46.433Z,2025-06-21T01:53:46Z,"[{'id': 5776192537, 'qualifierId': 140, 'value': '69.2'}, {'id': 5776192543, 'qualifierId': 213, 'value': '0.00'}, {'id': 5776192541, 'qualifierId': 212, 'value': '5.4'}, {'id': 5776192535, 'qualifierId': 56, 'value': 'Left'}, {'id': 5776192539, 'qualifierId': 141, 'value': '82.3'}]",6k82rq8synvac950ext5t0jpx,R. Rodríguez,,Kansas City Current,Home
2823541861,682,61,2,80,13,6hbfgdczbi3yg4sdpqgtu6s,1,34.2,22.8,2025-06-21T01:53:47.607Z,2025-06-21T01:53:47Z,"[{'id': 5776192551, 'qualifierId': 56, 'value': 'Back'}]",8f2og4ng2s6f8qeikft26h2qc,M. Hodge,,Angel City,Away
2823541863,616,61,2,80,14,agxipc0vk4rtg09amjxv10nx0,0,67.1,82.3,2025-06-21T01:53:48.274Z,2025-06-21T01:53:48Z,"[{'id': 5776192565, 'qualifierId': 56, 'value': 'Left'}]",6k82rq8synvac950ext5t0jpx,R. Rodríguez,,Kansas City Current,Home
2823541867,683,49,2,80,15,6hbfgdczbi3yg4sdpqgtu6s,1,34.4,23.0,2025-06-21T01:53:49.502Z,2025-06-27T21:07:44Z,[],8f2og4ng2s6f8qeikft26h2qc,M. Hodge,,Angel City,Away
2823541869,617,83,2,80,16,agxipc0vk4rtg09amjxv10nx0,0,71.6,72.3,2025-06-21T01:53:50.777Z,2025-06-21T01:53:53Z,"[{'id': 5776192637, 'qualifierId': 399, 'value': '8f2og4ng2s6f8qeikft26h2qc'}]",errir6ade8y91vp5z7v8gkn6y,B. Feist,,Kansas City Current,Home
2823541875,684,1,2,80,17,6hbfgdczbi3yg4sdpqgtu6s,1,34.4,23.0,2025-06-21T01:53:51.383Z,2025-06-21T01:53:52Z,"[{'id': 5776192629, 'qualifierId': 141, 'value': '6.7'}, {'id': 5776192625, 'qualifierId': 56, 'value': 'Back'}, {'id': 5776192633, 'qualifierId': 213, 'value': '4.70'}, {'id': 5776192627, 'qualifierId': 140, 'value': '34.3'}, {'id': 5776192631, 'qualifierId': 212, 'value': '11.1'}]",8f2og4ng2s6f8qeikft26h2qc,M. Hodge,,Angel City,Away
2823541883,685,1,2,80,18,6hbfgdczbi3yg4sdpqgtu6s,0,34.3,6.7,2025-06-21T01:53:52.567Z,2025-06-21T02:24:30Z,"[{'id': 5776192651, 'qualifierId': 141, 'value': '19.1'}, {'id': 5776192649, 'qualifierId': 140, 'value': '40.4'}, {'id': 5776192655, 'qualifierId': 213, 'value': '0.92'}, {'id': 5776192653, 'qualifierId': 212, 'value': '10.6'}, {'id': 5776192647, 'qualifierId': 56, 'value': 'Back'}]",bnxnrws4yintb6s76erzl9xw5,C. Press,,Angel City,Away
2823541877,618,8,2,80,19,agxipc0vk4rtg09amjxv10nx0,1,59.9,83.0,2025-06-21T01:53:53.521Z,2025-06-27T21:09:01Z,"[{'id': 5776192639, 'qualifierId': 56, 'value': 'Left'}, {'id': 5781986847, 'qualifierId': 384}]",736jvvtkgwc3g1vooviaod33d,I. Rodriguez,,Kansas City Current,Home
2823542573,647,3,2,80,20,agxipc0vk4rtg09amjxv10nx0,0,67.7,60.2,2025-06-21T01:53:55.080Z,2025-06-27T21:09:11Z,"[{'id': 5776196617, 'qualifierId': 286}, {'id': 5781986897, 'qualifierId': 465}, {'id': 5776196677, 'qualifierId': 233, 'value': '686'}, {'id': 5776196615, 'qualifierId': 56, 'value': 'Center'}]",ccw8gtkcahxf21rutqldjvkve,T. Chawinga,,Kansas City Current,Home
2823541893,686,7,2,80,20,6hbfgdczbi3yg4sdpqgtu6s,0,32.3,39.8,2025-06-21T01:53:55.081Z,2025-06-27T21:09:14Z,"[{'id': 5776192701, 'qualifierId': 56, 'value': 'Back'}, {'id': 5776196673, 'qualifierId': 233, 'value': '647'}, {'id': 5781986915, 'qualifierId': 178}, {'id': 5776196079, 'qualifierId': 285}, {'id': 5781986913, 'qualifierId': 385}]",3bx0w0ftkij1lqrt727gjd94a,M. Hammond,,Angel City,Away
2823541895,619,49,2,80,23,agxipc0vk4rtg09amjxv10nx0,1,63.8,69.9,2025-06-21T01:53:57.337Z,2025-06-21T02:20:32Z,[],errir6ade8y91vp5z7v8gkn6y,B. Feist,,Kansas City Current,Home
2823541899,620,1,2,80,23,agxipc0vk4rtg09amjxv10nx0,1,65.9,68.4,2025-06-21T01:53:57.569Z,2025-06-21T01:53:58Z,"[{'id': 5776192719, 'qualifierId': 140, 'value': '60.4'}, {'id': 5776192721, 'qualifierId': 141, 'value': '73.3'}, {'id': 5776192723, 'qualifierId': 212, 'value': '6.7'}, {'id': 5776192725, 'qualifierId': 213, 'value': '2.62'}, {'id': 5776192717, 'qualifierId': 56, 'value': 'Center'}]",errir6ade8y91vp5z7v8gkn6y,B. Feist,,Kansas City Current,Home
2823541903,621,1,2,80,24,agxipc0vk4rtg09amjxv10nx0,1,60.4,73.3,2025-06-21T01:53:58.393Z,2025-06-21T01:53:59Z,"[{'id': 5776192753, 'qualifierId': 213, 'value': '1.04'}, {'id': 5776192747, 'qualifierId': 140, 'value': '63.9'}, {'id': 5776192751, 'qualifierId': 212, 'value': '7.3'}, {'id': 5776192745, 'qualifierId': 56, 'value': 'Left'}, {'id': 5776192749, 'qualifierId': 141, 'value': '82.5'}]",6k82rq8synvac950ext5t0jpx,R. Rodríguez,,Kansas City Current,Home
2823541907,622,1,2,80,25,agxipc0vk4rtg09amjxv10nx0,1,63.9,82.5,2025-06-21T01:53:59.305Z,2025-06-21T01:54:01Z,"[{'id': 5776192761, 'qualifierId': 56, 'value': 'Center'}, {'id': 5776192767, 'qualifierId': 212, 'value': '11.8'}, {'id': 5776192763, 'qualifierId': 140, 'value': '73.4'}, {'id': 5776192769, 'qualifierId': 213, 'value': '5.72'}, {'id': 5776192765, 'qualifierId': 141, 'value': '73.3'}]",736jvvtkgwc3g1vooviaod33d,I. Rodriguez,,Kansas City Current,Home
2823541923,623,1,2,80,26,agxipc0vk4rtg09amjxv10nx0,1,74.1,73.1,2025-06-21T01:54:01.073Z,2025-06-21T01:54:02Z,"[{'id': 5776192837, 'qualifierId': 140, 'value': '70.1'}, {'id': 5776192841, 'qualifierId': 212, 'value': '8.5'}, {'id': 5776192839, 'qualifierId': 141, 'value': '62.2'}, {'id': 5776192835, 'qualifierId': 56, 'value': 'Center'}, {'id': 5776192843, 'qualifierId': 213, 'value': '4.20'}]",47iatvbptp6438v5qo359yw9h,Bia Zaneratto,,Kansas City Current,Home
2823541925,624,1,2,80,28,agxipc0vk4rtg09amjxv10nx0,0,70.1,62.0,2025-06-21T01:54:02.417Z,2025-06-21T01:54:02Z,"[{'id': 5776192855, 'qualifierId': 213, 'value': '5.26'}, {'id': 5776192853, 'qualifierId': 212, 'value': '9.2'}, {'id': 5776192847, 'qualifierId': 56, 'value': 'Center'}, {'id': 5776192849, 'qualifierId': 140, 'value': '74.7'}, {'id': 5776192851, 'qualifierId': 141, 'value': '50.4'}]",errir6ade8y91vp5z7v8gkn6y,B. Feist,,Kansas City Current,Home
2823541929,687,4,2,80,30,6hbfgdczbi3yg4sdpqgtu6s,1,28.2,58.6,2025-06-21T01:54:04.656Z,2025-06-21T02:16:18Z,"[{'id': 5776192871, 'qualifierId': 152}, {'id': 5776192869, 'qualifierId': 56, 'value': 'Back'}, {'id': 5776192867, 'qualifierId': 13}, {'id': 5776192875, 'qualifierId': 285}, {'id': 5776192887, 'qualifierId': 233, 'value': '625'}, {'id': 5776192873, 'qualifierId': 265}]",atvo1d7070tccvlbi8x5rakno,S. Mattice,,Angel City,Away
2823541927,625,4,2,80,30,agxipc0vk4rtg09amjxv10nx0,0,71.8,41.4,2025-06-21T01:54:04.657Z,2025-06-21T02:16:18Z,"[{'id': 5776192881, 'qualifierId': 152}, {'id': 5776192879, 'qualifierId': 56, 'value': 'Center'}, {'id': 5776192883, 'qualifierId': 265}, {'id': 5776193011, 'qualifierId': 55, 'value': '626'}, {'id': 5776192877, 'qualifierId': 13}, {'id': 5776192895, 'qualifierId': 233, 'value': '687'}, {'id': 5776192885, 'qualifierId': 286}]",516s5q2n1hop56c1768x0jbh1,N. Prince,,Kansas City Current,Home
2823541937,626,17,2,80,34,agxipc0vk4rtg09amjxv10nx0,1,0.0,0.0,2025-06-21T01:54:08.537Z,2025-06-21T01:54:11Z,"[{'id': 5776193005, 'qualifierId': 55, 'value': '625'}, {'id': 5776193003, 'qualifierId': 13, 'value': '243'}, {'id': 5776193001, 'qualifierId': 392}, {'id': 5776192999, 'qualifierId': 31}]",516s5q2n1hop56c1768x0jbh1,N. Prince,,Kansas City Current,Home
2823542133,689,1,2,81,39,6hbfgdczbi3yg4sdpqgtu6s,1,36.2,59.3,2025-06-21T01:55:13.302Z,2025-06-21T01:55:14Z,"[{'id': 5776194079, 'qualifierId': 152}, {'id': 5776194087, 'qualifierId': 212, 'value': '9.4'}, {'id': 5776194093, 'qualifierId': 189}, {'id': 5776194085, 'qualifierId': 141, 'value': '46.3'}, {'id': 5776194089, 'qualifierId': 213, 'value': '5.07'}, {'id': 5776194083, 'qualifierId': 140, 'value': '39.3'}, {'id': 5776194077, 'qualifierId': 5}, {'id': 5776194081, 'qualifierId': 56, 'value': 'Back'}]",6opd7nuh51c7p6pn6w04yuntg,M. Reid,,Angel City,Away
2823542143,690,1,2,81,42,6hbfgdczbi3yg4sdpqgtu6s,1,38.2,46.3,2025-06-21T01:55:16.712Z,2025-06-21T01:55:18Z,"[{'id': 5776194135, 'qualifierId': 56, 'value': 'Left'}, {'id': 5776194139, 'qualifierId': 141, 'value': '87.7'}, {'id': 5776194133, 'qualifierId': 155}, {'id': 5776194141, 'qualifierId': 212, 'value': '46.4'}, {'id': 5776194137, 'qualifierId': 140, 'value': '73.3'}, {'id': 5776194143, 'qualifierId': 213, 'value': '0.65'}, {'id': 5776194145, 'qualifierId': 1}]",6bcvcloym3tzxss5hgsw4h1at,A. Kennedy,,Angel City,Away
2823542145,628,45,2,81,44,agxipc0vk4rtg09amjxv10nx0,0,31.6,7.8,2025-06-21T01:55:18.519Z,2025-06-21T02:17:18Z,"[{'id': 5776194151, 'qualifierId': 285}, {'id': 5776194209, 'qualifierId': 233, 'value': '691'}, {'id': 5776194149, 'qualifierId': 56, 'value': 'Back'}]",516s5q2n1hop56c1768x0jbh1,N. Prince,,Kansas City Current,Home
2823542147,691,3,2,81,44,6hbfgdczbi3yg4sdpqgtu6s,1,68.4,92.2,2025-06-21T01:55:18.519Z,2025-06-27T21:11:10Z,"[{'id': 5781987135, 'qualifierId': 464}, {'id': 5776194153, 'qualifierId': 56, 'value': 'Left'}, {'id': 5776194175, 'qualifierId': 233, 'value': '628'}, {'id': 5776194155, 'qualifierId': 286}]",as9gd28disfeeiiqxn7gjvg2c,K. Fuller,,Angel City,Away
2823542161,629,45,2,81,45,agxipc0vk4rtg09amjxv10nx0,0,39.0,17.6,2025-06-21T01:55:20.054Z,2025-06-21T02:17:18Z,"[{'id': 5776194237, 'qualifierId': 233, 'value': '692'}, {'id': 5776194227, 'qualifierId': 285}, {'id': 5776194225, 'qualifierId': 56, 'value': 'Back'}]",errir6ade8y91vp5z7v8gkn6y,B. Feist,,Kansas City Current,Home
2823542159,692,3,2,81,45,6hbfgdczbi3yg4sdpqgtu6s,1,61.0,82.4,2025-06-21T01:55:20.054Z,2025-06-27T21:11:15Z,"[{'id': 5776194223, 'qualifierId': 286}, {'id': 5776194229, 'qualifierId': 233, 'value': '629'}, {'id': 5781987141, 'qualifierId': 464}, {'id': 5776194221, 'qualifierId': 56, 'value': 'Left'}]",as9gd28disfeeiiqxn7gjvg2c,K. Fuller,,Angel City,Away
2823542171,693,1,2,81,47,6hbfgdczbi3yg4sdpqgtu6s,1,61.3,77.3,2025-06-21T01:55:21.238Z,2025-06-21T01:55:25Z,"[{'id': 5776194317, 'qualifierId': 213, 'value': '3.94'}, {'id': 5776194313, 'qualifierId': 141, 'value': '54.8'}, {'id': 5776194315, 'qualifierId': 212, 'value': '21.4'}, {'id': 5776194309, 'qualifierId': 56, 'value': 'Back'}, {'id': 5776194311, 'qualifierId': 140, 'value': '47.0'}]",as9gd28disfeeiiqxn7gjvg2c,K. Fuller,,Angel City,Away
2823542203,694,1,2,81,50,6hbfgdczbi3yg4sdpqgtu6s,1,47.5,54.8,2025-06-21T01:55:25.094Z,2025-06-21T01:55:31Z,"[{'id': 5776194501, 'qualifierId': 212, 'value': '34.0'}, {'id': 5776194495, 'qualifierId': 56, 'value': 'Back'}, {'id': 5776194499, 'qualifierId': 141, 'value': '4.9'}, {'id': 5776194497, 'qualifierId': 140, 'value': '48.7'}, {'id': 5776194505, 'qualifierId': 1}, {'id': 5776194503, 'qualifierId': 213, 'value': '4.75'}]",6bcvcloym3tzxss5hgsw4h1at,A. Kennedy,,Angel City,Away
2823542205,695,1,2,81,57,6hbfgdczbi3yg4sdpqgtu6s,1,48.3,4.9,2025-06-21T01:55:31.366Z,2025-06-21T01:55:33Z,"[{'id': 5776194517, 'qualifierId': 141, 'value': '36.7'}, {'id': 5776194519, 'qualifierId': 212, 'value': '23.2'}, {'id': 5776194515, 'qualifierId': 140, 'value': '40.4'}, {'id': 5776194513, 'qualifierId': 56, 'value': 'Back'}, {'id': 5776194521, 'qualifierId': 213, 'value': '1.94'}]",9b94qn8vkpl0e7ujskes2m7d,M. Moriya,,Angel City,Away
2823542209,696,1,2,81,58,6hbfgdczbi3yg4sdpqgtu6s,1,40.4,36.7,2025-06-21T01:55:33.014Z,2025-06-21T01:55:36Z,"[{'id': 5776194541, 'qualifierId': 141, 'value': '67.2'}, {'id': 5776194539, 'qualifierId': 140, 'value': '41.6'}, {'id': 5776194537, 'qualifierId': 56, 'value': 'Back'}, {'id': 5776194545, 'qualifierId': 213, 'value': '1.51'}, {'id': 5776194543, 'qualifierId': 212, 'value': '20.8'}]",6bcvcloym3tzxss5hgsw4h1at,A. Kennedy,,Angel City,Away
2823542225,697,1,2,82,2,6hbfgdczbi3yg4sdpqgtu6s,1,43.7,69.0,2025-06-21T01:55:36.294Z,2025-06-21T01:55:38Z,"[{'id': 5776194617, 'qualifierId': 141, 'value': '89.6'}, {'id': 5776194621, 'qualifierId': 213, 'value': '1.48'}, {'id': 5776194613, 'qualifierId': 56, 'value': 'Back'}, {'id': 5776194615, 'qualifierId': 140, 'value': '44.9'}, {'id': 5776194619, 'qualifierId': 212, 'value': '14.1'}]",6opd7nuh51c7p6pn6w04yuntg,M. Reid,,Angel City,Away
2823542249,698,1,2,82,4,6hbfgdczbi3yg4sdpqgtu6s,0,45.8,91.7,2025-06-21T01:55:38.902Z,2025-06-21T01:55:44Z,"[{'id': 5776194767, 'qualifierId': 213, 'value': '6.21'}, {'id': 5776194763, 'qualifierId': 141, 'value': '85.7'}, {'id': 5776194769, 'qualifierId': 1}, {'id': 5776194765, 'qualifierId': 212, 'value': '58.9'}, {'id': 5776194761, 'qualifierId': 140, 'value': '100.0'}, {'id': 5776194759, 'qualifierId': 56, 'value': 'Left'}, {'id': 5776194757, 'qualifierId': 155}]",atvo1d7070tccvlbi8x5rakno,S. Mattice,,Angel City,Away
2823542339,630,5,2,82,10,agxipc0vk4rtg09amjxv10nx0,1,-1.8,15.4,2025-06-21T01:55:44.601Z,2025-06-21T02:21:40Z,"[{'id': 5776195217, 'qualifierId': 56, 'value': 'Back'}, {'id': 5776222785, 'qualifierId': 233, 'value': '699'}, {'id': 5776195219, 'qualifierId': 346}]",errir6ade8y91vp5z7v8gkn6y,B. Feist,,Kansas City Current,Home
2823542271,699,5,2,82,10,6hbfgdczbi3yg4sdpqgtu6s,0,101.8,83.4,2025-06-21T01:55:44.601Z,2025-06-21T02:21:40Z,"[{'id': 5776222805, 'qualifierId': 233, 'value': '630'}, {'id': 5776194875, 'qualifierId': 346}, {'id': 5776194873, 'qualifierId': 56, 'value': 'Left'}]",atvo1d7070tccvlbi8x5rakno,S. Mattice,,Angel City,Away
2823542357,631,1,2,82,37,agxipc0vk4rtg09amjxv10nx0,0,4.8,44.5,2025-06-21T01:56:11.784Z,2025-06-21T01:56:19Z,"[{'id': 5776195343, 'qualifierId': 213, 'value': '5.70'}, {'id': 5776195349, 'qualifierId': 74}, {'id': 5776195345, 'qualifierId': 1}, {'id': 5776195339, 'qualifierId': 141, 'value': '0.2'}, {'id': 5776195335, 'qualifierId': 56, 'value': 'Back'}, {'id': 5776195341, 'qualifierId': 212, 'value': '54.4'}, {'id': 5776195333, 'qualifierId': 124}, {'id': 5776195337, 'qualifierId': 140, 'value': '47.9'}]",das6ydxiwz8trtyp98ss5i295,Lorena,,Kansas City Current,Home
2823542359,632,5,2,82,42,agxipc0vk4rtg09amjxv10nx0,0,48.2,-1.7,2025-06-21T01:56:16.711Z,2025-06-21T02:21:41Z,"[{'id': 5776195447, 'qualifierId': 233, 'value': '701'}, {'id': 5776195353, 'qualifierId': 347}, {'id': 5776195351, 'qualifierId': 56, 'value': 'Back'}]",das6ydxiwz8trtyp98ss5i295,Lorena,,Kansas City Current,Home
2823542375,701,5,2,82,42,6hbfgdczbi3yg4sdpqgtu6s,1,51.8,101.7,2025-06-21T01:56:16.711Z,2025-06-21T02:21:40Z,"[{'id': 5776195439, 'qualifierId': 56, 'value': 'Left'}, {'id': 5776195441, 'qualifierId': 347}, {'id': 5776195443, 'qualifierId': 233, 'value': '632'}]",3bx0w0ftkij1lqrt727gjd94a,M. Hammond,,Angel City,Away
2823542377,702,1,2,82,48,6hbfgdczbi3yg4sdpqgtu6s,0,51.3,100.0,2025-06-21T01:56:22.406Z,2025-06-21T01:56:23Z,"[{'id': 5776195463, 'qualifierId': 1}, {'id': 5776195451, 'qualifierId': 107}, {'id': 5776195457, 'qualifierId': 141, 'value': '88.4'}, {'id': 5776195453, 'qualifierId': 56, 'value': 'Left'}, {'id': 5776195455, 'qualifierId': 140, 'value': '72.3'}, {'id': 5776195459, 'qualifierId': 212, 'value': '23.7'}, {'id': 5776195461, 'qualifierId': 213, 'value': '5.90'}]",atvo1d7070tccvlbi8x5rakno,S. Mattice,,Angel City,Away
2823542389,633,1,2,82,50,agxipc0vk4rtg09amjxv10nx0,1,26.1,7.2,2025-06-21T01:56:24.329Z,2025-06-21T01:56:25Z,"[{'id': 5776195513, 'qualifierId': 56, 'value': 'Back'}, {'id': 5776195519, 'qualifierId': 212, 'value': '8.9'}, {'id': 5776195515, 'qualifierId': 140, 'value': '34.1'}, {'id': 5776195517, 'qualifierId': 141, 'value': '2.7'}, {'id': 5776195523, 'qualifierId': 1}, {'id': 5776195521, 'qualifierId': 213, 'value': '5.93'}, {'id': 5776195511, 'qualifierId': 157}]",48l2ildbeme2l336nor2hw6lm,E. Ball,,Kansas City Current,Home
2823542395,634,1,2,82,51,agxipc0vk4rtg09amjxv10nx0,1,33.9,3.0,2025-06-21T01:56:25.888Z,2025-06-21T01:56:27Z,"[{'id': 5776195553, 'qualifierId': 140, 'value': '33.3'}, {'id': 5776195559, 'qualifierId': 213, 'value': '1.73'}, {'id': 5776195555, 'qualifierId': 141, 'value': '8.8'}, {'id': 5776195557, 'qualifierId': 212, 'value': '4.0'}, {'id': 5776195551, 'qualifierId': 56, 'value': 'Back'}]",516s5q2n1hop56c1768x0jbh1,N. Prince,,Kansas City Current,Home
2823542397,635,61,2,82,52,agxipc0vk4rtg09amjxv10nx0,1,33.3,8.8,2025-06-21T01:56:27.128Z,2025-06-21T02:21:12Z,"[{'id': 5776195567, 'qualifierId': 56, 'value': 'Back'}]",errir6ade8y91vp5z7v8gkn6y,B. Feist,,Kansas City Current,Home
2823542401,636,1,2,82,53,agxipc0vk4rtg09amjxv10nx0,0,31.5,17.2,2025-06-21T01:56:28.040Z,2025-06-21T01:56:28Z,"[{'id': 5776195577, 'qualifierId': 157}, {'id': 5776195583, 'qualifierId': 141, 'value': '16.8'}, {'id': 5776195585, 'qualifierId': 212, 'value': '0.8'}, {'id': 5776195589, 'qualifierId': 1}, {'id': 5776195587, 'qualifierId': 213, 'value': '5.93'}, {'id': 5776195579, 'qualifierId': 56, 'value': 'Back'}, {'id': 5776195581, 'qualifierId': 140, 'value': '32.2'}]",6k82rq8synvac950ext5t0jpx,R. Rodríguez,,Kansas City Current,Home
2823542405,703,61,2,82,55,6hbfgdczbi3yg4sdpqgtu6s,1,67.1,82.4,2025-06-21T01:56:29.638Z,2025-06-21T01:56:29Z,"[{'id': 5776195607, 'qualifierId': 56, 'value': 'Left'}]",as9gd28disfeeiiqxn7gjvg2c,K. Fuller,,Angel City,Away
2823542415,704,1,2,82,56,6hbfgdczbi3yg4sdpqgtu6s,1,76.4,80.8,2025-06-21T01:56:31.078Z,2025-06-21T01:56:32Z,"[{'id': 5776195637, 'qualifierId': 56, 'value': 'Left'}, {'id': 5776195639, 'qualifierId': 140, 'value': '74.1'}, {'id': 5776195641, 'qualifierId': 141, 'value': '90.8'}, {'id': 5776195643, 'qualifierId': 212, 'value': '7.2'}, {'id': 5776195645, 'qualifierId': 213, 'value': '1.91'}]",bngif4yqa0asu77nptsb06n10,R. Tiernan,,Angel City,Away
2823542417,705,1,2,82,57,6hbfgdczbi3yg4sdpqgtu6s,1,74.1,90.8,2025-06-21T01:56:32.021Z,2025-06-21T01:56:33Z,"[{'id': 5776195649, 'qualifierId': 155}, {'id': 5776195651, 'qualifierId': 56, 'value': 'Center'}, {'id': 5776195653, 'qualifierId': 140, 'value': '70.6'}, {'id': 5776195655, 'qualifierId': 141, 'value': '78.2'}, {'id': 5776195659, 'qualifierId': 213, 'value': '4.31'}, {'id': 5776195657, 'qualifierId': 212, 'value': '9.3'}]",dfeohozpw604y5jbu01u1dkkq,A. Thompson,,Angel City,Away
2823542419,706,50,2,82,58,6hbfgdczbi3yg4sdpqgtu6s,1,71.8,74.6,2025-06-21T01:56:33.045Z,2025-06-21T02:21:35Z,"[{'id': 5776195663, 'qualifierId': 56, 'value': 'Center'}, {'id': 5776222677, 'qualifierId': 233, 'value': '807'}, {'id': 5776222613, 'qualifierId': 286}]",bngif4yqa0asu77nptsb06n10,R. Tiernan,,Angel City,Away
2823547107,807,7,2,82,58,agxipc0vk4rtg09amjxv10nx0,1,28.2,25.4,2025-06-21T01:56:33.046Z,2025-06-27T21:12:12Z,"[{'id': 5781987225, 'qualifierId': 383}, {'id': 5776222659, 'qualifierId': 233, 'value': '706'}, {'id': 5776222655, 'qualifierId': 285}, {'id': 5781987227, 'qualifierId': 178}, {'id': 5776222653, 'qualifierId': 56, 'value': 'Back'}]",516s5q2n1hop56c1768x0jbh1,N. Prince,,Kansas City Current,Home
2823542421,637,49,2,82,59,agxipc0vk4rtg09amjxv10nx0,1,28.1,15.5,2025-06-21T01:56:33.760Z,2025-06-21T01:56:33Z,[],516s5q2n1hop56c1768x0jbh1,N. Prince,,Kansas City Current,Home
2823542427,638,1,2,82,59,agxipc0vk4rtg09amjxv10nx0,1,28.6,18.5,2025-06-21T01:56:34.121Z,2025-06-21T02:21:42Z,"[{'id': 5776195691, 'qualifierId': 56, 'value': 'Back'}, {'id': 5776195697, 'qualifierId': 212, 'value': '10.9'}, {'id': 5776195693, 'qualifierId': 140, 'value': '35.2'}, {'id': 5776195699, 'qualifierId': 213, 'value': '0.88'}, {'id': 5776195695, 'qualifierId': 141, 'value': '30.8'}]",516s5q2n1hop56c1768x0jbh1,N. Prince,,Kansas City Current,Home
2823542433,639,1,2,83,3,agxipc0vk4rtg09amjxv10nx0,1,36.3,47.9,2025-06-21T01:56:37.312Z,2025-06-21T01:56:39Z,"[{'id': 5776195739, 'qualifierId': 141, 'value': '65.4'}, {'id': 5776195735, 'qualifierId': 56, 'value': 'Back'}, {'id': 5776195741, 'qualifierId': 212, 'value': '12.3'}, {'id': 5776195737, 'qualifierId': 140, 'value': '39.2'}, {'id': 5776195743, 'qualifierId': 213, 'value': '1.32'}]",47iatvbptp6438v5qo359yw9h,Bia Zaneratto,,Kansas City Current,Home
2823542453,640,1,2,83,4,agxipc0vk4rtg09amjxv10nx0,1,39.2,65.4,2025-06-21T01:56:39.096Z,2025-06-21T01:56:44Z,"[{'id': 5776195843, 'qualifierId': 212, 'value': '26.3'}, {'id': 5776195845, 'qualifierId': 213, 'value': '0.77'}, {'id': 5776195839, 'qualifierId': 140, 'value': '57.2'}, {'id': 5776195841, 'qualifierId': 141, 'value': '92.4'}, {'id': 5776195837, 'qualifierId': 56, 'value': 'Left'}]",6hyf258ii56nw917w0b4ekob8,C. Hutton,,Kansas City Current,Home
2823542463,641,1,2,83,10,agxipc0vk4rtg09amjxv10nx0,1,60.0,95.6,2025-06-21T01:56:44.736Z,2025-06-21T01:56:49Z,"[{'id': 5776195943, 'qualifierId': 213, 'value': '3.84'}, {'id': 5776195937, 'qualifierId': 140, 'value': '46.1'}, {'id': 5776195935, 'qualifierId': 56, 'value': 'Back'}, {'id': 5776195939, 'qualifierId': 141, 'value': '77.6'}, {'id': 5776195941, 'qualifierId': 212, 'value': '19.0'}]",736jvvtkgwc3g1vooviaod33d,I. Rodriguez,,Kansas City Current,Home
2823542475,642,1,2,83,14,agxipc0vk4rtg09amjxv10nx0,1,51.1,78.5,2025-06-21T01:56:49.112Z,2025-06-21T01:56:55Z,"[{'id': 5776195983, 'qualifierId': 56, 'value': 'Left'}, {'id': 5776195985, 'qualifierId': 140, 'value': '69.3'}, {'id': 5776195989, 'qualifierId': 212, 'value': '22.3'}, {'id': 5776195991, 'qualifierId': 213, 'value': '0.54'}, {'id': 5776195987, 'qualifierId': 141, 'value': '95.4'}]",cl1av4qyzjkq03akjof6tdf1m,K. Sharples,,Kansas City Current,Home
2823542487,643,1,2,83,21,agxipc0vk4rtg09amjxv10nx0,1,72.8,95.4,2025-06-21T01:56:55.392Z,2025-06-21T01:56:59Z,"[{'id': 5776196101, 'qualifierId': 140, 'value': '64.7'}, {'id': 5776196099, 'qualifierId': 56, 'value': 'Left'}, {'id': 5776196107, 'qualifierId': 213, 'value': '3.90'}, {'id': 5776196105, 'qualifierId': 212, 'value': '11.7'}, {'id': 5776196103, 'qualifierId': 141, 'value': '83.5'}]",736jvvtkgwc3g1vooviaod33d,I. Rodriguez,,Kansas City Current,Home
2823542533,644,1,2,83,25,agxipc0vk4rtg09amjxv10nx0,1,62.4,72.1,2025-06-21T01:56:59.312Z,2025-06-21T01:57:06Z,"[{'id': 5776196339, 'qualifierId': 155}, {'id': 5776196341, 'qualifierId': 56, 'value': 'Back'}, {'id': 5776196343, 'qualifierId': 140, 'value': '48.9'}, {'id': 5776196345, 'qualifierId': 141, 'value': '15.6'}, {'id': 5776196351, 'qualifierId': 1}, {'id': 5776196349, 'qualifierId': 213, 'value': '4.36'}, {'id': 5776196347, 'qualifierId': 212, 'value': '41.0'}]",6hyf258ii56nw917w0b4ekob8,C. Hutton,,Kansas City Current,Home
2823542555,645,1,2,83,32,agxipc0vk4rtg09amjxv10nx0,0,45.8,4.6,2025-06-21T01:57:06.512Z,2025-06-21T01:57:12Z,"[{'id': 5776196483, 'qualifierId': 157}, {'id': 5776196495, 'qualifierId': 1}, {'id': 5776196485, 'qualifierId': 56, 'value': 'Center'}, {'id': 5776196489, 'qualifierId': 141, 'value': '32.9'}, {'id': 5776196493, 'qualifierId': 213, 'value': '0.42'}, {'id': 5776196487, 'qualifierId': 140, 'value': '86.4'}, {'id': 5776196491, 'qualifierId': 212, 'value': '46.8'}]",9wvoeo39cgbelv8ddqin3aaga,H. Mace,,Kansas City Current,Home
2823542561,707,12,2,83,38,6hbfgdczbi3yg4sdpqgtu6s,1,13.8,67.2,2025-06-21T01:57:12.966Z,2025-06-21T01:57:14Z,"[{'id': 5776196531, 'qualifierId': 141, 'value': '57.0'}, {'id': 5776196527, 'qualifierId': 56, 'value': 'Back'}, {'id': 5776196535, 'qualifierId': 213, 'value': '3.71'}, {'id': 5776196529, 'qualifierId': 140, 'value': '3.4'}, {'id': 5776196533, 'qualifierId': 212, 'value': '12.9'}]",6opd7nuh51c7p6pn6w04yuntg,M. Reid,,Angel City,Away
2823542563,708,12,2,83,40,6hbfgdczbi3yg4sdpqgtu6s,1,3.4,57.0,2025-06-21T01:57:14.278Z,2025-06-21T01:57:16Z,"[{'id': 5776196553, 'qualifierId': 141, 'value': '100.0'}, {'id': 5776196555, 'qualifierId': 212, 'value': '30.3'}, {'id': 5776196563, 'qualifierId': 167}, {'id': 5776196557, 'qualifierId': 213, 'value': '1.41'}, {'id': 5776196549, 'qualifierId': 56, 'value': 'Back'}, {'id': 5776196551, 'qualifierId': 140, 'value': '7.9'}]",lg9muzm3sbiijicsik53m3je,A. Anderson,,Angel City,Away
2823542571,646,5,2,83,41,agxipc0vk4rtg09amjxv10nx0,1,88.8,-1.4,2025-06-21T01:57:15.455Z,2025-06-21T02:21:41Z,"[{'id': 5776196591, 'qualifierId': 347}, {'id': 5776196589, 'qualifierId': 56, 'value': 'Right'}, {'id': 5776196593, 'qualifierId': 233, 'value': '709'}]",9wvoeo39cgbelv8ddqin3aaga,H. Mace,,Kansas City Current,Home
2823542565,709,5,2,83,41,6hbfgdczbi3yg4sdpqgtu6s,0,11.2,101.4,2025-06-21T01:57:15.455Z,2025-06-21T02:21:41Z,"[{'id': 5776196561, 'qualifierId': 347}, {'id': 5776196559, 'qualifierId': 56, 'value': 'Back'}, {'id': 5776196597, 'qualifierId': 233, 'value': '646'}]",lg9muzm3sbiijicsik53m3je,A. Anderson,,Angel City,Away
2823542613,648,1,2,84,1,agxipc0vk4rtg09amjxv10nx0,1,87.3,0.0,2025-06-21T01:57:35.759Z,2025-06-21T01:57:37Z,"[{'id': 5776196843, 'qualifierId': 140, 'value': '89.6'}, {'id': 5776196851, 'qualifierId': 1}, {'id': 5776196849, 'qualifierId': 213, 'value': '1.47'}, {'id': 5776196845, 'qualifierId': 141, 'value': '33.6'}, {'id': 5776196847, 'qualifierId': 212, 'value': '24.3'}, {'id': 5776196839, 'qualifierId': 107}, {'id': 5776196841, 'qualifierId': 56, 'value': 'Center'}]",9wvoeo39cgbelv8ddqin3aaga,H. Mace,,Kansas City Current,Home
2823542615,649,1,2,84,3,agxipc0vk4rtg09amjxv10nx0,1,89.6,34.1,2025-06-21T01:57:37.264Z,2025-06-21T01:57:40Z,"[{'id': 5776196859, 'qualifierId': 140, 'value': '85.9'}, {'id': 5776196861, 'qualifierId': 141, 'value': '35.8'}, {'id': 5776196857, 'qualifierId': 56, 'value': 'Center'}, {'id': 5776196863, 'qualifierId': 212, 'value': '4.1'}, {'id': 5776196865, 'qualifierId': 213, 'value': '2.85'}]",47iatvbptp6438v5qo359yw9h,Bia Zaneratto,,Kansas City Current,Home
2823542617,650,1,2,84,6,agxipc0vk4rtg09amjxv10nx0,1,76.3,34.1,2025-06-21T01:57:40.224Z,2025-06-21T01:57:42Z,"[{'id': 5776196877, 'qualifierId': 140, 'value': '84.3'}, {'id': 5776196883, 'qualifierId': 213, 'value': '1.02'}, {'id': 5776196879, 'qualifierId': 141, 'value': '54.1'}, {'id': 5776196875, 'qualifierId': 56, 'value': 'Center'}, {'id': 5776196881, 'qualifierId': 212, 'value': '16.0'}]",errir6ade8y91vp5z7v8gkn6y,B. Feist,,Kansas City Current,Home
2823542619,651,3,2,84,8,agxipc0vk4rtg09amjxv10nx0,0,85.5,53.5,2025-06-21T01:57:42.632Z,2025-06-27T21:13:09Z,"[{'id': 5776196953, 'qualifierId': 233, 'value': '710'}, {'id': 5781987327, 'qualifierId': 465}, {'id': 5776196889, 'qualifierId': 286}, {'id': 5776196887, 'qualifierId': 56, 'value': 'Center'}]",ccw8gtkcahxf21rutqldjvkve,T. Chawinga,,Kansas City Current,Home
2823542627,710,7,2,84,8,6hbfgdczbi3yg4sdpqgtu6s,1,14.5,46.5,2025-06-21T01:57:42.633Z,2025-06-27T21:13:11Z,"[{'id': 5781987335, 'qualifierId': 383}, {'id': 5776196943, 'qualifierId': 233, 'value': '651'}, {'id': 5781987337, 'qualifierId': 178}, {'id': 5776196927, 'qualifierId': 285}, {'id': 5776196925, 'qualifierId': 56, 'value': 'Back'}]",6bcvcloym3tzxss5hgsw4h1at,A. Kennedy,,Angel City,Away
2823542635,711,12,2,84,10,6hbfgdczbi3yg4sdpqgtu6s,1,14.5,47.3,2025-06-21T01:57:44.702Z,2025-06-27T21:13:35Z,"[{'id': 5776196967, 'qualifierId': 212, 'value': '11.9'}, {'id': 5781987377, 'qualifierId': 397}, {'id': 5781987379, 'qualifierId': 233, 'value': '652'}, {'id': 5776196969, 'qualifierId': 213, 'value': '1.76'}, {'id': 5776196965, 'qualifierId': 141, 'value': '64.5'}, {'id': 5776196963, 'qualifierId': 140, 'value': '12.4'}, {'id': 5776196961, 'qualifierId': 56, 'value': 'Back'}]",8f2og4ng2s6f8qeikft26h2qc,M. Hodge,,Angel City,Away
2823542625,652,74,2,84,10,agxipc0vk4rtg09amjxv10nx0,1,83.0,45.5,2025-06-21T01:57:44.703Z,2025-06-27T21:13:35Z,"[{'id': 5781987373, 'qualifierId': 397}, {'id': 5781987375, 'qualifierId': 285}, {'id': 5781987383, 'qualifierId': 233, 'value': '711'}, {'id': 5781987371, 'qualifierId': 56, 'value': 'Center'}]",47iatvbptp6438v5qo359yw9h,Bia Zaneratto,,Kansas City Current,Home
2823542637,712,12,2,84,11,6hbfgdczbi3yg4sdpqgtu6s,1,12.4,64.5,2025-06-21T01:57:46.005Z,2025-06-21T01:57:50Z,"[{'id': 5776197051, 'qualifierId': 167}, {'id': 5776196977, 'qualifierId': 140, 'value': '46.4'}, {'id': 5776196983, 'qualifierId': 213, 'value': '5.38'}, {'id': 5776196975, 'qualifierId': 56, 'value': 'Back'}, {'id': 5776196979, 'qualifierId': 141, 'value': '0.0'}, {'id': 5776196981, 'qualifierId': 212, 'value': '57.4'}]",atvo1d7070tccvlbi8x5rakno,S. Mattice,,Angel City,Away
2823542709,653,5,2,84,15,agxipc0vk4rtg09amjxv10nx0,1,54.4,101.8,2025-06-21T01:57:49.831Z,2025-06-21T02:21:41Z,"[{'id': 5776197327, 'qualifierId': 233, 'value': '713'}, {'id': 5776197323, 'qualifierId': 56, 'value': 'Left'}, {'id': 5776197325, 'qualifierId': 347}]",47iatvbptp6438v5qo359yw9h,Bia Zaneratto,,Kansas City Current,Home
2823542647,713,5,2,84,15,6hbfgdczbi3yg4sdpqgtu6s,0,45.6,-1.8,2025-06-21T01:57:49.831Z,2025-06-21T02:21:42Z,"[{'id': 5776197335, 'qualifierId': 233, 'value': '653'}, {'id': 5776197031, 'qualifierId': 56, 'value': 'Back'}, {'id': 5776197033, 'qualifierId': 347}]",atvo1d7070tccvlbi8x5rakno,S. Mattice,,Angel City,Away
2823542755,654,1,2,84,35,agxipc0vk4rtg09amjxv10nx0,1,54.0,100.0,2025-06-21T01:58:09.319Z,2025-06-21T01:58:18Z,"[{'id': 5776197557, 'qualifierId': 213, 'value': '5.68'}, {'id': 5776197555, 'qualifierId': 212, 'value': '14.3'}, {'id': 5776197553, 'qualifierId': 141, 'value': '90.1'}, {'id': 5776197551, 'qualifierId': 140, 'value': '65.2'}, {'id': 5776197549, 'qualifierId': 56, 'value': 'Left'}, {'id': 5776197547, 'qualifierId': 107}]",736jvvtkgwc3g1vooviaod33d,I. Rodriguez,,Kansas City Current,Home
2823542743,714,43,2,84,40,6hbfgdczbi3yg4sdpqgtu6s,1,0.0,0.0,2025-06-21T01:58:14.918Z,2025-06-27T21:14:11Z,"[{'id': 5781987433, 'qualifierId': 144, 'value': '83'}, {'id': 5776197579, 'qualifierId': 399, 'value': 'ccw8gtkcahxf21rutqldjvkve'}]",8f2og4ng2s6f8qeikft26h2qc,M. Hodge,,Angel City,Away
2823542759,655,3,2,84,44,agxipc0vk4rtg09amjxv10nx0,1,87.3,91.6,2025-06-21T01:58:18.327Z,2025-06-27T21:14:15Z,"[{'id': 5776197575, 'qualifierId': 286}, {'id': 5781987435, 'qualifierId': 464}, {'id': 5776197573, 'qualifierId': 56, 'value': 'Left'}, {'id': 5776197717, 'qualifierId': 233, 'value': '715'}]",ccw8gtkcahxf21rutqldjvkve,T. Chawinga,,Kansas City Current,Home
2823542761,715,45,2,84,44,6hbfgdczbi3yg4sdpqgtu6s,0,12.7,8.4,2025-06-21T01:58:18.327Z,2025-06-21T02:17:19Z,"[{'id': 5776197583, 'qualifierId': 285}, {'id': 5776197725, 'qualifierId': 233, 'value': '655'}, {'id': 5776197581, 'qualifierId': 56, 'value': 'Back'}]",9b94qn8vkpl0e7ujskes2m7d,M. Moriya,,Angel City,Away
2823542769,656,1,2,84,46,agxipc0vk4rtg09amjxv10nx0,1,87.8,90.7,2025-06-21T01:58:20.303Z,2025-06-21T01:58:22Z,"[{'id': 5776197621, 'qualifierId': 140, 'value': '84.3'}, {'id': 5776197619, 'qualifierId': 56, 'value': 'Left'}, {'id': 5776197627, 'qualifierId': 213, 'value': '4.17'}, {'id': 5776197623, 'qualifierId': 141, 'value': '81.8'}, {'id': 5776197625, 'qualifierId': 212, 'value': '7.1'}]",ccw8gtkcahxf21rutqldjvkve,T. Chawinga,,Kansas City Current,Home
2823542773,657,1,2,84,48,agxipc0vk4rtg09amjxv10nx0,1,79.7,77.6,2025-06-21T01:58:22.871Z,2025-06-21T01:58:25Z,"[{'id': 5776197647, 'qualifierId': 141, 'value': '94.6'}, {'id': 5776197643, 'qualifierId': 56, 'value': 'Left'}, {'id': 5776197649, 'qualifierId': 212, 'value': '13.4'}, {'id': 5776197651, 'qualifierId': 213, 'value': '2.10'}, {'id': 5776197645, 'qualifierId': 140, 'value': '73.2'}]",47iatvbptp6438v5qo359yw9h,Bia Zaneratto,,Kansas City Current,Home
2823542781,658,1,2,84,51,agxipc0vk4rtg09amjxv10nx0,1,69.3,95.8,2025-06-21T01:58:25.433Z,2025-06-21T01:58:28Z,"[{'id': 5776197681, 'qualifierId': 56, 'value': 'Back'}, {'id': 5776197687, 'qualifierId': 212, 'value': '22.9'}, {'id': 5776197683, 'qualifierId': 140, 'value': '47.9'}, {'id': 5776197685, 'qualifierId': 141, 'value': '89.1'}, {'id': 5776197689, 'qualifierId': 213, 'value': '3.34'}]",736jvvtkgwc3g1vooviaod33d,I. Rodriguez,,Kansas City Current,Home
2823542783,659,1,2,84,54,agxipc0vk4rtg09amjxv10nx0,1,45.0,85.9,2025-06-21T01:58:28.832Z,2025-06-21T01:58:31Z,"[{'id': 5776197701, 'qualifierId': 213, 'value': '4.11'}, {'id': 5776197697, 'qualifierId': 141, 'value': '55.6'}, {'id': 5776197695, 'qualifierId': 140, 'value': '31.5'}, {'id': 5776197699, 'qualifierId': 212, 'value': '25.0'}, {'id': 5776197693, 'qualifierId': 56, 'value': 'Back'}]",cl1av4qyzjkq03akjof6tdf1m,K. Sharples,,Kansas City Current,Home
2823542791,660,1,2,84,58,agxipc0vk4rtg09amjxv10nx0,1,35.9,45.2,2025-06-21T01:58:32.920Z,2025-06-21T01:58:35Z,"[{'id': 5776197781, 'qualifierId': 213, 'value': '5.06'}, {'id': 5776197775, 'qualifierId': 140, 'value': '42.8'}, {'id': 5776197779, 'qualifierId': 212, 'value': '21.3'}, {'id': 5776197773, 'qualifierId': 56, 'value': 'Back'}, {'id': 5776197777, 'qualifierId': 141, 'value': '15.8'}]",48l2ildbeme2l336nor2hw6lm,E. Ball,,Kansas City Current,Home
2823542799,661,1,2,85,1,agxipc0vk4rtg09amjxv10nx0,0,42.8,15.8,2025-06-21T01:58:35.455Z,2025-06-21T01:58:40Z,"[{'id': 5776197895, 'qualifierId': 213, 'value': '0.24'}, {'id': 5776197885, 'qualifierId': 155}, {'id': 5776197889, 'qualifierId': 140, 'value': '91.6'}, {'id': 5776197893, 'qualifierId': 212, 'value': '52.7'}, {'id': 5776197887, 'qualifierId': 56, 'value': 'Center'}, {'id': 5776197891, 'qualifierId': 141, 'value': '34.0'}, {'id': 5776197897, 'qualifierId': 1}]",9wvoeo39cgbelv8ddqin3aaga,H. Mace,,Kansas City Current,Home
2823542801,716,52,2,85,7,6hbfgdczbi3yg4sdpqgtu6s,1,5.5,64.0,2025-06-21T01:58:41.493Z,2025-06-27T21:14:38Z,"[{'id': 5781987449, 'qualifierId': 377}]",lg9muzm3sbiijicsik53m3je,A. Anderson,,Angel City,Away
2823542811,717,80,2,85,15,6hbfgdczbi3yg4sdpqgtu6s,0,12.6,64.8,2025-06-21T01:58:49.349Z,2025-06-21T01:58:49Z,[],lg9muzm3sbiijicsik53m3je,A. Anderson,,Angel City,Away
2823542829,718,1,2,85,18,6hbfgdczbi3yg4sdpqgtu6s,0,25.2,61.7,2025-06-21T01:58:52.518Z,2025-06-21T01:58:55Z,"[{'id': 5776198031, 'qualifierId': 140, 'value': '67.8'}, {'id': 5776198039, 'qualifierId': 1}, {'id': 5776198035, 'qualifierId': 212, 'value': '44.9'}, {'id': 5776198025, 'qualifierId': 157}, {'id': 5776198029, 'qualifierId': 56, 'value': 'Center'}, {'id': 5776198033, 'qualifierId': 141, 'value': '67.6'}, {'id': 5776198027, 'qualifierId': 198}, {'id': 5776198037, 'qualifierId': 213, 'value': '0.09'}]",lg9muzm3sbiijicsik53m3je,A. Anderson,,Angel City,Away
2823542833,662,1,2,85,22,agxipc0vk4rtg09amjxv10nx0,0,31.2,33.1,2025-06-21T01:58:56.759Z,2025-06-21T01:58:57Z,"[{'id': 5776198067, 'qualifierId': 213, 'value': '0.06'}, {'id': 5776198059, 'qualifierId': 56, 'value': 'Back'}, {'id': 5776198061, 'qualifierId': 140, 'value': '43.3'}, {'id': 5776198063, 'qualifierId': 141, 'value': '34.3'}, {'id': 5776198057, 'qualifierId': 3}, {'id': 5776198065, 'qualifierId': 212, 'value': '12.7'}]",6k82rq8synvac950ext5t0jpx,R. Rodríguez,,Kansas City Current,Home
2823542843,719,1,2,85,23,6hbfgdczbi3yg4sdpqgtu6s,1,54.4,72.4,2025-06-21T01:58:57.814Z,2025-06-21T01:58:59Z,"[{'id': 5776198123, 'qualifierId': 213, 'value': '0.21'}, {'id': 5776198117, 'qualifierId': 140, 'value': '63.2'}, {'id': 5776198119, 'qualifierId': 141, 'value': '75.3'}, {'id': 5776198115, 'qualifierId': 56, 'value': 'Center'}, {'id': 5776198121, 'qualifierId': 212, 'value': '9.4'}, {'id': 5776198113, 'qualifierId': 3}]",3bx0w0ftkij1lqrt727gjd94a,M. Hammond,,Angel City,Away
2823542851,720,44,2,85,25,6hbfgdczbi3yg4sdpqgtu6s,1,59.8,73.4,2025-06-21T01:58:59.294Z,2025-06-21T02:23:20Z,"[{'id': 5776198145, 'qualifierId': 286}, {'id': 5776198143, 'qualifierId': 56, 'value': 'Center'}, {'id': 5776198155, 'qualifierId': 233, 'value': '663'}]",atvo1d7070tccvlbi8x5rakno,S. Mattice,,Angel City,Away
2823542839,663,44,2,85,25,agxipc0vk4rtg09amjxv10nx0,0,40.2,26.6,2025-06-21T01:58:59.295Z,2025-06-21T02:23:20Z,"[{'id': 5776198085, 'qualifierId': 285}, {'id': 5776198169, 'qualifierId': 233, 'value': '720'}, {'id': 5776198083, 'qualifierId': 56, 'value': 'Back'}]",516s5q2n1hop56c1768x0jbh1,N. Prince,,Kansas City Current,Home
2823542857,721,1,2,85,26,6hbfgdczbi3yg4sdpqgtu6s,1,63.2,75.3,2025-06-21T01:59:00.565Z,2025-06-21T01:59:02Z,"[{'id': 5776198195, 'qualifierId': 141, 'value': '69.1'}, {'id': 5776198199, 'qualifierId': 213, 'value': '5.27'}, {'id': 5776198189, 'qualifierId': 3}, {'id': 5776198193, 'qualifierId': 140, 'value': '65.7'}, {'id': 5776198197, 'qualifierId': 212, 'value': '5.0'}, {'id': 5776198191, 'qualifierId': 56, 'value': 'Center'}]",atvo1d7070tccvlbi8x5rakno,S. Mattice,,Angel City,Away
2823542859,722,44,2,85,27,6hbfgdczbi3yg4sdpqgtu6s,1,65.6,70.8,2025-06-21T01:59:01.782Z,2025-06-21T02:23:21Z,"[{'id': 5776198251, 'qualifierId': 233, 'value': '664'}, {'id': 5776198211, 'qualifierId': 286}, {'id': 5776198209, 'qualifierId': 56, 'value': 'Center'}]",as9gd28disfeeiiqxn7gjvg2c,K. Fuller,,Angel City,Away
2823542855,664,44,2,85,27,agxipc0vk4rtg09amjxv10nx0,0,34.4,29.2,2025-06-21T01:59:01.783Z,2025-06-21T02:23:21Z,"[{'id': 5776198257, 'qualifierId': 233, 'value': '722'}, {'id': 5776198183, 'qualifierId': 56, 'value': 'Back'}, {'id': 5776198185, 'qualifierId': 285}]",6k82rq8synvac950ext5t0jpx,R. Rodríguez,,Kansas City Current,Home
2823542861,723,1,2,85,28,6hbfgdczbi3yg4sdpqgtu6s,0,65.7,69.1,2025-06-21T01:59:02.485Z,2025-06-21T01:59:03Z,"[{'id': 5776198245, 'qualifierId': 213, 'value': '0.59'}, {'id': 5776198243, 'qualifierId': 212, 'value': '7.2'}, {'id': 5776198237, 'qualifierId': 56, 'value': 'Center'}, {'id': 5776198233, 'qualifierId': 3}, {'id': 5776198241, 'qualifierId': 141, 'value': '75.0'}, {'id': 5776198235, 'qualifierId': 168}, {'id': 5776198239, 'qualifierId': 140, 'value': '71.4'}]",as9gd28disfeeiiqxn7gjvg2c,K. Fuller,,Angel City,Away
2823542865,665,1,2,85,29,agxipc0vk4rtg09amjxv10nx0,0,33.8,23.2,2025-06-21T01:59:03.863Z,2025-06-27T21:15:30Z,"[{'id': 5776198265, 'qualifierId': 140, 'value': '55.5'}, {'id': 5776198271, 'qualifierId': 213, 'value': '0.25'}, {'id': 5776198269, 'qualifierId': 212, 'value': '23.5'}, {'id': 5776198263, 'qualifierId': 56, 'value': 'Center'}, {'id': 5776198267, 'qualifierId': 141, 'value': '31.9'}, {'id': 5776198261, 'qualifierId': 157}, {'id': 5776198273, 'qualifierId': 1}]",9wvoeo39cgbelv8ddqin3aaga,H. Mace,,Kansas City Current,Home
2823542871,724,1,2,85,30,6hbfgdczbi3yg4sdpqgtu6s,0,44.3,68.5,2025-06-21T01:59:04.453Z,2025-06-21T01:59:07Z,"[{'id': 5776198307, 'qualifierId': 213, 'value': '5.46'}, {'id': 5776198299, 'qualifierId': 56, 'value': 'Center'}, {'id': 5776198301, 'qualifierId': 140, 'value': '54.6'}, {'id': 5776198303, 'qualifierId': 141, 'value': '51.2'}, {'id': 5776198297, 'qualifierId': 3}, {'id': 5776198305, 'qualifierId': 212, 'value': '16.0'}]",6opd7nuh51c7p6pn6w04yuntg,M. Reid,,Angel City,Away
2823542885,666,1,2,85,33,agxipc0vk4rtg09amjxv10nx0,1,47.0,48.9,2025-06-21T01:59:07.471Z,2025-06-21T01:59:10Z,"[{'id': 5776198385, 'qualifierId': 56, 'value': 'Back'}, {'id': 5776198389, 'qualifierId': 141, 'value': '75.8'}, {'id': 5776198393, 'qualifierId': 213, 'value': '1.51'}, {'id': 5776198387, 'qualifierId': 140, 'value': '48.1'}, {'id': 5776198391, 'qualifierId': 212, 'value': '18.3'}]",errir6ade8y91vp5z7v8gkn6y,B. Feist,,Kansas City Current,Home
2823542887,667,43,2,85,36,agxipc0vk4rtg09amjxv10nx0,1,0.0,0.0,2025-06-21T01:59:10.279Z,2025-06-21T01:59:33Z,"[{'id': 5776198755, 'qualifierId': 144, 'value': '49'}]",48l2ildbeme2l336nor2hw6lm,E. Ball,,Kansas City Current,Home
2823542895,668,49,2,85,38,agxipc0vk4rtg09amjxv10nx0,1,53.5,81.2,2025-06-21T01:59:12.279Z,2025-06-21T01:59:12Z,[],736jvvtkgwc3g1vooviaod33d,I. Rodriguez,,Kansas City Current,Home
2823542941,669,50,2,85,50,agxipc0vk4rtg09amjxv10nx0,1,91.9,96.2,2025-06-21T01:59:24.676Z,2025-06-27T16:52:11Z,"[{'id': 5776198649, 'qualifierId': 56, 'value': 'Left'}, {'id': 5776198651, 'qualifierId': 286}, {'id': 5776198673, 'qualifierId': 233, 'value': '725'}]",736jvvtkgwc3g1vooviaod33d,I. Rodriguez,,Kansas City Current,Home
2823542935,725,7,2,85,50,6hbfgdczbi3yg4sdpqgtu6s,0,8.1,3.8,2025-06-21T01:59:24.677Z,2025-06-27T21:16:04Z,"[{'id': 5776198631, 'qualifierId': 285}, {'id': 5781987561, 'qualifierId': 383}, {'id': 5781987563, 'qualifierId': 178}, {'id': 5776198629, 'qualifierId': 56, 'value': 'Back'}, {'id': 5776198653, 'qualifierId': 233, 'value': '669'}]",9b94qn8vkpl0e7ujskes2m7d,M. Moriya,,Angel City,Away
2823542947,670,1,2,85,51,agxipc0vk4rtg09amjxv10nx0,0,94.0,96.3,2025-06-21T01:59:25.647Z,2025-06-21T02:22:07Z,"[{'id': 5776198693, 'qualifierId': 140, 'value': '91.6'}, {'id': 5776198699, 'qualifierId': 213, 'value': '2.95'}, {'id': 5776198695, 'qualifierId': 141, 'value': '97.0'}, {'id': 5776198697, 'qualifierId': 212, 'value': '2.6'}, {'id': 5776198691, 'qualifierId': 56, 'value': 'Left'}]",736jvvtkgwc3g1vooviaod33d,I. Rodriguez,,Kansas City Current,Home
2823543023,671,5,2,85,52,agxipc0vk4rtg09amjxv10nx0,1,85.6,102.0,2025-06-21T01:59:26.229Z,2025-06-21T02:21:42Z,"[{'id': 5776199103, 'qualifierId': 56, 'value': 'Left'}, {'id': 5776199105, 'qualifierId': 347}, {'id': 5776201249, 'qualifierId': 233, 'value': '726'}]",736jvvtkgwc3g1vooviaod33d,I. Rodriguez,,Kansas City Current,Home
2823543095,726,5,2,85,52,6hbfgdczbi3yg4sdpqgtu6s,0,14.4,-2.0,2025-06-21T01:59:26.229Z,2025-06-21T02:21:42Z,"[{'id': 5776199523, 'qualifierId': 56, 'value': 'Back'}, {'id': 5776201253, 'qualifierId': 233, 'value': '671'}, {'id': 5776199525, 'qualifierId': 347}]",9b94qn8vkpl0e7ujskes2m7d,M. Moriya,,Angel City,Away
2823543027,672,18,2,86,20,agxipc0vk4rtg09amjxv10nx0,1,0.0,0.0,2025-06-21T01:59:54.767Z,2025-06-27T21:16:27Z,"[{'id': 5776199123, 'qualifierId': 42}, {'id': 5776199125, 'qualifierId': 44, 'value': 'Forward'}, {'id': 5776199127, 'qualifierId': 59, 'value': '9'}, {'id': 5776199143, 'qualifierId': 55, 'value': '673'}]",47iatvbptp6438v5qo359yw9h,Bia Zaneratto,,Kansas City Current,Home
2823543029,673,19,2,86,20,agxipc0vk4rtg09amjxv10nx0,1,0.0,0.0,2025-06-21T01:59:54.768Z,2025-06-27T21:16:27Z,"[{'id': 5776223265, 'qualifierId': 292, 'value': '8'}, {'id': 5776223267, 'qualifierId': 293, 'value': '1'}, {'id': 5776199137, 'qualifierId': 44, 'value': 'Forward'}, {'id': 5776199139, 'qualifierId': 55, 'value': '672'}, {'id': 5776199135, 'qualifierId': 59, 'value': '13'}, {'id': 5776199133, 'qualifierId': 145, 'value': '9'}, {'id': 5776199129, 'qualifierId': 42}]",3qk8owv039ppiiev6skkkb52i,H. Hopkins,,Kansas City Current,Home
2823543523,700,40,2,86,21,agxipc0vk4rtg09amjxv10nx0,1,0.0,0.0,2025-06-21T01:59:55.881Z,2025-06-27T21:16:31Z,"[{'id': 5776227481, 'qualifierId': 319}, {'id': 5776201721, 'qualifierId': 30, 'value': 'das6ydxiwz8trtyp98ss5i295, 9wvoeo39cgbelv8ddqin3aaga, 736jvvtkgwc3g1vooviaod33d, 6k82rq8synvac950ext5t0jpx, 48l2ildbeme2l336nor2hw6lm, cl1av4qyzjkq03akjof6tdf1m, errir6ade8y91vp5z7v8gkn6y, 6hyf258ii56nw917w0b4ekob8, ccw8gtkcahxf21rutqldjvkve, 516s5q2n1hop56c1768x0jbh1, 3qk8owv039ppiiev6skkkb52i, 46r9yf1huh29ri0sbx0yum6ll, 2kjv07goaeqhl1pmjfywkglqs, 68sz2cp2lpnb8k36jkhr3wrje, cmivpbf5hzq5j8feacgla5nv8, 1mjt2c75soe0pbgry40mfmtjo, ambkmqohpux5r4cvtszfpeej8'}, {'id': 5776201731, 'qualifierId': 194, 'value': '9wvoeo39cgbelv8ddqin3aaga'}, {'id': 5776201727, 'qualifierId': 130, 'value': '4'}, {'id': 5776201725, 'qualifierId': 59, 'value': '23, 4, 18, 11, 7, 27, 22, 14, 6, 8, 13, 81, 2, 5, 19, 31, 30'}, {'id': 5776201729, 'qualifierId': 131, 'value': '1, 2, 3, 4, 5, 6, 7, 8, 9, 10, 11, 0, 0, 0, 0, 0, 0'}, {'id': 5776201723, 'qualifierId': 44, 'value': '1, 2, 2, 3, 2, 2, 3, 3, 4, 4, 4, 5, 5, 5, 5, 5, 5'}]",,,,Kansas City Current,Home
2823543215,733,18,2,86,26,6hbfgdczbi3yg4sdpqgtu6s,1,0.0,0.0,2025-06-21T02:00:00.871Z,2025-06-21T02:01:26Z,"[{'id': 5776200125, 'qualifierId': 42}, {'id': 5776200129, 'qualifierId': 59, 'value': '99'}, {'id': 5776200947, 'qualifierId': 189}, {'id': 5776200127, 'qualifierId': 44, 'value': 'Midfielder'}, {'id': 5776200165, 'qualifierId': 55, 'value': '734'}]",3bx0w0ftkij1lqrt727gjd94a,M. Hammond,,Angel City,Away
2823543217,734,19,2,86,26,6hbfgdczbi3yg4sdpqgtu6s,1,0.0,0.0,2025-06-21T02:00:00.872Z,2025-06-21T02:24:23Z,"[{'id': 5776200145, 'qualifierId': 55, 'value': '733'}, {'id': 5776225815, 'qualifierId': 292, 'value': '7'}, {'id': 5776200929, 'qualifierId': 293, 'value': '4'}, {'id': 5776200143, 'qualifierId': 44, 'value': 'Midfielder'}, {'id': 5776201025, 'qualifierId': 189}, {'id': 5776200141, 'qualifierId': 59, 'value': '4'}, {'id': 5776200139, 'qualifierId': 145, 'value': '11'}, {'id': 5776200135, 'qualifierId': 42}]",9ijnmgmapjcnctich86692tw5,K. Zelem,,Angel City,Away
2824579801,866,40,2,86,31,6hbfgdczbi3yg4sdpqgtu6s,1,0.0,0.0,2025-06-21T02:00:05.384Z,2025-06-27T21:51:07Z,"[{'id': 5781993111, 'qualifierId': 30, 'value': 'lg9muzm3sbiijicsik53m3je, 9b94qn8vkpl0e7ujskes2m7d, atvo1d7070tccvlbi8x5rakno, 9ijnmgmapjcnctich86692tw5, 6bcvcloym3tzxss5hgsw4h1at, 6opd7nuh51c7p6pn6w04yuntg, 8f2og4ng2s6f8qeikft26h2qc, as9gd28disfeeiiqxn7gjvg2c, bngif4yqa0asu77nptsb06n10, bnxnrws4yintb6s76erzl9xw5, dfeohozpw604y5jbu01u1dkkq, 5ctvnqq716lbj0l9prrp8vb4k, e2cviaurp66ntp52needonka2, cenm8mly98mwv2630hcke4fmc'}, {'id': 5781993121, 'qualifierId': 194, 'value': 'lg9muzm3sbiijicsik53m3je'}, {'id': 5781993117, 'qualifierId': 130, 'value': '4'}, {'id': 5781993119, 'qualifierId': 131, 'value': '1, 2, 3, 4, 5, 6, 7, 8, 9, 10, 11, 0, 0, 0'}, {'id': 5781993115, 'qualifierId': 59, 'value': '19, 29, 25, 4, 14, 6, 8, 17, 33, 23, 21, 28, 1, 9'}, {'id': 5781993113, 'qualifierId': 44, 'value': '1, 2, 2, 3, 2, 2, 3, 3, 4, 4, 4, 5, 5, 5'}]",,,,Angel City,Away
2823543111,674,1,2,86,45,agxipc0vk4rtg09amjxv10nx0,1,86.2,100.0,2025-06-21T02:00:19.678Z,2025-06-27T21:19:05Z,"[{'id': 5781987787, 'qualifierId': 189}, {'id': 5776199607, 'qualifierId': 140, 'value': '93.6'}, {'id': 5776199603, 'qualifierId': 107}, {'id': 5776199609, 'qualifierId': 141, 'value': '96.3'}, {'id': 5776199611, 'qualifierId': 212, 'value': '8.7'}, {'id': 5776199605, 'qualifierId': 56, 'value': 'Left'}, {'id': 5776199613, 'qualifierId': 213, 'value': '5.82'}]",736jvvtkgwc3g1vooviaod33d,I. Rodriguez,,Kansas City Current,Home
2823543101,727,83,2,86,46,6hbfgdczbi3yg4sdpqgtu6s,0,3.4,4.0,2025-06-21T02:00:20.212Z,2025-06-27T21:19:06Z,"[{'id': 5776199653, 'qualifierId': 399, 'value': '3qk8owv039ppiiev6skkkb52i'}]",9b94qn8vkpl0e7ujskes2m7d,M. Moriya,,Angel City,Away
2823543113,675,61,2,86,47,agxipc0vk4rtg09amjxv10nx0,0,93.4,96.3,2025-06-21T02:00:22.078Z,2025-06-21T02:24:04Z,"[{'id': 5776199617, 'qualifierId': 56, 'value': 'Left'}]",3qk8owv039ppiiev6skkkb52i,H. Hopkins,,Kansas City Current,Home
2823543443,744,43,2,86,48,6hbfgdczbi3yg4sdpqgtu6s,1,0.0,0.0,2025-06-21T02:00:22.433Z,2025-06-27T21:19:31Z,"[{'id': 5781987861, 'qualifierId': 144, 'value': '61'}, {'id': 5776201339, 'qualifierId': 56, 'value': 'Back'}]",9b94qn8vkpl0e7ujskes2m7d,M. Moriya,,Angel City,Away
2823543119,676,5,2,86,49,agxipc0vk4rtg09amjxv10nx0,0,96.0,101.8,2025-06-21T02:00:23.141Z,2025-06-21T02:21:43Z,"[{'id': 5776199651, 'qualifierId': 347}, {'id': 5776199649, 'qualifierId': 56, 'value': 'Left'}, {'id': 5776199811, 'qualifierId': 233, 'value': '728'}]",6hyf258ii56nw917w0b4ekob8,C. Hutton,,Kansas City Current,Home
2823543151,728,5,2,86,49,6hbfgdczbi3yg4sdpqgtu6s,1,4.0,-1.8,2025-06-21T02:00:23.141Z,2025-06-21T02:21:42Z,"[{'id': 5776199807, 'qualifierId': 233, 'value': '676'}, {'id': 5776199805, 'qualifierId': 347}, {'id': 5776199803, 'qualifierId': 56, 'value': 'Back'}]",9b94qn8vkpl0e7ujskes2m7d,M. Moriya,,Angel City,Away
2823543153,729,1,2,86,59,6hbfgdczbi3yg4sdpqgtu6s,1,2.8,0.0,2025-06-21T02:00:33.925Z,2025-06-21T02:00:35Z,"[{'id': 5776199821, 'qualifierId': 141, 'value': '6.7'}, {'id': 5776199819, 'qualifierId': 140, 'value': '8.3'}, {'id': 5776199815, 'qualifierId': 107}, {'id': 5776199817, 'qualifierId': 56, 'value': 'Back'}, {'id': 5776199825, 'qualifierId': 213, 'value': '0.77'}, {'id': 5776199823, 'qualifierId': 212, 'value': '8.1'}]",9b94qn8vkpl0e7ujskes2m7d,M. Moriya,,Angel City,Away
2823543171,730,1,2,87,0,6hbfgdczbi3yg4sdpqgtu6s,1,8.3,6.7,2025-06-21T02:00:34.918Z,2025-06-27T21:19:44Z,"[{'id': 5781987867, 'qualifierId': 155}, {'id': 5776199903, 'qualifierId': 212, 'value': '25.8'}, {'id': 5776199905, 'qualifierId': 213, 'value': '6.27'}, {'id': 5776199897, 'qualifierId': 56, 'value': 'Back'}, {'id': 5776199901, 'qualifierId': 141, 'value': '6.1'}, {'id': 5776199899, 'qualifierId': 140, 'value': '32.9'}]",8f2og4ng2s6f8qeikft26h2qc,M. Hodge,,Angel City,Away
2823543175,731,1,2,87,2,6hbfgdczbi3yg4sdpqgtu6s,0,34.9,3.9,2025-06-21T02:00:36.445Z,2025-06-27T21:20:23Z,"[{'id': 5776220701, 'qualifierId': 212, 'value': '2.3'}, {'id': 5776220775, 'qualifierId': 155}, {'id': 5776223547, 'qualifierId': 233, 'value': '677'}, {'id': 5776220697, 'qualifierId': 140, 'value': '36.9'}, {'id': 5776223551, 'qualifierId': 286}, {'id': 5776199923, 'qualifierId': 56, 'value': 'Back'}, {'id': 5776223545, 'qualifierId': 236}, {'id': 5776220699, 'qualifierId': 141, 'value': '5.4'}, {'id': 5776220703, 'qualifierId': 213, 'value': '0.45'}]",bnxnrws4yintb6s76erzl9xw5,C. Press,,Angel City,Away
2823543207,677,74,2,87,2,agxipc0vk4rtg09amjxv10nx0,1,64.9,94.9,2025-06-21T02:00:36.446Z,2025-06-27T21:20:25Z,"[{'id': 5776223553, 'qualifierId': 233, 'value': '731'}, {'id': 5776200089, 'qualifierId': 285}, {'id': 5776200087, 'qualifierId': 56, 'value': 'Left'}]",736jvvtkgwc3g1vooviaod33d,I. Rodriguez,,Kansas City Current,Home
2823543209,678,5,2,87,3,agxipc0vk4rtg09amjxv10nx0,0,63.6,101.2,2025-06-21T02:00:38.133Z,2025-06-21T02:21:43Z,"[{'id': 5776200097, 'qualifierId': 56, 'value': 'Left'}, {'id': 5776200267, 'qualifierId': 233, 'value': '732'}, {'id': 5776200099, 'qualifierId': 347}]",736jvvtkgwc3g1vooviaod33d,I. Rodriguez,,Kansas City Current,Home
2823543213,732,5,2,87,3,6hbfgdczbi3yg4sdpqgtu6s,1,36.4,-1.2,2025-06-21T02:00:38.133Z,2025-06-21T02:21:43Z,"[{'id': 5776222855, 'qualifierId': 233, 'value': '678'}, {'id': 5776200115, 'qualifierId': 56, 'value': 'Back'}, {'id': 5776200117, 'qualifierId': 347}]",bnxnrws4yintb6s76erzl9xw5,C. Press,,Angel City,Away
2823543225,735,1,2,87,11,6hbfgdczbi3yg4sdpqgtu6s,0,34.5,0.0,2025-06-21T02:00:45.301Z,2025-06-21T02:19:55Z,"[{'id': 5776200177, 'qualifierId': 140, 'value': '57.8'}, {'id': 5776200183, 'qualifierId': 213, 'value': '0.44'}, {'id': 5776200185, 'qualifierId': 1}, {'id': 5776200173, 'qualifierId': 107}, {'id': 5776200175, 'qualifierId': 56, 'value': 'Right'}, {'id': 5776200179, 'qualifierId': 141, 'value': '16.1'}, {'id': 5776200181, 'qualifierId': 212, 'value': '27.0'}]",bnxnrws4yintb6s76erzl9xw5,C. Press,,Angel City,Away
2823545489,788,44,2,87,12,agxipc0vk4rtg09amjxv10nx0,1,52.2,74.3,2025-06-21T02:00:46.873Z,2025-06-21T02:23:21Z,"[{'id': 5776213511, 'qualifierId': 56, 'value': 'Center'}, {'id': 5776213519, 'qualifierId': 286}, {'id': 5776213515, 'qualifierId': 233, 'value': '830'}]",cl1av4qyzjkq03akjof6tdf1m,K. Sharples,,Kansas City Current,Home
2823545477,830,44,2,87,12,6hbfgdczbi3yg4sdpqgtu6s,0,47.8,25.7,2025-06-21T02:00:46.874Z,2025-06-21T02:23:21Z,"[{'id': 5776213521, 'qualifierId': 233, 'value': '788'}, {'id': 5776213371, 'qualifierId': 56, 'value': 'Back'}, {'id': 5776213373, 'qualifierId': 285}]",dfeohozpw604y5jbu01u1dkkq,A. Thompson,,Angel City,Away
2823543245,679,12,2,87,13,agxipc0vk4rtg09amjxv10nx0,1,53.2,87.4,2025-06-21T02:00:47.142Z,2025-06-21T02:22:31Z,"[{'id': 5776200261, 'qualifierId': 141, 'value': '100.0'}, {'id': 5776200275, 'qualifierId': 167}, {'id': 5776200259, 'qualifierId': 140, 'value': '59.9'}, {'id': 5776200257, 'qualifierId': 56, 'value': 'Left'}, {'id': 5776200265, 'qualifierId': 213, 'value': '0.95'}, {'id': 5776213621, 'qualifierId': 15}, {'id': 5776200263, 'qualifierId': 212, 'value': '12.2'}]",cl1av4qyzjkq03akjof6tdf1m,K. Sharples,,Kansas City Current,Home
2823543247,680,5,2,87,13,agxipc0vk4rtg09amjxv10nx0,0,61.5,101.9,2025-06-21T02:00:47.173Z,2025-06-21T02:21:44Z,"[{'id': 5776200271, 'qualifierId': 56, 'value': 'Left'}, {'id': 5776200273, 'qualifierId': 347}, {'id': 5776222861, 'qualifierId': 233, 'value': '736'}]",cl1av4qyzjkq03akjof6tdf1m,K. Sharples,,Kansas City Current,Home
2823543243,736,5,2,87,13,6hbfgdczbi3yg4sdpqgtu6s,1,39.3,-2.0,2025-06-21T02:00:47.173Z,2025-06-21T02:21:51Z,"[{'id': 5776200249, 'qualifierId': 347}, {'id': 5776200253, 'qualifierId': 233, 'value': '680'}, {'id': 5776200247, 'qualifierId': 56, 'value': 'Back'}]",bnxnrws4yintb6s76erzl9xw5,C. Press,,Angel City,Away
2823543249,737,1,2,87,14,6hbfgdczbi3yg4sdpqgtu6s,1,41.4,0.0,2025-06-21T02:00:48.421Z,2025-06-21T02:00:49Z,"[{'id': 5776200281, 'qualifierId': 140, 'value': '39.8'}, {'id': 5776200287, 'qualifierId': 213, 'value': '1.73'}, {'id': 5776200279, 'qualifierId': 56, 'value': 'Back'}, {'id': 5776200277, 'qualifierId': 107}, {'id': 5776200283, 'qualifierId': 141, 'value': '14.0'}, {'id': 5776200285, 'qualifierId': 212, 'value': '10.5'}]",bnxnrws4yintb6s76erzl9xw5,C. Press,,Angel City,Away
2823543257,738,1,2,87,15,6hbfgdczbi3yg4sdpqgtu6s,1,39.8,14.0,2025-06-21T02:00:49.157Z,2025-06-21T02:00:50Z,"[{'id': 5776200317, 'qualifierId': 56, 'value': 'Back'}, {'id': 5776200325, 'qualifierId': 213, 'value': '4.92'}, {'id': 5776200323, 'qualifierId': 212, 'value': '4.2'}, {'id': 5776200321, 'qualifierId': 141, 'value': '8.0'}, {'id': 5776200319, 'qualifierId': 140, 'value': '40.6'}]",9ijnmgmapjcnctich86692tw5,K. Zelem,,Angel City,Away
2823543259,739,1,2,87,16,6hbfgdczbi3yg4sdpqgtu6s,0,40.0,7.6,2025-06-21T02:00:50.709Z,2025-06-21T02:00:53Z,"[{'id': 5776200347, 'qualifierId': 233, 'value': '681'}, {'id': 5776200351, 'qualifierId': 286}, {'id': 5776200345, 'qualifierId': 236}, {'id': 5776200331, 'qualifierId': 140, 'value': '39.9'}, {'id': 5776200333, 'qualifierId': 141, 'value': '9.1'}, {'id': 5776200329, 'qualifierId': 56, 'value': 'Back'}, {'id': 5776200335, 'qualifierId': 212, 'value': '1.0'}, {'id': 5776200337, 'qualifierId': 213, 'value': '1.67'}]",bnxnrws4yintb6s76erzl9xw5,C. Press,,Angel City,Away
2823543261,681,74,2,87,16,agxipc0vk4rtg09amjxv10nx0,1,63.1,88.4,2025-06-21T02:00:50.710Z,2025-06-21T02:23:24Z,"[{'id': 5776200343, 'qualifierId': 285}, {'id': 5776200353, 'qualifierId': 233, 'value': '739'}, {'id': 5776200341, 'qualifierId': 56, 'value': 'Left'}]",errir6ade8y91vp5z7v8gkn6y,B. Feist,,Kansas City Current,Home
2823543263,682,49,2,87,19,agxipc0vk4rtg09amjxv10nx0,1,74.0,86.9,2025-06-21T02:00:53.846Z,2025-06-21T02:00:53Z,[],ccw8gtkcahxf21rutqldjvkve,T. Chawinga,,Kansas City Current,Home
2823543283,683,3,2,87,25,agxipc0vk4rtg09amjxv10nx0,1,83.8,90.4,2025-06-21T02:00:59.170Z,2025-06-27T21:21:55Z,"[{'id': 5776200473, 'qualifierId': 233, 'value': '740'}, {'id': 5776200459, 'qualifierId': 56, 'value': 'Left'}, {'id': 5776200461, 'qualifierId': 286}, {'id': 5781988247, 'qualifierId': 464}]",ccw8gtkcahxf21rutqldjvkve,T. Chawinga,,Kansas City Current,Home
2823543281,740,45,2,87,25,6hbfgdczbi3yg4sdpqgtu6s,0,16.2,9.6,2025-06-21T02:00:59.170Z,2025-06-21T02:20:19Z,"[{'id': 5776200477, 'qualifierId': 233, 'value': '683'}, {'id': 5776200457, 'qualifierId': 285}, {'id': 5776200455, 'qualifierId': 56, 'value': 'Back'}]",bnxnrws4yintb6s76erzl9xw5,C. Press,,Angel City,Away
2823543291,684,1,2,87,26,agxipc0vk4rtg09amjxv10nx0,1,79.4,85.9,2025-06-21T02:01:00.646Z,2025-06-21T02:01:02Z,"[{'id': 5776200511, 'qualifierId': 140, 'value': '74.2'}, {'id': 5776200509, 'qualifierId': 56, 'value': 'Center'}, {'id': 5776200513, 'qualifierId': 141, 'value': '72.6'}, {'id': 5776200515, 'qualifierId': 212, 'value': '10.6'}, {'id': 5776200517, 'qualifierId': 213, 'value': '4.17'}]",ccw8gtkcahxf21rutqldjvkve,T. Chawinga,,Kansas City Current,Home
2823543301,685,1,2,87,27,agxipc0vk4rtg09amjxv10nx0,1,73.7,72.6,2025-06-21T02:01:02.110Z,2025-06-21T02:01:05Z,"[{'id': 5776200581, 'qualifierId': 212, 'value': '9.6'}, {'id': 5776200579, 'qualifierId': 141, 'value': '85.5'}, {'id': 5776200575, 'qualifierId': 56, 'value': 'Left'}, {'id': 5776200577, 'qualifierId': 140, 'value': '70.1'}, {'id': 5776200583, 'qualifierId': 213, 'value': '1.98'}]",errir6ade8y91vp5z7v8gkn6y,B. Feist,,Kansas City Current,Home
2823543305,686,1,2,87,31,agxipc0vk4rtg09amjxv10nx0,1,70.2,94.6,2025-06-21T02:01:05.286Z,2025-06-21T02:01:06Z,"[{'id': 5776200591, 'qualifierId': 141, 'value': '95.3'}, {'id': 5776200587, 'qualifierId': 56, 'value': 'Left'}, {'id': 5776200595, 'qualifierId': 213, 'value': '0.22'}, {'id': 5776200589, 'qualifierId': 140, 'value': '72.2'}, {'id': 5776200593, 'qualifierId': 212, 'value': '2.2'}]",6hyf258ii56nw917w0b4ekob8,C. Hutton,,Kansas City Current,Home
2823543309,687,1,2,87,31,agxipc0vk4rtg09amjxv10nx0,0,72.3,95.3,2025-06-21T02:01:06.070Z,2025-06-21T02:18:07Z,"[{'id': 5776200607, 'qualifierId': 212, 'value': '23.2'}, {'id': 5776200601, 'qualifierId': 56, 'value': 'Center'}, {'id': 5776200603, 'qualifierId': 140, 'value': '70.6'}, {'id': 5776200609, 'qualifierId': 213, 'value': '4.64'}, {'id': 5776200605, 'qualifierId': 141, 'value': '61.3'}]",3qk8owv039ppiiev6skkkb52i,H. Hopkins,,Kansas City Current,Home
2824579075,864,49,2,87,33,6hbfgdczbi3yg4sdpqgtu6s,1,33.3,19.6,2025-06-21T02:01:07.635Z,2025-06-27T21:22:59Z,[],as9gd28disfeeiiqxn7gjvg2c,K. Fuller,,Angel City,Away
2823543311,741,1,2,87,34,6hbfgdczbi3yg4sdpqgtu6s,1,32.7,23.1,2025-06-21T02:01:08.788Z,2025-06-21T02:01:10Z,"[{'id': 5776200613, 'qualifierId': 140, 'value': '42.0'}, {'id': 5776200615, 'qualifierId': 141, 'value': '12.6'}, {'id': 5776200619, 'qualifierId': 213, 'value': '5.65'}, {'id': 5776200617, 'qualifierId': 212, 'value': '12.1'}, {'id': 5776200611, 'qualifierId': 56, 'value': 'Back'}]",as9gd28disfeeiiqxn7gjvg2c,K. Fuller,,Angel City,Away
2823543315,742,50,2,87,36,6hbfgdczbi3yg4sdpqgtu6s,1,38.6,19.0,2025-06-21T02:01:10.325Z,2025-06-27T16:52:11Z,"[{'id': 5776200635, 'qualifierId': 56, 'value': 'Back'}, {'id': 5776200661, 'qualifierId': 233, 'value': '688'}, {'id': 5776200637, 'qualifierId': 286}]",dfeohozpw604y5jbu01u1dkkq,A. Thompson,,Angel City,Away
2823543319,688,7,2,87,36,agxipc0vk4rtg09amjxv10nx0,1,61.4,81.0,2025-06-21T02:01:10.326Z,2025-06-27T21:22:50Z,"[{'id': 5776200651, 'qualifierId': 56, 'value': 'Left'}, {'id': 5781988463, 'qualifierId': 384}, {'id': 5781988465, 'qualifierId': 178}, {'id': 5776200657, 'qualifierId': 233, 'value': '742'}, {'id': 5776200653, 'qualifierId': 285}]",736jvvtkgwc3g1vooviaod33d,I. Rodriguez,,Kansas City Current,Home
2823546521,806,49,2,87,38,agxipc0vk4rtg09amjxv10nx0,1,61.5,73.8,2025-06-21T02:01:12.137Z,2025-06-21T02:18:45Z,[],errir6ade8y91vp5z7v8gkn6y,B. Feist,,Kansas City Current,Home
2823543321,689,1,2,87,38,agxipc0vk4rtg09amjxv10nx0,1,65.5,83.2,2025-06-21T02:01:12.743Z,2025-06-21T02:18:29Z,"[{'id': 5776219333, 'qualifierId': 56, 'value': 'Left'}, {'id': 5776219341, 'qualifierId': 213, 'value': '2.60'}, {'id': 5776219335, 'qualifierId': 140, 'value': '60.7'}, {'id': 5776219339, 'qualifierId': 212, 'value': '5.9'}, {'id': 5776219337, 'qualifierId': 141, 'value': '87.7'}]",errir6ade8y91vp5z7v8gkn6y,B. Feist,,Kansas City Current,Home
2823543331,691,4,2,87,40,agxipc0vk4rtg09amjxv10nx0,1,60.4,83.0,2025-06-21T02:01:14.532Z,2025-06-21T02:16:18Z,"[{'id': 5776200717, 'qualifierId': 233, 'value': '743'}, {'id': 5776200701, 'qualifierId': 265}, {'id': 5776200703, 'qualifierId': 286}, {'id': 5776200699, 'qualifierId': 152}, {'id': 5776200695, 'qualifierId': 13}, {'id': 5776200697, 'qualifierId': 56, 'value': 'Left'}]",736jvvtkgwc3g1vooviaod33d,I. Rodriguez,,Kansas City Current,Home
2823543327,743,4,2,87,40,6hbfgdczbi3yg4sdpqgtu6s,0,39.6,17.0,2025-06-21T02:01:14.533Z,2025-06-21T02:16:18Z,"[{'id': 5776200713, 'qualifierId': 285}, {'id': 5776200707, 'qualifierId': 56, 'value': 'Back'}, {'id': 5776200729, 'qualifierId': 233, 'value': '691'}, {'id': 5776200711, 'qualifierId': 265}, {'id': 5776200709, 'qualifierId': 152}, {'id': 5776200705, 'qualifierId': 13}]",dfeohozpw604y5jbu01u1dkkq,A. Thompson,,Angel City,Away
2823543399,692,1,2,87,55,agxipc0vk4rtg09amjxv10nx0,1,55.8,90.1,2025-06-21T02:01:29.494Z,2025-06-21T02:01:30Z,"[{'id': 5776201101, 'qualifierId': 213, 'value': '3.71'}, {'id': 5776201091, 'qualifierId': 152}, {'id': 5776201089, 'qualifierId': 5}, {'id': 5776201093, 'qualifierId': 56, 'value': 'Back'}, {'id': 5776201095, 'qualifierId': 140, 'value': '42.0'}, {'id': 5776201099, 'qualifierId': 212, 'value': '17.2'}, {'id': 5776201097, 'qualifierId': 141, 'value': '76.5'}]",736jvvtkgwc3g1vooviaod33d,I. Rodriguez,,Kansas City Current,Home
2823543405,693,1,2,87,56,agxipc0vk4rtg09amjxv10nx0,1,42.0,76.5,2025-06-21T02:01:30.911Z,2025-06-21T02:01:32Z,"[{'id': 5776201119, 'qualifierId': 56, 'value': 'Back'}, {'id': 5776201127, 'qualifierId': 213, 'value': '4.35'}, {'id': 5776201125, 'qualifierId': 212, 'value': '20.8'}, {'id': 5776201123, 'qualifierId': 141, 'value': '47.9'}, {'id': 5776201121, 'qualifierId': 140, 'value': '34.9'}]",cl1av4qyzjkq03akjof6tdf1m,K. Sharples,,Kansas City Current,Home
2823543413,694,1,2,87,58,agxipc0vk4rtg09amjxv10nx0,1,34.9,47.9,2025-06-21T02:01:32.542Z,2025-06-21T02:01:36Z,"[{'id': 5776201159, 'qualifierId': 141, 'value': '82.5'}, {'id': 5776201161, 'qualifierId': 212, 'value': '23.5'}, {'id': 5776201155, 'qualifierId': 56, 'value': 'Back'}, {'id': 5776201157, 'qualifierId': 140, 'value': '35.5'}, {'id': 5776201163, 'qualifierId': 213, 'value': '1.54'}]",48l2ildbeme2l336nor2hw6lm,E. Ball,,Kansas City Current,Home
2823543431,695,1,2,88,2,agxipc0vk4rtg09amjxv10nx0,1,39.9,89.6,2025-06-21T02:01:36.318Z,2025-06-21T02:01:40Z,"[{'id': 5776201281, 'qualifierId': 213, 'value': '5.84'}, {'id': 5776201277, 'qualifierId': 141, 'value': '76.0'}, {'id': 5776201275, 'qualifierId': 140, 'value': '58.6'}, {'id': 5776201279, 'qualifierId': 212, 'value': '21.7'}, {'id': 5776201273, 'qualifierId': 56, 'value': 'Center'}]",cl1av4qyzjkq03akjof6tdf1m,K. Sharples,,Kansas City Current,Home
2823543447,696,1,2,88,6,agxipc0vk4rtg09amjxv10nx0,1,55.7,70.2,2025-06-21T02:01:40.414Z,2025-06-21T02:01:43Z,"[{'id': 5776201345, 'qualifierId': 56, 'value': 'Center'}, {'id': 5776201351, 'qualifierId': 212, 'value': '24.8'}, {'id': 5776201349, 'qualifierId': 141, 'value': '35.3'}, {'id': 5776201353, 'qualifierId': 213, 'value': '5.01'}, {'id': 5776201347, 'qualifierId': 140, 'value': '62.7'}]",3qk8owv039ppiiev6skkkb52i,H. Hopkins,,Kansas City Current,Home
2823543455,697,1,2,88,8,agxipc0vk4rtg09amjxv10nx0,1,62.6,35.3,2025-06-21T02:01:42.990Z,2025-06-21T02:01:46Z,"[{'id': 5776201401, 'qualifierId': 140, 'value': '77.6'}, {'id': 5776201407, 'qualifierId': 213, 'value': '5.80'}, {'id': 5776201399, 'qualifierId': 56, 'value': 'Center'}, {'id': 5776201403, 'qualifierId': 141, 'value': '23.0'}, {'id': 5776201405, 'qualifierId': 212, 'value': '17.8'}]",errir6ade8y91vp5z7v8gkn6y,B. Feist,,Kansas City Current,Home
2823543457,698,1,2,88,11,agxipc0vk4rtg09amjxv10nx0,0,83.4,24.9,2025-06-21T02:01:45.582Z,2025-06-21T02:01:49Z,"[{'id': 5776201413, 'qualifierId': 140, 'value': '86.4'}, {'id': 5776201419, 'qualifierId': 213, 'value': '1.27'}, {'id': 5776201415, 'qualifierId': 141, 'value': '39.8'}, {'id': 5776201417, 'qualifierId': 212, 'value': '10.6'}, {'id': 5776201411, 'qualifierId': 56, 'value': 'Center'}]",516s5q2n1hop56c1768x0jbh1,N. Prince,,Kansas City Current,Home
2823543469,745,12,2,88,13,6hbfgdczbi3yg4sdpqgtu6s,1,9.5,58.9,2025-06-21T02:01:47.365Z,2025-06-21T02:13:16Z,"[{'id': 5776201483, 'qualifierId': 56, 'value': 'Back'}, {'id': 5776201485, 'qualifierId': 140, 'value': '7.4'}, {'id': 5776201489, 'qualifierId': 212, 'value': '28.7'}, {'id': 5776201487, 'qualifierId': 141, 'value': '100.0'}, {'id': 5776201491, 'qualifierId': 213, 'value': '1.65'}, {'id': 5776213733, 'qualifierId': 167}]",6opd7nuh51c7p6pn6w04yuntg,M. Reid,,Angel City,Away
2823543473,746,43,2,88,15,6hbfgdczbi3yg4sdpqgtu6s,1,0.0,0.0,2025-06-21T02:01:49.172Z,2025-06-21T02:13:17Z,"[{'id': 5776213775, 'qualifierId': 144, 'value': '12'}, {'id': 5776201511, 'qualifierId': 212, 'value': '19.3'}, {'id': 5776201509, 'qualifierId': 141, 'value': '100.0'}, {'id': 5776201505, 'qualifierId': 56, 'value': 'Back'}, {'id': 5776201513, 'qualifierId': 213, 'value': '1.76'}, {'id': 5776201507, 'qualifierId': 140, 'value': '6.0'}, {'id': 5776201531, 'qualifierId': 167, 'value': '0'}]",atvo1d7070tccvlbi8x5rakno,S. Mattice,,Angel City,Away
2823543521,699,5,2,88,16,agxipc0vk4rtg09amjxv10nx0,1,92.8,-1.2,2025-06-21T02:01:50.254Z,2025-06-21T02:21:44Z,"[{'id': 5776201719, 'qualifierId': 347}, {'id': 5776201733, 'qualifierId': 233, 'value': '747'}, {'id': 5776201717, 'qualifierId': 56, 'value': 'Right'}]",516s5q2n1hop56c1768x0jbh1,N. Prince,,Kansas City Current,Home
2823543475,747,5,2,88,16,6hbfgdczbi3yg4sdpqgtu6s,0,7.2,101.2,2025-06-21T02:01:50.254Z,2025-06-21T02:21:44Z,"[{'id': 5776201515, 'qualifierId': 56, 'value': 'Back'}, {'id': 5776201737, 'qualifierId': 233, 'value': '699'}, {'id': 5776201517, 'qualifierId': 347}]",atvo1d7070tccvlbi8x5rakno,S. Mattice,,Angel City,Away
2823543547,701,1,2,88,42,agxipc0vk4rtg09amjxv10nx0,0,91.8,0.0,2025-06-21T02:02:16.886Z,2025-06-21T02:02:18Z,"[{'id': 5776201903, 'qualifierId': 107}, {'id': 5776201911, 'qualifierId': 212, 'value': '18.0'}, {'id': 5776201905, 'qualifierId': 56, 'value': 'Center'}, {'id': 5776201909, 'qualifierId': 141, 'value': '24.5'}, {'id': 5776201913, 'qualifierId': 213, 'value': '1.58'}, {'id': 5776201907, 'qualifierId': 140, 'value': '91.7'}]",9wvoeo39cgbelv8ddqin3aaga,H. Mace,,Kansas City Current,Home
2823543549,748,12,2,88,45,6hbfgdczbi3yg4sdpqgtu6s,1,6.8,83.0,2025-06-21T02:02:20.116Z,2025-06-21T02:02:56Z,"[{'id': 5776201943, 'qualifierId': 212, 'value': '19.6'}, {'id': 5776201945, 'qualifierId': 213, 'value': '5.68'}, {'id': 5776201937, 'qualifierId': 56, 'value': 'Back'}, {'id': 5776201939, 'qualifierId': 140, 'value': '22.2'}, {'id': 5776201959, 'qualifierId': 15}, {'id': 5776201941, 'qualifierId': 141, 'value': '66.7'}]",9ijnmgmapjcnctich86692tw5,K. Zelem,,Angel City,Away
2823543571,702,1,2,88,49,agxipc0vk4rtg09amjxv10nx0,1,77.5,29.3,2025-06-21T02:02:23.637Z,2025-06-21T02:19:04Z,"[{'id': 5776202051, 'qualifierId': 56, 'value': 'Center'}, {'id': 5776202057, 'qualifierId': 212, 'value': '8.1'}, {'id': 5776202053, 'qualifierId': 140, 'value': '70.2'}, {'id': 5776202055, 'qualifierId': 141, 'value': '33.1'}, {'id': 5776202059, 'qualifierId': 213, 'value': '2.82'}]",6hyf258ii56nw917w0b4ekob8,C. Hutton,,Kansas City Current,Home
2823543575,703,1,2,88,50,agxipc0vk4rtg09amjxv10nx0,0,69.2,33.6,2025-06-21T02:02:24.647Z,2025-06-21T02:02:25Z,"[{'id': 5776202069, 'qualifierId': 155}, {'id': 5776202071, 'qualifierId': 56, 'value': 'Right'}, {'id': 5776202077, 'qualifierId': 212, 'value': '29.5'}, {'id': 5776202073, 'qualifierId': 140, 'value': '94.1'}, {'id': 5776202075, 'qualifierId': 141, 'value': '13.5'}, {'id': 5776202079, 'qualifierId': 213, 'value': '5.80'}]",736jvvtkgwc3g1vooviaod33d,I. Rodriguez,,Kansas City Current,Home
2823543583,749,12,2,88,51,6hbfgdczbi3yg4sdpqgtu6s,1,13.1,79.6,2025-06-21T02:02:25.908Z,2025-06-21T02:02:40Z,"[{'id': 5776202103, 'qualifierId': 140, 'value': '30.5'}, {'id': 5776202105, 'qualifierId': 141, 'value': '73.8'}, {'id': 5776202109, 'qualifierId': 213, 'value': '6.07'}, {'id': 5776202107, 'qualifierId': 212, 'value': '18.7'}, {'id': 5776202115, 'qualifierId': 15}, {'id': 5776202101, 'qualifierId': 56, 'value': 'Back'}]",atvo1d7070tccvlbi8x5rakno,S. Mattice,,Angel City,Away
2823543593,704,1,2,88,57,agxipc0vk4rtg09amjxv10nx0,1,68.8,33.1,2025-06-21T02:02:31.718Z,2025-06-21T02:02:36Z,"[{'id': 5776202171, 'qualifierId': 56, 'value': 'Center'}, {'id': 5776202177, 'qualifierId': 212, 'value': '10.4'}, {'id': 5776202175, 'qualifierId': 141, 'value': '22.2'}, {'id': 5776202179, 'qualifierId': 213, 'value': '3.93'}, {'id': 5776202173, 'qualifierId': 140, 'value': '61.8'}]",6k82rq8synvac950ext5t0jpx,R. Rodríguez,,Kansas City Current,Home
2823543619,707,61,2,89,0,agxipc0vk4rtg09amjxv10nx0,1,57.0,27.9,2025-06-21T02:02:34.311Z,2025-06-27T21:25:38Z,"[{'id': 5776202317, 'qualifierId': 56, 'value': 'Center'}]",6hyf258ii56nw917w0b4ekob8,C. Hutton,,Kansas City Current,Home
2823543605,705,1,2,89,2,agxipc0vk4rtg09amjxv10nx0,1,51.3,11.1,2025-06-21T02:02:36.766Z,2025-06-21T02:02:39Z,"[{'id': 5776202241, 'qualifierId': 56, 'value': 'Right'}, {'id': 5776202247, 'qualifierId': 212, 'value': '7.1'}, {'id': 5776202243, 'qualifierId': 140, 'value': '57.2'}, {'id': 5776202245, 'qualifierId': 141, 'value': '6.1'}, {'id': 5776202249, 'qualifierId': 213, 'value': '5.78'}]",48l2ildbeme2l336nor2hw6lm,E. Ball,,Kansas City Current,Home
2823543611,706,1,2,89,4,agxipc0vk4rtg09amjxv10nx0,0,57.3,5.9,2025-06-21T02:02:38.973Z,2025-06-21T02:02:39Z,"[{'id': 5776202279, 'qualifierId': 213, 'value': '0.44'}, {'id': 5776202275, 'qualifierId': 141, 'value': '21.4'}, {'id': 5776202273, 'qualifierId': 140, 'value': '78.8'}, {'id': 5776202271, 'qualifierId': 56, 'value': 'Center'}, {'id': 5776202277, 'qualifierId': 212, 'value': '24.9'}]",9wvoeo39cgbelv8ddqin3aaga,H. Mace,,Kansas City Current,Home
2823543617,750,49,2,89,7,6hbfgdczbi3yg4sdpqgtu6s,1,17.8,82.0,2025-06-21T02:02:41.236Z,2025-06-21T02:02:41Z,[],6opd7nuh51c7p6pn6w04yuntg,M. Reid,,Angel City,Away
2823543635,751,1,2,89,7,6hbfgdczbi3yg4sdpqgtu6s,1,17.8,82.0,2025-06-21T02:02:41.396Z,2025-06-21T02:02:44Z,"[{'id': 5776202361, 'qualifierId': 56, 'value': 'Back'}, {'id': 5776202365, 'qualifierId': 141, 'value': '60.0'}, {'id': 5776202369, 'qualifierId': 213, 'value': '5.30'}, {'id': 5776202363, 'qualifierId': 140, 'value': '27.2'}, {'id': 5776202367, 'qualifierId': 212, 'value': '17.9'}]",6opd7nuh51c7p6pn6w04yuntg,M. Reid,,Angel City,Away
2823543637,752,50,2,89,10,6hbfgdczbi3yg4sdpqgtu6s,1,26.6,53.2,2025-06-21T02:02:44.516Z,2025-06-27T16:52:12Z,"[{'id': 5776202375, 'qualifierId': 285}, {'id': 5776202435, 'qualifierId': 233, 'value': '708'}, {'id': 5776202373, 'qualifierId': 56, 'value': 'Back'}]",8f2og4ng2s6f8qeikft26h2qc,M. Hodge,,Angel City,Away
2823543645,708,7,2,89,10,agxipc0vk4rtg09amjxv10nx0,1,73.4,46.8,2025-06-21T02:02:44.517Z,2025-06-27T21:25:51Z,"[{'id': 5776202415, 'qualifierId': 56, 'value': 'Center'}, {'id': 5776202431, 'qualifierId': 233, 'value': '752'}, {'id': 5781989019, 'qualifierId': 178}, {'id': 5781989017, 'qualifierId': 383}, {'id': 5776202417, 'qualifierId': 286}]",ccw8gtkcahxf21rutqldjvkve,T. Chawinga,,Kansas City Current,Home
2824579167,865,51,2,89,11,6hbfgdczbi3yg4sdpqgtu6s,1,21.7,53.9,2025-06-21T02:02:45.884Z,2025-06-27T21:26:00Z,"[{'id': 5781989023, 'qualifierId': 169, 'value': '710'}]",8f2og4ng2s6f8qeikft26h2qc,M. Hodge,,Angel City,Away
2823543647,709,49,2,89,12,agxipc0vk4rtg09amjxv10nx0,1,73.2,43.9,2025-06-21T02:02:46.742Z,2025-06-27T21:25:55Z,[],ccw8gtkcahxf21rutqldjvkve,T. Chawinga,,Kansas City Current,Home
2823543653,710,15,2,89,13,agxipc0vk4rtg09amjxv10nx0,1,87.2,47.2,2025-06-21T02:02:47.334Z,2025-06-27T21:26:18Z,"[{'id': 5776202767, 'qualifierId': 146, 'value': '98.0'}, {'id': 5781989029, 'qualifierId': 468, 'value': '865'}, {'id': 5776202765, 'qualifierId': 458}, {'id': 5776202451, 'qualifierId': 17}, {'id': 5776202449, 'qualifierId': 22}, {'id': 5776202763, 'qualifierId': 215}, {'id': 5776202761, 'qualifierId': 103, 'value': '30.4'}, {'id': 5776202779, 'qualifierId': 233, 'value': '753'}, {'id': 5776202759, 'qualifierId': 102, 'value': '49.9'}, {'id': 5776202453, 'qualifierId': 56, 'value': 'Center'}, {'id': 5776202769, 'qualifierId': 147, 'value': '49.8'}, {'id': 5776202663, 'qualifierId': 20}, {'id': 5776202757, 'qualifierId': 79}]",ccw8gtkcahxf21rutqldjvkve,T. Chawinga,,Kansas City Current,Home
2823543655,753,10,2,89,13,6hbfgdczbi3yg4sdpqgtu6s,1,2.0,50.7,2025-06-21T02:02:47.434Z,2025-06-27T21:26:22Z,"[{'id': 5776202787, 'qualifierId': 233, 'value': '710'}, {'id': 5776202461, 'qualifierId': 173}, {'id': 5776202495, 'qualifierId': 181}, {'id': 5781989127, 'qualifierId': 378}, {'id': 5776202467, 'qualifierId': 56, 'value': 'Back'}, {'id': 5776202465, 'qualifierId': 182}]",lg9muzm3sbiijicsik53m3je,A. Anderson,,Angel City,Away
2823543657,711,6,2,89,15,agxipc0vk4rtg09amjxv10nx0,1,93.2,47.0,2025-06-21T02:02:49.137Z,2025-06-21T02:16:51Z,"[{'id': 5776202473, 'qualifierId': 75}, {'id': 5776217681, 'qualifierId': 233, 'value': '848'}, {'id': 5776202471, 'qualifierId': 56, 'value': 'Center'}]",ccw8gtkcahxf21rutqldjvkve,T. Chawinga,,Kansas City Current,Home
2823546215,848,6,2,89,15,6hbfgdczbi3yg4sdpqgtu6s,0,6.8,53.0,2025-06-21T02:02:49.137Z,2025-06-27T21:28:25Z,"[{'id': 5776217685, 'qualifierId': 233, 'value': '711'}, {'id': 5776217677, 'qualifierId': 56, 'value': 'Back'}, {'id': 5776217679, 'qualifierId': 73}]",lg9muzm3sbiijicsik53m3je,A. Anderson,,Angel City,Away
2823543737,712,1,2,89,59,agxipc0vk4rtg09amjxv10nx0,1,99.5,0.5,2025-06-21T02:03:33.157Z,2025-06-21T02:03:48Z,"[{'id': 5776202923, 'qualifierId': 6}, {'id': 5776202933, 'qualifierId': 213, 'value': '2.14'}, {'id': 5776202925, 'qualifierId': 56, 'value': 'Right'}, {'id': 5776202929, 'qualifierId': 141, 'value': '4.6'}, {'id': 5776202931, 'qualifierId': 212, 'value': '3.3'}, {'id': 5776202927, 'qualifierId': 140, 'value': '97.8'}]",3qk8owv039ppiiev6skkkb52i,H. Hopkins,,Kansas City Current,Home
2823543741,754,83,2,90,0,6hbfgdczbi3yg4sdpqgtu6s,0,2.2,98.7,2025-06-21T02:03:34.388Z,2025-06-27T21:28:44Z,"[{'id': 5776202967, 'qualifierId': 399, 'value': '516s5q2n1hop56c1768x0jbh1'}]",dfeohozpw604y5jbu01u1dkkq,A. Thompson,,Angel City,Away
2823543835,761,70,2,90,0,6hbfgdczbi3yg4sdpqgtu6s,1,0.0,0.0,2025-06-21T02:03:34.679Z,2025-06-27T21:33:10Z,"[{'id': 5776203365, 'qualifierId': 277, 'value': '10'}]",,,,Angel City,Away
2823543743,714,61,2,90,1,agxipc0vk4rtg09amjxv10nx0,0,97.8,4.6,2025-06-21T02:03:35.557Z,2025-06-27T21:28:46Z,"[{'id': 5776202945, 'qualifierId': 56, 'value': 'Right'}]",516s5q2n1hop56c1768x0jbh1,N. Prince,,Kansas City Current,Home
2823543739,713,43,2,90,1,agxipc0vk4rtg09amjxv10nx0,1,0.0,0.0,2025-06-21T02:03:35.702Z,2025-06-21T02:03:37Z,"[{'id': 5776202937, 'qualifierId': 56, 'value': 'Right'}, {'id': 5776202969, 'qualifierId': 144, 'value': '50'}, {'id': 5776202939, 'qualifierId': 286, 'value': '0'}]",516s5q2n1hop56c1768x0jbh1,N. Prince,,Kansas City Current,Home
2823543747,715,5,2,90,2,agxipc0vk4rtg09amjxv10nx0,0,97.9,-1.6,2025-06-21T02:03:36.967Z,2025-06-21T02:21:44Z,"[{'id': 5776202959, 'qualifierId': 56, 'value': 'Right'}, {'id': 5776202961, 'qualifierId': 347}, {'id': 5776203079, 'qualifierId': 233, 'value': '755'}]",516s5q2n1hop56c1768x0jbh1,N. Prince,,Kansas City Current,Home
2823543765,755,5,2,90,2,6hbfgdczbi3yg4sdpqgtu6s,1,2.1,101.6,2025-06-21T02:03:36.967Z,2025-06-21T02:21:44Z,"[{'id': 5776203049, 'qualifierId': 56, 'value': 'Back'}, {'id': 5776203071, 'qualifierId': 233, 'value': '715'}, {'id': 5776203051, 'qualifierId': 347}]",dfeohozpw604y5jbu01u1dkkq,A. Thompson,,Angel City,Away
2823543789,757,1,2,90,16,6hbfgdczbi3yg4sdpqgtu6s,0,1.3,100.0,2025-06-21T02:03:50.516Z,2025-06-21T02:03:53Z,"[{'id': 5776203187, 'qualifierId': 141, 'value': '92.4'}, {'id': 5776203193, 'qualifierId': 1}, {'id': 5776203189, 'qualifierId': 212, 'value': '36.3'}, {'id': 5776203185, 'qualifierId': 140, 'value': '35.4'}, {'id': 5776203183, 'qualifierId': 56, 'value': 'Back'}, {'id': 5776203181, 'qualifierId': 107}, {'id': 5776203191, 'qualifierId': 213, 'value': '6.12'}]",atvo1d7070tccvlbi8x5rakno,S. Mattice,,Angel City,Away
2823543803,716,1,2,90,20,agxipc0vk4rtg09amjxv10nx0,0,62.5,6.2,2025-06-21T02:03:54.398Z,2025-06-27T21:29:02Z,"[{'id': 5776203221, 'qualifierId': 141, 'value': '7.7'}, {'id': 5776203215, 'qualifierId': 157}, {'id': 5776203219, 'qualifierId': 140, 'value': '77.1'}, {'id': 5776203227, 'qualifierId': 1}, {'id': 5776203217, 'qualifierId': 56, 'value': 'Right'}, {'id': 5776203225, 'qualifierId': 213, 'value': '0.07'}, {'id': 5776203223, 'qualifierId': 212, 'value': '15.4'}]",6k82rq8synvac950ext5t0jpx,R. Rodríguez,,Kansas City Current,Home
2823543807,758,43,2,90,22,6hbfgdczbi3yg4sdpqgtu6s,1,0.0,0.0,2025-06-21T02:03:56.228Z,2025-06-21T02:04:03Z,"[{'id': 5776203351, 'qualifierId': 144, 'value': '49'}]",9ijnmgmapjcnctich86692tw5,K. Zelem,,Angel City,Away
2823543819,759,1,2,90,22,6hbfgdczbi3yg4sdpqgtu6s,0,24.5,85.9,2025-06-21T02:03:56.820Z,2025-06-21T02:04:00Z,"[{'id': 5776203281, 'qualifierId': 157}, {'id': 5776203291, 'qualifierId': 213, 'value': '5.58'}, {'id': 5776203287, 'qualifierId': 141, 'value': '52.5'}, {'id': 5776203289, 'qualifierId': 212, 'value': '35.0'}, {'id': 5776203285, 'qualifierId': 140, 'value': '49.8'}, {'id': 5776203293, 'qualifierId': 1}, {'id': 5776203283, 'qualifierId': 56, 'value': 'Back'}]",9ijnmgmapjcnctich86692tw5,K. Zelem,,Angel City,Away
2823543823,717,44,2,90,25,agxipc0vk4rtg09amjxv10nx0,1,51.6,44.7,2025-06-21T02:04:00.077Z,2025-06-21T02:23:22Z,"[{'id': 5776203303, 'qualifierId': 286}, {'id': 5776203305, 'qualifierId': 233, 'value': '760'}, {'id': 5776203301, 'qualifierId': 56, 'value': 'Center'}]",cl1av4qyzjkq03akjof6tdf1m,K. Sharples,,Kansas City Current,Home
2823543821,760,44,2,90,25,6hbfgdczbi3yg4sdpqgtu6s,0,48.4,55.3,2025-06-21T02:04:00.078Z,2025-06-27T21:32:36Z,"[{'id': 5776203297, 'qualifierId': 56, 'value': 'Back'}, {'id': 5776203321, 'qualifierId': 233, 'value': '717'}, {'id': 5776203299, 'qualifierId': 285}]",bnxnrws4yintb6s76erzl9xw5,C. Press,,Angel City,Away
2823543827,718,1,2,90,26,agxipc0vk4rtg09amjxv10nx0,1,53.7,40.7,2025-06-21T02:04:00.525Z,2025-06-21T02:04:02Z,"[{'id': 5776203331, 'qualifierId': 141, 'value': '55.1'}, {'id': 5776203327, 'qualifierId': 56, 'value': 'Center'}, {'id': 5776203335, 'qualifierId': 213, 'value': '0.49'}, {'id': 5776203333, 'qualifierId': 212, 'value': '20.8'}, {'id': 5776203325, 'qualifierId': 3}, {'id': 5776203329, 'qualifierId': 140, 'value': '71.2'}]",cl1av4qyzjkq03akjof6tdf1m,K. Sharples,,Kansas City Current,Home
2823543831,719,49,2,90,27,agxipc0vk4rtg09amjxv10nx0,1,71.2,55.1,2025-06-21T02:04:02.093Z,2025-06-21T02:04:02Z,[],3qk8owv039ppiiev6skkkb52i,H. Hopkins,,Kansas City Current,Home
2823543839,720,1,2,90,28,agxipc0vk4rtg09amjxv10nx0,1,71.2,55.1,2025-06-21T02:04:02.214Z,2025-06-21T02:04:08Z,"[{'id': 5776203385, 'qualifierId': 56, 'value': 'Right'}, {'id': 5776203389, 'qualifierId': 141, 'value': '15.6'}, {'id': 5776203393, 'qualifierId': 213, 'value': '4.44'}, {'id': 5776203387, 'qualifierId': 140, 'value': '64.0'}, {'id': 5776203391, 'qualifierId': 212, 'value': '27.9'}]",3qk8owv039ppiiev6skkkb52i,H. Hopkins,,Kansas City Current,Home
2823543843,721,1,2,90,34,agxipc0vk4rtg09amjxv10nx0,0,63.5,6.1,2025-06-21T02:04:08.725Z,2025-06-21T02:04:09Z,"[{'id': 5776203415, 'qualifierId': 212, 'value': '2.1'}, {'id': 5776203413, 'qualifierId': 141, 'value': '7.9'}, {'id': 5776203439, 'qualifierId': 236}, {'id': 5776203417, 'qualifierId': 213, 'value': '0.63'}, {'id': 5776203441, 'qualifierId': 233, 'value': '762'}, {'id': 5776203445, 'qualifierId': 286}, {'id': 5776203411, 'qualifierId': 140, 'value': '65.1'}, {'id': 5776203409, 'qualifierId': 56, 'value': 'Right'}]",errir6ade8y91vp5z7v8gkn6y,B. Feist,,Kansas City Current,Home
2823543845,762,74,2,90,34,6hbfgdczbi3yg4sdpqgtu6s,1,32.1,96.2,2025-06-21T02:04:08.726Z,2025-06-21T02:23:25Z,"[{'id': 5776203421, 'qualifierId': 285}, {'id': 5776203419, 'qualifierId': 56, 'value': 'Back'}, {'id': 5776203447, 'qualifierId': 233, 'value': '721'}]",as9gd28disfeeiiqxn7gjvg2c,K. Fuller,,Angel City,Away
2823543895,722,5,2,90,35,agxipc0vk4rtg09amjxv10nx0,1,68.0,-1.2,2025-06-21T02:04:09.604Z,2025-06-21T02:21:45Z,"[{'id': 5776203667, 'qualifierId': 347}, {'id': 5776203665, 'qualifierId': 56, 'value': 'Right'}, {'id': 5776203669, 'qualifierId': 233, 'value': '763'}]",errir6ade8y91vp5z7v8gkn6y,B. Feist,,Kansas City Current,Home
2823543847,763,5,2,90,35,6hbfgdczbi3yg4sdpqgtu6s,0,32.0,101.2,2025-06-21T02:04:09.604Z,2025-06-21T02:21:45Z,"[{'id': 5776203457, 'qualifierId': 347}, {'id': 5776203687, 'qualifierId': 233, 'value': '722'}, {'id': 5776203455, 'qualifierId': 56, 'value': 'Back'}]",as9gd28disfeeiiqxn7gjvg2c,K. Fuller,,Angel City,Away
2823543917,723,1,2,90,52,agxipc0vk4rtg09amjxv10nx0,0,69.9,0.0,2025-06-21T02:04:26.525Z,2025-06-21T02:04:31Z,"[{'id': 5776203787, 'qualifierId': 1}, {'id': 5776203779, 'qualifierId': 140, 'value': '100.0'}, {'id': 5776203775, 'qualifierId': 107}, {'id': 5776203781, 'qualifierId': 141, 'value': '5.2'}, {'id': 5776203783, 'qualifierId': 212, 'value': '33.5'}, {'id': 5776203777, 'qualifierId': 56, 'value': 'Right'}, {'id': 5776203785, 'qualifierId': 213, 'value': '0.15'}]",9wvoeo39cgbelv8ddqin3aaga,H. Mace,,Kansas City Current,Home
2823543923,764,56,2,90,56,6hbfgdczbi3yg4sdpqgtu6s,1,1.4,95.0,2025-06-21T02:04:30.772Z,2025-06-27T21:33:26Z,"[{'id': 5776203817, 'qualifierId': 56, 'value': 'Back'}]",atvo1d7070tccvlbi8x5rakno,S. Mattice,,Angel City,Away
2823543919,724,5,2,90,57,agxipc0vk4rtg09amjxv10nx0,0,101.3,5.6,2025-06-21T02:04:31.807Z,2025-06-21T02:21:45Z,"[{'id': 5776203997, 'qualifierId': 233, 'value': '765'}, {'id': 5776203793, 'qualifierId': 56, 'value': 'Right'}, {'id': 5776203795, 'qualifierId': 346}]",9wvoeo39cgbelv8ddqin3aaga,H. Mace,,Kansas City Current,Home
2823543951,765,5,2,90,57,6hbfgdczbi3yg4sdpqgtu6s,1,-1.3,94.4,2025-06-21T02:04:31.807Z,2025-06-21T02:21:45Z,"[{'id': 5776203979, 'qualifierId': 56, 'value': 'Back'}, {'id': 5776203981, 'qualifierId': 346}, {'id': 5776203993, 'qualifierId': 233, 'value': '724'}]",atvo1d7070tccvlbi8x5rakno,S. Mattice,,Angel City,Away
2823543967,766,1,2,91,8,6hbfgdczbi3yg4sdpqgtu6s,0,4.9,57.9,2025-06-21T02:04:42.165Z,2025-06-21T02:04:45Z,"[{'id': 5776204061, 'qualifierId': 212, 'value': '44.6'}, {'id': 5776204055, 'qualifierId': 56, 'value': 'Back'}, {'id': 5776204059, 'qualifierId': 141, 'value': '69.1'}, {'id': 5776204053, 'qualifierId': 124}, {'id': 5776204067, 'qualifierId': 74}, {'id': 5776204065, 'qualifierId': 1}, {'id': 5776204057, 'qualifierId': 140, 'value': '46.8'}, {'id': 5776204063, 'qualifierId': 213, 'value': '0.17'}]",lg9muzm3sbiijicsik53m3je,A. Anderson,,Angel City,Away
2823543973,725,1,2,91,12,agxipc0vk4rtg09amjxv10nx0,1,55.0,30.9,2025-06-21T02:04:46.526Z,2025-06-21T02:04:48Z,"[{'id': 5776204115, 'qualifierId': 213, 'value': '3.16'}, {'id': 5776204113, 'qualifierId': 212, 'value': '12.6'}, {'id': 5776204107, 'qualifierId': 56, 'value': 'Back'}, {'id': 5776204111, 'qualifierId': 141, 'value': '30.6'}, {'id': 5776204109, 'qualifierId': 140, 'value': '43.0'}, {'id': 5776204105, 'qualifierId': 3}]",516s5q2n1hop56c1768x0jbh1,N. Prince,,Kansas City Current,Home
2823543977,726,1,2,91,14,agxipc0vk4rtg09amjxv10nx0,0,43.0,30.6,2025-06-21T02:04:48.469Z,2025-06-21T02:04:49Z,"[{'id': 5776204143, 'qualifierId': 212, 'value': '18.7'}, {'id': 5776204145, 'qualifierId': 213, 'value': '0.12'}, {'id': 5776204137, 'qualifierId': 56, 'value': 'Center'}, {'id': 5776204139, 'qualifierId': 140, 'value': '60.7'}, {'id': 5776204135, 'qualifierId': 3}, {'id': 5776204141, 'qualifierId': 141, 'value': '33.8'}]",6k82rq8synvac950ext5t0jpx,R. Rodríguez,,Kansas City Current,Home
2823543987,767,1,2,91,18,6hbfgdczbi3yg4sdpqgtu6s,0,40.4,63.3,2025-06-21T02:04:52.179Z,2025-06-21T02:04:54Z,"[{'id': 5776204191, 'qualifierId': 155}, {'id': 5776204201, 'qualifierId': 213, 'value': '6.02'}, {'id': 5776204199, 'qualifierId': 212, 'value': '37.0'}, {'id': 5776204195, 'qualifierId': 140, 'value': '74.4'}, {'id': 5776204203, 'qualifierId': 1}, {'id': 5776204193, 'qualifierId': 56, 'value': 'Center'}, {'id': 5776204197, 'qualifierId': 141, 'value': '49.1'}]",9ijnmgmapjcnctich86692tw5,K. Zelem,,Angel City,Away
2823543993,727,8,2,91,21,agxipc0vk4rtg09amjxv10nx0,1,28.4,54.3,2025-06-21T02:04:55.373Z,2025-06-27T21:33:42Z,"[{'id': 5776204229, 'qualifierId': 15}, {'id': 5781990527, 'qualifierId': 385}, {'id': 5776204221, 'qualifierId': 56, 'value': 'Back'}]",cl1av4qyzjkq03akjof6tdf1m,K. Sharples,,Kansas City Current,Home
2823544001,728,12,2,91,22,agxipc0vk4rtg09amjxv10nx0,1,16.4,31.3,2025-06-21T02:04:56.765Z,2025-06-21T02:16:52Z,"[{'id': 5776204281, 'qualifierId': 140, 'value': '11.0'}, {'id': 5776217717, 'qualifierId': 15}, {'id': 5776204285, 'qualifierId': 212, 'value': '11.6'}, {'id': 5776204283, 'qualifierId': 141, 'value': '16.4'}, {'id': 5776204279, 'qualifierId': 56, 'value': 'Back'}, {'id': 5776204287, 'qualifierId': 213, 'value': '4.20'}]",48l2ildbeme2l336nor2hw6lm,E. Ball,,Kansas City Current,Home
2823544137,735,12,2,91,22,agxipc0vk4rtg09amjxv10nx0,1,8.3,11.1,2025-06-21T02:04:57.044Z,2025-06-21T02:06:01Z,"[{'id': 5776205083, 'qualifierId': 212, 'value': '16.3'}, {'id': 5776205077, 'qualifierId': 56, 'value': 'Back'}, {'id': 5776205085, 'qualifierId': 213, 'value': '5.70'}, {'id': 5776205105, 'qualifierId': 167}, {'id': 5776205079, 'qualifierId': 140, 'value': '21.3'}, {'id': 5776205081, 'qualifierId': 141, 'value': '0.0'}]",9wvoeo39cgbelv8ddqin3aaga,H. Mace,,Kansas City Current,Home
2823544003,729,5,2,91,24,agxipc0vk4rtg09amjxv10nx0,0,25.1,-1.5,2025-06-21T02:04:58.878Z,2025-06-21T02:21:46Z,"[{'id': 5776204293, 'qualifierId': 347}, {'id': 5776204291, 'qualifierId': 56, 'value': 'Back'}, {'id': 5776204353, 'qualifierId': 233, 'value': '768'}]",48l2ildbeme2l336nor2hw6lm,E. Ball,,Kansas City Current,Home
2823544013,768,5,2,91,24,6hbfgdczbi3yg4sdpqgtu6s,1,74.9,101.5,2025-06-21T02:04:58.878Z,2025-06-21T02:21:46Z,"[{'id': 5776204335, 'qualifierId': 233, 'value': '729'}, {'id': 5776204317, 'qualifierId': 347}, {'id': 5776204315, 'qualifierId': 56, 'value': 'Left'}]",9ijnmgmapjcnctich86692tw5,K. Zelem,,Angel City,Away
2823544029,769,1,2,91,26,6hbfgdczbi3yg4sdpqgtu6s,1,75.4,100.0,2025-06-21T02:05:00.835Z,2025-06-21T02:05:04Z,"[{'id': 5776204397, 'qualifierId': 140, 'value': '64.6'}, {'id': 5776204403, 'qualifierId': 213, 'value': '3.92'}, {'id': 5776204393, 'qualifierId': 107}, {'id': 5776204401, 'qualifierId': 212, 'value': '16.0'}, {'id': 5776204395, 'qualifierId': 56, 'value': 'Left'}, {'id': 5776204399, 'qualifierId': 141, 'value': '84.2'}]",atvo1d7070tccvlbi8x5rakno,S. Mattice,,Angel City,Away
2823544039,770,1,2,91,29,6hbfgdczbi3yg4sdpqgtu6s,1,63.8,84.2,2025-06-21T02:05:04.004Z,2025-06-21T02:05:08Z,"[{'id': 5776204481, 'qualifierId': 213, 'value': '4.02'}, {'id': 5776204479, 'qualifierId': 212, 'value': '27.5'}, {'id': 5776204475, 'qualifierId': 140, 'value': '47.2'}, {'id': 5776204473, 'qualifierId': 56, 'value': 'Back'}, {'id': 5776204477, 'qualifierId': 141, 'value': '53.0'}]",9ijnmgmapjcnctich86692tw5,K. Zelem,,Angel City,Away
2823544047,771,1,2,91,34,6hbfgdczbi3yg4sdpqgtu6s,1,47.2,52.2,2025-06-21T02:05:08.356Z,2025-06-21T02:05:10Z,"[{'id': 5776204503, 'qualifierId': 140, 'value': '47.7'}, {'id': 5776204505, 'qualifierId': 141, 'value': '75.0'}, {'id': 5776204509, 'qualifierId': 213, 'value': '1.54'}, {'id': 5776204507, 'qualifierId': 212, 'value': '15.5'}, {'id': 5776204501, 'qualifierId': 56, 'value': 'Back'}]",6bcvcloym3tzxss5hgsw4h1at,A. Kennedy,,Angel City,Away
2823544057,772,1,2,91,36,6hbfgdczbi3yg4sdpqgtu6s,1,47.8,75.9,2025-06-21T02:05:10.692Z,2025-06-21T02:05:16Z,"[{'id': 5776204601, 'qualifierId': 56, 'value': 'Left'}, {'id': 5776204607, 'qualifierId': 212, 'value': '16.0'}, {'id': 5776204605, 'qualifierId': 141, 'value': '93.6'}, {'id': 5776204609, 'qualifierId': 213, 'value': '0.85'}, {'id': 5776204603, 'qualifierId': 140, 'value': '57.9'}]",6opd7nuh51c7p6pn6w04yuntg,M. Reid,,Angel City,Away
2823544061,773,1,2,91,42,6hbfgdczbi3yg4sdpqgtu6s,0,64.0,87.5,2025-06-21T02:05:16.644Z,2025-06-21T02:05:19Z,"[{'id': 5776204633, 'qualifierId': 140, 'value': '91.4'}, {'id': 5776204641, 'qualifierId': 1}, {'id': 5776204629, 'qualifierId': 155}, {'id': 5776204639, 'qualifierId': 213, 'value': '5.54'}, {'id': 5776204635, 'qualifierId': 141, 'value': '48.4'}, {'id': 5776204637, 'qualifierId': 212, 'value': '39.2'}, {'id': 5776204631, 'qualifierId': 56, 'value': 'Center'}]",9ijnmgmapjcnctich86692tw5,K. Zelem,,Angel City,Away
2824579439,815,61,2,91,45,agxipc0vk4rtg09amjxv10nx0,1,12.7,55.6,2025-06-21T02:05:19.311Z,2025-06-27T21:34:29Z,"[{'id': 5781990695, 'qualifierId': 56, 'value': 'Back'}]",cl1av4qyzjkq03akjof6tdf1m,K. Sharples,,Kansas City Current,Home
2823544067,730,12,2,91,46,agxipc0vk4rtg09amjxv10nx0,1,9.6,55.6,2025-06-21T02:05:20.501Z,2025-06-21T02:05:21Z,"[{'id': 5776204665, 'qualifierId': 213, 'value': '5.72'}, {'id': 5776204663, 'qualifierId': 212, 'value': '11.8'}, {'id': 5776204657, 'qualifierId': 56, 'value': 'Back'}, {'id': 5776204661, 'qualifierId': 141, 'value': '46.4'}, {'id': 5776204659, 'qualifierId': 140, 'value': '19.1'}]",736jvvtkgwc3g1vooviaod33d,I. Rodriguez,,Kansas City Current,Home
2823544085,731,12,2,91,47,agxipc0vk4rtg09amjxv10nx0,1,19.1,46.4,2025-06-21T02:05:21.285Z,2025-06-21T02:05:32Z,"[{'id': 5776204787, 'qualifierId': 141, 'value': '49.7'}, {'id': 5776204791, 'qualifierId': 213, 'value': '0.15'}, {'id': 5776204783, 'qualifierId': 56, 'value': 'Back'}, {'id': 5776204785, 'qualifierId': 140, 'value': '33.6'}, {'id': 5776204789, 'qualifierId': 212, 'value': '15.4'}]",cl1av4qyzjkq03akjof6tdf1m,K. Sharples,,Kansas City Current,Home
2823544071,774,1,2,91,47,6hbfgdczbi3yg4sdpqgtu6s,1,72.2,51.3,2025-06-21T02:05:21.908Z,2025-06-21T02:05:24Z,"[{'id': 5776204681, 'qualifierId': 56, 'value': 'Center'}, {'id': 5776204687, 'qualifierId': 212, 'value': '8.5'}, {'id': 5776204689, 'qualifierId': 213, 'value': '5.15'}, {'id': 5776204685, 'qualifierId': 141, 'value': '40.0'}, {'id': 5776204683, 'qualifierId': 140, 'value': '75.6'}]",as9gd28disfeeiiqxn7gjvg2c,K. Fuller,,Angel City,Away
2823544075,775,1,2,91,50,6hbfgdczbi3yg4sdpqgtu6s,1,72.7,47.2,2025-06-21T02:05:24.291Z,2025-06-21T02:05:26Z,"[{'id': 5776204709, 'qualifierId': 56, 'value': 'Center'}, {'id': 5776204711, 'qualifierId': 140, 'value': '75.9'}, {'id': 5776204715, 'qualifierId': 212, 'value': '11.3'}, {'id': 5776204713, 'qualifierId': 141, 'value': '63.1'}, {'id': 5776204717, 'qualifierId': 213, 'value': '1.27'}]",8f2og4ng2s6f8qeikft26h2qc,M. Hodge,,Angel City,Away
2823544079,776,1,2,91,52,6hbfgdczbi3yg4sdpqgtu6s,1,75.9,63.1,2025-06-21T02:05:26.659Z,2025-06-21T02:05:30Z,"[{'id': 5776204747, 'qualifierId': 213, 'value': '0.70'}, {'id': 5776204745, 'qualifierId': 212, 'value': '21.6'}, {'id': 5776204743, 'qualifierId': 141, 'value': '83.5'}, {'id': 5776204741, 'qualifierId': 140, 'value': '91.7'}, {'id': 5776204739, 'qualifierId': 56, 'value': 'Left'}]",9ijnmgmapjcnctich86692tw5,K. Zelem,,Angel City,Away
2823544083,777,1,2,91,55,6hbfgdczbi3yg4sdpqgtu6s,0,93.2,91.6,2025-06-21T02:05:30.083Z,2025-06-27T21:34:57Z,"[{'id': 5781990799, 'qualifierId': 72}, {'id': 5776204767, 'qualifierId': 56, 'value': 'Left'}, {'id': 5776204763, 'qualifierId': 2}, {'id': 5776204769, 'qualifierId': 140, 'value': '94.0'}, {'id': 5776204765, 'qualifierId': 155}, {'id': 5776204771, 'qualifierId': 141, 'value': '83.2'}, {'id': 5781990797, 'qualifierId': 224}, {'id': 5776204773, 'qualifierId': 212, 'value': '5.8'}, {'id': 5776204775, 'qualifierId': 213, 'value': '4.86'}]",atvo1d7070tccvlbi8x5rakno,S. Mattice,,Angel City,Away
2823544089,732,61,2,91,57,agxipc0vk4rtg09amjxv10nx0,1,11.0,18.2,2025-06-21T02:05:32.131Z,2025-06-21T02:05:32Z,"[{'id': 5776204795, 'qualifierId': 56, 'value': 'Back'}]",516s5q2n1hop56c1768x0jbh1,N. Prince,,Kansas City Current,Home
2823544107,778,1,2,91,59,6hbfgdczbi3yg4sdpqgtu6s,1,80.5,64.3,2025-06-21T02:05:33.283Z,2025-06-21T02:09:17Z,"[{'id': 5776204881, 'qualifierId': 56, 'value': 'Center'}, {'id': 5776204887, 'qualifierId': 212, 'value': '12.3'}, {'id': 5776204885, 'qualifierId': 141, 'value': '66.7'}, {'id': 5776204889, 'qualifierId': 213, 'value': '0.13'}, {'id': 5776204883, 'qualifierId': 140, 'value': '92.1'}]",bngif4yqa0asu77nptsb06n10,R. Tiernan,,Angel City,Away
2823544109,779,1,2,92,1,6hbfgdczbi3yg4sdpqgtu6s,0,91.2,66.2,2025-06-21T02:05:35.156Z,2025-06-21T02:12:25Z,"[{'id': 5776209077, 'qualifierId': 141, 'value': '52.3'}, {'id': 5776204897, 'qualifierId': 56, 'value': 'Center'}, {'id': 5776209073, 'qualifierId': 155}, {'id': 5776209075, 'qualifierId': 140, 'value': '98.0'}, {'id': 5776209079, 'qualifierId': 212, 'value': '11.8'}, {'id': 5776209081, 'qualifierId': 213, 'value': '5.36'}]",9ijnmgmapjcnctich86692tw5,K. Zelem,,Angel City,Away
2823544111,733,43,2,92,1,agxipc0vk4rtg09amjxv10nx0,1,0.0,0.0,2025-06-21T02:05:35.256Z,2025-06-21T02:17:14Z,"[{'id': 5776204905, 'qualifierId': 173, 'value': '0'}, {'id': 5776204911, 'qualifierId': 56, 'value': 'Back'}, {'id': 5776204909, 'qualifierId': 182, 'value': '0'}, {'id': 5776204907, 'qualifierId': 178, 'value': '0'}, {'id': 5776217979, 'qualifierId': 144, 'value': '10'}]",das6ydxiwz8trtyp98ss5i295,Lorena,,Kansas City Current,Home
2823544113,734,52,2,92,4,agxipc0vk4rtg09amjxv10nx0,1,2.1,49.6,2025-06-21T02:05:38.716Z,2025-06-27T21:35:26Z,"[{'id': 5781990855, 'qualifierId': 378}]",das6ydxiwz8trtyp98ss5i295,Lorena,,Kansas City Current,Home
2823544141,736,43,2,92,16,agxipc0vk4rtg09amjxv10nx0,1,0.0,0.0,2025-06-21T02:05:50.375Z,2025-06-21T02:05:51Z,"[{'id': 5776205103, 'qualifierId': 347, 'value': '0'}, {'id': 5776205101, 'qualifierId': 56, 'value': 'Back'}, {'id': 5776205121, 'qualifierId': 144, 'value': '5'}]",9wvoeo39cgbelv8ddqin3aaga,H. Mace,,Kansas City Current,Home
2823544181,737,80,2,92,27,agxipc0vk4rtg09amjxv10nx0,0,13.2,44.0,2025-06-21T02:06:01.669Z,2025-06-21T02:06:11Z,"[{'id': 5776205365, 'qualifierId': 189}]",das6ydxiwz8trtyp98ss5i295,Lorena,,Kansas City Current,Home
2823544185,738,1,2,92,28,agxipc0vk4rtg09amjxv10nx0,0,13.2,44.0,2025-06-21T02:06:02.254Z,2025-06-27T21:35:36Z,"[{'id': 5776205343, 'qualifierId': 1}, {'id': 5776205381, 'qualifierId': 189}, {'id': 5776205337, 'qualifierId': 141, 'value': '92.1'}, {'id': 5776205333, 'qualifierId': 56, 'value': 'Left'}, {'id': 5776205329, 'qualifierId': 157}, {'id': 5776205341, 'qualifierId': 213, 'value': '0.57'}, {'id': 5776205335, 'qualifierId': 140, 'value': '61.4'}, {'id': 5776205339, 'qualifierId': 212, 'value': '60.3'}]",das6ydxiwz8trtyp98ss5i295,Lorena,,Kansas City Current,Home
2823544179,780,49,2,92,31,6hbfgdczbi3yg4sdpqgtu6s,1,36.8,4.3,2025-06-21T02:06:05.443Z,2025-06-27T21:36:10Z,[],9b94qn8vkpl0e7ujskes2m7d,M. Moriya,,Angel City,Away
2823544183,781,1,2,92,31,6hbfgdczbi3yg4sdpqgtu6s,1,36.8,4.3,2025-06-21T02:06:05.539Z,2025-06-27T21:36:13Z,"[{'id': 5776205319, 'qualifierId': 140, 'value': '45.0'}, {'id': 5776205321, 'qualifierId': 141, 'value': '23.3'}, {'id': 5776205323, 'qualifierId': 212, 'value': '15.5'}, {'id': 5776205325, 'qualifierId': 213, 'value': '0.98'}, {'id': 5776205317, 'qualifierId': 56, 'value': 'Back'}]",9b94qn8vkpl0e7ujskes2m7d,M. Moriya,,Angel City,Away
2823544193,782,1,2,92,32,6hbfgdczbi3yg4sdpqgtu6s,1,45.0,23.3,2025-06-21T02:06:06.339Z,2025-06-21T02:06:10Z,"[{'id': 5776205391, 'qualifierId': 212, 'value': '12.7'}, {'id': 5776205387, 'qualifierId': 140, 'value': '41.4'}, {'id': 5776205393, 'qualifierId': 213, 'value': '1.87'}, {'id': 5776205389, 'qualifierId': 141, 'value': '41.2'}, {'id': 5776205385, 'qualifierId': 56, 'value': 'Back'}]",8f2og4ng2s6f8qeikft26h2qc,M. Hodge,,Angel City,Away
2823544197,783,1,2,92,35,6hbfgdczbi3yg4sdpqgtu6s,1,45.0,52.8,2025-06-21T02:06:10.019Z,2025-06-21T02:06:12Z,"[{'id': 5776205405, 'qualifierId': 212, 'value': '19.0'}, {'id': 5776205403, 'qualifierId': 141, 'value': '80.6'}, {'id': 5776205399, 'qualifierId': 56, 'value': 'Back'}, {'id': 5776205407, 'qualifierId': 213, 'value': '1.45'}, {'id': 5776205401, 'qualifierId': 140, 'value': '47.1'}]",9ijnmgmapjcnctich86692tw5,K. Zelem,,Angel City,Away
2823544205,784,1,2,92,38,6hbfgdczbi3yg4sdpqgtu6s,1,53.5,84.5,2025-06-21T02:06:12.499Z,2025-06-21T02:06:15Z,"[{'id': 5776205447, 'qualifierId': 212, 'value': '11.6'}, {'id': 5776205445, 'qualifierId': 141, 'value': '70.2'}, {'id': 5776205449, 'qualifierId': 213, 'value': '4.13'}, {'id': 5776205443, 'qualifierId': 140, 'value': '47.4'}, {'id': 5776205441, 'qualifierId': 56, 'value': 'Back'}]",atvo1d7070tccvlbi8x5rakno,S. Mattice,,Angel City,Away
2823544207,785,1,2,92,41,6hbfgdczbi3yg4sdpqgtu6s,0,46.3,73.3,2025-06-21T02:06:15.379Z,2025-06-21T02:06:15Z,"[{'id': 5776205461, 'qualifierId': 141, 'value': '74.8'}, {'id': 5776205459, 'qualifierId': 140, 'value': '48.8'}, {'id': 5776205463, 'qualifierId': 212, 'value': '2.8'}, {'id': 5776205457, 'qualifierId': 56, 'value': 'Back'}, {'id': 5776205465, 'qualifierId': 213, 'value': '0.37'}]",9ijnmgmapjcnctich86692tw5,K. Zelem,,Angel City,Away
2823544213,739,61,2,92,43,agxipc0vk4rtg09amjxv10nx0,1,52.2,21.4,2025-06-21T02:06:17.340Z,2025-06-21T02:06:22Z,"[{'id': 5776205487, 'qualifierId': 56, 'value': 'Center'}]",errir6ade8y91vp5z7v8gkn6y,B. Feist,,Kansas City Current,Home
2823544223,786,3,2,92,44,6hbfgdczbi3yg4sdpqgtu6s,0,60.4,68.8,2025-06-21T02:06:19.091Z,2025-06-27T21:36:32Z,"[{'id': 5776205537, 'qualifierId': 233, 'value': '740'}, {'id': 5776205527, 'qualifierId': 286}, {'id': 5781991033, 'qualifierId': 465}, {'id': 5776205525, 'qualifierId': 56, 'value': 'Center'}]",as9gd28disfeeiiqxn7gjvg2c,K. Fuller,,Angel City,Away
2823544219,740,7,2,92,44,agxipc0vk4rtg09amjxv10nx0,0,39.6,31.2,2025-06-21T02:06:19.092Z,2025-06-27T21:36:35Z,"[{'id': 5781991035, 'qualifierId': 385}, {'id': 5776205533, 'qualifierId': 233, 'value': '786'}, {'id': 5776205515, 'qualifierId': 285}, {'id': 5781991037, 'qualifierId': 178}, {'id': 5776205513, 'qualifierId': 56, 'value': 'Back'}]",6k82rq8synvac950ext5t0jpx,R. Rodríguez,,Kansas City Current,Home
2823544231,787,1,2,92,46,6hbfgdczbi3yg4sdpqgtu6s,1,62.4,58.1,2025-06-21T02:06:20.739Z,2025-06-21T02:06:22Z,"[{'id': 5776205591, 'qualifierId': 140, 'value': '53.8'}, {'id': 5776205593, 'qualifierId': 141, 'value': '57.8'}, {'id': 5776205589, 'qualifierId': 56, 'value': 'Center'}, {'id': 5776205595, 'qualifierId': 212, 'value': '9.0'}, {'id': 5776205597, 'qualifierId': 213, 'value': '3.16'}]",8f2og4ng2s6f8qeikft26h2qc,M. Hodge,,Angel City,Away
2823544233,788,50,2,92,48,6hbfgdczbi3yg4sdpqgtu6s,1,54.8,54.2,2025-06-21T02:06:22.516Z,2025-06-27T16:52:13Z,"[{'id': 5776205601, 'qualifierId': 56, 'value': 'Center'}, {'id': 5776205643, 'qualifierId': 233, 'value': '741'}, {'id': 5776205603, 'qualifierId': 286}]",9ijnmgmapjcnctich86692tw5,K. Zelem,,Angel City,Away
2823544239,741,7,2,92,48,agxipc0vk4rtg09amjxv10nx0,1,45.2,45.8,2025-06-21T02:06:22.517Z,2025-06-27T21:36:46Z,"[{'id': 5776205631, 'qualifierId': 56, 'value': 'Back'}, {'id': 5781991089, 'qualifierId': 383}, {'id': 5781991091, 'qualifierId': 178}, {'id': 5776205635, 'qualifierId': 233, 'value': '788'}, {'id': 5776205633, 'qualifierId': 285}]",ccw8gtkcahxf21rutqldjvkve,T. Chawinga,,Kansas City Current,Home
2823544241,742,49,2,92,49,agxipc0vk4rtg09amjxv10nx0,1,46.2,60.3,2025-06-21T02:06:23.837Z,2025-06-21T02:06:24Z,[],ccw8gtkcahxf21rutqldjvkve,T. Chawinga,,Kansas City Current,Home
2823544247,789,43,2,92,51,6hbfgdczbi3yg4sdpqgtu6s,1,0.0,0.0,2025-06-21T02:06:25.843Z,2025-06-21T02:06:41Z,"[{'id': 5776205941, 'qualifierId': 144, 'value': '51'}, {'id': 5776205661, 'qualifierId': 169, 'value': '-1'}]",9ijnmgmapjcnctich86692tw5,K. Zelem,,Angel City,Away
2823544257,743,3,2,92,57,agxipc0vk4rtg09amjxv10nx0,0,86.8,39.2,2025-06-21T02:06:31.204Z,2025-06-27T21:36:58Z,"[{'id': 5776205755, 'qualifierId': 286}, {'id': 5776205753, 'qualifierId': 56, 'value': 'Center'}, {'id': 5781991119, 'qualifierId': 465}, {'id': 5776205809, 'qualifierId': 233, 'value': '790'}]",ccw8gtkcahxf21rutqldjvkve,T. Chawinga,,Kansas City Current,Home
2823544265,790,7,2,92,57,6hbfgdczbi3yg4sdpqgtu6s,1,13.2,60.8,2025-06-21T02:06:31.205Z,2025-06-27T21:37:01Z,"[{'id': 5776205803, 'qualifierId': 233, 'value': '743'}, {'id': 5781991123, 'qualifierId': 389}, {'id': 5781991121, 'qualifierId': 385}, {'id': 5776205875, 'qualifierId': 14}, {'id': 5776205785, 'qualifierId': 167}, {'id': 5776205789, 'qualifierId': 285}, {'id': 5776205787, 'qualifierId': 56, 'value': 'Back'}]",6opd7nuh51c7p6pn6w04yuntg,M. Reid,,Angel City,Away
2823544337,744,5,2,92,59,agxipc0vk4rtg09amjxv10nx0,1,96.0,-1.4,2025-06-21T02:06:33.602Z,2025-06-21T02:25:05Z,"[{'id': 5776226521, 'qualifierId': 347}, {'id': 5776206205, 'qualifierId': 56, 'value': 'Right'}, {'id': 5776206209, 'qualifierId': 233, 'value': '791'}]",ccw8gtkcahxf21rutqldjvkve,T. Chawinga,,Kansas City Current,Home
2823544267,791,5,2,92,59,6hbfgdczbi3yg4sdpqgtu6s,0,4.0,101.4,2025-06-21T02:06:33.602Z,2025-06-21T02:25:05Z,"[{'id': 5776206259, 'qualifierId': 233, 'value': '744'}, {'id': 5776226523, 'qualifierId': 347}, {'id': 5776205845, 'qualifierId': 56, 'value': 'Back'}]",6opd7nuh51c7p6pn6w04yuntg,M. Reid,,Angel City,Away
2823544347,745,1,2,93,29,agxipc0vk4rtg09amjxv10nx0,0,93.1,0.0,2025-06-21T02:07:04.076Z,2025-06-21T02:07:58Z,"[{'id': 5776207529, 'qualifierId': 107}, {'id': 5776206281, 'qualifierId': 56, 'value': 'Right'}, {'id': 5776206283, 'qualifierId': 140, 'value': '78.8'}, {'id': 5776206285, 'qualifierId': 141, 'value': '4.4'}, {'id': 5776206289, 'qualifierId': 213, 'value': '2.89'}, {'id': 5776206287, 'qualifierId': 212, 'value': '15.5'}]",516s5q2n1hop56c1768x0jbh1,N. Prince,,Kansas City Current,Home
2823544389,746,43,2,93,33,agxipc0vk4rtg09amjxv10nx0,1,0.0,0.0,2025-06-21T02:07:07.644Z,2025-06-21T02:07:55Z,"[{'id': 5776206523, 'qualifierId': 347, 'value': '0'}, {'id': 5776206521, 'qualifierId': 56, 'value': 'Right'}, {'id': 5776207491, 'qualifierId': 144, 'value': '5'}]",516s5q2n1hop56c1768x0jbh1,N. Prince,,Kansas City Current,Home
2823544353,792,43,2,93,33,6hbfgdczbi3yg4sdpqgtu6s,1,0.0,0.0,2025-06-21T02:07:07.907Z,2025-06-21T02:07:43Z,"[{'id': 5776206315, 'qualifierId': 56, 'value': 'Back'}, {'id': 5776207211, 'qualifierId': 144, 'value': '8'}]",atvo1d7070tccvlbi8x5rakno,S. Mattice,,Angel City,Away
2823544395,747,2,2,93,37,agxipc0vk4rtg09amjxv10nx0,1,84.2,4.0,2025-06-21T02:07:11.857Z,2025-06-21T02:16:20Z,"[{'id': 5776206571, 'qualifierId': 56, 'value': 'Right'}, {'id': 5776206569, 'qualifierId': 7, 'value': '516s5q2n1hop56c1768x0jbh1'}, {'id': 5776206553, 'qualifierId': 140, 'value': '91.9'}, {'id': 5776206555, 'qualifierId': 141, 'value': '3.2'}]",errir6ade8y91vp5z7v8gkn6y,B. Feist,,Kansas City Current,Home
2823544369,793,55,2,93,37,6hbfgdczbi3yg4sdpqgtu6s,1,7.4,65.6,2025-06-21T02:07:11.858Z,2025-06-27T21:39:22Z,"[{'id': 5781991495, 'qualifierId': 189}]",6opd7nuh51c7p6pn6w04yuntg,M. Reid,,Angel City,Away
2823544401,794,1,2,93,41,6hbfgdczbi3yg4sdpqgtu6s,0,5.2,97.1,2025-06-21T02:07:15.571Z,2025-06-21T02:08:47Z,"[{'id': 5776206579, 'qualifierId': 241}, {'id': 5776206575, 'qualifierId': 5}, {'id': 5776206587, 'qualifierId': 212, 'value': '76.6'}, {'id': 5776206589, 'qualifierId': 213, 'value': '6.02'}, {'id': 5776206585, 'qualifierId': 141, 'value': '67.8'}, {'id': 5776206577, 'qualifierId': 157}, {'id': 5776206583, 'qualifierId': 140, 'value': '75.6'}, {'id': 5776206581, 'qualifierId': 56, 'value': 'Center'}, {'id': 5776206591, 'qualifierId': 1}, {'id': 5776208481, 'qualifierId': 189}]",atvo1d7070tccvlbi8x5rakno,S. Mattice,,Angel City,Away
2823544413,748,59,2,93,48,agxipc0vk4rtg09amjxv10nx0,1,26.5,37.8,2025-06-21T02:07:22.788Z,2025-06-21T02:07:23Z,"[{'id': 5776206651, 'qualifierId': 56, 'value': 'Back'}]",das6ydxiwz8trtyp98ss5i295,Lorena,,Kansas City Current,Home
2823544421,749,1,2,93,49,agxipc0vk4rtg09amjxv10nx0,0,26.5,37.8,2025-06-21T02:07:23.597Z,2025-06-21T02:07:25Z,"[{'id': 5776206671, 'qualifierId': 157}, {'id': 5776206681, 'qualifierId': 213, 'value': '0.03'}, {'id': 5776206677, 'qualifierId': 141, 'value': '39.0'}, {'id': 5776206683, 'qualifierId': 1}, {'id': 5776206675, 'qualifierId': 140, 'value': '54.2'}, {'id': 5776206679, 'qualifierId': 212, 'value': '29.1'}, {'id': 5776206673, 'qualifierId': 56, 'value': 'Center'}]",das6ydxiwz8trtyp98ss5i295,Lorena,,Kansas City Current,Home
2823544433,795,1,2,93,51,6hbfgdczbi3yg4sdpqgtu6s,0,48.3,56.7,2025-06-21T02:07:25.971Z,2025-06-21T02:07:29Z,"[{'id': 5776206737, 'qualifierId': 212, 'value': '18.7'}, {'id': 5776206735, 'qualifierId': 141, 'value': '61.5'}, {'id': 5776206739, 'qualifierId': 213, 'value': '0.18'}, {'id': 5776206729, 'qualifierId': 3}, {'id': 5776206733, 'qualifierId': 140, 'value': '65.8'}, {'id': 5776206731, 'qualifierId': 56, 'value': 'Center'}]",8f2og4ng2s6f8qeikft26h2qc,M. Hodge,,Angel City,Away
2823544431,750,44,2,93,53,agxipc0vk4rtg09amjxv10nx0,1,34.3,40.0,2025-06-21T02:07:27.708Z,2025-06-21T02:23:22Z,"[{'id': 5776206767, 'qualifierId': 233, 'value': '796'}, {'id': 5776206725, 'qualifierId': 56, 'value': 'Back'}, {'id': 5776206727, 'qualifierId': 285}]",6k82rq8synvac950ext5t0jpx,R. Rodríguez,,Kansas City Current,Home
2823544437,796,44,2,93,53,6hbfgdczbi3yg4sdpqgtu6s,0,65.7,60.0,2025-06-21T02:07:27.709Z,2025-06-21T02:23:22Z,"[{'id': 5776206755, 'qualifierId': 56, 'value': 'Center'}, {'id': 5776206757, 'qualifierId': 286}, {'id': 5776206771, 'qualifierId': 233, 'value': '750'}]",bnxnrws4yintb6s76erzl9xw5,C. Press,,Angel City,Away
2823544441,751,1,2,93,54,agxipc0vk4rtg09amjxv10nx0,1,34.5,42.5,2025-06-21T02:07:29.100Z,2025-06-27T21:39:45Z,"[{'id': 5776206775, 'qualifierId': 3}, {'id': 5776206779, 'qualifierId': 140, 'value': '45.0'}, {'id': 5776206781, 'qualifierId': 141, 'value': '60.7'}, {'id': 5776206785, 'qualifierId': 213, 'value': '0.84'}, {'id': 5776206777, 'qualifierId': 56, 'value': 'Back'}, {'id': 5776206783, 'qualifierId': 212, 'value': '16.6'}]",6k82rq8synvac950ext5t0jpx,R. Rodríguez,,Kansas City Current,Home
2823544447,752,49,2,93,56,agxipc0vk4rtg09amjxv10nx0,1,45.5,58.8,2025-06-21T02:07:31.092Z,2025-06-21T02:07:31Z,[],3qk8owv039ppiiev6skkkb52i,H. Hopkins,,Kansas City Current,Home
2823544481,753,1,2,93,57,agxipc0vk4rtg09amjxv10nx0,1,45.5,58.8,2025-06-21T02:07:31.344Z,2025-06-21T02:07:39Z,"[{'id': 5776207051, 'qualifierId': 141, 'value': '86.0'}, {'id': 5776207049, 'qualifierId': 140, 'value': '35.6'}, {'id': 5776207055, 'qualifierId': 213, 'value': '2.08'}, {'id': 5776207047, 'qualifierId': 56, 'value': 'Back'}, {'id': 5776207053, 'qualifierId': 212, 'value': '21.2'}]",3qk8owv039ppiiev6skkkb52i,H. Hopkins,,Kansas City Current,Home
2823544491,754,1,2,94,5,agxipc0vk4rtg09amjxv10nx0,1,44.8,91.1,2025-06-21T02:07:39.172Z,2025-06-21T02:07:41Z,"[{'id': 5776207127, 'qualifierId': 141, 'value': '71.8'}, {'id': 5776207131, 'qualifierId': 213, 'value': '3.95'}, {'id': 5776207129, 'qualifierId': 212, 'value': '18.1'}, {'id': 5776207125, 'qualifierId': 140, 'value': '32.9'}, {'id': 5776207123, 'qualifierId': 56, 'value': 'Back'}]",736jvvtkgwc3g1vooviaod33d,I. Rodriguez,,Kansas City Current,Home
2823544507,755,1,2,94,7,agxipc0vk4rtg09amjxv10nx0,1,30.9,72.3,2025-06-21T02:07:41.396Z,2025-06-21T02:07:45Z,"[{'id': 5776207281, 'qualifierId': 56, 'value': 'Back'}, {'id': 5776207283, 'qualifierId': 140, 'value': '43.1'}, {'id': 5776207289, 'qualifierId': 213, 'value': '0.57'}, {'id': 5776207285, 'qualifierId': 141, 'value': '84.5'}, {'id': 5776207287, 'qualifierId': 212, 'value': '15.3'}]",cl1av4qyzjkq03akjof6tdf1m,K. Sharples,,Kansas City Current,Home
2823544509,756,1,2,94,11,agxipc0vk4rtg09amjxv10nx0,1,43.1,84.5,2025-06-21T02:07:45.460Z,2025-06-21T02:07:46Z,"[{'id': 5776207301, 'qualifierId': 213, 'value': '1.84'}, {'id': 5776207297, 'qualifierId': 141, 'value': '98.6'}, {'id': 5776207293, 'qualifierId': 56, 'value': 'Back'}, {'id': 5776207299, 'qualifierId': 212, 'value': '9.9'}, {'id': 5776207295, 'qualifierId': 140, 'value': '40.6'}]",6hyf258ii56nw917w0b4ekob8,C. Hutton,,Kansas City Current,Home
2823544521,757,1,2,94,12,agxipc0vk4rtg09amjxv10nx0,1,40.4,98.6,2025-06-21T02:07:46.245Z,2025-06-21T02:07:49Z,"[{'id': 5776207381, 'qualifierId': 56, 'value': 'Center'}, {'id': 5776207383, 'qualifierId': 140, 'value': '60.4'}, {'id': 5776207385, 'qualifierId': 141, 'value': '73.1'}, {'id': 5776207389, 'qualifierId': 213, 'value': '5.59'}, {'id': 5776207387, 'qualifierId': 212, 'value': '27.2'}]",736jvvtkgwc3g1vooviaod33d,I. Rodriguez,,Kansas City Current,Home
2824579581,816,3,2,94,13,agxipc0vk4rtg09amjxv10nx0,0,65.5,72.9,2025-06-21T02:07:47.885Z,2025-06-27T21:40:18Z,"[{'id': 5781991687, 'qualifierId': 56, 'value': 'Center'}, {'id': 5781991691, 'qualifierId': 465}, {'id': 5781991689, 'qualifierId': 286}, {'id': 5781991693, 'qualifierId': 467, 'value': '9ijnmgmapjcnctich86692tw5'}]",ccw8gtkcahxf21rutqldjvkve,T. Chawinga,,Kansas City Current,Home
2823544523,758,4,2,94,14,agxipc0vk4rtg09amjxv10nx0,1,58.6,73.0,2025-06-21T02:07:49.036Z,2025-06-21T02:16:19Z,"[{'id': 5776207397, 'qualifierId': 152}, {'id': 5776207399, 'qualifierId': 265}, {'id': 5776207395, 'qualifierId': 56, 'value': 'Center'}, {'id': 5776207477, 'qualifierId': 233, 'value': '797'}, {'id': 5776207393, 'qualifierId': 13}, {'id': 5776207401, 'qualifierId': 286}]",ccw8gtkcahxf21rutqldjvkve,T. Chawinga,,Kansas City Current,Home
2823544531,797,4,2,94,14,6hbfgdczbi3yg4sdpqgtu6s,0,41.4,27.0,2025-06-21T02:07:49.037Z,2025-06-21T02:16:19Z,"[{'id': 5776207475, 'qualifierId': 285}, {'id': 5776207481, 'qualifierId': 233, 'value': '758'}, {'id': 5776207473, 'qualifierId': 265}, {'id': 5776207467, 'qualifierId': 13}, {'id': 5776207471, 'qualifierId': 152}, {'id': 5776207469, 'qualifierId': 56, 'value': 'Back'}]",9ijnmgmapjcnctich86692tw5,K. Zelem,,Angel City,Away
2823544593,759,1,2,94,39,agxipc0vk4rtg09amjxv10nx0,1,59.9,65.2,2025-06-21T02:08:13.667Z,2025-06-27T21:40:41Z,"[{'id': 5776207835, 'qualifierId': 213, 'value': '3.03'}, {'id': 5776207823, 'qualifierId': 5}, {'id': 5776207833, 'qualifierId': 212, 'value': '20.4'}, {'id': 5776207825, 'qualifierId': 152}, {'id': 5776207829, 'qualifierId': 140, 'value': '40.6'}, {'id': 5776207827, 'qualifierId': 56, 'value': 'Back'}, {'id': 5776207831, 'qualifierId': 141, 'value': '68.4'}, {'id': 5781991809, 'qualifierId': 189}]",6hyf258ii56nw917w0b4ekob8,C. Hutton,,Kansas City Current,Home
2823544599,760,1,2,94,41,agxipc0vk4rtg09amjxv10nx0,1,40.6,68.4,2025-06-21T02:08:15.372Z,2025-06-27T21:40:47Z,"[{'id': 5776207853, 'qualifierId': 1}, {'id': 5776207843, 'qualifierId': 56, 'value': 'Left'}, {'id': 5776207845, 'qualifierId': 140, 'value': '72.3'}, {'id': 5776207851, 'qualifierId': 213, 'value': '0.38'}, {'id': 5776207849, 'qualifierId': 212, 'value': '35.9'}, {'id': 5781991837, 'qualifierId': 155}, {'id': 5776207847, 'qualifierId': 141, 'value': '88.1'}]",cl1av4qyzjkq03akjof6tdf1m,K. Sharples,,Kansas City Current,Home
2823544613,761,1,2,94,42,agxipc0vk4rtg09amjxv10nx0,1,72.3,88.1,2025-06-21T02:08:16.316Z,2025-06-21T02:08:18Z,"[{'id': 5776207903, 'qualifierId': 212, 'value': '9.7'}, {'id': 5776207895, 'qualifierId': 3}, {'id': 5776207899, 'qualifierId': 140, 'value': '71.9'}, {'id': 5776207905, 'qualifierId': 213, 'value': '4.67'}, {'id': 5776207897, 'qualifierId': 56, 'value': 'Center'}, {'id': 5776207901, 'qualifierId': 141, 'value': '73.8'}]",3qk8owv039ppiiev6skkkb52i,H. Hopkins,,Kansas City Current,Home
2823544619,762,1,2,94,44,agxipc0vk4rtg09amjxv10nx0,1,71.0,69.1,2025-06-21T02:08:18.676Z,2025-06-21T02:08:20Z,"[{'id': 5776207921, 'qualifierId': 56, 'value': 'Center'}, {'id': 5776207927, 'qualifierId': 212, 'value': '5.1'}, {'id': 5776207923, 'qualifierId': 140, 'value': '67.9'}, {'id': 5776207925, 'qualifierId': 141, 'value': '74.8'}, {'id': 5776207929, 'qualifierId': 213, 'value': '2.27'}]",ccw8gtkcahxf21rutqldjvkve,T. Chawinga,,Kansas City Current,Home
2823544633,763,1,2,94,46,agxipc0vk4rtg09amjxv10nx0,1,68.3,76.8,2025-06-21T02:08:20.563Z,2025-06-21T02:08:26Z,"[{'id': 5776208021, 'qualifierId': 140, 'value': '60.3'}, {'id': 5776208025, 'qualifierId': 212, 'value': '14.6'}, {'id': 5776208023, 'qualifierId': 141, 'value': '94.4'}, {'id': 5776208019, 'qualifierId': 56, 'value': 'Left'}, {'id': 5776208027, 'qualifierId': 213, 'value': '2.18'}]",6hyf258ii56nw917w0b4ekob8,C. Hutton,,Kansas City Current,Home
2823544637,764,1,2,94,52,agxipc0vk4rtg09amjxv10nx0,0,61.4,94.4,2025-06-21T02:08:26.364Z,2025-06-21T02:08:27Z,"[{'id': 5776208047, 'qualifierId': 140, 'value': '77.4'}, {'id': 5776208053, 'qualifierId': 213, 'value': '5.82'}, {'id': 5776208051, 'qualifierId': 212, 'value': '18.8'}, {'id': 5776208049, 'qualifierId': 141, 'value': '82.0'}, {'id': 5776208045, 'qualifierId': 56, 'value': 'Left'}, {'id': 5776208043, 'qualifierId': 155}]",736jvvtkgwc3g1vooviaod33d,I. Rodriguez,,Kansas City Current,Home
2823544643,798,12,2,94,54,6hbfgdczbi3yg4sdpqgtu6s,1,22.0,19.4,2025-06-21T02:08:28.883Z,2025-06-21T02:08:29Z,"[{'id': 5776208085, 'qualifierId': 140, 'value': '32.3'}, {'id': 5776208089, 'qualifierId': 212, 'value': '11.8'}, {'id': 5776208083, 'qualifierId': 56, 'value': 'Back'}, {'id': 5776208097, 'qualifierId': 15}, {'id': 5776208091, 'qualifierId': 213, 'value': '0.40'}, {'id': 5776208087, 'qualifierId': 141, 'value': '26.2'}]",9b94qn8vkpl0e7ujskes2m7d,M. Moriya,,Angel City,Away
2823544653,799,50,2,94,56,6hbfgdczbi3yg4sdpqgtu6s,1,30.6,20.2,2025-06-21T02:08:30.979Z,2025-06-21T02:08:35Z,"[{'id': 5776208149, 'qualifierId': 285}, {'id': 5776208201, 'qualifierId': 233, 'value': '765'}, {'id': 5776208147, 'qualifierId': 56, 'value': 'Back'}]",9ijnmgmapjcnctich86692tw5,K. Zelem,,Angel City,Away
2823544659,765,7,2,94,56,agxipc0vk4rtg09amjxv10nx0,1,69.4,79.8,2025-06-21T02:08:30.980Z,2025-06-27T21:41:15Z,"[{'id': 5781991939, 'qualifierId': 178}, {'id': 5776208181, 'qualifierId': 286}, {'id': 5781991937, 'qualifierId': 383}, {'id': 5776208179, 'qualifierId': 56, 'value': 'Left'}, {'id': 5776208183, 'qualifierId': 233, 'value': '799'}, {'id': 5776208177, 'qualifierId': 167}]",errir6ade8y91vp5z7v8gkn6y,B. Feist,,Kansas City Current,Home
2823544667,766,5,2,94,58,agxipc0vk4rtg09amjxv10nx0,0,68.9,101.8,2025-06-21T02:08:32.821Z,2025-06-21T02:21:47Z,"[{'id': 5776208249, 'qualifierId': 347}, {'id': 5776208491, 'qualifierId': 233, 'value': '800'}, {'id': 5776208247, 'qualifierId': 56, 'value': 'Left'}]",errir6ade8y91vp5z7v8gkn6y,B. Feist,,Kansas City Current,Home
2823544705,800,5,2,94,58,6hbfgdczbi3yg4sdpqgtu6s,1,31.1,-1.8,2025-06-21T02:08:32.821Z,2025-06-21T02:21:47Z,"[{'id': 5776208483, 'qualifierId': 233, 'value': '766'}, {'id': 5776208475, 'qualifierId': 347}, {'id': 5776208473, 'qualifierId': 56, 'value': 'Back'}]",9ijnmgmapjcnctich86692tw5,K. Zelem,,Angel City,Away
2823544735,801,1,2,95,20,6hbfgdczbi3yg4sdpqgtu6s,1,30.4,0.0,2025-06-21T02:08:54.467Z,2025-06-21T02:08:55Z,"[{'id': 5776208671, 'qualifierId': 56, 'value': 'Back'}, {'id': 5776208669, 'qualifierId': 107}, {'id': 5776208679, 'qualifierId': 213, 'value': '1.12'}, {'id': 5776208675, 'qualifierId': 141, 'value': '8.9'}, {'id': 5776208673, 'qualifierId': 140, 'value': '33.7'}, {'id': 5776208677, 'qualifierId': 212, 'value': '8.0'}]",9b94qn8vkpl0e7ujskes2m7d,M. Moriya,,Angel City,Away
2823544737,802,1,2,95,21,6hbfgdczbi3yg4sdpqgtu6s,1,33.7,8.9,2025-06-21T02:08:55.219Z,2025-06-21T02:08:56Z,"[{'id': 5776208691, 'qualifierId': 56, 'value': 'Back'}, {'id': 5776208697, 'qualifierId': 212, 'value': '7.0'}, {'id': 5776208703, 'qualifierId': 156}, {'id': 5776208693, 'qualifierId': 140, 'value': '28.0'}, {'id': 5776208695, 'qualifierId': 141, 'value': '3.7'}, {'id': 5776208699, 'qualifierId': 213, 'value': '3.68'}]",9ijnmgmapjcnctich86692tw5,K. Zelem,,Angel City,Away
2823544747,803,1,2,95,23,6hbfgdczbi3yg4sdpqgtu6s,1,27.4,3.1,2025-06-21T02:08:57.378Z,2025-06-21T02:08:59Z,"[{'id': 5776208779, 'qualifierId': 212, 'value': '13.2'}, {'id': 5776208775, 'qualifierId': 140, 'value': '15.9'}, {'id': 5776208773, 'qualifierId': 56, 'value': 'Back'}, {'id': 5776208777, 'qualifierId': 141, 'value': '10.9'}, {'id': 5776208781, 'qualifierId': 213, 'value': '2.73'}]",9b94qn8vkpl0e7ujskes2m7d,M. Moriya,,Angel City,Away
2823544755,804,1,2,95,25,6hbfgdczbi3yg4sdpqgtu6s,0,15.8,11.0,2025-06-21T02:08:59.682Z,2025-06-21T02:09:01Z,"[{'id': 5776208855, 'qualifierId': 1}, {'id': 5776208847, 'qualifierId': 140, 'value': '45.7'}, {'id': 5776208853, 'qualifierId': 213, 'value': '6.02'}, {'id': 5776208851, 'qualifierId': 212, 'value': '32.5'}, {'id': 5776208845, 'qualifierId': 56, 'value': 'Back'}, {'id': 5776208849, 'qualifierId': 141, 'value': '0.0'}, {'id': 5776208843, 'qualifierId': 157}]",6bcvcloym3tzxss5hgsw4h1at,A. Kennedy,,Angel City,Away
2823544797,767,5,2,95,27,agxipc0vk4rtg09amjxv10nx0,1,55.0,101.5,2025-06-21T02:09:01.155Z,2025-06-21T02:21:47Z,"[{'id': 5776209053, 'qualifierId': 347}, {'id': 5776209061, 'qualifierId': 233, 'value': '805'}, {'id': 5776209051, 'qualifierId': 56, 'value': 'Left'}]",errir6ade8y91vp5z7v8gkn6y,B. Feist,,Kansas City Current,Home
2823544757,805,5,2,95,27,6hbfgdczbi3yg4sdpqgtu6s,0,45.0,-1.5,2025-06-21T02:09:01.155Z,2025-06-21T02:21:47Z,"[{'id': 5776208859, 'qualifierId': 347}, {'id': 5776208857, 'qualifierId': 56, 'value': 'Back'}, {'id': 5776209069, 'qualifierId': 233, 'value': '767'}]",6bcvcloym3tzxss5hgsw4h1at,A. Kennedy,,Angel City,Away
2823544799,768,1,2,95,42,agxipc0vk4rtg09amjxv10nx0,1,52.6,100.0,2025-06-21T02:09:16.451Z,2025-06-21T02:09:18Z,"[{'id': 5776209083, 'qualifierId': 107}, {'id': 5776209085, 'qualifierId': 56, 'value': 'Left'}, {'id': 5776209089, 'qualifierId': 141, 'value': '85.7'}, {'id': 5776209093, 'qualifierId': 213, 'value': '5.41'}, {'id': 5776209087, 'qualifierId': 140, 'value': '61.4'}, {'id': 5776209091, 'qualifierId': 212, 'value': '14.4'}]",736jvvtkgwc3g1vooviaod33d,I. Rodriguez,,Kansas City Current,Home
2823544801,769,1,2,95,44,agxipc0vk4rtg09amjxv10nx0,0,61.4,85.7,2025-06-21T02:09:18.691Z,2025-06-21T02:09:33Z,"[{'id': 5776209101, 'qualifierId': 56, 'value': 'Left'}, {'id': 5776209107, 'qualifierId': 212, 'value': '6.5'}, {'id': 5776209099, 'qualifierId': 168}, {'id': 5776209097, 'qualifierId': 3}, {'id': 5776209103, 'qualifierId': 140, 'value': '67.6'}, {'id': 5776209109, 'qualifierId': 213, 'value': '6.26'}, {'id': 5776209105, 'qualifierId': 141, 'value': '85.5'}]",errir6ade8y91vp5z7v8gkn6y,B. Feist,,Kansas City Current,Home
2823544803,806,12,2,95,45,6hbfgdczbi3yg4sdpqgtu6s,1,31.2,4.0,2025-06-21T02:09:19.594Z,2025-06-21T02:23:51Z,"[{'id': 5776209117, 'qualifierId': 212, 'value': '4.0'}, {'id': 5776209119, 'qualifierId': 213, 'value': '5.17'}, {'id': 5776209115, 'qualifierId': 141, 'value': '0.0'}, {'id': 5776209113, 'qualifierId': 140, 'value': '32.9'}, {'id': 5776209111, 'qualifierId': 56, 'value': 'Back'}, {'id': 5776209143, 'qualifierId': 167}, {'id': 5776209121, 'qualifierId': 15}]",6bcvcloym3tzxss5hgsw4h1at,A. Kennedy,,Angel City,Away
2823544839,770,5,2,95,46,agxipc0vk4rtg09amjxv10nx0,1,67.0,101.3,2025-06-21T02:09:20.364Z,2025-06-21T02:09:34Z,"[{'id': 5776209295, 'qualifierId': 56, 'value': 'Left'}, {'id': 5776209311, 'qualifierId': 233, 'value': '807'}, {'id': 5776209297, 'qualifierId': 347}]",3qk8owv039ppiiev6skkkb52i,H. Hopkins,,Kansas City Current,Home
2823544807,807,5,2,95,46,6hbfgdczbi3yg4sdpqgtu6s,0,33.0,-1.3,2025-06-21T02:09:20.364Z,2025-06-21T02:21:48Z,"[{'id': 5776209135, 'qualifierId': 56, 'value': 'Back'}, {'id': 5776209315, 'qualifierId': 233, 'value': '770'}, {'id': 5776209137, 'qualifierId': 347}]",6bcvcloym3tzxss5hgsw4h1at,A. Kennedy,,Angel City,Away
2823544845,771,1,2,96,2,agxipc0vk4rtg09amjxv10nx0,0,67.2,100.0,2025-06-21T02:09:36.660Z,2025-06-21T02:09:38Z,"[{'id': 5776209339, 'qualifierId': 140, 'value': '81.8'}, {'id': 5776209335, 'qualifierId': 107}, {'id': 5776209341, 'qualifierId': 141, 'value': '97.1'}, {'id': 5776209337, 'qualifierId': 56, 'value': 'Left'}, {'id': 5776209343, 'qualifierId': 212, 'value': '15.7'}, {'id': 5776209345, 'qualifierId': 213, 'value': '6.07'}]",736jvvtkgwc3g1vooviaod33d,I. Rodriguez,,Kansas City Current,Home
2823544847,808,8,2,96,4,6hbfgdczbi3yg4sdpqgtu6s,1,19.6,5.5,2025-06-21T02:09:38.692Z,2025-06-27T21:42:24Z,"[{'id': 5781992087, 'qualifierId': 385}, {'id': 5776209349, 'qualifierId': 15}, {'id': 5776209347, 'qualifierId': 56, 'value': 'Back'}]",bnxnrws4yintb6s76erzl9xw5,C. Press,,Angel City,Away
2823544855,809,83,2,96,8,6hbfgdczbi3yg4sdpqgtu6s,0,12.2,9.5,2025-06-21T02:09:42.515Z,2025-06-21T02:09:46Z,"[{'id': 5776209475, 'qualifierId': 399, 'value': 'ccw8gtkcahxf21rutqldjvkve'}]",9b94qn8vkpl0e7ujskes2m7d,M. Moriya,,Angel City,Away
2823544861,772,50,2,96,10,agxipc0vk4rtg09amjxv10nx0,1,89.5,92.7,2025-06-21T02:09:44.385Z,2025-06-27T16:52:13Z,"[{'id': 5776209419, 'qualifierId': 56, 'value': 'Left'}, {'id': 5776209421, 'qualifierId': 286}, {'id': 5776209547, 'qualifierId': 233, 'value': '810'}]",ccw8gtkcahxf21rutqldjvkve,T. Chawinga,,Kansas City Current,Home
2823544879,810,7,2,96,10,6hbfgdczbi3yg4sdpqgtu6s,1,10.5,7.3,2025-06-21T02:09:44.386Z,2025-06-27T21:43:45Z,"[{'id': 5781992351, 'qualifierId': 178}, {'id': 5781992349, 'qualifierId': 384}, {'id': 5776209539, 'qualifierId': 233, 'value': '772'}, {'id': 5776209507, 'qualifierId': 285}, {'id': 5776209505, 'qualifierId': 56, 'value': 'Back'}]",6bcvcloym3tzxss5hgsw4h1at,A. Kennedy,,Angel City,Away
2823544891,811,1,2,96,13,6hbfgdczbi3yg4sdpqgtu6s,0,23.1,6.8,2025-06-21T02:09:47.684Z,2025-06-21T02:09:48Z,"[{'id': 5776209583, 'qualifierId': 1}, {'id': 5776209577, 'qualifierId': 141, 'value': '36.4'}, {'id': 5776209573, 'qualifierId': 56, 'value': 'Center'}, {'id': 5776209579, 'qualifierId': 212, 'value': '52.7'}, {'id': 5776209575, 'qualifierId': 140, 'value': '69.5'}, {'id': 5776209571, 'qualifierId': 157}, {'id': 5776209581, 'qualifierId': 213, 'value': '0.39'}]",bnxnrws4yintb6s76erzl9xw5,C. Press,,Angel City,Away
2823544903,773,1,2,96,15,agxipc0vk4rtg09amjxv10nx0,1,37.4,65.4,2025-06-21T02:09:49.772Z,2025-06-21T02:09:51Z,"[{'id': 5776209651, 'qualifierId': 56, 'value': 'Left'}, {'id': 5776209649, 'qualifierId': 3}, {'id': 5776209657, 'qualifierId': 212, 'value': '25.5'}, {'id': 5776209653, 'qualifierId': 140, 'value': '59.4'}, {'id': 5776209655, 'qualifierId': 141, 'value': '81.2'}, {'id': 5776209659, 'qualifierId': 213, 'value': '0.44'}]",48l2ildbeme2l336nor2hw6lm,E. Ball,,Kansas City Current,Home
2823544919,774,1,2,96,17,agxipc0vk4rtg09amjxv10nx0,1,58.6,84.7,2025-06-21T02:09:51.419Z,2025-06-21T02:09:53Z,"[{'id': 5776209741, 'qualifierId': 56, 'value': 'Left'}, {'id': 5776209747, 'qualifierId': 212, 'value': '7.3'}, {'id': 5776209743, 'qualifierId': 140, 'value': '59.0'}, {'id': 5776209749, 'qualifierId': 213, 'value': '1.51'}, {'id': 5776209745, 'qualifierId': 141, 'value': '95.4'}]",6hyf258ii56nw917w0b4ekob8,C. Hutton,,Kansas City Current,Home
2823544935,775,1,2,96,19,agxipc0vk4rtg09amjxv10nx0,0,59.0,95.4,2025-06-21T02:09:53.868Z,2025-06-21T02:09:58Z,"[{'id': 5776209873, 'qualifierId': 1}, {'id': 5776209861, 'qualifierId': 155}, {'id': 5776209867, 'qualifierId': 141, 'value': '94.9'}, {'id': 5776209863, 'qualifierId': 56, 'value': 'Left'}, {'id': 5776209869, 'qualifierId': 212, 'value': '43.9'}, {'id': 5776209871, 'qualifierId': 213, 'value': '6.28'}, {'id': 5776209865, 'qualifierId': 140, 'value': '100.0'}]",736jvvtkgwc3g1vooviaod33d,I. Rodriguez,,Kansas City Current,Home
2823545021,776,5,2,96,23,agxipc0vk4rtg09amjxv10nx0,0,100.8,94.3,2025-06-21T02:09:58.077Z,2025-06-21T02:21:48Z,"[{'id': 5776210457, 'qualifierId': 233, 'value': '812'}, {'id': 5776210433, 'qualifierId': 56, 'value': 'Left'}, {'id': 5776210435, 'qualifierId': 346}]",736jvvtkgwc3g1vooviaod33d,I. Rodriguez,,Kansas City Current,Home
2823544959,812,5,2,96,23,6hbfgdczbi3yg4sdpqgtu6s,1,-0.8,5.7,2025-06-21T02:09:58.077Z,2025-06-21T02:21:48Z,"[{'id': 5776210009, 'qualifierId': 346}, {'id': 5776210449, 'qualifierId': 233, 'value': '776'}, {'id': 5776210007, 'qualifierId': 56, 'value': 'Back'}]",bnxnrws4yintb6s76erzl9xw5,C. Press,,Angel City,Away
2823544965,813,1,2,96,31,6hbfgdczbi3yg4sdpqgtu6s,1,5.1,39.1,2025-06-21T02:10:05.795Z,2025-06-21T02:10:07Z,"[{'id': 5776210043, 'qualifierId': 140, 'value': '23.3'}, {'id': 5776210063, 'qualifierId': 189}, {'id': 5776210049, 'qualifierId': 213, 'value': '0.81'}, {'id': 5776210045, 'qualifierId': 141, 'value': '68.7'}, {'id': 5776210047, 'qualifierId': 212, 'value': '27.8'}, {'id': 5776210053, 'qualifierId': 237}, {'id': 5776210039, 'qualifierId': 124}, {'id': 5776210041, 'qualifierId': 56, 'value': 'Back'}]",lg9muzm3sbiijicsik53m3je,A. Anderson,,Angel City,Away
2823544987,814,1,2,96,36,6hbfgdczbi3yg4sdpqgtu6s,1,35.7,62.9,2025-06-21T02:10:10.547Z,2025-06-21T02:10:16Z,"[{'id': 5776210231, 'qualifierId': 140, 'value': '54.0'}, {'id': 5776210235, 'qualifierId': 212, 'value': '23.8'}, {'id': 5776210233, 'qualifierId': 141, 'value': '42.2'}, {'id': 5776210229, 'qualifierId': 56, 'value': 'Center'}, {'id': 5776210237, 'qualifierId': 213, 'value': '5.65'}]",6opd7nuh51c7p6pn6w04yuntg,M. Reid,,Angel City,Away
2823545009,815,1,2,96,41,6hbfgdczbi3yg4sdpqgtu6s,1,54.0,42.2,2025-06-21T02:10:16.083Z,2025-06-21T02:12:09Z,"[{'id': 5776210401, 'qualifierId': 141, 'value': '75.4'}, {'id': 5776210403, 'qualifierId': 212, 'value': '40.2'}, {'id': 5776210397, 'qualifierId': 56, 'value': 'Center'}, {'id': 5776210405, 'qualifierId': 213, 'value': '0.60'}, {'id': 5776210395, 'qualifierId': 157}, {'id': 5776210399, 'qualifierId': 140, 'value': '85.7'}, {'id': 5776210407, 'qualifierId': 1}]",9ijnmgmapjcnctich86692tw5,K. Zelem,,Angel City,Away
2823545015,816,1,2,96,48,6hbfgdczbi3yg4sdpqgtu6s,0,98.8,73.9,2025-06-21T02:10:22.194Z,2025-06-21T02:10:24Z,"[{'id': 5776210415, 'qualifierId': 140, 'value': '97.7'}, {'id': 5776210419, 'qualifierId': 212, 'value': '1.2'}, {'id': 5776210477, 'qualifierId': 233, 'value': '777'}, {'id': 5776210413, 'qualifierId': 56, 'value': 'Center'}, {'id': 5776210417, 'qualifierId': 141, 'value': '73.5'}, {'id': 5776210475, 'qualifierId': 236}, {'id': 5776210421, 'qualifierId': 213, 'value': '3.37'}, {'id': 5776210481, 'qualifierId': 286}]",dfeohozpw604y5jbu01u1dkkq,A. Thompson,,Angel City,Away
2823545025,777,74,2,96,48,agxipc0vk4rtg09amjxv10nx0,1,2.9,24.2,2025-06-21T02:10:22.195Z,2025-06-21T02:23:25Z,"[{'id': 5776210483, 'qualifierId': 233, 'value': '816'}, {'id': 5776210453, 'qualifierId': 56, 'value': 'Back'}, {'id': 5776210455, 'qualifierId': 285}]",9wvoeo39cgbelv8ddqin3aaga,H. Mace,,Kansas City Current,Home
2823545029,778,49,2,96,50,agxipc0vk4rtg09amjxv10nx0,1,5.9,24.4,2025-06-21T02:10:24.356Z,2025-06-21T02:10:24Z,[],516s5q2n1hop56c1768x0jbh1,N. Prince,,Kansas City Current,Home
2823545035,779,1,2,96,51,agxipc0vk4rtg09amjxv10nx0,0,6.1,24.2,2025-06-21T02:10:25.596Z,2025-06-21T02:10:26Z,"[{'id': 5776210495, 'qualifierId': 56, 'value': 'Back'}, {'id': 5776210499, 'qualifierId': 141, 'value': '0.0'}, {'id': 5776210493, 'qualifierId': 157}, {'id': 5776210501, 'qualifierId': 212, 'value': '20.9'}, {'id': 5776210503, 'qualifierId': 213, 'value': '5.26'}, {'id': 5776210497, 'qualifierId': 140, 'value': '16.5'}, {'id': 5776210505, 'qualifierId': 1}]",516s5q2n1hop56c1768x0jbh1,N. Prince,,Kansas City Current,Home
2823545037,780,5,2,96,51,agxipc0vk4rtg09amjxv10nx0,0,18.8,-1.8,2025-06-21T02:10:26.087Z,2025-06-21T02:21:49Z,"[{'id': 5776210509, 'qualifierId': 347}, {'id': 5776210689, 'qualifierId': 233, 'value': '817'}, {'id': 5776210507, 'qualifierId': 56, 'value': 'Back'}]",516s5q2n1hop56c1768x0jbh1,N. Prince,,Kansas City Current,Home
2823545073,817,5,2,96,51,6hbfgdczbi3yg4sdpqgtu6s,1,81.2,101.8,2025-06-21T02:10:26.087Z,2025-06-21T02:21:48Z,"[{'id': 5776210683, 'qualifierId': 233, 'value': '780'}, {'id': 5776210653, 'qualifierId': 56, 'value': 'Left'}, {'id': 5776210655, 'qualifierId': 347}]",dfeohozpw604y5jbu01u1dkkq,A. Thompson,,Angel City,Away
2823545085,818,1,2,96,59,6hbfgdczbi3yg4sdpqgtu6s,1,77.1,100.0,2025-06-21T02:10:33.826Z,2025-06-21T02:10:35Z,"[{'id': 5776210723, 'qualifierId': 107}, {'id': 5776210729, 'qualifierId': 141, 'value': '89.6'}, {'id': 5776210725, 'qualifierId': 56, 'value': 'Left'}, {'id': 5776210733, 'qualifierId': 213, 'value': '4.20'}, {'id': 5776210727, 'qualifierId': 140, 'value': '72.8'}, {'id': 5776210731, 'qualifierId': 212, 'value': '9.2'}]",atvo1d7070tccvlbi8x5rakno,S. Mattice,,Angel City,Away
2823545089,819,1,2,97,1,6hbfgdczbi3yg4sdpqgtu6s,1,72.8,89.6,2025-06-21T02:10:35.474Z,2025-06-21T02:10:38Z,"[{'id': 5776210787, 'qualifierId': 141, 'value': '67.5'}, {'id': 5776210791, 'qualifierId': 213, 'value': '4.62'}, {'id': 5776210783, 'qualifierId': 56, 'value': 'Center'}, {'id': 5776210789, 'qualifierId': 212, 'value': '15.1'}, {'id': 5776210785, 'qualifierId': 140, 'value': '71.5'}]",as9gd28disfeeiiqxn7gjvg2c,K. Fuller,,Angel City,Away
2823545111,820,1,2,97,4,6hbfgdczbi3yg4sdpqgtu6s,1,72.3,64.2,2025-06-21T02:10:38.354Z,2025-06-21T02:10:57Z,"[{'id': 5776210917, 'qualifierId': 213, 'value': '5.58'}, {'id': 5776210915, 'qualifierId': 212, 'value': '13.8'}, {'id': 5776210913, 'qualifierId': 141, 'value': '51.0'}, {'id': 5776210911, 'qualifierId': 140, 'value': '82.3'}, {'id': 5776210909, 'qualifierId': 56, 'value': 'Center'}, {'id': 5776211145, 'qualifierId': 210, 'value': '13'}]",8f2og4ng2s6f8qeikft26h2qc,M. Hodge,1.0,Angel City,Away
2823545115,821,13,2,97,8,6hbfgdczbi3yg4sdpqgtu6s,1,81.7,52.2,2025-06-21T02:10:42.483Z,2025-06-21T02:11:09Z,"[{'id': 5776211157, 'qualifierId': 103, 'value': '16.7'}, {'id': 5776210937, 'qualifierId': 56, 'value': 'Center'}, {'id': 5776210935, 'qualifierId': 18}, {'id': 5776211011, 'qualifierId': 72}, {'id': 5776211155, 'qualifierId': 102, 'value': '57.3'}, {'id': 5776210933, 'qualifierId': 22}, {'id': 5776211151, 'qualifierId': 55, 'value': '820'}, {'id': 5776211149, 'qualifierId': 29}, {'id': 5776211161, 'qualifierId': 230, 'value': '98.4'}, {'id': 5776211163, 'qualifierId': 231, 'value': '50.5'}, {'id': 5776211147, 'qualifierId': 83}]",9ijnmgmapjcnctich86692tw5,K. Zelem,,Angel City,Away
2823545195,781,5,2,97,12,agxipc0vk4rtg09amjxv10nx0,1,-0.9,41.8,2025-06-21T02:10:46.291Z,2025-06-21T02:21:49Z,"[{'id': 5776211437, 'qualifierId': 346}, {'id': 5776211435, 'qualifierId': 56, 'value': 'Back'}, {'id': 5776211439, 'qualifierId': 233, 'value': '822'}]",das6ydxiwz8trtyp98ss5i295,Lorena,,Kansas City Current,Home
2823545129,822,5,2,97,12,6hbfgdczbi3yg4sdpqgtu6s,0,100.9,58.2,2025-06-21T02:10:46.291Z,2025-06-21T02:21:49Z,"[{'id': 5776211449, 'qualifierId': 233, 'value': '781'}, {'id': 5776211003, 'qualifierId': 56, 'value': 'Center'}, {'id': 5776211005, 'qualifierId': 346}]",9ijnmgmapjcnctich86692tw5,K. Zelem,,Angel City,Away
2823545217,782,1,2,97,39,agxipc0vk4rtg09amjxv10nx0,0,4.2,46.7,2025-06-21T02:11:14.102Z,2025-06-21T02:11:18Z,"[{'id': 5776211553, 'qualifierId': 74}, {'id': 5776211539, 'qualifierId': 124}, {'id': 5776211541, 'qualifierId': 56, 'value': 'Back'}, {'id': 5776211543, 'qualifierId': 140, 'value': '46.0'}, {'id': 5776211545, 'qualifierId': 141, 'value': '31.9'}, {'id': 5776211551, 'qualifierId': 1}, {'id': 5776211549, 'qualifierId': 213, 'value': '6.06'}, {'id': 5776211547, 'qualifierId': 212, 'value': '45.0'}]",das6ydxiwz8trtyp98ss5i295,Lorena,,Kansas City Current,Home
2823545223,823,1,2,97,44,6hbfgdczbi3yg4sdpqgtu6s,0,55.6,71.8,2025-06-21T02:11:18.546Z,2025-06-21T02:11:19Z,"[{'id': 5776211583, 'qualifierId': 141, 'value': '55.4'}, {'id': 5776211585, 'qualifierId': 212, 'value': '11.4'}, {'id': 5776211587, 'qualifierId': 213, 'value': '4.50'}, {'id': 5776211581, 'qualifierId': 140, 'value': '53.3'}, {'id': 5776211579, 'qualifierId': 56, 'value': 'Center'}]",9ijnmgmapjcnctich86692tw5,K. Zelem,,Angel City,Away
2823545245,783,1,2,97,46,agxipc0vk4rtg09amjxv10nx0,0,45.8,48.1,2025-06-21T02:11:20.907Z,2025-06-27T21:51:38Z,"[{'id': 5776211707, 'qualifierId': 56, 'value': 'Center'}, {'id': 5776211711, 'qualifierId': 141, 'value': '37.5'}, {'id': 5776211709, 'qualifierId': 140, 'value': '69.5'}, {'id': 5776211713, 'qualifierId': 212, 'value': '25.9'}, {'id': 5781993325, 'qualifierId': 155}, {'id': 5776211717, 'qualifierId': 213, 'value': '6.00'}]",3qk8owv039ppiiev6skkkb52i,H. Hopkins,,Kansas City Current,Home
2823545251,824,44,2,97,49,6hbfgdczbi3yg4sdpqgtu6s,1,30.8,63.2,2025-06-21T02:11:23.602Z,2025-06-21T02:23:23Z,"[{'id': 5776211805, 'qualifierId': 233, 'value': '784'}, {'id': 5776211753, 'qualifierId': 56, 'value': 'Back'}, {'id': 5776211755, 'qualifierId': 285}]",6bcvcloym3tzxss5hgsw4h1at,A. Kennedy,,Angel City,Away
2823545261,784,44,2,97,49,agxipc0vk4rtg09amjxv10nx0,0,69.2,36.8,2025-06-21T02:11:23.603Z,2025-06-21T02:23:23Z,"[{'id': 5776211801, 'qualifierId': 56, 'value': 'Center'}, {'id': 5776211809, 'qualifierId': 233, 'value': '824'}, {'id': 5776211803, 'qualifierId': 286}]",3qk8owv039ppiiev6skkkb52i,H. Hopkins,,Kansas City Current,Home
2823545257,825,12,2,97,50,6hbfgdczbi3yg4sdpqgtu6s,1,31.3,64.3,2025-06-21T02:11:24.465Z,2025-06-21T02:11:25Z,"[{'id': 5776211787, 'qualifierId': 213, 'value': '0.48'}, {'id': 5776211779, 'qualifierId': 56, 'value': 'Back'}, {'id': 5776211781, 'qualifierId': 140, 'value': '33.9'}, {'id': 5776211783, 'qualifierId': 141, 'value': '66.4'}, {'id': 5776211795, 'qualifierId': 15}, {'id': 5776211785, 'qualifierId': 212, 'value': '3.1'}]",6bcvcloym3tzxss5hgsw4h1at,A. Kennedy,,Angel City,Away
2823545265,826,49,2,97,52,6hbfgdczbi3yg4sdpqgtu6s,1,33.9,66.4,2025-06-21T02:11:26.882Z,2025-06-21T02:11:26Z,[],6opd7nuh51c7p6pn6w04yuntg,M. Reid,,Angel City,Away
2823545269,827,1,2,97,53,6hbfgdczbi3yg4sdpqgtu6s,0,33.9,66.4,2025-06-21T02:11:27.346Z,2025-06-21T02:11:28Z,"[{'id': 5776211837, 'qualifierId': 140, 'value': '45.0'}, {'id': 5776211843, 'qualifierId': 213, 'value': '0.34'}, {'id': 5776211833, 'qualifierId': 155}, {'id': 5776211841, 'qualifierId': 212, 'value': '12.3'}, {'id': 5776211835, 'qualifierId': 56, 'value': 'Back'}, {'id': 5776211839, 'qualifierId': 141, 'value': '72.4'}]",6opd7nuh51c7p6pn6w04yuntg,M. Reid,,Angel City,Away
2823545287,785,8,2,97,55,agxipc0vk4rtg09amjxv10nx0,1,59.7,26.9,2025-06-21T02:11:29.443Z,2025-06-27T21:51:56Z,"[{'id': 5781993367, 'qualifierId': 384}, {'id': 5776211905, 'qualifierId': 56, 'value': 'Center'}, {'id': 5776211911, 'qualifierId': 15}]",6k82rq8synvac950ext5t0jpx,R. Rodríguez,,Kansas City Current,Home
2823545295,828,4,2,97,57,6hbfgdczbi3yg4sdpqgtu6s,1,35.6,58.1,2025-06-21T02:11:31.458Z,2025-06-21T02:11:48Z,"[{'id': 5776211983, 'qualifierId': 152}, {'id': 5776211977, 'qualifierId': 13}, {'id': 5776211985, 'qualifierId': 286}, {'id': 5776211979, 'qualifierId': 264}, {'id': 5776211997, 'qualifierId': 233, 'value': '786'}, {'id': 5776211981, 'qualifierId': 56, 'value': 'Back'}]",8f2og4ng2s6f8qeikft26h2qc,M. Hodge,,Angel City,Away
2823545301,786,4,2,97,57,agxipc0vk4rtg09amjxv10nx0,0,64.4,41.9,2025-06-21T02:11:31.459Z,2025-06-21T02:11:48Z,"[{'id': 5776211987, 'qualifierId': 13}, {'id': 5776211991, 'qualifierId': 56, 'value': 'Center'}, {'id': 5776212001, 'qualifierId': 233, 'value': '828'}, {'id': 5776211993, 'qualifierId': 152}, {'id': 5776212171, 'qualifierId': 264}, {'id': 5776211995, 'qualifierId': 285}]",3qk8owv039ppiiev6skkkb52i,H. Hopkins,,Kansas City Current,Home
2823545361,787,27,2,98,30,agxipc0vk4rtg09amjxv10nx0,1,0.0,0.0,2025-06-21T02:12:04.506Z,2025-06-21T02:12:06Z,"[{'id': 5776212447, 'qualifierId': 233, 'value': '829'}]",,,,Kansas City Current,Home
2823545363,829,27,2,98,30,6hbfgdczbi3yg4sdpqgtu6s,1,0.0,0.0,2025-06-21T02:12:04.506Z,2025-06-21T02:12:06Z,"[{'id': 5776212459, 'qualifierId': 233, 'value': '787'}, {'id': 5776212429, 'qualifierId': 53, 'value': '8f2og4ng2s6f8qeikft26h2qc'}, {'id': 5776212427, 'qualifierId': 41, 'value': 'Injury'}]",,,,Angel City,Away
2823545591,789,28,2,99,50,agxipc0vk4rtg09amjxv10nx0,1,0.0,0.0,2025-06-21T02:13:24.146Z,2025-06-21T02:13:25Z,"[{'id': 5776213863, 'qualifierId': 233, 'value': '831'}, {'id': 5776213859, 'qualifierId': 55, 'value': '787'}]",,,,Kansas City Current,Home
2823545589,831,28,2,99,50,6hbfgdczbi3yg4sdpqgtu6s,1,0.0,0.0,2025-06-21T02:13:24.146Z,2025-06-21T02:13:26Z,"[{'id': 5776213903, 'qualifierId': 233, 'value': '789'}, {'id': 5776213853, 'qualifierId': 55, 'value': '829'}]",,,,Angel City,Away
2823545601,832,1,2,99,52,6hbfgdczbi3yg4sdpqgtu6s,1,35.3,59.9,2025-06-21T02:13:26.993Z,2025-06-21T02:13:31Z,"[{'id': 5776213927, 'qualifierId': 5}, {'id': 5776213937, 'qualifierId': 212, 'value': '26.4'}, {'id': 5776213935, 'qualifierId': 141, 'value': '88.6'}, {'id': 5776213939, 'qualifierId': 213, 'value': '0.83'}, {'id': 5776213929, 'qualifierId': 152}, {'id': 5776213933, 'qualifierId': 140, 'value': '52.2'}, {'id': 5776213931, 'qualifierId': 56, 'value': 'Left'}]",lg9muzm3sbiijicsik53m3je,A. Anderson,,Angel City,Away
2823545605,833,1,2,99,56,6hbfgdczbi3yg4sdpqgtu6s,0,58.7,89.4,2025-06-21T02:13:31.106Z,2025-06-21T02:13:32Z,"[{'id': 5776213959, 'qualifierId': 56, 'value': 'Center'}, {'id': 5776213961, 'qualifierId': 140, 'value': '74.6'}, {'id': 5776213957, 'qualifierId': 157}, {'id': 5776213967, 'qualifierId': 213, 'value': '5.31'}, {'id': 5776213965, 'qualifierId': 212, 'value': '29.7'}, {'id': 5776213969, 'qualifierId': 1}, {'id': 5776213963, 'qualifierId': 141, 'value': '53.3'}]",atvo1d7070tccvlbi8x5rakno,S. Mattice,,Angel City,Away
2823545625,790,12,2,99,58,agxipc0vk4rtg09amjxv10nx0,1,30.8,45.7,2025-06-21T02:13:32.691Z,2025-06-21T02:13:38Z,"[{'id': 5776214091, 'qualifierId': 213, 'value': '6.08'}, {'id': 5776214087, 'qualifierId': 141, 'value': '41.9'}, {'id': 5776214083, 'qualifierId': 56, 'value': 'Back'}, {'id': 5776214089, 'qualifierId': 212, 'value': '13.0'}, {'id': 5776214085, 'qualifierId': 140, 'value': '42.9'}]",ccw8gtkcahxf21rutqldjvkve,T. Chawinga,,Kansas City Current,Home
2823545623,834,1,2,100,0,6hbfgdczbi3yg4sdpqgtu6s,0,55.2,52.5,2025-06-21T02:13:35.057Z,2025-06-21T02:13:37Z,"[{'id': 5776214059, 'qualifierId': 140, 'value': '75.3'}, {'id': 5776214061, 'qualifierId': 141, 'value': '21.5'}, {'id': 5776214065, 'qualifierId': 213, 'value': '5.50'}, {'id': 5776214057, 'qualifierId': 56, 'value': 'Center'}, {'id': 5776214063, 'qualifierId': 212, 'value': '29.8'}]",9b94qn8vkpl0e7ujskes2m7d,M. Moriya,,Angel City,Away
2823545627,791,12,2,100,3,agxipc0vk4rtg09amjxv10nx0,1,23.4,83.0,2025-06-21T02:13:37.514Z,2025-06-27T21:52:47Z,"[{'id': 5776214099, 'qualifierId': 212, 'value': '16.1'}, {'id': 5776214101, 'qualifierId': 213, 'value': '0.93'}, {'id': 5776214095, 'qualifierId': 140, 'value': '32.5'}, {'id': 5776214107, 'qualifierId': 167}, {'id': 5776214093, 'qualifierId': 56, 'value': 'Back'}, {'id': 5776214097, 'qualifierId': 141, 'value': '100.0'}]",736jvvtkgwc3g1vooviaod33d,I. Rodriguez,,Kansas City Current,Home
2823545629,792,5,2,100,4,agxipc0vk4rtg09amjxv10nx0,0,32.0,102.0,2025-06-21T02:13:38.843Z,2025-06-21T02:21:50Z,"[{'id': 5776214203, 'qualifierId': 233, 'value': '835'}, {'id': 5776214103, 'qualifierId': 56, 'value': 'Back'}, {'id': 5776214105, 'qualifierId': 347}]",736jvvtkgwc3g1vooviaod33d,I. Rodriguez,,Kansas City Current,Home
2823545641,835,5,2,100,4,6hbfgdczbi3yg4sdpqgtu6s,1,68.0,-2.0,2025-06-21T02:13:38.843Z,2025-06-21T02:21:49Z,"[{'id': 5776214177, 'qualifierId': 56, 'value': 'Right'}, {'id': 5776214185, 'qualifierId': 233, 'value': '792'}, {'id': 5776214179, 'qualifierId': 347}]",9b94qn8vkpl0e7ujskes2m7d,M. Moriya,,Angel City,Away
2823545649,836,1,2,100,9,6hbfgdczbi3yg4sdpqgtu6s,1,68.7,0.0,2025-06-21T02:13:44.129Z,2025-06-27T21:54:04Z,"[{'id': 5776214219, 'qualifierId': 107}, {'id': 5776214227, 'qualifierId': 212, 'value': '9.4'}, {'id': 5776214223, 'qualifierId': 140, 'value': '72.4'}, {'id': 5776214225, 'qualifierId': 141, 'value': '10.6'}, {'id': 5776214229, 'qualifierId': 213, 'value': '1.15'}, {'id': 5776214221, 'qualifierId': 56, 'value': 'Right'}]",bnxnrws4yintb6s76erzl9xw5,C. Press,,Angel City,Away
2823545651,837,1,2,100,11,6hbfgdczbi3yg4sdpqgtu6s,1,72.4,10.6,2025-06-21T02:13:45.793Z,2025-06-21T02:13:46Z,"[{'id': 5776214237, 'qualifierId': 140, 'value': '76.1'}, {'id': 5776214239, 'qualifierId': 141, 'value': '5.6'}, {'id': 5776214235, 'qualifierId': 56, 'value': 'Right'}, {'id': 5776214241, 'qualifierId': 212, 'value': '5.2'}, {'id': 5776214243, 'qualifierId': 213, 'value': '5.56'}]",as9gd28disfeeiiqxn7gjvg2c,K. Fuller,,Angel City,Away
2823545657,838,1,2,100,12,6hbfgdczbi3yg4sdpqgtu6s,1,76.9,5.5,2025-06-21T02:13:46.480Z,2025-06-27T21:54:09Z,"[{'id': 5776214283, 'qualifierId': 213, 'value': '1.96'}, {'id': 5776214277, 'qualifierId': 140, 'value': '74.8'}, {'id': 5776214279, 'qualifierId': 141, 'value': '13.5'}, {'id': 5776214275, 'qualifierId': 56, 'value': 'Right'}, {'id': 5776214281, 'qualifierId': 212, 'value': '5.9'}]",bnxnrws4yintb6s76erzl9xw5,C. Press,,Angel City,Away
2823545669,839,1,2,100,14,6hbfgdczbi3yg4sdpqgtu6s,1,74.5,10.4,2025-06-21T02:13:48.849Z,2025-06-21T02:13:52Z,"[{'id': 5776214333, 'qualifierId': 212, 'value': '6.5'}, {'id': 5776214329, 'qualifierId': 140, 'value': '69.1'}, {'id': 5776214335, 'qualifierId': 213, 'value': '2.64'}, {'id': 5776214331, 'qualifierId': 141, 'value': '15.0'}, {'id': 5776214327, 'qualifierId': 56, 'value': 'Right'}]",as9gd28disfeeiiqxn7gjvg2c,K. Fuller,,Angel City,Away
2823545677,840,1,2,100,17,6hbfgdczbi3yg4sdpqgtu6s,1,71.0,15.8,2025-06-21T02:13:52.049Z,2025-06-27T21:54:43Z,"[{'id': 5776214379, 'qualifierId': 56, 'value': 'Center'}, {'id': 5781993895, 'qualifierId': 225}, {'id': 5781993897, 'qualifierId': 386}, {'id': 5776214375, 'qualifierId': 2}, {'id': 5776214387, 'qualifierId': 213, 'value': '0.99'}, {'id': 5776214385, 'qualifierId': 212, 'value': '31.4'}, {'id': 5776214377, 'qualifierId': 155}, {'id': 5776214383, 'qualifierId': 141, 'value': '54.5'}, {'id': 5776214381, 'qualifierId': 140, 'value': '87.3'}, {'id': 5781993899, 'qualifierId': 20}]",9ijnmgmapjcnctich86692tw5,K. Zelem,,Angel City,Away
2823545683,793,43,2,100,19,agxipc0vk4rtg09amjxv10nx0,1,0.0,0.0,2025-06-21T02:13:53.178Z,2025-06-21T02:13:57Z,"[{'id': 5776214405, 'qualifierId': 56, 'value': 'Back'}, {'id': 5776214407, 'qualifierId': 285, 'value': '0'}, {'id': 5776214465, 'qualifierId': 144, 'value': '44'}]",9wvoeo39cgbelv8ddqin3aaga,H. Mace,,Kansas City Current,Home
2823545687,794,4,2,100,20,agxipc0vk4rtg09amjxv10nx0,1,12.0,45.1,2025-06-21T02:13:54.576Z,2025-06-21T02:16:19Z,"[{'id': 5776214431, 'qualifierId': 152}, {'id': 5776214427, 'qualifierId': 294}, {'id': 5776214445, 'qualifierId': 233, 'value': '841'}, {'id': 5776214425, 'qualifierId': 13}, {'id': 5776214429, 'qualifierId': 56, 'value': 'Back'}, {'id': 5776214433, 'qualifierId': 285}]",9wvoeo39cgbelv8ddqin3aaga,H. Mace,,Kansas City Current,Home
2823545679,841,4,2,100,20,6hbfgdczbi3yg4sdpqgtu6s,0,88.0,54.9,2025-06-21T02:13:54.577Z,2025-06-21T02:16:19Z,"[{'id': 5776214443, 'qualifierId': 286}, {'id': 5776214437, 'qualifierId': 294}, {'id': 5776214439, 'qualifierId': 56, 'value': 'Center'}, {'id': 5776214435, 'qualifierId': 13}, {'id': 5776214441, 'qualifierId': 152}, {'id': 5776214461, 'qualifierId': 233, 'value': '794'}]",atvo1d7070tccvlbi8x5rakno,S. Mattice,,Angel City,Away
2823545767,795,18,2,100,54,agxipc0vk4rtg09amjxv10nx0,1,0.0,0.0,2025-06-21T02:14:28.464Z,2025-06-21T02:14:29Z,"[{'id': 5776214989, 'qualifierId': 59, 'value': '14'}, {'id': 5776214985, 'qualifierId': 42}, {'id': 5776214987, 'qualifierId': 44, 'value': 'Midfielder'}, {'id': 5776215029, 'qualifierId': 55, 'value': '796'}]",6hyf258ii56nw917w0b4ekob8,C. Hutton,,Kansas City Current,Home
2823545771,796,19,2,100,54,agxipc0vk4rtg09amjxv10nx0,1,0.0,0.0,2025-06-21T02:14:28.465Z,2025-06-21T02:16:43Z,"[{'id': 5776217603, 'qualifierId': 293, 'value': '3'}, {'id': 5776215021, 'qualifierId': 59, 'value': '5'}, {'id': 5776215023, 'qualifierId': 44, 'value': 'Midfielder'}, {'id': 5776215025, 'qualifierId': 55, 'value': '795'}, {'id': 5776215019, 'qualifierId': 145, 'value': '8'}, {'id': 5776215015, 'qualifierId': 42}, {'id': 5776217601, 'qualifierId': 292, 'value': '7'}]",68sz2cp2lpnb8k36jkhr3wrje,E. Wheeler,,Kansas City Current,Home
2823545797,797,1,2,101,7,agxipc0vk4rtg09amjxv10nx0,0,15.0,48.2,2025-06-21T02:14:41.793Z,2025-06-21T02:14:45Z,"[{'id': 5776215195, 'qualifierId': 140, 'value': '55.1'}, {'id': 5776215203, 'qualifierId': 1}, {'id': 5776215199, 'qualifierId': 212, 'value': '47.2'}, {'id': 5776215189, 'qualifierId': 157}, {'id': 5776215193, 'qualifierId': 56, 'value': 'Left'}, {'id': 5776215187, 'qualifierId': 5}, {'id': 5776215197, 'qualifierId': 141, 'value': '79.7'}, {'id': 5776215191, 'qualifierId': 152}, {'id': 5776215201, 'qualifierId': 213, 'value': '0.47'}]",das6ydxiwz8trtyp98ss5i295,Lorena,,Kansas City Current,Home
2823545801,842,1,2,101,12,6hbfgdczbi3yg4sdpqgtu6s,0,45.6,21.5,2025-06-21T02:14:46.193Z,2025-06-21T02:14:47Z,"[{'id': 5776215215, 'qualifierId': 213, 'value': '5.63'}, {'id': 5776215213, 'qualifierId': 212, 'value': '13.9'}, {'id': 5776215207, 'qualifierId': 56, 'value': 'Right'}, {'id': 5776215211, 'qualifierId': 141, 'value': '9.1'}, {'id': 5776215205, 'qualifierId': 3}, {'id': 5776215209, 'qualifierId': 140, 'value': '56.1'}]",9b94qn8vkpl0e7ujskes2m7d,M. Moriya,,Angel City,Away
2823545811,798,1,2,101,13,agxipc0vk4rtg09amjxv10nx0,0,44.4,84.7,2025-06-21T02:14:47.514Z,2025-06-21T02:14:49Z,"[{'id': 5776215281, 'qualifierId': 140, 'value': '64.5'}, {'id': 5776215287, 'qualifierId': 213, 'value': '0.51'}, {'id': 5776215279, 'qualifierId': 56, 'value': 'Left'}, {'id': 5776215277, 'qualifierId': 157}, {'id': 5776215283, 'qualifierId': 141, 'value': '100.0'}, {'id': 5776215289, 'qualifierId': 1}, {'id': 5776215285, 'qualifierId': 212, 'value': '24.2'}]",736jvvtkgwc3g1vooviaod33d,I. Rodriguez,,Kansas City Current,Home
2823545815,799,5,2,101,14,agxipc0vk4rtg09amjxv10nx0,0,62.6,102.0,2025-06-21T02:14:48.801Z,2025-06-21T02:21:50Z,"[{'id': 5776215297, 'qualifierId': 347}, {'id': 5776215485, 'qualifierId': 233, 'value': '843'}, {'id': 5776215295, 'qualifierId': 56, 'value': 'Left'}]",736jvvtkgwc3g1vooviaod33d,I. Rodriguez,,Kansas City Current,Home
2823545847,843,5,2,101,14,6hbfgdczbi3yg4sdpqgtu6s,1,37.4,-2.0,2025-06-21T02:14:48.801Z,2025-06-21T02:21:50Z,"[{'id': 5776215447, 'qualifierId': 56, 'value': 'Back'}, {'id': 5776215449, 'qualifierId': 347}, {'id': 5776215465, 'qualifierId': 233, 'value': '799'}]",9b94qn8vkpl0e7ujskes2m7d,M. Moriya,,Angel City,Away
2823545855,844,1,2,101,24,6hbfgdczbi3yg4sdpqgtu6s,1,40.5,0.0,2025-06-21T02:14:58.337Z,2025-06-21T02:14:59Z,"[{'id': 5776215495, 'qualifierId': 56, 'value': 'Back'}, {'id': 5776215501, 'qualifierId': 141, 'value': '8.6'}, {'id': 5776215497, 'qualifierId': 140, 'value': '42.8'}, {'id': 5776215491, 'qualifierId': 107}, {'id': 5776215505, 'qualifierId': 212, 'value': '7.6'}, {'id': 5776215509, 'qualifierId': 213, 'value': '1.25'}]",9b94qn8vkpl0e7ujskes2m7d,M. Moriya,,Angel City,Away
2823545863,845,1,2,101,25,6hbfgdczbi3yg4sdpqgtu6s,0,44.6,5.3,2025-06-21T02:14:59.905Z,2025-06-27T21:55:38Z,"[{'id': 5776215547, 'qualifierId': 141, 'value': '3.1'}, {'id': 5776215543, 'qualifierId': 56, 'value': 'Right'}, {'id': 5776215551, 'qualifierId': 213, 'value': '6.21'}, {'id': 5776215545, 'qualifierId': 140, 'value': '64.1'}, {'id': 5776215549, 'qualifierId': 212, 'value': '20.5'}]",9ijnmgmapjcnctich86692tw5,K. Zelem,,Angel City,Away
2823545981,800,1,2,101,28,agxipc0vk4rtg09amjxv10nx0,1,34.1,91.8,2025-06-21T02:15:03.027Z,2025-06-21T02:15:43Z,"[{'id': 5776216307, 'qualifierId': 56, 'value': 'Back'}, {'id': 5776216309, 'qualifierId': 140, 'value': '42.9'}, {'id': 5776216311, 'qualifierId': 141, 'value': '96.1'}, {'id': 5776216305, 'qualifierId': 157}, {'id': 5776216315, 'qualifierId': 213, 'value': '0.31'}, {'id': 5776216313, 'qualifierId': 212, 'value': '9.7'}, {'id': 5776216317, 'qualifierId': 1}]",736jvvtkgwc3g1vooviaod33d,I. Rodriguez,,Kansas City Current,Home
2823546121,802,61,2,101,30,agxipc0vk4rtg09amjxv10nx0,0,42.8,95.4,2025-06-21T02:15:04.137Z,2025-06-21T02:16:23Z,"[{'id': 5776217143, 'qualifierId': 56, 'value': 'Back'}]",3qk8owv039ppiiev6skkkb52i,H. Hopkins,,Kansas City Current,Home
2823546183,803,5,2,101,35,agxipc0vk4rtg09amjxv10nx0,0,43.6,101.7,2025-06-21T02:15:09.137Z,2025-06-21T02:21:51Z,"[{'id': 5776217423, 'qualifierId': 347}, {'id': 5776218629, 'qualifierId': 233, 'value': '851'}, {'id': 5776217421, 'qualifierId': 56, 'value': 'Back'}]",3qk8owv039ppiiev6skkkb52i,H. Hopkins,,Kansas City Current,Home
2823546397,851,5,2,101,35,6hbfgdczbi3yg4sdpqgtu6s,1,56.4,-1.7,2025-06-21T02:15:09.137Z,2025-06-21T02:21:50Z,"[{'id': 5776218625, 'qualifierId': 233, 'value': '803'}, {'id': 5776218623, 'qualifierId': 347}, {'id': 5776218621, 'qualifierId': 56, 'value': 'Right'}]",lg9muzm3sbiijicsik53m3je,A. Anderson,,Angel City,Away
2823546403,852,1,2,101,35,6hbfgdczbi3yg4sdpqgtu6s,1,53.9,0.0,2025-06-21T02:15:09.237Z,2025-06-27T21:56:03Z,"[{'id': 5776218687, 'qualifierId': 213, 'value': '1.44'}, {'id': 5776218679, 'qualifierId': 56, 'value': 'Right'}, {'id': 5776218683, 'qualifierId': 141, 'value': '12.6'}, {'id': 5776218685, 'qualifierId': 212, 'value': '9.6'}, {'id': 5776218681, 'qualifierId': 140, 'value': '55.1'}, {'id': 5776218713, 'qualifierId': 107}]",9ijnmgmapjcnctich86692tw5,K. Zelem,,Angel City,Away
2823545879,846,43,2,101,35,6hbfgdczbi3yg4sdpqgtu6s,1,0.0,0.0,2025-06-21T02:15:09.809Z,2025-06-21T02:16:14Z,"[{'id': 5776216945, 'qualifierId': 144, 'value': '79'}, {'id': 5776215665, 'qualifierId': 344, 'value': '0'}]",,,,Angel City,Away
2823546439,853,1,2,101,36,6hbfgdczbi3yg4sdpqgtu6s,1,54.1,16.8,2025-06-21T02:15:10.137Z,2025-06-21T02:18:06Z,"[{'id': 5776218917, 'qualifierId': 141, 'value': '5.2'}, {'id': 5776218919, 'qualifierId': 212, 'value': '8.1'}, {'id': 5776218915, 'qualifierId': 140, 'value': '55.8'}, {'id': 5776218921, 'qualifierId': 213, 'value': '4.93'}, {'id': 5776218913, 'qualifierId': 56, 'value': 'Right'}]",8f2og4ng2s6f8qeikft26h2qc,M. Hodge,,Angel City,Away
2823546489,854,1,2,101,37,6hbfgdczbi3yg4sdpqgtu6s,1,55.5,5.0,2025-06-21T02:15:11.137Z,2025-06-27T21:56:09Z,"[{'id': 5776219177, 'qualifierId': 140, 'value': '48.2'}, {'id': 5776219183, 'qualifierId': 213, 'value': '1.90'}, {'id': 5776219181, 'qualifierId': 212, 'value': '23.6'}, {'id': 5776219175, 'qualifierId': 56, 'value': 'Back'}, {'id': 5776219179, 'qualifierId': 141, 'value': '37.9'}]",9ijnmgmapjcnctich86692tw5,K. Zelem,,Angel City,Away
2823546537,855,1,2,101,42,6hbfgdczbi3yg4sdpqgtu6s,1,51.6,42.4,2025-06-21T02:15:16.137Z,2025-06-21T02:18:37Z,"[{'id': 5776219433, 'qualifierId': 140, 'value': '47.8'}, {'id': 5776219435, 'qualifierId': 141, 'value': '27.6'}, {'id': 5776219439, 'qualifierId': 213, 'value': '4.33'}, {'id': 5776219437, 'qualifierId': 212, 'value': '10.8'}, {'id': 5776219431, 'qualifierId': 56, 'value': 'Back'}]",6opd7nuh51c7p6pn6w04yuntg,M. Reid,,Angel City,Away
2823546559,856,1,2,101,44,6hbfgdczbi3yg4sdpqgtu6s,1,47.9,24.0,2025-06-21T02:15:18.137Z,2025-06-21T02:18:44Z,"[{'id': 5776219553, 'qualifierId': 56, 'value': 'Right'}, {'id': 5776219555, 'qualifierId': 140, 'value': '53.9'}, {'id': 5776219561, 'qualifierId': 213, 'value': '5.18'}, {'id': 5776219559, 'qualifierId': 212, 'value': '14.1'}, {'id': 5776219557, 'qualifierId': 141, 'value': '5.5'}]",6bcvcloym3tzxss5hgsw4h1at,A. Kennedy,,Angel City,Away
2823545983,801,30,2,101,47,agxipc0vk4rtg09amjxv10nx0,1,0.0,0.0,2025-06-21T02:15:22.066Z,2025-06-21T02:16:04Z,"[{'id': 5776216321, 'qualifierId': 57, 'value': '0'}, {'id': 5776216323, 'qualifierId': 209}]",,,,Kansas City Current,Home
2823545985,847,30,2,101,47,6hbfgdczbi3yg4sdpqgtu6s,1,0.0,0.0,2025-06-21T02:15:22.066Z,2025-06-21T02:16:04Z,"[{'id': 5776216327, 'qualifierId': 209}, {'id': 5776216325, 'qualifierId': 57, 'value': '0'}]",,,,Angel City,Away
2823546309,804,30,14,0,0,agxipc0vk4rtg09amjxv10nx0,1,0.0,0.0,2025-06-21T02:17:23.220Z,2025-06-21T02:17:23Z,"[{'id': 5776218209, 'qualifierId': 209}, {'id': 5776218207, 'qualifierId': 57, 'value': '1'}]",,,,Kansas City Current,Home
2823546315,849,30,14,0,0,6hbfgdczbi3yg4sdpqgtu6s,1,0.0,0.0,2025-06-21T02:17:23.220Z,2025-06-21T02:17:24Z,"[{'id': 5776218229, 'qualifierId': 57, 'value': '1'}, {'id': 5776218231, 'qualifierId': 209}]",,,,Angel City,Away
2823546313,805,37,14,0,0,agxipc0vk4rtg09amjxv10nx0,1,0.0,0.0,2025-06-21T02:17:23.256Z,2025-06-27T21:56:49Z,"[{'id': 5781994419, 'qualifierId': 229}, {'id': 5776228669, 'qualifierId': 302}]",,,,Kansas City Current,Home
2823546317,850,37,14,0,0,6hbfgdczbi3yg4sdpqgtu6s,1,0.0,0.0,2025-06-21T02:17:23.256Z,2025-06-27T21:56:50Z,"[{'id': 5781994425, 'qualifierId': 229}, {'id': 5776229369, 'qualifierId': 302}]",,,,Angel City,Away
